timestamp,deviceId,flowId,state,priority,packets,bytes,life,appId,eth_src,eth_dst,ipv4_src,ipv4_dst,in_port,selector,treatment
2026-06-08 16:59:00,of:000000000000000c,34902899303410432,ADDED,10,0,0,0,org.onosproject.fwd,00:00:00:00:00:01,00:00:00:00:00:02,,,4,"{'criteria': [{'type': 'IN_PORT', 'port': 4}, {'type': 'ETH_DST', 'mac': '00:00:00:00:00:02'}, {'type': 'ETH_SRC', 'mac': '00:00:00:00:00:01'}]}","{'instructions': [{'type': 'OUTPUT', 'port': '2'}], 'deferred': []}"
2026-06-08 16:59:00,of:000000000000000c,281479100460205,ADDED,40000,10,1394,0,org.onosproject.core,,,,,,"{'criteria': [{'type': 'ETH_TYPE', 'ethType': '0x88cc'}]}","{'instructions': [{'type': 'OUTPUT', 'port': 'CONTROLLER'}], 'clearDeferred': True, 'deferred': []}"
2026-06-08 16:59:00,of:000000000000000c,281475624796078,ADDED,40000,10,1394,0,org.onosproject.core,,,,,,"{'criteria': [{'type': 'ETH_TYPE', 'ethType': '0x8942'}]}","{'instructions': [{'type': 'OUTPUT', 'port': 'CONTROLLER'}], 'clearDeferred': True, 'deferred': []}"
2026-06-08 16:59:00,of:000000000000000c,34902897676665659,ADDED,10,0,0,0,org.onosproject.fwd,00:00:00:00:00:01,00:00:00:00:00:02,,,5,"{'criteria': [{'type': 'IN_PORT', 'port': 5}, {'type': 'ETH_DST', 'mac': '00:00:00:00:00:02'}, {'type': 'ETH_SRC', 'mac': '00:00:00:00:00:01'}]}","{'instructions': [{'type': 'OUTPUT', 'port': '2'}], 'deferred': []}"
2026-06-08 16:59:00,of:000000000000000c,34902898833863535,ADDED,10,6,588,0,org.onosproject.fwd,00:00:00:00:00:01,00:00:00:00:00:02,,,6,"{'criteria': [{'type': 'IN_PORT', 'port': 6}, {'type': 'ETH_DST', 'mac': '00:00:00:00:00:02'}, {'type': 'ETH_SRC', 'mac': '00:00:00:00:00:01'}]}","{'instructions': [{'type': 'OUTPUT', 'port': '2'}], 'deferred': []}"
2026-06-08 16:59:00,of:000000000000000c,281477504901495,ADDED,40000,0,0,0,org.onosproject.core,,,,,,"{'criteria': [{'type': 'ETH_TYPE', 'ethType': '0x806'}]}","{'instructions': [{'type': 'OUTPUT', 'port': 'CONTROLLER'}], 'clearDeferred': True, 'deferred': []}"
2026-06-08 16:59:00,of:000000000000000c,281476292687096,ADDED,5,24,2352,0,org.onosproject.core,,,,,,"{'criteria': [{'type': 'ETH_TYPE', 'ethType': '0x800'}]}","{'instructions': [{'type': 'OUTPUT', 'port': 'CONTROLLER'}], 'clearDeferred': True, 'deferred': []}"
2026-06-08 16:59:00,of:000000000000000d,34902897202334220,ADDED,10,0,0,0,org.onosproject.fwd,00:00:00:00:00:01,00:00:00:00:00:02,,,3,"{'criteria': [{'type': 'IN_PORT', 'port': 3}, {'type': 'ETH_DST', 'mac': '00:00:00:00:00:02'}, {'type': 'ETH_SRC', 'mac': '00:00:00:00:00:01'}]}","{'instructions': [{'type': 'OUTPUT', 'port': '2'}], 'deferred': []}"
2026-06-08 16:59:00,of:000000000000000d,281478200287907,ADDED,40000,6,838,0,org.onosproject.core,,,,,,"{'criteria': [{'type': 'ETH_TYPE', 'ethType': '0x88cc'}]}","{'instructions': [{'type': 'OUTPUT', 'port': 'CONTROLLER'}], 'clearDeferred': True, 'deferred': []}"
2026-06-08 16:59:00,of:000000000000000d,34902898983574437,PENDING_ADD,10,0,0,0,org.onosproject.fwd,00:00:00:00:00:02,00:00:00:00:00:01,,,3,"{'criteria': [{'type': 'IN_PORT', 'port': 3}, {'type': 'ETH_DST', 'mac': '00:00:00:00:00:01'}, {'type': 'ETH_SRC', 'mac': '00:00:00:00:00:02'}]}","{'instructions': [{'type': 'OUTPUT', 'port': '1'}], 'deferred': []}"
2026-06-08 16:59:00,of:000000000000000d,34902897737059246,ADDED,10,0,0,0,org.onosproject.fwd,00:00:00:00:00:01,00:00:00:00:00:02,,,4,"{'criteria': [{'type': 'IN_PORT', 'port': 4}, {'type': 'ETH_DST', 'mac': '00:00:00:00:00:02'}, {'type': 'ETH_SRC', 'mac': '00:00:00:00:00:01'}]}","{'instructions': [{'type': 'OUTPUT', 'port': '2'}], 'deferred': []}"
2026-06-08 16:59:00,of:000000000000000d,281478788468154,ADDED,5,28,2744,0,org.onosproject.core,,,,,,"{'criteria': [{'type': 'ETH_TYPE', 'ethType': '0x800'}]}","{'instructions': [{'type': 'OUTPUT', 'port': 'CONTROLLER'}], 'clearDeferred': True, 'deferred': []}"
2026-06-08 16:59:00,of:000000000000000d,281478012698825,ADDED,40000,6,838,0,org.onosproject.core,,,,,,"{'criteria': [{'type': 'ETH_TYPE', 'ethType': '0x8942'}]}","{'instructions': [{'type': 'OUTPUT', 'port': 'CONTROLLER'}], 'clearDeferred': True, 'deferred': []}"
2026-06-08 16:59:00,of:000000000000000d,34902898750873574,PENDING_ADD,10,0,0,0,org.onosproject.fwd,00:00:00:00:00:02,00:00:00:00:00:01,,,2,"{'criteria': [{'type': 'IN_PORT', 'port': 2}, {'type': 'ETH_DST', 'mac': '00:00:00:00:00:01'}, {'type': 'ETH_SRC', 'mac': '00:00:00:00:00:02'}]}","{'instructions': [{'type': 'OUTPUT', 'port': '1'}], 'deferred': []}"
2026-06-08 16:59:00,of:000000000000000d,281476618808057,ADDED,40000,0,0,0,org.onosproject.core,,,,,,"{'criteria': [{'type': 'ETH_TYPE', 'ethType': '0x806'}]}","{'instructions': [{'type': 'OUTPUT', 'port': 'CONTROLLER'}], 'clearDeferred': True, 'deferred': []}"
2026-06-08 16:59:00,of:000000000000000d,34902898450661242,ADDED,10,0,0,0,org.onosproject.fwd,00:00:00:00:00:01,00:00:00:00:00:02,,,5,"{'criteria': [{'type': 'IN_PORT', 'port': 5}, {'type': 'ETH_DST', 'mac': '00:00:00:00:00:02'}, {'type': 'ETH_SRC', 'mac': '00:00:00:00:00:01'}]}","{'instructions': [{'type': 'OUTPUT', 'port': '2'}], 'deferred': []}"
2026-06-08 16:59:00,of:000000000000000a,281477705784245,ADDED,5,3,294,0,org.onosproject.core,,,,,,"{'criteria': [{'type': 'ETH_TYPE', 'ethType': '0x800'}]}","{'instructions': [{'type': 'OUTPUT', 'port': 'CONTROLLER'}], 'clearDeferred': True, 'deferred': []}"
2026-06-08 16:59:00,of:000000000000000a,281475818964416,ADDED,40000,2,280,0,org.onosproject.core,,,,,,"{'criteria': [{'type': 'ETH_TYPE', 'ethType': '0x8942'}]}","{'instructions': [{'type': 'OUTPUT', 'port': 'CONTROLLER'}], 'clearDeferred': True, 'deferred': []}"
2026-06-08 16:59:00,of:000000000000000a,281477034268888,ADDED,40000,2,280,0,org.onosproject.core,,,,,,"{'criteria': [{'type': 'ETH_TYPE', 'ethType': '0x88cc'}]}","{'instructions': [{'type': 'OUTPUT', 'port': 'CONTROLLER'}], 'clearDeferred': True, 'deferred': []}"
2026-06-08 16:59:00,of:000000000000000a,281478593105785,ADDED,40000,0,0,0,org.onosproject.core,,,,,,"{'criteria': [{'type': 'ETH_TYPE', 'ethType': '0x806'}]}","{'instructions': [{'type': 'OUTPUT', 'port': 'CONTROLLER'}], 'clearDeferred': True, 'deferred': []}"
2026-06-08 16:59:00,of:000000000000000b,34902897206428548,ADDED,10,0,0,0,org.onosproject.fwd,00:00:00:00:00:01,00:00:00:00:00:02,,,6,"{'criteria': [{'type': 'IN_PORT', 'port': 6}, {'type': 'ETH_DST', 'mac': '00:00:00:00:00:02'}, {'type': 'ETH_SRC', 'mac': '00:00:00:00:00:01'}]}","{'instructions': [{'type': 'OUTPUT', 'port': '5'}], 'deferred': []}"
2026-06-08 16:59:00,of:000000000000000b,281478277078534,ADDED,5,44,4312,0,org.onosproject.core,,,,,,"{'criteria': [{'type': 'ETH_TYPE', 'ethType': '0x800'}]}","{'instructions': [{'type': 'OUTPUT', 'port': 'CONTROLLER'}], 'clearDeferred': True, 'deferred': []}"
2026-06-08 16:59:00,of:000000000000000b,34902898369757081,ADDED,10,1,98,0,org.onosproject.fwd,00:00:00:00:00:01,00:00:00:00:00:02,,,1,"{'criteria': [{'type': 'IN_PORT', 'port': 1}, {'type': 'ETH_DST', 'mac': '00:00:00:00:00:02'}, {'type': 'ETH_SRC', 'mac': '00:00:00:00:00:01'}]}","{'instructions': [{'type': 'OUTPUT', 'port': '5'}], 'deferred': []}"
2026-06-08 16:59:00,of:000000000000000b,34902899522994218,ADDED,10,15,1470,0,org.onosproject.fwd,00:00:00:00:00:01,00:00:00:00:00:02,,,2,"{'criteria': [{'type': 'IN_PORT', 'port': 2}, {'type': 'ETH_DST', 'mac': '00:00:00:00:00:02'}, {'type': 'ETH_SRC', 'mac': '00:00:00:00:00:01'}]}","{'instructions': [{'type': 'OUTPUT', 'port': '5'}], 'deferred': []}"
2026-06-08 16:59:00,of:000000000000000b,281476663695951,ADDED,40000,0,0,0,org.onosproject.core,,,,,,"{'criteria': [{'type': 'ETH_TYPE', 'ethType': '0x806'}]}","{'instructions': [{'type': 'OUTPUT', 'port': 'CONTROLLER'}], 'clearDeferred': True, 'deferred': []}"
2026-06-08 16:59:00,of:000000000000000b,281476573370203,ADDED,40000,12,1672,0,org.onosproject.core,,,,,,"{'criteria': [{'type': 'ETH_TYPE', 'ethType': '0x88cc'}]}","{'instructions': [{'type': 'OUTPUT', 'port': 'CONTROLLER'}], 'clearDeferred': True, 'deferred': []}"
2026-06-08 16:59:00,of:000000000000000b,281476205675487,ADDED,40000,12,1672,0,org.onosproject.core,,,,,,"{'criteria': [{'type': 'ETH_TYPE', 'ethType': '0x8942'}]}","{'instructions': [{'type': 'OUTPUT', 'port': 'CONTROLLER'}], 'clearDeferred': True, 'deferred': []}"
2026-06-08 16:59:00,of:000000000000000b,34902897950184551,ADDED,10,2,196,0,org.onosproject.fwd,00:00:00:00:00:01,00:00:00:00:00:02,,,3,"{'criteria': [{'type': 'IN_PORT', 'port': 3}, {'type': 'ETH_DST', 'mac': '00:00:00:00:00:02'}, {'type': 'ETH_SRC', 'mac': '00:00:00:00:00:01'}]}","{'instructions': [{'type': 'OUTPUT', 'port': '5'}], 'deferred': []}"
2026-06-08 16:59:00,of:0000000000000003,281478170942982,ADDED,5,23,2254,0,org.onosproject.core,,,,,,"{'criteria': [{'type': 'ETH_TYPE', 'ethType': '0x800'}]}","{'instructions': [{'type': 'OUTPUT', 'port': 'CONTROLLER'}], 'clearDeferred': True, 'deferred': []}"
2026-06-08 16:59:00,of:0000000000000003,34902901306865815,ADDED,10,25,2450,0,org.onosproject.fwd,00:00:00:00:00:01,00:00:00:00:00:02,,,1,"{'criteria': [{'type': 'IN_PORT', 'port': 1}, {'type': 'ETH_DST', 'mac': '00:00:00:00:00:02'}, {'type': 'ETH_SRC', 'mac': '00:00:00:00:00:01'}]}","{'instructions': [{'type': 'OUTPUT', 'port': '2'}], 'deferred': []}"
2026-06-08 16:59:00,of:0000000000000003,281476661728682,ADDED,40000,4,558,0,org.onosproject.core,,,,,,"{'criteria': [{'type': 'ETH_TYPE', 'ethType': '0x88cc'}]}","{'instructions': [{'type': 'OUTPUT', 'port': 'CONTROLLER'}], 'clearDeferred': True, 'deferred': []}"
2026-06-08 16:59:00,of:0000000000000003,281477764386537,ADDED,40000,0,0,0,org.onosproject.core,,,,,,"{'criteria': [{'type': 'ETH_TYPE', 'ethType': '0x806'}]}","{'instructions': [{'type': 'OUTPUT', 'port': 'CONTROLLER'}], 'clearDeferred': True, 'deferred': []}"
2026-06-08 16:59:00,of:0000000000000003,281476156249461,ADDED,40000,4,558,0,org.onosproject.core,,,,,,"{'criteria': [{'type': 'ETH_TYPE', 'ethType': '0x8942'}]}","{'instructions': [{'type': 'OUTPUT', 'port': 'CONTROLLER'}], 'clearDeferred': True, 'deferred': []}"
2026-06-08 16:59:00,of:0000000000000004,34902897777565059,ADDED,10,0,0,0,org.onosproject.fwd,00:00:00:00:00:01,00:00:00:00:00:02,,,1,"{'criteria': [{'type': 'IN_PORT', 'port': 1}, {'type': 'ETH_DST', 'mac': '00:00:00:00:00:02'}, {'type': 'ETH_SRC', 'mac': '00:00:00:00:00:01'}]}","{'instructions': [{'type': 'OUTPUT', 'port': '2'}], 'deferred': []}"
2026-06-08 16:59:00,of:0000000000000004,281475616213265,ADDED,40000,2,278,0,org.onosproject.core,,,,,,"{'criteria': [{'type': 'ETH_TYPE', 'ethType': '0x88cc'}]}","{'instructions': [{'type': 'OUTPUT', 'port': 'CONTROLLER'}], 'clearDeferred': True, 'deferred': []}"
2026-06-08 16:59:00,of:0000000000000004,34902897652261151,ADDED,10,5,490,0,org.onosproject.fwd,00:00:00:00:00:02,00:00:00:00:00:01,,,1,"{'criteria': [{'type': 'IN_PORT', 'port': 1}, {'type': 'ETH_DST', 'mac': '00:00:00:00:00:01'}, {'type': 'ETH_SRC', 'mac': '00:00:00:00:00:02'}]}","{'instructions': [{'type': 'OUTPUT', 'port': '2'}], 'deferred': []}"
2026-06-08 16:59:00,of:0000000000000004,34902899110784439,ADDED,10,1,98,0,org.onosproject.fwd,00:00:00:00:00:01,00:00:00:00:00:02,,,2,"{'criteria': [{'type': 'IN_PORT', 'port': 2}, {'type': 'ETH_DST', 'mac': '00:00:00:00:00:02'}, {'type': 'ETH_SRC', 'mac': '00:00:00:00:00:01'}]}","{'instructions': [{'type': 'OUTPUT', 'port': '1'}], 'deferred': []}"
2026-06-08 16:59:00,of:0000000000000004,281475265228006,ADDED,40000,0,0,0,org.onosproject.core,,,,,,"{'criteria': [{'type': 'ETH_TYPE', 'ethType': '0x806'}]}","{'instructions': [{'type': 'OUTPUT', 'port': 'CONTROLLER'}], 'clearDeferred': True, 'deferred': []}"
2026-06-08 16:59:00,of:0000000000000004,281477141311986,ADDED,5,13,1274,0,org.onosproject.core,,,,,,"{'criteria': [{'type': 'ETH_TYPE', 'ethType': '0x800'}]}","{'instructions': [{'type': 'OUTPUT', 'port': 'CONTROLLER'}], 'clearDeferred': True, 'deferred': []}"
2026-06-08 16:59:00,of:0000000000000004,281476729151998,ADDED,40000,2,278,0,org.onosproject.core,,,,,,"{'criteria': [{'type': 'ETH_TYPE', 'ethType': '0x8942'}]}","{'instructions': [{'type': 'OUTPUT', 'port': 'CONTROLLER'}], 'clearDeferred': True, 'deferred': []}"
2026-06-08 16:59:00,of:0000000000000001,34902897526632845,ADDED,10,0,0,0,org.onosproject.fwd,00:00:00:00:00:01,00:00:00:00:00:02,,,2,"{'criteria': [{'type': 'IN_PORT', 'port': 2}, {'type': 'ETH_DST', 'mac': '00:00:00:00:00:02'}, {'type': 'ETH_SRC', 'mac': '00:00:00:00:00:01'}]}","{'instructions': [{'type': 'OUTPUT', 'port': '1'}], 'deferred': []}"
2026-06-08 16:59:00,of:0000000000000001,281478909873038,ADDED,40000,0,0,0,org.onosproject.core,,,,,,"{'criteria': [{'type': 'ETH_TYPE', 'ethType': '0x806'}]}","{'instructions': [{'type': 'OUTPUT', 'port': 'CONTROLLER'}], 'clearDeferred': True, 'deferred': []}"
2026-06-08 16:59:00,of:0000000000000001,34902898246926876,PENDING_ADD,10,0,0,0,org.onosproject.fwd,00:00:00:00:00:02,00:00:00:00:00:01,,,2,"{'criteria': [{'type': 'IN_PORT', 'port': 2}, {'type': 'ETH_DST', 'mac': '00:00:00:00:00:01'}, {'type': 'ETH_SRC', 'mac': '00:00:00:00:00:02'}]}","{'instructions': [{'type': 'OUTPUT', 'port': '4'}], 'deferred': []}"
2026-06-08 16:59:00,of:0000000000000001,34902899196753573,PENDING_ADD,10,0,0,0,org.onosproject.fwd,00:00:00:00:00:01,00:00:00:00:00:02,,,4,"{'criteria': [{'type': 'IN_PORT', 'port': 4}, {'type': 'ETH_DST', 'mac': '00:00:00:00:00:02'}, {'type': 'ETH_SRC', 'mac': '00:00:00:00:00:01'}]}","{'instructions': [{'type': 'OUTPUT', 'port': '1'}], 'deferred': []}"
2026-06-08 16:59:00,of:0000000000000001,34902899566969773,PENDING_ADD,10,0,0,0,org.onosproject.fwd,00:00:00:00:00:02,00:00:00:00:00:01,,,3,"{'criteria': [{'type': 'IN_PORT', 'port': 3}, {'type': 'ETH_DST', 'mac': '00:00:00:00:00:01'}, {'type': 'ETH_SRC', 'mac': '00:00:00:00:00:02'}]}","{'instructions': [{'type': 'OUTPUT', 'port': '4'}], 'deferred': []}"
2026-06-08 16:59:00,of:0000000000000001,34902898986035913,PENDING_ADD,10,0,0,0,org.onosproject.fwd,00:00:00:00:00:02,00:00:00:00:00:01,,,1,"{'criteria': [{'type': 'IN_PORT', 'port': 1}, {'type': 'ETH_DST', 'mac': '00:00:00:00:00:01'}, {'type': 'ETH_SRC', 'mac': '00:00:00:00:00:02'}]}","{'instructions': [{'type': 'OUTPUT', 'port': '4'}], 'deferred': []}"
2026-06-08 16:59:00,of:0000000000000001,281477466379610,ADDED,40000,4,560,0,org.onosproject.core,,,,,,"{'criteria': [{'type': 'ETH_TYPE', 'ethType': '0x88cc'}]}","{'instructions': [{'type': 'OUTPUT', 'port': 'CONTROLLER'}], 'clearDeferred': True, 'deferred': []}"
2026-06-08 16:59:00,of:0000000000000001,281475012051420,ADDED,5,20,1960,0,org.onosproject.core,,,,,,"{'criteria': [{'type': 'ETH_TYPE', 'ethType': '0x800'}]}","{'instructions': [{'type': 'OUTPUT', 'port': 'CONTROLLER'}], 'clearDeferred': True, 'deferred': []}"
2026-06-08 16:59:00,of:0000000000000001,281477029321583,ADDED,40000,4,560,0,org.onosproject.core,,,,,,"{'criteria': [{'type': 'ETH_TYPE', 'ethType': '0x8942'}]}","{'instructions': [{'type': 'OUTPUT', 'port': 'CONTROLLER'}], 'clearDeferred': True, 'deferred': []}"
2026-06-08 16:59:00,of:0000000000000002,281478316350853,ADDED,40000,0,0,0,org.onosproject.core,,,,,,"{'criteria': [{'type': 'ETH_TYPE', 'ethType': '0x806'}]}","{'instructions': [{'type': 'OUTPUT', 'port': 'CONTROLLER'}], 'clearDeferred': True, 'deferred': []}"
2026-06-08 16:59:00,of:0000000000000002,281478673389323,ADDED,40000,4,558,0,org.onosproject.core,,,,,,"{'criteria': [{'type': 'ETH_TYPE', 'ethType': '0x8942'}]}","{'instructions': [{'type': 'OUTPUT', 'port': 'CONTROLLER'}], 'clearDeferred': True, 'deferred': []}"
2026-06-08 16:59:00,of:0000000000000002,34902899328279504,ADDED,10,30,2940,0,org.onosproject.fwd,00:00:00:00:00:01,00:00:00:00:00:02,,,2,"{'criteria': [{'type': 'IN_PORT', 'port': 2}, {'type': 'ETH_DST', 'mac': '00:00:00:00:00:02'}, {'type': 'ETH_SRC', 'mac': '00:00:00:00:00:01'}]}","{'instructions': [{'type': 'OUTPUT', 'port': '3'}], 'deferred': []}"
2026-06-08 16:59:00,of:0000000000000002,281475022575828,ADDED,40000,4,558,0,org.onosproject.core,,,,,,"{'criteria': [{'type': 'ETH_TYPE', 'ethType': '0x88cc'}]}","{'instructions': [{'type': 'OUTPUT', 'port': 'CONTROLLER'}], 'clearDeferred': True, 'deferred': []}"
2026-06-08 16:59:00,of:0000000000000002,281475568191580,ADDED,5,34,3332,0,org.onosproject.core,,,,,,"{'criteria': [{'type': 'ETH_TYPE', 'ethType': '0x800'}]}","{'instructions': [{'type': 'OUTPUT', 'port': 'CONTROLLER'}], 'clearDeferred': True, 'deferred': []}"
2026-06-08 16:59:00,of:0000000000000007,281475652364572,ADDED,5,2,196,0,org.onosproject.core,,,,,,"{'criteria': [{'type': 'ETH_TYPE', 'ethType': '0x800'}]}","{'instructions': [{'type': 'OUTPUT', 'port': 'CONTROLLER'}], 'clearDeferred': True, 'deferred': []}"
2026-06-08 16:59:00,of:0000000000000007,281478438392611,ADDED,40000,0,0,0,org.onosproject.core,,,,,,"{'criteria': [{'type': 'ETH_TYPE', 'ethType': '0x806'}]}","{'instructions': [{'type': 'OUTPUT', 'port': 'CONTROLLER'}], 'clearDeferred': True, 'deferred': []}"
2026-06-08 16:59:00,of:0000000000000007,281476350262333,ADDED,40000,2,280,0,org.onosproject.core,,,,,,"{'criteria': [{'type': 'ETH_TYPE', 'ethType': '0x8942'}]}","{'instructions': [{'type': 'OUTPUT', 'port': 'CONTROLLER'}], 'clearDeferred': True, 'deferred': []}"
2026-06-08 16:59:00,of:0000000000000007,281475000925130,ADDED,40000,2,280,0,org.onosproject.core,,,,,,"{'criteria': [{'type': 'ETH_TYPE', 'ethType': '0x88cc'}]}","{'instructions': [{'type': 'OUTPUT', 'port': 'CONTROLLER'}], 'clearDeferred': True, 'deferred': []}"
2026-06-08 16:59:00,of:0000000000000008,281476059291414,ADDED,40000,0,0,0,org.onosproject.core,,,,,,"{'criteria': [{'type': 'ETH_TYPE', 'ethType': '0x806'}]}","{'instructions': [{'type': 'OUTPUT', 'port': 'CONTROLLER'}], 'clearDeferred': True, 'deferred': []}"
2026-06-08 16:59:00,of:0000000000000008,281476101349656,ADDED,40000,6,836,0,org.onosproject.core,,,,,,"{'criteria': [{'type': 'ETH_TYPE', 'ethType': '0x88cc'}]}","{'instructions': [{'type': 'OUTPUT', 'port': 'CONTROLLER'}], 'clearDeferred': True, 'deferred': []}"
2026-06-08 16:59:00,of:0000000000000008,281476270708671,ADDED,40000,6,836,0,org.onosproject.core,,,,,,"{'criteria': [{'type': 'ETH_TYPE', 'ethType': '0x8942'}]}","{'instructions': [{'type': 'OUTPUT', 'port': 'CONTROLLER'}], 'clearDeferred': True, 'deferred': []}"
2026-06-08 16:59:00,of:0000000000000008,34902898875781211,PENDING_ADD,10,0,0,0,org.onosproject.fwd,00:00:00:00:00:01,00:00:00:00:00:02,,,3,"{'criteria': [{'type': 'IN_PORT', 'port': 3}, {'type': 'ETH_DST', 'mac': '00:00:00:00:00:02'}, {'type': 'ETH_SRC', 'mac': '00:00:00:00:00:01'}]}","{'instructions': [{'type': 'OUTPUT', 'port': '2'}], 'deferred': []}"
2026-06-08 16:59:00,of:0000000000000008,34902901305484251,ADDED,10,0,0,0,org.onosproject.fwd,00:00:00:00:00:01,00:00:00:00:00:02,,,1,"{'criteria': [{'type': 'IN_PORT', 'port': 1}, {'type': 'ETH_DST', 'mac': '00:00:00:00:00:02'}, {'type': 'ETH_SRC', 'mac': '00:00:00:00:00:01'}]}","{'instructions': [{'type': 'OUTPUT', 'port': '2'}], 'deferred': []}"
2026-06-08 16:59:00,of:0000000000000008,281476010895837,ADDED,5,47,4606,0,org.onosproject.core,,,,,,"{'criteria': [{'type': 'ETH_TYPE', 'ethType': '0x800'}]}","{'instructions': [{'type': 'OUTPUT', 'port': 'CONTROLLER'}], 'clearDeferred': True, 'deferred': []}"
2026-06-08 16:59:00,of:0000000000000005,281478762460478,ADDED,40000,0,0,0,org.onosproject.core,,,,,,"{'criteria': [{'type': 'ETH_TYPE', 'ethType': '0x806'}]}","{'instructions': [{'type': 'OUTPUT', 'port': 'CONTROLLER'}], 'clearDeferred': True, 'deferred': []}"
2026-06-08 16:59:00,of:0000000000000005,281478211273411,ADDED,40000,3,419,0,org.onosproject.core,,,,,,"{'criteria': [{'type': 'ETH_TYPE', 'ethType': '0x8942'}]}","{'instructions': [{'type': 'OUTPUT', 'port': 'CONTROLLER'}], 'clearDeferred': True, 'deferred': []}"
2026-06-08 16:59:00,of:0000000000000005,281475117841124,ADDED,5,2,196,0,org.onosproject.core,,,,,,"{'criteria': [{'type': 'ETH_TYPE', 'ethType': '0x800'}]}","{'instructions': [{'type': 'OUTPUT', 'port': 'CONTROLLER'}], 'clearDeferred': True, 'deferred': []}"
2026-06-08 16:59:00,of:0000000000000005,281478979269874,ADDED,40000,3,419,0,org.onosproject.core,,,,,,"{'criteria': [{'type': 'ETH_TYPE', 'ethType': '0x88cc'}]}","{'instructions': [{'type': 'OUTPUT', 'port': 'CONTROLLER'}], 'clearDeferred': True, 'deferred': []}"
2026-06-08 16:59:00,of:0000000000000006,281475738574217,ADDED,40000,2,280,0,org.onosproject.core,,,,,,"{'criteria': [{'type': 'ETH_TYPE', 'ethType': '0x88cc'}]}","{'instructions': [{'type': 'OUTPUT', 'port': 'CONTROLLER'}], 'clearDeferred': True, 'deferred': []}"
2026-06-08 16:59:00,of:0000000000000006,281476873293724,ADDED,40000,2,280,0,org.onosproject.core,,,,,,"{'criteria': [{'type': 'ETH_TYPE', 'ethType': '0x8942'}]}","{'instructions': [{'type': 'OUTPUT', 'port': 'CONTROLLER'}], 'clearDeferred': True, 'deferred': []}"
2026-06-08 16:59:00,of:0000000000000006,281475411377083,ADDED,40000,0,0,0,org.onosproject.core,,,,,,"{'criteria': [{'type': 'ETH_TYPE', 'ethType': '0x806'}]}","{'instructions': [{'type': 'OUTPUT', 'port': 'CONTROLLER'}], 'clearDeferred': True, 'deferred': []}"
2026-06-08 16:59:00,of:0000000000000006,281478888449605,ADDED,5,2,196,0,org.onosproject.core,,,,,,"{'criteria': [{'type': 'ETH_TYPE', 'ethType': '0x800'}]}","{'instructions': [{'type': 'OUTPUT', 'port': 'CONTROLLER'}], 'clearDeferred': True, 'deferred': []}"
2026-06-08 16:59:00,of:0000000000000009,281478887649794,ADDED,40000,3,418,0,org.onosproject.core,,,,,,"{'criteria': [{'type': 'ETH_TYPE', 'ethType': '0x88cc'}]}","{'instructions': [{'type': 'OUTPUT', 'port': 'CONTROLLER'}], 'clearDeferred': True, 'deferred': []}"
2026-06-08 16:59:00,of:0000000000000009,34902901355594755,PENDING_ADD,10,0,0,0,org.onosproject.fwd,00:00:00:00:00:02,00:00:00:00:00:01,,,3,"{'criteria': [{'type': 'IN_PORT', 'port': 3}, {'type': 'ETH_DST', 'mac': '00:00:00:00:00:01'}, {'type': 'ETH_SRC', 'mac': '00:00:00:00:00:02'}]}","{'instructions': [{'type': 'OUTPUT', 'port': '2'}], 'deferred': []}"
2026-06-08 16:59:00,of:0000000000000009,281474993990194,ADDED,5,31,3038,0,org.onosproject.core,,,,,,"{'criteria': [{'type': 'ETH_TYPE', 'ethType': '0x800'}]}","{'instructions': [{'type': 'OUTPUT', 'port': 'CONTROLLER'}], 'clearDeferred': True, 'deferred': []}"
2026-06-08 16:59:00,of:0000000000000009,281476295891648,ADDED,40000,3,418,0,org.onosproject.core,,,,,,"{'criteria': [{'type': 'ETH_TYPE', 'ethType': '0x8942'}]}","{'instructions': [{'type': 'OUTPUT', 'port': 'CONTROLLER'}], 'clearDeferred': True, 'deferred': []}"
2026-06-08 16:59:00,of:0000000000000009,34902898630325073,ADDED,10,0,0,0,org.onosproject.fwd,00:00:00:00:00:01,00:00:00:00:00:02,,,3,"{'criteria': [{'type': 'IN_PORT', 'port': 3}, {'type': 'ETH_DST', 'mac': '00:00:00:00:00:02'}, {'type': 'ETH_SRC', 'mac': '00:00:00:00:00:01'}]}","{'instructions': [{'type': 'OUTPUT', 'port': '1'}], 'deferred': []}"
2026-06-08 16:59:00,of:0000000000000009,34902900670637139,ADDED,10,0,0,0,org.onosproject.fwd,00:00:00:00:00:01,00:00:00:00:00:02,,,1,"{'criteria': [{'type': 'IN_PORT', 'port': 1}, {'type': 'ETH_DST', 'mac': '00:00:00:00:00:02'}, {'type': 'ETH_SRC', 'mac': '00:00:00:00:00:01'}]}","{'instructions': [{'type': 'OUTPUT', 'port': '2'}], 'deferred': []}"
2026-06-08 16:59:00,of:0000000000000009,34902898191767029,PENDING_ADD,10,0,0,0,org.onosproject.fwd,00:00:00:00:00:02,00:00:00:00:00:01,,,1,"{'criteria': [{'type': 'IN_PORT', 'port': 1}, {'type': 'ETH_DST', 'mac': '00:00:00:00:00:01'}, {'type': 'ETH_SRC', 'mac': '00:00:00:00:00:02'}]}","{'instructions': [{'type': 'OUTPUT', 'port': '2'}], 'deferred': []}"
2026-06-08 16:59:00,of:0000000000000009,281479019932926,ADDED,40000,0,0,0,org.onosproject.core,,,,,,"{'criteria': [{'type': 'ETH_TYPE', 'ethType': '0x806'}]}","{'instructions': [{'type': 'OUTPUT', 'port': 'CONTROLLER'}], 'clearDeferred': True, 'deferred': []}"
2026-06-08 16:59:00,of:0000000000000009,34902899619228287,ADDED,10,1,98,0,org.onosproject.fwd,00:00:00:00:00:01,00:00:00:00:00:02,,,2,"{'criteria': [{'type': 'IN_PORT', 'port': 2}, {'type': 'ETH_DST', 'mac': '00:00:00:00:00:02'}, {'type': 'ETH_SRC', 'mac': '00:00:00:00:00:01'}]}","{'instructions': [{'type': 'OUTPUT', 'port': '1'}], 'deferred': []}"
2026-06-08 16:59:05,of:000000000000000c,34902899303410432,ADDED,10,0,0,5,org.onosproject.fwd,00:00:00:00:00:01,00:00:00:00:00:02,,,4,"{'criteria': [{'type': 'IN_PORT', 'port': 4}, {'type': 'ETH_DST', 'mac': '00:00:00:00:00:02'}, {'type': 'ETH_SRC', 'mac': '00:00:00:00:00:01'}]}","{'instructions': [{'type': 'OUTPUT', 'port': '2'}], 'deferred': []}"
2026-06-08 16:59:05,of:000000000000000c,281479100460205,ADDED,40000,16,2230,5,org.onosproject.core,,,,,,"{'criteria': [{'type': 'ETH_TYPE', 'ethType': '0x88cc'}]}","{'instructions': [{'type': 'OUTPUT', 'port': 'CONTROLLER'}], 'clearDeferred': True, 'deferred': []}"
2026-06-08 16:59:05,of:000000000000000c,281475624796078,ADDED,40000,16,2230,5,org.onosproject.core,,,,,,"{'criteria': [{'type': 'ETH_TYPE', 'ethType': '0x8942'}]}","{'instructions': [{'type': 'OUTPUT', 'port': 'CONTROLLER'}], 'clearDeferred': True, 'deferred': []}"
2026-06-08 16:59:05,of:000000000000000c,34902897676665659,ADDED,10,0,0,5,org.onosproject.fwd,00:00:00:00:00:01,00:00:00:00:00:02,,,5,"{'criteria': [{'type': 'IN_PORT', 'port': 5}, {'type': 'ETH_DST', 'mac': '00:00:00:00:00:02'}, {'type': 'ETH_SRC', 'mac': '00:00:00:00:00:01'}]}","{'instructions': [{'type': 'OUTPUT', 'port': '2'}], 'deferred': []}"
2026-06-08 16:59:05,of:000000000000000c,34902900239330154,ADDED,10,0,0,2,org.onosproject.fwd,00:00:00:00:00:02,00:00:00:00:00:01,,,4,"{'criteria': [{'type': 'IN_PORT', 'port': 4}, {'type': 'ETH_DST', 'mac': '00:00:00:00:00:01'}, {'type': 'ETH_SRC', 'mac': '00:00:00:00:00:02'}]}","{'instructions': [{'type': 'OUTPUT', 'port': '1'}], 'deferred': []}"
2026-06-08 16:59:05,of:000000000000000c,34902898833863535,ADDED,10,6,588,5,org.onosproject.fwd,00:00:00:00:00:01,00:00:00:00:00:02,,,6,"{'criteria': [{'type': 'IN_PORT', 'port': 6}, {'type': 'ETH_DST', 'mac': '00:00:00:00:00:02'}, {'type': 'ETH_SRC', 'mac': '00:00:00:00:00:01'}]}","{'instructions': [{'type': 'OUTPUT', 'port': '2'}], 'deferred': []}"
2026-06-08 16:59:05,of:000000000000000c,34902900769732214,ADDED,10,0,0,2,org.onosproject.fwd,00:00:00:00:00:02,00:00:00:00:00:01,,,6,"{'criteria': [{'type': 'IN_PORT', 'port': 6}, {'type': 'ETH_DST', 'mac': '00:00:00:00:00:01'}, {'type': 'ETH_SRC', 'mac': '00:00:00:00:00:02'}]}","{'instructions': [{'type': 'OUTPUT', 'port': '1'}], 'deferred': []}"
2026-06-08 16:59:05,of:000000000000000c,281477504901495,ADDED,40000,0,0,5,org.onosproject.core,,,,,,"{'criteria': [{'type': 'ETH_TYPE', 'ethType': '0x806'}]}","{'instructions': [{'type': 'OUTPUT', 'port': 'CONTROLLER'}], 'clearDeferred': True, 'deferred': []}"
2026-06-08 16:59:05,of:000000000000000c,281476292687096,ADDED,5,83,8134,5,org.onosproject.core,,,,,,"{'criteria': [{'type': 'ETH_TYPE', 'ethType': '0x800'}]}","{'instructions': [{'type': 'OUTPUT', 'port': 'CONTROLLER'}], 'clearDeferred': True, 'deferred': []}"
2026-06-08 16:59:05,of:000000000000000d,34902897202334220,ADDED,10,0,0,5,org.onosproject.fwd,00:00:00:00:00:01,00:00:00:00:00:02,,,3,"{'criteria': [{'type': 'IN_PORT', 'port': 3}, {'type': 'ETH_DST', 'mac': '00:00:00:00:00:02'}, {'type': 'ETH_SRC', 'mac': '00:00:00:00:00:01'}]}","{'instructions': [{'type': 'OUTPUT', 'port': '2'}], 'deferred': []}"
2026-06-08 16:59:05,of:000000000000000d,281478200287907,ADDED,40000,12,1675,5,org.onosproject.core,,,,,,"{'criteria': [{'type': 'ETH_TYPE', 'ethType': '0x88cc'}]}","{'instructions': [{'type': 'OUTPUT', 'port': 'CONTROLLER'}], 'clearDeferred': True, 'deferred': []}"
2026-06-08 16:59:05,of:000000000000000d,34902898983574437,ADDED,10,9,882,4,org.onosproject.fwd,00:00:00:00:00:02,00:00:00:00:00:01,,,3,"{'criteria': [{'type': 'IN_PORT', 'port': 3}, {'type': 'ETH_DST', 'mac': '00:00:00:00:00:01'}, {'type': 'ETH_SRC', 'mac': '00:00:00:00:00:02'}]}","{'instructions': [{'type': 'OUTPUT', 'port': '1'}], 'deferred': []}"
2026-06-08 16:59:05,of:000000000000000d,34902897737059246,ADDED,10,0,0,5,org.onosproject.fwd,00:00:00:00:00:01,00:00:00:00:00:02,,,4,"{'criteria': [{'type': 'IN_PORT', 'port': 4}, {'type': 'ETH_DST', 'mac': '00:00:00:00:00:02'}, {'type': 'ETH_SRC', 'mac': '00:00:00:00:00:01'}]}","{'instructions': [{'type': 'OUTPUT', 'port': '2'}], 'deferred': []}"
2026-06-08 16:59:05,of:000000000000000d,281478788468154,ADDED,5,83,8134,5,org.onosproject.core,,,,,,"{'criteria': [{'type': 'ETH_TYPE', 'ethType': '0x800'}]}","{'instructions': [{'type': 'OUTPUT', 'port': 'CONTROLLER'}], 'clearDeferred': True, 'deferred': []}"
2026-06-08 16:59:05,of:000000000000000d,281478012698825,ADDED,40000,12,1675,5,org.onosproject.core,,,,,,"{'criteria': [{'type': 'ETH_TYPE', 'ethType': '0x8942'}]}","{'instructions': [{'type': 'OUTPUT', 'port': 'CONTROLLER'}], 'clearDeferred': True, 'deferred': []}"
2026-06-08 16:59:05,of:000000000000000d,34902898750873574,ADDED,10,9,882,4,org.onosproject.fwd,00:00:00:00:00:02,00:00:00:00:00:01,,,2,"{'criteria': [{'type': 'IN_PORT', 'port': 2}, {'type': 'ETH_DST', 'mac': '00:00:00:00:00:01'}, {'type': 'ETH_SRC', 'mac': '00:00:00:00:00:02'}]}","{'instructions': [{'type': 'OUTPUT', 'port': '1'}], 'deferred': []}"
2026-06-08 16:59:05,of:000000000000000d,281476618808057,ADDED,40000,0,0,5,org.onosproject.core,,,,,,"{'criteria': [{'type': 'ETH_TYPE', 'ethType': '0x806'}]}","{'instructions': [{'type': 'OUTPUT', 'port': 'CONTROLLER'}], 'clearDeferred': True, 'deferred': []}"
2026-06-08 16:59:05,of:000000000000000d,34902898450661242,ADDED,10,0,0,5,org.onosproject.fwd,00:00:00:00:00:01,00:00:00:00:00:02,,,5,"{'criteria': [{'type': 'IN_PORT', 'port': 5}, {'type': 'ETH_DST', 'mac': '00:00:00:00:00:02'}, {'type': 'ETH_SRC', 'mac': '00:00:00:00:00:01'}]}","{'instructions': [{'type': 'OUTPUT', 'port': '2'}], 'deferred': []}"
2026-06-08 16:59:05,of:000000000000000a,281477705784245,ADDED,5,3,294,5,org.onosproject.core,,,,,,"{'criteria': [{'type': 'ETH_TYPE', 'ethType': '0x800'}]}","{'instructions': [{'type': 'OUTPUT', 'port': 'CONTROLLER'}], 'clearDeferred': True, 'deferred': []}"
2026-06-08 16:59:05,of:000000000000000a,281475818964416,ADDED,40000,5,698,5,org.onosproject.core,,,,,,"{'criteria': [{'type': 'ETH_TYPE', 'ethType': '0x8942'}]}","{'instructions': [{'type': 'OUTPUT', 'port': 'CONTROLLER'}], 'clearDeferred': True, 'deferred': []}"
2026-06-08 16:59:05,of:000000000000000a,281477034268888,ADDED,40000,5,698,5,org.onosproject.core,,,,,,"{'criteria': [{'type': 'ETH_TYPE', 'ethType': '0x88cc'}]}","{'instructions': [{'type': 'OUTPUT', 'port': 'CONTROLLER'}], 'clearDeferred': True, 'deferred': []}"
2026-06-08 16:59:05,of:000000000000000a,281478593105785,ADDED,40000,0,0,5,org.onosproject.core,,,,,,"{'criteria': [{'type': 'ETH_TYPE', 'ethType': '0x806'}]}","{'instructions': [{'type': 'OUTPUT', 'port': 'CONTROLLER'}], 'clearDeferred': True, 'deferred': []}"
2026-06-08 16:59:05,of:000000000000000b,34902897206428548,ADDED,10,0,0,5,org.onosproject.fwd,00:00:00:00:00:01,00:00:00:00:00:02,,,6,"{'criteria': [{'type': 'IN_PORT', 'port': 6}, {'type': 'ETH_DST', 'mac': '00:00:00:00:00:02'}, {'type': 'ETH_SRC', 'mac': '00:00:00:00:00:01'}]}","{'instructions': [{'type': 'OUTPUT', 'port': '5'}], 'deferred': []}"
2026-06-08 16:59:05,of:000000000000000b,281478277078534,ADDED,5,101,9898,5,org.onosproject.core,,,,,,"{'criteria': [{'type': 'ETH_TYPE', 'ethType': '0x800'}]}","{'instructions': [{'type': 'OUTPUT', 'port': 'CONTROLLER'}], 'clearDeferred': True, 'deferred': []}"
2026-06-08 16:59:05,of:000000000000000b,34902898369757081,ADDED,10,6,588,4,org.onosproject.fwd,00:00:00:00:00:01,00:00:00:00:00:02,,,1,"{'criteria': [{'type': 'IN_PORT', 'port': 1}, {'type': 'ETH_DST', 'mac': '00:00:00:00:00:02'}, {'type': 'ETH_SRC', 'mac': '00:00:00:00:00:01'}]}","{'instructions': [{'type': 'OUTPUT', 'port': '5'}], 'deferred': []}"
2026-06-08 16:59:05,of:000000000000000b,34902898247549216,ADDED,10,3,294,2,org.onosproject.fwd,00:00:00:00:00:02,00:00:00:00:00:01,,,4,"{'criteria': [{'type': 'IN_PORT', 'port': 4}, {'type': 'ETH_DST', 'mac': '00:00:00:00:00:01'}, {'type': 'ETH_SRC', 'mac': '00:00:00:00:00:02'}]}","{'instructions': [{'type': 'OUTPUT', 'port': '1'}], 'deferred': []}"
2026-06-08 16:59:05,of:000000000000000b,34902899522994218,ADDED,10,15,1470,4,org.onosproject.fwd,00:00:00:00:00:01,00:00:00:00:00:02,,,2,"{'criteria': [{'type': 'IN_PORT', 'port': 2}, {'type': 'ETH_DST', 'mac': '00:00:00:00:00:02'}, {'type': 'ETH_SRC', 'mac': '00:00:00:00:00:01'}]}","{'instructions': [{'type': 'OUTPUT', 'port': '5'}], 'deferred': []}"
2026-06-08 16:59:05,of:000000000000000b,281476663695951,ADDED,40000,0,0,5,org.onosproject.core,,,,,,"{'criteria': [{'type': 'ETH_TYPE', 'ethType': '0x806'}]}","{'instructions': [{'type': 'OUTPUT', 'port': 'CONTROLLER'}], 'clearDeferred': True, 'deferred': []}"
2026-06-08 16:59:05,of:000000000000000b,34902897663526614,ADDED,10,1,98,2,org.onosproject.fwd,00:00:00:00:00:02,00:00:00:00:00:01,,,6,"{'criteria': [{'type': 'IN_PORT', 'port': 6}, {'type': 'ETH_DST', 'mac': '00:00:00:00:00:01'}, {'type': 'ETH_SRC', 'mac': '00:00:00:00:00:02'}]}","{'instructions': [{'type': 'OUTPUT', 'port': '1'}], 'deferred': []}"
2026-06-08 16:59:05,of:000000000000000b,281476573370203,ADDED,40000,18,2508,5,org.onosproject.core,,,,,,"{'criteria': [{'type': 'ETH_TYPE', 'ethType': '0x88cc'}]}","{'instructions': [{'type': 'OUTPUT', 'port': 'CONTROLLER'}], 'clearDeferred': True, 'deferred': []}"
2026-06-08 16:59:05,of:000000000000000b,281476205675487,ADDED,40000,18,2508,5,org.onosproject.core,,,,,,"{'criteria': [{'type': 'ETH_TYPE', 'ethType': '0x8942'}]}","{'instructions': [{'type': 'OUTPUT', 'port': 'CONTROLLER'}], 'clearDeferred': True, 'deferred': []}"
2026-06-08 16:59:05,of:000000000000000b,34902897950184551,ADDED,10,2,196,4,org.onosproject.fwd,00:00:00:00:00:01,00:00:00:00:00:02,,,3,"{'criteria': [{'type': 'IN_PORT', 'port': 3}, {'type': 'ETH_DST', 'mac': '00:00:00:00:00:02'}, {'type': 'ETH_SRC', 'mac': '00:00:00:00:00:01'}]}","{'instructions': [{'type': 'OUTPUT', 'port': '5'}], 'deferred': []}"
2026-06-08 16:59:05,of:0000000000000003,281478170942982,ADDED,5,93,9114,5,org.onosproject.core,,,,,,"{'criteria': [{'type': 'ETH_TYPE', 'ethType': '0x800'}]}","{'instructions': [{'type': 'OUTPUT', 'port': 'CONTROLLER'}], 'clearDeferred': True, 'deferred': []}"
2026-06-08 16:59:05,of:0000000000000003,34902901306865815,ADDED,10,30,2940,5,org.onosproject.fwd,00:00:00:00:00:01,00:00:00:00:00:02,,,1,"{'criteria': [{'type': 'IN_PORT', 'port': 1}, {'type': 'ETH_DST', 'mac': '00:00:00:00:00:02'}, {'type': 'ETH_SRC', 'mac': '00:00:00:00:00:01'}]}","{'instructions': [{'type': 'OUTPUT', 'port': '2'}], 'deferred': []}"
2026-06-08 16:59:05,of:0000000000000003,281476661728682,ADDED,40000,6,837,5,org.onosproject.core,,,,,,"{'criteria': [{'type': 'ETH_TYPE', 'ethType': '0x88cc'}]}","{'instructions': [{'type': 'OUTPUT', 'port': 'CONTROLLER'}], 'clearDeferred': True, 'deferred': []}"
2026-06-08 16:59:05,of:0000000000000003,281477764386537,ADDED,40000,0,0,5,org.onosproject.core,,,,,,"{'criteria': [{'type': 'ETH_TYPE', 'ethType': '0x806'}]}","{'instructions': [{'type': 'OUTPUT', 'port': 'CONTROLLER'}], 'clearDeferred': True, 'deferred': []}"
2026-06-08 16:59:05,of:0000000000000003,281476156249461,ADDED,40000,6,837,5,org.onosproject.core,,,,,,"{'criteria': [{'type': 'ETH_TYPE', 'ethType': '0x8942'}]}","{'instructions': [{'type': 'OUTPUT', 'port': 'CONTROLLER'}], 'clearDeferred': True, 'deferred': []}"
2026-06-08 16:59:05,of:0000000000000003,34902899788514941,ADDED,10,0,0,2,org.onosproject.fwd,00:00:00:00:00:02,00:00:00:00:00:01,,,1,"{'criteria': [{'type': 'IN_PORT', 'port': 1}, {'type': 'ETH_DST', 'mac': '00:00:00:00:00:01'}, {'type': 'ETH_SRC', 'mac': '00:00:00:00:00:02'}]}","{'instructions': [{'type': 'OUTPUT', 'port': '2'}], 'deferred': []}"
2026-06-08 16:59:05,of:0000000000000004,34902897777565059,ADDED,10,0,0,5,org.onosproject.fwd,00:00:00:00:00:01,00:00:00:00:00:02,,,1,"{'criteria': [{'type': 'IN_PORT', 'port': 1}, {'type': 'ETH_DST', 'mac': '00:00:00:00:00:02'}, {'type': 'ETH_SRC', 'mac': '00:00:00:00:00:01'}]}","{'instructions': [{'type': 'OUTPUT', 'port': '2'}], 'deferred': []}"
2026-06-08 16:59:05,of:0000000000000004,281475616213265,ADDED,40000,4,557,5,org.onosproject.core,,,,,,"{'criteria': [{'type': 'ETH_TYPE', 'ethType': '0x88cc'}]}","{'instructions': [{'type': 'OUTPUT', 'port': 'CONTROLLER'}], 'clearDeferred': True, 'deferred': []}"
2026-06-08 16:59:05,of:0000000000000004,34902897652261151,ADDED,10,42,4116,5,org.onosproject.fwd,00:00:00:00:00:02,00:00:00:00:00:01,,,1,"{'criteria': [{'type': 'IN_PORT', 'port': 1}, {'type': 'ETH_DST', 'mac': '00:00:00:00:00:01'}, {'type': 'ETH_SRC', 'mac': '00:00:00:00:00:02'}]}","{'instructions': [{'type': 'OUTPUT', 'port': '2'}], 'deferred': []}"
2026-06-08 16:59:05,of:0000000000000004,34902899110784439,ADDED,10,1,98,5,org.onosproject.fwd,00:00:00:00:00:01,00:00:00:00:00:02,,,2,"{'criteria': [{'type': 'IN_PORT', 'port': 2}, {'type': 'ETH_DST', 'mac': '00:00:00:00:00:02'}, {'type': 'ETH_SRC', 'mac': '00:00:00:00:00:01'}]}","{'instructions': [{'type': 'OUTPUT', 'port': '1'}], 'deferred': []}"
2026-06-08 16:59:05,of:0000000000000004,34902900595968087,ADDED,10,0,0,2,org.onosproject.fwd,00:00:00:00:00:02,00:00:00:00:00:01,,,2,"{'criteria': [{'type': 'IN_PORT', 'port': 2}, {'type': 'ETH_DST', 'mac': '00:00:00:00:00:01'}, {'type': 'ETH_SRC', 'mac': '00:00:00:00:00:02'}]}","{'instructions': [{'type': 'OUTPUT', 'port': '1'}], 'deferred': []}"
2026-06-08 16:59:05,of:0000000000000004,281475265228006,ADDED,40000,0,0,5,org.onosproject.core,,,,,,"{'criteria': [{'type': 'ETH_TYPE', 'ethType': '0x806'}]}","{'instructions': [{'type': 'OUTPUT', 'port': 'CONTROLLER'}], 'clearDeferred': True, 'deferred': []}"
2026-06-08 16:59:05,of:0000000000000004,281477141311986,ADDED,5,88,8624,5,org.onosproject.core,,,,,,"{'criteria': [{'type': 'ETH_TYPE', 'ethType': '0x800'}]}","{'instructions': [{'type': 'OUTPUT', 'port': 'CONTROLLER'}], 'clearDeferred': True, 'deferred': []}"
2026-06-08 16:59:05,of:0000000000000004,281476729151998,ADDED,40000,4,557,5,org.onosproject.core,,,,,,"{'criteria': [{'type': 'ETH_TYPE', 'ethType': '0x8942'}]}","{'instructions': [{'type': 'OUTPUT', 'port': 'CONTROLLER'}], 'clearDeferred': True, 'deferred': []}"
2026-06-08 16:59:05,of:0000000000000001,34902897526632845,ADDED,10,0,0,5,org.onosproject.fwd,00:00:00:00:00:01,00:00:00:00:00:02,,,2,"{'criteria': [{'type': 'IN_PORT', 'port': 2}, {'type': 'ETH_DST', 'mac': '00:00:00:00:00:02'}, {'type': 'ETH_SRC', 'mac': '00:00:00:00:00:01'}]}","{'instructions': [{'type': 'OUTPUT', 'port': '1'}], 'deferred': []}"
2026-06-08 16:59:05,of:0000000000000001,281478909873038,ADDED,40000,0,0,5,org.onosproject.core,,,,,,"{'criteria': [{'type': 'ETH_TYPE', 'ethType': '0x806'}]}","{'instructions': [{'type': 'OUTPUT', 'port': 'CONTROLLER'}], 'clearDeferred': True, 'deferred': []}"
2026-06-08 16:59:05,of:0000000000000001,34902898246926876,ADDED,10,11,1078,4,org.onosproject.fwd,00:00:00:00:00:02,00:00:00:00:00:01,,,2,"{'criteria': [{'type': 'IN_PORT', 'port': 2}, {'type': 'ETH_DST', 'mac': '00:00:00:00:00:01'}, {'type': 'ETH_SRC', 'mac': '00:00:00:00:00:02'}]}","{'instructions': [{'type': 'OUTPUT', 'port': '4'}], 'deferred': []}"
2026-06-08 16:59:05,of:0000000000000001,34902899196753573,ADDED,10,5,490,4,org.onosproject.fwd,00:00:00:00:00:01,00:00:00:00:00:02,,,4,"{'criteria': [{'type': 'IN_PORT', 'port': 4}, {'type': 'ETH_DST', 'mac': '00:00:00:00:00:02'}, {'type': 'ETH_SRC', 'mac': '00:00:00:00:00:01'}]}","{'instructions': [{'type': 'OUTPUT', 'port': '1'}], 'deferred': []}"
2026-06-08 16:59:05,of:0000000000000001,34902899566969773,ADDED,10,19,1862,4,org.onosproject.fwd,00:00:00:00:00:02,00:00:00:00:00:01,,,3,"{'criteria': [{'type': 'IN_PORT', 'port': 3}, {'type': 'ETH_DST', 'mac': '00:00:00:00:00:01'}, {'type': 'ETH_SRC', 'mac': '00:00:00:00:00:02'}]}","{'instructions': [{'type': 'OUTPUT', 'port': '4'}], 'deferred': []}"
2026-06-08 16:59:05,of:0000000000000001,34902898986035913,ADDED,10,15,1470,4,org.onosproject.fwd,00:00:00:00:00:02,00:00:00:00:00:01,,,1,"{'criteria': [{'type': 'IN_PORT', 'port': 1}, {'type': 'ETH_DST', 'mac': '00:00:00:00:00:01'}, {'type': 'ETH_SRC', 'mac': '00:00:00:00:00:02'}]}","{'instructions': [{'type': 'OUTPUT', 'port': '4'}], 'deferred': []}"
2026-06-08 16:59:05,of:0000000000000001,281477466379610,ADDED,40000,7,980,5,org.onosproject.core,,,,,,"{'criteria': [{'type': 'ETH_TYPE', 'ethType': '0x88cc'}]}","{'instructions': [{'type': 'OUTPUT', 'port': 'CONTROLLER'}], 'clearDeferred': True, 'deferred': []}"
2026-06-08 16:59:05,of:0000000000000001,281475012051420,ADDED,5,76,7448,5,org.onosproject.core,,,,,,"{'criteria': [{'type': 'ETH_TYPE', 'ethType': '0x800'}]}","{'instructions': [{'type': 'OUTPUT', 'port': 'CONTROLLER'}], 'clearDeferred': True, 'deferred': []}"
2026-06-08 16:59:05,of:0000000000000001,281477029321583,ADDED,40000,7,980,5,org.onosproject.core,,,,,,"{'criteria': [{'type': 'ETH_TYPE', 'ethType': '0x8942'}]}","{'instructions': [{'type': 'OUTPUT', 'port': 'CONTROLLER'}], 'clearDeferred': True, 'deferred': []}"
2026-06-08 16:59:05,of:0000000000000002,281478316350853,ADDED,40000,0,0,5,org.onosproject.core,,,,,,"{'criteria': [{'type': 'ETH_TYPE', 'ethType': '0x806'}]}","{'instructions': [{'type': 'OUTPUT', 'port': 'CONTROLLER'}], 'clearDeferred': True, 'deferred': []}"
2026-06-08 16:59:05,of:0000000000000002,281478673389323,ADDED,40000,6,837,5,org.onosproject.core,,,,,,"{'criteria': [{'type': 'ETH_TYPE', 'ethType': '0x8942'}]}","{'instructions': [{'type': 'OUTPUT', 'port': 'CONTROLLER'}], 'clearDeferred': True, 'deferred': []}"
2026-06-08 16:59:05,of:0000000000000002,34902898441429785,ADDED,10,3,294,2,org.onosproject.fwd,00:00:00:00:00:02,00:00:00:00:00:01,,,3,"{'criteria': [{'type': 'IN_PORT', 'port': 3}, {'type': 'ETH_DST', 'mac': '00:00:00:00:00:01'}, {'type': 'ETH_SRC', 'mac': '00:00:00:00:00:02'}]}","{'instructions': [{'type': 'OUTPUT', 'port': '1'}], 'deferred': []}"
2026-06-08 16:59:05,of:0000000000000002,34902897208073662,ADDED,10,0,0,2,org.onosproject.fwd,00:00:00:00:00:02,00:00:00:00:00:01,,,2,"{'criteria': [{'type': 'IN_PORT', 'port': 2}, {'type': 'ETH_DST', 'mac': '00:00:00:00:00:01'}, {'type': 'ETH_SRC', 'mac': '00:00:00:00:00:02'}]}","{'instructions': [{'type': 'OUTPUT', 'port': '1'}], 'deferred': []}"
2026-06-08 16:59:05,of:0000000000000002,34902899328279504,ADDED,10,35,3430,5,org.onosproject.fwd,00:00:00:00:00:01,00:00:00:00:00:02,,,2,"{'criteria': [{'type': 'IN_PORT', 'port': 2}, {'type': 'ETH_DST', 'mac': '00:00:00:00:00:02'}, {'type': 'ETH_SRC', 'mac': '00:00:00:00:00:01'}]}","{'instructions': [{'type': 'OUTPUT', 'port': '3'}], 'deferred': []}"
2026-06-08 16:59:05,of:0000000000000002,281475022575828,ADDED,40000,6,837,5,org.onosproject.core,,,,,,"{'criteria': [{'type': 'ETH_TYPE', 'ethType': '0x88cc'}]}","{'instructions': [{'type': 'OUTPUT', 'port': 'CONTROLLER'}], 'clearDeferred': True, 'deferred': []}"
2026-06-08 16:59:05,of:0000000000000002,281475568191580,ADDED,5,47,4606,5,org.onosproject.core,,,,,,"{'criteria': [{'type': 'ETH_TYPE', 'ethType': '0x800'}]}","{'instructions': [{'type': 'OUTPUT', 'port': 'CONTROLLER'}], 'clearDeferred': True, 'deferred': []}"
2026-06-08 16:59:05,of:0000000000000002,34902897244613097,ADDED,10,0,0,2,org.onosproject.fwd,00:00:00:00:00:02,00:00:00:00:00:01,,,1,"{'criteria': [{'type': 'IN_PORT', 'port': 1}, {'type': 'ETH_DST', 'mac': '00:00:00:00:00:01'}, {'type': 'ETH_SRC', 'mac': '00:00:00:00:00:02'}]}","{'instructions': [{'type': 'OUTPUT', 'port': '2'}], 'deferred': []}"
2026-06-08 16:59:05,of:0000000000000007,281475652364572,ADDED,5,3,294,5,org.onosproject.core,,,,,,"{'criteria': [{'type': 'ETH_TYPE', 'ethType': '0x800'}]}","{'instructions': [{'type': 'OUTPUT', 'port': 'CONTROLLER'}], 'clearDeferred': True, 'deferred': []}"
2026-06-08 16:59:05,of:0000000000000007,281478438392611,ADDED,40000,0,0,5,org.onosproject.core,,,,,,"{'criteria': [{'type': 'ETH_TYPE', 'ethType': '0x806'}]}","{'instructions': [{'type': 'OUTPUT', 'port': 'CONTROLLER'}], 'clearDeferred': True, 'deferred': []}"
2026-06-08 16:59:05,of:0000000000000007,281476350262333,ADDED,40000,6,840,5,org.onosproject.core,,,,,,"{'criteria': [{'type': 'ETH_TYPE', 'ethType': '0x8942'}]}","{'instructions': [{'type': 'OUTPUT', 'port': 'CONTROLLER'}], 'clearDeferred': True, 'deferred': []}"
2026-06-08 16:59:05,of:0000000000000007,281475000925130,ADDED,40000,6,840,5,org.onosproject.core,,,,,,"{'criteria': [{'type': 'ETH_TYPE', 'ethType': '0x88cc'}]}","{'instructions': [{'type': 'OUTPUT', 'port': 'CONTROLLER'}], 'clearDeferred': True, 'deferred': []}"
2026-06-08 16:59:05,of:0000000000000008,281476059291414,ADDED,40000,0,0,5,org.onosproject.core,,,,,,"{'criteria': [{'type': 'ETH_TYPE', 'ethType': '0x806'}]}","{'instructions': [{'type': 'OUTPUT', 'port': 'CONTROLLER'}], 'clearDeferred': True, 'deferred': []}"
2026-06-08 16:59:05,of:0000000000000008,281476101349656,ADDED,40000,9,1254,5,org.onosproject.core,,,,,,"{'criteria': [{'type': 'ETH_TYPE', 'ethType': '0x88cc'}]}","{'instructions': [{'type': 'OUTPUT', 'port': 'CONTROLLER'}], 'clearDeferred': True, 'deferred': []}"
2026-06-08 16:59:05,of:0000000000000008,34902900725892896,ADDED,10,0,0,2,org.onosproject.fwd,00:00:00:00:00:02,00:00:00:00:00:01,,,2,"{'criteria': [{'type': 'IN_PORT', 'port': 2}, {'type': 'ETH_DST', 'mac': '00:00:00:00:00:01'}, {'type': 'ETH_SRC', 'mac': '00:00:00:00:00:02'}]}","{'instructions': [{'type': 'OUTPUT', 'port': '1'}], 'deferred': []}"
2026-06-08 16:59:05,of:0000000000000008,281476270708671,ADDED,40000,9,1254,5,org.onosproject.core,,,,,,"{'criteria': [{'type': 'ETH_TYPE', 'ethType': '0x8942'}]}","{'instructions': [{'type': 'OUTPUT', 'port': 'CONTROLLER'}], 'clearDeferred': True, 'deferred': []}"
2026-06-08 16:59:05,of:0000000000000008,34902898875781211,ADDED,10,27,2646,4,org.onosproject.fwd,00:00:00:00:00:01,00:00:00:00:00:02,,,3,"{'criteria': [{'type': 'IN_PORT', 'port': 3}, {'type': 'ETH_DST', 'mac': '00:00:00:00:00:02'}, {'type': 'ETH_SRC', 'mac': '00:00:00:00:00:01'}]}","{'instructions': [{'type': 'OUTPUT', 'port': '2'}], 'deferred': []}"
2026-06-08 16:59:05,of:0000000000000008,34902901305484251,ADDED,10,0,0,5,org.onosproject.fwd,00:00:00:00:00:01,00:00:00:00:00:02,,,1,"{'criteria': [{'type': 'IN_PORT', 'port': 1}, {'type': 'ETH_DST', 'mac': '00:00:00:00:00:02'}, {'type': 'ETH_SRC', 'mac': '00:00:00:00:00:01'}]}","{'instructions': [{'type': 'OUTPUT', 'port': '2'}], 'deferred': []}"
2026-06-08 16:59:05,of:0000000000000008,281476010895837,ADDED,5,141,13818,5,org.onosproject.core,,,,,,"{'criteria': [{'type': 'ETH_TYPE', 'ethType': '0x800'}]}","{'instructions': [{'type': 'OUTPUT', 'port': 'CONTROLLER'}], 'clearDeferred': True, 'deferred': []}"
2026-06-08 16:59:05,of:0000000000000008,34902901039911662,ADDED,10,0,0,2,org.onosproject.fwd,00:00:00:00:00:02,00:00:00:00:00:01,,,3,"{'criteria': [{'type': 'IN_PORT', 'port': 3}, {'type': 'ETH_DST', 'mac': '00:00:00:00:00:01'}, {'type': 'ETH_SRC', 'mac': '00:00:00:00:00:02'}]}","{'instructions': [{'type': 'OUTPUT', 'port': '1'}], 'deferred': []}"
2026-06-08 16:59:05,of:0000000000000008,34902899716590458,ADDED,10,0,0,2,org.onosproject.fwd,00:00:00:00:00:02,00:00:00:00:00:01,,,1,"{'criteria': [{'type': 'IN_PORT', 'port': 1}, {'type': 'ETH_DST', 'mac': '00:00:00:00:00:01'}, {'type': 'ETH_SRC', 'mac': '00:00:00:00:00:02'}]}","{'instructions': [{'type': 'OUTPUT', 'port': '2'}], 'deferred': []}"
2026-06-08 16:59:05,of:0000000000000005,281478762460478,ADDED,40000,0,0,5,org.onosproject.core,,,,,,"{'criteria': [{'type': 'ETH_TYPE', 'ethType': '0x806'}]}","{'instructions': [{'type': 'OUTPUT', 'port': 'CONTROLLER'}], 'clearDeferred': True, 'deferred': []}"
2026-06-08 16:59:05,of:0000000000000005,281478211273411,ADDED,40000,6,837,5,org.onosproject.core,,,,,,"{'criteria': [{'type': 'ETH_TYPE', 'ethType': '0x8942'}]}","{'instructions': [{'type': 'OUTPUT', 'port': 'CONTROLLER'}], 'clearDeferred': True, 'deferred': []}"
2026-06-08 16:59:05,of:0000000000000005,281475117841124,ADDED,5,53,5194,5,org.onosproject.core,,,,,,"{'criteria': [{'type': 'ETH_TYPE', 'ethType': '0x800'}]}","{'instructions': [{'type': 'OUTPUT', 'port': 'CONTROLLER'}], 'clearDeferred': True, 'deferred': []}"
2026-06-08 16:59:05,of:0000000000000005,281478979269874,ADDED,40000,6,837,5,org.onosproject.core,,,,,,"{'criteria': [{'type': 'ETH_TYPE', 'ethType': '0x88cc'}]}","{'instructions': [{'type': 'OUTPUT', 'port': 'CONTROLLER'}], 'clearDeferred': True, 'deferred': []}"
2026-06-08 16:59:05,of:0000000000000006,281475738574217,ADDED,40000,6,840,5,org.onosproject.core,,,,,,"{'criteria': [{'type': 'ETH_TYPE', 'ethType': '0x88cc'}]}","{'instructions': [{'type': 'OUTPUT', 'port': 'CONTROLLER'}], 'clearDeferred': True, 'deferred': []}"
2026-06-08 16:59:05,of:0000000000000006,281476873293724,ADDED,40000,6,840,5,org.onosproject.core,,,,,,"{'criteria': [{'type': 'ETH_TYPE', 'ethType': '0x8942'}]}","{'instructions': [{'type': 'OUTPUT', 'port': 'CONTROLLER'}], 'clearDeferred': True, 'deferred': []}"
2026-06-08 16:59:05,of:0000000000000006,281475411377083,ADDED,40000,0,0,5,org.onosproject.core,,,,,,"{'criteria': [{'type': 'ETH_TYPE', 'ethType': '0x806'}]}","{'instructions': [{'type': 'OUTPUT', 'port': 'CONTROLLER'}], 'clearDeferred': True, 'deferred': []}"
2026-06-08 16:59:05,of:0000000000000006,281478888449605,ADDED,5,3,294,5,org.onosproject.core,,,,,,"{'criteria': [{'type': 'ETH_TYPE', 'ethType': '0x800'}]}","{'instructions': [{'type': 'OUTPUT', 'port': 'CONTROLLER'}], 'clearDeferred': True, 'deferred': []}"
2026-06-08 16:59:05,of:0000000000000009,281478887649794,ADDED,40000,6,836,5,org.onosproject.core,,,,,,"{'criteria': [{'type': 'ETH_TYPE', 'ethType': '0x88cc'}]}","{'instructions': [{'type': 'OUTPUT', 'port': 'CONTROLLER'}], 'clearDeferred': True, 'deferred': []}"
2026-06-08 16:59:05,of:0000000000000009,34902901355594755,ADDED,10,20,1960,4,org.onosproject.fwd,00:00:00:00:00:02,00:00:00:00:00:01,,,3,"{'criteria': [{'type': 'IN_PORT', 'port': 3}, {'type': 'ETH_DST', 'mac': '00:00:00:00:00:01'}, {'type': 'ETH_SRC', 'mac': '00:00:00:00:00:02'}]}","{'instructions': [{'type': 'OUTPUT', 'port': '2'}], 'deferred': []}"
2026-06-08 16:59:05,of:0000000000000009,281474993990194,ADDED,5,66,6468,5,org.onosproject.core,,,,,,"{'criteria': [{'type': 'ETH_TYPE', 'ethType': '0x800'}]}","{'instructions': [{'type': 'OUTPUT', 'port': 'CONTROLLER'}], 'clearDeferred': True, 'deferred': []}"
2026-06-08 16:59:05,of:0000000000000009,34902897501809586,ADDED,10,8,784,2,org.onosproject.fwd,00:00:00:00:00:02,00:00:00:00:00:01,,,2,"{'criteria': [{'type': 'IN_PORT', 'port': 2}, {'type': 'ETH_DST', 'mac': '00:00:00:00:00:01'}, {'type': 'ETH_SRC', 'mac': '00:00:00:00:00:02'}]}","{'instructions': [{'type': 'OUTPUT', 'port': '1'}], 'deferred': []}"
2026-06-08 16:59:05,of:0000000000000009,281476295891648,ADDED,40000,6,836,5,org.onosproject.core,,,,,,"{'criteria': [{'type': 'ETH_TYPE', 'ethType': '0x8942'}]}","{'instructions': [{'type': 'OUTPUT', 'port': 'CONTROLLER'}], 'clearDeferred': True, 'deferred': []}"
2026-06-08 16:59:05,of:0000000000000009,34902898630325073,ADDED,10,0,0,5,org.onosproject.fwd,00:00:00:00:00:01,00:00:00:00:00:02,,,3,"{'criteria': [{'type': 'IN_PORT', 'port': 3}, {'type': 'ETH_DST', 'mac': '00:00:00:00:00:02'}, {'type': 'ETH_SRC', 'mac': '00:00:00:00:00:01'}]}","{'instructions': [{'type': 'OUTPUT', 'port': '1'}], 'deferred': []}"
2026-06-08 16:59:05,of:0000000000000009,34902900670637139,ADDED,10,0,0,5,org.onosproject.fwd,00:00:00:00:00:01,00:00:00:00:00:02,,,1,"{'criteria': [{'type': 'IN_PORT', 'port': 1}, {'type': 'ETH_DST', 'mac': '00:00:00:00:00:02'}, {'type': 'ETH_SRC', 'mac': '00:00:00:00:00:01'}]}","{'instructions': [{'type': 'OUTPUT', 'port': '2'}], 'deferred': []}"
2026-06-08 16:59:05,of:0000000000000009,34902898191767029,ADDED,10,39,3822,4,org.onosproject.fwd,00:00:00:00:00:02,00:00:00:00:00:01,,,1,"{'criteria': [{'type': 'IN_PORT', 'port': 1}, {'type': 'ETH_DST', 'mac': '00:00:00:00:00:01'}, {'type': 'ETH_SRC', 'mac': '00:00:00:00:00:02'}]}","{'instructions': [{'type': 'OUTPUT', 'port': '2'}], 'deferred': []}"
2026-06-08 16:59:05,of:0000000000000009,281479019932926,ADDED,40000,0,0,5,org.onosproject.core,,,,,,"{'criteria': [{'type': 'ETH_TYPE', 'ethType': '0x806'}]}","{'instructions': [{'type': 'OUTPUT', 'port': 'CONTROLLER'}], 'clearDeferred': True, 'deferred': []}"
2026-06-08 16:59:05,of:0000000000000009,34902899619228287,ADDED,10,1,98,5,org.onosproject.fwd,00:00:00:00:00:01,00:00:00:00:00:02,,,2,"{'criteria': [{'type': 'IN_PORT', 'port': 2}, {'type': 'ETH_DST', 'mac': '00:00:00:00:00:02'}, {'type': 'ETH_SRC', 'mac': '00:00:00:00:00:01'}]}","{'instructions': [{'type': 'OUTPUT', 'port': '1'}], 'deferred': []}"
2026-06-08 16:59:10,of:000000000000000c,281479100460205,ADDED,40000,28,3902,10,org.onosproject.core,,,,,,"{'criteria': [{'type': 'ETH_TYPE', 'ethType': '0x88cc'}]}","{'instructions': [{'type': 'OUTPUT', 'port': 'CONTROLLER'}], 'clearDeferred': True, 'deferred': []}"
2026-06-08 16:59:10,of:000000000000000c,281475624796078,ADDED,40000,28,3902,10,org.onosproject.core,,,,,,"{'criteria': [{'type': 'ETH_TYPE', 'ethType': '0x8942'}]}","{'instructions': [{'type': 'OUTPUT', 'port': 'CONTROLLER'}], 'clearDeferred': True, 'deferred': []}"
2026-06-08 16:59:10,of:000000000000000c,34902900239330154,ADDED,10,0,0,7,org.onosproject.fwd,00:00:00:00:00:02,00:00:00:00:00:01,,,4,"{'criteria': [{'type': 'IN_PORT', 'port': 4}, {'type': 'ETH_DST', 'mac': '00:00:00:00:00:01'}, {'type': 'ETH_SRC', 'mac': '00:00:00:00:00:02'}]}","{'instructions': [{'type': 'OUTPUT', 'port': '1'}], 'deferred': []}"
2026-06-08 16:59:10,of:000000000000000c,34902898833863535,ADDED,10,6,588,10,org.onosproject.fwd,00:00:00:00:00:01,00:00:00:00:00:02,,,6,"{'criteria': [{'type': 'IN_PORT', 'port': 6}, {'type': 'ETH_DST', 'mac': '00:00:00:00:00:02'}, {'type': 'ETH_SRC', 'mac': '00:00:00:00:00:01'}]}","{'instructions': [{'type': 'OUTPUT', 'port': '2'}], 'deferred': []}"
2026-06-08 16:59:10,of:000000000000000c,34902900769732214,ADDED,10,0,0,7,org.onosproject.fwd,00:00:00:00:00:02,00:00:00:00:00:01,,,6,"{'criteria': [{'type': 'IN_PORT', 'port': 6}, {'type': 'ETH_DST', 'mac': '00:00:00:00:00:01'}, {'type': 'ETH_SRC', 'mac': '00:00:00:00:00:02'}]}","{'instructions': [{'type': 'OUTPUT', 'port': '1'}], 'deferred': []}"
2026-06-08 16:59:10,of:000000000000000c,281477504901495,ADDED,40000,0,0,10,org.onosproject.core,,,,,,"{'criteria': [{'type': 'ETH_TYPE', 'ethType': '0x806'}]}","{'instructions': [{'type': 'OUTPUT', 'port': 'CONTROLLER'}], 'clearDeferred': True, 'deferred': []}"
2026-06-08 16:59:10,of:000000000000000c,281476292687096,ADDED,5,83,8134,10,org.onosproject.core,,,,,,"{'criteria': [{'type': 'ETH_TYPE', 'ethType': '0x800'}]}","{'instructions': [{'type': 'OUTPUT', 'port': 'CONTROLLER'}], 'clearDeferred': True, 'deferred': []}"
2026-06-08 16:59:10,of:000000000000000d,281478200287907,ADDED,40000,24,3349,10,org.onosproject.core,,,,,,"{'criteria': [{'type': 'ETH_TYPE', 'ethType': '0x88cc'}]}","{'instructions': [{'type': 'OUTPUT', 'port': 'CONTROLLER'}], 'clearDeferred': True, 'deferred': []}"
2026-06-08 16:59:10,of:000000000000000d,34902898983574437,ADDED,10,9,882,9,org.onosproject.fwd,00:00:00:00:00:02,00:00:00:00:00:01,,,3,"{'criteria': [{'type': 'IN_PORT', 'port': 3}, {'type': 'ETH_DST', 'mac': '00:00:00:00:00:01'}, {'type': 'ETH_SRC', 'mac': '00:00:00:00:00:02'}]}","{'instructions': [{'type': 'OUTPUT', 'port': '1'}], 'deferred': []}"
2026-06-08 16:59:10,of:000000000000000d,281478788468154,ADDED,5,83,8134,10,org.onosproject.core,,,,,,"{'criteria': [{'type': 'ETH_TYPE', 'ethType': '0x800'}]}","{'instructions': [{'type': 'OUTPUT', 'port': 'CONTROLLER'}], 'clearDeferred': True, 'deferred': []}"
2026-06-08 16:59:10,of:000000000000000d,281478012698825,ADDED,40000,24,3349,10,org.onosproject.core,,,,,,"{'criteria': [{'type': 'ETH_TYPE', 'ethType': '0x8942'}]}","{'instructions': [{'type': 'OUTPUT', 'port': 'CONTROLLER'}], 'clearDeferred': True, 'deferred': []}"
2026-06-08 16:59:10,of:000000000000000d,34902898750873574,ADDED,10,9,882,9,org.onosproject.fwd,00:00:00:00:00:02,00:00:00:00:00:01,,,2,"{'criteria': [{'type': 'IN_PORT', 'port': 2}, {'type': 'ETH_DST', 'mac': '00:00:00:00:00:01'}, {'type': 'ETH_SRC', 'mac': '00:00:00:00:00:02'}]}","{'instructions': [{'type': 'OUTPUT', 'port': '1'}], 'deferred': []}"
2026-06-08 16:59:10,of:000000000000000d,281476618808057,ADDED,40000,0,0,10,org.onosproject.core,,,,,,"{'criteria': [{'type': 'ETH_TYPE', 'ethType': '0x806'}]}","{'instructions': [{'type': 'OUTPUT', 'port': 'CONTROLLER'}], 'clearDeferred': True, 'deferred': []}"
2026-06-08 16:59:10,of:000000000000000a,281477705784245,ADDED,5,3,294,10,org.onosproject.core,,,,,,"{'criteria': [{'type': 'ETH_TYPE', 'ethType': '0x800'}]}","{'instructions': [{'type': 'OUTPUT', 'port': 'CONTROLLER'}], 'clearDeferred': True, 'deferred': []}"
2026-06-08 16:59:10,of:000000000000000a,281475818964416,ADDED,40000,11,1534,10,org.onosproject.core,,,,,,"{'criteria': [{'type': 'ETH_TYPE', 'ethType': '0x8942'}]}","{'instructions': [{'type': 'OUTPUT', 'port': 'CONTROLLER'}], 'clearDeferred': True, 'deferred': []}"
2026-06-08 16:59:10,of:000000000000000a,281477034268888,ADDED,40000,11,1534,10,org.onosproject.core,,,,,,"{'criteria': [{'type': 'ETH_TYPE', 'ethType': '0x88cc'}]}","{'instructions': [{'type': 'OUTPUT', 'port': 'CONTROLLER'}], 'clearDeferred': True, 'deferred': []}"
2026-06-08 16:59:10,of:000000000000000a,281478593105785,ADDED,40000,0,0,10,org.onosproject.core,,,,,,"{'criteria': [{'type': 'ETH_TYPE', 'ethType': '0x806'}]}","{'instructions': [{'type': 'OUTPUT', 'port': 'CONTROLLER'}], 'clearDeferred': True, 'deferred': []}"
2026-06-08 16:59:10,of:000000000000000b,281478277078534,ADDED,5,101,9898,10,org.onosproject.core,,,,,,"{'criteria': [{'type': 'ETH_TYPE', 'ethType': '0x800'}]}","{'instructions': [{'type': 'OUTPUT', 'port': 'CONTROLLER'}], 'clearDeferred': True, 'deferred': []}"
2026-06-08 16:59:10,of:000000000000000b,34902898369757081,ADDED,10,11,1078,9,org.onosproject.fwd,00:00:00:00:00:01,00:00:00:00:00:02,,,1,"{'criteria': [{'type': 'IN_PORT', 'port': 1}, {'type': 'ETH_DST', 'mac': '00:00:00:00:00:02'}, {'type': 'ETH_SRC', 'mac': '00:00:00:00:00:01'}]}","{'instructions': [{'type': 'OUTPUT', 'port': '5'}], 'deferred': []}"
2026-06-08 16:59:10,of:000000000000000b,34902898247549216,ADDED,10,8,784,7,org.onosproject.fwd,00:00:00:00:00:02,00:00:00:00:00:01,,,4,"{'criteria': [{'type': 'IN_PORT', 'port': 4}, {'type': 'ETH_DST', 'mac': '00:00:00:00:00:01'}, {'type': 'ETH_SRC', 'mac': '00:00:00:00:00:02'}]}","{'instructions': [{'type': 'OUTPUT', 'port': '1'}], 'deferred': []}"
2026-06-08 16:59:10,of:000000000000000b,34902899522994218,ADDED,10,15,1470,9,org.onosproject.fwd,00:00:00:00:00:01,00:00:00:00:00:02,,,2,"{'criteria': [{'type': 'IN_PORT', 'port': 2}, {'type': 'ETH_DST', 'mac': '00:00:00:00:00:02'}, {'type': 'ETH_SRC', 'mac': '00:00:00:00:00:01'}]}","{'instructions': [{'type': 'OUTPUT', 'port': '5'}], 'deferred': []}"
2026-06-08 16:59:10,of:000000000000000b,281476663695951,ADDED,40000,0,0,10,org.onosproject.core,,,,,,"{'criteria': [{'type': 'ETH_TYPE', 'ethType': '0x806'}]}","{'instructions': [{'type': 'OUTPUT', 'port': 'CONTROLLER'}], 'clearDeferred': True, 'deferred': []}"
2026-06-08 16:59:10,of:000000000000000b,34902897663526614,ADDED,10,1,98,7,org.onosproject.fwd,00:00:00:00:00:02,00:00:00:00:00:01,,,6,"{'criteria': [{'type': 'IN_PORT', 'port': 6}, {'type': 'ETH_DST', 'mac': '00:00:00:00:00:01'}, {'type': 'ETH_SRC', 'mac': '00:00:00:00:00:02'}]}","{'instructions': [{'type': 'OUTPUT', 'port': '1'}], 'deferred': []}"
2026-06-08 16:59:10,of:000000000000000b,281476573370203,ADDED,40000,30,4180,10,org.onosproject.core,,,,,,"{'criteria': [{'type': 'ETH_TYPE', 'ethType': '0x88cc'}]}","{'instructions': [{'type': 'OUTPUT', 'port': 'CONTROLLER'}], 'clearDeferred': True, 'deferred': []}"
2026-06-08 16:59:10,of:000000000000000b,281476205675487,ADDED,40000,30,4180,10,org.onosproject.core,,,,,,"{'criteria': [{'type': 'ETH_TYPE', 'ethType': '0x8942'}]}","{'instructions': [{'type': 'OUTPUT', 'port': 'CONTROLLER'}], 'clearDeferred': True, 'deferred': []}"
2026-06-08 16:59:10,of:000000000000000b,34902897950184551,ADDED,10,2,196,9,org.onosproject.fwd,00:00:00:00:00:01,00:00:00:00:00:02,,,3,"{'criteria': [{'type': 'IN_PORT', 'port': 3}, {'type': 'ETH_DST', 'mac': '00:00:00:00:00:02'}, {'type': 'ETH_SRC', 'mac': '00:00:00:00:00:01'}]}","{'instructions': [{'type': 'OUTPUT', 'port': '5'}], 'deferred': []}"
2026-06-08 16:59:10,of:0000000000000003,281478170942982,ADDED,5,93,9114,10,org.onosproject.core,,,,,,"{'criteria': [{'type': 'ETH_TYPE', 'ethType': '0x800'}]}","{'instructions': [{'type': 'OUTPUT', 'port': 'CONTROLLER'}], 'clearDeferred': True, 'deferred': []}"
2026-06-08 16:59:10,of:0000000000000003,34902901306865815,ADDED,10,35,3430,10,org.onosproject.fwd,00:00:00:00:00:01,00:00:00:00:00:02,,,1,"{'criteria': [{'type': 'IN_PORT', 'port': 1}, {'type': 'ETH_DST', 'mac': '00:00:00:00:00:02'}, {'type': 'ETH_SRC', 'mac': '00:00:00:00:00:01'}]}","{'instructions': [{'type': 'OUTPUT', 'port': '2'}], 'deferred': []}"
2026-06-08 16:59:10,of:0000000000000003,281476661728682,ADDED,40000,10,1395,10,org.onosproject.core,,,,,,"{'criteria': [{'type': 'ETH_TYPE', 'ethType': '0x88cc'}]}","{'instructions': [{'type': 'OUTPUT', 'port': 'CONTROLLER'}], 'clearDeferred': True, 'deferred': []}"
2026-06-08 16:59:10,of:0000000000000003,281477764386537,ADDED,40000,0,0,10,org.onosproject.core,,,,,,"{'criteria': [{'type': 'ETH_TYPE', 'ethType': '0x806'}]}","{'instructions': [{'type': 'OUTPUT', 'port': 'CONTROLLER'}], 'clearDeferred': True, 'deferred': []}"
2026-06-08 16:59:10,of:0000000000000003,281476156249461,ADDED,40000,10,1395,10,org.onosproject.core,,,,,,"{'criteria': [{'type': 'ETH_TYPE', 'ethType': '0x8942'}]}","{'instructions': [{'type': 'OUTPUT', 'port': 'CONTROLLER'}], 'clearDeferred': True, 'deferred': []}"
2026-06-08 16:59:10,of:0000000000000003,34902899788514941,ADDED,10,0,0,7,org.onosproject.fwd,00:00:00:00:00:02,00:00:00:00:00:01,,,1,"{'criteria': [{'type': 'IN_PORT', 'port': 1}, {'type': 'ETH_DST', 'mac': '00:00:00:00:00:01'}, {'type': 'ETH_SRC', 'mac': '00:00:00:00:00:02'}]}","{'instructions': [{'type': 'OUTPUT', 'port': '2'}], 'deferred': []}"
2026-06-08 16:59:10,of:0000000000000004,281475616213265,ADDED,40000,8,1115,10,org.onosproject.core,,,,,,"{'criteria': [{'type': 'ETH_TYPE', 'ethType': '0x88cc'}]}","{'instructions': [{'type': 'OUTPUT', 'port': 'CONTROLLER'}], 'clearDeferred': True, 'deferred': []}"
2026-06-08 16:59:10,of:0000000000000004,34902897652261151,ADDED,10,42,4116,10,org.onosproject.fwd,00:00:00:00:00:02,00:00:00:00:00:01,,,1,"{'criteria': [{'type': 'IN_PORT', 'port': 1}, {'type': 'ETH_DST', 'mac': '00:00:00:00:00:01'}, {'type': 'ETH_SRC', 'mac': '00:00:00:00:00:02'}]}","{'instructions': [{'type': 'OUTPUT', 'port': '2'}], 'deferred': []}"
2026-06-08 16:59:10,of:0000000000000004,34902899110784439,ADDED,10,1,98,10,org.onosproject.fwd,00:00:00:00:00:01,00:00:00:00:00:02,,,2,"{'criteria': [{'type': 'IN_PORT', 'port': 2}, {'type': 'ETH_DST', 'mac': '00:00:00:00:00:02'}, {'type': 'ETH_SRC', 'mac': '00:00:00:00:00:01'}]}","{'instructions': [{'type': 'OUTPUT', 'port': '1'}], 'deferred': []}"
2026-06-08 16:59:10,of:0000000000000004,34902900595968087,ADDED,10,0,0,7,org.onosproject.fwd,00:00:00:00:00:02,00:00:00:00:00:01,,,2,"{'criteria': [{'type': 'IN_PORT', 'port': 2}, {'type': 'ETH_DST', 'mac': '00:00:00:00:00:01'}, {'type': 'ETH_SRC', 'mac': '00:00:00:00:00:02'}]}","{'instructions': [{'type': 'OUTPUT', 'port': '1'}], 'deferred': []}"
2026-06-08 16:59:10,of:0000000000000004,281475265228006,ADDED,40000,0,0,10,org.onosproject.core,,,,,,"{'criteria': [{'type': 'ETH_TYPE', 'ethType': '0x806'}]}","{'instructions': [{'type': 'OUTPUT', 'port': 'CONTROLLER'}], 'clearDeferred': True, 'deferred': []}"
2026-06-08 16:59:10,of:0000000000000004,281477141311986,ADDED,5,88,8624,10,org.onosproject.core,,,,,,"{'criteria': [{'type': 'ETH_TYPE', 'ethType': '0x800'}]}","{'instructions': [{'type': 'OUTPUT', 'port': 'CONTROLLER'}], 'clearDeferred': True, 'deferred': []}"
2026-06-08 16:59:10,of:0000000000000004,281476729151998,ADDED,40000,8,1115,10,org.onosproject.core,,,,,,"{'criteria': [{'type': 'ETH_TYPE', 'ethType': '0x8942'}]}","{'instructions': [{'type': 'OUTPUT', 'port': 'CONTROLLER'}], 'clearDeferred': True, 'deferred': []}"
2026-06-08 16:59:10,of:0000000000000001,281478909873038,ADDED,40000,0,0,10,org.onosproject.core,,,,,,"{'criteria': [{'type': 'ETH_TYPE', 'ethType': '0x806'}]}","{'instructions': [{'type': 'OUTPUT', 'port': 'CONTROLLER'}], 'clearDeferred': True, 'deferred': []}"
2026-06-08 16:59:10,of:0000000000000001,34902898246926876,ADDED,10,11,1078,9,org.onosproject.fwd,00:00:00:00:00:02,00:00:00:00:00:01,,,2,"{'criteria': [{'type': 'IN_PORT', 'port': 2}, {'type': 'ETH_DST', 'mac': '00:00:00:00:00:01'}, {'type': 'ETH_SRC', 'mac': '00:00:00:00:00:02'}]}","{'instructions': [{'type': 'OUTPUT', 'port': '4'}], 'deferred': []}"
2026-06-08 16:59:10,of:0000000000000001,34902899196753573,ADDED,10,10,980,9,org.onosproject.fwd,00:00:00:00:00:01,00:00:00:00:00:02,,,4,"{'criteria': [{'type': 'IN_PORT', 'port': 4}, {'type': 'ETH_DST', 'mac': '00:00:00:00:00:02'}, {'type': 'ETH_SRC', 'mac': '00:00:00:00:00:01'}]}","{'instructions': [{'type': 'OUTPUT', 'port': '1'}], 'deferred': []}"
2026-06-08 16:59:10,of:0000000000000001,34902899566969773,ADDED,10,19,1862,9,org.onosproject.fwd,00:00:00:00:00:02,00:00:00:00:00:01,,,3,"{'criteria': [{'type': 'IN_PORT', 'port': 3}, {'type': 'ETH_DST', 'mac': '00:00:00:00:00:01'}, {'type': 'ETH_SRC', 'mac': '00:00:00:00:00:02'}]}","{'instructions': [{'type': 'OUTPUT', 'port': '4'}], 'deferred': []}"
2026-06-08 16:59:10,of:0000000000000001,34902898986035913,ADDED,10,20,1960,9,org.onosproject.fwd,00:00:00:00:00:02,00:00:00:00:00:01,,,1,"{'criteria': [{'type': 'IN_PORT', 'port': 1}, {'type': 'ETH_DST', 'mac': '00:00:00:00:00:01'}, {'type': 'ETH_SRC', 'mac': '00:00:00:00:00:02'}]}","{'instructions': [{'type': 'OUTPUT', 'port': '4'}], 'deferred': []}"
2026-06-08 16:59:10,of:0000000000000001,281477466379610,ADDED,40000,13,1820,10,org.onosproject.core,,,,,,"{'criteria': [{'type': 'ETH_TYPE', 'ethType': '0x88cc'}]}","{'instructions': [{'type': 'OUTPUT', 'port': 'CONTROLLER'}], 'clearDeferred': True, 'deferred': []}"
2026-06-08 16:59:10,of:0000000000000001,281475012051420,ADDED,5,76,7448,10,org.onosproject.core,,,,,,"{'criteria': [{'type': 'ETH_TYPE', 'ethType': '0x800'}]}","{'instructions': [{'type': 'OUTPUT', 'port': 'CONTROLLER'}], 'clearDeferred': True, 'deferred': []}"
2026-06-08 16:59:10,of:0000000000000001,281477029321583,ADDED,40000,13,1820,10,org.onosproject.core,,,,,,"{'criteria': [{'type': 'ETH_TYPE', 'ethType': '0x8942'}]}","{'instructions': [{'type': 'OUTPUT', 'port': 'CONTROLLER'}], 'clearDeferred': True, 'deferred': []}"
2026-06-08 16:59:10,of:0000000000000002,281478316350853,ADDED,40000,0,0,10,org.onosproject.core,,,,,,"{'criteria': [{'type': 'ETH_TYPE', 'ethType': '0x806'}]}","{'instructions': [{'type': 'OUTPUT', 'port': 'CONTROLLER'}], 'clearDeferred': True, 'deferred': []}"
2026-06-08 16:59:10,of:0000000000000002,281478673389323,ADDED,40000,10,1395,10,org.onosproject.core,,,,,,"{'criteria': [{'type': 'ETH_TYPE', 'ethType': '0x8942'}]}","{'instructions': [{'type': 'OUTPUT', 'port': 'CONTROLLER'}], 'clearDeferred': True, 'deferred': []}"
2026-06-08 16:59:10,of:0000000000000002,34902898441429785,ADDED,10,8,784,7,org.onosproject.fwd,00:00:00:00:00:02,00:00:00:00:00:01,,,3,"{'criteria': [{'type': 'IN_PORT', 'port': 3}, {'type': 'ETH_DST', 'mac': '00:00:00:00:00:01'}, {'type': 'ETH_SRC', 'mac': '00:00:00:00:00:02'}]}","{'instructions': [{'type': 'OUTPUT', 'port': '1'}], 'deferred': []}"
2026-06-08 16:59:10,of:0000000000000002,34902897208073662,ADDED,10,0,0,7,org.onosproject.fwd,00:00:00:00:00:02,00:00:00:00:00:01,,,2,"{'criteria': [{'type': 'IN_PORT', 'port': 2}, {'type': 'ETH_DST', 'mac': '00:00:00:00:00:01'}, {'type': 'ETH_SRC', 'mac': '00:00:00:00:00:02'}]}","{'instructions': [{'type': 'OUTPUT', 'port': '1'}], 'deferred': []}"
2026-06-08 16:59:10,of:0000000000000002,34902899328279504,ADDED,10,40,3920,10,org.onosproject.fwd,00:00:00:00:00:01,00:00:00:00:00:02,,,2,"{'criteria': [{'type': 'IN_PORT', 'port': 2}, {'type': 'ETH_DST', 'mac': '00:00:00:00:00:02'}, {'type': 'ETH_SRC', 'mac': '00:00:00:00:00:01'}]}","{'instructions': [{'type': 'OUTPUT', 'port': '3'}], 'deferred': []}"
2026-06-08 16:59:10,of:0000000000000002,281475022575828,ADDED,40000,10,1395,10,org.onosproject.core,,,,,,"{'criteria': [{'type': 'ETH_TYPE', 'ethType': '0x88cc'}]}","{'instructions': [{'type': 'OUTPUT', 'port': 'CONTROLLER'}], 'clearDeferred': True, 'deferred': []}"
2026-06-08 16:59:10,of:0000000000000002,281475568191580,ADDED,5,47,4606,10,org.onosproject.core,,,,,,"{'criteria': [{'type': 'ETH_TYPE', 'ethType': '0x800'}]}","{'instructions': [{'type': 'OUTPUT', 'port': 'CONTROLLER'}], 'clearDeferred': True, 'deferred': []}"
2026-06-08 16:59:10,of:0000000000000002,34902897244613097,ADDED,10,0,0,7,org.onosproject.fwd,00:00:00:00:00:02,00:00:00:00:00:01,,,1,"{'criteria': [{'type': 'IN_PORT', 'port': 1}, {'type': 'ETH_DST', 'mac': '00:00:00:00:00:01'}, {'type': 'ETH_SRC', 'mac': '00:00:00:00:00:02'}]}","{'instructions': [{'type': 'OUTPUT', 'port': '2'}], 'deferred': []}"
2026-06-08 16:59:10,of:0000000000000007,281475652364572,ADDED,5,3,294,10,org.onosproject.core,,,,,,"{'criteria': [{'type': 'ETH_TYPE', 'ethType': '0x800'}]}","{'instructions': [{'type': 'OUTPUT', 'port': 'CONTROLLER'}], 'clearDeferred': True, 'deferred': []}"
2026-06-08 16:59:10,of:0000000000000007,281478438392611,ADDED,40000,0,0,10,org.onosproject.core,,,,,,"{'criteria': [{'type': 'ETH_TYPE', 'ethType': '0x806'}]}","{'instructions': [{'type': 'OUTPUT', 'port': 'CONTROLLER'}], 'clearDeferred': True, 'deferred': []}"
2026-06-08 16:59:10,of:0000000000000007,281476350262333,ADDED,40000,10,1400,10,org.onosproject.core,,,,,,"{'criteria': [{'type': 'ETH_TYPE', 'ethType': '0x8942'}]}","{'instructions': [{'type': 'OUTPUT', 'port': 'CONTROLLER'}], 'clearDeferred': True, 'deferred': []}"
2026-06-08 16:59:10,of:0000000000000007,281475000925130,ADDED,40000,10,1400,10,org.onosproject.core,,,,,,"{'criteria': [{'type': 'ETH_TYPE', 'ethType': '0x88cc'}]}","{'instructions': [{'type': 'OUTPUT', 'port': 'CONTROLLER'}], 'clearDeferred': True, 'deferred': []}"
2026-06-08 16:59:10,of:0000000000000008,281476059291414,ADDED,40000,0,0,10,org.onosproject.core,,,,,,"{'criteria': [{'type': 'ETH_TYPE', 'ethType': '0x806'}]}","{'instructions': [{'type': 'OUTPUT', 'port': 'CONTROLLER'}], 'clearDeferred': True, 'deferred': []}"
2026-06-08 16:59:10,of:0000000000000008,281476101349656,ADDED,40000,15,2090,10,org.onosproject.core,,,,,,"{'criteria': [{'type': 'ETH_TYPE', 'ethType': '0x88cc'}]}","{'instructions': [{'type': 'OUTPUT', 'port': 'CONTROLLER'}], 'clearDeferred': True, 'deferred': []}"
2026-06-08 16:59:10,of:0000000000000008,34902900725892896,ADDED,10,0,0,7,org.onosproject.fwd,00:00:00:00:00:02,00:00:00:00:00:01,,,2,"{'criteria': [{'type': 'IN_PORT', 'port': 2}, {'type': 'ETH_DST', 'mac': '00:00:00:00:00:01'}, {'type': 'ETH_SRC', 'mac': '00:00:00:00:00:02'}]}","{'instructions': [{'type': 'OUTPUT', 'port': '1'}], 'deferred': []}"
2026-06-08 16:59:10,of:0000000000000008,281476270708671,ADDED,40000,15,2090,10,org.onosproject.core,,,,,,"{'criteria': [{'type': 'ETH_TYPE', 'ethType': '0x8942'}]}","{'instructions': [{'type': 'OUTPUT', 'port': 'CONTROLLER'}], 'clearDeferred': True, 'deferred': []}"
2026-06-08 16:59:10,of:0000000000000008,34902898875781211,ADDED,10,32,3136,9,org.onosproject.fwd,00:00:00:00:00:01,00:00:00:00:00:02,,,3,"{'criteria': [{'type': 'IN_PORT', 'port': 3}, {'type': 'ETH_DST', 'mac': '00:00:00:00:00:02'}, {'type': 'ETH_SRC', 'mac': '00:00:00:00:00:01'}]}","{'instructions': [{'type': 'OUTPUT', 'port': '2'}], 'deferred': []}"
2026-06-08 16:59:10,of:0000000000000008,281476010895837,ADDED,5,141,13818,10,org.onosproject.core,,,,,,"{'criteria': [{'type': 'ETH_TYPE', 'ethType': '0x800'}]}","{'instructions': [{'type': 'OUTPUT', 'port': 'CONTROLLER'}], 'clearDeferred': True, 'deferred': []}"
2026-06-08 16:59:10,of:0000000000000008,34902901039911662,ADDED,10,0,0,7,org.onosproject.fwd,00:00:00:00:00:02,00:00:00:00:00:01,,,3,"{'criteria': [{'type': 'IN_PORT', 'port': 3}, {'type': 'ETH_DST', 'mac': '00:00:00:00:00:01'}, {'type': 'ETH_SRC', 'mac': '00:00:00:00:00:02'}]}","{'instructions': [{'type': 'OUTPUT', 'port': '1'}], 'deferred': []}"
2026-06-08 16:59:10,of:0000000000000008,34902899716590458,ADDED,10,0,0,7,org.onosproject.fwd,00:00:00:00:00:02,00:00:00:00:00:01,,,1,"{'criteria': [{'type': 'IN_PORT', 'port': 1}, {'type': 'ETH_DST', 'mac': '00:00:00:00:00:01'}, {'type': 'ETH_SRC', 'mac': '00:00:00:00:00:02'}]}","{'instructions': [{'type': 'OUTPUT', 'port': '2'}], 'deferred': []}"
2026-06-08 16:59:10,of:0000000000000005,281478762460478,ADDED,40000,0,0,10,org.onosproject.core,,,,,,"{'criteria': [{'type': 'ETH_TYPE', 'ethType': '0x806'}]}","{'instructions': [{'type': 'OUTPUT', 'port': 'CONTROLLER'}], 'clearDeferred': True, 'deferred': []}"
2026-06-08 16:59:10,of:0000000000000005,281478211273411,ADDED,40000,10,1395,10,org.onosproject.core,,,,,,"{'criteria': [{'type': 'ETH_TYPE', 'ethType': '0x8942'}]}","{'instructions': [{'type': 'OUTPUT', 'port': 'CONTROLLER'}], 'clearDeferred': True, 'deferred': []}"
2026-06-08 16:59:10,of:0000000000000005,281475117841124,ADDED,5,53,5194,10,org.onosproject.core,,,,,,"{'criteria': [{'type': 'ETH_TYPE', 'ethType': '0x800'}]}","{'instructions': [{'type': 'OUTPUT', 'port': 'CONTROLLER'}], 'clearDeferred': True, 'deferred': []}"
2026-06-08 16:59:10,of:0000000000000005,281478979269874,ADDED,40000,10,1395,10,org.onosproject.core,,,,,,"{'criteria': [{'type': 'ETH_TYPE', 'ethType': '0x88cc'}]}","{'instructions': [{'type': 'OUTPUT', 'port': 'CONTROLLER'}], 'clearDeferred': True, 'deferred': []}"
2026-06-08 16:59:10,of:0000000000000006,281475738574217,ADDED,40000,10,1400,10,org.onosproject.core,,,,,,"{'criteria': [{'type': 'ETH_TYPE', 'ethType': '0x88cc'}]}","{'instructions': [{'type': 'OUTPUT', 'port': 'CONTROLLER'}], 'clearDeferred': True, 'deferred': []}"
2026-06-08 16:59:10,of:0000000000000006,281476873293724,ADDED,40000,10,1400,10,org.onosproject.core,,,,,,"{'criteria': [{'type': 'ETH_TYPE', 'ethType': '0x8942'}]}","{'instructions': [{'type': 'OUTPUT', 'port': 'CONTROLLER'}], 'clearDeferred': True, 'deferred': []}"
2026-06-08 16:59:10,of:0000000000000006,281475411377083,ADDED,40000,0,0,10,org.onosproject.core,,,,,,"{'criteria': [{'type': 'ETH_TYPE', 'ethType': '0x806'}]}","{'instructions': [{'type': 'OUTPUT', 'port': 'CONTROLLER'}], 'clearDeferred': True, 'deferred': []}"
2026-06-08 16:59:10,of:0000000000000006,281478888449605,ADDED,5,3,294,10,org.onosproject.core,,,,,,"{'criteria': [{'type': 'ETH_TYPE', 'ethType': '0x800'}]}","{'instructions': [{'type': 'OUTPUT', 'port': 'CONTROLLER'}], 'clearDeferred': True, 'deferred': []}"
2026-06-08 16:59:10,of:0000000000000009,281478887649794,ADDED,40000,12,1672,10,org.onosproject.core,,,,,,"{'criteria': [{'type': 'ETH_TYPE', 'ethType': '0x88cc'}]}","{'instructions': [{'type': 'OUTPUT', 'port': 'CONTROLLER'}], 'clearDeferred': True, 'deferred': []}"
2026-06-08 16:59:10,of:0000000000000009,34902901355594755,ADDED,10,20,1960,9,org.onosproject.fwd,00:00:00:00:00:02,00:00:00:00:00:01,,,3,"{'criteria': [{'type': 'IN_PORT', 'port': 3}, {'type': 'ETH_DST', 'mac': '00:00:00:00:00:01'}, {'type': 'ETH_SRC', 'mac': '00:00:00:00:00:02'}]}","{'instructions': [{'type': 'OUTPUT', 'port': '2'}], 'deferred': []}"
2026-06-08 16:59:10,of:0000000000000009,281474993990194,ADDED,5,66,6468,10,org.onosproject.core,,,,,,"{'criteria': [{'type': 'ETH_TYPE', 'ethType': '0x800'}]}","{'instructions': [{'type': 'OUTPUT', 'port': 'CONTROLLER'}], 'clearDeferred': True, 'deferred': []}"
2026-06-08 16:59:10,of:0000000000000009,34902897501809586,ADDED,10,8,784,7,org.onosproject.fwd,00:00:00:00:00:02,00:00:00:00:00:01,,,2,"{'criteria': [{'type': 'IN_PORT', 'port': 2}, {'type': 'ETH_DST', 'mac': '00:00:00:00:00:01'}, {'type': 'ETH_SRC', 'mac': '00:00:00:00:00:02'}]}","{'instructions': [{'type': 'OUTPUT', 'port': '1'}], 'deferred': []}"
2026-06-08 16:59:10,of:0000000000000009,281476295891648,ADDED,40000,12,1672,10,org.onosproject.core,,,,,,"{'criteria': [{'type': 'ETH_TYPE', 'ethType': '0x8942'}]}","{'instructions': [{'type': 'OUTPUT', 'port': 'CONTROLLER'}], 'clearDeferred': True, 'deferred': []}"
2026-06-08 16:59:10,of:0000000000000009,34902898191767029,ADDED,10,39,3822,9,org.onosproject.fwd,00:00:00:00:00:02,00:00:00:00:00:01,,,1,"{'criteria': [{'type': 'IN_PORT', 'port': 1}, {'type': 'ETH_DST', 'mac': '00:00:00:00:00:01'}, {'type': 'ETH_SRC', 'mac': '00:00:00:00:00:02'}]}","{'instructions': [{'type': 'OUTPUT', 'port': '2'}], 'deferred': []}"
2026-06-08 16:59:10,of:0000000000000009,281479019932926,ADDED,40000,0,0,10,org.onosproject.core,,,,,,"{'criteria': [{'type': 'ETH_TYPE', 'ethType': '0x806'}]}","{'instructions': [{'type': 'OUTPUT', 'port': 'CONTROLLER'}], 'clearDeferred': True, 'deferred': []}"
2026-06-08 16:59:10,of:0000000000000009,34902899619228287,ADDED,10,1,98,10,org.onosproject.fwd,00:00:00:00:00:01,00:00:00:00:00:02,,,2,"{'criteria': [{'type': 'IN_PORT', 'port': 2}, {'type': 'ETH_DST', 'mac': '00:00:00:00:00:02'}, {'type': 'ETH_SRC', 'mac': '00:00:00:00:00:01'}]}","{'instructions': [{'type': 'OUTPUT', 'port': '1'}], 'deferred': []}"
2026-06-08 16:59:15,of:000000000000000c,281479100460205,ADDED,40000,35,4877,15,org.onosproject.core,,,,,,"{'criteria': [{'type': 'ETH_TYPE', 'ethType': '0x88cc'}]}","{'instructions': [{'type': 'OUTPUT', 'port': 'CONTROLLER'}], 'clearDeferred': True, 'deferred': []}"
2026-06-08 16:59:15,of:000000000000000c,281475624796078,ADDED,40000,35,4877,15,org.onosproject.core,,,,,,"{'criteria': [{'type': 'ETH_TYPE', 'ethType': '0x8942'}]}","{'instructions': [{'type': 'OUTPUT', 'port': 'CONTROLLER'}], 'clearDeferred': True, 'deferred': []}"
2026-06-08 16:59:15,of:000000000000000c,281477504901495,ADDED,40000,0,0,15,org.onosproject.core,,,,,,"{'criteria': [{'type': 'ETH_TYPE', 'ethType': '0x806'}]}","{'instructions': [{'type': 'OUTPUT', 'port': 'CONTROLLER'}], 'clearDeferred': True, 'deferred': []}"
2026-06-08 16:59:15,of:000000000000000c,281476292687096,ADDED,5,83,8134,15,org.onosproject.core,,,,,,"{'criteria': [{'type': 'ETH_TYPE', 'ethType': '0x800'}]}","{'instructions': [{'type': 'OUTPUT', 'port': 'CONTROLLER'}], 'clearDeferred': True, 'deferred': []}"
2026-06-08 16:59:15,of:000000000000000d,281478200287907,ADDED,40000,36,5023,15,org.onosproject.core,,,,,,"{'criteria': [{'type': 'ETH_TYPE', 'ethType': '0x88cc'}]}","{'instructions': [{'type': 'OUTPUT', 'port': 'CONTROLLER'}], 'clearDeferred': True, 'deferred': []}"
2026-06-08 16:59:15,of:000000000000000d,281478788468154,ADDED,5,83,8134,15,org.onosproject.core,,,,,,"{'criteria': [{'type': 'ETH_TYPE', 'ethType': '0x800'}]}","{'instructions': [{'type': 'OUTPUT', 'port': 'CONTROLLER'}], 'clearDeferred': True, 'deferred': []}"
2026-06-08 16:59:15,of:000000000000000d,281478012698825,ADDED,40000,36,5023,15,org.onosproject.core,,,,,,"{'criteria': [{'type': 'ETH_TYPE', 'ethType': '0x8942'}]}","{'instructions': [{'type': 'OUTPUT', 'port': 'CONTROLLER'}], 'clearDeferred': True, 'deferred': []}"
2026-06-08 16:59:15,of:000000000000000d,281476618808057,ADDED,40000,0,0,15,org.onosproject.core,,,,,,"{'criteria': [{'type': 'ETH_TYPE', 'ethType': '0x806'}]}","{'instructions': [{'type': 'OUTPUT', 'port': 'CONTROLLER'}], 'clearDeferred': True, 'deferred': []}"
2026-06-08 16:59:15,of:000000000000000a,281477705784245,ADDED,5,3,294,15,org.onosproject.core,,,,,,"{'criteria': [{'type': 'ETH_TYPE', 'ethType': '0x800'}]}","{'instructions': [{'type': 'OUTPUT', 'port': 'CONTROLLER'}], 'clearDeferred': True, 'deferred': []}"
2026-06-08 16:59:15,of:000000000000000a,281475818964416,ADDED,40000,16,2230,15,org.onosproject.core,,,,,,"{'criteria': [{'type': 'ETH_TYPE', 'ethType': '0x8942'}]}","{'instructions': [{'type': 'OUTPUT', 'port': 'CONTROLLER'}], 'clearDeferred': True, 'deferred': []}"
2026-06-08 16:59:15,of:000000000000000a,281477034268888,ADDED,40000,16,2230,15,org.onosproject.core,,,,,,"{'criteria': [{'type': 'ETH_TYPE', 'ethType': '0x88cc'}]}","{'instructions': [{'type': 'OUTPUT', 'port': 'CONTROLLER'}], 'clearDeferred': True, 'deferred': []}"
2026-06-08 16:59:15,of:000000000000000a,281478593105785,ADDED,40000,0,0,15,org.onosproject.core,,,,,,"{'criteria': [{'type': 'ETH_TYPE', 'ethType': '0x806'}]}","{'instructions': [{'type': 'OUTPUT', 'port': 'CONTROLLER'}], 'clearDeferred': True, 'deferred': []}"
2026-06-08 16:59:15,of:000000000000000b,281478277078534,ADDED,5,101,9898,15,org.onosproject.core,,,,,,"{'criteria': [{'type': 'ETH_TYPE', 'ethType': '0x800'}]}","{'instructions': [{'type': 'OUTPUT', 'port': 'CONTROLLER'}], 'clearDeferred': True, 'deferred': []}"
2026-06-08 16:59:15,of:000000000000000b,34902898369757081,ADDED,10,15,1470,14,org.onosproject.fwd,00:00:00:00:00:01,00:00:00:00:00:02,,,1,"{'criteria': [{'type': 'IN_PORT', 'port': 1}, {'type': 'ETH_DST', 'mac': '00:00:00:00:00:02'}, {'type': 'ETH_SRC', 'mac': '00:00:00:00:00:01'}]}","{'instructions': [{'type': 'OUTPUT', 'port': '5'}], 'deferred': []}"
2026-06-08 16:59:15,of:000000000000000b,34902898247549216,ADDED,10,12,1176,12,org.onosproject.fwd,00:00:00:00:00:02,00:00:00:00:00:01,,,4,"{'criteria': [{'type': 'IN_PORT', 'port': 4}, {'type': 'ETH_DST', 'mac': '00:00:00:00:00:01'}, {'type': 'ETH_SRC', 'mac': '00:00:00:00:00:02'}]}","{'instructions': [{'type': 'OUTPUT', 'port': '1'}], 'deferred': []}"
2026-06-08 16:59:15,of:000000000000000b,281476663695951,ADDED,40000,0,0,15,org.onosproject.core,,,,,,"{'criteria': [{'type': 'ETH_TYPE', 'ethType': '0x806'}]}","{'instructions': [{'type': 'OUTPUT', 'port': 'CONTROLLER'}], 'clearDeferred': True, 'deferred': []}"
2026-06-08 16:59:15,of:000000000000000b,34902897663526614,ADDED,10,1,98,12,org.onosproject.fwd,00:00:00:00:00:02,00:00:00:00:00:01,,,6,"{'criteria': [{'type': 'IN_PORT', 'port': 6}, {'type': 'ETH_DST', 'mac': '00:00:00:00:00:01'}, {'type': 'ETH_SRC', 'mac': '00:00:00:00:00:02'}]}","{'instructions': [{'type': 'OUTPUT', 'port': '1'}], 'deferred': []}"
2026-06-08 16:59:15,of:000000000000000b,281476573370203,ADDED,40000,36,5016,15,org.onosproject.core,,,,,,"{'criteria': [{'type': 'ETH_TYPE', 'ethType': '0x88cc'}]}","{'instructions': [{'type': 'OUTPUT', 'port': 'CONTROLLER'}], 'clearDeferred': True, 'deferred': []}"
2026-06-08 16:59:15,of:000000000000000b,281476205675487,ADDED,40000,36,5016,15,org.onosproject.core,,,,,,"{'criteria': [{'type': 'ETH_TYPE', 'ethType': '0x8942'}]}","{'instructions': [{'type': 'OUTPUT', 'port': 'CONTROLLER'}], 'clearDeferred': True, 'deferred': []}"
2026-06-08 16:59:15,of:0000000000000003,281478170942982,ADDED,5,93,9114,15,org.onosproject.core,,,,,,"{'criteria': [{'type': 'ETH_TYPE', 'ethType': '0x800'}]}","{'instructions': [{'type': 'OUTPUT', 'port': 'CONTROLLER'}], 'clearDeferred': True, 'deferred': []}"
2026-06-08 16:59:15,of:0000000000000003,34902901306865815,ADDED,10,39,3822,15,org.onosproject.fwd,00:00:00:00:00:01,00:00:00:00:00:02,,,1,"{'criteria': [{'type': 'IN_PORT', 'port': 1}, {'type': 'ETH_DST', 'mac': '00:00:00:00:00:02'}, {'type': 'ETH_SRC', 'mac': '00:00:00:00:00:01'}]}","{'instructions': [{'type': 'OUTPUT', 'port': '2'}], 'deferred': []}"
2026-06-08 16:59:15,of:0000000000000003,281476661728682,ADDED,40000,12,1674,15,org.onosproject.core,,,,,,"{'criteria': [{'type': 'ETH_TYPE', 'ethType': '0x88cc'}]}","{'instructions': [{'type': 'OUTPUT', 'port': 'CONTROLLER'}], 'clearDeferred': True, 'deferred': []}"
2026-06-08 16:59:15,of:0000000000000003,281477764386537,ADDED,40000,0,0,15,org.onosproject.core,,,,,,"{'criteria': [{'type': 'ETH_TYPE', 'ethType': '0x806'}]}","{'instructions': [{'type': 'OUTPUT', 'port': 'CONTROLLER'}], 'clearDeferred': True, 'deferred': []}"
2026-06-08 16:59:15,of:0000000000000003,281476156249461,ADDED,40000,12,1674,15,org.onosproject.core,,,,,,"{'criteria': [{'type': 'ETH_TYPE', 'ethType': '0x8942'}]}","{'instructions': [{'type': 'OUTPUT', 'port': 'CONTROLLER'}], 'clearDeferred': True, 'deferred': []}"
2026-06-08 16:59:15,of:0000000000000004,281475616213265,ADDED,40000,11,1534,15,org.onosproject.core,,,,,,"{'criteria': [{'type': 'ETH_TYPE', 'ethType': '0x88cc'}]}","{'instructions': [{'type': 'OUTPUT', 'port': 'CONTROLLER'}], 'clearDeferred': True, 'deferred': []}"
2026-06-08 16:59:15,of:0000000000000004,281475265228006,ADDED,40000,0,0,15,org.onosproject.core,,,,,,"{'criteria': [{'type': 'ETH_TYPE', 'ethType': '0x806'}]}","{'instructions': [{'type': 'OUTPUT', 'port': 'CONTROLLER'}], 'clearDeferred': True, 'deferred': []}"
2026-06-08 16:59:15,of:0000000000000004,281477141311986,ADDED,5,88,8624,15,org.onosproject.core,,,,,,"{'criteria': [{'type': 'ETH_TYPE', 'ethType': '0x800'}]}","{'instructions': [{'type': 'OUTPUT', 'port': 'CONTROLLER'}], 'clearDeferred': True, 'deferred': []}"
2026-06-08 16:59:15,of:0000000000000004,281476729151998,ADDED,40000,11,1534,15,org.onosproject.core,,,,,,"{'criteria': [{'type': 'ETH_TYPE', 'ethType': '0x8942'}]}","{'instructions': [{'type': 'OUTPUT', 'port': 'CONTROLLER'}], 'clearDeferred': True, 'deferred': []}"
2026-06-08 16:59:15,of:0000000000000001,281478909873038,ADDED,40000,0,0,15,org.onosproject.core,,,,,,"{'criteria': [{'type': 'ETH_TYPE', 'ethType': '0x806'}]}","{'instructions': [{'type': 'OUTPUT', 'port': 'CONTROLLER'}], 'clearDeferred': True, 'deferred': []}"
2026-06-08 16:59:15,of:0000000000000001,34902899196753573,ADDED,10,15,1470,14,org.onosproject.fwd,00:00:00:00:00:01,00:00:00:00:00:02,,,4,"{'criteria': [{'type': 'IN_PORT', 'port': 4}, {'type': 'ETH_DST', 'mac': '00:00:00:00:00:02'}, {'type': 'ETH_SRC', 'mac': '00:00:00:00:00:01'}]}","{'instructions': [{'type': 'OUTPUT', 'port': '1'}], 'deferred': []}"
2026-06-08 16:59:15,of:0000000000000001,34902898986035913,ADDED,10,25,2450,14,org.onosproject.fwd,00:00:00:00:00:02,00:00:00:00:00:01,,,1,"{'criteria': [{'type': 'IN_PORT', 'port': 1}, {'type': 'ETH_DST', 'mac': '00:00:00:00:00:01'}, {'type': 'ETH_SRC', 'mac': '00:00:00:00:00:02'}]}","{'instructions': [{'type': 'OUTPUT', 'port': '4'}], 'deferred': []}"
2026-06-08 16:59:15,of:0000000000000001,281477466379610,ADDED,40000,19,2660,15,org.onosproject.core,,,,,,"{'criteria': [{'type': 'ETH_TYPE', 'ethType': '0x88cc'}]}","{'instructions': [{'type': 'OUTPUT', 'port': 'CONTROLLER'}], 'clearDeferred': True, 'deferred': []}"
2026-06-08 16:59:15,of:0000000000000001,281475012051420,ADDED,5,76,7448,15,org.onosproject.core,,,,,,"{'criteria': [{'type': 'ETH_TYPE', 'ethType': '0x800'}]}","{'instructions': [{'type': 'OUTPUT', 'port': 'CONTROLLER'}], 'clearDeferred': True, 'deferred': []}"
2026-06-08 16:59:15,of:0000000000000001,281477029321583,ADDED,40000,19,2660,15,org.onosproject.core,,,,,,"{'criteria': [{'type': 'ETH_TYPE', 'ethType': '0x8942'}]}","{'instructions': [{'type': 'OUTPUT', 'port': 'CONTROLLER'}], 'clearDeferred': True, 'deferred': []}"
2026-06-08 16:59:15,of:0000000000000002,281478316350853,ADDED,40000,0,0,15,org.onosproject.core,,,,,,"{'criteria': [{'type': 'ETH_TYPE', 'ethType': '0x806'}]}","{'instructions': [{'type': 'OUTPUT', 'port': 'CONTROLLER'}], 'clearDeferred': True, 'deferred': []}"
2026-06-08 16:59:15,of:0000000000000002,281478673389323,ADDED,40000,14,1953,15,org.onosproject.core,,,,,,"{'criteria': [{'type': 'ETH_TYPE', 'ethType': '0x8942'}]}","{'instructions': [{'type': 'OUTPUT', 'port': 'CONTROLLER'}], 'clearDeferred': True, 'deferred': []}"
2026-06-08 16:59:15,of:0000000000000002,34902898441429785,ADDED,10,13,1274,12,org.onosproject.fwd,00:00:00:00:00:02,00:00:00:00:00:01,,,3,"{'criteria': [{'type': 'IN_PORT', 'port': 3}, {'type': 'ETH_DST', 'mac': '00:00:00:00:00:01'}, {'type': 'ETH_SRC', 'mac': '00:00:00:00:00:02'}]}","{'instructions': [{'type': 'OUTPUT', 'port': '1'}], 'deferred': []}"
2026-06-08 16:59:15,of:0000000000000002,34902899328279504,ADDED,10,45,4410,15,org.onosproject.fwd,00:00:00:00:00:01,00:00:00:00:00:02,,,2,"{'criteria': [{'type': 'IN_PORT', 'port': 2}, {'type': 'ETH_DST', 'mac': '00:00:00:00:00:02'}, {'type': 'ETH_SRC', 'mac': '00:00:00:00:00:01'}]}","{'instructions': [{'type': 'OUTPUT', 'port': '3'}], 'deferred': []}"
2026-06-08 16:59:15,of:0000000000000002,281475022575828,ADDED,40000,14,1953,15,org.onosproject.core,,,,,,"{'criteria': [{'type': 'ETH_TYPE', 'ethType': '0x88cc'}]}","{'instructions': [{'type': 'OUTPUT', 'port': 'CONTROLLER'}], 'clearDeferred': True, 'deferred': []}"
2026-06-08 16:59:15,of:0000000000000002,281475568191580,ADDED,5,47,4606,15,org.onosproject.core,,,,,,"{'criteria': [{'type': 'ETH_TYPE', 'ethType': '0x800'}]}","{'instructions': [{'type': 'OUTPUT', 'port': 'CONTROLLER'}], 'clearDeferred': True, 'deferred': []}"
2026-06-08 16:59:15,of:0000000000000007,281475652364572,ADDED,5,3,294,15,org.onosproject.core,,,,,,"{'criteria': [{'type': 'ETH_TYPE', 'ethType': '0x800'}]}","{'instructions': [{'type': 'OUTPUT', 'port': 'CONTROLLER'}], 'clearDeferred': True, 'deferred': []}"
2026-06-08 16:59:15,of:0000000000000007,281478438392611,ADDED,40000,0,0,15,org.onosproject.core,,,,,,"{'criteria': [{'type': 'ETH_TYPE', 'ethType': '0x806'}]}","{'instructions': [{'type': 'OUTPUT', 'port': 'CONTROLLER'}], 'clearDeferred': True, 'deferred': []}"
2026-06-08 16:59:15,of:0000000000000007,281476350262333,ADDED,40000,12,1680,15,org.onosproject.core,,,,,,"{'criteria': [{'type': 'ETH_TYPE', 'ethType': '0x8942'}]}","{'instructions': [{'type': 'OUTPUT', 'port': 'CONTROLLER'}], 'clearDeferred': True, 'deferred': []}"
2026-06-08 16:59:15,of:0000000000000007,281475000925130,ADDED,40000,12,1680,15,org.onosproject.core,,,,,,"{'criteria': [{'type': 'ETH_TYPE', 'ethType': '0x88cc'}]}","{'instructions': [{'type': 'OUTPUT', 'port': 'CONTROLLER'}], 'clearDeferred': True, 'deferred': []}"
2026-06-08 16:59:15,of:0000000000000008,281476059291414,ADDED,40000,0,0,15,org.onosproject.core,,,,,,"{'criteria': [{'type': 'ETH_TYPE', 'ethType': '0x806'}]}","{'instructions': [{'type': 'OUTPUT', 'port': 'CONTROLLER'}], 'clearDeferred': True, 'deferred': []}"
2026-06-08 16:59:15,of:0000000000000008,281476101349656,ADDED,40000,21,2926,15,org.onosproject.core,,,,,,"{'criteria': [{'type': 'ETH_TYPE', 'ethType': '0x88cc'}]}","{'instructions': [{'type': 'OUTPUT', 'port': 'CONTROLLER'}], 'clearDeferred': True, 'deferred': []}"
2026-06-08 16:59:15,of:0000000000000008,281476270708671,ADDED,40000,21,2926,15,org.onosproject.core,,,,,,"{'criteria': [{'type': 'ETH_TYPE', 'ethType': '0x8942'}]}","{'instructions': [{'type': 'OUTPUT', 'port': 'CONTROLLER'}], 'clearDeferred': True, 'deferred': []}"
2026-06-08 16:59:15,of:0000000000000008,34902898875781211,ADDED,10,37,3626,14,org.onosproject.fwd,00:00:00:00:00:01,00:00:00:00:00:02,,,3,"{'criteria': [{'type': 'IN_PORT', 'port': 3}, {'type': 'ETH_DST', 'mac': '00:00:00:00:00:02'}, {'type': 'ETH_SRC', 'mac': '00:00:00:00:00:01'}]}","{'instructions': [{'type': 'OUTPUT', 'port': '2'}], 'deferred': []}"
2026-06-08 16:59:15,of:0000000000000008,281476010895837,ADDED,5,141,13818,15,org.onosproject.core,,,,,,"{'criteria': [{'type': 'ETH_TYPE', 'ethType': '0x800'}]}","{'instructions': [{'type': 'OUTPUT', 'port': 'CONTROLLER'}], 'clearDeferred': True, 'deferred': []}"
2026-06-08 16:59:15,of:0000000000000005,281478762460478,ADDED,40000,0,0,15,org.onosproject.core,,,,,,"{'criteria': [{'type': 'ETH_TYPE', 'ethType': '0x806'}]}","{'instructions': [{'type': 'OUTPUT', 'port': 'CONTROLLER'}], 'clearDeferred': True, 'deferred': []}"
2026-06-08 16:59:15,of:0000000000000005,281478211273411,ADDED,40000,12,1674,15,org.onosproject.core,,,,,,"{'criteria': [{'type': 'ETH_TYPE', 'ethType': '0x8942'}]}","{'instructions': [{'type': 'OUTPUT', 'port': 'CONTROLLER'}], 'clearDeferred': True, 'deferred': []}"
2026-06-08 16:59:15,of:0000000000000005,281475117841124,ADDED,5,53,5194,15,org.onosproject.core,,,,,,"{'criteria': [{'type': 'ETH_TYPE', 'ethType': '0x800'}]}","{'instructions': [{'type': 'OUTPUT', 'port': 'CONTROLLER'}], 'clearDeferred': True, 'deferred': []}"
2026-06-08 16:59:15,of:0000000000000005,281478979269874,ADDED,40000,12,1674,15,org.onosproject.core,,,,,,"{'criteria': [{'type': 'ETH_TYPE', 'ethType': '0x88cc'}]}","{'instructions': [{'type': 'OUTPUT', 'port': 'CONTROLLER'}], 'clearDeferred': True, 'deferred': []}"
2026-06-08 16:59:15,of:0000000000000006,281475738574217,ADDED,40000,12,1680,15,org.onosproject.core,,,,,,"{'criteria': [{'type': 'ETH_TYPE', 'ethType': '0x88cc'}]}","{'instructions': [{'type': 'OUTPUT', 'port': 'CONTROLLER'}], 'clearDeferred': True, 'deferred': []}"
2026-06-08 16:59:15,of:0000000000000006,281476873293724,ADDED,40000,12,1680,15,org.onosproject.core,,,,,,"{'criteria': [{'type': 'ETH_TYPE', 'ethType': '0x8942'}]}","{'instructions': [{'type': 'OUTPUT', 'port': 'CONTROLLER'}], 'clearDeferred': True, 'deferred': []}"
2026-06-08 16:59:15,of:0000000000000006,281475411377083,ADDED,40000,0,0,15,org.onosproject.core,,,,,,"{'criteria': [{'type': 'ETH_TYPE', 'ethType': '0x806'}]}","{'instructions': [{'type': 'OUTPUT', 'port': 'CONTROLLER'}], 'clearDeferred': True, 'deferred': []}"
2026-06-08 16:59:15,of:0000000000000006,281478888449605,ADDED,5,3,294,15,org.onosproject.core,,,,,,"{'criteria': [{'type': 'ETH_TYPE', 'ethType': '0x800'}]}","{'instructions': [{'type': 'OUTPUT', 'port': 'CONTROLLER'}], 'clearDeferred': True, 'deferred': []}"
2026-06-08 16:59:15,of:0000000000000009,281478887649794,ADDED,40000,18,2508,15,org.onosproject.core,,,,,,"{'criteria': [{'type': 'ETH_TYPE', 'ethType': '0x88cc'}]}","{'instructions': [{'type': 'OUTPUT', 'port': 'CONTROLLER'}], 'clearDeferred': True, 'deferred': []}"
2026-06-08 16:59:15,of:0000000000000009,281474993990194,ADDED,5,66,6468,15,org.onosproject.core,,,,,,"{'criteria': [{'type': 'ETH_TYPE', 'ethType': '0x800'}]}","{'instructions': [{'type': 'OUTPUT', 'port': 'CONTROLLER'}], 'clearDeferred': True, 'deferred': []}"
2026-06-08 16:59:15,of:0000000000000009,281476295891648,ADDED,40000,18,2508,15,org.onosproject.core,,,,,,"{'criteria': [{'type': 'ETH_TYPE', 'ethType': '0x8942'}]}","{'instructions': [{'type': 'OUTPUT', 'port': 'CONTROLLER'}], 'clearDeferred': True, 'deferred': []}"
2026-06-08 16:59:15,of:0000000000000009,281479019932926,ADDED,40000,0,0,15,org.onosproject.core,,,,,,"{'criteria': [{'type': 'ETH_TYPE', 'ethType': '0x806'}]}","{'instructions': [{'type': 'OUTPUT', 'port': 'CONTROLLER'}], 'clearDeferred': True, 'deferred': []}"
2026-06-08 16:59:20,of:000000000000000c,281479100460205,ADDED,40000,46,6410,20,org.onosproject.core,,,,,,"{'criteria': [{'type': 'ETH_TYPE', 'ethType': '0x88cc'}]}","{'instructions': [{'type': 'OUTPUT', 'port': 'CONTROLLER'}], 'clearDeferred': True, 'deferred': []}"
2026-06-08 16:59:20,of:000000000000000c,281475624796078,ADDED,40000,46,6410,20,org.onosproject.core,,,,,,"{'criteria': [{'type': 'ETH_TYPE', 'ethType': '0x8942'}]}","{'instructions': [{'type': 'OUTPUT', 'port': 'CONTROLLER'}], 'clearDeferred': True, 'deferred': []}"
2026-06-08 16:59:20,of:000000000000000c,281477504901495,ADDED,40000,0,0,20,org.onosproject.core,,,,,,"{'criteria': [{'type': 'ETH_TYPE', 'ethType': '0x806'}]}","{'instructions': [{'type': 'OUTPUT', 'port': 'CONTROLLER'}], 'clearDeferred': True, 'deferred': []}"
2026-06-08 16:59:20,of:000000000000000c,281476292687096,ADDED,5,83,8134,20,org.onosproject.core,,,,,,"{'criteria': [{'type': 'ETH_TYPE', 'ethType': '0x800'}]}","{'instructions': [{'type': 'OUTPUT', 'port': 'CONTROLLER'}], 'clearDeferred': True, 'deferred': []}"
2026-06-08 16:59:20,of:000000000000000d,281478200287907,ADDED,40000,42,5860,20,org.onosproject.core,,,,,,"{'criteria': [{'type': 'ETH_TYPE', 'ethType': '0x88cc'}]}","{'instructions': [{'type': 'OUTPUT', 'port': 'CONTROLLER'}], 'clearDeferred': True, 'deferred': []}"
2026-06-08 16:59:20,of:000000000000000d,281478788468154,ADDED,5,83,8134,20,org.onosproject.core,,,,,,"{'criteria': [{'type': 'ETH_TYPE', 'ethType': '0x800'}]}","{'instructions': [{'type': 'OUTPUT', 'port': 'CONTROLLER'}], 'clearDeferred': True, 'deferred': []}"
2026-06-08 16:59:20,of:000000000000000d,281478012698825,ADDED,40000,42,5860,20,org.onosproject.core,,,,,,"{'criteria': [{'type': 'ETH_TYPE', 'ethType': '0x8942'}]}","{'instructions': [{'type': 'OUTPUT', 'port': 'CONTROLLER'}], 'clearDeferred': True, 'deferred': []}"
2026-06-08 16:59:20,of:000000000000000d,281476618808057,ADDED,40000,0,0,20,org.onosproject.core,,,,,,"{'criteria': [{'type': 'ETH_TYPE', 'ethType': '0x806'}]}","{'instructions': [{'type': 'OUTPUT', 'port': 'CONTROLLER'}], 'clearDeferred': True, 'deferred': []}"
2026-06-08 16:59:20,of:000000000000000a,281477705784245,ADDED,5,3,294,20,org.onosproject.core,,,,,,"{'criteria': [{'type': 'ETH_TYPE', 'ethType': '0x800'}]}","{'instructions': [{'type': 'OUTPUT', 'port': 'CONTROLLER'}], 'clearDeferred': True, 'deferred': []}"
2026-06-08 16:59:20,of:000000000000000a,281475818964416,ADDED,40000,20,2788,20,org.onosproject.core,,,,,,"{'criteria': [{'type': 'ETH_TYPE', 'ethType': '0x8942'}]}","{'instructions': [{'type': 'OUTPUT', 'port': 'CONTROLLER'}], 'clearDeferred': True, 'deferred': []}"
2026-06-08 16:59:20,of:000000000000000a,281477034268888,ADDED,40000,20,2788,20,org.onosproject.core,,,,,,"{'criteria': [{'type': 'ETH_TYPE', 'ethType': '0x88cc'}]}","{'instructions': [{'type': 'OUTPUT', 'port': 'CONTROLLER'}], 'clearDeferred': True, 'deferred': []}"
2026-06-08 16:59:20,of:000000000000000a,281478593105785,ADDED,40000,0,0,20,org.onosproject.core,,,,,,"{'criteria': [{'type': 'ETH_TYPE', 'ethType': '0x806'}]}","{'instructions': [{'type': 'OUTPUT', 'port': 'CONTROLLER'}], 'clearDeferred': True, 'deferred': []}"
2026-06-08 16:59:20,of:000000000000000b,281478277078534,ADDED,5,101,9898,20,org.onosproject.core,,,,,,"{'criteria': [{'type': 'ETH_TYPE', 'ethType': '0x800'}]}","{'instructions': [{'type': 'OUTPUT', 'port': 'CONTROLLER'}], 'clearDeferred': True, 'deferred': []}"
2026-06-08 16:59:20,of:000000000000000b,34902898369757081,ADDED,10,20,1960,19,org.onosproject.fwd,00:00:00:00:00:01,00:00:00:00:00:02,,,1,"{'criteria': [{'type': 'IN_PORT', 'port': 1}, {'type': 'ETH_DST', 'mac': '00:00:00:00:00:02'}, {'type': 'ETH_SRC', 'mac': '00:00:00:00:00:01'}]}","{'instructions': [{'type': 'OUTPUT', 'port': '5'}], 'deferred': []}"
2026-06-08 16:59:20,of:000000000000000b,34902898247549216,ADDED,10,17,1666,17,org.onosproject.fwd,00:00:00:00:00:02,00:00:00:00:00:01,,,4,"{'criteria': [{'type': 'IN_PORT', 'port': 4}, {'type': 'ETH_DST', 'mac': '00:00:00:00:00:01'}, {'type': 'ETH_SRC', 'mac': '00:00:00:00:00:02'}]}","{'instructions': [{'type': 'OUTPUT', 'port': '1'}], 'deferred': []}"
2026-06-08 16:59:20,of:000000000000000b,281476663695951,ADDED,40000,0,0,20,org.onosproject.core,,,,,,"{'criteria': [{'type': 'ETH_TYPE', 'ethType': '0x806'}]}","{'instructions': [{'type': 'OUTPUT', 'port': 'CONTROLLER'}], 'clearDeferred': True, 'deferred': []}"
2026-06-08 16:59:20,of:000000000000000b,281476573370203,ADDED,40000,48,6688,20,org.onosproject.core,,,,,,"{'criteria': [{'type': 'ETH_TYPE', 'ethType': '0x88cc'}]}","{'instructions': [{'type': 'OUTPUT', 'port': 'CONTROLLER'}], 'clearDeferred': True, 'deferred': []}"
2026-06-08 16:59:20,of:000000000000000b,281476205675487,ADDED,40000,48,6688,20,org.onosproject.core,,,,,,"{'criteria': [{'type': 'ETH_TYPE', 'ethType': '0x8942'}]}","{'instructions': [{'type': 'OUTPUT', 'port': 'CONTROLLER'}], 'clearDeferred': True, 'deferred': []}"
2026-06-08 16:59:20,of:0000000000000003,281478170942982,ADDED,5,93,9114,20,org.onosproject.core,,,,,,"{'criteria': [{'type': 'ETH_TYPE', 'ethType': '0x800'}]}","{'instructions': [{'type': 'OUTPUT', 'port': 'CONTROLLER'}], 'clearDeferred': True, 'deferred': []}"
2026-06-08 16:59:20,of:0000000000000003,34902901306865815,ADDED,10,44,4312,20,org.onosproject.fwd,00:00:00:00:00:01,00:00:00:00:00:02,,,1,"{'criteria': [{'type': 'IN_PORT', 'port': 1}, {'type': 'ETH_DST', 'mac': '00:00:00:00:00:02'}, {'type': 'ETH_SRC', 'mac': '00:00:00:00:00:01'}]}","{'instructions': [{'type': 'OUTPUT', 'port': '2'}], 'deferred': []}"
2026-06-08 16:59:20,of:0000000000000003,281476661728682,ADDED,40000,16,2232,20,org.onosproject.core,,,,,,"{'criteria': [{'type': 'ETH_TYPE', 'ethType': '0x88cc'}]}","{'instructions': [{'type': 'OUTPUT', 'port': 'CONTROLLER'}], 'clearDeferred': True, 'deferred': []}"
2026-06-08 16:59:20,of:0000000000000003,281477764386537,ADDED,40000,0,0,20,org.onosproject.core,,,,,,"{'criteria': [{'type': 'ETH_TYPE', 'ethType': '0x806'}]}","{'instructions': [{'type': 'OUTPUT', 'port': 'CONTROLLER'}], 'clearDeferred': True, 'deferred': []}"
2026-06-08 16:59:20,of:0000000000000003,281476156249461,ADDED,40000,16,2232,20,org.onosproject.core,,,,,,"{'criteria': [{'type': 'ETH_TYPE', 'ethType': '0x8942'}]}","{'instructions': [{'type': 'OUTPUT', 'port': 'CONTROLLER'}], 'clearDeferred': True, 'deferred': []}"
2026-06-08 16:59:20,of:0000000000000004,281475616213265,ADDED,40000,14,1952,20,org.onosproject.core,,,,,,"{'criteria': [{'type': 'ETH_TYPE', 'ethType': '0x88cc'}]}","{'instructions': [{'type': 'OUTPUT', 'port': 'CONTROLLER'}], 'clearDeferred': True, 'deferred': []}"
2026-06-08 16:59:20,of:0000000000000004,281475265228006,ADDED,40000,0,0,20,org.onosproject.core,,,,,,"{'criteria': [{'type': 'ETH_TYPE', 'ethType': '0x806'}]}","{'instructions': [{'type': 'OUTPUT', 'port': 'CONTROLLER'}], 'clearDeferred': True, 'deferred': []}"
2026-06-08 16:59:20,of:0000000000000004,281477141311986,ADDED,5,88,8624,20,org.onosproject.core,,,,,,"{'criteria': [{'type': 'ETH_TYPE', 'ethType': '0x800'}]}","{'instructions': [{'type': 'OUTPUT', 'port': 'CONTROLLER'}], 'clearDeferred': True, 'deferred': []}"
2026-06-08 16:59:20,of:0000000000000004,281476729151998,ADDED,40000,14,1952,20,org.onosproject.core,,,,,,"{'criteria': [{'type': 'ETH_TYPE', 'ethType': '0x8942'}]}","{'instructions': [{'type': 'OUTPUT', 'port': 'CONTROLLER'}], 'clearDeferred': True, 'deferred': []}"
2026-06-08 16:59:20,of:0000000000000001,281478909873038,ADDED,40000,0,0,20,org.onosproject.core,,,,,,"{'criteria': [{'type': 'ETH_TYPE', 'ethType': '0x806'}]}","{'instructions': [{'type': 'OUTPUT', 'port': 'CONTROLLER'}], 'clearDeferred': True, 'deferred': []}"
2026-06-08 16:59:20,of:0000000000000001,34902899196753573,ADDED,10,20,1960,19,org.onosproject.fwd,00:00:00:00:00:01,00:00:00:00:00:02,,,4,"{'criteria': [{'type': 'IN_PORT', 'port': 4}, {'type': 'ETH_DST', 'mac': '00:00:00:00:00:02'}, {'type': 'ETH_SRC', 'mac': '00:00:00:00:00:01'}]}","{'instructions': [{'type': 'OUTPUT', 'port': '1'}], 'deferred': []}"
2026-06-08 16:59:20,of:0000000000000001,34902898986035913,ADDED,10,29,2842,19,org.onosproject.fwd,00:00:00:00:00:02,00:00:00:00:00:01,,,1,"{'criteria': [{'type': 'IN_PORT', 'port': 1}, {'type': 'ETH_DST', 'mac': '00:00:00:00:00:01'}, {'type': 'ETH_SRC', 'mac': '00:00:00:00:00:02'}]}","{'instructions': [{'type': 'OUTPUT', 'port': '4'}], 'deferred': []}"
2026-06-08 16:59:20,of:0000000000000001,281477466379610,ADDED,40000,22,3080,20,org.onosproject.core,,,,,,"{'criteria': [{'type': 'ETH_TYPE', 'ethType': '0x88cc'}]}","{'instructions': [{'type': 'OUTPUT', 'port': 'CONTROLLER'}], 'clearDeferred': True, 'deferred': []}"
2026-06-08 16:59:20,of:0000000000000001,281475012051420,ADDED,5,76,7448,20,org.onosproject.core,,,,,,"{'criteria': [{'type': 'ETH_TYPE', 'ethType': '0x800'}]}","{'instructions': [{'type': 'OUTPUT', 'port': 'CONTROLLER'}], 'clearDeferred': True, 'deferred': []}"
2026-06-08 16:59:20,of:0000000000000001,281477029321583,ADDED,40000,22,3080,20,org.onosproject.core,,,,,,"{'criteria': [{'type': 'ETH_TYPE', 'ethType': '0x8942'}]}","{'instructions': [{'type': 'OUTPUT', 'port': 'CONTROLLER'}], 'clearDeferred': True, 'deferred': []}"
2026-06-08 16:59:20,of:0000000000000002,281478316350853,ADDED,40000,0,0,20,org.onosproject.core,,,,,,"{'criteria': [{'type': 'ETH_TYPE', 'ethType': '0x806'}]}","{'instructions': [{'type': 'OUTPUT', 'port': 'CONTROLLER'}], 'clearDeferred': True, 'deferred': []}"
2026-06-08 16:59:20,of:0000000000000002,281478673389323,ADDED,40000,16,2232,20,org.onosproject.core,,,,,,"{'criteria': [{'type': 'ETH_TYPE', 'ethType': '0x8942'}]}","{'instructions': [{'type': 'OUTPUT', 'port': 'CONTROLLER'}], 'clearDeferred': True, 'deferred': []}"
2026-06-08 16:59:20,of:0000000000000002,34902898441429785,ADDED,10,17,1666,17,org.onosproject.fwd,00:00:00:00:00:02,00:00:00:00:00:01,,,3,"{'criteria': [{'type': 'IN_PORT', 'port': 3}, {'type': 'ETH_DST', 'mac': '00:00:00:00:00:01'}, {'type': 'ETH_SRC', 'mac': '00:00:00:00:00:02'}]}","{'instructions': [{'type': 'OUTPUT', 'port': '1'}], 'deferred': []}"
2026-06-08 16:59:20,of:0000000000000002,34902899328279504,ADDED,10,50,4900,20,org.onosproject.fwd,00:00:00:00:00:01,00:00:00:00:00:02,,,2,"{'criteria': [{'type': 'IN_PORT', 'port': 2}, {'type': 'ETH_DST', 'mac': '00:00:00:00:00:02'}, {'type': 'ETH_SRC', 'mac': '00:00:00:00:00:01'}]}","{'instructions': [{'type': 'OUTPUT', 'port': '3'}], 'deferred': []}"
2026-06-08 16:59:20,of:0000000000000002,281475022575828,ADDED,40000,16,2232,20,org.onosproject.core,,,,,,"{'criteria': [{'type': 'ETH_TYPE', 'ethType': '0x88cc'}]}","{'instructions': [{'type': 'OUTPUT', 'port': 'CONTROLLER'}], 'clearDeferred': True, 'deferred': []}"
2026-06-08 16:59:20,of:0000000000000002,281475568191580,ADDED,5,47,4606,20,org.onosproject.core,,,,,,"{'criteria': [{'type': 'ETH_TYPE', 'ethType': '0x800'}]}","{'instructions': [{'type': 'OUTPUT', 'port': 'CONTROLLER'}], 'clearDeferred': True, 'deferred': []}"
2026-06-08 16:59:20,of:0000000000000007,281475652364572,ADDED,5,3,294,20,org.onosproject.core,,,,,,"{'criteria': [{'type': 'ETH_TYPE', 'ethType': '0x800'}]}","{'instructions': [{'type': 'OUTPUT', 'port': 'CONTROLLER'}], 'clearDeferred': True, 'deferred': []}"
2026-06-08 16:59:20,of:0000000000000007,281478438392611,ADDED,40000,0,0,20,org.onosproject.core,,,,,,"{'criteria': [{'type': 'ETH_TYPE', 'ethType': '0x806'}]}","{'instructions': [{'type': 'OUTPUT', 'port': 'CONTROLLER'}], 'clearDeferred': True, 'deferred': []}"
2026-06-08 16:59:20,of:0000000000000007,281476350262333,ADDED,40000,16,2240,20,org.onosproject.core,,,,,,"{'criteria': [{'type': 'ETH_TYPE', 'ethType': '0x8942'}]}","{'instructions': [{'type': 'OUTPUT', 'port': 'CONTROLLER'}], 'clearDeferred': True, 'deferred': []}"
2026-06-08 16:59:20,of:0000000000000007,281475000925130,ADDED,40000,16,2240,20,org.onosproject.core,,,,,,"{'criteria': [{'type': 'ETH_TYPE', 'ethType': '0x88cc'}]}","{'instructions': [{'type': 'OUTPUT', 'port': 'CONTROLLER'}], 'clearDeferred': True, 'deferred': []}"
2026-06-08 16:59:20,of:0000000000000008,281476059291414,ADDED,40000,0,0,20,org.onosproject.core,,,,,,"{'criteria': [{'type': 'ETH_TYPE', 'ethType': '0x806'}]}","{'instructions': [{'type': 'OUTPUT', 'port': 'CONTROLLER'}], 'clearDeferred': True, 'deferred': []}"
2026-06-08 16:59:20,of:0000000000000008,281476101349656,ADDED,40000,24,3344,20,org.onosproject.core,,,,,,"{'criteria': [{'type': 'ETH_TYPE', 'ethType': '0x88cc'}]}","{'instructions': [{'type': 'OUTPUT', 'port': 'CONTROLLER'}], 'clearDeferred': True, 'deferred': []}"
2026-06-08 16:59:20,of:0000000000000008,281476270708671,ADDED,40000,24,3344,20,org.onosproject.core,,,,,,"{'criteria': [{'type': 'ETH_TYPE', 'ethType': '0x8942'}]}","{'instructions': [{'type': 'OUTPUT', 'port': 'CONTROLLER'}], 'clearDeferred': True, 'deferred': []}"
2026-06-08 16:59:20,of:0000000000000008,34902898875781211,ADDED,10,42,4116,19,org.onosproject.fwd,00:00:00:00:00:01,00:00:00:00:00:02,,,3,"{'criteria': [{'type': 'IN_PORT', 'port': 3}, {'type': 'ETH_DST', 'mac': '00:00:00:00:00:02'}, {'type': 'ETH_SRC', 'mac': '00:00:00:00:00:01'}]}","{'instructions': [{'type': 'OUTPUT', 'port': '2'}], 'deferred': []}"
2026-06-08 16:59:20,of:0000000000000008,281476010895837,ADDED,5,141,13818,20,org.onosproject.core,,,,,,"{'criteria': [{'type': 'ETH_TYPE', 'ethType': '0x800'}]}","{'instructions': [{'type': 'OUTPUT', 'port': 'CONTROLLER'}], 'clearDeferred': True, 'deferred': []}"
2026-06-08 16:59:20,of:0000000000000005,281478762460478,ADDED,40000,0,0,20,org.onosproject.core,,,,,,"{'criteria': [{'type': 'ETH_TYPE', 'ethType': '0x806'}]}","{'instructions': [{'type': 'OUTPUT', 'port': 'CONTROLLER'}], 'clearDeferred': True, 'deferred': []}"
2026-06-08 16:59:20,of:0000000000000005,281478211273411,ADDED,40000,16,2232,20,org.onosproject.core,,,,,,"{'criteria': [{'type': 'ETH_TYPE', 'ethType': '0x8942'}]}","{'instructions': [{'type': 'OUTPUT', 'port': 'CONTROLLER'}], 'clearDeferred': True, 'deferred': []}"
2026-06-08 16:59:20,of:0000000000000005,281475117841124,ADDED,5,53,5194,20,org.onosproject.core,,,,,,"{'criteria': [{'type': 'ETH_TYPE', 'ethType': '0x800'}]}","{'instructions': [{'type': 'OUTPUT', 'port': 'CONTROLLER'}], 'clearDeferred': True, 'deferred': []}"
2026-06-08 16:59:20,of:0000000000000005,281478979269874,ADDED,40000,16,2232,20,org.onosproject.core,,,,,,"{'criteria': [{'type': 'ETH_TYPE', 'ethType': '0x88cc'}]}","{'instructions': [{'type': 'OUTPUT', 'port': 'CONTROLLER'}], 'clearDeferred': True, 'deferred': []}"
2026-06-08 16:59:20,of:0000000000000006,281475738574217,ADDED,40000,16,2240,20,org.onosproject.core,,,,,,"{'criteria': [{'type': 'ETH_TYPE', 'ethType': '0x88cc'}]}","{'instructions': [{'type': 'OUTPUT', 'port': 'CONTROLLER'}], 'clearDeferred': True, 'deferred': []}"
2026-06-08 16:59:20,of:0000000000000006,281476873293724,ADDED,40000,16,2240,20,org.onosproject.core,,,,,,"{'criteria': [{'type': 'ETH_TYPE', 'ethType': '0x8942'}]}","{'instructions': [{'type': 'OUTPUT', 'port': 'CONTROLLER'}], 'clearDeferred': True, 'deferred': []}"
2026-06-08 16:59:20,of:0000000000000006,281475411377083,ADDED,40000,0,0,20,org.onosproject.core,,,,,,"{'criteria': [{'type': 'ETH_TYPE', 'ethType': '0x806'}]}","{'instructions': [{'type': 'OUTPUT', 'port': 'CONTROLLER'}], 'clearDeferred': True, 'deferred': []}"
2026-06-08 16:59:20,of:0000000000000006,281478888449605,ADDED,5,3,294,20,org.onosproject.core,,,,,,"{'criteria': [{'type': 'ETH_TYPE', 'ethType': '0x800'}]}","{'instructions': [{'type': 'OUTPUT', 'port': 'CONTROLLER'}], 'clearDeferred': True, 'deferred': []}"
2026-06-08 16:59:20,of:0000000000000009,281478887649794,ADDED,40000,21,2926,20,org.onosproject.core,,,,,,"{'criteria': [{'type': 'ETH_TYPE', 'ethType': '0x88cc'}]}","{'instructions': [{'type': 'OUTPUT', 'port': 'CONTROLLER'}], 'clearDeferred': True, 'deferred': []}"
2026-06-08 16:59:20,of:0000000000000009,281474993990194,ADDED,5,66,6468,20,org.onosproject.core,,,,,,"{'criteria': [{'type': 'ETH_TYPE', 'ethType': '0x800'}]}","{'instructions': [{'type': 'OUTPUT', 'port': 'CONTROLLER'}], 'clearDeferred': True, 'deferred': []}"
2026-06-08 16:59:20,of:0000000000000009,281476295891648,ADDED,40000,21,2926,20,org.onosproject.core,,,,,,"{'criteria': [{'type': 'ETH_TYPE', 'ethType': '0x8942'}]}","{'instructions': [{'type': 'OUTPUT', 'port': 'CONTROLLER'}], 'clearDeferred': True, 'deferred': []}"
2026-06-08 16:59:20,of:0000000000000009,281479019932926,ADDED,40000,0,0,20,org.onosproject.core,,,,,,"{'criteria': [{'type': 'ETH_TYPE', 'ethType': '0x806'}]}","{'instructions': [{'type': 'OUTPUT', 'port': 'CONTROLLER'}], 'clearDeferred': True, 'deferred': []}"
2026-06-08 16:59:25,of:000000000000000c,281479100460205,ADDED,40000,58,8082,25,org.onosproject.core,,,,,,"{'criteria': [{'type': 'ETH_TYPE', 'ethType': '0x88cc'}]}","{'instructions': [{'type': 'OUTPUT', 'port': 'CONTROLLER'}], 'clearDeferred': True, 'deferred': []}"
2026-06-08 16:59:25,of:000000000000000c,281475624796078,ADDED,40000,58,8082,25,org.onosproject.core,,,,,,"{'criteria': [{'type': 'ETH_TYPE', 'ethType': '0x8942'}]}","{'instructions': [{'type': 'OUTPUT', 'port': 'CONTROLLER'}], 'clearDeferred': True, 'deferred': []}"
2026-06-08 16:59:25,of:000000000000000c,281477504901495,ADDED,40000,0,0,25,org.onosproject.core,,,,,,"{'criteria': [{'type': 'ETH_TYPE', 'ethType': '0x806'}]}","{'instructions': [{'type': 'OUTPUT', 'port': 'CONTROLLER'}], 'clearDeferred': True, 'deferred': []}"
2026-06-08 16:59:25,of:000000000000000c,281476292687096,ADDED,5,83,8134,25,org.onosproject.core,,,,,,"{'criteria': [{'type': 'ETH_TYPE', 'ethType': '0x800'}]}","{'instructions': [{'type': 'OUTPUT', 'port': 'CONTROLLER'}], 'clearDeferred': True, 'deferred': []}"
2026-06-08 16:59:25,of:000000000000000d,281478200287907,ADDED,40000,54,7534,25,org.onosproject.core,,,,,,"{'criteria': [{'type': 'ETH_TYPE', 'ethType': '0x88cc'}]}","{'instructions': [{'type': 'OUTPUT', 'port': 'CONTROLLER'}], 'clearDeferred': True, 'deferred': []}"
2026-06-08 16:59:25,of:000000000000000d,281478788468154,ADDED,5,83,8134,25,org.onosproject.core,,,,,,"{'criteria': [{'type': 'ETH_TYPE', 'ethType': '0x800'}]}","{'instructions': [{'type': 'OUTPUT', 'port': 'CONTROLLER'}], 'clearDeferred': True, 'deferred': []}"
2026-06-08 16:59:25,of:000000000000000d,281478012698825,ADDED,40000,54,7534,25,org.onosproject.core,,,,,,"{'criteria': [{'type': 'ETH_TYPE', 'ethType': '0x8942'}]}","{'instructions': [{'type': 'OUTPUT', 'port': 'CONTROLLER'}], 'clearDeferred': True, 'deferred': []}"
2026-06-08 16:59:25,of:000000000000000d,281476618808057,ADDED,40000,0,0,25,org.onosproject.core,,,,,,"{'criteria': [{'type': 'ETH_TYPE', 'ethType': '0x806'}]}","{'instructions': [{'type': 'OUTPUT', 'port': 'CONTROLLER'}], 'clearDeferred': True, 'deferred': []}"
2026-06-08 16:59:25,of:000000000000000a,281477705784245,ADDED,5,3,294,25,org.onosproject.core,,,,,,"{'criteria': [{'type': 'ETH_TYPE', 'ethType': '0x800'}]}","{'instructions': [{'type': 'OUTPUT', 'port': 'CONTROLLER'}], 'clearDeferred': True, 'deferred': []}"
2026-06-08 16:59:25,of:000000000000000a,281475818964416,ADDED,40000,26,3624,25,org.onosproject.core,,,,,,"{'criteria': [{'type': 'ETH_TYPE', 'ethType': '0x8942'}]}","{'instructions': [{'type': 'OUTPUT', 'port': 'CONTROLLER'}], 'clearDeferred': True, 'deferred': []}"
2026-06-08 16:59:25,of:000000000000000a,281477034268888,ADDED,40000,26,3624,25,org.onosproject.core,,,,,,"{'criteria': [{'type': 'ETH_TYPE', 'ethType': '0x88cc'}]}","{'instructions': [{'type': 'OUTPUT', 'port': 'CONTROLLER'}], 'clearDeferred': True, 'deferred': []}"
2026-06-08 16:59:25,of:000000000000000a,281478593105785,ADDED,40000,0,0,25,org.onosproject.core,,,,,,"{'criteria': [{'type': 'ETH_TYPE', 'ethType': '0x806'}]}","{'instructions': [{'type': 'OUTPUT', 'port': 'CONTROLLER'}], 'clearDeferred': True, 'deferred': []}"
2026-06-08 16:59:25,of:000000000000000b,281478277078534,ADDED,5,101,9898,25,org.onosproject.core,,,,,,"{'criteria': [{'type': 'ETH_TYPE', 'ethType': '0x800'}]}","{'instructions': [{'type': 'OUTPUT', 'port': 'CONTROLLER'}], 'clearDeferred': True, 'deferred': []}"
2026-06-08 16:59:25,of:000000000000000b,34902898369757081,ADDED,10,25,2450,24,org.onosproject.fwd,00:00:00:00:00:01,00:00:00:00:00:02,,,1,"{'criteria': [{'type': 'IN_PORT', 'port': 1}, {'type': 'ETH_DST', 'mac': '00:00:00:00:00:02'}, {'type': 'ETH_SRC', 'mac': '00:00:00:00:00:01'}]}","{'instructions': [{'type': 'OUTPUT', 'port': '5'}], 'deferred': []}"
2026-06-08 16:59:25,of:000000000000000b,34902898247549216,ADDED,10,22,2156,22,org.onosproject.fwd,00:00:00:00:00:02,00:00:00:00:00:01,,,4,"{'criteria': [{'type': 'IN_PORT', 'port': 4}, {'type': 'ETH_DST', 'mac': '00:00:00:00:00:01'}, {'type': 'ETH_SRC', 'mac': '00:00:00:00:00:02'}]}","{'instructions': [{'type': 'OUTPUT', 'port': '1'}], 'deferred': []}"
2026-06-08 16:59:25,of:000000000000000b,281476663695951,ADDED,40000,0,0,25,org.onosproject.core,,,,,,"{'criteria': [{'type': 'ETH_TYPE', 'ethType': '0x806'}]}","{'instructions': [{'type': 'OUTPUT', 'port': 'CONTROLLER'}], 'clearDeferred': True, 'deferred': []}"
2026-06-08 16:59:25,of:000000000000000b,281476573370203,ADDED,40000,60,8360,25,org.onosproject.core,,,,,,"{'criteria': [{'type': 'ETH_TYPE', 'ethType': '0x88cc'}]}","{'instructions': [{'type': 'OUTPUT', 'port': 'CONTROLLER'}], 'clearDeferred': True, 'deferred': []}"
2026-06-08 16:59:25,of:000000000000000b,281476205675487,ADDED,40000,60,8360,25,org.onosproject.core,,,,,,"{'criteria': [{'type': 'ETH_TYPE', 'ethType': '0x8942'}]}","{'instructions': [{'type': 'OUTPUT', 'port': 'CONTROLLER'}], 'clearDeferred': True, 'deferred': []}"
2026-06-08 16:59:25,of:0000000000000003,281478170942982,ADDED,5,93,9114,25,org.onosproject.core,,,,,,"{'criteria': [{'type': 'ETH_TYPE', 'ethType': '0x800'}]}","{'instructions': [{'type': 'OUTPUT', 'port': 'CONTROLLER'}], 'clearDeferred': True, 'deferred': []}"
2026-06-08 16:59:25,of:0000000000000003,34902901306865815,ADDED,10,49,4802,25,org.onosproject.fwd,00:00:00:00:00:01,00:00:00:00:00:02,,,1,"{'criteria': [{'type': 'IN_PORT', 'port': 1}, {'type': 'ETH_DST', 'mac': '00:00:00:00:00:02'}, {'type': 'ETH_SRC', 'mac': '00:00:00:00:00:01'}]}","{'instructions': [{'type': 'OUTPUT', 'port': '2'}], 'deferred': []}"
2026-06-08 16:59:25,of:0000000000000003,281476661728682,ADDED,40000,20,2790,25,org.onosproject.core,,,,,,"{'criteria': [{'type': 'ETH_TYPE', 'ethType': '0x88cc'}]}","{'instructions': [{'type': 'OUTPUT', 'port': 'CONTROLLER'}], 'clearDeferred': True, 'deferred': []}"
2026-06-08 16:59:25,of:0000000000000003,281477764386537,ADDED,40000,0,0,25,org.onosproject.core,,,,,,"{'criteria': [{'type': 'ETH_TYPE', 'ethType': '0x806'}]}","{'instructions': [{'type': 'OUTPUT', 'port': 'CONTROLLER'}], 'clearDeferred': True, 'deferred': []}"
2026-06-08 16:59:25,of:0000000000000003,281476156249461,ADDED,40000,20,2790,25,org.onosproject.core,,,,,,"{'criteria': [{'type': 'ETH_TYPE', 'ethType': '0x8942'}]}","{'instructions': [{'type': 'OUTPUT', 'port': 'CONTROLLER'}], 'clearDeferred': True, 'deferred': []}"
2026-06-08 16:59:25,of:0000000000000004,281475616213265,ADDED,40000,18,2510,25,org.onosproject.core,,,,,,"{'criteria': [{'type': 'ETH_TYPE', 'ethType': '0x88cc'}]}","{'instructions': [{'type': 'OUTPUT', 'port': 'CONTROLLER'}], 'clearDeferred': True, 'deferred': []}"
2026-06-08 16:59:25,of:0000000000000004,281475265228006,ADDED,40000,0,0,25,org.onosproject.core,,,,,,"{'criteria': [{'type': 'ETH_TYPE', 'ethType': '0x806'}]}","{'instructions': [{'type': 'OUTPUT', 'port': 'CONTROLLER'}], 'clearDeferred': True, 'deferred': []}"
2026-06-08 16:59:25,of:0000000000000004,281477141311986,ADDED,5,88,8624,25,org.onosproject.core,,,,,,"{'criteria': [{'type': 'ETH_TYPE', 'ethType': '0x800'}]}","{'instructions': [{'type': 'OUTPUT', 'port': 'CONTROLLER'}], 'clearDeferred': True, 'deferred': []}"
2026-06-08 16:59:25,of:0000000000000004,281476729151998,ADDED,40000,18,2510,25,org.onosproject.core,,,,,,"{'criteria': [{'type': 'ETH_TYPE', 'ethType': '0x8942'}]}","{'instructions': [{'type': 'OUTPUT', 'port': 'CONTROLLER'}], 'clearDeferred': True, 'deferred': []}"
2026-06-08 16:59:25,of:0000000000000001,281478909873038,ADDED,40000,0,0,25,org.onosproject.core,,,,,,"{'criteria': [{'type': 'ETH_TYPE', 'ethType': '0x806'}]}","{'instructions': [{'type': 'OUTPUT', 'port': 'CONTROLLER'}], 'clearDeferred': True, 'deferred': []}"
2026-06-08 16:59:25,of:0000000000000001,34902899196753573,ADDED,10,24,2352,24,org.onosproject.fwd,00:00:00:00:00:01,00:00:00:00:00:02,,,4,"{'criteria': [{'type': 'IN_PORT', 'port': 4}, {'type': 'ETH_DST', 'mac': '00:00:00:00:00:02'}, {'type': 'ETH_SRC', 'mac': '00:00:00:00:00:01'}]}","{'instructions': [{'type': 'OUTPUT', 'port': '1'}], 'deferred': []}"
2026-06-08 16:59:25,of:0000000000000001,34902898986035913,ADDED,10,34,3332,24,org.onosproject.fwd,00:00:00:00:00:02,00:00:00:00:00:01,,,1,"{'criteria': [{'type': 'IN_PORT', 'port': 1}, {'type': 'ETH_DST', 'mac': '00:00:00:00:00:01'}, {'type': 'ETH_SRC', 'mac': '00:00:00:00:00:02'}]}","{'instructions': [{'type': 'OUTPUT', 'port': '4'}], 'deferred': []}"
2026-06-08 16:59:25,of:0000000000000001,281477466379610,ADDED,40000,28,3920,25,org.onosproject.core,,,,,,"{'criteria': [{'type': 'ETH_TYPE', 'ethType': '0x88cc'}]}","{'instructions': [{'type': 'OUTPUT', 'port': 'CONTROLLER'}], 'clearDeferred': True, 'deferred': []}"
2026-06-08 16:59:25,of:0000000000000001,281475012051420,ADDED,5,76,7448,25,org.onosproject.core,,,,,,"{'criteria': [{'type': 'ETH_TYPE', 'ethType': '0x800'}]}","{'instructions': [{'type': 'OUTPUT', 'port': 'CONTROLLER'}], 'clearDeferred': True, 'deferred': []}"
2026-06-08 16:59:25,of:0000000000000001,281477029321583,ADDED,40000,28,3920,25,org.onosproject.core,,,,,,"{'criteria': [{'type': 'ETH_TYPE', 'ethType': '0x8942'}]}","{'instructions': [{'type': 'OUTPUT', 'port': 'CONTROLLER'}], 'clearDeferred': True, 'deferred': []}"
2026-06-08 16:59:25,of:0000000000000002,281478316350853,ADDED,40000,0,0,25,org.onosproject.core,,,,,,"{'criteria': [{'type': 'ETH_TYPE', 'ethType': '0x806'}]}","{'instructions': [{'type': 'OUTPUT', 'port': 'CONTROLLER'}], 'clearDeferred': True, 'deferred': []}"
2026-06-08 16:59:25,of:0000000000000002,281478673389323,ADDED,40000,20,2790,25,org.onosproject.core,,,,,,"{'criteria': [{'type': 'ETH_TYPE', 'ethType': '0x8942'}]}","{'instructions': [{'type': 'OUTPUT', 'port': 'CONTROLLER'}], 'clearDeferred': True, 'deferred': []}"
2026-06-08 16:59:25,of:0000000000000002,34902898441429785,ADDED,10,22,2156,22,org.onosproject.fwd,00:00:00:00:00:02,00:00:00:00:00:01,,,3,"{'criteria': [{'type': 'IN_PORT', 'port': 3}, {'type': 'ETH_DST', 'mac': '00:00:00:00:00:01'}, {'type': 'ETH_SRC', 'mac': '00:00:00:00:00:02'}]}","{'instructions': [{'type': 'OUTPUT', 'port': '1'}], 'deferred': []}"
2026-06-08 16:59:25,of:0000000000000002,34902899328279504,ADDED,10,54,5292,25,org.onosproject.fwd,00:00:00:00:00:01,00:00:00:00:00:02,,,2,"{'criteria': [{'type': 'IN_PORT', 'port': 2}, {'type': 'ETH_DST', 'mac': '00:00:00:00:00:02'}, {'type': 'ETH_SRC', 'mac': '00:00:00:00:00:01'}]}","{'instructions': [{'type': 'OUTPUT', 'port': '3'}], 'deferred': []}"
2026-06-08 16:59:25,of:0000000000000002,281475022575828,ADDED,40000,20,2790,25,org.onosproject.core,,,,,,"{'criteria': [{'type': 'ETH_TYPE', 'ethType': '0x88cc'}]}","{'instructions': [{'type': 'OUTPUT', 'port': 'CONTROLLER'}], 'clearDeferred': True, 'deferred': []}"
2026-06-08 16:59:25,of:0000000000000002,281475568191580,ADDED,5,47,4606,25,org.onosproject.core,,,,,,"{'criteria': [{'type': 'ETH_TYPE', 'ethType': '0x800'}]}","{'instructions': [{'type': 'OUTPUT', 'port': 'CONTROLLER'}], 'clearDeferred': True, 'deferred': []}"
2026-06-08 16:59:25,of:0000000000000007,281475652364572,ADDED,5,3,294,25,org.onosproject.core,,,,,,"{'criteria': [{'type': 'ETH_TYPE', 'ethType': '0x800'}]}","{'instructions': [{'type': 'OUTPUT', 'port': 'CONTROLLER'}], 'clearDeferred': True, 'deferred': []}"
2026-06-08 16:59:25,of:0000000000000007,281478438392611,ADDED,40000,0,0,25,org.onosproject.core,,,,,,"{'criteria': [{'type': 'ETH_TYPE', 'ethType': '0x806'}]}","{'instructions': [{'type': 'OUTPUT', 'port': 'CONTROLLER'}], 'clearDeferred': True, 'deferred': []}"
2026-06-08 16:59:25,of:0000000000000007,281476350262333,ADDED,40000,20,2800,25,org.onosproject.core,,,,,,"{'criteria': [{'type': 'ETH_TYPE', 'ethType': '0x8942'}]}","{'instructions': [{'type': 'OUTPUT', 'port': 'CONTROLLER'}], 'clearDeferred': True, 'deferred': []}"
2026-06-08 16:59:25,of:0000000000000007,281475000925130,ADDED,40000,20,2800,25,org.onosproject.core,,,,,,"{'criteria': [{'type': 'ETH_TYPE', 'ethType': '0x88cc'}]}","{'instructions': [{'type': 'OUTPUT', 'port': 'CONTROLLER'}], 'clearDeferred': True, 'deferred': []}"
2026-06-08 16:59:25,of:0000000000000008,281476059291414,ADDED,40000,0,0,25,org.onosproject.core,,,,,,"{'criteria': [{'type': 'ETH_TYPE', 'ethType': '0x806'}]}","{'instructions': [{'type': 'OUTPUT', 'port': 'CONTROLLER'}], 'clearDeferred': True, 'deferred': []}"
2026-06-08 16:59:25,of:0000000000000008,281476101349656,ADDED,40000,30,4180,25,org.onosproject.core,,,,,,"{'criteria': [{'type': 'ETH_TYPE', 'ethType': '0x88cc'}]}","{'instructions': [{'type': 'OUTPUT', 'port': 'CONTROLLER'}], 'clearDeferred': True, 'deferred': []}"
2026-06-08 16:59:25,of:0000000000000008,281476270708671,ADDED,40000,30,4180,25,org.onosproject.core,,,,,,"{'criteria': [{'type': 'ETH_TYPE', 'ethType': '0x8942'}]}","{'instructions': [{'type': 'OUTPUT', 'port': 'CONTROLLER'}], 'clearDeferred': True, 'deferred': []}"
2026-06-08 16:59:25,of:0000000000000008,34902898875781211,ADDED,10,46,4508,24,org.onosproject.fwd,00:00:00:00:00:01,00:00:00:00:00:02,,,3,"{'criteria': [{'type': 'IN_PORT', 'port': 3}, {'type': 'ETH_DST', 'mac': '00:00:00:00:00:02'}, {'type': 'ETH_SRC', 'mac': '00:00:00:00:00:01'}]}","{'instructions': [{'type': 'OUTPUT', 'port': '2'}], 'deferred': []}"
2026-06-08 16:59:25,of:0000000000000008,281476010895837,ADDED,5,141,13818,25,org.onosproject.core,,,,,,"{'criteria': [{'type': 'ETH_TYPE', 'ethType': '0x800'}]}","{'instructions': [{'type': 'OUTPUT', 'port': 'CONTROLLER'}], 'clearDeferred': True, 'deferred': []}"
2026-06-08 16:59:25,of:0000000000000005,281478762460478,ADDED,40000,0,0,25,org.onosproject.core,,,,,,"{'criteria': [{'type': 'ETH_TYPE', 'ethType': '0x806'}]}","{'instructions': [{'type': 'OUTPUT', 'port': 'CONTROLLER'}], 'clearDeferred': True, 'deferred': []}"
2026-06-08 16:59:25,of:0000000000000005,281478211273411,ADDED,40000,20,2790,25,org.onosproject.core,,,,,,"{'criteria': [{'type': 'ETH_TYPE', 'ethType': '0x8942'}]}","{'instructions': [{'type': 'OUTPUT', 'port': 'CONTROLLER'}], 'clearDeferred': True, 'deferred': []}"
2026-06-08 16:59:25,of:0000000000000005,281475117841124,ADDED,5,53,5194,25,org.onosproject.core,,,,,,"{'criteria': [{'type': 'ETH_TYPE', 'ethType': '0x800'}]}","{'instructions': [{'type': 'OUTPUT', 'port': 'CONTROLLER'}], 'clearDeferred': True, 'deferred': []}"
2026-06-08 16:59:25,of:0000000000000005,281478979269874,ADDED,40000,20,2790,25,org.onosproject.core,,,,,,"{'criteria': [{'type': 'ETH_TYPE', 'ethType': '0x88cc'}]}","{'instructions': [{'type': 'OUTPUT', 'port': 'CONTROLLER'}], 'clearDeferred': True, 'deferred': []}"
2026-06-08 16:59:25,of:0000000000000006,281475738574217,ADDED,40000,20,2800,25,org.onosproject.core,,,,,,"{'criteria': [{'type': 'ETH_TYPE', 'ethType': '0x88cc'}]}","{'instructions': [{'type': 'OUTPUT', 'port': 'CONTROLLER'}], 'clearDeferred': True, 'deferred': []}"
2026-06-08 16:59:25,of:0000000000000006,281476873293724,ADDED,40000,20,2800,25,org.onosproject.core,,,,,,"{'criteria': [{'type': 'ETH_TYPE', 'ethType': '0x8942'}]}","{'instructions': [{'type': 'OUTPUT', 'port': 'CONTROLLER'}], 'clearDeferred': True, 'deferred': []}"
2026-06-08 16:59:25,of:0000000000000006,281475411377083,ADDED,40000,0,0,25,org.onosproject.core,,,,,,"{'criteria': [{'type': 'ETH_TYPE', 'ethType': '0x806'}]}","{'instructions': [{'type': 'OUTPUT', 'port': 'CONTROLLER'}], 'clearDeferred': True, 'deferred': []}"
2026-06-08 16:59:25,of:0000000000000006,281478888449605,ADDED,5,3,294,25,org.onosproject.core,,,,,,"{'criteria': [{'type': 'ETH_TYPE', 'ethType': '0x800'}]}","{'instructions': [{'type': 'OUTPUT', 'port': 'CONTROLLER'}], 'clearDeferred': True, 'deferred': []}"
2026-06-08 16:59:25,of:0000000000000009,281478887649794,ADDED,40000,27,3762,25,org.onosproject.core,,,,,,"{'criteria': [{'type': 'ETH_TYPE', 'ethType': '0x88cc'}]}","{'instructions': [{'type': 'OUTPUT', 'port': 'CONTROLLER'}], 'clearDeferred': True, 'deferred': []}"
2026-06-08 16:59:25,of:0000000000000009,281474993990194,ADDED,5,66,6468,25,org.onosproject.core,,,,,,"{'criteria': [{'type': 'ETH_TYPE', 'ethType': '0x800'}]}","{'instructions': [{'type': 'OUTPUT', 'port': 'CONTROLLER'}], 'clearDeferred': True, 'deferred': []}"
2026-06-08 16:59:25,of:0000000000000009,281476295891648,ADDED,40000,27,3762,25,org.onosproject.core,,,,,,"{'criteria': [{'type': 'ETH_TYPE', 'ethType': '0x8942'}]}","{'instructions': [{'type': 'OUTPUT', 'port': 'CONTROLLER'}], 'clearDeferred': True, 'deferred': []}"
2026-06-08 16:59:25,of:0000000000000009,281479019932926,ADDED,40000,0,0,25,org.onosproject.core,,,,,,"{'criteria': [{'type': 'ETH_TYPE', 'ethType': '0x806'}]}","{'instructions': [{'type': 'OUTPUT', 'port': 'CONTROLLER'}], 'clearDeferred': True, 'deferred': []}"
2026-06-08 16:59:30,of:000000000000000c,281479100460205,ADDED,40000,64,8918,30,org.onosproject.core,,,,,,"{'criteria': [{'type': 'ETH_TYPE', 'ethType': '0x88cc'}]}","{'instructions': [{'type': 'OUTPUT', 'port': 'CONTROLLER'}], 'clearDeferred': True, 'deferred': []}"
2026-06-08 16:59:30,of:000000000000000c,281475624796078,ADDED,40000,64,8918,30,org.onosproject.core,,,,,,"{'criteria': [{'type': 'ETH_TYPE', 'ethType': '0x8942'}]}","{'instructions': [{'type': 'OUTPUT', 'port': 'CONTROLLER'}], 'clearDeferred': True, 'deferred': []}"
2026-06-08 16:59:30,of:000000000000000c,281477504901495,ADDED,40000,0,0,30,org.onosproject.core,,,,,,"{'criteria': [{'type': 'ETH_TYPE', 'ethType': '0x806'}]}","{'instructions': [{'type': 'OUTPUT', 'port': 'CONTROLLER'}], 'clearDeferred': True, 'deferred': []}"
2026-06-08 16:59:30,of:000000000000000c,281476292687096,ADDED,5,83,8134,30,org.onosproject.core,,,,,,"{'criteria': [{'type': 'ETH_TYPE', 'ethType': '0x800'}]}","{'instructions': [{'type': 'OUTPUT', 'port': 'CONTROLLER'}], 'clearDeferred': True, 'deferred': []}"
2026-06-08 16:59:30,of:000000000000000d,281478200287907,ADDED,40000,60,8371,30,org.onosproject.core,,,,,,"{'criteria': [{'type': 'ETH_TYPE', 'ethType': '0x88cc'}]}","{'instructions': [{'type': 'OUTPUT', 'port': 'CONTROLLER'}], 'clearDeferred': True, 'deferred': []}"
2026-06-08 16:59:30,of:000000000000000d,281478788468154,ADDED,5,83,8134,30,org.onosproject.core,,,,,,"{'criteria': [{'type': 'ETH_TYPE', 'ethType': '0x800'}]}","{'instructions': [{'type': 'OUTPUT', 'port': 'CONTROLLER'}], 'clearDeferred': True, 'deferred': []}"
2026-06-08 16:59:30,of:000000000000000d,281478012698825,ADDED,40000,60,8371,30,org.onosproject.core,,,,,,"{'criteria': [{'type': 'ETH_TYPE', 'ethType': '0x8942'}]}","{'instructions': [{'type': 'OUTPUT', 'port': 'CONTROLLER'}], 'clearDeferred': True, 'deferred': []}"
2026-06-08 16:59:30,of:000000000000000d,281476618808057,ADDED,40000,0,0,30,org.onosproject.core,,,,,,"{'criteria': [{'type': 'ETH_TYPE', 'ethType': '0x806'}]}","{'instructions': [{'type': 'OUTPUT', 'port': 'CONTROLLER'}], 'clearDeferred': True, 'deferred': []}"
2026-06-08 16:59:30,of:000000000000000a,281477705784245,ADDED,5,3,294,30,org.onosproject.core,,,,,,"{'criteria': [{'type': 'ETH_TYPE', 'ethType': '0x800'}]}","{'instructions': [{'type': 'OUTPUT', 'port': 'CONTROLLER'}], 'clearDeferred': True, 'deferred': []}"
2026-06-08 16:59:30,of:000000000000000a,281475818964416,ADDED,40000,29,4042,30,org.onosproject.core,,,,,,"{'criteria': [{'type': 'ETH_TYPE', 'ethType': '0x8942'}]}","{'instructions': [{'type': 'OUTPUT', 'port': 'CONTROLLER'}], 'clearDeferred': True, 'deferred': []}"
2026-06-08 16:59:30,of:000000000000000a,281477034268888,ADDED,40000,29,4042,30,org.onosproject.core,,,,,,"{'criteria': [{'type': 'ETH_TYPE', 'ethType': '0x88cc'}]}","{'instructions': [{'type': 'OUTPUT', 'port': 'CONTROLLER'}], 'clearDeferred': True, 'deferred': []}"
2026-06-08 16:59:30,of:000000000000000a,281478593105785,ADDED,40000,0,0,30,org.onosproject.core,,,,,,"{'criteria': [{'type': 'ETH_TYPE', 'ethType': '0x806'}]}","{'instructions': [{'type': 'OUTPUT', 'port': 'CONTROLLER'}], 'clearDeferred': True, 'deferred': []}"
2026-06-08 16:59:30,of:000000000000000b,281478277078534,ADDED,5,101,9898,30,org.onosproject.core,,,,,,"{'criteria': [{'type': 'ETH_TYPE', 'ethType': '0x800'}]}","{'instructions': [{'type': 'OUTPUT', 'port': 'CONTROLLER'}], 'clearDeferred': True, 'deferred': []}"
2026-06-08 16:59:30,of:000000000000000b,34902898369757081,ADDED,10,30,2940,29,org.onosproject.fwd,00:00:00:00:00:01,00:00:00:00:00:02,,,1,"{'criteria': [{'type': 'IN_PORT', 'port': 1}, {'type': 'ETH_DST', 'mac': '00:00:00:00:00:02'}, {'type': 'ETH_SRC', 'mac': '00:00:00:00:00:01'}]}","{'instructions': [{'type': 'OUTPUT', 'port': '5'}], 'deferred': []}"
2026-06-08 16:59:30,of:000000000000000b,34902898247549216,ADDED,10,27,2646,27,org.onosproject.fwd,00:00:00:00:00:02,00:00:00:00:00:01,,,4,"{'criteria': [{'type': 'IN_PORT', 'port': 4}, {'type': 'ETH_DST', 'mac': '00:00:00:00:00:01'}, {'type': 'ETH_SRC', 'mac': '00:00:00:00:00:02'}]}","{'instructions': [{'type': 'OUTPUT', 'port': '1'}], 'deferred': []}"
2026-06-08 16:59:30,of:000000000000000b,281476663695951,ADDED,40000,0,0,30,org.onosproject.core,,,,,,"{'criteria': [{'type': 'ETH_TYPE', 'ethType': '0x806'}]}","{'instructions': [{'type': 'OUTPUT', 'port': 'CONTROLLER'}], 'clearDeferred': True, 'deferred': []}"
2026-06-08 16:59:30,of:000000000000000b,281476573370203,ADDED,40000,66,9196,30,org.onosproject.core,,,,,,"{'criteria': [{'type': 'ETH_TYPE', 'ethType': '0x88cc'}]}","{'instructions': [{'type': 'OUTPUT', 'port': 'CONTROLLER'}], 'clearDeferred': True, 'deferred': []}"
2026-06-08 16:59:30,of:000000000000000b,281476205675487,ADDED,40000,66,9196,30,org.onosproject.core,,,,,,"{'criteria': [{'type': 'ETH_TYPE', 'ethType': '0x8942'}]}","{'instructions': [{'type': 'OUTPUT', 'port': 'CONTROLLER'}], 'clearDeferred': True, 'deferred': []}"
2026-06-08 16:59:30,of:0000000000000003,281478170942982,ADDED,5,93,9114,30,org.onosproject.core,,,,,,"{'criteria': [{'type': 'ETH_TYPE', 'ethType': '0x800'}]}","{'instructions': [{'type': 'OUTPUT', 'port': 'CONTROLLER'}], 'clearDeferred': True, 'deferred': []}"
2026-06-08 16:59:30,of:0000000000000003,34902901306865815,ADDED,10,54,5292,30,org.onosproject.fwd,00:00:00:00:00:01,00:00:00:00:00:02,,,1,"{'criteria': [{'type': 'IN_PORT', 'port': 1}, {'type': 'ETH_DST', 'mac': '00:00:00:00:00:02'}, {'type': 'ETH_SRC', 'mac': '00:00:00:00:00:01'}]}","{'instructions': [{'type': 'OUTPUT', 'port': '2'}], 'deferred': []}"
2026-06-08 16:59:30,of:0000000000000003,281476661728682,ADDED,40000,22,3069,30,org.onosproject.core,,,,,,"{'criteria': [{'type': 'ETH_TYPE', 'ethType': '0x88cc'}]}","{'instructions': [{'type': 'OUTPUT', 'port': 'CONTROLLER'}], 'clearDeferred': True, 'deferred': []}"
2026-06-08 16:59:30,of:0000000000000003,281477764386537,ADDED,40000,0,0,30,org.onosproject.core,,,,,,"{'criteria': [{'type': 'ETH_TYPE', 'ethType': '0x806'}]}","{'instructions': [{'type': 'OUTPUT', 'port': 'CONTROLLER'}], 'clearDeferred': True, 'deferred': []}"
2026-06-08 16:59:30,of:0000000000000003,281476156249461,ADDED,40000,22,3069,30,org.onosproject.core,,,,,,"{'criteria': [{'type': 'ETH_TYPE', 'ethType': '0x8942'}]}","{'instructions': [{'type': 'OUTPUT', 'port': 'CONTROLLER'}], 'clearDeferred': True, 'deferred': []}"
2026-06-08 16:59:30,of:0000000000000004,281475616213265,ADDED,40000,20,2789,30,org.onosproject.core,,,,,,"{'criteria': [{'type': 'ETH_TYPE', 'ethType': '0x88cc'}]}","{'instructions': [{'type': 'OUTPUT', 'port': 'CONTROLLER'}], 'clearDeferred': True, 'deferred': []}"
2026-06-08 16:59:30,of:0000000000000004,281475265228006,ADDED,40000,0,0,30,org.onosproject.core,,,,,,"{'criteria': [{'type': 'ETH_TYPE', 'ethType': '0x806'}]}","{'instructions': [{'type': 'OUTPUT', 'port': 'CONTROLLER'}], 'clearDeferred': True, 'deferred': []}"
2026-06-08 16:59:30,of:0000000000000004,281477141311986,ADDED,5,88,8624,30,org.onosproject.core,,,,,,"{'criteria': [{'type': 'ETH_TYPE', 'ethType': '0x800'}]}","{'instructions': [{'type': 'OUTPUT', 'port': 'CONTROLLER'}], 'clearDeferred': True, 'deferred': []}"
2026-06-08 16:59:30,of:0000000000000004,281476729151998,ADDED,40000,20,2789,30,org.onosproject.core,,,,,,"{'criteria': [{'type': 'ETH_TYPE', 'ethType': '0x8942'}]}","{'instructions': [{'type': 'OUTPUT', 'port': 'CONTROLLER'}], 'clearDeferred': True, 'deferred': []}"
2026-06-08 16:59:30,of:0000000000000001,281478909873038,ADDED,40000,0,0,30,org.onosproject.core,,,,,,"{'criteria': [{'type': 'ETH_TYPE', 'ethType': '0x806'}]}","{'instructions': [{'type': 'OUTPUT', 'port': 'CONTROLLER'}], 'clearDeferred': True, 'deferred': []}"
2026-06-08 16:59:30,of:0000000000000001,34902899196753573,ADDED,10,29,2842,29,org.onosproject.fwd,00:00:00:00:00:01,00:00:00:00:00:02,,,4,"{'criteria': [{'type': 'IN_PORT', 'port': 4}, {'type': 'ETH_DST', 'mac': '00:00:00:00:00:02'}, {'type': 'ETH_SRC', 'mac': '00:00:00:00:00:01'}]}","{'instructions': [{'type': 'OUTPUT', 'port': '1'}], 'deferred': []}"
2026-06-08 16:59:30,of:0000000000000001,34902898986035913,ADDED,10,39,3822,29,org.onosproject.fwd,00:00:00:00:00:02,00:00:00:00:00:01,,,1,"{'criteria': [{'type': 'IN_PORT', 'port': 1}, {'type': 'ETH_DST', 'mac': '00:00:00:00:00:01'}, {'type': 'ETH_SRC', 'mac': '00:00:00:00:00:02'}]}","{'instructions': [{'type': 'OUTPUT', 'port': '4'}], 'deferred': []}"
2026-06-08 16:59:30,of:0000000000000001,281477466379610,ADDED,40000,31,4340,30,org.onosproject.core,,,,,,"{'criteria': [{'type': 'ETH_TYPE', 'ethType': '0x88cc'}]}","{'instructions': [{'type': 'OUTPUT', 'port': 'CONTROLLER'}], 'clearDeferred': True, 'deferred': []}"
2026-06-08 16:59:30,of:0000000000000001,281475012051420,ADDED,5,76,7448,30,org.onosproject.core,,,,,,"{'criteria': [{'type': 'ETH_TYPE', 'ethType': '0x800'}]}","{'instructions': [{'type': 'OUTPUT', 'port': 'CONTROLLER'}], 'clearDeferred': True, 'deferred': []}"
2026-06-08 16:59:30,of:0000000000000001,281477029321583,ADDED,40000,31,4340,30,org.onosproject.core,,,,,,"{'criteria': [{'type': 'ETH_TYPE', 'ethType': '0x8942'}]}","{'instructions': [{'type': 'OUTPUT', 'port': 'CONTROLLER'}], 'clearDeferred': True, 'deferred': []}"
2026-06-08 16:59:30,of:0000000000000002,281478316350853,ADDED,40000,0,0,30,org.onosproject.core,,,,,,"{'criteria': [{'type': 'ETH_TYPE', 'ethType': '0x806'}]}","{'instructions': [{'type': 'OUTPUT', 'port': 'CONTROLLER'}], 'clearDeferred': True, 'deferred': []}"
2026-06-08 16:59:30,of:0000000000000002,281478673389323,ADDED,40000,22,3069,30,org.onosproject.core,,,,,,"{'criteria': [{'type': 'ETH_TYPE', 'ethType': '0x8942'}]}","{'instructions': [{'type': 'OUTPUT', 'port': 'CONTROLLER'}], 'clearDeferred': True, 'deferred': []}"
2026-06-08 16:59:30,of:0000000000000002,34902898441429785,ADDED,10,27,2646,27,org.onosproject.fwd,00:00:00:00:00:02,00:00:00:00:00:01,,,3,"{'criteria': [{'type': 'IN_PORT', 'port': 3}, {'type': 'ETH_DST', 'mac': '00:00:00:00:00:01'}, {'type': 'ETH_SRC', 'mac': '00:00:00:00:00:02'}]}","{'instructions': [{'type': 'OUTPUT', 'port': '1'}], 'deferred': []}"
2026-06-08 16:59:30,of:0000000000000002,34902899328279504,ADDED,10,59,5782,30,org.onosproject.fwd,00:00:00:00:00:01,00:00:00:00:00:02,,,2,"{'criteria': [{'type': 'IN_PORT', 'port': 2}, {'type': 'ETH_DST', 'mac': '00:00:00:00:00:02'}, {'type': 'ETH_SRC', 'mac': '00:00:00:00:00:01'}]}","{'instructions': [{'type': 'OUTPUT', 'port': '3'}], 'deferred': []}"
2026-06-08 16:59:30,of:0000000000000002,281475022575828,ADDED,40000,22,3069,30,org.onosproject.core,,,,,,"{'criteria': [{'type': 'ETH_TYPE', 'ethType': '0x88cc'}]}","{'instructions': [{'type': 'OUTPUT', 'port': 'CONTROLLER'}], 'clearDeferred': True, 'deferred': []}"
2026-06-08 16:59:30,of:0000000000000002,281475568191580,ADDED,5,47,4606,30,org.onosproject.core,,,,,,"{'criteria': [{'type': 'ETH_TYPE', 'ethType': '0x800'}]}","{'instructions': [{'type': 'OUTPUT', 'port': 'CONTROLLER'}], 'clearDeferred': True, 'deferred': []}"
2026-06-08 16:59:30,of:0000000000000007,281475652364572,ADDED,5,3,294,30,org.onosproject.core,,,,,,"{'criteria': [{'type': 'ETH_TYPE', 'ethType': '0x800'}]}","{'instructions': [{'type': 'OUTPUT', 'port': 'CONTROLLER'}], 'clearDeferred': True, 'deferred': []}"
2026-06-08 16:59:30,of:0000000000000007,281478438392611,ADDED,40000,0,0,30,org.onosproject.core,,,,,,"{'criteria': [{'type': 'ETH_TYPE', 'ethType': '0x806'}]}","{'instructions': [{'type': 'OUTPUT', 'port': 'CONTROLLER'}], 'clearDeferred': True, 'deferred': []}"
2026-06-08 16:59:30,of:0000000000000007,281476350262333,ADDED,40000,22,3080,30,org.onosproject.core,,,,,,"{'criteria': [{'type': 'ETH_TYPE', 'ethType': '0x8942'}]}","{'instructions': [{'type': 'OUTPUT', 'port': 'CONTROLLER'}], 'clearDeferred': True, 'deferred': []}"
2026-06-08 16:59:30,of:0000000000000007,281475000925130,ADDED,40000,22,3080,30,org.onosproject.core,,,,,,"{'criteria': [{'type': 'ETH_TYPE', 'ethType': '0x88cc'}]}","{'instructions': [{'type': 'OUTPUT', 'port': 'CONTROLLER'}], 'clearDeferred': True, 'deferred': []}"
2026-06-08 16:59:30,of:0000000000000008,281476059291414,ADDED,40000,0,0,30,org.onosproject.core,,,,,,"{'criteria': [{'type': 'ETH_TYPE', 'ethType': '0x806'}]}","{'instructions': [{'type': 'OUTPUT', 'port': 'CONTROLLER'}], 'clearDeferred': True, 'deferred': []}"
2026-06-08 16:59:30,of:0000000000000008,281476101349656,ADDED,40000,33,4598,30,org.onosproject.core,,,,,,"{'criteria': [{'type': 'ETH_TYPE', 'ethType': '0x88cc'}]}","{'instructions': [{'type': 'OUTPUT', 'port': 'CONTROLLER'}], 'clearDeferred': True, 'deferred': []}"
2026-06-08 16:59:30,of:0000000000000008,281476270708671,ADDED,40000,33,4598,30,org.onosproject.core,,,,,,"{'criteria': [{'type': 'ETH_TYPE', 'ethType': '0x8942'}]}","{'instructions': [{'type': 'OUTPUT', 'port': 'CONTROLLER'}], 'clearDeferred': True, 'deferred': []}"
2026-06-08 16:59:30,of:0000000000000008,34902898875781211,ADDED,10,51,4998,29,org.onosproject.fwd,00:00:00:00:00:01,00:00:00:00:00:02,,,3,"{'criteria': [{'type': 'IN_PORT', 'port': 3}, {'type': 'ETH_DST', 'mac': '00:00:00:00:00:02'}, {'type': 'ETH_SRC', 'mac': '00:00:00:00:00:01'}]}","{'instructions': [{'type': 'OUTPUT', 'port': '2'}], 'deferred': []}"
2026-06-08 16:59:30,of:0000000000000008,281476010895837,ADDED,5,141,13818,30,org.onosproject.core,,,,,,"{'criteria': [{'type': 'ETH_TYPE', 'ethType': '0x800'}]}","{'instructions': [{'type': 'OUTPUT', 'port': 'CONTROLLER'}], 'clearDeferred': True, 'deferred': []}"
2026-06-08 16:59:30,of:0000000000000005,281478762460478,ADDED,40000,0,0,30,org.onosproject.core,,,,,,"{'criteria': [{'type': 'ETH_TYPE', 'ethType': '0x806'}]}","{'instructions': [{'type': 'OUTPUT', 'port': 'CONTROLLER'}], 'clearDeferred': True, 'deferred': []}"
2026-06-08 16:59:30,of:0000000000000005,281478211273411,ADDED,40000,22,3069,30,org.onosproject.core,,,,,,"{'criteria': [{'type': 'ETH_TYPE', 'ethType': '0x8942'}]}","{'instructions': [{'type': 'OUTPUT', 'port': 'CONTROLLER'}], 'clearDeferred': True, 'deferred': []}"
2026-06-08 16:59:30,of:0000000000000005,281475117841124,ADDED,5,53,5194,30,org.onosproject.core,,,,,,"{'criteria': [{'type': 'ETH_TYPE', 'ethType': '0x800'}]}","{'instructions': [{'type': 'OUTPUT', 'port': 'CONTROLLER'}], 'clearDeferred': True, 'deferred': []}"
2026-06-08 16:59:30,of:0000000000000005,281478979269874,ADDED,40000,22,3069,30,org.onosproject.core,,,,,,"{'criteria': [{'type': 'ETH_TYPE', 'ethType': '0x88cc'}]}","{'instructions': [{'type': 'OUTPUT', 'port': 'CONTROLLER'}], 'clearDeferred': True, 'deferred': []}"
2026-06-08 16:59:30,of:0000000000000006,281475738574217,ADDED,40000,22,3080,30,org.onosproject.core,,,,,,"{'criteria': [{'type': 'ETH_TYPE', 'ethType': '0x88cc'}]}","{'instructions': [{'type': 'OUTPUT', 'port': 'CONTROLLER'}], 'clearDeferred': True, 'deferred': []}"
2026-06-08 16:59:30,of:0000000000000006,281476873293724,ADDED,40000,22,3080,30,org.onosproject.core,,,,,,"{'criteria': [{'type': 'ETH_TYPE', 'ethType': '0x8942'}]}","{'instructions': [{'type': 'OUTPUT', 'port': 'CONTROLLER'}], 'clearDeferred': True, 'deferred': []}"
2026-06-08 16:59:30,of:0000000000000006,281475411377083,ADDED,40000,0,0,30,org.onosproject.core,,,,,,"{'criteria': [{'type': 'ETH_TYPE', 'ethType': '0x806'}]}","{'instructions': [{'type': 'OUTPUT', 'port': 'CONTROLLER'}], 'clearDeferred': True, 'deferred': []}"
2026-06-08 16:59:30,of:0000000000000006,281478888449605,ADDED,5,3,294,30,org.onosproject.core,,,,,,"{'criteria': [{'type': 'ETH_TYPE', 'ethType': '0x800'}]}","{'instructions': [{'type': 'OUTPUT', 'port': 'CONTROLLER'}], 'clearDeferred': True, 'deferred': []}"
2026-06-08 16:59:30,of:0000000000000009,281478887649794,ADDED,40000,30,4180,30,org.onosproject.core,,,,,,"{'criteria': [{'type': 'ETH_TYPE', 'ethType': '0x88cc'}]}","{'instructions': [{'type': 'OUTPUT', 'port': 'CONTROLLER'}], 'clearDeferred': True, 'deferred': []}"
2026-06-08 16:59:30,of:0000000000000009,281474993990194,ADDED,5,66,6468,30,org.onosproject.core,,,,,,"{'criteria': [{'type': 'ETH_TYPE', 'ethType': '0x800'}]}","{'instructions': [{'type': 'OUTPUT', 'port': 'CONTROLLER'}], 'clearDeferred': True, 'deferred': []}"
2026-06-08 16:59:30,of:0000000000000009,281476295891648,ADDED,40000,30,4180,30,org.onosproject.core,,,,,,"{'criteria': [{'type': 'ETH_TYPE', 'ethType': '0x8942'}]}","{'instructions': [{'type': 'OUTPUT', 'port': 'CONTROLLER'}], 'clearDeferred': True, 'deferred': []}"
2026-06-08 16:59:30,of:0000000000000009,281479019932926,ADDED,40000,0,0,30,org.onosproject.core,,,,,,"{'criteria': [{'type': 'ETH_TYPE', 'ethType': '0x806'}]}","{'instructions': [{'type': 'OUTPUT', 'port': 'CONTROLLER'}], 'clearDeferred': True, 'deferred': []}"
2026-06-08 16:59:35,of:000000000000000c,281479100460205,ADDED,40000,76,10590,35,org.onosproject.core,,,,,,"{'criteria': [{'type': 'ETH_TYPE', 'ethType': '0x88cc'}]}","{'instructions': [{'type': 'OUTPUT', 'port': 'CONTROLLER'}], 'clearDeferred': True, 'deferred': []}"
2026-06-08 16:59:35,of:000000000000000c,281475624796078,ADDED,40000,76,10590,35,org.onosproject.core,,,,,,"{'criteria': [{'type': 'ETH_TYPE', 'ethType': '0x8942'}]}","{'instructions': [{'type': 'OUTPUT', 'port': 'CONTROLLER'}], 'clearDeferred': True, 'deferred': []}"
2026-06-08 16:59:35,of:000000000000000c,281477504901495,ADDED,40000,0,0,35,org.onosproject.core,,,,,,"{'criteria': [{'type': 'ETH_TYPE', 'ethType': '0x806'}]}","{'instructions': [{'type': 'OUTPUT', 'port': 'CONTROLLER'}], 'clearDeferred': True, 'deferred': []}"
2026-06-08 16:59:35,of:000000000000000c,281476292687096,ADDED,5,83,8134,35,org.onosproject.core,,,,,,"{'criteria': [{'type': 'ETH_TYPE', 'ethType': '0x800'}]}","{'instructions': [{'type': 'OUTPUT', 'port': 'CONTROLLER'}], 'clearDeferred': True, 'deferred': []}"
2026-06-08 16:59:35,of:000000000000000d,281478200287907,ADDED,40000,72,10045,35,org.onosproject.core,,,,,,"{'criteria': [{'type': 'ETH_TYPE', 'ethType': '0x88cc'}]}","{'instructions': [{'type': 'OUTPUT', 'port': 'CONTROLLER'}], 'clearDeferred': True, 'deferred': []}"
2026-06-08 16:59:35,of:000000000000000d,281478788468154,ADDED,5,83,8134,35,org.onosproject.core,,,,,,"{'criteria': [{'type': 'ETH_TYPE', 'ethType': '0x800'}]}","{'instructions': [{'type': 'OUTPUT', 'port': 'CONTROLLER'}], 'clearDeferred': True, 'deferred': []}"
2026-06-08 16:59:35,of:000000000000000d,281478012698825,ADDED,40000,72,10045,35,org.onosproject.core,,,,,,"{'criteria': [{'type': 'ETH_TYPE', 'ethType': '0x8942'}]}","{'instructions': [{'type': 'OUTPUT', 'port': 'CONTROLLER'}], 'clearDeferred': True, 'deferred': []}"
2026-06-08 16:59:35,of:000000000000000d,281476618808057,ADDED,40000,0,0,35,org.onosproject.core,,,,,,"{'criteria': [{'type': 'ETH_TYPE', 'ethType': '0x806'}]}","{'instructions': [{'type': 'OUTPUT', 'port': 'CONTROLLER'}], 'clearDeferred': True, 'deferred': []}"
2026-06-08 16:59:35,of:000000000000000a,281477705784245,ADDED,5,3,294,35,org.onosproject.core,,,,,,"{'criteria': [{'type': 'ETH_TYPE', 'ethType': '0x800'}]}","{'instructions': [{'type': 'OUTPUT', 'port': 'CONTROLLER'}], 'clearDeferred': True, 'deferred': []}"
2026-06-08 16:59:35,of:000000000000000a,281475818964416,ADDED,40000,35,4878,35,org.onosproject.core,,,,,,"{'criteria': [{'type': 'ETH_TYPE', 'ethType': '0x8942'}]}","{'instructions': [{'type': 'OUTPUT', 'port': 'CONTROLLER'}], 'clearDeferred': True, 'deferred': []}"
2026-06-08 16:59:35,of:000000000000000a,281477034268888,ADDED,40000,35,4878,35,org.onosproject.core,,,,,,"{'criteria': [{'type': 'ETH_TYPE', 'ethType': '0x88cc'}]}","{'instructions': [{'type': 'OUTPUT', 'port': 'CONTROLLER'}], 'clearDeferred': True, 'deferred': []}"
2026-06-08 16:59:35,of:000000000000000a,281478593105785,ADDED,40000,0,0,35,org.onosproject.core,,,,,,"{'criteria': [{'type': 'ETH_TYPE', 'ethType': '0x806'}]}","{'instructions': [{'type': 'OUTPUT', 'port': 'CONTROLLER'}], 'clearDeferred': True, 'deferred': []}"
2026-06-08 16:59:35,of:000000000000000b,281478277078534,ADDED,5,101,9898,35,org.onosproject.core,,,,,,"{'criteria': [{'type': 'ETH_TYPE', 'ethType': '0x800'}]}","{'instructions': [{'type': 'OUTPUT', 'port': 'CONTROLLER'}], 'clearDeferred': True, 'deferred': []}"
2026-06-08 16:59:35,of:000000000000000b,34902898369757081,ADDED,10,35,3430,34,org.onosproject.fwd,00:00:00:00:00:01,00:00:00:00:00:02,,,1,"{'criteria': [{'type': 'IN_PORT', 'port': 1}, {'type': 'ETH_DST', 'mac': '00:00:00:00:00:02'}, {'type': 'ETH_SRC', 'mac': '00:00:00:00:00:01'}]}","{'instructions': [{'type': 'OUTPUT', 'port': '5'}], 'deferred': []}"
2026-06-08 16:59:35,of:000000000000000b,34902898247549216,ADDED,10,32,3136,32,org.onosproject.fwd,00:00:00:00:00:02,00:00:00:00:00:01,,,4,"{'criteria': [{'type': 'IN_PORT', 'port': 4}, {'type': 'ETH_DST', 'mac': '00:00:00:00:00:01'}, {'type': 'ETH_SRC', 'mac': '00:00:00:00:00:02'}]}","{'instructions': [{'type': 'OUTPUT', 'port': '1'}], 'deferred': []}"
2026-06-08 16:59:35,of:000000000000000b,281476663695951,ADDED,40000,0,0,35,org.onosproject.core,,,,,,"{'criteria': [{'type': 'ETH_TYPE', 'ethType': '0x806'}]}","{'instructions': [{'type': 'OUTPUT', 'port': 'CONTROLLER'}], 'clearDeferred': True, 'deferred': []}"
2026-06-08 16:59:35,of:000000000000000b,281476573370203,ADDED,40000,78,10868,35,org.onosproject.core,,,,,,"{'criteria': [{'type': 'ETH_TYPE', 'ethType': '0x88cc'}]}","{'instructions': [{'type': 'OUTPUT', 'port': 'CONTROLLER'}], 'clearDeferred': True, 'deferred': []}"
2026-06-08 16:59:35,of:000000000000000b,281476205675487,ADDED,40000,78,10868,35,org.onosproject.core,,,,,,"{'criteria': [{'type': 'ETH_TYPE', 'ethType': '0x8942'}]}","{'instructions': [{'type': 'OUTPUT', 'port': 'CONTROLLER'}], 'clearDeferred': True, 'deferred': []}"
2026-06-08 16:59:35,of:0000000000000003,281478170942982,ADDED,5,93,9114,35,org.onosproject.core,,,,,,"{'criteria': [{'type': 'ETH_TYPE', 'ethType': '0x800'}]}","{'instructions': [{'type': 'OUTPUT', 'port': 'CONTROLLER'}], 'clearDeferred': True, 'deferred': []}"
2026-06-08 16:59:35,of:0000000000000003,34902901306865815,ADDED,10,59,5782,35,org.onosproject.fwd,00:00:00:00:00:01,00:00:00:00:00:02,,,1,"{'criteria': [{'type': 'IN_PORT', 'port': 1}, {'type': 'ETH_DST', 'mac': '00:00:00:00:00:02'}, {'type': 'ETH_SRC', 'mac': '00:00:00:00:00:01'}]}","{'instructions': [{'type': 'OUTPUT', 'port': '2'}], 'deferred': []}"
2026-06-08 16:59:35,of:0000000000000003,281476661728682,ADDED,40000,26,3627,35,org.onosproject.core,,,,,,"{'criteria': [{'type': 'ETH_TYPE', 'ethType': '0x88cc'}]}","{'instructions': [{'type': 'OUTPUT', 'port': 'CONTROLLER'}], 'clearDeferred': True, 'deferred': []}"
2026-06-08 16:59:35,of:0000000000000003,281477764386537,ADDED,40000,0,0,35,org.onosproject.core,,,,,,"{'criteria': [{'type': 'ETH_TYPE', 'ethType': '0x806'}]}","{'instructions': [{'type': 'OUTPUT', 'port': 'CONTROLLER'}], 'clearDeferred': True, 'deferred': []}"
2026-06-08 16:59:35,of:0000000000000003,281476156249461,ADDED,40000,26,3627,35,org.onosproject.core,,,,,,"{'criteria': [{'type': 'ETH_TYPE', 'ethType': '0x8942'}]}","{'instructions': [{'type': 'OUTPUT', 'port': 'CONTROLLER'}], 'clearDeferred': True, 'deferred': []}"
2026-06-08 16:59:35,of:0000000000000004,281475616213265,ADDED,40000,24,3347,35,org.onosproject.core,,,,,,"{'criteria': [{'type': 'ETH_TYPE', 'ethType': '0x88cc'}]}","{'instructions': [{'type': 'OUTPUT', 'port': 'CONTROLLER'}], 'clearDeferred': True, 'deferred': []}"
2026-06-08 16:59:35,of:0000000000000004,281475265228006,ADDED,40000,0,0,35,org.onosproject.core,,,,,,"{'criteria': [{'type': 'ETH_TYPE', 'ethType': '0x806'}]}","{'instructions': [{'type': 'OUTPUT', 'port': 'CONTROLLER'}], 'clearDeferred': True, 'deferred': []}"
2026-06-08 16:59:35,of:0000000000000004,281477141311986,ADDED,5,88,8624,35,org.onosproject.core,,,,,,"{'criteria': [{'type': 'ETH_TYPE', 'ethType': '0x800'}]}","{'instructions': [{'type': 'OUTPUT', 'port': 'CONTROLLER'}], 'clearDeferred': True, 'deferred': []}"
2026-06-08 16:59:35,of:0000000000000004,281476729151998,ADDED,40000,24,3347,35,org.onosproject.core,,,,,,"{'criteria': [{'type': 'ETH_TYPE', 'ethType': '0x8942'}]}","{'instructions': [{'type': 'OUTPUT', 'port': 'CONTROLLER'}], 'clearDeferred': True, 'deferred': []}"
2026-06-08 16:59:35,of:0000000000000001,281478909873038,ADDED,40000,0,0,35,org.onosproject.core,,,,,,"{'criteria': [{'type': 'ETH_TYPE', 'ethType': '0x806'}]}","{'instructions': [{'type': 'OUTPUT', 'port': 'CONTROLLER'}], 'clearDeferred': True, 'deferred': []}"
2026-06-08 16:59:35,of:0000000000000001,34902899196753573,ADDED,10,34,3332,34,org.onosproject.fwd,00:00:00:00:00:01,00:00:00:00:00:02,,,4,"{'criteria': [{'type': 'IN_PORT', 'port': 4}, {'type': 'ETH_DST', 'mac': '00:00:00:00:00:02'}, {'type': 'ETH_SRC', 'mac': '00:00:00:00:00:01'}]}","{'instructions': [{'type': 'OUTPUT', 'port': '1'}], 'deferred': []}"
2026-06-08 16:59:35,of:0000000000000001,34902898986035913,ADDED,10,44,4312,34,org.onosproject.fwd,00:00:00:00:00:02,00:00:00:00:00:01,,,1,"{'criteria': [{'type': 'IN_PORT', 'port': 1}, {'type': 'ETH_DST', 'mac': '00:00:00:00:00:01'}, {'type': 'ETH_SRC', 'mac': '00:00:00:00:00:02'}]}","{'instructions': [{'type': 'OUTPUT', 'port': '4'}], 'deferred': []}"
2026-06-08 16:59:35,of:0000000000000001,281477466379610,ADDED,40000,37,5180,35,org.onosproject.core,,,,,,"{'criteria': [{'type': 'ETH_TYPE', 'ethType': '0x88cc'}]}","{'instructions': [{'type': 'OUTPUT', 'port': 'CONTROLLER'}], 'clearDeferred': True, 'deferred': []}"
2026-06-08 16:59:35,of:0000000000000001,281475012051420,ADDED,5,76,7448,35,org.onosproject.core,,,,,,"{'criteria': [{'type': 'ETH_TYPE', 'ethType': '0x800'}]}","{'instructions': [{'type': 'OUTPUT', 'port': 'CONTROLLER'}], 'clearDeferred': True, 'deferred': []}"
2026-06-08 16:59:35,of:0000000000000001,281477029321583,ADDED,40000,37,5180,35,org.onosproject.core,,,,,,"{'criteria': [{'type': 'ETH_TYPE', 'ethType': '0x8942'}]}","{'instructions': [{'type': 'OUTPUT', 'port': 'CONTROLLER'}], 'clearDeferred': True, 'deferred': []}"
2026-06-08 16:59:35,of:0000000000000002,281478316350853,ADDED,40000,0,0,35,org.onosproject.core,,,,,,"{'criteria': [{'type': 'ETH_TYPE', 'ethType': '0x806'}]}","{'instructions': [{'type': 'OUTPUT', 'port': 'CONTROLLER'}], 'clearDeferred': True, 'deferred': []}"
2026-06-08 16:59:35,of:0000000000000002,281478673389323,ADDED,40000,26,3627,35,org.onosproject.core,,,,,,"{'criteria': [{'type': 'ETH_TYPE', 'ethType': '0x8942'}]}","{'instructions': [{'type': 'OUTPUT', 'port': 'CONTROLLER'}], 'clearDeferred': True, 'deferred': []}"
2026-06-08 16:59:35,of:0000000000000002,34902898441429785,ADDED,10,32,3136,32,org.onosproject.fwd,00:00:00:00:00:02,00:00:00:00:00:01,,,3,"{'criteria': [{'type': 'IN_PORT', 'port': 3}, {'type': 'ETH_DST', 'mac': '00:00:00:00:00:01'}, {'type': 'ETH_SRC', 'mac': '00:00:00:00:00:02'}]}","{'instructions': [{'type': 'OUTPUT', 'port': '1'}], 'deferred': []}"
2026-06-08 16:59:35,of:0000000000000002,34902899328279504,ADDED,10,64,6272,35,org.onosproject.fwd,00:00:00:00:00:01,00:00:00:00:00:02,,,2,"{'criteria': [{'type': 'IN_PORT', 'port': 2}, {'type': 'ETH_DST', 'mac': '00:00:00:00:00:02'}, {'type': 'ETH_SRC', 'mac': '00:00:00:00:00:01'}]}","{'instructions': [{'type': 'OUTPUT', 'port': '3'}], 'deferred': []}"
2026-06-08 16:59:35,of:0000000000000002,281475022575828,ADDED,40000,26,3627,35,org.onosproject.core,,,,,,"{'criteria': [{'type': 'ETH_TYPE', 'ethType': '0x88cc'}]}","{'instructions': [{'type': 'OUTPUT', 'port': 'CONTROLLER'}], 'clearDeferred': True, 'deferred': []}"
2026-06-08 16:59:35,of:0000000000000002,281475568191580,ADDED,5,47,4606,35,org.onosproject.core,,,,,,"{'criteria': [{'type': 'ETH_TYPE', 'ethType': '0x800'}]}","{'instructions': [{'type': 'OUTPUT', 'port': 'CONTROLLER'}], 'clearDeferred': True, 'deferred': []}"
2026-06-08 16:59:35,of:0000000000000007,281475652364572,ADDED,5,3,294,35,org.onosproject.core,,,,,,"{'criteria': [{'type': 'ETH_TYPE', 'ethType': '0x800'}]}","{'instructions': [{'type': 'OUTPUT', 'port': 'CONTROLLER'}], 'clearDeferred': True, 'deferred': []}"
2026-06-08 16:59:35,of:0000000000000007,281478438392611,ADDED,40000,0,0,35,org.onosproject.core,,,,,,"{'criteria': [{'type': 'ETH_TYPE', 'ethType': '0x806'}]}","{'instructions': [{'type': 'OUTPUT', 'port': 'CONTROLLER'}], 'clearDeferred': True, 'deferred': []}"
2026-06-08 16:59:35,of:0000000000000007,281476350262333,ADDED,40000,26,3640,35,org.onosproject.core,,,,,,"{'criteria': [{'type': 'ETH_TYPE', 'ethType': '0x8942'}]}","{'instructions': [{'type': 'OUTPUT', 'port': 'CONTROLLER'}], 'clearDeferred': True, 'deferred': []}"
2026-06-08 16:59:35,of:0000000000000007,281475000925130,ADDED,40000,26,3640,35,org.onosproject.core,,,,,,"{'criteria': [{'type': 'ETH_TYPE', 'ethType': '0x88cc'}]}","{'instructions': [{'type': 'OUTPUT', 'port': 'CONTROLLER'}], 'clearDeferred': True, 'deferred': []}"
2026-06-08 16:59:35,of:0000000000000008,281476059291414,ADDED,40000,0,0,35,org.onosproject.core,,,,,,"{'criteria': [{'type': 'ETH_TYPE', 'ethType': '0x806'}]}","{'instructions': [{'type': 'OUTPUT', 'port': 'CONTROLLER'}], 'clearDeferred': True, 'deferred': []}"
2026-06-08 16:59:35,of:0000000000000008,281476101349656,ADDED,40000,39,5434,35,org.onosproject.core,,,,,,"{'criteria': [{'type': 'ETH_TYPE', 'ethType': '0x88cc'}]}","{'instructions': [{'type': 'OUTPUT', 'port': 'CONTROLLER'}], 'clearDeferred': True, 'deferred': []}"
2026-06-08 16:59:35,of:0000000000000008,281476270708671,ADDED,40000,39,5434,35,org.onosproject.core,,,,,,"{'criteria': [{'type': 'ETH_TYPE', 'ethType': '0x8942'}]}","{'instructions': [{'type': 'OUTPUT', 'port': 'CONTROLLER'}], 'clearDeferred': True, 'deferred': []}"
2026-06-08 16:59:35,of:0000000000000008,34902898875781211,ADDED,10,56,5488,34,org.onosproject.fwd,00:00:00:00:00:01,00:00:00:00:00:02,,,3,"{'criteria': [{'type': 'IN_PORT', 'port': 3}, {'type': 'ETH_DST', 'mac': '00:00:00:00:00:02'}, {'type': 'ETH_SRC', 'mac': '00:00:00:00:00:01'}]}","{'instructions': [{'type': 'OUTPUT', 'port': '2'}], 'deferred': []}"
2026-06-08 16:59:35,of:0000000000000008,281476010895837,ADDED,5,141,13818,35,org.onosproject.core,,,,,,"{'criteria': [{'type': 'ETH_TYPE', 'ethType': '0x800'}]}","{'instructions': [{'type': 'OUTPUT', 'port': 'CONTROLLER'}], 'clearDeferred': True, 'deferred': []}"
2026-06-08 16:59:35,of:0000000000000005,281478762460478,ADDED,40000,0,0,35,org.onosproject.core,,,,,,"{'criteria': [{'type': 'ETH_TYPE', 'ethType': '0x806'}]}","{'instructions': [{'type': 'OUTPUT', 'port': 'CONTROLLER'}], 'clearDeferred': True, 'deferred': []}"
2026-06-08 16:59:35,of:0000000000000005,281478211273411,ADDED,40000,26,3627,35,org.onosproject.core,,,,,,"{'criteria': [{'type': 'ETH_TYPE', 'ethType': '0x8942'}]}","{'instructions': [{'type': 'OUTPUT', 'port': 'CONTROLLER'}], 'clearDeferred': True, 'deferred': []}"
2026-06-08 16:59:35,of:0000000000000005,281475117841124,ADDED,5,53,5194,35,org.onosproject.core,,,,,,"{'criteria': [{'type': 'ETH_TYPE', 'ethType': '0x800'}]}","{'instructions': [{'type': 'OUTPUT', 'port': 'CONTROLLER'}], 'clearDeferred': True, 'deferred': []}"
2026-06-08 16:59:35,of:0000000000000005,281478979269874,ADDED,40000,26,3627,35,org.onosproject.core,,,,,,"{'criteria': [{'type': 'ETH_TYPE', 'ethType': '0x88cc'}]}","{'instructions': [{'type': 'OUTPUT', 'port': 'CONTROLLER'}], 'clearDeferred': True, 'deferred': []}"
2026-06-08 16:59:35,of:0000000000000006,281475738574217,ADDED,40000,26,3640,35,org.onosproject.core,,,,,,"{'criteria': [{'type': 'ETH_TYPE', 'ethType': '0x88cc'}]}","{'instructions': [{'type': 'OUTPUT', 'port': 'CONTROLLER'}], 'clearDeferred': True, 'deferred': []}"
2026-06-08 16:59:35,of:0000000000000006,281476873293724,ADDED,40000,26,3640,35,org.onosproject.core,,,,,,"{'criteria': [{'type': 'ETH_TYPE', 'ethType': '0x8942'}]}","{'instructions': [{'type': 'OUTPUT', 'port': 'CONTROLLER'}], 'clearDeferred': True, 'deferred': []}"
2026-06-08 16:59:35,of:0000000000000006,281475411377083,ADDED,40000,0,0,35,org.onosproject.core,,,,,,"{'criteria': [{'type': 'ETH_TYPE', 'ethType': '0x806'}]}","{'instructions': [{'type': 'OUTPUT', 'port': 'CONTROLLER'}], 'clearDeferred': True, 'deferred': []}"
2026-06-08 16:59:35,of:0000000000000006,281478888449605,ADDED,5,3,294,35,org.onosproject.core,,,,,,"{'criteria': [{'type': 'ETH_TYPE', 'ethType': '0x800'}]}","{'instructions': [{'type': 'OUTPUT', 'port': 'CONTROLLER'}], 'clearDeferred': True, 'deferred': []}"
2026-06-08 16:59:35,of:0000000000000009,281478887649794,ADDED,40000,36,5016,35,org.onosproject.core,,,,,,"{'criteria': [{'type': 'ETH_TYPE', 'ethType': '0x88cc'}]}","{'instructions': [{'type': 'OUTPUT', 'port': 'CONTROLLER'}], 'clearDeferred': True, 'deferred': []}"
2026-06-08 16:59:35,of:0000000000000009,281474993990194,ADDED,5,66,6468,35,org.onosproject.core,,,,,,"{'criteria': [{'type': 'ETH_TYPE', 'ethType': '0x800'}]}","{'instructions': [{'type': 'OUTPUT', 'port': 'CONTROLLER'}], 'clearDeferred': True, 'deferred': []}"
2026-06-08 16:59:35,of:0000000000000009,281476295891648,ADDED,40000,36,5016,35,org.onosproject.core,,,,,,"{'criteria': [{'type': 'ETH_TYPE', 'ethType': '0x8942'}]}","{'instructions': [{'type': 'OUTPUT', 'port': 'CONTROLLER'}], 'clearDeferred': True, 'deferred': []}"
2026-06-08 16:59:35,of:0000000000000009,281479019932926,ADDED,40000,0,0,35,org.onosproject.core,,,,,,"{'criteria': [{'type': 'ETH_TYPE', 'ethType': '0x806'}]}","{'instructions': [{'type': 'OUTPUT', 'port': 'CONTROLLER'}], 'clearDeferred': True, 'deferred': []}"
2026-06-08 16:59:40,of:000000000000000c,281479100460205,ADDED,40000,83,11565,40,org.onosproject.core,,,,,,"{'criteria': [{'type': 'ETH_TYPE', 'ethType': '0x88cc'}]}","{'instructions': [{'type': 'OUTPUT', 'port': 'CONTROLLER'}], 'clearDeferred': True, 'deferred': []}"
2026-06-08 16:59:40,of:000000000000000c,281475624796078,ADDED,40000,83,11565,40,org.onosproject.core,,,,,,"{'criteria': [{'type': 'ETH_TYPE', 'ethType': '0x8942'}]}","{'instructions': [{'type': 'OUTPUT', 'port': 'CONTROLLER'}], 'clearDeferred': True, 'deferred': []}"
2026-06-08 16:59:40,of:000000000000000c,281477504901495,ADDED,40000,0,0,40,org.onosproject.core,,,,,,"{'criteria': [{'type': 'ETH_TYPE', 'ethType': '0x806'}]}","{'instructions': [{'type': 'OUTPUT', 'port': 'CONTROLLER'}], 'clearDeferred': True, 'deferred': []}"
2026-06-08 16:59:40,of:000000000000000c,281476292687096,ADDED,5,83,8134,40,org.onosproject.core,,,,,,"{'criteria': [{'type': 'ETH_TYPE', 'ethType': '0x800'}]}","{'instructions': [{'type': 'OUTPUT', 'port': 'CONTROLLER'}], 'clearDeferred': True, 'deferred': []}"
2026-06-08 16:59:40,of:000000000000000d,281478200287907,ADDED,40000,80,11160,40,org.onosproject.core,,,,,,"{'criteria': [{'type': 'ETH_TYPE', 'ethType': '0x88cc'}]}","{'instructions': [{'type': 'OUTPUT', 'port': 'CONTROLLER'}], 'clearDeferred': True, 'deferred': []}"
2026-06-08 16:59:40,of:000000000000000d,281478788468154,ADDED,5,83,8134,40,org.onosproject.core,,,,,,"{'criteria': [{'type': 'ETH_TYPE', 'ethType': '0x800'}]}","{'instructions': [{'type': 'OUTPUT', 'port': 'CONTROLLER'}], 'clearDeferred': True, 'deferred': []}"
2026-06-08 16:59:40,of:000000000000000d,281478012698825,ADDED,40000,80,11160,40,org.onosproject.core,,,,,,"{'criteria': [{'type': 'ETH_TYPE', 'ethType': '0x8942'}]}","{'instructions': [{'type': 'OUTPUT', 'port': 'CONTROLLER'}], 'clearDeferred': True, 'deferred': []}"
2026-06-08 16:59:40,of:000000000000000d,281476618808057,ADDED,40000,0,0,40,org.onosproject.core,,,,,,"{'criteria': [{'type': 'ETH_TYPE', 'ethType': '0x806'}]}","{'instructions': [{'type': 'OUTPUT', 'port': 'CONTROLLER'}], 'clearDeferred': True, 'deferred': []}"
2026-06-08 16:59:40,of:000000000000000a,281477705784245,ADDED,5,3,294,40,org.onosproject.core,,,,,,"{'criteria': [{'type': 'ETH_TYPE', 'ethType': '0x800'}]}","{'instructions': [{'type': 'OUTPUT', 'port': 'CONTROLLER'}], 'clearDeferred': True, 'deferred': []}"
2026-06-08 16:59:40,of:000000000000000a,281475818964416,ADDED,40000,40,5574,40,org.onosproject.core,,,,,,"{'criteria': [{'type': 'ETH_TYPE', 'ethType': '0x8942'}]}","{'instructions': [{'type': 'OUTPUT', 'port': 'CONTROLLER'}], 'clearDeferred': True, 'deferred': []}"
2026-06-08 16:59:40,of:000000000000000a,281477034268888,ADDED,40000,40,5574,40,org.onosproject.core,,,,,,"{'criteria': [{'type': 'ETH_TYPE', 'ethType': '0x88cc'}]}","{'instructions': [{'type': 'OUTPUT', 'port': 'CONTROLLER'}], 'clearDeferred': True, 'deferred': []}"
2026-06-08 16:59:40,of:000000000000000a,281478593105785,ADDED,40000,0,0,40,org.onosproject.core,,,,,,"{'criteria': [{'type': 'ETH_TYPE', 'ethType': '0x806'}]}","{'instructions': [{'type': 'OUTPUT', 'port': 'CONTROLLER'}], 'clearDeferred': True, 'deferred': []}"
2026-06-08 16:59:40,of:000000000000000b,281478277078534,ADDED,5,101,9898,40,org.onosproject.core,,,,,,"{'criteria': [{'type': 'ETH_TYPE', 'ethType': '0x800'}]}","{'instructions': [{'type': 'OUTPUT', 'port': 'CONTROLLER'}], 'clearDeferred': True, 'deferred': []}"
2026-06-08 16:59:40,of:000000000000000b,34902898369757081,ADDED,10,40,3920,39,org.onosproject.fwd,00:00:00:00:00:01,00:00:00:00:00:02,,,1,"{'criteria': [{'type': 'IN_PORT', 'port': 1}, {'type': 'ETH_DST', 'mac': '00:00:00:00:00:02'}, {'type': 'ETH_SRC', 'mac': '00:00:00:00:00:01'}]}","{'instructions': [{'type': 'OUTPUT', 'port': '5'}], 'deferred': []}"
2026-06-08 16:59:40,of:000000000000000b,34902898247549216,ADDED,10,37,3626,37,org.onosproject.fwd,00:00:00:00:00:02,00:00:00:00:00:01,,,4,"{'criteria': [{'type': 'IN_PORT', 'port': 4}, {'type': 'ETH_DST', 'mac': '00:00:00:00:00:01'}, {'type': 'ETH_SRC', 'mac': '00:00:00:00:00:02'}]}","{'instructions': [{'type': 'OUTPUT', 'port': '1'}], 'deferred': []}"
2026-06-08 16:59:40,of:000000000000000b,281476663695951,ADDED,40000,0,0,40,org.onosproject.core,,,,,,"{'criteria': [{'type': 'ETH_TYPE', 'ethType': '0x806'}]}","{'instructions': [{'type': 'OUTPUT', 'port': 'CONTROLLER'}], 'clearDeferred': True, 'deferred': []}"
2026-06-08 16:59:40,of:000000000000000b,281476573370203,ADDED,40000,84,11704,40,org.onosproject.core,,,,,,"{'criteria': [{'type': 'ETH_TYPE', 'ethType': '0x88cc'}]}","{'instructions': [{'type': 'OUTPUT', 'port': 'CONTROLLER'}], 'clearDeferred': True, 'deferred': []}"
2026-06-08 16:59:40,of:000000000000000b,281476205675487,ADDED,40000,84,11704,40,org.onosproject.core,,,,,,"{'criteria': [{'type': 'ETH_TYPE', 'ethType': '0x8942'}]}","{'instructions': [{'type': 'OUTPUT', 'port': 'CONTROLLER'}], 'clearDeferred': True, 'deferred': []}"
2026-06-08 16:59:40,of:0000000000000003,281478170942982,ADDED,5,93,9114,40,org.onosproject.core,,,,,,"{'criteria': [{'type': 'ETH_TYPE', 'ethType': '0x800'}]}","{'instructions': [{'type': 'OUTPUT', 'port': 'CONTROLLER'}], 'clearDeferred': True, 'deferred': []}"
2026-06-08 16:59:40,of:0000000000000003,34902901306865815,ADDED,10,64,6272,40,org.onosproject.fwd,00:00:00:00:00:01,00:00:00:00:00:02,,,1,"{'criteria': [{'type': 'IN_PORT', 'port': 1}, {'type': 'ETH_DST', 'mac': '00:00:00:00:00:02'}, {'type': 'ETH_SRC', 'mac': '00:00:00:00:00:01'}]}","{'instructions': [{'type': 'OUTPUT', 'port': '2'}], 'deferred': []}"
2026-06-08 16:59:40,of:0000000000000003,281476661728682,ADDED,40000,28,3906,40,org.onosproject.core,,,,,,"{'criteria': [{'type': 'ETH_TYPE', 'ethType': '0x88cc'}]}","{'instructions': [{'type': 'OUTPUT', 'port': 'CONTROLLER'}], 'clearDeferred': True, 'deferred': []}"
2026-06-08 16:59:40,of:0000000000000003,281477764386537,ADDED,40000,0,0,40,org.onosproject.core,,,,,,"{'criteria': [{'type': 'ETH_TYPE', 'ethType': '0x806'}]}","{'instructions': [{'type': 'OUTPUT', 'port': 'CONTROLLER'}], 'clearDeferred': True, 'deferred': []}"
2026-06-08 16:59:40,of:0000000000000003,281476156249461,ADDED,40000,28,3906,40,org.onosproject.core,,,,,,"{'criteria': [{'type': 'ETH_TYPE', 'ethType': '0x8942'}]}","{'instructions': [{'type': 'OUTPUT', 'port': 'CONTROLLER'}], 'clearDeferred': True, 'deferred': []}"
2026-06-08 16:59:40,of:0000000000000004,281475616213265,ADDED,40000,26,3626,40,org.onosproject.core,,,,,,"{'criteria': [{'type': 'ETH_TYPE', 'ethType': '0x88cc'}]}","{'instructions': [{'type': 'OUTPUT', 'port': 'CONTROLLER'}], 'clearDeferred': True, 'deferred': []}"
2026-06-08 16:59:40,of:0000000000000004,281475265228006,ADDED,40000,0,0,40,org.onosproject.core,,,,,,"{'criteria': [{'type': 'ETH_TYPE', 'ethType': '0x806'}]}","{'instructions': [{'type': 'OUTPUT', 'port': 'CONTROLLER'}], 'clearDeferred': True, 'deferred': []}"
2026-06-08 16:59:40,of:0000000000000004,281477141311986,ADDED,5,88,8624,40,org.onosproject.core,,,,,,"{'criteria': [{'type': 'ETH_TYPE', 'ethType': '0x800'}]}","{'instructions': [{'type': 'OUTPUT', 'port': 'CONTROLLER'}], 'clearDeferred': True, 'deferred': []}"
2026-06-08 16:59:40,of:0000000000000004,281476729151998,ADDED,40000,26,3626,40,org.onosproject.core,,,,,,"{'criteria': [{'type': 'ETH_TYPE', 'ethType': '0x8942'}]}","{'instructions': [{'type': 'OUTPUT', 'port': 'CONTROLLER'}], 'clearDeferred': True, 'deferred': []}"
2026-06-08 16:59:40,of:0000000000000001,281478909873038,ADDED,40000,0,0,40,org.onosproject.core,,,,,,"{'criteria': [{'type': 'ETH_TYPE', 'ethType': '0x806'}]}","{'instructions': [{'type': 'OUTPUT', 'port': 'CONTROLLER'}], 'clearDeferred': True, 'deferred': []}"
2026-06-08 16:59:40,of:0000000000000001,34902899196753573,ADDED,10,39,3822,39,org.onosproject.fwd,00:00:00:00:00:01,00:00:00:00:00:02,,,4,"{'criteria': [{'type': 'IN_PORT', 'port': 4}, {'type': 'ETH_DST', 'mac': '00:00:00:00:00:02'}, {'type': 'ETH_SRC', 'mac': '00:00:00:00:00:01'}]}","{'instructions': [{'type': 'OUTPUT', 'port': '1'}], 'deferred': []}"
2026-06-08 16:59:40,of:0000000000000001,34902898986035913,ADDED,10,49,4802,39,org.onosproject.fwd,00:00:00:00:00:02,00:00:00:00:00:01,,,1,"{'criteria': [{'type': 'IN_PORT', 'port': 1}, {'type': 'ETH_DST', 'mac': '00:00:00:00:00:01'}, {'type': 'ETH_SRC', 'mac': '00:00:00:00:00:02'}]}","{'instructions': [{'type': 'OUTPUT', 'port': '4'}], 'deferred': []}"
2026-06-08 16:59:40,of:0000000000000001,281477466379610,ADDED,40000,40,5600,40,org.onosproject.core,,,,,,"{'criteria': [{'type': 'ETH_TYPE', 'ethType': '0x88cc'}]}","{'instructions': [{'type': 'OUTPUT', 'port': 'CONTROLLER'}], 'clearDeferred': True, 'deferred': []}"
2026-06-08 16:59:40,of:0000000000000001,281475012051420,ADDED,5,76,7448,40,org.onosproject.core,,,,,,"{'criteria': [{'type': 'ETH_TYPE', 'ethType': '0x800'}]}","{'instructions': [{'type': 'OUTPUT', 'port': 'CONTROLLER'}], 'clearDeferred': True, 'deferred': []}"
2026-06-08 16:59:40,of:0000000000000001,281477029321583,ADDED,40000,40,5600,40,org.onosproject.core,,,,,,"{'criteria': [{'type': 'ETH_TYPE', 'ethType': '0x8942'}]}","{'instructions': [{'type': 'OUTPUT', 'port': 'CONTROLLER'}], 'clearDeferred': True, 'deferred': []}"
2026-06-08 16:59:40,of:0000000000000002,281478316350853,ADDED,40000,0,0,40,org.onosproject.core,,,,,,"{'criteria': [{'type': 'ETH_TYPE', 'ethType': '0x806'}]}","{'instructions': [{'type': 'OUTPUT', 'port': 'CONTROLLER'}], 'clearDeferred': True, 'deferred': []}"
2026-06-08 16:59:40,of:0000000000000002,281478673389323,ADDED,40000,28,3906,40,org.onosproject.core,,,,,,"{'criteria': [{'type': 'ETH_TYPE', 'ethType': '0x8942'}]}","{'instructions': [{'type': 'OUTPUT', 'port': 'CONTROLLER'}], 'clearDeferred': True, 'deferred': []}"
2026-06-08 16:59:40,of:0000000000000002,34902898441429785,ADDED,10,37,3626,37,org.onosproject.fwd,00:00:00:00:00:02,00:00:00:00:00:01,,,3,"{'criteria': [{'type': 'IN_PORT', 'port': 3}, {'type': 'ETH_DST', 'mac': '00:00:00:00:00:01'}, {'type': 'ETH_SRC', 'mac': '00:00:00:00:00:02'}]}","{'instructions': [{'type': 'OUTPUT', 'port': '1'}], 'deferred': []}"
2026-06-08 16:59:40,of:0000000000000002,34902899328279504,ADDED,10,69,6762,40,org.onosproject.fwd,00:00:00:00:00:01,00:00:00:00:00:02,,,2,"{'criteria': [{'type': 'IN_PORT', 'port': 2}, {'type': 'ETH_DST', 'mac': '00:00:00:00:00:02'}, {'type': 'ETH_SRC', 'mac': '00:00:00:00:00:01'}]}","{'instructions': [{'type': 'OUTPUT', 'port': '3'}], 'deferred': []}"
2026-06-08 16:59:40,of:0000000000000002,281475022575828,ADDED,40000,28,3906,40,org.onosproject.core,,,,,,"{'criteria': [{'type': 'ETH_TYPE', 'ethType': '0x88cc'}]}","{'instructions': [{'type': 'OUTPUT', 'port': 'CONTROLLER'}], 'clearDeferred': True, 'deferred': []}"
2026-06-08 16:59:40,of:0000000000000002,281475568191580,ADDED,5,47,4606,40,org.onosproject.core,,,,,,"{'criteria': [{'type': 'ETH_TYPE', 'ethType': '0x800'}]}","{'instructions': [{'type': 'OUTPUT', 'port': 'CONTROLLER'}], 'clearDeferred': True, 'deferred': []}"
2026-06-08 16:59:40,of:0000000000000007,281475652364572,ADDED,5,3,294,40,org.onosproject.core,,,,,,"{'criteria': [{'type': 'ETH_TYPE', 'ethType': '0x800'}]}","{'instructions': [{'type': 'OUTPUT', 'port': 'CONTROLLER'}], 'clearDeferred': True, 'deferred': []}"
2026-06-08 16:59:40,of:0000000000000007,281478438392611,ADDED,40000,0,0,40,org.onosproject.core,,,,,,"{'criteria': [{'type': 'ETH_TYPE', 'ethType': '0x806'}]}","{'instructions': [{'type': 'OUTPUT', 'port': 'CONTROLLER'}], 'clearDeferred': True, 'deferred': []}"
2026-06-08 16:59:40,of:0000000000000007,281476350262333,ADDED,40000,28,3920,40,org.onosproject.core,,,,,,"{'criteria': [{'type': 'ETH_TYPE', 'ethType': '0x8942'}]}","{'instructions': [{'type': 'OUTPUT', 'port': 'CONTROLLER'}], 'clearDeferred': True, 'deferred': []}"
2026-06-08 16:59:40,of:0000000000000007,281475000925130,ADDED,40000,28,3920,40,org.onosproject.core,,,,,,"{'criteria': [{'type': 'ETH_TYPE', 'ethType': '0x88cc'}]}","{'instructions': [{'type': 'OUTPUT', 'port': 'CONTROLLER'}], 'clearDeferred': True, 'deferred': []}"
2026-06-08 16:59:40,of:0000000000000008,281476059291414,ADDED,40000,0,0,40,org.onosproject.core,,,,,,"{'criteria': [{'type': 'ETH_TYPE', 'ethType': '0x806'}]}","{'instructions': [{'type': 'OUTPUT', 'port': 'CONTROLLER'}], 'clearDeferred': True, 'deferred': []}"
2026-06-08 16:59:40,of:0000000000000008,281476101349656,ADDED,40000,42,5852,40,org.onosproject.core,,,,,,"{'criteria': [{'type': 'ETH_TYPE', 'ethType': '0x88cc'}]}","{'instructions': [{'type': 'OUTPUT', 'port': 'CONTROLLER'}], 'clearDeferred': True, 'deferred': []}"
2026-06-08 16:59:40,of:0000000000000008,281476270708671,ADDED,40000,42,5852,40,org.onosproject.core,,,,,,"{'criteria': [{'type': 'ETH_TYPE', 'ethType': '0x8942'}]}","{'instructions': [{'type': 'OUTPUT', 'port': 'CONTROLLER'}], 'clearDeferred': True, 'deferred': []}"
2026-06-08 16:59:40,of:0000000000000008,34902898875781211,ADDED,10,61,5978,39,org.onosproject.fwd,00:00:00:00:00:01,00:00:00:00:00:02,,,3,"{'criteria': [{'type': 'IN_PORT', 'port': 3}, {'type': 'ETH_DST', 'mac': '00:00:00:00:00:02'}, {'type': 'ETH_SRC', 'mac': '00:00:00:00:00:01'}]}","{'instructions': [{'type': 'OUTPUT', 'port': '2'}], 'deferred': []}"
2026-06-08 16:59:40,of:0000000000000008,281476010895837,ADDED,5,141,13818,40,org.onosproject.core,,,,,,"{'criteria': [{'type': 'ETH_TYPE', 'ethType': '0x800'}]}","{'instructions': [{'type': 'OUTPUT', 'port': 'CONTROLLER'}], 'clearDeferred': True, 'deferred': []}"
2026-06-08 16:59:40,of:0000000000000005,281478762460478,ADDED,40000,0,0,40,org.onosproject.core,,,,,,"{'criteria': [{'type': 'ETH_TYPE', 'ethType': '0x806'}]}","{'instructions': [{'type': 'OUTPUT', 'port': 'CONTROLLER'}], 'clearDeferred': True, 'deferred': []}"
2026-06-08 16:59:40,of:0000000000000005,281478211273411,ADDED,40000,28,3906,40,org.onosproject.core,,,,,,"{'criteria': [{'type': 'ETH_TYPE', 'ethType': '0x8942'}]}","{'instructions': [{'type': 'OUTPUT', 'port': 'CONTROLLER'}], 'clearDeferred': True, 'deferred': []}"
2026-06-08 16:59:40,of:0000000000000005,281475117841124,ADDED,5,53,5194,40,org.onosproject.core,,,,,,"{'criteria': [{'type': 'ETH_TYPE', 'ethType': '0x800'}]}","{'instructions': [{'type': 'OUTPUT', 'port': 'CONTROLLER'}], 'clearDeferred': True, 'deferred': []}"
2026-06-08 16:59:40,of:0000000000000005,281478979269874,ADDED,40000,28,3906,40,org.onosproject.core,,,,,,"{'criteria': [{'type': 'ETH_TYPE', 'ethType': '0x88cc'}]}","{'instructions': [{'type': 'OUTPUT', 'port': 'CONTROLLER'}], 'clearDeferred': True, 'deferred': []}"
2026-06-08 16:59:40,of:0000000000000006,281475738574217,ADDED,40000,28,3920,40,org.onosproject.core,,,,,,"{'criteria': [{'type': 'ETH_TYPE', 'ethType': '0x88cc'}]}","{'instructions': [{'type': 'OUTPUT', 'port': 'CONTROLLER'}], 'clearDeferred': True, 'deferred': []}"
2026-06-08 16:59:40,of:0000000000000006,281476873293724,ADDED,40000,28,3920,40,org.onosproject.core,,,,,,"{'criteria': [{'type': 'ETH_TYPE', 'ethType': '0x8942'}]}","{'instructions': [{'type': 'OUTPUT', 'port': 'CONTROLLER'}], 'clearDeferred': True, 'deferred': []}"
2026-06-08 16:59:40,of:0000000000000006,281475411377083,ADDED,40000,0,0,40,org.onosproject.core,,,,,,"{'criteria': [{'type': 'ETH_TYPE', 'ethType': '0x806'}]}","{'instructions': [{'type': 'OUTPUT', 'port': 'CONTROLLER'}], 'clearDeferred': True, 'deferred': []}"
2026-06-08 16:59:40,of:0000000000000006,281478888449605,ADDED,5,3,294,40,org.onosproject.core,,,,,,"{'criteria': [{'type': 'ETH_TYPE', 'ethType': '0x800'}]}","{'instructions': [{'type': 'OUTPUT', 'port': 'CONTROLLER'}], 'clearDeferred': True, 'deferred': []}"
2026-06-08 16:59:40,of:0000000000000009,281478887649794,ADDED,40000,40,5573,40,org.onosproject.core,,,,,,"{'criteria': [{'type': 'ETH_TYPE', 'ethType': '0x88cc'}]}","{'instructions': [{'type': 'OUTPUT', 'port': 'CONTROLLER'}], 'clearDeferred': True, 'deferred': []}"
2026-06-08 16:59:40,of:0000000000000009,281474993990194,ADDED,5,66,6468,40,org.onosproject.core,,,,,,"{'criteria': [{'type': 'ETH_TYPE', 'ethType': '0x800'}]}","{'instructions': [{'type': 'OUTPUT', 'port': 'CONTROLLER'}], 'clearDeferred': True, 'deferred': []}"
2026-06-08 16:59:40,of:0000000000000009,281476295891648,ADDED,40000,40,5573,40,org.onosproject.core,,,,,,"{'criteria': [{'type': 'ETH_TYPE', 'ethType': '0x8942'}]}","{'instructions': [{'type': 'OUTPUT', 'port': 'CONTROLLER'}], 'clearDeferred': True, 'deferred': []}"
2026-06-08 16:59:40,of:0000000000000009,281479019932926,ADDED,40000,0,0,40,org.onosproject.core,,,,,,"{'criteria': [{'type': 'ETH_TYPE', 'ethType': '0x806'}]}","{'instructions': [{'type': 'OUTPUT', 'port': 'CONTROLLER'}], 'clearDeferred': True, 'deferred': []}"
2026-06-08 16:59:45,of:000000000000000c,281479100460205,ADDED,40000,94,13098,45,org.onosproject.core,,,,,,"{'criteria': [{'type': 'ETH_TYPE', 'ethType': '0x88cc'}]}","{'instructions': [{'type': 'OUTPUT', 'port': 'CONTROLLER'}], 'clearDeferred': True, 'deferred': []}"
2026-06-08 16:59:45,of:000000000000000c,281475624796078,ADDED,40000,94,13098,45,org.onosproject.core,,,,,,"{'criteria': [{'type': 'ETH_TYPE', 'ethType': '0x8942'}]}","{'instructions': [{'type': 'OUTPUT', 'port': 'CONTROLLER'}], 'clearDeferred': True, 'deferred': []}"
2026-06-08 16:59:45,of:000000000000000c,281477504901495,ADDED,40000,0,0,45,org.onosproject.core,,,,,,"{'criteria': [{'type': 'ETH_TYPE', 'ethType': '0x806'}]}","{'instructions': [{'type': 'OUTPUT', 'port': 'CONTROLLER'}], 'clearDeferred': True, 'deferred': []}"
2026-06-08 16:59:45,of:000000000000000c,281476292687096,ADDED,5,83,8134,45,org.onosproject.core,,,,,,"{'criteria': [{'type': 'ETH_TYPE', 'ethType': '0x800'}]}","{'instructions': [{'type': 'OUTPUT', 'port': 'CONTROLLER'}], 'clearDeferred': True, 'deferred': []}"
2026-06-08 16:59:45,of:000000000000000d,281478200287907,ADDED,40000,90,12556,45,org.onosproject.core,,,,,,"{'criteria': [{'type': 'ETH_TYPE', 'ethType': '0x88cc'}]}","{'instructions': [{'type': 'OUTPUT', 'port': 'CONTROLLER'}], 'clearDeferred': True, 'deferred': []}"
2026-06-08 16:59:45,of:000000000000000d,281478788468154,ADDED,5,83,8134,45,org.onosproject.core,,,,,,"{'criteria': [{'type': 'ETH_TYPE', 'ethType': '0x800'}]}","{'instructions': [{'type': 'OUTPUT', 'port': 'CONTROLLER'}], 'clearDeferred': True, 'deferred': []}"
2026-06-08 16:59:45,of:000000000000000d,281478012698825,ADDED,40000,90,12556,45,org.onosproject.core,,,,,,"{'criteria': [{'type': 'ETH_TYPE', 'ethType': '0x8942'}]}","{'instructions': [{'type': 'OUTPUT', 'port': 'CONTROLLER'}], 'clearDeferred': True, 'deferred': []}"
2026-06-08 16:59:45,of:000000000000000d,281476618808057,ADDED,40000,0,0,45,org.onosproject.core,,,,,,"{'criteria': [{'type': 'ETH_TYPE', 'ethType': '0x806'}]}","{'instructions': [{'type': 'OUTPUT', 'port': 'CONTROLLER'}], 'clearDeferred': True, 'deferred': []}"
2026-06-08 16:59:45,of:000000000000000a,281477705784245,ADDED,5,3,294,45,org.onosproject.core,,,,,,"{'criteria': [{'type': 'ETH_TYPE', 'ethType': '0x800'}]}","{'instructions': [{'type': 'OUTPUT', 'port': 'CONTROLLER'}], 'clearDeferred': True, 'deferred': []}"
2026-06-08 16:59:45,of:000000000000000a,281475818964416,ADDED,40000,44,6132,45,org.onosproject.core,,,,,,"{'criteria': [{'type': 'ETH_TYPE', 'ethType': '0x8942'}]}","{'instructions': [{'type': 'OUTPUT', 'port': 'CONTROLLER'}], 'clearDeferred': True, 'deferred': []}"
2026-06-08 16:59:45,of:000000000000000a,281477034268888,ADDED,40000,44,6132,45,org.onosproject.core,,,,,,"{'criteria': [{'type': 'ETH_TYPE', 'ethType': '0x88cc'}]}","{'instructions': [{'type': 'OUTPUT', 'port': 'CONTROLLER'}], 'clearDeferred': True, 'deferred': []}"
2026-06-08 16:59:45,of:000000000000000a,281478593105785,ADDED,40000,0,0,45,org.onosproject.core,,,,,,"{'criteria': [{'type': 'ETH_TYPE', 'ethType': '0x806'}]}","{'instructions': [{'type': 'OUTPUT', 'port': 'CONTROLLER'}], 'clearDeferred': True, 'deferred': []}"
2026-06-08 16:59:45,of:000000000000000b,281478277078534,ADDED,5,101,9898,45,org.onosproject.core,,,,,,"{'criteria': [{'type': 'ETH_TYPE', 'ethType': '0x800'}]}","{'instructions': [{'type': 'OUTPUT', 'port': 'CONTROLLER'}], 'clearDeferred': True, 'deferred': []}"
2026-06-08 16:59:45,of:000000000000000b,34902898369757081,ADDED,10,45,4410,44,org.onosproject.fwd,00:00:00:00:00:01,00:00:00:00:00:02,,,1,"{'criteria': [{'type': 'IN_PORT', 'port': 1}, {'type': 'ETH_DST', 'mac': '00:00:00:00:00:02'}, {'type': 'ETH_SRC', 'mac': '00:00:00:00:00:01'}]}","{'instructions': [{'type': 'OUTPUT', 'port': '5'}], 'deferred': []}"
2026-06-08 16:59:45,of:000000000000000b,34902898247549216,ADDED,10,42,4116,42,org.onosproject.fwd,00:00:00:00:00:02,00:00:00:00:00:01,,,4,"{'criteria': [{'type': 'IN_PORT', 'port': 4}, {'type': 'ETH_DST', 'mac': '00:00:00:00:00:01'}, {'type': 'ETH_SRC', 'mac': '00:00:00:00:00:02'}]}","{'instructions': [{'type': 'OUTPUT', 'port': '1'}], 'deferred': []}"
2026-06-08 16:59:45,of:000000000000000b,281476663695951,ADDED,40000,0,0,45,org.onosproject.core,,,,,,"{'criteria': [{'type': 'ETH_TYPE', 'ethType': '0x806'}]}","{'instructions': [{'type': 'OUTPUT', 'port': 'CONTROLLER'}], 'clearDeferred': True, 'deferred': []}"
2026-06-08 16:59:45,of:000000000000000b,281476573370203,ADDED,40000,96,13376,45,org.onosproject.core,,,,,,"{'criteria': [{'type': 'ETH_TYPE', 'ethType': '0x88cc'}]}","{'instructions': [{'type': 'OUTPUT', 'port': 'CONTROLLER'}], 'clearDeferred': True, 'deferred': []}"
2026-06-08 16:59:45,of:000000000000000b,281476205675487,ADDED,40000,96,13376,45,org.onosproject.core,,,,,,"{'criteria': [{'type': 'ETH_TYPE', 'ethType': '0x8942'}]}","{'instructions': [{'type': 'OUTPUT', 'port': 'CONTROLLER'}], 'clearDeferred': True, 'deferred': []}"
2026-06-08 16:59:45,of:0000000000000003,281478170942982,ADDED,5,93,9114,45,org.onosproject.core,,,,,,"{'criteria': [{'type': 'ETH_TYPE', 'ethType': '0x800'}]}","{'instructions': [{'type': 'OUTPUT', 'port': 'CONTROLLER'}], 'clearDeferred': True, 'deferred': []}"
2026-06-08 16:59:45,of:0000000000000003,34902901306865815,ADDED,10,69,6762,45,org.onosproject.fwd,00:00:00:00:00:01,00:00:00:00:00:02,,,1,"{'criteria': [{'type': 'IN_PORT', 'port': 1}, {'type': 'ETH_DST', 'mac': '00:00:00:00:00:02'}, {'type': 'ETH_SRC', 'mac': '00:00:00:00:00:01'}]}","{'instructions': [{'type': 'OUTPUT', 'port': '2'}], 'deferred': []}"
2026-06-08 16:59:45,of:0000000000000003,281476661728682,ADDED,40000,32,4464,45,org.onosproject.core,,,,,,"{'criteria': [{'type': 'ETH_TYPE', 'ethType': '0x88cc'}]}","{'instructions': [{'type': 'OUTPUT', 'port': 'CONTROLLER'}], 'clearDeferred': True, 'deferred': []}"
2026-06-08 16:59:45,of:0000000000000003,281477764386537,ADDED,40000,0,0,45,org.onosproject.core,,,,,,"{'criteria': [{'type': 'ETH_TYPE', 'ethType': '0x806'}]}","{'instructions': [{'type': 'OUTPUT', 'port': 'CONTROLLER'}], 'clearDeferred': True, 'deferred': []}"
2026-06-08 16:59:45,of:0000000000000003,281476156249461,ADDED,40000,32,4464,45,org.onosproject.core,,,,,,"{'criteria': [{'type': 'ETH_TYPE', 'ethType': '0x8942'}]}","{'instructions': [{'type': 'OUTPUT', 'port': 'CONTROLLER'}], 'clearDeferred': True, 'deferred': []}"
2026-06-08 16:59:45,of:0000000000000004,281475616213265,ADDED,40000,30,4184,45,org.onosproject.core,,,,,,"{'criteria': [{'type': 'ETH_TYPE', 'ethType': '0x88cc'}]}","{'instructions': [{'type': 'OUTPUT', 'port': 'CONTROLLER'}], 'clearDeferred': True, 'deferred': []}"
2026-06-08 16:59:45,of:0000000000000004,281475265228006,ADDED,40000,0,0,45,org.onosproject.core,,,,,,"{'criteria': [{'type': 'ETH_TYPE', 'ethType': '0x806'}]}","{'instructions': [{'type': 'OUTPUT', 'port': 'CONTROLLER'}], 'clearDeferred': True, 'deferred': []}"
2026-06-08 16:59:45,of:0000000000000004,281477141311986,ADDED,5,88,8624,45,org.onosproject.core,,,,,,"{'criteria': [{'type': 'ETH_TYPE', 'ethType': '0x800'}]}","{'instructions': [{'type': 'OUTPUT', 'port': 'CONTROLLER'}], 'clearDeferred': True, 'deferred': []}"
2026-06-08 16:59:45,of:0000000000000004,281476729151998,ADDED,40000,30,4184,45,org.onosproject.core,,,,,,"{'criteria': [{'type': 'ETH_TYPE', 'ethType': '0x8942'}]}","{'instructions': [{'type': 'OUTPUT', 'port': 'CONTROLLER'}], 'clearDeferred': True, 'deferred': []}"
2026-06-08 16:59:45,of:0000000000000001,281478909873038,ADDED,40000,0,0,45,org.onosproject.core,,,,,,"{'criteria': [{'type': 'ETH_TYPE', 'ethType': '0x806'}]}","{'instructions': [{'type': 'OUTPUT', 'port': 'CONTROLLER'}], 'clearDeferred': True, 'deferred': []}"
2026-06-08 16:59:45,of:0000000000000001,34902899196753573,ADDED,10,44,4312,44,org.onosproject.fwd,00:00:00:00:00:01,00:00:00:00:00:02,,,4,"{'criteria': [{'type': 'IN_PORT', 'port': 4}, {'type': 'ETH_DST', 'mac': '00:00:00:00:00:02'}, {'type': 'ETH_SRC', 'mac': '00:00:00:00:00:01'}]}","{'instructions': [{'type': 'OUTPUT', 'port': '1'}], 'deferred': []}"
2026-06-08 16:59:45,of:0000000000000001,34902898986035913,ADDED,10,54,5292,44,org.onosproject.fwd,00:00:00:00:00:02,00:00:00:00:00:01,,,1,"{'criteria': [{'type': 'IN_PORT', 'port': 1}, {'type': 'ETH_DST', 'mac': '00:00:00:00:00:01'}, {'type': 'ETH_SRC', 'mac': '00:00:00:00:00:02'}]}","{'instructions': [{'type': 'OUTPUT', 'port': '4'}], 'deferred': []}"
2026-06-08 16:59:45,of:0000000000000001,281477466379610,ADDED,40000,46,6440,45,org.onosproject.core,,,,,,"{'criteria': [{'type': 'ETH_TYPE', 'ethType': '0x88cc'}]}","{'instructions': [{'type': 'OUTPUT', 'port': 'CONTROLLER'}], 'clearDeferred': True, 'deferred': []}"
2026-06-08 16:59:45,of:0000000000000001,281475012051420,ADDED,5,76,7448,45,org.onosproject.core,,,,,,"{'criteria': [{'type': 'ETH_TYPE', 'ethType': '0x800'}]}","{'instructions': [{'type': 'OUTPUT', 'port': 'CONTROLLER'}], 'clearDeferred': True, 'deferred': []}"
2026-06-08 16:59:45,of:0000000000000001,281477029321583,ADDED,40000,46,6440,45,org.onosproject.core,,,,,,"{'criteria': [{'type': 'ETH_TYPE', 'ethType': '0x8942'}]}","{'instructions': [{'type': 'OUTPUT', 'port': 'CONTROLLER'}], 'clearDeferred': True, 'deferred': []}"
2026-06-08 16:59:45,of:0000000000000002,281478316350853,ADDED,40000,0,0,45,org.onosproject.core,,,,,,"{'criteria': [{'type': 'ETH_TYPE', 'ethType': '0x806'}]}","{'instructions': [{'type': 'OUTPUT', 'port': 'CONTROLLER'}], 'clearDeferred': True, 'deferred': []}"
2026-06-08 16:59:45,of:0000000000000002,281478673389323,ADDED,40000,32,4464,45,org.onosproject.core,,,,,,"{'criteria': [{'type': 'ETH_TYPE', 'ethType': '0x8942'}]}","{'instructions': [{'type': 'OUTPUT', 'port': 'CONTROLLER'}], 'clearDeferred': True, 'deferred': []}"
2026-06-08 16:59:45,of:0000000000000002,34902898441429785,ADDED,10,42,4116,42,org.onosproject.fwd,00:00:00:00:00:02,00:00:00:00:00:01,,,3,"{'criteria': [{'type': 'IN_PORT', 'port': 3}, {'type': 'ETH_DST', 'mac': '00:00:00:00:00:01'}, {'type': 'ETH_SRC', 'mac': '00:00:00:00:00:02'}]}","{'instructions': [{'type': 'OUTPUT', 'port': '1'}], 'deferred': []}"
2026-06-08 16:59:45,of:0000000000000002,34902899328279504,ADDED,10,74,7252,45,org.onosproject.fwd,00:00:00:00:00:01,00:00:00:00:00:02,,,2,"{'criteria': [{'type': 'IN_PORT', 'port': 2}, {'type': 'ETH_DST', 'mac': '00:00:00:00:00:02'}, {'type': 'ETH_SRC', 'mac': '00:00:00:00:00:01'}]}","{'instructions': [{'type': 'OUTPUT', 'port': '3'}], 'deferred': []}"
2026-06-08 16:59:45,of:0000000000000002,281475022575828,ADDED,40000,32,4464,45,org.onosproject.core,,,,,,"{'criteria': [{'type': 'ETH_TYPE', 'ethType': '0x88cc'}]}","{'instructions': [{'type': 'OUTPUT', 'port': 'CONTROLLER'}], 'clearDeferred': True, 'deferred': []}"
2026-06-08 16:59:45,of:0000000000000002,281475568191580,ADDED,5,47,4606,45,org.onosproject.core,,,,,,"{'criteria': [{'type': 'ETH_TYPE', 'ethType': '0x800'}]}","{'instructions': [{'type': 'OUTPUT', 'port': 'CONTROLLER'}], 'clearDeferred': True, 'deferred': []}"
2026-06-08 16:59:45,of:0000000000000007,281475652364572,ADDED,5,3,294,45,org.onosproject.core,,,,,,"{'criteria': [{'type': 'ETH_TYPE', 'ethType': '0x800'}]}","{'instructions': [{'type': 'OUTPUT', 'port': 'CONTROLLER'}], 'clearDeferred': True, 'deferred': []}"
2026-06-08 16:59:45,of:0000000000000007,281478438392611,ADDED,40000,0,0,45,org.onosproject.core,,,,,,"{'criteria': [{'type': 'ETH_TYPE', 'ethType': '0x806'}]}","{'instructions': [{'type': 'OUTPUT', 'port': 'CONTROLLER'}], 'clearDeferred': True, 'deferred': []}"
2026-06-08 16:59:45,of:0000000000000007,281476350262333,ADDED,40000,32,4480,45,org.onosproject.core,,,,,,"{'criteria': [{'type': 'ETH_TYPE', 'ethType': '0x8942'}]}","{'instructions': [{'type': 'OUTPUT', 'port': 'CONTROLLER'}], 'clearDeferred': True, 'deferred': []}"
2026-06-08 16:59:45,of:0000000000000007,281475000925130,ADDED,40000,32,4480,45,org.onosproject.core,,,,,,"{'criteria': [{'type': 'ETH_TYPE', 'ethType': '0x88cc'}]}","{'instructions': [{'type': 'OUTPUT', 'port': 'CONTROLLER'}], 'clearDeferred': True, 'deferred': []}"
2026-06-08 16:59:45,of:0000000000000008,281476059291414,ADDED,40000,0,0,45,org.onosproject.core,,,,,,"{'criteria': [{'type': 'ETH_TYPE', 'ethType': '0x806'}]}","{'instructions': [{'type': 'OUTPUT', 'port': 'CONTROLLER'}], 'clearDeferred': True, 'deferred': []}"
2026-06-08 16:59:45,of:0000000000000008,281476101349656,ADDED,40000,48,6688,45,org.onosproject.core,,,,,,"{'criteria': [{'type': 'ETH_TYPE', 'ethType': '0x88cc'}]}","{'instructions': [{'type': 'OUTPUT', 'port': 'CONTROLLER'}], 'clearDeferred': True, 'deferred': []}"
2026-06-08 16:59:45,of:0000000000000008,281476270708671,ADDED,40000,48,6688,45,org.onosproject.core,,,,,,"{'criteria': [{'type': 'ETH_TYPE', 'ethType': '0x8942'}]}","{'instructions': [{'type': 'OUTPUT', 'port': 'CONTROLLER'}], 'clearDeferred': True, 'deferred': []}"
2026-06-08 16:59:45,of:0000000000000008,34902898875781211,ADDED,10,66,6468,44,org.onosproject.fwd,00:00:00:00:00:01,00:00:00:00:00:02,,,3,"{'criteria': [{'type': 'IN_PORT', 'port': 3}, {'type': 'ETH_DST', 'mac': '00:00:00:00:00:02'}, {'type': 'ETH_SRC', 'mac': '00:00:00:00:00:01'}]}","{'instructions': [{'type': 'OUTPUT', 'port': '2'}], 'deferred': []}"
2026-06-08 16:59:45,of:0000000000000008,281476010895837,ADDED,5,141,13818,45,org.onosproject.core,,,,,,"{'criteria': [{'type': 'ETH_TYPE', 'ethType': '0x800'}]}","{'instructions': [{'type': 'OUTPUT', 'port': 'CONTROLLER'}], 'clearDeferred': True, 'deferred': []}"
2026-06-08 16:59:45,of:0000000000000005,281478762460478,ADDED,40000,0,0,45,org.onosproject.core,,,,,,"{'criteria': [{'type': 'ETH_TYPE', 'ethType': '0x806'}]}","{'instructions': [{'type': 'OUTPUT', 'port': 'CONTROLLER'}], 'clearDeferred': True, 'deferred': []}"
2026-06-08 16:59:45,of:0000000000000005,281478211273411,ADDED,40000,32,4464,45,org.onosproject.core,,,,,,"{'criteria': [{'type': 'ETH_TYPE', 'ethType': '0x8942'}]}","{'instructions': [{'type': 'OUTPUT', 'port': 'CONTROLLER'}], 'clearDeferred': True, 'deferred': []}"
2026-06-08 16:59:45,of:0000000000000005,281475117841124,ADDED,5,53,5194,45,org.onosproject.core,,,,,,"{'criteria': [{'type': 'ETH_TYPE', 'ethType': '0x800'}]}","{'instructions': [{'type': 'OUTPUT', 'port': 'CONTROLLER'}], 'clearDeferred': True, 'deferred': []}"
2026-06-08 16:59:45,of:0000000000000005,281478979269874,ADDED,40000,32,4464,45,org.onosproject.core,,,,,,"{'criteria': [{'type': 'ETH_TYPE', 'ethType': '0x88cc'}]}","{'instructions': [{'type': 'OUTPUT', 'port': 'CONTROLLER'}], 'clearDeferred': True, 'deferred': []}"
2026-06-08 16:59:45,of:0000000000000006,281475738574217,ADDED,40000,32,4480,45,org.onosproject.core,,,,,,"{'criteria': [{'type': 'ETH_TYPE', 'ethType': '0x88cc'}]}","{'instructions': [{'type': 'OUTPUT', 'port': 'CONTROLLER'}], 'clearDeferred': True, 'deferred': []}"
2026-06-08 16:59:45,of:0000000000000006,281476873293724,ADDED,40000,32,4480,45,org.onosproject.core,,,,,,"{'criteria': [{'type': 'ETH_TYPE', 'ethType': '0x8942'}]}","{'instructions': [{'type': 'OUTPUT', 'port': 'CONTROLLER'}], 'clearDeferred': True, 'deferred': []}"
2026-06-08 16:59:45,of:0000000000000006,281475411377083,ADDED,40000,0,0,45,org.onosproject.core,,,,,,"{'criteria': [{'type': 'ETH_TYPE', 'ethType': '0x806'}]}","{'instructions': [{'type': 'OUTPUT', 'port': 'CONTROLLER'}], 'clearDeferred': True, 'deferred': []}"
2026-06-08 16:59:45,of:0000000000000006,281478888449605,ADDED,5,3,294,45,org.onosproject.core,,,,,,"{'criteria': [{'type': 'ETH_TYPE', 'ethType': '0x800'}]}","{'instructions': [{'type': 'OUTPUT', 'port': 'CONTROLLER'}], 'clearDeferred': True, 'deferred': []}"
2026-06-08 16:59:45,of:0000000000000009,281478887649794,ADDED,40000,45,6270,45,org.onosproject.core,,,,,,"{'criteria': [{'type': 'ETH_TYPE', 'ethType': '0x88cc'}]}","{'instructions': [{'type': 'OUTPUT', 'port': 'CONTROLLER'}], 'clearDeferred': True, 'deferred': []}"
2026-06-08 16:59:45,of:0000000000000009,281474993990194,ADDED,5,66,6468,45,org.onosproject.core,,,,,,"{'criteria': [{'type': 'ETH_TYPE', 'ethType': '0x800'}]}","{'instructions': [{'type': 'OUTPUT', 'port': 'CONTROLLER'}], 'clearDeferred': True, 'deferred': []}"
2026-06-08 16:59:45,of:0000000000000009,281476295891648,ADDED,40000,45,6270,45,org.onosproject.core,,,,,,"{'criteria': [{'type': 'ETH_TYPE', 'ethType': '0x8942'}]}","{'instructions': [{'type': 'OUTPUT', 'port': 'CONTROLLER'}], 'clearDeferred': True, 'deferred': []}"
2026-06-08 16:59:45,of:0000000000000009,281479019932926,ADDED,40000,0,0,45,org.onosproject.core,,,,,,"{'criteria': [{'type': 'ETH_TYPE', 'ethType': '0x806'}]}","{'instructions': [{'type': 'OUTPUT', 'port': 'CONTROLLER'}], 'clearDeferred': True, 'deferred': []}"
2026-06-08 16:59:50,of:000000000000000c,281479100460205,ADDED,40000,106,14770,50,org.onosproject.core,,,,,,"{'criteria': [{'type': 'ETH_TYPE', 'ethType': '0x88cc'}]}","{'instructions': [{'type': 'OUTPUT', 'port': 'CONTROLLER'}], 'clearDeferred': True, 'deferred': []}"
2026-06-08 16:59:50,of:000000000000000c,281475624796078,ADDED,40000,106,14770,50,org.onosproject.core,,,,,,"{'criteria': [{'type': 'ETH_TYPE', 'ethType': '0x8942'}]}","{'instructions': [{'type': 'OUTPUT', 'port': 'CONTROLLER'}], 'clearDeferred': True, 'deferred': []}"
2026-06-08 16:59:50,of:000000000000000c,281477504901495,ADDED,40000,0,0,50,org.onosproject.core,,,,,,"{'criteria': [{'type': 'ETH_TYPE', 'ethType': '0x806'}]}","{'instructions': [{'type': 'OUTPUT', 'port': 'CONTROLLER'}], 'clearDeferred': True, 'deferred': []}"
2026-06-08 16:59:50,of:000000000000000c,281476292687096,ADDED,5,83,8134,50,org.onosproject.core,,,,,,"{'criteria': [{'type': 'ETH_TYPE', 'ethType': '0x800'}]}","{'instructions': [{'type': 'OUTPUT', 'port': 'CONTROLLER'}], 'clearDeferred': True, 'deferred': []}"
2026-06-08 16:59:50,of:000000000000000d,281478200287907,ADDED,40000,102,14230,50,org.onosproject.core,,,,,,"{'criteria': [{'type': 'ETH_TYPE', 'ethType': '0x88cc'}]}","{'instructions': [{'type': 'OUTPUT', 'port': 'CONTROLLER'}], 'clearDeferred': True, 'deferred': []}"
2026-06-08 16:59:50,of:000000000000000d,281478788468154,ADDED,5,83,8134,50,org.onosproject.core,,,,,,"{'criteria': [{'type': 'ETH_TYPE', 'ethType': '0x800'}]}","{'instructions': [{'type': 'OUTPUT', 'port': 'CONTROLLER'}], 'clearDeferred': True, 'deferred': []}"
2026-06-08 16:59:50,of:000000000000000d,281478012698825,ADDED,40000,102,14230,50,org.onosproject.core,,,,,,"{'criteria': [{'type': 'ETH_TYPE', 'ethType': '0x8942'}]}","{'instructions': [{'type': 'OUTPUT', 'port': 'CONTROLLER'}], 'clearDeferred': True, 'deferred': []}"
2026-06-08 16:59:50,of:000000000000000d,281476618808057,ADDED,40000,0,0,50,org.onosproject.core,,,,,,"{'criteria': [{'type': 'ETH_TYPE', 'ethType': '0x806'}]}","{'instructions': [{'type': 'OUTPUT', 'port': 'CONTROLLER'}], 'clearDeferred': True, 'deferred': []}"
2026-06-08 16:59:50,of:000000000000000a,281477705784245,ADDED,5,3,294,50,org.onosproject.core,,,,,,"{'criteria': [{'type': 'ETH_TYPE', 'ethType': '0x800'}]}","{'instructions': [{'type': 'OUTPUT', 'port': 'CONTROLLER'}], 'clearDeferred': True, 'deferred': []}"
2026-06-08 16:59:50,of:000000000000000a,281475818964416,ADDED,40000,50,6968,50,org.onosproject.core,,,,,,"{'criteria': [{'type': 'ETH_TYPE', 'ethType': '0x8942'}]}","{'instructions': [{'type': 'OUTPUT', 'port': 'CONTROLLER'}], 'clearDeferred': True, 'deferred': []}"
2026-06-08 16:59:50,of:000000000000000a,281477034268888,ADDED,40000,50,6968,50,org.onosproject.core,,,,,,"{'criteria': [{'type': 'ETH_TYPE', 'ethType': '0x88cc'}]}","{'instructions': [{'type': 'OUTPUT', 'port': 'CONTROLLER'}], 'clearDeferred': True, 'deferred': []}"
2026-06-08 16:59:50,of:000000000000000a,281478593105785,ADDED,40000,0,0,50,org.onosproject.core,,,,,,"{'criteria': [{'type': 'ETH_TYPE', 'ethType': '0x806'}]}","{'instructions': [{'type': 'OUTPUT', 'port': 'CONTROLLER'}], 'clearDeferred': True, 'deferred': []}"
2026-06-08 16:59:50,of:000000000000000b,281478277078534,ADDED,5,101,9898,50,org.onosproject.core,,,,,,"{'criteria': [{'type': 'ETH_TYPE', 'ethType': '0x800'}]}","{'instructions': [{'type': 'OUTPUT', 'port': 'CONTROLLER'}], 'clearDeferred': True, 'deferred': []}"
2026-06-08 16:59:50,of:000000000000000b,34902898369757081,ADDED,10,50,4900,49,org.onosproject.fwd,00:00:00:00:00:01,00:00:00:00:00:02,,,1,"{'criteria': [{'type': 'IN_PORT', 'port': 1}, {'type': 'ETH_DST', 'mac': '00:00:00:00:00:02'}, {'type': 'ETH_SRC', 'mac': '00:00:00:00:00:01'}]}","{'instructions': [{'type': 'OUTPUT', 'port': '5'}], 'deferred': []}"
2026-06-08 16:59:50,of:000000000000000b,34902898247549216,ADDED,10,47,4606,47,org.onosproject.fwd,00:00:00:00:00:02,00:00:00:00:00:01,,,4,"{'criteria': [{'type': 'IN_PORT', 'port': 4}, {'type': 'ETH_DST', 'mac': '00:00:00:00:00:01'}, {'type': 'ETH_SRC', 'mac': '00:00:00:00:00:02'}]}","{'instructions': [{'type': 'OUTPUT', 'port': '1'}], 'deferred': []}"
2026-06-08 16:59:50,of:000000000000000b,281476663695951,ADDED,40000,0,0,50,org.onosproject.core,,,,,,"{'criteria': [{'type': 'ETH_TYPE', 'ethType': '0x806'}]}","{'instructions': [{'type': 'OUTPUT', 'port': 'CONTROLLER'}], 'clearDeferred': True, 'deferred': []}"
2026-06-08 16:59:50,of:000000000000000b,281476573370203,ADDED,40000,108,15048,50,org.onosproject.core,,,,,,"{'criteria': [{'type': 'ETH_TYPE', 'ethType': '0x88cc'}]}","{'instructions': [{'type': 'OUTPUT', 'port': 'CONTROLLER'}], 'clearDeferred': True, 'deferred': []}"
2026-06-08 16:59:50,of:000000000000000b,281476205675487,ADDED,40000,108,15048,50,org.onosproject.core,,,,,,"{'criteria': [{'type': 'ETH_TYPE', 'ethType': '0x8942'}]}","{'instructions': [{'type': 'OUTPUT', 'port': 'CONTROLLER'}], 'clearDeferred': True, 'deferred': []}"
2026-06-08 16:59:50,of:0000000000000003,281478170942982,ADDED,5,93,9114,50,org.onosproject.core,,,,,,"{'criteria': [{'type': 'ETH_TYPE', 'ethType': '0x800'}]}","{'instructions': [{'type': 'OUTPUT', 'port': 'CONTROLLER'}], 'clearDeferred': True, 'deferred': []}"
2026-06-08 16:59:50,of:0000000000000003,34902901306865815,ADDED,10,74,7252,50,org.onosproject.fwd,00:00:00:00:00:01,00:00:00:00:00:02,,,1,"{'criteria': [{'type': 'IN_PORT', 'port': 1}, {'type': 'ETH_DST', 'mac': '00:00:00:00:00:02'}, {'type': 'ETH_SRC', 'mac': '00:00:00:00:00:01'}]}","{'instructions': [{'type': 'OUTPUT', 'port': '2'}], 'deferred': []}"
2026-06-08 16:59:50,of:0000000000000003,281476661728682,ADDED,40000,36,5022,50,org.onosproject.core,,,,,,"{'criteria': [{'type': 'ETH_TYPE', 'ethType': '0x88cc'}]}","{'instructions': [{'type': 'OUTPUT', 'port': 'CONTROLLER'}], 'clearDeferred': True, 'deferred': []}"
2026-06-08 16:59:50,of:0000000000000003,281477764386537,ADDED,40000,0,0,50,org.onosproject.core,,,,,,"{'criteria': [{'type': 'ETH_TYPE', 'ethType': '0x806'}]}","{'instructions': [{'type': 'OUTPUT', 'port': 'CONTROLLER'}], 'clearDeferred': True, 'deferred': []}"
2026-06-08 16:59:50,of:0000000000000003,281476156249461,ADDED,40000,36,5022,50,org.onosproject.core,,,,,,"{'criteria': [{'type': 'ETH_TYPE', 'ethType': '0x8942'}]}","{'instructions': [{'type': 'OUTPUT', 'port': 'CONTROLLER'}], 'clearDeferred': True, 'deferred': []}"
2026-06-08 16:59:50,of:0000000000000004,281475616213265,ADDED,40000,34,4742,50,org.onosproject.core,,,,,,"{'criteria': [{'type': 'ETH_TYPE', 'ethType': '0x88cc'}]}","{'instructions': [{'type': 'OUTPUT', 'port': 'CONTROLLER'}], 'clearDeferred': True, 'deferred': []}"
2026-06-08 16:59:50,of:0000000000000004,281475265228006,ADDED,40000,0,0,50,org.onosproject.core,,,,,,"{'criteria': [{'type': 'ETH_TYPE', 'ethType': '0x806'}]}","{'instructions': [{'type': 'OUTPUT', 'port': 'CONTROLLER'}], 'clearDeferred': True, 'deferred': []}"
2026-06-08 16:59:50,of:0000000000000004,281477141311986,ADDED,5,88,8624,50,org.onosproject.core,,,,,,"{'criteria': [{'type': 'ETH_TYPE', 'ethType': '0x800'}]}","{'instructions': [{'type': 'OUTPUT', 'port': 'CONTROLLER'}], 'clearDeferred': True, 'deferred': []}"
2026-06-08 16:59:50,of:0000000000000004,281476729151998,ADDED,40000,34,4742,50,org.onosproject.core,,,,,,"{'criteria': [{'type': 'ETH_TYPE', 'ethType': '0x8942'}]}","{'instructions': [{'type': 'OUTPUT', 'port': 'CONTROLLER'}], 'clearDeferred': True, 'deferred': []}"
2026-06-08 16:59:50,of:0000000000000001,281478909873038,ADDED,40000,0,0,50,org.onosproject.core,,,,,,"{'criteria': [{'type': 'ETH_TYPE', 'ethType': '0x806'}]}","{'instructions': [{'type': 'OUTPUT', 'port': 'CONTROLLER'}], 'clearDeferred': True, 'deferred': []}"
2026-06-08 16:59:50,of:0000000000000001,34902899196753573,ADDED,10,49,4802,49,org.onosproject.fwd,00:00:00:00:00:01,00:00:00:00:00:02,,,4,"{'criteria': [{'type': 'IN_PORT', 'port': 4}, {'type': 'ETH_DST', 'mac': '00:00:00:00:00:02'}, {'type': 'ETH_SRC', 'mac': '00:00:00:00:00:01'}]}","{'instructions': [{'type': 'OUTPUT', 'port': '1'}], 'deferred': []}"
2026-06-08 16:59:50,of:0000000000000001,34902898986035913,ADDED,10,59,5782,49,org.onosproject.fwd,00:00:00:00:00:02,00:00:00:00:00:01,,,1,"{'criteria': [{'type': 'IN_PORT', 'port': 1}, {'type': 'ETH_DST', 'mac': '00:00:00:00:00:01'}, {'type': 'ETH_SRC', 'mac': '00:00:00:00:00:02'}]}","{'instructions': [{'type': 'OUTPUT', 'port': '4'}], 'deferred': []}"
2026-06-08 16:59:50,of:0000000000000001,281477466379610,ADDED,40000,52,7280,50,org.onosproject.core,,,,,,"{'criteria': [{'type': 'ETH_TYPE', 'ethType': '0x88cc'}]}","{'instructions': [{'type': 'OUTPUT', 'port': 'CONTROLLER'}], 'clearDeferred': True, 'deferred': []}"
2026-06-08 16:59:50,of:0000000000000001,281475012051420,ADDED,5,76,7448,50,org.onosproject.core,,,,,,"{'criteria': [{'type': 'ETH_TYPE', 'ethType': '0x800'}]}","{'instructions': [{'type': 'OUTPUT', 'port': 'CONTROLLER'}], 'clearDeferred': True, 'deferred': []}"
2026-06-08 16:59:50,of:0000000000000001,281477029321583,ADDED,40000,52,7280,50,org.onosproject.core,,,,,,"{'criteria': [{'type': 'ETH_TYPE', 'ethType': '0x8942'}]}","{'instructions': [{'type': 'OUTPUT', 'port': 'CONTROLLER'}], 'clearDeferred': True, 'deferred': []}"
2026-06-08 16:59:50,of:0000000000000002,281478316350853,ADDED,40000,0,0,50,org.onosproject.core,,,,,,"{'criteria': [{'type': 'ETH_TYPE', 'ethType': '0x806'}]}","{'instructions': [{'type': 'OUTPUT', 'port': 'CONTROLLER'}], 'clearDeferred': True, 'deferred': []}"
2026-06-08 16:59:50,of:0000000000000002,281478673389323,ADDED,40000,36,5022,50,org.onosproject.core,,,,,,"{'criteria': [{'type': 'ETH_TYPE', 'ethType': '0x8942'}]}","{'instructions': [{'type': 'OUTPUT', 'port': 'CONTROLLER'}], 'clearDeferred': True, 'deferred': []}"
2026-06-08 16:59:50,of:0000000000000002,34902898441429785,ADDED,10,47,4606,47,org.onosproject.fwd,00:00:00:00:00:02,00:00:00:00:00:01,,,3,"{'criteria': [{'type': 'IN_PORT', 'port': 3}, {'type': 'ETH_DST', 'mac': '00:00:00:00:00:01'}, {'type': 'ETH_SRC', 'mac': '00:00:00:00:00:02'}]}","{'instructions': [{'type': 'OUTPUT', 'port': '1'}], 'deferred': []}"
2026-06-08 16:59:50,of:0000000000000002,34902899328279504,ADDED,10,79,7742,50,org.onosproject.fwd,00:00:00:00:00:01,00:00:00:00:00:02,,,2,"{'criteria': [{'type': 'IN_PORT', 'port': 2}, {'type': 'ETH_DST', 'mac': '00:00:00:00:00:02'}, {'type': 'ETH_SRC', 'mac': '00:00:00:00:00:01'}]}","{'instructions': [{'type': 'OUTPUT', 'port': '3'}], 'deferred': []}"
2026-06-08 16:59:50,of:0000000000000002,281475022575828,ADDED,40000,36,5022,50,org.onosproject.core,,,,,,"{'criteria': [{'type': 'ETH_TYPE', 'ethType': '0x88cc'}]}","{'instructions': [{'type': 'OUTPUT', 'port': 'CONTROLLER'}], 'clearDeferred': True, 'deferred': []}"
2026-06-08 16:59:50,of:0000000000000002,281475568191580,ADDED,5,47,4606,50,org.onosproject.core,,,,,,"{'criteria': [{'type': 'ETH_TYPE', 'ethType': '0x800'}]}","{'instructions': [{'type': 'OUTPUT', 'port': 'CONTROLLER'}], 'clearDeferred': True, 'deferred': []}"
2026-06-08 16:59:50,of:0000000000000007,281475652364572,ADDED,5,3,294,50,org.onosproject.core,,,,,,"{'criteria': [{'type': 'ETH_TYPE', 'ethType': '0x800'}]}","{'instructions': [{'type': 'OUTPUT', 'port': 'CONTROLLER'}], 'clearDeferred': True, 'deferred': []}"
2026-06-08 16:59:50,of:0000000000000007,281478438392611,ADDED,40000,0,0,50,org.onosproject.core,,,,,,"{'criteria': [{'type': 'ETH_TYPE', 'ethType': '0x806'}]}","{'instructions': [{'type': 'OUTPUT', 'port': 'CONTROLLER'}], 'clearDeferred': True, 'deferred': []}"
2026-06-08 16:59:50,of:0000000000000007,281476350262333,ADDED,40000,36,5040,50,org.onosproject.core,,,,,,"{'criteria': [{'type': 'ETH_TYPE', 'ethType': '0x8942'}]}","{'instructions': [{'type': 'OUTPUT', 'port': 'CONTROLLER'}], 'clearDeferred': True, 'deferred': []}"
2026-06-08 16:59:50,of:0000000000000007,281475000925130,ADDED,40000,36,5040,50,org.onosproject.core,,,,,,"{'criteria': [{'type': 'ETH_TYPE', 'ethType': '0x88cc'}]}","{'instructions': [{'type': 'OUTPUT', 'port': 'CONTROLLER'}], 'clearDeferred': True, 'deferred': []}"
2026-06-08 16:59:50,of:0000000000000008,281476059291414,ADDED,40000,0,0,50,org.onosproject.core,,,,,,"{'criteria': [{'type': 'ETH_TYPE', 'ethType': '0x806'}]}","{'instructions': [{'type': 'OUTPUT', 'port': 'CONTROLLER'}], 'clearDeferred': True, 'deferred': []}"
2026-06-08 16:59:50,of:0000000000000008,281476101349656,ADDED,40000,54,7524,50,org.onosproject.core,,,,,,"{'criteria': [{'type': 'ETH_TYPE', 'ethType': '0x88cc'}]}","{'instructions': [{'type': 'OUTPUT', 'port': 'CONTROLLER'}], 'clearDeferred': True, 'deferred': []}"
2026-06-08 16:59:50,of:0000000000000008,281476270708671,ADDED,40000,54,7524,50,org.onosproject.core,,,,,,"{'criteria': [{'type': 'ETH_TYPE', 'ethType': '0x8942'}]}","{'instructions': [{'type': 'OUTPUT', 'port': 'CONTROLLER'}], 'clearDeferred': True, 'deferred': []}"
2026-06-08 16:59:50,of:0000000000000008,34902898875781211,ADDED,10,71,6958,49,org.onosproject.fwd,00:00:00:00:00:01,00:00:00:00:00:02,,,3,"{'criteria': [{'type': 'IN_PORT', 'port': 3}, {'type': 'ETH_DST', 'mac': '00:00:00:00:00:02'}, {'type': 'ETH_SRC', 'mac': '00:00:00:00:00:01'}]}","{'instructions': [{'type': 'OUTPUT', 'port': '2'}], 'deferred': []}"
2026-06-08 16:59:50,of:0000000000000008,281476010895837,ADDED,5,141,13818,50,org.onosproject.core,,,,,,"{'criteria': [{'type': 'ETH_TYPE', 'ethType': '0x800'}]}","{'instructions': [{'type': 'OUTPUT', 'port': 'CONTROLLER'}], 'clearDeferred': True, 'deferred': []}"
2026-06-08 16:59:50,of:0000000000000005,281478762460478,ADDED,40000,0,0,50,org.onosproject.core,,,,,,"{'criteria': [{'type': 'ETH_TYPE', 'ethType': '0x806'}]}","{'instructions': [{'type': 'OUTPUT', 'port': 'CONTROLLER'}], 'clearDeferred': True, 'deferred': []}"
2026-06-08 16:59:50,of:0000000000000005,281478211273411,ADDED,40000,35,4883,50,org.onosproject.core,,,,,,"{'criteria': [{'type': 'ETH_TYPE', 'ethType': '0x8942'}]}","{'instructions': [{'type': 'OUTPUT', 'port': 'CONTROLLER'}], 'clearDeferred': True, 'deferred': []}"
2026-06-08 16:59:50,of:0000000000000005,281475117841124,ADDED,5,53,5194,50,org.onosproject.core,,,,,,"{'criteria': [{'type': 'ETH_TYPE', 'ethType': '0x800'}]}","{'instructions': [{'type': 'OUTPUT', 'port': 'CONTROLLER'}], 'clearDeferred': True, 'deferred': []}"
2026-06-08 16:59:50,of:0000000000000005,281478979269874,ADDED,40000,35,4883,50,org.onosproject.core,,,,,,"{'criteria': [{'type': 'ETH_TYPE', 'ethType': '0x88cc'}]}","{'instructions': [{'type': 'OUTPUT', 'port': 'CONTROLLER'}], 'clearDeferred': True, 'deferred': []}"
2026-06-08 16:59:50,of:0000000000000006,281475738574217,ADDED,40000,36,5040,50,org.onosproject.core,,,,,,"{'criteria': [{'type': 'ETH_TYPE', 'ethType': '0x88cc'}]}","{'instructions': [{'type': 'OUTPUT', 'port': 'CONTROLLER'}], 'clearDeferred': True, 'deferred': []}"
2026-06-08 16:59:50,of:0000000000000006,281476873293724,ADDED,40000,36,5040,50,org.onosproject.core,,,,,,"{'criteria': [{'type': 'ETH_TYPE', 'ethType': '0x8942'}]}","{'instructions': [{'type': 'OUTPUT', 'port': 'CONTROLLER'}], 'clearDeferred': True, 'deferred': []}"
2026-06-08 16:59:50,of:0000000000000006,281475411377083,ADDED,40000,0,0,50,org.onosproject.core,,,,,,"{'criteria': [{'type': 'ETH_TYPE', 'ethType': '0x806'}]}","{'instructions': [{'type': 'OUTPUT', 'port': 'CONTROLLER'}], 'clearDeferred': True, 'deferred': []}"
2026-06-08 16:59:50,of:0000000000000006,281478888449605,ADDED,5,3,294,50,org.onosproject.core,,,,,,"{'criteria': [{'type': 'ETH_TYPE', 'ethType': '0x800'}]}","{'instructions': [{'type': 'OUTPUT', 'port': 'CONTROLLER'}], 'clearDeferred': True, 'deferred': []}"
2026-06-08 16:59:50,of:0000000000000009,281478887649794,ADDED,40000,51,7106,50,org.onosproject.core,,,,,,"{'criteria': [{'type': 'ETH_TYPE', 'ethType': '0x88cc'}]}","{'instructions': [{'type': 'OUTPUT', 'port': 'CONTROLLER'}], 'clearDeferred': True, 'deferred': []}"
2026-06-08 16:59:50,of:0000000000000009,281474993990194,ADDED,5,66,6468,50,org.onosproject.core,,,,,,"{'criteria': [{'type': 'ETH_TYPE', 'ethType': '0x800'}]}","{'instructions': [{'type': 'OUTPUT', 'port': 'CONTROLLER'}], 'clearDeferred': True, 'deferred': []}"
2026-06-08 16:59:50,of:0000000000000009,281476295891648,ADDED,40000,51,7106,50,org.onosproject.core,,,,,,"{'criteria': [{'type': 'ETH_TYPE', 'ethType': '0x8942'}]}","{'instructions': [{'type': 'OUTPUT', 'port': 'CONTROLLER'}], 'clearDeferred': True, 'deferred': []}"
2026-06-08 16:59:50,of:0000000000000009,281479019932926,ADDED,40000,0,0,50,org.onosproject.core,,,,,,"{'criteria': [{'type': 'ETH_TYPE', 'ethType': '0x806'}]}","{'instructions': [{'type': 'OUTPUT', 'port': 'CONTROLLER'}], 'clearDeferred': True, 'deferred': []}"
2026-06-08 16:59:55,of:000000000000000c,281479100460205,ADDED,40000,113,15745,55,org.onosproject.core,,,,,,"{'criteria': [{'type': 'ETH_TYPE', 'ethType': '0x88cc'}]}","{'instructions': [{'type': 'OUTPUT', 'port': 'CONTROLLER'}], 'clearDeferred': True, 'deferred': []}"
2026-06-08 16:59:55,of:000000000000000c,281475624796078,ADDED,40000,113,15745,55,org.onosproject.core,,,,,,"{'criteria': [{'type': 'ETH_TYPE', 'ethType': '0x8942'}]}","{'instructions': [{'type': 'OUTPUT', 'port': 'CONTROLLER'}], 'clearDeferred': True, 'deferred': []}"
2026-06-08 16:59:55,of:000000000000000c,281477504901495,ADDED,40000,0,0,55,org.onosproject.core,,,,,,"{'criteria': [{'type': 'ETH_TYPE', 'ethType': '0x806'}]}","{'instructions': [{'type': 'OUTPUT', 'port': 'CONTROLLER'}], 'clearDeferred': True, 'deferred': []}"
2026-06-08 16:59:55,of:000000000000000c,281476292687096,ADDED,5,83,8134,55,org.onosproject.core,,,,,,"{'criteria': [{'type': 'ETH_TYPE', 'ethType': '0x800'}]}","{'instructions': [{'type': 'OUTPUT', 'port': 'CONTROLLER'}], 'clearDeferred': True, 'deferred': []}"
2026-06-08 16:59:55,of:000000000000000d,281478200287907,ADDED,40000,110,15345,55,org.onosproject.core,,,,,,"{'criteria': [{'type': 'ETH_TYPE', 'ethType': '0x88cc'}]}","{'instructions': [{'type': 'OUTPUT', 'port': 'CONTROLLER'}], 'clearDeferred': True, 'deferred': []}"
2026-06-08 16:59:55,of:000000000000000d,281478788468154,ADDED,5,83,8134,55,org.onosproject.core,,,,,,"{'criteria': [{'type': 'ETH_TYPE', 'ethType': '0x800'}]}","{'instructions': [{'type': 'OUTPUT', 'port': 'CONTROLLER'}], 'clearDeferred': True, 'deferred': []}"
2026-06-08 16:59:55,of:000000000000000d,281478012698825,ADDED,40000,110,15345,55,org.onosproject.core,,,,,,"{'criteria': [{'type': 'ETH_TYPE', 'ethType': '0x8942'}]}","{'instructions': [{'type': 'OUTPUT', 'port': 'CONTROLLER'}], 'clearDeferred': True, 'deferred': []}"
2026-06-08 16:59:55,of:000000000000000d,281476618808057,ADDED,40000,0,0,55,org.onosproject.core,,,,,,"{'criteria': [{'type': 'ETH_TYPE', 'ethType': '0x806'}]}","{'instructions': [{'type': 'OUTPUT', 'port': 'CONTROLLER'}], 'clearDeferred': True, 'deferred': []}"
2026-06-08 16:59:55,of:000000000000000a,281477705784245,ADDED,5,3,294,55,org.onosproject.core,,,,,,"{'criteria': [{'type': 'ETH_TYPE', 'ethType': '0x800'}]}","{'instructions': [{'type': 'OUTPUT', 'port': 'CONTROLLER'}], 'clearDeferred': True, 'deferred': []}"
2026-06-08 16:59:55,of:000000000000000a,281475818964416,ADDED,40000,55,7664,55,org.onosproject.core,,,,,,"{'criteria': [{'type': 'ETH_TYPE', 'ethType': '0x8942'}]}","{'instructions': [{'type': 'OUTPUT', 'port': 'CONTROLLER'}], 'clearDeferred': True, 'deferred': []}"
2026-06-08 16:59:55,of:000000000000000a,281477034268888,ADDED,40000,55,7664,55,org.onosproject.core,,,,,,"{'criteria': [{'type': 'ETH_TYPE', 'ethType': '0x88cc'}]}","{'instructions': [{'type': 'OUTPUT', 'port': 'CONTROLLER'}], 'clearDeferred': True, 'deferred': []}"
2026-06-08 16:59:55,of:000000000000000a,281478593105785,ADDED,40000,0,0,55,org.onosproject.core,,,,,,"{'criteria': [{'type': 'ETH_TYPE', 'ethType': '0x806'}]}","{'instructions': [{'type': 'OUTPUT', 'port': 'CONTROLLER'}], 'clearDeferred': True, 'deferred': []}"
2026-06-08 16:59:55,of:000000000000000b,281478277078534,ADDED,5,101,9898,55,org.onosproject.core,,,,,,"{'criteria': [{'type': 'ETH_TYPE', 'ethType': '0x800'}]}","{'instructions': [{'type': 'OUTPUT', 'port': 'CONTROLLER'}], 'clearDeferred': True, 'deferred': []}"
2026-06-08 16:59:55,of:000000000000000b,34902898369757081,ADDED,10,55,5390,54,org.onosproject.fwd,00:00:00:00:00:01,00:00:00:00:00:02,,,1,"{'criteria': [{'type': 'IN_PORT', 'port': 1}, {'type': 'ETH_DST', 'mac': '00:00:00:00:00:02'}, {'type': 'ETH_SRC', 'mac': '00:00:00:00:00:01'}]}","{'instructions': [{'type': 'OUTPUT', 'port': '5'}], 'deferred': []}"
2026-06-08 16:59:55,of:000000000000000b,34902898247549216,ADDED,10,52,5096,52,org.onosproject.fwd,00:00:00:00:00:02,00:00:00:00:00:01,,,4,"{'criteria': [{'type': 'IN_PORT', 'port': 4}, {'type': 'ETH_DST', 'mac': '00:00:00:00:00:01'}, {'type': 'ETH_SRC', 'mac': '00:00:00:00:00:02'}]}","{'instructions': [{'type': 'OUTPUT', 'port': '1'}], 'deferred': []}"
2026-06-08 16:59:55,of:000000000000000b,281476663695951,ADDED,40000,0,0,55,org.onosproject.core,,,,,,"{'criteria': [{'type': 'ETH_TYPE', 'ethType': '0x806'}]}","{'instructions': [{'type': 'OUTPUT', 'port': 'CONTROLLER'}], 'clearDeferred': True, 'deferred': []}"
2026-06-08 16:59:55,of:000000000000000b,281476573370203,ADDED,40000,114,15884,55,org.onosproject.core,,,,,,"{'criteria': [{'type': 'ETH_TYPE', 'ethType': '0x88cc'}]}","{'instructions': [{'type': 'OUTPUT', 'port': 'CONTROLLER'}], 'clearDeferred': True, 'deferred': []}"
2026-06-08 16:59:55,of:000000000000000b,281476205675487,ADDED,40000,114,15884,55,org.onosproject.core,,,,,,"{'criteria': [{'type': 'ETH_TYPE', 'ethType': '0x8942'}]}","{'instructions': [{'type': 'OUTPUT', 'port': 'CONTROLLER'}], 'clearDeferred': True, 'deferred': []}"
2026-06-08 16:59:55,of:0000000000000003,281478170942982,ADDED,5,93,9114,55,org.onosproject.core,,,,,,"{'criteria': [{'type': 'ETH_TYPE', 'ethType': '0x800'}]}","{'instructions': [{'type': 'OUTPUT', 'port': 'CONTROLLER'}], 'clearDeferred': True, 'deferred': []}"
2026-06-08 16:59:55,of:0000000000000003,34902901306865815,ADDED,10,79,7742,55,org.onosproject.fwd,00:00:00:00:00:01,00:00:00:00:00:02,,,1,"{'criteria': [{'type': 'IN_PORT', 'port': 1}, {'type': 'ETH_DST', 'mac': '00:00:00:00:00:02'}, {'type': 'ETH_SRC', 'mac': '00:00:00:00:00:01'}]}","{'instructions': [{'type': 'OUTPUT', 'port': '2'}], 'deferred': []}"
2026-06-08 16:59:55,of:0000000000000003,281476661728682,ADDED,40000,38,5301,55,org.onosproject.core,,,,,,"{'criteria': [{'type': 'ETH_TYPE', 'ethType': '0x88cc'}]}","{'instructions': [{'type': 'OUTPUT', 'port': 'CONTROLLER'}], 'clearDeferred': True, 'deferred': []}"
2026-06-08 16:59:55,of:0000000000000003,281477764386537,ADDED,40000,0,0,55,org.onosproject.core,,,,,,"{'criteria': [{'type': 'ETH_TYPE', 'ethType': '0x806'}]}","{'instructions': [{'type': 'OUTPUT', 'port': 'CONTROLLER'}], 'clearDeferred': True, 'deferred': []}"
2026-06-08 16:59:55,of:0000000000000003,281476156249461,ADDED,40000,38,5301,55,org.onosproject.core,,,,,,"{'criteria': [{'type': 'ETH_TYPE', 'ethType': '0x8942'}]}","{'instructions': [{'type': 'OUTPUT', 'port': 'CONTROLLER'}], 'clearDeferred': True, 'deferred': []}"
2026-06-08 16:59:55,of:0000000000000004,281475616213265,ADDED,40000,36,5021,55,org.onosproject.core,,,,,,"{'criteria': [{'type': 'ETH_TYPE', 'ethType': '0x88cc'}]}","{'instructions': [{'type': 'OUTPUT', 'port': 'CONTROLLER'}], 'clearDeferred': True, 'deferred': []}"
2026-06-08 16:59:55,of:0000000000000004,281475265228006,ADDED,40000,0,0,55,org.onosproject.core,,,,,,"{'criteria': [{'type': 'ETH_TYPE', 'ethType': '0x806'}]}","{'instructions': [{'type': 'OUTPUT', 'port': 'CONTROLLER'}], 'clearDeferred': True, 'deferred': []}"
2026-06-08 16:59:55,of:0000000000000004,281477141311986,ADDED,5,88,8624,55,org.onosproject.core,,,,,,"{'criteria': [{'type': 'ETH_TYPE', 'ethType': '0x800'}]}","{'instructions': [{'type': 'OUTPUT', 'port': 'CONTROLLER'}], 'clearDeferred': True, 'deferred': []}"
2026-06-08 16:59:55,of:0000000000000004,281476729151998,ADDED,40000,36,5021,55,org.onosproject.core,,,,,,"{'criteria': [{'type': 'ETH_TYPE', 'ethType': '0x8942'}]}","{'instructions': [{'type': 'OUTPUT', 'port': 'CONTROLLER'}], 'clearDeferred': True, 'deferred': []}"
2026-06-08 16:59:55,of:0000000000000001,281478909873038,ADDED,40000,0,0,55,org.onosproject.core,,,,,,"{'criteria': [{'type': 'ETH_TYPE', 'ethType': '0x806'}]}","{'instructions': [{'type': 'OUTPUT', 'port': 'CONTROLLER'}], 'clearDeferred': True, 'deferred': []}"
2026-06-08 16:59:55,of:0000000000000001,34902899196753573,ADDED,10,54,5292,54,org.onosproject.fwd,00:00:00:00:00:01,00:00:00:00:00:02,,,4,"{'criteria': [{'type': 'IN_PORT', 'port': 4}, {'type': 'ETH_DST', 'mac': '00:00:00:00:00:02'}, {'type': 'ETH_SRC', 'mac': '00:00:00:00:00:01'}]}","{'instructions': [{'type': 'OUTPUT', 'port': '1'}], 'deferred': []}"
2026-06-08 16:59:55,of:0000000000000001,34902898986035913,ADDED,10,64,6272,54,org.onosproject.fwd,00:00:00:00:00:02,00:00:00:00:00:01,,,1,"{'criteria': [{'type': 'IN_PORT', 'port': 1}, {'type': 'ETH_DST', 'mac': '00:00:00:00:00:01'}, {'type': 'ETH_SRC', 'mac': '00:00:00:00:00:02'}]}","{'instructions': [{'type': 'OUTPUT', 'port': '4'}], 'deferred': []}"
2026-06-08 16:59:55,of:0000000000000001,281477466379610,ADDED,40000,55,7700,55,org.onosproject.core,,,,,,"{'criteria': [{'type': 'ETH_TYPE', 'ethType': '0x88cc'}]}","{'instructions': [{'type': 'OUTPUT', 'port': 'CONTROLLER'}], 'clearDeferred': True, 'deferred': []}"
2026-06-08 16:59:55,of:0000000000000001,281475012051420,ADDED,5,76,7448,55,org.onosproject.core,,,,,,"{'criteria': [{'type': 'ETH_TYPE', 'ethType': '0x800'}]}","{'instructions': [{'type': 'OUTPUT', 'port': 'CONTROLLER'}], 'clearDeferred': True, 'deferred': []}"
2026-06-08 16:59:55,of:0000000000000001,281477029321583,ADDED,40000,55,7700,55,org.onosproject.core,,,,,,"{'criteria': [{'type': 'ETH_TYPE', 'ethType': '0x8942'}]}","{'instructions': [{'type': 'OUTPUT', 'port': 'CONTROLLER'}], 'clearDeferred': True, 'deferred': []}"
2026-06-08 16:59:55,of:0000000000000002,281478316350853,ADDED,40000,0,0,55,org.onosproject.core,,,,,,"{'criteria': [{'type': 'ETH_TYPE', 'ethType': '0x806'}]}","{'instructions': [{'type': 'OUTPUT', 'port': 'CONTROLLER'}], 'clearDeferred': True, 'deferred': []}"
2026-06-08 16:59:55,of:0000000000000002,281478673389323,ADDED,40000,38,5301,55,org.onosproject.core,,,,,,"{'criteria': [{'type': 'ETH_TYPE', 'ethType': '0x8942'}]}","{'instructions': [{'type': 'OUTPUT', 'port': 'CONTROLLER'}], 'clearDeferred': True, 'deferred': []}"
2026-06-08 16:59:55,of:0000000000000002,34902898441429785,ADDED,10,52,5096,52,org.onosproject.fwd,00:00:00:00:00:02,00:00:00:00:00:01,,,3,"{'criteria': [{'type': 'IN_PORT', 'port': 3}, {'type': 'ETH_DST', 'mac': '00:00:00:00:00:01'}, {'type': 'ETH_SRC', 'mac': '00:00:00:00:00:02'}]}","{'instructions': [{'type': 'OUTPUT', 'port': '1'}], 'deferred': []}"
2026-06-08 16:59:55,of:0000000000000002,34902899328279504,ADDED,10,84,8232,55,org.onosproject.fwd,00:00:00:00:00:01,00:00:00:00:00:02,,,2,"{'criteria': [{'type': 'IN_PORT', 'port': 2}, {'type': 'ETH_DST', 'mac': '00:00:00:00:00:02'}, {'type': 'ETH_SRC', 'mac': '00:00:00:00:00:01'}]}","{'instructions': [{'type': 'OUTPUT', 'port': '3'}], 'deferred': []}"
2026-06-08 16:59:55,of:0000000000000002,281475022575828,ADDED,40000,38,5301,55,org.onosproject.core,,,,,,"{'criteria': [{'type': 'ETH_TYPE', 'ethType': '0x88cc'}]}","{'instructions': [{'type': 'OUTPUT', 'port': 'CONTROLLER'}], 'clearDeferred': True, 'deferred': []}"
2026-06-08 16:59:55,of:0000000000000002,281475568191580,ADDED,5,47,4606,55,org.onosproject.core,,,,,,"{'criteria': [{'type': 'ETH_TYPE', 'ethType': '0x800'}]}","{'instructions': [{'type': 'OUTPUT', 'port': 'CONTROLLER'}], 'clearDeferred': True, 'deferred': []}"
2026-06-08 16:59:55,of:0000000000000007,281475652364572,ADDED,5,3,294,55,org.onosproject.core,,,,,,"{'criteria': [{'type': 'ETH_TYPE', 'ethType': '0x800'}]}","{'instructions': [{'type': 'OUTPUT', 'port': 'CONTROLLER'}], 'clearDeferred': True, 'deferred': []}"
2026-06-08 16:59:55,of:0000000000000007,281478438392611,ADDED,40000,0,0,55,org.onosproject.core,,,,,,"{'criteria': [{'type': 'ETH_TYPE', 'ethType': '0x806'}]}","{'instructions': [{'type': 'OUTPUT', 'port': 'CONTROLLER'}], 'clearDeferred': True, 'deferred': []}"
2026-06-08 16:59:55,of:0000000000000007,281476350262333,ADDED,40000,38,5320,55,org.onosproject.core,,,,,,"{'criteria': [{'type': 'ETH_TYPE', 'ethType': '0x8942'}]}","{'instructions': [{'type': 'OUTPUT', 'port': 'CONTROLLER'}], 'clearDeferred': True, 'deferred': []}"
2026-06-08 16:59:55,of:0000000000000007,281475000925130,ADDED,40000,38,5320,55,org.onosproject.core,,,,,,"{'criteria': [{'type': 'ETH_TYPE', 'ethType': '0x88cc'}]}","{'instructions': [{'type': 'OUTPUT', 'port': 'CONTROLLER'}], 'clearDeferred': True, 'deferred': []}"
2026-06-08 16:59:55,of:0000000000000008,281476059291414,ADDED,40000,0,0,55,org.onosproject.core,,,,,,"{'criteria': [{'type': 'ETH_TYPE', 'ethType': '0x806'}]}","{'instructions': [{'type': 'OUTPUT', 'port': 'CONTROLLER'}], 'clearDeferred': True, 'deferred': []}"
2026-06-08 16:59:55,of:0000000000000008,281476101349656,ADDED,40000,57,7942,55,org.onosproject.core,,,,,,"{'criteria': [{'type': 'ETH_TYPE', 'ethType': '0x88cc'}]}","{'instructions': [{'type': 'OUTPUT', 'port': 'CONTROLLER'}], 'clearDeferred': True, 'deferred': []}"
2026-06-08 16:59:55,of:0000000000000008,281476270708671,ADDED,40000,57,7942,55,org.onosproject.core,,,,,,"{'criteria': [{'type': 'ETH_TYPE', 'ethType': '0x8942'}]}","{'instructions': [{'type': 'OUTPUT', 'port': 'CONTROLLER'}], 'clearDeferred': True, 'deferred': []}"
2026-06-08 16:59:55,of:0000000000000008,34902898875781211,ADDED,10,76,7448,54,org.onosproject.fwd,00:00:00:00:00:01,00:00:00:00:00:02,,,3,"{'criteria': [{'type': 'IN_PORT', 'port': 3}, {'type': 'ETH_DST', 'mac': '00:00:00:00:00:02'}, {'type': 'ETH_SRC', 'mac': '00:00:00:00:00:01'}]}","{'instructions': [{'type': 'OUTPUT', 'port': '2'}], 'deferred': []}"
2026-06-08 16:59:55,of:0000000000000008,281476010895837,ADDED,5,141,13818,55,org.onosproject.core,,,,,,"{'criteria': [{'type': 'ETH_TYPE', 'ethType': '0x800'}]}","{'instructions': [{'type': 'OUTPUT', 'port': 'CONTROLLER'}], 'clearDeferred': True, 'deferred': []}"
2026-06-08 16:59:55,of:0000000000000005,281478762460478,ADDED,40000,0,0,55,org.onosproject.core,,,,,,"{'criteria': [{'type': 'ETH_TYPE', 'ethType': '0x806'}]}","{'instructions': [{'type': 'OUTPUT', 'port': 'CONTROLLER'}], 'clearDeferred': True, 'deferred': []}"
2026-06-08 16:59:55,of:0000000000000005,281478211273411,ADDED,40000,38,5301,55,org.onosproject.core,,,,,,"{'criteria': [{'type': 'ETH_TYPE', 'ethType': '0x8942'}]}","{'instructions': [{'type': 'OUTPUT', 'port': 'CONTROLLER'}], 'clearDeferred': True, 'deferred': []}"
2026-06-08 16:59:55,of:0000000000000005,281475117841124,ADDED,5,53,5194,55,org.onosproject.core,,,,,,"{'criteria': [{'type': 'ETH_TYPE', 'ethType': '0x800'}]}","{'instructions': [{'type': 'OUTPUT', 'port': 'CONTROLLER'}], 'clearDeferred': True, 'deferred': []}"
2026-06-08 16:59:55,of:0000000000000005,281478979269874,ADDED,40000,38,5301,55,org.onosproject.core,,,,,,"{'criteria': [{'type': 'ETH_TYPE', 'ethType': '0x88cc'}]}","{'instructions': [{'type': 'OUTPUT', 'port': 'CONTROLLER'}], 'clearDeferred': True, 'deferred': []}"
2026-06-08 16:59:55,of:0000000000000006,281475738574217,ADDED,40000,38,5320,55,org.onosproject.core,,,,,,"{'criteria': [{'type': 'ETH_TYPE', 'ethType': '0x88cc'}]}","{'instructions': [{'type': 'OUTPUT', 'port': 'CONTROLLER'}], 'clearDeferred': True, 'deferred': []}"
2026-06-08 16:59:55,of:0000000000000006,281476873293724,ADDED,40000,38,5320,55,org.onosproject.core,,,,,,"{'criteria': [{'type': 'ETH_TYPE', 'ethType': '0x8942'}]}","{'instructions': [{'type': 'OUTPUT', 'port': 'CONTROLLER'}], 'clearDeferred': True, 'deferred': []}"
2026-06-08 16:59:55,of:0000000000000006,281475411377083,ADDED,40000,0,0,55,org.onosproject.core,,,,,,"{'criteria': [{'type': 'ETH_TYPE', 'ethType': '0x806'}]}","{'instructions': [{'type': 'OUTPUT', 'port': 'CONTROLLER'}], 'clearDeferred': True, 'deferred': []}"
2026-06-08 16:59:55,of:0000000000000006,281478888449605,ADDED,5,3,294,55,org.onosproject.core,,,,,,"{'criteria': [{'type': 'ETH_TYPE', 'ethType': '0x800'}]}","{'instructions': [{'type': 'OUTPUT', 'port': 'CONTROLLER'}], 'clearDeferred': True, 'deferred': []}"
2026-06-08 16:59:55,of:0000000000000009,281478887649794,ADDED,40000,55,7663,55,org.onosproject.core,,,,,,"{'criteria': [{'type': 'ETH_TYPE', 'ethType': '0x88cc'}]}","{'instructions': [{'type': 'OUTPUT', 'port': 'CONTROLLER'}], 'clearDeferred': True, 'deferred': []}"
2026-06-08 16:59:55,of:0000000000000009,281474993990194,ADDED,5,66,6468,55,org.onosproject.core,,,,,,"{'criteria': [{'type': 'ETH_TYPE', 'ethType': '0x800'}]}","{'instructions': [{'type': 'OUTPUT', 'port': 'CONTROLLER'}], 'clearDeferred': True, 'deferred': []}"
2026-06-08 16:59:55,of:0000000000000009,281476295891648,ADDED,40000,55,7663,55,org.onosproject.core,,,,,,"{'criteria': [{'type': 'ETH_TYPE', 'ethType': '0x8942'}]}","{'instructions': [{'type': 'OUTPUT', 'port': 'CONTROLLER'}], 'clearDeferred': True, 'deferred': []}"
2026-06-08 16:59:55,of:0000000000000009,281479019932926,ADDED,40000,0,0,55,org.onosproject.core,,,,,,"{'criteria': [{'type': 'ETH_TYPE', 'ethType': '0x806'}]}","{'instructions': [{'type': 'OUTPUT', 'port': 'CONTROLLER'}], 'clearDeferred': True, 'deferred': []}"
2026-06-08 17:00:00,of:000000000000000c,281479100460205,ADDED,40000,124,17278,60,org.onosproject.core,,,,,,"{'criteria': [{'type': 'ETH_TYPE', 'ethType': '0x88cc'}]}","{'instructions': [{'type': 'OUTPUT', 'port': 'CONTROLLER'}], 'clearDeferred': True, 'deferred': []}"
2026-06-08 17:00:00,of:000000000000000c,281475624796078,ADDED,40000,124,17278,60,org.onosproject.core,,,,,,"{'criteria': [{'type': 'ETH_TYPE', 'ethType': '0x8942'}]}","{'instructions': [{'type': 'OUTPUT', 'port': 'CONTROLLER'}], 'clearDeferred': True, 'deferred': []}"
2026-06-08 17:00:00,of:000000000000000c,281477504901495,ADDED,40000,0,0,60,org.onosproject.core,,,,,,"{'criteria': [{'type': 'ETH_TYPE', 'ethType': '0x806'}]}","{'instructions': [{'type': 'OUTPUT', 'port': 'CONTROLLER'}], 'clearDeferred': True, 'deferred': []}"
2026-06-08 17:00:00,of:000000000000000c,281476292687096,ADDED,5,83,8134,60,org.onosproject.core,,,,,,"{'criteria': [{'type': 'ETH_TYPE', 'ethType': '0x800'}]}","{'instructions': [{'type': 'OUTPUT', 'port': 'CONTROLLER'}], 'clearDeferred': True, 'deferred': []}"
2026-06-08 17:00:00,of:000000000000000d,281478200287907,ADDED,40000,120,16741,60,org.onosproject.core,,,,,,"{'criteria': [{'type': 'ETH_TYPE', 'ethType': '0x88cc'}]}","{'instructions': [{'type': 'OUTPUT', 'port': 'CONTROLLER'}], 'clearDeferred': True, 'deferred': []}"
2026-06-08 17:00:00,of:000000000000000d,281478788468154,ADDED,5,83,8134,60,org.onosproject.core,,,,,,"{'criteria': [{'type': 'ETH_TYPE', 'ethType': '0x800'}]}","{'instructions': [{'type': 'OUTPUT', 'port': 'CONTROLLER'}], 'clearDeferred': True, 'deferred': []}"
2026-06-08 17:00:00,of:000000000000000d,281478012698825,ADDED,40000,120,16741,60,org.onosproject.core,,,,,,"{'criteria': [{'type': 'ETH_TYPE', 'ethType': '0x8942'}]}","{'instructions': [{'type': 'OUTPUT', 'port': 'CONTROLLER'}], 'clearDeferred': True, 'deferred': []}"
2026-06-08 17:00:00,of:000000000000000d,281476618808057,ADDED,40000,0,0,60,org.onosproject.core,,,,,,"{'criteria': [{'type': 'ETH_TYPE', 'ethType': '0x806'}]}","{'instructions': [{'type': 'OUTPUT', 'port': 'CONTROLLER'}], 'clearDeferred': True, 'deferred': []}"
2026-06-08 17:00:00,of:000000000000000a,281477705784245,ADDED,5,3,294,60,org.onosproject.core,,,,,,"{'criteria': [{'type': 'ETH_TYPE', 'ethType': '0x800'}]}","{'instructions': [{'type': 'OUTPUT', 'port': 'CONTROLLER'}], 'clearDeferred': True, 'deferred': []}"
2026-06-08 17:00:00,of:000000000000000a,281475818964416,ADDED,40000,59,8222,60,org.onosproject.core,,,,,,"{'criteria': [{'type': 'ETH_TYPE', 'ethType': '0x8942'}]}","{'instructions': [{'type': 'OUTPUT', 'port': 'CONTROLLER'}], 'clearDeferred': True, 'deferred': []}"
2026-06-08 17:00:00,of:000000000000000a,281477034268888,ADDED,40000,59,8222,60,org.onosproject.core,,,,,,"{'criteria': [{'type': 'ETH_TYPE', 'ethType': '0x88cc'}]}","{'instructions': [{'type': 'OUTPUT', 'port': 'CONTROLLER'}], 'clearDeferred': True, 'deferred': []}"
2026-06-08 17:00:00,of:000000000000000a,281478593105785,ADDED,40000,0,0,60,org.onosproject.core,,,,,,"{'criteria': [{'type': 'ETH_TYPE', 'ethType': '0x806'}]}","{'instructions': [{'type': 'OUTPUT', 'port': 'CONTROLLER'}], 'clearDeferred': True, 'deferred': []}"
2026-06-08 17:00:00,of:000000000000000b,281478277078534,ADDED,5,101,9898,60,org.onosproject.core,,,,,,"{'criteria': [{'type': 'ETH_TYPE', 'ethType': '0x800'}]}","{'instructions': [{'type': 'OUTPUT', 'port': 'CONTROLLER'}], 'clearDeferred': True, 'deferred': []}"
2026-06-08 17:00:00,of:000000000000000b,34902898369757081,ADDED,10,60,5880,59,org.onosproject.fwd,00:00:00:00:00:01,00:00:00:00:00:02,,,1,"{'criteria': [{'type': 'IN_PORT', 'port': 1}, {'type': 'ETH_DST', 'mac': '00:00:00:00:00:02'}, {'type': 'ETH_SRC', 'mac': '00:00:00:00:00:01'}]}","{'instructions': [{'type': 'OUTPUT', 'port': '5'}], 'deferred': []}"
2026-06-08 17:00:00,of:000000000000000b,34902898247549216,ADDED,10,57,5586,57,org.onosproject.fwd,00:00:00:00:00:02,00:00:00:00:00:01,,,4,"{'criteria': [{'type': 'IN_PORT', 'port': 4}, {'type': 'ETH_DST', 'mac': '00:00:00:00:00:01'}, {'type': 'ETH_SRC', 'mac': '00:00:00:00:00:02'}]}","{'instructions': [{'type': 'OUTPUT', 'port': '1'}], 'deferred': []}"
2026-06-08 17:00:00,of:000000000000000b,281476663695951,ADDED,40000,0,0,60,org.onosproject.core,,,,,,"{'criteria': [{'type': 'ETH_TYPE', 'ethType': '0x806'}]}","{'instructions': [{'type': 'OUTPUT', 'port': 'CONTROLLER'}], 'clearDeferred': True, 'deferred': []}"
2026-06-08 17:00:00,of:000000000000000b,281476573370203,ADDED,40000,126,17556,60,org.onosproject.core,,,,,,"{'criteria': [{'type': 'ETH_TYPE', 'ethType': '0x88cc'}]}","{'instructions': [{'type': 'OUTPUT', 'port': 'CONTROLLER'}], 'clearDeferred': True, 'deferred': []}"
2026-06-08 17:00:00,of:000000000000000b,281476205675487,ADDED,40000,126,17556,60,org.onosproject.core,,,,,,"{'criteria': [{'type': 'ETH_TYPE', 'ethType': '0x8942'}]}","{'instructions': [{'type': 'OUTPUT', 'port': 'CONTROLLER'}], 'clearDeferred': True, 'deferred': []}"
2026-06-08 17:00:00,of:0000000000000003,281478170942982,ADDED,5,93,9114,60,org.onosproject.core,,,,,,"{'criteria': [{'type': 'ETH_TYPE', 'ethType': '0x800'}]}","{'instructions': [{'type': 'OUTPUT', 'port': 'CONTROLLER'}], 'clearDeferred': True, 'deferred': []}"
2026-06-08 17:00:00,of:0000000000000003,34902901306865815,ADDED,10,84,8232,60,org.onosproject.fwd,00:00:00:00:00:01,00:00:00:00:00:02,,,1,"{'criteria': [{'type': 'IN_PORT', 'port': 1}, {'type': 'ETH_DST', 'mac': '00:00:00:00:00:02'}, {'type': 'ETH_SRC', 'mac': '00:00:00:00:00:01'}]}","{'instructions': [{'type': 'OUTPUT', 'port': '2'}], 'deferred': []}"
2026-06-08 17:00:00,of:0000000000000003,281476661728682,ADDED,40000,42,5859,60,org.onosproject.core,,,,,,"{'criteria': [{'type': 'ETH_TYPE', 'ethType': '0x88cc'}]}","{'instructions': [{'type': 'OUTPUT', 'port': 'CONTROLLER'}], 'clearDeferred': True, 'deferred': []}"
2026-06-08 17:00:00,of:0000000000000003,281477764386537,ADDED,40000,0,0,60,org.onosproject.core,,,,,,"{'criteria': [{'type': 'ETH_TYPE', 'ethType': '0x806'}]}","{'instructions': [{'type': 'OUTPUT', 'port': 'CONTROLLER'}], 'clearDeferred': True, 'deferred': []}"
2026-06-08 17:00:00,of:0000000000000003,281476156249461,ADDED,40000,42,5859,60,org.onosproject.core,,,,,,"{'criteria': [{'type': 'ETH_TYPE', 'ethType': '0x8942'}]}","{'instructions': [{'type': 'OUTPUT', 'port': 'CONTROLLER'}], 'clearDeferred': True, 'deferred': []}"
2026-06-08 17:00:00,of:0000000000000004,281475616213265,ADDED,40000,40,5579,60,org.onosproject.core,,,,,,"{'criteria': [{'type': 'ETH_TYPE', 'ethType': '0x88cc'}]}","{'instructions': [{'type': 'OUTPUT', 'port': 'CONTROLLER'}], 'clearDeferred': True, 'deferred': []}"
2026-06-08 17:00:00,of:0000000000000004,281475265228006,ADDED,40000,0,0,60,org.onosproject.core,,,,,,"{'criteria': [{'type': 'ETH_TYPE', 'ethType': '0x806'}]}","{'instructions': [{'type': 'OUTPUT', 'port': 'CONTROLLER'}], 'clearDeferred': True, 'deferred': []}"
2026-06-08 17:00:00,of:0000000000000004,281477141311986,ADDED,5,88,8624,60,org.onosproject.core,,,,,,"{'criteria': [{'type': 'ETH_TYPE', 'ethType': '0x800'}]}","{'instructions': [{'type': 'OUTPUT', 'port': 'CONTROLLER'}], 'clearDeferred': True, 'deferred': []}"
2026-06-08 17:00:00,of:0000000000000004,281476729151998,ADDED,40000,40,5579,60,org.onosproject.core,,,,,,"{'criteria': [{'type': 'ETH_TYPE', 'ethType': '0x8942'}]}","{'instructions': [{'type': 'OUTPUT', 'port': 'CONTROLLER'}], 'clearDeferred': True, 'deferred': []}"
2026-06-08 17:00:00,of:0000000000000001,281478909873038,ADDED,40000,0,0,60,org.onosproject.core,,,,,,"{'criteria': [{'type': 'ETH_TYPE', 'ethType': '0x806'}]}","{'instructions': [{'type': 'OUTPUT', 'port': 'CONTROLLER'}], 'clearDeferred': True, 'deferred': []}"
2026-06-08 17:00:00,of:0000000000000001,34902899196753573,ADDED,10,59,5782,59,org.onosproject.fwd,00:00:00:00:00:01,00:00:00:00:00:02,,,4,"{'criteria': [{'type': 'IN_PORT', 'port': 4}, {'type': 'ETH_DST', 'mac': '00:00:00:00:00:02'}, {'type': 'ETH_SRC', 'mac': '00:00:00:00:00:01'}]}","{'instructions': [{'type': 'OUTPUT', 'port': '1'}], 'deferred': []}"
2026-06-08 17:00:00,of:0000000000000001,34902898986035913,ADDED,10,69,6762,59,org.onosproject.fwd,00:00:00:00:00:02,00:00:00:00:00:01,,,1,"{'criteria': [{'type': 'IN_PORT', 'port': 1}, {'type': 'ETH_DST', 'mac': '00:00:00:00:00:01'}, {'type': 'ETH_SRC', 'mac': '00:00:00:00:00:02'}]}","{'instructions': [{'type': 'OUTPUT', 'port': '4'}], 'deferred': []}"
2026-06-08 17:00:00,of:0000000000000001,281477466379610,ADDED,40000,61,8540,60,org.onosproject.core,,,,,,"{'criteria': [{'type': 'ETH_TYPE', 'ethType': '0x88cc'}]}","{'instructions': [{'type': 'OUTPUT', 'port': 'CONTROLLER'}], 'clearDeferred': True, 'deferred': []}"
2026-06-08 17:00:00,of:0000000000000001,281475012051420,ADDED,5,76,7448,60,org.onosproject.core,,,,,,"{'criteria': [{'type': 'ETH_TYPE', 'ethType': '0x800'}]}","{'instructions': [{'type': 'OUTPUT', 'port': 'CONTROLLER'}], 'clearDeferred': True, 'deferred': []}"
2026-06-08 17:00:00,of:0000000000000001,281477029321583,ADDED,40000,61,8540,60,org.onosproject.core,,,,,,"{'criteria': [{'type': 'ETH_TYPE', 'ethType': '0x8942'}]}","{'instructions': [{'type': 'OUTPUT', 'port': 'CONTROLLER'}], 'clearDeferred': True, 'deferred': []}"
2026-06-08 17:00:00,of:0000000000000002,281478316350853,ADDED,40000,0,0,60,org.onosproject.core,,,,,,"{'criteria': [{'type': 'ETH_TYPE', 'ethType': '0x806'}]}","{'instructions': [{'type': 'OUTPUT', 'port': 'CONTROLLER'}], 'clearDeferred': True, 'deferred': []}"
2026-06-08 17:00:00,of:0000000000000002,281478673389323,ADDED,40000,42,5859,60,org.onosproject.core,,,,,,"{'criteria': [{'type': 'ETH_TYPE', 'ethType': '0x8942'}]}","{'instructions': [{'type': 'OUTPUT', 'port': 'CONTROLLER'}], 'clearDeferred': True, 'deferred': []}"
2026-06-08 17:00:00,of:0000000000000002,34902898441429785,ADDED,10,57,5586,57,org.onosproject.fwd,00:00:00:00:00:02,00:00:00:00:00:01,,,3,"{'criteria': [{'type': 'IN_PORT', 'port': 3}, {'type': 'ETH_DST', 'mac': '00:00:00:00:00:01'}, {'type': 'ETH_SRC', 'mac': '00:00:00:00:00:02'}]}","{'instructions': [{'type': 'OUTPUT', 'port': '1'}], 'deferred': []}"
2026-06-08 17:00:00,of:0000000000000002,34902899328279504,ADDED,10,89,8722,60,org.onosproject.fwd,00:00:00:00:00:01,00:00:00:00:00:02,,,2,"{'criteria': [{'type': 'IN_PORT', 'port': 2}, {'type': 'ETH_DST', 'mac': '00:00:00:00:00:02'}, {'type': 'ETH_SRC', 'mac': '00:00:00:00:00:01'}]}","{'instructions': [{'type': 'OUTPUT', 'port': '3'}], 'deferred': []}"
2026-06-08 17:00:00,of:0000000000000002,281475022575828,ADDED,40000,42,5859,60,org.onosproject.core,,,,,,"{'criteria': [{'type': 'ETH_TYPE', 'ethType': '0x88cc'}]}","{'instructions': [{'type': 'OUTPUT', 'port': 'CONTROLLER'}], 'clearDeferred': True, 'deferred': []}"
2026-06-08 17:00:00,of:0000000000000002,281475568191580,ADDED,5,47,4606,60,org.onosproject.core,,,,,,"{'criteria': [{'type': 'ETH_TYPE', 'ethType': '0x800'}]}","{'instructions': [{'type': 'OUTPUT', 'port': 'CONTROLLER'}], 'clearDeferred': True, 'deferred': []}"
2026-06-08 17:00:00,of:0000000000000007,281475652364572,ADDED,5,3,294,60,org.onosproject.core,,,,,,"{'criteria': [{'type': 'ETH_TYPE', 'ethType': '0x800'}]}","{'instructions': [{'type': 'OUTPUT', 'port': 'CONTROLLER'}], 'clearDeferred': True, 'deferred': []}"
2026-06-08 17:00:00,of:0000000000000007,281478438392611,ADDED,40000,0,0,60,org.onosproject.core,,,,,,"{'criteria': [{'type': 'ETH_TYPE', 'ethType': '0x806'}]}","{'instructions': [{'type': 'OUTPUT', 'port': 'CONTROLLER'}], 'clearDeferred': True, 'deferred': []}"
2026-06-08 17:00:00,of:0000000000000007,281476350262333,ADDED,40000,42,5880,60,org.onosproject.core,,,,,,"{'criteria': [{'type': 'ETH_TYPE', 'ethType': '0x8942'}]}","{'instructions': [{'type': 'OUTPUT', 'port': 'CONTROLLER'}], 'clearDeferred': True, 'deferred': []}"
2026-06-08 17:00:00,of:0000000000000007,281475000925130,ADDED,40000,42,5880,60,org.onosproject.core,,,,,,"{'criteria': [{'type': 'ETH_TYPE', 'ethType': '0x88cc'}]}","{'instructions': [{'type': 'OUTPUT', 'port': 'CONTROLLER'}], 'clearDeferred': True, 'deferred': []}"
2026-06-08 17:00:00,of:0000000000000008,281476059291414,ADDED,40000,0,0,60,org.onosproject.core,,,,,,"{'criteria': [{'type': 'ETH_TYPE', 'ethType': '0x806'}]}","{'instructions': [{'type': 'OUTPUT', 'port': 'CONTROLLER'}], 'clearDeferred': True, 'deferred': []}"
2026-06-08 17:00:00,of:0000000000000008,281476101349656,ADDED,40000,63,8778,60,org.onosproject.core,,,,,,"{'criteria': [{'type': 'ETH_TYPE', 'ethType': '0x88cc'}]}","{'instructions': [{'type': 'OUTPUT', 'port': 'CONTROLLER'}], 'clearDeferred': True, 'deferred': []}"
2026-06-08 17:00:00,of:0000000000000008,281476270708671,ADDED,40000,63,8778,60,org.onosproject.core,,,,,,"{'criteria': [{'type': 'ETH_TYPE', 'ethType': '0x8942'}]}","{'instructions': [{'type': 'OUTPUT', 'port': 'CONTROLLER'}], 'clearDeferred': True, 'deferred': []}"
2026-06-08 17:00:00,of:0000000000000008,34902898875781211,ADDED,10,81,7938,59,org.onosproject.fwd,00:00:00:00:00:01,00:00:00:00:00:02,,,3,"{'criteria': [{'type': 'IN_PORT', 'port': 3}, {'type': 'ETH_DST', 'mac': '00:00:00:00:00:02'}, {'type': 'ETH_SRC', 'mac': '00:00:00:00:00:01'}]}","{'instructions': [{'type': 'OUTPUT', 'port': '2'}], 'deferred': []}"
2026-06-08 17:00:00,of:0000000000000008,281476010895837,ADDED,5,141,13818,60,org.onosproject.core,,,,,,"{'criteria': [{'type': 'ETH_TYPE', 'ethType': '0x800'}]}","{'instructions': [{'type': 'OUTPUT', 'port': 'CONTROLLER'}], 'clearDeferred': True, 'deferred': []}"
2026-06-08 17:00:00,of:0000000000000005,281478762460478,ADDED,40000,0,0,60,org.onosproject.core,,,,,,"{'criteria': [{'type': 'ETH_TYPE', 'ethType': '0x806'}]}","{'instructions': [{'type': 'OUTPUT', 'port': 'CONTROLLER'}], 'clearDeferred': True, 'deferred': []}"
2026-06-08 17:00:00,of:0000000000000005,281478211273411,ADDED,40000,42,5859,60,org.onosproject.core,,,,,,"{'criteria': [{'type': 'ETH_TYPE', 'ethType': '0x8942'}]}","{'instructions': [{'type': 'OUTPUT', 'port': 'CONTROLLER'}], 'clearDeferred': True, 'deferred': []}"
2026-06-08 17:00:00,of:0000000000000005,281475117841124,ADDED,5,53,5194,60,org.onosproject.core,,,,,,"{'criteria': [{'type': 'ETH_TYPE', 'ethType': '0x800'}]}","{'instructions': [{'type': 'OUTPUT', 'port': 'CONTROLLER'}], 'clearDeferred': True, 'deferred': []}"
2026-06-08 17:00:00,of:0000000000000005,281478979269874,ADDED,40000,42,5859,60,org.onosproject.core,,,,,,"{'criteria': [{'type': 'ETH_TYPE', 'ethType': '0x88cc'}]}","{'instructions': [{'type': 'OUTPUT', 'port': 'CONTROLLER'}], 'clearDeferred': True, 'deferred': []}"
2026-06-08 17:00:00,of:0000000000000006,281475738574217,ADDED,40000,42,5880,60,org.onosproject.core,,,,,,"{'criteria': [{'type': 'ETH_TYPE', 'ethType': '0x88cc'}]}","{'instructions': [{'type': 'OUTPUT', 'port': 'CONTROLLER'}], 'clearDeferred': True, 'deferred': []}"
2026-06-08 17:00:00,of:0000000000000006,281476873293724,ADDED,40000,42,5880,60,org.onosproject.core,,,,,,"{'criteria': [{'type': 'ETH_TYPE', 'ethType': '0x8942'}]}","{'instructions': [{'type': 'OUTPUT', 'port': 'CONTROLLER'}], 'clearDeferred': True, 'deferred': []}"
2026-06-08 17:00:00,of:0000000000000006,281475411377083,ADDED,40000,0,0,60,org.onosproject.core,,,,,,"{'criteria': [{'type': 'ETH_TYPE', 'ethType': '0x806'}]}","{'instructions': [{'type': 'OUTPUT', 'port': 'CONTROLLER'}], 'clearDeferred': True, 'deferred': []}"
2026-06-08 17:00:00,of:0000000000000006,281478888449605,ADDED,5,3,294,60,org.onosproject.core,,,,,,"{'criteria': [{'type': 'ETH_TYPE', 'ethType': '0x800'}]}","{'instructions': [{'type': 'OUTPUT', 'port': 'CONTROLLER'}], 'clearDeferred': True, 'deferred': []}"
2026-06-08 17:00:00,of:0000000000000009,281478887649794,ADDED,40000,60,8360,60,org.onosproject.core,,,,,,"{'criteria': [{'type': 'ETH_TYPE', 'ethType': '0x88cc'}]}","{'instructions': [{'type': 'OUTPUT', 'port': 'CONTROLLER'}], 'clearDeferred': True, 'deferred': []}"
2026-06-08 17:00:00,of:0000000000000009,281474993990194,ADDED,5,66,6468,60,org.onosproject.core,,,,,,"{'criteria': [{'type': 'ETH_TYPE', 'ethType': '0x800'}]}","{'instructions': [{'type': 'OUTPUT', 'port': 'CONTROLLER'}], 'clearDeferred': True, 'deferred': []}"
2026-06-08 17:00:00,of:0000000000000009,281476295891648,ADDED,40000,60,8360,60,org.onosproject.core,,,,,,"{'criteria': [{'type': 'ETH_TYPE', 'ethType': '0x8942'}]}","{'instructions': [{'type': 'OUTPUT', 'port': 'CONTROLLER'}], 'clearDeferred': True, 'deferred': []}"
2026-06-08 17:00:00,of:0000000000000009,281479019932926,ADDED,40000,0,0,60,org.onosproject.core,,,,,,"{'criteria': [{'type': 'ETH_TYPE', 'ethType': '0x806'}]}","{'instructions': [{'type': 'OUTPUT', 'port': 'CONTROLLER'}], 'clearDeferred': True, 'deferred': []}"
2026-06-08 17:00:05,of:000000000000000c,281479100460205,ADDED,40000,135,18811,65,org.onosproject.core,,,,,,"{'criteria': [{'type': 'ETH_TYPE', 'ethType': '0x88cc'}]}","{'instructions': [{'type': 'OUTPUT', 'port': 'CONTROLLER'}], 'clearDeferred': True, 'deferred': []}"
2026-06-08 17:00:05,of:000000000000000c,281475624796078,ADDED,40000,135,18811,65,org.onosproject.core,,,,,,"{'criteria': [{'type': 'ETH_TYPE', 'ethType': '0x8942'}]}","{'instructions': [{'type': 'OUTPUT', 'port': 'CONTROLLER'}], 'clearDeferred': True, 'deferred': []}"
2026-06-08 17:00:05,of:000000000000000c,281477504901495,ADDED,40000,0,0,65,org.onosproject.core,,,,,,"{'criteria': [{'type': 'ETH_TYPE', 'ethType': '0x806'}]}","{'instructions': [{'type': 'OUTPUT', 'port': 'CONTROLLER'}], 'clearDeferred': True, 'deferred': []}"
2026-06-08 17:00:05,of:000000000000000c,281476292687096,ADDED,5,83,8134,65,org.onosproject.core,,,,,,"{'criteria': [{'type': 'ETH_TYPE', 'ethType': '0x800'}]}","{'instructions': [{'type': 'OUTPUT', 'port': 'CONTROLLER'}], 'clearDeferred': True, 'deferred': []}"
2026-06-08 17:00:05,of:000000000000000d,281478200287907,ADDED,40000,132,18415,65,org.onosproject.core,,,,,,"{'criteria': [{'type': 'ETH_TYPE', 'ethType': '0x88cc'}]}","{'instructions': [{'type': 'OUTPUT', 'port': 'CONTROLLER'}], 'clearDeferred': True, 'deferred': []}"
2026-06-08 17:00:05,of:000000000000000d,281478788468154,ADDED,5,83,8134,65,org.onosproject.core,,,,,,"{'criteria': [{'type': 'ETH_TYPE', 'ethType': '0x800'}]}","{'instructions': [{'type': 'OUTPUT', 'port': 'CONTROLLER'}], 'clearDeferred': True, 'deferred': []}"
2026-06-08 17:00:05,of:000000000000000d,281478012698825,ADDED,40000,132,18415,65,org.onosproject.core,,,,,,"{'criteria': [{'type': 'ETH_TYPE', 'ethType': '0x8942'}]}","{'instructions': [{'type': 'OUTPUT', 'port': 'CONTROLLER'}], 'clearDeferred': True, 'deferred': []}"
2026-06-08 17:00:05,of:000000000000000d,281476618808057,ADDED,40000,0,0,65,org.onosproject.core,,,,,,"{'criteria': [{'type': 'ETH_TYPE', 'ethType': '0x806'}]}","{'instructions': [{'type': 'OUTPUT', 'port': 'CONTROLLER'}], 'clearDeferred': True, 'deferred': []}"
2026-06-08 17:00:05,of:000000000000000a,281477705784245,ADDED,5,3,294,65,org.onosproject.core,,,,,,"{'criteria': [{'type': 'ETH_TYPE', 'ethType': '0x800'}]}","{'instructions': [{'type': 'OUTPUT', 'port': 'CONTROLLER'}], 'clearDeferred': True, 'deferred': []}"
2026-06-08 17:00:05,of:000000000000000a,281475818964416,ADDED,40000,65,9058,65,org.onosproject.core,,,,,,"{'criteria': [{'type': 'ETH_TYPE', 'ethType': '0x8942'}]}","{'instructions': [{'type': 'OUTPUT', 'port': 'CONTROLLER'}], 'clearDeferred': True, 'deferred': []}"
2026-06-08 17:00:05,of:000000000000000a,281477034268888,ADDED,40000,65,9058,65,org.onosproject.core,,,,,,"{'criteria': [{'type': 'ETH_TYPE', 'ethType': '0x88cc'}]}","{'instructions': [{'type': 'OUTPUT', 'port': 'CONTROLLER'}], 'clearDeferred': True, 'deferred': []}"
2026-06-08 17:00:05,of:000000000000000a,281478593105785,ADDED,40000,0,0,65,org.onosproject.core,,,,,,"{'criteria': [{'type': 'ETH_TYPE', 'ethType': '0x806'}]}","{'instructions': [{'type': 'OUTPUT', 'port': 'CONTROLLER'}], 'clearDeferred': True, 'deferred': []}"
2026-06-08 17:00:05,of:000000000000000b,281478277078534,ADDED,5,101,9898,65,org.onosproject.core,,,,,,"{'criteria': [{'type': 'ETH_TYPE', 'ethType': '0x800'}]}","{'instructions': [{'type': 'OUTPUT', 'port': 'CONTROLLER'}], 'clearDeferred': True, 'deferred': []}"
2026-06-08 17:00:05,of:000000000000000b,34902898369757081,ADDED,10,65,6370,64,org.onosproject.fwd,00:00:00:00:00:01,00:00:00:00:00:02,,,1,"{'criteria': [{'type': 'IN_PORT', 'port': 1}, {'type': 'ETH_DST', 'mac': '00:00:00:00:00:02'}, {'type': 'ETH_SRC', 'mac': '00:00:00:00:00:01'}]}","{'instructions': [{'type': 'OUTPUT', 'port': '5'}], 'deferred': []}"
2026-06-08 17:00:05,of:000000000000000b,34902898247549216,ADDED,10,62,6076,62,org.onosproject.fwd,00:00:00:00:00:02,00:00:00:00:00:01,,,4,"{'criteria': [{'type': 'IN_PORT', 'port': 4}, {'type': 'ETH_DST', 'mac': '00:00:00:00:00:01'}, {'type': 'ETH_SRC', 'mac': '00:00:00:00:00:02'}]}","{'instructions': [{'type': 'OUTPUT', 'port': '1'}], 'deferred': []}"
2026-06-08 17:00:05,of:000000000000000b,281476663695951,ADDED,40000,0,0,65,org.onosproject.core,,,,,,"{'criteria': [{'type': 'ETH_TYPE', 'ethType': '0x806'}]}","{'instructions': [{'type': 'OUTPUT', 'port': 'CONTROLLER'}], 'clearDeferred': True, 'deferred': []}"
2026-06-08 17:00:05,of:000000000000000b,281476573370203,ADDED,40000,138,19228,65,org.onosproject.core,,,,,,"{'criteria': [{'type': 'ETH_TYPE', 'ethType': '0x88cc'}]}","{'instructions': [{'type': 'OUTPUT', 'port': 'CONTROLLER'}], 'clearDeferred': True, 'deferred': []}"
2026-06-08 17:00:05,of:000000000000000b,281476205675487,ADDED,40000,138,19228,65,org.onosproject.core,,,,,,"{'criteria': [{'type': 'ETH_TYPE', 'ethType': '0x8942'}]}","{'instructions': [{'type': 'OUTPUT', 'port': 'CONTROLLER'}], 'clearDeferred': True, 'deferred': []}"
2026-06-08 17:00:05,of:0000000000000003,281478170942982,ADDED,5,93,9114,65,org.onosproject.core,,,,,,"{'criteria': [{'type': 'ETH_TYPE', 'ethType': '0x800'}]}","{'instructions': [{'type': 'OUTPUT', 'port': 'CONTROLLER'}], 'clearDeferred': True, 'deferred': []}"
2026-06-08 17:00:05,of:0000000000000003,34902901306865815,ADDED,10,89,8722,65,org.onosproject.fwd,00:00:00:00:00:01,00:00:00:00:00:02,,,1,"{'criteria': [{'type': 'IN_PORT', 'port': 1}, {'type': 'ETH_DST', 'mac': '00:00:00:00:00:02'}, {'type': 'ETH_SRC', 'mac': '00:00:00:00:00:01'}]}","{'instructions': [{'type': 'OUTPUT', 'port': '2'}], 'deferred': []}"
2026-06-08 17:00:05,of:0000000000000003,281476661728682,ADDED,40000,46,6417,65,org.onosproject.core,,,,,,"{'criteria': [{'type': 'ETH_TYPE', 'ethType': '0x88cc'}]}","{'instructions': [{'type': 'OUTPUT', 'port': 'CONTROLLER'}], 'clearDeferred': True, 'deferred': []}"
2026-06-08 17:00:05,of:0000000000000003,281477764386537,ADDED,40000,0,0,65,org.onosproject.core,,,,,,"{'criteria': [{'type': 'ETH_TYPE', 'ethType': '0x806'}]}","{'instructions': [{'type': 'OUTPUT', 'port': 'CONTROLLER'}], 'clearDeferred': True, 'deferred': []}"
2026-06-08 17:00:05,of:0000000000000003,281476156249461,ADDED,40000,46,6417,65,org.onosproject.core,,,,,,"{'criteria': [{'type': 'ETH_TYPE', 'ethType': '0x8942'}]}","{'instructions': [{'type': 'OUTPUT', 'port': 'CONTROLLER'}], 'clearDeferred': True, 'deferred': []}"
2026-06-08 17:00:05,of:0000000000000004,281475616213265,ADDED,40000,43,5998,65,org.onosproject.core,,,,,,"{'criteria': [{'type': 'ETH_TYPE', 'ethType': '0x88cc'}]}","{'instructions': [{'type': 'OUTPUT', 'port': 'CONTROLLER'}], 'clearDeferred': True, 'deferred': []}"
2026-06-08 17:00:05,of:0000000000000004,281475265228006,ADDED,40000,0,0,65,org.onosproject.core,,,,,,"{'criteria': [{'type': 'ETH_TYPE', 'ethType': '0x806'}]}","{'instructions': [{'type': 'OUTPUT', 'port': 'CONTROLLER'}], 'clearDeferred': True, 'deferred': []}"
2026-06-08 17:00:05,of:0000000000000004,281477141311986,ADDED,5,88,8624,65,org.onosproject.core,,,,,,"{'criteria': [{'type': 'ETH_TYPE', 'ethType': '0x800'}]}","{'instructions': [{'type': 'OUTPUT', 'port': 'CONTROLLER'}], 'clearDeferred': True, 'deferred': []}"
2026-06-08 17:00:05,of:0000000000000004,281476729151998,ADDED,40000,43,5998,65,org.onosproject.core,,,,,,"{'criteria': [{'type': 'ETH_TYPE', 'ethType': '0x8942'}]}","{'instructions': [{'type': 'OUTPUT', 'port': 'CONTROLLER'}], 'clearDeferred': True, 'deferred': []}"
2026-06-08 17:00:05,of:0000000000000001,281478909873038,ADDED,40000,0,0,65,org.onosproject.core,,,,,,"{'criteria': [{'type': 'ETH_TYPE', 'ethType': '0x806'}]}","{'instructions': [{'type': 'OUTPUT', 'port': 'CONTROLLER'}], 'clearDeferred': True, 'deferred': []}"
2026-06-08 17:00:05,of:0000000000000001,34902899196753573,ADDED,10,64,6272,64,org.onosproject.fwd,00:00:00:00:00:01,00:00:00:00:00:02,,,4,"{'criteria': [{'type': 'IN_PORT', 'port': 4}, {'type': 'ETH_DST', 'mac': '00:00:00:00:00:02'}, {'type': 'ETH_SRC', 'mac': '00:00:00:00:00:01'}]}","{'instructions': [{'type': 'OUTPUT', 'port': '1'}], 'deferred': []}"
2026-06-08 17:00:05,of:0000000000000001,34902898986035913,ADDED,10,74,7252,64,org.onosproject.fwd,00:00:00:00:00:02,00:00:00:00:00:01,,,1,"{'criteria': [{'type': 'IN_PORT', 'port': 1}, {'type': 'ETH_DST', 'mac': '00:00:00:00:00:01'}, {'type': 'ETH_SRC', 'mac': '00:00:00:00:00:02'}]}","{'instructions': [{'type': 'OUTPUT', 'port': '4'}], 'deferred': []}"
2026-06-08 17:00:05,of:0000000000000001,281477466379610,ADDED,40000,67,9380,65,org.onosproject.core,,,,,,"{'criteria': [{'type': 'ETH_TYPE', 'ethType': '0x88cc'}]}","{'instructions': [{'type': 'OUTPUT', 'port': 'CONTROLLER'}], 'clearDeferred': True, 'deferred': []}"
2026-06-08 17:00:05,of:0000000000000001,281475012051420,ADDED,5,76,7448,65,org.onosproject.core,,,,,,"{'criteria': [{'type': 'ETH_TYPE', 'ethType': '0x800'}]}","{'instructions': [{'type': 'OUTPUT', 'port': 'CONTROLLER'}], 'clearDeferred': True, 'deferred': []}"
2026-06-08 17:00:05,of:0000000000000001,281477029321583,ADDED,40000,67,9380,65,org.onosproject.core,,,,,,"{'criteria': [{'type': 'ETH_TYPE', 'ethType': '0x8942'}]}","{'instructions': [{'type': 'OUTPUT', 'port': 'CONTROLLER'}], 'clearDeferred': True, 'deferred': []}"
2026-06-08 17:00:05,of:0000000000000002,281478316350853,ADDED,40000,0,0,60,org.onosproject.core,,,,,,"{'criteria': [{'type': 'ETH_TYPE', 'ethType': '0x806'}]}","{'instructions': [{'type': 'OUTPUT', 'port': 'CONTROLLER'}], 'clearDeferred': True, 'deferred': []}"
2026-06-08 17:00:05,of:0000000000000002,281478673389323,ADDED,40000,42,5859,60,org.onosproject.core,,,,,,"{'criteria': [{'type': 'ETH_TYPE', 'ethType': '0x8942'}]}","{'instructions': [{'type': 'OUTPUT', 'port': 'CONTROLLER'}], 'clearDeferred': True, 'deferred': []}"
2026-06-08 17:00:05,of:0000000000000002,34902898441429785,ADDED,10,57,5586,57,org.onosproject.fwd,00:00:00:00:00:02,00:00:00:00:00:01,,,3,"{'criteria': [{'type': 'IN_PORT', 'port': 3}, {'type': 'ETH_DST', 'mac': '00:00:00:00:00:01'}, {'type': 'ETH_SRC', 'mac': '00:00:00:00:00:02'}]}","{'instructions': [{'type': 'OUTPUT', 'port': '1'}], 'deferred': []}"
2026-06-08 17:00:05,of:0000000000000002,34902899328279504,ADDED,10,89,8722,60,org.onosproject.fwd,00:00:00:00:00:01,00:00:00:00:00:02,,,2,"{'criteria': [{'type': 'IN_PORT', 'port': 2}, {'type': 'ETH_DST', 'mac': '00:00:00:00:00:02'}, {'type': 'ETH_SRC', 'mac': '00:00:00:00:00:01'}]}","{'instructions': [{'type': 'OUTPUT', 'port': '3'}], 'deferred': []}"
2026-06-08 17:00:05,of:0000000000000002,281475022575828,ADDED,40000,42,5859,60,org.onosproject.core,,,,,,"{'criteria': [{'type': 'ETH_TYPE', 'ethType': '0x88cc'}]}","{'instructions': [{'type': 'OUTPUT', 'port': 'CONTROLLER'}], 'clearDeferred': True, 'deferred': []}"
2026-06-08 17:00:05,of:0000000000000002,281475568191580,ADDED,5,47,4606,60,org.onosproject.core,,,,,,"{'criteria': [{'type': 'ETH_TYPE', 'ethType': '0x800'}]}","{'instructions': [{'type': 'OUTPUT', 'port': 'CONTROLLER'}], 'clearDeferred': True, 'deferred': []}"
2026-06-08 17:00:05,of:0000000000000007,281475652364572,ADDED,5,3,294,65,org.onosproject.core,,,,,,"{'criteria': [{'type': 'ETH_TYPE', 'ethType': '0x800'}]}","{'instructions': [{'type': 'OUTPUT', 'port': 'CONTROLLER'}], 'clearDeferred': True, 'deferred': []}"
2026-06-08 17:00:05,of:0000000000000007,281478438392611,ADDED,40000,0,0,65,org.onosproject.core,,,,,,"{'criteria': [{'type': 'ETH_TYPE', 'ethType': '0x806'}]}","{'instructions': [{'type': 'OUTPUT', 'port': 'CONTROLLER'}], 'clearDeferred': True, 'deferred': []}"
2026-06-08 17:00:05,of:0000000000000007,281476350262333,ADDED,40000,44,6160,65,org.onosproject.core,,,,,,"{'criteria': [{'type': 'ETH_TYPE', 'ethType': '0x8942'}]}","{'instructions': [{'type': 'OUTPUT', 'port': 'CONTROLLER'}], 'clearDeferred': True, 'deferred': []}"
2026-06-08 17:00:05,of:0000000000000007,281475000925130,ADDED,40000,44,6160,65,org.onosproject.core,,,,,,"{'criteria': [{'type': 'ETH_TYPE', 'ethType': '0x88cc'}]}","{'instructions': [{'type': 'OUTPUT', 'port': 'CONTROLLER'}], 'clearDeferred': True, 'deferred': []}"
2026-06-08 17:00:05,of:0000000000000008,281476059291414,ADDED,40000,0,0,65,org.onosproject.core,,,,,,"{'criteria': [{'type': 'ETH_TYPE', 'ethType': '0x806'}]}","{'instructions': [{'type': 'OUTPUT', 'port': 'CONTROLLER'}], 'clearDeferred': True, 'deferred': []}"
2026-06-08 17:00:05,of:0000000000000008,281476101349656,ADDED,40000,69,9614,65,org.onosproject.core,,,,,,"{'criteria': [{'type': 'ETH_TYPE', 'ethType': '0x88cc'}]}","{'instructions': [{'type': 'OUTPUT', 'port': 'CONTROLLER'}], 'clearDeferred': True, 'deferred': []}"
2026-06-08 17:00:05,of:0000000000000008,281476270708671,ADDED,40000,69,9614,65,org.onosproject.core,,,,,,"{'criteria': [{'type': 'ETH_TYPE', 'ethType': '0x8942'}]}","{'instructions': [{'type': 'OUTPUT', 'port': 'CONTROLLER'}], 'clearDeferred': True, 'deferred': []}"
2026-06-08 17:00:05,of:0000000000000008,34902898875781211,ADDED,10,86,8428,64,org.onosproject.fwd,00:00:00:00:00:01,00:00:00:00:00:02,,,3,"{'criteria': [{'type': 'IN_PORT', 'port': 3}, {'type': 'ETH_DST', 'mac': '00:00:00:00:00:02'}, {'type': 'ETH_SRC', 'mac': '00:00:00:00:00:01'}]}","{'instructions': [{'type': 'OUTPUT', 'port': '2'}], 'deferred': []}"
2026-06-08 17:00:05,of:0000000000000008,281476010895837,ADDED,5,141,13818,65,org.onosproject.core,,,,,,"{'criteria': [{'type': 'ETH_TYPE', 'ethType': '0x800'}]}","{'instructions': [{'type': 'OUTPUT', 'port': 'CONTROLLER'}], 'clearDeferred': True, 'deferred': []}"
2026-06-08 17:00:05,of:0000000000000005,281478762460478,ADDED,40000,0,0,65,org.onosproject.core,,,,,,"{'criteria': [{'type': 'ETH_TYPE', 'ethType': '0x806'}]}","{'instructions': [{'type': 'OUTPUT', 'port': 'CONTROLLER'}], 'clearDeferred': True, 'deferred': []}"
2026-06-08 17:00:05,of:0000000000000005,281478211273411,ADDED,40000,44,6138,65,org.onosproject.core,,,,,,"{'criteria': [{'type': 'ETH_TYPE', 'ethType': '0x8942'}]}","{'instructions': [{'type': 'OUTPUT', 'port': 'CONTROLLER'}], 'clearDeferred': True, 'deferred': []}"
2026-06-08 17:00:05,of:0000000000000005,281475117841124,ADDED,5,53,5194,65,org.onosproject.core,,,,,,"{'criteria': [{'type': 'ETH_TYPE', 'ethType': '0x800'}]}","{'instructions': [{'type': 'OUTPUT', 'port': 'CONTROLLER'}], 'clearDeferred': True, 'deferred': []}"
2026-06-08 17:00:05,of:0000000000000005,281478979269874,ADDED,40000,44,6138,65,org.onosproject.core,,,,,,"{'criteria': [{'type': 'ETH_TYPE', 'ethType': '0x88cc'}]}","{'instructions': [{'type': 'OUTPUT', 'port': 'CONTROLLER'}], 'clearDeferred': True, 'deferred': []}"
2026-06-08 17:00:05,of:0000000000000006,281475738574217,ADDED,40000,44,6160,65,org.onosproject.core,,,,,,"{'criteria': [{'type': 'ETH_TYPE', 'ethType': '0x88cc'}]}","{'instructions': [{'type': 'OUTPUT', 'port': 'CONTROLLER'}], 'clearDeferred': True, 'deferred': []}"
2026-06-08 17:00:05,of:0000000000000006,281476873293724,ADDED,40000,44,6160,65,org.onosproject.core,,,,,,"{'criteria': [{'type': 'ETH_TYPE', 'ethType': '0x8942'}]}","{'instructions': [{'type': 'OUTPUT', 'port': 'CONTROLLER'}], 'clearDeferred': True, 'deferred': []}"
2026-06-08 17:00:05,of:0000000000000006,281475411377083,ADDED,40000,0,0,65,org.onosproject.core,,,,,,"{'criteria': [{'type': 'ETH_TYPE', 'ethType': '0x806'}]}","{'instructions': [{'type': 'OUTPUT', 'port': 'CONTROLLER'}], 'clearDeferred': True, 'deferred': []}"
2026-06-08 17:00:05,of:0000000000000006,281478888449605,ADDED,5,3,294,65,org.onosproject.core,,,,,,"{'criteria': [{'type': 'ETH_TYPE', 'ethType': '0x800'}]}","{'instructions': [{'type': 'OUTPUT', 'port': 'CONTROLLER'}], 'clearDeferred': True, 'deferred': []}"
2026-06-08 17:00:05,of:0000000000000009,281478887649794,ADDED,40000,66,9196,65,org.onosproject.core,,,,,,"{'criteria': [{'type': 'ETH_TYPE', 'ethType': '0x88cc'}]}","{'instructions': [{'type': 'OUTPUT', 'port': 'CONTROLLER'}], 'clearDeferred': True, 'deferred': []}"
2026-06-08 17:00:05,of:0000000000000009,281474993990194,ADDED,5,66,6468,65,org.onosproject.core,,,,,,"{'criteria': [{'type': 'ETH_TYPE', 'ethType': '0x800'}]}","{'instructions': [{'type': 'OUTPUT', 'port': 'CONTROLLER'}], 'clearDeferred': True, 'deferred': []}"
2026-06-08 17:00:05,of:0000000000000009,281476295891648,ADDED,40000,66,9196,65,org.onosproject.core,,,,,,"{'criteria': [{'type': 'ETH_TYPE', 'ethType': '0x8942'}]}","{'instructions': [{'type': 'OUTPUT', 'port': 'CONTROLLER'}], 'clearDeferred': True, 'deferred': []}"
2026-06-08 17:00:05,of:0000000000000009,281479019932926,ADDED,40000,0,0,65,org.onosproject.core,,,,,,"{'criteria': [{'type': 'ETH_TYPE', 'ethType': '0x806'}]}","{'instructions': [{'type': 'OUTPUT', 'port': 'CONTROLLER'}], 'clearDeferred': True, 'deferred': []}"
2026-06-08 17:00:10,of:000000000000000c,281479100460205,ADDED,40000,142,19786,70,org.onosproject.core,,,,,,"{'criteria': [{'type': 'ETH_TYPE', 'ethType': '0x88cc'}]}","{'instructions': [{'type': 'OUTPUT', 'port': 'CONTROLLER'}], 'clearDeferred': True, 'deferred': []}"
2026-06-08 17:00:10,of:000000000000000c,281475624796078,ADDED,40000,142,19786,70,org.onosproject.core,,,,,,"{'criteria': [{'type': 'ETH_TYPE', 'ethType': '0x8942'}]}","{'instructions': [{'type': 'OUTPUT', 'port': 'CONTROLLER'}], 'clearDeferred': True, 'deferred': []}"
2026-06-08 17:00:10,of:000000000000000c,281477504901495,ADDED,40000,0,0,70,org.onosproject.core,,,,,,"{'criteria': [{'type': 'ETH_TYPE', 'ethType': '0x806'}]}","{'instructions': [{'type': 'OUTPUT', 'port': 'CONTROLLER'}], 'clearDeferred': True, 'deferred': []}"
2026-06-08 17:00:10,of:000000000000000c,281476292687096,ADDED,5,83,8134,70,org.onosproject.core,,,,,,"{'criteria': [{'type': 'ETH_TYPE', 'ethType': '0x800'}]}","{'instructions': [{'type': 'OUTPUT', 'port': 'CONTROLLER'}], 'clearDeferred': True, 'deferred': []}"
2026-06-08 17:00:10,of:000000000000000d,281478200287907,ADDED,40000,138,19252,70,org.onosproject.core,,,,,,"{'criteria': [{'type': 'ETH_TYPE', 'ethType': '0x88cc'}]}","{'instructions': [{'type': 'OUTPUT', 'port': 'CONTROLLER'}], 'clearDeferred': True, 'deferred': []}"
2026-06-08 17:00:10,of:000000000000000d,281478788468154,ADDED,5,83,8134,70,org.onosproject.core,,,,,,"{'criteria': [{'type': 'ETH_TYPE', 'ethType': '0x800'}]}","{'instructions': [{'type': 'OUTPUT', 'port': 'CONTROLLER'}], 'clearDeferred': True, 'deferred': []}"
2026-06-08 17:00:10,of:000000000000000d,281478012698825,ADDED,40000,138,19252,70,org.onosproject.core,,,,,,"{'criteria': [{'type': 'ETH_TYPE', 'ethType': '0x8942'}]}","{'instructions': [{'type': 'OUTPUT', 'port': 'CONTROLLER'}], 'clearDeferred': True, 'deferred': []}"
2026-06-08 17:00:10,of:000000000000000d,281476618808057,ADDED,40000,0,0,70,org.onosproject.core,,,,,,"{'criteria': [{'type': 'ETH_TYPE', 'ethType': '0x806'}]}","{'instructions': [{'type': 'OUTPUT', 'port': 'CONTROLLER'}], 'clearDeferred': True, 'deferred': []}"
2026-06-08 17:00:10,of:000000000000000a,281477705784245,ADDED,5,3,294,70,org.onosproject.core,,,,,,"{'criteria': [{'type': 'ETH_TYPE', 'ethType': '0x800'}]}","{'instructions': [{'type': 'OUTPUT', 'port': 'CONTROLLER'}], 'clearDeferred': True, 'deferred': []}"
2026-06-08 17:00:10,of:000000000000000a,281475818964416,ADDED,40000,68,9476,70,org.onosproject.core,,,,,,"{'criteria': [{'type': 'ETH_TYPE', 'ethType': '0x8942'}]}","{'instructions': [{'type': 'OUTPUT', 'port': 'CONTROLLER'}], 'clearDeferred': True, 'deferred': []}"
2026-06-08 17:00:10,of:000000000000000a,281477034268888,ADDED,40000,68,9476,70,org.onosproject.core,,,,,,"{'criteria': [{'type': 'ETH_TYPE', 'ethType': '0x88cc'}]}","{'instructions': [{'type': 'OUTPUT', 'port': 'CONTROLLER'}], 'clearDeferred': True, 'deferred': []}"
2026-06-08 17:00:10,of:000000000000000a,281478593105785,ADDED,40000,0,0,70,org.onosproject.core,,,,,,"{'criteria': [{'type': 'ETH_TYPE', 'ethType': '0x806'}]}","{'instructions': [{'type': 'OUTPUT', 'port': 'CONTROLLER'}], 'clearDeferred': True, 'deferred': []}"
2026-06-08 17:00:10,of:000000000000000b,281478277078534,ADDED,5,101,9898,70,org.onosproject.core,,,,,,"{'criteria': [{'type': 'ETH_TYPE', 'ethType': '0x800'}]}","{'instructions': [{'type': 'OUTPUT', 'port': 'CONTROLLER'}], 'clearDeferred': True, 'deferred': []}"
2026-06-08 17:00:10,of:000000000000000b,34902898369757081,ADDED,10,70,6860,69,org.onosproject.fwd,00:00:00:00:00:01,00:00:00:00:00:02,,,1,"{'criteria': [{'type': 'IN_PORT', 'port': 1}, {'type': 'ETH_DST', 'mac': '00:00:00:00:00:02'}, {'type': 'ETH_SRC', 'mac': '00:00:00:00:00:01'}]}","{'instructions': [{'type': 'OUTPUT', 'port': '5'}], 'deferred': []}"
2026-06-08 17:00:10,of:000000000000000b,34902898247549216,ADDED,10,67,6566,67,org.onosproject.fwd,00:00:00:00:00:02,00:00:00:00:00:01,,,4,"{'criteria': [{'type': 'IN_PORT', 'port': 4}, {'type': 'ETH_DST', 'mac': '00:00:00:00:00:01'}, {'type': 'ETH_SRC', 'mac': '00:00:00:00:00:02'}]}","{'instructions': [{'type': 'OUTPUT', 'port': '1'}], 'deferred': []}"
2026-06-08 17:00:10,of:000000000000000b,281476663695951,ADDED,40000,0,0,70,org.onosproject.core,,,,,,"{'criteria': [{'type': 'ETH_TYPE', 'ethType': '0x806'}]}","{'instructions': [{'type': 'OUTPUT', 'port': 'CONTROLLER'}], 'clearDeferred': True, 'deferred': []}"
2026-06-08 17:00:10,of:000000000000000b,281476573370203,ADDED,40000,144,20064,70,org.onosproject.core,,,,,,"{'criteria': [{'type': 'ETH_TYPE', 'ethType': '0x88cc'}]}","{'instructions': [{'type': 'OUTPUT', 'port': 'CONTROLLER'}], 'clearDeferred': True, 'deferred': []}"
2026-06-08 17:00:10,of:000000000000000b,281476205675487,ADDED,40000,144,20064,70,org.onosproject.core,,,,,,"{'criteria': [{'type': 'ETH_TYPE', 'ethType': '0x8942'}]}","{'instructions': [{'type': 'OUTPUT', 'port': 'CONTROLLER'}], 'clearDeferred': True, 'deferred': []}"
2026-06-08 17:00:10,of:0000000000000003,281478170942982,ADDED,5,93,9114,70,org.onosproject.core,,,,,,"{'criteria': [{'type': 'ETH_TYPE', 'ethType': '0x800'}]}","{'instructions': [{'type': 'OUTPUT', 'port': 'CONTROLLER'}], 'clearDeferred': True, 'deferred': []}"
2026-06-08 17:00:10,of:0000000000000003,34902901306865815,ADDED,10,94,9212,70,org.onosproject.fwd,00:00:00:00:00:01,00:00:00:00:00:02,,,1,"{'criteria': [{'type': 'IN_PORT', 'port': 1}, {'type': 'ETH_DST', 'mac': '00:00:00:00:00:02'}, {'type': 'ETH_SRC', 'mac': '00:00:00:00:00:01'}]}","{'instructions': [{'type': 'OUTPUT', 'port': '2'}], 'deferred': []}"
2026-06-08 17:00:10,of:0000000000000003,281476661728682,ADDED,40000,48,6696,70,org.onosproject.core,,,,,,"{'criteria': [{'type': 'ETH_TYPE', 'ethType': '0x88cc'}]}","{'instructions': [{'type': 'OUTPUT', 'port': 'CONTROLLER'}], 'clearDeferred': True, 'deferred': []}"
2026-06-08 17:00:10,of:0000000000000003,281477764386537,ADDED,40000,0,0,70,org.onosproject.core,,,,,,"{'criteria': [{'type': 'ETH_TYPE', 'ethType': '0x806'}]}","{'instructions': [{'type': 'OUTPUT', 'port': 'CONTROLLER'}], 'clearDeferred': True, 'deferred': []}"
2026-06-08 17:00:10,of:0000000000000003,281476156249461,ADDED,40000,48,6696,70,org.onosproject.core,,,,,,"{'criteria': [{'type': 'ETH_TYPE', 'ethType': '0x8942'}]}","{'instructions': [{'type': 'OUTPUT', 'port': 'CONTROLLER'}], 'clearDeferred': True, 'deferred': []}"
2026-06-08 17:00:10,of:0000000000000004,281475616213265,ADDED,40000,46,6416,70,org.onosproject.core,,,,,,"{'criteria': [{'type': 'ETH_TYPE', 'ethType': '0x88cc'}]}","{'instructions': [{'type': 'OUTPUT', 'port': 'CONTROLLER'}], 'clearDeferred': True, 'deferred': []}"
2026-06-08 17:00:10,of:0000000000000004,281475265228006,ADDED,40000,0,0,70,org.onosproject.core,,,,,,"{'criteria': [{'type': 'ETH_TYPE', 'ethType': '0x806'}]}","{'instructions': [{'type': 'OUTPUT', 'port': 'CONTROLLER'}], 'clearDeferred': True, 'deferred': []}"
2026-06-08 17:00:10,of:0000000000000004,281477141311986,ADDED,5,88,8624,70,org.onosproject.core,,,,,,"{'criteria': [{'type': 'ETH_TYPE', 'ethType': '0x800'}]}","{'instructions': [{'type': 'OUTPUT', 'port': 'CONTROLLER'}], 'clearDeferred': True, 'deferred': []}"
2026-06-08 17:00:10,of:0000000000000004,281476729151998,ADDED,40000,46,6416,70,org.onosproject.core,,,,,,"{'criteria': [{'type': 'ETH_TYPE', 'ethType': '0x8942'}]}","{'instructions': [{'type': 'OUTPUT', 'port': 'CONTROLLER'}], 'clearDeferred': True, 'deferred': []}"
2026-06-08 17:00:10,of:0000000000000001,281478909873038,ADDED,40000,0,0,70,org.onosproject.core,,,,,,"{'criteria': [{'type': 'ETH_TYPE', 'ethType': '0x806'}]}","{'instructions': [{'type': 'OUTPUT', 'port': 'CONTROLLER'}], 'clearDeferred': True, 'deferred': []}"
2026-06-08 17:00:10,of:0000000000000001,34902899196753573,ADDED,10,69,6762,69,org.onosproject.fwd,00:00:00:00:00:01,00:00:00:00:00:02,,,4,"{'criteria': [{'type': 'IN_PORT', 'port': 4}, {'type': 'ETH_DST', 'mac': '00:00:00:00:00:02'}, {'type': 'ETH_SRC', 'mac': '00:00:00:00:00:01'}]}","{'instructions': [{'type': 'OUTPUT', 'port': '1'}], 'deferred': []}"
2026-06-08 17:00:10,of:0000000000000001,34902898986035913,ADDED,10,79,7742,69,org.onosproject.fwd,00:00:00:00:00:02,00:00:00:00:00:01,,,1,"{'criteria': [{'type': 'IN_PORT', 'port': 1}, {'type': 'ETH_DST', 'mac': '00:00:00:00:00:01'}, {'type': 'ETH_SRC', 'mac': '00:00:00:00:00:02'}]}","{'instructions': [{'type': 'OUTPUT', 'port': '4'}], 'deferred': []}"
2026-06-08 17:00:10,of:0000000000000001,281477466379610,ADDED,40000,70,9800,70,org.onosproject.core,,,,,,"{'criteria': [{'type': 'ETH_TYPE', 'ethType': '0x88cc'}]}","{'instructions': [{'type': 'OUTPUT', 'port': 'CONTROLLER'}], 'clearDeferred': True, 'deferred': []}"
2026-06-08 17:00:10,of:0000000000000001,281475012051420,ADDED,5,76,7448,70,org.onosproject.core,,,,,,"{'criteria': [{'type': 'ETH_TYPE', 'ethType': '0x800'}]}","{'instructions': [{'type': 'OUTPUT', 'port': 'CONTROLLER'}], 'clearDeferred': True, 'deferred': []}"
2026-06-08 17:00:10,of:0000000000000001,281477029321583,ADDED,40000,70,9800,70,org.onosproject.core,,,,,,"{'criteria': [{'type': 'ETH_TYPE', 'ethType': '0x8942'}]}","{'instructions': [{'type': 'OUTPUT', 'port': 'CONTROLLER'}], 'clearDeferred': True, 'deferred': []}"
2026-06-08 17:00:10,of:0000000000000002,281478316350853,ADDED,40000,0,0,60,org.onosproject.core,,,,,,"{'criteria': [{'type': 'ETH_TYPE', 'ethType': '0x806'}]}","{'instructions': [{'type': 'OUTPUT', 'port': 'CONTROLLER'}], 'clearDeferred': True, 'deferred': []}"
2026-06-08 17:00:10,of:0000000000000002,281478673389323,ADDED,40000,42,5859,60,org.onosproject.core,,,,,,"{'criteria': [{'type': 'ETH_TYPE', 'ethType': '0x8942'}]}","{'instructions': [{'type': 'OUTPUT', 'port': 'CONTROLLER'}], 'clearDeferred': True, 'deferred': []}"
2026-06-08 17:00:10,of:0000000000000002,34902898441429785,ADDED,10,57,5586,57,org.onosproject.fwd,00:00:00:00:00:02,00:00:00:00:00:01,,,3,"{'criteria': [{'type': 'IN_PORT', 'port': 3}, {'type': 'ETH_DST', 'mac': '00:00:00:00:00:01'}, {'type': 'ETH_SRC', 'mac': '00:00:00:00:00:02'}]}","{'instructions': [{'type': 'OUTPUT', 'port': '1'}], 'deferred': []}"
2026-06-08 17:00:10,of:0000000000000002,34902899328279504,ADDED,10,89,8722,60,org.onosproject.fwd,00:00:00:00:00:01,00:00:00:00:00:02,,,2,"{'criteria': [{'type': 'IN_PORT', 'port': 2}, {'type': 'ETH_DST', 'mac': '00:00:00:00:00:02'}, {'type': 'ETH_SRC', 'mac': '00:00:00:00:00:01'}]}","{'instructions': [{'type': 'OUTPUT', 'port': '3'}], 'deferred': []}"
2026-06-08 17:00:10,of:0000000000000002,281475022575828,ADDED,40000,42,5859,60,org.onosproject.core,,,,,,"{'criteria': [{'type': 'ETH_TYPE', 'ethType': '0x88cc'}]}","{'instructions': [{'type': 'OUTPUT', 'port': 'CONTROLLER'}], 'clearDeferred': True, 'deferred': []}"
2026-06-08 17:00:10,of:0000000000000002,281475568191580,ADDED,5,47,4606,60,org.onosproject.core,,,,,,"{'criteria': [{'type': 'ETH_TYPE', 'ethType': '0x800'}]}","{'instructions': [{'type': 'OUTPUT', 'port': 'CONTROLLER'}], 'clearDeferred': True, 'deferred': []}"
2026-06-08 17:00:10,of:0000000000000007,281475652364572,ADDED,5,3,294,70,org.onosproject.core,,,,,,"{'criteria': [{'type': 'ETH_TYPE', 'ethType': '0x800'}]}","{'instructions': [{'type': 'OUTPUT', 'port': 'CONTROLLER'}], 'clearDeferred': True, 'deferred': []}"
2026-06-08 17:00:10,of:0000000000000007,281478438392611,ADDED,40000,0,0,70,org.onosproject.core,,,,,,"{'criteria': [{'type': 'ETH_TYPE', 'ethType': '0x806'}]}","{'instructions': [{'type': 'OUTPUT', 'port': 'CONTROLLER'}], 'clearDeferred': True, 'deferred': []}"
2026-06-08 17:00:10,of:0000000000000007,281476350262333,ADDED,40000,48,6720,70,org.onosproject.core,,,,,,"{'criteria': [{'type': 'ETH_TYPE', 'ethType': '0x8942'}]}","{'instructions': [{'type': 'OUTPUT', 'port': 'CONTROLLER'}], 'clearDeferred': True, 'deferred': []}"
2026-06-08 17:00:10,of:0000000000000007,281475000925130,ADDED,40000,48,6720,70,org.onosproject.core,,,,,,"{'criteria': [{'type': 'ETH_TYPE', 'ethType': '0x88cc'}]}","{'instructions': [{'type': 'OUTPUT', 'port': 'CONTROLLER'}], 'clearDeferred': True, 'deferred': []}"
2026-06-08 17:00:10,of:0000000000000008,281476059291414,ADDED,40000,0,0,70,org.onosproject.core,,,,,,"{'criteria': [{'type': 'ETH_TYPE', 'ethType': '0x806'}]}","{'instructions': [{'type': 'OUTPUT', 'port': 'CONTROLLER'}], 'clearDeferred': True, 'deferred': []}"
2026-06-08 17:00:10,of:0000000000000008,281476101349656,ADDED,40000,72,10032,70,org.onosproject.core,,,,,,"{'criteria': [{'type': 'ETH_TYPE', 'ethType': '0x88cc'}]}","{'instructions': [{'type': 'OUTPUT', 'port': 'CONTROLLER'}], 'clearDeferred': True, 'deferred': []}"
2026-06-08 17:00:10,of:0000000000000008,281476270708671,ADDED,40000,72,10032,70,org.onosproject.core,,,,,,"{'criteria': [{'type': 'ETH_TYPE', 'ethType': '0x8942'}]}","{'instructions': [{'type': 'OUTPUT', 'port': 'CONTROLLER'}], 'clearDeferred': True, 'deferred': []}"
2026-06-08 17:00:10,of:0000000000000008,34902898875781211,ADDED,10,91,8918,69,org.onosproject.fwd,00:00:00:00:00:01,00:00:00:00:00:02,,,3,"{'criteria': [{'type': 'IN_PORT', 'port': 3}, {'type': 'ETH_DST', 'mac': '00:00:00:00:00:02'}, {'type': 'ETH_SRC', 'mac': '00:00:00:00:00:01'}]}","{'instructions': [{'type': 'OUTPUT', 'port': '2'}], 'deferred': []}"
2026-06-08 17:00:10,of:0000000000000008,281476010895837,ADDED,5,141,13818,70,org.onosproject.core,,,,,,"{'criteria': [{'type': 'ETH_TYPE', 'ethType': '0x800'}]}","{'instructions': [{'type': 'OUTPUT', 'port': 'CONTROLLER'}], 'clearDeferred': True, 'deferred': []}"
2026-06-08 17:00:10,of:0000000000000005,281478762460478,ADDED,40000,0,0,70,org.onosproject.core,,,,,,"{'criteria': [{'type': 'ETH_TYPE', 'ethType': '0x806'}]}","{'instructions': [{'type': 'OUTPUT', 'port': 'CONTROLLER'}], 'clearDeferred': True, 'deferred': []}"
2026-06-08 17:00:10,of:0000000000000005,281478211273411,ADDED,40000,48,6696,70,org.onosproject.core,,,,,,"{'criteria': [{'type': 'ETH_TYPE', 'ethType': '0x8942'}]}","{'instructions': [{'type': 'OUTPUT', 'port': 'CONTROLLER'}], 'clearDeferred': True, 'deferred': []}"
2026-06-08 17:00:10,of:0000000000000005,281475117841124,ADDED,5,53,5194,70,org.onosproject.core,,,,,,"{'criteria': [{'type': 'ETH_TYPE', 'ethType': '0x800'}]}","{'instructions': [{'type': 'OUTPUT', 'port': 'CONTROLLER'}], 'clearDeferred': True, 'deferred': []}"
2026-06-08 17:00:10,of:0000000000000005,281478979269874,ADDED,40000,48,6696,70,org.onosproject.core,,,,,,"{'criteria': [{'type': 'ETH_TYPE', 'ethType': '0x88cc'}]}","{'instructions': [{'type': 'OUTPUT', 'port': 'CONTROLLER'}], 'clearDeferred': True, 'deferred': []}"
2026-06-08 17:00:10,of:0000000000000006,281475738574217,ADDED,40000,48,6720,70,org.onosproject.core,,,,,,"{'criteria': [{'type': 'ETH_TYPE', 'ethType': '0x88cc'}]}","{'instructions': [{'type': 'OUTPUT', 'port': 'CONTROLLER'}], 'clearDeferred': True, 'deferred': []}"
2026-06-08 17:00:10,of:0000000000000006,281476873293724,ADDED,40000,48,6720,70,org.onosproject.core,,,,,,"{'criteria': [{'type': 'ETH_TYPE', 'ethType': '0x8942'}]}","{'instructions': [{'type': 'OUTPUT', 'port': 'CONTROLLER'}], 'clearDeferred': True, 'deferred': []}"
2026-06-08 17:00:10,of:0000000000000006,281475411377083,ADDED,40000,0,0,70,org.onosproject.core,,,,,,"{'criteria': [{'type': 'ETH_TYPE', 'ethType': '0x806'}]}","{'instructions': [{'type': 'OUTPUT', 'port': 'CONTROLLER'}], 'clearDeferred': True, 'deferred': []}"
2026-06-08 17:00:10,of:0000000000000006,281478888449605,ADDED,5,3,294,70,org.onosproject.core,,,,,,"{'criteria': [{'type': 'ETH_TYPE', 'ethType': '0x800'}]}","{'instructions': [{'type': 'OUTPUT', 'port': 'CONTROLLER'}], 'clearDeferred': True, 'deferred': []}"
2026-06-08 17:00:10,of:0000000000000009,281478887649794,ADDED,40000,69,9614,70,org.onosproject.core,,,,,,"{'criteria': [{'type': 'ETH_TYPE', 'ethType': '0x88cc'}]}","{'instructions': [{'type': 'OUTPUT', 'port': 'CONTROLLER'}], 'clearDeferred': True, 'deferred': []}"
2026-06-08 17:00:10,of:0000000000000009,281474993990194,ADDED,5,66,6468,70,org.onosproject.core,,,,,,"{'criteria': [{'type': 'ETH_TYPE', 'ethType': '0x800'}]}","{'instructions': [{'type': 'OUTPUT', 'port': 'CONTROLLER'}], 'clearDeferred': True, 'deferred': []}"
2026-06-08 17:00:10,of:0000000000000009,281476295891648,ADDED,40000,69,9614,70,org.onosproject.core,,,,,,"{'criteria': [{'type': 'ETH_TYPE', 'ethType': '0x8942'}]}","{'instructions': [{'type': 'OUTPUT', 'port': 'CONTROLLER'}], 'clearDeferred': True, 'deferred': []}"
2026-06-08 17:00:10,of:0000000000000009,281479019932926,ADDED,40000,0,0,70,org.onosproject.core,,,,,,"{'criteria': [{'type': 'ETH_TYPE', 'ethType': '0x806'}]}","{'instructions': [{'type': 'OUTPUT', 'port': 'CONTROLLER'}], 'clearDeferred': True, 'deferred': []}"
2026-06-08 17:00:15,of:000000000000000c,281479100460205,ADDED,40000,154,21458,75,org.onosproject.core,,,,,,"{'criteria': [{'type': 'ETH_TYPE', 'ethType': '0x88cc'}]}","{'instructions': [{'type': 'OUTPUT', 'port': 'CONTROLLER'}], 'clearDeferred': True, 'deferred': []}"
2026-06-08 17:00:15,of:000000000000000c,281475624796078,ADDED,40000,154,21458,75,org.onosproject.core,,,,,,"{'criteria': [{'type': 'ETH_TYPE', 'ethType': '0x8942'}]}","{'instructions': [{'type': 'OUTPUT', 'port': 'CONTROLLER'}], 'clearDeferred': True, 'deferred': []}"
2026-06-08 17:00:15,of:000000000000000c,281477504901495,ADDED,40000,0,0,75,org.onosproject.core,,,,,,"{'criteria': [{'type': 'ETH_TYPE', 'ethType': '0x806'}]}","{'instructions': [{'type': 'OUTPUT', 'port': 'CONTROLLER'}], 'clearDeferred': True, 'deferred': []}"
2026-06-08 17:00:15,of:000000000000000c,281476292687096,ADDED,5,83,8134,75,org.onosproject.core,,,,,,"{'criteria': [{'type': 'ETH_TYPE', 'ethType': '0x800'}]}","{'instructions': [{'type': 'OUTPUT', 'port': 'CONTROLLER'}], 'clearDeferred': True, 'deferred': []}"
2026-06-08 17:00:15,of:000000000000000d,281478200287907,ADDED,40000,150,20926,75,org.onosproject.core,,,,,,"{'criteria': [{'type': 'ETH_TYPE', 'ethType': '0x88cc'}]}","{'instructions': [{'type': 'OUTPUT', 'port': 'CONTROLLER'}], 'clearDeferred': True, 'deferred': []}"
2026-06-08 17:00:15,of:000000000000000d,281478788468154,ADDED,5,83,8134,75,org.onosproject.core,,,,,,"{'criteria': [{'type': 'ETH_TYPE', 'ethType': '0x800'}]}","{'instructions': [{'type': 'OUTPUT', 'port': 'CONTROLLER'}], 'clearDeferred': True, 'deferred': []}"
2026-06-08 17:00:15,of:000000000000000d,281478012698825,ADDED,40000,150,20926,75,org.onosproject.core,,,,,,"{'criteria': [{'type': 'ETH_TYPE', 'ethType': '0x8942'}]}","{'instructions': [{'type': 'OUTPUT', 'port': 'CONTROLLER'}], 'clearDeferred': True, 'deferred': []}"
2026-06-08 17:00:15,of:000000000000000d,281476618808057,ADDED,40000,0,0,75,org.onosproject.core,,,,,,"{'criteria': [{'type': 'ETH_TYPE', 'ethType': '0x806'}]}","{'instructions': [{'type': 'OUTPUT', 'port': 'CONTROLLER'}], 'clearDeferred': True, 'deferred': []}"
2026-06-08 17:00:15,of:000000000000000a,281477705784245,ADDED,5,3,294,75,org.onosproject.core,,,,,,"{'criteria': [{'type': 'ETH_TYPE', 'ethType': '0x800'}]}","{'instructions': [{'type': 'OUTPUT', 'port': 'CONTROLLER'}], 'clearDeferred': True, 'deferred': []}"
2026-06-08 17:00:15,of:000000000000000a,281475818964416,ADDED,40000,74,10312,75,org.onosproject.core,,,,,,"{'criteria': [{'type': 'ETH_TYPE', 'ethType': '0x8942'}]}","{'instructions': [{'type': 'OUTPUT', 'port': 'CONTROLLER'}], 'clearDeferred': True, 'deferred': []}"
2026-06-08 17:00:15,of:000000000000000a,281477034268888,ADDED,40000,74,10312,75,org.onosproject.core,,,,,,"{'criteria': [{'type': 'ETH_TYPE', 'ethType': '0x88cc'}]}","{'instructions': [{'type': 'OUTPUT', 'port': 'CONTROLLER'}], 'clearDeferred': True, 'deferred': []}"
2026-06-08 17:00:15,of:000000000000000a,281478593105785,ADDED,40000,0,0,75,org.onosproject.core,,,,,,"{'criteria': [{'type': 'ETH_TYPE', 'ethType': '0x806'}]}","{'instructions': [{'type': 'OUTPUT', 'port': 'CONTROLLER'}], 'clearDeferred': True, 'deferred': []}"
2026-06-08 17:00:15,of:000000000000000b,281478277078534,ADDED,5,101,9898,75,org.onosproject.core,,,,,,"{'criteria': [{'type': 'ETH_TYPE', 'ethType': '0x800'}]}","{'instructions': [{'type': 'OUTPUT', 'port': 'CONTROLLER'}], 'clearDeferred': True, 'deferred': []}"
2026-06-08 17:00:15,of:000000000000000b,34902898369757081,ADDED,10,75,7350,74,org.onosproject.fwd,00:00:00:00:00:01,00:00:00:00:00:02,,,1,"{'criteria': [{'type': 'IN_PORT', 'port': 1}, {'type': 'ETH_DST', 'mac': '00:00:00:00:00:02'}, {'type': 'ETH_SRC', 'mac': '00:00:00:00:00:01'}]}","{'instructions': [{'type': 'OUTPUT', 'port': '5'}], 'deferred': []}"
2026-06-08 17:00:15,of:000000000000000b,34902898247549216,ADDED,10,72,7056,72,org.onosproject.fwd,00:00:00:00:00:02,00:00:00:00:00:01,,,4,"{'criteria': [{'type': 'IN_PORT', 'port': 4}, {'type': 'ETH_DST', 'mac': '00:00:00:00:00:01'}, {'type': 'ETH_SRC', 'mac': '00:00:00:00:00:02'}]}","{'instructions': [{'type': 'OUTPUT', 'port': '1'}], 'deferred': []}"
2026-06-08 17:00:15,of:000000000000000b,281476663695951,ADDED,40000,0,0,75,org.onosproject.core,,,,,,"{'criteria': [{'type': 'ETH_TYPE', 'ethType': '0x806'}]}","{'instructions': [{'type': 'OUTPUT', 'port': 'CONTROLLER'}], 'clearDeferred': True, 'deferred': []}"
2026-06-08 17:00:15,of:000000000000000b,281476573370203,ADDED,40000,156,21736,75,org.onosproject.core,,,,,,"{'criteria': [{'type': 'ETH_TYPE', 'ethType': '0x88cc'}]}","{'instructions': [{'type': 'OUTPUT', 'port': 'CONTROLLER'}], 'clearDeferred': True, 'deferred': []}"
2026-06-08 17:00:15,of:000000000000000b,281476205675487,ADDED,40000,156,21736,75,org.onosproject.core,,,,,,"{'criteria': [{'type': 'ETH_TYPE', 'ethType': '0x8942'}]}","{'instructions': [{'type': 'OUTPUT', 'port': 'CONTROLLER'}], 'clearDeferred': True, 'deferred': []}"
2026-06-08 17:00:15,of:0000000000000003,281478170942982,ADDED,5,93,9114,75,org.onosproject.core,,,,,,"{'criteria': [{'type': 'ETH_TYPE', 'ethType': '0x800'}]}","{'instructions': [{'type': 'OUTPUT', 'port': 'CONTROLLER'}], 'clearDeferred': True, 'deferred': []}"
2026-06-08 17:00:15,of:0000000000000003,34902901306865815,ADDED,10,99,9702,75,org.onosproject.fwd,00:00:00:00:00:01,00:00:00:00:00:02,,,1,"{'criteria': [{'type': 'IN_PORT', 'port': 1}, {'type': 'ETH_DST', 'mac': '00:00:00:00:00:02'}, {'type': 'ETH_SRC', 'mac': '00:00:00:00:00:01'}]}","{'instructions': [{'type': 'OUTPUT', 'port': '2'}], 'deferred': []}"
2026-06-08 17:00:15,of:0000000000000003,281476661728682,ADDED,40000,52,7254,75,org.onosproject.core,,,,,,"{'criteria': [{'type': 'ETH_TYPE', 'ethType': '0x88cc'}]}","{'instructions': [{'type': 'OUTPUT', 'port': 'CONTROLLER'}], 'clearDeferred': True, 'deferred': []}"
2026-06-08 17:00:15,of:0000000000000003,281477764386537,ADDED,40000,0,0,75,org.onosproject.core,,,,,,"{'criteria': [{'type': 'ETH_TYPE', 'ethType': '0x806'}]}","{'instructions': [{'type': 'OUTPUT', 'port': 'CONTROLLER'}], 'clearDeferred': True, 'deferred': []}"
2026-06-08 17:00:15,of:0000000000000003,281476156249461,ADDED,40000,52,7254,75,org.onosproject.core,,,,,,"{'criteria': [{'type': 'ETH_TYPE', 'ethType': '0x8942'}]}","{'instructions': [{'type': 'OUTPUT', 'port': 'CONTROLLER'}], 'clearDeferred': True, 'deferred': []}"
2026-06-08 17:00:15,of:0000000000000004,281475616213265,ADDED,40000,50,6974,75,org.onosproject.core,,,,,,"{'criteria': [{'type': 'ETH_TYPE', 'ethType': '0x88cc'}]}","{'instructions': [{'type': 'OUTPUT', 'port': 'CONTROLLER'}], 'clearDeferred': True, 'deferred': []}"
2026-06-08 17:00:15,of:0000000000000004,281475265228006,ADDED,40000,0,0,75,org.onosproject.core,,,,,,"{'criteria': [{'type': 'ETH_TYPE', 'ethType': '0x806'}]}","{'instructions': [{'type': 'OUTPUT', 'port': 'CONTROLLER'}], 'clearDeferred': True, 'deferred': []}"
2026-06-08 17:00:15,of:0000000000000004,281477141311986,ADDED,5,88,8624,75,org.onosproject.core,,,,,,"{'criteria': [{'type': 'ETH_TYPE', 'ethType': '0x800'}]}","{'instructions': [{'type': 'OUTPUT', 'port': 'CONTROLLER'}], 'clearDeferred': True, 'deferred': []}"
2026-06-08 17:00:15,of:0000000000000004,281476729151998,ADDED,40000,50,6974,75,org.onosproject.core,,,,,,"{'criteria': [{'type': 'ETH_TYPE', 'ethType': '0x8942'}]}","{'instructions': [{'type': 'OUTPUT', 'port': 'CONTROLLER'}], 'clearDeferred': True, 'deferred': []}"
2026-06-08 17:00:15,of:0000000000000001,281478909873038,ADDED,40000,0,0,75,org.onosproject.core,,,,,,"{'criteria': [{'type': 'ETH_TYPE', 'ethType': '0x806'}]}","{'instructions': [{'type': 'OUTPUT', 'port': 'CONTROLLER'}], 'clearDeferred': True, 'deferred': []}"
2026-06-08 17:00:15,of:0000000000000001,34902899196753573,ADDED,10,74,7252,74,org.onosproject.fwd,00:00:00:00:00:01,00:00:00:00:00:02,,,4,"{'criteria': [{'type': 'IN_PORT', 'port': 4}, {'type': 'ETH_DST', 'mac': '00:00:00:00:00:02'}, {'type': 'ETH_SRC', 'mac': '00:00:00:00:00:01'}]}","{'instructions': [{'type': 'OUTPUT', 'port': '1'}], 'deferred': []}"
2026-06-08 17:00:15,of:0000000000000001,34902898986035913,ADDED,10,84,8232,74,org.onosproject.fwd,00:00:00:00:00:02,00:00:00:00:00:01,,,1,"{'criteria': [{'type': 'IN_PORT', 'port': 1}, {'type': 'ETH_DST', 'mac': '00:00:00:00:00:01'}, {'type': 'ETH_SRC', 'mac': '00:00:00:00:00:02'}]}","{'instructions': [{'type': 'OUTPUT', 'port': '4'}], 'deferred': []}"
2026-06-08 17:00:15,of:0000000000000001,281477466379610,ADDED,40000,76,10640,75,org.onosproject.core,,,,,,"{'criteria': [{'type': 'ETH_TYPE', 'ethType': '0x88cc'}]}","{'instructions': [{'type': 'OUTPUT', 'port': 'CONTROLLER'}], 'clearDeferred': True, 'deferred': []}"
2026-06-08 17:00:15,of:0000000000000001,281475012051420,ADDED,5,76,7448,75,org.onosproject.core,,,,,,"{'criteria': [{'type': 'ETH_TYPE', 'ethType': '0x800'}]}","{'instructions': [{'type': 'OUTPUT', 'port': 'CONTROLLER'}], 'clearDeferred': True, 'deferred': []}"
2026-06-08 17:00:15,of:0000000000000001,281477029321583,ADDED,40000,76,10640,75,org.onosproject.core,,,,,,"{'criteria': [{'type': 'ETH_TYPE', 'ethType': '0x8942'}]}","{'instructions': [{'type': 'OUTPUT', 'port': 'CONTROLLER'}], 'clearDeferred': True, 'deferred': []}"
2026-06-08 17:00:15,of:0000000000000002,281478316350853,ADDED,40000,0,0,60,org.onosproject.core,,,,,,"{'criteria': [{'type': 'ETH_TYPE', 'ethType': '0x806'}]}","{'instructions': [{'type': 'OUTPUT', 'port': 'CONTROLLER'}], 'clearDeferred': True, 'deferred': []}"
2026-06-08 17:00:15,of:0000000000000002,281478673389323,ADDED,40000,42,5859,60,org.onosproject.core,,,,,,"{'criteria': [{'type': 'ETH_TYPE', 'ethType': '0x8942'}]}","{'instructions': [{'type': 'OUTPUT', 'port': 'CONTROLLER'}], 'clearDeferred': True, 'deferred': []}"
2026-06-08 17:00:15,of:0000000000000002,34902898441429785,ADDED,10,57,5586,57,org.onosproject.fwd,00:00:00:00:00:02,00:00:00:00:00:01,,,3,"{'criteria': [{'type': 'IN_PORT', 'port': 3}, {'type': 'ETH_DST', 'mac': '00:00:00:00:00:01'}, {'type': 'ETH_SRC', 'mac': '00:00:00:00:00:02'}]}","{'instructions': [{'type': 'OUTPUT', 'port': '1'}], 'deferred': []}"
2026-06-08 17:00:15,of:0000000000000002,34902899328279504,ADDED,10,89,8722,60,org.onosproject.fwd,00:00:00:00:00:01,00:00:00:00:00:02,,,2,"{'criteria': [{'type': 'IN_PORT', 'port': 2}, {'type': 'ETH_DST', 'mac': '00:00:00:00:00:02'}, {'type': 'ETH_SRC', 'mac': '00:00:00:00:00:01'}]}","{'instructions': [{'type': 'OUTPUT', 'port': '3'}], 'deferred': []}"
2026-06-08 17:00:15,of:0000000000000002,281475022575828,ADDED,40000,42,5859,60,org.onosproject.core,,,,,,"{'criteria': [{'type': 'ETH_TYPE', 'ethType': '0x88cc'}]}","{'instructions': [{'type': 'OUTPUT', 'port': 'CONTROLLER'}], 'clearDeferred': True, 'deferred': []}"
2026-06-08 17:00:15,of:0000000000000002,281475568191580,ADDED,5,47,4606,60,org.onosproject.core,,,,,,"{'criteria': [{'type': 'ETH_TYPE', 'ethType': '0x800'}]}","{'instructions': [{'type': 'OUTPUT', 'port': 'CONTROLLER'}], 'clearDeferred': True, 'deferred': []}"
2026-06-08 17:00:15,of:0000000000000007,281475652364572,ADDED,5,3,294,75,org.onosproject.core,,,,,,"{'criteria': [{'type': 'ETH_TYPE', 'ethType': '0x800'}]}","{'instructions': [{'type': 'OUTPUT', 'port': 'CONTROLLER'}], 'clearDeferred': True, 'deferred': []}"
2026-06-08 17:00:15,of:0000000000000007,281478438392611,ADDED,40000,0,0,75,org.onosproject.core,,,,,,"{'criteria': [{'type': 'ETH_TYPE', 'ethType': '0x806'}]}","{'instructions': [{'type': 'OUTPUT', 'port': 'CONTROLLER'}], 'clearDeferred': True, 'deferred': []}"
2026-06-08 17:00:15,of:0000000000000007,281476350262333,ADDED,40000,52,7280,75,org.onosproject.core,,,,,,"{'criteria': [{'type': 'ETH_TYPE', 'ethType': '0x8942'}]}","{'instructions': [{'type': 'OUTPUT', 'port': 'CONTROLLER'}], 'clearDeferred': True, 'deferred': []}"
2026-06-08 17:00:15,of:0000000000000007,281475000925130,ADDED,40000,52,7280,75,org.onosproject.core,,,,,,"{'criteria': [{'type': 'ETH_TYPE', 'ethType': '0x88cc'}]}","{'instructions': [{'type': 'OUTPUT', 'port': 'CONTROLLER'}], 'clearDeferred': True, 'deferred': []}"
2026-06-08 17:00:15,of:0000000000000008,281476059291414,ADDED,40000,0,0,75,org.onosproject.core,,,,,,"{'criteria': [{'type': 'ETH_TYPE', 'ethType': '0x806'}]}","{'instructions': [{'type': 'OUTPUT', 'port': 'CONTROLLER'}], 'clearDeferred': True, 'deferred': []}"
2026-06-08 17:00:15,of:0000000000000008,281476101349656,ADDED,40000,78,10868,75,org.onosproject.core,,,,,,"{'criteria': [{'type': 'ETH_TYPE', 'ethType': '0x88cc'}]}","{'instructions': [{'type': 'OUTPUT', 'port': 'CONTROLLER'}], 'clearDeferred': True, 'deferred': []}"
2026-06-08 17:00:15,of:0000000000000008,281476270708671,ADDED,40000,78,10868,75,org.onosproject.core,,,,,,"{'criteria': [{'type': 'ETH_TYPE', 'ethType': '0x8942'}]}","{'instructions': [{'type': 'OUTPUT', 'port': 'CONTROLLER'}], 'clearDeferred': True, 'deferred': []}"
2026-06-08 17:00:15,of:0000000000000008,34902898875781211,ADDED,10,96,9408,74,org.onosproject.fwd,00:00:00:00:00:01,00:00:00:00:00:02,,,3,"{'criteria': [{'type': 'IN_PORT', 'port': 3}, {'type': 'ETH_DST', 'mac': '00:00:00:00:00:02'}, {'type': 'ETH_SRC', 'mac': '00:00:00:00:00:01'}]}","{'instructions': [{'type': 'OUTPUT', 'port': '2'}], 'deferred': []}"
2026-06-08 17:00:15,of:0000000000000008,281476010895837,ADDED,5,141,13818,75,org.onosproject.core,,,,,,"{'criteria': [{'type': 'ETH_TYPE', 'ethType': '0x800'}]}","{'instructions': [{'type': 'OUTPUT', 'port': 'CONTROLLER'}], 'clearDeferred': True, 'deferred': []}"
2026-06-08 17:00:15,of:0000000000000005,281478762460478,ADDED,40000,0,0,75,org.onosproject.core,,,,,,"{'criteria': [{'type': 'ETH_TYPE', 'ethType': '0x806'}]}","{'instructions': [{'type': 'OUTPUT', 'port': 'CONTROLLER'}], 'clearDeferred': True, 'deferred': []}"
2026-06-08 17:00:15,of:0000000000000005,281478211273411,ADDED,40000,52,7254,75,org.onosproject.core,,,,,,"{'criteria': [{'type': 'ETH_TYPE', 'ethType': '0x8942'}]}","{'instructions': [{'type': 'OUTPUT', 'port': 'CONTROLLER'}], 'clearDeferred': True, 'deferred': []}"
2026-06-08 17:00:15,of:0000000000000005,281475117841124,ADDED,5,53,5194,75,org.onosproject.core,,,,,,"{'criteria': [{'type': 'ETH_TYPE', 'ethType': '0x800'}]}","{'instructions': [{'type': 'OUTPUT', 'port': 'CONTROLLER'}], 'clearDeferred': True, 'deferred': []}"
2026-06-08 17:00:15,of:0000000000000005,281478979269874,ADDED,40000,52,7254,75,org.onosproject.core,,,,,,"{'criteria': [{'type': 'ETH_TYPE', 'ethType': '0x88cc'}]}","{'instructions': [{'type': 'OUTPUT', 'port': 'CONTROLLER'}], 'clearDeferred': True, 'deferred': []}"
2026-06-08 17:00:15,of:0000000000000006,281475738574217,ADDED,40000,52,7280,75,org.onosproject.core,,,,,,"{'criteria': [{'type': 'ETH_TYPE', 'ethType': '0x88cc'}]}","{'instructions': [{'type': 'OUTPUT', 'port': 'CONTROLLER'}], 'clearDeferred': True, 'deferred': []}"
2026-06-08 17:00:15,of:0000000000000006,281476873293724,ADDED,40000,52,7280,75,org.onosproject.core,,,,,,"{'criteria': [{'type': 'ETH_TYPE', 'ethType': '0x8942'}]}","{'instructions': [{'type': 'OUTPUT', 'port': 'CONTROLLER'}], 'clearDeferred': True, 'deferred': []}"
2026-06-08 17:00:15,of:0000000000000006,281475411377083,ADDED,40000,0,0,75,org.onosproject.core,,,,,,"{'criteria': [{'type': 'ETH_TYPE', 'ethType': '0x806'}]}","{'instructions': [{'type': 'OUTPUT', 'port': 'CONTROLLER'}], 'clearDeferred': True, 'deferred': []}"
2026-06-08 17:00:15,of:0000000000000006,281478888449605,ADDED,5,3,294,75,org.onosproject.core,,,,,,"{'criteria': [{'type': 'ETH_TYPE', 'ethType': '0x800'}]}","{'instructions': [{'type': 'OUTPUT', 'port': 'CONTROLLER'}], 'clearDeferred': True, 'deferred': []}"
2026-06-08 17:00:15,of:0000000000000009,281478887649794,ADDED,40000,75,10450,75,org.onosproject.core,,,,,,"{'criteria': [{'type': 'ETH_TYPE', 'ethType': '0x88cc'}]}","{'instructions': [{'type': 'OUTPUT', 'port': 'CONTROLLER'}], 'clearDeferred': True, 'deferred': []}"
2026-06-08 17:00:15,of:0000000000000009,281474993990194,ADDED,5,66,6468,75,org.onosproject.core,,,,,,"{'criteria': [{'type': 'ETH_TYPE', 'ethType': '0x800'}]}","{'instructions': [{'type': 'OUTPUT', 'port': 'CONTROLLER'}], 'clearDeferred': True, 'deferred': []}"
2026-06-08 17:00:15,of:0000000000000009,281476295891648,ADDED,40000,75,10450,75,org.onosproject.core,,,,,,"{'criteria': [{'type': 'ETH_TYPE', 'ethType': '0x8942'}]}","{'instructions': [{'type': 'OUTPUT', 'port': 'CONTROLLER'}], 'clearDeferred': True, 'deferred': []}"
2026-06-08 17:00:15,of:0000000000000009,281479019932926,ADDED,40000,0,0,75,org.onosproject.core,,,,,,"{'criteria': [{'type': 'ETH_TYPE', 'ethType': '0x806'}]}","{'instructions': [{'type': 'OUTPUT', 'port': 'CONTROLLER'}], 'clearDeferred': True, 'deferred': []}"
2026-06-08 17:00:20,of:000000000000000c,281479100460205,ADDED,40000,161,22433,80,org.onosproject.core,,,,,,"{'criteria': [{'type': 'ETH_TYPE', 'ethType': '0x88cc'}]}","{'instructions': [{'type': 'OUTPUT', 'port': 'CONTROLLER'}], 'clearDeferred': True, 'deferred': []}"
2026-06-08 17:00:20,of:000000000000000c,281475624796078,ADDED,40000,161,22433,80,org.onosproject.core,,,,,,"{'criteria': [{'type': 'ETH_TYPE', 'ethType': '0x8942'}]}","{'instructions': [{'type': 'OUTPUT', 'port': 'CONTROLLER'}], 'clearDeferred': True, 'deferred': []}"
2026-06-08 17:00:20,of:000000000000000c,281477504901495,ADDED,40000,0,0,80,org.onosproject.core,,,,,,"{'criteria': [{'type': 'ETH_TYPE', 'ethType': '0x806'}]}","{'instructions': [{'type': 'OUTPUT', 'port': 'CONTROLLER'}], 'clearDeferred': True, 'deferred': []}"
2026-06-08 17:00:20,of:000000000000000c,281476292687096,ADDED,5,83,8134,80,org.onosproject.core,,,,,,"{'criteria': [{'type': 'ETH_TYPE', 'ethType': '0x800'}]}","{'instructions': [{'type': 'OUTPUT', 'port': 'CONTROLLER'}], 'clearDeferred': True, 'deferred': []}"
2026-06-08 17:00:20,of:000000000000000d,281478200287907,ADDED,40000,158,22041,80,org.onosproject.core,,,,,,"{'criteria': [{'type': 'ETH_TYPE', 'ethType': '0x88cc'}]}","{'instructions': [{'type': 'OUTPUT', 'port': 'CONTROLLER'}], 'clearDeferred': True, 'deferred': []}"
2026-06-08 17:00:20,of:000000000000000d,281478788468154,ADDED,5,83,8134,80,org.onosproject.core,,,,,,"{'criteria': [{'type': 'ETH_TYPE', 'ethType': '0x800'}]}","{'instructions': [{'type': 'OUTPUT', 'port': 'CONTROLLER'}], 'clearDeferred': True, 'deferred': []}"
2026-06-08 17:00:20,of:000000000000000d,281478012698825,ADDED,40000,158,22041,80,org.onosproject.core,,,,,,"{'criteria': [{'type': 'ETH_TYPE', 'ethType': '0x8942'}]}","{'instructions': [{'type': 'OUTPUT', 'port': 'CONTROLLER'}], 'clearDeferred': True, 'deferred': []}"
2026-06-08 17:00:20,of:000000000000000d,281476618808057,ADDED,40000,0,0,80,org.onosproject.core,,,,,,"{'criteria': [{'type': 'ETH_TYPE', 'ethType': '0x806'}]}","{'instructions': [{'type': 'OUTPUT', 'port': 'CONTROLLER'}], 'clearDeferred': True, 'deferred': []}"
2026-06-08 17:00:20,of:000000000000000a,281477705784245,ADDED,5,3,294,80,org.onosproject.core,,,,,,"{'criteria': [{'type': 'ETH_TYPE', 'ethType': '0x800'}]}","{'instructions': [{'type': 'OUTPUT', 'port': 'CONTROLLER'}], 'clearDeferred': True, 'deferred': []}"
2026-06-08 17:00:20,of:000000000000000a,281475818964416,ADDED,40000,79,11008,80,org.onosproject.core,,,,,,"{'criteria': [{'type': 'ETH_TYPE', 'ethType': '0x8942'}]}","{'instructions': [{'type': 'OUTPUT', 'port': 'CONTROLLER'}], 'clearDeferred': True, 'deferred': []}"
2026-06-08 17:00:20,of:000000000000000a,281477034268888,ADDED,40000,79,11008,80,org.onosproject.core,,,,,,"{'criteria': [{'type': 'ETH_TYPE', 'ethType': '0x88cc'}]}","{'instructions': [{'type': 'OUTPUT', 'port': 'CONTROLLER'}], 'clearDeferred': True, 'deferred': []}"
2026-06-08 17:00:20,of:000000000000000a,281478593105785,ADDED,40000,0,0,80,org.onosproject.core,,,,,,"{'criteria': [{'type': 'ETH_TYPE', 'ethType': '0x806'}]}","{'instructions': [{'type': 'OUTPUT', 'port': 'CONTROLLER'}], 'clearDeferred': True, 'deferred': []}"
2026-06-08 17:00:20,of:000000000000000b,281478277078534,ADDED,5,101,9898,80,org.onosproject.core,,,,,,"{'criteria': [{'type': 'ETH_TYPE', 'ethType': '0x800'}]}","{'instructions': [{'type': 'OUTPUT', 'port': 'CONTROLLER'}], 'clearDeferred': True, 'deferred': []}"
2026-06-08 17:00:20,of:000000000000000b,34902898369757081,ADDED,10,80,7840,79,org.onosproject.fwd,00:00:00:00:00:01,00:00:00:00:00:02,,,1,"{'criteria': [{'type': 'IN_PORT', 'port': 1}, {'type': 'ETH_DST', 'mac': '00:00:00:00:00:02'}, {'type': 'ETH_SRC', 'mac': '00:00:00:00:00:01'}]}","{'instructions': [{'type': 'OUTPUT', 'port': '5'}], 'deferred': []}"
2026-06-08 17:00:20,of:000000000000000b,34902898247549216,ADDED,10,77,7546,77,org.onosproject.fwd,00:00:00:00:00:02,00:00:00:00:00:01,,,4,"{'criteria': [{'type': 'IN_PORT', 'port': 4}, {'type': 'ETH_DST', 'mac': '00:00:00:00:00:01'}, {'type': 'ETH_SRC', 'mac': '00:00:00:00:00:02'}]}","{'instructions': [{'type': 'OUTPUT', 'port': '1'}], 'deferred': []}"
2026-06-08 17:00:20,of:000000000000000b,281476663695951,ADDED,40000,0,0,80,org.onosproject.core,,,,,,"{'criteria': [{'type': 'ETH_TYPE', 'ethType': '0x806'}]}","{'instructions': [{'type': 'OUTPUT', 'port': 'CONTROLLER'}], 'clearDeferred': True, 'deferred': []}"
2026-06-08 17:00:20,of:000000000000000b,281476573370203,ADDED,40000,162,22572,80,org.onosproject.core,,,,,,"{'criteria': [{'type': 'ETH_TYPE', 'ethType': '0x88cc'}]}","{'instructions': [{'type': 'OUTPUT', 'port': 'CONTROLLER'}], 'clearDeferred': True, 'deferred': []}"
2026-06-08 17:00:20,of:000000000000000b,281476205675487,ADDED,40000,162,22572,80,org.onosproject.core,,,,,,"{'criteria': [{'type': 'ETH_TYPE', 'ethType': '0x8942'}]}","{'instructions': [{'type': 'OUTPUT', 'port': 'CONTROLLER'}], 'clearDeferred': True, 'deferred': []}"
2026-06-08 17:00:20,of:0000000000000003,281478170942982,ADDED,5,93,9114,80,org.onosproject.core,,,,,,"{'criteria': [{'type': 'ETH_TYPE', 'ethType': '0x800'}]}","{'instructions': [{'type': 'OUTPUT', 'port': 'CONTROLLER'}], 'clearDeferred': True, 'deferred': []}"
2026-06-08 17:00:20,of:0000000000000003,34902901306865815,ADDED,10,104,10192,80,org.onosproject.fwd,00:00:00:00:00:01,00:00:00:00:00:02,,,1,"{'criteria': [{'type': 'IN_PORT', 'port': 1}, {'type': 'ETH_DST', 'mac': '00:00:00:00:00:02'}, {'type': 'ETH_SRC', 'mac': '00:00:00:00:00:01'}]}","{'instructions': [{'type': 'OUTPUT', 'port': '2'}], 'deferred': []}"
2026-06-08 17:00:20,of:0000000000000003,281476661728682,ADDED,40000,54,7533,80,org.onosproject.core,,,,,,"{'criteria': [{'type': 'ETH_TYPE', 'ethType': '0x88cc'}]}","{'instructions': [{'type': 'OUTPUT', 'port': 'CONTROLLER'}], 'clearDeferred': True, 'deferred': []}"
2026-06-08 17:00:20,of:0000000000000003,281477764386537,ADDED,40000,0,0,80,org.onosproject.core,,,,,,"{'criteria': [{'type': 'ETH_TYPE', 'ethType': '0x806'}]}","{'instructions': [{'type': 'OUTPUT', 'port': 'CONTROLLER'}], 'clearDeferred': True, 'deferred': []}"
2026-06-08 17:00:20,of:0000000000000003,281476156249461,ADDED,40000,54,7533,80,org.onosproject.core,,,,,,"{'criteria': [{'type': 'ETH_TYPE', 'ethType': '0x8942'}]}","{'instructions': [{'type': 'OUTPUT', 'port': 'CONTROLLER'}], 'clearDeferred': True, 'deferred': []}"
2026-06-08 17:00:20,of:0000000000000004,281475616213265,ADDED,40000,52,7253,80,org.onosproject.core,,,,,,"{'criteria': [{'type': 'ETH_TYPE', 'ethType': '0x88cc'}]}","{'instructions': [{'type': 'OUTPUT', 'port': 'CONTROLLER'}], 'clearDeferred': True, 'deferred': []}"
2026-06-08 17:00:20,of:0000000000000004,281475265228006,ADDED,40000,0,0,80,org.onosproject.core,,,,,,"{'criteria': [{'type': 'ETH_TYPE', 'ethType': '0x806'}]}","{'instructions': [{'type': 'OUTPUT', 'port': 'CONTROLLER'}], 'clearDeferred': True, 'deferred': []}"
2026-06-08 17:00:20,of:0000000000000004,281477141311986,ADDED,5,88,8624,80,org.onosproject.core,,,,,,"{'criteria': [{'type': 'ETH_TYPE', 'ethType': '0x800'}]}","{'instructions': [{'type': 'OUTPUT', 'port': 'CONTROLLER'}], 'clearDeferred': True, 'deferred': []}"
2026-06-08 17:00:20,of:0000000000000004,281476729151998,ADDED,40000,52,7253,80,org.onosproject.core,,,,,,"{'criteria': [{'type': 'ETH_TYPE', 'ethType': '0x8942'}]}","{'instructions': [{'type': 'OUTPUT', 'port': 'CONTROLLER'}], 'clearDeferred': True, 'deferred': []}"
2026-06-08 17:00:20,of:0000000000000001,281478909873038,ADDED,40000,0,0,80,org.onosproject.core,,,,,,"{'criteria': [{'type': 'ETH_TYPE', 'ethType': '0x806'}]}","{'instructions': [{'type': 'OUTPUT', 'port': 'CONTROLLER'}], 'clearDeferred': True, 'deferred': []}"
2026-06-08 17:00:20,of:0000000000000001,34902899196753573,ADDED,10,79,7742,79,org.onosproject.fwd,00:00:00:00:00:01,00:00:00:00:00:02,,,4,"{'criteria': [{'type': 'IN_PORT', 'port': 4}, {'type': 'ETH_DST', 'mac': '00:00:00:00:00:02'}, {'type': 'ETH_SRC', 'mac': '00:00:00:00:00:01'}]}","{'instructions': [{'type': 'OUTPUT', 'port': '1'}], 'deferred': []}"
2026-06-08 17:00:20,of:0000000000000001,34902898986035913,ADDED,10,89,8722,79,org.onosproject.fwd,00:00:00:00:00:02,00:00:00:00:00:01,,,1,"{'criteria': [{'type': 'IN_PORT', 'port': 1}, {'type': 'ETH_DST', 'mac': '00:00:00:00:00:01'}, {'type': 'ETH_SRC', 'mac': '00:00:00:00:00:02'}]}","{'instructions': [{'type': 'OUTPUT', 'port': '4'}], 'deferred': []}"
2026-06-08 17:00:20,of:0000000000000001,281477466379610,ADDED,40000,79,11060,80,org.onosproject.core,,,,,,"{'criteria': [{'type': 'ETH_TYPE', 'ethType': '0x88cc'}]}","{'instructions': [{'type': 'OUTPUT', 'port': 'CONTROLLER'}], 'clearDeferred': True, 'deferred': []}"
2026-06-08 17:00:20,of:0000000000000001,281475012051420,ADDED,5,76,7448,80,org.onosproject.core,,,,,,"{'criteria': [{'type': 'ETH_TYPE', 'ethType': '0x800'}]}","{'instructions': [{'type': 'OUTPUT', 'port': 'CONTROLLER'}], 'clearDeferred': True, 'deferred': []}"
2026-06-08 17:00:20,of:0000000000000001,281477029321583,ADDED,40000,79,11060,80,org.onosproject.core,,,,,,"{'criteria': [{'type': 'ETH_TYPE', 'ethType': '0x8942'}]}","{'instructions': [{'type': 'OUTPUT', 'port': 'CONTROLLER'}], 'clearDeferred': True, 'deferred': []}"
2026-06-08 17:00:20,of:0000000000000002,281478316350853,ADDED,40000,0,0,60,org.onosproject.core,,,,,,"{'criteria': [{'type': 'ETH_TYPE', 'ethType': '0x806'}]}","{'instructions': [{'type': 'OUTPUT', 'port': 'CONTROLLER'}], 'clearDeferred': True, 'deferred': []}"
2026-06-08 17:00:20,of:0000000000000002,281478673389323,ADDED,40000,42,5859,60,org.onosproject.core,,,,,,"{'criteria': [{'type': 'ETH_TYPE', 'ethType': '0x8942'}]}","{'instructions': [{'type': 'OUTPUT', 'port': 'CONTROLLER'}], 'clearDeferred': True, 'deferred': []}"
2026-06-08 17:00:20,of:0000000000000002,34902898441429785,ADDED,10,57,5586,57,org.onosproject.fwd,00:00:00:00:00:02,00:00:00:00:00:01,,,3,"{'criteria': [{'type': 'IN_PORT', 'port': 3}, {'type': 'ETH_DST', 'mac': '00:00:00:00:00:01'}, {'type': 'ETH_SRC', 'mac': '00:00:00:00:00:02'}]}","{'instructions': [{'type': 'OUTPUT', 'port': '1'}], 'deferred': []}"
2026-06-08 17:00:20,of:0000000000000002,34902899328279504,ADDED,10,89,8722,60,org.onosproject.fwd,00:00:00:00:00:01,00:00:00:00:00:02,,,2,"{'criteria': [{'type': 'IN_PORT', 'port': 2}, {'type': 'ETH_DST', 'mac': '00:00:00:00:00:02'}, {'type': 'ETH_SRC', 'mac': '00:00:00:00:00:01'}]}","{'instructions': [{'type': 'OUTPUT', 'port': '3'}], 'deferred': []}"
2026-06-08 17:00:20,of:0000000000000002,281475022575828,ADDED,40000,42,5859,60,org.onosproject.core,,,,,,"{'criteria': [{'type': 'ETH_TYPE', 'ethType': '0x88cc'}]}","{'instructions': [{'type': 'OUTPUT', 'port': 'CONTROLLER'}], 'clearDeferred': True, 'deferred': []}"
2026-06-08 17:00:20,of:0000000000000002,281475568191580,ADDED,5,47,4606,60,org.onosproject.core,,,,,,"{'criteria': [{'type': 'ETH_TYPE', 'ethType': '0x800'}]}","{'instructions': [{'type': 'OUTPUT', 'port': 'CONTROLLER'}], 'clearDeferred': True, 'deferred': []}"
2026-06-08 17:00:20,of:0000000000000007,281475652364572,ADDED,5,3,294,80,org.onosproject.core,,,,,,"{'criteria': [{'type': 'ETH_TYPE', 'ethType': '0x800'}]}","{'instructions': [{'type': 'OUTPUT', 'port': 'CONTROLLER'}], 'clearDeferred': True, 'deferred': []}"
2026-06-08 17:00:20,of:0000000000000007,281478438392611,ADDED,40000,0,0,80,org.onosproject.core,,,,,,"{'criteria': [{'type': 'ETH_TYPE', 'ethType': '0x806'}]}","{'instructions': [{'type': 'OUTPUT', 'port': 'CONTROLLER'}], 'clearDeferred': True, 'deferred': []}"
2026-06-08 17:00:20,of:0000000000000007,281476350262333,ADDED,40000,54,7560,80,org.onosproject.core,,,,,,"{'criteria': [{'type': 'ETH_TYPE', 'ethType': '0x8942'}]}","{'instructions': [{'type': 'OUTPUT', 'port': 'CONTROLLER'}], 'clearDeferred': True, 'deferred': []}"
2026-06-08 17:00:20,of:0000000000000007,281475000925130,ADDED,40000,54,7560,80,org.onosproject.core,,,,,,"{'criteria': [{'type': 'ETH_TYPE', 'ethType': '0x88cc'}]}","{'instructions': [{'type': 'OUTPUT', 'port': 'CONTROLLER'}], 'clearDeferred': True, 'deferred': []}"
2026-06-08 17:00:20,of:0000000000000008,281476059291414,ADDED,40000,0,0,80,org.onosproject.core,,,,,,"{'criteria': [{'type': 'ETH_TYPE', 'ethType': '0x806'}]}","{'instructions': [{'type': 'OUTPUT', 'port': 'CONTROLLER'}], 'clearDeferred': True, 'deferred': []}"
2026-06-08 17:00:20,of:0000000000000008,281476101349656,ADDED,40000,81,11286,80,org.onosproject.core,,,,,,"{'criteria': [{'type': 'ETH_TYPE', 'ethType': '0x88cc'}]}","{'instructions': [{'type': 'OUTPUT', 'port': 'CONTROLLER'}], 'clearDeferred': True, 'deferred': []}"
2026-06-08 17:00:20,of:0000000000000008,281476270708671,ADDED,40000,81,11286,80,org.onosproject.core,,,,,,"{'criteria': [{'type': 'ETH_TYPE', 'ethType': '0x8942'}]}","{'instructions': [{'type': 'OUTPUT', 'port': 'CONTROLLER'}], 'clearDeferred': True, 'deferred': []}"
2026-06-08 17:00:20,of:0000000000000008,34902898875781211,ADDED,10,101,9898,79,org.onosproject.fwd,00:00:00:00:00:01,00:00:00:00:00:02,,,3,"{'criteria': [{'type': 'IN_PORT', 'port': 3}, {'type': 'ETH_DST', 'mac': '00:00:00:00:00:02'}, {'type': 'ETH_SRC', 'mac': '00:00:00:00:00:01'}]}","{'instructions': [{'type': 'OUTPUT', 'port': '2'}], 'deferred': []}"
2026-06-08 17:00:20,of:0000000000000008,281476010895837,ADDED,5,141,13818,80,org.onosproject.core,,,,,,"{'criteria': [{'type': 'ETH_TYPE', 'ethType': '0x800'}]}","{'instructions': [{'type': 'OUTPUT', 'port': 'CONTROLLER'}], 'clearDeferred': True, 'deferred': []}"
2026-06-08 17:00:20,of:0000000000000005,281478762460478,ADDED,40000,0,0,80,org.onosproject.core,,,,,,"{'criteria': [{'type': 'ETH_TYPE', 'ethType': '0x806'}]}","{'instructions': [{'type': 'OUTPUT', 'port': 'CONTROLLER'}], 'clearDeferred': True, 'deferred': []}"
2026-06-08 17:00:20,of:0000000000000005,281478211273411,ADDED,40000,54,7533,80,org.onosproject.core,,,,,,"{'criteria': [{'type': 'ETH_TYPE', 'ethType': '0x8942'}]}","{'instructions': [{'type': 'OUTPUT', 'port': 'CONTROLLER'}], 'clearDeferred': True, 'deferred': []}"
2026-06-08 17:00:20,of:0000000000000005,281475117841124,ADDED,5,53,5194,80,org.onosproject.core,,,,,,"{'criteria': [{'type': 'ETH_TYPE', 'ethType': '0x800'}]}","{'instructions': [{'type': 'OUTPUT', 'port': 'CONTROLLER'}], 'clearDeferred': True, 'deferred': []}"
2026-06-08 17:00:20,of:0000000000000005,281478979269874,ADDED,40000,54,7533,80,org.onosproject.core,,,,,,"{'criteria': [{'type': 'ETH_TYPE', 'ethType': '0x88cc'}]}","{'instructions': [{'type': 'OUTPUT', 'port': 'CONTROLLER'}], 'clearDeferred': True, 'deferred': []}"
2026-06-08 17:00:20,of:0000000000000006,281475738574217,ADDED,40000,54,7560,80,org.onosproject.core,,,,,,"{'criteria': [{'type': 'ETH_TYPE', 'ethType': '0x88cc'}]}","{'instructions': [{'type': 'OUTPUT', 'port': 'CONTROLLER'}], 'clearDeferred': True, 'deferred': []}"
2026-06-08 17:00:20,of:0000000000000006,281476873293724,ADDED,40000,54,7560,80,org.onosproject.core,,,,,,"{'criteria': [{'type': 'ETH_TYPE', 'ethType': '0x8942'}]}","{'instructions': [{'type': 'OUTPUT', 'port': 'CONTROLLER'}], 'clearDeferred': True, 'deferred': []}"
2026-06-08 17:00:20,of:0000000000000006,281475411377083,ADDED,40000,0,0,80,org.onosproject.core,,,,,,"{'criteria': [{'type': 'ETH_TYPE', 'ethType': '0x806'}]}","{'instructions': [{'type': 'OUTPUT', 'port': 'CONTROLLER'}], 'clearDeferred': True, 'deferred': []}"
2026-06-08 17:00:20,of:0000000000000006,281478888449605,ADDED,5,3,294,80,org.onosproject.core,,,,,,"{'criteria': [{'type': 'ETH_TYPE', 'ethType': '0x800'}]}","{'instructions': [{'type': 'OUTPUT', 'port': 'CONTROLLER'}], 'clearDeferred': True, 'deferred': []}"
2026-06-08 17:00:20,of:0000000000000009,281478887649794,ADDED,40000,79,11007,80,org.onosproject.core,,,,,,"{'criteria': [{'type': 'ETH_TYPE', 'ethType': '0x88cc'}]}","{'instructions': [{'type': 'OUTPUT', 'port': 'CONTROLLER'}], 'clearDeferred': True, 'deferred': []}"
2026-06-08 17:00:20,of:0000000000000009,281474993990194,ADDED,5,66,6468,80,org.onosproject.core,,,,,,"{'criteria': [{'type': 'ETH_TYPE', 'ethType': '0x800'}]}","{'instructions': [{'type': 'OUTPUT', 'port': 'CONTROLLER'}], 'clearDeferred': True, 'deferred': []}"
2026-06-08 17:00:20,of:0000000000000009,281476295891648,ADDED,40000,79,11007,80,org.onosproject.core,,,,,,"{'criteria': [{'type': 'ETH_TYPE', 'ethType': '0x8942'}]}","{'instructions': [{'type': 'OUTPUT', 'port': 'CONTROLLER'}], 'clearDeferred': True, 'deferred': []}"
2026-06-08 17:00:20,of:0000000000000009,281479019932926,ADDED,40000,0,0,80,org.onosproject.core,,,,,,"{'criteria': [{'type': 'ETH_TYPE', 'ethType': '0x806'}]}","{'instructions': [{'type': 'OUTPUT', 'port': 'CONTROLLER'}], 'clearDeferred': True, 'deferred': []}"
2026-06-08 17:00:25,of:000000000000000c,281479100460205,ADDED,40000,172,23966,85,org.onosproject.core,,,,,,"{'criteria': [{'type': 'ETH_TYPE', 'ethType': '0x88cc'}]}","{'instructions': [{'type': 'OUTPUT', 'port': 'CONTROLLER'}], 'clearDeferred': True, 'deferred': []}"
2026-06-08 17:00:25,of:000000000000000c,281475624796078,ADDED,40000,172,23966,85,org.onosproject.core,,,,,,"{'criteria': [{'type': 'ETH_TYPE', 'ethType': '0x8942'}]}","{'instructions': [{'type': 'OUTPUT', 'port': 'CONTROLLER'}], 'clearDeferred': True, 'deferred': []}"
2026-06-08 17:00:25,of:000000000000000c,281477504901495,ADDED,40000,0,0,85,org.onosproject.core,,,,,,"{'criteria': [{'type': 'ETH_TYPE', 'ethType': '0x806'}]}","{'instructions': [{'type': 'OUTPUT', 'port': 'CONTROLLER'}], 'clearDeferred': True, 'deferred': []}"
2026-06-08 17:00:25,of:000000000000000c,281476292687096,ADDED,5,83,8134,85,org.onosproject.core,,,,,,"{'criteria': [{'type': 'ETH_TYPE', 'ethType': '0x800'}]}","{'instructions': [{'type': 'OUTPUT', 'port': 'CONTROLLER'}], 'clearDeferred': True, 'deferred': []}"
2026-06-08 17:00:25,of:000000000000000d,281478200287907,ADDED,40000,168,23437,85,org.onosproject.core,,,,,,"{'criteria': [{'type': 'ETH_TYPE', 'ethType': '0x88cc'}]}","{'instructions': [{'type': 'OUTPUT', 'port': 'CONTROLLER'}], 'clearDeferred': True, 'deferred': []}"
2026-06-08 17:00:25,of:000000000000000d,281478788468154,ADDED,5,83,8134,85,org.onosproject.core,,,,,,"{'criteria': [{'type': 'ETH_TYPE', 'ethType': '0x800'}]}","{'instructions': [{'type': 'OUTPUT', 'port': 'CONTROLLER'}], 'clearDeferred': True, 'deferred': []}"
2026-06-08 17:00:25,of:000000000000000d,281478012698825,ADDED,40000,168,23437,85,org.onosproject.core,,,,,,"{'criteria': [{'type': 'ETH_TYPE', 'ethType': '0x8942'}]}","{'instructions': [{'type': 'OUTPUT', 'port': 'CONTROLLER'}], 'clearDeferred': True, 'deferred': []}"
2026-06-08 17:00:25,of:000000000000000d,281476618808057,ADDED,40000,0,0,85,org.onosproject.core,,,,,,"{'criteria': [{'type': 'ETH_TYPE', 'ethType': '0x806'}]}","{'instructions': [{'type': 'OUTPUT', 'port': 'CONTROLLER'}], 'clearDeferred': True, 'deferred': []}"
2026-06-08 17:00:25,of:000000000000000a,281477705784245,ADDED,5,3,294,85,org.onosproject.core,,,,,,"{'criteria': [{'type': 'ETH_TYPE', 'ethType': '0x800'}]}","{'instructions': [{'type': 'OUTPUT', 'port': 'CONTROLLER'}], 'clearDeferred': True, 'deferred': []}"
2026-06-08 17:00:25,of:000000000000000a,281475818964416,ADDED,40000,83,11566,85,org.onosproject.core,,,,,,"{'criteria': [{'type': 'ETH_TYPE', 'ethType': '0x8942'}]}","{'instructions': [{'type': 'OUTPUT', 'port': 'CONTROLLER'}], 'clearDeferred': True, 'deferred': []}"
2026-06-08 17:00:25,of:000000000000000a,281477034268888,ADDED,40000,83,11566,85,org.onosproject.core,,,,,,"{'criteria': [{'type': 'ETH_TYPE', 'ethType': '0x88cc'}]}","{'instructions': [{'type': 'OUTPUT', 'port': 'CONTROLLER'}], 'clearDeferred': True, 'deferred': []}"
2026-06-08 17:00:25,of:000000000000000a,281478593105785,ADDED,40000,0,0,85,org.onosproject.core,,,,,,"{'criteria': [{'type': 'ETH_TYPE', 'ethType': '0x806'}]}","{'instructions': [{'type': 'OUTPUT', 'port': 'CONTROLLER'}], 'clearDeferred': True, 'deferred': []}"
2026-06-08 17:00:25,of:000000000000000b,281478277078534,ADDED,5,101,9898,85,org.onosproject.core,,,,,,"{'criteria': [{'type': 'ETH_TYPE', 'ethType': '0x800'}]}","{'instructions': [{'type': 'OUTPUT', 'port': 'CONTROLLER'}], 'clearDeferred': True, 'deferred': []}"
2026-06-08 17:00:25,of:000000000000000b,34902898369757081,ADDED,10,85,8330,84,org.onosproject.fwd,00:00:00:00:00:01,00:00:00:00:00:02,,,1,"{'criteria': [{'type': 'IN_PORT', 'port': 1}, {'type': 'ETH_DST', 'mac': '00:00:00:00:00:02'}, {'type': 'ETH_SRC', 'mac': '00:00:00:00:00:01'}]}","{'instructions': [{'type': 'OUTPUT', 'port': '5'}], 'deferred': []}"
2026-06-08 17:00:25,of:000000000000000b,34902898247549216,ADDED,10,82,8036,82,org.onosproject.fwd,00:00:00:00:00:02,00:00:00:00:00:01,,,4,"{'criteria': [{'type': 'IN_PORT', 'port': 4}, {'type': 'ETH_DST', 'mac': '00:00:00:00:00:01'}, {'type': 'ETH_SRC', 'mac': '00:00:00:00:00:02'}]}","{'instructions': [{'type': 'OUTPUT', 'port': '1'}], 'deferred': []}"
2026-06-08 17:00:25,of:000000000000000b,281476663695951,ADDED,40000,0,0,85,org.onosproject.core,,,,,,"{'criteria': [{'type': 'ETH_TYPE', 'ethType': '0x806'}]}","{'instructions': [{'type': 'OUTPUT', 'port': 'CONTROLLER'}], 'clearDeferred': True, 'deferred': []}"
2026-06-08 17:00:25,of:000000000000000b,281476573370203,ADDED,40000,174,24244,85,org.onosproject.core,,,,,,"{'criteria': [{'type': 'ETH_TYPE', 'ethType': '0x88cc'}]}","{'instructions': [{'type': 'OUTPUT', 'port': 'CONTROLLER'}], 'clearDeferred': True, 'deferred': []}"
2026-06-08 17:00:25,of:000000000000000b,281476205675487,ADDED,40000,174,24244,85,org.onosproject.core,,,,,,"{'criteria': [{'type': 'ETH_TYPE', 'ethType': '0x8942'}]}","{'instructions': [{'type': 'OUTPUT', 'port': 'CONTROLLER'}], 'clearDeferred': True, 'deferred': []}"
2026-06-08 17:00:25,of:0000000000000003,281478170942982,ADDED,5,93,9114,85,org.onosproject.core,,,,,,"{'criteria': [{'type': 'ETH_TYPE', 'ethType': '0x800'}]}","{'instructions': [{'type': 'OUTPUT', 'port': 'CONTROLLER'}], 'clearDeferred': True, 'deferred': []}"
2026-06-08 17:00:25,of:0000000000000003,34902901306865815,ADDED,10,109,10682,85,org.onosproject.fwd,00:00:00:00:00:01,00:00:00:00:00:02,,,1,"{'criteria': [{'type': 'IN_PORT', 'port': 1}, {'type': 'ETH_DST', 'mac': '00:00:00:00:00:02'}, {'type': 'ETH_SRC', 'mac': '00:00:00:00:00:01'}]}","{'instructions': [{'type': 'OUTPUT', 'port': '2'}], 'deferred': []}"
2026-06-08 17:00:25,of:0000000000000003,281476661728682,ADDED,40000,58,8091,85,org.onosproject.core,,,,,,"{'criteria': [{'type': 'ETH_TYPE', 'ethType': '0x88cc'}]}","{'instructions': [{'type': 'OUTPUT', 'port': 'CONTROLLER'}], 'clearDeferred': True, 'deferred': []}"
2026-06-08 17:00:25,of:0000000000000003,281477764386537,ADDED,40000,0,0,85,org.onosproject.core,,,,,,"{'criteria': [{'type': 'ETH_TYPE', 'ethType': '0x806'}]}","{'instructions': [{'type': 'OUTPUT', 'port': 'CONTROLLER'}], 'clearDeferred': True, 'deferred': []}"
2026-06-08 17:00:25,of:0000000000000003,281476156249461,ADDED,40000,58,8091,85,org.onosproject.core,,,,,,"{'criteria': [{'type': 'ETH_TYPE', 'ethType': '0x8942'}]}","{'instructions': [{'type': 'OUTPUT', 'port': 'CONTROLLER'}], 'clearDeferred': True, 'deferred': []}"
2026-06-08 17:00:25,of:0000000000000004,281475616213265,ADDED,40000,56,7811,85,org.onosproject.core,,,,,,"{'criteria': [{'type': 'ETH_TYPE', 'ethType': '0x88cc'}]}","{'instructions': [{'type': 'OUTPUT', 'port': 'CONTROLLER'}], 'clearDeferred': True, 'deferred': []}"
2026-06-08 17:00:25,of:0000000000000004,281475265228006,ADDED,40000,0,0,85,org.onosproject.core,,,,,,"{'criteria': [{'type': 'ETH_TYPE', 'ethType': '0x806'}]}","{'instructions': [{'type': 'OUTPUT', 'port': 'CONTROLLER'}], 'clearDeferred': True, 'deferred': []}"
2026-06-08 17:00:25,of:0000000000000004,281477141311986,ADDED,5,88,8624,85,org.onosproject.core,,,,,,"{'criteria': [{'type': 'ETH_TYPE', 'ethType': '0x800'}]}","{'instructions': [{'type': 'OUTPUT', 'port': 'CONTROLLER'}], 'clearDeferred': True, 'deferred': []}"
2026-06-08 17:00:25,of:0000000000000004,281476729151998,ADDED,40000,56,7811,85,org.onosproject.core,,,,,,"{'criteria': [{'type': 'ETH_TYPE', 'ethType': '0x8942'}]}","{'instructions': [{'type': 'OUTPUT', 'port': 'CONTROLLER'}], 'clearDeferred': True, 'deferred': []}"
2026-06-08 17:00:25,of:0000000000000001,281478909873038,ADDED,40000,0,0,85,org.onosproject.core,,,,,,"{'criteria': [{'type': 'ETH_TYPE', 'ethType': '0x806'}]}","{'instructions': [{'type': 'OUTPUT', 'port': 'CONTROLLER'}], 'clearDeferred': True, 'deferred': []}"
2026-06-08 17:00:25,of:0000000000000001,34902899196753573,ADDED,10,84,8232,84,org.onosproject.fwd,00:00:00:00:00:01,00:00:00:00:00:02,,,4,"{'criteria': [{'type': 'IN_PORT', 'port': 4}, {'type': 'ETH_DST', 'mac': '00:00:00:00:00:02'}, {'type': 'ETH_SRC', 'mac': '00:00:00:00:00:01'}]}","{'instructions': [{'type': 'OUTPUT', 'port': '1'}], 'deferred': []}"
2026-06-08 17:00:25,of:0000000000000001,34902898986035913,ADDED,10,94,9212,84,org.onosproject.fwd,00:00:00:00:00:02,00:00:00:00:00:01,,,1,"{'criteria': [{'type': 'IN_PORT', 'port': 1}, {'type': 'ETH_DST', 'mac': '00:00:00:00:00:01'}, {'type': 'ETH_SRC', 'mac': '00:00:00:00:00:02'}]}","{'instructions': [{'type': 'OUTPUT', 'port': '4'}], 'deferred': []}"
2026-06-08 17:00:25,of:0000000000000001,281477466379610,ADDED,40000,85,11900,85,org.onosproject.core,,,,,,"{'criteria': [{'type': 'ETH_TYPE', 'ethType': '0x88cc'}]}","{'instructions': [{'type': 'OUTPUT', 'port': 'CONTROLLER'}], 'clearDeferred': True, 'deferred': []}"
2026-06-08 17:00:25,of:0000000000000001,281475012051420,ADDED,5,76,7448,85,org.onosproject.core,,,,,,"{'criteria': [{'type': 'ETH_TYPE', 'ethType': '0x800'}]}","{'instructions': [{'type': 'OUTPUT', 'port': 'CONTROLLER'}], 'clearDeferred': True, 'deferred': []}"
2026-06-08 17:00:25,of:0000000000000001,281477029321583,ADDED,40000,85,11900,85,org.onosproject.core,,,,,,"{'criteria': [{'type': 'ETH_TYPE', 'ethType': '0x8942'}]}","{'instructions': [{'type': 'OUTPUT', 'port': 'CONTROLLER'}], 'clearDeferred': True, 'deferred': []}"
2026-06-08 17:00:25,of:0000000000000002,281478316350853,ADDED,40000,0,0,60,org.onosproject.core,,,,,,"{'criteria': [{'type': 'ETH_TYPE', 'ethType': '0x806'}]}","{'instructions': [{'type': 'OUTPUT', 'port': 'CONTROLLER'}], 'clearDeferred': True, 'deferred': []}"
2026-06-08 17:00:25,of:0000000000000002,281478673389323,ADDED,40000,42,5859,60,org.onosproject.core,,,,,,"{'criteria': [{'type': 'ETH_TYPE', 'ethType': '0x8942'}]}","{'instructions': [{'type': 'OUTPUT', 'port': 'CONTROLLER'}], 'clearDeferred': True, 'deferred': []}"
2026-06-08 17:00:25,of:0000000000000002,34902898441429785,ADDED,10,57,5586,57,org.onosproject.fwd,00:00:00:00:00:02,00:00:00:00:00:01,,,3,"{'criteria': [{'type': 'IN_PORT', 'port': 3}, {'type': 'ETH_DST', 'mac': '00:00:00:00:00:01'}, {'type': 'ETH_SRC', 'mac': '00:00:00:00:00:02'}]}","{'instructions': [{'type': 'OUTPUT', 'port': '1'}], 'deferred': []}"
2026-06-08 17:00:25,of:0000000000000002,34902899328279504,ADDED,10,89,8722,60,org.onosproject.fwd,00:00:00:00:00:01,00:00:00:00:00:02,,,2,"{'criteria': [{'type': 'IN_PORT', 'port': 2}, {'type': 'ETH_DST', 'mac': '00:00:00:00:00:02'}, {'type': 'ETH_SRC', 'mac': '00:00:00:00:00:01'}]}","{'instructions': [{'type': 'OUTPUT', 'port': '3'}], 'deferred': []}"
2026-06-08 17:00:25,of:0000000000000002,281475022575828,ADDED,40000,42,5859,60,org.onosproject.core,,,,,,"{'criteria': [{'type': 'ETH_TYPE', 'ethType': '0x88cc'}]}","{'instructions': [{'type': 'OUTPUT', 'port': 'CONTROLLER'}], 'clearDeferred': True, 'deferred': []}"
2026-06-08 17:00:25,of:0000000000000002,281475568191580,ADDED,5,47,4606,60,org.onosproject.core,,,,,,"{'criteria': [{'type': 'ETH_TYPE', 'ethType': '0x800'}]}","{'instructions': [{'type': 'OUTPUT', 'port': 'CONTROLLER'}], 'clearDeferred': True, 'deferred': []}"
2026-06-08 17:00:25,of:0000000000000007,281475652364572,ADDED,5,3,294,85,org.onosproject.core,,,,,,"{'criteria': [{'type': 'ETH_TYPE', 'ethType': '0x800'}]}","{'instructions': [{'type': 'OUTPUT', 'port': 'CONTROLLER'}], 'clearDeferred': True, 'deferred': []}"
2026-06-08 17:00:25,of:0000000000000007,281478438392611,ADDED,40000,0,0,85,org.onosproject.core,,,,,,"{'criteria': [{'type': 'ETH_TYPE', 'ethType': '0x806'}]}","{'instructions': [{'type': 'OUTPUT', 'port': 'CONTROLLER'}], 'clearDeferred': True, 'deferred': []}"
2026-06-08 17:00:25,of:0000000000000007,281476350262333,ADDED,40000,58,8120,85,org.onosproject.core,,,,,,"{'criteria': [{'type': 'ETH_TYPE', 'ethType': '0x8942'}]}","{'instructions': [{'type': 'OUTPUT', 'port': 'CONTROLLER'}], 'clearDeferred': True, 'deferred': []}"
2026-06-08 17:00:25,of:0000000000000007,281475000925130,ADDED,40000,58,8120,85,org.onosproject.core,,,,,,"{'criteria': [{'type': 'ETH_TYPE', 'ethType': '0x88cc'}]}","{'instructions': [{'type': 'OUTPUT', 'port': 'CONTROLLER'}], 'clearDeferred': True, 'deferred': []}"
2026-06-08 17:00:25,of:0000000000000008,281476059291414,ADDED,40000,0,0,85,org.onosproject.core,,,,,,"{'criteria': [{'type': 'ETH_TYPE', 'ethType': '0x806'}]}","{'instructions': [{'type': 'OUTPUT', 'port': 'CONTROLLER'}], 'clearDeferred': True, 'deferred': []}"
2026-06-08 17:00:25,of:0000000000000008,281476101349656,ADDED,40000,87,12122,85,org.onosproject.core,,,,,,"{'criteria': [{'type': 'ETH_TYPE', 'ethType': '0x88cc'}]}","{'instructions': [{'type': 'OUTPUT', 'port': 'CONTROLLER'}], 'clearDeferred': True, 'deferred': []}"
2026-06-08 17:00:25,of:0000000000000008,281476270708671,ADDED,40000,87,12122,85,org.onosproject.core,,,,,,"{'criteria': [{'type': 'ETH_TYPE', 'ethType': '0x8942'}]}","{'instructions': [{'type': 'OUTPUT', 'port': 'CONTROLLER'}], 'clearDeferred': True, 'deferred': []}"
2026-06-08 17:00:25,of:0000000000000008,34902898875781211,ADDED,10,106,10388,84,org.onosproject.fwd,00:00:00:00:00:01,00:00:00:00:00:02,,,3,"{'criteria': [{'type': 'IN_PORT', 'port': 3}, {'type': 'ETH_DST', 'mac': '00:00:00:00:00:02'}, {'type': 'ETH_SRC', 'mac': '00:00:00:00:00:01'}]}","{'instructions': [{'type': 'OUTPUT', 'port': '2'}], 'deferred': []}"
2026-06-08 17:00:25,of:0000000000000008,281476010895837,ADDED,5,141,13818,85,org.onosproject.core,,,,,,"{'criteria': [{'type': 'ETH_TYPE', 'ethType': '0x800'}]}","{'instructions': [{'type': 'OUTPUT', 'port': 'CONTROLLER'}], 'clearDeferred': True, 'deferred': []}"
2026-06-08 17:00:25,of:0000000000000005,281478762460478,ADDED,40000,0,0,85,org.onosproject.core,,,,,,"{'criteria': [{'type': 'ETH_TYPE', 'ethType': '0x806'}]}","{'instructions': [{'type': 'OUTPUT', 'port': 'CONTROLLER'}], 'clearDeferred': True, 'deferred': []}"
2026-06-08 17:00:25,of:0000000000000005,281478211273411,ADDED,40000,58,8091,85,org.onosproject.core,,,,,,"{'criteria': [{'type': 'ETH_TYPE', 'ethType': '0x8942'}]}","{'instructions': [{'type': 'OUTPUT', 'port': 'CONTROLLER'}], 'clearDeferred': True, 'deferred': []}"
2026-06-08 17:00:25,of:0000000000000005,281475117841124,ADDED,5,53,5194,85,org.onosproject.core,,,,,,"{'criteria': [{'type': 'ETH_TYPE', 'ethType': '0x800'}]}","{'instructions': [{'type': 'OUTPUT', 'port': 'CONTROLLER'}], 'clearDeferred': True, 'deferred': []}"
2026-06-08 17:00:25,of:0000000000000005,281478979269874,ADDED,40000,58,8091,85,org.onosproject.core,,,,,,"{'criteria': [{'type': 'ETH_TYPE', 'ethType': '0x88cc'}]}","{'instructions': [{'type': 'OUTPUT', 'port': 'CONTROLLER'}], 'clearDeferred': True, 'deferred': []}"
2026-06-08 17:00:25,of:0000000000000006,281475738574217,ADDED,40000,58,8120,85,org.onosproject.core,,,,,,"{'criteria': [{'type': 'ETH_TYPE', 'ethType': '0x88cc'}]}","{'instructions': [{'type': 'OUTPUT', 'port': 'CONTROLLER'}], 'clearDeferred': True, 'deferred': []}"
2026-06-08 17:00:25,of:0000000000000006,281476873293724,ADDED,40000,58,8120,85,org.onosproject.core,,,,,,"{'criteria': [{'type': 'ETH_TYPE', 'ethType': '0x8942'}]}","{'instructions': [{'type': 'OUTPUT', 'port': 'CONTROLLER'}], 'clearDeferred': True, 'deferred': []}"
2026-06-08 17:00:25,of:0000000000000006,281475411377083,ADDED,40000,0,0,85,org.onosproject.core,,,,,,"{'criteria': [{'type': 'ETH_TYPE', 'ethType': '0x806'}]}","{'instructions': [{'type': 'OUTPUT', 'port': 'CONTROLLER'}], 'clearDeferred': True, 'deferred': []}"
2026-06-08 17:00:25,of:0000000000000006,281478888449605,ADDED,5,3,294,85,org.onosproject.core,,,,,,"{'criteria': [{'type': 'ETH_TYPE', 'ethType': '0x800'}]}","{'instructions': [{'type': 'OUTPUT', 'port': 'CONTROLLER'}], 'clearDeferred': True, 'deferred': []}"
2026-06-08 17:00:25,of:0000000000000009,281478887649794,ADDED,40000,84,11704,85,org.onosproject.core,,,,,,"{'criteria': [{'type': 'ETH_TYPE', 'ethType': '0x88cc'}]}","{'instructions': [{'type': 'OUTPUT', 'port': 'CONTROLLER'}], 'clearDeferred': True, 'deferred': []}"
2026-06-08 17:00:25,of:0000000000000009,281474993990194,ADDED,5,66,6468,85,org.onosproject.core,,,,,,"{'criteria': [{'type': 'ETH_TYPE', 'ethType': '0x800'}]}","{'instructions': [{'type': 'OUTPUT', 'port': 'CONTROLLER'}], 'clearDeferred': True, 'deferred': []}"
2026-06-08 17:00:25,of:0000000000000009,281476295891648,ADDED,40000,84,11704,85,org.onosproject.core,,,,,,"{'criteria': [{'type': 'ETH_TYPE', 'ethType': '0x8942'}]}","{'instructions': [{'type': 'OUTPUT', 'port': 'CONTROLLER'}], 'clearDeferred': True, 'deferred': []}"
2026-06-08 17:00:25,of:0000000000000009,281479019932926,ADDED,40000,0,0,85,org.onosproject.core,,,,,,"{'criteria': [{'type': 'ETH_TYPE', 'ethType': '0x806'}]}","{'instructions': [{'type': 'OUTPUT', 'port': 'CONTROLLER'}], 'clearDeferred': True, 'deferred': []}"
2026-06-08 17:00:30,of:000000000000000c,281479100460205,ADDED,40000,184,25638,90,org.onosproject.core,,,,,,"{'criteria': [{'type': 'ETH_TYPE', 'ethType': '0x88cc'}]}","{'instructions': [{'type': 'OUTPUT', 'port': 'CONTROLLER'}], 'clearDeferred': True, 'deferred': []}"
2026-06-08 17:00:30,of:000000000000000c,281475624796078,ADDED,40000,184,25638,90,org.onosproject.core,,,,,,"{'criteria': [{'type': 'ETH_TYPE', 'ethType': '0x8942'}]}","{'instructions': [{'type': 'OUTPUT', 'port': 'CONTROLLER'}], 'clearDeferred': True, 'deferred': []}"
2026-06-08 17:00:30,of:000000000000000c,281477504901495,ADDED,40000,0,0,90,org.onosproject.core,,,,,,"{'criteria': [{'type': 'ETH_TYPE', 'ethType': '0x806'}]}","{'instructions': [{'type': 'OUTPUT', 'port': 'CONTROLLER'}], 'clearDeferred': True, 'deferred': []}"
2026-06-08 17:00:30,of:000000000000000c,281476292687096,ADDED,5,83,8134,90,org.onosproject.core,,,,,,"{'criteria': [{'type': 'ETH_TYPE', 'ethType': '0x800'}]}","{'instructions': [{'type': 'OUTPUT', 'port': 'CONTROLLER'}], 'clearDeferred': True, 'deferred': []}"
2026-06-08 17:00:30,of:000000000000000d,281478200287907,ADDED,40000,180,25111,90,org.onosproject.core,,,,,,"{'criteria': [{'type': 'ETH_TYPE', 'ethType': '0x88cc'}]}","{'instructions': [{'type': 'OUTPUT', 'port': 'CONTROLLER'}], 'clearDeferred': True, 'deferred': []}"
2026-06-08 17:00:30,of:000000000000000d,281478788468154,ADDED,5,83,8134,90,org.onosproject.core,,,,,,"{'criteria': [{'type': 'ETH_TYPE', 'ethType': '0x800'}]}","{'instructions': [{'type': 'OUTPUT', 'port': 'CONTROLLER'}], 'clearDeferred': True, 'deferred': []}"
2026-06-08 17:00:30,of:000000000000000d,281478012698825,ADDED,40000,180,25111,90,org.onosproject.core,,,,,,"{'criteria': [{'type': 'ETH_TYPE', 'ethType': '0x8942'}]}","{'instructions': [{'type': 'OUTPUT', 'port': 'CONTROLLER'}], 'clearDeferred': True, 'deferred': []}"
2026-06-08 17:00:30,of:000000000000000d,281476618808057,ADDED,40000,0,0,90,org.onosproject.core,,,,,,"{'criteria': [{'type': 'ETH_TYPE', 'ethType': '0x806'}]}","{'instructions': [{'type': 'OUTPUT', 'port': 'CONTROLLER'}], 'clearDeferred': True, 'deferred': []}"
2026-06-08 17:00:30,of:000000000000000a,281477705784245,ADDED,5,3,294,90,org.onosproject.core,,,,,,"{'criteria': [{'type': 'ETH_TYPE', 'ethType': '0x800'}]}","{'instructions': [{'type': 'OUTPUT', 'port': 'CONTROLLER'}], 'clearDeferred': True, 'deferred': []}"
2026-06-08 17:00:30,of:000000000000000a,281475818964416,ADDED,40000,89,12402,90,org.onosproject.core,,,,,,"{'criteria': [{'type': 'ETH_TYPE', 'ethType': '0x8942'}]}","{'instructions': [{'type': 'OUTPUT', 'port': 'CONTROLLER'}], 'clearDeferred': True, 'deferred': []}"
2026-06-08 17:00:30,of:000000000000000a,281477034268888,ADDED,40000,89,12402,90,org.onosproject.core,,,,,,"{'criteria': [{'type': 'ETH_TYPE', 'ethType': '0x88cc'}]}","{'instructions': [{'type': 'OUTPUT', 'port': 'CONTROLLER'}], 'clearDeferred': True, 'deferred': []}"
2026-06-08 17:00:30,of:000000000000000a,281478593105785,ADDED,40000,0,0,90,org.onosproject.core,,,,,,"{'criteria': [{'type': 'ETH_TYPE', 'ethType': '0x806'}]}","{'instructions': [{'type': 'OUTPUT', 'port': 'CONTROLLER'}], 'clearDeferred': True, 'deferred': []}"
2026-06-08 17:00:30,of:000000000000000b,281478277078534,ADDED,5,101,9898,90,org.onosproject.core,,,,,,"{'criteria': [{'type': 'ETH_TYPE', 'ethType': '0x800'}]}","{'instructions': [{'type': 'OUTPUT', 'port': 'CONTROLLER'}], 'clearDeferred': True, 'deferred': []}"
2026-06-08 17:00:30,of:000000000000000b,34902898369757081,ADDED,10,90,8820,89,org.onosproject.fwd,00:00:00:00:00:01,00:00:00:00:00:02,,,1,"{'criteria': [{'type': 'IN_PORT', 'port': 1}, {'type': 'ETH_DST', 'mac': '00:00:00:00:00:02'}, {'type': 'ETH_SRC', 'mac': '00:00:00:00:00:01'}]}","{'instructions': [{'type': 'OUTPUT', 'port': '5'}], 'deferred': []}"
2026-06-08 17:00:30,of:000000000000000b,34902898247549216,ADDED,10,87,8526,87,org.onosproject.fwd,00:00:00:00:00:02,00:00:00:00:00:01,,,4,"{'criteria': [{'type': 'IN_PORT', 'port': 4}, {'type': 'ETH_DST', 'mac': '00:00:00:00:00:01'}, {'type': 'ETH_SRC', 'mac': '00:00:00:00:00:02'}]}","{'instructions': [{'type': 'OUTPUT', 'port': '1'}], 'deferred': []}"
2026-06-08 17:00:30,of:000000000000000b,281476663695951,ADDED,40000,0,0,90,org.onosproject.core,,,,,,"{'criteria': [{'type': 'ETH_TYPE', 'ethType': '0x806'}]}","{'instructions': [{'type': 'OUTPUT', 'port': 'CONTROLLER'}], 'clearDeferred': True, 'deferred': []}"
2026-06-08 17:00:30,of:000000000000000b,281476573370203,ADDED,40000,186,25916,90,org.onosproject.core,,,,,,"{'criteria': [{'type': 'ETH_TYPE', 'ethType': '0x88cc'}]}","{'instructions': [{'type': 'OUTPUT', 'port': 'CONTROLLER'}], 'clearDeferred': True, 'deferred': []}"
2026-06-08 17:00:30,of:000000000000000b,281476205675487,ADDED,40000,186,25916,90,org.onosproject.core,,,,,,"{'criteria': [{'type': 'ETH_TYPE', 'ethType': '0x8942'}]}","{'instructions': [{'type': 'OUTPUT', 'port': 'CONTROLLER'}], 'clearDeferred': True, 'deferred': []}"
2026-06-08 17:00:30,of:0000000000000003,281478170942982,ADDED,5,93,9114,90,org.onosproject.core,,,,,,"{'criteria': [{'type': 'ETH_TYPE', 'ethType': '0x800'}]}","{'instructions': [{'type': 'OUTPUT', 'port': 'CONTROLLER'}], 'clearDeferred': True, 'deferred': []}"
2026-06-08 17:00:30,of:0000000000000003,34902901306865815,ADDED,10,114,11172,90,org.onosproject.fwd,00:00:00:00:00:01,00:00:00:00:00:02,,,1,"{'criteria': [{'type': 'IN_PORT', 'port': 1}, {'type': 'ETH_DST', 'mac': '00:00:00:00:00:02'}, {'type': 'ETH_SRC', 'mac': '00:00:00:00:00:01'}]}","{'instructions': [{'type': 'OUTPUT', 'port': '2'}], 'deferred': []}"
2026-06-08 17:00:30,of:0000000000000003,281476661728682,ADDED,40000,62,8649,90,org.onosproject.core,,,,,,"{'criteria': [{'type': 'ETH_TYPE', 'ethType': '0x88cc'}]}","{'instructions': [{'type': 'OUTPUT', 'port': 'CONTROLLER'}], 'clearDeferred': True, 'deferred': []}"
2026-06-08 17:00:30,of:0000000000000003,281477764386537,ADDED,40000,0,0,90,org.onosproject.core,,,,,,"{'criteria': [{'type': 'ETH_TYPE', 'ethType': '0x806'}]}","{'instructions': [{'type': 'OUTPUT', 'port': 'CONTROLLER'}], 'clearDeferred': True, 'deferred': []}"
2026-06-08 17:00:30,of:0000000000000003,281476156249461,ADDED,40000,62,8649,90,org.onosproject.core,,,,,,"{'criteria': [{'type': 'ETH_TYPE', 'ethType': '0x8942'}]}","{'instructions': [{'type': 'OUTPUT', 'port': 'CONTROLLER'}], 'clearDeferred': True, 'deferred': []}"
2026-06-08 17:00:30,of:0000000000000004,281475616213265,ADDED,40000,60,8369,90,org.onosproject.core,,,,,,"{'criteria': [{'type': 'ETH_TYPE', 'ethType': '0x88cc'}]}","{'instructions': [{'type': 'OUTPUT', 'port': 'CONTROLLER'}], 'clearDeferred': True, 'deferred': []}"
2026-06-08 17:00:30,of:0000000000000004,281475265228006,ADDED,40000,0,0,90,org.onosproject.core,,,,,,"{'criteria': [{'type': 'ETH_TYPE', 'ethType': '0x806'}]}","{'instructions': [{'type': 'OUTPUT', 'port': 'CONTROLLER'}], 'clearDeferred': True, 'deferred': []}"
2026-06-08 17:00:30,of:0000000000000004,281477141311986,ADDED,5,88,8624,90,org.onosproject.core,,,,,,"{'criteria': [{'type': 'ETH_TYPE', 'ethType': '0x800'}]}","{'instructions': [{'type': 'OUTPUT', 'port': 'CONTROLLER'}], 'clearDeferred': True, 'deferred': []}"
2026-06-08 17:00:30,of:0000000000000004,281476729151998,ADDED,40000,60,8369,90,org.onosproject.core,,,,,,"{'criteria': [{'type': 'ETH_TYPE', 'ethType': '0x8942'}]}","{'instructions': [{'type': 'OUTPUT', 'port': 'CONTROLLER'}], 'clearDeferred': True, 'deferred': []}"
2026-06-08 17:00:30,of:0000000000000001,281478909873038,ADDED,40000,0,0,90,org.onosproject.core,,,,,,"{'criteria': [{'type': 'ETH_TYPE', 'ethType': '0x806'}]}","{'instructions': [{'type': 'OUTPUT', 'port': 'CONTROLLER'}], 'clearDeferred': True, 'deferred': []}"
2026-06-08 17:00:30,of:0000000000000001,34902899196753573,ADDED,10,89,8722,89,org.onosproject.fwd,00:00:00:00:00:01,00:00:00:00:00:02,,,4,"{'criteria': [{'type': 'IN_PORT', 'port': 4}, {'type': 'ETH_DST', 'mac': '00:00:00:00:00:02'}, {'type': 'ETH_SRC', 'mac': '00:00:00:00:00:01'}]}","{'instructions': [{'type': 'OUTPUT', 'port': '1'}], 'deferred': []}"
2026-06-08 17:00:30,of:0000000000000001,34902898986035913,ADDED,10,99,9702,89,org.onosproject.fwd,00:00:00:00:00:02,00:00:00:00:00:01,,,1,"{'criteria': [{'type': 'IN_PORT', 'port': 1}, {'type': 'ETH_DST', 'mac': '00:00:00:00:00:01'}, {'type': 'ETH_SRC', 'mac': '00:00:00:00:00:02'}]}","{'instructions': [{'type': 'OUTPUT', 'port': '4'}], 'deferred': []}"
2026-06-08 17:00:30,of:0000000000000001,281477466379610,ADDED,40000,91,12740,90,org.onosproject.core,,,,,,"{'criteria': [{'type': 'ETH_TYPE', 'ethType': '0x88cc'}]}","{'instructions': [{'type': 'OUTPUT', 'port': 'CONTROLLER'}], 'clearDeferred': True, 'deferred': []}"
2026-06-08 17:00:30,of:0000000000000001,281475012051420,ADDED,5,76,7448,90,org.onosproject.core,,,,,,"{'criteria': [{'type': 'ETH_TYPE', 'ethType': '0x800'}]}","{'instructions': [{'type': 'OUTPUT', 'port': 'CONTROLLER'}], 'clearDeferred': True, 'deferred': []}"
2026-06-08 17:00:30,of:0000000000000001,281477029321583,ADDED,40000,91,12740,90,org.onosproject.core,,,,,,"{'criteria': [{'type': 'ETH_TYPE', 'ethType': '0x8942'}]}","{'instructions': [{'type': 'OUTPUT', 'port': 'CONTROLLER'}], 'clearDeferred': True, 'deferred': []}"
2026-06-08 17:00:30,of:0000000000000002,281478316350853,ADDED,40000,0,0,90,org.onosproject.core,,,,,,"{'criteria': [{'type': 'ETH_TYPE', 'ethType': '0x806'}]}","{'instructions': [{'type': 'OUTPUT', 'port': 'CONTROLLER'}], 'clearDeferred': True, 'deferred': []}"
2026-06-08 17:00:30,of:0000000000000002,281478673389323,ADDED,40000,62,8649,90,org.onosproject.core,,,,,,"{'criteria': [{'type': 'ETH_TYPE', 'ethType': '0x8942'}]}","{'instructions': [{'type': 'OUTPUT', 'port': 'CONTROLLER'}], 'clearDeferred': True, 'deferred': []}"
2026-06-08 17:00:30,of:0000000000000002,34902898441429785,ADDED,10,87,8526,87,org.onosproject.fwd,00:00:00:00:00:02,00:00:00:00:00:01,,,3,"{'criteria': [{'type': 'IN_PORT', 'port': 3}, {'type': 'ETH_DST', 'mac': '00:00:00:00:00:01'}, {'type': 'ETH_SRC', 'mac': '00:00:00:00:00:02'}]}","{'instructions': [{'type': 'OUTPUT', 'port': '1'}], 'deferred': []}"
2026-06-08 17:00:30,of:0000000000000002,34902899328279504,ADDED,10,119,11662,90,org.onosproject.fwd,00:00:00:00:00:01,00:00:00:00:00:02,,,2,"{'criteria': [{'type': 'IN_PORT', 'port': 2}, {'type': 'ETH_DST', 'mac': '00:00:00:00:00:02'}, {'type': 'ETH_SRC', 'mac': '00:00:00:00:00:01'}]}","{'instructions': [{'type': 'OUTPUT', 'port': '3'}], 'deferred': []}"
2026-06-08 17:00:30,of:0000000000000002,281475022575828,ADDED,40000,62,8649,90,org.onosproject.core,,,,,,"{'criteria': [{'type': 'ETH_TYPE', 'ethType': '0x88cc'}]}","{'instructions': [{'type': 'OUTPUT', 'port': 'CONTROLLER'}], 'clearDeferred': True, 'deferred': []}"
2026-06-08 17:00:30,of:0000000000000002,281475568191580,ADDED,5,47,4606,90,org.onosproject.core,,,,,,"{'criteria': [{'type': 'ETH_TYPE', 'ethType': '0x800'}]}","{'instructions': [{'type': 'OUTPUT', 'port': 'CONTROLLER'}], 'clearDeferred': True, 'deferred': []}"
2026-06-08 17:00:30,of:0000000000000007,281475652364572,ADDED,5,3,294,90,org.onosproject.core,,,,,,"{'criteria': [{'type': 'ETH_TYPE', 'ethType': '0x800'}]}","{'instructions': [{'type': 'OUTPUT', 'port': 'CONTROLLER'}], 'clearDeferred': True, 'deferred': []}"
2026-06-08 17:00:30,of:0000000000000007,281478438392611,ADDED,40000,0,0,90,org.onosproject.core,,,,,,"{'criteria': [{'type': 'ETH_TYPE', 'ethType': '0x806'}]}","{'instructions': [{'type': 'OUTPUT', 'port': 'CONTROLLER'}], 'clearDeferred': True, 'deferred': []}"
2026-06-08 17:00:30,of:0000000000000007,281476350262333,ADDED,40000,62,8680,90,org.onosproject.core,,,,,,"{'criteria': [{'type': 'ETH_TYPE', 'ethType': '0x8942'}]}","{'instructions': [{'type': 'OUTPUT', 'port': 'CONTROLLER'}], 'clearDeferred': True, 'deferred': []}"
2026-06-08 17:00:30,of:0000000000000007,281475000925130,ADDED,40000,62,8680,90,org.onosproject.core,,,,,,"{'criteria': [{'type': 'ETH_TYPE', 'ethType': '0x88cc'}]}","{'instructions': [{'type': 'OUTPUT', 'port': 'CONTROLLER'}], 'clearDeferred': True, 'deferred': []}"
2026-06-08 17:00:30,of:0000000000000008,281476059291414,ADDED,40000,0,0,90,org.onosproject.core,,,,,,"{'criteria': [{'type': 'ETH_TYPE', 'ethType': '0x806'}]}","{'instructions': [{'type': 'OUTPUT', 'port': 'CONTROLLER'}], 'clearDeferred': True, 'deferred': []}"
2026-06-08 17:00:30,of:0000000000000008,281476101349656,ADDED,40000,93,12958,90,org.onosproject.core,,,,,,"{'criteria': [{'type': 'ETH_TYPE', 'ethType': '0x88cc'}]}","{'instructions': [{'type': 'OUTPUT', 'port': 'CONTROLLER'}], 'clearDeferred': True, 'deferred': []}"
2026-06-08 17:00:30,of:0000000000000008,281476270708671,ADDED,40000,93,12958,90,org.onosproject.core,,,,,,"{'criteria': [{'type': 'ETH_TYPE', 'ethType': '0x8942'}]}","{'instructions': [{'type': 'OUTPUT', 'port': 'CONTROLLER'}], 'clearDeferred': True, 'deferred': []}"
2026-06-08 17:00:30,of:0000000000000008,34902898875781211,ADDED,10,111,10878,89,org.onosproject.fwd,00:00:00:00:00:01,00:00:00:00:00:02,,,3,"{'criteria': [{'type': 'IN_PORT', 'port': 3}, {'type': 'ETH_DST', 'mac': '00:00:00:00:00:02'}, {'type': 'ETH_SRC', 'mac': '00:00:00:00:00:01'}]}","{'instructions': [{'type': 'OUTPUT', 'port': '2'}], 'deferred': []}"
2026-06-08 17:00:30,of:0000000000000008,281476010895837,ADDED,5,141,13818,90,org.onosproject.core,,,,,,"{'criteria': [{'type': 'ETH_TYPE', 'ethType': '0x800'}]}","{'instructions': [{'type': 'OUTPUT', 'port': 'CONTROLLER'}], 'clearDeferred': True, 'deferred': []}"
2026-06-08 17:00:30,of:0000000000000005,281478762460478,ADDED,40000,0,0,90,org.onosproject.core,,,,,,"{'criteria': [{'type': 'ETH_TYPE', 'ethType': '0x806'}]}","{'instructions': [{'type': 'OUTPUT', 'port': 'CONTROLLER'}], 'clearDeferred': True, 'deferred': []}"
2026-06-08 17:00:30,of:0000000000000005,281478211273411,ADDED,40000,61,8510,90,org.onosproject.core,,,,,,"{'criteria': [{'type': 'ETH_TYPE', 'ethType': '0x8942'}]}","{'instructions': [{'type': 'OUTPUT', 'port': 'CONTROLLER'}], 'clearDeferred': True, 'deferred': []}"
2026-06-08 17:00:30,of:0000000000000005,281475117841124,ADDED,5,53,5194,90,org.onosproject.core,,,,,,"{'criteria': [{'type': 'ETH_TYPE', 'ethType': '0x800'}]}","{'instructions': [{'type': 'OUTPUT', 'port': 'CONTROLLER'}], 'clearDeferred': True, 'deferred': []}"
2026-06-08 17:00:30,of:0000000000000005,281478979269874,ADDED,40000,61,8510,90,org.onosproject.core,,,,,,"{'criteria': [{'type': 'ETH_TYPE', 'ethType': '0x88cc'}]}","{'instructions': [{'type': 'OUTPUT', 'port': 'CONTROLLER'}], 'clearDeferred': True, 'deferred': []}"
2026-06-08 17:00:30,of:0000000000000006,281475738574217,ADDED,40000,62,8680,90,org.onosproject.core,,,,,,"{'criteria': [{'type': 'ETH_TYPE', 'ethType': '0x88cc'}]}","{'instructions': [{'type': 'OUTPUT', 'port': 'CONTROLLER'}], 'clearDeferred': True, 'deferred': []}"
2026-06-08 17:00:30,of:0000000000000006,281476873293724,ADDED,40000,62,8680,90,org.onosproject.core,,,,,,"{'criteria': [{'type': 'ETH_TYPE', 'ethType': '0x8942'}]}","{'instructions': [{'type': 'OUTPUT', 'port': 'CONTROLLER'}], 'clearDeferred': True, 'deferred': []}"
2026-06-08 17:00:30,of:0000000000000006,281475411377083,ADDED,40000,0,0,90,org.onosproject.core,,,,,,"{'criteria': [{'type': 'ETH_TYPE', 'ethType': '0x806'}]}","{'instructions': [{'type': 'OUTPUT', 'port': 'CONTROLLER'}], 'clearDeferred': True, 'deferred': []}"
2026-06-08 17:00:30,of:0000000000000006,281478888449605,ADDED,5,3,294,90,org.onosproject.core,,,,,,"{'criteria': [{'type': 'ETH_TYPE', 'ethType': '0x800'}]}","{'instructions': [{'type': 'OUTPUT', 'port': 'CONTROLLER'}], 'clearDeferred': True, 'deferred': []}"
2026-06-08 17:00:30,of:0000000000000009,281478887649794,ADDED,40000,90,12540,90,org.onosproject.core,,,,,,"{'criteria': [{'type': 'ETH_TYPE', 'ethType': '0x88cc'}]}","{'instructions': [{'type': 'OUTPUT', 'port': 'CONTROLLER'}], 'clearDeferred': True, 'deferred': []}"
2026-06-08 17:00:30,of:0000000000000009,281474993990194,ADDED,5,66,6468,90,org.onosproject.core,,,,,,"{'criteria': [{'type': 'ETH_TYPE', 'ethType': '0x800'}]}","{'instructions': [{'type': 'OUTPUT', 'port': 'CONTROLLER'}], 'clearDeferred': True, 'deferred': []}"
2026-06-08 17:00:30,of:0000000000000009,281476295891648,ADDED,40000,90,12540,90,org.onosproject.core,,,,,,"{'criteria': [{'type': 'ETH_TYPE', 'ethType': '0x8942'}]}","{'instructions': [{'type': 'OUTPUT', 'port': 'CONTROLLER'}], 'clearDeferred': True, 'deferred': []}"
2026-06-08 17:00:30,of:0000000000000009,281479019932926,ADDED,40000,0,0,90,org.onosproject.core,,,,,,"{'criteria': [{'type': 'ETH_TYPE', 'ethType': '0x806'}]}","{'instructions': [{'type': 'OUTPUT', 'port': 'CONTROLLER'}], 'clearDeferred': True, 'deferred': []}"
2026-06-08 17:00:35,of:000000000000000c,281479100460205,ADDED,40000,191,26613,95,org.onosproject.core,,,,,,"{'criteria': [{'type': 'ETH_TYPE', 'ethType': '0x88cc'}]}","{'instructions': [{'type': 'OUTPUT', 'port': 'CONTROLLER'}], 'clearDeferred': True, 'deferred': []}"
2026-06-08 17:00:35,of:000000000000000c,281475624796078,ADDED,40000,191,26613,95,org.onosproject.core,,,,,,"{'criteria': [{'type': 'ETH_TYPE', 'ethType': '0x8942'}]}","{'instructions': [{'type': 'OUTPUT', 'port': 'CONTROLLER'}], 'clearDeferred': True, 'deferred': []}"
2026-06-08 17:00:35,of:000000000000000c,281477504901495,ADDED,40000,0,0,95,org.onosproject.core,,,,,,"{'criteria': [{'type': 'ETH_TYPE', 'ethType': '0x806'}]}","{'instructions': [{'type': 'OUTPUT', 'port': 'CONTROLLER'}], 'clearDeferred': True, 'deferred': []}"
2026-06-08 17:00:35,of:000000000000000c,281476292687096,ADDED,5,83,8134,95,org.onosproject.core,,,,,,"{'criteria': [{'type': 'ETH_TYPE', 'ethType': '0x800'}]}","{'instructions': [{'type': 'OUTPUT', 'port': 'CONTROLLER'}], 'clearDeferred': True, 'deferred': []}"
2026-06-08 17:00:35,of:000000000000000d,281478200287907,ADDED,40000,188,26226,95,org.onosproject.core,,,,,,"{'criteria': [{'type': 'ETH_TYPE', 'ethType': '0x88cc'}]}","{'instructions': [{'type': 'OUTPUT', 'port': 'CONTROLLER'}], 'clearDeferred': True, 'deferred': []}"
2026-06-08 17:00:35,of:000000000000000d,281478788468154,ADDED,5,83,8134,95,org.onosproject.core,,,,,,"{'criteria': [{'type': 'ETH_TYPE', 'ethType': '0x800'}]}","{'instructions': [{'type': 'OUTPUT', 'port': 'CONTROLLER'}], 'clearDeferred': True, 'deferred': []}"
2026-06-08 17:00:35,of:000000000000000d,281478012698825,ADDED,40000,188,26226,95,org.onosproject.core,,,,,,"{'criteria': [{'type': 'ETH_TYPE', 'ethType': '0x8942'}]}","{'instructions': [{'type': 'OUTPUT', 'port': 'CONTROLLER'}], 'clearDeferred': True, 'deferred': []}"
2026-06-08 17:00:35,of:000000000000000d,281476618808057,ADDED,40000,0,0,95,org.onosproject.core,,,,,,"{'criteria': [{'type': 'ETH_TYPE', 'ethType': '0x806'}]}","{'instructions': [{'type': 'OUTPUT', 'port': 'CONTROLLER'}], 'clearDeferred': True, 'deferred': []}"
2026-06-08 17:00:35,of:000000000000000a,281477705784245,ADDED,5,3,294,95,org.onosproject.core,,,,,,"{'criteria': [{'type': 'ETH_TYPE', 'ethType': '0x800'}]}","{'instructions': [{'type': 'OUTPUT', 'port': 'CONTROLLER'}], 'clearDeferred': True, 'deferred': []}"
2026-06-08 17:00:35,of:000000000000000a,281475818964416,ADDED,40000,94,13098,95,org.onosproject.core,,,,,,"{'criteria': [{'type': 'ETH_TYPE', 'ethType': '0x8942'}]}","{'instructions': [{'type': 'OUTPUT', 'port': 'CONTROLLER'}], 'clearDeferred': True, 'deferred': []}"
2026-06-08 17:00:35,of:000000000000000a,281477034268888,ADDED,40000,94,13098,95,org.onosproject.core,,,,,,"{'criteria': [{'type': 'ETH_TYPE', 'ethType': '0x88cc'}]}","{'instructions': [{'type': 'OUTPUT', 'port': 'CONTROLLER'}], 'clearDeferred': True, 'deferred': []}"
2026-06-08 17:00:35,of:000000000000000a,281478593105785,ADDED,40000,0,0,95,org.onosproject.core,,,,,,"{'criteria': [{'type': 'ETH_TYPE', 'ethType': '0x806'}]}","{'instructions': [{'type': 'OUTPUT', 'port': 'CONTROLLER'}], 'clearDeferred': True, 'deferred': []}"
2026-06-08 17:00:35,of:000000000000000b,281478277078534,ADDED,5,101,9898,95,org.onosproject.core,,,,,,"{'criteria': [{'type': 'ETH_TYPE', 'ethType': '0x800'}]}","{'instructions': [{'type': 'OUTPUT', 'port': 'CONTROLLER'}], 'clearDeferred': True, 'deferred': []}"
2026-06-08 17:00:35,of:000000000000000b,34902898369757081,ADDED,10,95,9310,94,org.onosproject.fwd,00:00:00:00:00:01,00:00:00:00:00:02,,,1,"{'criteria': [{'type': 'IN_PORT', 'port': 1}, {'type': 'ETH_DST', 'mac': '00:00:00:00:00:02'}, {'type': 'ETH_SRC', 'mac': '00:00:00:00:00:01'}]}","{'instructions': [{'type': 'OUTPUT', 'port': '5'}], 'deferred': []}"
2026-06-08 17:00:35,of:000000000000000b,34902898247549216,ADDED,10,92,9016,92,org.onosproject.fwd,00:00:00:00:00:02,00:00:00:00:00:01,,,4,"{'criteria': [{'type': 'IN_PORT', 'port': 4}, {'type': 'ETH_DST', 'mac': '00:00:00:00:00:01'}, {'type': 'ETH_SRC', 'mac': '00:00:00:00:00:02'}]}","{'instructions': [{'type': 'OUTPUT', 'port': '1'}], 'deferred': []}"
2026-06-08 17:00:35,of:000000000000000b,281476663695951,ADDED,40000,0,0,95,org.onosproject.core,,,,,,"{'criteria': [{'type': 'ETH_TYPE', 'ethType': '0x806'}]}","{'instructions': [{'type': 'OUTPUT', 'port': 'CONTROLLER'}], 'clearDeferred': True, 'deferred': []}"
2026-06-08 17:00:35,of:000000000000000b,281476573370203,ADDED,40000,192,26752,95,org.onosproject.core,,,,,,"{'criteria': [{'type': 'ETH_TYPE', 'ethType': '0x88cc'}]}","{'instructions': [{'type': 'OUTPUT', 'port': 'CONTROLLER'}], 'clearDeferred': True, 'deferred': []}"
2026-06-08 17:00:35,of:000000000000000b,281476205675487,ADDED,40000,192,26752,95,org.onosproject.core,,,,,,"{'criteria': [{'type': 'ETH_TYPE', 'ethType': '0x8942'}]}","{'instructions': [{'type': 'OUTPUT', 'port': 'CONTROLLER'}], 'clearDeferred': True, 'deferred': []}"
2026-06-08 17:00:35,of:0000000000000003,281478170942982,ADDED,5,93,9114,95,org.onosproject.core,,,,,,"{'criteria': [{'type': 'ETH_TYPE', 'ethType': '0x800'}]}","{'instructions': [{'type': 'OUTPUT', 'port': 'CONTROLLER'}], 'clearDeferred': True, 'deferred': []}"
2026-06-08 17:00:35,of:0000000000000003,34902901306865815,ADDED,10,119,11662,95,org.onosproject.fwd,00:00:00:00:00:01,00:00:00:00:00:02,,,1,"{'criteria': [{'type': 'IN_PORT', 'port': 1}, {'type': 'ETH_DST', 'mac': '00:00:00:00:00:02'}, {'type': 'ETH_SRC', 'mac': '00:00:00:00:00:01'}]}","{'instructions': [{'type': 'OUTPUT', 'port': '2'}], 'deferred': []}"
2026-06-08 17:00:35,of:0000000000000003,281476661728682,ADDED,40000,64,8928,95,org.onosproject.core,,,,,,"{'criteria': [{'type': 'ETH_TYPE', 'ethType': '0x88cc'}]}","{'instructions': [{'type': 'OUTPUT', 'port': 'CONTROLLER'}], 'clearDeferred': True, 'deferred': []}"
2026-06-08 17:00:35,of:0000000000000003,281477764386537,ADDED,40000,0,0,95,org.onosproject.core,,,,,,"{'criteria': [{'type': 'ETH_TYPE', 'ethType': '0x806'}]}","{'instructions': [{'type': 'OUTPUT', 'port': 'CONTROLLER'}], 'clearDeferred': True, 'deferred': []}"
2026-06-08 17:00:35,of:0000000000000003,281476156249461,ADDED,40000,64,8928,95,org.onosproject.core,,,,,,"{'criteria': [{'type': 'ETH_TYPE', 'ethType': '0x8942'}]}","{'instructions': [{'type': 'OUTPUT', 'port': 'CONTROLLER'}], 'clearDeferred': True, 'deferred': []}"
2026-06-08 17:00:35,of:0000000000000004,281475616213265,ADDED,40000,62,8648,95,org.onosproject.core,,,,,,"{'criteria': [{'type': 'ETH_TYPE', 'ethType': '0x88cc'}]}","{'instructions': [{'type': 'OUTPUT', 'port': 'CONTROLLER'}], 'clearDeferred': True, 'deferred': []}"
2026-06-08 17:00:35,of:0000000000000004,281475265228006,ADDED,40000,0,0,95,org.onosproject.core,,,,,,"{'criteria': [{'type': 'ETH_TYPE', 'ethType': '0x806'}]}","{'instructions': [{'type': 'OUTPUT', 'port': 'CONTROLLER'}], 'clearDeferred': True, 'deferred': []}"
2026-06-08 17:00:35,of:0000000000000004,281477141311986,ADDED,5,88,8624,95,org.onosproject.core,,,,,,"{'criteria': [{'type': 'ETH_TYPE', 'ethType': '0x800'}]}","{'instructions': [{'type': 'OUTPUT', 'port': 'CONTROLLER'}], 'clearDeferred': True, 'deferred': []}"
2026-06-08 17:00:35,of:0000000000000004,281476729151998,ADDED,40000,62,8648,95,org.onosproject.core,,,,,,"{'criteria': [{'type': 'ETH_TYPE', 'ethType': '0x8942'}]}","{'instructions': [{'type': 'OUTPUT', 'port': 'CONTROLLER'}], 'clearDeferred': True, 'deferred': []}"
2026-06-08 17:00:35,of:0000000000000001,281478909873038,ADDED,40000,0,0,95,org.onosproject.core,,,,,,"{'criteria': [{'type': 'ETH_TYPE', 'ethType': '0x806'}]}","{'instructions': [{'type': 'OUTPUT', 'port': 'CONTROLLER'}], 'clearDeferred': True, 'deferred': []}"
2026-06-08 17:00:35,of:0000000000000001,34902899196753573,ADDED,10,94,9212,94,org.onosproject.fwd,00:00:00:00:00:01,00:00:00:00:00:02,,,4,"{'criteria': [{'type': 'IN_PORT', 'port': 4}, {'type': 'ETH_DST', 'mac': '00:00:00:00:00:02'}, {'type': 'ETH_SRC', 'mac': '00:00:00:00:00:01'}]}","{'instructions': [{'type': 'OUTPUT', 'port': '1'}], 'deferred': []}"
2026-06-08 17:00:35,of:0000000000000001,34902898986035913,ADDED,10,104,10192,94,org.onosproject.fwd,00:00:00:00:00:02,00:00:00:00:00:01,,,1,"{'criteria': [{'type': 'IN_PORT', 'port': 1}, {'type': 'ETH_DST', 'mac': '00:00:00:00:00:01'}, {'type': 'ETH_SRC', 'mac': '00:00:00:00:00:02'}]}","{'instructions': [{'type': 'OUTPUT', 'port': '4'}], 'deferred': []}"
2026-06-08 17:00:35,of:0000000000000001,281477466379610,ADDED,40000,94,13160,95,org.onosproject.core,,,,,,"{'criteria': [{'type': 'ETH_TYPE', 'ethType': '0x88cc'}]}","{'instructions': [{'type': 'OUTPUT', 'port': 'CONTROLLER'}], 'clearDeferred': True, 'deferred': []}"
2026-06-08 17:00:35,of:0000000000000001,281475012051420,ADDED,5,76,7448,95,org.onosproject.core,,,,,,"{'criteria': [{'type': 'ETH_TYPE', 'ethType': '0x800'}]}","{'instructions': [{'type': 'OUTPUT', 'port': 'CONTROLLER'}], 'clearDeferred': True, 'deferred': []}"
2026-06-08 17:00:35,of:0000000000000001,281477029321583,ADDED,40000,94,13160,95,org.onosproject.core,,,,,,"{'criteria': [{'type': 'ETH_TYPE', 'ethType': '0x8942'}]}","{'instructions': [{'type': 'OUTPUT', 'port': 'CONTROLLER'}], 'clearDeferred': True, 'deferred': []}"
2026-06-08 17:00:35,of:0000000000000002,281478316350853,ADDED,40000,0,0,95,org.onosproject.core,,,,,,"{'criteria': [{'type': 'ETH_TYPE', 'ethType': '0x806'}]}","{'instructions': [{'type': 'OUTPUT', 'port': 'CONTROLLER'}], 'clearDeferred': True, 'deferred': []}"
2026-06-08 17:00:35,of:0000000000000002,281478673389323,ADDED,40000,64,8928,95,org.onosproject.core,,,,,,"{'criteria': [{'type': 'ETH_TYPE', 'ethType': '0x8942'}]}","{'instructions': [{'type': 'OUTPUT', 'port': 'CONTROLLER'}], 'clearDeferred': True, 'deferred': []}"
2026-06-08 17:00:35,of:0000000000000002,34902898441429785,ADDED,10,92,9016,92,org.onosproject.fwd,00:00:00:00:00:02,00:00:00:00:00:01,,,3,"{'criteria': [{'type': 'IN_PORT', 'port': 3}, {'type': 'ETH_DST', 'mac': '00:00:00:00:00:01'}, {'type': 'ETH_SRC', 'mac': '00:00:00:00:00:02'}]}","{'instructions': [{'type': 'OUTPUT', 'port': '1'}], 'deferred': []}"
2026-06-08 17:00:35,of:0000000000000002,34902899328279504,ADDED,10,124,12152,95,org.onosproject.fwd,00:00:00:00:00:01,00:00:00:00:00:02,,,2,"{'criteria': [{'type': 'IN_PORT', 'port': 2}, {'type': 'ETH_DST', 'mac': '00:00:00:00:00:02'}, {'type': 'ETH_SRC', 'mac': '00:00:00:00:00:01'}]}","{'instructions': [{'type': 'OUTPUT', 'port': '3'}], 'deferred': []}"
2026-06-08 17:00:35,of:0000000000000002,281475022575828,ADDED,40000,64,8928,95,org.onosproject.core,,,,,,"{'criteria': [{'type': 'ETH_TYPE', 'ethType': '0x88cc'}]}","{'instructions': [{'type': 'OUTPUT', 'port': 'CONTROLLER'}], 'clearDeferred': True, 'deferred': []}"
2026-06-08 17:00:35,of:0000000000000002,281475568191580,ADDED,5,47,4606,95,org.onosproject.core,,,,,,"{'criteria': [{'type': 'ETH_TYPE', 'ethType': '0x800'}]}","{'instructions': [{'type': 'OUTPUT', 'port': 'CONTROLLER'}], 'clearDeferred': True, 'deferred': []}"
2026-06-08 17:00:35,of:0000000000000007,281475652364572,ADDED,5,3,294,95,org.onosproject.core,,,,,,"{'criteria': [{'type': 'ETH_TYPE', 'ethType': '0x800'}]}","{'instructions': [{'type': 'OUTPUT', 'port': 'CONTROLLER'}], 'clearDeferred': True, 'deferred': []}"
2026-06-08 17:00:35,of:0000000000000007,281478438392611,ADDED,40000,0,0,95,org.onosproject.core,,,,,,"{'criteria': [{'type': 'ETH_TYPE', 'ethType': '0x806'}]}","{'instructions': [{'type': 'OUTPUT', 'port': 'CONTROLLER'}], 'clearDeferred': True, 'deferred': []}"
2026-06-08 17:00:35,of:0000000000000007,281476350262333,ADDED,40000,64,8960,95,org.onosproject.core,,,,,,"{'criteria': [{'type': 'ETH_TYPE', 'ethType': '0x8942'}]}","{'instructions': [{'type': 'OUTPUT', 'port': 'CONTROLLER'}], 'clearDeferred': True, 'deferred': []}"
2026-06-08 17:00:35,of:0000000000000007,281475000925130,ADDED,40000,64,8960,95,org.onosproject.core,,,,,,"{'criteria': [{'type': 'ETH_TYPE', 'ethType': '0x88cc'}]}","{'instructions': [{'type': 'OUTPUT', 'port': 'CONTROLLER'}], 'clearDeferred': True, 'deferred': []}"
2026-06-08 17:00:35,of:0000000000000008,281476059291414,ADDED,40000,0,0,95,org.onosproject.core,,,,,,"{'criteria': [{'type': 'ETH_TYPE', 'ethType': '0x806'}]}","{'instructions': [{'type': 'OUTPUT', 'port': 'CONTROLLER'}], 'clearDeferred': True, 'deferred': []}"
2026-06-08 17:00:35,of:0000000000000008,281476101349656,ADDED,40000,96,13376,95,org.onosproject.core,,,,,,"{'criteria': [{'type': 'ETH_TYPE', 'ethType': '0x88cc'}]}","{'instructions': [{'type': 'OUTPUT', 'port': 'CONTROLLER'}], 'clearDeferred': True, 'deferred': []}"
2026-06-08 17:00:35,of:0000000000000008,281476270708671,ADDED,40000,96,13376,95,org.onosproject.core,,,,,,"{'criteria': [{'type': 'ETH_TYPE', 'ethType': '0x8942'}]}","{'instructions': [{'type': 'OUTPUT', 'port': 'CONTROLLER'}], 'clearDeferred': True, 'deferred': []}"
2026-06-08 17:00:35,of:0000000000000008,34902898875781211,ADDED,10,116,11368,94,org.onosproject.fwd,00:00:00:00:00:01,00:00:00:00:00:02,,,3,"{'criteria': [{'type': 'IN_PORT', 'port': 3}, {'type': 'ETH_DST', 'mac': '00:00:00:00:00:02'}, {'type': 'ETH_SRC', 'mac': '00:00:00:00:00:01'}]}","{'instructions': [{'type': 'OUTPUT', 'port': '2'}], 'deferred': []}"
2026-06-08 17:00:35,of:0000000000000008,281476010895837,ADDED,5,141,13818,95,org.onosproject.core,,,,,,"{'criteria': [{'type': 'ETH_TYPE', 'ethType': '0x800'}]}","{'instructions': [{'type': 'OUTPUT', 'port': 'CONTROLLER'}], 'clearDeferred': True, 'deferred': []}"
2026-06-08 17:00:35,of:0000000000000005,281478762460478,ADDED,40000,0,0,95,org.onosproject.core,,,,,,"{'criteria': [{'type': 'ETH_TYPE', 'ethType': '0x806'}]}","{'instructions': [{'type': 'OUTPUT', 'port': 'CONTROLLER'}], 'clearDeferred': True, 'deferred': []}"
2026-06-08 17:00:35,of:0000000000000005,281478211273411,ADDED,40000,64,8928,95,org.onosproject.core,,,,,,"{'criteria': [{'type': 'ETH_TYPE', 'ethType': '0x8942'}]}","{'instructions': [{'type': 'OUTPUT', 'port': 'CONTROLLER'}], 'clearDeferred': True, 'deferred': []}"
2026-06-08 17:00:35,of:0000000000000005,281475117841124,ADDED,5,53,5194,95,org.onosproject.core,,,,,,"{'criteria': [{'type': 'ETH_TYPE', 'ethType': '0x800'}]}","{'instructions': [{'type': 'OUTPUT', 'port': 'CONTROLLER'}], 'clearDeferred': True, 'deferred': []}"
2026-06-08 17:00:35,of:0000000000000005,281478979269874,ADDED,40000,64,8928,95,org.onosproject.core,,,,,,"{'criteria': [{'type': 'ETH_TYPE', 'ethType': '0x88cc'}]}","{'instructions': [{'type': 'OUTPUT', 'port': 'CONTROLLER'}], 'clearDeferred': True, 'deferred': []}"
2026-06-08 17:00:35,of:0000000000000006,281475738574217,ADDED,40000,64,8960,95,org.onosproject.core,,,,,,"{'criteria': [{'type': 'ETH_TYPE', 'ethType': '0x88cc'}]}","{'instructions': [{'type': 'OUTPUT', 'port': 'CONTROLLER'}], 'clearDeferred': True, 'deferred': []}"
2026-06-08 17:00:35,of:0000000000000006,281476873293724,ADDED,40000,64,8960,95,org.onosproject.core,,,,,,"{'criteria': [{'type': 'ETH_TYPE', 'ethType': '0x8942'}]}","{'instructions': [{'type': 'OUTPUT', 'port': 'CONTROLLER'}], 'clearDeferred': True, 'deferred': []}"
2026-06-08 17:00:35,of:0000000000000006,281475411377083,ADDED,40000,0,0,95,org.onosproject.core,,,,,,"{'criteria': [{'type': 'ETH_TYPE', 'ethType': '0x806'}]}","{'instructions': [{'type': 'OUTPUT', 'port': 'CONTROLLER'}], 'clearDeferred': True, 'deferred': []}"
2026-06-08 17:00:35,of:0000000000000006,281478888449605,ADDED,5,3,294,95,org.onosproject.core,,,,,,"{'criteria': [{'type': 'ETH_TYPE', 'ethType': '0x800'}]}","{'instructions': [{'type': 'OUTPUT', 'port': 'CONTROLLER'}], 'clearDeferred': True, 'deferred': []}"
2026-06-08 17:00:35,of:0000000000000009,281478887649794,ADDED,40000,94,13097,95,org.onosproject.core,,,,,,"{'criteria': [{'type': 'ETH_TYPE', 'ethType': '0x88cc'}]}","{'instructions': [{'type': 'OUTPUT', 'port': 'CONTROLLER'}], 'clearDeferred': True, 'deferred': []}"
2026-06-08 17:00:35,of:0000000000000009,281474993990194,ADDED,5,66,6468,95,org.onosproject.core,,,,,,"{'criteria': [{'type': 'ETH_TYPE', 'ethType': '0x800'}]}","{'instructions': [{'type': 'OUTPUT', 'port': 'CONTROLLER'}], 'clearDeferred': True, 'deferred': []}"
2026-06-08 17:00:35,of:0000000000000009,281476295891648,ADDED,40000,94,13097,95,org.onosproject.core,,,,,,"{'criteria': [{'type': 'ETH_TYPE', 'ethType': '0x8942'}]}","{'instructions': [{'type': 'OUTPUT', 'port': 'CONTROLLER'}], 'clearDeferred': True, 'deferred': []}"
2026-06-08 17:00:35,of:0000000000000009,281479019932926,ADDED,40000,0,0,95,org.onosproject.core,,,,,,"{'criteria': [{'type': 'ETH_TYPE', 'ethType': '0x806'}]}","{'instructions': [{'type': 'OUTPUT', 'port': 'CONTROLLER'}], 'clearDeferred': True, 'deferred': []}"
2026-06-08 17:00:40,of:000000000000000c,281479100460205,ADDED,40000,202,28146,100,org.onosproject.core,,,,,,"{'criteria': [{'type': 'ETH_TYPE', 'ethType': '0x88cc'}]}","{'instructions': [{'type': 'OUTPUT', 'port': 'CONTROLLER'}], 'clearDeferred': True, 'deferred': []}"
2026-06-08 17:00:40,of:000000000000000c,281475624796078,ADDED,40000,202,28146,100,org.onosproject.core,,,,,,"{'criteria': [{'type': 'ETH_TYPE', 'ethType': '0x8942'}]}","{'instructions': [{'type': 'OUTPUT', 'port': 'CONTROLLER'}], 'clearDeferred': True, 'deferred': []}"
2026-06-08 17:00:40,of:000000000000000c,281477504901495,ADDED,40000,0,0,100,org.onosproject.core,,,,,,"{'criteria': [{'type': 'ETH_TYPE', 'ethType': '0x806'}]}","{'instructions': [{'type': 'OUTPUT', 'port': 'CONTROLLER'}], 'clearDeferred': True, 'deferred': []}"
2026-06-08 17:00:40,of:000000000000000c,281476292687096,ADDED,5,83,8134,100,org.onosproject.core,,,,,,"{'criteria': [{'type': 'ETH_TYPE', 'ethType': '0x800'}]}","{'instructions': [{'type': 'OUTPUT', 'port': 'CONTROLLER'}], 'clearDeferred': True, 'deferred': []}"
2026-06-08 17:00:40,of:000000000000000d,281478200287907,ADDED,40000,198,27622,100,org.onosproject.core,,,,,,"{'criteria': [{'type': 'ETH_TYPE', 'ethType': '0x88cc'}]}","{'instructions': [{'type': 'OUTPUT', 'port': 'CONTROLLER'}], 'clearDeferred': True, 'deferred': []}"
2026-06-08 17:00:40,of:000000000000000d,281478788468154,ADDED,5,83,8134,100,org.onosproject.core,,,,,,"{'criteria': [{'type': 'ETH_TYPE', 'ethType': '0x800'}]}","{'instructions': [{'type': 'OUTPUT', 'port': 'CONTROLLER'}], 'clearDeferred': True, 'deferred': []}"
2026-06-08 17:00:40,of:000000000000000d,281478012698825,ADDED,40000,198,27622,100,org.onosproject.core,,,,,,"{'criteria': [{'type': 'ETH_TYPE', 'ethType': '0x8942'}]}","{'instructions': [{'type': 'OUTPUT', 'port': 'CONTROLLER'}], 'clearDeferred': True, 'deferred': []}"
2026-06-08 17:00:40,of:000000000000000d,281476618808057,ADDED,40000,0,0,100,org.onosproject.core,,,,,,"{'criteria': [{'type': 'ETH_TYPE', 'ethType': '0x806'}]}","{'instructions': [{'type': 'OUTPUT', 'port': 'CONTROLLER'}], 'clearDeferred': True, 'deferred': []}"
2026-06-08 17:00:40,of:000000000000000a,281477705784245,ADDED,5,3,294,100,org.onosproject.core,,,,,,"{'criteria': [{'type': 'ETH_TYPE', 'ethType': '0x800'}]}","{'instructions': [{'type': 'OUTPUT', 'port': 'CONTROLLER'}], 'clearDeferred': True, 'deferred': []}"
2026-06-08 17:00:40,of:000000000000000a,281475818964416,ADDED,40000,98,13656,100,org.onosproject.core,,,,,,"{'criteria': [{'type': 'ETH_TYPE', 'ethType': '0x8942'}]}","{'instructions': [{'type': 'OUTPUT', 'port': 'CONTROLLER'}], 'clearDeferred': True, 'deferred': []}"
2026-06-08 17:00:40,of:000000000000000a,281477034268888,ADDED,40000,98,13656,100,org.onosproject.core,,,,,,"{'criteria': [{'type': 'ETH_TYPE', 'ethType': '0x88cc'}]}","{'instructions': [{'type': 'OUTPUT', 'port': 'CONTROLLER'}], 'clearDeferred': True, 'deferred': []}"
2026-06-08 17:00:40,of:000000000000000a,281478593105785,ADDED,40000,0,0,100,org.onosproject.core,,,,,,"{'criteria': [{'type': 'ETH_TYPE', 'ethType': '0x806'}]}","{'instructions': [{'type': 'OUTPUT', 'port': 'CONTROLLER'}], 'clearDeferred': True, 'deferred': []}"
2026-06-08 17:00:40,of:000000000000000b,281478277078534,ADDED,5,101,9898,100,org.onosproject.core,,,,,,"{'criteria': [{'type': 'ETH_TYPE', 'ethType': '0x800'}]}","{'instructions': [{'type': 'OUTPUT', 'port': 'CONTROLLER'}], 'clearDeferred': True, 'deferred': []}"
2026-06-08 17:00:40,of:000000000000000b,34902898369757081,ADDED,10,100,9800,99,org.onosproject.fwd,00:00:00:00:00:01,00:00:00:00:00:02,,,1,"{'criteria': [{'type': 'IN_PORT', 'port': 1}, {'type': 'ETH_DST', 'mac': '00:00:00:00:00:02'}, {'type': 'ETH_SRC', 'mac': '00:00:00:00:00:01'}]}","{'instructions': [{'type': 'OUTPUT', 'port': '5'}], 'deferred': []}"
2026-06-08 17:00:40,of:000000000000000b,34902898247549216,ADDED,10,97,9506,97,org.onosproject.fwd,00:00:00:00:00:02,00:00:00:00:00:01,,,4,"{'criteria': [{'type': 'IN_PORT', 'port': 4}, {'type': 'ETH_DST', 'mac': '00:00:00:00:00:01'}, {'type': 'ETH_SRC', 'mac': '00:00:00:00:00:02'}]}","{'instructions': [{'type': 'OUTPUT', 'port': '1'}], 'deferred': []}"
2026-06-08 17:00:40,of:000000000000000b,281476663695951,ADDED,40000,0,0,100,org.onosproject.core,,,,,,"{'criteria': [{'type': 'ETH_TYPE', 'ethType': '0x806'}]}","{'instructions': [{'type': 'OUTPUT', 'port': 'CONTROLLER'}], 'clearDeferred': True, 'deferred': []}"
2026-06-08 17:00:40,of:000000000000000b,281476573370203,ADDED,40000,204,28424,100,org.onosproject.core,,,,,,"{'criteria': [{'type': 'ETH_TYPE', 'ethType': '0x88cc'}]}","{'instructions': [{'type': 'OUTPUT', 'port': 'CONTROLLER'}], 'clearDeferred': True, 'deferred': []}"
2026-06-08 17:00:40,of:000000000000000b,281476205675487,ADDED,40000,204,28424,100,org.onosproject.core,,,,,,"{'criteria': [{'type': 'ETH_TYPE', 'ethType': '0x8942'}]}","{'instructions': [{'type': 'OUTPUT', 'port': 'CONTROLLER'}], 'clearDeferred': True, 'deferred': []}"
2026-06-08 17:00:40,of:0000000000000003,281478170942982,ADDED,5,93,9114,100,org.onosproject.core,,,,,,"{'criteria': [{'type': 'ETH_TYPE', 'ethType': '0x800'}]}","{'instructions': [{'type': 'OUTPUT', 'port': 'CONTROLLER'}], 'clearDeferred': True, 'deferred': []}"
2026-06-08 17:00:40,of:0000000000000003,34902901306865815,ADDED,10,124,12152,100,org.onosproject.fwd,00:00:00:00:00:01,00:00:00:00:00:02,,,1,"{'criteria': [{'type': 'IN_PORT', 'port': 1}, {'type': 'ETH_DST', 'mac': '00:00:00:00:00:02'}, {'type': 'ETH_SRC', 'mac': '00:00:00:00:00:01'}]}","{'instructions': [{'type': 'OUTPUT', 'port': '2'}], 'deferred': []}"
2026-06-08 17:00:40,of:0000000000000003,281476661728682,ADDED,40000,68,9486,100,org.onosproject.core,,,,,,"{'criteria': [{'type': 'ETH_TYPE', 'ethType': '0x88cc'}]}","{'instructions': [{'type': 'OUTPUT', 'port': 'CONTROLLER'}], 'clearDeferred': True, 'deferred': []}"
2026-06-08 17:00:40,of:0000000000000003,281477764386537,ADDED,40000,0,0,100,org.onosproject.core,,,,,,"{'criteria': [{'type': 'ETH_TYPE', 'ethType': '0x806'}]}","{'instructions': [{'type': 'OUTPUT', 'port': 'CONTROLLER'}], 'clearDeferred': True, 'deferred': []}"
2026-06-08 17:00:40,of:0000000000000003,281476156249461,ADDED,40000,68,9486,100,org.onosproject.core,,,,,,"{'criteria': [{'type': 'ETH_TYPE', 'ethType': '0x8942'}]}","{'instructions': [{'type': 'OUTPUT', 'port': 'CONTROLLER'}], 'clearDeferred': True, 'deferred': []}"
2026-06-08 17:00:40,of:0000000000000004,281475616213265,ADDED,40000,66,9206,100,org.onosproject.core,,,,,,"{'criteria': [{'type': 'ETH_TYPE', 'ethType': '0x88cc'}]}","{'instructions': [{'type': 'OUTPUT', 'port': 'CONTROLLER'}], 'clearDeferred': True, 'deferred': []}"
2026-06-08 17:00:40,of:0000000000000004,281475265228006,ADDED,40000,0,0,100,org.onosproject.core,,,,,,"{'criteria': [{'type': 'ETH_TYPE', 'ethType': '0x806'}]}","{'instructions': [{'type': 'OUTPUT', 'port': 'CONTROLLER'}], 'clearDeferred': True, 'deferred': []}"
2026-06-08 17:00:40,of:0000000000000004,281477141311986,ADDED,5,88,8624,100,org.onosproject.core,,,,,,"{'criteria': [{'type': 'ETH_TYPE', 'ethType': '0x800'}]}","{'instructions': [{'type': 'OUTPUT', 'port': 'CONTROLLER'}], 'clearDeferred': True, 'deferred': []}"
2026-06-08 17:00:40,of:0000000000000004,281476729151998,ADDED,40000,66,9206,100,org.onosproject.core,,,,,,"{'criteria': [{'type': 'ETH_TYPE', 'ethType': '0x8942'}]}","{'instructions': [{'type': 'OUTPUT', 'port': 'CONTROLLER'}], 'clearDeferred': True, 'deferred': []}"
2026-06-08 17:00:40,of:0000000000000001,281478909873038,ADDED,40000,0,0,100,org.onosproject.core,,,,,,"{'criteria': [{'type': 'ETH_TYPE', 'ethType': '0x806'}]}","{'instructions': [{'type': 'OUTPUT', 'port': 'CONTROLLER'}], 'clearDeferred': True, 'deferred': []}"
2026-06-08 17:00:40,of:0000000000000001,34902899196753573,ADDED,10,99,9702,99,org.onosproject.fwd,00:00:00:00:00:01,00:00:00:00:00:02,,,4,"{'criteria': [{'type': 'IN_PORT', 'port': 4}, {'type': 'ETH_DST', 'mac': '00:00:00:00:00:02'}, {'type': 'ETH_SRC', 'mac': '00:00:00:00:00:01'}]}","{'instructions': [{'type': 'OUTPUT', 'port': '1'}], 'deferred': []}"
2026-06-08 17:00:40,of:0000000000000001,34902898986035913,ADDED,10,109,10682,99,org.onosproject.fwd,00:00:00:00:00:02,00:00:00:00:00:01,,,1,"{'criteria': [{'type': 'IN_PORT', 'port': 1}, {'type': 'ETH_DST', 'mac': '00:00:00:00:00:01'}, {'type': 'ETH_SRC', 'mac': '00:00:00:00:00:02'}]}","{'instructions': [{'type': 'OUTPUT', 'port': '4'}], 'deferred': []}"
2026-06-08 17:00:40,of:0000000000000001,281477466379610,ADDED,40000,100,14000,100,org.onosproject.core,,,,,,"{'criteria': [{'type': 'ETH_TYPE', 'ethType': '0x88cc'}]}","{'instructions': [{'type': 'OUTPUT', 'port': 'CONTROLLER'}], 'clearDeferred': True, 'deferred': []}"
2026-06-08 17:00:40,of:0000000000000001,281475012051420,ADDED,5,76,7448,100,org.onosproject.core,,,,,,"{'criteria': [{'type': 'ETH_TYPE', 'ethType': '0x800'}]}","{'instructions': [{'type': 'OUTPUT', 'port': 'CONTROLLER'}], 'clearDeferred': True, 'deferred': []}"
2026-06-08 17:00:40,of:0000000000000001,281477029321583,ADDED,40000,100,14000,100,org.onosproject.core,,,,,,"{'criteria': [{'type': 'ETH_TYPE', 'ethType': '0x8942'}]}","{'instructions': [{'type': 'OUTPUT', 'port': 'CONTROLLER'}], 'clearDeferred': True, 'deferred': []}"
2026-06-08 17:00:40,of:0000000000000002,281478316350853,ADDED,40000,0,0,100,org.onosproject.core,,,,,,"{'criteria': [{'type': 'ETH_TYPE', 'ethType': '0x806'}]}","{'instructions': [{'type': 'OUTPUT', 'port': 'CONTROLLER'}], 'clearDeferred': True, 'deferred': []}"
2026-06-08 17:00:40,of:0000000000000002,281478673389323,ADDED,40000,68,9486,100,org.onosproject.core,,,,,,"{'criteria': [{'type': 'ETH_TYPE', 'ethType': '0x8942'}]}","{'instructions': [{'type': 'OUTPUT', 'port': 'CONTROLLER'}], 'clearDeferred': True, 'deferred': []}"
2026-06-08 17:00:40,of:0000000000000002,34902898441429785,ADDED,10,97,9506,97,org.onosproject.fwd,00:00:00:00:00:02,00:00:00:00:00:01,,,3,"{'criteria': [{'type': 'IN_PORT', 'port': 3}, {'type': 'ETH_DST', 'mac': '00:00:00:00:00:01'}, {'type': 'ETH_SRC', 'mac': '00:00:00:00:00:02'}]}","{'instructions': [{'type': 'OUTPUT', 'port': '1'}], 'deferred': []}"
2026-06-08 17:00:40,of:0000000000000002,34902899328279504,ADDED,10,129,12642,100,org.onosproject.fwd,00:00:00:00:00:01,00:00:00:00:00:02,,,2,"{'criteria': [{'type': 'IN_PORT', 'port': 2}, {'type': 'ETH_DST', 'mac': '00:00:00:00:00:02'}, {'type': 'ETH_SRC', 'mac': '00:00:00:00:00:01'}]}","{'instructions': [{'type': 'OUTPUT', 'port': '3'}], 'deferred': []}"
2026-06-08 17:00:40,of:0000000000000002,281475022575828,ADDED,40000,68,9486,100,org.onosproject.core,,,,,,"{'criteria': [{'type': 'ETH_TYPE', 'ethType': '0x88cc'}]}","{'instructions': [{'type': 'OUTPUT', 'port': 'CONTROLLER'}], 'clearDeferred': True, 'deferred': []}"
2026-06-08 17:00:40,of:0000000000000002,281475568191580,ADDED,5,47,4606,100,org.onosproject.core,,,,,,"{'criteria': [{'type': 'ETH_TYPE', 'ethType': '0x800'}]}","{'instructions': [{'type': 'OUTPUT', 'port': 'CONTROLLER'}], 'clearDeferred': True, 'deferred': []}"
2026-06-08 17:00:40,of:0000000000000007,281475652364572,ADDED,5,3,294,100,org.onosproject.core,,,,,,"{'criteria': [{'type': 'ETH_TYPE', 'ethType': '0x800'}]}","{'instructions': [{'type': 'OUTPUT', 'port': 'CONTROLLER'}], 'clearDeferred': True, 'deferred': []}"
2026-06-08 17:00:40,of:0000000000000007,281478438392611,ADDED,40000,0,0,100,org.onosproject.core,,,,,,"{'criteria': [{'type': 'ETH_TYPE', 'ethType': '0x806'}]}","{'instructions': [{'type': 'OUTPUT', 'port': 'CONTROLLER'}], 'clearDeferred': True, 'deferred': []}"
2026-06-08 17:00:40,of:0000000000000007,281476350262333,ADDED,40000,68,9520,100,org.onosproject.core,,,,,,"{'criteria': [{'type': 'ETH_TYPE', 'ethType': '0x8942'}]}","{'instructions': [{'type': 'OUTPUT', 'port': 'CONTROLLER'}], 'clearDeferred': True, 'deferred': []}"
2026-06-08 17:00:40,of:0000000000000007,281475000925130,ADDED,40000,68,9520,100,org.onosproject.core,,,,,,"{'criteria': [{'type': 'ETH_TYPE', 'ethType': '0x88cc'}]}","{'instructions': [{'type': 'OUTPUT', 'port': 'CONTROLLER'}], 'clearDeferred': True, 'deferred': []}"
2026-06-08 17:00:40,of:0000000000000008,281476059291414,ADDED,40000,0,0,100,org.onosproject.core,,,,,,"{'criteria': [{'type': 'ETH_TYPE', 'ethType': '0x806'}]}","{'instructions': [{'type': 'OUTPUT', 'port': 'CONTROLLER'}], 'clearDeferred': True, 'deferred': []}"
2026-06-08 17:00:40,of:0000000000000008,281476101349656,ADDED,40000,102,14212,100,org.onosproject.core,,,,,,"{'criteria': [{'type': 'ETH_TYPE', 'ethType': '0x88cc'}]}","{'instructions': [{'type': 'OUTPUT', 'port': 'CONTROLLER'}], 'clearDeferred': True, 'deferred': []}"
2026-06-08 17:00:40,of:0000000000000008,281476270708671,ADDED,40000,102,14212,100,org.onosproject.core,,,,,,"{'criteria': [{'type': 'ETH_TYPE', 'ethType': '0x8942'}]}","{'instructions': [{'type': 'OUTPUT', 'port': 'CONTROLLER'}], 'clearDeferred': True, 'deferred': []}"
2026-06-08 17:00:40,of:0000000000000008,34902898875781211,ADDED,10,121,11858,99,org.onosproject.fwd,00:00:00:00:00:01,00:00:00:00:00:02,,,3,"{'criteria': [{'type': 'IN_PORT', 'port': 3}, {'type': 'ETH_DST', 'mac': '00:00:00:00:00:02'}, {'type': 'ETH_SRC', 'mac': '00:00:00:00:00:01'}]}","{'instructions': [{'type': 'OUTPUT', 'port': '2'}], 'deferred': []}"
2026-06-08 17:00:40,of:0000000000000008,281476010895837,ADDED,5,141,13818,100,org.onosproject.core,,,,,,"{'criteria': [{'type': 'ETH_TYPE', 'ethType': '0x800'}]}","{'instructions': [{'type': 'OUTPUT', 'port': 'CONTROLLER'}], 'clearDeferred': True, 'deferred': []}"
2026-06-08 17:00:40,of:0000000000000005,281478762460478,ADDED,40000,0,0,100,org.onosproject.core,,,,,,"{'criteria': [{'type': 'ETH_TYPE', 'ethType': '0x806'}]}","{'instructions': [{'type': 'OUTPUT', 'port': 'CONTROLLER'}], 'clearDeferred': True, 'deferred': []}"
2026-06-08 17:00:40,of:0000000000000005,281478211273411,ADDED,40000,68,9486,100,org.onosproject.core,,,,,,"{'criteria': [{'type': 'ETH_TYPE', 'ethType': '0x8942'}]}","{'instructions': [{'type': 'OUTPUT', 'port': 'CONTROLLER'}], 'clearDeferred': True, 'deferred': []}"
2026-06-08 17:00:40,of:0000000000000005,281475117841124,ADDED,5,53,5194,100,org.onosproject.core,,,,,,"{'criteria': [{'type': 'ETH_TYPE', 'ethType': '0x800'}]}","{'instructions': [{'type': 'OUTPUT', 'port': 'CONTROLLER'}], 'clearDeferred': True, 'deferred': []}"
2026-06-08 17:00:40,of:0000000000000005,281478979269874,ADDED,40000,68,9486,100,org.onosproject.core,,,,,,"{'criteria': [{'type': 'ETH_TYPE', 'ethType': '0x88cc'}]}","{'instructions': [{'type': 'OUTPUT', 'port': 'CONTROLLER'}], 'clearDeferred': True, 'deferred': []}"
2026-06-08 17:00:40,of:0000000000000006,281475738574217,ADDED,40000,68,9520,100,org.onosproject.core,,,,,,"{'criteria': [{'type': 'ETH_TYPE', 'ethType': '0x88cc'}]}","{'instructions': [{'type': 'OUTPUT', 'port': 'CONTROLLER'}], 'clearDeferred': True, 'deferred': []}"
2026-06-08 17:00:40,of:0000000000000006,281476873293724,ADDED,40000,68,9520,100,org.onosproject.core,,,,,,"{'criteria': [{'type': 'ETH_TYPE', 'ethType': '0x8942'}]}","{'instructions': [{'type': 'OUTPUT', 'port': 'CONTROLLER'}], 'clearDeferred': True, 'deferred': []}"
2026-06-08 17:00:40,of:0000000000000006,281475411377083,ADDED,40000,0,0,100,org.onosproject.core,,,,,,"{'criteria': [{'type': 'ETH_TYPE', 'ethType': '0x806'}]}","{'instructions': [{'type': 'OUTPUT', 'port': 'CONTROLLER'}], 'clearDeferred': True, 'deferred': []}"
2026-06-08 17:00:40,of:0000000000000006,281478888449605,ADDED,5,3,294,100,org.onosproject.core,,,,,,"{'criteria': [{'type': 'ETH_TYPE', 'ethType': '0x800'}]}","{'instructions': [{'type': 'OUTPUT', 'port': 'CONTROLLER'}], 'clearDeferred': True, 'deferred': []}"
2026-06-08 17:00:40,of:0000000000000009,281478887649794,ADDED,40000,99,13794,100,org.onosproject.core,,,,,,"{'criteria': [{'type': 'ETH_TYPE', 'ethType': '0x88cc'}]}","{'instructions': [{'type': 'OUTPUT', 'port': 'CONTROLLER'}], 'clearDeferred': True, 'deferred': []}"
2026-06-08 17:00:40,of:0000000000000009,281474993990194,ADDED,5,66,6468,100,org.onosproject.core,,,,,,"{'criteria': [{'type': 'ETH_TYPE', 'ethType': '0x800'}]}","{'instructions': [{'type': 'OUTPUT', 'port': 'CONTROLLER'}], 'clearDeferred': True, 'deferred': []}"
2026-06-08 17:00:40,of:0000000000000009,281476295891648,ADDED,40000,99,13794,100,org.onosproject.core,,,,,,"{'criteria': [{'type': 'ETH_TYPE', 'ethType': '0x8942'}]}","{'instructions': [{'type': 'OUTPUT', 'port': 'CONTROLLER'}], 'clearDeferred': True, 'deferred': []}"
2026-06-08 17:00:40,of:0000000000000009,281479019932926,ADDED,40000,0,0,100,org.onosproject.core,,,,,,"{'criteria': [{'type': 'ETH_TYPE', 'ethType': '0x806'}]}","{'instructions': [{'type': 'OUTPUT', 'port': 'CONTROLLER'}], 'clearDeferred': True, 'deferred': []}"
2026-06-08 17:00:45,of:000000000000000c,281479100460205,ADDED,40000,209,29121,105,org.onosproject.core,,,,,,"{'criteria': [{'type': 'ETH_TYPE', 'ethType': '0x88cc'}]}","{'instructions': [{'type': 'OUTPUT', 'port': 'CONTROLLER'}], 'clearDeferred': True, 'deferred': []}"
2026-06-08 17:00:45,of:000000000000000c,281475624796078,ADDED,40000,209,29121,105,org.onosproject.core,,,,,,"{'criteria': [{'type': 'ETH_TYPE', 'ethType': '0x8942'}]}","{'instructions': [{'type': 'OUTPUT', 'port': 'CONTROLLER'}], 'clearDeferred': True, 'deferred': []}"
2026-06-08 17:00:45,of:000000000000000c,281477504901495,ADDED,40000,0,0,105,org.onosproject.core,,,,,,"{'criteria': [{'type': 'ETH_TYPE', 'ethType': '0x806'}]}","{'instructions': [{'type': 'OUTPUT', 'port': 'CONTROLLER'}], 'clearDeferred': True, 'deferred': []}"
2026-06-08 17:00:45,of:000000000000000c,281476292687096,ADDED,5,83,8134,105,org.onosproject.core,,,,,,"{'criteria': [{'type': 'ETH_TYPE', 'ethType': '0x800'}]}","{'instructions': [{'type': 'OUTPUT', 'port': 'CONTROLLER'}], 'clearDeferred': True, 'deferred': []}"
2026-06-08 17:00:45,of:000000000000000d,281478200287907,ADDED,40000,210,29296,105,org.onosproject.core,,,,,,"{'criteria': [{'type': 'ETH_TYPE', 'ethType': '0x88cc'}]}","{'instructions': [{'type': 'OUTPUT', 'port': 'CONTROLLER'}], 'clearDeferred': True, 'deferred': []}"
2026-06-08 17:00:45,of:000000000000000d,281478788468154,ADDED,5,83,8134,105,org.onosproject.core,,,,,,"{'criteria': [{'type': 'ETH_TYPE', 'ethType': '0x800'}]}","{'instructions': [{'type': 'OUTPUT', 'port': 'CONTROLLER'}], 'clearDeferred': True, 'deferred': []}"
2026-06-08 17:00:45,of:000000000000000d,281478012698825,ADDED,40000,210,29296,105,org.onosproject.core,,,,,,"{'criteria': [{'type': 'ETH_TYPE', 'ethType': '0x8942'}]}","{'instructions': [{'type': 'OUTPUT', 'port': 'CONTROLLER'}], 'clearDeferred': True, 'deferred': []}"
2026-06-08 17:00:45,of:000000000000000d,281476618808057,ADDED,40000,0,0,105,org.onosproject.core,,,,,,"{'criteria': [{'type': 'ETH_TYPE', 'ethType': '0x806'}]}","{'instructions': [{'type': 'OUTPUT', 'port': 'CONTROLLER'}], 'clearDeferred': True, 'deferred': []}"
2026-06-08 17:00:45,of:000000000000000a,281477705784245,ADDED,5,3,294,105,org.onosproject.core,,,,,,"{'criteria': [{'type': 'ETH_TYPE', 'ethType': '0x800'}]}","{'instructions': [{'type': 'OUTPUT', 'port': 'CONTROLLER'}], 'clearDeferred': True, 'deferred': []}"
2026-06-08 17:00:45,of:000000000000000a,281475818964416,ADDED,40000,103,14352,105,org.onosproject.core,,,,,,"{'criteria': [{'type': 'ETH_TYPE', 'ethType': '0x8942'}]}","{'instructions': [{'type': 'OUTPUT', 'port': 'CONTROLLER'}], 'clearDeferred': True, 'deferred': []}"
2026-06-08 17:00:45,of:000000000000000a,281477034268888,ADDED,40000,103,14352,105,org.onosproject.core,,,,,,"{'criteria': [{'type': 'ETH_TYPE', 'ethType': '0x88cc'}]}","{'instructions': [{'type': 'OUTPUT', 'port': 'CONTROLLER'}], 'clearDeferred': True, 'deferred': []}"
2026-06-08 17:00:45,of:000000000000000a,281478593105785,ADDED,40000,0,0,105,org.onosproject.core,,,,,,"{'criteria': [{'type': 'ETH_TYPE', 'ethType': '0x806'}]}","{'instructions': [{'type': 'OUTPUT', 'port': 'CONTROLLER'}], 'clearDeferred': True, 'deferred': []}"
2026-06-08 17:00:45,of:000000000000000b,281478277078534,ADDED,5,101,9898,105,org.onosproject.core,,,,,,"{'criteria': [{'type': 'ETH_TYPE', 'ethType': '0x800'}]}","{'instructions': [{'type': 'OUTPUT', 'port': 'CONTROLLER'}], 'clearDeferred': True, 'deferred': []}"
2026-06-08 17:00:45,of:000000000000000b,34902898369757081,ADDED,10,105,10290,104,org.onosproject.fwd,00:00:00:00:00:01,00:00:00:00:00:02,,,1,"{'criteria': [{'type': 'IN_PORT', 'port': 1}, {'type': 'ETH_DST', 'mac': '00:00:00:00:00:02'}, {'type': 'ETH_SRC', 'mac': '00:00:00:00:00:01'}]}","{'instructions': [{'type': 'OUTPUT', 'port': '5'}], 'deferred': []}"
2026-06-08 17:00:45,of:000000000000000b,34902898247549216,ADDED,10,102,9996,102,org.onosproject.fwd,00:00:00:00:00:02,00:00:00:00:00:01,,,4,"{'criteria': [{'type': 'IN_PORT', 'port': 4}, {'type': 'ETH_DST', 'mac': '00:00:00:00:00:01'}, {'type': 'ETH_SRC', 'mac': '00:00:00:00:00:02'}]}","{'instructions': [{'type': 'OUTPUT', 'port': '1'}], 'deferred': []}"
2026-06-08 17:00:45,of:000000000000000b,281476663695951,ADDED,40000,0,0,105,org.onosproject.core,,,,,,"{'criteria': [{'type': 'ETH_TYPE', 'ethType': '0x806'}]}","{'instructions': [{'type': 'OUTPUT', 'port': 'CONTROLLER'}], 'clearDeferred': True, 'deferred': []}"
2026-06-08 17:00:45,of:000000000000000b,281476573370203,ADDED,40000,210,29260,105,org.onosproject.core,,,,,,"{'criteria': [{'type': 'ETH_TYPE', 'ethType': '0x88cc'}]}","{'instructions': [{'type': 'OUTPUT', 'port': 'CONTROLLER'}], 'clearDeferred': True, 'deferred': []}"
2026-06-08 17:00:45,of:000000000000000b,281476205675487,ADDED,40000,210,29260,105,org.onosproject.core,,,,,,"{'criteria': [{'type': 'ETH_TYPE', 'ethType': '0x8942'}]}","{'instructions': [{'type': 'OUTPUT', 'port': 'CONTROLLER'}], 'clearDeferred': True, 'deferred': []}"
2026-06-08 17:00:45,of:0000000000000003,281478170942982,ADDED,5,93,9114,105,org.onosproject.core,,,,,,"{'criteria': [{'type': 'ETH_TYPE', 'ethType': '0x800'}]}","{'instructions': [{'type': 'OUTPUT', 'port': 'CONTROLLER'}], 'clearDeferred': True, 'deferred': []}"
2026-06-08 17:00:45,of:0000000000000003,34902901306865815,ADDED,10,129,12642,105,org.onosproject.fwd,00:00:00:00:00:01,00:00:00:00:00:02,,,1,"{'criteria': [{'type': 'IN_PORT', 'port': 1}, {'type': 'ETH_DST', 'mac': '00:00:00:00:00:02'}, {'type': 'ETH_SRC', 'mac': '00:00:00:00:00:01'}]}","{'instructions': [{'type': 'OUTPUT', 'port': '2'}], 'deferred': []}"
2026-06-08 17:00:45,of:0000000000000003,281476661728682,ADDED,40000,70,9765,105,org.onosproject.core,,,,,,"{'criteria': [{'type': 'ETH_TYPE', 'ethType': '0x88cc'}]}","{'instructions': [{'type': 'OUTPUT', 'port': 'CONTROLLER'}], 'clearDeferred': True, 'deferred': []}"
2026-06-08 17:00:45,of:0000000000000003,281477764386537,ADDED,40000,0,0,105,org.onosproject.core,,,,,,"{'criteria': [{'type': 'ETH_TYPE', 'ethType': '0x806'}]}","{'instructions': [{'type': 'OUTPUT', 'port': 'CONTROLLER'}], 'clearDeferred': True, 'deferred': []}"
2026-06-08 17:00:45,of:0000000000000003,281476156249461,ADDED,40000,70,9765,105,org.onosproject.core,,,,,,"{'criteria': [{'type': 'ETH_TYPE', 'ethType': '0x8942'}]}","{'instructions': [{'type': 'OUTPUT', 'port': 'CONTROLLER'}], 'clearDeferred': True, 'deferred': []}"
2026-06-08 17:00:45,of:0000000000000004,281475616213265,ADDED,40000,70,9764,105,org.onosproject.core,,,,,,"{'criteria': [{'type': 'ETH_TYPE', 'ethType': '0x88cc'}]}","{'instructions': [{'type': 'OUTPUT', 'port': 'CONTROLLER'}], 'clearDeferred': True, 'deferred': []}"
2026-06-08 17:00:45,of:0000000000000004,281475265228006,ADDED,40000,0,0,105,org.onosproject.core,,,,,,"{'criteria': [{'type': 'ETH_TYPE', 'ethType': '0x806'}]}","{'instructions': [{'type': 'OUTPUT', 'port': 'CONTROLLER'}], 'clearDeferred': True, 'deferred': []}"
2026-06-08 17:00:45,of:0000000000000004,281477141311986,ADDED,5,88,8624,105,org.onosproject.core,,,,,,"{'criteria': [{'type': 'ETH_TYPE', 'ethType': '0x800'}]}","{'instructions': [{'type': 'OUTPUT', 'port': 'CONTROLLER'}], 'clearDeferred': True, 'deferred': []}"
2026-06-08 17:00:45,of:0000000000000004,281476729151998,ADDED,40000,70,9764,105,org.onosproject.core,,,,,,"{'criteria': [{'type': 'ETH_TYPE', 'ethType': '0x8942'}]}","{'instructions': [{'type': 'OUTPUT', 'port': 'CONTROLLER'}], 'clearDeferred': True, 'deferred': []}"
2026-06-08 17:00:45,of:0000000000000001,281478909873038,ADDED,40000,0,0,105,org.onosproject.core,,,,,,"{'criteria': [{'type': 'ETH_TYPE', 'ethType': '0x806'}]}","{'instructions': [{'type': 'OUTPUT', 'port': 'CONTROLLER'}], 'clearDeferred': True, 'deferred': []}"
2026-06-08 17:00:45,of:0000000000000001,34902899196753573,ADDED,10,104,10192,104,org.onosproject.fwd,00:00:00:00:00:01,00:00:00:00:00:02,,,4,"{'criteria': [{'type': 'IN_PORT', 'port': 4}, {'type': 'ETH_DST', 'mac': '00:00:00:00:00:02'}, {'type': 'ETH_SRC', 'mac': '00:00:00:00:00:01'}]}","{'instructions': [{'type': 'OUTPUT', 'port': '1'}], 'deferred': []}"
2026-06-08 17:00:45,of:0000000000000001,34902898986035913,ADDED,10,114,11172,104,org.onosproject.fwd,00:00:00:00:00:02,00:00:00:00:00:01,,,1,"{'criteria': [{'type': 'IN_PORT', 'port': 1}, {'type': 'ETH_DST', 'mac': '00:00:00:00:00:01'}, {'type': 'ETH_SRC', 'mac': '00:00:00:00:00:02'}]}","{'instructions': [{'type': 'OUTPUT', 'port': '4'}], 'deferred': []}"
2026-06-08 17:00:45,of:0000000000000001,281477466379610,ADDED,40000,106,14840,105,org.onosproject.core,,,,,,"{'criteria': [{'type': 'ETH_TYPE', 'ethType': '0x88cc'}]}","{'instructions': [{'type': 'OUTPUT', 'port': 'CONTROLLER'}], 'clearDeferred': True, 'deferred': []}"
2026-06-08 17:00:45,of:0000000000000001,281475012051420,ADDED,5,76,7448,105,org.onosproject.core,,,,,,"{'criteria': [{'type': 'ETH_TYPE', 'ethType': '0x800'}]}","{'instructions': [{'type': 'OUTPUT', 'port': 'CONTROLLER'}], 'clearDeferred': True, 'deferred': []}"
2026-06-08 17:00:45,of:0000000000000001,281477029321583,ADDED,40000,106,14840,105,org.onosproject.core,,,,,,"{'criteria': [{'type': 'ETH_TYPE', 'ethType': '0x8942'}]}","{'instructions': [{'type': 'OUTPUT', 'port': 'CONTROLLER'}], 'clearDeferred': True, 'deferred': []}"
2026-06-08 17:00:45,of:0000000000000002,281478316350853,ADDED,40000,0,0,105,org.onosproject.core,,,,,,"{'criteria': [{'type': 'ETH_TYPE', 'ethType': '0x806'}]}","{'instructions': [{'type': 'OUTPUT', 'port': 'CONTROLLER'}], 'clearDeferred': True, 'deferred': []}"
2026-06-08 17:00:45,of:0000000000000002,281478673389323,ADDED,40000,72,10044,105,org.onosproject.core,,,,,,"{'criteria': [{'type': 'ETH_TYPE', 'ethType': '0x8942'}]}","{'instructions': [{'type': 'OUTPUT', 'port': 'CONTROLLER'}], 'clearDeferred': True, 'deferred': []}"
2026-06-08 17:00:45,of:0000000000000002,34902898441429785,ADDED,10,102,9996,102,org.onosproject.fwd,00:00:00:00:00:02,00:00:00:00:00:01,,,3,"{'criteria': [{'type': 'IN_PORT', 'port': 3}, {'type': 'ETH_DST', 'mac': '00:00:00:00:00:01'}, {'type': 'ETH_SRC', 'mac': '00:00:00:00:00:02'}]}","{'instructions': [{'type': 'OUTPUT', 'port': '1'}], 'deferred': []}"
2026-06-08 17:00:45,of:0000000000000002,34902899328279504,ADDED,10,134,13132,105,org.onosproject.fwd,00:00:00:00:00:01,00:00:00:00:00:02,,,2,"{'criteria': [{'type': 'IN_PORT', 'port': 2}, {'type': 'ETH_DST', 'mac': '00:00:00:00:00:02'}, {'type': 'ETH_SRC', 'mac': '00:00:00:00:00:01'}]}","{'instructions': [{'type': 'OUTPUT', 'port': '3'}], 'deferred': []}"
2026-06-08 17:00:45,of:0000000000000002,281475022575828,ADDED,40000,72,10044,105,org.onosproject.core,,,,,,"{'criteria': [{'type': 'ETH_TYPE', 'ethType': '0x88cc'}]}","{'instructions': [{'type': 'OUTPUT', 'port': 'CONTROLLER'}], 'clearDeferred': True, 'deferred': []}"
2026-06-08 17:00:45,of:0000000000000002,281475568191580,ADDED,5,47,4606,105,org.onosproject.core,,,,,,"{'criteria': [{'type': 'ETH_TYPE', 'ethType': '0x800'}]}","{'instructions': [{'type': 'OUTPUT', 'port': 'CONTROLLER'}], 'clearDeferred': True, 'deferred': []}"
2026-06-08 17:00:45,of:0000000000000007,281475652364572,ADDED,5,3,294,105,org.onosproject.core,,,,,,"{'criteria': [{'type': 'ETH_TYPE', 'ethType': '0x800'}]}","{'instructions': [{'type': 'OUTPUT', 'port': 'CONTROLLER'}], 'clearDeferred': True, 'deferred': []}"
2026-06-08 17:00:45,of:0000000000000007,281478438392611,ADDED,40000,0,0,105,org.onosproject.core,,,,,,"{'criteria': [{'type': 'ETH_TYPE', 'ethType': '0x806'}]}","{'instructions': [{'type': 'OUTPUT', 'port': 'CONTROLLER'}], 'clearDeferred': True, 'deferred': []}"
2026-06-08 17:00:45,of:0000000000000007,281476350262333,ADDED,40000,70,9800,105,org.onosproject.core,,,,,,"{'criteria': [{'type': 'ETH_TYPE', 'ethType': '0x8942'}]}","{'instructions': [{'type': 'OUTPUT', 'port': 'CONTROLLER'}], 'clearDeferred': True, 'deferred': []}"
2026-06-08 17:00:45,of:0000000000000007,281475000925130,ADDED,40000,70,9800,105,org.onosproject.core,,,,,,"{'criteria': [{'type': 'ETH_TYPE', 'ethType': '0x88cc'}]}","{'instructions': [{'type': 'OUTPUT', 'port': 'CONTROLLER'}], 'clearDeferred': True, 'deferred': []}"
2026-06-08 17:00:45,of:0000000000000008,281476059291414,ADDED,40000,0,0,105,org.onosproject.core,,,,,,"{'criteria': [{'type': 'ETH_TYPE', 'ethType': '0x806'}]}","{'instructions': [{'type': 'OUTPUT', 'port': 'CONTROLLER'}], 'clearDeferred': True, 'deferred': []}"
2026-06-08 17:00:45,of:0000000000000008,281476101349656,ADDED,40000,108,15048,105,org.onosproject.core,,,,,,"{'criteria': [{'type': 'ETH_TYPE', 'ethType': '0x88cc'}]}","{'instructions': [{'type': 'OUTPUT', 'port': 'CONTROLLER'}], 'clearDeferred': True, 'deferred': []}"
2026-06-08 17:00:45,of:0000000000000008,281476270708671,ADDED,40000,108,15048,105,org.onosproject.core,,,,,,"{'criteria': [{'type': 'ETH_TYPE', 'ethType': '0x8942'}]}","{'instructions': [{'type': 'OUTPUT', 'port': 'CONTROLLER'}], 'clearDeferred': True, 'deferred': []}"
2026-06-08 17:00:45,of:0000000000000008,34902898875781211,ADDED,10,126,12348,104,org.onosproject.fwd,00:00:00:00:00:01,00:00:00:00:00:02,,,3,"{'criteria': [{'type': 'IN_PORT', 'port': 3}, {'type': 'ETH_DST', 'mac': '00:00:00:00:00:02'}, {'type': 'ETH_SRC', 'mac': '00:00:00:00:00:01'}]}","{'instructions': [{'type': 'OUTPUT', 'port': '2'}], 'deferred': []}"
2026-06-08 17:00:45,of:0000000000000008,281476010895837,ADDED,5,141,13818,105,org.onosproject.core,,,,,,"{'criteria': [{'type': 'ETH_TYPE', 'ethType': '0x800'}]}","{'instructions': [{'type': 'OUTPUT', 'port': 'CONTROLLER'}], 'clearDeferred': True, 'deferred': []}"
2026-06-08 17:00:45,of:0000000000000005,281478762460478,ADDED,40000,0,0,105,org.onosproject.core,,,,,,"{'criteria': [{'type': 'ETH_TYPE', 'ethType': '0x806'}]}","{'instructions': [{'type': 'OUTPUT', 'port': 'CONTROLLER'}], 'clearDeferred': True, 'deferred': []}"
2026-06-08 17:00:45,of:0000000000000005,281478211273411,ADDED,40000,70,9765,105,org.onosproject.core,,,,,,"{'criteria': [{'type': 'ETH_TYPE', 'ethType': '0x8942'}]}","{'instructions': [{'type': 'OUTPUT', 'port': 'CONTROLLER'}], 'clearDeferred': True, 'deferred': []}"
2026-06-08 17:00:45,of:0000000000000005,281475117841124,ADDED,5,53,5194,105,org.onosproject.core,,,,,,"{'criteria': [{'type': 'ETH_TYPE', 'ethType': '0x800'}]}","{'instructions': [{'type': 'OUTPUT', 'port': 'CONTROLLER'}], 'clearDeferred': True, 'deferred': []}"
2026-06-08 17:00:45,of:0000000000000005,281478979269874,ADDED,40000,70,9765,105,org.onosproject.core,,,,,,"{'criteria': [{'type': 'ETH_TYPE', 'ethType': '0x88cc'}]}","{'instructions': [{'type': 'OUTPUT', 'port': 'CONTROLLER'}], 'clearDeferred': True, 'deferred': []}"
2026-06-08 17:00:45,of:0000000000000006,281475738574217,ADDED,40000,70,9800,105,org.onosproject.core,,,,,,"{'criteria': [{'type': 'ETH_TYPE', 'ethType': '0x88cc'}]}","{'instructions': [{'type': 'OUTPUT', 'port': 'CONTROLLER'}], 'clearDeferred': True, 'deferred': []}"
2026-06-08 17:00:45,of:0000000000000006,281476873293724,ADDED,40000,70,9800,105,org.onosproject.core,,,,,,"{'criteria': [{'type': 'ETH_TYPE', 'ethType': '0x8942'}]}","{'instructions': [{'type': 'OUTPUT', 'port': 'CONTROLLER'}], 'clearDeferred': True, 'deferred': []}"
2026-06-08 17:00:45,of:0000000000000006,281475411377083,ADDED,40000,0,0,105,org.onosproject.core,,,,,,"{'criteria': [{'type': 'ETH_TYPE', 'ethType': '0x806'}]}","{'instructions': [{'type': 'OUTPUT', 'port': 'CONTROLLER'}], 'clearDeferred': True, 'deferred': []}"
2026-06-08 17:00:45,of:0000000000000006,281478888449605,ADDED,5,3,294,105,org.onosproject.core,,,,,,"{'criteria': [{'type': 'ETH_TYPE', 'ethType': '0x800'}]}","{'instructions': [{'type': 'OUTPUT', 'port': 'CONTROLLER'}], 'clearDeferred': True, 'deferred': []}"
2026-06-08 17:00:45,of:0000000000000009,281478887649794,ADDED,40000,105,14630,105,org.onosproject.core,,,,,,"{'criteria': [{'type': 'ETH_TYPE', 'ethType': '0x88cc'}]}","{'instructions': [{'type': 'OUTPUT', 'port': 'CONTROLLER'}], 'clearDeferred': True, 'deferred': []}"
2026-06-08 17:00:45,of:0000000000000009,281474993990194,ADDED,5,66,6468,105,org.onosproject.core,,,,,,"{'criteria': [{'type': 'ETH_TYPE', 'ethType': '0x800'}]}","{'instructions': [{'type': 'OUTPUT', 'port': 'CONTROLLER'}], 'clearDeferred': True, 'deferred': []}"
2026-06-08 17:00:45,of:0000000000000009,281476295891648,ADDED,40000,105,14630,105,org.onosproject.core,,,,,,"{'criteria': [{'type': 'ETH_TYPE', 'ethType': '0x8942'}]}","{'instructions': [{'type': 'OUTPUT', 'port': 'CONTROLLER'}], 'clearDeferred': True, 'deferred': []}"
2026-06-08 17:00:45,of:0000000000000009,281479019932926,ADDED,40000,0,0,105,org.onosproject.core,,,,,,"{'criteria': [{'type': 'ETH_TYPE', 'ethType': '0x806'}]}","{'instructions': [{'type': 'OUTPUT', 'port': 'CONTROLLER'}], 'clearDeferred': True, 'deferred': []}"
2026-06-08 17:00:51,of:000000000000000c,281479100460205,ADDED,40000,220,30654,110,org.onosproject.core,,,,,,"{'criteria': [{'type': 'ETH_TYPE', 'ethType': '0x88cc'}]}","{'instructions': [{'type': 'OUTPUT', 'port': 'CONTROLLER'}], 'clearDeferred': True, 'deferred': []}"
2026-06-08 17:00:51,of:000000000000000c,281475624796078,ADDED,40000,220,30654,110,org.onosproject.core,,,,,,"{'criteria': [{'type': 'ETH_TYPE', 'ethType': '0x8942'}]}","{'instructions': [{'type': 'OUTPUT', 'port': 'CONTROLLER'}], 'clearDeferred': True, 'deferred': []}"
2026-06-08 17:00:51,of:000000000000000c,281477504901495,ADDED,40000,0,0,110,org.onosproject.core,,,,,,"{'criteria': [{'type': 'ETH_TYPE', 'ethType': '0x806'}]}","{'instructions': [{'type': 'OUTPUT', 'port': 'CONTROLLER'}], 'clearDeferred': True, 'deferred': []}"
2026-06-08 17:00:51,of:000000000000000c,281476292687096,ADDED,5,83,8134,110,org.onosproject.core,,,,,,"{'criteria': [{'type': 'ETH_TYPE', 'ethType': '0x800'}]}","{'instructions': [{'type': 'OUTPUT', 'port': 'CONTROLLER'}], 'clearDeferred': True, 'deferred': []}"
2026-06-08 17:00:51,of:000000000000000d,281478200287907,ADDED,40000,216,30133,110,org.onosproject.core,,,,,,"{'criteria': [{'type': 'ETH_TYPE', 'ethType': '0x88cc'}]}","{'instructions': [{'type': 'OUTPUT', 'port': 'CONTROLLER'}], 'clearDeferred': True, 'deferred': []}"
2026-06-08 17:00:51,of:000000000000000d,281478788468154,ADDED,5,83,8134,110,org.onosproject.core,,,,,,"{'criteria': [{'type': 'ETH_TYPE', 'ethType': '0x800'}]}","{'instructions': [{'type': 'OUTPUT', 'port': 'CONTROLLER'}], 'clearDeferred': True, 'deferred': []}"
2026-06-08 17:00:51,of:000000000000000d,281478012698825,ADDED,40000,216,30133,110,org.onosproject.core,,,,,,"{'criteria': [{'type': 'ETH_TYPE', 'ethType': '0x8942'}]}","{'instructions': [{'type': 'OUTPUT', 'port': 'CONTROLLER'}], 'clearDeferred': True, 'deferred': []}"
2026-06-08 17:00:51,of:000000000000000d,281476618808057,ADDED,40000,0,0,110,org.onosproject.core,,,,,,"{'criteria': [{'type': 'ETH_TYPE', 'ethType': '0x806'}]}","{'instructions': [{'type': 'OUTPUT', 'port': 'CONTROLLER'}], 'clearDeferred': True, 'deferred': []}"
2026-06-08 17:00:51,of:000000000000000a,281477705784245,ADDED,5,3,294,110,org.onosproject.core,,,,,,"{'criteria': [{'type': 'ETH_TYPE', 'ethType': '0x800'}]}","{'instructions': [{'type': 'OUTPUT', 'port': 'CONTROLLER'}], 'clearDeferred': True, 'deferred': []}"
2026-06-08 17:00:51,of:000000000000000a,281475818964416,ADDED,40000,107,14910,110,org.onosproject.core,,,,,,"{'criteria': [{'type': 'ETH_TYPE', 'ethType': '0x8942'}]}","{'instructions': [{'type': 'OUTPUT', 'port': 'CONTROLLER'}], 'clearDeferred': True, 'deferred': []}"
2026-06-08 17:00:51,of:000000000000000a,281477034268888,ADDED,40000,107,14910,110,org.onosproject.core,,,,,,"{'criteria': [{'type': 'ETH_TYPE', 'ethType': '0x88cc'}]}","{'instructions': [{'type': 'OUTPUT', 'port': 'CONTROLLER'}], 'clearDeferred': True, 'deferred': []}"
2026-06-08 17:00:51,of:000000000000000a,281478593105785,ADDED,40000,0,0,110,org.onosproject.core,,,,,,"{'criteria': [{'type': 'ETH_TYPE', 'ethType': '0x806'}]}","{'instructions': [{'type': 'OUTPUT', 'port': 'CONTROLLER'}], 'clearDeferred': True, 'deferred': []}"
2026-06-08 17:00:51,of:000000000000000b,281478277078534,ADDED,5,101,9898,110,org.onosproject.core,,,,,,"{'criteria': [{'type': 'ETH_TYPE', 'ethType': '0x800'}]}","{'instructions': [{'type': 'OUTPUT', 'port': 'CONTROLLER'}], 'clearDeferred': True, 'deferred': []}"
2026-06-08 17:00:51,of:000000000000000b,34902898369757081,ADDED,10,110,10780,109,org.onosproject.fwd,00:00:00:00:00:01,00:00:00:00:00:02,,,1,"{'criteria': [{'type': 'IN_PORT', 'port': 1}, {'type': 'ETH_DST', 'mac': '00:00:00:00:00:02'}, {'type': 'ETH_SRC', 'mac': '00:00:00:00:00:01'}]}","{'instructions': [{'type': 'OUTPUT', 'port': '5'}], 'deferred': []}"
2026-06-08 17:00:51,of:000000000000000b,34902898247549216,ADDED,10,107,10486,107,org.onosproject.fwd,00:00:00:00:00:02,00:00:00:00:00:01,,,4,"{'criteria': [{'type': 'IN_PORT', 'port': 4}, {'type': 'ETH_DST', 'mac': '00:00:00:00:00:01'}, {'type': 'ETH_SRC', 'mac': '00:00:00:00:00:02'}]}","{'instructions': [{'type': 'OUTPUT', 'port': '1'}], 'deferred': []}"
2026-06-08 17:00:51,of:000000000000000b,281476663695951,ADDED,40000,0,0,110,org.onosproject.core,,,,,,"{'criteria': [{'type': 'ETH_TYPE', 'ethType': '0x806'}]}","{'instructions': [{'type': 'OUTPUT', 'port': 'CONTROLLER'}], 'clearDeferred': True, 'deferred': []}"
2026-06-08 17:00:51,of:000000000000000b,281476573370203,ADDED,40000,222,30932,110,org.onosproject.core,,,,,,"{'criteria': [{'type': 'ETH_TYPE', 'ethType': '0x88cc'}]}","{'instructions': [{'type': 'OUTPUT', 'port': 'CONTROLLER'}], 'clearDeferred': True, 'deferred': []}"
2026-06-08 17:00:51,of:000000000000000b,281476205675487,ADDED,40000,222,30932,110,org.onosproject.core,,,,,,"{'criteria': [{'type': 'ETH_TYPE', 'ethType': '0x8942'}]}","{'instructions': [{'type': 'OUTPUT', 'port': 'CONTROLLER'}], 'clearDeferred': True, 'deferred': []}"
2026-06-08 17:00:51,of:0000000000000003,281478170942982,ADDED,5,93,9114,110,org.onosproject.core,,,,,,"{'criteria': [{'type': 'ETH_TYPE', 'ethType': '0x800'}]}","{'instructions': [{'type': 'OUTPUT', 'port': 'CONTROLLER'}], 'clearDeferred': True, 'deferred': []}"
2026-06-08 17:00:51,of:0000000000000003,34902901306865815,ADDED,10,134,13132,110,org.onosproject.fwd,00:00:00:00:00:01,00:00:00:00:00:02,,,1,"{'criteria': [{'type': 'IN_PORT', 'port': 1}, {'type': 'ETH_DST', 'mac': '00:00:00:00:00:02'}, {'type': 'ETH_SRC', 'mac': '00:00:00:00:00:01'}]}","{'instructions': [{'type': 'OUTPUT', 'port': '2'}], 'deferred': []}"
2026-06-08 17:00:51,of:0000000000000003,281476661728682,ADDED,40000,74,10323,110,org.onosproject.core,,,,,,"{'criteria': [{'type': 'ETH_TYPE', 'ethType': '0x88cc'}]}","{'instructions': [{'type': 'OUTPUT', 'port': 'CONTROLLER'}], 'clearDeferred': True, 'deferred': []}"
2026-06-08 17:00:51,of:0000000000000003,281477764386537,ADDED,40000,0,0,110,org.onosproject.core,,,,,,"{'criteria': [{'type': 'ETH_TYPE', 'ethType': '0x806'}]}","{'instructions': [{'type': 'OUTPUT', 'port': 'CONTROLLER'}], 'clearDeferred': True, 'deferred': []}"
2026-06-08 17:00:51,of:0000000000000003,281476156249461,ADDED,40000,74,10323,110,org.onosproject.core,,,,,,"{'criteria': [{'type': 'ETH_TYPE', 'ethType': '0x8942'}]}","{'instructions': [{'type': 'OUTPUT', 'port': 'CONTROLLER'}], 'clearDeferred': True, 'deferred': []}"
2026-06-08 17:00:51,of:0000000000000004,281475616213265,ADDED,40000,72,10043,110,org.onosproject.core,,,,,,"{'criteria': [{'type': 'ETH_TYPE', 'ethType': '0x88cc'}]}","{'instructions': [{'type': 'OUTPUT', 'port': 'CONTROLLER'}], 'clearDeferred': True, 'deferred': []}"
2026-06-08 17:00:51,of:0000000000000004,281475265228006,ADDED,40000,0,0,110,org.onosproject.core,,,,,,"{'criteria': [{'type': 'ETH_TYPE', 'ethType': '0x806'}]}","{'instructions': [{'type': 'OUTPUT', 'port': 'CONTROLLER'}], 'clearDeferred': True, 'deferred': []}"
2026-06-08 17:00:51,of:0000000000000004,281477141311986,ADDED,5,88,8624,110,org.onosproject.core,,,,,,"{'criteria': [{'type': 'ETH_TYPE', 'ethType': '0x800'}]}","{'instructions': [{'type': 'OUTPUT', 'port': 'CONTROLLER'}], 'clearDeferred': True, 'deferred': []}"
2026-06-08 17:00:51,of:0000000000000004,281476729151998,ADDED,40000,72,10043,110,org.onosproject.core,,,,,,"{'criteria': [{'type': 'ETH_TYPE', 'ethType': '0x8942'}]}","{'instructions': [{'type': 'OUTPUT', 'port': 'CONTROLLER'}], 'clearDeferred': True, 'deferred': []}"
2026-06-08 17:00:51,of:0000000000000001,281478909873038,ADDED,40000,0,0,110,org.onosproject.core,,,,,,"{'criteria': [{'type': 'ETH_TYPE', 'ethType': '0x806'}]}","{'instructions': [{'type': 'OUTPUT', 'port': 'CONTROLLER'}], 'clearDeferred': True, 'deferred': []}"
2026-06-08 17:00:51,of:0000000000000001,34902899196753573,ADDED,10,109,10682,109,org.onosproject.fwd,00:00:00:00:00:01,00:00:00:00:00:02,,,4,"{'criteria': [{'type': 'IN_PORT', 'port': 4}, {'type': 'ETH_DST', 'mac': '00:00:00:00:00:02'}, {'type': 'ETH_SRC', 'mac': '00:00:00:00:00:01'}]}","{'instructions': [{'type': 'OUTPUT', 'port': '1'}], 'deferred': []}"
2026-06-08 17:00:51,of:0000000000000001,34902898986035913,ADDED,10,119,11662,109,org.onosproject.fwd,00:00:00:00:00:02,00:00:00:00:00:01,,,1,"{'criteria': [{'type': 'IN_PORT', 'port': 1}, {'type': 'ETH_DST', 'mac': '00:00:00:00:00:01'}, {'type': 'ETH_SRC', 'mac': '00:00:00:00:00:02'}]}","{'instructions': [{'type': 'OUTPUT', 'port': '4'}], 'deferred': []}"
2026-06-08 17:00:51,of:0000000000000001,281477466379610,ADDED,40000,109,15260,110,org.onosproject.core,,,,,,"{'criteria': [{'type': 'ETH_TYPE', 'ethType': '0x88cc'}]}","{'instructions': [{'type': 'OUTPUT', 'port': 'CONTROLLER'}], 'clearDeferred': True, 'deferred': []}"
2026-06-08 17:00:51,of:0000000000000001,281475012051420,ADDED,5,76,7448,110,org.onosproject.core,,,,,,"{'criteria': [{'type': 'ETH_TYPE', 'ethType': '0x800'}]}","{'instructions': [{'type': 'OUTPUT', 'port': 'CONTROLLER'}], 'clearDeferred': True, 'deferred': []}"
2026-06-08 17:00:51,of:0000000000000001,281477029321583,ADDED,40000,109,15260,110,org.onosproject.core,,,,,,"{'criteria': [{'type': 'ETH_TYPE', 'ethType': '0x8942'}]}","{'instructions': [{'type': 'OUTPUT', 'port': 'CONTROLLER'}], 'clearDeferred': True, 'deferred': []}"
2026-06-08 17:00:51,of:0000000000000002,281478316350853,ADDED,40000,0,0,110,org.onosproject.core,,,,,,"{'criteria': [{'type': 'ETH_TYPE', 'ethType': '0x806'}]}","{'instructions': [{'type': 'OUTPUT', 'port': 'CONTROLLER'}], 'clearDeferred': True, 'deferred': []}"
2026-06-08 17:00:51,of:0000000000000002,281478673389323,ADDED,40000,74,10323,110,org.onosproject.core,,,,,,"{'criteria': [{'type': 'ETH_TYPE', 'ethType': '0x8942'}]}","{'instructions': [{'type': 'OUTPUT', 'port': 'CONTROLLER'}], 'clearDeferred': True, 'deferred': []}"
2026-06-08 17:00:51,of:0000000000000002,34902898441429785,ADDED,10,107,10486,107,org.onosproject.fwd,00:00:00:00:00:02,00:00:00:00:00:01,,,3,"{'criteria': [{'type': 'IN_PORT', 'port': 3}, {'type': 'ETH_DST', 'mac': '00:00:00:00:00:01'}, {'type': 'ETH_SRC', 'mac': '00:00:00:00:00:02'}]}","{'instructions': [{'type': 'OUTPUT', 'port': '1'}], 'deferred': []}"
2026-06-08 17:00:51,of:0000000000000002,34902899328279504,ADDED,10,139,13622,110,org.onosproject.fwd,00:00:00:00:00:01,00:00:00:00:00:02,,,2,"{'criteria': [{'type': 'IN_PORT', 'port': 2}, {'type': 'ETH_DST', 'mac': '00:00:00:00:00:02'}, {'type': 'ETH_SRC', 'mac': '00:00:00:00:00:01'}]}","{'instructions': [{'type': 'OUTPUT', 'port': '3'}], 'deferred': []}"
2026-06-08 17:00:51,of:0000000000000002,281475022575828,ADDED,40000,74,10323,110,org.onosproject.core,,,,,,"{'criteria': [{'type': 'ETH_TYPE', 'ethType': '0x88cc'}]}","{'instructions': [{'type': 'OUTPUT', 'port': 'CONTROLLER'}], 'clearDeferred': True, 'deferred': []}"
2026-06-08 17:00:51,of:0000000000000002,281475568191580,ADDED,5,47,4606,110,org.onosproject.core,,,,,,"{'criteria': [{'type': 'ETH_TYPE', 'ethType': '0x800'}]}","{'instructions': [{'type': 'OUTPUT', 'port': 'CONTROLLER'}], 'clearDeferred': True, 'deferred': []}"
2026-06-08 17:00:51,of:0000000000000007,281475652364572,ADDED,5,3,294,110,org.onosproject.core,,,,,,"{'criteria': [{'type': 'ETH_TYPE', 'ethType': '0x800'}]}","{'instructions': [{'type': 'OUTPUT', 'port': 'CONTROLLER'}], 'clearDeferred': True, 'deferred': []}"
2026-06-08 17:00:51,of:0000000000000007,281478438392611,ADDED,40000,0,0,110,org.onosproject.core,,,,,,"{'criteria': [{'type': 'ETH_TYPE', 'ethType': '0x806'}]}","{'instructions': [{'type': 'OUTPUT', 'port': 'CONTROLLER'}], 'clearDeferred': True, 'deferred': []}"
2026-06-08 17:00:51,of:0000000000000007,281476350262333,ADDED,40000,74,10360,110,org.onosproject.core,,,,,,"{'criteria': [{'type': 'ETH_TYPE', 'ethType': '0x8942'}]}","{'instructions': [{'type': 'OUTPUT', 'port': 'CONTROLLER'}], 'clearDeferred': True, 'deferred': []}"
2026-06-08 17:00:51,of:0000000000000007,281475000925130,ADDED,40000,74,10360,110,org.onosproject.core,,,,,,"{'criteria': [{'type': 'ETH_TYPE', 'ethType': '0x88cc'}]}","{'instructions': [{'type': 'OUTPUT', 'port': 'CONTROLLER'}], 'clearDeferred': True, 'deferred': []}"
2026-06-08 17:00:51,of:0000000000000008,281476059291414,ADDED,40000,0,0,110,org.onosproject.core,,,,,,"{'criteria': [{'type': 'ETH_TYPE', 'ethType': '0x806'}]}","{'instructions': [{'type': 'OUTPUT', 'port': 'CONTROLLER'}], 'clearDeferred': True, 'deferred': []}"
2026-06-08 17:00:51,of:0000000000000008,281476101349656,ADDED,40000,111,15466,110,org.onosproject.core,,,,,,"{'criteria': [{'type': 'ETH_TYPE', 'ethType': '0x88cc'}]}","{'instructions': [{'type': 'OUTPUT', 'port': 'CONTROLLER'}], 'clearDeferred': True, 'deferred': []}"
2026-06-08 17:00:51,of:0000000000000008,281476270708671,ADDED,40000,111,15466,110,org.onosproject.core,,,,,,"{'criteria': [{'type': 'ETH_TYPE', 'ethType': '0x8942'}]}","{'instructions': [{'type': 'OUTPUT', 'port': 'CONTROLLER'}], 'clearDeferred': True, 'deferred': []}"
2026-06-08 17:00:51,of:0000000000000008,34902898875781211,ADDED,10,131,12838,109,org.onosproject.fwd,00:00:00:00:00:01,00:00:00:00:00:02,,,3,"{'criteria': [{'type': 'IN_PORT', 'port': 3}, {'type': 'ETH_DST', 'mac': '00:00:00:00:00:02'}, {'type': 'ETH_SRC', 'mac': '00:00:00:00:00:01'}]}","{'instructions': [{'type': 'OUTPUT', 'port': '2'}], 'deferred': []}"
2026-06-08 17:00:51,of:0000000000000008,281476010895837,ADDED,5,141,13818,110,org.onosproject.core,,,,,,"{'criteria': [{'type': 'ETH_TYPE', 'ethType': '0x800'}]}","{'instructions': [{'type': 'OUTPUT', 'port': 'CONTROLLER'}], 'clearDeferred': True, 'deferred': []}"
2026-06-08 17:00:51,of:0000000000000005,281478762460478,ADDED,40000,0,0,110,org.onosproject.core,,,,,,"{'criteria': [{'type': 'ETH_TYPE', 'ethType': '0x806'}]}","{'instructions': [{'type': 'OUTPUT', 'port': 'CONTROLLER'}], 'clearDeferred': True, 'deferred': []}"
2026-06-08 17:00:51,of:0000000000000005,281478211273411,ADDED,40000,74,10323,110,org.onosproject.core,,,,,,"{'criteria': [{'type': 'ETH_TYPE', 'ethType': '0x8942'}]}","{'instructions': [{'type': 'OUTPUT', 'port': 'CONTROLLER'}], 'clearDeferred': True, 'deferred': []}"
2026-06-08 17:00:51,of:0000000000000005,281475117841124,ADDED,5,53,5194,110,org.onosproject.core,,,,,,"{'criteria': [{'type': 'ETH_TYPE', 'ethType': '0x800'}]}","{'instructions': [{'type': 'OUTPUT', 'port': 'CONTROLLER'}], 'clearDeferred': True, 'deferred': []}"
2026-06-08 17:00:51,of:0000000000000005,281478979269874,ADDED,40000,74,10323,110,org.onosproject.core,,,,,,"{'criteria': [{'type': 'ETH_TYPE', 'ethType': '0x88cc'}]}","{'instructions': [{'type': 'OUTPUT', 'port': 'CONTROLLER'}], 'clearDeferred': True, 'deferred': []}"
2026-06-08 17:00:51,of:0000000000000006,281475738574217,ADDED,40000,74,10360,110,org.onosproject.core,,,,,,"{'criteria': [{'type': 'ETH_TYPE', 'ethType': '0x88cc'}]}","{'instructions': [{'type': 'OUTPUT', 'port': 'CONTROLLER'}], 'clearDeferred': True, 'deferred': []}"
2026-06-08 17:00:51,of:0000000000000006,281476873293724,ADDED,40000,74,10360,110,org.onosproject.core,,,,,,"{'criteria': [{'type': 'ETH_TYPE', 'ethType': '0x8942'}]}","{'instructions': [{'type': 'OUTPUT', 'port': 'CONTROLLER'}], 'clearDeferred': True, 'deferred': []}"
2026-06-08 17:00:51,of:0000000000000006,281475411377083,ADDED,40000,0,0,110,org.onosproject.core,,,,,,"{'criteria': [{'type': 'ETH_TYPE', 'ethType': '0x806'}]}","{'instructions': [{'type': 'OUTPUT', 'port': 'CONTROLLER'}], 'clearDeferred': True, 'deferred': []}"
2026-06-08 17:00:51,of:0000000000000006,281478888449605,ADDED,5,3,294,110,org.onosproject.core,,,,,,"{'criteria': [{'type': 'ETH_TYPE', 'ethType': '0x800'}]}","{'instructions': [{'type': 'OUTPUT', 'port': 'CONTROLLER'}], 'clearDeferred': True, 'deferred': []}"
2026-06-08 17:00:51,of:0000000000000009,281478887649794,ADDED,40000,108,15048,110,org.onosproject.core,,,,,,"{'criteria': [{'type': 'ETH_TYPE', 'ethType': '0x88cc'}]}","{'instructions': [{'type': 'OUTPUT', 'port': 'CONTROLLER'}], 'clearDeferred': True, 'deferred': []}"
2026-06-08 17:00:51,of:0000000000000009,281474993990194,ADDED,5,66,6468,110,org.onosproject.core,,,,,,"{'criteria': [{'type': 'ETH_TYPE', 'ethType': '0x800'}]}","{'instructions': [{'type': 'OUTPUT', 'port': 'CONTROLLER'}], 'clearDeferred': True, 'deferred': []}"
2026-06-08 17:00:51,of:0000000000000009,281476295891648,ADDED,40000,108,15048,110,org.onosproject.core,,,,,,"{'criteria': [{'type': 'ETH_TYPE', 'ethType': '0x8942'}]}","{'instructions': [{'type': 'OUTPUT', 'port': 'CONTROLLER'}], 'clearDeferred': True, 'deferred': []}"
2026-06-08 17:00:51,of:0000000000000009,281479019932926,ADDED,40000,0,0,110,org.onosproject.core,,,,,,"{'criteria': [{'type': 'ETH_TYPE', 'ethType': '0x806'}]}","{'instructions': [{'type': 'OUTPUT', 'port': 'CONTROLLER'}], 'clearDeferred': True, 'deferred': []}"
2026-06-08 17:00:56,of:000000000000000c,281479100460205,ADDED,40000,232,32326,115,org.onosproject.core,,,,,,"{'criteria': [{'type': 'ETH_TYPE', 'ethType': '0x88cc'}]}","{'instructions': [{'type': 'OUTPUT', 'port': 'CONTROLLER'}], 'clearDeferred': True, 'deferred': []}"
2026-06-08 17:00:56,of:000000000000000c,281475624796078,ADDED,40000,232,32326,115,org.onosproject.core,,,,,,"{'criteria': [{'type': 'ETH_TYPE', 'ethType': '0x8942'}]}","{'instructions': [{'type': 'OUTPUT', 'port': 'CONTROLLER'}], 'clearDeferred': True, 'deferred': []}"
2026-06-08 17:00:56,of:000000000000000c,281477504901495,ADDED,40000,0,0,115,org.onosproject.core,,,,,,"{'criteria': [{'type': 'ETH_TYPE', 'ethType': '0x806'}]}","{'instructions': [{'type': 'OUTPUT', 'port': 'CONTROLLER'}], 'clearDeferred': True, 'deferred': []}"
2026-06-08 17:00:56,of:000000000000000c,281476292687096,ADDED,5,83,8134,115,org.onosproject.core,,,,,,"{'criteria': [{'type': 'ETH_TYPE', 'ethType': '0x800'}]}","{'instructions': [{'type': 'OUTPUT', 'port': 'CONTROLLER'}], 'clearDeferred': True, 'deferred': []}"
2026-06-08 17:00:56,of:000000000000000d,281478200287907,ADDED,40000,228,31807,115,org.onosproject.core,,,,,,"{'criteria': [{'type': 'ETH_TYPE', 'ethType': '0x88cc'}]}","{'instructions': [{'type': 'OUTPUT', 'port': 'CONTROLLER'}], 'clearDeferred': True, 'deferred': []}"
2026-06-08 17:00:56,of:000000000000000d,281478788468154,ADDED,5,83,8134,115,org.onosproject.core,,,,,,"{'criteria': [{'type': 'ETH_TYPE', 'ethType': '0x800'}]}","{'instructions': [{'type': 'OUTPUT', 'port': 'CONTROLLER'}], 'clearDeferred': True, 'deferred': []}"
2026-06-08 17:00:56,of:000000000000000d,281478012698825,ADDED,40000,228,31807,115,org.onosproject.core,,,,,,"{'criteria': [{'type': 'ETH_TYPE', 'ethType': '0x8942'}]}","{'instructions': [{'type': 'OUTPUT', 'port': 'CONTROLLER'}], 'clearDeferred': True, 'deferred': []}"
2026-06-08 17:00:56,of:000000000000000d,281476618808057,ADDED,40000,0,0,115,org.onosproject.core,,,,,,"{'criteria': [{'type': 'ETH_TYPE', 'ethType': '0x806'}]}","{'instructions': [{'type': 'OUTPUT', 'port': 'CONTROLLER'}], 'clearDeferred': True, 'deferred': []}"
2026-06-08 17:00:56,of:000000000000000a,281477705784245,ADDED,5,3,294,115,org.onosproject.core,,,,,,"{'criteria': [{'type': 'ETH_TYPE', 'ethType': '0x800'}]}","{'instructions': [{'type': 'OUTPUT', 'port': 'CONTROLLER'}], 'clearDeferred': True, 'deferred': []}"
2026-06-08 17:00:56,of:000000000000000a,281475818964416,ADDED,40000,113,15746,115,org.onosproject.core,,,,,,"{'criteria': [{'type': 'ETH_TYPE', 'ethType': '0x8942'}]}","{'instructions': [{'type': 'OUTPUT', 'port': 'CONTROLLER'}], 'clearDeferred': True, 'deferred': []}"
2026-06-08 17:00:56,of:000000000000000a,281477034268888,ADDED,40000,113,15746,115,org.onosproject.core,,,,,,"{'criteria': [{'type': 'ETH_TYPE', 'ethType': '0x88cc'}]}","{'instructions': [{'type': 'OUTPUT', 'port': 'CONTROLLER'}], 'clearDeferred': True, 'deferred': []}"
2026-06-08 17:00:56,of:000000000000000a,281478593105785,ADDED,40000,0,0,115,org.onosproject.core,,,,,,"{'criteria': [{'type': 'ETH_TYPE', 'ethType': '0x806'}]}","{'instructions': [{'type': 'OUTPUT', 'port': 'CONTROLLER'}], 'clearDeferred': True, 'deferred': []}"
2026-06-08 17:00:56,of:000000000000000b,281478277078534,ADDED,5,101,9898,115,org.onosproject.core,,,,,,"{'criteria': [{'type': 'ETH_TYPE', 'ethType': '0x800'}]}","{'instructions': [{'type': 'OUTPUT', 'port': 'CONTROLLER'}], 'clearDeferred': True, 'deferred': []}"
2026-06-08 17:00:56,of:000000000000000b,34902898369757081,ADDED,10,115,11270,114,org.onosproject.fwd,00:00:00:00:00:01,00:00:00:00:00:02,,,1,"{'criteria': [{'type': 'IN_PORT', 'port': 1}, {'type': 'ETH_DST', 'mac': '00:00:00:00:00:02'}, {'type': 'ETH_SRC', 'mac': '00:00:00:00:00:01'}]}","{'instructions': [{'type': 'OUTPUT', 'port': '5'}], 'deferred': []}"
2026-06-08 17:00:56,of:000000000000000b,34902898247549216,ADDED,10,112,10976,112,org.onosproject.fwd,00:00:00:00:00:02,00:00:00:00:00:01,,,4,"{'criteria': [{'type': 'IN_PORT', 'port': 4}, {'type': 'ETH_DST', 'mac': '00:00:00:00:00:01'}, {'type': 'ETH_SRC', 'mac': '00:00:00:00:00:02'}]}","{'instructions': [{'type': 'OUTPUT', 'port': '1'}], 'deferred': []}"
2026-06-08 17:00:56,of:000000000000000b,281476663695951,ADDED,40000,0,0,115,org.onosproject.core,,,,,,"{'criteria': [{'type': 'ETH_TYPE', 'ethType': '0x806'}]}","{'instructions': [{'type': 'OUTPUT', 'port': 'CONTROLLER'}], 'clearDeferred': True, 'deferred': []}"
2026-06-08 17:00:56,of:000000000000000b,281476573370203,ADDED,40000,234,32604,115,org.onosproject.core,,,,,,"{'criteria': [{'type': 'ETH_TYPE', 'ethType': '0x88cc'}]}","{'instructions': [{'type': 'OUTPUT', 'port': 'CONTROLLER'}], 'clearDeferred': True, 'deferred': []}"
2026-06-08 17:00:56,of:000000000000000b,281476205675487,ADDED,40000,234,32604,115,org.onosproject.core,,,,,,"{'criteria': [{'type': 'ETH_TYPE', 'ethType': '0x8942'}]}","{'instructions': [{'type': 'OUTPUT', 'port': 'CONTROLLER'}], 'clearDeferred': True, 'deferred': []}"
2026-06-08 17:00:56,of:0000000000000003,281478170942982,ADDED,5,93,9114,115,org.onosproject.core,,,,,,"{'criteria': [{'type': 'ETH_TYPE', 'ethType': '0x800'}]}","{'instructions': [{'type': 'OUTPUT', 'port': 'CONTROLLER'}], 'clearDeferred': True, 'deferred': []}"
2026-06-08 17:00:56,of:0000000000000003,34902901306865815,ADDED,10,139,13622,115,org.onosproject.fwd,00:00:00:00:00:01,00:00:00:00:00:02,,,1,"{'criteria': [{'type': 'IN_PORT', 'port': 1}, {'type': 'ETH_DST', 'mac': '00:00:00:00:00:02'}, {'type': 'ETH_SRC', 'mac': '00:00:00:00:00:01'}]}","{'instructions': [{'type': 'OUTPUT', 'port': '2'}], 'deferred': []}"
2026-06-08 17:00:56,of:0000000000000003,281476661728682,ADDED,40000,78,10881,115,org.onosproject.core,,,,,,"{'criteria': [{'type': 'ETH_TYPE', 'ethType': '0x88cc'}]}","{'instructions': [{'type': 'OUTPUT', 'port': 'CONTROLLER'}], 'clearDeferred': True, 'deferred': []}"
2026-06-08 17:00:56,of:0000000000000003,281477764386537,ADDED,40000,0,0,115,org.onosproject.core,,,,,,"{'criteria': [{'type': 'ETH_TYPE', 'ethType': '0x806'}]}","{'instructions': [{'type': 'OUTPUT', 'port': 'CONTROLLER'}], 'clearDeferred': True, 'deferred': []}"
2026-06-08 17:00:56,of:0000000000000003,281476156249461,ADDED,40000,78,10881,115,org.onosproject.core,,,,,,"{'criteria': [{'type': 'ETH_TYPE', 'ethType': '0x8942'}]}","{'instructions': [{'type': 'OUTPUT', 'port': 'CONTROLLER'}], 'clearDeferred': True, 'deferred': []}"
2026-06-08 17:00:56,of:0000000000000004,281475616213265,ADDED,40000,76,10601,115,org.onosproject.core,,,,,,"{'criteria': [{'type': 'ETH_TYPE', 'ethType': '0x88cc'}]}","{'instructions': [{'type': 'OUTPUT', 'port': 'CONTROLLER'}], 'clearDeferred': True, 'deferred': []}"
2026-06-08 17:00:56,of:0000000000000004,281475265228006,ADDED,40000,0,0,115,org.onosproject.core,,,,,,"{'criteria': [{'type': 'ETH_TYPE', 'ethType': '0x806'}]}","{'instructions': [{'type': 'OUTPUT', 'port': 'CONTROLLER'}], 'clearDeferred': True, 'deferred': []}"
2026-06-08 17:00:56,of:0000000000000004,281477141311986,ADDED,5,88,8624,115,org.onosproject.core,,,,,,"{'criteria': [{'type': 'ETH_TYPE', 'ethType': '0x800'}]}","{'instructions': [{'type': 'OUTPUT', 'port': 'CONTROLLER'}], 'clearDeferred': True, 'deferred': []}"
2026-06-08 17:00:56,of:0000000000000004,281476729151998,ADDED,40000,76,10601,115,org.onosproject.core,,,,,,"{'criteria': [{'type': 'ETH_TYPE', 'ethType': '0x8942'}]}","{'instructions': [{'type': 'OUTPUT', 'port': 'CONTROLLER'}], 'clearDeferred': True, 'deferred': []}"
2026-06-08 17:00:56,of:0000000000000001,281478909873038,ADDED,40000,0,0,115,org.onosproject.core,,,,,,"{'criteria': [{'type': 'ETH_TYPE', 'ethType': '0x806'}]}","{'instructions': [{'type': 'OUTPUT', 'port': 'CONTROLLER'}], 'clearDeferred': True, 'deferred': []}"
2026-06-08 17:00:56,of:0000000000000001,34902899196753573,ADDED,10,114,11172,114,org.onosproject.fwd,00:00:00:00:00:01,00:00:00:00:00:02,,,4,"{'criteria': [{'type': 'IN_PORT', 'port': 4}, {'type': 'ETH_DST', 'mac': '00:00:00:00:00:02'}, {'type': 'ETH_SRC', 'mac': '00:00:00:00:00:01'}]}","{'instructions': [{'type': 'OUTPUT', 'port': '1'}], 'deferred': []}"
2026-06-08 17:00:56,of:0000000000000001,34902898986035913,ADDED,10,124,12152,114,org.onosproject.fwd,00:00:00:00:00:02,00:00:00:00:00:01,,,1,"{'criteria': [{'type': 'IN_PORT', 'port': 1}, {'type': 'ETH_DST', 'mac': '00:00:00:00:00:01'}, {'type': 'ETH_SRC', 'mac': '00:00:00:00:00:02'}]}","{'instructions': [{'type': 'OUTPUT', 'port': '4'}], 'deferred': []}"
2026-06-08 17:00:56,of:0000000000000001,281477466379610,ADDED,40000,115,16100,115,org.onosproject.core,,,,,,"{'criteria': [{'type': 'ETH_TYPE', 'ethType': '0x88cc'}]}","{'instructions': [{'type': 'OUTPUT', 'port': 'CONTROLLER'}], 'clearDeferred': True, 'deferred': []}"
2026-06-08 17:00:56,of:0000000000000001,281475012051420,ADDED,5,76,7448,115,org.onosproject.core,,,,,,"{'criteria': [{'type': 'ETH_TYPE', 'ethType': '0x800'}]}","{'instructions': [{'type': 'OUTPUT', 'port': 'CONTROLLER'}], 'clearDeferred': True, 'deferred': []}"
2026-06-08 17:00:56,of:0000000000000001,281477029321583,ADDED,40000,115,16100,115,org.onosproject.core,,,,,,"{'criteria': [{'type': 'ETH_TYPE', 'ethType': '0x8942'}]}","{'instructions': [{'type': 'OUTPUT', 'port': 'CONTROLLER'}], 'clearDeferred': True, 'deferred': []}"
2026-06-08 17:00:56,of:0000000000000002,281478316350853,ADDED,40000,0,0,115,org.onosproject.core,,,,,,"{'criteria': [{'type': 'ETH_TYPE', 'ethType': '0x806'}]}","{'instructions': [{'type': 'OUTPUT', 'port': 'CONTROLLER'}], 'clearDeferred': True, 'deferred': []}"
2026-06-08 17:00:56,of:0000000000000002,281478673389323,ADDED,40000,78,10881,115,org.onosproject.core,,,,,,"{'criteria': [{'type': 'ETH_TYPE', 'ethType': '0x8942'}]}","{'instructions': [{'type': 'OUTPUT', 'port': 'CONTROLLER'}], 'clearDeferred': True, 'deferred': []}"
2026-06-08 17:00:56,of:0000000000000002,34902898441429785,ADDED,10,112,10976,112,org.onosproject.fwd,00:00:00:00:00:02,00:00:00:00:00:01,,,3,"{'criteria': [{'type': 'IN_PORT', 'port': 3}, {'type': 'ETH_DST', 'mac': '00:00:00:00:00:01'}, {'type': 'ETH_SRC', 'mac': '00:00:00:00:00:02'}]}","{'instructions': [{'type': 'OUTPUT', 'port': '1'}], 'deferred': []}"
2026-06-08 17:00:56,of:0000000000000002,34902899328279504,ADDED,10,144,14112,115,org.onosproject.fwd,00:00:00:00:00:01,00:00:00:00:00:02,,,2,"{'criteria': [{'type': 'IN_PORT', 'port': 2}, {'type': 'ETH_DST', 'mac': '00:00:00:00:00:02'}, {'type': 'ETH_SRC', 'mac': '00:00:00:00:00:01'}]}","{'instructions': [{'type': 'OUTPUT', 'port': '3'}], 'deferred': []}"
2026-06-08 17:00:56,of:0000000000000002,281475022575828,ADDED,40000,78,10881,115,org.onosproject.core,,,,,,"{'criteria': [{'type': 'ETH_TYPE', 'ethType': '0x88cc'}]}","{'instructions': [{'type': 'OUTPUT', 'port': 'CONTROLLER'}], 'clearDeferred': True, 'deferred': []}"
2026-06-08 17:00:56,of:0000000000000002,281475568191580,ADDED,5,47,4606,115,org.onosproject.core,,,,,,"{'criteria': [{'type': 'ETH_TYPE', 'ethType': '0x800'}]}","{'instructions': [{'type': 'OUTPUT', 'port': 'CONTROLLER'}], 'clearDeferred': True, 'deferred': []}"
2026-06-08 17:00:56,of:0000000000000007,281475652364572,ADDED,5,3,294,115,org.onosproject.core,,,,,,"{'criteria': [{'type': 'ETH_TYPE', 'ethType': '0x800'}]}","{'instructions': [{'type': 'OUTPUT', 'port': 'CONTROLLER'}], 'clearDeferred': True, 'deferred': []}"
2026-06-08 17:00:56,of:0000000000000007,281478438392611,ADDED,40000,0,0,115,org.onosproject.core,,,,,,"{'criteria': [{'type': 'ETH_TYPE', 'ethType': '0x806'}]}","{'instructions': [{'type': 'OUTPUT', 'port': 'CONTROLLER'}], 'clearDeferred': True, 'deferred': []}"
2026-06-08 17:00:56,of:0000000000000007,281476350262333,ADDED,40000,78,10920,115,org.onosproject.core,,,,,,"{'criteria': [{'type': 'ETH_TYPE', 'ethType': '0x8942'}]}","{'instructions': [{'type': 'OUTPUT', 'port': 'CONTROLLER'}], 'clearDeferred': True, 'deferred': []}"
2026-06-08 17:00:56,of:0000000000000007,281475000925130,ADDED,40000,78,10920,115,org.onosproject.core,,,,,,"{'criteria': [{'type': 'ETH_TYPE', 'ethType': '0x88cc'}]}","{'instructions': [{'type': 'OUTPUT', 'port': 'CONTROLLER'}], 'clearDeferred': True, 'deferred': []}"
2026-06-08 17:00:56,of:0000000000000008,281476059291414,ADDED,40000,0,0,115,org.onosproject.core,,,,,,"{'criteria': [{'type': 'ETH_TYPE', 'ethType': '0x806'}]}","{'instructions': [{'type': 'OUTPUT', 'port': 'CONTROLLER'}], 'clearDeferred': True, 'deferred': []}"
2026-06-08 17:00:56,of:0000000000000008,281476101349656,ADDED,40000,117,16302,115,org.onosproject.core,,,,,,"{'criteria': [{'type': 'ETH_TYPE', 'ethType': '0x88cc'}]}","{'instructions': [{'type': 'OUTPUT', 'port': 'CONTROLLER'}], 'clearDeferred': True, 'deferred': []}"
2026-06-08 17:00:56,of:0000000000000008,281476270708671,ADDED,40000,117,16302,115,org.onosproject.core,,,,,,"{'criteria': [{'type': 'ETH_TYPE', 'ethType': '0x8942'}]}","{'instructions': [{'type': 'OUTPUT', 'port': 'CONTROLLER'}], 'clearDeferred': True, 'deferred': []}"
2026-06-08 17:00:56,of:0000000000000008,34902898875781211,ADDED,10,136,13328,114,org.onosproject.fwd,00:00:00:00:00:01,00:00:00:00:00:02,,,3,"{'criteria': [{'type': 'IN_PORT', 'port': 3}, {'type': 'ETH_DST', 'mac': '00:00:00:00:00:02'}, {'type': 'ETH_SRC', 'mac': '00:00:00:00:00:01'}]}","{'instructions': [{'type': 'OUTPUT', 'port': '2'}], 'deferred': []}"
2026-06-08 17:00:56,of:0000000000000008,281476010895837,ADDED,5,141,13818,115,org.onosproject.core,,,,,,"{'criteria': [{'type': 'ETH_TYPE', 'ethType': '0x800'}]}","{'instructions': [{'type': 'OUTPUT', 'port': 'CONTROLLER'}], 'clearDeferred': True, 'deferred': []}"
2026-06-08 17:00:56,of:0000000000000005,281478762460478,ADDED,40000,0,0,115,org.onosproject.core,,,,,,"{'criteria': [{'type': 'ETH_TYPE', 'ethType': '0x806'}]}","{'instructions': [{'type': 'OUTPUT', 'port': 'CONTROLLER'}], 'clearDeferred': True, 'deferred': []}"
2026-06-08 17:00:56,of:0000000000000005,281478211273411,ADDED,40000,78,10881,115,org.onosproject.core,,,,,,"{'criteria': [{'type': 'ETH_TYPE', 'ethType': '0x8942'}]}","{'instructions': [{'type': 'OUTPUT', 'port': 'CONTROLLER'}], 'clearDeferred': True, 'deferred': []}"
2026-06-08 17:00:56,of:0000000000000005,281475117841124,ADDED,5,53,5194,115,org.onosproject.core,,,,,,"{'criteria': [{'type': 'ETH_TYPE', 'ethType': '0x800'}]}","{'instructions': [{'type': 'OUTPUT', 'port': 'CONTROLLER'}], 'clearDeferred': True, 'deferred': []}"
2026-06-08 17:00:56,of:0000000000000005,281478979269874,ADDED,40000,78,10881,115,org.onosproject.core,,,,,,"{'criteria': [{'type': 'ETH_TYPE', 'ethType': '0x88cc'}]}","{'instructions': [{'type': 'OUTPUT', 'port': 'CONTROLLER'}], 'clearDeferred': True, 'deferred': []}"
2026-06-08 17:00:56,of:0000000000000006,281475738574217,ADDED,40000,78,10920,115,org.onosproject.core,,,,,,"{'criteria': [{'type': 'ETH_TYPE', 'ethType': '0x88cc'}]}","{'instructions': [{'type': 'OUTPUT', 'port': 'CONTROLLER'}], 'clearDeferred': True, 'deferred': []}"
2026-06-08 17:00:56,of:0000000000000006,281476873293724,ADDED,40000,78,10920,115,org.onosproject.core,,,,,,"{'criteria': [{'type': 'ETH_TYPE', 'ethType': '0x8942'}]}","{'instructions': [{'type': 'OUTPUT', 'port': 'CONTROLLER'}], 'clearDeferred': True, 'deferred': []}"
2026-06-08 17:00:56,of:0000000000000006,281475411377083,ADDED,40000,0,0,115,org.onosproject.core,,,,,,"{'criteria': [{'type': 'ETH_TYPE', 'ethType': '0x806'}]}","{'instructions': [{'type': 'OUTPUT', 'port': 'CONTROLLER'}], 'clearDeferred': True, 'deferred': []}"
2026-06-08 17:00:56,of:0000000000000006,281478888449605,ADDED,5,3,294,115,org.onosproject.core,,,,,,"{'criteria': [{'type': 'ETH_TYPE', 'ethType': '0x800'}]}","{'instructions': [{'type': 'OUTPUT', 'port': 'CONTROLLER'}], 'clearDeferred': True, 'deferred': []}"
2026-06-08 17:00:56,of:0000000000000009,281478887649794,ADDED,40000,114,15884,115,org.onosproject.core,,,,,,"{'criteria': [{'type': 'ETH_TYPE', 'ethType': '0x88cc'}]}","{'instructions': [{'type': 'OUTPUT', 'port': 'CONTROLLER'}], 'clearDeferred': True, 'deferred': []}"
2026-06-08 17:00:56,of:0000000000000009,281474993990194,ADDED,5,66,6468,115,org.onosproject.core,,,,,,"{'criteria': [{'type': 'ETH_TYPE', 'ethType': '0x800'}]}","{'instructions': [{'type': 'OUTPUT', 'port': 'CONTROLLER'}], 'clearDeferred': True, 'deferred': []}"
2026-06-08 17:00:56,of:0000000000000009,281476295891648,ADDED,40000,114,15884,115,org.onosproject.core,,,,,,"{'criteria': [{'type': 'ETH_TYPE', 'ethType': '0x8942'}]}","{'instructions': [{'type': 'OUTPUT', 'port': 'CONTROLLER'}], 'clearDeferred': True, 'deferred': []}"
2026-06-08 17:00:56,of:0000000000000009,281479019932926,ADDED,40000,0,0,115,org.onosproject.core,,,,,,"{'criteria': [{'type': 'ETH_TYPE', 'ethType': '0x806'}]}","{'instructions': [{'type': 'OUTPUT', 'port': 'CONTROLLER'}], 'clearDeferred': True, 'deferred': []}"
2026-06-08 17:01:01,of:000000000000000c,281479100460205,ADDED,40000,238,33162,120,org.onosproject.core,,,,,,"{'criteria': [{'type': 'ETH_TYPE', 'ethType': '0x88cc'}]}","{'instructions': [{'type': 'OUTPUT', 'port': 'CONTROLLER'}], 'clearDeferred': True, 'deferred': []}"
2026-06-08 17:01:01,of:000000000000000c,281475624796078,ADDED,40000,238,33162,120,org.onosproject.core,,,,,,"{'criteria': [{'type': 'ETH_TYPE', 'ethType': '0x8942'}]}","{'instructions': [{'type': 'OUTPUT', 'port': 'CONTROLLER'}], 'clearDeferred': True, 'deferred': []}"
2026-06-08 17:01:01,of:000000000000000c,281477504901495,ADDED,40000,0,0,120,org.onosproject.core,,,,,,"{'criteria': [{'type': 'ETH_TYPE', 'ethType': '0x806'}]}","{'instructions': [{'type': 'OUTPUT', 'port': 'CONTROLLER'}], 'clearDeferred': True, 'deferred': []}"
2026-06-08 17:01:01,of:000000000000000c,281476292687096,ADDED,5,83,8134,120,org.onosproject.core,,,,,,"{'criteria': [{'type': 'ETH_TYPE', 'ethType': '0x800'}]}","{'instructions': [{'type': 'OUTPUT', 'port': 'CONTROLLER'}], 'clearDeferred': True, 'deferred': []}"
2026-06-08 17:01:01,of:000000000000000d,281478200287907,ADDED,40000,234,32644,120,org.onosproject.core,,,,,,"{'criteria': [{'type': 'ETH_TYPE', 'ethType': '0x88cc'}]}","{'instructions': [{'type': 'OUTPUT', 'port': 'CONTROLLER'}], 'clearDeferred': True, 'deferred': []}"
2026-06-08 17:01:01,of:000000000000000d,281478788468154,ADDED,5,83,8134,120,org.onosproject.core,,,,,,"{'criteria': [{'type': 'ETH_TYPE', 'ethType': '0x800'}]}","{'instructions': [{'type': 'OUTPUT', 'port': 'CONTROLLER'}], 'clearDeferred': True, 'deferred': []}"
2026-06-08 17:01:01,of:000000000000000d,281478012698825,ADDED,40000,234,32644,120,org.onosproject.core,,,,,,"{'criteria': [{'type': 'ETH_TYPE', 'ethType': '0x8942'}]}","{'instructions': [{'type': 'OUTPUT', 'port': 'CONTROLLER'}], 'clearDeferred': True, 'deferred': []}"
2026-06-08 17:01:01,of:000000000000000d,281476618808057,ADDED,40000,0,0,120,org.onosproject.core,,,,,,"{'criteria': [{'type': 'ETH_TYPE', 'ethType': '0x806'}]}","{'instructions': [{'type': 'OUTPUT', 'port': 'CONTROLLER'}], 'clearDeferred': True, 'deferred': []}"
2026-06-08 17:01:01,of:000000000000000a,281477705784245,ADDED,5,3,294,120,org.onosproject.core,,,,,,"{'criteria': [{'type': 'ETH_TYPE', 'ethType': '0x800'}]}","{'instructions': [{'type': 'OUTPUT', 'port': 'CONTROLLER'}], 'clearDeferred': True, 'deferred': []}"
2026-06-08 17:01:01,of:000000000000000a,281475818964416,ADDED,40000,116,16164,120,org.onosproject.core,,,,,,"{'criteria': [{'type': 'ETH_TYPE', 'ethType': '0x8942'}]}","{'instructions': [{'type': 'OUTPUT', 'port': 'CONTROLLER'}], 'clearDeferred': True, 'deferred': []}"
2026-06-08 17:01:01,of:000000000000000a,281477034268888,ADDED,40000,116,16164,120,org.onosproject.core,,,,,,"{'criteria': [{'type': 'ETH_TYPE', 'ethType': '0x88cc'}]}","{'instructions': [{'type': 'OUTPUT', 'port': 'CONTROLLER'}], 'clearDeferred': True, 'deferred': []}"
2026-06-08 17:01:01,of:000000000000000a,281478593105785,ADDED,40000,0,0,120,org.onosproject.core,,,,,,"{'criteria': [{'type': 'ETH_TYPE', 'ethType': '0x806'}]}","{'instructions': [{'type': 'OUTPUT', 'port': 'CONTROLLER'}], 'clearDeferred': True, 'deferred': []}"
2026-06-08 17:01:01,of:000000000000000b,281478277078534,ADDED,5,101,9898,120,org.onosproject.core,,,,,,"{'criteria': [{'type': 'ETH_TYPE', 'ethType': '0x800'}]}","{'instructions': [{'type': 'OUTPUT', 'port': 'CONTROLLER'}], 'clearDeferred': True, 'deferred': []}"
2026-06-08 17:01:01,of:000000000000000b,34902898369757081,ADDED,10,120,11760,119,org.onosproject.fwd,00:00:00:00:00:01,00:00:00:00:00:02,,,1,"{'criteria': [{'type': 'IN_PORT', 'port': 1}, {'type': 'ETH_DST', 'mac': '00:00:00:00:00:02'}, {'type': 'ETH_SRC', 'mac': '00:00:00:00:00:01'}]}","{'instructions': [{'type': 'OUTPUT', 'port': '5'}], 'deferred': []}"
2026-06-08 17:01:01,of:000000000000000b,34902898247549216,ADDED,10,117,11466,117,org.onosproject.fwd,00:00:00:00:00:02,00:00:00:00:00:01,,,4,"{'criteria': [{'type': 'IN_PORT', 'port': 4}, {'type': 'ETH_DST', 'mac': '00:00:00:00:00:01'}, {'type': 'ETH_SRC', 'mac': '00:00:00:00:00:02'}]}","{'instructions': [{'type': 'OUTPUT', 'port': '1'}], 'deferred': []}"
2026-06-08 17:01:01,of:000000000000000b,281476663695951,ADDED,40000,0,0,120,org.onosproject.core,,,,,,"{'criteria': [{'type': 'ETH_TYPE', 'ethType': '0x806'}]}","{'instructions': [{'type': 'OUTPUT', 'port': 'CONTROLLER'}], 'clearDeferred': True, 'deferred': []}"
2026-06-08 17:01:01,of:000000000000000b,281476573370203,ADDED,40000,240,33440,120,org.onosproject.core,,,,,,"{'criteria': [{'type': 'ETH_TYPE', 'ethType': '0x88cc'}]}","{'instructions': [{'type': 'OUTPUT', 'port': 'CONTROLLER'}], 'clearDeferred': True, 'deferred': []}"
2026-06-08 17:01:01,of:000000000000000b,281476205675487,ADDED,40000,240,33440,120,org.onosproject.core,,,,,,"{'criteria': [{'type': 'ETH_TYPE', 'ethType': '0x8942'}]}","{'instructions': [{'type': 'OUTPUT', 'port': 'CONTROLLER'}], 'clearDeferred': True, 'deferred': []}"
2026-06-08 17:01:01,of:0000000000000003,281478170942982,ADDED,5,93,9114,120,org.onosproject.core,,,,,,"{'criteria': [{'type': 'ETH_TYPE', 'ethType': '0x800'}]}","{'instructions': [{'type': 'OUTPUT', 'port': 'CONTROLLER'}], 'clearDeferred': True, 'deferred': []}"
2026-06-08 17:01:01,of:0000000000000003,34902901306865815,ADDED,10,144,14112,120,org.onosproject.fwd,00:00:00:00:00:01,00:00:00:00:00:02,,,1,"{'criteria': [{'type': 'IN_PORT', 'port': 1}, {'type': 'ETH_DST', 'mac': '00:00:00:00:00:02'}, {'type': 'ETH_SRC', 'mac': '00:00:00:00:00:01'}]}","{'instructions': [{'type': 'OUTPUT', 'port': '2'}], 'deferred': []}"
2026-06-08 17:01:01,of:0000000000000003,281476661728682,ADDED,40000,80,11160,120,org.onosproject.core,,,,,,"{'criteria': [{'type': 'ETH_TYPE', 'ethType': '0x88cc'}]}","{'instructions': [{'type': 'OUTPUT', 'port': 'CONTROLLER'}], 'clearDeferred': True, 'deferred': []}"
2026-06-08 17:01:01,of:0000000000000003,281477764386537,ADDED,40000,0,0,120,org.onosproject.core,,,,,,"{'criteria': [{'type': 'ETH_TYPE', 'ethType': '0x806'}]}","{'instructions': [{'type': 'OUTPUT', 'port': 'CONTROLLER'}], 'clearDeferred': True, 'deferred': []}"
2026-06-08 17:01:01,of:0000000000000003,281476156249461,ADDED,40000,80,11160,120,org.onosproject.core,,,,,,"{'criteria': [{'type': 'ETH_TYPE', 'ethType': '0x8942'}]}","{'instructions': [{'type': 'OUTPUT', 'port': 'CONTROLLER'}], 'clearDeferred': True, 'deferred': []}"
2026-06-08 17:01:01,of:0000000000000004,281475616213265,ADDED,40000,78,10880,120,org.onosproject.core,,,,,,"{'criteria': [{'type': 'ETH_TYPE', 'ethType': '0x88cc'}]}","{'instructions': [{'type': 'OUTPUT', 'port': 'CONTROLLER'}], 'clearDeferred': True, 'deferred': []}"
2026-06-08 17:01:01,of:0000000000000004,281475265228006,ADDED,40000,0,0,120,org.onosproject.core,,,,,,"{'criteria': [{'type': 'ETH_TYPE', 'ethType': '0x806'}]}","{'instructions': [{'type': 'OUTPUT', 'port': 'CONTROLLER'}], 'clearDeferred': True, 'deferred': []}"
2026-06-08 17:01:01,of:0000000000000004,281477141311986,ADDED,5,88,8624,120,org.onosproject.core,,,,,,"{'criteria': [{'type': 'ETH_TYPE', 'ethType': '0x800'}]}","{'instructions': [{'type': 'OUTPUT', 'port': 'CONTROLLER'}], 'clearDeferred': True, 'deferred': []}"
2026-06-08 17:01:01,of:0000000000000004,281476729151998,ADDED,40000,78,10880,120,org.onosproject.core,,,,,,"{'criteria': [{'type': 'ETH_TYPE', 'ethType': '0x8942'}]}","{'instructions': [{'type': 'OUTPUT', 'port': 'CONTROLLER'}], 'clearDeferred': True, 'deferred': []}"
2026-06-08 17:01:01,of:0000000000000001,281478909873038,ADDED,40000,0,0,120,org.onosproject.core,,,,,,"{'criteria': [{'type': 'ETH_TYPE', 'ethType': '0x806'}]}","{'instructions': [{'type': 'OUTPUT', 'port': 'CONTROLLER'}], 'clearDeferred': True, 'deferred': []}"
2026-06-08 17:01:01,of:0000000000000001,34902899196753573,ADDED,10,119,11662,119,org.onosproject.fwd,00:00:00:00:00:01,00:00:00:00:00:02,,,4,"{'criteria': [{'type': 'IN_PORT', 'port': 4}, {'type': 'ETH_DST', 'mac': '00:00:00:00:00:02'}, {'type': 'ETH_SRC', 'mac': '00:00:00:00:00:01'}]}","{'instructions': [{'type': 'OUTPUT', 'port': '1'}], 'deferred': []}"
2026-06-08 17:01:01,of:0000000000000001,34902898986035913,ADDED,10,129,12642,119,org.onosproject.fwd,00:00:00:00:00:02,00:00:00:00:00:01,,,1,"{'criteria': [{'type': 'IN_PORT', 'port': 1}, {'type': 'ETH_DST', 'mac': '00:00:00:00:00:01'}, {'type': 'ETH_SRC', 'mac': '00:00:00:00:00:02'}]}","{'instructions': [{'type': 'OUTPUT', 'port': '4'}], 'deferred': []}"
2026-06-08 17:01:01,of:0000000000000001,281477466379610,ADDED,40000,118,16520,120,org.onosproject.core,,,,,,"{'criteria': [{'type': 'ETH_TYPE', 'ethType': '0x88cc'}]}","{'instructions': [{'type': 'OUTPUT', 'port': 'CONTROLLER'}], 'clearDeferred': True, 'deferred': []}"
2026-06-08 17:01:01,of:0000000000000001,281475012051420,ADDED,5,76,7448,120,org.onosproject.core,,,,,,"{'criteria': [{'type': 'ETH_TYPE', 'ethType': '0x800'}]}","{'instructions': [{'type': 'OUTPUT', 'port': 'CONTROLLER'}], 'clearDeferred': True, 'deferred': []}"
2026-06-08 17:01:01,of:0000000000000001,281477029321583,ADDED,40000,118,16520,120,org.onosproject.core,,,,,,"{'criteria': [{'type': 'ETH_TYPE', 'ethType': '0x8942'}]}","{'instructions': [{'type': 'OUTPUT', 'port': 'CONTROLLER'}], 'clearDeferred': True, 'deferred': []}"
2026-06-08 17:01:01,of:0000000000000002,281478316350853,ADDED,40000,0,0,120,org.onosproject.core,,,,,,"{'criteria': [{'type': 'ETH_TYPE', 'ethType': '0x806'}]}","{'instructions': [{'type': 'OUTPUT', 'port': 'CONTROLLER'}], 'clearDeferred': True, 'deferred': []}"
2026-06-08 17:01:01,of:0000000000000002,281478673389323,ADDED,40000,80,11160,120,org.onosproject.core,,,,,,"{'criteria': [{'type': 'ETH_TYPE', 'ethType': '0x8942'}]}","{'instructions': [{'type': 'OUTPUT', 'port': 'CONTROLLER'}], 'clearDeferred': True, 'deferred': []}"
2026-06-08 17:01:01,of:0000000000000002,34902898441429785,ADDED,10,117,11466,117,org.onosproject.fwd,00:00:00:00:00:02,00:00:00:00:00:01,,,3,"{'criteria': [{'type': 'IN_PORT', 'port': 3}, {'type': 'ETH_DST', 'mac': '00:00:00:00:00:01'}, {'type': 'ETH_SRC', 'mac': '00:00:00:00:00:02'}]}","{'instructions': [{'type': 'OUTPUT', 'port': '1'}], 'deferred': []}"
2026-06-08 17:01:01,of:0000000000000002,34902899328279504,ADDED,10,149,14602,120,org.onosproject.fwd,00:00:00:00:00:01,00:00:00:00:00:02,,,2,"{'criteria': [{'type': 'IN_PORT', 'port': 2}, {'type': 'ETH_DST', 'mac': '00:00:00:00:00:02'}, {'type': 'ETH_SRC', 'mac': '00:00:00:00:00:01'}]}","{'instructions': [{'type': 'OUTPUT', 'port': '3'}], 'deferred': []}"
2026-06-08 17:01:01,of:0000000000000002,281475022575828,ADDED,40000,80,11160,120,org.onosproject.core,,,,,,"{'criteria': [{'type': 'ETH_TYPE', 'ethType': '0x88cc'}]}","{'instructions': [{'type': 'OUTPUT', 'port': 'CONTROLLER'}], 'clearDeferred': True, 'deferred': []}"
2026-06-08 17:01:01,of:0000000000000002,281475568191580,ADDED,5,47,4606,120,org.onosproject.core,,,,,,"{'criteria': [{'type': 'ETH_TYPE', 'ethType': '0x800'}]}","{'instructions': [{'type': 'OUTPUT', 'port': 'CONTROLLER'}], 'clearDeferred': True, 'deferred': []}"
2026-06-08 17:01:01,of:0000000000000007,281475652364572,ADDED,5,3,294,120,org.onosproject.core,,,,,,"{'criteria': [{'type': 'ETH_TYPE', 'ethType': '0x800'}]}","{'instructions': [{'type': 'OUTPUT', 'port': 'CONTROLLER'}], 'clearDeferred': True, 'deferred': []}"
2026-06-08 17:01:01,of:0000000000000007,281478438392611,ADDED,40000,0,0,120,org.onosproject.core,,,,,,"{'criteria': [{'type': 'ETH_TYPE', 'ethType': '0x806'}]}","{'instructions': [{'type': 'OUTPUT', 'port': 'CONTROLLER'}], 'clearDeferred': True, 'deferred': []}"
2026-06-08 17:01:01,of:0000000000000007,281476350262333,ADDED,40000,80,11200,120,org.onosproject.core,,,,,,"{'criteria': [{'type': 'ETH_TYPE', 'ethType': '0x8942'}]}","{'instructions': [{'type': 'OUTPUT', 'port': 'CONTROLLER'}], 'clearDeferred': True, 'deferred': []}"
2026-06-08 17:01:01,of:0000000000000007,281475000925130,ADDED,40000,80,11200,120,org.onosproject.core,,,,,,"{'criteria': [{'type': 'ETH_TYPE', 'ethType': '0x88cc'}]}","{'instructions': [{'type': 'OUTPUT', 'port': 'CONTROLLER'}], 'clearDeferred': True, 'deferred': []}"
2026-06-08 17:01:01,of:0000000000000008,281476059291414,ADDED,40000,0,0,120,org.onosproject.core,,,,,,"{'criteria': [{'type': 'ETH_TYPE', 'ethType': '0x806'}]}","{'instructions': [{'type': 'OUTPUT', 'port': 'CONTROLLER'}], 'clearDeferred': True, 'deferred': []}"
2026-06-08 17:01:01,of:0000000000000008,281476101349656,ADDED,40000,120,16720,120,org.onosproject.core,,,,,,"{'criteria': [{'type': 'ETH_TYPE', 'ethType': '0x88cc'}]}","{'instructions': [{'type': 'OUTPUT', 'port': 'CONTROLLER'}], 'clearDeferred': True, 'deferred': []}"
2026-06-08 17:01:01,of:0000000000000008,281476270708671,ADDED,40000,120,16720,120,org.onosproject.core,,,,,,"{'criteria': [{'type': 'ETH_TYPE', 'ethType': '0x8942'}]}","{'instructions': [{'type': 'OUTPUT', 'port': 'CONTROLLER'}], 'clearDeferred': True, 'deferred': []}"
2026-06-08 17:01:01,of:0000000000000008,34902898875781211,ADDED,10,141,13818,119,org.onosproject.fwd,00:00:00:00:00:01,00:00:00:00:00:02,,,3,"{'criteria': [{'type': 'IN_PORT', 'port': 3}, {'type': 'ETH_DST', 'mac': '00:00:00:00:00:02'}, {'type': 'ETH_SRC', 'mac': '00:00:00:00:00:01'}]}","{'instructions': [{'type': 'OUTPUT', 'port': '2'}], 'deferred': []}"
2026-06-08 17:01:01,of:0000000000000008,281476010895837,ADDED,5,141,13818,120,org.onosproject.core,,,,,,"{'criteria': [{'type': 'ETH_TYPE', 'ethType': '0x800'}]}","{'instructions': [{'type': 'OUTPUT', 'port': 'CONTROLLER'}], 'clearDeferred': True, 'deferred': []}"
2026-06-08 17:01:01,of:0000000000000005,281478762460478,ADDED,40000,0,0,120,org.onosproject.core,,,,,,"{'criteria': [{'type': 'ETH_TYPE', 'ethType': '0x806'}]}","{'instructions': [{'type': 'OUTPUT', 'port': 'CONTROLLER'}], 'clearDeferred': True, 'deferred': []}"
2026-06-08 17:01:01,of:0000000000000005,281478211273411,ADDED,40000,80,11160,120,org.onosproject.core,,,,,,"{'criteria': [{'type': 'ETH_TYPE', 'ethType': '0x8942'}]}","{'instructions': [{'type': 'OUTPUT', 'port': 'CONTROLLER'}], 'clearDeferred': True, 'deferred': []}"
2026-06-08 17:01:01,of:0000000000000005,281475117841124,ADDED,5,53,5194,120,org.onosproject.core,,,,,,"{'criteria': [{'type': 'ETH_TYPE', 'ethType': '0x800'}]}","{'instructions': [{'type': 'OUTPUT', 'port': 'CONTROLLER'}], 'clearDeferred': True, 'deferred': []}"
2026-06-08 17:01:01,of:0000000000000005,281478979269874,ADDED,40000,80,11160,120,org.onosproject.core,,,,,,"{'criteria': [{'type': 'ETH_TYPE', 'ethType': '0x88cc'}]}","{'instructions': [{'type': 'OUTPUT', 'port': 'CONTROLLER'}], 'clearDeferred': True, 'deferred': []}"
2026-06-08 17:01:01,of:0000000000000006,281475738574217,ADDED,40000,80,11200,120,org.onosproject.core,,,,,,"{'criteria': [{'type': 'ETH_TYPE', 'ethType': '0x88cc'}]}","{'instructions': [{'type': 'OUTPUT', 'port': 'CONTROLLER'}], 'clearDeferred': True, 'deferred': []}"
2026-06-08 17:01:01,of:0000000000000006,281476873293724,ADDED,40000,80,11200,120,org.onosproject.core,,,,,,"{'criteria': [{'type': 'ETH_TYPE', 'ethType': '0x8942'}]}","{'instructions': [{'type': 'OUTPUT', 'port': 'CONTROLLER'}], 'clearDeferred': True, 'deferred': []}"
2026-06-08 17:01:01,of:0000000000000006,281475411377083,ADDED,40000,0,0,120,org.onosproject.core,,,,,,"{'criteria': [{'type': 'ETH_TYPE', 'ethType': '0x806'}]}","{'instructions': [{'type': 'OUTPUT', 'port': 'CONTROLLER'}], 'clearDeferred': True, 'deferred': []}"
2026-06-08 17:01:01,of:0000000000000006,281478888449605,ADDED,5,3,294,120,org.onosproject.core,,,,,,"{'criteria': [{'type': 'ETH_TYPE', 'ethType': '0x800'}]}","{'instructions': [{'type': 'OUTPUT', 'port': 'CONTROLLER'}], 'clearDeferred': True, 'deferred': []}"
2026-06-08 17:01:01,of:0000000000000009,281478887649794,ADDED,40000,117,16302,120,org.onosproject.core,,,,,,"{'criteria': [{'type': 'ETH_TYPE', 'ethType': '0x88cc'}]}","{'instructions': [{'type': 'OUTPUT', 'port': 'CONTROLLER'}], 'clearDeferred': True, 'deferred': []}"
2026-06-08 17:01:01,of:0000000000000009,281474993990194,ADDED,5,66,6468,120,org.onosproject.core,,,,,,"{'criteria': [{'type': 'ETH_TYPE', 'ethType': '0x800'}]}","{'instructions': [{'type': 'OUTPUT', 'port': 'CONTROLLER'}], 'clearDeferred': True, 'deferred': []}"
2026-06-08 17:01:01,of:0000000000000009,281476295891648,ADDED,40000,117,16302,120,org.onosproject.core,,,,,,"{'criteria': [{'type': 'ETH_TYPE', 'ethType': '0x8942'}]}","{'instructions': [{'type': 'OUTPUT', 'port': 'CONTROLLER'}], 'clearDeferred': True, 'deferred': []}"
2026-06-08 17:01:01,of:0000000000000009,281479019932926,ADDED,40000,0,0,120,org.onosproject.core,,,,,,"{'criteria': [{'type': 'ETH_TYPE', 'ethType': '0x806'}]}","{'instructions': [{'type': 'OUTPUT', 'port': 'CONTROLLER'}], 'clearDeferred': True, 'deferred': []}"
2026-06-08 17:01:06,of:000000000000000c,281479100460205,ADDED,40000,250,34834,125,org.onosproject.core,,,,,,"{'criteria': [{'type': 'ETH_TYPE', 'ethType': '0x88cc'}]}","{'instructions': [{'type': 'OUTPUT', 'port': 'CONTROLLER'}], 'clearDeferred': True, 'deferred': []}"
2026-06-08 17:01:06,of:000000000000000c,281475624796078,ADDED,40000,250,34834,125,org.onosproject.core,,,,,,"{'criteria': [{'type': 'ETH_TYPE', 'ethType': '0x8942'}]}","{'instructions': [{'type': 'OUTPUT', 'port': 'CONTROLLER'}], 'clearDeferred': True, 'deferred': []}"
2026-06-08 17:01:06,of:000000000000000c,281477504901495,ADDED,40000,0,0,125,org.onosproject.core,,,,,,"{'criteria': [{'type': 'ETH_TYPE', 'ethType': '0x806'}]}","{'instructions': [{'type': 'OUTPUT', 'port': 'CONTROLLER'}], 'clearDeferred': True, 'deferred': []}"
2026-06-08 17:01:06,of:000000000000000c,281476292687096,ADDED,5,83,8134,125,org.onosproject.core,,,,,,"{'criteria': [{'type': 'ETH_TYPE', 'ethType': '0x800'}]}","{'instructions': [{'type': 'OUTPUT', 'port': 'CONTROLLER'}], 'clearDeferred': True, 'deferred': []}"
2026-06-08 17:01:06,of:000000000000000d,281478200287907,ADDED,40000,246,34318,125,org.onosproject.core,,,,,,"{'criteria': [{'type': 'ETH_TYPE', 'ethType': '0x88cc'}]}","{'instructions': [{'type': 'OUTPUT', 'port': 'CONTROLLER'}], 'clearDeferred': True, 'deferred': []}"
2026-06-08 17:01:06,of:000000000000000d,281478788468154,ADDED,5,83,8134,125,org.onosproject.core,,,,,,"{'criteria': [{'type': 'ETH_TYPE', 'ethType': '0x800'}]}","{'instructions': [{'type': 'OUTPUT', 'port': 'CONTROLLER'}], 'clearDeferred': True, 'deferred': []}"
2026-06-08 17:01:06,of:000000000000000d,281478012698825,ADDED,40000,246,34318,125,org.onosproject.core,,,,,,"{'criteria': [{'type': 'ETH_TYPE', 'ethType': '0x8942'}]}","{'instructions': [{'type': 'OUTPUT', 'port': 'CONTROLLER'}], 'clearDeferred': True, 'deferred': []}"
2026-06-08 17:01:06,of:000000000000000d,281476618808057,ADDED,40000,0,0,125,org.onosproject.core,,,,,,"{'criteria': [{'type': 'ETH_TYPE', 'ethType': '0x806'}]}","{'instructions': [{'type': 'OUTPUT', 'port': 'CONTROLLER'}], 'clearDeferred': True, 'deferred': []}"
2026-06-08 17:01:06,of:000000000000000a,281477705784245,ADDED,5,3,294,125,org.onosproject.core,,,,,,"{'criteria': [{'type': 'ETH_TYPE', 'ethType': '0x800'}]}","{'instructions': [{'type': 'OUTPUT', 'port': 'CONTROLLER'}], 'clearDeferred': True, 'deferred': []}"
2026-06-08 17:01:06,of:000000000000000a,281475818964416,ADDED,40000,122,17000,125,org.onosproject.core,,,,,,"{'criteria': [{'type': 'ETH_TYPE', 'ethType': '0x8942'}]}","{'instructions': [{'type': 'OUTPUT', 'port': 'CONTROLLER'}], 'clearDeferred': True, 'deferred': []}"
2026-06-08 17:01:06,of:000000000000000a,281477034268888,ADDED,40000,122,17000,125,org.onosproject.core,,,,,,"{'criteria': [{'type': 'ETH_TYPE', 'ethType': '0x88cc'}]}","{'instructions': [{'type': 'OUTPUT', 'port': 'CONTROLLER'}], 'clearDeferred': True, 'deferred': []}"
2026-06-08 17:01:06,of:000000000000000a,281478593105785,ADDED,40000,0,0,125,org.onosproject.core,,,,,,"{'criteria': [{'type': 'ETH_TYPE', 'ethType': '0x806'}]}","{'instructions': [{'type': 'OUTPUT', 'port': 'CONTROLLER'}], 'clearDeferred': True, 'deferred': []}"
2026-06-08 17:01:06,of:000000000000000b,281478277078534,ADDED,5,101,9898,125,org.onosproject.core,,,,,,"{'criteria': [{'type': 'ETH_TYPE', 'ethType': '0x800'}]}","{'instructions': [{'type': 'OUTPUT', 'port': 'CONTROLLER'}], 'clearDeferred': True, 'deferred': []}"
2026-06-08 17:01:06,of:000000000000000b,34902898369757081,ADDED,10,125,12250,124,org.onosproject.fwd,00:00:00:00:00:01,00:00:00:00:00:02,,,1,"{'criteria': [{'type': 'IN_PORT', 'port': 1}, {'type': 'ETH_DST', 'mac': '00:00:00:00:00:02'}, {'type': 'ETH_SRC', 'mac': '00:00:00:00:00:01'}]}","{'instructions': [{'type': 'OUTPUT', 'port': '5'}], 'deferred': []}"
2026-06-08 17:01:06,of:000000000000000b,34902898247549216,ADDED,10,122,11956,122,org.onosproject.fwd,00:00:00:00:00:02,00:00:00:00:00:01,,,4,"{'criteria': [{'type': 'IN_PORT', 'port': 4}, {'type': 'ETH_DST', 'mac': '00:00:00:00:00:01'}, {'type': 'ETH_SRC', 'mac': '00:00:00:00:00:02'}]}","{'instructions': [{'type': 'OUTPUT', 'port': '1'}], 'deferred': []}"
2026-06-08 17:01:06,of:000000000000000b,281476663695951,ADDED,40000,0,0,125,org.onosproject.core,,,,,,"{'criteria': [{'type': 'ETH_TYPE', 'ethType': '0x806'}]}","{'instructions': [{'type': 'OUTPUT', 'port': 'CONTROLLER'}], 'clearDeferred': True, 'deferred': []}"
2026-06-08 17:01:06,of:000000000000000b,281476573370203,ADDED,40000,252,35112,125,org.onosproject.core,,,,,,"{'criteria': [{'type': 'ETH_TYPE', 'ethType': '0x88cc'}]}","{'instructions': [{'type': 'OUTPUT', 'port': 'CONTROLLER'}], 'clearDeferred': True, 'deferred': []}"
2026-06-08 17:01:06,of:000000000000000b,281476205675487,ADDED,40000,252,35112,125,org.onosproject.core,,,,,,"{'criteria': [{'type': 'ETH_TYPE', 'ethType': '0x8942'}]}","{'instructions': [{'type': 'OUTPUT', 'port': 'CONTROLLER'}], 'clearDeferred': True, 'deferred': []}"
2026-06-08 17:01:06,of:0000000000000003,281478170942982,ADDED,5,93,9114,120,org.onosproject.core,,,,,,"{'criteria': [{'type': 'ETH_TYPE', 'ethType': '0x800'}]}","{'instructions': [{'type': 'OUTPUT', 'port': 'CONTROLLER'}], 'clearDeferred': True, 'deferred': []}"
2026-06-08 17:01:06,of:0000000000000003,34902901306865815,ADDED,10,144,14112,120,org.onosproject.fwd,00:00:00:00:00:01,00:00:00:00:00:02,,,1,"{'criteria': [{'type': 'IN_PORT', 'port': 1}, {'type': 'ETH_DST', 'mac': '00:00:00:00:00:02'}, {'type': 'ETH_SRC', 'mac': '00:00:00:00:00:01'}]}","{'instructions': [{'type': 'OUTPUT', 'port': '2'}], 'deferred': []}"
2026-06-08 17:01:06,of:0000000000000003,281476661728682,ADDED,40000,80,11160,120,org.onosproject.core,,,,,,"{'criteria': [{'type': 'ETH_TYPE', 'ethType': '0x88cc'}]}","{'instructions': [{'type': 'OUTPUT', 'port': 'CONTROLLER'}], 'clearDeferred': True, 'deferred': []}"
2026-06-08 17:01:06,of:0000000000000003,281477764386537,ADDED,40000,0,0,120,org.onosproject.core,,,,,,"{'criteria': [{'type': 'ETH_TYPE', 'ethType': '0x806'}]}","{'instructions': [{'type': 'OUTPUT', 'port': 'CONTROLLER'}], 'clearDeferred': True, 'deferred': []}"
2026-06-08 17:01:06,of:0000000000000003,281476156249461,ADDED,40000,80,11160,120,org.onosproject.core,,,,,,"{'criteria': [{'type': 'ETH_TYPE', 'ethType': '0x8942'}]}","{'instructions': [{'type': 'OUTPUT', 'port': 'CONTROLLER'}], 'clearDeferred': True, 'deferred': []}"
2026-06-08 17:01:06,of:0000000000000004,281475616213265,ADDED,40000,82,11438,125,org.onosproject.core,,,,,,"{'criteria': [{'type': 'ETH_TYPE', 'ethType': '0x88cc'}]}","{'instructions': [{'type': 'OUTPUT', 'port': 'CONTROLLER'}], 'clearDeferred': True, 'deferred': []}"
2026-06-08 17:01:06,of:0000000000000004,281475265228006,ADDED,40000,0,0,125,org.onosproject.core,,,,,,"{'criteria': [{'type': 'ETH_TYPE', 'ethType': '0x806'}]}","{'instructions': [{'type': 'OUTPUT', 'port': 'CONTROLLER'}], 'clearDeferred': True, 'deferred': []}"
2026-06-08 17:01:06,of:0000000000000004,281477141311986,ADDED,5,88,8624,125,org.onosproject.core,,,,,,"{'criteria': [{'type': 'ETH_TYPE', 'ethType': '0x800'}]}","{'instructions': [{'type': 'OUTPUT', 'port': 'CONTROLLER'}], 'clearDeferred': True, 'deferred': []}"
2026-06-08 17:01:06,of:0000000000000004,281476729151998,ADDED,40000,82,11438,125,org.onosproject.core,,,,,,"{'criteria': [{'type': 'ETH_TYPE', 'ethType': '0x8942'}]}","{'instructions': [{'type': 'OUTPUT', 'port': 'CONTROLLER'}], 'clearDeferred': True, 'deferred': []}"
2026-06-08 17:01:06,of:0000000000000001,281478909873038,ADDED,40000,0,0,125,org.onosproject.core,,,,,,"{'criteria': [{'type': 'ETH_TYPE', 'ethType': '0x806'}]}","{'instructions': [{'type': 'OUTPUT', 'port': 'CONTROLLER'}], 'clearDeferred': True, 'deferred': []}"
2026-06-08 17:01:06,of:0000000000000001,34902899196753573,ADDED,10,124,12152,124,org.onosproject.fwd,00:00:00:00:00:01,00:00:00:00:00:02,,,4,"{'criteria': [{'type': 'IN_PORT', 'port': 4}, {'type': 'ETH_DST', 'mac': '00:00:00:00:00:02'}, {'type': 'ETH_SRC', 'mac': '00:00:00:00:00:01'}]}","{'instructions': [{'type': 'OUTPUT', 'port': '1'}], 'deferred': []}"
2026-06-08 17:01:06,of:0000000000000001,34902898986035913,ADDED,10,134,13132,124,org.onosproject.fwd,00:00:00:00:00:02,00:00:00:00:00:01,,,1,"{'criteria': [{'type': 'IN_PORT', 'port': 1}, {'type': 'ETH_DST', 'mac': '00:00:00:00:00:01'}, {'type': 'ETH_SRC', 'mac': '00:00:00:00:00:02'}]}","{'instructions': [{'type': 'OUTPUT', 'port': '4'}], 'deferred': []}"
2026-06-08 17:01:06,of:0000000000000001,281477466379610,ADDED,40000,124,17360,125,org.onosproject.core,,,,,,"{'criteria': [{'type': 'ETH_TYPE', 'ethType': '0x88cc'}]}","{'instructions': [{'type': 'OUTPUT', 'port': 'CONTROLLER'}], 'clearDeferred': True, 'deferred': []}"
2026-06-08 17:01:06,of:0000000000000001,281475012051420,ADDED,5,76,7448,125,org.onosproject.core,,,,,,"{'criteria': [{'type': 'ETH_TYPE', 'ethType': '0x800'}]}","{'instructions': [{'type': 'OUTPUT', 'port': 'CONTROLLER'}], 'clearDeferred': True, 'deferred': []}"
2026-06-08 17:01:06,of:0000000000000001,281477029321583,ADDED,40000,124,17360,125,org.onosproject.core,,,,,,"{'criteria': [{'type': 'ETH_TYPE', 'ethType': '0x8942'}]}","{'instructions': [{'type': 'OUTPUT', 'port': 'CONTROLLER'}], 'clearDeferred': True, 'deferred': []}"
2026-06-08 17:01:06,of:0000000000000002,281478316350853,ADDED,40000,0,0,125,org.onosproject.core,,,,,,"{'criteria': [{'type': 'ETH_TYPE', 'ethType': '0x806'}]}","{'instructions': [{'type': 'OUTPUT', 'port': 'CONTROLLER'}], 'clearDeferred': True, 'deferred': []}"
2026-06-08 17:01:06,of:0000000000000002,281478673389323,ADDED,40000,84,11718,125,org.onosproject.core,,,,,,"{'criteria': [{'type': 'ETH_TYPE', 'ethType': '0x8942'}]}","{'instructions': [{'type': 'OUTPUT', 'port': 'CONTROLLER'}], 'clearDeferred': True, 'deferred': []}"
2026-06-08 17:01:06,of:0000000000000002,34902898441429785,ADDED,10,122,11956,122,org.onosproject.fwd,00:00:00:00:00:02,00:00:00:00:00:01,,,3,"{'criteria': [{'type': 'IN_PORT', 'port': 3}, {'type': 'ETH_DST', 'mac': '00:00:00:00:00:01'}, {'type': 'ETH_SRC', 'mac': '00:00:00:00:00:02'}]}","{'instructions': [{'type': 'OUTPUT', 'port': '1'}], 'deferred': []}"
2026-06-08 17:01:06,of:0000000000000002,34902899328279504,ADDED,10,154,15092,125,org.onosproject.fwd,00:00:00:00:00:01,00:00:00:00:00:02,,,2,"{'criteria': [{'type': 'IN_PORT', 'port': 2}, {'type': 'ETH_DST', 'mac': '00:00:00:00:00:02'}, {'type': 'ETH_SRC', 'mac': '00:00:00:00:00:01'}]}","{'instructions': [{'type': 'OUTPUT', 'port': '3'}], 'deferred': []}"
2026-06-08 17:01:06,of:0000000000000002,281475022575828,ADDED,40000,84,11718,125,org.onosproject.core,,,,,,"{'criteria': [{'type': 'ETH_TYPE', 'ethType': '0x88cc'}]}","{'instructions': [{'type': 'OUTPUT', 'port': 'CONTROLLER'}], 'clearDeferred': True, 'deferred': []}"
2026-06-08 17:01:06,of:0000000000000002,281475568191580,ADDED,5,47,4606,125,org.onosproject.core,,,,,,"{'criteria': [{'type': 'ETH_TYPE', 'ethType': '0x800'}]}","{'instructions': [{'type': 'OUTPUT', 'port': 'CONTROLLER'}], 'clearDeferred': True, 'deferred': []}"
2026-06-08 17:01:06,of:0000000000000007,281475652364572,ADDED,5,3,294,125,org.onosproject.core,,,,,,"{'criteria': [{'type': 'ETH_TYPE', 'ethType': '0x800'}]}","{'instructions': [{'type': 'OUTPUT', 'port': 'CONTROLLER'}], 'clearDeferred': True, 'deferred': []}"
2026-06-08 17:01:06,of:0000000000000007,281478438392611,ADDED,40000,0,0,125,org.onosproject.core,,,,,,"{'criteria': [{'type': 'ETH_TYPE', 'ethType': '0x806'}]}","{'instructions': [{'type': 'OUTPUT', 'port': 'CONTROLLER'}], 'clearDeferred': True, 'deferred': []}"
2026-06-08 17:01:06,of:0000000000000007,281476350262333,ADDED,40000,84,11760,125,org.onosproject.core,,,,,,"{'criteria': [{'type': 'ETH_TYPE', 'ethType': '0x8942'}]}","{'instructions': [{'type': 'OUTPUT', 'port': 'CONTROLLER'}], 'clearDeferred': True, 'deferred': []}"
2026-06-08 17:01:06,of:0000000000000007,281475000925130,ADDED,40000,84,11760,125,org.onosproject.core,,,,,,"{'criteria': [{'type': 'ETH_TYPE', 'ethType': '0x88cc'}]}","{'instructions': [{'type': 'OUTPUT', 'port': 'CONTROLLER'}], 'clearDeferred': True, 'deferred': []}"
2026-06-08 17:01:06,of:0000000000000008,281476059291414,ADDED,40000,0,0,125,org.onosproject.core,,,,,,"{'criteria': [{'type': 'ETH_TYPE', 'ethType': '0x806'}]}","{'instructions': [{'type': 'OUTPUT', 'port': 'CONTROLLER'}], 'clearDeferred': True, 'deferred': []}"
2026-06-08 17:01:06,of:0000000000000008,281476101349656,ADDED,40000,126,17556,125,org.onosproject.core,,,,,,"{'criteria': [{'type': 'ETH_TYPE', 'ethType': '0x88cc'}]}","{'instructions': [{'type': 'OUTPUT', 'port': 'CONTROLLER'}], 'clearDeferred': True, 'deferred': []}"
2026-06-08 17:01:06,of:0000000000000008,281476270708671,ADDED,40000,126,17556,125,org.onosproject.core,,,,,,"{'criteria': [{'type': 'ETH_TYPE', 'ethType': '0x8942'}]}","{'instructions': [{'type': 'OUTPUT', 'port': 'CONTROLLER'}], 'clearDeferred': True, 'deferred': []}"
2026-06-08 17:01:06,of:0000000000000008,34902898875781211,ADDED,10,146,14308,124,org.onosproject.fwd,00:00:00:00:00:01,00:00:00:00:00:02,,,3,"{'criteria': [{'type': 'IN_PORT', 'port': 3}, {'type': 'ETH_DST', 'mac': '00:00:00:00:00:02'}, {'type': 'ETH_SRC', 'mac': '00:00:00:00:00:01'}]}","{'instructions': [{'type': 'OUTPUT', 'port': '2'}], 'deferred': []}"
2026-06-08 17:01:06,of:0000000000000008,281476010895837,ADDED,5,141,13818,125,org.onosproject.core,,,,,,"{'criteria': [{'type': 'ETH_TYPE', 'ethType': '0x800'}]}","{'instructions': [{'type': 'OUTPUT', 'port': 'CONTROLLER'}], 'clearDeferred': True, 'deferred': []}"
2026-06-08 17:01:06,of:0000000000000005,281478762460478,ADDED,40000,0,0,125,org.onosproject.core,,,,,,"{'criteria': [{'type': 'ETH_TYPE', 'ethType': '0x806'}]}","{'instructions': [{'type': 'OUTPUT', 'port': 'CONTROLLER'}], 'clearDeferred': True, 'deferred': []}"
2026-06-08 17:01:06,of:0000000000000005,281478211273411,ADDED,40000,84,11718,125,org.onosproject.core,,,,,,"{'criteria': [{'type': 'ETH_TYPE', 'ethType': '0x8942'}]}","{'instructions': [{'type': 'OUTPUT', 'port': 'CONTROLLER'}], 'clearDeferred': True, 'deferred': []}"
2026-06-08 17:01:06,of:0000000000000005,281475117841124,ADDED,5,53,5194,125,org.onosproject.core,,,,,,"{'criteria': [{'type': 'ETH_TYPE', 'ethType': '0x800'}]}","{'instructions': [{'type': 'OUTPUT', 'port': 'CONTROLLER'}], 'clearDeferred': True, 'deferred': []}"
2026-06-08 17:01:06,of:0000000000000005,281478979269874,ADDED,40000,84,11718,125,org.onosproject.core,,,,,,"{'criteria': [{'type': 'ETH_TYPE', 'ethType': '0x88cc'}]}","{'instructions': [{'type': 'OUTPUT', 'port': 'CONTROLLER'}], 'clearDeferred': True, 'deferred': []}"
2026-06-08 17:01:06,of:0000000000000006,281475738574217,ADDED,40000,84,11760,125,org.onosproject.core,,,,,,"{'criteria': [{'type': 'ETH_TYPE', 'ethType': '0x88cc'}]}","{'instructions': [{'type': 'OUTPUT', 'port': 'CONTROLLER'}], 'clearDeferred': True, 'deferred': []}"
2026-06-08 17:01:06,of:0000000000000006,281476873293724,ADDED,40000,84,11760,125,org.onosproject.core,,,,,,"{'criteria': [{'type': 'ETH_TYPE', 'ethType': '0x8942'}]}","{'instructions': [{'type': 'OUTPUT', 'port': 'CONTROLLER'}], 'clearDeferred': True, 'deferred': []}"
2026-06-08 17:01:06,of:0000000000000006,281475411377083,ADDED,40000,0,0,125,org.onosproject.core,,,,,,"{'criteria': [{'type': 'ETH_TYPE', 'ethType': '0x806'}]}","{'instructions': [{'type': 'OUTPUT', 'port': 'CONTROLLER'}], 'clearDeferred': True, 'deferred': []}"
2026-06-08 17:01:06,of:0000000000000006,281478888449605,ADDED,5,3,294,125,org.onosproject.core,,,,,,"{'criteria': [{'type': 'ETH_TYPE', 'ethType': '0x800'}]}","{'instructions': [{'type': 'OUTPUT', 'port': 'CONTROLLER'}], 'clearDeferred': True, 'deferred': []}"
2026-06-08 17:01:06,of:0000000000000009,281478887649794,ADDED,40000,123,17138,125,org.onosproject.core,,,,,,"{'criteria': [{'type': 'ETH_TYPE', 'ethType': '0x88cc'}]}","{'instructions': [{'type': 'OUTPUT', 'port': 'CONTROLLER'}], 'clearDeferred': True, 'deferred': []}"
2026-06-08 17:01:06,of:0000000000000009,281474993990194,ADDED,5,66,6468,125,org.onosproject.core,,,,,,"{'criteria': [{'type': 'ETH_TYPE', 'ethType': '0x800'}]}","{'instructions': [{'type': 'OUTPUT', 'port': 'CONTROLLER'}], 'clearDeferred': True, 'deferred': []}"
2026-06-08 17:01:06,of:0000000000000009,281476295891648,ADDED,40000,123,17138,125,org.onosproject.core,,,,,,"{'criteria': [{'type': 'ETH_TYPE', 'ethType': '0x8942'}]}","{'instructions': [{'type': 'OUTPUT', 'port': 'CONTROLLER'}], 'clearDeferred': True, 'deferred': []}"
2026-06-08 17:01:06,of:0000000000000009,281479019932926,ADDED,40000,0,0,125,org.onosproject.core,,,,,,"{'criteria': [{'type': 'ETH_TYPE', 'ethType': '0x806'}]}","{'instructions': [{'type': 'OUTPUT', 'port': 'CONTROLLER'}], 'clearDeferred': True, 'deferred': []}"
2026-06-08 17:01:11,of:000000000000000c,281479100460205,ADDED,40000,258,35949,130,org.onosproject.core,,,,,,"{'criteria': [{'type': 'ETH_TYPE', 'ethType': '0x88cc'}]}","{'instructions': [{'type': 'OUTPUT', 'port': 'CONTROLLER'}], 'clearDeferred': True, 'deferred': []}"
2026-06-08 17:01:11,of:000000000000000c,281475624796078,ADDED,40000,258,35949,130,org.onosproject.core,,,,,,"{'criteria': [{'type': 'ETH_TYPE', 'ethType': '0x8942'}]}","{'instructions': [{'type': 'OUTPUT', 'port': 'CONTROLLER'}], 'clearDeferred': True, 'deferred': []}"
2026-06-08 17:01:11,of:000000000000000c,281477504901495,ADDED,40000,0,0,130,org.onosproject.core,,,,,,"{'criteria': [{'type': 'ETH_TYPE', 'ethType': '0x806'}]}","{'instructions': [{'type': 'OUTPUT', 'port': 'CONTROLLER'}], 'clearDeferred': True, 'deferred': []}"
2026-06-08 17:01:11,of:000000000000000c,281476292687096,ADDED,5,83,8134,130,org.onosproject.core,,,,,,"{'criteria': [{'type': 'ETH_TYPE', 'ethType': '0x800'}]}","{'instructions': [{'type': 'OUTPUT', 'port': 'CONTROLLER'}], 'clearDeferred': True, 'deferred': []}"
2026-06-08 17:01:11,of:000000000000000d,281478200287907,ADDED,40000,257,35853,130,org.onosproject.core,,,,,,"{'criteria': [{'type': 'ETH_TYPE', 'ethType': '0x88cc'}]}","{'instructions': [{'type': 'OUTPUT', 'port': 'CONTROLLER'}], 'clearDeferred': True, 'deferred': []}"
2026-06-08 17:01:11,of:000000000000000d,281478788468154,ADDED,5,83,8134,130,org.onosproject.core,,,,,,"{'criteria': [{'type': 'ETH_TYPE', 'ethType': '0x800'}]}","{'instructions': [{'type': 'OUTPUT', 'port': 'CONTROLLER'}], 'clearDeferred': True, 'deferred': []}"
2026-06-08 17:01:11,of:000000000000000d,281478012698825,ADDED,40000,257,35853,130,org.onosproject.core,,,,,,"{'criteria': [{'type': 'ETH_TYPE', 'ethType': '0x8942'}]}","{'instructions': [{'type': 'OUTPUT', 'port': 'CONTROLLER'}], 'clearDeferred': True, 'deferred': []}"
2026-06-08 17:01:11,of:000000000000000d,281476618808057,ADDED,40000,0,0,130,org.onosproject.core,,,,,,"{'criteria': [{'type': 'ETH_TYPE', 'ethType': '0x806'}]}","{'instructions': [{'type': 'OUTPUT', 'port': 'CONTROLLER'}], 'clearDeferred': True, 'deferred': []}"
2026-06-08 17:01:11,of:000000000000000a,281477705784245,ADDED,5,3,294,130,org.onosproject.core,,,,,,"{'criteria': [{'type': 'ETH_TYPE', 'ethType': '0x800'}]}","{'instructions': [{'type': 'OUTPUT', 'port': 'CONTROLLER'}], 'clearDeferred': True, 'deferred': []}"
2026-06-08 17:01:11,of:000000000000000a,281475818964416,ADDED,40000,127,17696,130,org.onosproject.core,,,,,,"{'criteria': [{'type': 'ETH_TYPE', 'ethType': '0x8942'}]}","{'instructions': [{'type': 'OUTPUT', 'port': 'CONTROLLER'}], 'clearDeferred': True, 'deferred': []}"
2026-06-08 17:01:11,of:000000000000000a,281477034268888,ADDED,40000,127,17696,130,org.onosproject.core,,,,,,"{'criteria': [{'type': 'ETH_TYPE', 'ethType': '0x88cc'}]}","{'instructions': [{'type': 'OUTPUT', 'port': 'CONTROLLER'}], 'clearDeferred': True, 'deferred': []}"
2026-06-08 17:01:11,of:000000000000000a,281478593105785,ADDED,40000,0,0,130,org.onosproject.core,,,,,,"{'criteria': [{'type': 'ETH_TYPE', 'ethType': '0x806'}]}","{'instructions': [{'type': 'OUTPUT', 'port': 'CONTROLLER'}], 'clearDeferred': True, 'deferred': []}"
2026-06-08 17:01:11,of:000000000000000b,281478277078534,ADDED,5,101,9898,130,org.onosproject.core,,,,,,"{'criteria': [{'type': 'ETH_TYPE', 'ethType': '0x800'}]}","{'instructions': [{'type': 'OUTPUT', 'port': 'CONTROLLER'}], 'clearDeferred': True, 'deferred': []}"
2026-06-08 17:01:11,of:000000000000000b,34902898369757081,ADDED,10,130,12740,129,org.onosproject.fwd,00:00:00:00:00:01,00:00:00:00:00:02,,,1,"{'criteria': [{'type': 'IN_PORT', 'port': 1}, {'type': 'ETH_DST', 'mac': '00:00:00:00:00:02'}, {'type': 'ETH_SRC', 'mac': '00:00:00:00:00:01'}]}","{'instructions': [{'type': 'OUTPUT', 'port': '5'}], 'deferred': []}"
2026-06-08 17:01:11,of:000000000000000b,34902898247549216,ADDED,10,127,12446,127,org.onosproject.fwd,00:00:00:00:00:02,00:00:00:00:00:01,,,4,"{'criteria': [{'type': 'IN_PORT', 'port': 4}, {'type': 'ETH_DST', 'mac': '00:00:00:00:00:01'}, {'type': 'ETH_SRC', 'mac': '00:00:00:00:00:02'}]}","{'instructions': [{'type': 'OUTPUT', 'port': '1'}], 'deferred': []}"
2026-06-08 17:01:11,of:000000000000000b,281476663695951,ADDED,40000,0,0,130,org.onosproject.core,,,,,,"{'criteria': [{'type': 'ETH_TYPE', 'ethType': '0x806'}]}","{'instructions': [{'type': 'OUTPUT', 'port': 'CONTROLLER'}], 'clearDeferred': True, 'deferred': []}"
2026-06-08 17:01:11,of:000000000000000b,281476573370203,ADDED,40000,259,36088,130,org.onosproject.core,,,,,,"{'criteria': [{'type': 'ETH_TYPE', 'ethType': '0x88cc'}]}","{'instructions': [{'type': 'OUTPUT', 'port': 'CONTROLLER'}], 'clearDeferred': True, 'deferred': []}"
2026-06-08 17:01:11,of:000000000000000b,281476205675487,ADDED,40000,259,36088,130,org.onosproject.core,,,,,,"{'criteria': [{'type': 'ETH_TYPE', 'ethType': '0x8942'}]}","{'instructions': [{'type': 'OUTPUT', 'port': 'CONTROLLER'}], 'clearDeferred': True, 'deferred': []}"
2026-06-08 17:01:11,of:0000000000000003,281478170942982,ADDED,5,93,9114,120,org.onosproject.core,,,,,,"{'criteria': [{'type': 'ETH_TYPE', 'ethType': '0x800'}]}","{'instructions': [{'type': 'OUTPUT', 'port': 'CONTROLLER'}], 'clearDeferred': True, 'deferred': []}"
2026-06-08 17:01:11,of:0000000000000003,34902901306865815,ADDED,10,144,14112,120,org.onosproject.fwd,00:00:00:00:00:01,00:00:00:00:00:02,,,1,"{'criteria': [{'type': 'IN_PORT', 'port': 1}, {'type': 'ETH_DST', 'mac': '00:00:00:00:00:02'}, {'type': 'ETH_SRC', 'mac': '00:00:00:00:00:01'}]}","{'instructions': [{'type': 'OUTPUT', 'port': '2'}], 'deferred': []}"
2026-06-08 17:01:11,of:0000000000000003,281476661728682,ADDED,40000,80,11160,120,org.onosproject.core,,,,,,"{'criteria': [{'type': 'ETH_TYPE', 'ethType': '0x88cc'}]}","{'instructions': [{'type': 'OUTPUT', 'port': 'CONTROLLER'}], 'clearDeferred': True, 'deferred': []}"
2026-06-08 17:01:11,of:0000000000000003,281477764386537,ADDED,40000,0,0,120,org.onosproject.core,,,,,,"{'criteria': [{'type': 'ETH_TYPE', 'ethType': '0x806'}]}","{'instructions': [{'type': 'OUTPUT', 'port': 'CONTROLLER'}], 'clearDeferred': True, 'deferred': []}"
2026-06-08 17:01:11,of:0000000000000003,281476156249461,ADDED,40000,80,11160,120,org.onosproject.core,,,,,,"{'criteria': [{'type': 'ETH_TYPE', 'ethType': '0x8942'}]}","{'instructions': [{'type': 'OUTPUT', 'port': 'CONTROLLER'}], 'clearDeferred': True, 'deferred': []}"
2026-06-08 17:01:11,of:0000000000000004,281475616213265,ADDED,40000,85,11857,130,org.onosproject.core,,,,,,"{'criteria': [{'type': 'ETH_TYPE', 'ethType': '0x88cc'}]}","{'instructions': [{'type': 'OUTPUT', 'port': 'CONTROLLER'}], 'clearDeferred': True, 'deferred': []}"
2026-06-08 17:01:11,of:0000000000000004,281475265228006,ADDED,40000,0,0,130,org.onosproject.core,,,,,,"{'criteria': [{'type': 'ETH_TYPE', 'ethType': '0x806'}]}","{'instructions': [{'type': 'OUTPUT', 'port': 'CONTROLLER'}], 'clearDeferred': True, 'deferred': []}"
2026-06-08 17:01:11,of:0000000000000004,281477141311986,ADDED,5,88,8624,130,org.onosproject.core,,,,,,"{'criteria': [{'type': 'ETH_TYPE', 'ethType': '0x800'}]}","{'instructions': [{'type': 'OUTPUT', 'port': 'CONTROLLER'}], 'clearDeferred': True, 'deferred': []}"
2026-06-08 17:01:11,of:0000000000000004,281476729151998,ADDED,40000,85,11857,130,org.onosproject.core,,,,,,"{'criteria': [{'type': 'ETH_TYPE', 'ethType': '0x8942'}]}","{'instructions': [{'type': 'OUTPUT', 'port': 'CONTROLLER'}], 'clearDeferred': True, 'deferred': []}"
2026-06-08 17:01:11,of:0000000000000001,281478909873038,ADDED,40000,0,0,130,org.onosproject.core,,,,,,"{'criteria': [{'type': 'ETH_TYPE', 'ethType': '0x806'}]}","{'instructions': [{'type': 'OUTPUT', 'port': 'CONTROLLER'}], 'clearDeferred': True, 'deferred': []}"
2026-06-08 17:01:11,of:0000000000000001,34902899196753573,ADDED,10,129,12642,129,org.onosproject.fwd,00:00:00:00:00:01,00:00:00:00:00:02,,,4,"{'criteria': [{'type': 'IN_PORT', 'port': 4}, {'type': 'ETH_DST', 'mac': '00:00:00:00:00:02'}, {'type': 'ETH_SRC', 'mac': '00:00:00:00:00:01'}]}","{'instructions': [{'type': 'OUTPUT', 'port': '1'}], 'deferred': []}"
2026-06-08 17:01:11,of:0000000000000001,34902898986035913,ADDED,10,139,13622,129,org.onosproject.fwd,00:00:00:00:00:02,00:00:00:00:00:01,,,1,"{'criteria': [{'type': 'IN_PORT', 'port': 1}, {'type': 'ETH_DST', 'mac': '00:00:00:00:00:01'}, {'type': 'ETH_SRC', 'mac': '00:00:00:00:00:02'}]}","{'instructions': [{'type': 'OUTPUT', 'port': '4'}], 'deferred': []}"
2026-06-08 17:01:11,of:0000000000000001,281477466379610,ADDED,40000,129,18060,130,org.onosproject.core,,,,,,"{'criteria': [{'type': 'ETH_TYPE', 'ethType': '0x88cc'}]}","{'instructions': [{'type': 'OUTPUT', 'port': 'CONTROLLER'}], 'clearDeferred': True, 'deferred': []}"
2026-06-08 17:01:11,of:0000000000000001,281475012051420,ADDED,5,76,7448,130,org.onosproject.core,,,,,,"{'criteria': [{'type': 'ETH_TYPE', 'ethType': '0x800'}]}","{'instructions': [{'type': 'OUTPUT', 'port': 'CONTROLLER'}], 'clearDeferred': True, 'deferred': []}"
2026-06-08 17:01:11,of:0000000000000001,281477029321583,ADDED,40000,129,18060,130,org.onosproject.core,,,,,,"{'criteria': [{'type': 'ETH_TYPE', 'ethType': '0x8942'}]}","{'instructions': [{'type': 'OUTPUT', 'port': 'CONTROLLER'}], 'clearDeferred': True, 'deferred': []}"
2026-06-08 17:01:11,of:0000000000000002,281478316350853,ADDED,40000,0,0,130,org.onosproject.core,,,,,,"{'criteria': [{'type': 'ETH_TYPE', 'ethType': '0x806'}]}","{'instructions': [{'type': 'OUTPUT', 'port': 'CONTROLLER'}], 'clearDeferred': True, 'deferred': []}"
2026-06-08 17:01:11,of:0000000000000002,281478673389323,ADDED,40000,87,12137,130,org.onosproject.core,,,,,,"{'criteria': [{'type': 'ETH_TYPE', 'ethType': '0x8942'}]}","{'instructions': [{'type': 'OUTPUT', 'port': 'CONTROLLER'}], 'clearDeferred': True, 'deferred': []}"
2026-06-08 17:01:11,of:0000000000000002,34902898441429785,ADDED,10,127,12446,127,org.onosproject.fwd,00:00:00:00:00:02,00:00:00:00:00:01,,,3,"{'criteria': [{'type': 'IN_PORT', 'port': 3}, {'type': 'ETH_DST', 'mac': '00:00:00:00:00:01'}, {'type': 'ETH_SRC', 'mac': '00:00:00:00:00:02'}]}","{'instructions': [{'type': 'OUTPUT', 'port': '1'}], 'deferred': []}"
2026-06-08 17:01:11,of:0000000000000002,34902899328279504,ADDED,10,159,15582,130,org.onosproject.fwd,00:00:00:00:00:01,00:00:00:00:00:02,,,2,"{'criteria': [{'type': 'IN_PORT', 'port': 2}, {'type': 'ETH_DST', 'mac': '00:00:00:00:00:02'}, {'type': 'ETH_SRC', 'mac': '00:00:00:00:00:01'}]}","{'instructions': [{'type': 'OUTPUT', 'port': '3'}], 'deferred': []}"
2026-06-08 17:01:11,of:0000000000000002,281475022575828,ADDED,40000,87,12137,130,org.onosproject.core,,,,,,"{'criteria': [{'type': 'ETH_TYPE', 'ethType': '0x88cc'}]}","{'instructions': [{'type': 'OUTPUT', 'port': 'CONTROLLER'}], 'clearDeferred': True, 'deferred': []}"
2026-06-08 17:01:11,of:0000000000000002,281475568191580,ADDED,5,47,4606,130,org.onosproject.core,,,,,,"{'criteria': [{'type': 'ETH_TYPE', 'ethType': '0x800'}]}","{'instructions': [{'type': 'OUTPUT', 'port': 'CONTROLLER'}], 'clearDeferred': True, 'deferred': []}"
2026-06-08 17:01:11,of:0000000000000007,281475652364572,ADDED,5,3,294,130,org.onosproject.core,,,,,,"{'criteria': [{'type': 'ETH_TYPE', 'ethType': '0x800'}]}","{'instructions': [{'type': 'OUTPUT', 'port': 'CONTROLLER'}], 'clearDeferred': True, 'deferred': []}"
2026-06-08 17:01:11,of:0000000000000007,281478438392611,ADDED,40000,0,0,130,org.onosproject.core,,,,,,"{'criteria': [{'type': 'ETH_TYPE', 'ethType': '0x806'}]}","{'instructions': [{'type': 'OUTPUT', 'port': 'CONTROLLER'}], 'clearDeferred': True, 'deferred': []}"
2026-06-08 17:01:11,of:0000000000000007,281476350262333,ADDED,40000,86,12040,130,org.onosproject.core,,,,,,"{'criteria': [{'type': 'ETH_TYPE', 'ethType': '0x8942'}]}","{'instructions': [{'type': 'OUTPUT', 'port': 'CONTROLLER'}], 'clearDeferred': True, 'deferred': []}"
2026-06-08 17:01:11,of:0000000000000007,281475000925130,ADDED,40000,86,12040,130,org.onosproject.core,,,,,,"{'criteria': [{'type': 'ETH_TYPE', 'ethType': '0x88cc'}]}","{'instructions': [{'type': 'OUTPUT', 'port': 'CONTROLLER'}], 'clearDeferred': True, 'deferred': []}"
2026-06-08 17:01:11,of:0000000000000008,281476059291414,ADDED,40000,0,0,130,org.onosproject.core,,,,,,"{'criteria': [{'type': 'ETH_TYPE', 'ethType': '0x806'}]}","{'instructions': [{'type': 'OUTPUT', 'port': 'CONTROLLER'}], 'clearDeferred': True, 'deferred': []}"
2026-06-08 17:01:11,of:0000000000000008,281476101349656,ADDED,40000,130,18114,130,org.onosproject.core,,,,,,"{'criteria': [{'type': 'ETH_TYPE', 'ethType': '0x88cc'}]}","{'instructions': [{'type': 'OUTPUT', 'port': 'CONTROLLER'}], 'clearDeferred': True, 'deferred': []}"
2026-06-08 17:01:11,of:0000000000000008,281476270708671,ADDED,40000,130,18114,130,org.onosproject.core,,,,,,"{'criteria': [{'type': 'ETH_TYPE', 'ethType': '0x8942'}]}","{'instructions': [{'type': 'OUTPUT', 'port': 'CONTROLLER'}], 'clearDeferred': True, 'deferred': []}"
2026-06-08 17:01:11,of:0000000000000008,34902898875781211,ADDED,10,151,14798,129,org.onosproject.fwd,00:00:00:00:00:01,00:00:00:00:00:02,,,3,"{'criteria': [{'type': 'IN_PORT', 'port': 3}, {'type': 'ETH_DST', 'mac': '00:00:00:00:00:02'}, {'type': 'ETH_SRC', 'mac': '00:00:00:00:00:01'}]}","{'instructions': [{'type': 'OUTPUT', 'port': '2'}], 'deferred': []}"
2026-06-08 17:01:11,of:0000000000000008,281476010895837,ADDED,5,141,13818,130,org.onosproject.core,,,,,,"{'criteria': [{'type': 'ETH_TYPE', 'ethType': '0x800'}]}","{'instructions': [{'type': 'OUTPUT', 'port': 'CONTROLLER'}], 'clearDeferred': True, 'deferred': []}"
2026-06-08 17:01:11,of:0000000000000005,281478762460478,ADDED,40000,0,0,130,org.onosproject.core,,,,,,"{'criteria': [{'type': 'ETH_TYPE', 'ethType': '0x806'}]}","{'instructions': [{'type': 'OUTPUT', 'port': 'CONTROLLER'}], 'clearDeferred': True, 'deferred': []}"
2026-06-08 17:01:11,of:0000000000000005,281478211273411,ADDED,40000,86,11997,130,org.onosproject.core,,,,,,"{'criteria': [{'type': 'ETH_TYPE', 'ethType': '0x8942'}]}","{'instructions': [{'type': 'OUTPUT', 'port': 'CONTROLLER'}], 'clearDeferred': True, 'deferred': []}"
2026-06-08 17:01:11,of:0000000000000005,281475117841124,ADDED,5,53,5194,130,org.onosproject.core,,,,,,"{'criteria': [{'type': 'ETH_TYPE', 'ethType': '0x800'}]}","{'instructions': [{'type': 'OUTPUT', 'port': 'CONTROLLER'}], 'clearDeferred': True, 'deferred': []}"
2026-06-08 17:01:11,of:0000000000000005,281478979269874,ADDED,40000,86,11997,130,org.onosproject.core,,,,,,"{'criteria': [{'type': 'ETH_TYPE', 'ethType': '0x88cc'}]}","{'instructions': [{'type': 'OUTPUT', 'port': 'CONTROLLER'}], 'clearDeferred': True, 'deferred': []}"
2026-06-08 17:01:11,of:0000000000000006,281475738574217,ADDED,40000,86,12040,130,org.onosproject.core,,,,,,"{'criteria': [{'type': 'ETH_TYPE', 'ethType': '0x88cc'}]}","{'instructions': [{'type': 'OUTPUT', 'port': 'CONTROLLER'}], 'clearDeferred': True, 'deferred': []}"
2026-06-08 17:01:11,of:0000000000000006,281476873293724,ADDED,40000,86,12040,130,org.onosproject.core,,,,,,"{'criteria': [{'type': 'ETH_TYPE', 'ethType': '0x8942'}]}","{'instructions': [{'type': 'OUTPUT', 'port': 'CONTROLLER'}], 'clearDeferred': True, 'deferred': []}"
2026-06-08 17:01:11,of:0000000000000006,281475411377083,ADDED,40000,0,0,130,org.onosproject.core,,,,,,"{'criteria': [{'type': 'ETH_TYPE', 'ethType': '0x806'}]}","{'instructions': [{'type': 'OUTPUT', 'port': 'CONTROLLER'}], 'clearDeferred': True, 'deferred': []}"
2026-06-08 17:01:11,of:0000000000000006,281478888449605,ADDED,5,3,294,130,org.onosproject.core,,,,,,"{'criteria': [{'type': 'ETH_TYPE', 'ethType': '0x800'}]}","{'instructions': [{'type': 'OUTPUT', 'port': 'CONTROLLER'}], 'clearDeferred': True, 'deferred': []}"
2026-06-08 17:01:11,of:0000000000000009,281478887649794,ADDED,40000,128,17835,130,org.onosproject.core,,,,,,"{'criteria': [{'type': 'ETH_TYPE', 'ethType': '0x88cc'}]}","{'instructions': [{'type': 'OUTPUT', 'port': 'CONTROLLER'}], 'clearDeferred': True, 'deferred': []}"
2026-06-08 17:01:11,of:0000000000000009,281474993990194,ADDED,5,66,6468,130,org.onosproject.core,,,,,,"{'criteria': [{'type': 'ETH_TYPE', 'ethType': '0x800'}]}","{'instructions': [{'type': 'OUTPUT', 'port': 'CONTROLLER'}], 'clearDeferred': True, 'deferred': []}"
2026-06-08 17:01:11,of:0000000000000009,281476295891648,ADDED,40000,128,17835,130,org.onosproject.core,,,,,,"{'criteria': [{'type': 'ETH_TYPE', 'ethType': '0x8942'}]}","{'instructions': [{'type': 'OUTPUT', 'port': 'CONTROLLER'}], 'clearDeferred': True, 'deferred': []}"
2026-06-08 17:01:11,of:0000000000000009,281479019932926,ADDED,40000,0,0,130,org.onosproject.core,,,,,,"{'criteria': [{'type': 'ETH_TYPE', 'ethType': '0x806'}]}","{'instructions': [{'type': 'OUTPUT', 'port': 'CONTROLLER'}], 'clearDeferred': True, 'deferred': []}"
2026-06-08 17:01:16,of:000000000000000c,281479100460205,ADDED,40000,268,37342,135,org.onosproject.core,,,,,,"{'criteria': [{'type': 'ETH_TYPE', 'ethType': '0x88cc'}]}","{'instructions': [{'type': 'OUTPUT', 'port': 'CONTROLLER'}], 'clearDeferred': True, 'deferred': []}"
2026-06-08 17:01:16,of:000000000000000c,281475624796078,ADDED,40000,268,37342,135,org.onosproject.core,,,,,,"{'criteria': [{'type': 'ETH_TYPE', 'ethType': '0x8942'}]}","{'instructions': [{'type': 'OUTPUT', 'port': 'CONTROLLER'}], 'clearDeferred': True, 'deferred': []}"
2026-06-08 17:01:16,of:000000000000000c,281477504901495,ADDED,40000,0,0,135,org.onosproject.core,,,,,,"{'criteria': [{'type': 'ETH_TYPE', 'ethType': '0x806'}]}","{'instructions': [{'type': 'OUTPUT', 'port': 'CONTROLLER'}], 'clearDeferred': True, 'deferred': []}"
2026-06-08 17:01:16,of:000000000000000c,281476292687096,ADDED,5,83,8134,135,org.onosproject.core,,,,,,"{'criteria': [{'type': 'ETH_TYPE', 'ethType': '0x800'}]}","{'instructions': [{'type': 'OUTPUT', 'port': 'CONTROLLER'}], 'clearDeferred': True, 'deferred': []}"
2026-06-08 17:01:16,of:000000000000000d,281478200287907,ADDED,40000,264,36829,135,org.onosproject.core,,,,,,"{'criteria': [{'type': 'ETH_TYPE', 'ethType': '0x88cc'}]}","{'instructions': [{'type': 'OUTPUT', 'port': 'CONTROLLER'}], 'clearDeferred': True, 'deferred': []}"
2026-06-08 17:01:16,of:000000000000000d,281478788468154,ADDED,5,83,8134,135,org.onosproject.core,,,,,,"{'criteria': [{'type': 'ETH_TYPE', 'ethType': '0x800'}]}","{'instructions': [{'type': 'OUTPUT', 'port': 'CONTROLLER'}], 'clearDeferred': True, 'deferred': []}"
2026-06-08 17:01:16,of:000000000000000d,281478012698825,ADDED,40000,264,36829,135,org.onosproject.core,,,,,,"{'criteria': [{'type': 'ETH_TYPE', 'ethType': '0x8942'}]}","{'instructions': [{'type': 'OUTPUT', 'port': 'CONTROLLER'}], 'clearDeferred': True, 'deferred': []}"
2026-06-08 17:01:16,of:000000000000000d,281476618808057,ADDED,40000,0,0,135,org.onosproject.core,,,,,,"{'criteria': [{'type': 'ETH_TYPE', 'ethType': '0x806'}]}","{'instructions': [{'type': 'OUTPUT', 'port': 'CONTROLLER'}], 'clearDeferred': True, 'deferred': []}"
2026-06-08 17:01:16,of:000000000000000a,281477705784245,ADDED,5,3,294,135,org.onosproject.core,,,,,,"{'criteria': [{'type': 'ETH_TYPE', 'ethType': '0x800'}]}","{'instructions': [{'type': 'OUTPUT', 'port': 'CONTROLLER'}], 'clearDeferred': True, 'deferred': []}"
2026-06-08 17:01:16,of:000000000000000a,281475818964416,ADDED,40000,131,18254,135,org.onosproject.core,,,,,,"{'criteria': [{'type': 'ETH_TYPE', 'ethType': '0x8942'}]}","{'instructions': [{'type': 'OUTPUT', 'port': 'CONTROLLER'}], 'clearDeferred': True, 'deferred': []}"
2026-06-08 17:01:16,of:000000000000000a,281477034268888,ADDED,40000,131,18254,135,org.onosproject.core,,,,,,"{'criteria': [{'type': 'ETH_TYPE', 'ethType': '0x88cc'}]}","{'instructions': [{'type': 'OUTPUT', 'port': 'CONTROLLER'}], 'clearDeferred': True, 'deferred': []}"
2026-06-08 17:01:16,of:000000000000000a,281478593105785,ADDED,40000,0,0,135,org.onosproject.core,,,,,,"{'criteria': [{'type': 'ETH_TYPE', 'ethType': '0x806'}]}","{'instructions': [{'type': 'OUTPUT', 'port': 'CONTROLLER'}], 'clearDeferred': True, 'deferred': []}"
2026-06-08 17:01:16,of:000000000000000b,281478277078534,ADDED,5,101,9898,135,org.onosproject.core,,,,,,"{'criteria': [{'type': 'ETH_TYPE', 'ethType': '0x800'}]}","{'instructions': [{'type': 'OUTPUT', 'port': 'CONTROLLER'}], 'clearDeferred': True, 'deferred': []}"
2026-06-08 17:01:16,of:000000000000000b,34902898369757081,ADDED,10,135,13230,134,org.onosproject.fwd,00:00:00:00:00:01,00:00:00:00:00:02,,,1,"{'criteria': [{'type': 'IN_PORT', 'port': 1}, {'type': 'ETH_DST', 'mac': '00:00:00:00:00:02'}, {'type': 'ETH_SRC', 'mac': '00:00:00:00:00:01'}]}","{'instructions': [{'type': 'OUTPUT', 'port': '5'}], 'deferred': []}"
2026-06-08 17:01:16,of:000000000000000b,34902898247549216,ADDED,10,132,12936,132,org.onosproject.fwd,00:00:00:00:00:02,00:00:00:00:00:01,,,4,"{'criteria': [{'type': 'IN_PORT', 'port': 4}, {'type': 'ETH_DST', 'mac': '00:00:00:00:00:01'}, {'type': 'ETH_SRC', 'mac': '00:00:00:00:00:02'}]}","{'instructions': [{'type': 'OUTPUT', 'port': '1'}], 'deferred': []}"
2026-06-08 17:01:16,of:000000000000000b,281476663695951,ADDED,40000,0,0,135,org.onosproject.core,,,,,,"{'criteria': [{'type': 'ETH_TYPE', 'ethType': '0x806'}]}","{'instructions': [{'type': 'OUTPUT', 'port': 'CONTROLLER'}], 'clearDeferred': True, 'deferred': []}"
2026-06-08 17:01:16,of:000000000000000b,281476573370203,ADDED,40000,270,37620,135,org.onosproject.core,,,,,,"{'criteria': [{'type': 'ETH_TYPE', 'ethType': '0x88cc'}]}","{'instructions': [{'type': 'OUTPUT', 'port': 'CONTROLLER'}], 'clearDeferred': True, 'deferred': []}"
2026-06-08 17:01:16,of:000000000000000b,281476205675487,ADDED,40000,270,37620,135,org.onosproject.core,,,,,,"{'criteria': [{'type': 'ETH_TYPE', 'ethType': '0x8942'}]}","{'instructions': [{'type': 'OUTPUT', 'port': 'CONTROLLER'}], 'clearDeferred': True, 'deferred': []}"
2026-06-08 17:01:16,of:0000000000000003,281478170942982,ADDED,5,93,9114,120,org.onosproject.core,,,,,,"{'criteria': [{'type': 'ETH_TYPE', 'ethType': '0x800'}]}","{'instructions': [{'type': 'OUTPUT', 'port': 'CONTROLLER'}], 'clearDeferred': True, 'deferred': []}"
2026-06-08 17:01:16,of:0000000000000003,34902901306865815,ADDED,10,144,14112,120,org.onosproject.fwd,00:00:00:00:00:01,00:00:00:00:00:02,,,1,"{'criteria': [{'type': 'IN_PORT', 'port': 1}, {'type': 'ETH_DST', 'mac': '00:00:00:00:00:02'}, {'type': 'ETH_SRC', 'mac': '00:00:00:00:00:01'}]}","{'instructions': [{'type': 'OUTPUT', 'port': '2'}], 'deferred': []}"
2026-06-08 17:01:16,of:0000000000000003,281476661728682,ADDED,40000,80,11160,120,org.onosproject.core,,,,,,"{'criteria': [{'type': 'ETH_TYPE', 'ethType': '0x88cc'}]}","{'instructions': [{'type': 'OUTPUT', 'port': 'CONTROLLER'}], 'clearDeferred': True, 'deferred': []}"
2026-06-08 17:01:16,of:0000000000000003,281477764386537,ADDED,40000,0,0,120,org.onosproject.core,,,,,,"{'criteria': [{'type': 'ETH_TYPE', 'ethType': '0x806'}]}","{'instructions': [{'type': 'OUTPUT', 'port': 'CONTROLLER'}], 'clearDeferred': True, 'deferred': []}"
2026-06-08 17:01:16,of:0000000000000003,281476156249461,ADDED,40000,80,11160,120,org.onosproject.core,,,,,,"{'criteria': [{'type': 'ETH_TYPE', 'ethType': '0x8942'}]}","{'instructions': [{'type': 'OUTPUT', 'port': 'CONTROLLER'}], 'clearDeferred': True, 'deferred': []}"
2026-06-08 17:01:16,of:0000000000000004,281475616213265,ADDED,40000,88,12275,135,org.onosproject.core,,,,,,"{'criteria': [{'type': 'ETH_TYPE', 'ethType': '0x88cc'}]}","{'instructions': [{'type': 'OUTPUT', 'port': 'CONTROLLER'}], 'clearDeferred': True, 'deferred': []}"
2026-06-08 17:01:16,of:0000000000000004,281475265228006,ADDED,40000,0,0,135,org.onosproject.core,,,,,,"{'criteria': [{'type': 'ETH_TYPE', 'ethType': '0x806'}]}","{'instructions': [{'type': 'OUTPUT', 'port': 'CONTROLLER'}], 'clearDeferred': True, 'deferred': []}"
2026-06-08 17:01:16,of:0000000000000004,281477141311986,ADDED,5,88,8624,135,org.onosproject.core,,,,,,"{'criteria': [{'type': 'ETH_TYPE', 'ethType': '0x800'}]}","{'instructions': [{'type': 'OUTPUT', 'port': 'CONTROLLER'}], 'clearDeferred': True, 'deferred': []}"
2026-06-08 17:01:16,of:0000000000000004,281476729151998,ADDED,40000,88,12275,135,org.onosproject.core,,,,,,"{'criteria': [{'type': 'ETH_TYPE', 'ethType': '0x8942'}]}","{'instructions': [{'type': 'OUTPUT', 'port': 'CONTROLLER'}], 'clearDeferred': True, 'deferred': []}"
2026-06-08 17:01:16,of:0000000000000001,281478909873038,ADDED,40000,0,0,135,org.onosproject.core,,,,,,"{'criteria': [{'type': 'ETH_TYPE', 'ethType': '0x806'}]}","{'instructions': [{'type': 'OUTPUT', 'port': 'CONTROLLER'}], 'clearDeferred': True, 'deferred': []}"
2026-06-08 17:01:16,of:0000000000000001,34902899196753573,ADDED,10,134,13132,134,org.onosproject.fwd,00:00:00:00:00:01,00:00:00:00:00:02,,,4,"{'criteria': [{'type': 'IN_PORT', 'port': 4}, {'type': 'ETH_DST', 'mac': '00:00:00:00:00:02'}, {'type': 'ETH_SRC', 'mac': '00:00:00:00:00:01'}]}","{'instructions': [{'type': 'OUTPUT', 'port': '1'}], 'deferred': []}"
2026-06-08 17:01:16,of:0000000000000001,34902898986035913,ADDED,10,144,14112,134,org.onosproject.fwd,00:00:00:00:00:02,00:00:00:00:00:01,,,1,"{'criteria': [{'type': 'IN_PORT', 'port': 1}, {'type': 'ETH_DST', 'mac': '00:00:00:00:00:01'}, {'type': 'ETH_SRC', 'mac': '00:00:00:00:00:02'}]}","{'instructions': [{'type': 'OUTPUT', 'port': '4'}], 'deferred': []}"
2026-06-08 17:01:16,of:0000000000000001,281477466379610,ADDED,40000,133,18620,135,org.onosproject.core,,,,,,"{'criteria': [{'type': 'ETH_TYPE', 'ethType': '0x88cc'}]}","{'instructions': [{'type': 'OUTPUT', 'port': 'CONTROLLER'}], 'clearDeferred': True, 'deferred': []}"
2026-06-08 17:01:16,of:0000000000000001,281475012051420,ADDED,5,76,7448,135,org.onosproject.core,,,,,,"{'criteria': [{'type': 'ETH_TYPE', 'ethType': '0x800'}]}","{'instructions': [{'type': 'OUTPUT', 'port': 'CONTROLLER'}], 'clearDeferred': True, 'deferred': []}"
2026-06-08 17:01:16,of:0000000000000001,281477029321583,ADDED,40000,133,18620,135,org.onosproject.core,,,,,,"{'criteria': [{'type': 'ETH_TYPE', 'ethType': '0x8942'}]}","{'instructions': [{'type': 'OUTPUT', 'port': 'CONTROLLER'}], 'clearDeferred': True, 'deferred': []}"
2026-06-08 17:01:16,of:0000000000000002,281478316350853,ADDED,40000,0,0,135,org.onosproject.core,,,,,,"{'criteria': [{'type': 'ETH_TYPE', 'ethType': '0x806'}]}","{'instructions': [{'type': 'OUTPUT', 'port': 'CONTROLLER'}], 'clearDeferred': True, 'deferred': []}"
2026-06-08 17:01:16,of:0000000000000002,281478673389323,ADDED,40000,90,12555,135,org.onosproject.core,,,,,,"{'criteria': [{'type': 'ETH_TYPE', 'ethType': '0x8942'}]}","{'instructions': [{'type': 'OUTPUT', 'port': 'CONTROLLER'}], 'clearDeferred': True, 'deferred': []}"
2026-06-08 17:01:16,of:0000000000000002,34902898441429785,ADDED,10,132,12936,132,org.onosproject.fwd,00:00:00:00:00:02,00:00:00:00:00:01,,,3,"{'criteria': [{'type': 'IN_PORT', 'port': 3}, {'type': 'ETH_DST', 'mac': '00:00:00:00:00:01'}, {'type': 'ETH_SRC', 'mac': '00:00:00:00:00:02'}]}","{'instructions': [{'type': 'OUTPUT', 'port': '1'}], 'deferred': []}"
2026-06-08 17:01:16,of:0000000000000002,34902899328279504,ADDED,10,164,16072,135,org.onosproject.fwd,00:00:00:00:00:01,00:00:00:00:00:02,,,2,"{'criteria': [{'type': 'IN_PORT', 'port': 2}, {'type': 'ETH_DST', 'mac': '00:00:00:00:00:02'}, {'type': 'ETH_SRC', 'mac': '00:00:00:00:00:01'}]}","{'instructions': [{'type': 'OUTPUT', 'port': '3'}], 'deferred': []}"
2026-06-08 17:01:16,of:0000000000000002,281475022575828,ADDED,40000,90,12555,135,org.onosproject.core,,,,,,"{'criteria': [{'type': 'ETH_TYPE', 'ethType': '0x88cc'}]}","{'instructions': [{'type': 'OUTPUT', 'port': 'CONTROLLER'}], 'clearDeferred': True, 'deferred': []}"
2026-06-08 17:01:16,of:0000000000000002,281475568191580,ADDED,5,47,4606,135,org.onosproject.core,,,,,,"{'criteria': [{'type': 'ETH_TYPE', 'ethType': '0x800'}]}","{'instructions': [{'type': 'OUTPUT', 'port': 'CONTROLLER'}], 'clearDeferred': True, 'deferred': []}"
2026-06-08 17:01:16,of:0000000000000007,281475652364572,ADDED,5,3,294,135,org.onosproject.core,,,,,,"{'criteria': [{'type': 'ETH_TYPE', 'ethType': '0x800'}]}","{'instructions': [{'type': 'OUTPUT', 'port': 'CONTROLLER'}], 'clearDeferred': True, 'deferred': []}"
2026-06-08 17:01:16,of:0000000000000007,281478438392611,ADDED,40000,0,0,135,org.onosproject.core,,,,,,"{'criteria': [{'type': 'ETH_TYPE', 'ethType': '0x806'}]}","{'instructions': [{'type': 'OUTPUT', 'port': 'CONTROLLER'}], 'clearDeferred': True, 'deferred': []}"
2026-06-08 17:01:16,of:0000000000000007,281476350262333,ADDED,40000,90,12600,135,org.onosproject.core,,,,,,"{'criteria': [{'type': 'ETH_TYPE', 'ethType': '0x8942'}]}","{'instructions': [{'type': 'OUTPUT', 'port': 'CONTROLLER'}], 'clearDeferred': True, 'deferred': []}"
2026-06-08 17:01:16,of:0000000000000007,281475000925130,ADDED,40000,90,12600,135,org.onosproject.core,,,,,,"{'criteria': [{'type': 'ETH_TYPE', 'ethType': '0x88cc'}]}","{'instructions': [{'type': 'OUTPUT', 'port': 'CONTROLLER'}], 'clearDeferred': True, 'deferred': []}"
2026-06-08 17:01:16,of:0000000000000008,281476059291414,ADDED,40000,0,0,135,org.onosproject.core,,,,,,"{'criteria': [{'type': 'ETH_TYPE', 'ethType': '0x806'}]}","{'instructions': [{'type': 'OUTPUT', 'port': 'CONTROLLER'}], 'clearDeferred': True, 'deferred': []}"
2026-06-08 17:01:16,of:0000000000000008,281476101349656,ADDED,40000,135,18810,135,org.onosproject.core,,,,,,"{'criteria': [{'type': 'ETH_TYPE', 'ethType': '0x88cc'}]}","{'instructions': [{'type': 'OUTPUT', 'port': 'CONTROLLER'}], 'clearDeferred': True, 'deferred': []}"
2026-06-08 17:01:16,of:0000000000000008,281476270708671,ADDED,40000,135,18810,135,org.onosproject.core,,,,,,"{'criteria': [{'type': 'ETH_TYPE', 'ethType': '0x8942'}]}","{'instructions': [{'type': 'OUTPUT', 'port': 'CONTROLLER'}], 'clearDeferred': True, 'deferred': []}"
2026-06-08 17:01:16,of:0000000000000008,34902898875781211,ADDED,10,156,15288,134,org.onosproject.fwd,00:00:00:00:00:01,00:00:00:00:00:02,,,3,"{'criteria': [{'type': 'IN_PORT', 'port': 3}, {'type': 'ETH_DST', 'mac': '00:00:00:00:00:02'}, {'type': 'ETH_SRC', 'mac': '00:00:00:00:00:01'}]}","{'instructions': [{'type': 'OUTPUT', 'port': '2'}], 'deferred': []}"
2026-06-08 17:01:16,of:0000000000000008,281476010895837,ADDED,5,141,13818,135,org.onosproject.core,,,,,,"{'criteria': [{'type': 'ETH_TYPE', 'ethType': '0x800'}]}","{'instructions': [{'type': 'OUTPUT', 'port': 'CONTROLLER'}], 'clearDeferred': True, 'deferred': []}"
2026-06-08 17:01:16,of:0000000000000005,281478762460478,ADDED,40000,0,0,135,org.onosproject.core,,,,,,"{'criteria': [{'type': 'ETH_TYPE', 'ethType': '0x806'}]}","{'instructions': [{'type': 'OUTPUT', 'port': 'CONTROLLER'}], 'clearDeferred': True, 'deferred': []}"
2026-06-08 17:01:16,of:0000000000000005,281478211273411,ADDED,40000,90,12555,135,org.onosproject.core,,,,,,"{'criteria': [{'type': 'ETH_TYPE', 'ethType': '0x8942'}]}","{'instructions': [{'type': 'OUTPUT', 'port': 'CONTROLLER'}], 'clearDeferred': True, 'deferred': []}"
2026-06-08 17:01:16,of:0000000000000005,281475117841124,ADDED,5,53,5194,135,org.onosproject.core,,,,,,"{'criteria': [{'type': 'ETH_TYPE', 'ethType': '0x800'}]}","{'instructions': [{'type': 'OUTPUT', 'port': 'CONTROLLER'}], 'clearDeferred': True, 'deferred': []}"
2026-06-08 17:01:16,of:0000000000000005,281478979269874,ADDED,40000,90,12555,135,org.onosproject.core,,,,,,"{'criteria': [{'type': 'ETH_TYPE', 'ethType': '0x88cc'}]}","{'instructions': [{'type': 'OUTPUT', 'port': 'CONTROLLER'}], 'clearDeferred': True, 'deferred': []}"
2026-06-08 17:01:16,of:0000000000000006,281475738574217,ADDED,40000,90,12600,135,org.onosproject.core,,,,,,"{'criteria': [{'type': 'ETH_TYPE', 'ethType': '0x88cc'}]}","{'instructions': [{'type': 'OUTPUT', 'port': 'CONTROLLER'}], 'clearDeferred': True, 'deferred': []}"
2026-06-08 17:01:16,of:0000000000000006,281476873293724,ADDED,40000,90,12600,135,org.onosproject.core,,,,,,"{'criteria': [{'type': 'ETH_TYPE', 'ethType': '0x8942'}]}","{'instructions': [{'type': 'OUTPUT', 'port': 'CONTROLLER'}], 'clearDeferred': True, 'deferred': []}"
2026-06-08 17:01:16,of:0000000000000006,281475411377083,ADDED,40000,0,0,135,org.onosproject.core,,,,,,"{'criteria': [{'type': 'ETH_TYPE', 'ethType': '0x806'}]}","{'instructions': [{'type': 'OUTPUT', 'port': 'CONTROLLER'}], 'clearDeferred': True, 'deferred': []}"
2026-06-08 17:01:16,of:0000000000000006,281478888449605,ADDED,5,3,294,135,org.onosproject.core,,,,,,"{'criteria': [{'type': 'ETH_TYPE', 'ethType': '0x800'}]}","{'instructions': [{'type': 'OUTPUT', 'port': 'CONTROLLER'}], 'clearDeferred': True, 'deferred': []}"
2026-06-08 17:01:16,of:0000000000000009,281478887649794,ADDED,40000,132,18392,135,org.onosproject.core,,,,,,"{'criteria': [{'type': 'ETH_TYPE', 'ethType': '0x88cc'}]}","{'instructions': [{'type': 'OUTPUT', 'port': 'CONTROLLER'}], 'clearDeferred': True, 'deferred': []}"
2026-06-08 17:01:16,of:0000000000000009,281474993990194,ADDED,5,66,6468,135,org.onosproject.core,,,,,,"{'criteria': [{'type': 'ETH_TYPE', 'ethType': '0x800'}]}","{'instructions': [{'type': 'OUTPUT', 'port': 'CONTROLLER'}], 'clearDeferred': True, 'deferred': []}"
2026-06-08 17:01:16,of:0000000000000009,281476295891648,ADDED,40000,132,18392,135,org.onosproject.core,,,,,,"{'criteria': [{'type': 'ETH_TYPE', 'ethType': '0x8942'}]}","{'instructions': [{'type': 'OUTPUT', 'port': 'CONTROLLER'}], 'clearDeferred': True, 'deferred': []}"
2026-06-08 17:01:16,of:0000000000000009,281479019932926,ADDED,40000,0,0,135,org.onosproject.core,,,,,,"{'criteria': [{'type': 'ETH_TYPE', 'ethType': '0x806'}]}","{'instructions': [{'type': 'OUTPUT', 'port': 'CONTROLLER'}], 'clearDeferred': True, 'deferred': []}"
2026-06-08 17:01:21,of:000000000000000c,281479100460205,ADDED,40000,280,39014,140,org.onosproject.core,,,,,,"{'criteria': [{'type': 'ETH_TYPE', 'ethType': '0x88cc'}]}","{'instructions': [{'type': 'OUTPUT', 'port': 'CONTROLLER'}], 'clearDeferred': True, 'deferred': []}"
2026-06-08 17:01:21,of:000000000000000c,281475624796078,ADDED,40000,280,39014,140,org.onosproject.core,,,,,,"{'criteria': [{'type': 'ETH_TYPE', 'ethType': '0x8942'}]}","{'instructions': [{'type': 'OUTPUT', 'port': 'CONTROLLER'}], 'clearDeferred': True, 'deferred': []}"
2026-06-08 17:01:21,of:000000000000000c,281477504901495,ADDED,40000,0,0,140,org.onosproject.core,,,,,,"{'criteria': [{'type': 'ETH_TYPE', 'ethType': '0x806'}]}","{'instructions': [{'type': 'OUTPUT', 'port': 'CONTROLLER'}], 'clearDeferred': True, 'deferred': []}"
2026-06-08 17:01:21,of:000000000000000c,281476292687096,ADDED,5,83,8134,140,org.onosproject.core,,,,,,"{'criteria': [{'type': 'ETH_TYPE', 'ethType': '0x800'}]}","{'instructions': [{'type': 'OUTPUT', 'port': 'CONTROLLER'}], 'clearDeferred': True, 'deferred': []}"
2026-06-08 17:01:21,of:000000000000000d,281478200287907,ADDED,40000,276,38503,140,org.onosproject.core,,,,,,"{'criteria': [{'type': 'ETH_TYPE', 'ethType': '0x88cc'}]}","{'instructions': [{'type': 'OUTPUT', 'port': 'CONTROLLER'}], 'clearDeferred': True, 'deferred': []}"
2026-06-08 17:01:21,of:000000000000000d,281478788468154,ADDED,5,83,8134,140,org.onosproject.core,,,,,,"{'criteria': [{'type': 'ETH_TYPE', 'ethType': '0x800'}]}","{'instructions': [{'type': 'OUTPUT', 'port': 'CONTROLLER'}], 'clearDeferred': True, 'deferred': []}"
2026-06-08 17:01:21,of:000000000000000d,281478012698825,ADDED,40000,276,38503,140,org.onosproject.core,,,,,,"{'criteria': [{'type': 'ETH_TYPE', 'ethType': '0x8942'}]}","{'instructions': [{'type': 'OUTPUT', 'port': 'CONTROLLER'}], 'clearDeferred': True, 'deferred': []}"
2026-06-08 17:01:21,of:000000000000000d,281476618808057,ADDED,40000,0,0,140,org.onosproject.core,,,,,,"{'criteria': [{'type': 'ETH_TYPE', 'ethType': '0x806'}]}","{'instructions': [{'type': 'OUTPUT', 'port': 'CONTROLLER'}], 'clearDeferred': True, 'deferred': []}"
2026-06-08 17:01:21,of:000000000000000a,281477705784245,ADDED,5,3,294,140,org.onosproject.core,,,,,,"{'criteria': [{'type': 'ETH_TYPE', 'ethType': '0x800'}]}","{'instructions': [{'type': 'OUTPUT', 'port': 'CONTROLLER'}], 'clearDeferred': True, 'deferred': []}"
2026-06-08 17:01:21,of:000000000000000a,281475818964416,ADDED,40000,137,19090,140,org.onosproject.core,,,,,,"{'criteria': [{'type': 'ETH_TYPE', 'ethType': '0x8942'}]}","{'instructions': [{'type': 'OUTPUT', 'port': 'CONTROLLER'}], 'clearDeferred': True, 'deferred': []}"
2026-06-08 17:01:21,of:000000000000000a,281477034268888,ADDED,40000,137,19090,140,org.onosproject.core,,,,,,"{'criteria': [{'type': 'ETH_TYPE', 'ethType': '0x88cc'}]}","{'instructions': [{'type': 'OUTPUT', 'port': 'CONTROLLER'}], 'clearDeferred': True, 'deferred': []}"
2026-06-08 17:01:21,of:000000000000000a,281478593105785,ADDED,40000,0,0,140,org.onosproject.core,,,,,,"{'criteria': [{'type': 'ETH_TYPE', 'ethType': '0x806'}]}","{'instructions': [{'type': 'OUTPUT', 'port': 'CONTROLLER'}], 'clearDeferred': True, 'deferred': []}"
2026-06-08 17:01:21,of:000000000000000b,281478277078534,ADDED,5,101,9898,140,org.onosproject.core,,,,,,"{'criteria': [{'type': 'ETH_TYPE', 'ethType': '0x800'}]}","{'instructions': [{'type': 'OUTPUT', 'port': 'CONTROLLER'}], 'clearDeferred': True, 'deferred': []}"
2026-06-08 17:01:21,of:000000000000000b,34902898369757081,ADDED,10,140,13720,139,org.onosproject.fwd,00:00:00:00:00:01,00:00:00:00:00:02,,,1,"{'criteria': [{'type': 'IN_PORT', 'port': 1}, {'type': 'ETH_DST', 'mac': '00:00:00:00:00:02'}, {'type': 'ETH_SRC', 'mac': '00:00:00:00:00:01'}]}","{'instructions': [{'type': 'OUTPUT', 'port': '5'}], 'deferred': []}"
2026-06-08 17:01:21,of:000000000000000b,34902898247549216,ADDED,10,137,13426,137,org.onosproject.fwd,00:00:00:00:00:02,00:00:00:00:00:01,,,4,"{'criteria': [{'type': 'IN_PORT', 'port': 4}, {'type': 'ETH_DST', 'mac': '00:00:00:00:00:01'}, {'type': 'ETH_SRC', 'mac': '00:00:00:00:00:02'}]}","{'instructions': [{'type': 'OUTPUT', 'port': '1'}], 'deferred': []}"
2026-06-08 17:01:21,of:000000000000000b,281476663695951,ADDED,40000,0,0,140,org.onosproject.core,,,,,,"{'criteria': [{'type': 'ETH_TYPE', 'ethType': '0x806'}]}","{'instructions': [{'type': 'OUTPUT', 'port': 'CONTROLLER'}], 'clearDeferred': True, 'deferred': []}"
2026-06-08 17:01:21,of:000000000000000b,281476573370203,ADDED,40000,282,39292,140,org.onosproject.core,,,,,,"{'criteria': [{'type': 'ETH_TYPE', 'ethType': '0x88cc'}]}","{'instructions': [{'type': 'OUTPUT', 'port': 'CONTROLLER'}], 'clearDeferred': True, 'deferred': []}"
2026-06-08 17:01:21,of:000000000000000b,281476205675487,ADDED,40000,282,39292,140,org.onosproject.core,,,,,,"{'criteria': [{'type': 'ETH_TYPE', 'ethType': '0x8942'}]}","{'instructions': [{'type': 'OUTPUT', 'port': 'CONTROLLER'}], 'clearDeferred': True, 'deferred': []}"
2026-06-08 17:01:21,of:0000000000000003,281478170942982,ADDED,5,93,9114,120,org.onosproject.core,,,,,,"{'criteria': [{'type': 'ETH_TYPE', 'ethType': '0x800'}]}","{'instructions': [{'type': 'OUTPUT', 'port': 'CONTROLLER'}], 'clearDeferred': True, 'deferred': []}"
2026-06-08 17:01:21,of:0000000000000003,34902901306865815,ADDED,10,144,14112,120,org.onosproject.fwd,00:00:00:00:00:01,00:00:00:00:00:02,,,1,"{'criteria': [{'type': 'IN_PORT', 'port': 1}, {'type': 'ETH_DST', 'mac': '00:00:00:00:00:02'}, {'type': 'ETH_SRC', 'mac': '00:00:00:00:00:01'}]}","{'instructions': [{'type': 'OUTPUT', 'port': '2'}], 'deferred': []}"
2026-06-08 17:01:21,of:0000000000000003,281476661728682,ADDED,40000,80,11160,120,org.onosproject.core,,,,,,"{'criteria': [{'type': 'ETH_TYPE', 'ethType': '0x88cc'}]}","{'instructions': [{'type': 'OUTPUT', 'port': 'CONTROLLER'}], 'clearDeferred': True, 'deferred': []}"
2026-06-08 17:01:21,of:0000000000000003,281477764386537,ADDED,40000,0,0,120,org.onosproject.core,,,,,,"{'criteria': [{'type': 'ETH_TYPE', 'ethType': '0x806'}]}","{'instructions': [{'type': 'OUTPUT', 'port': 'CONTROLLER'}], 'clearDeferred': True, 'deferred': []}"
2026-06-08 17:01:21,of:0000000000000003,281476156249461,ADDED,40000,80,11160,120,org.onosproject.core,,,,,,"{'criteria': [{'type': 'ETH_TYPE', 'ethType': '0x8942'}]}","{'instructions': [{'type': 'OUTPUT', 'port': 'CONTROLLER'}], 'clearDeferred': True, 'deferred': []}"
2026-06-08 17:01:21,of:0000000000000004,281475616213265,ADDED,40000,92,12833,140,org.onosproject.core,,,,,,"{'criteria': [{'type': 'ETH_TYPE', 'ethType': '0x88cc'}]}","{'instructions': [{'type': 'OUTPUT', 'port': 'CONTROLLER'}], 'clearDeferred': True, 'deferred': []}"
2026-06-08 17:01:21,of:0000000000000004,281475265228006,ADDED,40000,0,0,140,org.onosproject.core,,,,,,"{'criteria': [{'type': 'ETH_TYPE', 'ethType': '0x806'}]}","{'instructions': [{'type': 'OUTPUT', 'port': 'CONTROLLER'}], 'clearDeferred': True, 'deferred': []}"
2026-06-08 17:01:21,of:0000000000000004,281477141311986,ADDED,5,88,8624,140,org.onosproject.core,,,,,,"{'criteria': [{'type': 'ETH_TYPE', 'ethType': '0x800'}]}","{'instructions': [{'type': 'OUTPUT', 'port': 'CONTROLLER'}], 'clearDeferred': True, 'deferred': []}"
2026-06-08 17:01:21,of:0000000000000004,281476729151998,ADDED,40000,92,12833,140,org.onosproject.core,,,,,,"{'criteria': [{'type': 'ETH_TYPE', 'ethType': '0x8942'}]}","{'instructions': [{'type': 'OUTPUT', 'port': 'CONTROLLER'}], 'clearDeferred': True, 'deferred': []}"
2026-06-08 17:01:21,of:0000000000000001,281478909873038,ADDED,40000,0,0,140,org.onosproject.core,,,,,,"{'criteria': [{'type': 'ETH_TYPE', 'ethType': '0x806'}]}","{'instructions': [{'type': 'OUTPUT', 'port': 'CONTROLLER'}], 'clearDeferred': True, 'deferred': []}"
2026-06-08 17:01:21,of:0000000000000001,34902899196753573,ADDED,10,139,13622,139,org.onosproject.fwd,00:00:00:00:00:01,00:00:00:00:00:02,,,4,"{'criteria': [{'type': 'IN_PORT', 'port': 4}, {'type': 'ETH_DST', 'mac': '00:00:00:00:00:02'}, {'type': 'ETH_SRC', 'mac': '00:00:00:00:00:01'}]}","{'instructions': [{'type': 'OUTPUT', 'port': '1'}], 'deferred': []}"
2026-06-08 17:01:21,of:0000000000000001,34902898986035913,ADDED,10,149,14602,139,org.onosproject.fwd,00:00:00:00:00:02,00:00:00:00:00:01,,,1,"{'criteria': [{'type': 'IN_PORT', 'port': 1}, {'type': 'ETH_DST', 'mac': '00:00:00:00:00:01'}, {'type': 'ETH_SRC', 'mac': '00:00:00:00:00:02'}]}","{'instructions': [{'type': 'OUTPUT', 'port': '4'}], 'deferred': []}"
2026-06-08 17:01:21,of:0000000000000001,281477466379610,ADDED,40000,139,19460,140,org.onosproject.core,,,,,,"{'criteria': [{'type': 'ETH_TYPE', 'ethType': '0x88cc'}]}","{'instructions': [{'type': 'OUTPUT', 'port': 'CONTROLLER'}], 'clearDeferred': True, 'deferred': []}"
2026-06-08 17:01:21,of:0000000000000001,281475012051420,ADDED,5,76,7448,140,org.onosproject.core,,,,,,"{'criteria': [{'type': 'ETH_TYPE', 'ethType': '0x800'}]}","{'instructions': [{'type': 'OUTPUT', 'port': 'CONTROLLER'}], 'clearDeferred': True, 'deferred': []}"
2026-06-08 17:01:21,of:0000000000000001,281477029321583,ADDED,40000,139,19460,140,org.onosproject.core,,,,,,"{'criteria': [{'type': 'ETH_TYPE', 'ethType': '0x8942'}]}","{'instructions': [{'type': 'OUTPUT', 'port': 'CONTROLLER'}], 'clearDeferred': True, 'deferred': []}"
2026-06-08 17:01:21,of:0000000000000002,281478316350853,ADDED,40000,0,0,140,org.onosproject.core,,,,,,"{'criteria': [{'type': 'ETH_TYPE', 'ethType': '0x806'}]}","{'instructions': [{'type': 'OUTPUT', 'port': 'CONTROLLER'}], 'clearDeferred': True, 'deferred': []}"
2026-06-08 17:01:21,of:0000000000000002,281478673389323,ADDED,40000,94,13113,140,org.onosproject.core,,,,,,"{'criteria': [{'type': 'ETH_TYPE', 'ethType': '0x8942'}]}","{'instructions': [{'type': 'OUTPUT', 'port': 'CONTROLLER'}], 'clearDeferred': True, 'deferred': []}"
2026-06-08 17:01:21,of:0000000000000002,34902898441429785,ADDED,10,137,13426,137,org.onosproject.fwd,00:00:00:00:00:02,00:00:00:00:00:01,,,3,"{'criteria': [{'type': 'IN_PORT', 'port': 3}, {'type': 'ETH_DST', 'mac': '00:00:00:00:00:01'}, {'type': 'ETH_SRC', 'mac': '00:00:00:00:00:02'}]}","{'instructions': [{'type': 'OUTPUT', 'port': '1'}], 'deferred': []}"
2026-06-08 17:01:21,of:0000000000000002,34902899328279504,ADDED,10,169,16562,140,org.onosproject.fwd,00:00:00:00:00:01,00:00:00:00:00:02,,,2,"{'criteria': [{'type': 'IN_PORT', 'port': 2}, {'type': 'ETH_DST', 'mac': '00:00:00:00:00:02'}, {'type': 'ETH_SRC', 'mac': '00:00:00:00:00:01'}]}","{'instructions': [{'type': 'OUTPUT', 'port': '3'}], 'deferred': []}"
2026-06-08 17:01:21,of:0000000000000002,281475022575828,ADDED,40000,94,13113,140,org.onosproject.core,,,,,,"{'criteria': [{'type': 'ETH_TYPE', 'ethType': '0x88cc'}]}","{'instructions': [{'type': 'OUTPUT', 'port': 'CONTROLLER'}], 'clearDeferred': True, 'deferred': []}"
2026-06-08 17:01:21,of:0000000000000002,281475568191580,ADDED,5,47,4606,140,org.onosproject.core,,,,,,"{'criteria': [{'type': 'ETH_TYPE', 'ethType': '0x800'}]}","{'instructions': [{'type': 'OUTPUT', 'port': 'CONTROLLER'}], 'clearDeferred': True, 'deferred': []}"
2026-06-08 17:01:21,of:0000000000000007,281475652364572,ADDED,5,3,294,140,org.onosproject.core,,,,,,"{'criteria': [{'type': 'ETH_TYPE', 'ethType': '0x800'}]}","{'instructions': [{'type': 'OUTPUT', 'port': 'CONTROLLER'}], 'clearDeferred': True, 'deferred': []}"
2026-06-08 17:01:21,of:0000000000000007,281478438392611,ADDED,40000,0,0,140,org.onosproject.core,,,,,,"{'criteria': [{'type': 'ETH_TYPE', 'ethType': '0x806'}]}","{'instructions': [{'type': 'OUTPUT', 'port': 'CONTROLLER'}], 'clearDeferred': True, 'deferred': []}"
2026-06-08 17:01:21,of:0000000000000007,281476350262333,ADDED,40000,94,13160,140,org.onosproject.core,,,,,,"{'criteria': [{'type': 'ETH_TYPE', 'ethType': '0x8942'}]}","{'instructions': [{'type': 'OUTPUT', 'port': 'CONTROLLER'}], 'clearDeferred': True, 'deferred': []}"
2026-06-08 17:01:21,of:0000000000000007,281475000925130,ADDED,40000,94,13160,140,org.onosproject.core,,,,,,"{'criteria': [{'type': 'ETH_TYPE', 'ethType': '0x88cc'}]}","{'instructions': [{'type': 'OUTPUT', 'port': 'CONTROLLER'}], 'clearDeferred': True, 'deferred': []}"
2026-06-08 17:01:21,of:0000000000000008,281476059291414,ADDED,40000,0,0,140,org.onosproject.core,,,,,,"{'criteria': [{'type': 'ETH_TYPE', 'ethType': '0x806'}]}","{'instructions': [{'type': 'OUTPUT', 'port': 'CONTROLLER'}], 'clearDeferred': True, 'deferred': []}"
2026-06-08 17:01:21,of:0000000000000008,281476101349656,ADDED,40000,141,19646,140,org.onosproject.core,,,,,,"{'criteria': [{'type': 'ETH_TYPE', 'ethType': '0x88cc'}]}","{'instructions': [{'type': 'OUTPUT', 'port': 'CONTROLLER'}], 'clearDeferred': True, 'deferred': []}"
2026-06-08 17:01:21,of:0000000000000008,281476270708671,ADDED,40000,141,19646,140,org.onosproject.core,,,,,,"{'criteria': [{'type': 'ETH_TYPE', 'ethType': '0x8942'}]}","{'instructions': [{'type': 'OUTPUT', 'port': 'CONTROLLER'}], 'clearDeferred': True, 'deferred': []}"
2026-06-08 17:01:21,of:0000000000000008,34902898875781211,ADDED,10,161,15778,139,org.onosproject.fwd,00:00:00:00:00:01,00:00:00:00:00:02,,,3,"{'criteria': [{'type': 'IN_PORT', 'port': 3}, {'type': 'ETH_DST', 'mac': '00:00:00:00:00:02'}, {'type': 'ETH_SRC', 'mac': '00:00:00:00:00:01'}]}","{'instructions': [{'type': 'OUTPUT', 'port': '2'}], 'deferred': []}"
2026-06-08 17:01:21,of:0000000000000008,281476010895837,ADDED,5,141,13818,140,org.onosproject.core,,,,,,"{'criteria': [{'type': 'ETH_TYPE', 'ethType': '0x800'}]}","{'instructions': [{'type': 'OUTPUT', 'port': 'CONTROLLER'}], 'clearDeferred': True, 'deferred': []}"
2026-06-08 17:01:21,of:0000000000000005,281478762460478,ADDED,40000,0,0,140,org.onosproject.core,,,,,,"{'criteria': [{'type': 'ETH_TYPE', 'ethType': '0x806'}]}","{'instructions': [{'type': 'OUTPUT', 'port': 'CONTROLLER'}], 'clearDeferred': True, 'deferred': []}"
2026-06-08 17:01:21,of:0000000000000005,281478211273411,ADDED,40000,94,13113,140,org.onosproject.core,,,,,,"{'criteria': [{'type': 'ETH_TYPE', 'ethType': '0x8942'}]}","{'instructions': [{'type': 'OUTPUT', 'port': 'CONTROLLER'}], 'clearDeferred': True, 'deferred': []}"
2026-06-08 17:01:21,of:0000000000000005,281475117841124,ADDED,5,53,5194,140,org.onosproject.core,,,,,,"{'criteria': [{'type': 'ETH_TYPE', 'ethType': '0x800'}]}","{'instructions': [{'type': 'OUTPUT', 'port': 'CONTROLLER'}], 'clearDeferred': True, 'deferred': []}"
2026-06-08 17:01:21,of:0000000000000005,281478979269874,ADDED,40000,94,13113,140,org.onosproject.core,,,,,,"{'criteria': [{'type': 'ETH_TYPE', 'ethType': '0x88cc'}]}","{'instructions': [{'type': 'OUTPUT', 'port': 'CONTROLLER'}], 'clearDeferred': True, 'deferred': []}"
2026-06-08 17:01:21,of:0000000000000006,281475738574217,ADDED,40000,94,13160,140,org.onosproject.core,,,,,,"{'criteria': [{'type': 'ETH_TYPE', 'ethType': '0x88cc'}]}","{'instructions': [{'type': 'OUTPUT', 'port': 'CONTROLLER'}], 'clearDeferred': True, 'deferred': []}"
2026-06-08 17:01:21,of:0000000000000006,281476873293724,ADDED,40000,94,13160,140,org.onosproject.core,,,,,,"{'criteria': [{'type': 'ETH_TYPE', 'ethType': '0x8942'}]}","{'instructions': [{'type': 'OUTPUT', 'port': 'CONTROLLER'}], 'clearDeferred': True, 'deferred': []}"
2026-06-08 17:01:21,of:0000000000000006,281475411377083,ADDED,40000,0,0,140,org.onosproject.core,,,,,,"{'criteria': [{'type': 'ETH_TYPE', 'ethType': '0x806'}]}","{'instructions': [{'type': 'OUTPUT', 'port': 'CONTROLLER'}], 'clearDeferred': True, 'deferred': []}"
2026-06-08 17:01:21,of:0000000000000006,281478888449605,ADDED,5,3,294,140,org.onosproject.core,,,,,,"{'criteria': [{'type': 'ETH_TYPE', 'ethType': '0x800'}]}","{'instructions': [{'type': 'OUTPUT', 'port': 'CONTROLLER'}], 'clearDeferred': True, 'deferred': []}"
2026-06-08 17:01:21,of:0000000000000009,281478887649794,ADDED,40000,138,19228,140,org.onosproject.core,,,,,,"{'criteria': [{'type': 'ETH_TYPE', 'ethType': '0x88cc'}]}","{'instructions': [{'type': 'OUTPUT', 'port': 'CONTROLLER'}], 'clearDeferred': True, 'deferred': []}"
2026-06-08 17:01:21,of:0000000000000009,281474993990194,ADDED,5,66,6468,140,org.onosproject.core,,,,,,"{'criteria': [{'type': 'ETH_TYPE', 'ethType': '0x800'}]}","{'instructions': [{'type': 'OUTPUT', 'port': 'CONTROLLER'}], 'clearDeferred': True, 'deferred': []}"
2026-06-08 17:01:21,of:0000000000000009,281476295891648,ADDED,40000,138,19228,140,org.onosproject.core,,,,,,"{'criteria': [{'type': 'ETH_TYPE', 'ethType': '0x8942'}]}","{'instructions': [{'type': 'OUTPUT', 'port': 'CONTROLLER'}], 'clearDeferred': True, 'deferred': []}"
2026-06-08 17:01:21,of:0000000000000009,281479019932926,ADDED,40000,0,0,140,org.onosproject.core,,,,,,"{'criteria': [{'type': 'ETH_TYPE', 'ethType': '0x806'}]}","{'instructions': [{'type': 'OUTPUT', 'port': 'CONTROLLER'}], 'clearDeferred': True, 'deferred': []}"
2026-06-08 17:01:26,of:000000000000000c,281479100460205,ADDED,40000,287,39989,145,org.onosproject.core,,,,,,"{'criteria': [{'type': 'ETH_TYPE', 'ethType': '0x88cc'}]}","{'instructions': [{'type': 'OUTPUT', 'port': 'CONTROLLER'}], 'clearDeferred': True, 'deferred': []}"
2026-06-08 17:01:26,of:000000000000000c,281475624796078,ADDED,40000,287,39989,145,org.onosproject.core,,,,,,"{'criteria': [{'type': 'ETH_TYPE', 'ethType': '0x8942'}]}","{'instructions': [{'type': 'OUTPUT', 'port': 'CONTROLLER'}], 'clearDeferred': True, 'deferred': []}"
2026-06-08 17:01:26,of:000000000000000c,281477504901495,ADDED,40000,0,0,145,org.onosproject.core,,,,,,"{'criteria': [{'type': 'ETH_TYPE', 'ethType': '0x806'}]}","{'instructions': [{'type': 'OUTPUT', 'port': 'CONTROLLER'}], 'clearDeferred': True, 'deferred': []}"
2026-06-08 17:01:26,of:000000000000000c,281476292687096,ADDED,5,83,8134,145,org.onosproject.core,,,,,,"{'criteria': [{'type': 'ETH_TYPE', 'ethType': '0x800'}]}","{'instructions': [{'type': 'OUTPUT', 'port': 'CONTROLLER'}], 'clearDeferred': True, 'deferred': []}"
2026-06-08 17:01:26,of:000000000000000d,281478200287907,ADDED,40000,284,39618,145,org.onosproject.core,,,,,,"{'criteria': [{'type': 'ETH_TYPE', 'ethType': '0x88cc'}]}","{'instructions': [{'type': 'OUTPUT', 'port': 'CONTROLLER'}], 'clearDeferred': True, 'deferred': []}"
2026-06-08 17:01:26,of:000000000000000d,281478788468154,ADDED,5,83,8134,145,org.onosproject.core,,,,,,"{'criteria': [{'type': 'ETH_TYPE', 'ethType': '0x800'}]}","{'instructions': [{'type': 'OUTPUT', 'port': 'CONTROLLER'}], 'clearDeferred': True, 'deferred': []}"
2026-06-08 17:01:26,of:000000000000000d,281478012698825,ADDED,40000,284,39618,145,org.onosproject.core,,,,,,"{'criteria': [{'type': 'ETH_TYPE', 'ethType': '0x8942'}]}","{'instructions': [{'type': 'OUTPUT', 'port': 'CONTROLLER'}], 'clearDeferred': True, 'deferred': []}"
2026-06-08 17:01:26,of:000000000000000d,281476618808057,ADDED,40000,0,0,145,org.onosproject.core,,,,,,"{'criteria': [{'type': 'ETH_TYPE', 'ethType': '0x806'}]}","{'instructions': [{'type': 'OUTPUT', 'port': 'CONTROLLER'}], 'clearDeferred': True, 'deferred': []}"
2026-06-08 17:01:26,of:000000000000000a,281477705784245,ADDED,5,3,294,145,org.onosproject.core,,,,,,"{'criteria': [{'type': 'ETH_TYPE', 'ethType': '0x800'}]}","{'instructions': [{'type': 'OUTPUT', 'port': 'CONTROLLER'}], 'clearDeferred': True, 'deferred': []}"
2026-06-08 17:01:26,of:000000000000000a,281475818964416,ADDED,40000,142,19786,145,org.onosproject.core,,,,,,"{'criteria': [{'type': 'ETH_TYPE', 'ethType': '0x8942'}]}","{'instructions': [{'type': 'OUTPUT', 'port': 'CONTROLLER'}], 'clearDeferred': True, 'deferred': []}"
2026-06-08 17:01:26,of:000000000000000a,281477034268888,ADDED,40000,142,19786,145,org.onosproject.core,,,,,,"{'criteria': [{'type': 'ETH_TYPE', 'ethType': '0x88cc'}]}","{'instructions': [{'type': 'OUTPUT', 'port': 'CONTROLLER'}], 'clearDeferred': True, 'deferred': []}"
2026-06-08 17:01:26,of:000000000000000a,281478593105785,ADDED,40000,0,0,145,org.onosproject.core,,,,,,"{'criteria': [{'type': 'ETH_TYPE', 'ethType': '0x806'}]}","{'instructions': [{'type': 'OUTPUT', 'port': 'CONTROLLER'}], 'clearDeferred': True, 'deferred': []}"
2026-06-08 17:01:26,of:000000000000000b,281478277078534,ADDED,5,101,9898,145,org.onosproject.core,,,,,,"{'criteria': [{'type': 'ETH_TYPE', 'ethType': '0x800'}]}","{'instructions': [{'type': 'OUTPUT', 'port': 'CONTROLLER'}], 'clearDeferred': True, 'deferred': []}"
2026-06-08 17:01:26,of:000000000000000b,34902898369757081,ADDED,10,145,14210,144,org.onosproject.fwd,00:00:00:00:00:01,00:00:00:00:00:02,,,1,"{'criteria': [{'type': 'IN_PORT', 'port': 1}, {'type': 'ETH_DST', 'mac': '00:00:00:00:00:02'}, {'type': 'ETH_SRC', 'mac': '00:00:00:00:00:01'}]}","{'instructions': [{'type': 'OUTPUT', 'port': '5'}], 'deferred': []}"
2026-06-08 17:01:26,of:000000000000000b,34902898247549216,ADDED,10,142,13916,142,org.onosproject.fwd,00:00:00:00:00:02,00:00:00:00:00:01,,,4,"{'criteria': [{'type': 'IN_PORT', 'port': 4}, {'type': 'ETH_DST', 'mac': '00:00:00:00:00:01'}, {'type': 'ETH_SRC', 'mac': '00:00:00:00:00:02'}]}","{'instructions': [{'type': 'OUTPUT', 'port': '1'}], 'deferred': []}"
2026-06-08 17:01:26,of:000000000000000b,281476663695951,ADDED,40000,0,0,145,org.onosproject.core,,,,,,"{'criteria': [{'type': 'ETH_TYPE', 'ethType': '0x806'}]}","{'instructions': [{'type': 'OUTPUT', 'port': 'CONTROLLER'}], 'clearDeferred': True, 'deferred': []}"
2026-06-08 17:01:26,of:000000000000000b,281476573370203,ADDED,40000,288,40128,145,org.onosproject.core,,,,,,"{'criteria': [{'type': 'ETH_TYPE', 'ethType': '0x88cc'}]}","{'instructions': [{'type': 'OUTPUT', 'port': 'CONTROLLER'}], 'clearDeferred': True, 'deferred': []}"
2026-06-08 17:01:26,of:000000000000000b,281476205675487,ADDED,40000,288,40128,145,org.onosproject.core,,,,,,"{'criteria': [{'type': 'ETH_TYPE', 'ethType': '0x8942'}]}","{'instructions': [{'type': 'OUTPUT', 'port': 'CONTROLLER'}], 'clearDeferred': True, 'deferred': []}"
2026-06-08 17:01:26,of:0000000000000003,281478170942982,ADDED,5,93,9114,120,org.onosproject.core,,,,,,"{'criteria': [{'type': 'ETH_TYPE', 'ethType': '0x800'}]}","{'instructions': [{'type': 'OUTPUT', 'port': 'CONTROLLER'}], 'clearDeferred': True, 'deferred': []}"
2026-06-08 17:01:26,of:0000000000000003,34902901306865815,ADDED,10,144,14112,120,org.onosproject.fwd,00:00:00:00:00:01,00:00:00:00:00:02,,,1,"{'criteria': [{'type': 'IN_PORT', 'port': 1}, {'type': 'ETH_DST', 'mac': '00:00:00:00:00:02'}, {'type': 'ETH_SRC', 'mac': '00:00:00:00:00:01'}]}","{'instructions': [{'type': 'OUTPUT', 'port': '2'}], 'deferred': []}"
2026-06-08 17:01:26,of:0000000000000003,281476661728682,ADDED,40000,80,11160,120,org.onosproject.core,,,,,,"{'criteria': [{'type': 'ETH_TYPE', 'ethType': '0x88cc'}]}","{'instructions': [{'type': 'OUTPUT', 'port': 'CONTROLLER'}], 'clearDeferred': True, 'deferred': []}"
2026-06-08 17:01:26,of:0000000000000003,281477764386537,ADDED,40000,0,0,120,org.onosproject.core,,,,,,"{'criteria': [{'type': 'ETH_TYPE', 'ethType': '0x806'}]}","{'instructions': [{'type': 'OUTPUT', 'port': 'CONTROLLER'}], 'clearDeferred': True, 'deferred': []}"
2026-06-08 17:01:26,of:0000000000000003,281476156249461,ADDED,40000,80,11160,120,org.onosproject.core,,,,,,"{'criteria': [{'type': 'ETH_TYPE', 'ethType': '0x8942'}]}","{'instructions': [{'type': 'OUTPUT', 'port': 'CONTROLLER'}], 'clearDeferred': True, 'deferred': []}"
2026-06-08 17:01:26,of:0000000000000004,281475616213265,ADDED,40000,94,13112,145,org.onosproject.core,,,,,,"{'criteria': [{'type': 'ETH_TYPE', 'ethType': '0x88cc'}]}","{'instructions': [{'type': 'OUTPUT', 'port': 'CONTROLLER'}], 'clearDeferred': True, 'deferred': []}"
2026-06-08 17:01:26,of:0000000000000004,281475265228006,ADDED,40000,0,0,145,org.onosproject.core,,,,,,"{'criteria': [{'type': 'ETH_TYPE', 'ethType': '0x806'}]}","{'instructions': [{'type': 'OUTPUT', 'port': 'CONTROLLER'}], 'clearDeferred': True, 'deferred': []}"
2026-06-08 17:01:26,of:0000000000000004,281477141311986,ADDED,5,88,8624,145,org.onosproject.core,,,,,,"{'criteria': [{'type': 'ETH_TYPE', 'ethType': '0x800'}]}","{'instructions': [{'type': 'OUTPUT', 'port': 'CONTROLLER'}], 'clearDeferred': True, 'deferred': []}"
2026-06-08 17:01:26,of:0000000000000004,281476729151998,ADDED,40000,94,13112,145,org.onosproject.core,,,,,,"{'criteria': [{'type': 'ETH_TYPE', 'ethType': '0x8942'}]}","{'instructions': [{'type': 'OUTPUT', 'port': 'CONTROLLER'}], 'clearDeferred': True, 'deferred': []}"
2026-06-08 17:01:26,of:0000000000000001,281478909873038,ADDED,40000,0,0,145,org.onosproject.core,,,,,,"{'criteria': [{'type': 'ETH_TYPE', 'ethType': '0x806'}]}","{'instructions': [{'type': 'OUTPUT', 'port': 'CONTROLLER'}], 'clearDeferred': True, 'deferred': []}"
2026-06-08 17:01:26,of:0000000000000001,34902899196753573,ADDED,10,144,14112,144,org.onosproject.fwd,00:00:00:00:00:01,00:00:00:00:00:02,,,4,"{'criteria': [{'type': 'IN_PORT', 'port': 4}, {'type': 'ETH_DST', 'mac': '00:00:00:00:00:02'}, {'type': 'ETH_SRC', 'mac': '00:00:00:00:00:01'}]}","{'instructions': [{'type': 'OUTPUT', 'port': '1'}], 'deferred': []}"
2026-06-08 17:01:26,of:0000000000000001,34902898986035913,ADDED,10,154,15092,144,org.onosproject.fwd,00:00:00:00:00:02,00:00:00:00:00:01,,,1,"{'criteria': [{'type': 'IN_PORT', 'port': 1}, {'type': 'ETH_DST', 'mac': '00:00:00:00:00:01'}, {'type': 'ETH_SRC', 'mac': '00:00:00:00:00:02'}]}","{'instructions': [{'type': 'OUTPUT', 'port': '4'}], 'deferred': []}"
2026-06-08 17:01:26,of:0000000000000001,281477466379610,ADDED,40000,142,19880,145,org.onosproject.core,,,,,,"{'criteria': [{'type': 'ETH_TYPE', 'ethType': '0x88cc'}]}","{'instructions': [{'type': 'OUTPUT', 'port': 'CONTROLLER'}], 'clearDeferred': True, 'deferred': []}"
2026-06-08 17:01:26,of:0000000000000001,281475012051420,ADDED,5,76,7448,145,org.onosproject.core,,,,,,"{'criteria': [{'type': 'ETH_TYPE', 'ethType': '0x800'}]}","{'instructions': [{'type': 'OUTPUT', 'port': 'CONTROLLER'}], 'clearDeferred': True, 'deferred': []}"
2026-06-08 17:01:26,of:0000000000000001,281477029321583,ADDED,40000,142,19880,145,org.onosproject.core,,,,,,"{'criteria': [{'type': 'ETH_TYPE', 'ethType': '0x8942'}]}","{'instructions': [{'type': 'OUTPUT', 'port': 'CONTROLLER'}], 'clearDeferred': True, 'deferred': []}"
2026-06-08 17:01:26,of:0000000000000002,281478316350853,ADDED,40000,0,0,145,org.onosproject.core,,,,,,"{'criteria': [{'type': 'ETH_TYPE', 'ethType': '0x806'}]}","{'instructions': [{'type': 'OUTPUT', 'port': 'CONTROLLER'}], 'clearDeferred': True, 'deferred': []}"
2026-06-08 17:01:26,of:0000000000000002,281478673389323,ADDED,40000,96,13392,145,org.onosproject.core,,,,,,"{'criteria': [{'type': 'ETH_TYPE', 'ethType': '0x8942'}]}","{'instructions': [{'type': 'OUTPUT', 'port': 'CONTROLLER'}], 'clearDeferred': True, 'deferred': []}"
2026-06-08 17:01:26,of:0000000000000002,34902898441429785,ADDED,10,142,13916,142,org.onosproject.fwd,00:00:00:00:00:02,00:00:00:00:00:01,,,3,"{'criteria': [{'type': 'IN_PORT', 'port': 3}, {'type': 'ETH_DST', 'mac': '00:00:00:00:00:01'}, {'type': 'ETH_SRC', 'mac': '00:00:00:00:00:02'}]}","{'instructions': [{'type': 'OUTPUT', 'port': '1'}], 'deferred': []}"
2026-06-08 17:01:26,of:0000000000000002,34902899328279504,ADDED,10,174,17052,145,org.onosproject.fwd,00:00:00:00:00:01,00:00:00:00:00:02,,,2,"{'criteria': [{'type': 'IN_PORT', 'port': 2}, {'type': 'ETH_DST', 'mac': '00:00:00:00:00:02'}, {'type': 'ETH_SRC', 'mac': '00:00:00:00:00:01'}]}","{'instructions': [{'type': 'OUTPUT', 'port': '3'}], 'deferred': []}"
2026-06-08 17:01:26,of:0000000000000002,281475022575828,ADDED,40000,96,13392,145,org.onosproject.core,,,,,,"{'criteria': [{'type': 'ETH_TYPE', 'ethType': '0x88cc'}]}","{'instructions': [{'type': 'OUTPUT', 'port': 'CONTROLLER'}], 'clearDeferred': True, 'deferred': []}"
2026-06-08 17:01:26,of:0000000000000002,281475568191580,ADDED,5,47,4606,145,org.onosproject.core,,,,,,"{'criteria': [{'type': 'ETH_TYPE', 'ethType': '0x800'}]}","{'instructions': [{'type': 'OUTPUT', 'port': 'CONTROLLER'}], 'clearDeferred': True, 'deferred': []}"
2026-06-08 17:01:26,of:0000000000000007,281475652364572,ADDED,5,3,294,145,org.onosproject.core,,,,,,"{'criteria': [{'type': 'ETH_TYPE', 'ethType': '0x800'}]}","{'instructions': [{'type': 'OUTPUT', 'port': 'CONTROLLER'}], 'clearDeferred': True, 'deferred': []}"
2026-06-08 17:01:26,of:0000000000000007,281478438392611,ADDED,40000,0,0,145,org.onosproject.core,,,,,,"{'criteria': [{'type': 'ETH_TYPE', 'ethType': '0x806'}]}","{'instructions': [{'type': 'OUTPUT', 'port': 'CONTROLLER'}], 'clearDeferred': True, 'deferred': []}"
2026-06-08 17:01:26,of:0000000000000007,281476350262333,ADDED,40000,96,13440,145,org.onosproject.core,,,,,,"{'criteria': [{'type': 'ETH_TYPE', 'ethType': '0x8942'}]}","{'instructions': [{'type': 'OUTPUT', 'port': 'CONTROLLER'}], 'clearDeferred': True, 'deferred': []}"
2026-06-08 17:01:26,of:0000000000000007,281475000925130,ADDED,40000,96,13440,145,org.onosproject.core,,,,,,"{'criteria': [{'type': 'ETH_TYPE', 'ethType': '0x88cc'}]}","{'instructions': [{'type': 'OUTPUT', 'port': 'CONTROLLER'}], 'clearDeferred': True, 'deferred': []}"
2026-06-08 17:01:26,of:0000000000000008,281476059291414,ADDED,40000,0,0,145,org.onosproject.core,,,,,,"{'criteria': [{'type': 'ETH_TYPE', 'ethType': '0x806'}]}","{'instructions': [{'type': 'OUTPUT', 'port': 'CONTROLLER'}], 'clearDeferred': True, 'deferred': []}"
2026-06-08 17:01:26,of:0000000000000008,281476101349656,ADDED,40000,144,20064,145,org.onosproject.core,,,,,,"{'criteria': [{'type': 'ETH_TYPE', 'ethType': '0x88cc'}]}","{'instructions': [{'type': 'OUTPUT', 'port': 'CONTROLLER'}], 'clearDeferred': True, 'deferred': []}"
2026-06-08 17:01:26,of:0000000000000008,281476270708671,ADDED,40000,144,20064,145,org.onosproject.core,,,,,,"{'criteria': [{'type': 'ETH_TYPE', 'ethType': '0x8942'}]}","{'instructions': [{'type': 'OUTPUT', 'port': 'CONTROLLER'}], 'clearDeferred': True, 'deferred': []}"
2026-06-08 17:01:26,of:0000000000000008,34902898875781211,ADDED,10,166,16268,144,org.onosproject.fwd,00:00:00:00:00:01,00:00:00:00:00:02,,,3,"{'criteria': [{'type': 'IN_PORT', 'port': 3}, {'type': 'ETH_DST', 'mac': '00:00:00:00:00:02'}, {'type': 'ETH_SRC', 'mac': '00:00:00:00:00:01'}]}","{'instructions': [{'type': 'OUTPUT', 'port': '2'}], 'deferred': []}"
2026-06-08 17:01:26,of:0000000000000008,281476010895837,ADDED,5,141,13818,145,org.onosproject.core,,,,,,"{'criteria': [{'type': 'ETH_TYPE', 'ethType': '0x800'}]}","{'instructions': [{'type': 'OUTPUT', 'port': 'CONTROLLER'}], 'clearDeferred': True, 'deferred': []}"
2026-06-08 17:01:26,of:0000000000000005,281478762460478,ADDED,40000,0,0,145,org.onosproject.core,,,,,,"{'criteria': [{'type': 'ETH_TYPE', 'ethType': '0x806'}]}","{'instructions': [{'type': 'OUTPUT', 'port': 'CONTROLLER'}], 'clearDeferred': True, 'deferred': []}"
2026-06-08 17:01:26,of:0000000000000005,281478211273411,ADDED,40000,96,13392,145,org.onosproject.core,,,,,,"{'criteria': [{'type': 'ETH_TYPE', 'ethType': '0x8942'}]}","{'instructions': [{'type': 'OUTPUT', 'port': 'CONTROLLER'}], 'clearDeferred': True, 'deferred': []}"
2026-06-08 17:01:26,of:0000000000000005,281475117841124,ADDED,5,53,5194,145,org.onosproject.core,,,,,,"{'criteria': [{'type': 'ETH_TYPE', 'ethType': '0x800'}]}","{'instructions': [{'type': 'OUTPUT', 'port': 'CONTROLLER'}], 'clearDeferred': True, 'deferred': []}"
2026-06-08 17:01:26,of:0000000000000005,281478979269874,ADDED,40000,96,13392,145,org.onosproject.core,,,,,,"{'criteria': [{'type': 'ETH_TYPE', 'ethType': '0x88cc'}]}","{'instructions': [{'type': 'OUTPUT', 'port': 'CONTROLLER'}], 'clearDeferred': True, 'deferred': []}"
2026-06-08 17:01:26,of:0000000000000006,281475738574217,ADDED,40000,96,13440,145,org.onosproject.core,,,,,,"{'criteria': [{'type': 'ETH_TYPE', 'ethType': '0x88cc'}]}","{'instructions': [{'type': 'OUTPUT', 'port': 'CONTROLLER'}], 'clearDeferred': True, 'deferred': []}"
2026-06-08 17:01:26,of:0000000000000006,281476873293724,ADDED,40000,96,13440,145,org.onosproject.core,,,,,,"{'criteria': [{'type': 'ETH_TYPE', 'ethType': '0x8942'}]}","{'instructions': [{'type': 'OUTPUT', 'port': 'CONTROLLER'}], 'clearDeferred': True, 'deferred': []}"
2026-06-08 17:01:26,of:0000000000000006,281475411377083,ADDED,40000,0,0,145,org.onosproject.core,,,,,,"{'criteria': [{'type': 'ETH_TYPE', 'ethType': '0x806'}]}","{'instructions': [{'type': 'OUTPUT', 'port': 'CONTROLLER'}], 'clearDeferred': True, 'deferred': []}"
2026-06-08 17:01:26,of:0000000000000006,281478888449605,ADDED,5,3,294,145,org.onosproject.core,,,,,,"{'criteria': [{'type': 'ETH_TYPE', 'ethType': '0x800'}]}","{'instructions': [{'type': 'OUTPUT', 'port': 'CONTROLLER'}], 'clearDeferred': True, 'deferred': []}"
2026-06-08 17:01:26,of:0000000000000009,281478887649794,ADDED,40000,142,19785,145,org.onosproject.core,,,,,,"{'criteria': [{'type': 'ETH_TYPE', 'ethType': '0x88cc'}]}","{'instructions': [{'type': 'OUTPUT', 'port': 'CONTROLLER'}], 'clearDeferred': True, 'deferred': []}"
2026-06-08 17:01:26,of:0000000000000009,281474993990194,ADDED,5,66,6468,145,org.onosproject.core,,,,,,"{'criteria': [{'type': 'ETH_TYPE', 'ethType': '0x800'}]}","{'instructions': [{'type': 'OUTPUT', 'port': 'CONTROLLER'}], 'clearDeferred': True, 'deferred': []}"
2026-06-08 17:01:26,of:0000000000000009,281476295891648,ADDED,40000,142,19785,145,org.onosproject.core,,,,,,"{'criteria': [{'type': 'ETH_TYPE', 'ethType': '0x8942'}]}","{'instructions': [{'type': 'OUTPUT', 'port': 'CONTROLLER'}], 'clearDeferred': True, 'deferred': []}"
2026-06-08 17:01:26,of:0000000000000009,281479019932926,ADDED,40000,0,0,145,org.onosproject.core,,,,,,"{'criteria': [{'type': 'ETH_TYPE', 'ethType': '0x806'}]}","{'instructions': [{'type': 'OUTPUT', 'port': 'CONTROLLER'}], 'clearDeferred': True, 'deferred': []}"
2026-06-08 17:01:31,of:000000000000000c,281479100460205,ADDED,40000,298,41522,150,org.onosproject.core,,,,,,"{'criteria': [{'type': 'ETH_TYPE', 'ethType': '0x88cc'}]}","{'instructions': [{'type': 'OUTPUT', 'port': 'CONTROLLER'}], 'clearDeferred': True, 'deferred': []}"
2026-06-08 17:01:31,of:000000000000000c,281475624796078,ADDED,40000,298,41522,150,org.onosproject.core,,,,,,"{'criteria': [{'type': 'ETH_TYPE', 'ethType': '0x8942'}]}","{'instructions': [{'type': 'OUTPUT', 'port': 'CONTROLLER'}], 'clearDeferred': True, 'deferred': []}"
2026-06-08 17:01:31,of:000000000000000c,281477504901495,ADDED,40000,0,0,150,org.onosproject.core,,,,,,"{'criteria': [{'type': 'ETH_TYPE', 'ethType': '0x806'}]}","{'instructions': [{'type': 'OUTPUT', 'port': 'CONTROLLER'}], 'clearDeferred': True, 'deferred': []}"
2026-06-08 17:01:31,of:000000000000000c,281476292687096,ADDED,5,83,8134,150,org.onosproject.core,,,,,,"{'criteria': [{'type': 'ETH_TYPE', 'ethType': '0x800'}]}","{'instructions': [{'type': 'OUTPUT', 'port': 'CONTROLLER'}], 'clearDeferred': True, 'deferred': []}"
2026-06-08 17:01:31,of:000000000000000d,281478200287907,ADDED,40000,294,41014,150,org.onosproject.core,,,,,,"{'criteria': [{'type': 'ETH_TYPE', 'ethType': '0x88cc'}]}","{'instructions': [{'type': 'OUTPUT', 'port': 'CONTROLLER'}], 'clearDeferred': True, 'deferred': []}"
2026-06-08 17:01:31,of:000000000000000d,281478788468154,ADDED,5,83,8134,150,org.onosproject.core,,,,,,"{'criteria': [{'type': 'ETH_TYPE', 'ethType': '0x800'}]}","{'instructions': [{'type': 'OUTPUT', 'port': 'CONTROLLER'}], 'clearDeferred': True, 'deferred': []}"
2026-06-08 17:01:31,of:000000000000000d,281478012698825,ADDED,40000,294,41014,150,org.onosproject.core,,,,,,"{'criteria': [{'type': 'ETH_TYPE', 'ethType': '0x8942'}]}","{'instructions': [{'type': 'OUTPUT', 'port': 'CONTROLLER'}], 'clearDeferred': True, 'deferred': []}"
2026-06-08 17:01:31,of:000000000000000d,281476618808057,ADDED,40000,0,0,150,org.onosproject.core,,,,,,"{'criteria': [{'type': 'ETH_TYPE', 'ethType': '0x806'}]}","{'instructions': [{'type': 'OUTPUT', 'port': 'CONTROLLER'}], 'clearDeferred': True, 'deferred': []}"
2026-06-08 17:01:31,of:000000000000000a,281477705784245,ADDED,5,3,294,150,org.onosproject.core,,,,,,"{'criteria': [{'type': 'ETH_TYPE', 'ethType': '0x800'}]}","{'instructions': [{'type': 'OUTPUT', 'port': 'CONTROLLER'}], 'clearDeferred': True, 'deferred': []}"
2026-06-08 17:01:31,of:000000000000000a,281475818964416,ADDED,40000,146,20344,150,org.onosproject.core,,,,,,"{'criteria': [{'type': 'ETH_TYPE', 'ethType': '0x8942'}]}","{'instructions': [{'type': 'OUTPUT', 'port': 'CONTROLLER'}], 'clearDeferred': True, 'deferred': []}"
2026-06-08 17:01:31,of:000000000000000a,281477034268888,ADDED,40000,146,20344,150,org.onosproject.core,,,,,,"{'criteria': [{'type': 'ETH_TYPE', 'ethType': '0x88cc'}]}","{'instructions': [{'type': 'OUTPUT', 'port': 'CONTROLLER'}], 'clearDeferred': True, 'deferred': []}"
2026-06-08 17:01:31,of:000000000000000a,281478593105785,ADDED,40000,0,0,150,org.onosproject.core,,,,,,"{'criteria': [{'type': 'ETH_TYPE', 'ethType': '0x806'}]}","{'instructions': [{'type': 'OUTPUT', 'port': 'CONTROLLER'}], 'clearDeferred': True, 'deferred': []}"
2026-06-08 17:01:31,of:000000000000000b,281478277078534,ADDED,5,101,9898,150,org.onosproject.core,,,,,,"{'criteria': [{'type': 'ETH_TYPE', 'ethType': '0x800'}]}","{'instructions': [{'type': 'OUTPUT', 'port': 'CONTROLLER'}], 'clearDeferred': True, 'deferred': []}"
2026-06-08 17:01:31,of:000000000000000b,34902898369757081,ADDED,10,150,14700,149,org.onosproject.fwd,00:00:00:00:00:01,00:00:00:00:00:02,,,1,"{'criteria': [{'type': 'IN_PORT', 'port': 1}, {'type': 'ETH_DST', 'mac': '00:00:00:00:00:02'}, {'type': 'ETH_SRC', 'mac': '00:00:00:00:00:01'}]}","{'instructions': [{'type': 'OUTPUT', 'port': '5'}], 'deferred': []}"
2026-06-08 17:01:31,of:000000000000000b,34902898247549216,ADDED,10,147,14406,147,org.onosproject.fwd,00:00:00:00:00:02,00:00:00:00:00:01,,,4,"{'criteria': [{'type': 'IN_PORT', 'port': 4}, {'type': 'ETH_DST', 'mac': '00:00:00:00:00:01'}, {'type': 'ETH_SRC', 'mac': '00:00:00:00:00:02'}]}","{'instructions': [{'type': 'OUTPUT', 'port': '1'}], 'deferred': []}"
2026-06-08 17:01:31,of:000000000000000b,281476663695951,ADDED,40000,0,0,150,org.onosproject.core,,,,,,"{'criteria': [{'type': 'ETH_TYPE', 'ethType': '0x806'}]}","{'instructions': [{'type': 'OUTPUT', 'port': 'CONTROLLER'}], 'clearDeferred': True, 'deferred': []}"
2026-06-08 17:01:31,of:000000000000000b,281476573370203,ADDED,40000,300,41800,150,org.onosproject.core,,,,,,"{'criteria': [{'type': 'ETH_TYPE', 'ethType': '0x88cc'}]}","{'instructions': [{'type': 'OUTPUT', 'port': 'CONTROLLER'}], 'clearDeferred': True, 'deferred': []}"
2026-06-08 17:01:31,of:000000000000000b,281476205675487,ADDED,40000,300,41800,150,org.onosproject.core,,,,,,"{'criteria': [{'type': 'ETH_TYPE', 'ethType': '0x8942'}]}","{'instructions': [{'type': 'OUTPUT', 'port': 'CONTROLLER'}], 'clearDeferred': True, 'deferred': []}"
2026-06-08 17:01:31,of:0000000000000003,281478170942982,ADDED,5,93,9114,150,org.onosproject.core,,,,,,"{'criteria': [{'type': 'ETH_TYPE', 'ethType': '0x800'}]}","{'instructions': [{'type': 'OUTPUT', 'port': 'CONTROLLER'}], 'clearDeferred': True, 'deferred': []}"
2026-06-08 17:01:31,of:0000000000000003,34902901306865815,ADDED,10,174,17052,150,org.onosproject.fwd,00:00:00:00:00:01,00:00:00:00:00:02,,,1,"{'criteria': [{'type': 'IN_PORT', 'port': 1}, {'type': 'ETH_DST', 'mac': '00:00:00:00:00:02'}, {'type': 'ETH_SRC', 'mac': '00:00:00:00:00:01'}]}","{'instructions': [{'type': 'OUTPUT', 'port': '2'}], 'deferred': []}"
2026-06-08 17:01:31,of:0000000000000003,281476661728682,ADDED,40000,100,13950,150,org.onosproject.core,,,,,,"{'criteria': [{'type': 'ETH_TYPE', 'ethType': '0x88cc'}]}","{'instructions': [{'type': 'OUTPUT', 'port': 'CONTROLLER'}], 'clearDeferred': True, 'deferred': []}"
2026-06-08 17:01:31,of:0000000000000003,281477764386537,ADDED,40000,0,0,150,org.onosproject.core,,,,,,"{'criteria': [{'type': 'ETH_TYPE', 'ethType': '0x806'}]}","{'instructions': [{'type': 'OUTPUT', 'port': 'CONTROLLER'}], 'clearDeferred': True, 'deferred': []}"
2026-06-08 17:01:31,of:0000000000000003,281476156249461,ADDED,40000,100,13950,150,org.onosproject.core,,,,,,"{'criteria': [{'type': 'ETH_TYPE', 'ethType': '0x8942'}]}","{'instructions': [{'type': 'OUTPUT', 'port': 'CONTROLLER'}], 'clearDeferred': True, 'deferred': []}"
2026-06-08 17:01:31,of:0000000000000004,281475616213265,ADDED,40000,98,13670,150,org.onosproject.core,,,,,,"{'criteria': [{'type': 'ETH_TYPE', 'ethType': '0x88cc'}]}","{'instructions': [{'type': 'OUTPUT', 'port': 'CONTROLLER'}], 'clearDeferred': True, 'deferred': []}"
2026-06-08 17:01:31,of:0000000000000004,281475265228006,ADDED,40000,0,0,150,org.onosproject.core,,,,,,"{'criteria': [{'type': 'ETH_TYPE', 'ethType': '0x806'}]}","{'instructions': [{'type': 'OUTPUT', 'port': 'CONTROLLER'}], 'clearDeferred': True, 'deferred': []}"
2026-06-08 17:01:31,of:0000000000000004,281477141311986,ADDED,5,88,8624,150,org.onosproject.core,,,,,,"{'criteria': [{'type': 'ETH_TYPE', 'ethType': '0x800'}]}","{'instructions': [{'type': 'OUTPUT', 'port': 'CONTROLLER'}], 'clearDeferred': True, 'deferred': []}"
2026-06-08 17:01:31,of:0000000000000004,281476729151998,ADDED,40000,98,13670,150,org.onosproject.core,,,,,,"{'criteria': [{'type': 'ETH_TYPE', 'ethType': '0x8942'}]}","{'instructions': [{'type': 'OUTPUT', 'port': 'CONTROLLER'}], 'clearDeferred': True, 'deferred': []}"
2026-06-08 17:01:31,of:0000000000000001,281478909873038,ADDED,40000,0,0,150,org.onosproject.core,,,,,,"{'criteria': [{'type': 'ETH_TYPE', 'ethType': '0x806'}]}","{'instructions': [{'type': 'OUTPUT', 'port': 'CONTROLLER'}], 'clearDeferred': True, 'deferred': []}"
2026-06-08 17:01:31,of:0000000000000001,34902899196753573,ADDED,10,149,14602,149,org.onosproject.fwd,00:00:00:00:00:01,00:00:00:00:00:02,,,4,"{'criteria': [{'type': 'IN_PORT', 'port': 4}, {'type': 'ETH_DST', 'mac': '00:00:00:00:00:02'}, {'type': 'ETH_SRC', 'mac': '00:00:00:00:00:01'}]}","{'instructions': [{'type': 'OUTPUT', 'port': '1'}], 'deferred': []}"
2026-06-08 17:01:31,of:0000000000000001,34902898986035913,ADDED,10,159,15582,149,org.onosproject.fwd,00:00:00:00:00:02,00:00:00:00:00:01,,,1,"{'criteria': [{'type': 'IN_PORT', 'port': 1}, {'type': 'ETH_DST', 'mac': '00:00:00:00:00:01'}, {'type': 'ETH_SRC', 'mac': '00:00:00:00:00:02'}]}","{'instructions': [{'type': 'OUTPUT', 'port': '4'}], 'deferred': []}"
2026-06-08 17:01:31,of:0000000000000001,281477466379610,ADDED,40000,148,20720,150,org.onosproject.core,,,,,,"{'criteria': [{'type': 'ETH_TYPE', 'ethType': '0x88cc'}]}","{'instructions': [{'type': 'OUTPUT', 'port': 'CONTROLLER'}], 'clearDeferred': True, 'deferred': []}"
2026-06-08 17:01:31,of:0000000000000001,281475012051420,ADDED,5,76,7448,150,org.onosproject.core,,,,,,"{'criteria': [{'type': 'ETH_TYPE', 'ethType': '0x800'}]}","{'instructions': [{'type': 'OUTPUT', 'port': 'CONTROLLER'}], 'clearDeferred': True, 'deferred': []}"
2026-06-08 17:01:31,of:0000000000000001,281477029321583,ADDED,40000,148,20720,150,org.onosproject.core,,,,,,"{'criteria': [{'type': 'ETH_TYPE', 'ethType': '0x8942'}]}","{'instructions': [{'type': 'OUTPUT', 'port': 'CONTROLLER'}], 'clearDeferred': True, 'deferred': []}"
2026-06-08 17:01:31,of:0000000000000002,281478316350853,ADDED,40000,0,0,150,org.onosproject.core,,,,,,"{'criteria': [{'type': 'ETH_TYPE', 'ethType': '0x806'}]}","{'instructions': [{'type': 'OUTPUT', 'port': 'CONTROLLER'}], 'clearDeferred': True, 'deferred': []}"
2026-06-08 17:01:31,of:0000000000000002,281478673389323,ADDED,40000,100,13950,150,org.onosproject.core,,,,,,"{'criteria': [{'type': 'ETH_TYPE', 'ethType': '0x8942'}]}","{'instructions': [{'type': 'OUTPUT', 'port': 'CONTROLLER'}], 'clearDeferred': True, 'deferred': []}"
2026-06-08 17:01:31,of:0000000000000002,34902898441429785,ADDED,10,147,14406,147,org.onosproject.fwd,00:00:00:00:00:02,00:00:00:00:00:01,,,3,"{'criteria': [{'type': 'IN_PORT', 'port': 3}, {'type': 'ETH_DST', 'mac': '00:00:00:00:00:01'}, {'type': 'ETH_SRC', 'mac': '00:00:00:00:00:02'}]}","{'instructions': [{'type': 'OUTPUT', 'port': '1'}], 'deferred': []}"
2026-06-08 17:01:31,of:0000000000000002,34902899328279504,ADDED,10,179,17542,150,org.onosproject.fwd,00:00:00:00:00:01,00:00:00:00:00:02,,,2,"{'criteria': [{'type': 'IN_PORT', 'port': 2}, {'type': 'ETH_DST', 'mac': '00:00:00:00:00:02'}, {'type': 'ETH_SRC', 'mac': '00:00:00:00:00:01'}]}","{'instructions': [{'type': 'OUTPUT', 'port': '3'}], 'deferred': []}"
2026-06-08 17:01:31,of:0000000000000002,281475022575828,ADDED,40000,100,13950,150,org.onosproject.core,,,,,,"{'criteria': [{'type': 'ETH_TYPE', 'ethType': '0x88cc'}]}","{'instructions': [{'type': 'OUTPUT', 'port': 'CONTROLLER'}], 'clearDeferred': True, 'deferred': []}"
2026-06-08 17:01:31,of:0000000000000002,281475568191580,ADDED,5,47,4606,150,org.onosproject.core,,,,,,"{'criteria': [{'type': 'ETH_TYPE', 'ethType': '0x800'}]}","{'instructions': [{'type': 'OUTPUT', 'port': 'CONTROLLER'}], 'clearDeferred': True, 'deferred': []}"
2026-06-08 17:01:31,of:0000000000000007,281475652364572,ADDED,5,3,294,150,org.onosproject.core,,,,,,"{'criteria': [{'type': 'ETH_TYPE', 'ethType': '0x800'}]}","{'instructions': [{'type': 'OUTPUT', 'port': 'CONTROLLER'}], 'clearDeferred': True, 'deferred': []}"
2026-06-08 17:01:31,of:0000000000000007,281478438392611,ADDED,40000,0,0,150,org.onosproject.core,,,,,,"{'criteria': [{'type': 'ETH_TYPE', 'ethType': '0x806'}]}","{'instructions': [{'type': 'OUTPUT', 'port': 'CONTROLLER'}], 'clearDeferred': True, 'deferred': []}"
2026-06-08 17:01:31,of:0000000000000007,281476350262333,ADDED,40000,100,14000,150,org.onosproject.core,,,,,,"{'criteria': [{'type': 'ETH_TYPE', 'ethType': '0x8942'}]}","{'instructions': [{'type': 'OUTPUT', 'port': 'CONTROLLER'}], 'clearDeferred': True, 'deferred': []}"
2026-06-08 17:01:31,of:0000000000000007,281475000925130,ADDED,40000,100,14000,150,org.onosproject.core,,,,,,"{'criteria': [{'type': 'ETH_TYPE', 'ethType': '0x88cc'}]}","{'instructions': [{'type': 'OUTPUT', 'port': 'CONTROLLER'}], 'clearDeferred': True, 'deferred': []}"
2026-06-08 17:01:31,of:0000000000000008,281476059291414,ADDED,40000,0,0,150,org.onosproject.core,,,,,,"{'criteria': [{'type': 'ETH_TYPE', 'ethType': '0x806'}]}","{'instructions': [{'type': 'OUTPUT', 'port': 'CONTROLLER'}], 'clearDeferred': True, 'deferred': []}"
2026-06-08 17:01:31,of:0000000000000008,281476101349656,ADDED,40000,150,20900,150,org.onosproject.core,,,,,,"{'criteria': [{'type': 'ETH_TYPE', 'ethType': '0x88cc'}]}","{'instructions': [{'type': 'OUTPUT', 'port': 'CONTROLLER'}], 'clearDeferred': True, 'deferred': []}"
2026-06-08 17:01:31,of:0000000000000008,281476270708671,ADDED,40000,150,20900,150,org.onosproject.core,,,,,,"{'criteria': [{'type': 'ETH_TYPE', 'ethType': '0x8942'}]}","{'instructions': [{'type': 'OUTPUT', 'port': 'CONTROLLER'}], 'clearDeferred': True, 'deferred': []}"
2026-06-08 17:01:31,of:0000000000000008,34902898875781211,ADDED,10,171,16758,149,org.onosproject.fwd,00:00:00:00:00:01,00:00:00:00:00:02,,,3,"{'criteria': [{'type': 'IN_PORT', 'port': 3}, {'type': 'ETH_DST', 'mac': '00:00:00:00:00:02'}, {'type': 'ETH_SRC', 'mac': '00:00:00:00:00:01'}]}","{'instructions': [{'type': 'OUTPUT', 'port': '2'}], 'deferred': []}"
2026-06-08 17:01:31,of:0000000000000008,281476010895837,ADDED,5,141,13818,150,org.onosproject.core,,,,,,"{'criteria': [{'type': 'ETH_TYPE', 'ethType': '0x800'}]}","{'instructions': [{'type': 'OUTPUT', 'port': 'CONTROLLER'}], 'clearDeferred': True, 'deferred': []}"
2026-06-08 17:01:31,of:0000000000000005,281478762460478,ADDED,40000,0,0,150,org.onosproject.core,,,,,,"{'criteria': [{'type': 'ETH_TYPE', 'ethType': '0x806'}]}","{'instructions': [{'type': 'OUTPUT', 'port': 'CONTROLLER'}], 'clearDeferred': True, 'deferred': []}"
2026-06-08 17:01:31,of:0000000000000005,281478211273411,ADDED,40000,100,13950,150,org.onosproject.core,,,,,,"{'criteria': [{'type': 'ETH_TYPE', 'ethType': '0x8942'}]}","{'instructions': [{'type': 'OUTPUT', 'port': 'CONTROLLER'}], 'clearDeferred': True, 'deferred': []}"
2026-06-08 17:01:31,of:0000000000000005,281475117841124,ADDED,5,53,5194,150,org.onosproject.core,,,,,,"{'criteria': [{'type': 'ETH_TYPE', 'ethType': '0x800'}]}","{'instructions': [{'type': 'OUTPUT', 'port': 'CONTROLLER'}], 'clearDeferred': True, 'deferred': []}"
2026-06-08 17:01:31,of:0000000000000005,281478979269874,ADDED,40000,100,13950,150,org.onosproject.core,,,,,,"{'criteria': [{'type': 'ETH_TYPE', 'ethType': '0x88cc'}]}","{'instructions': [{'type': 'OUTPUT', 'port': 'CONTROLLER'}], 'clearDeferred': True, 'deferred': []}"
2026-06-08 17:01:31,of:0000000000000006,281475738574217,ADDED,40000,100,14000,150,org.onosproject.core,,,,,,"{'criteria': [{'type': 'ETH_TYPE', 'ethType': '0x88cc'}]}","{'instructions': [{'type': 'OUTPUT', 'port': 'CONTROLLER'}], 'clearDeferred': True, 'deferred': []}"
2026-06-08 17:01:31,of:0000000000000006,281476873293724,ADDED,40000,100,14000,150,org.onosproject.core,,,,,,"{'criteria': [{'type': 'ETH_TYPE', 'ethType': '0x8942'}]}","{'instructions': [{'type': 'OUTPUT', 'port': 'CONTROLLER'}], 'clearDeferred': True, 'deferred': []}"
2026-06-08 17:01:31,of:0000000000000006,281475411377083,ADDED,40000,0,0,150,org.onosproject.core,,,,,,"{'criteria': [{'type': 'ETH_TYPE', 'ethType': '0x806'}]}","{'instructions': [{'type': 'OUTPUT', 'port': 'CONTROLLER'}], 'clearDeferred': True, 'deferred': []}"
2026-06-08 17:01:31,of:0000000000000006,281478888449605,ADDED,5,3,294,150,org.onosproject.core,,,,,,"{'criteria': [{'type': 'ETH_TYPE', 'ethType': '0x800'}]}","{'instructions': [{'type': 'OUTPUT', 'port': 'CONTROLLER'}], 'clearDeferred': True, 'deferred': []}"
2026-06-08 17:01:31,of:0000000000000009,281478887649794,ADDED,40000,147,20482,150,org.onosproject.core,,,,,,"{'criteria': [{'type': 'ETH_TYPE', 'ethType': '0x88cc'}]}","{'instructions': [{'type': 'OUTPUT', 'port': 'CONTROLLER'}], 'clearDeferred': True, 'deferred': []}"
2026-06-08 17:01:31,of:0000000000000009,281474993990194,ADDED,5,66,6468,150,org.onosproject.core,,,,,,"{'criteria': [{'type': 'ETH_TYPE', 'ethType': '0x800'}]}","{'instructions': [{'type': 'OUTPUT', 'port': 'CONTROLLER'}], 'clearDeferred': True, 'deferred': []}"
2026-06-08 17:01:31,of:0000000000000009,281476295891648,ADDED,40000,147,20482,150,org.onosproject.core,,,,,,"{'criteria': [{'type': 'ETH_TYPE', 'ethType': '0x8942'}]}","{'instructions': [{'type': 'OUTPUT', 'port': 'CONTROLLER'}], 'clearDeferred': True, 'deferred': []}"
2026-06-08 17:01:31,of:0000000000000009,281479019932926,ADDED,40000,0,0,150,org.onosproject.core,,,,,,"{'criteria': [{'type': 'ETH_TYPE', 'ethType': '0x806'}]}","{'instructions': [{'type': 'OUTPUT', 'port': 'CONTROLLER'}], 'clearDeferred': True, 'deferred': []}"
2026-06-08 17:01:36,of:000000000000000c,281479100460205,ADDED,40000,310,43194,155,org.onosproject.core,,,,,,"{'criteria': [{'type': 'ETH_TYPE', 'ethType': '0x88cc'}]}","{'instructions': [{'type': 'OUTPUT', 'port': 'CONTROLLER'}], 'clearDeferred': True, 'deferred': []}"
2026-06-08 17:01:36,of:000000000000000c,281475624796078,ADDED,40000,310,43194,155,org.onosproject.core,,,,,,"{'criteria': [{'type': 'ETH_TYPE', 'ethType': '0x8942'}]}","{'instructions': [{'type': 'OUTPUT', 'port': 'CONTROLLER'}], 'clearDeferred': True, 'deferred': []}"
2026-06-08 17:01:36,of:000000000000000c,281477504901495,ADDED,40000,0,0,155,org.onosproject.core,,,,,,"{'criteria': [{'type': 'ETH_TYPE', 'ethType': '0x806'}]}","{'instructions': [{'type': 'OUTPUT', 'port': 'CONTROLLER'}], 'clearDeferred': True, 'deferred': []}"
2026-06-08 17:01:36,of:000000000000000c,281476292687096,ADDED,5,83,8134,155,org.onosproject.core,,,,,,"{'criteria': [{'type': 'ETH_TYPE', 'ethType': '0x800'}]}","{'instructions': [{'type': 'OUTPUT', 'port': 'CONTROLLER'}], 'clearDeferred': True, 'deferred': []}"
2026-06-08 17:01:36,of:000000000000000d,281478200287907,ADDED,40000,306,42688,155,org.onosproject.core,,,,,,"{'criteria': [{'type': 'ETH_TYPE', 'ethType': '0x88cc'}]}","{'instructions': [{'type': 'OUTPUT', 'port': 'CONTROLLER'}], 'clearDeferred': True, 'deferred': []}"
2026-06-08 17:01:36,of:000000000000000d,281478788468154,ADDED,5,83,8134,155,org.onosproject.core,,,,,,"{'criteria': [{'type': 'ETH_TYPE', 'ethType': '0x800'}]}","{'instructions': [{'type': 'OUTPUT', 'port': 'CONTROLLER'}], 'clearDeferred': True, 'deferred': []}"
2026-06-08 17:01:36,of:000000000000000d,281478012698825,ADDED,40000,306,42688,155,org.onosproject.core,,,,,,"{'criteria': [{'type': 'ETH_TYPE', 'ethType': '0x8942'}]}","{'instructions': [{'type': 'OUTPUT', 'port': 'CONTROLLER'}], 'clearDeferred': True, 'deferred': []}"
2026-06-08 17:01:36,of:000000000000000d,281476618808057,ADDED,40000,0,0,155,org.onosproject.core,,,,,,"{'criteria': [{'type': 'ETH_TYPE', 'ethType': '0x806'}]}","{'instructions': [{'type': 'OUTPUT', 'port': 'CONTROLLER'}], 'clearDeferred': True, 'deferred': []}"
2026-06-08 17:01:36,of:000000000000000a,281477705784245,ADDED,5,3,294,155,org.onosproject.core,,,,,,"{'criteria': [{'type': 'ETH_TYPE', 'ethType': '0x800'}]}","{'instructions': [{'type': 'OUTPUT', 'port': 'CONTROLLER'}], 'clearDeferred': True, 'deferred': []}"
2026-06-08 17:01:36,of:000000000000000a,281475818964416,ADDED,40000,152,21180,155,org.onosproject.core,,,,,,"{'criteria': [{'type': 'ETH_TYPE', 'ethType': '0x8942'}]}","{'instructions': [{'type': 'OUTPUT', 'port': 'CONTROLLER'}], 'clearDeferred': True, 'deferred': []}"
2026-06-08 17:01:36,of:000000000000000a,281477034268888,ADDED,40000,152,21180,155,org.onosproject.core,,,,,,"{'criteria': [{'type': 'ETH_TYPE', 'ethType': '0x88cc'}]}","{'instructions': [{'type': 'OUTPUT', 'port': 'CONTROLLER'}], 'clearDeferred': True, 'deferred': []}"
2026-06-08 17:01:36,of:000000000000000a,281478593105785,ADDED,40000,0,0,155,org.onosproject.core,,,,,,"{'criteria': [{'type': 'ETH_TYPE', 'ethType': '0x806'}]}","{'instructions': [{'type': 'OUTPUT', 'port': 'CONTROLLER'}], 'clearDeferred': True, 'deferred': []}"
2026-06-08 17:01:36,of:000000000000000b,281478277078534,ADDED,5,101,9898,155,org.onosproject.core,,,,,,"{'criteria': [{'type': 'ETH_TYPE', 'ethType': '0x800'}]}","{'instructions': [{'type': 'OUTPUT', 'port': 'CONTROLLER'}], 'clearDeferred': True, 'deferred': []}"
2026-06-08 17:01:36,of:000000000000000b,34902898369757081,ADDED,10,155,15190,154,org.onosproject.fwd,00:00:00:00:00:01,00:00:00:00:00:02,,,1,"{'criteria': [{'type': 'IN_PORT', 'port': 1}, {'type': 'ETH_DST', 'mac': '00:00:00:00:00:02'}, {'type': 'ETH_SRC', 'mac': '00:00:00:00:00:01'}]}","{'instructions': [{'type': 'OUTPUT', 'port': '5'}], 'deferred': []}"
2026-06-08 17:01:36,of:000000000000000b,34902898247549216,ADDED,10,152,14896,152,org.onosproject.fwd,00:00:00:00:00:02,00:00:00:00:00:01,,,4,"{'criteria': [{'type': 'IN_PORT', 'port': 4}, {'type': 'ETH_DST', 'mac': '00:00:00:00:00:01'}, {'type': 'ETH_SRC', 'mac': '00:00:00:00:00:02'}]}","{'instructions': [{'type': 'OUTPUT', 'port': '1'}], 'deferred': []}"
2026-06-08 17:01:36,of:000000000000000b,281476663695951,ADDED,40000,0,0,155,org.onosproject.core,,,,,,"{'criteria': [{'type': 'ETH_TYPE', 'ethType': '0x806'}]}","{'instructions': [{'type': 'OUTPUT', 'port': 'CONTROLLER'}], 'clearDeferred': True, 'deferred': []}"
2026-06-08 17:01:36,of:000000000000000b,281476573370203,ADDED,40000,312,43472,155,org.onosproject.core,,,,,,"{'criteria': [{'type': 'ETH_TYPE', 'ethType': '0x88cc'}]}","{'instructions': [{'type': 'OUTPUT', 'port': 'CONTROLLER'}], 'clearDeferred': True, 'deferred': []}"
2026-06-08 17:01:36,of:000000000000000b,281476205675487,ADDED,40000,312,43472,155,org.onosproject.core,,,,,,"{'criteria': [{'type': 'ETH_TYPE', 'ethType': '0x8942'}]}","{'instructions': [{'type': 'OUTPUT', 'port': 'CONTROLLER'}], 'clearDeferred': True, 'deferred': []}"
2026-06-08 17:01:36,of:0000000000000003,281478170942982,ADDED,5,93,9114,155,org.onosproject.core,,,,,,"{'criteria': [{'type': 'ETH_TYPE', 'ethType': '0x800'}]}","{'instructions': [{'type': 'OUTPUT', 'port': 'CONTROLLER'}], 'clearDeferred': True, 'deferred': []}"
2026-06-08 17:01:36,of:0000000000000003,34902901306865815,ADDED,10,179,17542,155,org.onosproject.fwd,00:00:00:00:00:01,00:00:00:00:00:02,,,1,"{'criteria': [{'type': 'IN_PORT', 'port': 1}, {'type': 'ETH_DST', 'mac': '00:00:00:00:00:02'}, {'type': 'ETH_SRC', 'mac': '00:00:00:00:00:01'}]}","{'instructions': [{'type': 'OUTPUT', 'port': '2'}], 'deferred': []}"
2026-06-08 17:01:36,of:0000000000000003,281476661728682,ADDED,40000,104,14508,155,org.onosproject.core,,,,,,"{'criteria': [{'type': 'ETH_TYPE', 'ethType': '0x88cc'}]}","{'instructions': [{'type': 'OUTPUT', 'port': 'CONTROLLER'}], 'clearDeferred': True, 'deferred': []}"
2026-06-08 17:01:36,of:0000000000000003,281477764386537,ADDED,40000,0,0,155,org.onosproject.core,,,,,,"{'criteria': [{'type': 'ETH_TYPE', 'ethType': '0x806'}]}","{'instructions': [{'type': 'OUTPUT', 'port': 'CONTROLLER'}], 'clearDeferred': True, 'deferred': []}"
2026-06-08 17:01:36,of:0000000000000003,281476156249461,ADDED,40000,104,14508,155,org.onosproject.core,,,,,,"{'criteria': [{'type': 'ETH_TYPE', 'ethType': '0x8942'}]}","{'instructions': [{'type': 'OUTPUT', 'port': 'CONTROLLER'}], 'clearDeferred': True, 'deferred': []}"
2026-06-08 17:01:36,of:0000000000000004,281475616213265,ADDED,40000,102,14228,155,org.onosproject.core,,,,,,"{'criteria': [{'type': 'ETH_TYPE', 'ethType': '0x88cc'}]}","{'instructions': [{'type': 'OUTPUT', 'port': 'CONTROLLER'}], 'clearDeferred': True, 'deferred': []}"
2026-06-08 17:01:36,of:0000000000000004,281475265228006,ADDED,40000,0,0,155,org.onosproject.core,,,,,,"{'criteria': [{'type': 'ETH_TYPE', 'ethType': '0x806'}]}","{'instructions': [{'type': 'OUTPUT', 'port': 'CONTROLLER'}], 'clearDeferred': True, 'deferred': []}"
2026-06-08 17:01:36,of:0000000000000004,281477141311986,ADDED,5,88,8624,155,org.onosproject.core,,,,,,"{'criteria': [{'type': 'ETH_TYPE', 'ethType': '0x800'}]}","{'instructions': [{'type': 'OUTPUT', 'port': 'CONTROLLER'}], 'clearDeferred': True, 'deferred': []}"
2026-06-08 17:01:36,of:0000000000000004,281476729151998,ADDED,40000,102,14228,155,org.onosproject.core,,,,,,"{'criteria': [{'type': 'ETH_TYPE', 'ethType': '0x8942'}]}","{'instructions': [{'type': 'OUTPUT', 'port': 'CONTROLLER'}], 'clearDeferred': True, 'deferred': []}"
2026-06-08 17:01:36,of:0000000000000001,281478909873038,ADDED,40000,0,0,155,org.onosproject.core,,,,,,"{'criteria': [{'type': 'ETH_TYPE', 'ethType': '0x806'}]}","{'instructions': [{'type': 'OUTPUT', 'port': 'CONTROLLER'}], 'clearDeferred': True, 'deferred': []}"
2026-06-08 17:01:36,of:0000000000000001,34902899196753573,ADDED,10,154,15092,154,org.onosproject.fwd,00:00:00:00:00:01,00:00:00:00:00:02,,,4,"{'criteria': [{'type': 'IN_PORT', 'port': 4}, {'type': 'ETH_DST', 'mac': '00:00:00:00:00:02'}, {'type': 'ETH_SRC', 'mac': '00:00:00:00:00:01'}]}","{'instructions': [{'type': 'OUTPUT', 'port': '1'}], 'deferred': []}"
2026-06-08 17:01:36,of:0000000000000001,34902898986035913,ADDED,10,164,16072,154,org.onosproject.fwd,00:00:00:00:00:02,00:00:00:00:00:01,,,1,"{'criteria': [{'type': 'IN_PORT', 'port': 1}, {'type': 'ETH_DST', 'mac': '00:00:00:00:00:01'}, {'type': 'ETH_SRC', 'mac': '00:00:00:00:00:02'}]}","{'instructions': [{'type': 'OUTPUT', 'port': '4'}], 'deferred': []}"
2026-06-08 17:01:36,of:0000000000000001,281477466379610,ADDED,40000,154,21560,155,org.onosproject.core,,,,,,"{'criteria': [{'type': 'ETH_TYPE', 'ethType': '0x88cc'}]}","{'instructions': [{'type': 'OUTPUT', 'port': 'CONTROLLER'}], 'clearDeferred': True, 'deferred': []}"
2026-06-08 17:01:36,of:0000000000000001,281475012051420,ADDED,5,76,7448,155,org.onosproject.core,,,,,,"{'criteria': [{'type': 'ETH_TYPE', 'ethType': '0x800'}]}","{'instructions': [{'type': 'OUTPUT', 'port': 'CONTROLLER'}], 'clearDeferred': True, 'deferred': []}"
2026-06-08 17:01:36,of:0000000000000001,281477029321583,ADDED,40000,154,21560,155,org.onosproject.core,,,,,,"{'criteria': [{'type': 'ETH_TYPE', 'ethType': '0x8942'}]}","{'instructions': [{'type': 'OUTPUT', 'port': 'CONTROLLER'}], 'clearDeferred': True, 'deferred': []}"
2026-06-08 17:01:36,of:0000000000000002,281478316350853,ADDED,40000,0,0,155,org.onosproject.core,,,,,,"{'criteria': [{'type': 'ETH_TYPE', 'ethType': '0x806'}]}","{'instructions': [{'type': 'OUTPUT', 'port': 'CONTROLLER'}], 'clearDeferred': True, 'deferred': []}"
2026-06-08 17:01:36,of:0000000000000002,281478673389323,ADDED,40000,104,14508,155,org.onosproject.core,,,,,,"{'criteria': [{'type': 'ETH_TYPE', 'ethType': '0x8942'}]}","{'instructions': [{'type': 'OUTPUT', 'port': 'CONTROLLER'}], 'clearDeferred': True, 'deferred': []}"
2026-06-08 17:01:36,of:0000000000000002,34902898441429785,ADDED,10,152,14896,152,org.onosproject.fwd,00:00:00:00:00:02,00:00:00:00:00:01,,,3,"{'criteria': [{'type': 'IN_PORT', 'port': 3}, {'type': 'ETH_DST', 'mac': '00:00:00:00:00:01'}, {'type': 'ETH_SRC', 'mac': '00:00:00:00:00:02'}]}","{'instructions': [{'type': 'OUTPUT', 'port': '1'}], 'deferred': []}"
2026-06-08 17:01:36,of:0000000000000002,34902899328279504,ADDED,10,184,18032,155,org.onosproject.fwd,00:00:00:00:00:01,00:00:00:00:00:02,,,2,"{'criteria': [{'type': 'IN_PORT', 'port': 2}, {'type': 'ETH_DST', 'mac': '00:00:00:00:00:02'}, {'type': 'ETH_SRC', 'mac': '00:00:00:00:00:01'}]}","{'instructions': [{'type': 'OUTPUT', 'port': '3'}], 'deferred': []}"
2026-06-08 17:01:36,of:0000000000000002,281475022575828,ADDED,40000,104,14508,155,org.onosproject.core,,,,,,"{'criteria': [{'type': 'ETH_TYPE', 'ethType': '0x88cc'}]}","{'instructions': [{'type': 'OUTPUT', 'port': 'CONTROLLER'}], 'clearDeferred': True, 'deferred': []}"
2026-06-08 17:01:36,of:0000000000000002,281475568191580,ADDED,5,47,4606,155,org.onosproject.core,,,,,,"{'criteria': [{'type': 'ETH_TYPE', 'ethType': '0x800'}]}","{'instructions': [{'type': 'OUTPUT', 'port': 'CONTROLLER'}], 'clearDeferred': True, 'deferred': []}"
2026-06-08 17:01:36,of:0000000000000007,281475652364572,ADDED,5,3,294,155,org.onosproject.core,,,,,,"{'criteria': [{'type': 'ETH_TYPE', 'ethType': '0x800'}]}","{'instructions': [{'type': 'OUTPUT', 'port': 'CONTROLLER'}], 'clearDeferred': True, 'deferred': []}"
2026-06-08 17:01:36,of:0000000000000007,281478438392611,ADDED,40000,0,0,155,org.onosproject.core,,,,,,"{'criteria': [{'type': 'ETH_TYPE', 'ethType': '0x806'}]}","{'instructions': [{'type': 'OUTPUT', 'port': 'CONTROLLER'}], 'clearDeferred': True, 'deferred': []}"
2026-06-08 17:01:36,of:0000000000000007,281476350262333,ADDED,40000,102,14280,155,org.onosproject.core,,,,,,"{'criteria': [{'type': 'ETH_TYPE', 'ethType': '0x8942'}]}","{'instructions': [{'type': 'OUTPUT', 'port': 'CONTROLLER'}], 'clearDeferred': True, 'deferred': []}"
2026-06-08 17:01:36,of:0000000000000007,281475000925130,ADDED,40000,102,14280,155,org.onosproject.core,,,,,,"{'criteria': [{'type': 'ETH_TYPE', 'ethType': '0x88cc'}]}","{'instructions': [{'type': 'OUTPUT', 'port': 'CONTROLLER'}], 'clearDeferred': True, 'deferred': []}"
2026-06-08 17:01:36,of:0000000000000008,281476059291414,ADDED,40000,0,0,155,org.onosproject.core,,,,,,"{'criteria': [{'type': 'ETH_TYPE', 'ethType': '0x806'}]}","{'instructions': [{'type': 'OUTPUT', 'port': 'CONTROLLER'}], 'clearDeferred': True, 'deferred': []}"
2026-06-08 17:01:36,of:0000000000000008,281476101349656,ADDED,40000,156,21736,155,org.onosproject.core,,,,,,"{'criteria': [{'type': 'ETH_TYPE', 'ethType': '0x88cc'}]}","{'instructions': [{'type': 'OUTPUT', 'port': 'CONTROLLER'}], 'clearDeferred': True, 'deferred': []}"
2026-06-08 17:01:36,of:0000000000000008,281476270708671,ADDED,40000,156,21736,155,org.onosproject.core,,,,,,"{'criteria': [{'type': 'ETH_TYPE', 'ethType': '0x8942'}]}","{'instructions': [{'type': 'OUTPUT', 'port': 'CONTROLLER'}], 'clearDeferred': True, 'deferred': []}"
2026-06-08 17:01:36,of:0000000000000008,34902898875781211,ADDED,10,176,17248,154,org.onosproject.fwd,00:00:00:00:00:01,00:00:00:00:00:02,,,3,"{'criteria': [{'type': 'IN_PORT', 'port': 3}, {'type': 'ETH_DST', 'mac': '00:00:00:00:00:02'}, {'type': 'ETH_SRC', 'mac': '00:00:00:00:00:01'}]}","{'instructions': [{'type': 'OUTPUT', 'port': '2'}], 'deferred': []}"
2026-06-08 17:01:36,of:0000000000000008,281476010895837,ADDED,5,141,13818,155,org.onosproject.core,,,,,,"{'criteria': [{'type': 'ETH_TYPE', 'ethType': '0x800'}]}","{'instructions': [{'type': 'OUTPUT', 'port': 'CONTROLLER'}], 'clearDeferred': True, 'deferred': []}"
2026-06-08 17:01:36,of:0000000000000005,281478762460478,ADDED,40000,0,0,155,org.onosproject.core,,,,,,"{'criteria': [{'type': 'ETH_TYPE', 'ethType': '0x806'}]}","{'instructions': [{'type': 'OUTPUT', 'port': 'CONTROLLER'}], 'clearDeferred': True, 'deferred': []}"
2026-06-08 17:01:36,of:0000000000000005,281478211273411,ADDED,40000,103,14369,155,org.onosproject.core,,,,,,"{'criteria': [{'type': 'ETH_TYPE', 'ethType': '0x8942'}]}","{'instructions': [{'type': 'OUTPUT', 'port': 'CONTROLLER'}], 'clearDeferred': True, 'deferred': []}"
2026-06-08 17:01:36,of:0000000000000005,281475117841124,ADDED,5,53,5194,155,org.onosproject.core,,,,,,"{'criteria': [{'type': 'ETH_TYPE', 'ethType': '0x800'}]}","{'instructions': [{'type': 'OUTPUT', 'port': 'CONTROLLER'}], 'clearDeferred': True, 'deferred': []}"
2026-06-08 17:01:36,of:0000000000000005,281478979269874,ADDED,40000,103,14369,155,org.onosproject.core,,,,,,"{'criteria': [{'type': 'ETH_TYPE', 'ethType': '0x88cc'}]}","{'instructions': [{'type': 'OUTPUT', 'port': 'CONTROLLER'}], 'clearDeferred': True, 'deferred': []}"
2026-06-08 17:01:36,of:0000000000000006,281475738574217,ADDED,40000,102,14280,155,org.onosproject.core,,,,,,"{'criteria': [{'type': 'ETH_TYPE', 'ethType': '0x88cc'}]}","{'instructions': [{'type': 'OUTPUT', 'port': 'CONTROLLER'}], 'clearDeferred': True, 'deferred': []}"
2026-06-08 17:01:36,of:0000000000000006,281476873293724,ADDED,40000,102,14280,155,org.onosproject.core,,,,,,"{'criteria': [{'type': 'ETH_TYPE', 'ethType': '0x8942'}]}","{'instructions': [{'type': 'OUTPUT', 'port': 'CONTROLLER'}], 'clearDeferred': True, 'deferred': []}"
2026-06-08 17:01:36,of:0000000000000006,281475411377083,ADDED,40000,0,0,155,org.onosproject.core,,,,,,"{'criteria': [{'type': 'ETH_TYPE', 'ethType': '0x806'}]}","{'instructions': [{'type': 'OUTPUT', 'port': 'CONTROLLER'}], 'clearDeferred': True, 'deferred': []}"
2026-06-08 17:01:36,of:0000000000000006,281478888449605,ADDED,5,3,294,155,org.onosproject.core,,,,,,"{'criteria': [{'type': 'ETH_TYPE', 'ethType': '0x800'}]}","{'instructions': [{'type': 'OUTPUT', 'port': 'CONTROLLER'}], 'clearDeferred': True, 'deferred': []}"
2026-06-08 17:01:36,of:0000000000000009,281478887649794,ADDED,40000,153,21318,155,org.onosproject.core,,,,,,"{'criteria': [{'type': 'ETH_TYPE', 'ethType': '0x88cc'}]}","{'instructions': [{'type': 'OUTPUT', 'port': 'CONTROLLER'}], 'clearDeferred': True, 'deferred': []}"
2026-06-08 17:01:36,of:0000000000000009,281474993990194,ADDED,5,66,6468,155,org.onosproject.core,,,,,,"{'criteria': [{'type': 'ETH_TYPE', 'ethType': '0x800'}]}","{'instructions': [{'type': 'OUTPUT', 'port': 'CONTROLLER'}], 'clearDeferred': True, 'deferred': []}"
2026-06-08 17:01:36,of:0000000000000009,281476295891648,ADDED,40000,153,21318,155,org.onosproject.core,,,,,,"{'criteria': [{'type': 'ETH_TYPE', 'ethType': '0x8942'}]}","{'instructions': [{'type': 'OUTPUT', 'port': 'CONTROLLER'}], 'clearDeferred': True, 'deferred': []}"
2026-06-08 17:01:36,of:0000000000000009,281479019932926,ADDED,40000,0,0,155,org.onosproject.core,,,,,,"{'criteria': [{'type': 'ETH_TYPE', 'ethType': '0x806'}]}","{'instructions': [{'type': 'OUTPUT', 'port': 'CONTROLLER'}], 'clearDeferred': True, 'deferred': []}"
2026-06-08 17:01:41,of:000000000000000c,281479100460205,ADDED,40000,316,44030,160,org.onosproject.core,,,,,,"{'criteria': [{'type': 'ETH_TYPE', 'ethType': '0x88cc'}]}","{'instructions': [{'type': 'OUTPUT', 'port': 'CONTROLLER'}], 'clearDeferred': True, 'deferred': []}"
2026-06-08 17:01:41,of:000000000000000c,281475624796078,ADDED,40000,316,44030,160,org.onosproject.core,,,,,,"{'criteria': [{'type': 'ETH_TYPE', 'ethType': '0x8942'}]}","{'instructions': [{'type': 'OUTPUT', 'port': 'CONTROLLER'}], 'clearDeferred': True, 'deferred': []}"
2026-06-08 17:01:41,of:000000000000000c,281477504901495,ADDED,40000,0,0,160,org.onosproject.core,,,,,,"{'criteria': [{'type': 'ETH_TYPE', 'ethType': '0x806'}]}","{'instructions': [{'type': 'OUTPUT', 'port': 'CONTROLLER'}], 'clearDeferred': True, 'deferred': []}"
2026-06-08 17:01:41,of:000000000000000c,281476292687096,ADDED,5,83,8134,160,org.onosproject.core,,,,,,"{'criteria': [{'type': 'ETH_TYPE', 'ethType': '0x800'}]}","{'instructions': [{'type': 'OUTPUT', 'port': 'CONTROLLER'}], 'clearDeferred': True, 'deferred': []}"
2026-06-08 17:01:41,of:000000000000000d,281478200287907,ADDED,40000,312,43525,160,org.onosproject.core,,,,,,"{'criteria': [{'type': 'ETH_TYPE', 'ethType': '0x88cc'}]}","{'instructions': [{'type': 'OUTPUT', 'port': 'CONTROLLER'}], 'clearDeferred': True, 'deferred': []}"
2026-06-08 17:01:41,of:000000000000000d,281478788468154,ADDED,5,83,8134,160,org.onosproject.core,,,,,,"{'criteria': [{'type': 'ETH_TYPE', 'ethType': '0x800'}]}","{'instructions': [{'type': 'OUTPUT', 'port': 'CONTROLLER'}], 'clearDeferred': True, 'deferred': []}"
2026-06-08 17:01:41,of:000000000000000d,281478012698825,ADDED,40000,312,43525,160,org.onosproject.core,,,,,,"{'criteria': [{'type': 'ETH_TYPE', 'ethType': '0x8942'}]}","{'instructions': [{'type': 'OUTPUT', 'port': 'CONTROLLER'}], 'clearDeferred': True, 'deferred': []}"
2026-06-08 17:01:41,of:000000000000000d,281476618808057,ADDED,40000,0,0,160,org.onosproject.core,,,,,,"{'criteria': [{'type': 'ETH_TYPE', 'ethType': '0x806'}]}","{'instructions': [{'type': 'OUTPUT', 'port': 'CONTROLLER'}], 'clearDeferred': True, 'deferred': []}"
2026-06-08 17:01:41,of:000000000000000a,281477705784245,ADDED,5,3,294,160,org.onosproject.core,,,,,,"{'criteria': [{'type': 'ETH_TYPE', 'ethType': '0x800'}]}","{'instructions': [{'type': 'OUTPUT', 'port': 'CONTROLLER'}], 'clearDeferred': True, 'deferred': []}"
2026-06-08 17:01:41,of:000000000000000a,281475818964416,ADDED,40000,155,21598,160,org.onosproject.core,,,,,,"{'criteria': [{'type': 'ETH_TYPE', 'ethType': '0x8942'}]}","{'instructions': [{'type': 'OUTPUT', 'port': 'CONTROLLER'}], 'clearDeferred': True, 'deferred': []}"
2026-06-08 17:01:41,of:000000000000000a,281477034268888,ADDED,40000,155,21598,160,org.onosproject.core,,,,,,"{'criteria': [{'type': 'ETH_TYPE', 'ethType': '0x88cc'}]}","{'instructions': [{'type': 'OUTPUT', 'port': 'CONTROLLER'}], 'clearDeferred': True, 'deferred': []}"
2026-06-08 17:01:41,of:000000000000000a,281478593105785,ADDED,40000,0,0,160,org.onosproject.core,,,,,,"{'criteria': [{'type': 'ETH_TYPE', 'ethType': '0x806'}]}","{'instructions': [{'type': 'OUTPUT', 'port': 'CONTROLLER'}], 'clearDeferred': True, 'deferred': []}"
2026-06-08 17:01:41,of:000000000000000b,281478277078534,ADDED,5,101,9898,160,org.onosproject.core,,,,,,"{'criteria': [{'type': 'ETH_TYPE', 'ethType': '0x800'}]}","{'instructions': [{'type': 'OUTPUT', 'port': 'CONTROLLER'}], 'clearDeferred': True, 'deferred': []}"
2026-06-08 17:01:41,of:000000000000000b,34902898369757081,ADDED,10,160,15680,159,org.onosproject.fwd,00:00:00:00:00:01,00:00:00:00:00:02,,,1,"{'criteria': [{'type': 'IN_PORT', 'port': 1}, {'type': 'ETH_DST', 'mac': '00:00:00:00:00:02'}, {'type': 'ETH_SRC', 'mac': '00:00:00:00:00:01'}]}","{'instructions': [{'type': 'OUTPUT', 'port': '5'}], 'deferred': []}"
2026-06-08 17:01:41,of:000000000000000b,34902898247549216,ADDED,10,157,15386,157,org.onosproject.fwd,00:00:00:00:00:02,00:00:00:00:00:01,,,4,"{'criteria': [{'type': 'IN_PORT', 'port': 4}, {'type': 'ETH_DST', 'mac': '00:00:00:00:00:01'}, {'type': 'ETH_SRC', 'mac': '00:00:00:00:00:02'}]}","{'instructions': [{'type': 'OUTPUT', 'port': '1'}], 'deferred': []}"
2026-06-08 17:01:41,of:000000000000000b,281476663695951,ADDED,40000,0,0,160,org.onosproject.core,,,,,,"{'criteria': [{'type': 'ETH_TYPE', 'ethType': '0x806'}]}","{'instructions': [{'type': 'OUTPUT', 'port': 'CONTROLLER'}], 'clearDeferred': True, 'deferred': []}"
2026-06-08 17:01:41,of:000000000000000b,281476573370203,ADDED,40000,318,44308,160,org.onosproject.core,,,,,,"{'criteria': [{'type': 'ETH_TYPE', 'ethType': '0x88cc'}]}","{'instructions': [{'type': 'OUTPUT', 'port': 'CONTROLLER'}], 'clearDeferred': True, 'deferred': []}"
2026-06-08 17:01:41,of:000000000000000b,281476205675487,ADDED,40000,318,44308,160,org.onosproject.core,,,,,,"{'criteria': [{'type': 'ETH_TYPE', 'ethType': '0x8942'}]}","{'instructions': [{'type': 'OUTPUT', 'port': 'CONTROLLER'}], 'clearDeferred': True, 'deferred': []}"
2026-06-08 17:01:41,of:0000000000000003,281478170942982,ADDED,5,93,9114,160,org.onosproject.core,,,,,,"{'criteria': [{'type': 'ETH_TYPE', 'ethType': '0x800'}]}","{'instructions': [{'type': 'OUTPUT', 'port': 'CONTROLLER'}], 'clearDeferred': True, 'deferred': []}"
2026-06-08 17:01:41,of:0000000000000003,34902901306865815,ADDED,10,184,18032,160,org.onosproject.fwd,00:00:00:00:00:01,00:00:00:00:00:02,,,1,"{'criteria': [{'type': 'IN_PORT', 'port': 1}, {'type': 'ETH_DST', 'mac': '00:00:00:00:00:02'}, {'type': 'ETH_SRC', 'mac': '00:00:00:00:00:01'}]}","{'instructions': [{'type': 'OUTPUT', 'port': '2'}], 'deferred': []}"
2026-06-08 17:01:41,of:0000000000000003,281476661728682,ADDED,40000,106,14787,160,org.onosproject.core,,,,,,"{'criteria': [{'type': 'ETH_TYPE', 'ethType': '0x88cc'}]}","{'instructions': [{'type': 'OUTPUT', 'port': 'CONTROLLER'}], 'clearDeferred': True, 'deferred': []}"
2026-06-08 17:01:41,of:0000000000000003,281477764386537,ADDED,40000,0,0,160,org.onosproject.core,,,,,,"{'criteria': [{'type': 'ETH_TYPE', 'ethType': '0x806'}]}","{'instructions': [{'type': 'OUTPUT', 'port': 'CONTROLLER'}], 'clearDeferred': True, 'deferred': []}"
2026-06-08 17:01:41,of:0000000000000003,281476156249461,ADDED,40000,106,14787,160,org.onosproject.core,,,,,,"{'criteria': [{'type': 'ETH_TYPE', 'ethType': '0x8942'}]}","{'instructions': [{'type': 'OUTPUT', 'port': 'CONTROLLER'}], 'clearDeferred': True, 'deferred': []}"
2026-06-08 17:01:41,of:0000000000000004,281475616213265,ADDED,40000,104,14507,160,org.onosproject.core,,,,,,"{'criteria': [{'type': 'ETH_TYPE', 'ethType': '0x88cc'}]}","{'instructions': [{'type': 'OUTPUT', 'port': 'CONTROLLER'}], 'clearDeferred': True, 'deferred': []}"
2026-06-08 17:01:41,of:0000000000000004,281475265228006,ADDED,40000,0,0,160,org.onosproject.core,,,,,,"{'criteria': [{'type': 'ETH_TYPE', 'ethType': '0x806'}]}","{'instructions': [{'type': 'OUTPUT', 'port': 'CONTROLLER'}], 'clearDeferred': True, 'deferred': []}"
2026-06-08 17:01:41,of:0000000000000004,281477141311986,ADDED,5,88,8624,160,org.onosproject.core,,,,,,"{'criteria': [{'type': 'ETH_TYPE', 'ethType': '0x800'}]}","{'instructions': [{'type': 'OUTPUT', 'port': 'CONTROLLER'}], 'clearDeferred': True, 'deferred': []}"
2026-06-08 17:01:41,of:0000000000000004,281476729151998,ADDED,40000,104,14507,160,org.onosproject.core,,,,,,"{'criteria': [{'type': 'ETH_TYPE', 'ethType': '0x8942'}]}","{'instructions': [{'type': 'OUTPUT', 'port': 'CONTROLLER'}], 'clearDeferred': True, 'deferred': []}"
2026-06-08 17:01:41,of:0000000000000001,281478909873038,ADDED,40000,0,0,160,org.onosproject.core,,,,,,"{'criteria': [{'type': 'ETH_TYPE', 'ethType': '0x806'}]}","{'instructions': [{'type': 'OUTPUT', 'port': 'CONTROLLER'}], 'clearDeferred': True, 'deferred': []}"
2026-06-08 17:01:41,of:0000000000000001,34902899196753573,ADDED,10,159,15582,159,org.onosproject.fwd,00:00:00:00:00:01,00:00:00:00:00:02,,,4,"{'criteria': [{'type': 'IN_PORT', 'port': 4}, {'type': 'ETH_DST', 'mac': '00:00:00:00:00:02'}, {'type': 'ETH_SRC', 'mac': '00:00:00:00:00:01'}]}","{'instructions': [{'type': 'OUTPUT', 'port': '1'}], 'deferred': []}"
2026-06-08 17:01:41,of:0000000000000001,34902898986035913,ADDED,10,169,16562,159,org.onosproject.fwd,00:00:00:00:00:02,00:00:00:00:00:01,,,1,"{'criteria': [{'type': 'IN_PORT', 'port': 1}, {'type': 'ETH_DST', 'mac': '00:00:00:00:00:01'}, {'type': 'ETH_SRC', 'mac': '00:00:00:00:00:02'}]}","{'instructions': [{'type': 'OUTPUT', 'port': '4'}], 'deferred': []}"
2026-06-08 17:01:41,of:0000000000000001,281477466379610,ADDED,40000,157,21980,160,org.onosproject.core,,,,,,"{'criteria': [{'type': 'ETH_TYPE', 'ethType': '0x88cc'}]}","{'instructions': [{'type': 'OUTPUT', 'port': 'CONTROLLER'}], 'clearDeferred': True, 'deferred': []}"
2026-06-08 17:01:41,of:0000000000000001,281475012051420,ADDED,5,76,7448,160,org.onosproject.core,,,,,,"{'criteria': [{'type': 'ETH_TYPE', 'ethType': '0x800'}]}","{'instructions': [{'type': 'OUTPUT', 'port': 'CONTROLLER'}], 'clearDeferred': True, 'deferred': []}"
2026-06-08 17:01:41,of:0000000000000001,281477029321583,ADDED,40000,157,21980,160,org.onosproject.core,,,,,,"{'criteria': [{'type': 'ETH_TYPE', 'ethType': '0x8942'}]}","{'instructions': [{'type': 'OUTPUT', 'port': 'CONTROLLER'}], 'clearDeferred': True, 'deferred': []}"
2026-06-08 17:01:41,of:0000000000000002,281478316350853,ADDED,40000,0,0,160,org.onosproject.core,,,,,,"{'criteria': [{'type': 'ETH_TYPE', 'ethType': '0x806'}]}","{'instructions': [{'type': 'OUTPUT', 'port': 'CONTROLLER'}], 'clearDeferred': True, 'deferred': []}"
2026-06-08 17:01:41,of:0000000000000002,281478673389323,ADDED,40000,106,14787,160,org.onosproject.core,,,,,,"{'criteria': [{'type': 'ETH_TYPE', 'ethType': '0x8942'}]}","{'instructions': [{'type': 'OUTPUT', 'port': 'CONTROLLER'}], 'clearDeferred': True, 'deferred': []}"
2026-06-08 17:01:41,of:0000000000000002,34902898441429785,ADDED,10,157,15386,157,org.onosproject.fwd,00:00:00:00:00:02,00:00:00:00:00:01,,,3,"{'criteria': [{'type': 'IN_PORT', 'port': 3}, {'type': 'ETH_DST', 'mac': '00:00:00:00:00:01'}, {'type': 'ETH_SRC', 'mac': '00:00:00:00:00:02'}]}","{'instructions': [{'type': 'OUTPUT', 'port': '1'}], 'deferred': []}"
2026-06-08 17:01:41,of:0000000000000002,34902899328279504,ADDED,10,189,18522,160,org.onosproject.fwd,00:00:00:00:00:01,00:00:00:00:00:02,,,2,"{'criteria': [{'type': 'IN_PORT', 'port': 2}, {'type': 'ETH_DST', 'mac': '00:00:00:00:00:02'}, {'type': 'ETH_SRC', 'mac': '00:00:00:00:00:01'}]}","{'instructions': [{'type': 'OUTPUT', 'port': '3'}], 'deferred': []}"
2026-06-08 17:01:41,of:0000000000000002,281475022575828,ADDED,40000,106,14787,160,org.onosproject.core,,,,,,"{'criteria': [{'type': 'ETH_TYPE', 'ethType': '0x88cc'}]}","{'instructions': [{'type': 'OUTPUT', 'port': 'CONTROLLER'}], 'clearDeferred': True, 'deferred': []}"
2026-06-08 17:01:41,of:0000000000000002,281475568191580,ADDED,5,47,4606,160,org.onosproject.core,,,,,,"{'criteria': [{'type': 'ETH_TYPE', 'ethType': '0x800'}]}","{'instructions': [{'type': 'OUTPUT', 'port': 'CONTROLLER'}], 'clearDeferred': True, 'deferred': []}"
2026-06-08 17:01:41,of:0000000000000007,281475652364572,ADDED,5,3,294,160,org.onosproject.core,,,,,,"{'criteria': [{'type': 'ETH_TYPE', 'ethType': '0x800'}]}","{'instructions': [{'type': 'OUTPUT', 'port': 'CONTROLLER'}], 'clearDeferred': True, 'deferred': []}"
2026-06-08 17:01:41,of:0000000000000007,281478438392611,ADDED,40000,0,0,160,org.onosproject.core,,,,,,"{'criteria': [{'type': 'ETH_TYPE', 'ethType': '0x806'}]}","{'instructions': [{'type': 'OUTPUT', 'port': 'CONTROLLER'}], 'clearDeferred': True, 'deferred': []}"
2026-06-08 17:01:41,of:0000000000000007,281476350262333,ADDED,40000,106,14840,160,org.onosproject.core,,,,,,"{'criteria': [{'type': 'ETH_TYPE', 'ethType': '0x8942'}]}","{'instructions': [{'type': 'OUTPUT', 'port': 'CONTROLLER'}], 'clearDeferred': True, 'deferred': []}"
2026-06-08 17:01:41,of:0000000000000007,281475000925130,ADDED,40000,106,14840,160,org.onosproject.core,,,,,,"{'criteria': [{'type': 'ETH_TYPE', 'ethType': '0x88cc'}]}","{'instructions': [{'type': 'OUTPUT', 'port': 'CONTROLLER'}], 'clearDeferred': True, 'deferred': []}"
2026-06-08 17:01:41,of:0000000000000008,281476059291414,ADDED,40000,0,0,160,org.onosproject.core,,,,,,"{'criteria': [{'type': 'ETH_TYPE', 'ethType': '0x806'}]}","{'instructions': [{'type': 'OUTPUT', 'port': 'CONTROLLER'}], 'clearDeferred': True, 'deferred': []}"
2026-06-08 17:01:41,of:0000000000000008,281476101349656,ADDED,40000,159,22154,160,org.onosproject.core,,,,,,"{'criteria': [{'type': 'ETH_TYPE', 'ethType': '0x88cc'}]}","{'instructions': [{'type': 'OUTPUT', 'port': 'CONTROLLER'}], 'clearDeferred': True, 'deferred': []}"
2026-06-08 17:01:41,of:0000000000000008,281476270708671,ADDED,40000,159,22154,160,org.onosproject.core,,,,,,"{'criteria': [{'type': 'ETH_TYPE', 'ethType': '0x8942'}]}","{'instructions': [{'type': 'OUTPUT', 'port': 'CONTROLLER'}], 'clearDeferred': True, 'deferred': []}"
2026-06-08 17:01:41,of:0000000000000008,34902898875781211,ADDED,10,181,17738,159,org.onosproject.fwd,00:00:00:00:00:01,00:00:00:00:00:02,,,3,"{'criteria': [{'type': 'IN_PORT', 'port': 3}, {'type': 'ETH_DST', 'mac': '00:00:00:00:00:02'}, {'type': 'ETH_SRC', 'mac': '00:00:00:00:00:01'}]}","{'instructions': [{'type': 'OUTPUT', 'port': '2'}], 'deferred': []}"
2026-06-08 17:01:41,of:0000000000000008,281476010895837,ADDED,5,141,13818,160,org.onosproject.core,,,,,,"{'criteria': [{'type': 'ETH_TYPE', 'ethType': '0x800'}]}","{'instructions': [{'type': 'OUTPUT', 'port': 'CONTROLLER'}], 'clearDeferred': True, 'deferred': []}"
2026-06-08 17:01:41,of:0000000000000005,281478762460478,ADDED,40000,0,0,160,org.onosproject.core,,,,,,"{'criteria': [{'type': 'ETH_TYPE', 'ethType': '0x806'}]}","{'instructions': [{'type': 'OUTPUT', 'port': 'CONTROLLER'}], 'clearDeferred': True, 'deferred': []}"
2026-06-08 17:01:41,of:0000000000000005,281478211273411,ADDED,40000,106,14787,160,org.onosproject.core,,,,,,"{'criteria': [{'type': 'ETH_TYPE', 'ethType': '0x8942'}]}","{'instructions': [{'type': 'OUTPUT', 'port': 'CONTROLLER'}], 'clearDeferred': True, 'deferred': []}"
2026-06-08 17:01:41,of:0000000000000005,281475117841124,ADDED,5,53,5194,160,org.onosproject.core,,,,,,"{'criteria': [{'type': 'ETH_TYPE', 'ethType': '0x800'}]}","{'instructions': [{'type': 'OUTPUT', 'port': 'CONTROLLER'}], 'clearDeferred': True, 'deferred': []}"
2026-06-08 17:01:41,of:0000000000000005,281478979269874,ADDED,40000,106,14787,160,org.onosproject.core,,,,,,"{'criteria': [{'type': 'ETH_TYPE', 'ethType': '0x88cc'}]}","{'instructions': [{'type': 'OUTPUT', 'port': 'CONTROLLER'}], 'clearDeferred': True, 'deferred': []}"
2026-06-08 17:01:41,of:0000000000000006,281475738574217,ADDED,40000,106,14840,160,org.onosproject.core,,,,,,"{'criteria': [{'type': 'ETH_TYPE', 'ethType': '0x88cc'}]}","{'instructions': [{'type': 'OUTPUT', 'port': 'CONTROLLER'}], 'clearDeferred': True, 'deferred': []}"
2026-06-08 17:01:41,of:0000000000000006,281476873293724,ADDED,40000,106,14840,160,org.onosproject.core,,,,,,"{'criteria': [{'type': 'ETH_TYPE', 'ethType': '0x8942'}]}","{'instructions': [{'type': 'OUTPUT', 'port': 'CONTROLLER'}], 'clearDeferred': True, 'deferred': []}"
2026-06-08 17:01:41,of:0000000000000006,281475411377083,ADDED,40000,0,0,160,org.onosproject.core,,,,,,"{'criteria': [{'type': 'ETH_TYPE', 'ethType': '0x806'}]}","{'instructions': [{'type': 'OUTPUT', 'port': 'CONTROLLER'}], 'clearDeferred': True, 'deferred': []}"
2026-06-08 17:01:41,of:0000000000000006,281478888449605,ADDED,5,3,294,160,org.onosproject.core,,,,,,"{'criteria': [{'type': 'ETH_TYPE', 'ethType': '0x800'}]}","{'instructions': [{'type': 'OUTPUT', 'port': 'CONTROLLER'}], 'clearDeferred': True, 'deferred': []}"
2026-06-08 17:01:41,of:0000000000000009,281478887649794,ADDED,40000,156,21736,160,org.onosproject.core,,,,,,"{'criteria': [{'type': 'ETH_TYPE', 'ethType': '0x88cc'}]}","{'instructions': [{'type': 'OUTPUT', 'port': 'CONTROLLER'}], 'clearDeferred': True, 'deferred': []}"
2026-06-08 17:01:41,of:0000000000000009,281474993990194,ADDED,5,66,6468,160,org.onosproject.core,,,,,,"{'criteria': [{'type': 'ETH_TYPE', 'ethType': '0x800'}]}","{'instructions': [{'type': 'OUTPUT', 'port': 'CONTROLLER'}], 'clearDeferred': True, 'deferred': []}"
2026-06-08 17:01:41,of:0000000000000009,281476295891648,ADDED,40000,156,21736,160,org.onosproject.core,,,,,,"{'criteria': [{'type': 'ETH_TYPE', 'ethType': '0x8942'}]}","{'instructions': [{'type': 'OUTPUT', 'port': 'CONTROLLER'}], 'clearDeferred': True, 'deferred': []}"
2026-06-08 17:01:41,of:0000000000000009,281479019932926,ADDED,40000,0,0,160,org.onosproject.core,,,,,,"{'criteria': [{'type': 'ETH_TYPE', 'ethType': '0x806'}]}","{'instructions': [{'type': 'OUTPUT', 'port': 'CONTROLLER'}], 'clearDeferred': True, 'deferred': []}"
2026-06-08 17:01:46,of:000000000000000c,281479100460205,ADDED,40000,328,45702,165,org.onosproject.core,,,,,,"{'criteria': [{'type': 'ETH_TYPE', 'ethType': '0x88cc'}]}","{'instructions': [{'type': 'OUTPUT', 'port': 'CONTROLLER'}], 'clearDeferred': True, 'deferred': []}"
2026-06-08 17:01:46,of:000000000000000c,281475624796078,ADDED,40000,328,45702,165,org.onosproject.core,,,,,,"{'criteria': [{'type': 'ETH_TYPE', 'ethType': '0x8942'}]}","{'instructions': [{'type': 'OUTPUT', 'port': 'CONTROLLER'}], 'clearDeferred': True, 'deferred': []}"
2026-06-08 17:01:46,of:000000000000000c,281477504901495,ADDED,40000,0,0,165,org.onosproject.core,,,,,,"{'criteria': [{'type': 'ETH_TYPE', 'ethType': '0x806'}]}","{'instructions': [{'type': 'OUTPUT', 'port': 'CONTROLLER'}], 'clearDeferred': True, 'deferred': []}"
2026-06-08 17:01:46,of:000000000000000c,281476292687096,ADDED,5,83,8134,165,org.onosproject.core,,,,,,"{'criteria': [{'type': 'ETH_TYPE', 'ethType': '0x800'}]}","{'instructions': [{'type': 'OUTPUT', 'port': 'CONTROLLER'}], 'clearDeferred': True, 'deferred': []}"
2026-06-08 17:01:46,of:000000000000000d,281478200287907,ADDED,40000,324,45199,165,org.onosproject.core,,,,,,"{'criteria': [{'type': 'ETH_TYPE', 'ethType': '0x88cc'}]}","{'instructions': [{'type': 'OUTPUT', 'port': 'CONTROLLER'}], 'clearDeferred': True, 'deferred': []}"
2026-06-08 17:01:46,of:000000000000000d,281478788468154,ADDED,5,83,8134,165,org.onosproject.core,,,,,,"{'criteria': [{'type': 'ETH_TYPE', 'ethType': '0x800'}]}","{'instructions': [{'type': 'OUTPUT', 'port': 'CONTROLLER'}], 'clearDeferred': True, 'deferred': []}"
2026-06-08 17:01:46,of:000000000000000d,281478012698825,ADDED,40000,324,45199,165,org.onosproject.core,,,,,,"{'criteria': [{'type': 'ETH_TYPE', 'ethType': '0x8942'}]}","{'instructions': [{'type': 'OUTPUT', 'port': 'CONTROLLER'}], 'clearDeferred': True, 'deferred': []}"
2026-06-08 17:01:46,of:000000000000000d,281476618808057,ADDED,40000,0,0,165,org.onosproject.core,,,,,,"{'criteria': [{'type': 'ETH_TYPE', 'ethType': '0x806'}]}","{'instructions': [{'type': 'OUTPUT', 'port': 'CONTROLLER'}], 'clearDeferred': True, 'deferred': []}"
2026-06-08 17:01:46,of:000000000000000a,281477705784245,ADDED,5,3,294,165,org.onosproject.core,,,,,,"{'criteria': [{'type': 'ETH_TYPE', 'ethType': '0x800'}]}","{'instructions': [{'type': 'OUTPUT', 'port': 'CONTROLLER'}], 'clearDeferred': True, 'deferred': []}"
2026-06-08 17:01:46,of:000000000000000a,281475818964416,ADDED,40000,161,22434,165,org.onosproject.core,,,,,,"{'criteria': [{'type': 'ETH_TYPE', 'ethType': '0x8942'}]}","{'instructions': [{'type': 'OUTPUT', 'port': 'CONTROLLER'}], 'clearDeferred': True, 'deferred': []}"
2026-06-08 17:01:46,of:000000000000000a,281477034268888,ADDED,40000,161,22434,165,org.onosproject.core,,,,,,"{'criteria': [{'type': 'ETH_TYPE', 'ethType': '0x88cc'}]}","{'instructions': [{'type': 'OUTPUT', 'port': 'CONTROLLER'}], 'clearDeferred': True, 'deferred': []}"
2026-06-08 17:01:46,of:000000000000000a,281478593105785,ADDED,40000,0,0,165,org.onosproject.core,,,,,,"{'criteria': [{'type': 'ETH_TYPE', 'ethType': '0x806'}]}","{'instructions': [{'type': 'OUTPUT', 'port': 'CONTROLLER'}], 'clearDeferred': True, 'deferred': []}"
2026-06-08 17:01:46,of:000000000000000b,281478277078534,ADDED,5,101,9898,165,org.onosproject.core,,,,,,"{'criteria': [{'type': 'ETH_TYPE', 'ethType': '0x800'}]}","{'instructions': [{'type': 'OUTPUT', 'port': 'CONTROLLER'}], 'clearDeferred': True, 'deferred': []}"
2026-06-08 17:01:46,of:000000000000000b,34902898369757081,ADDED,10,165,16170,164,org.onosproject.fwd,00:00:00:00:00:01,00:00:00:00:00:02,,,1,"{'criteria': [{'type': 'IN_PORT', 'port': 1}, {'type': 'ETH_DST', 'mac': '00:00:00:00:00:02'}, {'type': 'ETH_SRC', 'mac': '00:00:00:00:00:01'}]}","{'instructions': [{'type': 'OUTPUT', 'port': '5'}], 'deferred': []}"
2026-06-08 17:01:46,of:000000000000000b,34902898247549216,ADDED,10,162,15876,162,org.onosproject.fwd,00:00:00:00:00:02,00:00:00:00:00:01,,,4,"{'criteria': [{'type': 'IN_PORT', 'port': 4}, {'type': 'ETH_DST', 'mac': '00:00:00:00:00:01'}, {'type': 'ETH_SRC', 'mac': '00:00:00:00:00:02'}]}","{'instructions': [{'type': 'OUTPUT', 'port': '1'}], 'deferred': []}"
2026-06-08 17:01:46,of:000000000000000b,281476663695951,ADDED,40000,0,0,165,org.onosproject.core,,,,,,"{'criteria': [{'type': 'ETH_TYPE', 'ethType': '0x806'}]}","{'instructions': [{'type': 'OUTPUT', 'port': 'CONTROLLER'}], 'clearDeferred': True, 'deferred': []}"
2026-06-08 17:01:46,of:000000000000000b,281476573370203,ADDED,40000,330,45980,165,org.onosproject.core,,,,,,"{'criteria': [{'type': 'ETH_TYPE', 'ethType': '0x88cc'}]}","{'instructions': [{'type': 'OUTPUT', 'port': 'CONTROLLER'}], 'clearDeferred': True, 'deferred': []}"
2026-06-08 17:01:46,of:000000000000000b,281476205675487,ADDED,40000,330,45980,165,org.onosproject.core,,,,,,"{'criteria': [{'type': 'ETH_TYPE', 'ethType': '0x8942'}]}","{'instructions': [{'type': 'OUTPUT', 'port': 'CONTROLLER'}], 'clearDeferred': True, 'deferred': []}"
2026-06-08 17:01:46,of:0000000000000003,281478170942982,ADDED,5,93,9114,165,org.onosproject.core,,,,,,"{'criteria': [{'type': 'ETH_TYPE', 'ethType': '0x800'}]}","{'instructions': [{'type': 'OUTPUT', 'port': 'CONTROLLER'}], 'clearDeferred': True, 'deferred': []}"
2026-06-08 17:01:46,of:0000000000000003,34902901306865815,ADDED,10,189,18522,165,org.onosproject.fwd,00:00:00:00:00:01,00:00:00:00:00:02,,,1,"{'criteria': [{'type': 'IN_PORT', 'port': 1}, {'type': 'ETH_DST', 'mac': '00:00:00:00:00:02'}, {'type': 'ETH_SRC', 'mac': '00:00:00:00:00:01'}]}","{'instructions': [{'type': 'OUTPUT', 'port': '2'}], 'deferred': []}"
2026-06-08 17:01:46,of:0000000000000003,281476661728682,ADDED,40000,110,15345,165,org.onosproject.core,,,,,,"{'criteria': [{'type': 'ETH_TYPE', 'ethType': '0x88cc'}]}","{'instructions': [{'type': 'OUTPUT', 'port': 'CONTROLLER'}], 'clearDeferred': True, 'deferred': []}"
2026-06-08 17:01:46,of:0000000000000003,281477764386537,ADDED,40000,0,0,165,org.onosproject.core,,,,,,"{'criteria': [{'type': 'ETH_TYPE', 'ethType': '0x806'}]}","{'instructions': [{'type': 'OUTPUT', 'port': 'CONTROLLER'}], 'clearDeferred': True, 'deferred': []}"
2026-06-08 17:01:46,of:0000000000000003,281476156249461,ADDED,40000,110,15345,165,org.onosproject.core,,,,,,"{'criteria': [{'type': 'ETH_TYPE', 'ethType': '0x8942'}]}","{'instructions': [{'type': 'OUTPUT', 'port': 'CONTROLLER'}], 'clearDeferred': True, 'deferred': []}"
2026-06-08 17:01:46,of:0000000000000004,281475616213265,ADDED,40000,108,15065,165,org.onosproject.core,,,,,,"{'criteria': [{'type': 'ETH_TYPE', 'ethType': '0x88cc'}]}","{'instructions': [{'type': 'OUTPUT', 'port': 'CONTROLLER'}], 'clearDeferred': True, 'deferred': []}"
2026-06-08 17:01:46,of:0000000000000004,281475265228006,ADDED,40000,0,0,165,org.onosproject.core,,,,,,"{'criteria': [{'type': 'ETH_TYPE', 'ethType': '0x806'}]}","{'instructions': [{'type': 'OUTPUT', 'port': 'CONTROLLER'}], 'clearDeferred': True, 'deferred': []}"
2026-06-08 17:01:46,of:0000000000000004,281477141311986,ADDED,5,88,8624,165,org.onosproject.core,,,,,,"{'criteria': [{'type': 'ETH_TYPE', 'ethType': '0x800'}]}","{'instructions': [{'type': 'OUTPUT', 'port': 'CONTROLLER'}], 'clearDeferred': True, 'deferred': []}"
2026-06-08 17:01:46,of:0000000000000004,281476729151998,ADDED,40000,108,15065,165,org.onosproject.core,,,,,,"{'criteria': [{'type': 'ETH_TYPE', 'ethType': '0x8942'}]}","{'instructions': [{'type': 'OUTPUT', 'port': 'CONTROLLER'}], 'clearDeferred': True, 'deferred': []}"
2026-06-08 17:01:46,of:0000000000000001,281478909873038,ADDED,40000,0,0,165,org.onosproject.core,,,,,,"{'criteria': [{'type': 'ETH_TYPE', 'ethType': '0x806'}]}","{'instructions': [{'type': 'OUTPUT', 'port': 'CONTROLLER'}], 'clearDeferred': True, 'deferred': []}"
2026-06-08 17:01:46,of:0000000000000001,34902899196753573,ADDED,10,164,16072,164,org.onosproject.fwd,00:00:00:00:00:01,00:00:00:00:00:02,,,4,"{'criteria': [{'type': 'IN_PORT', 'port': 4}, {'type': 'ETH_DST', 'mac': '00:00:00:00:00:02'}, {'type': 'ETH_SRC', 'mac': '00:00:00:00:00:01'}]}","{'instructions': [{'type': 'OUTPUT', 'port': '1'}], 'deferred': []}"
2026-06-08 17:01:46,of:0000000000000001,34902898986035913,ADDED,10,174,17052,164,org.onosproject.fwd,00:00:00:00:00:02,00:00:00:00:00:01,,,1,"{'criteria': [{'type': 'IN_PORT', 'port': 1}, {'type': 'ETH_DST', 'mac': '00:00:00:00:00:01'}, {'type': 'ETH_SRC', 'mac': '00:00:00:00:00:02'}]}","{'instructions': [{'type': 'OUTPUT', 'port': '4'}], 'deferred': []}"
2026-06-08 17:01:46,of:0000000000000001,281477466379610,ADDED,40000,163,22820,165,org.onosproject.core,,,,,,"{'criteria': [{'type': 'ETH_TYPE', 'ethType': '0x88cc'}]}","{'instructions': [{'type': 'OUTPUT', 'port': 'CONTROLLER'}], 'clearDeferred': True, 'deferred': []}"
2026-06-08 17:01:46,of:0000000000000001,281475012051420,ADDED,5,76,7448,165,org.onosproject.core,,,,,,"{'criteria': [{'type': 'ETH_TYPE', 'ethType': '0x800'}]}","{'instructions': [{'type': 'OUTPUT', 'port': 'CONTROLLER'}], 'clearDeferred': True, 'deferred': []}"
2026-06-08 17:01:46,of:0000000000000001,281477029321583,ADDED,40000,163,22820,165,org.onosproject.core,,,,,,"{'criteria': [{'type': 'ETH_TYPE', 'ethType': '0x8942'}]}","{'instructions': [{'type': 'OUTPUT', 'port': 'CONTROLLER'}], 'clearDeferred': True, 'deferred': []}"
2026-06-08 17:01:46,of:0000000000000002,281478316350853,ADDED,40000,0,0,165,org.onosproject.core,,,,,,"{'criteria': [{'type': 'ETH_TYPE', 'ethType': '0x806'}]}","{'instructions': [{'type': 'OUTPUT', 'port': 'CONTROLLER'}], 'clearDeferred': True, 'deferred': []}"
2026-06-08 17:01:46,of:0000000000000002,281478673389323,ADDED,40000,110,15345,165,org.onosproject.core,,,,,,"{'criteria': [{'type': 'ETH_TYPE', 'ethType': '0x8942'}]}","{'instructions': [{'type': 'OUTPUT', 'port': 'CONTROLLER'}], 'clearDeferred': True, 'deferred': []}"
2026-06-08 17:01:46,of:0000000000000002,34902898441429785,ADDED,10,162,15876,162,org.onosproject.fwd,00:00:00:00:00:02,00:00:00:00:00:01,,,3,"{'criteria': [{'type': 'IN_PORT', 'port': 3}, {'type': 'ETH_DST', 'mac': '00:00:00:00:00:01'}, {'type': 'ETH_SRC', 'mac': '00:00:00:00:00:02'}]}","{'instructions': [{'type': 'OUTPUT', 'port': '1'}], 'deferred': []}"
2026-06-08 17:01:46,of:0000000000000002,34902899328279504,ADDED,10,194,19012,165,org.onosproject.fwd,00:00:00:00:00:01,00:00:00:00:00:02,,,2,"{'criteria': [{'type': 'IN_PORT', 'port': 2}, {'type': 'ETH_DST', 'mac': '00:00:00:00:00:02'}, {'type': 'ETH_SRC', 'mac': '00:00:00:00:00:01'}]}","{'instructions': [{'type': 'OUTPUT', 'port': '3'}], 'deferred': []}"
2026-06-08 17:01:46,of:0000000000000002,281475022575828,ADDED,40000,110,15345,165,org.onosproject.core,,,,,,"{'criteria': [{'type': 'ETH_TYPE', 'ethType': '0x88cc'}]}","{'instructions': [{'type': 'OUTPUT', 'port': 'CONTROLLER'}], 'clearDeferred': True, 'deferred': []}"
2026-06-08 17:01:46,of:0000000000000002,281475568191580,ADDED,5,47,4606,165,org.onosproject.core,,,,,,"{'criteria': [{'type': 'ETH_TYPE', 'ethType': '0x800'}]}","{'instructions': [{'type': 'OUTPUT', 'port': 'CONTROLLER'}], 'clearDeferred': True, 'deferred': []}"
2026-06-08 17:01:46,of:0000000000000007,281475652364572,ADDED,5,3,294,165,org.onosproject.core,,,,,,"{'criteria': [{'type': 'ETH_TYPE', 'ethType': '0x800'}]}","{'instructions': [{'type': 'OUTPUT', 'port': 'CONTROLLER'}], 'clearDeferred': True, 'deferred': []}"
2026-06-08 17:01:46,of:0000000000000007,281478438392611,ADDED,40000,0,0,165,org.onosproject.core,,,,,,"{'criteria': [{'type': 'ETH_TYPE', 'ethType': '0x806'}]}","{'instructions': [{'type': 'OUTPUT', 'port': 'CONTROLLER'}], 'clearDeferred': True, 'deferred': []}"
2026-06-08 17:01:46,of:0000000000000007,281476350262333,ADDED,40000,110,15400,165,org.onosproject.core,,,,,,"{'criteria': [{'type': 'ETH_TYPE', 'ethType': '0x8942'}]}","{'instructions': [{'type': 'OUTPUT', 'port': 'CONTROLLER'}], 'clearDeferred': True, 'deferred': []}"
2026-06-08 17:01:46,of:0000000000000007,281475000925130,ADDED,40000,110,15400,165,org.onosproject.core,,,,,,"{'criteria': [{'type': 'ETH_TYPE', 'ethType': '0x88cc'}]}","{'instructions': [{'type': 'OUTPUT', 'port': 'CONTROLLER'}], 'clearDeferred': True, 'deferred': []}"
2026-06-08 17:01:46,of:0000000000000008,281476059291414,ADDED,40000,0,0,165,org.onosproject.core,,,,,,"{'criteria': [{'type': 'ETH_TYPE', 'ethType': '0x806'}]}","{'instructions': [{'type': 'OUTPUT', 'port': 'CONTROLLER'}], 'clearDeferred': True, 'deferred': []}"
2026-06-08 17:01:46,of:0000000000000008,281476101349656,ADDED,40000,165,22990,165,org.onosproject.core,,,,,,"{'criteria': [{'type': 'ETH_TYPE', 'ethType': '0x88cc'}]}","{'instructions': [{'type': 'OUTPUT', 'port': 'CONTROLLER'}], 'clearDeferred': True, 'deferred': []}"
2026-06-08 17:01:46,of:0000000000000008,281476270708671,ADDED,40000,165,22990,165,org.onosproject.core,,,,,,"{'criteria': [{'type': 'ETH_TYPE', 'ethType': '0x8942'}]}","{'instructions': [{'type': 'OUTPUT', 'port': 'CONTROLLER'}], 'clearDeferred': True, 'deferred': []}"
2026-06-08 17:01:46,of:0000000000000008,34902898875781211,ADDED,10,186,18228,164,org.onosproject.fwd,00:00:00:00:00:01,00:00:00:00:00:02,,,3,"{'criteria': [{'type': 'IN_PORT', 'port': 3}, {'type': 'ETH_DST', 'mac': '00:00:00:00:00:02'}, {'type': 'ETH_SRC', 'mac': '00:00:00:00:00:01'}]}","{'instructions': [{'type': 'OUTPUT', 'port': '2'}], 'deferred': []}"
2026-06-08 17:01:46,of:0000000000000008,281476010895837,ADDED,5,141,13818,165,org.onosproject.core,,,,,,"{'criteria': [{'type': 'ETH_TYPE', 'ethType': '0x800'}]}","{'instructions': [{'type': 'OUTPUT', 'port': 'CONTROLLER'}], 'clearDeferred': True, 'deferred': []}"
2026-06-08 17:01:46,of:0000000000000005,281478762460478,ADDED,40000,0,0,165,org.onosproject.core,,,,,,"{'criteria': [{'type': 'ETH_TYPE', 'ethType': '0x806'}]}","{'instructions': [{'type': 'OUTPUT', 'port': 'CONTROLLER'}], 'clearDeferred': True, 'deferred': []}"
2026-06-08 17:01:46,of:0000000000000005,281478211273411,ADDED,40000,110,15345,165,org.onosproject.core,,,,,,"{'criteria': [{'type': 'ETH_TYPE', 'ethType': '0x8942'}]}","{'instructions': [{'type': 'OUTPUT', 'port': 'CONTROLLER'}], 'clearDeferred': True, 'deferred': []}"
2026-06-08 17:01:46,of:0000000000000005,281475117841124,ADDED,5,53,5194,165,org.onosproject.core,,,,,,"{'criteria': [{'type': 'ETH_TYPE', 'ethType': '0x800'}]}","{'instructions': [{'type': 'OUTPUT', 'port': 'CONTROLLER'}], 'clearDeferred': True, 'deferred': []}"
2026-06-08 17:01:46,of:0000000000000005,281478979269874,ADDED,40000,110,15345,165,org.onosproject.core,,,,,,"{'criteria': [{'type': 'ETH_TYPE', 'ethType': '0x88cc'}]}","{'instructions': [{'type': 'OUTPUT', 'port': 'CONTROLLER'}], 'clearDeferred': True, 'deferred': []}"
2026-06-08 17:01:46,of:0000000000000006,281475738574217,ADDED,40000,110,15400,165,org.onosproject.core,,,,,,"{'criteria': [{'type': 'ETH_TYPE', 'ethType': '0x88cc'}]}","{'instructions': [{'type': 'OUTPUT', 'port': 'CONTROLLER'}], 'clearDeferred': True, 'deferred': []}"
2026-06-08 17:01:46,of:0000000000000006,281476873293724,ADDED,40000,110,15400,165,org.onosproject.core,,,,,,"{'criteria': [{'type': 'ETH_TYPE', 'ethType': '0x8942'}]}","{'instructions': [{'type': 'OUTPUT', 'port': 'CONTROLLER'}], 'clearDeferred': True, 'deferred': []}"
2026-06-08 17:01:46,of:0000000000000006,281475411377083,ADDED,40000,0,0,165,org.onosproject.core,,,,,,"{'criteria': [{'type': 'ETH_TYPE', 'ethType': '0x806'}]}","{'instructions': [{'type': 'OUTPUT', 'port': 'CONTROLLER'}], 'clearDeferred': True, 'deferred': []}"
2026-06-08 17:01:46,of:0000000000000006,281478888449605,ADDED,5,3,294,165,org.onosproject.core,,,,,,"{'criteria': [{'type': 'ETH_TYPE', 'ethType': '0x800'}]}","{'instructions': [{'type': 'OUTPUT', 'port': 'CONTROLLER'}], 'clearDeferred': True, 'deferred': []}"
2026-06-08 17:01:46,of:0000000000000009,281478887649794,ADDED,40000,162,22572,165,org.onosproject.core,,,,,,"{'criteria': [{'type': 'ETH_TYPE', 'ethType': '0x88cc'}]}","{'instructions': [{'type': 'OUTPUT', 'port': 'CONTROLLER'}], 'clearDeferred': True, 'deferred': []}"
2026-06-08 17:01:46,of:0000000000000009,281474993990194,ADDED,5,66,6468,165,org.onosproject.core,,,,,,"{'criteria': [{'type': 'ETH_TYPE', 'ethType': '0x800'}]}","{'instructions': [{'type': 'OUTPUT', 'port': 'CONTROLLER'}], 'clearDeferred': True, 'deferred': []}"
2026-06-08 17:01:46,of:0000000000000009,281476295891648,ADDED,40000,162,22572,165,org.onosproject.core,,,,,,"{'criteria': [{'type': 'ETH_TYPE', 'ethType': '0x8942'}]}","{'instructions': [{'type': 'OUTPUT', 'port': 'CONTROLLER'}], 'clearDeferred': True, 'deferred': []}"
2026-06-08 17:01:46,of:0000000000000009,281479019932926,ADDED,40000,0,0,165,org.onosproject.core,,,,,,"{'criteria': [{'type': 'ETH_TYPE', 'ethType': '0x806'}]}","{'instructions': [{'type': 'OUTPUT', 'port': 'CONTROLLER'}], 'clearDeferred': True, 'deferred': []}"
2026-06-08 17:01:51,of:000000000000000c,281479100460205,ADDED,40000,336,46817,170,org.onosproject.core,,,,,,"{'criteria': [{'type': 'ETH_TYPE', 'ethType': '0x88cc'}]}","{'instructions': [{'type': 'OUTPUT', 'port': 'CONTROLLER'}], 'clearDeferred': True, 'deferred': []}"
2026-06-08 17:01:51,of:000000000000000c,281475624796078,ADDED,40000,336,46817,170,org.onosproject.core,,,,,,"{'criteria': [{'type': 'ETH_TYPE', 'ethType': '0x8942'}]}","{'instructions': [{'type': 'OUTPUT', 'port': 'CONTROLLER'}], 'clearDeferred': True, 'deferred': []}"
2026-06-08 17:01:51,of:000000000000000c,281477504901495,ADDED,40000,0,0,170,org.onosproject.core,,,,,,"{'criteria': [{'type': 'ETH_TYPE', 'ethType': '0x806'}]}","{'instructions': [{'type': 'OUTPUT', 'port': 'CONTROLLER'}], 'clearDeferred': True, 'deferred': []}"
2026-06-08 17:01:51,of:000000000000000c,281476292687096,ADDED,5,83,8134,170,org.onosproject.core,,,,,,"{'criteria': [{'type': 'ETH_TYPE', 'ethType': '0x800'}]}","{'instructions': [{'type': 'OUTPUT', 'port': 'CONTROLLER'}], 'clearDeferred': True, 'deferred': []}"
2026-06-08 17:01:51,of:000000000000000d,281478200287907,ADDED,40000,335,46734,170,org.onosproject.core,,,,,,"{'criteria': [{'type': 'ETH_TYPE', 'ethType': '0x88cc'}]}","{'instructions': [{'type': 'OUTPUT', 'port': 'CONTROLLER'}], 'clearDeferred': True, 'deferred': []}"
2026-06-08 17:01:51,of:000000000000000d,281478788468154,ADDED,5,83,8134,170,org.onosproject.core,,,,,,"{'criteria': [{'type': 'ETH_TYPE', 'ethType': '0x800'}]}","{'instructions': [{'type': 'OUTPUT', 'port': 'CONTROLLER'}], 'clearDeferred': True, 'deferred': []}"
2026-06-08 17:01:51,of:000000000000000d,281478012698825,ADDED,40000,335,46734,170,org.onosproject.core,,,,,,"{'criteria': [{'type': 'ETH_TYPE', 'ethType': '0x8942'}]}","{'instructions': [{'type': 'OUTPUT', 'port': 'CONTROLLER'}], 'clearDeferred': True, 'deferred': []}"
2026-06-08 17:01:51,of:000000000000000d,281476618808057,ADDED,40000,0,0,170,org.onosproject.core,,,,,,"{'criteria': [{'type': 'ETH_TYPE', 'ethType': '0x806'}]}","{'instructions': [{'type': 'OUTPUT', 'port': 'CONTROLLER'}], 'clearDeferred': True, 'deferred': []}"
2026-06-08 17:01:51,of:000000000000000a,281477705784245,ADDED,5,3,294,170,org.onosproject.core,,,,,,"{'criteria': [{'type': 'ETH_TYPE', 'ethType': '0x800'}]}","{'instructions': [{'type': 'OUTPUT', 'port': 'CONTROLLER'}], 'clearDeferred': True, 'deferred': []}"
2026-06-08 17:01:51,of:000000000000000a,281475818964416,ADDED,40000,166,23130,170,org.onosproject.core,,,,,,"{'criteria': [{'type': 'ETH_TYPE', 'ethType': '0x8942'}]}","{'instructions': [{'type': 'OUTPUT', 'port': 'CONTROLLER'}], 'clearDeferred': True, 'deferred': []}"
2026-06-08 17:01:51,of:000000000000000a,281477034268888,ADDED,40000,166,23130,170,org.onosproject.core,,,,,,"{'criteria': [{'type': 'ETH_TYPE', 'ethType': '0x88cc'}]}","{'instructions': [{'type': 'OUTPUT', 'port': 'CONTROLLER'}], 'clearDeferred': True, 'deferred': []}"
2026-06-08 17:01:51,of:000000000000000a,281478593105785,ADDED,40000,0,0,170,org.onosproject.core,,,,,,"{'criteria': [{'type': 'ETH_TYPE', 'ethType': '0x806'}]}","{'instructions': [{'type': 'OUTPUT', 'port': 'CONTROLLER'}], 'clearDeferred': True, 'deferred': []}"
2026-06-08 17:01:51,of:000000000000000b,281478277078534,ADDED,5,101,9898,170,org.onosproject.core,,,,,,"{'criteria': [{'type': 'ETH_TYPE', 'ethType': '0x800'}]}","{'instructions': [{'type': 'OUTPUT', 'port': 'CONTROLLER'}], 'clearDeferred': True, 'deferred': []}"
2026-06-08 17:01:51,of:000000000000000b,34902898369757081,ADDED,10,170,16660,169,org.onosproject.fwd,00:00:00:00:00:01,00:00:00:00:00:02,,,1,"{'criteria': [{'type': 'IN_PORT', 'port': 1}, {'type': 'ETH_DST', 'mac': '00:00:00:00:00:02'}, {'type': 'ETH_SRC', 'mac': '00:00:00:00:00:01'}]}","{'instructions': [{'type': 'OUTPUT', 'port': '5'}], 'deferred': []}"
2026-06-08 17:01:51,of:000000000000000b,34902898247549216,ADDED,10,167,16366,167,org.onosproject.fwd,00:00:00:00:00:02,00:00:00:00:00:01,,,4,"{'criteria': [{'type': 'IN_PORT', 'port': 4}, {'type': 'ETH_DST', 'mac': '00:00:00:00:00:01'}, {'type': 'ETH_SRC', 'mac': '00:00:00:00:00:02'}]}","{'instructions': [{'type': 'OUTPUT', 'port': '1'}], 'deferred': []}"
2026-06-08 17:01:51,of:000000000000000b,281476663695951,ADDED,40000,0,0,170,org.onosproject.core,,,,,,"{'criteria': [{'type': 'ETH_TYPE', 'ethType': '0x806'}]}","{'instructions': [{'type': 'OUTPUT', 'port': 'CONTROLLER'}], 'clearDeferred': True, 'deferred': []}"
2026-06-08 17:01:51,of:000000000000000b,281476573370203,ADDED,40000,337,46956,170,org.onosproject.core,,,,,,"{'criteria': [{'type': 'ETH_TYPE', 'ethType': '0x88cc'}]}","{'instructions': [{'type': 'OUTPUT', 'port': 'CONTROLLER'}], 'clearDeferred': True, 'deferred': []}"
2026-06-08 17:01:51,of:000000000000000b,281476205675487,ADDED,40000,337,46956,170,org.onosproject.core,,,,,,"{'criteria': [{'type': 'ETH_TYPE', 'ethType': '0x8942'}]}","{'instructions': [{'type': 'OUTPUT', 'port': 'CONTROLLER'}], 'clearDeferred': True, 'deferred': []}"
2026-06-08 17:01:51,of:0000000000000003,281478170942982,ADDED,5,93,9114,170,org.onosproject.core,,,,,,"{'criteria': [{'type': 'ETH_TYPE', 'ethType': '0x800'}]}","{'instructions': [{'type': 'OUTPUT', 'port': 'CONTROLLER'}], 'clearDeferred': True, 'deferred': []}"
2026-06-08 17:01:51,of:0000000000000003,34902901306865815,ADDED,10,194,19012,170,org.onosproject.fwd,00:00:00:00:00:01,00:00:00:00:00:02,,,1,"{'criteria': [{'type': 'IN_PORT', 'port': 1}, {'type': 'ETH_DST', 'mac': '00:00:00:00:00:02'}, {'type': 'ETH_SRC', 'mac': '00:00:00:00:00:01'}]}","{'instructions': [{'type': 'OUTPUT', 'port': '2'}], 'deferred': []}"
2026-06-08 17:01:51,of:0000000000000003,281476661728682,ADDED,40000,113,15764,170,org.onosproject.core,,,,,,"{'criteria': [{'type': 'ETH_TYPE', 'ethType': '0x88cc'}]}","{'instructions': [{'type': 'OUTPUT', 'port': 'CONTROLLER'}], 'clearDeferred': True, 'deferred': []}"
2026-06-08 17:01:51,of:0000000000000003,281477764386537,ADDED,40000,0,0,170,org.onosproject.core,,,,,,"{'criteria': [{'type': 'ETH_TYPE', 'ethType': '0x806'}]}","{'instructions': [{'type': 'OUTPUT', 'port': 'CONTROLLER'}], 'clearDeferred': True, 'deferred': []}"
2026-06-08 17:01:51,of:0000000000000003,281476156249461,ADDED,40000,113,15764,170,org.onosproject.core,,,,,,"{'criteria': [{'type': 'ETH_TYPE', 'ethType': '0x8942'}]}","{'instructions': [{'type': 'OUTPUT', 'port': 'CONTROLLER'}], 'clearDeferred': True, 'deferred': []}"
2026-06-08 17:01:51,of:0000000000000004,281475616213265,ADDED,40000,111,15484,170,org.onosproject.core,,,,,,"{'criteria': [{'type': 'ETH_TYPE', 'ethType': '0x88cc'}]}","{'instructions': [{'type': 'OUTPUT', 'port': 'CONTROLLER'}], 'clearDeferred': True, 'deferred': []}"
2026-06-08 17:01:51,of:0000000000000004,281475265228006,ADDED,40000,0,0,170,org.onosproject.core,,,,,,"{'criteria': [{'type': 'ETH_TYPE', 'ethType': '0x806'}]}","{'instructions': [{'type': 'OUTPUT', 'port': 'CONTROLLER'}], 'clearDeferred': True, 'deferred': []}"
2026-06-08 17:01:51,of:0000000000000004,281477141311986,ADDED,5,88,8624,170,org.onosproject.core,,,,,,"{'criteria': [{'type': 'ETH_TYPE', 'ethType': '0x800'}]}","{'instructions': [{'type': 'OUTPUT', 'port': 'CONTROLLER'}], 'clearDeferred': True, 'deferred': []}"
2026-06-08 17:01:51,of:0000000000000004,281476729151998,ADDED,40000,111,15484,170,org.onosproject.core,,,,,,"{'criteria': [{'type': 'ETH_TYPE', 'ethType': '0x8942'}]}","{'instructions': [{'type': 'OUTPUT', 'port': 'CONTROLLER'}], 'clearDeferred': True, 'deferred': []}"
2026-06-08 17:01:51,of:0000000000000001,281478909873038,ADDED,40000,0,0,170,org.onosproject.core,,,,,,"{'criteria': [{'type': 'ETH_TYPE', 'ethType': '0x806'}]}","{'instructions': [{'type': 'OUTPUT', 'port': 'CONTROLLER'}], 'clearDeferred': True, 'deferred': []}"
2026-06-08 17:01:51,of:0000000000000001,34902899196753573,ADDED,10,169,16562,169,org.onosproject.fwd,00:00:00:00:00:01,00:00:00:00:00:02,,,4,"{'criteria': [{'type': 'IN_PORT', 'port': 4}, {'type': 'ETH_DST', 'mac': '00:00:00:00:00:02'}, {'type': 'ETH_SRC', 'mac': '00:00:00:00:00:01'}]}","{'instructions': [{'type': 'OUTPUT', 'port': '1'}], 'deferred': []}"
2026-06-08 17:01:51,of:0000000000000001,34902898986035913,ADDED,10,179,17542,169,org.onosproject.fwd,00:00:00:00:00:02,00:00:00:00:00:01,,,1,"{'criteria': [{'type': 'IN_PORT', 'port': 1}, {'type': 'ETH_DST', 'mac': '00:00:00:00:00:01'}, {'type': 'ETH_SRC', 'mac': '00:00:00:00:00:02'}]}","{'instructions': [{'type': 'OUTPUT', 'port': '4'}], 'deferred': []}"
2026-06-08 17:01:51,of:0000000000000001,281477466379610,ADDED,40000,168,23520,170,org.onosproject.core,,,,,,"{'criteria': [{'type': 'ETH_TYPE', 'ethType': '0x88cc'}]}","{'instructions': [{'type': 'OUTPUT', 'port': 'CONTROLLER'}], 'clearDeferred': True, 'deferred': []}"
2026-06-08 17:01:51,of:0000000000000001,281475012051420,ADDED,5,76,7448,170,org.onosproject.core,,,,,,"{'criteria': [{'type': 'ETH_TYPE', 'ethType': '0x800'}]}","{'instructions': [{'type': 'OUTPUT', 'port': 'CONTROLLER'}], 'clearDeferred': True, 'deferred': []}"
2026-06-08 17:01:51,of:0000000000000001,281477029321583,ADDED,40000,168,23520,170,org.onosproject.core,,,,,,"{'criteria': [{'type': 'ETH_TYPE', 'ethType': '0x8942'}]}","{'instructions': [{'type': 'OUTPUT', 'port': 'CONTROLLER'}], 'clearDeferred': True, 'deferred': []}"
2026-06-08 17:01:51,of:0000000000000002,281478316350853,ADDED,40000,0,0,170,org.onosproject.core,,,,,,"{'criteria': [{'type': 'ETH_TYPE', 'ethType': '0x806'}]}","{'instructions': [{'type': 'OUTPUT', 'port': 'CONTROLLER'}], 'clearDeferred': True, 'deferred': []}"
2026-06-08 17:01:51,of:0000000000000002,281478673389323,ADDED,40000,113,15764,170,org.onosproject.core,,,,,,"{'criteria': [{'type': 'ETH_TYPE', 'ethType': '0x8942'}]}","{'instructions': [{'type': 'OUTPUT', 'port': 'CONTROLLER'}], 'clearDeferred': True, 'deferred': []}"
2026-06-08 17:01:51,of:0000000000000002,34902898441429785,ADDED,10,167,16366,167,org.onosproject.fwd,00:00:00:00:00:02,00:00:00:00:00:01,,,3,"{'criteria': [{'type': 'IN_PORT', 'port': 3}, {'type': 'ETH_DST', 'mac': '00:00:00:00:00:01'}, {'type': 'ETH_SRC', 'mac': '00:00:00:00:00:02'}]}","{'instructions': [{'type': 'OUTPUT', 'port': '1'}], 'deferred': []}"
2026-06-08 17:01:51,of:0000000000000002,34902899328279504,ADDED,10,199,19502,170,org.onosproject.fwd,00:00:00:00:00:01,00:00:00:00:00:02,,,2,"{'criteria': [{'type': 'IN_PORT', 'port': 2}, {'type': 'ETH_DST', 'mac': '00:00:00:00:00:02'}, {'type': 'ETH_SRC', 'mac': '00:00:00:00:00:01'}]}","{'instructions': [{'type': 'OUTPUT', 'port': '3'}], 'deferred': []}"
2026-06-08 17:01:51,of:0000000000000002,281475022575828,ADDED,40000,113,15764,170,org.onosproject.core,,,,,,"{'criteria': [{'type': 'ETH_TYPE', 'ethType': '0x88cc'}]}","{'instructions': [{'type': 'OUTPUT', 'port': 'CONTROLLER'}], 'clearDeferred': True, 'deferred': []}"
2026-06-08 17:01:51,of:0000000000000002,281475568191580,ADDED,5,47,4606,170,org.onosproject.core,,,,,,"{'criteria': [{'type': 'ETH_TYPE', 'ethType': '0x800'}]}","{'instructions': [{'type': 'OUTPUT', 'port': 'CONTROLLER'}], 'clearDeferred': True, 'deferred': []}"
2026-06-08 17:01:51,of:0000000000000007,281475652364572,ADDED,5,3,294,170,org.onosproject.core,,,,,,"{'criteria': [{'type': 'ETH_TYPE', 'ethType': '0x800'}]}","{'instructions': [{'type': 'OUTPUT', 'port': 'CONTROLLER'}], 'clearDeferred': True, 'deferred': []}"
2026-06-08 17:01:51,of:0000000000000007,281478438392611,ADDED,40000,0,0,170,org.onosproject.core,,,,,,"{'criteria': [{'type': 'ETH_TYPE', 'ethType': '0x806'}]}","{'instructions': [{'type': 'OUTPUT', 'port': 'CONTROLLER'}], 'clearDeferred': True, 'deferred': []}"
2026-06-08 17:01:51,of:0000000000000007,281476350262333,ADDED,40000,112,15680,170,org.onosproject.core,,,,,,"{'criteria': [{'type': 'ETH_TYPE', 'ethType': '0x8942'}]}","{'instructions': [{'type': 'OUTPUT', 'port': 'CONTROLLER'}], 'clearDeferred': True, 'deferred': []}"
2026-06-08 17:01:51,of:0000000000000007,281475000925130,ADDED,40000,112,15680,170,org.onosproject.core,,,,,,"{'criteria': [{'type': 'ETH_TYPE', 'ethType': '0x88cc'}]}","{'instructions': [{'type': 'OUTPUT', 'port': 'CONTROLLER'}], 'clearDeferred': True, 'deferred': []}"
2026-06-08 17:01:51,of:0000000000000008,281476059291414,ADDED,40000,0,0,170,org.onosproject.core,,,,,,"{'criteria': [{'type': 'ETH_TYPE', 'ethType': '0x806'}]}","{'instructions': [{'type': 'OUTPUT', 'port': 'CONTROLLER'}], 'clearDeferred': True, 'deferred': []}"
2026-06-08 17:01:51,of:0000000000000008,281476101349656,ADDED,40000,169,23548,170,org.onosproject.core,,,,,,"{'criteria': [{'type': 'ETH_TYPE', 'ethType': '0x88cc'}]}","{'instructions': [{'type': 'OUTPUT', 'port': 'CONTROLLER'}], 'clearDeferred': True, 'deferred': []}"
2026-06-08 17:01:51,of:0000000000000008,281476270708671,ADDED,40000,169,23548,170,org.onosproject.core,,,,,,"{'criteria': [{'type': 'ETH_TYPE', 'ethType': '0x8942'}]}","{'instructions': [{'type': 'OUTPUT', 'port': 'CONTROLLER'}], 'clearDeferred': True, 'deferred': []}"
2026-06-08 17:01:51,of:0000000000000008,34902898875781211,ADDED,10,191,18718,169,org.onosproject.fwd,00:00:00:00:00:01,00:00:00:00:00:02,,,3,"{'criteria': [{'type': 'IN_PORT', 'port': 3}, {'type': 'ETH_DST', 'mac': '00:00:00:00:00:02'}, {'type': 'ETH_SRC', 'mac': '00:00:00:00:00:01'}]}","{'instructions': [{'type': 'OUTPUT', 'port': '2'}], 'deferred': []}"
2026-06-08 17:01:51,of:0000000000000008,281476010895837,ADDED,5,141,13818,170,org.onosproject.core,,,,,,"{'criteria': [{'type': 'ETH_TYPE', 'ethType': '0x800'}]}","{'instructions': [{'type': 'OUTPUT', 'port': 'CONTROLLER'}], 'clearDeferred': True, 'deferred': []}"
2026-06-08 17:01:51,of:0000000000000005,281478762460478,ADDED,40000,0,0,170,org.onosproject.core,,,,,,"{'criteria': [{'type': 'ETH_TYPE', 'ethType': '0x806'}]}","{'instructions': [{'type': 'OUTPUT', 'port': 'CONTROLLER'}], 'clearDeferred': True, 'deferred': []}"
2026-06-08 17:01:51,of:0000000000000005,281478211273411,ADDED,40000,112,15624,170,org.onosproject.core,,,,,,"{'criteria': [{'type': 'ETH_TYPE', 'ethType': '0x8942'}]}","{'instructions': [{'type': 'OUTPUT', 'port': 'CONTROLLER'}], 'clearDeferred': True, 'deferred': []}"
2026-06-08 17:01:51,of:0000000000000005,281475117841124,ADDED,5,53,5194,170,org.onosproject.core,,,,,,"{'criteria': [{'type': 'ETH_TYPE', 'ethType': '0x800'}]}","{'instructions': [{'type': 'OUTPUT', 'port': 'CONTROLLER'}], 'clearDeferred': True, 'deferred': []}"
2026-06-08 17:01:51,of:0000000000000005,281478979269874,ADDED,40000,112,15624,170,org.onosproject.core,,,,,,"{'criteria': [{'type': 'ETH_TYPE', 'ethType': '0x88cc'}]}","{'instructions': [{'type': 'OUTPUT', 'port': 'CONTROLLER'}], 'clearDeferred': True, 'deferred': []}"
2026-06-08 17:01:51,of:0000000000000006,281475738574217,ADDED,40000,112,15680,170,org.onosproject.core,,,,,,"{'criteria': [{'type': 'ETH_TYPE', 'ethType': '0x88cc'}]}","{'instructions': [{'type': 'OUTPUT', 'port': 'CONTROLLER'}], 'clearDeferred': True, 'deferred': []}"
2026-06-08 17:01:51,of:0000000000000006,281476873293724,ADDED,40000,112,15680,170,org.onosproject.core,,,,,,"{'criteria': [{'type': 'ETH_TYPE', 'ethType': '0x8942'}]}","{'instructions': [{'type': 'OUTPUT', 'port': 'CONTROLLER'}], 'clearDeferred': True, 'deferred': []}"
2026-06-08 17:01:51,of:0000000000000006,281475411377083,ADDED,40000,0,0,170,org.onosproject.core,,,,,,"{'criteria': [{'type': 'ETH_TYPE', 'ethType': '0x806'}]}","{'instructions': [{'type': 'OUTPUT', 'port': 'CONTROLLER'}], 'clearDeferred': True, 'deferred': []}"
2026-06-08 17:01:51,of:0000000000000006,281478888449605,ADDED,5,3,294,170,org.onosproject.core,,,,,,"{'criteria': [{'type': 'ETH_TYPE', 'ethType': '0x800'}]}","{'instructions': [{'type': 'OUTPUT', 'port': 'CONTROLLER'}], 'clearDeferred': True, 'deferred': []}"
2026-06-08 17:01:51,of:0000000000000009,281478887649794,ADDED,40000,167,23269,170,org.onosproject.core,,,,,,"{'criteria': [{'type': 'ETH_TYPE', 'ethType': '0x88cc'}]}","{'instructions': [{'type': 'OUTPUT', 'port': 'CONTROLLER'}], 'clearDeferred': True, 'deferred': []}"
2026-06-08 17:01:51,of:0000000000000009,281474993990194,ADDED,5,66,6468,170,org.onosproject.core,,,,,,"{'criteria': [{'type': 'ETH_TYPE', 'ethType': '0x800'}]}","{'instructions': [{'type': 'OUTPUT', 'port': 'CONTROLLER'}], 'clearDeferred': True, 'deferred': []}"
2026-06-08 17:01:51,of:0000000000000009,281476295891648,ADDED,40000,167,23269,170,org.onosproject.core,,,,,,"{'criteria': [{'type': 'ETH_TYPE', 'ethType': '0x8942'}]}","{'instructions': [{'type': 'OUTPUT', 'port': 'CONTROLLER'}], 'clearDeferred': True, 'deferred': []}"
2026-06-08 17:01:51,of:0000000000000009,281479019932926,ADDED,40000,0,0,170,org.onosproject.core,,,,,,"{'criteria': [{'type': 'ETH_TYPE', 'ethType': '0x806'}]}","{'instructions': [{'type': 'OUTPUT', 'port': 'CONTROLLER'}], 'clearDeferred': True, 'deferred': []}"
2026-06-08 17:01:56,of:000000000000000c,281479100460205,ADDED,40000,346,48210,175,org.onosproject.core,,,,,,"{'criteria': [{'type': 'ETH_TYPE', 'ethType': '0x88cc'}]}","{'instructions': [{'type': 'OUTPUT', 'port': 'CONTROLLER'}], 'clearDeferred': True, 'deferred': []}"
2026-06-08 17:01:56,of:000000000000000c,281475624796078,ADDED,40000,346,48210,175,org.onosproject.core,,,,,,"{'criteria': [{'type': 'ETH_TYPE', 'ethType': '0x8942'}]}","{'instructions': [{'type': 'OUTPUT', 'port': 'CONTROLLER'}], 'clearDeferred': True, 'deferred': []}"
2026-06-08 17:01:56,of:000000000000000c,281477504901495,ADDED,40000,0,0,175,org.onosproject.core,,,,,,"{'criteria': [{'type': 'ETH_TYPE', 'ethType': '0x806'}]}","{'instructions': [{'type': 'OUTPUT', 'port': 'CONTROLLER'}], 'clearDeferred': True, 'deferred': []}"
2026-06-08 17:01:56,of:000000000000000c,281476292687096,ADDED,5,83,8134,175,org.onosproject.core,,,,,,"{'criteria': [{'type': 'ETH_TYPE', 'ethType': '0x800'}]}","{'instructions': [{'type': 'OUTPUT', 'port': 'CONTROLLER'}], 'clearDeferred': True, 'deferred': []}"
2026-06-08 17:01:56,of:000000000000000d,281478200287907,ADDED,40000,342,47710,175,org.onosproject.core,,,,,,"{'criteria': [{'type': 'ETH_TYPE', 'ethType': '0x88cc'}]}","{'instructions': [{'type': 'OUTPUT', 'port': 'CONTROLLER'}], 'clearDeferred': True, 'deferred': []}"
2026-06-08 17:01:56,of:000000000000000d,281478788468154,ADDED,5,83,8134,175,org.onosproject.core,,,,,,"{'criteria': [{'type': 'ETH_TYPE', 'ethType': '0x800'}]}","{'instructions': [{'type': 'OUTPUT', 'port': 'CONTROLLER'}], 'clearDeferred': True, 'deferred': []}"
2026-06-08 17:01:56,of:000000000000000d,281478012698825,ADDED,40000,342,47710,175,org.onosproject.core,,,,,,"{'criteria': [{'type': 'ETH_TYPE', 'ethType': '0x8942'}]}","{'instructions': [{'type': 'OUTPUT', 'port': 'CONTROLLER'}], 'clearDeferred': True, 'deferred': []}"
2026-06-08 17:01:56,of:000000000000000d,281476618808057,ADDED,40000,0,0,175,org.onosproject.core,,,,,,"{'criteria': [{'type': 'ETH_TYPE', 'ethType': '0x806'}]}","{'instructions': [{'type': 'OUTPUT', 'port': 'CONTROLLER'}], 'clearDeferred': True, 'deferred': []}"
2026-06-08 17:01:56,of:000000000000000a,281477705784245,ADDED,5,3,294,175,org.onosproject.core,,,,,,"{'criteria': [{'type': 'ETH_TYPE', 'ethType': '0x800'}]}","{'instructions': [{'type': 'OUTPUT', 'port': 'CONTROLLER'}], 'clearDeferred': True, 'deferred': []}"
2026-06-08 17:01:56,of:000000000000000a,281475818964416,ADDED,40000,170,23688,175,org.onosproject.core,,,,,,"{'criteria': [{'type': 'ETH_TYPE', 'ethType': '0x8942'}]}","{'instructions': [{'type': 'OUTPUT', 'port': 'CONTROLLER'}], 'clearDeferred': True, 'deferred': []}"
2026-06-08 17:01:56,of:000000000000000a,281477034268888,ADDED,40000,170,23688,175,org.onosproject.core,,,,,,"{'criteria': [{'type': 'ETH_TYPE', 'ethType': '0x88cc'}]}","{'instructions': [{'type': 'OUTPUT', 'port': 'CONTROLLER'}], 'clearDeferred': True, 'deferred': []}"
2026-06-08 17:01:56,of:000000000000000a,281478593105785,ADDED,40000,0,0,175,org.onosproject.core,,,,,,"{'criteria': [{'type': 'ETH_TYPE', 'ethType': '0x806'}]}","{'instructions': [{'type': 'OUTPUT', 'port': 'CONTROLLER'}], 'clearDeferred': True, 'deferred': []}"
2026-06-08 17:01:56,of:000000000000000b,281478277078534,ADDED,5,101,9898,175,org.onosproject.core,,,,,,"{'criteria': [{'type': 'ETH_TYPE', 'ethType': '0x800'}]}","{'instructions': [{'type': 'OUTPUT', 'port': 'CONTROLLER'}], 'clearDeferred': True, 'deferred': []}"
2026-06-08 17:01:56,of:000000000000000b,34902898369757081,ADDED,10,175,17150,174,org.onosproject.fwd,00:00:00:00:00:01,00:00:00:00:00:02,,,1,"{'criteria': [{'type': 'IN_PORT', 'port': 1}, {'type': 'ETH_DST', 'mac': '00:00:00:00:00:02'}, {'type': 'ETH_SRC', 'mac': '00:00:00:00:00:01'}]}","{'instructions': [{'type': 'OUTPUT', 'port': '5'}], 'deferred': []}"
2026-06-08 17:01:56,of:000000000000000b,34902898247549216,ADDED,10,172,16856,172,org.onosproject.fwd,00:00:00:00:00:02,00:00:00:00:00:01,,,4,"{'criteria': [{'type': 'IN_PORT', 'port': 4}, {'type': 'ETH_DST', 'mac': '00:00:00:00:00:01'}, {'type': 'ETH_SRC', 'mac': '00:00:00:00:00:02'}]}","{'instructions': [{'type': 'OUTPUT', 'port': '1'}], 'deferred': []}"
2026-06-08 17:01:56,of:000000000000000b,281476663695951,ADDED,40000,0,0,175,org.onosproject.core,,,,,,"{'criteria': [{'type': 'ETH_TYPE', 'ethType': '0x806'}]}","{'instructions': [{'type': 'OUTPUT', 'port': 'CONTROLLER'}], 'clearDeferred': True, 'deferred': []}"
2026-06-08 17:01:56,of:000000000000000b,281476573370203,ADDED,40000,348,48488,175,org.onosproject.core,,,,,,"{'criteria': [{'type': 'ETH_TYPE', 'ethType': '0x88cc'}]}","{'instructions': [{'type': 'OUTPUT', 'port': 'CONTROLLER'}], 'clearDeferred': True, 'deferred': []}"
2026-06-08 17:01:56,of:000000000000000b,281476205675487,ADDED,40000,348,48488,175,org.onosproject.core,,,,,,"{'criteria': [{'type': 'ETH_TYPE', 'ethType': '0x8942'}]}","{'instructions': [{'type': 'OUTPUT', 'port': 'CONTROLLER'}], 'clearDeferred': True, 'deferred': []}"
2026-06-08 17:01:56,of:0000000000000003,281478170942982,ADDED,5,93,9114,175,org.onosproject.core,,,,,,"{'criteria': [{'type': 'ETH_TYPE', 'ethType': '0x800'}]}","{'instructions': [{'type': 'OUTPUT', 'port': 'CONTROLLER'}], 'clearDeferred': True, 'deferred': []}"
2026-06-08 17:01:56,of:0000000000000003,34902901306865815,ADDED,10,199,19502,175,org.onosproject.fwd,00:00:00:00:00:01,00:00:00:00:00:02,,,1,"{'criteria': [{'type': 'IN_PORT', 'port': 1}, {'type': 'ETH_DST', 'mac': '00:00:00:00:00:02'}, {'type': 'ETH_SRC', 'mac': '00:00:00:00:00:01'}]}","{'instructions': [{'type': 'OUTPUT', 'port': '2'}], 'deferred': []}"
2026-06-08 17:01:56,of:0000000000000003,281476661728682,ADDED,40000,116,16182,175,org.onosproject.core,,,,,,"{'criteria': [{'type': 'ETH_TYPE', 'ethType': '0x88cc'}]}","{'instructions': [{'type': 'OUTPUT', 'port': 'CONTROLLER'}], 'clearDeferred': True, 'deferred': []}"
2026-06-08 17:01:56,of:0000000000000003,281477764386537,ADDED,40000,0,0,175,org.onosproject.core,,,,,,"{'criteria': [{'type': 'ETH_TYPE', 'ethType': '0x806'}]}","{'instructions': [{'type': 'OUTPUT', 'port': 'CONTROLLER'}], 'clearDeferred': True, 'deferred': []}"
2026-06-08 17:01:56,of:0000000000000003,281476156249461,ADDED,40000,116,16182,175,org.onosproject.core,,,,,,"{'criteria': [{'type': 'ETH_TYPE', 'ethType': '0x8942'}]}","{'instructions': [{'type': 'OUTPUT', 'port': 'CONTROLLER'}], 'clearDeferred': True, 'deferred': []}"
2026-06-08 17:01:56,of:0000000000000004,281475616213265,ADDED,40000,114,15902,175,org.onosproject.core,,,,,,"{'criteria': [{'type': 'ETH_TYPE', 'ethType': '0x88cc'}]}","{'instructions': [{'type': 'OUTPUT', 'port': 'CONTROLLER'}], 'clearDeferred': True, 'deferred': []}"
2026-06-08 17:01:56,of:0000000000000004,281475265228006,ADDED,40000,0,0,175,org.onosproject.core,,,,,,"{'criteria': [{'type': 'ETH_TYPE', 'ethType': '0x806'}]}","{'instructions': [{'type': 'OUTPUT', 'port': 'CONTROLLER'}], 'clearDeferred': True, 'deferred': []}"
2026-06-08 17:01:56,of:0000000000000004,281477141311986,ADDED,5,88,8624,175,org.onosproject.core,,,,,,"{'criteria': [{'type': 'ETH_TYPE', 'ethType': '0x800'}]}","{'instructions': [{'type': 'OUTPUT', 'port': 'CONTROLLER'}], 'clearDeferred': True, 'deferred': []}"
2026-06-08 17:01:56,of:0000000000000004,281476729151998,ADDED,40000,114,15902,175,org.onosproject.core,,,,,,"{'criteria': [{'type': 'ETH_TYPE', 'ethType': '0x8942'}]}","{'instructions': [{'type': 'OUTPUT', 'port': 'CONTROLLER'}], 'clearDeferred': True, 'deferred': []}"
2026-06-08 17:01:56,of:0000000000000001,281478909873038,ADDED,40000,0,0,175,org.onosproject.core,,,,,,"{'criteria': [{'type': 'ETH_TYPE', 'ethType': '0x806'}]}","{'instructions': [{'type': 'OUTPUT', 'port': 'CONTROLLER'}], 'clearDeferred': True, 'deferred': []}"
2026-06-08 17:01:56,of:0000000000000001,34902899196753573,ADDED,10,174,17052,174,org.onosproject.fwd,00:00:00:00:00:01,00:00:00:00:00:02,,,4,"{'criteria': [{'type': 'IN_PORT', 'port': 4}, {'type': 'ETH_DST', 'mac': '00:00:00:00:00:02'}, {'type': 'ETH_SRC', 'mac': '00:00:00:00:00:01'}]}","{'instructions': [{'type': 'OUTPUT', 'port': '1'}], 'deferred': []}"
2026-06-08 17:01:56,of:0000000000000001,34902898986035913,ADDED,10,184,18032,174,org.onosproject.fwd,00:00:00:00:00:02,00:00:00:00:00:01,,,1,"{'criteria': [{'type': 'IN_PORT', 'port': 1}, {'type': 'ETH_DST', 'mac': '00:00:00:00:00:01'}, {'type': 'ETH_SRC', 'mac': '00:00:00:00:00:02'}]}","{'instructions': [{'type': 'OUTPUT', 'port': '4'}], 'deferred': []}"
2026-06-08 17:01:56,of:0000000000000001,281477466379610,ADDED,40000,172,24080,175,org.onosproject.core,,,,,,"{'criteria': [{'type': 'ETH_TYPE', 'ethType': '0x88cc'}]}","{'instructions': [{'type': 'OUTPUT', 'port': 'CONTROLLER'}], 'clearDeferred': True, 'deferred': []}"
2026-06-08 17:01:56,of:0000000000000001,281475012051420,ADDED,5,76,7448,175,org.onosproject.core,,,,,,"{'criteria': [{'type': 'ETH_TYPE', 'ethType': '0x800'}]}","{'instructions': [{'type': 'OUTPUT', 'port': 'CONTROLLER'}], 'clearDeferred': True, 'deferred': []}"
2026-06-08 17:01:56,of:0000000000000001,281477029321583,ADDED,40000,172,24080,175,org.onosproject.core,,,,,,"{'criteria': [{'type': 'ETH_TYPE', 'ethType': '0x8942'}]}","{'instructions': [{'type': 'OUTPUT', 'port': 'CONTROLLER'}], 'clearDeferred': True, 'deferred': []}"
2026-06-08 17:01:56,of:0000000000000002,281478316350853,ADDED,40000,0,0,175,org.onosproject.core,,,,,,"{'criteria': [{'type': 'ETH_TYPE', 'ethType': '0x806'}]}","{'instructions': [{'type': 'OUTPUT', 'port': 'CONTROLLER'}], 'clearDeferred': True, 'deferred': []}"
2026-06-08 17:01:56,of:0000000000000002,281478673389323,ADDED,40000,116,16182,175,org.onosproject.core,,,,,,"{'criteria': [{'type': 'ETH_TYPE', 'ethType': '0x8942'}]}","{'instructions': [{'type': 'OUTPUT', 'port': 'CONTROLLER'}], 'clearDeferred': True, 'deferred': []}"
2026-06-08 17:01:56,of:0000000000000002,34902898441429785,ADDED,10,172,16856,172,org.onosproject.fwd,00:00:00:00:00:02,00:00:00:00:00:01,,,3,"{'criteria': [{'type': 'IN_PORT', 'port': 3}, {'type': 'ETH_DST', 'mac': '00:00:00:00:00:01'}, {'type': 'ETH_SRC', 'mac': '00:00:00:00:00:02'}]}","{'instructions': [{'type': 'OUTPUT', 'port': '1'}], 'deferred': []}"
2026-06-08 17:01:56,of:0000000000000002,34902899328279504,ADDED,10,204,19992,175,org.onosproject.fwd,00:00:00:00:00:01,00:00:00:00:00:02,,,2,"{'criteria': [{'type': 'IN_PORT', 'port': 2}, {'type': 'ETH_DST', 'mac': '00:00:00:00:00:02'}, {'type': 'ETH_SRC', 'mac': '00:00:00:00:00:01'}]}","{'instructions': [{'type': 'OUTPUT', 'port': '3'}], 'deferred': []}"
2026-06-08 17:01:56,of:0000000000000002,281475022575828,ADDED,40000,116,16182,175,org.onosproject.core,,,,,,"{'criteria': [{'type': 'ETH_TYPE', 'ethType': '0x88cc'}]}","{'instructions': [{'type': 'OUTPUT', 'port': 'CONTROLLER'}], 'clearDeferred': True, 'deferred': []}"
2026-06-08 17:01:56,of:0000000000000002,281475568191580,ADDED,5,47,4606,175,org.onosproject.core,,,,,,"{'criteria': [{'type': 'ETH_TYPE', 'ethType': '0x800'}]}","{'instructions': [{'type': 'OUTPUT', 'port': 'CONTROLLER'}], 'clearDeferred': True, 'deferred': []}"
2026-06-08 17:01:56,of:0000000000000007,281475652364572,ADDED,5,3,294,175,org.onosproject.core,,,,,,"{'criteria': [{'type': 'ETH_TYPE', 'ethType': '0x800'}]}","{'instructions': [{'type': 'OUTPUT', 'port': 'CONTROLLER'}], 'clearDeferred': True, 'deferred': []}"
2026-06-08 17:01:56,of:0000000000000007,281478438392611,ADDED,40000,0,0,175,org.onosproject.core,,,,,,"{'criteria': [{'type': 'ETH_TYPE', 'ethType': '0x806'}]}","{'instructions': [{'type': 'OUTPUT', 'port': 'CONTROLLER'}], 'clearDeferred': True, 'deferred': []}"
2026-06-08 17:01:56,of:0000000000000007,281476350262333,ADDED,40000,116,16240,175,org.onosproject.core,,,,,,"{'criteria': [{'type': 'ETH_TYPE', 'ethType': '0x8942'}]}","{'instructions': [{'type': 'OUTPUT', 'port': 'CONTROLLER'}], 'clearDeferred': True, 'deferred': []}"
2026-06-08 17:01:56,of:0000000000000007,281475000925130,ADDED,40000,116,16240,175,org.onosproject.core,,,,,,"{'criteria': [{'type': 'ETH_TYPE', 'ethType': '0x88cc'}]}","{'instructions': [{'type': 'OUTPUT', 'port': 'CONTROLLER'}], 'clearDeferred': True, 'deferred': []}"
2026-06-08 17:01:56,of:0000000000000008,281476059291414,ADDED,40000,0,0,175,org.onosproject.core,,,,,,"{'criteria': [{'type': 'ETH_TYPE', 'ethType': '0x806'}]}","{'instructions': [{'type': 'OUTPUT', 'port': 'CONTROLLER'}], 'clearDeferred': True, 'deferred': []}"
2026-06-08 17:01:56,of:0000000000000008,281476101349656,ADDED,40000,174,24244,175,org.onosproject.core,,,,,,"{'criteria': [{'type': 'ETH_TYPE', 'ethType': '0x88cc'}]}","{'instructions': [{'type': 'OUTPUT', 'port': 'CONTROLLER'}], 'clearDeferred': True, 'deferred': []}"
2026-06-08 17:01:56,of:0000000000000008,281476270708671,ADDED,40000,174,24244,175,org.onosproject.core,,,,,,"{'criteria': [{'type': 'ETH_TYPE', 'ethType': '0x8942'}]}","{'instructions': [{'type': 'OUTPUT', 'port': 'CONTROLLER'}], 'clearDeferred': True, 'deferred': []}"
2026-06-08 17:01:56,of:0000000000000008,34902898875781211,ADDED,10,196,19208,174,org.onosproject.fwd,00:00:00:00:00:01,00:00:00:00:00:02,,,3,"{'criteria': [{'type': 'IN_PORT', 'port': 3}, {'type': 'ETH_DST', 'mac': '00:00:00:00:00:02'}, {'type': 'ETH_SRC', 'mac': '00:00:00:00:00:01'}]}","{'instructions': [{'type': 'OUTPUT', 'port': '2'}], 'deferred': []}"
2026-06-08 17:01:56,of:0000000000000008,281476010895837,ADDED,5,141,13818,175,org.onosproject.core,,,,,,"{'criteria': [{'type': 'ETH_TYPE', 'ethType': '0x800'}]}","{'instructions': [{'type': 'OUTPUT', 'port': 'CONTROLLER'}], 'clearDeferred': True, 'deferred': []}"
2026-06-08 17:01:56,of:0000000000000005,281478762460478,ADDED,40000,0,0,175,org.onosproject.core,,,,,,"{'criteria': [{'type': 'ETH_TYPE', 'ethType': '0x806'}]}","{'instructions': [{'type': 'OUTPUT', 'port': 'CONTROLLER'}], 'clearDeferred': True, 'deferred': []}"
2026-06-08 17:01:56,of:0000000000000005,281478211273411,ADDED,40000,116,16182,175,org.onosproject.core,,,,,,"{'criteria': [{'type': 'ETH_TYPE', 'ethType': '0x8942'}]}","{'instructions': [{'type': 'OUTPUT', 'port': 'CONTROLLER'}], 'clearDeferred': True, 'deferred': []}"
2026-06-08 17:01:56,of:0000000000000005,281475117841124,ADDED,5,53,5194,175,org.onosproject.core,,,,,,"{'criteria': [{'type': 'ETH_TYPE', 'ethType': '0x800'}]}","{'instructions': [{'type': 'OUTPUT', 'port': 'CONTROLLER'}], 'clearDeferred': True, 'deferred': []}"
2026-06-08 17:01:56,of:0000000000000005,281478979269874,ADDED,40000,116,16182,175,org.onosproject.core,,,,,,"{'criteria': [{'type': 'ETH_TYPE', 'ethType': '0x88cc'}]}","{'instructions': [{'type': 'OUTPUT', 'port': 'CONTROLLER'}], 'clearDeferred': True, 'deferred': []}"
2026-06-08 17:01:56,of:0000000000000006,281475738574217,ADDED,40000,116,16240,175,org.onosproject.core,,,,,,"{'criteria': [{'type': 'ETH_TYPE', 'ethType': '0x88cc'}]}","{'instructions': [{'type': 'OUTPUT', 'port': 'CONTROLLER'}], 'clearDeferred': True, 'deferred': []}"
2026-06-08 17:01:56,of:0000000000000006,281476873293724,ADDED,40000,116,16240,175,org.onosproject.core,,,,,,"{'criteria': [{'type': 'ETH_TYPE', 'ethType': '0x8942'}]}","{'instructions': [{'type': 'OUTPUT', 'port': 'CONTROLLER'}], 'clearDeferred': True, 'deferred': []}"
2026-06-08 17:01:56,of:0000000000000006,281475411377083,ADDED,40000,0,0,175,org.onosproject.core,,,,,,"{'criteria': [{'type': 'ETH_TYPE', 'ethType': '0x806'}]}","{'instructions': [{'type': 'OUTPUT', 'port': 'CONTROLLER'}], 'clearDeferred': True, 'deferred': []}"
2026-06-08 17:01:56,of:0000000000000006,281478888449605,ADDED,5,3,294,175,org.onosproject.core,,,,,,"{'criteria': [{'type': 'ETH_TYPE', 'ethType': '0x800'}]}","{'instructions': [{'type': 'OUTPUT', 'port': 'CONTROLLER'}], 'clearDeferred': True, 'deferred': []}"
2026-06-08 17:01:56,of:0000000000000009,281478887649794,ADDED,40000,171,23826,175,org.onosproject.core,,,,,,"{'criteria': [{'type': 'ETH_TYPE', 'ethType': '0x88cc'}]}","{'instructions': [{'type': 'OUTPUT', 'port': 'CONTROLLER'}], 'clearDeferred': True, 'deferred': []}"
2026-06-08 17:01:56,of:0000000000000009,281474993990194,ADDED,5,66,6468,175,org.onosproject.core,,,,,,"{'criteria': [{'type': 'ETH_TYPE', 'ethType': '0x800'}]}","{'instructions': [{'type': 'OUTPUT', 'port': 'CONTROLLER'}], 'clearDeferred': True, 'deferred': []}"
2026-06-08 17:01:56,of:0000000000000009,281476295891648,ADDED,40000,171,23826,175,org.onosproject.core,,,,,,"{'criteria': [{'type': 'ETH_TYPE', 'ethType': '0x8942'}]}","{'instructions': [{'type': 'OUTPUT', 'port': 'CONTROLLER'}], 'clearDeferred': True, 'deferred': []}"
2026-06-08 17:01:56,of:0000000000000009,281479019932926,ADDED,40000,0,0,175,org.onosproject.core,,,,,,"{'criteria': [{'type': 'ETH_TYPE', 'ethType': '0x806'}]}","{'instructions': [{'type': 'OUTPUT', 'port': 'CONTROLLER'}], 'clearDeferred': True, 'deferred': []}"
2026-06-08 17:02:01,of:000000000000000c,281479100460205,ADDED,40000,358,49882,180,org.onosproject.core,,,,,,"{'criteria': [{'type': 'ETH_TYPE', 'ethType': '0x88cc'}]}","{'instructions': [{'type': 'OUTPUT', 'port': 'CONTROLLER'}], 'clearDeferred': True, 'deferred': []}"
2026-06-08 17:02:01,of:000000000000000c,281475624796078,ADDED,40000,358,49882,180,org.onosproject.core,,,,,,"{'criteria': [{'type': 'ETH_TYPE', 'ethType': '0x8942'}]}","{'instructions': [{'type': 'OUTPUT', 'port': 'CONTROLLER'}], 'clearDeferred': True, 'deferred': []}"
2026-06-08 17:02:01,of:000000000000000c,281477504901495,ADDED,40000,0,0,180,org.onosproject.core,,,,,,"{'criteria': [{'type': 'ETH_TYPE', 'ethType': '0x806'}]}","{'instructions': [{'type': 'OUTPUT', 'port': 'CONTROLLER'}], 'clearDeferred': True, 'deferred': []}"
2026-06-08 17:02:01,of:000000000000000c,281476292687096,ADDED,5,83,8134,180,org.onosproject.core,,,,,,"{'criteria': [{'type': 'ETH_TYPE', 'ethType': '0x800'}]}","{'instructions': [{'type': 'OUTPUT', 'port': 'CONTROLLER'}], 'clearDeferred': True, 'deferred': []}"
2026-06-08 17:02:01,of:000000000000000d,281478200287907,ADDED,40000,354,49384,180,org.onosproject.core,,,,,,"{'criteria': [{'type': 'ETH_TYPE', 'ethType': '0x88cc'}]}","{'instructions': [{'type': 'OUTPUT', 'port': 'CONTROLLER'}], 'clearDeferred': True, 'deferred': []}"
2026-06-08 17:02:01,of:000000000000000d,281478788468154,ADDED,5,83,8134,180,org.onosproject.core,,,,,,"{'criteria': [{'type': 'ETH_TYPE', 'ethType': '0x800'}]}","{'instructions': [{'type': 'OUTPUT', 'port': 'CONTROLLER'}], 'clearDeferred': True, 'deferred': []}"
2026-06-08 17:02:01,of:000000000000000d,281478012698825,ADDED,40000,354,49384,180,org.onosproject.core,,,,,,"{'criteria': [{'type': 'ETH_TYPE', 'ethType': '0x8942'}]}","{'instructions': [{'type': 'OUTPUT', 'port': 'CONTROLLER'}], 'clearDeferred': True, 'deferred': []}"
2026-06-08 17:02:01,of:000000000000000d,281476618808057,ADDED,40000,0,0,180,org.onosproject.core,,,,,,"{'criteria': [{'type': 'ETH_TYPE', 'ethType': '0x806'}]}","{'instructions': [{'type': 'OUTPUT', 'port': 'CONTROLLER'}], 'clearDeferred': True, 'deferred': []}"
2026-06-08 17:02:01,of:000000000000000a,281477705784245,ADDED,5,3,294,180,org.onosproject.core,,,,,,"{'criteria': [{'type': 'ETH_TYPE', 'ethType': '0x800'}]}","{'instructions': [{'type': 'OUTPUT', 'port': 'CONTROLLER'}], 'clearDeferred': True, 'deferred': []}"
2026-06-08 17:02:01,of:000000000000000a,281475818964416,ADDED,40000,176,24524,180,org.onosproject.core,,,,,,"{'criteria': [{'type': 'ETH_TYPE', 'ethType': '0x8942'}]}","{'instructions': [{'type': 'OUTPUT', 'port': 'CONTROLLER'}], 'clearDeferred': True, 'deferred': []}"
2026-06-08 17:02:01,of:000000000000000a,281477034268888,ADDED,40000,176,24524,180,org.onosproject.core,,,,,,"{'criteria': [{'type': 'ETH_TYPE', 'ethType': '0x88cc'}]}","{'instructions': [{'type': 'OUTPUT', 'port': 'CONTROLLER'}], 'clearDeferred': True, 'deferred': []}"
2026-06-08 17:02:01,of:000000000000000a,281478593105785,ADDED,40000,0,0,180,org.onosproject.core,,,,,,"{'criteria': [{'type': 'ETH_TYPE', 'ethType': '0x806'}]}","{'instructions': [{'type': 'OUTPUT', 'port': 'CONTROLLER'}], 'clearDeferred': True, 'deferred': []}"
2026-06-08 17:02:01,of:000000000000000b,281478277078534,ADDED,5,101,9898,180,org.onosproject.core,,,,,,"{'criteria': [{'type': 'ETH_TYPE', 'ethType': '0x800'}]}","{'instructions': [{'type': 'OUTPUT', 'port': 'CONTROLLER'}], 'clearDeferred': True, 'deferred': []}"
2026-06-08 17:02:01,of:000000000000000b,34902898369757081,ADDED,10,180,17640,179,org.onosproject.fwd,00:00:00:00:00:01,00:00:00:00:00:02,,,1,"{'criteria': [{'type': 'IN_PORT', 'port': 1}, {'type': 'ETH_DST', 'mac': '00:00:00:00:00:02'}, {'type': 'ETH_SRC', 'mac': '00:00:00:00:00:01'}]}","{'instructions': [{'type': 'OUTPUT', 'port': '5'}], 'deferred': []}"
2026-06-08 17:02:01,of:000000000000000b,34902898247549216,ADDED,10,177,17346,177,org.onosproject.fwd,00:00:00:00:00:02,00:00:00:00:00:01,,,4,"{'criteria': [{'type': 'IN_PORT', 'port': 4}, {'type': 'ETH_DST', 'mac': '00:00:00:00:00:01'}, {'type': 'ETH_SRC', 'mac': '00:00:00:00:00:02'}]}","{'instructions': [{'type': 'OUTPUT', 'port': '1'}], 'deferred': []}"
2026-06-08 17:02:01,of:000000000000000b,281476663695951,ADDED,40000,0,0,180,org.onosproject.core,,,,,,"{'criteria': [{'type': 'ETH_TYPE', 'ethType': '0x806'}]}","{'instructions': [{'type': 'OUTPUT', 'port': 'CONTROLLER'}], 'clearDeferred': True, 'deferred': []}"
2026-06-08 17:02:01,of:000000000000000b,281476573370203,ADDED,40000,360,50160,180,org.onosproject.core,,,,,,"{'criteria': [{'type': 'ETH_TYPE', 'ethType': '0x88cc'}]}","{'instructions': [{'type': 'OUTPUT', 'port': 'CONTROLLER'}], 'clearDeferred': True, 'deferred': []}"
2026-06-08 17:02:01,of:000000000000000b,281476205675487,ADDED,40000,360,50160,180,org.onosproject.core,,,,,,"{'criteria': [{'type': 'ETH_TYPE', 'ethType': '0x8942'}]}","{'instructions': [{'type': 'OUTPUT', 'port': 'CONTROLLER'}], 'clearDeferred': True, 'deferred': []}"
2026-06-08 17:02:01,of:0000000000000003,281478170942982,ADDED,5,93,9114,180,org.onosproject.core,,,,,,"{'criteria': [{'type': 'ETH_TYPE', 'ethType': '0x800'}]}","{'instructions': [{'type': 'OUTPUT', 'port': 'CONTROLLER'}], 'clearDeferred': True, 'deferred': []}"
2026-06-08 17:02:01,of:0000000000000003,34902901306865815,ADDED,10,204,19992,180,org.onosproject.fwd,00:00:00:00:00:01,00:00:00:00:00:02,,,1,"{'criteria': [{'type': 'IN_PORT', 'port': 1}, {'type': 'ETH_DST', 'mac': '00:00:00:00:00:02'}, {'type': 'ETH_SRC', 'mac': '00:00:00:00:00:01'}]}","{'instructions': [{'type': 'OUTPUT', 'port': '2'}], 'deferred': []}"
2026-06-08 17:02:01,of:0000000000000003,281476661728682,ADDED,40000,120,16740,180,org.onosproject.core,,,,,,"{'criteria': [{'type': 'ETH_TYPE', 'ethType': '0x88cc'}]}","{'instructions': [{'type': 'OUTPUT', 'port': 'CONTROLLER'}], 'clearDeferred': True, 'deferred': []}"
2026-06-08 17:02:01,of:0000000000000003,281477764386537,ADDED,40000,0,0,180,org.onosproject.core,,,,,,"{'criteria': [{'type': 'ETH_TYPE', 'ethType': '0x806'}]}","{'instructions': [{'type': 'OUTPUT', 'port': 'CONTROLLER'}], 'clearDeferred': True, 'deferred': []}"
2026-06-08 17:02:01,of:0000000000000003,281476156249461,ADDED,40000,120,16740,180,org.onosproject.core,,,,,,"{'criteria': [{'type': 'ETH_TYPE', 'ethType': '0x8942'}]}","{'instructions': [{'type': 'OUTPUT', 'port': 'CONTROLLER'}], 'clearDeferred': True, 'deferred': []}"
2026-06-08 17:02:01,of:0000000000000004,281475616213265,ADDED,40000,118,16460,180,org.onosproject.core,,,,,,"{'criteria': [{'type': 'ETH_TYPE', 'ethType': '0x88cc'}]}","{'instructions': [{'type': 'OUTPUT', 'port': 'CONTROLLER'}], 'clearDeferred': True, 'deferred': []}"
2026-06-08 17:02:01,of:0000000000000004,281475265228006,ADDED,40000,0,0,180,org.onosproject.core,,,,,,"{'criteria': [{'type': 'ETH_TYPE', 'ethType': '0x806'}]}","{'instructions': [{'type': 'OUTPUT', 'port': 'CONTROLLER'}], 'clearDeferred': True, 'deferred': []}"
2026-06-08 17:02:01,of:0000000000000004,281477141311986,ADDED,5,88,8624,180,org.onosproject.core,,,,,,"{'criteria': [{'type': 'ETH_TYPE', 'ethType': '0x800'}]}","{'instructions': [{'type': 'OUTPUT', 'port': 'CONTROLLER'}], 'clearDeferred': True, 'deferred': []}"
2026-06-08 17:02:01,of:0000000000000004,281476729151998,ADDED,40000,118,16460,180,org.onosproject.core,,,,,,"{'criteria': [{'type': 'ETH_TYPE', 'ethType': '0x8942'}]}","{'instructions': [{'type': 'OUTPUT', 'port': 'CONTROLLER'}], 'clearDeferred': True, 'deferred': []}"
2026-06-08 17:02:01,of:0000000000000001,281478909873038,ADDED,40000,0,0,180,org.onosproject.core,,,,,,"{'criteria': [{'type': 'ETH_TYPE', 'ethType': '0x806'}]}","{'instructions': [{'type': 'OUTPUT', 'port': 'CONTROLLER'}], 'clearDeferred': True, 'deferred': []}"
2026-06-08 17:02:01,of:0000000000000001,34902899196753573,ADDED,10,179,17542,179,org.onosproject.fwd,00:00:00:00:00:01,00:00:00:00:00:02,,,4,"{'criteria': [{'type': 'IN_PORT', 'port': 4}, {'type': 'ETH_DST', 'mac': '00:00:00:00:00:02'}, {'type': 'ETH_SRC', 'mac': '00:00:00:00:00:01'}]}","{'instructions': [{'type': 'OUTPUT', 'port': '1'}], 'deferred': []}"
2026-06-08 17:02:01,of:0000000000000001,34902898986035913,ADDED,10,189,18522,179,org.onosproject.fwd,00:00:00:00:00:02,00:00:00:00:00:01,,,1,"{'criteria': [{'type': 'IN_PORT', 'port': 1}, {'type': 'ETH_DST', 'mac': '00:00:00:00:00:01'}, {'type': 'ETH_SRC', 'mac': '00:00:00:00:00:02'}]}","{'instructions': [{'type': 'OUTPUT', 'port': '4'}], 'deferred': []}"
2026-06-08 17:02:01,of:0000000000000001,281477466379610,ADDED,40000,178,24920,180,org.onosproject.core,,,,,,"{'criteria': [{'type': 'ETH_TYPE', 'ethType': '0x88cc'}]}","{'instructions': [{'type': 'OUTPUT', 'port': 'CONTROLLER'}], 'clearDeferred': True, 'deferred': []}"
2026-06-08 17:02:01,of:0000000000000001,281475012051420,ADDED,5,76,7448,180,org.onosproject.core,,,,,,"{'criteria': [{'type': 'ETH_TYPE', 'ethType': '0x800'}]}","{'instructions': [{'type': 'OUTPUT', 'port': 'CONTROLLER'}], 'clearDeferred': True, 'deferred': []}"
2026-06-08 17:02:01,of:0000000000000001,281477029321583,ADDED,40000,178,24920,180,org.onosproject.core,,,,,,"{'criteria': [{'type': 'ETH_TYPE', 'ethType': '0x8942'}]}","{'instructions': [{'type': 'OUTPUT', 'port': 'CONTROLLER'}], 'clearDeferred': True, 'deferred': []}"
2026-06-08 17:02:01,of:0000000000000002,281478316350853,ADDED,40000,0,0,180,org.onosproject.core,,,,,,"{'criteria': [{'type': 'ETH_TYPE', 'ethType': '0x806'}]}","{'instructions': [{'type': 'OUTPUT', 'port': 'CONTROLLER'}], 'clearDeferred': True, 'deferred': []}"
2026-06-08 17:02:01,of:0000000000000002,281478673389323,ADDED,40000,120,16740,180,org.onosproject.core,,,,,,"{'criteria': [{'type': 'ETH_TYPE', 'ethType': '0x8942'}]}","{'instructions': [{'type': 'OUTPUT', 'port': 'CONTROLLER'}], 'clearDeferred': True, 'deferred': []}"
2026-06-08 17:02:01,of:0000000000000002,34902898441429785,ADDED,10,177,17346,177,org.onosproject.fwd,00:00:00:00:00:02,00:00:00:00:00:01,,,3,"{'criteria': [{'type': 'IN_PORT', 'port': 3}, {'type': 'ETH_DST', 'mac': '00:00:00:00:00:01'}, {'type': 'ETH_SRC', 'mac': '00:00:00:00:00:02'}]}","{'instructions': [{'type': 'OUTPUT', 'port': '1'}], 'deferred': []}"
2026-06-08 17:02:01,of:0000000000000002,34902899328279504,ADDED,10,209,20482,180,org.onosproject.fwd,00:00:00:00:00:01,00:00:00:00:00:02,,,2,"{'criteria': [{'type': 'IN_PORT', 'port': 2}, {'type': 'ETH_DST', 'mac': '00:00:00:00:00:02'}, {'type': 'ETH_SRC', 'mac': '00:00:00:00:00:01'}]}","{'instructions': [{'type': 'OUTPUT', 'port': '3'}], 'deferred': []}"
2026-06-08 17:02:01,of:0000000000000002,281475022575828,ADDED,40000,120,16740,180,org.onosproject.core,,,,,,"{'criteria': [{'type': 'ETH_TYPE', 'ethType': '0x88cc'}]}","{'instructions': [{'type': 'OUTPUT', 'port': 'CONTROLLER'}], 'clearDeferred': True, 'deferred': []}"
2026-06-08 17:02:01,of:0000000000000002,281475568191580,ADDED,5,47,4606,180,org.onosproject.core,,,,,,"{'criteria': [{'type': 'ETH_TYPE', 'ethType': '0x800'}]}","{'instructions': [{'type': 'OUTPUT', 'port': 'CONTROLLER'}], 'clearDeferred': True, 'deferred': []}"
2026-06-08 17:02:01,of:0000000000000007,281475652364572,ADDED,5,3,294,180,org.onosproject.core,,,,,,"{'criteria': [{'type': 'ETH_TYPE', 'ethType': '0x800'}]}","{'instructions': [{'type': 'OUTPUT', 'port': 'CONTROLLER'}], 'clearDeferred': True, 'deferred': []}"
2026-06-08 17:02:01,of:0000000000000007,281478438392611,ADDED,40000,0,0,180,org.onosproject.core,,,,,,"{'criteria': [{'type': 'ETH_TYPE', 'ethType': '0x806'}]}","{'instructions': [{'type': 'OUTPUT', 'port': 'CONTROLLER'}], 'clearDeferred': True, 'deferred': []}"
2026-06-08 17:02:01,of:0000000000000007,281476350262333,ADDED,40000,120,16800,180,org.onosproject.core,,,,,,"{'criteria': [{'type': 'ETH_TYPE', 'ethType': '0x8942'}]}","{'instructions': [{'type': 'OUTPUT', 'port': 'CONTROLLER'}], 'clearDeferred': True, 'deferred': []}"
2026-06-08 17:02:01,of:0000000000000007,281475000925130,ADDED,40000,120,16800,180,org.onosproject.core,,,,,,"{'criteria': [{'type': 'ETH_TYPE', 'ethType': '0x88cc'}]}","{'instructions': [{'type': 'OUTPUT', 'port': 'CONTROLLER'}], 'clearDeferred': True, 'deferred': []}"
2026-06-08 17:02:01,of:0000000000000008,281476059291414,ADDED,40000,0,0,180,org.onosproject.core,,,,,,"{'criteria': [{'type': 'ETH_TYPE', 'ethType': '0x806'}]}","{'instructions': [{'type': 'OUTPUT', 'port': 'CONTROLLER'}], 'clearDeferred': True, 'deferred': []}"
2026-06-08 17:02:01,of:0000000000000008,281476101349656,ADDED,40000,180,25080,180,org.onosproject.core,,,,,,"{'criteria': [{'type': 'ETH_TYPE', 'ethType': '0x88cc'}]}","{'instructions': [{'type': 'OUTPUT', 'port': 'CONTROLLER'}], 'clearDeferred': True, 'deferred': []}"
2026-06-08 17:02:01,of:0000000000000008,281476270708671,ADDED,40000,180,25080,180,org.onosproject.core,,,,,,"{'criteria': [{'type': 'ETH_TYPE', 'ethType': '0x8942'}]}","{'instructions': [{'type': 'OUTPUT', 'port': 'CONTROLLER'}], 'clearDeferred': True, 'deferred': []}"
2026-06-08 17:02:01,of:0000000000000008,34902898875781211,ADDED,10,201,19698,179,org.onosproject.fwd,00:00:00:00:00:01,00:00:00:00:00:02,,,3,"{'criteria': [{'type': 'IN_PORT', 'port': 3}, {'type': 'ETH_DST', 'mac': '00:00:00:00:00:02'}, {'type': 'ETH_SRC', 'mac': '00:00:00:00:00:01'}]}","{'instructions': [{'type': 'OUTPUT', 'port': '2'}], 'deferred': []}"
2026-06-08 17:02:01,of:0000000000000008,281476010895837,ADDED,5,141,13818,180,org.onosproject.core,,,,,,"{'criteria': [{'type': 'ETH_TYPE', 'ethType': '0x800'}]}","{'instructions': [{'type': 'OUTPUT', 'port': 'CONTROLLER'}], 'clearDeferred': True, 'deferred': []}"
2026-06-08 17:02:01,of:0000000000000005,281478762460478,ADDED,40000,0,0,180,org.onosproject.core,,,,,,"{'criteria': [{'type': 'ETH_TYPE', 'ethType': '0x806'}]}","{'instructions': [{'type': 'OUTPUT', 'port': 'CONTROLLER'}], 'clearDeferred': True, 'deferred': []}"
2026-06-08 17:02:01,of:0000000000000005,281478211273411,ADDED,40000,120,16740,180,org.onosproject.core,,,,,,"{'criteria': [{'type': 'ETH_TYPE', 'ethType': '0x8942'}]}","{'instructions': [{'type': 'OUTPUT', 'port': 'CONTROLLER'}], 'clearDeferred': True, 'deferred': []}"
2026-06-08 17:02:01,of:0000000000000005,281475117841124,ADDED,5,53,5194,180,org.onosproject.core,,,,,,"{'criteria': [{'type': 'ETH_TYPE', 'ethType': '0x800'}]}","{'instructions': [{'type': 'OUTPUT', 'port': 'CONTROLLER'}], 'clearDeferred': True, 'deferred': []}"
2026-06-08 17:02:01,of:0000000000000005,281478979269874,ADDED,40000,120,16740,180,org.onosproject.core,,,,,,"{'criteria': [{'type': 'ETH_TYPE', 'ethType': '0x88cc'}]}","{'instructions': [{'type': 'OUTPUT', 'port': 'CONTROLLER'}], 'clearDeferred': True, 'deferred': []}"
2026-06-08 17:02:01,of:0000000000000006,281475738574217,ADDED,40000,120,16800,180,org.onosproject.core,,,,,,"{'criteria': [{'type': 'ETH_TYPE', 'ethType': '0x88cc'}]}","{'instructions': [{'type': 'OUTPUT', 'port': 'CONTROLLER'}], 'clearDeferred': True, 'deferred': []}"
2026-06-08 17:02:01,of:0000000000000006,281476873293724,ADDED,40000,120,16800,180,org.onosproject.core,,,,,,"{'criteria': [{'type': 'ETH_TYPE', 'ethType': '0x8942'}]}","{'instructions': [{'type': 'OUTPUT', 'port': 'CONTROLLER'}], 'clearDeferred': True, 'deferred': []}"
2026-06-08 17:02:01,of:0000000000000006,281475411377083,ADDED,40000,0,0,180,org.onosproject.core,,,,,,"{'criteria': [{'type': 'ETH_TYPE', 'ethType': '0x806'}]}","{'instructions': [{'type': 'OUTPUT', 'port': 'CONTROLLER'}], 'clearDeferred': True, 'deferred': []}"
2026-06-08 17:02:01,of:0000000000000006,281478888449605,ADDED,5,3,294,180,org.onosproject.core,,,,,,"{'criteria': [{'type': 'ETH_TYPE', 'ethType': '0x800'}]}","{'instructions': [{'type': 'OUTPUT', 'port': 'CONTROLLER'}], 'clearDeferred': True, 'deferred': []}"
2026-06-08 17:02:01,of:0000000000000009,281478887649794,ADDED,40000,177,24662,180,org.onosproject.core,,,,,,"{'criteria': [{'type': 'ETH_TYPE', 'ethType': '0x88cc'}]}","{'instructions': [{'type': 'OUTPUT', 'port': 'CONTROLLER'}], 'clearDeferred': True, 'deferred': []}"
2026-06-08 17:02:01,of:0000000000000009,281474993990194,ADDED,5,66,6468,180,org.onosproject.core,,,,,,"{'criteria': [{'type': 'ETH_TYPE', 'ethType': '0x800'}]}","{'instructions': [{'type': 'OUTPUT', 'port': 'CONTROLLER'}], 'clearDeferred': True, 'deferred': []}"
2026-06-08 17:02:01,of:0000000000000009,281476295891648,ADDED,40000,177,24662,180,org.onosproject.core,,,,,,"{'criteria': [{'type': 'ETH_TYPE', 'ethType': '0x8942'}]}","{'instructions': [{'type': 'OUTPUT', 'port': 'CONTROLLER'}], 'clearDeferred': True, 'deferred': []}"
2026-06-08 17:02:01,of:0000000000000009,281479019932926,ADDED,40000,0,0,180,org.onosproject.core,,,,,,"{'criteria': [{'type': 'ETH_TYPE', 'ethType': '0x806'}]}","{'instructions': [{'type': 'OUTPUT', 'port': 'CONTROLLER'}], 'clearDeferred': True, 'deferred': []}"
