timestamp,connection_id,eth_src,eth_dst,ipv4_src,ipv4_dst,deviceId,flowId,packets,bytes,flow_life_sec,observed_active_age_sec,state
2026-06-08 16:59:00,00:00:00:00:00:01|00:00:00:00:00:02|None|None|of:000000000000000c,00:00:00:00:00:01,00:00:00:00:00:02,,,of:000000000000000c,34902899303410432,0,0,0,0.0,ADDED
2026-06-08 16:59:00,None|None|None|None|of:000000000000000c,,,,,of:000000000000000c,281479100460205,10,1394,0,0.0,ADDED
2026-06-08 16:59:00,None|None|None|None|of:000000000000000c,,,,,of:000000000000000c,281475624796078,10,1394,0,0.0,ADDED
2026-06-08 16:59:00,00:00:00:00:00:01|00:00:00:00:00:02|None|None|of:000000000000000c,00:00:00:00:00:01,00:00:00:00:00:02,,,of:000000000000000c,34902897676665659,0,0,0,0.0,ADDED
2026-06-08 16:59:00,00:00:00:00:00:01|00:00:00:00:00:02|None|None|of:000000000000000c,00:00:00:00:00:01,00:00:00:00:00:02,,,of:000000000000000c,34902898833863535,6,588,0,0.0,ADDED
2026-06-08 16:59:00,None|None|None|None|of:000000000000000c,,,,,of:000000000000000c,281477504901495,0,0,0,0.0,ADDED
2026-06-08 16:59:00,None|None|None|None|of:000000000000000c,,,,,of:000000000000000c,281476292687096,24,2352,0,0.0,ADDED
2026-06-08 16:59:00,00:00:00:00:00:01|00:00:00:00:00:02|None|None|of:000000000000000d,00:00:00:00:00:01,00:00:00:00:00:02,,,of:000000000000000d,34902897202334220,0,0,0,0.0,ADDED
2026-06-08 16:59:00,None|None|None|None|of:000000000000000d,,,,,of:000000000000000d,281478200287907,6,838,0,0.0,ADDED
2026-06-08 16:59:00,00:00:00:00:00:02|00:00:00:00:00:01|None|None|of:000000000000000d,00:00:00:00:00:02,00:00:00:00:00:01,,,of:000000000000000d,34902898983574437,0,0,0,0.0,PENDING_ADD
2026-06-08 16:59:00,00:00:00:00:00:01|00:00:00:00:00:02|None|None|of:000000000000000d,00:00:00:00:00:01,00:00:00:00:00:02,,,of:000000000000000d,34902897737059246,0,0,0,0.0,ADDED
2026-06-08 16:59:00,None|None|None|None|of:000000000000000d,,,,,of:000000000000000d,281478788468154,28,2744,0,0.0,ADDED
2026-06-08 16:59:00,None|None|None|None|of:000000000000000d,,,,,of:000000000000000d,281478012698825,6,838,0,0.0,ADDED
2026-06-08 16:59:00,00:00:00:00:00:02|00:00:00:00:00:01|None|None|of:000000000000000d,00:00:00:00:00:02,00:00:00:00:00:01,,,of:000000000000000d,34902898750873574,0,0,0,0.0,PENDING_ADD
2026-06-08 16:59:00,None|None|None|None|of:000000000000000d,,,,,of:000000000000000d,281476618808057,0,0,0,0.0,ADDED
2026-06-08 16:59:00,00:00:00:00:00:01|00:00:00:00:00:02|None|None|of:000000000000000d,00:00:00:00:00:01,00:00:00:00:00:02,,,of:000000000000000d,34902898450661242,0,0,0,0.0,ADDED
2026-06-08 16:59:00,None|None|None|None|of:000000000000000a,,,,,of:000000000000000a,281477705784245,3,294,0,0.0,ADDED
2026-06-08 16:59:00,None|None|None|None|of:000000000000000a,,,,,of:000000000000000a,281475818964416,2,280,0,0.0,ADDED
2026-06-08 16:59:00,None|None|None|None|of:000000000000000a,,,,,of:000000000000000a,281477034268888,2,280,0,0.0,ADDED
2026-06-08 16:59:00,None|None|None|None|of:000000000000000a,,,,,of:000000000000000a,281478593105785,0,0,0,0.0,ADDED
2026-06-08 16:59:00,00:00:00:00:00:01|00:00:00:00:00:02|None|None|of:000000000000000b,00:00:00:00:00:01,00:00:00:00:00:02,,,of:000000000000000b,34902897206428548,0,0,0,0.0,ADDED
2026-06-08 16:59:00,None|None|None|None|of:000000000000000b,,,,,of:000000000000000b,281478277078534,44,4312,0,0.0,ADDED
2026-06-08 16:59:00,00:00:00:00:00:01|00:00:00:00:00:02|None|None|of:000000000000000b,00:00:00:00:00:01,00:00:00:00:00:02,,,of:000000000000000b,34902898369757081,1,98,0,0.0,ADDED
2026-06-08 16:59:00,00:00:00:00:00:01|00:00:00:00:00:02|None|None|of:000000000000000b,00:00:00:00:00:01,00:00:00:00:00:02,,,of:000000000000000b,34902899522994218,15,1470,0,0.0,ADDED
2026-06-08 16:59:00,None|None|None|None|of:000000000000000b,,,,,of:000000000000000b,281476663695951,0,0,0,0.0,ADDED
2026-06-08 16:59:00,None|None|None|None|of:000000000000000b,,,,,of:000000000000000b,281476573370203,12,1672,0,0.0,ADDED
2026-06-08 16:59:00,None|None|None|None|of:000000000000000b,,,,,of:000000000000000b,281476205675487,12,1672,0,0.0,ADDED
2026-06-08 16:59:00,00:00:00:00:00:01|00:00:00:00:00:02|None|None|of:000000000000000b,00:00:00:00:00:01,00:00:00:00:00:02,,,of:000000000000000b,34902897950184551,2,196,0,0.0,ADDED
2026-06-08 16:59:00,None|None|None|None|of:0000000000000003,,,,,of:0000000000000003,281478170942982,23,2254,0,0.0,ADDED
2026-06-08 16:59:00,00:00:00:00:00:01|00:00:00:00:00:02|None|None|of:0000000000000003,00:00:00:00:00:01,00:00:00:00:00:02,,,of:0000000000000003,34902901306865815,25,2450,0,0.0,ADDED
2026-06-08 16:59:00,None|None|None|None|of:0000000000000003,,,,,of:0000000000000003,281476661728682,4,558,0,0.0,ADDED
2026-06-08 16:59:00,None|None|None|None|of:0000000000000003,,,,,of:0000000000000003,281477764386537,0,0,0,0.0,ADDED
2026-06-08 16:59:00,None|None|None|None|of:0000000000000003,,,,,of:0000000000000003,281476156249461,4,558,0,0.0,ADDED
2026-06-08 16:59:00,00:00:00:00:00:01|00:00:00:00:00:02|None|None|of:0000000000000004,00:00:00:00:00:01,00:00:00:00:00:02,,,of:0000000000000004,34902897777565059,0,0,0,0.0,ADDED
2026-06-08 16:59:00,None|None|None|None|of:0000000000000004,,,,,of:0000000000000004,281475616213265,2,278,0,0.0,ADDED
2026-06-08 16:59:00,00:00:00:00:00:02|00:00:00:00:00:01|None|None|of:0000000000000004,00:00:00:00:00:02,00:00:00:00:00:01,,,of:0000000000000004,34902897652261151,5,490,0,0.0,ADDED
2026-06-08 16:59:00,00:00:00:00:00:01|00:00:00:00:00:02|None|None|of:0000000000000004,00:00:00:00:00:01,00:00:00:00:00:02,,,of:0000000000000004,34902899110784439,1,98,0,0.0,ADDED
2026-06-08 16:59:00,None|None|None|None|of:0000000000000004,,,,,of:0000000000000004,281475265228006,0,0,0,0.0,ADDED
2026-06-08 16:59:00,None|None|None|None|of:0000000000000004,,,,,of:0000000000000004,281477141311986,13,1274,0,0.0,ADDED
2026-06-08 16:59:00,None|None|None|None|of:0000000000000004,,,,,of:0000000000000004,281476729151998,2,278,0,0.0,ADDED
2026-06-08 16:59:00,00:00:00:00:00:01|00:00:00:00:00:02|None|None|of:0000000000000001,00:00:00:00:00:01,00:00:00:00:00:02,,,of:0000000000000001,34902897526632845,0,0,0,0.0,ADDED
2026-06-08 16:59:00,None|None|None|None|of:0000000000000001,,,,,of:0000000000000001,281478909873038,0,0,0,0.0,ADDED
2026-06-08 16:59:00,00:00:00:00:00:02|00:00:00:00:00:01|None|None|of:0000000000000001,00:00:00:00:00:02,00:00:00:00:00:01,,,of:0000000000000001,34902898246926876,0,0,0,0.0,PENDING_ADD
2026-06-08 16:59:00,00:00:00:00:00:01|00:00:00:00:00:02|None|None|of:0000000000000001,00:00:00:00:00:01,00:00:00:00:00:02,,,of:0000000000000001,34902899196753573,0,0,0,0.0,PENDING_ADD
2026-06-08 16:59:00,00:00:00:00:00:02|00:00:00:00:00:01|None|None|of:0000000000000001,00:00:00:00:00:02,00:00:00:00:00:01,,,of:0000000000000001,34902899566969773,0,0,0,0.0,PENDING_ADD
2026-06-08 16:59:00,00:00:00:00:00:02|00:00:00:00:00:01|None|None|of:0000000000000001,00:00:00:00:00:02,00:00:00:00:00:01,,,of:0000000000000001,34902898986035913,0,0,0,0.0,PENDING_ADD
2026-06-08 16:59:00,None|None|None|None|of:0000000000000001,,,,,of:0000000000000001,281477466379610,4,560,0,0.0,ADDED
2026-06-08 16:59:00,None|None|None|None|of:0000000000000001,,,,,of:0000000000000001,281475012051420,20,1960,0,0.0,ADDED
2026-06-08 16:59:00,None|None|None|None|of:0000000000000001,,,,,of:0000000000000001,281477029321583,4,560,0,0.0,ADDED
2026-06-08 16:59:00,None|None|None|None|of:0000000000000002,,,,,of:0000000000000002,281478316350853,0,0,0,0.0,ADDED
2026-06-08 16:59:00,None|None|None|None|of:0000000000000002,,,,,of:0000000000000002,281478673389323,4,558,0,0.0,ADDED
2026-06-08 16:59:00,00:00:00:00:00:01|00:00:00:00:00:02|None|None|of:0000000000000002,00:00:00:00:00:01,00:00:00:00:00:02,,,of:0000000000000002,34902899328279504,30,2940,0,0.0,ADDED
2026-06-08 16:59:00,None|None|None|None|of:0000000000000002,,,,,of:0000000000000002,281475022575828,4,558,0,0.0,ADDED
2026-06-08 16:59:00,None|None|None|None|of:0000000000000002,,,,,of:0000000000000002,281475568191580,34,3332,0,0.0,ADDED
2026-06-08 16:59:00,None|None|None|None|of:0000000000000007,,,,,of:0000000000000007,281475652364572,2,196,0,0.0,ADDED
2026-06-08 16:59:00,None|None|None|None|of:0000000000000007,,,,,of:0000000000000007,281478438392611,0,0,0,0.0,ADDED
2026-06-08 16:59:00,None|None|None|None|of:0000000000000007,,,,,of:0000000000000007,281476350262333,2,280,0,0.0,ADDED
2026-06-08 16:59:00,None|None|None|None|of:0000000000000007,,,,,of:0000000000000007,281475000925130,2,280,0,0.0,ADDED
2026-06-08 16:59:00,None|None|None|None|of:0000000000000008,,,,,of:0000000000000008,281476059291414,0,0,0,0.0,ADDED
2026-06-08 16:59:00,None|None|None|None|of:0000000000000008,,,,,of:0000000000000008,281476101349656,6,836,0,0.0,ADDED
2026-06-08 16:59:00,None|None|None|None|of:0000000000000008,,,,,of:0000000000000008,281476270708671,6,836,0,0.0,ADDED
2026-06-08 16:59:00,00:00:00:00:00:01|00:00:00:00:00:02|None|None|of:0000000000000008,00:00:00:00:00:01,00:00:00:00:00:02,,,of:0000000000000008,34902898875781211,0,0,0,0.0,PENDING_ADD
2026-06-08 16:59:00,00:00:00:00:00:01|00:00:00:00:00:02|None|None|of:0000000000000008,00:00:00:00:00:01,00:00:00:00:00:02,,,of:0000000000000008,34902901305484251,0,0,0,0.0,ADDED
2026-06-08 16:59:00,None|None|None|None|of:0000000000000008,,,,,of:0000000000000008,281476010895837,47,4606,0,0.0,ADDED
2026-06-08 16:59:00,None|None|None|None|of:0000000000000005,,,,,of:0000000000000005,281478762460478,0,0,0,0.0,ADDED
2026-06-08 16:59:00,None|None|None|None|of:0000000000000005,,,,,of:0000000000000005,281478211273411,3,419,0,0.0,ADDED
2026-06-08 16:59:00,None|None|None|None|of:0000000000000005,,,,,of:0000000000000005,281475117841124,2,196,0,0.0,ADDED
2026-06-08 16:59:00,None|None|None|None|of:0000000000000005,,,,,of:0000000000000005,281478979269874,3,419,0,0.0,ADDED
2026-06-08 16:59:00,None|None|None|None|of:0000000000000006,,,,,of:0000000000000006,281475738574217,2,280,0,0.0,ADDED
2026-06-08 16:59:00,None|None|None|None|of:0000000000000006,,,,,of:0000000000000006,281476873293724,2,280,0,0.0,ADDED
2026-06-08 16:59:00,None|None|None|None|of:0000000000000006,,,,,of:0000000000000006,281475411377083,0,0,0,0.0,ADDED
2026-06-08 16:59:00,None|None|None|None|of:0000000000000006,,,,,of:0000000000000006,281478888449605,2,196,0,0.0,ADDED
2026-06-08 16:59:00,None|None|None|None|of:0000000000000009,,,,,of:0000000000000009,281478887649794,3,418,0,0.0,ADDED
2026-06-08 16:59:00,00:00:00:00:00:02|00:00:00:00:00:01|None|None|of:0000000000000009,00:00:00:00:00:02,00:00:00:00:00:01,,,of:0000000000000009,34902901355594755,0,0,0,0.0,PENDING_ADD
2026-06-08 16:59:00,None|None|None|None|of:0000000000000009,,,,,of:0000000000000009,281474993990194,31,3038,0,0.0,ADDED
2026-06-08 16:59:00,None|None|None|None|of:0000000000000009,,,,,of:0000000000000009,281476295891648,3,418,0,0.0,ADDED
2026-06-08 16:59:00,00:00:00:00:00:01|00:00:00:00:00:02|None|None|of:0000000000000009,00:00:00:00:00:01,00:00:00:00:00:02,,,of:0000000000000009,34902898630325073,0,0,0,0.0,ADDED
2026-06-08 16:59:00,00:00:00:00:00:01|00:00:00:00:00:02|None|None|of:0000000000000009,00:00:00:00:00:01,00:00:00:00:00:02,,,of:0000000000000009,34902900670637139,0,0,0,0.0,ADDED
2026-06-08 16:59:00,00:00:00:00:00:02|00:00:00:00:00:01|None|None|of:0000000000000009,00:00:00:00:00:02,00:00:00:00:00:01,,,of:0000000000000009,34902898191767029,0,0,0,0.0,PENDING_ADD
2026-06-08 16:59:00,None|None|None|None|of:0000000000000009,,,,,of:0000000000000009,281479019932926,0,0,0,0.0,ADDED
2026-06-08 16:59:00,00:00:00:00:00:01|00:00:00:00:00:02|None|None|of:0000000000000009,00:00:00:00:00:01,00:00:00:00:00:02,,,of:0000000000000009,34902899619228287,1,98,0,0.0,ADDED
2026-06-08 16:59:05,00:00:00:00:00:01|00:00:00:00:00:02|None|None|of:000000000000000c,00:00:00:00:00:01,00:00:00:00:00:02,,,of:000000000000000c,34902899303410432,0,0,5,5.08,ADDED
2026-06-08 16:59:05,None|None|None|None|of:000000000000000c,,,,,of:000000000000000c,281479100460205,16,2230,5,5.08,ADDED
2026-06-08 16:59:05,None|None|None|None|of:000000000000000c,,,,,of:000000000000000c,281475624796078,16,2230,5,5.08,ADDED
2026-06-08 16:59:05,00:00:00:00:00:01|00:00:00:00:00:02|None|None|of:000000000000000c,00:00:00:00:00:01,00:00:00:00:00:02,,,of:000000000000000c,34902897676665659,0,0,5,5.08,ADDED
2026-06-08 16:59:05,00:00:00:00:00:02|00:00:00:00:00:01|None|None|of:000000000000000c,00:00:00:00:00:02,00:00:00:00:00:01,,,of:000000000000000c,34902900239330154,0,0,2,0.0,ADDED
2026-06-08 16:59:05,00:00:00:00:00:01|00:00:00:00:00:02|None|None|of:000000000000000c,00:00:00:00:00:01,00:00:00:00:00:02,,,of:000000000000000c,34902898833863535,6,588,5,5.08,ADDED
2026-06-08 16:59:05,00:00:00:00:00:02|00:00:00:00:00:01|None|None|of:000000000000000c,00:00:00:00:00:02,00:00:00:00:00:01,,,of:000000000000000c,34902900769732214,0,0,2,0.0,ADDED
2026-06-08 16:59:05,None|None|None|None|of:000000000000000c,,,,,of:000000000000000c,281477504901495,0,0,5,5.08,ADDED
2026-06-08 16:59:05,None|None|None|None|of:000000000000000c,,,,,of:000000000000000c,281476292687096,83,8134,5,5.08,ADDED
2026-06-08 16:59:05,00:00:00:00:00:01|00:00:00:00:00:02|None|None|of:000000000000000d,00:00:00:00:00:01,00:00:00:00:00:02,,,of:000000000000000d,34902897202334220,0,0,5,5.08,ADDED
2026-06-08 16:59:05,None|None|None|None|of:000000000000000d,,,,,of:000000000000000d,281478200287907,12,1675,5,5.08,ADDED
2026-06-08 16:59:05,00:00:00:00:00:02|00:00:00:00:00:01|None|None|of:000000000000000d,00:00:00:00:00:02,00:00:00:00:00:01,,,of:000000000000000d,34902898983574437,9,882,4,5.08,ADDED
2026-06-08 16:59:05,00:00:00:00:00:01|00:00:00:00:00:02|None|None|of:000000000000000d,00:00:00:00:00:01,00:00:00:00:00:02,,,of:000000000000000d,34902897737059246,0,0,5,5.08,ADDED
2026-06-08 16:59:05,None|None|None|None|of:000000000000000d,,,,,of:000000000000000d,281478788468154,83,8134,5,5.08,ADDED
2026-06-08 16:59:05,None|None|None|None|of:000000000000000d,,,,,of:000000000000000d,281478012698825,12,1675,5,5.08,ADDED
2026-06-08 16:59:05,00:00:00:00:00:02|00:00:00:00:00:01|None|None|of:000000000000000d,00:00:00:00:00:02,00:00:00:00:00:01,,,of:000000000000000d,34902898750873574,9,882,4,5.08,ADDED
2026-06-08 16:59:05,None|None|None|None|of:000000000000000d,,,,,of:000000000000000d,281476618808057,0,0,5,5.08,ADDED
2026-06-08 16:59:05,00:00:00:00:00:01|00:00:00:00:00:02|None|None|of:000000000000000d,00:00:00:00:00:01,00:00:00:00:00:02,,,of:000000000000000d,34902898450661242,0,0,5,5.08,ADDED
2026-06-08 16:59:05,None|None|None|None|of:000000000000000a,,,,,of:000000000000000a,281477705784245,3,294,5,5.08,ADDED
2026-06-08 16:59:05,None|None|None|None|of:000000000000000a,,,,,of:000000000000000a,281475818964416,5,698,5,5.08,ADDED
2026-06-08 16:59:05,None|None|None|None|of:000000000000000a,,,,,of:000000000000000a,281477034268888,5,698,5,5.08,ADDED
2026-06-08 16:59:05,None|None|None|None|of:000000000000000a,,,,,of:000000000000000a,281478593105785,0,0,5,5.08,ADDED
2026-06-08 16:59:05,00:00:00:00:00:01|00:00:00:00:00:02|None|None|of:000000000000000b,00:00:00:00:00:01,00:00:00:00:00:02,,,of:000000000000000b,34902897206428548,0,0,5,5.08,ADDED
2026-06-08 16:59:05,None|None|None|None|of:000000000000000b,,,,,of:000000000000000b,281478277078534,101,9898,5,5.08,ADDED
2026-06-08 16:59:05,00:00:00:00:00:01|00:00:00:00:00:02|None|None|of:000000000000000b,00:00:00:00:00:01,00:00:00:00:00:02,,,of:000000000000000b,34902898369757081,6,588,4,5.08,ADDED
2026-06-08 16:59:05,00:00:00:00:00:02|00:00:00:00:00:01|None|None|of:000000000000000b,00:00:00:00:00:02,00:00:00:00:00:01,,,of:000000000000000b,34902898247549216,3,294,2,0.0,ADDED
2026-06-08 16:59:05,00:00:00:00:00:01|00:00:00:00:00:02|None|None|of:000000000000000b,00:00:00:00:00:01,00:00:00:00:00:02,,,of:000000000000000b,34902899522994218,15,1470,4,5.08,ADDED
2026-06-08 16:59:05,None|None|None|None|of:000000000000000b,,,,,of:000000000000000b,281476663695951,0,0,5,5.08,ADDED
2026-06-08 16:59:05,00:00:00:00:00:02|00:00:00:00:00:01|None|None|of:000000000000000b,00:00:00:00:00:02,00:00:00:00:00:01,,,of:000000000000000b,34902897663526614,1,98,2,0.0,ADDED
2026-06-08 16:59:05,None|None|None|None|of:000000000000000b,,,,,of:000000000000000b,281476573370203,18,2508,5,5.08,ADDED
2026-06-08 16:59:05,None|None|None|None|of:000000000000000b,,,,,of:000000000000000b,281476205675487,18,2508,5,5.08,ADDED
2026-06-08 16:59:05,00:00:00:00:00:01|00:00:00:00:00:02|None|None|of:000000000000000b,00:00:00:00:00:01,00:00:00:00:00:02,,,of:000000000000000b,34902897950184551,2,196,4,5.08,ADDED
2026-06-08 16:59:05,None|None|None|None|of:0000000000000003,,,,,of:0000000000000003,281478170942982,93,9114,5,5.08,ADDED
2026-06-08 16:59:05,00:00:00:00:00:01|00:00:00:00:00:02|None|None|of:0000000000000003,00:00:00:00:00:01,00:00:00:00:00:02,,,of:0000000000000003,34902901306865815,30,2940,5,5.08,ADDED
2026-06-08 16:59:05,None|None|None|None|of:0000000000000003,,,,,of:0000000000000003,281476661728682,6,837,5,5.08,ADDED
2026-06-08 16:59:05,None|None|None|None|of:0000000000000003,,,,,of:0000000000000003,281477764386537,0,0,5,5.08,ADDED
2026-06-08 16:59:05,None|None|None|None|of:0000000000000003,,,,,of:0000000000000003,281476156249461,6,837,5,5.08,ADDED
2026-06-08 16:59:05,00:00:00:00:00:02|00:00:00:00:00:01|None|None|of:0000000000000003,00:00:00:00:00:02,00:00:00:00:00:01,,,of:0000000000000003,34902899788514941,0,0,2,0.0,ADDED
2026-06-08 16:59:05,00:00:00:00:00:01|00:00:00:00:00:02|None|None|of:0000000000000004,00:00:00:00:00:01,00:00:00:00:00:02,,,of:0000000000000004,34902897777565059,0,0,5,5.08,ADDED
2026-06-08 16:59:05,None|None|None|None|of:0000000000000004,,,,,of:0000000000000004,281475616213265,4,557,5,5.08,ADDED
2026-06-08 16:59:05,00:00:00:00:00:02|00:00:00:00:00:01|None|None|of:0000000000000004,00:00:00:00:00:02,00:00:00:00:00:01,,,of:0000000000000004,34902897652261151,42,4116,5,5.08,ADDED
2026-06-08 16:59:05,00:00:00:00:00:01|00:00:00:00:00:02|None|None|of:0000000000000004,00:00:00:00:00:01,00:00:00:00:00:02,,,of:0000000000000004,34902899110784439,1,98,5,5.08,ADDED
2026-06-08 16:59:05,00:00:00:00:00:02|00:00:00:00:00:01|None|None|of:0000000000000004,00:00:00:00:00:02,00:00:00:00:00:01,,,of:0000000000000004,34902900595968087,0,0,2,5.08,ADDED
2026-06-08 16:59:05,None|None|None|None|of:0000000000000004,,,,,of:0000000000000004,281475265228006,0,0,5,5.08,ADDED
2026-06-08 16:59:05,None|None|None|None|of:0000000000000004,,,,,of:0000000000000004,281477141311986,88,8624,5,5.08,ADDED
2026-06-08 16:59:05,None|None|None|None|of:0000000000000004,,,,,of:0000000000000004,281476729151998,4,557,5,5.08,ADDED
2026-06-08 16:59:05,00:00:00:00:00:01|00:00:00:00:00:02|None|None|of:0000000000000001,00:00:00:00:00:01,00:00:00:00:00:02,,,of:0000000000000001,34902897526632845,0,0,5,5.08,ADDED
2026-06-08 16:59:05,None|None|None|None|of:0000000000000001,,,,,of:0000000000000001,281478909873038,0,0,5,5.08,ADDED
2026-06-08 16:59:05,00:00:00:00:00:02|00:00:00:00:00:01|None|None|of:0000000000000001,00:00:00:00:00:02,00:00:00:00:00:01,,,of:0000000000000001,34902898246926876,11,1078,4,5.08,ADDED
2026-06-08 16:59:05,00:00:00:00:00:01|00:00:00:00:00:02|None|None|of:0000000000000001,00:00:00:00:00:01,00:00:00:00:00:02,,,of:0000000000000001,34902899196753573,5,490,4,5.08,ADDED
2026-06-08 16:59:05,00:00:00:00:00:02|00:00:00:00:00:01|None|None|of:0000000000000001,00:00:00:00:00:02,00:00:00:00:00:01,,,of:0000000000000001,34902899566969773,19,1862,4,5.08,ADDED
2026-06-08 16:59:05,00:00:00:00:00:02|00:00:00:00:00:01|None|None|of:0000000000000001,00:00:00:00:00:02,00:00:00:00:00:01,,,of:0000000000000001,34902898986035913,15,1470,4,5.08,ADDED
2026-06-08 16:59:05,None|None|None|None|of:0000000000000001,,,,,of:0000000000000001,281477466379610,7,980,5,5.08,ADDED
2026-06-08 16:59:05,None|None|None|None|of:0000000000000001,,,,,of:0000000000000001,281475012051420,76,7448,5,5.08,ADDED
2026-06-08 16:59:05,None|None|None|None|of:0000000000000001,,,,,of:0000000000000001,281477029321583,7,980,5,5.08,ADDED
2026-06-08 16:59:05,None|None|None|None|of:0000000000000002,,,,,of:0000000000000002,281478316350853,0,0,5,5.08,ADDED
2026-06-08 16:59:05,None|None|None|None|of:0000000000000002,,,,,of:0000000000000002,281478673389323,6,837,5,5.08,ADDED
2026-06-08 16:59:05,00:00:00:00:00:02|00:00:00:00:00:01|None|None|of:0000000000000002,00:00:00:00:00:02,00:00:00:00:00:01,,,of:0000000000000002,34902898441429785,3,294,2,0.0,ADDED
2026-06-08 16:59:05,00:00:00:00:00:02|00:00:00:00:00:01|None|None|of:0000000000000002,00:00:00:00:00:02,00:00:00:00:00:01,,,of:0000000000000002,34902897208073662,0,0,2,0.0,ADDED
2026-06-08 16:59:05,00:00:00:00:00:01|00:00:00:00:00:02|None|None|of:0000000000000002,00:00:00:00:00:01,00:00:00:00:00:02,,,of:0000000000000002,34902899328279504,35,3430,5,5.08,ADDED
2026-06-08 16:59:05,None|None|None|None|of:0000000000000002,,,,,of:0000000000000002,281475022575828,6,837,5,5.08,ADDED
2026-06-08 16:59:05,None|None|None|None|of:0000000000000002,,,,,of:0000000000000002,281475568191580,47,4606,5,5.08,ADDED
2026-06-08 16:59:05,00:00:00:00:00:02|00:00:00:00:00:01|None|None|of:0000000000000002,00:00:00:00:00:02,00:00:00:00:00:01,,,of:0000000000000002,34902897244613097,0,0,2,0.0,ADDED
2026-06-08 16:59:05,None|None|None|None|of:0000000000000007,,,,,of:0000000000000007,281475652364572,3,294,5,5.08,ADDED
2026-06-08 16:59:05,None|None|None|None|of:0000000000000007,,,,,of:0000000000000007,281478438392611,0,0,5,5.08,ADDED
2026-06-08 16:59:05,None|None|None|None|of:0000000000000007,,,,,of:0000000000000007,281476350262333,6,840,5,5.08,ADDED
2026-06-08 16:59:05,None|None|None|None|of:0000000000000007,,,,,of:0000000000000007,281475000925130,6,840,5,5.08,ADDED
2026-06-08 16:59:05,None|None|None|None|of:0000000000000008,,,,,of:0000000000000008,281476059291414,0,0,5,5.08,ADDED
2026-06-08 16:59:05,None|None|None|None|of:0000000000000008,,,,,of:0000000000000008,281476101349656,9,1254,5,5.08,ADDED
2026-06-08 16:59:05,00:00:00:00:00:02|00:00:00:00:00:01|None|None|of:0000000000000008,00:00:00:00:00:02,00:00:00:00:00:01,,,of:0000000000000008,34902900725892896,0,0,2,0.0,ADDED
2026-06-08 16:59:05,None|None|None|None|of:0000000000000008,,,,,of:0000000000000008,281476270708671,9,1254,5,5.08,ADDED
2026-06-08 16:59:05,00:00:00:00:00:01|00:00:00:00:00:02|None|None|of:0000000000000008,00:00:00:00:00:01,00:00:00:00:00:02,,,of:0000000000000008,34902898875781211,27,2646,4,5.08,ADDED
2026-06-08 16:59:05,00:00:00:00:00:01|00:00:00:00:00:02|None|None|of:0000000000000008,00:00:00:00:00:01,00:00:00:00:00:02,,,of:0000000000000008,34902901305484251,0,0,5,5.08,ADDED
2026-06-08 16:59:05,None|None|None|None|of:0000000000000008,,,,,of:0000000000000008,281476010895837,141,13818,5,5.08,ADDED
2026-06-08 16:59:05,00:00:00:00:00:02|00:00:00:00:00:01|None|None|of:0000000000000008,00:00:00:00:00:02,00:00:00:00:00:01,,,of:0000000000000008,34902901039911662,0,0,2,0.0,ADDED
2026-06-08 16:59:05,00:00:00:00:00:02|00:00:00:00:00:01|None|None|of:0000000000000008,00:00:00:00:00:02,00:00:00:00:00:01,,,of:0000000000000008,34902899716590458,0,0,2,0.0,ADDED
2026-06-08 16:59:05,None|None|None|None|of:0000000000000005,,,,,of:0000000000000005,281478762460478,0,0,5,5.08,ADDED
2026-06-08 16:59:05,None|None|None|None|of:0000000000000005,,,,,of:0000000000000005,281478211273411,6,837,5,5.08,ADDED
2026-06-08 16:59:05,None|None|None|None|of:0000000000000005,,,,,of:0000000000000005,281475117841124,53,5194,5,5.08,ADDED
2026-06-08 16:59:05,None|None|None|None|of:0000000000000005,,,,,of:0000000000000005,281478979269874,6,837,5,5.08,ADDED
2026-06-08 16:59:05,None|None|None|None|of:0000000000000006,,,,,of:0000000000000006,281475738574217,6,840,5,5.08,ADDED
2026-06-08 16:59:05,None|None|None|None|of:0000000000000006,,,,,of:0000000000000006,281476873293724,6,840,5,5.08,ADDED
2026-06-08 16:59:05,None|None|None|None|of:0000000000000006,,,,,of:0000000000000006,281475411377083,0,0,5,5.08,ADDED
2026-06-08 16:59:05,None|None|None|None|of:0000000000000006,,,,,of:0000000000000006,281478888449605,3,294,5,5.08,ADDED
2026-06-08 16:59:05,None|None|None|None|of:0000000000000009,,,,,of:0000000000000009,281478887649794,6,836,5,5.08,ADDED
2026-06-08 16:59:05,00:00:00:00:00:02|00:00:00:00:00:01|None|None|of:0000000000000009,00:00:00:00:00:02,00:00:00:00:00:01,,,of:0000000000000009,34902901355594755,20,1960,4,5.08,ADDED
2026-06-08 16:59:05,None|None|None|None|of:0000000000000009,,,,,of:0000000000000009,281474993990194,66,6468,5,5.08,ADDED
2026-06-08 16:59:05,00:00:00:00:00:02|00:00:00:00:00:01|None|None|of:0000000000000009,00:00:00:00:00:02,00:00:00:00:00:01,,,of:0000000000000009,34902897501809586,8,784,2,5.08,ADDED
2026-06-08 16:59:05,None|None|None|None|of:0000000000000009,,,,,of:0000000000000009,281476295891648,6,836,5,5.08,ADDED
2026-06-08 16:59:05,00:00:00:00:00:01|00:00:00:00:00:02|None|None|of:0000000000000009,00:00:00:00:00:01,00:00:00:00:00:02,,,of:0000000000000009,34902898630325073,0,0,5,5.08,ADDED
2026-06-08 16:59:05,00:00:00:00:00:01|00:00:00:00:00:02|None|None|of:0000000000000009,00:00:00:00:00:01,00:00:00:00:00:02,,,of:0000000000000009,34902900670637139,0,0,5,5.08,ADDED
2026-06-08 16:59:05,00:00:00:00:00:02|00:00:00:00:00:01|None|None|of:0000000000000009,00:00:00:00:00:02,00:00:00:00:00:01,,,of:0000000000000009,34902898191767029,39,3822,4,5.08,ADDED
2026-06-08 16:59:05,None|None|None|None|of:0000000000000009,,,,,of:0000000000000009,281479019932926,0,0,5,5.08,ADDED
2026-06-08 16:59:05,00:00:00:00:00:01|00:00:00:00:00:02|None|None|of:0000000000000009,00:00:00:00:00:01,00:00:00:00:00:02,,,of:0000000000000009,34902899619228287,1,98,5,5.08,ADDED
2026-06-08 16:59:10,None|None|None|None|of:000000000000000c,,,,,of:000000000000000c,281479100460205,28,3902,10,10.14,ADDED
2026-06-08 16:59:10,None|None|None|None|of:000000000000000c,,,,,of:000000000000000c,281475624796078,28,3902,10,10.14,ADDED
2026-06-08 16:59:10,00:00:00:00:00:02|00:00:00:00:00:01|None|None|of:000000000000000c,00:00:00:00:00:02,00:00:00:00:00:01,,,of:000000000000000c,34902900239330154,0,0,7,5.06,ADDED
2026-06-08 16:59:10,00:00:00:00:00:01|00:00:00:00:00:02|None|None|of:000000000000000c,00:00:00:00:00:01,00:00:00:00:00:02,,,of:000000000000000c,34902898833863535,6,588,10,10.14,ADDED
2026-06-08 16:59:10,00:00:00:00:00:02|00:00:00:00:00:01|None|None|of:000000000000000c,00:00:00:00:00:02,00:00:00:00:00:01,,,of:000000000000000c,34902900769732214,0,0,7,5.06,ADDED
2026-06-08 16:59:10,None|None|None|None|of:000000000000000c,,,,,of:000000000000000c,281477504901495,0,0,10,10.14,ADDED
2026-06-08 16:59:10,None|None|None|None|of:000000000000000c,,,,,of:000000000000000c,281476292687096,83,8134,10,10.14,ADDED
2026-06-08 16:59:10,None|None|None|None|of:000000000000000d,,,,,of:000000000000000d,281478200287907,24,3349,10,10.14,ADDED
2026-06-08 16:59:10,00:00:00:00:00:02|00:00:00:00:00:01|None|None|of:000000000000000d,00:00:00:00:00:02,00:00:00:00:00:01,,,of:000000000000000d,34902898983574437,9,882,9,10.14,ADDED
2026-06-08 16:59:10,None|None|None|None|of:000000000000000d,,,,,of:000000000000000d,281478788468154,83,8134,10,10.14,ADDED
2026-06-08 16:59:10,None|None|None|None|of:000000000000000d,,,,,of:000000000000000d,281478012698825,24,3349,10,10.14,ADDED
2026-06-08 16:59:10,00:00:00:00:00:02|00:00:00:00:00:01|None|None|of:000000000000000d,00:00:00:00:00:02,00:00:00:00:00:01,,,of:000000000000000d,34902898750873574,9,882,9,10.14,ADDED
2026-06-08 16:59:10,None|None|None|None|of:000000000000000d,,,,,of:000000000000000d,281476618808057,0,0,10,10.14,ADDED
2026-06-08 16:59:10,None|None|None|None|of:000000000000000a,,,,,of:000000000000000a,281477705784245,3,294,10,10.14,ADDED
2026-06-08 16:59:10,None|None|None|None|of:000000000000000a,,,,,of:000000000000000a,281475818964416,11,1534,10,10.14,ADDED
2026-06-08 16:59:10,None|None|None|None|of:000000000000000a,,,,,of:000000000000000a,281477034268888,11,1534,10,10.14,ADDED
2026-06-08 16:59:10,None|None|None|None|of:000000000000000a,,,,,of:000000000000000a,281478593105785,0,0,10,10.14,ADDED
2026-06-08 16:59:10,None|None|None|None|of:000000000000000b,,,,,of:000000000000000b,281478277078534,101,9898,10,10.14,ADDED
2026-06-08 16:59:10,00:00:00:00:00:01|00:00:00:00:00:02|None|None|of:000000000000000b,00:00:00:00:00:01,00:00:00:00:00:02,,,of:000000000000000b,34902898369757081,11,1078,9,10.14,ADDED
2026-06-08 16:59:10,00:00:00:00:00:02|00:00:00:00:00:01|None|None|of:000000000000000b,00:00:00:00:00:02,00:00:00:00:00:01,,,of:000000000000000b,34902898247549216,8,784,7,5.06,ADDED
2026-06-08 16:59:10,00:00:00:00:00:01|00:00:00:00:00:02|None|None|of:000000000000000b,00:00:00:00:00:01,00:00:00:00:00:02,,,of:000000000000000b,34902899522994218,15,1470,9,10.14,ADDED
2026-06-08 16:59:10,None|None|None|None|of:000000000000000b,,,,,of:000000000000000b,281476663695951,0,0,10,10.14,ADDED
2026-06-08 16:59:10,00:00:00:00:00:02|00:00:00:00:00:01|None|None|of:000000000000000b,00:00:00:00:00:02,00:00:00:00:00:01,,,of:000000000000000b,34902897663526614,1,98,7,5.06,ADDED
2026-06-08 16:59:10,None|None|None|None|of:000000000000000b,,,,,of:000000000000000b,281476573370203,30,4180,10,10.14,ADDED
2026-06-08 16:59:10,None|None|None|None|of:000000000000000b,,,,,of:000000000000000b,281476205675487,30,4180,10,10.14,ADDED
2026-06-08 16:59:10,00:00:00:00:00:01|00:00:00:00:00:02|None|None|of:000000000000000b,00:00:00:00:00:01,00:00:00:00:00:02,,,of:000000000000000b,34902897950184551,2,196,9,10.14,ADDED
2026-06-08 16:59:10,None|None|None|None|of:0000000000000003,,,,,of:0000000000000003,281478170942982,93,9114,10,10.14,ADDED
2026-06-08 16:59:10,00:00:00:00:00:01|00:00:00:00:00:02|None|None|of:0000000000000003,00:00:00:00:00:01,00:00:00:00:00:02,,,of:0000000000000003,34902901306865815,35,3430,10,10.14,ADDED
2026-06-08 16:59:10,None|None|None|None|of:0000000000000003,,,,,of:0000000000000003,281476661728682,10,1395,10,10.14,ADDED
2026-06-08 16:59:10,None|None|None|None|of:0000000000000003,,,,,of:0000000000000003,281477764386537,0,0,10,10.14,ADDED
2026-06-08 16:59:10,None|None|None|None|of:0000000000000003,,,,,of:0000000000000003,281476156249461,10,1395,10,10.14,ADDED
2026-06-08 16:59:10,00:00:00:00:00:02|00:00:00:00:00:01|None|None|of:0000000000000003,00:00:00:00:00:02,00:00:00:00:00:01,,,of:0000000000000003,34902899788514941,0,0,7,5.06,ADDED
2026-06-08 16:59:10,None|None|None|None|of:0000000000000004,,,,,of:0000000000000004,281475616213265,8,1115,10,10.14,ADDED
2026-06-08 16:59:10,00:00:00:00:00:02|00:00:00:00:00:01|None|None|of:0000000000000004,00:00:00:00:00:02,00:00:00:00:00:01,,,of:0000000000000004,34902897652261151,42,4116,10,10.14,ADDED
2026-06-08 16:59:10,00:00:00:00:00:01|00:00:00:00:00:02|None|None|of:0000000000000004,00:00:00:00:00:01,00:00:00:00:00:02,,,of:0000000000000004,34902899110784439,1,98,10,10.14,ADDED
2026-06-08 16:59:10,00:00:00:00:00:02|00:00:00:00:00:01|None|None|of:0000000000000004,00:00:00:00:00:02,00:00:00:00:00:01,,,of:0000000000000004,34902900595968087,0,0,7,10.14,ADDED
2026-06-08 16:59:10,None|None|None|None|of:0000000000000004,,,,,of:0000000000000004,281475265228006,0,0,10,10.14,ADDED
2026-06-08 16:59:10,None|None|None|None|of:0000000000000004,,,,,of:0000000000000004,281477141311986,88,8624,10,10.14,ADDED
2026-06-08 16:59:10,None|None|None|None|of:0000000000000004,,,,,of:0000000000000004,281476729151998,8,1115,10,10.14,ADDED
2026-06-08 16:59:10,None|None|None|None|of:0000000000000001,,,,,of:0000000000000001,281478909873038,0,0,10,10.14,ADDED
2026-06-08 16:59:10,00:00:00:00:00:02|00:00:00:00:00:01|None|None|of:0000000000000001,00:00:00:00:00:02,00:00:00:00:00:01,,,of:0000000000000001,34902898246926876,11,1078,9,10.14,ADDED
2026-06-08 16:59:10,00:00:00:00:00:01|00:00:00:00:00:02|None|None|of:0000000000000001,00:00:00:00:00:01,00:00:00:00:00:02,,,of:0000000000000001,34902899196753573,10,980,9,10.14,ADDED
2026-06-08 16:59:10,00:00:00:00:00:02|00:00:00:00:00:01|None|None|of:0000000000000001,00:00:00:00:00:02,00:00:00:00:00:01,,,of:0000000000000001,34902899566969773,19,1862,9,10.14,ADDED
2026-06-08 16:59:10,00:00:00:00:00:02|00:00:00:00:00:01|None|None|of:0000000000000001,00:00:00:00:00:02,00:00:00:00:00:01,,,of:0000000000000001,34902898986035913,20,1960,9,10.14,ADDED
2026-06-08 16:59:10,None|None|None|None|of:0000000000000001,,,,,of:0000000000000001,281477466379610,13,1820,10,10.14,ADDED
2026-06-08 16:59:10,None|None|None|None|of:0000000000000001,,,,,of:0000000000000001,281475012051420,76,7448,10,10.14,ADDED
2026-06-08 16:59:10,None|None|None|None|of:0000000000000001,,,,,of:0000000000000001,281477029321583,13,1820,10,10.14,ADDED
2026-06-08 16:59:10,None|None|None|None|of:0000000000000002,,,,,of:0000000000000002,281478316350853,0,0,10,10.14,ADDED
2026-06-08 16:59:10,None|None|None|None|of:0000000000000002,,,,,of:0000000000000002,281478673389323,10,1395,10,10.14,ADDED
2026-06-08 16:59:10,00:00:00:00:00:02|00:00:00:00:00:01|None|None|of:0000000000000002,00:00:00:00:00:02,00:00:00:00:00:01,,,of:0000000000000002,34902898441429785,8,784,7,5.06,ADDED
2026-06-08 16:59:10,00:00:00:00:00:02|00:00:00:00:00:01|None|None|of:0000000000000002,00:00:00:00:00:02,00:00:00:00:00:01,,,of:0000000000000002,34902897208073662,0,0,7,5.06,ADDED
2026-06-08 16:59:10,00:00:00:00:00:01|00:00:00:00:00:02|None|None|of:0000000000000002,00:00:00:00:00:01,00:00:00:00:00:02,,,of:0000000000000002,34902899328279504,40,3920,10,10.14,ADDED
2026-06-08 16:59:10,None|None|None|None|of:0000000000000002,,,,,of:0000000000000002,281475022575828,10,1395,10,10.14,ADDED
2026-06-08 16:59:10,None|None|None|None|of:0000000000000002,,,,,of:0000000000000002,281475568191580,47,4606,10,10.14,ADDED
2026-06-08 16:59:10,00:00:00:00:00:02|00:00:00:00:00:01|None|None|of:0000000000000002,00:00:00:00:00:02,00:00:00:00:00:01,,,of:0000000000000002,34902897244613097,0,0,7,5.06,ADDED
2026-06-08 16:59:10,None|None|None|None|of:0000000000000007,,,,,of:0000000000000007,281475652364572,3,294,10,10.14,ADDED
2026-06-08 16:59:10,None|None|None|None|of:0000000000000007,,,,,of:0000000000000007,281478438392611,0,0,10,10.14,ADDED
2026-06-08 16:59:10,None|None|None|None|of:0000000000000007,,,,,of:0000000000000007,281476350262333,10,1400,10,10.14,ADDED
2026-06-08 16:59:10,None|None|None|None|of:0000000000000007,,,,,of:0000000000000007,281475000925130,10,1400,10,10.14,ADDED
2026-06-08 16:59:10,None|None|None|None|of:0000000000000008,,,,,of:0000000000000008,281476059291414,0,0,10,10.14,ADDED
2026-06-08 16:59:10,None|None|None|None|of:0000000000000008,,,,,of:0000000000000008,281476101349656,15,2090,10,10.14,ADDED
2026-06-08 16:59:10,00:00:00:00:00:02|00:00:00:00:00:01|None|None|of:0000000000000008,00:00:00:00:00:02,00:00:00:00:00:01,,,of:0000000000000008,34902900725892896,0,0,7,5.06,ADDED
2026-06-08 16:59:10,None|None|None|None|of:0000000000000008,,,,,of:0000000000000008,281476270708671,15,2090,10,10.14,ADDED
2026-06-08 16:59:10,00:00:00:00:00:01|00:00:00:00:00:02|None|None|of:0000000000000008,00:00:00:00:00:01,00:00:00:00:00:02,,,of:0000000000000008,34902898875781211,32,3136,9,10.14,ADDED
2026-06-08 16:59:10,None|None|None|None|of:0000000000000008,,,,,of:0000000000000008,281476010895837,141,13818,10,10.14,ADDED
2026-06-08 16:59:10,00:00:00:00:00:02|00:00:00:00:00:01|None|None|of:0000000000000008,00:00:00:00:00:02,00:00:00:00:00:01,,,of:0000000000000008,34902901039911662,0,0,7,5.06,ADDED
2026-06-08 16:59:10,00:00:00:00:00:02|00:00:00:00:00:01|None|None|of:0000000000000008,00:00:00:00:00:02,00:00:00:00:00:01,,,of:0000000000000008,34902899716590458,0,0,7,5.06,ADDED
2026-06-08 16:59:10,None|None|None|None|of:0000000000000005,,,,,of:0000000000000005,281478762460478,0,0,10,10.14,ADDED
2026-06-08 16:59:10,None|None|None|None|of:0000000000000005,,,,,of:0000000000000005,281478211273411,10,1395,10,10.14,ADDED
2026-06-08 16:59:10,None|None|None|None|of:0000000000000005,,,,,of:0000000000000005,281475117841124,53,5194,10,10.14,ADDED
2026-06-08 16:59:10,None|None|None|None|of:0000000000000005,,,,,of:0000000000000005,281478979269874,10,1395,10,10.14,ADDED
2026-06-08 16:59:10,None|None|None|None|of:0000000000000006,,,,,of:0000000000000006,281475738574217,10,1400,10,10.14,ADDED
2026-06-08 16:59:10,None|None|None|None|of:0000000000000006,,,,,of:0000000000000006,281476873293724,10,1400,10,10.14,ADDED
2026-06-08 16:59:10,None|None|None|None|of:0000000000000006,,,,,of:0000000000000006,281475411377083,0,0,10,10.14,ADDED
2026-06-08 16:59:10,None|None|None|None|of:0000000000000006,,,,,of:0000000000000006,281478888449605,3,294,10,10.14,ADDED
2026-06-08 16:59:10,None|None|None|None|of:0000000000000009,,,,,of:0000000000000009,281478887649794,12,1672,10,10.14,ADDED
2026-06-08 16:59:10,00:00:00:00:00:02|00:00:00:00:00:01|None|None|of:0000000000000009,00:00:00:00:00:02,00:00:00:00:00:01,,,of:0000000000000009,34902901355594755,20,1960,9,10.14,ADDED
2026-06-08 16:59:10,None|None|None|None|of:0000000000000009,,,,,of:0000000000000009,281474993990194,66,6468,10,10.14,ADDED
2026-06-08 16:59:10,00:00:00:00:00:02|00:00:00:00:00:01|None|None|of:0000000000000009,00:00:00:00:00:02,00:00:00:00:00:01,,,of:0000000000000009,34902897501809586,8,784,7,10.14,ADDED
2026-06-08 16:59:10,None|None|None|None|of:0000000000000009,,,,,of:0000000000000009,281476295891648,12,1672,10,10.14,ADDED
2026-06-08 16:59:10,00:00:00:00:00:02|00:00:00:00:00:01|None|None|of:0000000000000009,00:00:00:00:00:02,00:00:00:00:00:01,,,of:0000000000000009,34902898191767029,39,3822,9,10.14,ADDED
2026-06-08 16:59:10,None|None|None|None|of:0000000000000009,,,,,of:0000000000000009,281479019932926,0,0,10,10.14,ADDED
2026-06-08 16:59:10,00:00:00:00:00:01|00:00:00:00:00:02|None|None|of:0000000000000009,00:00:00:00:00:01,00:00:00:00:00:02,,,of:0000000000000009,34902899619228287,1,98,10,10.14,ADDED
2026-06-08 16:59:15,None|None|None|None|of:000000000000000c,,,,,of:000000000000000c,281479100460205,35,4877,15,15.17,ADDED
2026-06-08 16:59:15,None|None|None|None|of:000000000000000c,,,,,of:000000000000000c,281475624796078,35,4877,15,15.17,ADDED
2026-06-08 16:59:15,None|None|None|None|of:000000000000000c,,,,,of:000000000000000c,281477504901495,0,0,15,15.17,ADDED
2026-06-08 16:59:15,None|None|None|None|of:000000000000000c,,,,,of:000000000000000c,281476292687096,83,8134,15,15.17,ADDED
2026-06-08 16:59:15,None|None|None|None|of:000000000000000d,,,,,of:000000000000000d,281478200287907,36,5023,15,15.17,ADDED
2026-06-08 16:59:15,None|None|None|None|of:000000000000000d,,,,,of:000000000000000d,281478788468154,83,8134,15,15.17,ADDED
2026-06-08 16:59:15,None|None|None|None|of:000000000000000d,,,,,of:000000000000000d,281478012698825,36,5023,15,15.17,ADDED
2026-06-08 16:59:15,None|None|None|None|of:000000000000000d,,,,,of:000000000000000d,281476618808057,0,0,15,15.17,ADDED
2026-06-08 16:59:15,None|None|None|None|of:000000000000000a,,,,,of:000000000000000a,281477705784245,3,294,15,15.17,ADDED
2026-06-08 16:59:15,None|None|None|None|of:000000000000000a,,,,,of:000000000000000a,281475818964416,16,2230,15,15.17,ADDED
2026-06-08 16:59:15,None|None|None|None|of:000000000000000a,,,,,of:000000000000000a,281477034268888,16,2230,15,15.17,ADDED
2026-06-08 16:59:15,None|None|None|None|of:000000000000000a,,,,,of:000000000000000a,281478593105785,0,0,15,15.17,ADDED
2026-06-08 16:59:15,None|None|None|None|of:000000000000000b,,,,,of:000000000000000b,281478277078534,101,9898,15,15.17,ADDED
2026-06-08 16:59:15,00:00:00:00:00:01|00:00:00:00:00:02|None|None|of:000000000000000b,00:00:00:00:00:01,00:00:00:00:00:02,,,of:000000000000000b,34902898369757081,15,1470,14,15.17,ADDED
2026-06-08 16:59:15,00:00:00:00:00:02|00:00:00:00:00:01|None|None|of:000000000000000b,00:00:00:00:00:02,00:00:00:00:00:01,,,of:000000000000000b,34902898247549216,12,1176,12,10.09,ADDED
2026-06-08 16:59:15,None|None|None|None|of:000000000000000b,,,,,of:000000000000000b,281476663695951,0,0,15,15.17,ADDED
2026-06-08 16:59:15,00:00:00:00:00:02|00:00:00:00:00:01|None|None|of:000000000000000b,00:00:00:00:00:02,00:00:00:00:00:01,,,of:000000000000000b,34902897663526614,1,98,12,10.09,ADDED
2026-06-08 16:59:15,None|None|None|None|of:000000000000000b,,,,,of:000000000000000b,281476573370203,36,5016,15,15.17,ADDED
2026-06-08 16:59:15,None|None|None|None|of:000000000000000b,,,,,of:000000000000000b,281476205675487,36,5016,15,15.17,ADDED
2026-06-08 16:59:15,None|None|None|None|of:0000000000000003,,,,,of:0000000000000003,281478170942982,93,9114,15,15.17,ADDED
2026-06-08 16:59:15,00:00:00:00:00:01|00:00:00:00:00:02|None|None|of:0000000000000003,00:00:00:00:00:01,00:00:00:00:00:02,,,of:0000000000000003,34902901306865815,39,3822,15,15.17,ADDED
2026-06-08 16:59:15,None|None|None|None|of:0000000000000003,,,,,of:0000000000000003,281476661728682,12,1674,15,15.17,ADDED
2026-06-08 16:59:15,None|None|None|None|of:0000000000000003,,,,,of:0000000000000003,281477764386537,0,0,15,15.17,ADDED
2026-06-08 16:59:15,None|None|None|None|of:0000000000000003,,,,,of:0000000000000003,281476156249461,12,1674,15,15.17,ADDED
2026-06-08 16:59:15,None|None|None|None|of:0000000000000004,,,,,of:0000000000000004,281475616213265,11,1534,15,15.17,ADDED
2026-06-08 16:59:15,None|None|None|None|of:0000000000000004,,,,,of:0000000000000004,281475265228006,0,0,15,15.17,ADDED
2026-06-08 16:59:15,None|None|None|None|of:0000000000000004,,,,,of:0000000000000004,281477141311986,88,8624,15,15.17,ADDED
2026-06-08 16:59:15,None|None|None|None|of:0000000000000004,,,,,of:0000000000000004,281476729151998,11,1534,15,15.17,ADDED
2026-06-08 16:59:15,None|None|None|None|of:0000000000000001,,,,,of:0000000000000001,281478909873038,0,0,15,15.17,ADDED
2026-06-08 16:59:15,00:00:00:00:00:01|00:00:00:00:00:02|None|None|of:0000000000000001,00:00:00:00:00:01,00:00:00:00:00:02,,,of:0000000000000001,34902899196753573,15,1470,14,15.17,ADDED
2026-06-08 16:59:15,00:00:00:00:00:02|00:00:00:00:00:01|None|None|of:0000000000000001,00:00:00:00:00:02,00:00:00:00:00:01,,,of:0000000000000001,34902898986035913,25,2450,14,15.17,ADDED
2026-06-08 16:59:15,None|None|None|None|of:0000000000000001,,,,,of:0000000000000001,281477466379610,19,2660,15,15.17,ADDED
2026-06-08 16:59:15,None|None|None|None|of:0000000000000001,,,,,of:0000000000000001,281475012051420,76,7448,15,15.17,ADDED
2026-06-08 16:59:15,None|None|None|None|of:0000000000000001,,,,,of:0000000000000001,281477029321583,19,2660,15,15.17,ADDED
2026-06-08 16:59:15,None|None|None|None|of:0000000000000002,,,,,of:0000000000000002,281478316350853,0,0,15,15.17,ADDED
2026-06-08 16:59:15,None|None|None|None|of:0000000000000002,,,,,of:0000000000000002,281478673389323,14,1953,15,15.17,ADDED
2026-06-08 16:59:15,00:00:00:00:00:02|00:00:00:00:00:01|None|None|of:0000000000000002,00:00:00:00:00:02,00:00:00:00:00:01,,,of:0000000000000002,34902898441429785,13,1274,12,10.09,ADDED
2026-06-08 16:59:15,00:00:00:00:00:01|00:00:00:00:00:02|None|None|of:0000000000000002,00:00:00:00:00:01,00:00:00:00:00:02,,,of:0000000000000002,34902899328279504,45,4410,15,15.17,ADDED
2026-06-08 16:59:15,None|None|None|None|of:0000000000000002,,,,,of:0000000000000002,281475022575828,14,1953,15,15.17,ADDED
2026-06-08 16:59:15,None|None|None|None|of:0000000000000002,,,,,of:0000000000000002,281475568191580,47,4606,15,15.17,ADDED
2026-06-08 16:59:15,None|None|None|None|of:0000000000000007,,,,,of:0000000000000007,281475652364572,3,294,15,15.17,ADDED
2026-06-08 16:59:15,None|None|None|None|of:0000000000000007,,,,,of:0000000000000007,281478438392611,0,0,15,15.17,ADDED
2026-06-08 16:59:15,None|None|None|None|of:0000000000000007,,,,,of:0000000000000007,281476350262333,12,1680,15,15.17,ADDED
2026-06-08 16:59:15,None|None|None|None|of:0000000000000007,,,,,of:0000000000000007,281475000925130,12,1680,15,15.17,ADDED
2026-06-08 16:59:15,None|None|None|None|of:0000000000000008,,,,,of:0000000000000008,281476059291414,0,0,15,15.17,ADDED
2026-06-08 16:59:15,None|None|None|None|of:0000000000000008,,,,,of:0000000000000008,281476101349656,21,2926,15,15.17,ADDED
2026-06-08 16:59:15,None|None|None|None|of:0000000000000008,,,,,of:0000000000000008,281476270708671,21,2926,15,15.17,ADDED
2026-06-08 16:59:15,00:00:00:00:00:01|00:00:00:00:00:02|None|None|of:0000000000000008,00:00:00:00:00:01,00:00:00:00:00:02,,,of:0000000000000008,34902898875781211,37,3626,14,15.17,ADDED
2026-06-08 16:59:15,None|None|None|None|of:0000000000000008,,,,,of:0000000000000008,281476010895837,141,13818,15,15.17,ADDED
2026-06-08 16:59:15,None|None|None|None|of:0000000000000005,,,,,of:0000000000000005,281478762460478,0,0,15,15.17,ADDED
2026-06-08 16:59:15,None|None|None|None|of:0000000000000005,,,,,of:0000000000000005,281478211273411,12,1674,15,15.17,ADDED
2026-06-08 16:59:15,None|None|None|None|of:0000000000000005,,,,,of:0000000000000005,281475117841124,53,5194,15,15.17,ADDED
2026-06-08 16:59:15,None|None|None|None|of:0000000000000005,,,,,of:0000000000000005,281478979269874,12,1674,15,15.17,ADDED
2026-06-08 16:59:15,None|None|None|None|of:0000000000000006,,,,,of:0000000000000006,281475738574217,12,1680,15,15.17,ADDED
2026-06-08 16:59:15,None|None|None|None|of:0000000000000006,,,,,of:0000000000000006,281476873293724,12,1680,15,15.17,ADDED
2026-06-08 16:59:15,None|None|None|None|of:0000000000000006,,,,,of:0000000000000006,281475411377083,0,0,15,15.17,ADDED
2026-06-08 16:59:15,None|None|None|None|of:0000000000000006,,,,,of:0000000000000006,281478888449605,3,294,15,15.17,ADDED
2026-06-08 16:59:15,None|None|None|None|of:0000000000000009,,,,,of:0000000000000009,281478887649794,18,2508,15,15.17,ADDED
2026-06-08 16:59:15,None|None|None|None|of:0000000000000009,,,,,of:0000000000000009,281474993990194,66,6468,15,15.17,ADDED
2026-06-08 16:59:15,None|None|None|None|of:0000000000000009,,,,,of:0000000000000009,281476295891648,18,2508,15,15.17,ADDED
2026-06-08 16:59:15,None|None|None|None|of:0000000000000009,,,,,of:0000000000000009,281479019932926,0,0,15,15.17,ADDED
2026-06-08 16:59:20,None|None|None|None|of:000000000000000c,,,,,of:000000000000000c,281479100460205,46,6410,20,20.19,ADDED
2026-06-08 16:59:20,None|None|None|None|of:000000000000000c,,,,,of:000000000000000c,281475624796078,46,6410,20,20.19,ADDED
2026-06-08 16:59:20,None|None|None|None|of:000000000000000c,,,,,of:000000000000000c,281477504901495,0,0,20,20.19,ADDED
2026-06-08 16:59:20,None|None|None|None|of:000000000000000c,,,,,of:000000000000000c,281476292687096,83,8134,20,20.19,ADDED
2026-06-08 16:59:20,None|None|None|None|of:000000000000000d,,,,,of:000000000000000d,281478200287907,42,5860,20,20.19,ADDED
2026-06-08 16:59:20,None|None|None|None|of:000000000000000d,,,,,of:000000000000000d,281478788468154,83,8134,20,20.19,ADDED
2026-06-08 16:59:20,None|None|None|None|of:000000000000000d,,,,,of:000000000000000d,281478012698825,42,5860,20,20.19,ADDED
2026-06-08 16:59:20,None|None|None|None|of:000000000000000d,,,,,of:000000000000000d,281476618808057,0,0,20,20.19,ADDED
2026-06-08 16:59:20,None|None|None|None|of:000000000000000a,,,,,of:000000000000000a,281477705784245,3,294,20,20.19,ADDED
2026-06-08 16:59:20,None|None|None|None|of:000000000000000a,,,,,of:000000000000000a,281475818964416,20,2788,20,20.19,ADDED
2026-06-08 16:59:20,None|None|None|None|of:000000000000000a,,,,,of:000000000000000a,281477034268888,20,2788,20,20.19,ADDED
2026-06-08 16:59:20,None|None|None|None|of:000000000000000a,,,,,of:000000000000000a,281478593105785,0,0,20,20.19,ADDED
2026-06-08 16:59:20,None|None|None|None|of:000000000000000b,,,,,of:000000000000000b,281478277078534,101,9898,20,20.19,ADDED
2026-06-08 16:59:20,00:00:00:00:00:01|00:00:00:00:00:02|None|None|of:000000000000000b,00:00:00:00:00:01,00:00:00:00:00:02,,,of:000000000000000b,34902898369757081,20,1960,19,20.19,ADDED
2026-06-08 16:59:20,00:00:00:00:00:02|00:00:00:00:00:01|None|None|of:000000000000000b,00:00:00:00:00:02,00:00:00:00:00:01,,,of:000000000000000b,34902898247549216,17,1666,17,15.12,ADDED
2026-06-08 16:59:20,None|None|None|None|of:000000000000000b,,,,,of:000000000000000b,281476663695951,0,0,20,20.19,ADDED
2026-06-08 16:59:20,None|None|None|None|of:000000000000000b,,,,,of:000000000000000b,281476573370203,48,6688,20,20.19,ADDED
2026-06-08 16:59:20,None|None|None|None|of:000000000000000b,,,,,of:000000000000000b,281476205675487,48,6688,20,20.19,ADDED
2026-06-08 16:59:20,None|None|None|None|of:0000000000000003,,,,,of:0000000000000003,281478170942982,93,9114,20,20.19,ADDED
2026-06-08 16:59:20,00:00:00:00:00:01|00:00:00:00:00:02|None|None|of:0000000000000003,00:00:00:00:00:01,00:00:00:00:00:02,,,of:0000000000000003,34902901306865815,44,4312,20,20.19,ADDED
2026-06-08 16:59:20,None|None|None|None|of:0000000000000003,,,,,of:0000000000000003,281476661728682,16,2232,20,20.19,ADDED
2026-06-08 16:59:20,None|None|None|None|of:0000000000000003,,,,,of:0000000000000003,281477764386537,0,0,20,20.19,ADDED
2026-06-08 16:59:20,None|None|None|None|of:0000000000000003,,,,,of:0000000000000003,281476156249461,16,2232,20,20.19,ADDED
2026-06-08 16:59:20,None|None|None|None|of:0000000000000004,,,,,of:0000000000000004,281475616213265,14,1952,20,20.19,ADDED
2026-06-08 16:59:20,None|None|None|None|of:0000000000000004,,,,,of:0000000000000004,281475265228006,0,0,20,20.19,ADDED
2026-06-08 16:59:20,None|None|None|None|of:0000000000000004,,,,,of:0000000000000004,281477141311986,88,8624,20,20.19,ADDED
2026-06-08 16:59:20,None|None|None|None|of:0000000000000004,,,,,of:0000000000000004,281476729151998,14,1952,20,20.19,ADDED
2026-06-08 16:59:20,None|None|None|None|of:0000000000000001,,,,,of:0000000000000001,281478909873038,0,0,20,20.19,ADDED
2026-06-08 16:59:20,00:00:00:00:00:01|00:00:00:00:00:02|None|None|of:0000000000000001,00:00:00:00:00:01,00:00:00:00:00:02,,,of:0000000000000001,34902899196753573,20,1960,19,20.19,ADDED
2026-06-08 16:59:20,00:00:00:00:00:02|00:00:00:00:00:01|None|None|of:0000000000000001,00:00:00:00:00:02,00:00:00:00:00:01,,,of:0000000000000001,34902898986035913,29,2842,19,20.19,ADDED
2026-06-08 16:59:20,None|None|None|None|of:0000000000000001,,,,,of:0000000000000001,281477466379610,22,3080,20,20.19,ADDED
2026-06-08 16:59:20,None|None|None|None|of:0000000000000001,,,,,of:0000000000000001,281475012051420,76,7448,20,20.19,ADDED
2026-06-08 16:59:20,None|None|None|None|of:0000000000000001,,,,,of:0000000000000001,281477029321583,22,3080,20,20.19,ADDED
2026-06-08 16:59:20,None|None|None|None|of:0000000000000002,,,,,of:0000000000000002,281478316350853,0,0,20,20.19,ADDED
2026-06-08 16:59:20,None|None|None|None|of:0000000000000002,,,,,of:0000000000000002,281478673389323,16,2232,20,20.19,ADDED
2026-06-08 16:59:20,00:00:00:00:00:02|00:00:00:00:00:01|None|None|of:0000000000000002,00:00:00:00:00:02,00:00:00:00:00:01,,,of:0000000000000002,34902898441429785,17,1666,17,15.11,ADDED
2026-06-08 16:59:20,00:00:00:00:00:01|00:00:00:00:00:02|None|None|of:0000000000000002,00:00:00:00:00:01,00:00:00:00:00:02,,,of:0000000000000002,34902899328279504,50,4900,20,20.19,ADDED
2026-06-08 16:59:20,None|None|None|None|of:0000000000000002,,,,,of:0000000000000002,281475022575828,16,2232,20,20.19,ADDED
2026-06-08 16:59:20,None|None|None|None|of:0000000000000002,,,,,of:0000000000000002,281475568191580,47,4606,20,20.19,ADDED
2026-06-08 16:59:20,None|None|None|None|of:0000000000000007,,,,,of:0000000000000007,281475652364572,3,294,20,20.19,ADDED
2026-06-08 16:59:20,None|None|None|None|of:0000000000000007,,,,,of:0000000000000007,281478438392611,0,0,20,20.19,ADDED
2026-06-08 16:59:20,None|None|None|None|of:0000000000000007,,,,,of:0000000000000007,281476350262333,16,2240,20,20.19,ADDED
2026-06-08 16:59:20,None|None|None|None|of:0000000000000007,,,,,of:0000000000000007,281475000925130,16,2240,20,20.19,ADDED
2026-06-08 16:59:20,None|None|None|None|of:0000000000000008,,,,,of:0000000000000008,281476059291414,0,0,20,20.19,ADDED
2026-06-08 16:59:20,None|None|None|None|of:0000000000000008,,,,,of:0000000000000008,281476101349656,24,3344,20,20.19,ADDED
2026-06-08 16:59:20,None|None|None|None|of:0000000000000008,,,,,of:0000000000000008,281476270708671,24,3344,20,20.19,ADDED
2026-06-08 16:59:20,00:00:00:00:00:01|00:00:00:00:00:02|None|None|of:0000000000000008,00:00:00:00:00:01,00:00:00:00:00:02,,,of:0000000000000008,34902898875781211,42,4116,19,20.19,ADDED
2026-06-08 16:59:20,None|None|None|None|of:0000000000000008,,,,,of:0000000000000008,281476010895837,141,13818,20,20.19,ADDED
2026-06-08 16:59:20,None|None|None|None|of:0000000000000005,,,,,of:0000000000000005,281478762460478,0,0,20,20.19,ADDED
2026-06-08 16:59:20,None|None|None|None|of:0000000000000005,,,,,of:0000000000000005,281478211273411,16,2232,20,20.19,ADDED
2026-06-08 16:59:20,None|None|None|None|of:0000000000000005,,,,,of:0000000000000005,281475117841124,53,5194,20,20.19,ADDED
2026-06-08 16:59:20,None|None|None|None|of:0000000000000005,,,,,of:0000000000000005,281478979269874,16,2232,20,20.19,ADDED
2026-06-08 16:59:20,None|None|None|None|of:0000000000000006,,,,,of:0000000000000006,281475738574217,16,2240,20,20.19,ADDED
2026-06-08 16:59:20,None|None|None|None|of:0000000000000006,,,,,of:0000000000000006,281476873293724,16,2240,20,20.19,ADDED
2026-06-08 16:59:20,None|None|None|None|of:0000000000000006,,,,,of:0000000000000006,281475411377083,0,0,20,20.19,ADDED
2026-06-08 16:59:20,None|None|None|None|of:0000000000000006,,,,,of:0000000000000006,281478888449605,3,294,20,20.19,ADDED
2026-06-08 16:59:20,None|None|None|None|of:0000000000000009,,,,,of:0000000000000009,281478887649794,21,2926,20,20.19,ADDED
2026-06-08 16:59:20,None|None|None|None|of:0000000000000009,,,,,of:0000000000000009,281474993990194,66,6468,20,20.19,ADDED
2026-06-08 16:59:20,None|None|None|None|of:0000000000000009,,,,,of:0000000000000009,281476295891648,21,2926,20,20.19,ADDED
2026-06-08 16:59:20,None|None|None|None|of:0000000000000009,,,,,of:0000000000000009,281479019932926,0,0,20,20.19,ADDED
2026-06-08 16:59:25,None|None|None|None|of:000000000000000c,,,,,of:000000000000000c,281479100460205,58,8082,25,25.23,ADDED
2026-06-08 16:59:25,None|None|None|None|of:000000000000000c,,,,,of:000000000000000c,281475624796078,58,8082,25,25.23,ADDED
2026-06-08 16:59:25,None|None|None|None|of:000000000000000c,,,,,of:000000000000000c,281477504901495,0,0,25,25.23,ADDED
2026-06-08 16:59:25,None|None|None|None|of:000000000000000c,,,,,of:000000000000000c,281476292687096,83,8134,25,25.23,ADDED
2026-06-08 16:59:25,None|None|None|None|of:000000000000000d,,,,,of:000000000000000d,281478200287907,54,7534,25,25.23,ADDED
2026-06-08 16:59:25,None|None|None|None|of:000000000000000d,,,,,of:000000000000000d,281478788468154,83,8134,25,25.23,ADDED
2026-06-08 16:59:25,None|None|None|None|of:000000000000000d,,,,,of:000000000000000d,281478012698825,54,7534,25,25.23,ADDED
2026-06-08 16:59:25,None|None|None|None|of:000000000000000d,,,,,of:000000000000000d,281476618808057,0,0,25,25.23,ADDED
2026-06-08 16:59:25,None|None|None|None|of:000000000000000a,,,,,of:000000000000000a,281477705784245,3,294,25,25.23,ADDED
2026-06-08 16:59:25,None|None|None|None|of:000000000000000a,,,,,of:000000000000000a,281475818964416,26,3624,25,25.23,ADDED
2026-06-08 16:59:25,None|None|None|None|of:000000000000000a,,,,,of:000000000000000a,281477034268888,26,3624,25,25.23,ADDED
2026-06-08 16:59:25,None|None|None|None|of:000000000000000a,,,,,of:000000000000000a,281478593105785,0,0,25,25.23,ADDED
2026-06-08 16:59:25,None|None|None|None|of:000000000000000b,,,,,of:000000000000000b,281478277078534,101,9898,25,25.23,ADDED
2026-06-08 16:59:25,00:00:00:00:00:01|00:00:00:00:00:02|None|None|of:000000000000000b,00:00:00:00:00:01,00:00:00:00:00:02,,,of:000000000000000b,34902898369757081,25,2450,24,25.23,ADDED
2026-06-08 16:59:25,00:00:00:00:00:02|00:00:00:00:00:01|None|None|of:000000000000000b,00:00:00:00:00:02,00:00:00:00:00:01,,,of:000000000000000b,34902898247549216,22,2156,22,20.16,ADDED
2026-06-08 16:59:25,None|None|None|None|of:000000000000000b,,,,,of:000000000000000b,281476663695951,0,0,25,25.23,ADDED
2026-06-08 16:59:25,None|None|None|None|of:000000000000000b,,,,,of:000000000000000b,281476573370203,60,8360,25,25.23,ADDED
2026-06-08 16:59:25,None|None|None|None|of:000000000000000b,,,,,of:000000000000000b,281476205675487,60,8360,25,25.23,ADDED
2026-06-08 16:59:25,None|None|None|None|of:0000000000000003,,,,,of:0000000000000003,281478170942982,93,9114,25,25.23,ADDED
2026-06-08 16:59:25,00:00:00:00:00:01|00:00:00:00:00:02|None|None|of:0000000000000003,00:00:00:00:00:01,00:00:00:00:00:02,,,of:0000000000000003,34902901306865815,49,4802,25,25.23,ADDED
2026-06-08 16:59:25,None|None|None|None|of:0000000000000003,,,,,of:0000000000000003,281476661728682,20,2790,25,25.23,ADDED
2026-06-08 16:59:25,None|None|None|None|of:0000000000000003,,,,,of:0000000000000003,281477764386537,0,0,25,25.23,ADDED
2026-06-08 16:59:25,None|None|None|None|of:0000000000000003,,,,,of:0000000000000003,281476156249461,20,2790,25,25.23,ADDED
2026-06-08 16:59:25,None|None|None|None|of:0000000000000004,,,,,of:0000000000000004,281475616213265,18,2510,25,25.23,ADDED
2026-06-08 16:59:25,None|None|None|None|of:0000000000000004,,,,,of:0000000000000004,281475265228006,0,0,25,25.23,ADDED
2026-06-08 16:59:25,None|None|None|None|of:0000000000000004,,,,,of:0000000000000004,281477141311986,88,8624,25,25.23,ADDED
2026-06-08 16:59:25,None|None|None|None|of:0000000000000004,,,,,of:0000000000000004,281476729151998,18,2510,25,25.23,ADDED
2026-06-08 16:59:25,None|None|None|None|of:0000000000000001,,,,,of:0000000000000001,281478909873038,0,0,25,25.23,ADDED
2026-06-08 16:59:25,00:00:00:00:00:01|00:00:00:00:00:02|None|None|of:0000000000000001,00:00:00:00:00:01,00:00:00:00:00:02,,,of:0000000000000001,34902899196753573,24,2352,24,25.23,ADDED
2026-06-08 16:59:25,00:00:00:00:00:02|00:00:00:00:00:01|None|None|of:0000000000000001,00:00:00:00:00:02,00:00:00:00:00:01,,,of:0000000000000001,34902898986035913,34,3332,24,25.23,ADDED
2026-06-08 16:59:25,None|None|None|None|of:0000000000000001,,,,,of:0000000000000001,281477466379610,28,3920,25,25.23,ADDED
2026-06-08 16:59:25,None|None|None|None|of:0000000000000001,,,,,of:0000000000000001,281475012051420,76,7448,25,25.23,ADDED
2026-06-08 16:59:25,None|None|None|None|of:0000000000000001,,,,,of:0000000000000001,281477029321583,28,3920,25,25.23,ADDED
2026-06-08 16:59:25,None|None|None|None|of:0000000000000002,,,,,of:0000000000000002,281478316350853,0,0,25,25.23,ADDED
2026-06-08 16:59:25,None|None|None|None|of:0000000000000002,,,,,of:0000000000000002,281478673389323,20,2790,25,25.23,ADDED
2026-06-08 16:59:25,00:00:00:00:00:02|00:00:00:00:00:01|None|None|of:0000000000000002,00:00:00:00:00:02,00:00:00:00:00:01,,,of:0000000000000002,34902898441429785,22,2156,22,20.15,ADDED
2026-06-08 16:59:25,00:00:00:00:00:01|00:00:00:00:00:02|None|None|of:0000000000000002,00:00:00:00:00:01,00:00:00:00:00:02,,,of:0000000000000002,34902899328279504,54,5292,25,25.23,ADDED
2026-06-08 16:59:25,None|None|None|None|of:0000000000000002,,,,,of:0000000000000002,281475022575828,20,2790,25,25.23,ADDED
2026-06-08 16:59:25,None|None|None|None|of:0000000000000002,,,,,of:0000000000000002,281475568191580,47,4606,25,25.23,ADDED
2026-06-08 16:59:25,None|None|None|None|of:0000000000000007,,,,,of:0000000000000007,281475652364572,3,294,25,25.23,ADDED
2026-06-08 16:59:25,None|None|None|None|of:0000000000000007,,,,,of:0000000000000007,281478438392611,0,0,25,25.23,ADDED
2026-06-08 16:59:25,None|None|None|None|of:0000000000000007,,,,,of:0000000000000007,281476350262333,20,2800,25,25.23,ADDED
2026-06-08 16:59:25,None|None|None|None|of:0000000000000007,,,,,of:0000000000000007,281475000925130,20,2800,25,25.23,ADDED
2026-06-08 16:59:25,None|None|None|None|of:0000000000000008,,,,,of:0000000000000008,281476059291414,0,0,25,25.23,ADDED
2026-06-08 16:59:25,None|None|None|None|of:0000000000000008,,,,,of:0000000000000008,281476101349656,30,4180,25,25.23,ADDED
2026-06-08 16:59:25,None|None|None|None|of:0000000000000008,,,,,of:0000000000000008,281476270708671,30,4180,25,25.23,ADDED
2026-06-08 16:59:25,00:00:00:00:00:01|00:00:00:00:00:02|None|None|of:0000000000000008,00:00:00:00:00:01,00:00:00:00:00:02,,,of:0000000000000008,34902898875781211,46,4508,24,25.23,ADDED
2026-06-08 16:59:25,None|None|None|None|of:0000000000000008,,,,,of:0000000000000008,281476010895837,141,13818,25,25.23,ADDED
2026-06-08 16:59:25,None|None|None|None|of:0000000000000005,,,,,of:0000000000000005,281478762460478,0,0,25,25.23,ADDED
2026-06-08 16:59:25,None|None|None|None|of:0000000000000005,,,,,of:0000000000000005,281478211273411,20,2790,25,25.23,ADDED
2026-06-08 16:59:25,None|None|None|None|of:0000000000000005,,,,,of:0000000000000005,281475117841124,53,5194,25,25.23,ADDED
2026-06-08 16:59:25,None|None|None|None|of:0000000000000005,,,,,of:0000000000000005,281478979269874,20,2790,25,25.23,ADDED
2026-06-08 16:59:25,None|None|None|None|of:0000000000000006,,,,,of:0000000000000006,281475738574217,20,2800,25,25.23,ADDED
2026-06-08 16:59:25,None|None|None|None|of:0000000000000006,,,,,of:0000000000000006,281476873293724,20,2800,25,25.23,ADDED
2026-06-08 16:59:25,None|None|None|None|of:0000000000000006,,,,,of:0000000000000006,281475411377083,0,0,25,25.23,ADDED
2026-06-08 16:59:25,None|None|None|None|of:0000000000000006,,,,,of:0000000000000006,281478888449605,3,294,25,25.23,ADDED
2026-06-08 16:59:25,None|None|None|None|of:0000000000000009,,,,,of:0000000000000009,281478887649794,27,3762,25,25.23,ADDED
2026-06-08 16:59:25,None|None|None|None|of:0000000000000009,,,,,of:0000000000000009,281474993990194,66,6468,25,25.23,ADDED
2026-06-08 16:59:25,None|None|None|None|of:0000000000000009,,,,,of:0000000000000009,281476295891648,27,3762,25,25.23,ADDED
2026-06-08 16:59:25,None|None|None|None|of:0000000000000009,,,,,of:0000000000000009,281479019932926,0,0,25,25.23,ADDED
2026-06-08 16:59:30,None|None|None|None|of:000000000000000c,,,,,of:000000000000000c,281479100460205,64,8918,30,30.25,ADDED
2026-06-08 16:59:30,None|None|None|None|of:000000000000000c,,,,,of:000000000000000c,281475624796078,64,8918,30,30.25,ADDED
2026-06-08 16:59:30,None|None|None|None|of:000000000000000c,,,,,of:000000000000000c,281477504901495,0,0,30,30.25,ADDED
2026-06-08 16:59:30,None|None|None|None|of:000000000000000c,,,,,of:000000000000000c,281476292687096,83,8134,30,30.25,ADDED
2026-06-08 16:59:30,None|None|None|None|of:000000000000000d,,,,,of:000000000000000d,281478200287907,60,8371,30,30.25,ADDED
2026-06-08 16:59:30,None|None|None|None|of:000000000000000d,,,,,of:000000000000000d,281478788468154,83,8134,30,30.25,ADDED
2026-06-08 16:59:30,None|None|None|None|of:000000000000000d,,,,,of:000000000000000d,281478012698825,60,8371,30,30.25,ADDED
2026-06-08 16:59:30,None|None|None|None|of:000000000000000d,,,,,of:000000000000000d,281476618808057,0,0,30,30.25,ADDED
2026-06-08 16:59:30,None|None|None|None|of:000000000000000a,,,,,of:000000000000000a,281477705784245,3,294,30,30.25,ADDED
2026-06-08 16:59:30,None|None|None|None|of:000000000000000a,,,,,of:000000000000000a,281475818964416,29,4042,30,30.25,ADDED
2026-06-08 16:59:30,None|None|None|None|of:000000000000000a,,,,,of:000000000000000a,281477034268888,29,4042,30,30.25,ADDED
2026-06-08 16:59:30,None|None|None|None|of:000000000000000a,,,,,of:000000000000000a,281478593105785,0,0,30,30.25,ADDED
2026-06-08 16:59:30,None|None|None|None|of:000000000000000b,,,,,of:000000000000000b,281478277078534,101,9898,30,30.25,ADDED
2026-06-08 16:59:30,00:00:00:00:00:01|00:00:00:00:00:02|None|None|of:000000000000000b,00:00:00:00:00:01,00:00:00:00:00:02,,,of:000000000000000b,34902898369757081,30,2940,29,30.25,ADDED
2026-06-08 16:59:30,00:00:00:00:00:02|00:00:00:00:00:01|None|None|of:000000000000000b,00:00:00:00:00:02,00:00:00:00:00:01,,,of:000000000000000b,34902898247549216,27,2646,27,25.17,ADDED
2026-06-08 16:59:30,None|None|None|None|of:000000000000000b,,,,,of:000000000000000b,281476663695951,0,0,30,30.25,ADDED
2026-06-08 16:59:30,None|None|None|None|of:000000000000000b,,,,,of:000000000000000b,281476573370203,66,9196,30,30.25,ADDED
2026-06-08 16:59:30,None|None|None|None|of:000000000000000b,,,,,of:000000000000000b,281476205675487,66,9196,30,30.25,ADDED
2026-06-08 16:59:30,None|None|None|None|of:0000000000000003,,,,,of:0000000000000003,281478170942982,93,9114,30,30.25,ADDED
2026-06-08 16:59:30,00:00:00:00:00:01|00:00:00:00:00:02|None|None|of:0000000000000003,00:00:00:00:00:01,00:00:00:00:00:02,,,of:0000000000000003,34902901306865815,54,5292,30,30.25,ADDED
2026-06-08 16:59:30,None|None|None|None|of:0000000000000003,,,,,of:0000000000000003,281476661728682,22,3069,30,30.25,ADDED
2026-06-08 16:59:30,None|None|None|None|of:0000000000000003,,,,,of:0000000000000003,281477764386537,0,0,30,30.25,ADDED
2026-06-08 16:59:30,None|None|None|None|of:0000000000000003,,,,,of:0000000000000003,281476156249461,22,3069,30,30.25,ADDED
2026-06-08 16:59:30,None|None|None|None|of:0000000000000004,,,,,of:0000000000000004,281475616213265,20,2789,30,30.25,ADDED
2026-06-08 16:59:30,None|None|None|None|of:0000000000000004,,,,,of:0000000000000004,281475265228006,0,0,30,30.25,ADDED
2026-06-08 16:59:30,None|None|None|None|of:0000000000000004,,,,,of:0000000000000004,281477141311986,88,8624,30,30.25,ADDED
2026-06-08 16:59:30,None|None|None|None|of:0000000000000004,,,,,of:0000000000000004,281476729151998,20,2789,30,30.25,ADDED
2026-06-08 16:59:30,None|None|None|None|of:0000000000000001,,,,,of:0000000000000001,281478909873038,0,0,30,30.25,ADDED
2026-06-08 16:59:30,00:00:00:00:00:01|00:00:00:00:00:02|None|None|of:0000000000000001,00:00:00:00:00:01,00:00:00:00:00:02,,,of:0000000000000001,34902899196753573,29,2842,29,30.25,ADDED
2026-06-08 16:59:30,00:00:00:00:00:02|00:00:00:00:00:01|None|None|of:0000000000000001,00:00:00:00:00:02,00:00:00:00:00:01,,,of:0000000000000001,34902898986035913,39,3822,29,30.25,ADDED
2026-06-08 16:59:30,None|None|None|None|of:0000000000000001,,,,,of:0000000000000001,281477466379610,31,4340,30,30.25,ADDED
2026-06-08 16:59:30,None|None|None|None|of:0000000000000001,,,,,of:0000000000000001,281475012051420,76,7448,30,30.25,ADDED
2026-06-08 16:59:30,None|None|None|None|of:0000000000000001,,,,,of:0000000000000001,281477029321583,31,4340,30,30.25,ADDED
2026-06-08 16:59:30,None|None|None|None|of:0000000000000002,,,,,of:0000000000000002,281478316350853,0,0,30,30.25,ADDED
2026-06-08 16:59:30,None|None|None|None|of:0000000000000002,,,,,of:0000000000000002,281478673389323,22,3069,30,30.25,ADDED
2026-06-08 16:59:30,00:00:00:00:00:02|00:00:00:00:00:01|None|None|of:0000000000000002,00:00:00:00:00:02,00:00:00:00:00:01,,,of:0000000000000002,34902898441429785,27,2646,27,25.17,ADDED
2026-06-08 16:59:30,00:00:00:00:00:01|00:00:00:00:00:02|None|None|of:0000000000000002,00:00:00:00:00:01,00:00:00:00:00:02,,,of:0000000000000002,34902899328279504,59,5782,30,30.25,ADDED
2026-06-08 16:59:30,None|None|None|None|of:0000000000000002,,,,,of:0000000000000002,281475022575828,22,3069,30,30.25,ADDED
2026-06-08 16:59:30,None|None|None|None|of:0000000000000002,,,,,of:0000000000000002,281475568191580,47,4606,30,30.25,ADDED
2026-06-08 16:59:30,None|None|None|None|of:0000000000000007,,,,,of:0000000000000007,281475652364572,3,294,30,30.25,ADDED
2026-06-08 16:59:30,None|None|None|None|of:0000000000000007,,,,,of:0000000000000007,281478438392611,0,0,30,30.25,ADDED
2026-06-08 16:59:30,None|None|None|None|of:0000000000000007,,,,,of:0000000000000007,281476350262333,22,3080,30,30.25,ADDED
2026-06-08 16:59:30,None|None|None|None|of:0000000000000007,,,,,of:0000000000000007,281475000925130,22,3080,30,30.25,ADDED
2026-06-08 16:59:30,None|None|None|None|of:0000000000000008,,,,,of:0000000000000008,281476059291414,0,0,30,30.25,ADDED
2026-06-08 16:59:30,None|None|None|None|of:0000000000000008,,,,,of:0000000000000008,281476101349656,33,4598,30,30.25,ADDED
2026-06-08 16:59:30,None|None|None|None|of:0000000000000008,,,,,of:0000000000000008,281476270708671,33,4598,30,30.25,ADDED
2026-06-08 16:59:30,00:00:00:00:00:01|00:00:00:00:00:02|None|None|of:0000000000000008,00:00:00:00:00:01,00:00:00:00:00:02,,,of:0000000000000008,34902898875781211,51,4998,29,30.25,ADDED
2026-06-08 16:59:30,None|None|None|None|of:0000000000000008,,,,,of:0000000000000008,281476010895837,141,13818,30,30.25,ADDED
2026-06-08 16:59:30,None|None|None|None|of:0000000000000005,,,,,of:0000000000000005,281478762460478,0,0,30,30.25,ADDED
2026-06-08 16:59:30,None|None|None|None|of:0000000000000005,,,,,of:0000000000000005,281478211273411,22,3069,30,30.25,ADDED
2026-06-08 16:59:30,None|None|None|None|of:0000000000000005,,,,,of:0000000000000005,281475117841124,53,5194,30,30.25,ADDED
2026-06-08 16:59:30,None|None|None|None|of:0000000000000005,,,,,of:0000000000000005,281478979269874,22,3069,30,30.25,ADDED
2026-06-08 16:59:30,None|None|None|None|of:0000000000000006,,,,,of:0000000000000006,281475738574217,22,3080,30,30.25,ADDED
2026-06-08 16:59:30,None|None|None|None|of:0000000000000006,,,,,of:0000000000000006,281476873293724,22,3080,30,30.25,ADDED
2026-06-08 16:59:30,None|None|None|None|of:0000000000000006,,,,,of:0000000000000006,281475411377083,0,0,30,30.25,ADDED
2026-06-08 16:59:30,None|None|None|None|of:0000000000000006,,,,,of:0000000000000006,281478888449605,3,294,30,30.25,ADDED
2026-06-08 16:59:30,None|None|None|None|of:0000000000000009,,,,,of:0000000000000009,281478887649794,30,4180,30,30.25,ADDED
2026-06-08 16:59:30,None|None|None|None|of:0000000000000009,,,,,of:0000000000000009,281474993990194,66,6468,30,30.25,ADDED
2026-06-08 16:59:30,None|None|None|None|of:0000000000000009,,,,,of:0000000000000009,281476295891648,30,4180,30,30.25,ADDED
2026-06-08 16:59:30,None|None|None|None|of:0000000000000009,,,,,of:0000000000000009,281479019932926,0,0,30,30.25,ADDED
2026-06-08 16:59:35,None|None|None|None|of:000000000000000c,,,,,of:000000000000000c,281479100460205,76,10590,35,35.28,ADDED
2026-06-08 16:59:35,None|None|None|None|of:000000000000000c,,,,,of:000000000000000c,281475624796078,76,10590,35,35.28,ADDED
2026-06-08 16:59:35,None|None|None|None|of:000000000000000c,,,,,of:000000000000000c,281477504901495,0,0,35,35.28,ADDED
2026-06-08 16:59:35,None|None|None|None|of:000000000000000c,,,,,of:000000000000000c,281476292687096,83,8134,35,35.28,ADDED
2026-06-08 16:59:35,None|None|None|None|of:000000000000000d,,,,,of:000000000000000d,281478200287907,72,10045,35,35.28,ADDED
2026-06-08 16:59:35,None|None|None|None|of:000000000000000d,,,,,of:000000000000000d,281478788468154,83,8134,35,35.28,ADDED
2026-06-08 16:59:35,None|None|None|None|of:000000000000000d,,,,,of:000000000000000d,281478012698825,72,10045,35,35.28,ADDED
2026-06-08 16:59:35,None|None|None|None|of:000000000000000d,,,,,of:000000000000000d,281476618808057,0,0,35,35.28,ADDED
2026-06-08 16:59:35,None|None|None|None|of:000000000000000a,,,,,of:000000000000000a,281477705784245,3,294,35,35.28,ADDED
2026-06-08 16:59:35,None|None|None|None|of:000000000000000a,,,,,of:000000000000000a,281475818964416,35,4878,35,35.28,ADDED
2026-06-08 16:59:35,None|None|None|None|of:000000000000000a,,,,,of:000000000000000a,281477034268888,35,4878,35,35.28,ADDED
2026-06-08 16:59:35,None|None|None|None|of:000000000000000a,,,,,of:000000000000000a,281478593105785,0,0,35,35.28,ADDED
2026-06-08 16:59:35,None|None|None|None|of:000000000000000b,,,,,of:000000000000000b,281478277078534,101,9898,35,35.28,ADDED
2026-06-08 16:59:35,00:00:00:00:00:01|00:00:00:00:00:02|None|None|of:000000000000000b,00:00:00:00:00:01,00:00:00:00:00:02,,,of:000000000000000b,34902898369757081,35,3430,34,35.28,ADDED
2026-06-08 16:59:35,00:00:00:00:00:02|00:00:00:00:00:01|None|None|of:000000000000000b,00:00:00:00:00:02,00:00:00:00:00:01,,,of:000000000000000b,34902898247549216,32,3136,32,30.2,ADDED
2026-06-08 16:59:35,None|None|None|None|of:000000000000000b,,,,,of:000000000000000b,281476663695951,0,0,35,35.28,ADDED
2026-06-08 16:59:35,None|None|None|None|of:000000000000000b,,,,,of:000000000000000b,281476573370203,78,10868,35,35.28,ADDED
2026-06-08 16:59:35,None|None|None|None|of:000000000000000b,,,,,of:000000000000000b,281476205675487,78,10868,35,35.28,ADDED
2026-06-08 16:59:35,None|None|None|None|of:0000000000000003,,,,,of:0000000000000003,281478170942982,93,9114,35,35.28,ADDED
2026-06-08 16:59:35,00:00:00:00:00:01|00:00:00:00:00:02|None|None|of:0000000000000003,00:00:00:00:00:01,00:00:00:00:00:02,,,of:0000000000000003,34902901306865815,59,5782,35,35.28,ADDED
2026-06-08 16:59:35,None|None|None|None|of:0000000000000003,,,,,of:0000000000000003,281476661728682,26,3627,35,35.28,ADDED
2026-06-08 16:59:35,None|None|None|None|of:0000000000000003,,,,,of:0000000000000003,281477764386537,0,0,35,35.28,ADDED
2026-06-08 16:59:35,None|None|None|None|of:0000000000000003,,,,,of:0000000000000003,281476156249461,26,3627,35,35.28,ADDED
2026-06-08 16:59:35,None|None|None|None|of:0000000000000004,,,,,of:0000000000000004,281475616213265,24,3347,35,35.28,ADDED
2026-06-08 16:59:35,None|None|None|None|of:0000000000000004,,,,,of:0000000000000004,281475265228006,0,0,35,35.28,ADDED
2026-06-08 16:59:35,None|None|None|None|of:0000000000000004,,,,,of:0000000000000004,281477141311986,88,8624,35,35.28,ADDED
2026-06-08 16:59:35,None|None|None|None|of:0000000000000004,,,,,of:0000000000000004,281476729151998,24,3347,35,35.28,ADDED
2026-06-08 16:59:35,None|None|None|None|of:0000000000000001,,,,,of:0000000000000001,281478909873038,0,0,35,35.28,ADDED
2026-06-08 16:59:35,00:00:00:00:00:01|00:00:00:00:00:02|None|None|of:0000000000000001,00:00:00:00:00:01,00:00:00:00:00:02,,,of:0000000000000001,34902899196753573,34,3332,34,35.28,ADDED
2026-06-08 16:59:35,00:00:00:00:00:02|00:00:00:00:00:01|None|None|of:0000000000000001,00:00:00:00:00:02,00:00:00:00:00:01,,,of:0000000000000001,34902898986035913,44,4312,34,35.28,ADDED
2026-06-08 16:59:35,None|None|None|None|of:0000000000000001,,,,,of:0000000000000001,281477466379610,37,5180,35,35.28,ADDED
2026-06-08 16:59:35,None|None|None|None|of:0000000000000001,,,,,of:0000000000000001,281475012051420,76,7448,35,35.28,ADDED
2026-06-08 16:59:35,None|None|None|None|of:0000000000000001,,,,,of:0000000000000001,281477029321583,37,5180,35,35.28,ADDED
2026-06-08 16:59:35,None|None|None|None|of:0000000000000002,,,,,of:0000000000000002,281478316350853,0,0,35,35.28,ADDED
2026-06-08 16:59:35,None|None|None|None|of:0000000000000002,,,,,of:0000000000000002,281478673389323,26,3627,35,35.28,ADDED
2026-06-08 16:59:35,00:00:00:00:00:02|00:00:00:00:00:01|None|None|of:0000000000000002,00:00:00:00:00:02,00:00:00:00:00:01,,,of:0000000000000002,34902898441429785,32,3136,32,30.2,ADDED
2026-06-08 16:59:35,00:00:00:00:00:01|00:00:00:00:00:02|None|None|of:0000000000000002,00:00:00:00:00:01,00:00:00:00:00:02,,,of:0000000000000002,34902899328279504,64,6272,35,35.28,ADDED
2026-06-08 16:59:35,None|None|None|None|of:0000000000000002,,,,,of:0000000000000002,281475022575828,26,3627,35,35.28,ADDED
2026-06-08 16:59:35,None|None|None|None|of:0000000000000002,,,,,of:0000000000000002,281475568191580,47,4606,35,35.28,ADDED
2026-06-08 16:59:35,None|None|None|None|of:0000000000000007,,,,,of:0000000000000007,281475652364572,3,294,35,35.28,ADDED
2026-06-08 16:59:35,None|None|None|None|of:0000000000000007,,,,,of:0000000000000007,281478438392611,0,0,35,35.28,ADDED
2026-06-08 16:59:35,None|None|None|None|of:0000000000000007,,,,,of:0000000000000007,281476350262333,26,3640,35,35.28,ADDED
2026-06-08 16:59:35,None|None|None|None|of:0000000000000007,,,,,of:0000000000000007,281475000925130,26,3640,35,35.28,ADDED
2026-06-08 16:59:35,None|None|None|None|of:0000000000000008,,,,,of:0000000000000008,281476059291414,0,0,35,35.28,ADDED
2026-06-08 16:59:35,None|None|None|None|of:0000000000000008,,,,,of:0000000000000008,281476101349656,39,5434,35,35.28,ADDED
2026-06-08 16:59:35,None|None|None|None|of:0000000000000008,,,,,of:0000000000000008,281476270708671,39,5434,35,35.28,ADDED
2026-06-08 16:59:35,00:00:00:00:00:01|00:00:00:00:00:02|None|None|of:0000000000000008,00:00:00:00:00:01,00:00:00:00:00:02,,,of:0000000000000008,34902898875781211,56,5488,34,35.28,ADDED
2026-06-08 16:59:35,None|None|None|None|of:0000000000000008,,,,,of:0000000000000008,281476010895837,141,13818,35,35.28,ADDED
2026-06-08 16:59:35,None|None|None|None|of:0000000000000005,,,,,of:0000000000000005,281478762460478,0,0,35,35.28,ADDED
2026-06-08 16:59:35,None|None|None|None|of:0000000000000005,,,,,of:0000000000000005,281478211273411,26,3627,35,35.28,ADDED
2026-06-08 16:59:35,None|None|None|None|of:0000000000000005,,,,,of:0000000000000005,281475117841124,53,5194,35,35.28,ADDED
2026-06-08 16:59:35,None|None|None|None|of:0000000000000005,,,,,of:0000000000000005,281478979269874,26,3627,35,35.28,ADDED
2026-06-08 16:59:35,None|None|None|None|of:0000000000000006,,,,,of:0000000000000006,281475738574217,26,3640,35,35.28,ADDED
2026-06-08 16:59:35,None|None|None|None|of:0000000000000006,,,,,of:0000000000000006,281476873293724,26,3640,35,35.28,ADDED
2026-06-08 16:59:35,None|None|None|None|of:0000000000000006,,,,,of:0000000000000006,281475411377083,0,0,35,35.28,ADDED
2026-06-08 16:59:35,None|None|None|None|of:0000000000000006,,,,,of:0000000000000006,281478888449605,3,294,35,35.28,ADDED
2026-06-08 16:59:35,None|None|None|None|of:0000000000000009,,,,,of:0000000000000009,281478887649794,36,5016,35,35.28,ADDED
2026-06-08 16:59:35,None|None|None|None|of:0000000000000009,,,,,of:0000000000000009,281474993990194,66,6468,35,35.28,ADDED
2026-06-08 16:59:35,None|None|None|None|of:0000000000000009,,,,,of:0000000000000009,281476295891648,36,5016,35,35.28,ADDED
2026-06-08 16:59:35,None|None|None|None|of:0000000000000009,,,,,of:0000000000000009,281479019932926,0,0,35,35.28,ADDED
2026-06-08 16:59:40,None|None|None|None|of:000000000000000c,,,,,of:000000000000000c,281479100460205,83,11565,40,40.3,ADDED
2026-06-08 16:59:40,None|None|None|None|of:000000000000000c,,,,,of:000000000000000c,281475624796078,83,11565,40,40.3,ADDED
2026-06-08 16:59:40,None|None|None|None|of:000000000000000c,,,,,of:000000000000000c,281477504901495,0,0,40,40.3,ADDED
2026-06-08 16:59:40,None|None|None|None|of:000000000000000c,,,,,of:000000000000000c,281476292687096,83,8134,40,40.3,ADDED
2026-06-08 16:59:40,None|None|None|None|of:000000000000000d,,,,,of:000000000000000d,281478200287907,80,11160,40,40.3,ADDED
2026-06-08 16:59:40,None|None|None|None|of:000000000000000d,,,,,of:000000000000000d,281478788468154,83,8134,40,40.3,ADDED
2026-06-08 16:59:40,None|None|None|None|of:000000000000000d,,,,,of:000000000000000d,281478012698825,80,11160,40,40.3,ADDED
2026-06-08 16:59:40,None|None|None|None|of:000000000000000d,,,,,of:000000000000000d,281476618808057,0,0,40,40.3,ADDED
2026-06-08 16:59:40,None|None|None|None|of:000000000000000a,,,,,of:000000000000000a,281477705784245,3,294,40,40.3,ADDED
2026-06-08 16:59:40,None|None|None|None|of:000000000000000a,,,,,of:000000000000000a,281475818964416,40,5574,40,40.3,ADDED
2026-06-08 16:59:40,None|None|None|None|of:000000000000000a,,,,,of:000000000000000a,281477034268888,40,5574,40,40.3,ADDED
2026-06-08 16:59:40,None|None|None|None|of:000000000000000a,,,,,of:000000000000000a,281478593105785,0,0,40,40.3,ADDED
2026-06-08 16:59:40,None|None|None|None|of:000000000000000b,,,,,of:000000000000000b,281478277078534,101,9898,40,40.3,ADDED
2026-06-08 16:59:40,00:00:00:00:00:01|00:00:00:00:00:02|None|None|of:000000000000000b,00:00:00:00:00:01,00:00:00:00:00:02,,,of:000000000000000b,34902898369757081,40,3920,39,40.3,ADDED
2026-06-08 16:59:40,00:00:00:00:00:02|00:00:00:00:00:01|None|None|of:000000000000000b,00:00:00:00:00:02,00:00:00:00:00:01,,,of:000000000000000b,34902898247549216,37,3626,37,35.23,ADDED
2026-06-08 16:59:40,None|None|None|None|of:000000000000000b,,,,,of:000000000000000b,281476663695951,0,0,40,40.3,ADDED
2026-06-08 16:59:40,None|None|None|None|of:000000000000000b,,,,,of:000000000000000b,281476573370203,84,11704,40,40.3,ADDED
2026-06-08 16:59:40,None|None|None|None|of:000000000000000b,,,,,of:000000000000000b,281476205675487,84,11704,40,40.3,ADDED
2026-06-08 16:59:40,None|None|None|None|of:0000000000000003,,,,,of:0000000000000003,281478170942982,93,9114,40,40.3,ADDED
2026-06-08 16:59:40,00:00:00:00:00:01|00:00:00:00:00:02|None|None|of:0000000000000003,00:00:00:00:00:01,00:00:00:00:00:02,,,of:0000000000000003,34902901306865815,64,6272,40,40.3,ADDED
2026-06-08 16:59:40,None|None|None|None|of:0000000000000003,,,,,of:0000000000000003,281476661728682,28,3906,40,40.3,ADDED
2026-06-08 16:59:40,None|None|None|None|of:0000000000000003,,,,,of:0000000000000003,281477764386537,0,0,40,40.3,ADDED
2026-06-08 16:59:40,None|None|None|None|of:0000000000000003,,,,,of:0000000000000003,281476156249461,28,3906,40,40.3,ADDED
2026-06-08 16:59:40,None|None|None|None|of:0000000000000004,,,,,of:0000000000000004,281475616213265,26,3626,40,40.3,ADDED
2026-06-08 16:59:40,None|None|None|None|of:0000000000000004,,,,,of:0000000000000004,281475265228006,0,0,40,40.3,ADDED
2026-06-08 16:59:40,None|None|None|None|of:0000000000000004,,,,,of:0000000000000004,281477141311986,88,8624,40,40.3,ADDED
2026-06-08 16:59:40,None|None|None|None|of:0000000000000004,,,,,of:0000000000000004,281476729151998,26,3626,40,40.3,ADDED
2026-06-08 16:59:40,None|None|None|None|of:0000000000000001,,,,,of:0000000000000001,281478909873038,0,0,40,40.3,ADDED
2026-06-08 16:59:40,00:00:00:00:00:01|00:00:00:00:00:02|None|None|of:0000000000000001,00:00:00:00:00:01,00:00:00:00:00:02,,,of:0000000000000001,34902899196753573,39,3822,39,40.3,ADDED
2026-06-08 16:59:40,00:00:00:00:00:02|00:00:00:00:00:01|None|None|of:0000000000000001,00:00:00:00:00:02,00:00:00:00:00:01,,,of:0000000000000001,34902898986035913,49,4802,39,40.3,ADDED
2026-06-08 16:59:40,None|None|None|None|of:0000000000000001,,,,,of:0000000000000001,281477466379610,40,5600,40,40.3,ADDED
2026-06-08 16:59:40,None|None|None|None|of:0000000000000001,,,,,of:0000000000000001,281475012051420,76,7448,40,40.3,ADDED
2026-06-08 16:59:40,None|None|None|None|of:0000000000000001,,,,,of:0000000000000001,281477029321583,40,5600,40,40.3,ADDED
2026-06-08 16:59:40,None|None|None|None|of:0000000000000002,,,,,of:0000000000000002,281478316350853,0,0,40,40.3,ADDED
2026-06-08 16:59:40,None|None|None|None|of:0000000000000002,,,,,of:0000000000000002,281478673389323,28,3906,40,40.3,ADDED
2026-06-08 16:59:40,00:00:00:00:00:02|00:00:00:00:00:01|None|None|of:0000000000000002,00:00:00:00:00:02,00:00:00:00:00:01,,,of:0000000000000002,34902898441429785,37,3626,37,35.22,ADDED
2026-06-08 16:59:40,00:00:00:00:00:01|00:00:00:00:00:02|None|None|of:0000000000000002,00:00:00:00:00:01,00:00:00:00:00:02,,,of:0000000000000002,34902899328279504,69,6762,40,40.3,ADDED
2026-06-08 16:59:40,None|None|None|None|of:0000000000000002,,,,,of:0000000000000002,281475022575828,28,3906,40,40.3,ADDED
2026-06-08 16:59:40,None|None|None|None|of:0000000000000002,,,,,of:0000000000000002,281475568191580,47,4606,40,40.3,ADDED
2026-06-08 16:59:40,None|None|None|None|of:0000000000000007,,,,,of:0000000000000007,281475652364572,3,294,40,40.3,ADDED
2026-06-08 16:59:40,None|None|None|None|of:0000000000000007,,,,,of:0000000000000007,281478438392611,0,0,40,40.3,ADDED
2026-06-08 16:59:40,None|None|None|None|of:0000000000000007,,,,,of:0000000000000007,281476350262333,28,3920,40,40.3,ADDED
2026-06-08 16:59:40,None|None|None|None|of:0000000000000007,,,,,of:0000000000000007,281475000925130,28,3920,40,40.3,ADDED
2026-06-08 16:59:40,None|None|None|None|of:0000000000000008,,,,,of:0000000000000008,281476059291414,0,0,40,40.3,ADDED
2026-06-08 16:59:40,None|None|None|None|of:0000000000000008,,,,,of:0000000000000008,281476101349656,42,5852,40,40.3,ADDED
2026-06-08 16:59:40,None|None|None|None|of:0000000000000008,,,,,of:0000000000000008,281476270708671,42,5852,40,40.3,ADDED
2026-06-08 16:59:40,00:00:00:00:00:01|00:00:00:00:00:02|None|None|of:0000000000000008,00:00:00:00:00:01,00:00:00:00:00:02,,,of:0000000000000008,34902898875781211,61,5978,39,40.3,ADDED
2026-06-08 16:59:40,None|None|None|None|of:0000000000000008,,,,,of:0000000000000008,281476010895837,141,13818,40,40.3,ADDED
2026-06-08 16:59:40,None|None|None|None|of:0000000000000005,,,,,of:0000000000000005,281478762460478,0,0,40,40.3,ADDED
2026-06-08 16:59:40,None|None|None|None|of:0000000000000005,,,,,of:0000000000000005,281478211273411,28,3906,40,40.3,ADDED
2026-06-08 16:59:40,None|None|None|None|of:0000000000000005,,,,,of:0000000000000005,281475117841124,53,5194,40,40.3,ADDED
2026-06-08 16:59:40,None|None|None|None|of:0000000000000005,,,,,of:0000000000000005,281478979269874,28,3906,40,40.3,ADDED
2026-06-08 16:59:40,None|None|None|None|of:0000000000000006,,,,,of:0000000000000006,281475738574217,28,3920,40,40.3,ADDED
2026-06-08 16:59:40,None|None|None|None|of:0000000000000006,,,,,of:0000000000000006,281476873293724,28,3920,40,40.3,ADDED
2026-06-08 16:59:40,None|None|None|None|of:0000000000000006,,,,,of:0000000000000006,281475411377083,0,0,40,40.3,ADDED
2026-06-08 16:59:40,None|None|None|None|of:0000000000000006,,,,,of:0000000000000006,281478888449605,3,294,40,40.3,ADDED
2026-06-08 16:59:40,None|None|None|None|of:0000000000000009,,,,,of:0000000000000009,281478887649794,40,5573,40,40.3,ADDED
2026-06-08 16:59:40,None|None|None|None|of:0000000000000009,,,,,of:0000000000000009,281474993990194,66,6468,40,40.3,ADDED
2026-06-08 16:59:40,None|None|None|None|of:0000000000000009,,,,,of:0000000000000009,281476295891648,40,5573,40,40.3,ADDED
2026-06-08 16:59:40,None|None|None|None|of:0000000000000009,,,,,of:0000000000000009,281479019932926,0,0,40,40.3,ADDED
2026-06-08 16:59:45,None|None|None|None|of:000000000000000c,,,,,of:000000000000000c,281479100460205,94,13098,45,45.33,ADDED
2026-06-08 16:59:45,None|None|None|None|of:000000000000000c,,,,,of:000000000000000c,281475624796078,94,13098,45,45.33,ADDED
2026-06-08 16:59:45,None|None|None|None|of:000000000000000c,,,,,of:000000000000000c,281477504901495,0,0,45,45.33,ADDED
2026-06-08 16:59:45,None|None|None|None|of:000000000000000c,,,,,of:000000000000000c,281476292687096,83,8134,45,45.33,ADDED
2026-06-08 16:59:45,None|None|None|None|of:000000000000000d,,,,,of:000000000000000d,281478200287907,90,12556,45,45.33,ADDED
2026-06-08 16:59:45,None|None|None|None|of:000000000000000d,,,,,of:000000000000000d,281478788468154,83,8134,45,45.33,ADDED
2026-06-08 16:59:45,None|None|None|None|of:000000000000000d,,,,,of:000000000000000d,281478012698825,90,12556,45,45.33,ADDED
2026-06-08 16:59:45,None|None|None|None|of:000000000000000d,,,,,of:000000000000000d,281476618808057,0,0,45,45.33,ADDED
2026-06-08 16:59:45,None|None|None|None|of:000000000000000a,,,,,of:000000000000000a,281477705784245,3,294,45,45.33,ADDED
2026-06-08 16:59:45,None|None|None|None|of:000000000000000a,,,,,of:000000000000000a,281475818964416,44,6132,45,45.33,ADDED
2026-06-08 16:59:45,None|None|None|None|of:000000000000000a,,,,,of:000000000000000a,281477034268888,44,6132,45,45.33,ADDED
2026-06-08 16:59:45,None|None|None|None|of:000000000000000a,,,,,of:000000000000000a,281478593105785,0,0,45,45.33,ADDED
2026-06-08 16:59:45,None|None|None|None|of:000000000000000b,,,,,of:000000000000000b,281478277078534,101,9898,45,45.33,ADDED
2026-06-08 16:59:45,00:00:00:00:00:01|00:00:00:00:00:02|None|None|of:000000000000000b,00:00:00:00:00:01,00:00:00:00:00:02,,,of:000000000000000b,34902898369757081,45,4410,44,45.33,ADDED
2026-06-08 16:59:45,00:00:00:00:00:02|00:00:00:00:00:01|None|None|of:000000000000000b,00:00:00:00:00:02,00:00:00:00:00:01,,,of:000000000000000b,34902898247549216,42,4116,42,40.25,ADDED
2026-06-08 16:59:45,None|None|None|None|of:000000000000000b,,,,,of:000000000000000b,281476663695951,0,0,45,45.33,ADDED
2026-06-08 16:59:45,None|None|None|None|of:000000000000000b,,,,,of:000000000000000b,281476573370203,96,13376,45,45.33,ADDED
2026-06-08 16:59:45,None|None|None|None|of:000000000000000b,,,,,of:000000000000000b,281476205675487,96,13376,45,45.33,ADDED
2026-06-08 16:59:45,None|None|None|None|of:0000000000000003,,,,,of:0000000000000003,281478170942982,93,9114,45,45.33,ADDED
2026-06-08 16:59:45,00:00:00:00:00:01|00:00:00:00:00:02|None|None|of:0000000000000003,00:00:00:00:00:01,00:00:00:00:00:02,,,of:0000000000000003,34902901306865815,69,6762,45,45.33,ADDED
2026-06-08 16:59:45,None|None|None|None|of:0000000000000003,,,,,of:0000000000000003,281476661728682,32,4464,45,45.33,ADDED
2026-06-08 16:59:45,None|None|None|None|of:0000000000000003,,,,,of:0000000000000003,281477764386537,0,0,45,45.33,ADDED
2026-06-08 16:59:45,None|None|None|None|of:0000000000000003,,,,,of:0000000000000003,281476156249461,32,4464,45,45.33,ADDED
2026-06-08 16:59:45,None|None|None|None|of:0000000000000004,,,,,of:0000000000000004,281475616213265,30,4184,45,45.33,ADDED
2026-06-08 16:59:45,None|None|None|None|of:0000000000000004,,,,,of:0000000000000004,281475265228006,0,0,45,45.33,ADDED
2026-06-08 16:59:45,None|None|None|None|of:0000000000000004,,,,,of:0000000000000004,281477141311986,88,8624,45,45.33,ADDED
2026-06-08 16:59:45,None|None|None|None|of:0000000000000004,,,,,of:0000000000000004,281476729151998,30,4184,45,45.33,ADDED
2026-06-08 16:59:45,None|None|None|None|of:0000000000000001,,,,,of:0000000000000001,281478909873038,0,0,45,45.33,ADDED
2026-06-08 16:59:45,00:00:00:00:00:01|00:00:00:00:00:02|None|None|of:0000000000000001,00:00:00:00:00:01,00:00:00:00:00:02,,,of:0000000000000001,34902899196753573,44,4312,44,45.33,ADDED
2026-06-08 16:59:45,00:00:00:00:00:02|00:00:00:00:00:01|None|None|of:0000000000000001,00:00:00:00:00:02,00:00:00:00:00:01,,,of:0000000000000001,34902898986035913,54,5292,44,45.33,ADDED
2026-06-08 16:59:45,None|None|None|None|of:0000000000000001,,,,,of:0000000000000001,281477466379610,46,6440,45,45.33,ADDED
2026-06-08 16:59:45,None|None|None|None|of:0000000000000001,,,,,of:0000000000000001,281475012051420,76,7448,45,45.33,ADDED
2026-06-08 16:59:45,None|None|None|None|of:0000000000000001,,,,,of:0000000000000001,281477029321583,46,6440,45,45.33,ADDED
2026-06-08 16:59:45,None|None|None|None|of:0000000000000002,,,,,of:0000000000000002,281478316350853,0,0,45,45.33,ADDED
2026-06-08 16:59:45,None|None|None|None|of:0000000000000002,,,,,of:0000000000000002,281478673389323,32,4464,45,45.33,ADDED
2026-06-08 16:59:45,00:00:00:00:00:02|00:00:00:00:00:01|None|None|of:0000000000000002,00:00:00:00:00:02,00:00:00:00:00:01,,,of:0000000000000002,34902898441429785,42,4116,42,40.25,ADDED
2026-06-08 16:59:45,00:00:00:00:00:01|00:00:00:00:00:02|None|None|of:0000000000000002,00:00:00:00:00:01,00:00:00:00:00:02,,,of:0000000000000002,34902899328279504,74,7252,45,45.33,ADDED
2026-06-08 16:59:45,None|None|None|None|of:0000000000000002,,,,,of:0000000000000002,281475022575828,32,4464,45,45.33,ADDED
2026-06-08 16:59:45,None|None|None|None|of:0000000000000002,,,,,of:0000000000000002,281475568191580,47,4606,45,45.33,ADDED
2026-06-08 16:59:45,None|None|None|None|of:0000000000000007,,,,,of:0000000000000007,281475652364572,3,294,45,45.33,ADDED
2026-06-08 16:59:45,None|None|None|None|of:0000000000000007,,,,,of:0000000000000007,281478438392611,0,0,45,45.33,ADDED
2026-06-08 16:59:45,None|None|None|None|of:0000000000000007,,,,,of:0000000000000007,281476350262333,32,4480,45,45.33,ADDED
2026-06-08 16:59:45,None|None|None|None|of:0000000000000007,,,,,of:0000000000000007,281475000925130,32,4480,45,45.33,ADDED
2026-06-08 16:59:45,None|None|None|None|of:0000000000000008,,,,,of:0000000000000008,281476059291414,0,0,45,45.33,ADDED
2026-06-08 16:59:45,None|None|None|None|of:0000000000000008,,,,,of:0000000000000008,281476101349656,48,6688,45,45.33,ADDED
2026-06-08 16:59:45,None|None|None|None|of:0000000000000008,,,,,of:0000000000000008,281476270708671,48,6688,45,45.33,ADDED
2026-06-08 16:59:45,00:00:00:00:00:01|00:00:00:00:00:02|None|None|of:0000000000000008,00:00:00:00:00:01,00:00:00:00:00:02,,,of:0000000000000008,34902898875781211,66,6468,44,45.33,ADDED
2026-06-08 16:59:45,None|None|None|None|of:0000000000000008,,,,,of:0000000000000008,281476010895837,141,13818,45,45.33,ADDED
2026-06-08 16:59:45,None|None|None|None|of:0000000000000005,,,,,of:0000000000000005,281478762460478,0,0,45,45.33,ADDED
2026-06-08 16:59:45,None|None|None|None|of:0000000000000005,,,,,of:0000000000000005,281478211273411,32,4464,45,45.33,ADDED
2026-06-08 16:59:45,None|None|None|None|of:0000000000000005,,,,,of:0000000000000005,281475117841124,53,5194,45,45.33,ADDED
2026-06-08 16:59:45,None|None|None|None|of:0000000000000005,,,,,of:0000000000000005,281478979269874,32,4464,45,45.33,ADDED
2026-06-08 16:59:45,None|None|None|None|of:0000000000000006,,,,,of:0000000000000006,281475738574217,32,4480,45,45.33,ADDED
2026-06-08 16:59:45,None|None|None|None|of:0000000000000006,,,,,of:0000000000000006,281476873293724,32,4480,45,45.33,ADDED
2026-06-08 16:59:45,None|None|None|None|of:0000000000000006,,,,,of:0000000000000006,281475411377083,0,0,45,45.33,ADDED
2026-06-08 16:59:45,None|None|None|None|of:0000000000000006,,,,,of:0000000000000006,281478888449605,3,294,45,45.33,ADDED
2026-06-08 16:59:45,None|None|None|None|of:0000000000000009,,,,,of:0000000000000009,281478887649794,45,6270,45,45.33,ADDED
2026-06-08 16:59:45,None|None|None|None|of:0000000000000009,,,,,of:0000000000000009,281474993990194,66,6468,45,45.33,ADDED
2026-06-08 16:59:45,None|None|None|None|of:0000000000000009,,,,,of:0000000000000009,281476295891648,45,6270,45,45.33,ADDED
2026-06-08 16:59:45,None|None|None|None|of:0000000000000009,,,,,of:0000000000000009,281479019932926,0,0,45,45.33,ADDED
2026-06-08 16:59:50,None|None|None|None|of:000000000000000c,,,,,of:000000000000000c,281479100460205,106,14770,50,50.35,ADDED
2026-06-08 16:59:50,None|None|None|None|of:000000000000000c,,,,,of:000000000000000c,281475624796078,106,14770,50,50.35,ADDED
2026-06-08 16:59:50,None|None|None|None|of:000000000000000c,,,,,of:000000000000000c,281477504901495,0,0,50,50.35,ADDED
2026-06-08 16:59:50,None|None|None|None|of:000000000000000c,,,,,of:000000000000000c,281476292687096,83,8134,50,50.35,ADDED
2026-06-08 16:59:50,None|None|None|None|of:000000000000000d,,,,,of:000000000000000d,281478200287907,102,14230,50,50.35,ADDED
2026-06-08 16:59:50,None|None|None|None|of:000000000000000d,,,,,of:000000000000000d,281478788468154,83,8134,50,50.35,ADDED
2026-06-08 16:59:50,None|None|None|None|of:000000000000000d,,,,,of:000000000000000d,281478012698825,102,14230,50,50.35,ADDED
2026-06-08 16:59:50,None|None|None|None|of:000000000000000d,,,,,of:000000000000000d,281476618808057,0,0,50,50.35,ADDED
2026-06-08 16:59:50,None|None|None|None|of:000000000000000a,,,,,of:000000000000000a,281477705784245,3,294,50,50.35,ADDED
2026-06-08 16:59:50,None|None|None|None|of:000000000000000a,,,,,of:000000000000000a,281475818964416,50,6968,50,50.35,ADDED
2026-06-08 16:59:50,None|None|None|None|of:000000000000000a,,,,,of:000000000000000a,281477034268888,50,6968,50,50.35,ADDED
2026-06-08 16:59:50,None|None|None|None|of:000000000000000a,,,,,of:000000000000000a,281478593105785,0,0,50,50.35,ADDED
2026-06-08 16:59:50,None|None|None|None|of:000000000000000b,,,,,of:000000000000000b,281478277078534,101,9898,50,50.35,ADDED
2026-06-08 16:59:50,00:00:00:00:00:01|00:00:00:00:00:02|None|None|of:000000000000000b,00:00:00:00:00:01,00:00:00:00:00:02,,,of:000000000000000b,34902898369757081,50,4900,49,50.35,ADDED
2026-06-08 16:59:50,00:00:00:00:00:02|00:00:00:00:00:01|None|None|of:000000000000000b,00:00:00:00:00:02,00:00:00:00:00:01,,,of:000000000000000b,34902898247549216,47,4606,47,45.27,ADDED
2026-06-08 16:59:50,None|None|None|None|of:000000000000000b,,,,,of:000000000000000b,281476663695951,0,0,50,50.35,ADDED
2026-06-08 16:59:50,None|None|None|None|of:000000000000000b,,,,,of:000000000000000b,281476573370203,108,15048,50,50.35,ADDED
2026-06-08 16:59:50,None|None|None|None|of:000000000000000b,,,,,of:000000000000000b,281476205675487,108,15048,50,50.35,ADDED
2026-06-08 16:59:50,None|None|None|None|of:0000000000000003,,,,,of:0000000000000003,281478170942982,93,9114,50,50.35,ADDED
2026-06-08 16:59:50,00:00:00:00:00:01|00:00:00:00:00:02|None|None|of:0000000000000003,00:00:00:00:00:01,00:00:00:00:00:02,,,of:0000000000000003,34902901306865815,74,7252,50,50.35,ADDED
2026-06-08 16:59:50,None|None|None|None|of:0000000000000003,,,,,of:0000000000000003,281476661728682,36,5022,50,50.35,ADDED
2026-06-08 16:59:50,None|None|None|None|of:0000000000000003,,,,,of:0000000000000003,281477764386537,0,0,50,50.35,ADDED
2026-06-08 16:59:50,None|None|None|None|of:0000000000000003,,,,,of:0000000000000003,281476156249461,36,5022,50,50.35,ADDED
2026-06-08 16:59:50,None|None|None|None|of:0000000000000004,,,,,of:0000000000000004,281475616213265,34,4742,50,50.35,ADDED
2026-06-08 16:59:50,None|None|None|None|of:0000000000000004,,,,,of:0000000000000004,281475265228006,0,0,50,50.35,ADDED
2026-06-08 16:59:50,None|None|None|None|of:0000000000000004,,,,,of:0000000000000004,281477141311986,88,8624,50,50.35,ADDED
2026-06-08 16:59:50,None|None|None|None|of:0000000000000004,,,,,of:0000000000000004,281476729151998,34,4742,50,50.35,ADDED
2026-06-08 16:59:50,None|None|None|None|of:0000000000000001,,,,,of:0000000000000001,281478909873038,0,0,50,50.35,ADDED
2026-06-08 16:59:50,00:00:00:00:00:01|00:00:00:00:00:02|None|None|of:0000000000000001,00:00:00:00:00:01,00:00:00:00:00:02,,,of:0000000000000001,34902899196753573,49,4802,49,50.35,ADDED
2026-06-08 16:59:50,00:00:00:00:00:02|00:00:00:00:00:01|None|None|of:0000000000000001,00:00:00:00:00:02,00:00:00:00:00:01,,,of:0000000000000001,34902898986035913,59,5782,49,50.35,ADDED
2026-06-08 16:59:50,None|None|None|None|of:0000000000000001,,,,,of:0000000000000001,281477466379610,52,7280,50,50.35,ADDED
2026-06-08 16:59:50,None|None|None|None|of:0000000000000001,,,,,of:0000000000000001,281475012051420,76,7448,50,50.35,ADDED
2026-06-08 16:59:50,None|None|None|None|of:0000000000000001,,,,,of:0000000000000001,281477029321583,52,7280,50,50.35,ADDED
2026-06-08 16:59:50,None|None|None|None|of:0000000000000002,,,,,of:0000000000000002,281478316350853,0,0,50,50.35,ADDED
2026-06-08 16:59:50,None|None|None|None|of:0000000000000002,,,,,of:0000000000000002,281478673389323,36,5022,50,50.35,ADDED
2026-06-08 16:59:50,00:00:00:00:00:02|00:00:00:00:00:01|None|None|of:0000000000000002,00:00:00:00:00:02,00:00:00:00:00:01,,,of:0000000000000002,34902898441429785,47,4606,47,45.27,ADDED
2026-06-08 16:59:50,00:00:00:00:00:01|00:00:00:00:00:02|None|None|of:0000000000000002,00:00:00:00:00:01,00:00:00:00:00:02,,,of:0000000000000002,34902899328279504,79,7742,50,50.35,ADDED
2026-06-08 16:59:50,None|None|None|None|of:0000000000000002,,,,,of:0000000000000002,281475022575828,36,5022,50,50.35,ADDED
2026-06-08 16:59:50,None|None|None|None|of:0000000000000002,,,,,of:0000000000000002,281475568191580,47,4606,50,50.35,ADDED
2026-06-08 16:59:50,None|None|None|None|of:0000000000000007,,,,,of:0000000000000007,281475652364572,3,294,50,50.35,ADDED
2026-06-08 16:59:50,None|None|None|None|of:0000000000000007,,,,,of:0000000000000007,281478438392611,0,0,50,50.35,ADDED
2026-06-08 16:59:50,None|None|None|None|of:0000000000000007,,,,,of:0000000000000007,281476350262333,36,5040,50,50.35,ADDED
2026-06-08 16:59:50,None|None|None|None|of:0000000000000007,,,,,of:0000000000000007,281475000925130,36,5040,50,50.35,ADDED
2026-06-08 16:59:50,None|None|None|None|of:0000000000000008,,,,,of:0000000000000008,281476059291414,0,0,50,50.35,ADDED
2026-06-08 16:59:50,None|None|None|None|of:0000000000000008,,,,,of:0000000000000008,281476101349656,54,7524,50,50.35,ADDED
2026-06-08 16:59:50,None|None|None|None|of:0000000000000008,,,,,of:0000000000000008,281476270708671,54,7524,50,50.35,ADDED
2026-06-08 16:59:50,00:00:00:00:00:01|00:00:00:00:00:02|None|None|of:0000000000000008,00:00:00:00:00:01,00:00:00:00:00:02,,,of:0000000000000008,34902898875781211,71,6958,49,50.35,ADDED
2026-06-08 16:59:50,None|None|None|None|of:0000000000000008,,,,,of:0000000000000008,281476010895837,141,13818,50,50.35,ADDED
2026-06-08 16:59:50,None|None|None|None|of:0000000000000005,,,,,of:0000000000000005,281478762460478,0,0,50,50.35,ADDED
2026-06-08 16:59:50,None|None|None|None|of:0000000000000005,,,,,of:0000000000000005,281478211273411,35,4883,50,50.35,ADDED
2026-06-08 16:59:50,None|None|None|None|of:0000000000000005,,,,,of:0000000000000005,281475117841124,53,5194,50,50.35,ADDED
2026-06-08 16:59:50,None|None|None|None|of:0000000000000005,,,,,of:0000000000000005,281478979269874,35,4883,50,50.35,ADDED
2026-06-08 16:59:50,None|None|None|None|of:0000000000000006,,,,,of:0000000000000006,281475738574217,36,5040,50,50.35,ADDED
2026-06-08 16:59:50,None|None|None|None|of:0000000000000006,,,,,of:0000000000000006,281476873293724,36,5040,50,50.35,ADDED
2026-06-08 16:59:50,None|None|None|None|of:0000000000000006,,,,,of:0000000000000006,281475411377083,0,0,50,50.35,ADDED
2026-06-08 16:59:50,None|None|None|None|of:0000000000000006,,,,,of:0000000000000006,281478888449605,3,294,50,50.35,ADDED
2026-06-08 16:59:50,None|None|None|None|of:0000000000000009,,,,,of:0000000000000009,281478887649794,51,7106,50,50.35,ADDED
2026-06-08 16:59:50,None|None|None|None|of:0000000000000009,,,,,of:0000000000000009,281474993990194,66,6468,50,50.35,ADDED
2026-06-08 16:59:50,None|None|None|None|of:0000000000000009,,,,,of:0000000000000009,281476295891648,51,7106,50,50.35,ADDED
2026-06-08 16:59:50,None|None|None|None|of:0000000000000009,,,,,of:0000000000000009,281479019932926,0,0,50,50.35,ADDED
2026-06-08 16:59:55,None|None|None|None|of:000000000000000c,,,,,of:000000000000000c,281479100460205,113,15745,55,55.38,ADDED
2026-06-08 16:59:55,None|None|None|None|of:000000000000000c,,,,,of:000000000000000c,281475624796078,113,15745,55,55.38,ADDED
2026-06-08 16:59:55,None|None|None|None|of:000000000000000c,,,,,of:000000000000000c,281477504901495,0,0,55,55.38,ADDED
2026-06-08 16:59:55,None|None|None|None|of:000000000000000c,,,,,of:000000000000000c,281476292687096,83,8134,55,55.38,ADDED
2026-06-08 16:59:55,None|None|None|None|of:000000000000000d,,,,,of:000000000000000d,281478200287907,110,15345,55,55.38,ADDED
2026-06-08 16:59:55,None|None|None|None|of:000000000000000d,,,,,of:000000000000000d,281478788468154,83,8134,55,55.38,ADDED
2026-06-08 16:59:55,None|None|None|None|of:000000000000000d,,,,,of:000000000000000d,281478012698825,110,15345,55,55.38,ADDED
2026-06-08 16:59:55,None|None|None|None|of:000000000000000d,,,,,of:000000000000000d,281476618808057,0,0,55,55.38,ADDED
2026-06-08 16:59:55,None|None|None|None|of:000000000000000a,,,,,of:000000000000000a,281477705784245,3,294,55,55.38,ADDED
2026-06-08 16:59:55,None|None|None|None|of:000000000000000a,,,,,of:000000000000000a,281475818964416,55,7664,55,55.38,ADDED
2026-06-08 16:59:55,None|None|None|None|of:000000000000000a,,,,,of:000000000000000a,281477034268888,55,7664,55,55.38,ADDED
2026-06-08 16:59:55,None|None|None|None|of:000000000000000a,,,,,of:000000000000000a,281478593105785,0,0,55,55.38,ADDED
2026-06-08 16:59:55,None|None|None|None|of:000000000000000b,,,,,of:000000000000000b,281478277078534,101,9898,55,55.38,ADDED
2026-06-08 16:59:55,00:00:00:00:00:01|00:00:00:00:00:02|None|None|of:000000000000000b,00:00:00:00:00:01,00:00:00:00:00:02,,,of:000000000000000b,34902898369757081,55,5390,54,55.38,ADDED
2026-06-08 16:59:55,00:00:00:00:00:02|00:00:00:00:00:01|None|None|of:000000000000000b,00:00:00:00:00:02,00:00:00:00:00:01,,,of:000000000000000b,34902898247549216,52,5096,52,50.31,ADDED
2026-06-08 16:59:55,None|None|None|None|of:000000000000000b,,,,,of:000000000000000b,281476663695951,0,0,55,55.38,ADDED
2026-06-08 16:59:55,None|None|None|None|of:000000000000000b,,,,,of:000000000000000b,281476573370203,114,15884,55,55.38,ADDED
2026-06-08 16:59:55,None|None|None|None|of:000000000000000b,,,,,of:000000000000000b,281476205675487,114,15884,55,55.38,ADDED
2026-06-08 16:59:55,None|None|None|None|of:0000000000000003,,,,,of:0000000000000003,281478170942982,93,9114,55,55.38,ADDED
2026-06-08 16:59:55,00:00:00:00:00:01|00:00:00:00:00:02|None|None|of:0000000000000003,00:00:00:00:00:01,00:00:00:00:00:02,,,of:0000000000000003,34902901306865815,79,7742,55,55.38,ADDED
2026-06-08 16:59:55,None|None|None|None|of:0000000000000003,,,,,of:0000000000000003,281476661728682,38,5301,55,55.38,ADDED
2026-06-08 16:59:55,None|None|None|None|of:0000000000000003,,,,,of:0000000000000003,281477764386537,0,0,55,55.38,ADDED
2026-06-08 16:59:55,None|None|None|None|of:0000000000000003,,,,,of:0000000000000003,281476156249461,38,5301,55,55.38,ADDED
2026-06-08 16:59:55,None|None|None|None|of:0000000000000004,,,,,of:0000000000000004,281475616213265,36,5021,55,55.38,ADDED
2026-06-08 16:59:55,None|None|None|None|of:0000000000000004,,,,,of:0000000000000004,281475265228006,0,0,55,55.38,ADDED
2026-06-08 16:59:55,None|None|None|None|of:0000000000000004,,,,,of:0000000000000004,281477141311986,88,8624,55,55.38,ADDED
2026-06-08 16:59:55,None|None|None|None|of:0000000000000004,,,,,of:0000000000000004,281476729151998,36,5021,55,55.38,ADDED
2026-06-08 16:59:55,None|None|None|None|of:0000000000000001,,,,,of:0000000000000001,281478909873038,0,0,55,55.38,ADDED
2026-06-08 16:59:55,00:00:00:00:00:01|00:00:00:00:00:02|None|None|of:0000000000000001,00:00:00:00:00:01,00:00:00:00:00:02,,,of:0000000000000001,34902899196753573,54,5292,54,55.38,ADDED
2026-06-08 16:59:55,00:00:00:00:00:02|00:00:00:00:00:01|None|None|of:0000000000000001,00:00:00:00:00:02,00:00:00:00:00:01,,,of:0000000000000001,34902898986035913,64,6272,54,55.38,ADDED
2026-06-08 16:59:55,None|None|None|None|of:0000000000000001,,,,,of:0000000000000001,281477466379610,55,7700,55,55.38,ADDED
2026-06-08 16:59:55,None|None|None|None|of:0000000000000001,,,,,of:0000000000000001,281475012051420,76,7448,55,55.38,ADDED
2026-06-08 16:59:55,None|None|None|None|of:0000000000000001,,,,,of:0000000000000001,281477029321583,55,7700,55,55.38,ADDED
2026-06-08 16:59:55,None|None|None|None|of:0000000000000002,,,,,of:0000000000000002,281478316350853,0,0,55,55.38,ADDED
2026-06-08 16:59:55,None|None|None|None|of:0000000000000002,,,,,of:0000000000000002,281478673389323,38,5301,55,55.38,ADDED
2026-06-08 16:59:55,00:00:00:00:00:02|00:00:00:00:00:01|None|None|of:0000000000000002,00:00:00:00:00:02,00:00:00:00:00:01,,,of:0000000000000002,34902898441429785,52,5096,52,50.3,ADDED
2026-06-08 16:59:55,00:00:00:00:00:01|00:00:00:00:00:02|None|None|of:0000000000000002,00:00:00:00:00:01,00:00:00:00:00:02,,,of:0000000000000002,34902899328279504,84,8232,55,55.38,ADDED
2026-06-08 16:59:55,None|None|None|None|of:0000000000000002,,,,,of:0000000000000002,281475022575828,38,5301,55,55.38,ADDED
2026-06-08 16:59:55,None|None|None|None|of:0000000000000002,,,,,of:0000000000000002,281475568191580,47,4606,55,55.38,ADDED
2026-06-08 16:59:55,None|None|None|None|of:0000000000000007,,,,,of:0000000000000007,281475652364572,3,294,55,55.38,ADDED
2026-06-08 16:59:55,None|None|None|None|of:0000000000000007,,,,,of:0000000000000007,281478438392611,0,0,55,55.38,ADDED
2026-06-08 16:59:55,None|None|None|None|of:0000000000000007,,,,,of:0000000000000007,281476350262333,38,5320,55,55.38,ADDED
2026-06-08 16:59:55,None|None|None|None|of:0000000000000007,,,,,of:0000000000000007,281475000925130,38,5320,55,55.38,ADDED
2026-06-08 16:59:55,None|None|None|None|of:0000000000000008,,,,,of:0000000000000008,281476059291414,0,0,55,55.38,ADDED
2026-06-08 16:59:55,None|None|None|None|of:0000000000000008,,,,,of:0000000000000008,281476101349656,57,7942,55,55.38,ADDED
2026-06-08 16:59:55,None|None|None|None|of:0000000000000008,,,,,of:0000000000000008,281476270708671,57,7942,55,55.38,ADDED
2026-06-08 16:59:55,00:00:00:00:00:01|00:00:00:00:00:02|None|None|of:0000000000000008,00:00:00:00:00:01,00:00:00:00:00:02,,,of:0000000000000008,34902898875781211,76,7448,54,55.38,ADDED
2026-06-08 16:59:55,None|None|None|None|of:0000000000000008,,,,,of:0000000000000008,281476010895837,141,13818,55,55.38,ADDED
2026-06-08 16:59:55,None|None|None|None|of:0000000000000005,,,,,of:0000000000000005,281478762460478,0,0,55,55.38,ADDED
2026-06-08 16:59:55,None|None|None|None|of:0000000000000005,,,,,of:0000000000000005,281478211273411,38,5301,55,55.38,ADDED
2026-06-08 16:59:55,None|None|None|None|of:0000000000000005,,,,,of:0000000000000005,281475117841124,53,5194,55,55.38,ADDED
2026-06-08 16:59:55,None|None|None|None|of:0000000000000005,,,,,of:0000000000000005,281478979269874,38,5301,55,55.38,ADDED
2026-06-08 16:59:55,None|None|None|None|of:0000000000000006,,,,,of:0000000000000006,281475738574217,38,5320,55,55.38,ADDED
2026-06-08 16:59:55,None|None|None|None|of:0000000000000006,,,,,of:0000000000000006,281476873293724,38,5320,55,55.38,ADDED
2026-06-08 16:59:55,None|None|None|None|of:0000000000000006,,,,,of:0000000000000006,281475411377083,0,0,55,55.38,ADDED
2026-06-08 16:59:55,None|None|None|None|of:0000000000000006,,,,,of:0000000000000006,281478888449605,3,294,55,55.38,ADDED
2026-06-08 16:59:55,None|None|None|None|of:0000000000000009,,,,,of:0000000000000009,281478887649794,55,7663,55,55.38,ADDED
2026-06-08 16:59:55,None|None|None|None|of:0000000000000009,,,,,of:0000000000000009,281474993990194,66,6468,55,55.38,ADDED
2026-06-08 16:59:55,None|None|None|None|of:0000000000000009,,,,,of:0000000000000009,281476295891648,55,7663,55,55.38,ADDED
2026-06-08 16:59:55,None|None|None|None|of:0000000000000009,,,,,of:0000000000000009,281479019932926,0,0,55,55.38,ADDED
2026-06-08 17:00:00,None|None|None|None|of:000000000000000c,,,,,of:000000000000000c,281479100460205,124,17278,60,60.42,ADDED
2026-06-08 17:00:00,None|None|None|None|of:000000000000000c,,,,,of:000000000000000c,281475624796078,124,17278,60,60.42,ADDED
2026-06-08 17:00:00,None|None|None|None|of:000000000000000c,,,,,of:000000000000000c,281477504901495,0,0,60,60.42,ADDED
2026-06-08 17:00:00,None|None|None|None|of:000000000000000c,,,,,of:000000000000000c,281476292687096,83,8134,60,60.42,ADDED
2026-06-08 17:00:00,None|None|None|None|of:000000000000000d,,,,,of:000000000000000d,281478200287907,120,16741,60,60.42,ADDED
2026-06-08 17:00:00,None|None|None|None|of:000000000000000d,,,,,of:000000000000000d,281478788468154,83,8134,60,60.42,ADDED
2026-06-08 17:00:00,None|None|None|None|of:000000000000000d,,,,,of:000000000000000d,281478012698825,120,16741,60,60.42,ADDED
2026-06-08 17:00:00,None|None|None|None|of:000000000000000d,,,,,of:000000000000000d,281476618808057,0,0,60,60.42,ADDED
2026-06-08 17:00:00,None|None|None|None|of:000000000000000a,,,,,of:000000000000000a,281477705784245,3,294,60,60.42,ADDED
2026-06-08 17:00:00,None|None|None|None|of:000000000000000a,,,,,of:000000000000000a,281475818964416,59,8222,60,60.42,ADDED
2026-06-08 17:00:00,None|None|None|None|of:000000000000000a,,,,,of:000000000000000a,281477034268888,59,8222,60,60.42,ADDED
2026-06-08 17:00:00,None|None|None|None|of:000000000000000a,,,,,of:000000000000000a,281478593105785,0,0,60,60.42,ADDED
2026-06-08 17:00:00,None|None|None|None|of:000000000000000b,,,,,of:000000000000000b,281478277078534,101,9898,60,60.42,ADDED
2026-06-08 17:00:00,00:00:00:00:00:01|00:00:00:00:00:02|None|None|of:000000000000000b,00:00:00:00:00:01,00:00:00:00:00:02,,,of:000000000000000b,34902898369757081,60,5880,59,60.42,ADDED
2026-06-08 17:00:00,00:00:00:00:00:02|00:00:00:00:00:01|None|None|of:000000000000000b,00:00:00:00:00:02,00:00:00:00:00:01,,,of:000000000000000b,34902898247549216,57,5586,57,55.34,ADDED
2026-06-08 17:00:00,None|None|None|None|of:000000000000000b,,,,,of:000000000000000b,281476663695951,0,0,60,60.42,ADDED
2026-06-08 17:00:00,None|None|None|None|of:000000000000000b,,,,,of:000000000000000b,281476573370203,126,17556,60,60.42,ADDED
2026-06-08 17:00:00,None|None|None|None|of:000000000000000b,,,,,of:000000000000000b,281476205675487,126,17556,60,60.42,ADDED
2026-06-08 17:00:00,None|None|None|None|of:0000000000000003,,,,,of:0000000000000003,281478170942982,93,9114,60,60.42,ADDED
2026-06-08 17:00:00,00:00:00:00:00:01|00:00:00:00:00:02|None|None|of:0000000000000003,00:00:00:00:00:01,00:00:00:00:00:02,,,of:0000000000000003,34902901306865815,84,8232,60,60.42,ADDED
2026-06-08 17:00:00,None|None|None|None|of:0000000000000003,,,,,of:0000000000000003,281476661728682,42,5859,60,60.42,ADDED
2026-06-08 17:00:00,None|None|None|None|of:0000000000000003,,,,,of:0000000000000003,281477764386537,0,0,60,60.42,ADDED
2026-06-08 17:00:00,None|None|None|None|of:0000000000000003,,,,,of:0000000000000003,281476156249461,42,5859,60,60.42,ADDED
2026-06-08 17:00:00,None|None|None|None|of:0000000000000004,,,,,of:0000000000000004,281475616213265,40,5579,60,60.42,ADDED
2026-06-08 17:00:00,None|None|None|None|of:0000000000000004,,,,,of:0000000000000004,281475265228006,0,0,60,60.42,ADDED
2026-06-08 17:00:00,None|None|None|None|of:0000000000000004,,,,,of:0000000000000004,281477141311986,88,8624,60,60.42,ADDED
2026-06-08 17:00:00,None|None|None|None|of:0000000000000004,,,,,of:0000000000000004,281476729151998,40,5579,60,60.42,ADDED
2026-06-08 17:00:00,None|None|None|None|of:0000000000000001,,,,,of:0000000000000001,281478909873038,0,0,60,60.42,ADDED
2026-06-08 17:00:00,00:00:00:00:00:01|00:00:00:00:00:02|None|None|of:0000000000000001,00:00:00:00:00:01,00:00:00:00:00:02,,,of:0000000000000001,34902899196753573,59,5782,59,60.42,ADDED
2026-06-08 17:00:00,00:00:00:00:00:02|00:00:00:00:00:01|None|None|of:0000000000000001,00:00:00:00:00:02,00:00:00:00:00:01,,,of:0000000000000001,34902898986035913,69,6762,59,60.42,ADDED
2026-06-08 17:00:00,None|None|None|None|of:0000000000000001,,,,,of:0000000000000001,281477466379610,61,8540,60,60.42,ADDED
2026-06-08 17:00:00,None|None|None|None|of:0000000000000001,,,,,of:0000000000000001,281475012051420,76,7448,60,60.42,ADDED
2026-06-08 17:00:00,None|None|None|None|of:0000000000000001,,,,,of:0000000000000001,281477029321583,61,8540,60,60.42,ADDED
2026-06-08 17:00:00,None|None|None|None|of:0000000000000002,,,,,of:0000000000000002,281478316350853,0,0,60,60.42,ADDED
2026-06-08 17:00:00,None|None|None|None|of:0000000000000002,,,,,of:0000000000000002,281478673389323,42,5859,60,60.42,ADDED
2026-06-08 17:00:00,00:00:00:00:00:02|00:00:00:00:00:01|None|None|of:0000000000000002,00:00:00:00:00:02,00:00:00:00:00:01,,,of:0000000000000002,34902898441429785,57,5586,57,55.34,ADDED
2026-06-08 17:00:00,00:00:00:00:00:01|00:00:00:00:00:02|None|None|of:0000000000000002,00:00:00:00:00:01,00:00:00:00:00:02,,,of:0000000000000002,34902899328279504,89,8722,60,60.42,ADDED
2026-06-08 17:00:00,None|None|None|None|of:0000000000000002,,,,,of:0000000000000002,281475022575828,42,5859,60,60.42,ADDED
2026-06-08 17:00:00,None|None|None|None|of:0000000000000002,,,,,of:0000000000000002,281475568191580,47,4606,60,60.42,ADDED
2026-06-08 17:00:00,None|None|None|None|of:0000000000000007,,,,,of:0000000000000007,281475652364572,3,294,60,60.42,ADDED
2026-06-08 17:00:00,None|None|None|None|of:0000000000000007,,,,,of:0000000000000007,281478438392611,0,0,60,60.42,ADDED
2026-06-08 17:00:00,None|None|None|None|of:0000000000000007,,,,,of:0000000000000007,281476350262333,42,5880,60,60.42,ADDED
2026-06-08 17:00:00,None|None|None|None|of:0000000000000007,,,,,of:0000000000000007,281475000925130,42,5880,60,60.42,ADDED
2026-06-08 17:00:00,None|None|None|None|of:0000000000000008,,,,,of:0000000000000008,281476059291414,0,0,60,60.42,ADDED
2026-06-08 17:00:00,None|None|None|None|of:0000000000000008,,,,,of:0000000000000008,281476101349656,63,8778,60,60.42,ADDED
2026-06-08 17:00:00,None|None|None|None|of:0000000000000008,,,,,of:0000000000000008,281476270708671,63,8778,60,60.42,ADDED
2026-06-08 17:00:00,00:00:00:00:00:01|00:00:00:00:00:02|None|None|of:0000000000000008,00:00:00:00:00:01,00:00:00:00:00:02,,,of:0000000000000008,34902898875781211,81,7938,59,60.42,ADDED
2026-06-08 17:00:00,None|None|None|None|of:0000000000000008,,,,,of:0000000000000008,281476010895837,141,13818,60,60.42,ADDED
2026-06-08 17:00:00,None|None|None|None|of:0000000000000005,,,,,of:0000000000000005,281478762460478,0,0,60,60.42,ADDED
2026-06-08 17:00:00,None|None|None|None|of:0000000000000005,,,,,of:0000000000000005,281478211273411,42,5859,60,60.42,ADDED
2026-06-08 17:00:00,None|None|None|None|of:0000000000000005,,,,,of:0000000000000005,281475117841124,53,5194,60,60.42,ADDED
2026-06-08 17:00:00,None|None|None|None|of:0000000000000005,,,,,of:0000000000000005,281478979269874,42,5859,60,60.42,ADDED
2026-06-08 17:00:00,None|None|None|None|of:0000000000000006,,,,,of:0000000000000006,281475738574217,42,5880,60,60.42,ADDED
2026-06-08 17:00:00,None|None|None|None|of:0000000000000006,,,,,of:0000000000000006,281476873293724,42,5880,60,60.42,ADDED
2026-06-08 17:00:00,None|None|None|None|of:0000000000000006,,,,,of:0000000000000006,281475411377083,0,0,60,60.42,ADDED
2026-06-08 17:00:00,None|None|None|None|of:0000000000000006,,,,,of:0000000000000006,281478888449605,3,294,60,60.42,ADDED
2026-06-08 17:00:00,None|None|None|None|of:0000000000000009,,,,,of:0000000000000009,281478887649794,60,8360,60,60.42,ADDED
2026-06-08 17:00:00,None|None|None|None|of:0000000000000009,,,,,of:0000000000000009,281474993990194,66,6468,60,60.42,ADDED
2026-06-08 17:00:00,None|None|None|None|of:0000000000000009,,,,,of:0000000000000009,281476295891648,60,8360,60,60.42,ADDED
2026-06-08 17:00:00,None|None|None|None|of:0000000000000009,,,,,of:0000000000000009,281479019932926,0,0,60,60.42,ADDED
2026-06-08 17:00:05,None|None|None|None|of:000000000000000c,,,,,of:000000000000000c,281479100460205,135,18811,65,65.45,ADDED
2026-06-08 17:00:05,None|None|None|None|of:000000000000000c,,,,,of:000000000000000c,281475624796078,135,18811,65,65.45,ADDED
2026-06-08 17:00:05,None|None|None|None|of:000000000000000c,,,,,of:000000000000000c,281477504901495,0,0,65,65.45,ADDED
2026-06-08 17:00:05,None|None|None|None|of:000000000000000c,,,,,of:000000000000000c,281476292687096,83,8134,65,65.45,ADDED
2026-06-08 17:00:05,None|None|None|None|of:000000000000000d,,,,,of:000000000000000d,281478200287907,132,18415,65,65.45,ADDED
2026-06-08 17:00:05,None|None|None|None|of:000000000000000d,,,,,of:000000000000000d,281478788468154,83,8134,65,65.45,ADDED
2026-06-08 17:00:05,None|None|None|None|of:000000000000000d,,,,,of:000000000000000d,281478012698825,132,18415,65,65.45,ADDED
2026-06-08 17:00:05,None|None|None|None|of:000000000000000d,,,,,of:000000000000000d,281476618808057,0,0,65,65.45,ADDED
2026-06-08 17:00:05,None|None|None|None|of:000000000000000a,,,,,of:000000000000000a,281477705784245,3,294,65,65.45,ADDED
2026-06-08 17:00:05,None|None|None|None|of:000000000000000a,,,,,of:000000000000000a,281475818964416,65,9058,65,65.45,ADDED
2026-06-08 17:00:05,None|None|None|None|of:000000000000000a,,,,,of:000000000000000a,281477034268888,65,9058,65,65.45,ADDED
2026-06-08 17:00:05,None|None|None|None|of:000000000000000a,,,,,of:000000000000000a,281478593105785,0,0,65,65.45,ADDED
2026-06-08 17:00:05,None|None|None|None|of:000000000000000b,,,,,of:000000000000000b,281478277078534,101,9898,65,65.45,ADDED
2026-06-08 17:00:05,00:00:00:00:00:01|00:00:00:00:00:02|None|None|of:000000000000000b,00:00:00:00:00:01,00:00:00:00:00:02,,,of:000000000000000b,34902898369757081,65,6370,64,65.45,ADDED
2026-06-08 17:00:05,00:00:00:00:00:02|00:00:00:00:00:01|None|None|of:000000000000000b,00:00:00:00:00:02,00:00:00:00:00:01,,,of:000000000000000b,34902898247549216,62,6076,62,60.37,ADDED
2026-06-08 17:00:05,None|None|None|None|of:000000000000000b,,,,,of:000000000000000b,281476663695951,0,0,65,65.45,ADDED
2026-06-08 17:00:05,None|None|None|None|of:000000000000000b,,,,,of:000000000000000b,281476573370203,138,19228,65,65.45,ADDED
2026-06-08 17:00:05,None|None|None|None|of:000000000000000b,,,,,of:000000000000000b,281476205675487,138,19228,65,65.45,ADDED
2026-06-08 17:00:05,None|None|None|None|of:0000000000000003,,,,,of:0000000000000003,281478170942982,93,9114,65,65.45,ADDED
2026-06-08 17:00:05,00:00:00:00:00:01|00:00:00:00:00:02|None|None|of:0000000000000003,00:00:00:00:00:01,00:00:00:00:00:02,,,of:0000000000000003,34902901306865815,89,8722,65,65.45,ADDED
2026-06-08 17:00:05,None|None|None|None|of:0000000000000003,,,,,of:0000000000000003,281476661728682,46,6417,65,65.45,ADDED
2026-06-08 17:00:05,None|None|None|None|of:0000000000000003,,,,,of:0000000000000003,281477764386537,0,0,65,65.45,ADDED
2026-06-08 17:00:05,None|None|None|None|of:0000000000000003,,,,,of:0000000000000003,281476156249461,46,6417,65,65.45,ADDED
2026-06-08 17:00:05,None|None|None|None|of:0000000000000004,,,,,of:0000000000000004,281475616213265,43,5998,65,65.45,ADDED
2026-06-08 17:00:05,None|None|None|None|of:0000000000000004,,,,,of:0000000000000004,281475265228006,0,0,65,65.45,ADDED
2026-06-08 17:00:05,None|None|None|None|of:0000000000000004,,,,,of:0000000000000004,281477141311986,88,8624,65,65.45,ADDED
2026-06-08 17:00:05,None|None|None|None|of:0000000000000004,,,,,of:0000000000000004,281476729151998,43,5998,65,65.45,ADDED
2026-06-08 17:00:05,None|None|None|None|of:0000000000000001,,,,,of:0000000000000001,281478909873038,0,0,65,65.45,ADDED
2026-06-08 17:00:05,00:00:00:00:00:01|00:00:00:00:00:02|None|None|of:0000000000000001,00:00:00:00:00:01,00:00:00:00:00:02,,,of:0000000000000001,34902899196753573,64,6272,64,65.45,ADDED
2026-06-08 17:00:05,00:00:00:00:00:02|00:00:00:00:00:01|None|None|of:0000000000000001,00:00:00:00:00:02,00:00:00:00:00:01,,,of:0000000000000001,34902898986035913,74,7252,64,65.45,ADDED
2026-06-08 17:00:05,None|None|None|None|of:0000000000000001,,,,,of:0000000000000001,281477466379610,67,9380,65,65.45,ADDED
2026-06-08 17:00:05,None|None|None|None|of:0000000000000001,,,,,of:0000000000000001,281475012051420,76,7448,65,65.45,ADDED
2026-06-08 17:00:05,None|None|None|None|of:0000000000000001,,,,,of:0000000000000001,281477029321583,67,9380,65,65.45,ADDED
2026-06-08 17:00:05,None|None|None|None|of:0000000000000002,,,,,of:0000000000000002,281478316350853,0,0,60,65.45,ADDED
2026-06-08 17:00:05,None|None|None|None|of:0000000000000002,,,,,of:0000000000000002,281478673389323,42,5859,60,65.45,ADDED
2026-06-08 17:00:05,00:00:00:00:00:02|00:00:00:00:00:01|None|None|of:0000000000000002,00:00:00:00:00:02,00:00:00:00:00:01,,,of:0000000000000002,34902898441429785,57,5586,57,60.37,ADDED
2026-06-08 17:00:05,00:00:00:00:00:01|00:00:00:00:00:02|None|None|of:0000000000000002,00:00:00:00:00:01,00:00:00:00:00:02,,,of:0000000000000002,34902899328279504,89,8722,60,65.45,ADDED
2026-06-08 17:00:05,None|None|None|None|of:0000000000000002,,,,,of:0000000000000002,281475022575828,42,5859,60,65.45,ADDED
2026-06-08 17:00:05,None|None|None|None|of:0000000000000002,,,,,of:0000000000000002,281475568191580,47,4606,60,65.45,ADDED
2026-06-08 17:00:05,None|None|None|None|of:0000000000000007,,,,,of:0000000000000007,281475652364572,3,294,65,65.45,ADDED
2026-06-08 17:00:05,None|None|None|None|of:0000000000000007,,,,,of:0000000000000007,281478438392611,0,0,65,65.45,ADDED
2026-06-08 17:00:05,None|None|None|None|of:0000000000000007,,,,,of:0000000000000007,281476350262333,44,6160,65,65.45,ADDED
2026-06-08 17:00:05,None|None|None|None|of:0000000000000007,,,,,of:0000000000000007,281475000925130,44,6160,65,65.45,ADDED
2026-06-08 17:00:05,None|None|None|None|of:0000000000000008,,,,,of:0000000000000008,281476059291414,0,0,65,65.45,ADDED
2026-06-08 17:00:05,None|None|None|None|of:0000000000000008,,,,,of:0000000000000008,281476101349656,69,9614,65,65.45,ADDED
2026-06-08 17:00:05,None|None|None|None|of:0000000000000008,,,,,of:0000000000000008,281476270708671,69,9614,65,65.45,ADDED
2026-06-08 17:00:05,00:00:00:00:00:01|00:00:00:00:00:02|None|None|of:0000000000000008,00:00:00:00:00:01,00:00:00:00:00:02,,,of:0000000000000008,34902898875781211,86,8428,64,65.45,ADDED
2026-06-08 17:00:05,None|None|None|None|of:0000000000000008,,,,,of:0000000000000008,281476010895837,141,13818,65,65.45,ADDED
2026-06-08 17:00:05,None|None|None|None|of:0000000000000005,,,,,of:0000000000000005,281478762460478,0,0,65,65.45,ADDED
2026-06-08 17:00:05,None|None|None|None|of:0000000000000005,,,,,of:0000000000000005,281478211273411,44,6138,65,65.45,ADDED
2026-06-08 17:00:05,None|None|None|None|of:0000000000000005,,,,,of:0000000000000005,281475117841124,53,5194,65,65.45,ADDED
2026-06-08 17:00:05,None|None|None|None|of:0000000000000005,,,,,of:0000000000000005,281478979269874,44,6138,65,65.45,ADDED
2026-06-08 17:00:05,None|None|None|None|of:0000000000000006,,,,,of:0000000000000006,281475738574217,44,6160,65,65.45,ADDED
2026-06-08 17:00:05,None|None|None|None|of:0000000000000006,,,,,of:0000000000000006,281476873293724,44,6160,65,65.45,ADDED
2026-06-08 17:00:05,None|None|None|None|of:0000000000000006,,,,,of:0000000000000006,281475411377083,0,0,65,65.45,ADDED
2026-06-08 17:00:05,None|None|None|None|of:0000000000000006,,,,,of:0000000000000006,281478888449605,3,294,65,65.45,ADDED
2026-06-08 17:00:05,None|None|None|None|of:0000000000000009,,,,,of:0000000000000009,281478887649794,66,9196,65,65.45,ADDED
2026-06-08 17:00:05,None|None|None|None|of:0000000000000009,,,,,of:0000000000000009,281474993990194,66,6468,65,65.45,ADDED
2026-06-08 17:00:05,None|None|None|None|of:0000000000000009,,,,,of:0000000000000009,281476295891648,66,9196,65,65.45,ADDED
2026-06-08 17:00:05,None|None|None|None|of:0000000000000009,,,,,of:0000000000000009,281479019932926,0,0,65,65.45,ADDED
2026-06-08 17:00:10,None|None|None|None|of:000000000000000c,,,,,of:000000000000000c,281479100460205,142,19786,70,70.47,ADDED
2026-06-08 17:00:10,None|None|None|None|of:000000000000000c,,,,,of:000000000000000c,281475624796078,142,19786,70,70.47,ADDED
2026-06-08 17:00:10,None|None|None|None|of:000000000000000c,,,,,of:000000000000000c,281477504901495,0,0,70,70.47,ADDED
2026-06-08 17:00:10,None|None|None|None|of:000000000000000c,,,,,of:000000000000000c,281476292687096,83,8134,70,70.47,ADDED
2026-06-08 17:00:10,None|None|None|None|of:000000000000000d,,,,,of:000000000000000d,281478200287907,138,19252,70,70.47,ADDED
2026-06-08 17:00:10,None|None|None|None|of:000000000000000d,,,,,of:000000000000000d,281478788468154,83,8134,70,70.47,ADDED
2026-06-08 17:00:10,None|None|None|None|of:000000000000000d,,,,,of:000000000000000d,281478012698825,138,19252,70,70.47,ADDED
2026-06-08 17:00:10,None|None|None|None|of:000000000000000d,,,,,of:000000000000000d,281476618808057,0,0,70,70.47,ADDED
2026-06-08 17:00:10,None|None|None|None|of:000000000000000a,,,,,of:000000000000000a,281477705784245,3,294,70,70.47,ADDED
2026-06-08 17:00:10,None|None|None|None|of:000000000000000a,,,,,of:000000000000000a,281475818964416,68,9476,70,70.47,ADDED
2026-06-08 17:00:10,None|None|None|None|of:000000000000000a,,,,,of:000000000000000a,281477034268888,68,9476,70,70.47,ADDED
2026-06-08 17:00:10,None|None|None|None|of:000000000000000a,,,,,of:000000000000000a,281478593105785,0,0,70,70.47,ADDED
2026-06-08 17:00:10,None|None|None|None|of:000000000000000b,,,,,of:000000000000000b,281478277078534,101,9898,70,70.47,ADDED
2026-06-08 17:00:10,00:00:00:00:00:01|00:00:00:00:00:02|None|None|of:000000000000000b,00:00:00:00:00:01,00:00:00:00:00:02,,,of:000000000000000b,34902898369757081,70,6860,69,70.47,ADDED
2026-06-08 17:00:10,00:00:00:00:00:02|00:00:00:00:00:01|None|None|of:000000000000000b,00:00:00:00:00:02,00:00:00:00:00:01,,,of:000000000000000b,34902898247549216,67,6566,67,65.39,ADDED
2026-06-08 17:00:10,None|None|None|None|of:000000000000000b,,,,,of:000000000000000b,281476663695951,0,0,70,70.47,ADDED
2026-06-08 17:00:10,None|None|None|None|of:000000000000000b,,,,,of:000000000000000b,281476573370203,144,20064,70,70.47,ADDED
2026-06-08 17:00:10,None|None|None|None|of:000000000000000b,,,,,of:000000000000000b,281476205675487,144,20064,70,70.47,ADDED
2026-06-08 17:00:10,None|None|None|None|of:0000000000000003,,,,,of:0000000000000003,281478170942982,93,9114,70,70.47,ADDED
2026-06-08 17:00:10,00:00:00:00:00:01|00:00:00:00:00:02|None|None|of:0000000000000003,00:00:00:00:00:01,00:00:00:00:00:02,,,of:0000000000000003,34902901306865815,94,9212,70,70.47,ADDED
2026-06-08 17:00:10,None|None|None|None|of:0000000000000003,,,,,of:0000000000000003,281476661728682,48,6696,70,70.47,ADDED
2026-06-08 17:00:10,None|None|None|None|of:0000000000000003,,,,,of:0000000000000003,281477764386537,0,0,70,70.47,ADDED
2026-06-08 17:00:10,None|None|None|None|of:0000000000000003,,,,,of:0000000000000003,281476156249461,48,6696,70,70.47,ADDED
2026-06-08 17:00:10,None|None|None|None|of:0000000000000004,,,,,of:0000000000000004,281475616213265,46,6416,70,70.47,ADDED
2026-06-08 17:00:10,None|None|None|None|of:0000000000000004,,,,,of:0000000000000004,281475265228006,0,0,70,70.47,ADDED
2026-06-08 17:00:10,None|None|None|None|of:0000000000000004,,,,,of:0000000000000004,281477141311986,88,8624,70,70.47,ADDED
2026-06-08 17:00:10,None|None|None|None|of:0000000000000004,,,,,of:0000000000000004,281476729151998,46,6416,70,70.47,ADDED
2026-06-08 17:00:10,None|None|None|None|of:0000000000000001,,,,,of:0000000000000001,281478909873038,0,0,70,70.47,ADDED
2026-06-08 17:00:10,00:00:00:00:00:01|00:00:00:00:00:02|None|None|of:0000000000000001,00:00:00:00:00:01,00:00:00:00:00:02,,,of:0000000000000001,34902899196753573,69,6762,69,70.47,ADDED
2026-06-08 17:00:10,00:00:00:00:00:02|00:00:00:00:00:01|None|None|of:0000000000000001,00:00:00:00:00:02,00:00:00:00:00:01,,,of:0000000000000001,34902898986035913,79,7742,69,70.47,ADDED
2026-06-08 17:00:10,None|None|None|None|of:0000000000000001,,,,,of:0000000000000001,281477466379610,70,9800,70,70.47,ADDED
2026-06-08 17:00:10,None|None|None|None|of:0000000000000001,,,,,of:0000000000000001,281475012051420,76,7448,70,70.47,ADDED
2026-06-08 17:00:10,None|None|None|None|of:0000000000000001,,,,,of:0000000000000001,281477029321583,70,9800,70,70.47,ADDED
2026-06-08 17:00:10,None|None|None|None|of:0000000000000002,,,,,of:0000000000000002,281478316350853,0,0,60,70.47,ADDED
2026-06-08 17:00:10,None|None|None|None|of:0000000000000002,,,,,of:0000000000000002,281478673389323,42,5859,60,70.47,ADDED
2026-06-08 17:00:10,00:00:00:00:00:02|00:00:00:00:00:01|None|None|of:0000000000000002,00:00:00:00:00:02,00:00:00:00:00:01,,,of:0000000000000002,34902898441429785,57,5586,57,65.39,ADDED
2026-06-08 17:00:10,00:00:00:00:00:01|00:00:00:00:00:02|None|None|of:0000000000000002,00:00:00:00:00:01,00:00:00:00:00:02,,,of:0000000000000002,34902899328279504,89,8722,60,70.47,ADDED
2026-06-08 17:00:10,None|None|None|None|of:0000000000000002,,,,,of:0000000000000002,281475022575828,42,5859,60,70.47,ADDED
2026-06-08 17:00:10,None|None|None|None|of:0000000000000002,,,,,of:0000000000000002,281475568191580,47,4606,60,70.47,ADDED
2026-06-08 17:00:10,None|None|None|None|of:0000000000000007,,,,,of:0000000000000007,281475652364572,3,294,70,70.47,ADDED
2026-06-08 17:00:10,None|None|None|None|of:0000000000000007,,,,,of:0000000000000007,281478438392611,0,0,70,70.47,ADDED
2026-06-08 17:00:10,None|None|None|None|of:0000000000000007,,,,,of:0000000000000007,281476350262333,48,6720,70,70.47,ADDED
2026-06-08 17:00:10,None|None|None|None|of:0000000000000007,,,,,of:0000000000000007,281475000925130,48,6720,70,70.47,ADDED
2026-06-08 17:00:10,None|None|None|None|of:0000000000000008,,,,,of:0000000000000008,281476059291414,0,0,70,70.47,ADDED
2026-06-08 17:00:10,None|None|None|None|of:0000000000000008,,,,,of:0000000000000008,281476101349656,72,10032,70,70.47,ADDED
2026-06-08 17:00:10,None|None|None|None|of:0000000000000008,,,,,of:0000000000000008,281476270708671,72,10032,70,70.47,ADDED
2026-06-08 17:00:10,00:00:00:00:00:01|00:00:00:00:00:02|None|None|of:0000000000000008,00:00:00:00:00:01,00:00:00:00:00:02,,,of:0000000000000008,34902898875781211,91,8918,69,70.47,ADDED
2026-06-08 17:00:10,None|None|None|None|of:0000000000000008,,,,,of:0000000000000008,281476010895837,141,13818,70,70.47,ADDED
2026-06-08 17:00:10,None|None|None|None|of:0000000000000005,,,,,of:0000000000000005,281478762460478,0,0,70,70.47,ADDED
2026-06-08 17:00:10,None|None|None|None|of:0000000000000005,,,,,of:0000000000000005,281478211273411,48,6696,70,70.47,ADDED
2026-06-08 17:00:10,None|None|None|None|of:0000000000000005,,,,,of:0000000000000005,281475117841124,53,5194,70,70.47,ADDED
2026-06-08 17:00:10,None|None|None|None|of:0000000000000005,,,,,of:0000000000000005,281478979269874,48,6696,70,70.47,ADDED
2026-06-08 17:00:10,None|None|None|None|of:0000000000000006,,,,,of:0000000000000006,281475738574217,48,6720,70,70.47,ADDED
2026-06-08 17:00:10,None|None|None|None|of:0000000000000006,,,,,of:0000000000000006,281476873293724,48,6720,70,70.47,ADDED
2026-06-08 17:00:10,None|None|None|None|of:0000000000000006,,,,,of:0000000000000006,281475411377083,0,0,70,70.47,ADDED
2026-06-08 17:00:10,None|None|None|None|of:0000000000000006,,,,,of:0000000000000006,281478888449605,3,294,70,70.47,ADDED
2026-06-08 17:00:10,None|None|None|None|of:0000000000000009,,,,,of:0000000000000009,281478887649794,69,9614,70,70.47,ADDED
2026-06-08 17:00:10,None|None|None|None|of:0000000000000009,,,,,of:0000000000000009,281474993990194,66,6468,70,70.47,ADDED
2026-06-08 17:00:10,None|None|None|None|of:0000000000000009,,,,,of:0000000000000009,281476295891648,69,9614,70,70.47,ADDED
2026-06-08 17:00:10,None|None|None|None|of:0000000000000009,,,,,of:0000000000000009,281479019932926,0,0,70,70.47,ADDED
2026-06-08 17:00:15,None|None|None|None|of:000000000000000c,,,,,of:000000000000000c,281479100460205,154,21458,75,75.5,ADDED
2026-06-08 17:00:15,None|None|None|None|of:000000000000000c,,,,,of:000000000000000c,281475624796078,154,21458,75,75.5,ADDED
2026-06-08 17:00:15,None|None|None|None|of:000000000000000c,,,,,of:000000000000000c,281477504901495,0,0,75,75.5,ADDED
2026-06-08 17:00:15,None|None|None|None|of:000000000000000c,,,,,of:000000000000000c,281476292687096,83,8134,75,75.5,ADDED
2026-06-08 17:00:15,None|None|None|None|of:000000000000000d,,,,,of:000000000000000d,281478200287907,150,20926,75,75.5,ADDED
2026-06-08 17:00:15,None|None|None|None|of:000000000000000d,,,,,of:000000000000000d,281478788468154,83,8134,75,75.5,ADDED
2026-06-08 17:00:15,None|None|None|None|of:000000000000000d,,,,,of:000000000000000d,281478012698825,150,20926,75,75.5,ADDED
2026-06-08 17:00:15,None|None|None|None|of:000000000000000d,,,,,of:000000000000000d,281476618808057,0,0,75,75.5,ADDED
2026-06-08 17:00:15,None|None|None|None|of:000000000000000a,,,,,of:000000000000000a,281477705784245,3,294,75,75.5,ADDED
2026-06-08 17:00:15,None|None|None|None|of:000000000000000a,,,,,of:000000000000000a,281475818964416,74,10312,75,75.5,ADDED
2026-06-08 17:00:15,None|None|None|None|of:000000000000000a,,,,,of:000000000000000a,281477034268888,74,10312,75,75.5,ADDED
2026-06-08 17:00:15,None|None|None|None|of:000000000000000a,,,,,of:000000000000000a,281478593105785,0,0,75,75.5,ADDED
2026-06-08 17:00:15,None|None|None|None|of:000000000000000b,,,,,of:000000000000000b,281478277078534,101,9898,75,75.5,ADDED
2026-06-08 17:00:15,00:00:00:00:00:01|00:00:00:00:00:02|None|None|of:000000000000000b,00:00:00:00:00:01,00:00:00:00:00:02,,,of:000000000000000b,34902898369757081,75,7350,74,75.5,ADDED
2026-06-08 17:00:15,00:00:00:00:00:02|00:00:00:00:00:01|None|None|of:000000000000000b,00:00:00:00:00:02,00:00:00:00:00:01,,,of:000000000000000b,34902898247549216,72,7056,72,70.42,ADDED
2026-06-08 17:00:15,None|None|None|None|of:000000000000000b,,,,,of:000000000000000b,281476663695951,0,0,75,75.5,ADDED
2026-06-08 17:00:15,None|None|None|None|of:000000000000000b,,,,,of:000000000000000b,281476573370203,156,21736,75,75.5,ADDED
2026-06-08 17:00:15,None|None|None|None|of:000000000000000b,,,,,of:000000000000000b,281476205675487,156,21736,75,75.5,ADDED
2026-06-08 17:00:15,None|None|None|None|of:0000000000000003,,,,,of:0000000000000003,281478170942982,93,9114,75,75.5,ADDED
2026-06-08 17:00:15,00:00:00:00:00:01|00:00:00:00:00:02|None|None|of:0000000000000003,00:00:00:00:00:01,00:00:00:00:00:02,,,of:0000000000000003,34902901306865815,99,9702,75,75.5,ADDED
2026-06-08 17:00:15,None|None|None|None|of:0000000000000003,,,,,of:0000000000000003,281476661728682,52,7254,75,75.5,ADDED
2026-06-08 17:00:15,None|None|None|None|of:0000000000000003,,,,,of:0000000000000003,281477764386537,0,0,75,75.5,ADDED
2026-06-08 17:00:15,None|None|None|None|of:0000000000000003,,,,,of:0000000000000003,281476156249461,52,7254,75,75.5,ADDED
2026-06-08 17:00:15,None|None|None|None|of:0000000000000004,,,,,of:0000000000000004,281475616213265,50,6974,75,75.5,ADDED
2026-06-08 17:00:15,None|None|None|None|of:0000000000000004,,,,,of:0000000000000004,281475265228006,0,0,75,75.5,ADDED
2026-06-08 17:00:15,None|None|None|None|of:0000000000000004,,,,,of:0000000000000004,281477141311986,88,8624,75,75.5,ADDED
2026-06-08 17:00:15,None|None|None|None|of:0000000000000004,,,,,of:0000000000000004,281476729151998,50,6974,75,75.5,ADDED
2026-06-08 17:00:15,None|None|None|None|of:0000000000000001,,,,,of:0000000000000001,281478909873038,0,0,75,75.5,ADDED
2026-06-08 17:00:15,00:00:00:00:00:01|00:00:00:00:00:02|None|None|of:0000000000000001,00:00:00:00:00:01,00:00:00:00:00:02,,,of:0000000000000001,34902899196753573,74,7252,74,75.5,ADDED
2026-06-08 17:00:15,00:00:00:00:00:02|00:00:00:00:00:01|None|None|of:0000000000000001,00:00:00:00:00:02,00:00:00:00:00:01,,,of:0000000000000001,34902898986035913,84,8232,74,75.5,ADDED
2026-06-08 17:00:15,None|None|None|None|of:0000000000000001,,,,,of:0000000000000001,281477466379610,76,10640,75,75.5,ADDED
2026-06-08 17:00:15,None|None|None|None|of:0000000000000001,,,,,of:0000000000000001,281475012051420,76,7448,75,75.5,ADDED
2026-06-08 17:00:15,None|None|None|None|of:0000000000000001,,,,,of:0000000000000001,281477029321583,76,10640,75,75.5,ADDED
2026-06-08 17:00:15,None|None|None|None|of:0000000000000002,,,,,of:0000000000000002,281478316350853,0,0,60,75.5,ADDED
2026-06-08 17:00:15,None|None|None|None|of:0000000000000002,,,,,of:0000000000000002,281478673389323,42,5859,60,75.5,ADDED
2026-06-08 17:00:15,00:00:00:00:00:02|00:00:00:00:00:01|None|None|of:0000000000000002,00:00:00:00:00:02,00:00:00:00:00:01,,,of:0000000000000002,34902898441429785,57,5586,57,70.42,ADDED
2026-06-08 17:00:15,00:00:00:00:00:01|00:00:00:00:00:02|None|None|of:0000000000000002,00:00:00:00:00:01,00:00:00:00:00:02,,,of:0000000000000002,34902899328279504,89,8722,60,75.5,ADDED
2026-06-08 17:00:15,None|None|None|None|of:0000000000000002,,,,,of:0000000000000002,281475022575828,42,5859,60,75.5,ADDED
2026-06-08 17:00:15,None|None|None|None|of:0000000000000002,,,,,of:0000000000000002,281475568191580,47,4606,60,75.5,ADDED
2026-06-08 17:00:15,None|None|None|None|of:0000000000000007,,,,,of:0000000000000007,281475652364572,3,294,75,75.5,ADDED
2026-06-08 17:00:15,None|None|None|None|of:0000000000000007,,,,,of:0000000000000007,281478438392611,0,0,75,75.5,ADDED
2026-06-08 17:00:15,None|None|None|None|of:0000000000000007,,,,,of:0000000000000007,281476350262333,52,7280,75,75.5,ADDED
2026-06-08 17:00:15,None|None|None|None|of:0000000000000007,,,,,of:0000000000000007,281475000925130,52,7280,75,75.5,ADDED
2026-06-08 17:00:15,None|None|None|None|of:0000000000000008,,,,,of:0000000000000008,281476059291414,0,0,75,75.5,ADDED
2026-06-08 17:00:15,None|None|None|None|of:0000000000000008,,,,,of:0000000000000008,281476101349656,78,10868,75,75.5,ADDED
2026-06-08 17:00:15,None|None|None|None|of:0000000000000008,,,,,of:0000000000000008,281476270708671,78,10868,75,75.5,ADDED
2026-06-08 17:00:15,00:00:00:00:00:01|00:00:00:00:00:02|None|None|of:0000000000000008,00:00:00:00:00:01,00:00:00:00:00:02,,,of:0000000000000008,34902898875781211,96,9408,74,75.5,ADDED
2026-06-08 17:00:15,None|None|None|None|of:0000000000000008,,,,,of:0000000000000008,281476010895837,141,13818,75,75.5,ADDED
2026-06-08 17:00:15,None|None|None|None|of:0000000000000005,,,,,of:0000000000000005,281478762460478,0,0,75,75.5,ADDED
2026-06-08 17:00:15,None|None|None|None|of:0000000000000005,,,,,of:0000000000000005,281478211273411,52,7254,75,75.5,ADDED
2026-06-08 17:00:15,None|None|None|None|of:0000000000000005,,,,,of:0000000000000005,281475117841124,53,5194,75,75.5,ADDED
2026-06-08 17:00:15,None|None|None|None|of:0000000000000005,,,,,of:0000000000000005,281478979269874,52,7254,75,75.5,ADDED
2026-06-08 17:00:15,None|None|None|None|of:0000000000000006,,,,,of:0000000000000006,281475738574217,52,7280,75,75.5,ADDED
2026-06-08 17:00:15,None|None|None|None|of:0000000000000006,,,,,of:0000000000000006,281476873293724,52,7280,75,75.5,ADDED
2026-06-08 17:00:15,None|None|None|None|of:0000000000000006,,,,,of:0000000000000006,281475411377083,0,0,75,75.5,ADDED
2026-06-08 17:00:15,None|None|None|None|of:0000000000000006,,,,,of:0000000000000006,281478888449605,3,294,75,75.5,ADDED
2026-06-08 17:00:15,None|None|None|None|of:0000000000000009,,,,,of:0000000000000009,281478887649794,75,10450,75,75.5,ADDED
2026-06-08 17:00:15,None|None|None|None|of:0000000000000009,,,,,of:0000000000000009,281474993990194,66,6468,75,75.5,ADDED
2026-06-08 17:00:15,None|None|None|None|of:0000000000000009,,,,,of:0000000000000009,281476295891648,75,10450,75,75.5,ADDED
2026-06-08 17:00:15,None|None|None|None|of:0000000000000009,,,,,of:0000000000000009,281479019932926,0,0,75,75.5,ADDED
2026-06-08 17:00:20,None|None|None|None|of:000000000000000c,,,,,of:000000000000000c,281479100460205,161,22433,80,80.53,ADDED
2026-06-08 17:00:20,None|None|None|None|of:000000000000000c,,,,,of:000000000000000c,281475624796078,161,22433,80,80.53,ADDED
2026-06-08 17:00:20,None|None|None|None|of:000000000000000c,,,,,of:000000000000000c,281477504901495,0,0,80,80.53,ADDED
2026-06-08 17:00:20,None|None|None|None|of:000000000000000c,,,,,of:000000000000000c,281476292687096,83,8134,80,80.53,ADDED
2026-06-08 17:00:20,None|None|None|None|of:000000000000000d,,,,,of:000000000000000d,281478200287907,158,22041,80,80.53,ADDED
2026-06-08 17:00:20,None|None|None|None|of:000000000000000d,,,,,of:000000000000000d,281478788468154,83,8134,80,80.53,ADDED
2026-06-08 17:00:20,None|None|None|None|of:000000000000000d,,,,,of:000000000000000d,281478012698825,158,22041,80,80.53,ADDED
2026-06-08 17:00:20,None|None|None|None|of:000000000000000d,,,,,of:000000000000000d,281476618808057,0,0,80,80.53,ADDED
2026-06-08 17:00:20,None|None|None|None|of:000000000000000a,,,,,of:000000000000000a,281477705784245,3,294,80,80.53,ADDED
2026-06-08 17:00:20,None|None|None|None|of:000000000000000a,,,,,of:000000000000000a,281475818964416,79,11008,80,80.53,ADDED
2026-06-08 17:00:20,None|None|None|None|of:000000000000000a,,,,,of:000000000000000a,281477034268888,79,11008,80,80.53,ADDED
2026-06-08 17:00:20,None|None|None|None|of:000000000000000a,,,,,of:000000000000000a,281478593105785,0,0,80,80.53,ADDED
2026-06-08 17:00:20,None|None|None|None|of:000000000000000b,,,,,of:000000000000000b,281478277078534,101,9898,80,80.53,ADDED
2026-06-08 17:00:20,00:00:00:00:00:01|00:00:00:00:00:02|None|None|of:000000000000000b,00:00:00:00:00:01,00:00:00:00:00:02,,,of:000000000000000b,34902898369757081,80,7840,79,80.53,ADDED
2026-06-08 17:00:20,00:00:00:00:00:02|00:00:00:00:00:01|None|None|of:000000000000000b,00:00:00:00:00:02,00:00:00:00:00:01,,,of:000000000000000b,34902898247549216,77,7546,77,75.46,ADDED
2026-06-08 17:00:20,None|None|None|None|of:000000000000000b,,,,,of:000000000000000b,281476663695951,0,0,80,80.53,ADDED
2026-06-08 17:00:20,None|None|None|None|of:000000000000000b,,,,,of:000000000000000b,281476573370203,162,22572,80,80.53,ADDED
2026-06-08 17:00:20,None|None|None|None|of:000000000000000b,,,,,of:000000000000000b,281476205675487,162,22572,80,80.53,ADDED
2026-06-08 17:00:20,None|None|None|None|of:0000000000000003,,,,,of:0000000000000003,281478170942982,93,9114,80,80.53,ADDED
2026-06-08 17:00:20,00:00:00:00:00:01|00:00:00:00:00:02|None|None|of:0000000000000003,00:00:00:00:00:01,00:00:00:00:00:02,,,of:0000000000000003,34902901306865815,104,10192,80,80.53,ADDED
2026-06-08 17:00:20,None|None|None|None|of:0000000000000003,,,,,of:0000000000000003,281476661728682,54,7533,80,80.53,ADDED
2026-06-08 17:00:20,None|None|None|None|of:0000000000000003,,,,,of:0000000000000003,281477764386537,0,0,80,80.53,ADDED
2026-06-08 17:00:20,None|None|None|None|of:0000000000000003,,,,,of:0000000000000003,281476156249461,54,7533,80,80.53,ADDED
2026-06-08 17:00:20,None|None|None|None|of:0000000000000004,,,,,of:0000000000000004,281475616213265,52,7253,80,80.53,ADDED
2026-06-08 17:00:20,None|None|None|None|of:0000000000000004,,,,,of:0000000000000004,281475265228006,0,0,80,80.53,ADDED
2026-06-08 17:00:20,None|None|None|None|of:0000000000000004,,,,,of:0000000000000004,281477141311986,88,8624,80,80.53,ADDED
2026-06-08 17:00:20,None|None|None|None|of:0000000000000004,,,,,of:0000000000000004,281476729151998,52,7253,80,80.53,ADDED
2026-06-08 17:00:20,None|None|None|None|of:0000000000000001,,,,,of:0000000000000001,281478909873038,0,0,80,80.53,ADDED
2026-06-08 17:00:20,00:00:00:00:00:01|00:00:00:00:00:02|None|None|of:0000000000000001,00:00:00:00:00:01,00:00:00:00:00:02,,,of:0000000000000001,34902899196753573,79,7742,79,80.53,ADDED
2026-06-08 17:00:20,00:00:00:00:00:02|00:00:00:00:00:01|None|None|of:0000000000000001,00:00:00:00:00:02,00:00:00:00:00:01,,,of:0000000000000001,34902898986035913,89,8722,79,80.53,ADDED
2026-06-08 17:00:20,None|None|None|None|of:0000000000000001,,,,,of:0000000000000001,281477466379610,79,11060,80,80.53,ADDED
2026-06-08 17:00:20,None|None|None|None|of:0000000000000001,,,,,of:0000000000000001,281475012051420,76,7448,80,80.53,ADDED
2026-06-08 17:00:20,None|None|None|None|of:0000000000000001,,,,,of:0000000000000001,281477029321583,79,11060,80,80.53,ADDED
2026-06-08 17:00:20,None|None|None|None|of:0000000000000002,,,,,of:0000000000000002,281478316350853,0,0,60,80.53,ADDED
2026-06-08 17:00:20,None|None|None|None|of:0000000000000002,,,,,of:0000000000000002,281478673389323,42,5859,60,80.53,ADDED
2026-06-08 17:00:20,00:00:00:00:00:02|00:00:00:00:00:01|None|None|of:0000000000000002,00:00:00:00:00:02,00:00:00:00:00:01,,,of:0000000000000002,34902898441429785,57,5586,57,75.45,ADDED
2026-06-08 17:00:20,00:00:00:00:00:01|00:00:00:00:00:02|None|None|of:0000000000000002,00:00:00:00:00:01,00:00:00:00:00:02,,,of:0000000000000002,34902899328279504,89,8722,60,80.53,ADDED
2026-06-08 17:00:20,None|None|None|None|of:0000000000000002,,,,,of:0000000000000002,281475022575828,42,5859,60,80.53,ADDED
2026-06-08 17:00:20,None|None|None|None|of:0000000000000002,,,,,of:0000000000000002,281475568191580,47,4606,60,80.53,ADDED
2026-06-08 17:00:20,None|None|None|None|of:0000000000000007,,,,,of:0000000000000007,281475652364572,3,294,80,80.53,ADDED
2026-06-08 17:00:20,None|None|None|None|of:0000000000000007,,,,,of:0000000000000007,281478438392611,0,0,80,80.53,ADDED
2026-06-08 17:00:20,None|None|None|None|of:0000000000000007,,,,,of:0000000000000007,281476350262333,54,7560,80,80.53,ADDED
2026-06-08 17:00:20,None|None|None|None|of:0000000000000007,,,,,of:0000000000000007,281475000925130,54,7560,80,80.53,ADDED
2026-06-08 17:00:20,None|None|None|None|of:0000000000000008,,,,,of:0000000000000008,281476059291414,0,0,80,80.53,ADDED
2026-06-08 17:00:20,None|None|None|None|of:0000000000000008,,,,,of:0000000000000008,281476101349656,81,11286,80,80.53,ADDED
2026-06-08 17:00:20,None|None|None|None|of:0000000000000008,,,,,of:0000000000000008,281476270708671,81,11286,80,80.53,ADDED
2026-06-08 17:00:20,00:00:00:00:00:01|00:00:00:00:00:02|None|None|of:0000000000000008,00:00:00:00:00:01,00:00:00:00:00:02,,,of:0000000000000008,34902898875781211,101,9898,79,80.53,ADDED
2026-06-08 17:00:20,None|None|None|None|of:0000000000000008,,,,,of:0000000000000008,281476010895837,141,13818,80,80.53,ADDED
2026-06-08 17:00:20,None|None|None|None|of:0000000000000005,,,,,of:0000000000000005,281478762460478,0,0,80,80.53,ADDED
2026-06-08 17:00:20,None|None|None|None|of:0000000000000005,,,,,of:0000000000000005,281478211273411,54,7533,80,80.53,ADDED
2026-06-08 17:00:20,None|None|None|None|of:0000000000000005,,,,,of:0000000000000005,281475117841124,53,5194,80,80.53,ADDED
2026-06-08 17:00:20,None|None|None|None|of:0000000000000005,,,,,of:0000000000000005,281478979269874,54,7533,80,80.53,ADDED
2026-06-08 17:00:20,None|None|None|None|of:0000000000000006,,,,,of:0000000000000006,281475738574217,54,7560,80,80.53,ADDED
2026-06-08 17:00:20,None|None|None|None|of:0000000000000006,,,,,of:0000000000000006,281476873293724,54,7560,80,80.53,ADDED
2026-06-08 17:00:20,None|None|None|None|of:0000000000000006,,,,,of:0000000000000006,281475411377083,0,0,80,80.53,ADDED
2026-06-08 17:00:20,None|None|None|None|of:0000000000000006,,,,,of:0000000000000006,281478888449605,3,294,80,80.53,ADDED
2026-06-08 17:00:20,None|None|None|None|of:0000000000000009,,,,,of:0000000000000009,281478887649794,79,11007,80,80.53,ADDED
2026-06-08 17:00:20,None|None|None|None|of:0000000000000009,,,,,of:0000000000000009,281474993990194,66,6468,80,80.53,ADDED
2026-06-08 17:00:20,None|None|None|None|of:0000000000000009,,,,,of:0000000000000009,281476295891648,79,11007,80,80.53,ADDED
2026-06-08 17:00:20,None|None|None|None|of:0000000000000009,,,,,of:0000000000000009,281479019932926,0,0,80,80.53,ADDED
2026-06-08 17:00:25,None|None|None|None|of:000000000000000c,,,,,of:000000000000000c,281479100460205,172,23966,85,85.56,ADDED
2026-06-08 17:00:25,None|None|None|None|of:000000000000000c,,,,,of:000000000000000c,281475624796078,172,23966,85,85.56,ADDED
2026-06-08 17:00:25,None|None|None|None|of:000000000000000c,,,,,of:000000000000000c,281477504901495,0,0,85,85.56,ADDED
2026-06-08 17:00:25,None|None|None|None|of:000000000000000c,,,,,of:000000000000000c,281476292687096,83,8134,85,85.56,ADDED
2026-06-08 17:00:25,None|None|None|None|of:000000000000000d,,,,,of:000000000000000d,281478200287907,168,23437,85,85.56,ADDED
2026-06-08 17:00:25,None|None|None|None|of:000000000000000d,,,,,of:000000000000000d,281478788468154,83,8134,85,85.56,ADDED
2026-06-08 17:00:25,None|None|None|None|of:000000000000000d,,,,,of:000000000000000d,281478012698825,168,23437,85,85.56,ADDED
2026-06-08 17:00:25,None|None|None|None|of:000000000000000d,,,,,of:000000000000000d,281476618808057,0,0,85,85.56,ADDED
2026-06-08 17:00:25,None|None|None|None|of:000000000000000a,,,,,of:000000000000000a,281477705784245,3,294,85,85.56,ADDED
2026-06-08 17:00:25,None|None|None|None|of:000000000000000a,,,,,of:000000000000000a,281475818964416,83,11566,85,85.56,ADDED
2026-06-08 17:00:25,None|None|None|None|of:000000000000000a,,,,,of:000000000000000a,281477034268888,83,11566,85,85.56,ADDED
2026-06-08 17:00:25,None|None|None|None|of:000000000000000a,,,,,of:000000000000000a,281478593105785,0,0,85,85.56,ADDED
2026-06-08 17:00:25,None|None|None|None|of:000000000000000b,,,,,of:000000000000000b,281478277078534,101,9898,85,85.56,ADDED
2026-06-08 17:00:25,00:00:00:00:00:01|00:00:00:00:00:02|None|None|of:000000000000000b,00:00:00:00:00:01,00:00:00:00:00:02,,,of:000000000000000b,34902898369757081,85,8330,84,85.56,ADDED
2026-06-08 17:00:25,00:00:00:00:00:02|00:00:00:00:00:01|None|None|of:000000000000000b,00:00:00:00:00:02,00:00:00:00:00:01,,,of:000000000000000b,34902898247549216,82,8036,82,80.48,ADDED
2026-06-08 17:00:25,None|None|None|None|of:000000000000000b,,,,,of:000000000000000b,281476663695951,0,0,85,85.56,ADDED
2026-06-08 17:00:25,None|None|None|None|of:000000000000000b,,,,,of:000000000000000b,281476573370203,174,24244,85,85.56,ADDED
2026-06-08 17:00:25,None|None|None|None|of:000000000000000b,,,,,of:000000000000000b,281476205675487,174,24244,85,85.56,ADDED
2026-06-08 17:00:25,None|None|None|None|of:0000000000000003,,,,,of:0000000000000003,281478170942982,93,9114,85,85.56,ADDED
2026-06-08 17:00:25,00:00:00:00:00:01|00:00:00:00:00:02|None|None|of:0000000000000003,00:00:00:00:00:01,00:00:00:00:00:02,,,of:0000000000000003,34902901306865815,109,10682,85,85.56,ADDED
2026-06-08 17:00:25,None|None|None|None|of:0000000000000003,,,,,of:0000000000000003,281476661728682,58,8091,85,85.56,ADDED
2026-06-08 17:00:25,None|None|None|None|of:0000000000000003,,,,,of:0000000000000003,281477764386537,0,0,85,85.56,ADDED
2026-06-08 17:00:25,None|None|None|None|of:0000000000000003,,,,,of:0000000000000003,281476156249461,58,8091,85,85.56,ADDED
2026-06-08 17:00:25,None|None|None|None|of:0000000000000004,,,,,of:0000000000000004,281475616213265,56,7811,85,85.56,ADDED
2026-06-08 17:00:25,None|None|None|None|of:0000000000000004,,,,,of:0000000000000004,281475265228006,0,0,85,85.56,ADDED
2026-06-08 17:00:25,None|None|None|None|of:0000000000000004,,,,,of:0000000000000004,281477141311986,88,8624,85,85.56,ADDED
2026-06-08 17:00:25,None|None|None|None|of:0000000000000004,,,,,of:0000000000000004,281476729151998,56,7811,85,85.56,ADDED
2026-06-08 17:00:25,None|None|None|None|of:0000000000000001,,,,,of:0000000000000001,281478909873038,0,0,85,85.56,ADDED
2026-06-08 17:00:25,00:00:00:00:00:01|00:00:00:00:00:02|None|None|of:0000000000000001,00:00:00:00:00:01,00:00:00:00:00:02,,,of:0000000000000001,34902899196753573,84,8232,84,85.56,ADDED
2026-06-08 17:00:25,00:00:00:00:00:02|00:00:00:00:00:01|None|None|of:0000000000000001,00:00:00:00:00:02,00:00:00:00:00:01,,,of:0000000000000001,34902898986035913,94,9212,84,85.56,ADDED
2026-06-08 17:00:25,None|None|None|None|of:0000000000000001,,,,,of:0000000000000001,281477466379610,85,11900,85,85.56,ADDED
2026-06-08 17:00:25,None|None|None|None|of:0000000000000001,,,,,of:0000000000000001,281475012051420,76,7448,85,85.56,ADDED
2026-06-08 17:00:25,None|None|None|None|of:0000000000000001,,,,,of:0000000000000001,281477029321583,85,11900,85,85.56,ADDED
2026-06-08 17:00:25,None|None|None|None|of:0000000000000002,,,,,of:0000000000000002,281478316350853,0,0,60,85.56,ADDED
2026-06-08 17:00:25,None|None|None|None|of:0000000000000002,,,,,of:0000000000000002,281478673389323,42,5859,60,85.56,ADDED
2026-06-08 17:00:25,00:00:00:00:00:02|00:00:00:00:00:01|None|None|of:0000000000000002,00:00:00:00:00:02,00:00:00:00:00:01,,,of:0000000000000002,34902898441429785,57,5586,57,80.48,ADDED
2026-06-08 17:00:25,00:00:00:00:00:01|00:00:00:00:00:02|None|None|of:0000000000000002,00:00:00:00:00:01,00:00:00:00:00:02,,,of:0000000000000002,34902899328279504,89,8722,60,85.56,ADDED
2026-06-08 17:00:25,None|None|None|None|of:0000000000000002,,,,,of:0000000000000002,281475022575828,42,5859,60,85.56,ADDED
2026-06-08 17:00:25,None|None|None|None|of:0000000000000002,,,,,of:0000000000000002,281475568191580,47,4606,60,85.56,ADDED
2026-06-08 17:00:25,None|None|None|None|of:0000000000000007,,,,,of:0000000000000007,281475652364572,3,294,85,85.56,ADDED
2026-06-08 17:00:25,None|None|None|None|of:0000000000000007,,,,,of:0000000000000007,281478438392611,0,0,85,85.56,ADDED
2026-06-08 17:00:25,None|None|None|None|of:0000000000000007,,,,,of:0000000000000007,281476350262333,58,8120,85,85.56,ADDED
2026-06-08 17:00:25,None|None|None|None|of:0000000000000007,,,,,of:0000000000000007,281475000925130,58,8120,85,85.56,ADDED
2026-06-08 17:00:25,None|None|None|None|of:0000000000000008,,,,,of:0000000000000008,281476059291414,0,0,85,85.56,ADDED
2026-06-08 17:00:25,None|None|None|None|of:0000000000000008,,,,,of:0000000000000008,281476101349656,87,12122,85,85.56,ADDED
2026-06-08 17:00:25,None|None|None|None|of:0000000000000008,,,,,of:0000000000000008,281476270708671,87,12122,85,85.56,ADDED
2026-06-08 17:00:25,00:00:00:00:00:01|00:00:00:00:00:02|None|None|of:0000000000000008,00:00:00:00:00:01,00:00:00:00:00:02,,,of:0000000000000008,34902898875781211,106,10388,84,85.56,ADDED
2026-06-08 17:00:25,None|None|None|None|of:0000000000000008,,,,,of:0000000000000008,281476010895837,141,13818,85,85.56,ADDED
2026-06-08 17:00:25,None|None|None|None|of:0000000000000005,,,,,of:0000000000000005,281478762460478,0,0,85,85.56,ADDED
2026-06-08 17:00:25,None|None|None|None|of:0000000000000005,,,,,of:0000000000000005,281478211273411,58,8091,85,85.56,ADDED
2026-06-08 17:00:25,None|None|None|None|of:0000000000000005,,,,,of:0000000000000005,281475117841124,53,5194,85,85.56,ADDED
2026-06-08 17:00:25,None|None|None|None|of:0000000000000005,,,,,of:0000000000000005,281478979269874,58,8091,85,85.56,ADDED
2026-06-08 17:00:25,None|None|None|None|of:0000000000000006,,,,,of:0000000000000006,281475738574217,58,8120,85,85.56,ADDED
2026-06-08 17:00:25,None|None|None|None|of:0000000000000006,,,,,of:0000000000000006,281476873293724,58,8120,85,85.56,ADDED
2026-06-08 17:00:25,None|None|None|None|of:0000000000000006,,,,,of:0000000000000006,281475411377083,0,0,85,85.56,ADDED
2026-06-08 17:00:25,None|None|None|None|of:0000000000000006,,,,,of:0000000000000006,281478888449605,3,294,85,85.56,ADDED
2026-06-08 17:00:25,None|None|None|None|of:0000000000000009,,,,,of:0000000000000009,281478887649794,84,11704,85,85.56,ADDED
2026-06-08 17:00:25,None|None|None|None|of:0000000000000009,,,,,of:0000000000000009,281474993990194,66,6468,85,85.56,ADDED
2026-06-08 17:00:25,None|None|None|None|of:0000000000000009,,,,,of:0000000000000009,281476295891648,84,11704,85,85.56,ADDED
2026-06-08 17:00:25,None|None|None|None|of:0000000000000009,,,,,of:0000000000000009,281479019932926,0,0,85,85.56,ADDED
2026-06-08 17:00:30,None|None|None|None|of:000000000000000c,,,,,of:000000000000000c,281479100460205,184,25638,90,90.58,ADDED
2026-06-08 17:00:30,None|None|None|None|of:000000000000000c,,,,,of:000000000000000c,281475624796078,184,25638,90,90.58,ADDED
2026-06-08 17:00:30,None|None|None|None|of:000000000000000c,,,,,of:000000000000000c,281477504901495,0,0,90,90.58,ADDED
2026-06-08 17:00:30,None|None|None|None|of:000000000000000c,,,,,of:000000000000000c,281476292687096,83,8134,90,90.58,ADDED
2026-06-08 17:00:30,None|None|None|None|of:000000000000000d,,,,,of:000000000000000d,281478200287907,180,25111,90,90.58,ADDED
2026-06-08 17:00:30,None|None|None|None|of:000000000000000d,,,,,of:000000000000000d,281478788468154,83,8134,90,90.58,ADDED
2026-06-08 17:00:30,None|None|None|None|of:000000000000000d,,,,,of:000000000000000d,281478012698825,180,25111,90,90.58,ADDED
2026-06-08 17:00:30,None|None|None|None|of:000000000000000d,,,,,of:000000000000000d,281476618808057,0,0,90,90.58,ADDED
2026-06-08 17:00:30,None|None|None|None|of:000000000000000a,,,,,of:000000000000000a,281477705784245,3,294,90,90.58,ADDED
2026-06-08 17:00:30,None|None|None|None|of:000000000000000a,,,,,of:000000000000000a,281475818964416,89,12402,90,90.58,ADDED
2026-06-08 17:00:30,None|None|None|None|of:000000000000000a,,,,,of:000000000000000a,281477034268888,89,12402,90,90.58,ADDED
2026-06-08 17:00:30,None|None|None|None|of:000000000000000a,,,,,of:000000000000000a,281478593105785,0,0,90,90.58,ADDED
2026-06-08 17:00:30,None|None|None|None|of:000000000000000b,,,,,of:000000000000000b,281478277078534,101,9898,90,90.58,ADDED
2026-06-08 17:00:30,00:00:00:00:00:01|00:00:00:00:00:02|None|None|of:000000000000000b,00:00:00:00:00:01,00:00:00:00:00:02,,,of:000000000000000b,34902898369757081,90,8820,89,90.58,ADDED
2026-06-08 17:00:30,00:00:00:00:00:02|00:00:00:00:00:01|None|None|of:000000000000000b,00:00:00:00:00:02,00:00:00:00:00:01,,,of:000000000000000b,34902898247549216,87,8526,87,85.5,ADDED
2026-06-08 17:00:30,None|None|None|None|of:000000000000000b,,,,,of:000000000000000b,281476663695951,0,0,90,90.58,ADDED
2026-06-08 17:00:30,None|None|None|None|of:000000000000000b,,,,,of:000000000000000b,281476573370203,186,25916,90,90.58,ADDED
2026-06-08 17:00:30,None|None|None|None|of:000000000000000b,,,,,of:000000000000000b,281476205675487,186,25916,90,90.58,ADDED
2026-06-08 17:00:30,None|None|None|None|of:0000000000000003,,,,,of:0000000000000003,281478170942982,93,9114,90,90.58,ADDED
2026-06-08 17:00:30,00:00:00:00:00:01|00:00:00:00:00:02|None|None|of:0000000000000003,00:00:00:00:00:01,00:00:00:00:00:02,,,of:0000000000000003,34902901306865815,114,11172,90,90.58,ADDED
2026-06-08 17:00:30,None|None|None|None|of:0000000000000003,,,,,of:0000000000000003,281476661728682,62,8649,90,90.58,ADDED
2026-06-08 17:00:30,None|None|None|None|of:0000000000000003,,,,,of:0000000000000003,281477764386537,0,0,90,90.58,ADDED
2026-06-08 17:00:30,None|None|None|None|of:0000000000000003,,,,,of:0000000000000003,281476156249461,62,8649,90,90.58,ADDED
2026-06-08 17:00:30,None|None|None|None|of:0000000000000004,,,,,of:0000000000000004,281475616213265,60,8369,90,90.58,ADDED
2026-06-08 17:00:30,None|None|None|None|of:0000000000000004,,,,,of:0000000000000004,281475265228006,0,0,90,90.58,ADDED
2026-06-08 17:00:30,None|None|None|None|of:0000000000000004,,,,,of:0000000000000004,281477141311986,88,8624,90,90.58,ADDED
2026-06-08 17:00:30,None|None|None|None|of:0000000000000004,,,,,of:0000000000000004,281476729151998,60,8369,90,90.58,ADDED
2026-06-08 17:00:30,None|None|None|None|of:0000000000000001,,,,,of:0000000000000001,281478909873038,0,0,90,90.58,ADDED
2026-06-08 17:00:30,00:00:00:00:00:01|00:00:00:00:00:02|None|None|of:0000000000000001,00:00:00:00:00:01,00:00:00:00:00:02,,,of:0000000000000001,34902899196753573,89,8722,89,90.58,ADDED
2026-06-08 17:00:30,00:00:00:00:00:02|00:00:00:00:00:01|None|None|of:0000000000000001,00:00:00:00:00:02,00:00:00:00:00:01,,,of:0000000000000001,34902898986035913,99,9702,89,90.58,ADDED
2026-06-08 17:00:30,None|None|None|None|of:0000000000000001,,,,,of:0000000000000001,281477466379610,91,12740,90,90.58,ADDED
2026-06-08 17:00:30,None|None|None|None|of:0000000000000001,,,,,of:0000000000000001,281475012051420,76,7448,90,90.58,ADDED
2026-06-08 17:00:30,None|None|None|None|of:0000000000000001,,,,,of:0000000000000001,281477029321583,91,12740,90,90.58,ADDED
2026-06-08 17:00:30,None|None|None|None|of:0000000000000002,,,,,of:0000000000000002,281478316350853,0,0,90,90.58,ADDED
2026-06-08 17:00:30,None|None|None|None|of:0000000000000002,,,,,of:0000000000000002,281478673389323,62,8649,90,90.58,ADDED
2026-06-08 17:00:30,00:00:00:00:00:02|00:00:00:00:00:01|None|None|of:0000000000000002,00:00:00:00:00:02,00:00:00:00:00:01,,,of:0000000000000002,34902898441429785,87,8526,87,85.5,ADDED
2026-06-08 17:00:30,00:00:00:00:00:01|00:00:00:00:00:02|None|None|of:0000000000000002,00:00:00:00:00:01,00:00:00:00:00:02,,,of:0000000000000002,34902899328279504,119,11662,90,90.58,ADDED
2026-06-08 17:00:30,None|None|None|None|of:0000000000000002,,,,,of:0000000000000002,281475022575828,62,8649,90,90.58,ADDED
2026-06-08 17:00:30,None|None|None|None|of:0000000000000002,,,,,of:0000000000000002,281475568191580,47,4606,90,90.58,ADDED
2026-06-08 17:00:30,None|None|None|None|of:0000000000000007,,,,,of:0000000000000007,281475652364572,3,294,90,90.58,ADDED
2026-06-08 17:00:30,None|None|None|None|of:0000000000000007,,,,,of:0000000000000007,281478438392611,0,0,90,90.58,ADDED
2026-06-08 17:00:30,None|None|None|None|of:0000000000000007,,,,,of:0000000000000007,281476350262333,62,8680,90,90.58,ADDED
2026-06-08 17:00:30,None|None|None|None|of:0000000000000007,,,,,of:0000000000000007,281475000925130,62,8680,90,90.58,ADDED
2026-06-08 17:00:30,None|None|None|None|of:0000000000000008,,,,,of:0000000000000008,281476059291414,0,0,90,90.58,ADDED
2026-06-08 17:00:30,None|None|None|None|of:0000000000000008,,,,,of:0000000000000008,281476101349656,93,12958,90,90.58,ADDED
2026-06-08 17:00:30,None|None|None|None|of:0000000000000008,,,,,of:0000000000000008,281476270708671,93,12958,90,90.58,ADDED
2026-06-08 17:00:30,00:00:00:00:00:01|00:00:00:00:00:02|None|None|of:0000000000000008,00:00:00:00:00:01,00:00:00:00:00:02,,,of:0000000000000008,34902898875781211,111,10878,89,90.58,ADDED
2026-06-08 17:00:30,None|None|None|None|of:0000000000000008,,,,,of:0000000000000008,281476010895837,141,13818,90,90.58,ADDED
2026-06-08 17:00:30,None|None|None|None|of:0000000000000005,,,,,of:0000000000000005,281478762460478,0,0,90,90.58,ADDED
2026-06-08 17:00:30,None|None|None|None|of:0000000000000005,,,,,of:0000000000000005,281478211273411,61,8510,90,90.58,ADDED
2026-06-08 17:00:30,None|None|None|None|of:0000000000000005,,,,,of:0000000000000005,281475117841124,53,5194,90,90.58,ADDED
2026-06-08 17:00:30,None|None|None|None|of:0000000000000005,,,,,of:0000000000000005,281478979269874,61,8510,90,90.58,ADDED
2026-06-08 17:00:30,None|None|None|None|of:0000000000000006,,,,,of:0000000000000006,281475738574217,62,8680,90,90.58,ADDED
2026-06-08 17:00:30,None|None|None|None|of:0000000000000006,,,,,of:0000000000000006,281476873293724,62,8680,90,90.58,ADDED
2026-06-08 17:00:30,None|None|None|None|of:0000000000000006,,,,,of:0000000000000006,281475411377083,0,0,90,90.58,ADDED
2026-06-08 17:00:30,None|None|None|None|of:0000000000000006,,,,,of:0000000000000006,281478888449605,3,294,90,90.58,ADDED
2026-06-08 17:00:30,None|None|None|None|of:0000000000000009,,,,,of:0000000000000009,281478887649794,90,12540,90,90.58,ADDED
2026-06-08 17:00:30,None|None|None|None|of:0000000000000009,,,,,of:0000000000000009,281474993990194,66,6468,90,90.58,ADDED
2026-06-08 17:00:30,None|None|None|None|of:0000000000000009,,,,,of:0000000000000009,281476295891648,90,12540,90,90.58,ADDED
2026-06-08 17:00:30,None|None|None|None|of:0000000000000009,,,,,of:0000000000000009,281479019932926,0,0,90,90.58,ADDED
2026-06-08 17:00:35,None|None|None|None|of:000000000000000c,,,,,of:000000000000000c,281479100460205,191,26613,95,95.61,ADDED
2026-06-08 17:00:35,None|None|None|None|of:000000000000000c,,,,,of:000000000000000c,281475624796078,191,26613,95,95.61,ADDED
2026-06-08 17:00:35,None|None|None|None|of:000000000000000c,,,,,of:000000000000000c,281477504901495,0,0,95,95.61,ADDED
2026-06-08 17:00:35,None|None|None|None|of:000000000000000c,,,,,of:000000000000000c,281476292687096,83,8134,95,95.61,ADDED
2026-06-08 17:00:35,None|None|None|None|of:000000000000000d,,,,,of:000000000000000d,281478200287907,188,26226,95,95.61,ADDED
2026-06-08 17:00:35,None|None|None|None|of:000000000000000d,,,,,of:000000000000000d,281478788468154,83,8134,95,95.61,ADDED
2026-06-08 17:00:35,None|None|None|None|of:000000000000000d,,,,,of:000000000000000d,281478012698825,188,26226,95,95.61,ADDED
2026-06-08 17:00:35,None|None|None|None|of:000000000000000d,,,,,of:000000000000000d,281476618808057,0,0,95,95.61,ADDED
2026-06-08 17:00:35,None|None|None|None|of:000000000000000a,,,,,of:000000000000000a,281477705784245,3,294,95,95.61,ADDED
2026-06-08 17:00:35,None|None|None|None|of:000000000000000a,,,,,of:000000000000000a,281475818964416,94,13098,95,95.61,ADDED
2026-06-08 17:00:35,None|None|None|None|of:000000000000000a,,,,,of:000000000000000a,281477034268888,94,13098,95,95.61,ADDED
2026-06-08 17:00:35,None|None|None|None|of:000000000000000a,,,,,of:000000000000000a,281478593105785,0,0,95,95.61,ADDED
2026-06-08 17:00:35,None|None|None|None|of:000000000000000b,,,,,of:000000000000000b,281478277078534,101,9898,95,95.61,ADDED
2026-06-08 17:00:35,00:00:00:00:00:01|00:00:00:00:00:02|None|None|of:000000000000000b,00:00:00:00:00:01,00:00:00:00:00:02,,,of:000000000000000b,34902898369757081,95,9310,94,95.61,ADDED
2026-06-08 17:00:35,00:00:00:00:00:02|00:00:00:00:00:01|None|None|of:000000000000000b,00:00:00:00:00:02,00:00:00:00:00:01,,,of:000000000000000b,34902898247549216,92,9016,92,90.53,ADDED
2026-06-08 17:00:35,None|None|None|None|of:000000000000000b,,,,,of:000000000000000b,281476663695951,0,0,95,95.61,ADDED
2026-06-08 17:00:35,None|None|None|None|of:000000000000000b,,,,,of:000000000000000b,281476573370203,192,26752,95,95.61,ADDED
2026-06-08 17:00:35,None|None|None|None|of:000000000000000b,,,,,of:000000000000000b,281476205675487,192,26752,95,95.61,ADDED
2026-06-08 17:00:35,None|None|None|None|of:0000000000000003,,,,,of:0000000000000003,281478170942982,93,9114,95,95.61,ADDED
2026-06-08 17:00:35,00:00:00:00:00:01|00:00:00:00:00:02|None|None|of:0000000000000003,00:00:00:00:00:01,00:00:00:00:00:02,,,of:0000000000000003,34902901306865815,119,11662,95,95.61,ADDED
2026-06-08 17:00:35,None|None|None|None|of:0000000000000003,,,,,of:0000000000000003,281476661728682,64,8928,95,95.61,ADDED
2026-06-08 17:00:35,None|None|None|None|of:0000000000000003,,,,,of:0000000000000003,281477764386537,0,0,95,95.61,ADDED
2026-06-08 17:00:35,None|None|None|None|of:0000000000000003,,,,,of:0000000000000003,281476156249461,64,8928,95,95.61,ADDED
2026-06-08 17:00:35,None|None|None|None|of:0000000000000004,,,,,of:0000000000000004,281475616213265,62,8648,95,95.61,ADDED
2026-06-08 17:00:35,None|None|None|None|of:0000000000000004,,,,,of:0000000000000004,281475265228006,0,0,95,95.61,ADDED
2026-06-08 17:00:35,None|None|None|None|of:0000000000000004,,,,,of:0000000000000004,281477141311986,88,8624,95,95.61,ADDED
2026-06-08 17:00:35,None|None|None|None|of:0000000000000004,,,,,of:0000000000000004,281476729151998,62,8648,95,95.61,ADDED
2026-06-08 17:00:35,None|None|None|None|of:0000000000000001,,,,,of:0000000000000001,281478909873038,0,0,95,95.61,ADDED
2026-06-08 17:00:35,00:00:00:00:00:01|00:00:00:00:00:02|None|None|of:0000000000000001,00:00:00:00:00:01,00:00:00:00:00:02,,,of:0000000000000001,34902899196753573,94,9212,94,95.61,ADDED
2026-06-08 17:00:35,00:00:00:00:00:02|00:00:00:00:00:01|None|None|of:0000000000000001,00:00:00:00:00:02,00:00:00:00:00:01,,,of:0000000000000001,34902898986035913,104,10192,94,95.61,ADDED
2026-06-08 17:00:35,None|None|None|None|of:0000000000000001,,,,,of:0000000000000001,281477466379610,94,13160,95,95.61,ADDED
2026-06-08 17:00:35,None|None|None|None|of:0000000000000001,,,,,of:0000000000000001,281475012051420,76,7448,95,95.61,ADDED
2026-06-08 17:00:35,None|None|None|None|of:0000000000000001,,,,,of:0000000000000001,281477029321583,94,13160,95,95.61,ADDED
2026-06-08 17:00:35,None|None|None|None|of:0000000000000002,,,,,of:0000000000000002,281478316350853,0,0,95,95.61,ADDED
2026-06-08 17:00:35,None|None|None|None|of:0000000000000002,,,,,of:0000000000000002,281478673389323,64,8928,95,95.61,ADDED
2026-06-08 17:00:35,00:00:00:00:00:02|00:00:00:00:00:01|None|None|of:0000000000000002,00:00:00:00:00:02,00:00:00:00:00:01,,,of:0000000000000002,34902898441429785,92,9016,92,90.53,ADDED
2026-06-08 17:00:35,00:00:00:00:00:01|00:00:00:00:00:02|None|None|of:0000000000000002,00:00:00:00:00:01,00:00:00:00:00:02,,,of:0000000000000002,34902899328279504,124,12152,95,95.61,ADDED
2026-06-08 17:00:35,None|None|None|None|of:0000000000000002,,,,,of:0000000000000002,281475022575828,64,8928,95,95.61,ADDED
2026-06-08 17:00:35,None|None|None|None|of:0000000000000002,,,,,of:0000000000000002,281475568191580,47,4606,95,95.61,ADDED
2026-06-08 17:00:35,None|None|None|None|of:0000000000000007,,,,,of:0000000000000007,281475652364572,3,294,95,95.61,ADDED
2026-06-08 17:00:35,None|None|None|None|of:0000000000000007,,,,,of:0000000000000007,281478438392611,0,0,95,95.61,ADDED
2026-06-08 17:00:35,None|None|None|None|of:0000000000000007,,,,,of:0000000000000007,281476350262333,64,8960,95,95.61,ADDED
2026-06-08 17:00:35,None|None|None|None|of:0000000000000007,,,,,of:0000000000000007,281475000925130,64,8960,95,95.61,ADDED
2026-06-08 17:00:35,None|None|None|None|of:0000000000000008,,,,,of:0000000000000008,281476059291414,0,0,95,95.61,ADDED
2026-06-08 17:00:35,None|None|None|None|of:0000000000000008,,,,,of:0000000000000008,281476101349656,96,13376,95,95.61,ADDED
2026-06-08 17:00:35,None|None|None|None|of:0000000000000008,,,,,of:0000000000000008,281476270708671,96,13376,95,95.61,ADDED
2026-06-08 17:00:35,00:00:00:00:00:01|00:00:00:00:00:02|None|None|of:0000000000000008,00:00:00:00:00:01,00:00:00:00:00:02,,,of:0000000000000008,34902898875781211,116,11368,94,95.61,ADDED
2026-06-08 17:00:35,None|None|None|None|of:0000000000000008,,,,,of:0000000000000008,281476010895837,141,13818,95,95.61,ADDED
2026-06-08 17:00:35,None|None|None|None|of:0000000000000005,,,,,of:0000000000000005,281478762460478,0,0,95,95.61,ADDED
2026-06-08 17:00:35,None|None|None|None|of:0000000000000005,,,,,of:0000000000000005,281478211273411,64,8928,95,95.61,ADDED
2026-06-08 17:00:35,None|None|None|None|of:0000000000000005,,,,,of:0000000000000005,281475117841124,53,5194,95,95.61,ADDED
2026-06-08 17:00:35,None|None|None|None|of:0000000000000005,,,,,of:0000000000000005,281478979269874,64,8928,95,95.61,ADDED
2026-06-08 17:00:35,None|None|None|None|of:0000000000000006,,,,,of:0000000000000006,281475738574217,64,8960,95,95.61,ADDED
2026-06-08 17:00:35,None|None|None|None|of:0000000000000006,,,,,of:0000000000000006,281476873293724,64,8960,95,95.61,ADDED
2026-06-08 17:00:35,None|None|None|None|of:0000000000000006,,,,,of:0000000000000006,281475411377083,0,0,95,95.61,ADDED
2026-06-08 17:00:35,None|None|None|None|of:0000000000000006,,,,,of:0000000000000006,281478888449605,3,294,95,95.61,ADDED
2026-06-08 17:00:35,None|None|None|None|of:0000000000000009,,,,,of:0000000000000009,281478887649794,94,13097,95,95.61,ADDED
2026-06-08 17:00:35,None|None|None|None|of:0000000000000009,,,,,of:0000000000000009,281474993990194,66,6468,95,95.61,ADDED
2026-06-08 17:00:35,None|None|None|None|of:0000000000000009,,,,,of:0000000000000009,281476295891648,94,13097,95,95.61,ADDED
2026-06-08 17:00:35,None|None|None|None|of:0000000000000009,,,,,of:0000000000000009,281479019932926,0,0,95,95.61,ADDED
2026-06-08 17:00:40,None|None|None|None|of:000000000000000c,,,,,of:000000000000000c,281479100460205,202,28146,100,100.62,ADDED
2026-06-08 17:00:40,None|None|None|None|of:000000000000000c,,,,,of:000000000000000c,281475624796078,202,28146,100,100.62,ADDED
2026-06-08 17:00:40,None|None|None|None|of:000000000000000c,,,,,of:000000000000000c,281477504901495,0,0,100,100.62,ADDED
2026-06-08 17:00:40,None|None|None|None|of:000000000000000c,,,,,of:000000000000000c,281476292687096,83,8134,100,100.62,ADDED
2026-06-08 17:00:40,None|None|None|None|of:000000000000000d,,,,,of:000000000000000d,281478200287907,198,27622,100,100.62,ADDED
2026-06-08 17:00:40,None|None|None|None|of:000000000000000d,,,,,of:000000000000000d,281478788468154,83,8134,100,100.62,ADDED
2026-06-08 17:00:40,None|None|None|None|of:000000000000000d,,,,,of:000000000000000d,281478012698825,198,27622,100,100.62,ADDED
2026-06-08 17:00:40,None|None|None|None|of:000000000000000d,,,,,of:000000000000000d,281476618808057,0,0,100,100.62,ADDED
2026-06-08 17:00:40,None|None|None|None|of:000000000000000a,,,,,of:000000000000000a,281477705784245,3,294,100,100.62,ADDED
2026-06-08 17:00:40,None|None|None|None|of:000000000000000a,,,,,of:000000000000000a,281475818964416,98,13656,100,100.62,ADDED
2026-06-08 17:00:40,None|None|None|None|of:000000000000000a,,,,,of:000000000000000a,281477034268888,98,13656,100,100.62,ADDED
2026-06-08 17:00:40,None|None|None|None|of:000000000000000a,,,,,of:000000000000000a,281478593105785,0,0,100,100.62,ADDED
2026-06-08 17:00:40,None|None|None|None|of:000000000000000b,,,,,of:000000000000000b,281478277078534,101,9898,100,100.62,ADDED
2026-06-08 17:00:40,00:00:00:00:00:01|00:00:00:00:00:02|None|None|of:000000000000000b,00:00:00:00:00:01,00:00:00:00:00:02,,,of:000000000000000b,34902898369757081,100,9800,99,100.62,ADDED
2026-06-08 17:00:40,00:00:00:00:00:02|00:00:00:00:00:01|None|None|of:000000000000000b,00:00:00:00:00:02,00:00:00:00:00:01,,,of:000000000000000b,34902898247549216,97,9506,97,95.55,ADDED
2026-06-08 17:00:40,None|None|None|None|of:000000000000000b,,,,,of:000000000000000b,281476663695951,0,0,100,100.62,ADDED
2026-06-08 17:00:40,None|None|None|None|of:000000000000000b,,,,,of:000000000000000b,281476573370203,204,28424,100,100.62,ADDED
2026-06-08 17:00:40,None|None|None|None|of:000000000000000b,,,,,of:000000000000000b,281476205675487,204,28424,100,100.62,ADDED
2026-06-08 17:00:40,None|None|None|None|of:0000000000000003,,,,,of:0000000000000003,281478170942982,93,9114,100,100.62,ADDED
2026-06-08 17:00:40,00:00:00:00:00:01|00:00:00:00:00:02|None|None|of:0000000000000003,00:00:00:00:00:01,00:00:00:00:00:02,,,of:0000000000000003,34902901306865815,124,12152,100,100.62,ADDED
2026-06-08 17:00:40,None|None|None|None|of:0000000000000003,,,,,of:0000000000000003,281476661728682,68,9486,100,100.62,ADDED
2026-06-08 17:00:40,None|None|None|None|of:0000000000000003,,,,,of:0000000000000003,281477764386537,0,0,100,100.62,ADDED
2026-06-08 17:00:40,None|None|None|None|of:0000000000000003,,,,,of:0000000000000003,281476156249461,68,9486,100,100.62,ADDED
2026-06-08 17:00:40,None|None|None|None|of:0000000000000004,,,,,of:0000000000000004,281475616213265,66,9206,100,100.62,ADDED
2026-06-08 17:00:40,None|None|None|None|of:0000000000000004,,,,,of:0000000000000004,281475265228006,0,0,100,100.62,ADDED
2026-06-08 17:00:40,None|None|None|None|of:0000000000000004,,,,,of:0000000000000004,281477141311986,88,8624,100,100.62,ADDED
2026-06-08 17:00:40,None|None|None|None|of:0000000000000004,,,,,of:0000000000000004,281476729151998,66,9206,100,100.62,ADDED
2026-06-08 17:00:40,None|None|None|None|of:0000000000000001,,,,,of:0000000000000001,281478909873038,0,0,100,100.62,ADDED
2026-06-08 17:00:40,00:00:00:00:00:01|00:00:00:00:00:02|None|None|of:0000000000000001,00:00:00:00:00:01,00:00:00:00:00:02,,,of:0000000000000001,34902899196753573,99,9702,99,100.62,ADDED
2026-06-08 17:00:40,00:00:00:00:00:02|00:00:00:00:00:01|None|None|of:0000000000000001,00:00:00:00:00:02,00:00:00:00:00:01,,,of:0000000000000001,34902898986035913,109,10682,99,100.62,ADDED
2026-06-08 17:00:40,None|None|None|None|of:0000000000000001,,,,,of:0000000000000001,281477466379610,100,14000,100,100.62,ADDED
2026-06-08 17:00:40,None|None|None|None|of:0000000000000001,,,,,of:0000000000000001,281475012051420,76,7448,100,100.62,ADDED
2026-06-08 17:00:40,None|None|None|None|of:0000000000000001,,,,,of:0000000000000001,281477029321583,100,14000,100,100.62,ADDED
2026-06-08 17:00:40,None|None|None|None|of:0000000000000002,,,,,of:0000000000000002,281478316350853,0,0,100,100.62,ADDED
2026-06-08 17:00:40,None|None|None|None|of:0000000000000002,,,,,of:0000000000000002,281478673389323,68,9486,100,100.62,ADDED
2026-06-08 17:00:40,00:00:00:00:00:02|00:00:00:00:00:01|None|None|of:0000000000000002,00:00:00:00:00:02,00:00:00:00:00:01,,,of:0000000000000002,34902898441429785,97,9506,97,95.54,ADDED
2026-06-08 17:00:40,00:00:00:00:00:01|00:00:00:00:00:02|None|None|of:0000000000000002,00:00:00:00:00:01,00:00:00:00:00:02,,,of:0000000000000002,34902899328279504,129,12642,100,100.62,ADDED
2026-06-08 17:00:40,None|None|None|None|of:0000000000000002,,,,,of:0000000000000002,281475022575828,68,9486,100,100.62,ADDED
2026-06-08 17:00:40,None|None|None|None|of:0000000000000002,,,,,of:0000000000000002,281475568191580,47,4606,100,100.62,ADDED
2026-06-08 17:00:40,None|None|None|None|of:0000000000000007,,,,,of:0000000000000007,281475652364572,3,294,100,100.62,ADDED
2026-06-08 17:00:40,None|None|None|None|of:0000000000000007,,,,,of:0000000000000007,281478438392611,0,0,100,100.62,ADDED
2026-06-08 17:00:40,None|None|None|None|of:0000000000000007,,,,,of:0000000000000007,281476350262333,68,9520,100,100.62,ADDED
2026-06-08 17:00:40,None|None|None|None|of:0000000000000007,,,,,of:0000000000000007,281475000925130,68,9520,100,100.62,ADDED
2026-06-08 17:00:40,None|None|None|None|of:0000000000000008,,,,,of:0000000000000008,281476059291414,0,0,100,100.62,ADDED
2026-06-08 17:00:40,None|None|None|None|of:0000000000000008,,,,,of:0000000000000008,281476101349656,102,14212,100,100.62,ADDED
2026-06-08 17:00:40,None|None|None|None|of:0000000000000008,,,,,of:0000000000000008,281476270708671,102,14212,100,100.62,ADDED
2026-06-08 17:00:40,00:00:00:00:00:01|00:00:00:00:00:02|None|None|of:0000000000000008,00:00:00:00:00:01,00:00:00:00:00:02,,,of:0000000000000008,34902898875781211,121,11858,99,100.62,ADDED
2026-06-08 17:00:40,None|None|None|None|of:0000000000000008,,,,,of:0000000000000008,281476010895837,141,13818,100,100.62,ADDED
2026-06-08 17:00:40,None|None|None|None|of:0000000000000005,,,,,of:0000000000000005,281478762460478,0,0,100,100.62,ADDED
2026-06-08 17:00:40,None|None|None|None|of:0000000000000005,,,,,of:0000000000000005,281478211273411,68,9486,100,100.62,ADDED
2026-06-08 17:00:40,None|None|None|None|of:0000000000000005,,,,,of:0000000000000005,281475117841124,53,5194,100,100.62,ADDED
2026-06-08 17:00:40,None|None|None|None|of:0000000000000005,,,,,of:0000000000000005,281478979269874,68,9486,100,100.62,ADDED
2026-06-08 17:00:40,None|None|None|None|of:0000000000000006,,,,,of:0000000000000006,281475738574217,68,9520,100,100.62,ADDED
2026-06-08 17:00:40,None|None|None|None|of:0000000000000006,,,,,of:0000000000000006,281476873293724,68,9520,100,100.62,ADDED
2026-06-08 17:00:40,None|None|None|None|of:0000000000000006,,,,,of:0000000000000006,281475411377083,0,0,100,100.62,ADDED
2026-06-08 17:00:40,None|None|None|None|of:0000000000000006,,,,,of:0000000000000006,281478888449605,3,294,100,100.62,ADDED
2026-06-08 17:00:40,None|None|None|None|of:0000000000000009,,,,,of:0000000000000009,281478887649794,99,13794,100,100.62,ADDED
2026-06-08 17:00:40,None|None|None|None|of:0000000000000009,,,,,of:0000000000000009,281474993990194,66,6468,100,100.62,ADDED
2026-06-08 17:00:40,None|None|None|None|of:0000000000000009,,,,,of:0000000000000009,281476295891648,99,13794,100,100.62,ADDED
2026-06-08 17:00:40,None|None|None|None|of:0000000000000009,,,,,of:0000000000000009,281479019932926,0,0,100,100.62,ADDED
2026-06-08 17:00:45,None|None|None|None|of:000000000000000c,,,,,of:000000000000000c,281479100460205,209,29121,105,105.66,ADDED
2026-06-08 17:00:45,None|None|None|None|of:000000000000000c,,,,,of:000000000000000c,281475624796078,209,29121,105,105.66,ADDED
2026-06-08 17:00:45,None|None|None|None|of:000000000000000c,,,,,of:000000000000000c,281477504901495,0,0,105,105.66,ADDED
2026-06-08 17:00:45,None|None|None|None|of:000000000000000c,,,,,of:000000000000000c,281476292687096,83,8134,105,105.66,ADDED
2026-06-08 17:00:45,None|None|None|None|of:000000000000000d,,,,,of:000000000000000d,281478200287907,210,29296,105,105.66,ADDED
2026-06-08 17:00:45,None|None|None|None|of:000000000000000d,,,,,of:000000000000000d,281478788468154,83,8134,105,105.66,ADDED
2026-06-08 17:00:45,None|None|None|None|of:000000000000000d,,,,,of:000000000000000d,281478012698825,210,29296,105,105.66,ADDED
2026-06-08 17:00:45,None|None|None|None|of:000000000000000d,,,,,of:000000000000000d,281476618808057,0,0,105,105.66,ADDED
2026-06-08 17:00:45,None|None|None|None|of:000000000000000a,,,,,of:000000000000000a,281477705784245,3,294,105,105.66,ADDED
2026-06-08 17:00:45,None|None|None|None|of:000000000000000a,,,,,of:000000000000000a,281475818964416,103,14352,105,105.66,ADDED
2026-06-08 17:00:45,None|None|None|None|of:000000000000000a,,,,,of:000000000000000a,281477034268888,103,14352,105,105.66,ADDED
2026-06-08 17:00:45,None|None|None|None|of:000000000000000a,,,,,of:000000000000000a,281478593105785,0,0,105,105.66,ADDED
2026-06-08 17:00:45,None|None|None|None|of:000000000000000b,,,,,of:000000000000000b,281478277078534,101,9898,105,105.66,ADDED
2026-06-08 17:00:45,00:00:00:00:00:01|00:00:00:00:00:02|None|None|of:000000000000000b,00:00:00:00:00:01,00:00:00:00:00:02,,,of:000000000000000b,34902898369757081,105,10290,104,105.66,ADDED
2026-06-08 17:00:45,00:00:00:00:00:02|00:00:00:00:00:01|None|None|of:000000000000000b,00:00:00:00:00:02,00:00:00:00:00:01,,,of:000000000000000b,34902898247549216,102,9996,102,100.58,ADDED
2026-06-08 17:00:45,None|None|None|None|of:000000000000000b,,,,,of:000000000000000b,281476663695951,0,0,105,105.66,ADDED
2026-06-08 17:00:45,None|None|None|None|of:000000000000000b,,,,,of:000000000000000b,281476573370203,210,29260,105,105.66,ADDED
2026-06-08 17:00:45,None|None|None|None|of:000000000000000b,,,,,of:000000000000000b,281476205675487,210,29260,105,105.66,ADDED
2026-06-08 17:00:45,None|None|None|None|of:0000000000000003,,,,,of:0000000000000003,281478170942982,93,9114,105,105.66,ADDED
2026-06-08 17:00:45,00:00:00:00:00:01|00:00:00:00:00:02|None|None|of:0000000000000003,00:00:00:00:00:01,00:00:00:00:00:02,,,of:0000000000000003,34902901306865815,129,12642,105,105.66,ADDED
2026-06-08 17:00:45,None|None|None|None|of:0000000000000003,,,,,of:0000000000000003,281476661728682,70,9765,105,105.66,ADDED
2026-06-08 17:00:45,None|None|None|None|of:0000000000000003,,,,,of:0000000000000003,281477764386537,0,0,105,105.66,ADDED
2026-06-08 17:00:45,None|None|None|None|of:0000000000000003,,,,,of:0000000000000003,281476156249461,70,9765,105,105.66,ADDED
2026-06-08 17:00:45,None|None|None|None|of:0000000000000004,,,,,of:0000000000000004,281475616213265,70,9764,105,105.66,ADDED
2026-06-08 17:00:45,None|None|None|None|of:0000000000000004,,,,,of:0000000000000004,281475265228006,0,0,105,105.66,ADDED
2026-06-08 17:00:45,None|None|None|None|of:0000000000000004,,,,,of:0000000000000004,281477141311986,88,8624,105,105.66,ADDED
2026-06-08 17:00:45,None|None|None|None|of:0000000000000004,,,,,of:0000000000000004,281476729151998,70,9764,105,105.66,ADDED
2026-06-08 17:00:45,None|None|None|None|of:0000000000000001,,,,,of:0000000000000001,281478909873038,0,0,105,105.66,ADDED
2026-06-08 17:00:45,00:00:00:00:00:01|00:00:00:00:00:02|None|None|of:0000000000000001,00:00:00:00:00:01,00:00:00:00:00:02,,,of:0000000000000001,34902899196753573,104,10192,104,105.66,ADDED
2026-06-08 17:00:45,00:00:00:00:00:02|00:00:00:00:00:01|None|None|of:0000000000000001,00:00:00:00:00:02,00:00:00:00:00:01,,,of:0000000000000001,34902898986035913,114,11172,104,105.66,ADDED
2026-06-08 17:00:45,None|None|None|None|of:0000000000000001,,,,,of:0000000000000001,281477466379610,106,14840,105,105.66,ADDED
2026-06-08 17:00:45,None|None|None|None|of:0000000000000001,,,,,of:0000000000000001,281475012051420,76,7448,105,105.66,ADDED
2026-06-08 17:00:45,None|None|None|None|of:0000000000000001,,,,,of:0000000000000001,281477029321583,106,14840,105,105.66,ADDED
2026-06-08 17:00:45,None|None|None|None|of:0000000000000002,,,,,of:0000000000000002,281478316350853,0,0,105,105.66,ADDED
2026-06-08 17:00:45,None|None|None|None|of:0000000000000002,,,,,of:0000000000000002,281478673389323,72,10044,105,105.66,ADDED
2026-06-08 17:00:45,00:00:00:00:00:02|00:00:00:00:00:01|None|None|of:0000000000000002,00:00:00:00:00:02,00:00:00:00:00:01,,,of:0000000000000002,34902898441429785,102,9996,102,100.58,ADDED
2026-06-08 17:00:45,00:00:00:00:00:01|00:00:00:00:00:02|None|None|of:0000000000000002,00:00:00:00:00:01,00:00:00:00:00:02,,,of:0000000000000002,34902899328279504,134,13132,105,105.66,ADDED
2026-06-08 17:00:45,None|None|None|None|of:0000000000000002,,,,,of:0000000000000002,281475022575828,72,10044,105,105.66,ADDED
2026-06-08 17:00:45,None|None|None|None|of:0000000000000002,,,,,of:0000000000000002,281475568191580,47,4606,105,105.66,ADDED
2026-06-08 17:00:45,None|None|None|None|of:0000000000000007,,,,,of:0000000000000007,281475652364572,3,294,105,105.66,ADDED
2026-06-08 17:00:45,None|None|None|None|of:0000000000000007,,,,,of:0000000000000007,281478438392611,0,0,105,105.66,ADDED
2026-06-08 17:00:45,None|None|None|None|of:0000000000000007,,,,,of:0000000000000007,281476350262333,70,9800,105,105.66,ADDED
2026-06-08 17:00:45,None|None|None|None|of:0000000000000007,,,,,of:0000000000000007,281475000925130,70,9800,105,105.66,ADDED
2026-06-08 17:00:45,None|None|None|None|of:0000000000000008,,,,,of:0000000000000008,281476059291414,0,0,105,105.66,ADDED
2026-06-08 17:00:45,None|None|None|None|of:0000000000000008,,,,,of:0000000000000008,281476101349656,108,15048,105,105.66,ADDED
2026-06-08 17:00:45,None|None|None|None|of:0000000000000008,,,,,of:0000000000000008,281476270708671,108,15048,105,105.66,ADDED
2026-06-08 17:00:45,00:00:00:00:00:01|00:00:00:00:00:02|None|None|of:0000000000000008,00:00:00:00:00:01,00:00:00:00:00:02,,,of:0000000000000008,34902898875781211,126,12348,104,105.66,ADDED
2026-06-08 17:00:45,None|None|None|None|of:0000000000000008,,,,,of:0000000000000008,281476010895837,141,13818,105,105.66,ADDED
2026-06-08 17:00:45,None|None|None|None|of:0000000000000005,,,,,of:0000000000000005,281478762460478,0,0,105,105.66,ADDED
2026-06-08 17:00:45,None|None|None|None|of:0000000000000005,,,,,of:0000000000000005,281478211273411,70,9765,105,105.66,ADDED
2026-06-08 17:00:45,None|None|None|None|of:0000000000000005,,,,,of:0000000000000005,281475117841124,53,5194,105,105.66,ADDED
2026-06-08 17:00:45,None|None|None|None|of:0000000000000005,,,,,of:0000000000000005,281478979269874,70,9765,105,105.66,ADDED
2026-06-08 17:00:45,None|None|None|None|of:0000000000000006,,,,,of:0000000000000006,281475738574217,70,9800,105,105.66,ADDED
2026-06-08 17:00:45,None|None|None|None|of:0000000000000006,,,,,of:0000000000000006,281476873293724,70,9800,105,105.66,ADDED
2026-06-08 17:00:45,None|None|None|None|of:0000000000000006,,,,,of:0000000000000006,281475411377083,0,0,105,105.66,ADDED
2026-06-08 17:00:45,None|None|None|None|of:0000000000000006,,,,,of:0000000000000006,281478888449605,3,294,105,105.66,ADDED
2026-06-08 17:00:45,None|None|None|None|of:0000000000000009,,,,,of:0000000000000009,281478887649794,105,14630,105,105.66,ADDED
2026-06-08 17:00:45,None|None|None|None|of:0000000000000009,,,,,of:0000000000000009,281474993990194,66,6468,105,105.66,ADDED
2026-06-08 17:00:45,None|None|None|None|of:0000000000000009,,,,,of:0000000000000009,281476295891648,105,14630,105,105.66,ADDED
2026-06-08 17:00:45,None|None|None|None|of:0000000000000009,,,,,of:0000000000000009,281479019932926,0,0,105,105.66,ADDED
2026-06-08 17:00:51,None|None|None|None|of:000000000000000c,,,,,of:000000000000000c,281479100460205,220,30654,110,110.68,ADDED
2026-06-08 17:00:51,None|None|None|None|of:000000000000000c,,,,,of:000000000000000c,281475624796078,220,30654,110,110.68,ADDED
2026-06-08 17:00:51,None|None|None|None|of:000000000000000c,,,,,of:000000000000000c,281477504901495,0,0,110,110.68,ADDED
2026-06-08 17:00:51,None|None|None|None|of:000000000000000c,,,,,of:000000000000000c,281476292687096,83,8134,110,110.68,ADDED
2026-06-08 17:00:51,None|None|None|None|of:000000000000000d,,,,,of:000000000000000d,281478200287907,216,30133,110,110.68,ADDED
2026-06-08 17:00:51,None|None|None|None|of:000000000000000d,,,,,of:000000000000000d,281478788468154,83,8134,110,110.68,ADDED
2026-06-08 17:00:51,None|None|None|None|of:000000000000000d,,,,,of:000000000000000d,281478012698825,216,30133,110,110.68,ADDED
2026-06-08 17:00:51,None|None|None|None|of:000000000000000d,,,,,of:000000000000000d,281476618808057,0,0,110,110.68,ADDED
2026-06-08 17:00:51,None|None|None|None|of:000000000000000a,,,,,of:000000000000000a,281477705784245,3,294,110,110.68,ADDED
2026-06-08 17:00:51,None|None|None|None|of:000000000000000a,,,,,of:000000000000000a,281475818964416,107,14910,110,110.68,ADDED
2026-06-08 17:00:51,None|None|None|None|of:000000000000000a,,,,,of:000000000000000a,281477034268888,107,14910,110,110.68,ADDED
2026-06-08 17:00:51,None|None|None|None|of:000000000000000a,,,,,of:000000000000000a,281478593105785,0,0,110,110.68,ADDED
2026-06-08 17:00:51,None|None|None|None|of:000000000000000b,,,,,of:000000000000000b,281478277078534,101,9898,110,110.68,ADDED
2026-06-08 17:00:51,00:00:00:00:00:01|00:00:00:00:00:02|None|None|of:000000000000000b,00:00:00:00:00:01,00:00:00:00:00:02,,,of:000000000000000b,34902898369757081,110,10780,109,110.68,ADDED
2026-06-08 17:00:51,00:00:00:00:00:02|00:00:00:00:00:01|None|None|of:000000000000000b,00:00:00:00:00:02,00:00:00:00:00:01,,,of:000000000000000b,34902898247549216,107,10486,107,105.61,ADDED
2026-06-08 17:00:51,None|None|None|None|of:000000000000000b,,,,,of:000000000000000b,281476663695951,0,0,110,110.68,ADDED
2026-06-08 17:00:51,None|None|None|None|of:000000000000000b,,,,,of:000000000000000b,281476573370203,222,30932,110,110.68,ADDED
2026-06-08 17:00:51,None|None|None|None|of:000000000000000b,,,,,of:000000000000000b,281476205675487,222,30932,110,110.68,ADDED
2026-06-08 17:00:51,None|None|None|None|of:0000000000000003,,,,,of:0000000000000003,281478170942982,93,9114,110,110.68,ADDED
2026-06-08 17:00:51,00:00:00:00:00:01|00:00:00:00:00:02|None|None|of:0000000000000003,00:00:00:00:00:01,00:00:00:00:00:02,,,of:0000000000000003,34902901306865815,134,13132,110,110.68,ADDED
2026-06-08 17:00:51,None|None|None|None|of:0000000000000003,,,,,of:0000000000000003,281476661728682,74,10323,110,110.68,ADDED
2026-06-08 17:00:51,None|None|None|None|of:0000000000000003,,,,,of:0000000000000003,281477764386537,0,0,110,110.68,ADDED
2026-06-08 17:00:51,None|None|None|None|of:0000000000000003,,,,,of:0000000000000003,281476156249461,74,10323,110,110.68,ADDED
2026-06-08 17:00:51,None|None|None|None|of:0000000000000004,,,,,of:0000000000000004,281475616213265,72,10043,110,110.68,ADDED
2026-06-08 17:00:51,None|None|None|None|of:0000000000000004,,,,,of:0000000000000004,281475265228006,0,0,110,110.68,ADDED
2026-06-08 17:00:51,None|None|None|None|of:0000000000000004,,,,,of:0000000000000004,281477141311986,88,8624,110,110.68,ADDED
2026-06-08 17:00:51,None|None|None|None|of:0000000000000004,,,,,of:0000000000000004,281476729151998,72,10043,110,110.68,ADDED
2026-06-08 17:00:51,None|None|None|None|of:0000000000000001,,,,,of:0000000000000001,281478909873038,0,0,110,110.68,ADDED
2026-06-08 17:00:51,00:00:00:00:00:01|00:00:00:00:00:02|None|None|of:0000000000000001,00:00:00:00:00:01,00:00:00:00:00:02,,,of:0000000000000001,34902899196753573,109,10682,109,110.68,ADDED
2026-06-08 17:00:51,00:00:00:00:00:02|00:00:00:00:00:01|None|None|of:0000000000000001,00:00:00:00:00:02,00:00:00:00:00:01,,,of:0000000000000001,34902898986035913,119,11662,109,110.68,ADDED
2026-06-08 17:00:51,None|None|None|None|of:0000000000000001,,,,,of:0000000000000001,281477466379610,109,15260,110,110.68,ADDED
2026-06-08 17:00:51,None|None|None|None|of:0000000000000001,,,,,of:0000000000000001,281475012051420,76,7448,110,110.68,ADDED
2026-06-08 17:00:51,None|None|None|None|of:0000000000000001,,,,,of:0000000000000001,281477029321583,109,15260,110,110.68,ADDED
2026-06-08 17:00:51,None|None|None|None|of:0000000000000002,,,,,of:0000000000000002,281478316350853,0,0,110,110.68,ADDED
2026-06-08 17:00:51,None|None|None|None|of:0000000000000002,,,,,of:0000000000000002,281478673389323,74,10323,110,110.68,ADDED
2026-06-08 17:00:51,00:00:00:00:00:02|00:00:00:00:00:01|None|None|of:0000000000000002,00:00:00:00:00:02,00:00:00:00:00:01,,,of:0000000000000002,34902898441429785,107,10486,107,105.6,ADDED
2026-06-08 17:00:51,00:00:00:00:00:01|00:00:00:00:00:02|None|None|of:0000000000000002,00:00:00:00:00:01,00:00:00:00:00:02,,,of:0000000000000002,34902899328279504,139,13622,110,110.68,ADDED
2026-06-08 17:00:51,None|None|None|None|of:0000000000000002,,,,,of:0000000000000002,281475022575828,74,10323,110,110.68,ADDED
2026-06-08 17:00:51,None|None|None|None|of:0000000000000002,,,,,of:0000000000000002,281475568191580,47,4606,110,110.68,ADDED
2026-06-08 17:00:51,None|None|None|None|of:0000000000000007,,,,,of:0000000000000007,281475652364572,3,294,110,110.68,ADDED
2026-06-08 17:00:51,None|None|None|None|of:0000000000000007,,,,,of:0000000000000007,281478438392611,0,0,110,110.68,ADDED
2026-06-08 17:00:51,None|None|None|None|of:0000000000000007,,,,,of:0000000000000007,281476350262333,74,10360,110,110.68,ADDED
2026-06-08 17:00:51,None|None|None|None|of:0000000000000007,,,,,of:0000000000000007,281475000925130,74,10360,110,110.68,ADDED
2026-06-08 17:00:51,None|None|None|None|of:0000000000000008,,,,,of:0000000000000008,281476059291414,0,0,110,110.68,ADDED
2026-06-08 17:00:51,None|None|None|None|of:0000000000000008,,,,,of:0000000000000008,281476101349656,111,15466,110,110.68,ADDED
2026-06-08 17:00:51,None|None|None|None|of:0000000000000008,,,,,of:0000000000000008,281476270708671,111,15466,110,110.68,ADDED
2026-06-08 17:00:51,00:00:00:00:00:01|00:00:00:00:00:02|None|None|of:0000000000000008,00:00:00:00:00:01,00:00:00:00:00:02,,,of:0000000000000008,34902898875781211,131,12838,109,110.68,ADDED
2026-06-08 17:00:51,None|None|None|None|of:0000000000000008,,,,,of:0000000000000008,281476010895837,141,13818,110,110.68,ADDED
2026-06-08 17:00:51,None|None|None|None|of:0000000000000005,,,,,of:0000000000000005,281478762460478,0,0,110,110.68,ADDED
2026-06-08 17:00:51,None|None|None|None|of:0000000000000005,,,,,of:0000000000000005,281478211273411,74,10323,110,110.68,ADDED
2026-06-08 17:00:51,None|None|None|None|of:0000000000000005,,,,,of:0000000000000005,281475117841124,53,5194,110,110.68,ADDED
2026-06-08 17:00:51,None|None|None|None|of:0000000000000005,,,,,of:0000000000000005,281478979269874,74,10323,110,110.68,ADDED
2026-06-08 17:00:51,None|None|None|None|of:0000000000000006,,,,,of:0000000000000006,281475738574217,74,10360,110,110.68,ADDED
2026-06-08 17:00:51,None|None|None|None|of:0000000000000006,,,,,of:0000000000000006,281476873293724,74,10360,110,110.68,ADDED
2026-06-08 17:00:51,None|None|None|None|of:0000000000000006,,,,,of:0000000000000006,281475411377083,0,0,110,110.68,ADDED
2026-06-08 17:00:51,None|None|None|None|of:0000000000000006,,,,,of:0000000000000006,281478888449605,3,294,110,110.68,ADDED
2026-06-08 17:00:51,None|None|None|None|of:0000000000000009,,,,,of:0000000000000009,281478887649794,108,15048,110,110.68,ADDED
2026-06-08 17:00:51,None|None|None|None|of:0000000000000009,,,,,of:0000000000000009,281474993990194,66,6468,110,110.68,ADDED
2026-06-08 17:00:51,None|None|None|None|of:0000000000000009,,,,,of:0000000000000009,281476295891648,108,15048,110,110.68,ADDED
2026-06-08 17:00:51,None|None|None|None|of:0000000000000009,,,,,of:0000000000000009,281479019932926,0,0,110,110.68,ADDED
2026-06-08 17:00:56,None|None|None|None|of:000000000000000c,,,,,of:000000000000000c,281479100460205,232,32326,115,115.7,ADDED
2026-06-08 17:00:56,None|None|None|None|of:000000000000000c,,,,,of:000000000000000c,281475624796078,232,32326,115,115.7,ADDED
2026-06-08 17:00:56,None|None|None|None|of:000000000000000c,,,,,of:000000000000000c,281477504901495,0,0,115,115.7,ADDED
2026-06-08 17:00:56,None|None|None|None|of:000000000000000c,,,,,of:000000000000000c,281476292687096,83,8134,115,115.7,ADDED
2026-06-08 17:00:56,None|None|None|None|of:000000000000000d,,,,,of:000000000000000d,281478200287907,228,31807,115,115.7,ADDED
2026-06-08 17:00:56,None|None|None|None|of:000000000000000d,,,,,of:000000000000000d,281478788468154,83,8134,115,115.7,ADDED
2026-06-08 17:00:56,None|None|None|None|of:000000000000000d,,,,,of:000000000000000d,281478012698825,228,31807,115,115.7,ADDED
2026-06-08 17:00:56,None|None|None|None|of:000000000000000d,,,,,of:000000000000000d,281476618808057,0,0,115,115.7,ADDED
2026-06-08 17:00:56,None|None|None|None|of:000000000000000a,,,,,of:000000000000000a,281477705784245,3,294,115,115.7,ADDED
2026-06-08 17:00:56,None|None|None|None|of:000000000000000a,,,,,of:000000000000000a,281475818964416,113,15746,115,115.7,ADDED
2026-06-08 17:00:56,None|None|None|None|of:000000000000000a,,,,,of:000000000000000a,281477034268888,113,15746,115,115.7,ADDED
2026-06-08 17:00:56,None|None|None|None|of:000000000000000a,,,,,of:000000000000000a,281478593105785,0,0,115,115.7,ADDED
2026-06-08 17:00:56,None|None|None|None|of:000000000000000b,,,,,of:000000000000000b,281478277078534,101,9898,115,115.7,ADDED
2026-06-08 17:00:56,00:00:00:00:00:01|00:00:00:00:00:02|None|None|of:000000000000000b,00:00:00:00:00:01,00:00:00:00:00:02,,,of:000000000000000b,34902898369757081,115,11270,114,115.7,ADDED
2026-06-08 17:00:56,00:00:00:00:00:02|00:00:00:00:00:01|None|None|of:000000000000000b,00:00:00:00:00:02,00:00:00:00:00:01,,,of:000000000000000b,34902898247549216,112,10976,112,110.62,ADDED
2026-06-08 17:00:56,None|None|None|None|of:000000000000000b,,,,,of:000000000000000b,281476663695951,0,0,115,115.7,ADDED
2026-06-08 17:00:56,None|None|None|None|of:000000000000000b,,,,,of:000000000000000b,281476573370203,234,32604,115,115.7,ADDED
2026-06-08 17:00:56,None|None|None|None|of:000000000000000b,,,,,of:000000000000000b,281476205675487,234,32604,115,115.7,ADDED
2026-06-08 17:00:56,None|None|None|None|of:0000000000000003,,,,,of:0000000000000003,281478170942982,93,9114,115,115.7,ADDED
2026-06-08 17:00:56,00:00:00:00:00:01|00:00:00:00:00:02|None|None|of:0000000000000003,00:00:00:00:00:01,00:00:00:00:00:02,,,of:0000000000000003,34902901306865815,139,13622,115,115.7,ADDED
2026-06-08 17:00:56,None|None|None|None|of:0000000000000003,,,,,of:0000000000000003,281476661728682,78,10881,115,115.7,ADDED
2026-06-08 17:00:56,None|None|None|None|of:0000000000000003,,,,,of:0000000000000003,281477764386537,0,0,115,115.7,ADDED
2026-06-08 17:00:56,None|None|None|None|of:0000000000000003,,,,,of:0000000000000003,281476156249461,78,10881,115,115.7,ADDED
2026-06-08 17:00:56,None|None|None|None|of:0000000000000004,,,,,of:0000000000000004,281475616213265,76,10601,115,115.7,ADDED
2026-06-08 17:00:56,None|None|None|None|of:0000000000000004,,,,,of:0000000000000004,281475265228006,0,0,115,115.7,ADDED
2026-06-08 17:00:56,None|None|None|None|of:0000000000000004,,,,,of:0000000000000004,281477141311986,88,8624,115,115.7,ADDED
2026-06-08 17:00:56,None|None|None|None|of:0000000000000004,,,,,of:0000000000000004,281476729151998,76,10601,115,115.7,ADDED
2026-06-08 17:00:56,None|None|None|None|of:0000000000000001,,,,,of:0000000000000001,281478909873038,0,0,115,115.7,ADDED
2026-06-08 17:00:56,00:00:00:00:00:01|00:00:00:00:00:02|None|None|of:0000000000000001,00:00:00:00:00:01,00:00:00:00:00:02,,,of:0000000000000001,34902899196753573,114,11172,114,115.7,ADDED
2026-06-08 17:00:56,00:00:00:00:00:02|00:00:00:00:00:01|None|None|of:0000000000000001,00:00:00:00:00:02,00:00:00:00:00:01,,,of:0000000000000001,34902898986035913,124,12152,114,115.7,ADDED
2026-06-08 17:00:56,None|None|None|None|of:0000000000000001,,,,,of:0000000000000001,281477466379610,115,16100,115,115.7,ADDED
2026-06-08 17:00:56,None|None|None|None|of:0000000000000001,,,,,of:0000000000000001,281475012051420,76,7448,115,115.7,ADDED
2026-06-08 17:00:56,None|None|None|None|of:0000000000000001,,,,,of:0000000000000001,281477029321583,115,16100,115,115.7,ADDED
2026-06-08 17:00:56,None|None|None|None|of:0000000000000002,,,,,of:0000000000000002,281478316350853,0,0,115,115.7,ADDED
2026-06-08 17:00:56,None|None|None|None|of:0000000000000002,,,,,of:0000000000000002,281478673389323,78,10881,115,115.7,ADDED
2026-06-08 17:00:56,00:00:00:00:00:02|00:00:00:00:00:01|None|None|of:0000000000000002,00:00:00:00:00:02,00:00:00:00:00:01,,,of:0000000000000002,34902898441429785,112,10976,112,110.62,ADDED
2026-06-08 17:00:56,00:00:00:00:00:01|00:00:00:00:00:02|None|None|of:0000000000000002,00:00:00:00:00:01,00:00:00:00:00:02,,,of:0000000000000002,34902899328279504,144,14112,115,115.7,ADDED
2026-06-08 17:00:56,None|None|None|None|of:0000000000000002,,,,,of:0000000000000002,281475022575828,78,10881,115,115.7,ADDED
2026-06-08 17:00:56,None|None|None|None|of:0000000000000002,,,,,of:0000000000000002,281475568191580,47,4606,115,115.7,ADDED
2026-06-08 17:00:56,None|None|None|None|of:0000000000000007,,,,,of:0000000000000007,281475652364572,3,294,115,115.7,ADDED
2026-06-08 17:00:56,None|None|None|None|of:0000000000000007,,,,,of:0000000000000007,281478438392611,0,0,115,115.7,ADDED
2026-06-08 17:00:56,None|None|None|None|of:0000000000000007,,,,,of:0000000000000007,281476350262333,78,10920,115,115.7,ADDED
2026-06-08 17:00:56,None|None|None|None|of:0000000000000007,,,,,of:0000000000000007,281475000925130,78,10920,115,115.7,ADDED
2026-06-08 17:00:56,None|None|None|None|of:0000000000000008,,,,,of:0000000000000008,281476059291414,0,0,115,115.7,ADDED
2026-06-08 17:00:56,None|None|None|None|of:0000000000000008,,,,,of:0000000000000008,281476101349656,117,16302,115,115.7,ADDED
2026-06-08 17:00:56,None|None|None|None|of:0000000000000008,,,,,of:0000000000000008,281476270708671,117,16302,115,115.7,ADDED
2026-06-08 17:00:56,00:00:00:00:00:01|00:00:00:00:00:02|None|None|of:0000000000000008,00:00:00:00:00:01,00:00:00:00:00:02,,,of:0000000000000008,34902898875781211,136,13328,114,115.7,ADDED
2026-06-08 17:00:56,None|None|None|None|of:0000000000000008,,,,,of:0000000000000008,281476010895837,141,13818,115,115.7,ADDED
2026-06-08 17:00:56,None|None|None|None|of:0000000000000005,,,,,of:0000000000000005,281478762460478,0,0,115,115.7,ADDED
2026-06-08 17:00:56,None|None|None|None|of:0000000000000005,,,,,of:0000000000000005,281478211273411,78,10881,115,115.7,ADDED
2026-06-08 17:00:56,None|None|None|None|of:0000000000000005,,,,,of:0000000000000005,281475117841124,53,5194,115,115.7,ADDED
2026-06-08 17:00:56,None|None|None|None|of:0000000000000005,,,,,of:0000000000000005,281478979269874,78,10881,115,115.7,ADDED
2026-06-08 17:00:56,None|None|None|None|of:0000000000000006,,,,,of:0000000000000006,281475738574217,78,10920,115,115.7,ADDED
2026-06-08 17:00:56,None|None|None|None|of:0000000000000006,,,,,of:0000000000000006,281476873293724,78,10920,115,115.7,ADDED
2026-06-08 17:00:56,None|None|None|None|of:0000000000000006,,,,,of:0000000000000006,281475411377083,0,0,115,115.7,ADDED
2026-06-08 17:00:56,None|None|None|None|of:0000000000000006,,,,,of:0000000000000006,281478888449605,3,294,115,115.7,ADDED
2026-06-08 17:00:56,None|None|None|None|of:0000000000000009,,,,,of:0000000000000009,281478887649794,114,15884,115,115.7,ADDED
2026-06-08 17:00:56,None|None|None|None|of:0000000000000009,,,,,of:0000000000000009,281474993990194,66,6468,115,115.7,ADDED
2026-06-08 17:00:56,None|None|None|None|of:0000000000000009,,,,,of:0000000000000009,281476295891648,114,15884,115,115.7,ADDED
2026-06-08 17:00:56,None|None|None|None|of:0000000000000009,,,,,of:0000000000000009,281479019932926,0,0,115,115.7,ADDED
2026-06-08 17:01:01,None|None|None|None|of:000000000000000c,,,,,of:000000000000000c,281479100460205,238,33162,120,120.72,ADDED
2026-06-08 17:01:01,None|None|None|None|of:000000000000000c,,,,,of:000000000000000c,281475624796078,238,33162,120,120.72,ADDED
2026-06-08 17:01:01,None|None|None|None|of:000000000000000c,,,,,of:000000000000000c,281477504901495,0,0,120,120.72,ADDED
2026-06-08 17:01:01,None|None|None|None|of:000000000000000c,,,,,of:000000000000000c,281476292687096,83,8134,120,120.72,ADDED
2026-06-08 17:01:01,None|None|None|None|of:000000000000000d,,,,,of:000000000000000d,281478200287907,234,32644,120,120.72,ADDED
2026-06-08 17:01:01,None|None|None|None|of:000000000000000d,,,,,of:000000000000000d,281478788468154,83,8134,120,120.72,ADDED
2026-06-08 17:01:01,None|None|None|None|of:000000000000000d,,,,,of:000000000000000d,281478012698825,234,32644,120,120.72,ADDED
2026-06-08 17:01:01,None|None|None|None|of:000000000000000d,,,,,of:000000000000000d,281476618808057,0,0,120,120.72,ADDED
2026-06-08 17:01:01,None|None|None|None|of:000000000000000a,,,,,of:000000000000000a,281477705784245,3,294,120,120.72,ADDED
2026-06-08 17:01:01,None|None|None|None|of:000000000000000a,,,,,of:000000000000000a,281475818964416,116,16164,120,120.72,ADDED
2026-06-08 17:01:01,None|None|None|None|of:000000000000000a,,,,,of:000000000000000a,281477034268888,116,16164,120,120.72,ADDED
2026-06-08 17:01:01,None|None|None|None|of:000000000000000a,,,,,of:000000000000000a,281478593105785,0,0,120,120.72,ADDED
2026-06-08 17:01:01,None|None|None|None|of:000000000000000b,,,,,of:000000000000000b,281478277078534,101,9898,120,120.72,ADDED
2026-06-08 17:01:01,00:00:00:00:00:01|00:00:00:00:00:02|None|None|of:000000000000000b,00:00:00:00:00:01,00:00:00:00:00:02,,,of:000000000000000b,34902898369757081,120,11760,119,120.72,ADDED
2026-06-08 17:01:01,00:00:00:00:00:02|00:00:00:00:00:01|None|None|of:000000000000000b,00:00:00:00:00:02,00:00:00:00:00:01,,,of:000000000000000b,34902898247549216,117,11466,117,115.65,ADDED
2026-06-08 17:01:01,None|None|None|None|of:000000000000000b,,,,,of:000000000000000b,281476663695951,0,0,120,120.72,ADDED
2026-06-08 17:01:01,None|None|None|None|of:000000000000000b,,,,,of:000000000000000b,281476573370203,240,33440,120,120.72,ADDED
2026-06-08 17:01:01,None|None|None|None|of:000000000000000b,,,,,of:000000000000000b,281476205675487,240,33440,120,120.72,ADDED
2026-06-08 17:01:01,None|None|None|None|of:0000000000000003,,,,,of:0000000000000003,281478170942982,93,9114,120,120.72,ADDED
2026-06-08 17:01:01,00:00:00:00:00:01|00:00:00:00:00:02|None|None|of:0000000000000003,00:00:00:00:00:01,00:00:00:00:00:02,,,of:0000000000000003,34902901306865815,144,14112,120,120.72,ADDED
2026-06-08 17:01:01,None|None|None|None|of:0000000000000003,,,,,of:0000000000000003,281476661728682,80,11160,120,120.72,ADDED
2026-06-08 17:01:01,None|None|None|None|of:0000000000000003,,,,,of:0000000000000003,281477764386537,0,0,120,120.72,ADDED
2026-06-08 17:01:01,None|None|None|None|of:0000000000000003,,,,,of:0000000000000003,281476156249461,80,11160,120,120.72,ADDED
2026-06-08 17:01:01,None|None|None|None|of:0000000000000004,,,,,of:0000000000000004,281475616213265,78,10880,120,120.72,ADDED
2026-06-08 17:01:01,None|None|None|None|of:0000000000000004,,,,,of:0000000000000004,281475265228006,0,0,120,120.72,ADDED
2026-06-08 17:01:01,None|None|None|None|of:0000000000000004,,,,,of:0000000000000004,281477141311986,88,8624,120,120.72,ADDED
2026-06-08 17:01:01,None|None|None|None|of:0000000000000004,,,,,of:0000000000000004,281476729151998,78,10880,120,120.72,ADDED
2026-06-08 17:01:01,None|None|None|None|of:0000000000000001,,,,,of:0000000000000001,281478909873038,0,0,120,120.72,ADDED
2026-06-08 17:01:01,00:00:00:00:00:01|00:00:00:00:00:02|None|None|of:0000000000000001,00:00:00:00:00:01,00:00:00:00:00:02,,,of:0000000000000001,34902899196753573,119,11662,119,120.72,ADDED
2026-06-08 17:01:01,00:00:00:00:00:02|00:00:00:00:00:01|None|None|of:0000000000000001,00:00:00:00:00:02,00:00:00:00:00:01,,,of:0000000000000001,34902898986035913,129,12642,119,120.72,ADDED
2026-06-08 17:01:01,None|None|None|None|of:0000000000000001,,,,,of:0000000000000001,281477466379610,118,16520,120,120.72,ADDED
2026-06-08 17:01:01,None|None|None|None|of:0000000000000001,,,,,of:0000000000000001,281475012051420,76,7448,120,120.72,ADDED
2026-06-08 17:01:01,None|None|None|None|of:0000000000000001,,,,,of:0000000000000001,281477029321583,118,16520,120,120.72,ADDED
2026-06-08 17:01:01,None|None|None|None|of:0000000000000002,,,,,of:0000000000000002,281478316350853,0,0,120,120.72,ADDED
2026-06-08 17:01:01,None|None|None|None|of:0000000000000002,,,,,of:0000000000000002,281478673389323,80,11160,120,120.72,ADDED
2026-06-08 17:01:01,00:00:00:00:00:02|00:00:00:00:00:01|None|None|of:0000000000000002,00:00:00:00:00:02,00:00:00:00:00:01,,,of:0000000000000002,34902898441429785,117,11466,117,115.64,ADDED
2026-06-08 17:01:01,00:00:00:00:00:01|00:00:00:00:00:02|None|None|of:0000000000000002,00:00:00:00:00:01,00:00:00:00:00:02,,,of:0000000000000002,34902899328279504,149,14602,120,120.72,ADDED
2026-06-08 17:01:01,None|None|None|None|of:0000000000000002,,,,,of:0000000000000002,281475022575828,80,11160,120,120.72,ADDED
2026-06-08 17:01:01,None|None|None|None|of:0000000000000002,,,,,of:0000000000000002,281475568191580,47,4606,120,120.72,ADDED
2026-06-08 17:01:01,None|None|None|None|of:0000000000000007,,,,,of:0000000000000007,281475652364572,3,294,120,120.72,ADDED
2026-06-08 17:01:01,None|None|None|None|of:0000000000000007,,,,,of:0000000000000007,281478438392611,0,0,120,120.72,ADDED
2026-06-08 17:01:01,None|None|None|None|of:0000000000000007,,,,,of:0000000000000007,281476350262333,80,11200,120,120.72,ADDED
2026-06-08 17:01:01,None|None|None|None|of:0000000000000007,,,,,of:0000000000000007,281475000925130,80,11200,120,120.72,ADDED
2026-06-08 17:01:01,None|None|None|None|of:0000000000000008,,,,,of:0000000000000008,281476059291414,0,0,120,120.72,ADDED
2026-06-08 17:01:01,None|None|None|None|of:0000000000000008,,,,,of:0000000000000008,281476101349656,120,16720,120,120.72,ADDED
2026-06-08 17:01:01,None|None|None|None|of:0000000000000008,,,,,of:0000000000000008,281476270708671,120,16720,120,120.72,ADDED
2026-06-08 17:01:01,00:00:00:00:00:01|00:00:00:00:00:02|None|None|of:0000000000000008,00:00:00:00:00:01,00:00:00:00:00:02,,,of:0000000000000008,34902898875781211,141,13818,119,120.72,ADDED
2026-06-08 17:01:01,None|None|None|None|of:0000000000000008,,,,,of:0000000000000008,281476010895837,141,13818,120,120.72,ADDED
2026-06-08 17:01:01,None|None|None|None|of:0000000000000005,,,,,of:0000000000000005,281478762460478,0,0,120,120.72,ADDED
2026-06-08 17:01:01,None|None|None|None|of:0000000000000005,,,,,of:0000000000000005,281478211273411,80,11160,120,120.72,ADDED
2026-06-08 17:01:01,None|None|None|None|of:0000000000000005,,,,,of:0000000000000005,281475117841124,53,5194,120,120.72,ADDED
2026-06-08 17:01:01,None|None|None|None|of:0000000000000005,,,,,of:0000000000000005,281478979269874,80,11160,120,120.72,ADDED
2026-06-08 17:01:01,None|None|None|None|of:0000000000000006,,,,,of:0000000000000006,281475738574217,80,11200,120,120.72,ADDED
2026-06-08 17:01:01,None|None|None|None|of:0000000000000006,,,,,of:0000000000000006,281476873293724,80,11200,120,120.72,ADDED
2026-06-08 17:01:01,None|None|None|None|of:0000000000000006,,,,,of:0000000000000006,281475411377083,0,0,120,120.72,ADDED
2026-06-08 17:01:01,None|None|None|None|of:0000000000000006,,,,,of:0000000000000006,281478888449605,3,294,120,120.72,ADDED
2026-06-08 17:01:01,None|None|None|None|of:0000000000000009,,,,,of:0000000000000009,281478887649794,117,16302,120,120.72,ADDED
2026-06-08 17:01:01,None|None|None|None|of:0000000000000009,,,,,of:0000000000000009,281474993990194,66,6468,120,120.72,ADDED
2026-06-08 17:01:01,None|None|None|None|of:0000000000000009,,,,,of:0000000000000009,281476295891648,117,16302,120,120.72,ADDED
2026-06-08 17:01:01,None|None|None|None|of:0000000000000009,,,,,of:0000000000000009,281479019932926,0,0,120,120.72,ADDED
2026-06-08 17:01:06,None|None|None|None|of:000000000000000c,,,,,of:000000000000000c,281479100460205,250,34834,125,125.75,ADDED
2026-06-08 17:01:06,None|None|None|None|of:000000000000000c,,,,,of:000000000000000c,281475624796078,250,34834,125,125.75,ADDED
2026-06-08 17:01:06,None|None|None|None|of:000000000000000c,,,,,of:000000000000000c,281477504901495,0,0,125,125.75,ADDED
2026-06-08 17:01:06,None|None|None|None|of:000000000000000c,,,,,of:000000000000000c,281476292687096,83,8134,125,125.75,ADDED
2026-06-08 17:01:06,None|None|None|None|of:000000000000000d,,,,,of:000000000000000d,281478200287907,246,34318,125,125.75,ADDED
2026-06-08 17:01:06,None|None|None|None|of:000000000000000d,,,,,of:000000000000000d,281478788468154,83,8134,125,125.75,ADDED
2026-06-08 17:01:06,None|None|None|None|of:000000000000000d,,,,,of:000000000000000d,281478012698825,246,34318,125,125.75,ADDED
2026-06-08 17:01:06,None|None|None|None|of:000000000000000d,,,,,of:000000000000000d,281476618808057,0,0,125,125.75,ADDED
2026-06-08 17:01:06,None|None|None|None|of:000000000000000a,,,,,of:000000000000000a,281477705784245,3,294,125,125.75,ADDED
2026-06-08 17:01:06,None|None|None|None|of:000000000000000a,,,,,of:000000000000000a,281475818964416,122,17000,125,125.75,ADDED
2026-06-08 17:01:06,None|None|None|None|of:000000000000000a,,,,,of:000000000000000a,281477034268888,122,17000,125,125.75,ADDED
2026-06-08 17:01:06,None|None|None|None|of:000000000000000a,,,,,of:000000000000000a,281478593105785,0,0,125,125.75,ADDED
2026-06-08 17:01:06,None|None|None|None|of:000000000000000b,,,,,of:000000000000000b,281478277078534,101,9898,125,125.75,ADDED
2026-06-08 17:01:06,00:00:00:00:00:01|00:00:00:00:00:02|None|None|of:000000000000000b,00:00:00:00:00:01,00:00:00:00:00:02,,,of:000000000000000b,34902898369757081,125,12250,124,125.75,ADDED
2026-06-08 17:01:06,00:00:00:00:00:02|00:00:00:00:00:01|None|None|of:000000000000000b,00:00:00:00:00:02,00:00:00:00:00:01,,,of:000000000000000b,34902898247549216,122,11956,122,120.67,ADDED
2026-06-08 17:01:06,None|None|None|None|of:000000000000000b,,,,,of:000000000000000b,281476663695951,0,0,125,125.75,ADDED
2026-06-08 17:01:06,None|None|None|None|of:000000000000000b,,,,,of:000000000000000b,281476573370203,252,35112,125,125.75,ADDED
2026-06-08 17:01:06,None|None|None|None|of:000000000000000b,,,,,of:000000000000000b,281476205675487,252,35112,125,125.75,ADDED
2026-06-08 17:01:06,None|None|None|None|of:0000000000000003,,,,,of:0000000000000003,281478170942982,93,9114,120,125.75,ADDED
2026-06-08 17:01:06,00:00:00:00:00:01|00:00:00:00:00:02|None|None|of:0000000000000003,00:00:00:00:00:01,00:00:00:00:00:02,,,of:0000000000000003,34902901306865815,144,14112,120,125.75,ADDED
2026-06-08 17:01:06,None|None|None|None|of:0000000000000003,,,,,of:0000000000000003,281476661728682,80,11160,120,125.75,ADDED
2026-06-08 17:01:06,None|None|None|None|of:0000000000000003,,,,,of:0000000000000003,281477764386537,0,0,120,125.75,ADDED
2026-06-08 17:01:06,None|None|None|None|of:0000000000000003,,,,,of:0000000000000003,281476156249461,80,11160,120,125.75,ADDED
2026-06-08 17:01:06,None|None|None|None|of:0000000000000004,,,,,of:0000000000000004,281475616213265,82,11438,125,125.75,ADDED
2026-06-08 17:01:06,None|None|None|None|of:0000000000000004,,,,,of:0000000000000004,281475265228006,0,0,125,125.75,ADDED
2026-06-08 17:01:06,None|None|None|None|of:0000000000000004,,,,,of:0000000000000004,281477141311986,88,8624,125,125.75,ADDED
2026-06-08 17:01:06,None|None|None|None|of:0000000000000004,,,,,of:0000000000000004,281476729151998,82,11438,125,125.75,ADDED
2026-06-08 17:01:06,None|None|None|None|of:0000000000000001,,,,,of:0000000000000001,281478909873038,0,0,125,125.75,ADDED
2026-06-08 17:01:06,00:00:00:00:00:01|00:00:00:00:00:02|None|None|of:0000000000000001,00:00:00:00:00:01,00:00:00:00:00:02,,,of:0000000000000001,34902899196753573,124,12152,124,125.75,ADDED
2026-06-08 17:01:06,00:00:00:00:00:02|00:00:00:00:00:01|None|None|of:0000000000000001,00:00:00:00:00:02,00:00:00:00:00:01,,,of:0000000000000001,34902898986035913,134,13132,124,125.75,ADDED
2026-06-08 17:01:06,None|None|None|None|of:0000000000000001,,,,,of:0000000000000001,281477466379610,124,17360,125,125.75,ADDED
2026-06-08 17:01:06,None|None|None|None|of:0000000000000001,,,,,of:0000000000000001,281475012051420,76,7448,125,125.75,ADDED
2026-06-08 17:01:06,None|None|None|None|of:0000000000000001,,,,,of:0000000000000001,281477029321583,124,17360,125,125.75,ADDED
2026-06-08 17:01:06,None|None|None|None|of:0000000000000002,,,,,of:0000000000000002,281478316350853,0,0,125,125.75,ADDED
2026-06-08 17:01:06,None|None|None|None|of:0000000000000002,,,,,of:0000000000000002,281478673389323,84,11718,125,125.75,ADDED
2026-06-08 17:01:06,00:00:00:00:00:02|00:00:00:00:00:01|None|None|of:0000000000000002,00:00:00:00:00:02,00:00:00:00:00:01,,,of:0000000000000002,34902898441429785,122,11956,122,120.67,ADDED
2026-06-08 17:01:06,00:00:00:00:00:01|00:00:00:00:00:02|None|None|of:0000000000000002,00:00:00:00:00:01,00:00:00:00:00:02,,,of:0000000000000002,34902899328279504,154,15092,125,125.75,ADDED
2026-06-08 17:01:06,None|None|None|None|of:0000000000000002,,,,,of:0000000000000002,281475022575828,84,11718,125,125.75,ADDED
2026-06-08 17:01:06,None|None|None|None|of:0000000000000002,,,,,of:0000000000000002,281475568191580,47,4606,125,125.75,ADDED
2026-06-08 17:01:06,None|None|None|None|of:0000000000000007,,,,,of:0000000000000007,281475652364572,3,294,125,125.75,ADDED
2026-06-08 17:01:06,None|None|None|None|of:0000000000000007,,,,,of:0000000000000007,281478438392611,0,0,125,125.75,ADDED
2026-06-08 17:01:06,None|None|None|None|of:0000000000000007,,,,,of:0000000000000007,281476350262333,84,11760,125,125.75,ADDED
2026-06-08 17:01:06,None|None|None|None|of:0000000000000007,,,,,of:0000000000000007,281475000925130,84,11760,125,125.75,ADDED
2026-06-08 17:01:06,None|None|None|None|of:0000000000000008,,,,,of:0000000000000008,281476059291414,0,0,125,125.75,ADDED
2026-06-08 17:01:06,None|None|None|None|of:0000000000000008,,,,,of:0000000000000008,281476101349656,126,17556,125,125.75,ADDED
2026-06-08 17:01:06,None|None|None|None|of:0000000000000008,,,,,of:0000000000000008,281476270708671,126,17556,125,125.75,ADDED
2026-06-08 17:01:06,00:00:00:00:00:01|00:00:00:00:00:02|None|None|of:0000000000000008,00:00:00:00:00:01,00:00:00:00:00:02,,,of:0000000000000008,34902898875781211,146,14308,124,125.75,ADDED
2026-06-08 17:01:06,None|None|None|None|of:0000000000000008,,,,,of:0000000000000008,281476010895837,141,13818,125,125.75,ADDED
2026-06-08 17:01:06,None|None|None|None|of:0000000000000005,,,,,of:0000000000000005,281478762460478,0,0,125,125.75,ADDED
2026-06-08 17:01:06,None|None|None|None|of:0000000000000005,,,,,of:0000000000000005,281478211273411,84,11718,125,125.75,ADDED
2026-06-08 17:01:06,None|None|None|None|of:0000000000000005,,,,,of:0000000000000005,281475117841124,53,5194,125,125.75,ADDED
2026-06-08 17:01:06,None|None|None|None|of:0000000000000005,,,,,of:0000000000000005,281478979269874,84,11718,125,125.75,ADDED
2026-06-08 17:01:06,None|None|None|None|of:0000000000000006,,,,,of:0000000000000006,281475738574217,84,11760,125,125.75,ADDED
2026-06-08 17:01:06,None|None|None|None|of:0000000000000006,,,,,of:0000000000000006,281476873293724,84,11760,125,125.75,ADDED
2026-06-08 17:01:06,None|None|None|None|of:0000000000000006,,,,,of:0000000000000006,281475411377083,0,0,125,125.75,ADDED
2026-06-08 17:01:06,None|None|None|None|of:0000000000000006,,,,,of:0000000000000006,281478888449605,3,294,125,125.75,ADDED
2026-06-08 17:01:06,None|None|None|None|of:0000000000000009,,,,,of:0000000000000009,281478887649794,123,17138,125,125.75,ADDED
2026-06-08 17:01:06,None|None|None|None|of:0000000000000009,,,,,of:0000000000000009,281474993990194,66,6468,125,125.75,ADDED
2026-06-08 17:01:06,None|None|None|None|of:0000000000000009,,,,,of:0000000000000009,281476295891648,123,17138,125,125.75,ADDED
2026-06-08 17:01:06,None|None|None|None|of:0000000000000009,,,,,of:0000000000000009,281479019932926,0,0,125,125.75,ADDED
2026-06-08 17:01:11,None|None|None|None|of:000000000000000c,,,,,of:000000000000000c,281479100460205,258,35949,130,130.78,ADDED
2026-06-08 17:01:11,None|None|None|None|of:000000000000000c,,,,,of:000000000000000c,281475624796078,258,35949,130,130.78,ADDED
2026-06-08 17:01:11,None|None|None|None|of:000000000000000c,,,,,of:000000000000000c,281477504901495,0,0,130,130.78,ADDED
2026-06-08 17:01:11,None|None|None|None|of:000000000000000c,,,,,of:000000000000000c,281476292687096,83,8134,130,130.78,ADDED
2026-06-08 17:01:11,None|None|None|None|of:000000000000000d,,,,,of:000000000000000d,281478200287907,257,35853,130,130.78,ADDED
2026-06-08 17:01:11,None|None|None|None|of:000000000000000d,,,,,of:000000000000000d,281478788468154,83,8134,130,130.78,ADDED
2026-06-08 17:01:11,None|None|None|None|of:000000000000000d,,,,,of:000000000000000d,281478012698825,257,35853,130,130.78,ADDED
2026-06-08 17:01:11,None|None|None|None|of:000000000000000d,,,,,of:000000000000000d,281476618808057,0,0,130,130.78,ADDED
2026-06-08 17:01:11,None|None|None|None|of:000000000000000a,,,,,of:000000000000000a,281477705784245,3,294,130,130.78,ADDED
2026-06-08 17:01:11,None|None|None|None|of:000000000000000a,,,,,of:000000000000000a,281475818964416,127,17696,130,130.78,ADDED
2026-06-08 17:01:11,None|None|None|None|of:000000000000000a,,,,,of:000000000000000a,281477034268888,127,17696,130,130.78,ADDED
2026-06-08 17:01:11,None|None|None|None|of:000000000000000a,,,,,of:000000000000000a,281478593105785,0,0,130,130.78,ADDED
2026-06-08 17:01:11,None|None|None|None|of:000000000000000b,,,,,of:000000000000000b,281478277078534,101,9898,130,130.78,ADDED
2026-06-08 17:01:11,00:00:00:00:00:01|00:00:00:00:00:02|None|None|of:000000000000000b,00:00:00:00:00:01,00:00:00:00:00:02,,,of:000000000000000b,34902898369757081,130,12740,129,130.78,ADDED
2026-06-08 17:01:11,00:00:00:00:00:02|00:00:00:00:00:01|None|None|of:000000000000000b,00:00:00:00:00:02,00:00:00:00:00:01,,,of:000000000000000b,34902898247549216,127,12446,127,125.7,ADDED
2026-06-08 17:01:11,None|None|None|None|of:000000000000000b,,,,,of:000000000000000b,281476663695951,0,0,130,130.78,ADDED
2026-06-08 17:01:11,None|None|None|None|of:000000000000000b,,,,,of:000000000000000b,281476573370203,259,36088,130,130.78,ADDED
2026-06-08 17:01:11,None|None|None|None|of:000000000000000b,,,,,of:000000000000000b,281476205675487,259,36088,130,130.78,ADDED
2026-06-08 17:01:11,None|None|None|None|of:0000000000000003,,,,,of:0000000000000003,281478170942982,93,9114,120,130.78,ADDED
2026-06-08 17:01:11,00:00:00:00:00:01|00:00:00:00:00:02|None|None|of:0000000000000003,00:00:00:00:00:01,00:00:00:00:00:02,,,of:0000000000000003,34902901306865815,144,14112,120,130.78,ADDED
2026-06-08 17:01:11,None|None|None|None|of:0000000000000003,,,,,of:0000000000000003,281476661728682,80,11160,120,130.78,ADDED
2026-06-08 17:01:11,None|None|None|None|of:0000000000000003,,,,,of:0000000000000003,281477764386537,0,0,120,130.78,ADDED
2026-06-08 17:01:11,None|None|None|None|of:0000000000000003,,,,,of:0000000000000003,281476156249461,80,11160,120,130.78,ADDED
2026-06-08 17:01:11,None|None|None|None|of:0000000000000004,,,,,of:0000000000000004,281475616213265,85,11857,130,130.78,ADDED
2026-06-08 17:01:11,None|None|None|None|of:0000000000000004,,,,,of:0000000000000004,281475265228006,0,0,130,130.78,ADDED
2026-06-08 17:01:11,None|None|None|None|of:0000000000000004,,,,,of:0000000000000004,281477141311986,88,8624,130,130.78,ADDED
2026-06-08 17:01:11,None|None|None|None|of:0000000000000004,,,,,of:0000000000000004,281476729151998,85,11857,130,130.78,ADDED
2026-06-08 17:01:11,None|None|None|None|of:0000000000000001,,,,,of:0000000000000001,281478909873038,0,0,130,130.78,ADDED
2026-06-08 17:01:11,00:00:00:00:00:01|00:00:00:00:00:02|None|None|of:0000000000000001,00:00:00:00:00:01,00:00:00:00:00:02,,,of:0000000000000001,34902899196753573,129,12642,129,130.78,ADDED
2026-06-08 17:01:11,00:00:00:00:00:02|00:00:00:00:00:01|None|None|of:0000000000000001,00:00:00:00:00:02,00:00:00:00:00:01,,,of:0000000000000001,34902898986035913,139,13622,129,130.78,ADDED
2026-06-08 17:01:11,None|None|None|None|of:0000000000000001,,,,,of:0000000000000001,281477466379610,129,18060,130,130.78,ADDED
2026-06-08 17:01:11,None|None|None|None|of:0000000000000001,,,,,of:0000000000000001,281475012051420,76,7448,130,130.78,ADDED
2026-06-08 17:01:11,None|None|None|None|of:0000000000000001,,,,,of:0000000000000001,281477029321583,129,18060,130,130.78,ADDED
2026-06-08 17:01:11,None|None|None|None|of:0000000000000002,,,,,of:0000000000000002,281478316350853,0,0,130,130.78,ADDED
2026-06-08 17:01:11,None|None|None|None|of:0000000000000002,,,,,of:0000000000000002,281478673389323,87,12137,130,130.78,ADDED
2026-06-08 17:01:11,00:00:00:00:00:02|00:00:00:00:00:01|None|None|of:0000000000000002,00:00:00:00:00:02,00:00:00:00:00:01,,,of:0000000000000002,34902898441429785,127,12446,127,125.7,ADDED
2026-06-08 17:01:11,00:00:00:00:00:01|00:00:00:00:00:02|None|None|of:0000000000000002,00:00:00:00:00:01,00:00:00:00:00:02,,,of:0000000000000002,34902899328279504,159,15582,130,130.78,ADDED
2026-06-08 17:01:11,None|None|None|None|of:0000000000000002,,,,,of:0000000000000002,281475022575828,87,12137,130,130.78,ADDED
2026-06-08 17:01:11,None|None|None|None|of:0000000000000002,,,,,of:0000000000000002,281475568191580,47,4606,130,130.78,ADDED
2026-06-08 17:01:11,None|None|None|None|of:0000000000000007,,,,,of:0000000000000007,281475652364572,3,294,130,130.78,ADDED
2026-06-08 17:01:11,None|None|None|None|of:0000000000000007,,,,,of:0000000000000007,281478438392611,0,0,130,130.78,ADDED
2026-06-08 17:01:11,None|None|None|None|of:0000000000000007,,,,,of:0000000000000007,281476350262333,86,12040,130,130.78,ADDED
2026-06-08 17:01:11,None|None|None|None|of:0000000000000007,,,,,of:0000000000000007,281475000925130,86,12040,130,130.78,ADDED
2026-06-08 17:01:11,None|None|None|None|of:0000000000000008,,,,,of:0000000000000008,281476059291414,0,0,130,130.78,ADDED
2026-06-08 17:01:11,None|None|None|None|of:0000000000000008,,,,,of:0000000000000008,281476101349656,130,18114,130,130.78,ADDED
2026-06-08 17:01:11,None|None|None|None|of:0000000000000008,,,,,of:0000000000000008,281476270708671,130,18114,130,130.78,ADDED
2026-06-08 17:01:11,00:00:00:00:00:01|00:00:00:00:00:02|None|None|of:0000000000000008,00:00:00:00:00:01,00:00:00:00:00:02,,,of:0000000000000008,34902898875781211,151,14798,129,130.78,ADDED
2026-06-08 17:01:11,None|None|None|None|of:0000000000000008,,,,,of:0000000000000008,281476010895837,141,13818,130,130.78,ADDED
2026-06-08 17:01:11,None|None|None|None|of:0000000000000005,,,,,of:0000000000000005,281478762460478,0,0,130,130.78,ADDED
2026-06-08 17:01:11,None|None|None|None|of:0000000000000005,,,,,of:0000000000000005,281478211273411,86,11997,130,130.78,ADDED
2026-06-08 17:01:11,None|None|None|None|of:0000000000000005,,,,,of:0000000000000005,281475117841124,53,5194,130,130.78,ADDED
2026-06-08 17:01:11,None|None|None|None|of:0000000000000005,,,,,of:0000000000000005,281478979269874,86,11997,130,130.78,ADDED
2026-06-08 17:01:11,None|None|None|None|of:0000000000000006,,,,,of:0000000000000006,281475738574217,86,12040,130,130.78,ADDED
2026-06-08 17:01:11,None|None|None|None|of:0000000000000006,,,,,of:0000000000000006,281476873293724,86,12040,130,130.78,ADDED
2026-06-08 17:01:11,None|None|None|None|of:0000000000000006,,,,,of:0000000000000006,281475411377083,0,0,130,130.78,ADDED
2026-06-08 17:01:11,None|None|None|None|of:0000000000000006,,,,,of:0000000000000006,281478888449605,3,294,130,130.78,ADDED
2026-06-08 17:01:11,None|None|None|None|of:0000000000000009,,,,,of:0000000000000009,281478887649794,128,17835,130,130.78,ADDED
2026-06-08 17:01:11,None|None|None|None|of:0000000000000009,,,,,of:0000000000000009,281474993990194,66,6468,130,130.78,ADDED
2026-06-08 17:01:11,None|None|None|None|of:0000000000000009,,,,,of:0000000000000009,281476295891648,128,17835,130,130.78,ADDED
2026-06-08 17:01:11,None|None|None|None|of:0000000000000009,,,,,of:0000000000000009,281479019932926,0,0,130,130.78,ADDED
2026-06-08 17:01:16,None|None|None|None|of:000000000000000c,,,,,of:000000000000000c,281479100460205,268,37342,135,135.8,ADDED
2026-06-08 17:01:16,None|None|None|None|of:000000000000000c,,,,,of:000000000000000c,281475624796078,268,37342,135,135.8,ADDED
2026-06-08 17:01:16,None|None|None|None|of:000000000000000c,,,,,of:000000000000000c,281477504901495,0,0,135,135.8,ADDED
2026-06-08 17:01:16,None|None|None|None|of:000000000000000c,,,,,of:000000000000000c,281476292687096,83,8134,135,135.8,ADDED
2026-06-08 17:01:16,None|None|None|None|of:000000000000000d,,,,,of:000000000000000d,281478200287907,264,36829,135,135.8,ADDED
2026-06-08 17:01:16,None|None|None|None|of:000000000000000d,,,,,of:000000000000000d,281478788468154,83,8134,135,135.8,ADDED
2026-06-08 17:01:16,None|None|None|None|of:000000000000000d,,,,,of:000000000000000d,281478012698825,264,36829,135,135.8,ADDED
2026-06-08 17:01:16,None|None|None|None|of:000000000000000d,,,,,of:000000000000000d,281476618808057,0,0,135,135.8,ADDED
2026-06-08 17:01:16,None|None|None|None|of:000000000000000a,,,,,of:000000000000000a,281477705784245,3,294,135,135.8,ADDED
2026-06-08 17:01:16,None|None|None|None|of:000000000000000a,,,,,of:000000000000000a,281475818964416,131,18254,135,135.8,ADDED
2026-06-08 17:01:16,None|None|None|None|of:000000000000000a,,,,,of:000000000000000a,281477034268888,131,18254,135,135.8,ADDED
2026-06-08 17:01:16,None|None|None|None|of:000000000000000a,,,,,of:000000000000000a,281478593105785,0,0,135,135.8,ADDED
2026-06-08 17:01:16,None|None|None|None|of:000000000000000b,,,,,of:000000000000000b,281478277078534,101,9898,135,135.8,ADDED
2026-06-08 17:01:16,00:00:00:00:00:01|00:00:00:00:00:02|None|None|of:000000000000000b,00:00:00:00:00:01,00:00:00:00:00:02,,,of:000000000000000b,34902898369757081,135,13230,134,135.8,ADDED
2026-06-08 17:01:16,00:00:00:00:00:02|00:00:00:00:00:01|None|None|of:000000000000000b,00:00:00:00:00:02,00:00:00:00:00:01,,,of:000000000000000b,34902898247549216,132,12936,132,130.72,ADDED
2026-06-08 17:01:16,None|None|None|None|of:000000000000000b,,,,,of:000000000000000b,281476663695951,0,0,135,135.8,ADDED
2026-06-08 17:01:16,None|None|None|None|of:000000000000000b,,,,,of:000000000000000b,281476573370203,270,37620,135,135.8,ADDED
2026-06-08 17:01:16,None|None|None|None|of:000000000000000b,,,,,of:000000000000000b,281476205675487,270,37620,135,135.8,ADDED
2026-06-08 17:01:16,None|None|None|None|of:0000000000000003,,,,,of:0000000000000003,281478170942982,93,9114,120,135.8,ADDED
2026-06-08 17:01:16,00:00:00:00:00:01|00:00:00:00:00:02|None|None|of:0000000000000003,00:00:00:00:00:01,00:00:00:00:00:02,,,of:0000000000000003,34902901306865815,144,14112,120,135.8,ADDED
2026-06-08 17:01:16,None|None|None|None|of:0000000000000003,,,,,of:0000000000000003,281476661728682,80,11160,120,135.8,ADDED
2026-06-08 17:01:16,None|None|None|None|of:0000000000000003,,,,,of:0000000000000003,281477764386537,0,0,120,135.8,ADDED
2026-06-08 17:01:16,None|None|None|None|of:0000000000000003,,,,,of:0000000000000003,281476156249461,80,11160,120,135.8,ADDED
2026-06-08 17:01:16,None|None|None|None|of:0000000000000004,,,,,of:0000000000000004,281475616213265,88,12275,135,135.8,ADDED
2026-06-08 17:01:16,None|None|None|None|of:0000000000000004,,,,,of:0000000000000004,281475265228006,0,0,135,135.8,ADDED
2026-06-08 17:01:16,None|None|None|None|of:0000000000000004,,,,,of:0000000000000004,281477141311986,88,8624,135,135.8,ADDED
2026-06-08 17:01:16,None|None|None|None|of:0000000000000004,,,,,of:0000000000000004,281476729151998,88,12275,135,135.8,ADDED
2026-06-08 17:01:16,None|None|None|None|of:0000000000000001,,,,,of:0000000000000001,281478909873038,0,0,135,135.8,ADDED
2026-06-08 17:01:16,00:00:00:00:00:01|00:00:00:00:00:02|None|None|of:0000000000000001,00:00:00:00:00:01,00:00:00:00:00:02,,,of:0000000000000001,34902899196753573,134,13132,134,135.8,ADDED
2026-06-08 17:01:16,00:00:00:00:00:02|00:00:00:00:00:01|None|None|of:0000000000000001,00:00:00:00:00:02,00:00:00:00:00:01,,,of:0000000000000001,34902898986035913,144,14112,134,135.8,ADDED
2026-06-08 17:01:16,None|None|None|None|of:0000000000000001,,,,,of:0000000000000001,281477466379610,133,18620,135,135.8,ADDED
2026-06-08 17:01:16,None|None|None|None|of:0000000000000001,,,,,of:0000000000000001,281475012051420,76,7448,135,135.8,ADDED
2026-06-08 17:01:16,None|None|None|None|of:0000000000000001,,,,,of:0000000000000001,281477029321583,133,18620,135,135.8,ADDED
2026-06-08 17:01:16,None|None|None|None|of:0000000000000002,,,,,of:0000000000000002,281478316350853,0,0,135,135.8,ADDED
2026-06-08 17:01:16,None|None|None|None|of:0000000000000002,,,,,of:0000000000000002,281478673389323,90,12555,135,135.8,ADDED
2026-06-08 17:01:16,00:00:00:00:00:02|00:00:00:00:00:01|None|None|of:0000000000000002,00:00:00:00:00:02,00:00:00:00:00:01,,,of:0000000000000002,34902898441429785,132,12936,132,130.72,ADDED
2026-06-08 17:01:16,00:00:00:00:00:01|00:00:00:00:00:02|None|None|of:0000000000000002,00:00:00:00:00:01,00:00:00:00:00:02,,,of:0000000000000002,34902899328279504,164,16072,135,135.8,ADDED
2026-06-08 17:01:16,None|None|None|None|of:0000000000000002,,,,,of:0000000000000002,281475022575828,90,12555,135,135.8,ADDED
2026-06-08 17:01:16,None|None|None|None|of:0000000000000002,,,,,of:0000000000000002,281475568191580,47,4606,135,135.8,ADDED
2026-06-08 17:01:16,None|None|None|None|of:0000000000000007,,,,,of:0000000000000007,281475652364572,3,294,135,135.8,ADDED
2026-06-08 17:01:16,None|None|None|None|of:0000000000000007,,,,,of:0000000000000007,281478438392611,0,0,135,135.8,ADDED
2026-06-08 17:01:16,None|None|None|None|of:0000000000000007,,,,,of:0000000000000007,281476350262333,90,12600,135,135.8,ADDED
2026-06-08 17:01:16,None|None|None|None|of:0000000000000007,,,,,of:0000000000000007,281475000925130,90,12600,135,135.8,ADDED
2026-06-08 17:01:16,None|None|None|None|of:0000000000000008,,,,,of:0000000000000008,281476059291414,0,0,135,135.8,ADDED
2026-06-08 17:01:16,None|None|None|None|of:0000000000000008,,,,,of:0000000000000008,281476101349656,135,18810,135,135.8,ADDED
2026-06-08 17:01:16,None|None|None|None|of:0000000000000008,,,,,of:0000000000000008,281476270708671,135,18810,135,135.8,ADDED
2026-06-08 17:01:16,00:00:00:00:00:01|00:00:00:00:00:02|None|None|of:0000000000000008,00:00:00:00:00:01,00:00:00:00:00:02,,,of:0000000000000008,34902898875781211,156,15288,134,135.8,ADDED
2026-06-08 17:01:16,None|None|None|None|of:0000000000000008,,,,,of:0000000000000008,281476010895837,141,13818,135,135.8,ADDED
2026-06-08 17:01:16,None|None|None|None|of:0000000000000005,,,,,of:0000000000000005,281478762460478,0,0,135,135.8,ADDED
2026-06-08 17:01:16,None|None|None|None|of:0000000000000005,,,,,of:0000000000000005,281478211273411,90,12555,135,135.8,ADDED
2026-06-08 17:01:16,None|None|None|None|of:0000000000000005,,,,,of:0000000000000005,281475117841124,53,5194,135,135.8,ADDED
2026-06-08 17:01:16,None|None|None|None|of:0000000000000005,,,,,of:0000000000000005,281478979269874,90,12555,135,135.8,ADDED
2026-06-08 17:01:16,None|None|None|None|of:0000000000000006,,,,,of:0000000000000006,281475738574217,90,12600,135,135.8,ADDED
2026-06-08 17:01:16,None|None|None|None|of:0000000000000006,,,,,of:0000000000000006,281476873293724,90,12600,135,135.8,ADDED
2026-06-08 17:01:16,None|None|None|None|of:0000000000000006,,,,,of:0000000000000006,281475411377083,0,0,135,135.8,ADDED
2026-06-08 17:01:16,None|None|None|None|of:0000000000000006,,,,,of:0000000000000006,281478888449605,3,294,135,135.8,ADDED
2026-06-08 17:01:16,None|None|None|None|of:0000000000000009,,,,,of:0000000000000009,281478887649794,132,18392,135,135.8,ADDED
2026-06-08 17:01:16,None|None|None|None|of:0000000000000009,,,,,of:0000000000000009,281474993990194,66,6468,135,135.8,ADDED
2026-06-08 17:01:16,None|None|None|None|of:0000000000000009,,,,,of:0000000000000009,281476295891648,132,18392,135,135.8,ADDED
2026-06-08 17:01:16,None|None|None|None|of:0000000000000009,,,,,of:0000000000000009,281479019932926,0,0,135,135.8,ADDED
2026-06-08 17:01:21,None|None|None|None|of:000000000000000c,,,,,of:000000000000000c,281479100460205,280,39014,140,140.82,ADDED
2026-06-08 17:01:21,None|None|None|None|of:000000000000000c,,,,,of:000000000000000c,281475624796078,280,39014,140,140.82,ADDED
2026-06-08 17:01:21,None|None|None|None|of:000000000000000c,,,,,of:000000000000000c,281477504901495,0,0,140,140.82,ADDED
2026-06-08 17:01:21,None|None|None|None|of:000000000000000c,,,,,of:000000000000000c,281476292687096,83,8134,140,140.82,ADDED
2026-06-08 17:01:21,None|None|None|None|of:000000000000000d,,,,,of:000000000000000d,281478200287907,276,38503,140,140.82,ADDED
2026-06-08 17:01:21,None|None|None|None|of:000000000000000d,,,,,of:000000000000000d,281478788468154,83,8134,140,140.82,ADDED
2026-06-08 17:01:21,None|None|None|None|of:000000000000000d,,,,,of:000000000000000d,281478012698825,276,38503,140,140.82,ADDED
2026-06-08 17:01:21,None|None|None|None|of:000000000000000d,,,,,of:000000000000000d,281476618808057,0,0,140,140.82,ADDED
2026-06-08 17:01:21,None|None|None|None|of:000000000000000a,,,,,of:000000000000000a,281477705784245,3,294,140,140.82,ADDED
2026-06-08 17:01:21,None|None|None|None|of:000000000000000a,,,,,of:000000000000000a,281475818964416,137,19090,140,140.82,ADDED
2026-06-08 17:01:21,None|None|None|None|of:000000000000000a,,,,,of:000000000000000a,281477034268888,137,19090,140,140.82,ADDED
2026-06-08 17:01:21,None|None|None|None|of:000000000000000a,,,,,of:000000000000000a,281478593105785,0,0,140,140.82,ADDED
2026-06-08 17:01:21,None|None|None|None|of:000000000000000b,,,,,of:000000000000000b,281478277078534,101,9898,140,140.82,ADDED
2026-06-08 17:01:21,00:00:00:00:00:01|00:00:00:00:00:02|None|None|of:000000000000000b,00:00:00:00:00:01,00:00:00:00:00:02,,,of:000000000000000b,34902898369757081,140,13720,139,140.82,ADDED
2026-06-08 17:01:21,00:00:00:00:00:02|00:00:00:00:00:01|None|None|of:000000000000000b,00:00:00:00:00:02,00:00:00:00:00:01,,,of:000000000000000b,34902898247549216,137,13426,137,135.74,ADDED
2026-06-08 17:01:21,None|None|None|None|of:000000000000000b,,,,,of:000000000000000b,281476663695951,0,0,140,140.82,ADDED
2026-06-08 17:01:21,None|None|None|None|of:000000000000000b,,,,,of:000000000000000b,281476573370203,282,39292,140,140.82,ADDED
2026-06-08 17:01:21,None|None|None|None|of:000000000000000b,,,,,of:000000000000000b,281476205675487,282,39292,140,140.82,ADDED
2026-06-08 17:01:21,None|None|None|None|of:0000000000000003,,,,,of:0000000000000003,281478170942982,93,9114,120,140.82,ADDED
2026-06-08 17:01:21,00:00:00:00:00:01|00:00:00:00:00:02|None|None|of:0000000000000003,00:00:00:00:00:01,00:00:00:00:00:02,,,of:0000000000000003,34902901306865815,144,14112,120,140.82,ADDED
2026-06-08 17:01:21,None|None|None|None|of:0000000000000003,,,,,of:0000000000000003,281476661728682,80,11160,120,140.82,ADDED
2026-06-08 17:01:21,None|None|None|None|of:0000000000000003,,,,,of:0000000000000003,281477764386537,0,0,120,140.82,ADDED
2026-06-08 17:01:21,None|None|None|None|of:0000000000000003,,,,,of:0000000000000003,281476156249461,80,11160,120,140.82,ADDED
2026-06-08 17:01:21,None|None|None|None|of:0000000000000004,,,,,of:0000000000000004,281475616213265,92,12833,140,140.82,ADDED
2026-06-08 17:01:21,None|None|None|None|of:0000000000000004,,,,,of:0000000000000004,281475265228006,0,0,140,140.82,ADDED
2026-06-08 17:01:21,None|None|None|None|of:0000000000000004,,,,,of:0000000000000004,281477141311986,88,8624,140,140.82,ADDED
2026-06-08 17:01:21,None|None|None|None|of:0000000000000004,,,,,of:0000000000000004,281476729151998,92,12833,140,140.82,ADDED
2026-06-08 17:01:21,None|None|None|None|of:0000000000000001,,,,,of:0000000000000001,281478909873038,0,0,140,140.82,ADDED
2026-06-08 17:01:21,00:00:00:00:00:01|00:00:00:00:00:02|None|None|of:0000000000000001,00:00:00:00:00:01,00:00:00:00:00:02,,,of:0000000000000001,34902899196753573,139,13622,139,140.82,ADDED
2026-06-08 17:01:21,00:00:00:00:00:02|00:00:00:00:00:01|None|None|of:0000000000000001,00:00:00:00:00:02,00:00:00:00:00:01,,,of:0000000000000001,34902898986035913,149,14602,139,140.82,ADDED
2026-06-08 17:01:21,None|None|None|None|of:0000000000000001,,,,,of:0000000000000001,281477466379610,139,19460,140,140.82,ADDED
2026-06-08 17:01:21,None|None|None|None|of:0000000000000001,,,,,of:0000000000000001,281475012051420,76,7448,140,140.82,ADDED
2026-06-08 17:01:21,None|None|None|None|of:0000000000000001,,,,,of:0000000000000001,281477029321583,139,19460,140,140.82,ADDED
2026-06-08 17:01:21,None|None|None|None|of:0000000000000002,,,,,of:0000000000000002,281478316350853,0,0,140,140.82,ADDED
2026-06-08 17:01:21,None|None|None|None|of:0000000000000002,,,,,of:0000000000000002,281478673389323,94,13113,140,140.82,ADDED
2026-06-08 17:01:21,00:00:00:00:00:02|00:00:00:00:00:01|None|None|of:0000000000000002,00:00:00:00:00:02,00:00:00:00:00:01,,,of:0000000000000002,34902898441429785,137,13426,137,135.74,ADDED
2026-06-08 17:01:21,00:00:00:00:00:01|00:00:00:00:00:02|None|None|of:0000000000000002,00:00:00:00:00:01,00:00:00:00:00:02,,,of:0000000000000002,34902899328279504,169,16562,140,140.82,ADDED
2026-06-08 17:01:21,None|None|None|None|of:0000000000000002,,,,,of:0000000000000002,281475022575828,94,13113,140,140.82,ADDED
2026-06-08 17:01:21,None|None|None|None|of:0000000000000002,,,,,of:0000000000000002,281475568191580,47,4606,140,140.82,ADDED
2026-06-08 17:01:21,None|None|None|None|of:0000000000000007,,,,,of:0000000000000007,281475652364572,3,294,140,140.82,ADDED
2026-06-08 17:01:21,None|None|None|None|of:0000000000000007,,,,,of:0000000000000007,281478438392611,0,0,140,140.82,ADDED
2026-06-08 17:01:21,None|None|None|None|of:0000000000000007,,,,,of:0000000000000007,281476350262333,94,13160,140,140.82,ADDED
2026-06-08 17:01:21,None|None|None|None|of:0000000000000007,,,,,of:0000000000000007,281475000925130,94,13160,140,140.82,ADDED
2026-06-08 17:01:21,None|None|None|None|of:0000000000000008,,,,,of:0000000000000008,281476059291414,0,0,140,140.82,ADDED
2026-06-08 17:01:21,None|None|None|None|of:0000000000000008,,,,,of:0000000000000008,281476101349656,141,19646,140,140.82,ADDED
2026-06-08 17:01:21,None|None|None|None|of:0000000000000008,,,,,of:0000000000000008,281476270708671,141,19646,140,140.82,ADDED
2026-06-08 17:01:21,00:00:00:00:00:01|00:00:00:00:00:02|None|None|of:0000000000000008,00:00:00:00:00:01,00:00:00:00:00:02,,,of:0000000000000008,34902898875781211,161,15778,139,140.82,ADDED
2026-06-08 17:01:21,None|None|None|None|of:0000000000000008,,,,,of:0000000000000008,281476010895837,141,13818,140,140.82,ADDED
2026-06-08 17:01:21,None|None|None|None|of:0000000000000005,,,,,of:0000000000000005,281478762460478,0,0,140,140.82,ADDED
2026-06-08 17:01:21,None|None|None|None|of:0000000000000005,,,,,of:0000000000000005,281478211273411,94,13113,140,140.82,ADDED
2026-06-08 17:01:21,None|None|None|None|of:0000000000000005,,,,,of:0000000000000005,281475117841124,53,5194,140,140.82,ADDED
2026-06-08 17:01:21,None|None|None|None|of:0000000000000005,,,,,of:0000000000000005,281478979269874,94,13113,140,140.82,ADDED
2026-06-08 17:01:21,None|None|None|None|of:0000000000000006,,,,,of:0000000000000006,281475738574217,94,13160,140,140.82,ADDED
2026-06-08 17:01:21,None|None|None|None|of:0000000000000006,,,,,of:0000000000000006,281476873293724,94,13160,140,140.82,ADDED
2026-06-08 17:01:21,None|None|None|None|of:0000000000000006,,,,,of:0000000000000006,281475411377083,0,0,140,140.82,ADDED
2026-06-08 17:01:21,None|None|None|None|of:0000000000000006,,,,,of:0000000000000006,281478888449605,3,294,140,140.82,ADDED
2026-06-08 17:01:21,None|None|None|None|of:0000000000000009,,,,,of:0000000000000009,281478887649794,138,19228,140,140.82,ADDED
2026-06-08 17:01:21,None|None|None|None|of:0000000000000009,,,,,of:0000000000000009,281474993990194,66,6468,140,140.82,ADDED
2026-06-08 17:01:21,None|None|None|None|of:0000000000000009,,,,,of:0000000000000009,281476295891648,138,19228,140,140.82,ADDED
2026-06-08 17:01:21,None|None|None|None|of:0000000000000009,,,,,of:0000000000000009,281479019932926,0,0,140,140.82,ADDED
2026-06-08 17:01:26,None|None|None|None|of:000000000000000c,,,,,of:000000000000000c,281479100460205,287,39989,145,145.84,ADDED
2026-06-08 17:01:26,None|None|None|None|of:000000000000000c,,,,,of:000000000000000c,281475624796078,287,39989,145,145.84,ADDED
2026-06-08 17:01:26,None|None|None|None|of:000000000000000c,,,,,of:000000000000000c,281477504901495,0,0,145,145.84,ADDED
2026-06-08 17:01:26,None|None|None|None|of:000000000000000c,,,,,of:000000000000000c,281476292687096,83,8134,145,145.84,ADDED
2026-06-08 17:01:26,None|None|None|None|of:000000000000000d,,,,,of:000000000000000d,281478200287907,284,39618,145,145.84,ADDED
2026-06-08 17:01:26,None|None|None|None|of:000000000000000d,,,,,of:000000000000000d,281478788468154,83,8134,145,145.84,ADDED
2026-06-08 17:01:26,None|None|None|None|of:000000000000000d,,,,,of:000000000000000d,281478012698825,284,39618,145,145.84,ADDED
2026-06-08 17:01:26,None|None|None|None|of:000000000000000d,,,,,of:000000000000000d,281476618808057,0,0,145,145.84,ADDED
2026-06-08 17:01:26,None|None|None|None|of:000000000000000a,,,,,of:000000000000000a,281477705784245,3,294,145,145.84,ADDED
2026-06-08 17:01:26,None|None|None|None|of:000000000000000a,,,,,of:000000000000000a,281475818964416,142,19786,145,145.84,ADDED
2026-06-08 17:01:26,None|None|None|None|of:000000000000000a,,,,,of:000000000000000a,281477034268888,142,19786,145,145.84,ADDED
2026-06-08 17:01:26,None|None|None|None|of:000000000000000a,,,,,of:000000000000000a,281478593105785,0,0,145,145.84,ADDED
2026-06-08 17:01:26,None|None|None|None|of:000000000000000b,,,,,of:000000000000000b,281478277078534,101,9898,145,145.84,ADDED
2026-06-08 17:01:26,00:00:00:00:00:01|00:00:00:00:00:02|None|None|of:000000000000000b,00:00:00:00:00:01,00:00:00:00:00:02,,,of:000000000000000b,34902898369757081,145,14210,144,145.84,ADDED
2026-06-08 17:01:26,00:00:00:00:00:02|00:00:00:00:00:01|None|None|of:000000000000000b,00:00:00:00:00:02,00:00:00:00:00:01,,,of:000000000000000b,34902898247549216,142,13916,142,140.76,ADDED
2026-06-08 17:01:26,None|None|None|None|of:000000000000000b,,,,,of:000000000000000b,281476663695951,0,0,145,145.84,ADDED
2026-06-08 17:01:26,None|None|None|None|of:000000000000000b,,,,,of:000000000000000b,281476573370203,288,40128,145,145.84,ADDED
2026-06-08 17:01:26,None|None|None|None|of:000000000000000b,,,,,of:000000000000000b,281476205675487,288,40128,145,145.84,ADDED
2026-06-08 17:01:26,None|None|None|None|of:0000000000000003,,,,,of:0000000000000003,281478170942982,93,9114,120,145.84,ADDED
2026-06-08 17:01:26,00:00:00:00:00:01|00:00:00:00:00:02|None|None|of:0000000000000003,00:00:00:00:00:01,00:00:00:00:00:02,,,of:0000000000000003,34902901306865815,144,14112,120,145.84,ADDED
2026-06-08 17:01:26,None|None|None|None|of:0000000000000003,,,,,of:0000000000000003,281476661728682,80,11160,120,145.84,ADDED
2026-06-08 17:01:26,None|None|None|None|of:0000000000000003,,,,,of:0000000000000003,281477764386537,0,0,120,145.84,ADDED
2026-06-08 17:01:26,None|None|None|None|of:0000000000000003,,,,,of:0000000000000003,281476156249461,80,11160,120,145.84,ADDED
2026-06-08 17:01:26,None|None|None|None|of:0000000000000004,,,,,of:0000000000000004,281475616213265,94,13112,145,145.84,ADDED
2026-06-08 17:01:26,None|None|None|None|of:0000000000000004,,,,,of:0000000000000004,281475265228006,0,0,145,145.84,ADDED
2026-06-08 17:01:26,None|None|None|None|of:0000000000000004,,,,,of:0000000000000004,281477141311986,88,8624,145,145.84,ADDED
2026-06-08 17:01:26,None|None|None|None|of:0000000000000004,,,,,of:0000000000000004,281476729151998,94,13112,145,145.84,ADDED
2026-06-08 17:01:26,None|None|None|None|of:0000000000000001,,,,,of:0000000000000001,281478909873038,0,0,145,145.84,ADDED
2026-06-08 17:01:26,00:00:00:00:00:01|00:00:00:00:00:02|None|None|of:0000000000000001,00:00:00:00:00:01,00:00:00:00:00:02,,,of:0000000000000001,34902899196753573,144,14112,144,145.84,ADDED
2026-06-08 17:01:26,00:00:00:00:00:02|00:00:00:00:00:01|None|None|of:0000000000000001,00:00:00:00:00:02,00:00:00:00:00:01,,,of:0000000000000001,34902898986035913,154,15092,144,145.84,ADDED
2026-06-08 17:01:26,None|None|None|None|of:0000000000000001,,,,,of:0000000000000001,281477466379610,142,19880,145,145.84,ADDED
2026-06-08 17:01:26,None|None|None|None|of:0000000000000001,,,,,of:0000000000000001,281475012051420,76,7448,145,145.84,ADDED
2026-06-08 17:01:26,None|None|None|None|of:0000000000000001,,,,,of:0000000000000001,281477029321583,142,19880,145,145.84,ADDED
2026-06-08 17:01:26,None|None|None|None|of:0000000000000002,,,,,of:0000000000000002,281478316350853,0,0,145,145.84,ADDED
2026-06-08 17:01:26,None|None|None|None|of:0000000000000002,,,,,of:0000000000000002,281478673389323,96,13392,145,145.84,ADDED
2026-06-08 17:01:26,00:00:00:00:00:02|00:00:00:00:00:01|None|None|of:0000000000000002,00:00:00:00:00:02,00:00:00:00:00:01,,,of:0000000000000002,34902898441429785,142,13916,142,140.76,ADDED
2026-06-08 17:01:26,00:00:00:00:00:01|00:00:00:00:00:02|None|None|of:0000000000000002,00:00:00:00:00:01,00:00:00:00:00:02,,,of:0000000000000002,34902899328279504,174,17052,145,145.84,ADDED
2026-06-08 17:01:26,None|None|None|None|of:0000000000000002,,,,,of:0000000000000002,281475022575828,96,13392,145,145.84,ADDED
2026-06-08 17:01:26,None|None|None|None|of:0000000000000002,,,,,of:0000000000000002,281475568191580,47,4606,145,145.84,ADDED
2026-06-08 17:01:26,None|None|None|None|of:0000000000000007,,,,,of:0000000000000007,281475652364572,3,294,145,145.84,ADDED
2026-06-08 17:01:26,None|None|None|None|of:0000000000000007,,,,,of:0000000000000007,281478438392611,0,0,145,145.84,ADDED
2026-06-08 17:01:26,None|None|None|None|of:0000000000000007,,,,,of:0000000000000007,281476350262333,96,13440,145,145.84,ADDED
2026-06-08 17:01:26,None|None|None|None|of:0000000000000007,,,,,of:0000000000000007,281475000925130,96,13440,145,145.84,ADDED
2026-06-08 17:01:26,None|None|None|None|of:0000000000000008,,,,,of:0000000000000008,281476059291414,0,0,145,145.84,ADDED
2026-06-08 17:01:26,None|None|None|None|of:0000000000000008,,,,,of:0000000000000008,281476101349656,144,20064,145,145.84,ADDED
2026-06-08 17:01:26,None|None|None|None|of:0000000000000008,,,,,of:0000000000000008,281476270708671,144,20064,145,145.84,ADDED
2026-06-08 17:01:26,00:00:00:00:00:01|00:00:00:00:00:02|None|None|of:0000000000000008,00:00:00:00:00:01,00:00:00:00:00:02,,,of:0000000000000008,34902898875781211,166,16268,144,145.84,ADDED
2026-06-08 17:01:26,None|None|None|None|of:0000000000000008,,,,,of:0000000000000008,281476010895837,141,13818,145,145.84,ADDED
2026-06-08 17:01:26,None|None|None|None|of:0000000000000005,,,,,of:0000000000000005,281478762460478,0,0,145,145.84,ADDED
2026-06-08 17:01:26,None|None|None|None|of:0000000000000005,,,,,of:0000000000000005,281478211273411,96,13392,145,145.84,ADDED
2026-06-08 17:01:26,None|None|None|None|of:0000000000000005,,,,,of:0000000000000005,281475117841124,53,5194,145,145.84,ADDED
2026-06-08 17:01:26,None|None|None|None|of:0000000000000005,,,,,of:0000000000000005,281478979269874,96,13392,145,145.84,ADDED
2026-06-08 17:01:26,None|None|None|None|of:0000000000000006,,,,,of:0000000000000006,281475738574217,96,13440,145,145.84,ADDED
2026-06-08 17:01:26,None|None|None|None|of:0000000000000006,,,,,of:0000000000000006,281476873293724,96,13440,145,145.84,ADDED
2026-06-08 17:01:26,None|None|None|None|of:0000000000000006,,,,,of:0000000000000006,281475411377083,0,0,145,145.84,ADDED
2026-06-08 17:01:26,None|None|None|None|of:0000000000000006,,,,,of:0000000000000006,281478888449605,3,294,145,145.84,ADDED
2026-06-08 17:01:26,None|None|None|None|of:0000000000000009,,,,,of:0000000000000009,281478887649794,142,19785,145,145.84,ADDED
2026-06-08 17:01:26,None|None|None|None|of:0000000000000009,,,,,of:0000000000000009,281474993990194,66,6468,145,145.84,ADDED
2026-06-08 17:01:26,None|None|None|None|of:0000000000000009,,,,,of:0000000000000009,281476295891648,142,19785,145,145.84,ADDED
2026-06-08 17:01:26,None|None|None|None|of:0000000000000009,,,,,of:0000000000000009,281479019932926,0,0,145,145.84,ADDED
2026-06-08 17:01:31,None|None|None|None|of:000000000000000c,,,,,of:000000000000000c,281479100460205,298,41522,150,150.86,ADDED
2026-06-08 17:01:31,None|None|None|None|of:000000000000000c,,,,,of:000000000000000c,281475624796078,298,41522,150,150.86,ADDED
2026-06-08 17:01:31,None|None|None|None|of:000000000000000c,,,,,of:000000000000000c,281477504901495,0,0,150,150.86,ADDED
2026-06-08 17:01:31,None|None|None|None|of:000000000000000c,,,,,of:000000000000000c,281476292687096,83,8134,150,150.86,ADDED
2026-06-08 17:01:31,None|None|None|None|of:000000000000000d,,,,,of:000000000000000d,281478200287907,294,41014,150,150.86,ADDED
2026-06-08 17:01:31,None|None|None|None|of:000000000000000d,,,,,of:000000000000000d,281478788468154,83,8134,150,150.86,ADDED
2026-06-08 17:01:31,None|None|None|None|of:000000000000000d,,,,,of:000000000000000d,281478012698825,294,41014,150,150.86,ADDED
2026-06-08 17:01:31,None|None|None|None|of:000000000000000d,,,,,of:000000000000000d,281476618808057,0,0,150,150.86,ADDED
2026-06-08 17:01:31,None|None|None|None|of:000000000000000a,,,,,of:000000000000000a,281477705784245,3,294,150,150.86,ADDED
2026-06-08 17:01:31,None|None|None|None|of:000000000000000a,,,,,of:000000000000000a,281475818964416,146,20344,150,150.86,ADDED
2026-06-08 17:01:31,None|None|None|None|of:000000000000000a,,,,,of:000000000000000a,281477034268888,146,20344,150,150.86,ADDED
2026-06-08 17:01:31,None|None|None|None|of:000000000000000a,,,,,of:000000000000000a,281478593105785,0,0,150,150.86,ADDED
2026-06-08 17:01:31,None|None|None|None|of:000000000000000b,,,,,of:000000000000000b,281478277078534,101,9898,150,150.86,ADDED
2026-06-08 17:01:31,00:00:00:00:00:01|00:00:00:00:00:02|None|None|of:000000000000000b,00:00:00:00:00:01,00:00:00:00:00:02,,,of:000000000000000b,34902898369757081,150,14700,149,150.86,ADDED
2026-06-08 17:01:31,00:00:00:00:00:02|00:00:00:00:00:01|None|None|of:000000000000000b,00:00:00:00:00:02,00:00:00:00:00:01,,,of:000000000000000b,34902898247549216,147,14406,147,145.78,ADDED
2026-06-08 17:01:31,None|None|None|None|of:000000000000000b,,,,,of:000000000000000b,281476663695951,0,0,150,150.86,ADDED
2026-06-08 17:01:31,None|None|None|None|of:000000000000000b,,,,,of:000000000000000b,281476573370203,300,41800,150,150.86,ADDED
2026-06-08 17:01:31,None|None|None|None|of:000000000000000b,,,,,of:000000000000000b,281476205675487,300,41800,150,150.86,ADDED
2026-06-08 17:01:31,None|None|None|None|of:0000000000000003,,,,,of:0000000000000003,281478170942982,93,9114,150,150.86,ADDED
2026-06-08 17:01:31,00:00:00:00:00:01|00:00:00:00:00:02|None|None|of:0000000000000003,00:00:00:00:00:01,00:00:00:00:00:02,,,of:0000000000000003,34902901306865815,174,17052,150,150.86,ADDED
2026-06-08 17:01:31,None|None|None|None|of:0000000000000003,,,,,of:0000000000000003,281476661728682,100,13950,150,150.86,ADDED
2026-06-08 17:01:31,None|None|None|None|of:0000000000000003,,,,,of:0000000000000003,281477764386537,0,0,150,150.86,ADDED
2026-06-08 17:01:31,None|None|None|None|of:0000000000000003,,,,,of:0000000000000003,281476156249461,100,13950,150,150.86,ADDED
2026-06-08 17:01:31,None|None|None|None|of:0000000000000004,,,,,of:0000000000000004,281475616213265,98,13670,150,150.86,ADDED
2026-06-08 17:01:31,None|None|None|None|of:0000000000000004,,,,,of:0000000000000004,281475265228006,0,0,150,150.86,ADDED
2026-06-08 17:01:31,None|None|None|None|of:0000000000000004,,,,,of:0000000000000004,281477141311986,88,8624,150,150.86,ADDED
2026-06-08 17:01:31,None|None|None|None|of:0000000000000004,,,,,of:0000000000000004,281476729151998,98,13670,150,150.86,ADDED
2026-06-08 17:01:31,None|None|None|None|of:0000000000000001,,,,,of:0000000000000001,281478909873038,0,0,150,150.86,ADDED
2026-06-08 17:01:31,00:00:00:00:00:01|00:00:00:00:00:02|None|None|of:0000000000000001,00:00:00:00:00:01,00:00:00:00:00:02,,,of:0000000000000001,34902899196753573,149,14602,149,150.86,ADDED
2026-06-08 17:01:31,00:00:00:00:00:02|00:00:00:00:00:01|None|None|of:0000000000000001,00:00:00:00:00:02,00:00:00:00:00:01,,,of:0000000000000001,34902898986035913,159,15582,149,150.86,ADDED
2026-06-08 17:01:31,None|None|None|None|of:0000000000000001,,,,,of:0000000000000001,281477466379610,148,20720,150,150.86,ADDED
2026-06-08 17:01:31,None|None|None|None|of:0000000000000001,,,,,of:0000000000000001,281475012051420,76,7448,150,150.86,ADDED
2026-06-08 17:01:31,None|None|None|None|of:0000000000000001,,,,,of:0000000000000001,281477029321583,148,20720,150,150.86,ADDED
2026-06-08 17:01:31,None|None|None|None|of:0000000000000002,,,,,of:0000000000000002,281478316350853,0,0,150,150.86,ADDED
2026-06-08 17:01:31,None|None|None|None|of:0000000000000002,,,,,of:0000000000000002,281478673389323,100,13950,150,150.86,ADDED
2026-06-08 17:01:31,00:00:00:00:00:02|00:00:00:00:00:01|None|None|of:0000000000000002,00:00:00:00:00:02,00:00:00:00:00:01,,,of:0000000000000002,34902898441429785,147,14406,147,145.78,ADDED
2026-06-08 17:01:31,00:00:00:00:00:01|00:00:00:00:00:02|None|None|of:0000000000000002,00:00:00:00:00:01,00:00:00:00:00:02,,,of:0000000000000002,34902899328279504,179,17542,150,150.86,ADDED
2026-06-08 17:01:31,None|None|None|None|of:0000000000000002,,,,,of:0000000000000002,281475022575828,100,13950,150,150.86,ADDED
2026-06-08 17:01:31,None|None|None|None|of:0000000000000002,,,,,of:0000000000000002,281475568191580,47,4606,150,150.86,ADDED
2026-06-08 17:01:31,None|None|None|None|of:0000000000000007,,,,,of:0000000000000007,281475652364572,3,294,150,150.86,ADDED
2026-06-08 17:01:31,None|None|None|None|of:0000000000000007,,,,,of:0000000000000007,281478438392611,0,0,150,150.86,ADDED
2026-06-08 17:01:31,None|None|None|None|of:0000000000000007,,,,,of:0000000000000007,281476350262333,100,14000,150,150.86,ADDED
2026-06-08 17:01:31,None|None|None|None|of:0000000000000007,,,,,of:0000000000000007,281475000925130,100,14000,150,150.86,ADDED
2026-06-08 17:01:31,None|None|None|None|of:0000000000000008,,,,,of:0000000000000008,281476059291414,0,0,150,150.86,ADDED
2026-06-08 17:01:31,None|None|None|None|of:0000000000000008,,,,,of:0000000000000008,281476101349656,150,20900,150,150.86,ADDED
2026-06-08 17:01:31,None|None|None|None|of:0000000000000008,,,,,of:0000000000000008,281476270708671,150,20900,150,150.86,ADDED
2026-06-08 17:01:31,00:00:00:00:00:01|00:00:00:00:00:02|None|None|of:0000000000000008,00:00:00:00:00:01,00:00:00:00:00:02,,,of:0000000000000008,34902898875781211,171,16758,149,150.86,ADDED
2026-06-08 17:01:31,None|None|None|None|of:0000000000000008,,,,,of:0000000000000008,281476010895837,141,13818,150,150.86,ADDED
2026-06-08 17:01:31,None|None|None|None|of:0000000000000005,,,,,of:0000000000000005,281478762460478,0,0,150,150.86,ADDED
2026-06-08 17:01:31,None|None|None|None|of:0000000000000005,,,,,of:0000000000000005,281478211273411,100,13950,150,150.86,ADDED
2026-06-08 17:01:31,None|None|None|None|of:0000000000000005,,,,,of:0000000000000005,281475117841124,53,5194,150,150.86,ADDED
2026-06-08 17:01:31,None|None|None|None|of:0000000000000005,,,,,of:0000000000000005,281478979269874,100,13950,150,150.86,ADDED
2026-06-08 17:01:31,None|None|None|None|of:0000000000000006,,,,,of:0000000000000006,281475738574217,100,14000,150,150.86,ADDED
2026-06-08 17:01:31,None|None|None|None|of:0000000000000006,,,,,of:0000000000000006,281476873293724,100,14000,150,150.86,ADDED
2026-06-08 17:01:31,None|None|None|None|of:0000000000000006,,,,,of:0000000000000006,281475411377083,0,0,150,150.86,ADDED
2026-06-08 17:01:31,None|None|None|None|of:0000000000000006,,,,,of:0000000000000006,281478888449605,3,294,150,150.86,ADDED
2026-06-08 17:01:31,None|None|None|None|of:0000000000000009,,,,,of:0000000000000009,281478887649794,147,20482,150,150.86,ADDED
2026-06-08 17:01:31,None|None|None|None|of:0000000000000009,,,,,of:0000000000000009,281474993990194,66,6468,150,150.86,ADDED
2026-06-08 17:01:31,None|None|None|None|of:0000000000000009,,,,,of:0000000000000009,281476295891648,147,20482,150,150.86,ADDED
2026-06-08 17:01:31,None|None|None|None|of:0000000000000009,,,,,of:0000000000000009,281479019932926,0,0,150,150.86,ADDED
2026-06-08 17:01:36,None|None|None|None|of:000000000000000c,,,,,of:000000000000000c,281479100460205,310,43194,155,155.94,ADDED
2026-06-08 17:01:36,None|None|None|None|of:000000000000000c,,,,,of:000000000000000c,281475624796078,310,43194,155,155.94,ADDED
2026-06-08 17:01:36,None|None|None|None|of:000000000000000c,,,,,of:000000000000000c,281477504901495,0,0,155,155.94,ADDED
2026-06-08 17:01:36,None|None|None|None|of:000000000000000c,,,,,of:000000000000000c,281476292687096,83,8134,155,155.94,ADDED
2026-06-08 17:01:36,None|None|None|None|of:000000000000000d,,,,,of:000000000000000d,281478200287907,306,42688,155,155.94,ADDED
2026-06-08 17:01:36,None|None|None|None|of:000000000000000d,,,,,of:000000000000000d,281478788468154,83,8134,155,155.94,ADDED
2026-06-08 17:01:36,None|None|None|None|of:000000000000000d,,,,,of:000000000000000d,281478012698825,306,42688,155,155.94,ADDED
2026-06-08 17:01:36,None|None|None|None|of:000000000000000d,,,,,of:000000000000000d,281476618808057,0,0,155,155.94,ADDED
2026-06-08 17:01:36,None|None|None|None|of:000000000000000a,,,,,of:000000000000000a,281477705784245,3,294,155,155.94,ADDED
2026-06-08 17:01:36,None|None|None|None|of:000000000000000a,,,,,of:000000000000000a,281475818964416,152,21180,155,155.94,ADDED
2026-06-08 17:01:36,None|None|None|None|of:000000000000000a,,,,,of:000000000000000a,281477034268888,152,21180,155,155.94,ADDED
2026-06-08 17:01:36,None|None|None|None|of:000000000000000a,,,,,of:000000000000000a,281478593105785,0,0,155,155.94,ADDED
2026-06-08 17:01:36,None|None|None|None|of:000000000000000b,,,,,of:000000000000000b,281478277078534,101,9898,155,155.94,ADDED
2026-06-08 17:01:36,00:00:00:00:00:01|00:00:00:00:00:02|None|None|of:000000000000000b,00:00:00:00:00:01,00:00:00:00:00:02,,,of:000000000000000b,34902898369757081,155,15190,154,155.94,ADDED
2026-06-08 17:01:36,00:00:00:00:00:02|00:00:00:00:00:01|None|None|of:000000000000000b,00:00:00:00:00:02,00:00:00:00:00:01,,,of:000000000000000b,34902898247549216,152,14896,152,150.86,ADDED
2026-06-08 17:01:36,None|None|None|None|of:000000000000000b,,,,,of:000000000000000b,281476663695951,0,0,155,155.94,ADDED
2026-06-08 17:01:36,None|None|None|None|of:000000000000000b,,,,,of:000000000000000b,281476573370203,312,43472,155,155.94,ADDED
2026-06-08 17:01:36,None|None|None|None|of:000000000000000b,,,,,of:000000000000000b,281476205675487,312,43472,155,155.94,ADDED
2026-06-08 17:01:36,None|None|None|None|of:0000000000000003,,,,,of:0000000000000003,281478170942982,93,9114,155,155.94,ADDED
2026-06-08 17:01:36,00:00:00:00:00:01|00:00:00:00:00:02|None|None|of:0000000000000003,00:00:00:00:00:01,00:00:00:00:00:02,,,of:0000000000000003,34902901306865815,179,17542,155,155.94,ADDED
2026-06-08 17:01:36,None|None|None|None|of:0000000000000003,,,,,of:0000000000000003,281476661728682,104,14508,155,155.94,ADDED
2026-06-08 17:01:36,None|None|None|None|of:0000000000000003,,,,,of:0000000000000003,281477764386537,0,0,155,155.94,ADDED
2026-06-08 17:01:36,None|None|None|None|of:0000000000000003,,,,,of:0000000000000003,281476156249461,104,14508,155,155.94,ADDED
2026-06-08 17:01:36,None|None|None|None|of:0000000000000004,,,,,of:0000000000000004,281475616213265,102,14228,155,155.94,ADDED
2026-06-08 17:01:36,None|None|None|None|of:0000000000000004,,,,,of:0000000000000004,281475265228006,0,0,155,155.94,ADDED
2026-06-08 17:01:36,None|None|None|None|of:0000000000000004,,,,,of:0000000000000004,281477141311986,88,8624,155,155.94,ADDED
2026-06-08 17:01:36,None|None|None|None|of:0000000000000004,,,,,of:0000000000000004,281476729151998,102,14228,155,155.94,ADDED
2026-06-08 17:01:36,None|None|None|None|of:0000000000000001,,,,,of:0000000000000001,281478909873038,0,0,155,155.94,ADDED
2026-06-08 17:01:36,00:00:00:00:00:01|00:00:00:00:00:02|None|None|of:0000000000000001,00:00:00:00:00:01,00:00:00:00:00:02,,,of:0000000000000001,34902899196753573,154,15092,154,155.94,ADDED
2026-06-08 17:01:36,00:00:00:00:00:02|00:00:00:00:00:01|None|None|of:0000000000000001,00:00:00:00:00:02,00:00:00:00:00:01,,,of:0000000000000001,34902898986035913,164,16072,154,155.94,ADDED
2026-06-08 17:01:36,None|None|None|None|of:0000000000000001,,,,,of:0000000000000001,281477466379610,154,21560,155,155.94,ADDED
2026-06-08 17:01:36,None|None|None|None|of:0000000000000001,,,,,of:0000000000000001,281475012051420,76,7448,155,155.94,ADDED
2026-06-08 17:01:36,None|None|None|None|of:0000000000000001,,,,,of:0000000000000001,281477029321583,154,21560,155,155.94,ADDED
2026-06-08 17:01:36,None|None|None|None|of:0000000000000002,,,,,of:0000000000000002,281478316350853,0,0,155,155.94,ADDED
2026-06-08 17:01:36,None|None|None|None|of:0000000000000002,,,,,of:0000000000000002,281478673389323,104,14508,155,155.94,ADDED
2026-06-08 17:01:36,00:00:00:00:00:02|00:00:00:00:00:01|None|None|of:0000000000000002,00:00:00:00:00:02,00:00:00:00:00:01,,,of:0000000000000002,34902898441429785,152,14896,152,150.86,ADDED
2026-06-08 17:01:36,00:00:00:00:00:01|00:00:00:00:00:02|None|None|of:0000000000000002,00:00:00:00:00:01,00:00:00:00:00:02,,,of:0000000000000002,34902899328279504,184,18032,155,155.94,ADDED
2026-06-08 17:01:36,None|None|None|None|of:0000000000000002,,,,,of:0000000000000002,281475022575828,104,14508,155,155.94,ADDED
2026-06-08 17:01:36,None|None|None|None|of:0000000000000002,,,,,of:0000000000000002,281475568191580,47,4606,155,155.94,ADDED
2026-06-08 17:01:36,None|None|None|None|of:0000000000000007,,,,,of:0000000000000007,281475652364572,3,294,155,155.94,ADDED
2026-06-08 17:01:36,None|None|None|None|of:0000000000000007,,,,,of:0000000000000007,281478438392611,0,0,155,155.94,ADDED
2026-06-08 17:01:36,None|None|None|None|of:0000000000000007,,,,,of:0000000000000007,281476350262333,102,14280,155,155.94,ADDED
2026-06-08 17:01:36,None|None|None|None|of:0000000000000007,,,,,of:0000000000000007,281475000925130,102,14280,155,155.94,ADDED
2026-06-08 17:01:36,None|None|None|None|of:0000000000000008,,,,,of:0000000000000008,281476059291414,0,0,155,155.94,ADDED
2026-06-08 17:01:36,None|None|None|None|of:0000000000000008,,,,,of:0000000000000008,281476101349656,156,21736,155,155.94,ADDED
2026-06-08 17:01:36,None|None|None|None|of:0000000000000008,,,,,of:0000000000000008,281476270708671,156,21736,155,155.94,ADDED
2026-06-08 17:01:36,00:00:00:00:00:01|00:00:00:00:00:02|None|None|of:0000000000000008,00:00:00:00:00:01,00:00:00:00:00:02,,,of:0000000000000008,34902898875781211,176,17248,154,155.94,ADDED
2026-06-08 17:01:36,None|None|None|None|of:0000000000000008,,,,,of:0000000000000008,281476010895837,141,13818,155,155.94,ADDED
2026-06-08 17:01:36,None|None|None|None|of:0000000000000005,,,,,of:0000000000000005,281478762460478,0,0,155,155.94,ADDED
2026-06-08 17:01:36,None|None|None|None|of:0000000000000005,,,,,of:0000000000000005,281478211273411,103,14369,155,155.94,ADDED
2026-06-08 17:01:36,None|None|None|None|of:0000000000000005,,,,,of:0000000000000005,281475117841124,53,5194,155,155.94,ADDED
2026-06-08 17:01:36,None|None|None|None|of:0000000000000005,,,,,of:0000000000000005,281478979269874,103,14369,155,155.94,ADDED
2026-06-08 17:01:36,None|None|None|None|of:0000000000000006,,,,,of:0000000000000006,281475738574217,102,14280,155,155.94,ADDED
2026-06-08 17:01:36,None|None|None|None|of:0000000000000006,,,,,of:0000000000000006,281476873293724,102,14280,155,155.94,ADDED
2026-06-08 17:01:36,None|None|None|None|of:0000000000000006,,,,,of:0000000000000006,281475411377083,0,0,155,155.94,ADDED
2026-06-08 17:01:36,None|None|None|None|of:0000000000000006,,,,,of:0000000000000006,281478888449605,3,294,155,155.94,ADDED
2026-06-08 17:01:36,None|None|None|None|of:0000000000000009,,,,,of:0000000000000009,281478887649794,153,21318,155,155.94,ADDED
2026-06-08 17:01:36,None|None|None|None|of:0000000000000009,,,,,of:0000000000000009,281474993990194,66,6468,155,155.94,ADDED
2026-06-08 17:01:36,None|None|None|None|of:0000000000000009,,,,,of:0000000000000009,281476295891648,153,21318,155,155.94,ADDED
2026-06-08 17:01:36,None|None|None|None|of:0000000000000009,,,,,of:0000000000000009,281479019932926,0,0,155,155.94,ADDED
2026-06-08 17:01:41,None|None|None|None|of:000000000000000c,,,,,of:000000000000000c,281479100460205,316,44030,160,160.97,ADDED
2026-06-08 17:01:41,None|None|None|None|of:000000000000000c,,,,,of:000000000000000c,281475624796078,316,44030,160,160.97,ADDED
2026-06-08 17:01:41,None|None|None|None|of:000000000000000c,,,,,of:000000000000000c,281477504901495,0,0,160,160.97,ADDED
2026-06-08 17:01:41,None|None|None|None|of:000000000000000c,,,,,of:000000000000000c,281476292687096,83,8134,160,160.97,ADDED
2026-06-08 17:01:41,None|None|None|None|of:000000000000000d,,,,,of:000000000000000d,281478200287907,312,43525,160,160.97,ADDED
2026-06-08 17:01:41,None|None|None|None|of:000000000000000d,,,,,of:000000000000000d,281478788468154,83,8134,160,160.97,ADDED
2026-06-08 17:01:41,None|None|None|None|of:000000000000000d,,,,,of:000000000000000d,281478012698825,312,43525,160,160.97,ADDED
2026-06-08 17:01:41,None|None|None|None|of:000000000000000d,,,,,of:000000000000000d,281476618808057,0,0,160,160.97,ADDED
2026-06-08 17:01:41,None|None|None|None|of:000000000000000a,,,,,of:000000000000000a,281477705784245,3,294,160,160.97,ADDED
2026-06-08 17:01:41,None|None|None|None|of:000000000000000a,,,,,of:000000000000000a,281475818964416,155,21598,160,160.97,ADDED
2026-06-08 17:01:41,None|None|None|None|of:000000000000000a,,,,,of:000000000000000a,281477034268888,155,21598,160,160.97,ADDED
2026-06-08 17:01:41,None|None|None|None|of:000000000000000a,,,,,of:000000000000000a,281478593105785,0,0,160,160.97,ADDED
2026-06-08 17:01:41,None|None|None|None|of:000000000000000b,,,,,of:000000000000000b,281478277078534,101,9898,160,160.97,ADDED
2026-06-08 17:01:41,00:00:00:00:00:01|00:00:00:00:00:02|None|None|of:000000000000000b,00:00:00:00:00:01,00:00:00:00:00:02,,,of:000000000000000b,34902898369757081,160,15680,159,160.97,ADDED
2026-06-08 17:01:41,00:00:00:00:00:02|00:00:00:00:00:01|None|None|of:000000000000000b,00:00:00:00:00:02,00:00:00:00:00:01,,,of:000000000000000b,34902898247549216,157,15386,157,155.89,ADDED
2026-06-08 17:01:41,None|None|None|None|of:000000000000000b,,,,,of:000000000000000b,281476663695951,0,0,160,160.97,ADDED
2026-06-08 17:01:41,None|None|None|None|of:000000000000000b,,,,,of:000000000000000b,281476573370203,318,44308,160,160.97,ADDED
2026-06-08 17:01:41,None|None|None|None|of:000000000000000b,,,,,of:000000000000000b,281476205675487,318,44308,160,160.97,ADDED
2026-06-08 17:01:41,None|None|None|None|of:0000000000000003,,,,,of:0000000000000003,281478170942982,93,9114,160,160.97,ADDED
2026-06-08 17:01:41,00:00:00:00:00:01|00:00:00:00:00:02|None|None|of:0000000000000003,00:00:00:00:00:01,00:00:00:00:00:02,,,of:0000000000000003,34902901306865815,184,18032,160,160.97,ADDED
2026-06-08 17:01:41,None|None|None|None|of:0000000000000003,,,,,of:0000000000000003,281476661728682,106,14787,160,160.97,ADDED
2026-06-08 17:01:41,None|None|None|None|of:0000000000000003,,,,,of:0000000000000003,281477764386537,0,0,160,160.97,ADDED
2026-06-08 17:01:41,None|None|None|None|of:0000000000000003,,,,,of:0000000000000003,281476156249461,106,14787,160,160.97,ADDED
2026-06-08 17:01:41,None|None|None|None|of:0000000000000004,,,,,of:0000000000000004,281475616213265,104,14507,160,160.97,ADDED
2026-06-08 17:01:41,None|None|None|None|of:0000000000000004,,,,,of:0000000000000004,281475265228006,0,0,160,160.97,ADDED
2026-06-08 17:01:41,None|None|None|None|of:0000000000000004,,,,,of:0000000000000004,281477141311986,88,8624,160,160.97,ADDED
2026-06-08 17:01:41,None|None|None|None|of:0000000000000004,,,,,of:0000000000000004,281476729151998,104,14507,160,160.97,ADDED
2026-06-08 17:01:41,None|None|None|None|of:0000000000000001,,,,,of:0000000000000001,281478909873038,0,0,160,160.97,ADDED
2026-06-08 17:01:41,00:00:00:00:00:01|00:00:00:00:00:02|None|None|of:0000000000000001,00:00:00:00:00:01,00:00:00:00:00:02,,,of:0000000000000001,34902899196753573,159,15582,159,160.97,ADDED
2026-06-08 17:01:41,00:00:00:00:00:02|00:00:00:00:00:01|None|None|of:0000000000000001,00:00:00:00:00:02,00:00:00:00:00:01,,,of:0000000000000001,34902898986035913,169,16562,159,160.97,ADDED
2026-06-08 17:01:41,None|None|None|None|of:0000000000000001,,,,,of:0000000000000001,281477466379610,157,21980,160,160.97,ADDED
2026-06-08 17:01:41,None|None|None|None|of:0000000000000001,,,,,of:0000000000000001,281475012051420,76,7448,160,160.97,ADDED
2026-06-08 17:01:41,None|None|None|None|of:0000000000000001,,,,,of:0000000000000001,281477029321583,157,21980,160,160.97,ADDED
2026-06-08 17:01:41,None|None|None|None|of:0000000000000002,,,,,of:0000000000000002,281478316350853,0,0,160,160.97,ADDED
2026-06-08 17:01:41,None|None|None|None|of:0000000000000002,,,,,of:0000000000000002,281478673389323,106,14787,160,160.97,ADDED
2026-06-08 17:01:41,00:00:00:00:00:02|00:00:00:00:00:01|None|None|of:0000000000000002,00:00:00:00:00:02,00:00:00:00:00:01,,,of:0000000000000002,34902898441429785,157,15386,157,155.89,ADDED
2026-06-08 17:01:41,00:00:00:00:00:01|00:00:00:00:00:02|None|None|of:0000000000000002,00:00:00:00:00:01,00:00:00:00:00:02,,,of:0000000000000002,34902899328279504,189,18522,160,160.97,ADDED
2026-06-08 17:01:41,None|None|None|None|of:0000000000000002,,,,,of:0000000000000002,281475022575828,106,14787,160,160.97,ADDED
2026-06-08 17:01:41,None|None|None|None|of:0000000000000002,,,,,of:0000000000000002,281475568191580,47,4606,160,160.97,ADDED
2026-06-08 17:01:41,None|None|None|None|of:0000000000000007,,,,,of:0000000000000007,281475652364572,3,294,160,160.97,ADDED
2026-06-08 17:01:41,None|None|None|None|of:0000000000000007,,,,,of:0000000000000007,281478438392611,0,0,160,160.97,ADDED
2026-06-08 17:01:41,None|None|None|None|of:0000000000000007,,,,,of:0000000000000007,281476350262333,106,14840,160,160.97,ADDED
2026-06-08 17:01:41,None|None|None|None|of:0000000000000007,,,,,of:0000000000000007,281475000925130,106,14840,160,160.97,ADDED
2026-06-08 17:01:41,None|None|None|None|of:0000000000000008,,,,,of:0000000000000008,281476059291414,0,0,160,160.97,ADDED
2026-06-08 17:01:41,None|None|None|None|of:0000000000000008,,,,,of:0000000000000008,281476101349656,159,22154,160,160.97,ADDED
2026-06-08 17:01:41,None|None|None|None|of:0000000000000008,,,,,of:0000000000000008,281476270708671,159,22154,160,160.97,ADDED
2026-06-08 17:01:41,00:00:00:00:00:01|00:00:00:00:00:02|None|None|of:0000000000000008,00:00:00:00:00:01,00:00:00:00:00:02,,,of:0000000000000008,34902898875781211,181,17738,159,160.97,ADDED
2026-06-08 17:01:41,None|None|None|None|of:0000000000000008,,,,,of:0000000000000008,281476010895837,141,13818,160,160.97,ADDED
2026-06-08 17:01:41,None|None|None|None|of:0000000000000005,,,,,of:0000000000000005,281478762460478,0,0,160,160.97,ADDED
2026-06-08 17:01:41,None|None|None|None|of:0000000000000005,,,,,of:0000000000000005,281478211273411,106,14787,160,160.97,ADDED
2026-06-08 17:01:41,None|None|None|None|of:0000000000000005,,,,,of:0000000000000005,281475117841124,53,5194,160,160.97,ADDED
2026-06-08 17:01:41,None|None|None|None|of:0000000000000005,,,,,of:0000000000000005,281478979269874,106,14787,160,160.97,ADDED
2026-06-08 17:01:41,None|None|None|None|of:0000000000000006,,,,,of:0000000000000006,281475738574217,106,14840,160,160.97,ADDED
2026-06-08 17:01:41,None|None|None|None|of:0000000000000006,,,,,of:0000000000000006,281476873293724,106,14840,160,160.97,ADDED
2026-06-08 17:01:41,None|None|None|None|of:0000000000000006,,,,,of:0000000000000006,281475411377083,0,0,160,160.97,ADDED
2026-06-08 17:01:41,None|None|None|None|of:0000000000000006,,,,,of:0000000000000006,281478888449605,3,294,160,160.97,ADDED
2026-06-08 17:01:41,None|None|None|None|of:0000000000000009,,,,,of:0000000000000009,281478887649794,156,21736,160,160.97,ADDED
2026-06-08 17:01:41,None|None|None|None|of:0000000000000009,,,,,of:0000000000000009,281474993990194,66,6468,160,160.97,ADDED
2026-06-08 17:01:41,None|None|None|None|of:0000000000000009,,,,,of:0000000000000009,281476295891648,156,21736,160,160.97,ADDED
2026-06-08 17:01:41,None|None|None|None|of:0000000000000009,,,,,of:0000000000000009,281479019932926,0,0,160,160.97,ADDED
2026-06-08 17:01:46,None|None|None|None|of:000000000000000c,,,,,of:000000000000000c,281479100460205,328,45702,165,166.0,ADDED
2026-06-08 17:01:46,None|None|None|None|of:000000000000000c,,,,,of:000000000000000c,281475624796078,328,45702,165,166.0,ADDED
2026-06-08 17:01:46,None|None|None|None|of:000000000000000c,,,,,of:000000000000000c,281477504901495,0,0,165,166.0,ADDED
2026-06-08 17:01:46,None|None|None|None|of:000000000000000c,,,,,of:000000000000000c,281476292687096,83,8134,165,166.0,ADDED
2026-06-08 17:01:46,None|None|None|None|of:000000000000000d,,,,,of:000000000000000d,281478200287907,324,45199,165,166.0,ADDED
2026-06-08 17:01:46,None|None|None|None|of:000000000000000d,,,,,of:000000000000000d,281478788468154,83,8134,165,166.0,ADDED
2026-06-08 17:01:46,None|None|None|None|of:000000000000000d,,,,,of:000000000000000d,281478012698825,324,45199,165,166.0,ADDED
2026-06-08 17:01:46,None|None|None|None|of:000000000000000d,,,,,of:000000000000000d,281476618808057,0,0,165,166.0,ADDED
2026-06-08 17:01:46,None|None|None|None|of:000000000000000a,,,,,of:000000000000000a,281477705784245,3,294,165,166.0,ADDED
2026-06-08 17:01:46,None|None|None|None|of:000000000000000a,,,,,of:000000000000000a,281475818964416,161,22434,165,166.0,ADDED
2026-06-08 17:01:46,None|None|None|None|of:000000000000000a,,,,,of:000000000000000a,281477034268888,161,22434,165,166.0,ADDED
2026-06-08 17:01:46,None|None|None|None|of:000000000000000a,,,,,of:000000000000000a,281478593105785,0,0,165,166.0,ADDED
2026-06-08 17:01:46,None|None|None|None|of:000000000000000b,,,,,of:000000000000000b,281478277078534,101,9898,165,166.0,ADDED
2026-06-08 17:01:46,00:00:00:00:00:01|00:00:00:00:00:02|None|None|of:000000000000000b,00:00:00:00:00:01,00:00:00:00:00:02,,,of:000000000000000b,34902898369757081,165,16170,164,166.0,ADDED
2026-06-08 17:01:46,00:00:00:00:00:02|00:00:00:00:00:01|None|None|of:000000000000000b,00:00:00:00:00:02,00:00:00:00:00:01,,,of:000000000000000b,34902898247549216,162,15876,162,160.92,ADDED
2026-06-08 17:01:46,None|None|None|None|of:000000000000000b,,,,,of:000000000000000b,281476663695951,0,0,165,166.0,ADDED
2026-06-08 17:01:46,None|None|None|None|of:000000000000000b,,,,,of:000000000000000b,281476573370203,330,45980,165,166.0,ADDED
2026-06-08 17:01:46,None|None|None|None|of:000000000000000b,,,,,of:000000000000000b,281476205675487,330,45980,165,166.0,ADDED
2026-06-08 17:01:46,None|None|None|None|of:0000000000000003,,,,,of:0000000000000003,281478170942982,93,9114,165,166.0,ADDED
2026-06-08 17:01:46,00:00:00:00:00:01|00:00:00:00:00:02|None|None|of:0000000000000003,00:00:00:00:00:01,00:00:00:00:00:02,,,of:0000000000000003,34902901306865815,189,18522,165,166.0,ADDED
2026-06-08 17:01:46,None|None|None|None|of:0000000000000003,,,,,of:0000000000000003,281476661728682,110,15345,165,166.0,ADDED
2026-06-08 17:01:46,None|None|None|None|of:0000000000000003,,,,,of:0000000000000003,281477764386537,0,0,165,166.0,ADDED
2026-06-08 17:01:46,None|None|None|None|of:0000000000000003,,,,,of:0000000000000003,281476156249461,110,15345,165,166.0,ADDED
2026-06-08 17:01:46,None|None|None|None|of:0000000000000004,,,,,of:0000000000000004,281475616213265,108,15065,165,166.0,ADDED
2026-06-08 17:01:46,None|None|None|None|of:0000000000000004,,,,,of:0000000000000004,281475265228006,0,0,165,166.0,ADDED
2026-06-08 17:01:46,None|None|None|None|of:0000000000000004,,,,,of:0000000000000004,281477141311986,88,8624,165,166.0,ADDED
2026-06-08 17:01:46,None|None|None|None|of:0000000000000004,,,,,of:0000000000000004,281476729151998,108,15065,165,166.0,ADDED
2026-06-08 17:01:46,None|None|None|None|of:0000000000000001,,,,,of:0000000000000001,281478909873038,0,0,165,166.0,ADDED
2026-06-08 17:01:46,00:00:00:00:00:01|00:00:00:00:00:02|None|None|of:0000000000000001,00:00:00:00:00:01,00:00:00:00:00:02,,,of:0000000000000001,34902899196753573,164,16072,164,166.0,ADDED
2026-06-08 17:01:46,00:00:00:00:00:02|00:00:00:00:00:01|None|None|of:0000000000000001,00:00:00:00:00:02,00:00:00:00:00:01,,,of:0000000000000001,34902898986035913,174,17052,164,166.0,ADDED
2026-06-08 17:01:46,None|None|None|None|of:0000000000000001,,,,,of:0000000000000001,281477466379610,163,22820,165,166.0,ADDED
2026-06-08 17:01:46,None|None|None|None|of:0000000000000001,,,,,of:0000000000000001,281475012051420,76,7448,165,166.0,ADDED
2026-06-08 17:01:46,None|None|None|None|of:0000000000000001,,,,,of:0000000000000001,281477029321583,163,22820,165,166.0,ADDED
2026-06-08 17:01:46,None|None|None|None|of:0000000000000002,,,,,of:0000000000000002,281478316350853,0,0,165,166.0,ADDED
2026-06-08 17:01:46,None|None|None|None|of:0000000000000002,,,,,of:0000000000000002,281478673389323,110,15345,165,166.0,ADDED
2026-06-08 17:01:46,00:00:00:00:00:02|00:00:00:00:00:01|None|None|of:0000000000000002,00:00:00:00:00:02,00:00:00:00:00:01,,,of:0000000000000002,34902898441429785,162,15876,162,160.92,ADDED
2026-06-08 17:01:46,00:00:00:00:00:01|00:00:00:00:00:02|None|None|of:0000000000000002,00:00:00:00:00:01,00:00:00:00:00:02,,,of:0000000000000002,34902899328279504,194,19012,165,166.0,ADDED
2026-06-08 17:01:46,None|None|None|None|of:0000000000000002,,,,,of:0000000000000002,281475022575828,110,15345,165,166.0,ADDED
2026-06-08 17:01:46,None|None|None|None|of:0000000000000002,,,,,of:0000000000000002,281475568191580,47,4606,165,166.0,ADDED
2026-06-08 17:01:46,None|None|None|None|of:0000000000000007,,,,,of:0000000000000007,281475652364572,3,294,165,166.0,ADDED
2026-06-08 17:01:46,None|None|None|None|of:0000000000000007,,,,,of:0000000000000007,281478438392611,0,0,165,166.0,ADDED
2026-06-08 17:01:46,None|None|None|None|of:0000000000000007,,,,,of:0000000000000007,281476350262333,110,15400,165,166.0,ADDED
2026-06-08 17:01:46,None|None|None|None|of:0000000000000007,,,,,of:0000000000000007,281475000925130,110,15400,165,166.0,ADDED
2026-06-08 17:01:46,None|None|None|None|of:0000000000000008,,,,,of:0000000000000008,281476059291414,0,0,165,166.0,ADDED
2026-06-08 17:01:46,None|None|None|None|of:0000000000000008,,,,,of:0000000000000008,281476101349656,165,22990,165,166.0,ADDED
2026-06-08 17:01:46,None|None|None|None|of:0000000000000008,,,,,of:0000000000000008,281476270708671,165,22990,165,166.0,ADDED
2026-06-08 17:01:46,00:00:00:00:00:01|00:00:00:00:00:02|None|None|of:0000000000000008,00:00:00:00:00:01,00:00:00:00:00:02,,,of:0000000000000008,34902898875781211,186,18228,164,166.0,ADDED
2026-06-08 17:01:46,None|None|None|None|of:0000000000000008,,,,,of:0000000000000008,281476010895837,141,13818,165,166.0,ADDED
2026-06-08 17:01:46,None|None|None|None|of:0000000000000005,,,,,of:0000000000000005,281478762460478,0,0,165,166.0,ADDED
2026-06-08 17:01:46,None|None|None|None|of:0000000000000005,,,,,of:0000000000000005,281478211273411,110,15345,165,166.0,ADDED
2026-06-08 17:01:46,None|None|None|None|of:0000000000000005,,,,,of:0000000000000005,281475117841124,53,5194,165,166.0,ADDED
2026-06-08 17:01:46,None|None|None|None|of:0000000000000005,,,,,of:0000000000000005,281478979269874,110,15345,165,166.0,ADDED
2026-06-08 17:01:46,None|None|None|None|of:0000000000000006,,,,,of:0000000000000006,281475738574217,110,15400,165,166.0,ADDED
2026-06-08 17:01:46,None|None|None|None|of:0000000000000006,,,,,of:0000000000000006,281476873293724,110,15400,165,166.0,ADDED
2026-06-08 17:01:46,None|None|None|None|of:0000000000000006,,,,,of:0000000000000006,281475411377083,0,0,165,166.0,ADDED
2026-06-08 17:01:46,None|None|None|None|of:0000000000000006,,,,,of:0000000000000006,281478888449605,3,294,165,166.0,ADDED
2026-06-08 17:01:46,None|None|None|None|of:0000000000000009,,,,,of:0000000000000009,281478887649794,162,22572,165,166.0,ADDED
2026-06-08 17:01:46,None|None|None|None|of:0000000000000009,,,,,of:0000000000000009,281474993990194,66,6468,165,166.0,ADDED
2026-06-08 17:01:46,None|None|None|None|of:0000000000000009,,,,,of:0000000000000009,281476295891648,162,22572,165,166.0,ADDED
2026-06-08 17:01:46,None|None|None|None|of:0000000000000009,,,,,of:0000000000000009,281479019932926,0,0,165,166.0,ADDED
2026-06-08 17:01:51,None|None|None|None|of:000000000000000c,,,,,of:000000000000000c,281479100460205,336,46817,170,171.02,ADDED
2026-06-08 17:01:51,None|None|None|None|of:000000000000000c,,,,,of:000000000000000c,281475624796078,336,46817,170,171.02,ADDED
2026-06-08 17:01:51,None|None|None|None|of:000000000000000c,,,,,of:000000000000000c,281477504901495,0,0,170,171.02,ADDED
2026-06-08 17:01:51,None|None|None|None|of:000000000000000c,,,,,of:000000000000000c,281476292687096,83,8134,170,171.02,ADDED
2026-06-08 17:01:51,None|None|None|None|of:000000000000000d,,,,,of:000000000000000d,281478200287907,335,46734,170,171.02,ADDED
2026-06-08 17:01:51,None|None|None|None|of:000000000000000d,,,,,of:000000000000000d,281478788468154,83,8134,170,171.02,ADDED
2026-06-08 17:01:51,None|None|None|None|of:000000000000000d,,,,,of:000000000000000d,281478012698825,335,46734,170,171.02,ADDED
2026-06-08 17:01:51,None|None|None|None|of:000000000000000d,,,,,of:000000000000000d,281476618808057,0,0,170,171.02,ADDED
2026-06-08 17:01:51,None|None|None|None|of:000000000000000a,,,,,of:000000000000000a,281477705784245,3,294,170,171.02,ADDED
2026-06-08 17:01:51,None|None|None|None|of:000000000000000a,,,,,of:000000000000000a,281475818964416,166,23130,170,171.02,ADDED
2026-06-08 17:01:51,None|None|None|None|of:000000000000000a,,,,,of:000000000000000a,281477034268888,166,23130,170,171.02,ADDED
2026-06-08 17:01:51,None|None|None|None|of:000000000000000a,,,,,of:000000000000000a,281478593105785,0,0,170,171.02,ADDED
2026-06-08 17:01:51,None|None|None|None|of:000000000000000b,,,,,of:000000000000000b,281478277078534,101,9898,170,171.02,ADDED
2026-06-08 17:01:51,00:00:00:00:00:01|00:00:00:00:00:02|None|None|of:000000000000000b,00:00:00:00:00:01,00:00:00:00:00:02,,,of:000000000000000b,34902898369757081,170,16660,169,171.02,ADDED
2026-06-08 17:01:51,00:00:00:00:00:02|00:00:00:00:00:01|None|None|of:000000000000000b,00:00:00:00:00:02,00:00:00:00:00:01,,,of:000000000000000b,34902898247549216,167,16366,167,165.94,ADDED
2026-06-08 17:01:51,None|None|None|None|of:000000000000000b,,,,,of:000000000000000b,281476663695951,0,0,170,171.02,ADDED
2026-06-08 17:01:51,None|None|None|None|of:000000000000000b,,,,,of:000000000000000b,281476573370203,337,46956,170,171.02,ADDED
2026-06-08 17:01:51,None|None|None|None|of:000000000000000b,,,,,of:000000000000000b,281476205675487,337,46956,170,171.02,ADDED
2026-06-08 17:01:51,None|None|None|None|of:0000000000000003,,,,,of:0000000000000003,281478170942982,93,9114,170,171.02,ADDED
2026-06-08 17:01:51,00:00:00:00:00:01|00:00:00:00:00:02|None|None|of:0000000000000003,00:00:00:00:00:01,00:00:00:00:00:02,,,of:0000000000000003,34902901306865815,194,19012,170,171.02,ADDED
2026-06-08 17:01:51,None|None|None|None|of:0000000000000003,,,,,of:0000000000000003,281476661728682,113,15764,170,171.02,ADDED
2026-06-08 17:01:51,None|None|None|None|of:0000000000000003,,,,,of:0000000000000003,281477764386537,0,0,170,171.02,ADDED
2026-06-08 17:01:51,None|None|None|None|of:0000000000000003,,,,,of:0000000000000003,281476156249461,113,15764,170,171.02,ADDED
2026-06-08 17:01:51,None|None|None|None|of:0000000000000004,,,,,of:0000000000000004,281475616213265,111,15484,170,171.02,ADDED
2026-06-08 17:01:51,None|None|None|None|of:0000000000000004,,,,,of:0000000000000004,281475265228006,0,0,170,171.02,ADDED
2026-06-08 17:01:51,None|None|None|None|of:0000000000000004,,,,,of:0000000000000004,281477141311986,88,8624,170,171.02,ADDED
2026-06-08 17:01:51,None|None|None|None|of:0000000000000004,,,,,of:0000000000000004,281476729151998,111,15484,170,171.02,ADDED
2026-06-08 17:01:51,None|None|None|None|of:0000000000000001,,,,,of:0000000000000001,281478909873038,0,0,170,171.02,ADDED
2026-06-08 17:01:51,00:00:00:00:00:01|00:00:00:00:00:02|None|None|of:0000000000000001,00:00:00:00:00:01,00:00:00:00:00:02,,,of:0000000000000001,34902899196753573,169,16562,169,171.02,ADDED
2026-06-08 17:01:51,00:00:00:00:00:02|00:00:00:00:00:01|None|None|of:0000000000000001,00:00:00:00:00:02,00:00:00:00:00:01,,,of:0000000000000001,34902898986035913,179,17542,169,171.02,ADDED
2026-06-08 17:01:51,None|None|None|None|of:0000000000000001,,,,,of:0000000000000001,281477466379610,168,23520,170,171.02,ADDED
2026-06-08 17:01:51,None|None|None|None|of:0000000000000001,,,,,of:0000000000000001,281475012051420,76,7448,170,171.02,ADDED
2026-06-08 17:01:51,None|None|None|None|of:0000000000000001,,,,,of:0000000000000001,281477029321583,168,23520,170,171.02,ADDED
2026-06-08 17:01:51,None|None|None|None|of:0000000000000002,,,,,of:0000000000000002,281478316350853,0,0,170,171.02,ADDED
2026-06-08 17:01:51,None|None|None|None|of:0000000000000002,,,,,of:0000000000000002,281478673389323,113,15764,170,171.02,ADDED
2026-06-08 17:01:51,00:00:00:00:00:02|00:00:00:00:00:01|None|None|of:0000000000000002,00:00:00:00:00:02,00:00:00:00:00:01,,,of:0000000000000002,34902898441429785,167,16366,167,165.94,ADDED
2026-06-08 17:01:51,00:00:00:00:00:01|00:00:00:00:00:02|None|None|of:0000000000000002,00:00:00:00:00:01,00:00:00:00:00:02,,,of:0000000000000002,34902899328279504,199,19502,170,171.02,ADDED
2026-06-08 17:01:51,None|None|None|None|of:0000000000000002,,,,,of:0000000000000002,281475022575828,113,15764,170,171.02,ADDED
2026-06-08 17:01:51,None|None|None|None|of:0000000000000002,,,,,of:0000000000000002,281475568191580,47,4606,170,171.02,ADDED
2026-06-08 17:01:51,None|None|None|None|of:0000000000000007,,,,,of:0000000000000007,281475652364572,3,294,170,171.02,ADDED
2026-06-08 17:01:51,None|None|None|None|of:0000000000000007,,,,,of:0000000000000007,281478438392611,0,0,170,171.02,ADDED
2026-06-08 17:01:51,None|None|None|None|of:0000000000000007,,,,,of:0000000000000007,281476350262333,112,15680,170,171.02,ADDED
2026-06-08 17:01:51,None|None|None|None|of:0000000000000007,,,,,of:0000000000000007,281475000925130,112,15680,170,171.02,ADDED
2026-06-08 17:01:51,None|None|None|None|of:0000000000000008,,,,,of:0000000000000008,281476059291414,0,0,170,171.02,ADDED
2026-06-08 17:01:51,None|None|None|None|of:0000000000000008,,,,,of:0000000000000008,281476101349656,169,23548,170,171.02,ADDED
2026-06-08 17:01:51,None|None|None|None|of:0000000000000008,,,,,of:0000000000000008,281476270708671,169,23548,170,171.02,ADDED
2026-06-08 17:01:51,00:00:00:00:00:01|00:00:00:00:00:02|None|None|of:0000000000000008,00:00:00:00:00:01,00:00:00:00:00:02,,,of:0000000000000008,34902898875781211,191,18718,169,171.02,ADDED
2026-06-08 17:01:51,None|None|None|None|of:0000000000000008,,,,,of:0000000000000008,281476010895837,141,13818,170,171.02,ADDED
2026-06-08 17:01:51,None|None|None|None|of:0000000000000005,,,,,of:0000000000000005,281478762460478,0,0,170,171.02,ADDED
2026-06-08 17:01:51,None|None|None|None|of:0000000000000005,,,,,of:0000000000000005,281478211273411,112,15624,170,171.02,ADDED
2026-06-08 17:01:51,None|None|None|None|of:0000000000000005,,,,,of:0000000000000005,281475117841124,53,5194,170,171.02,ADDED
2026-06-08 17:01:51,None|None|None|None|of:0000000000000005,,,,,of:0000000000000005,281478979269874,112,15624,170,171.02,ADDED
2026-06-08 17:01:51,None|None|None|None|of:0000000000000006,,,,,of:0000000000000006,281475738574217,112,15680,170,171.02,ADDED
2026-06-08 17:01:51,None|None|None|None|of:0000000000000006,,,,,of:0000000000000006,281476873293724,112,15680,170,171.02,ADDED
2026-06-08 17:01:51,None|None|None|None|of:0000000000000006,,,,,of:0000000000000006,281475411377083,0,0,170,171.02,ADDED
2026-06-08 17:01:51,None|None|None|None|of:0000000000000006,,,,,of:0000000000000006,281478888449605,3,294,170,171.02,ADDED
2026-06-08 17:01:51,None|None|None|None|of:0000000000000009,,,,,of:0000000000000009,281478887649794,167,23269,170,171.02,ADDED
2026-06-08 17:01:51,None|None|None|None|of:0000000000000009,,,,,of:0000000000000009,281474993990194,66,6468,170,171.02,ADDED
2026-06-08 17:01:51,None|None|None|None|of:0000000000000009,,,,,of:0000000000000009,281476295891648,167,23269,170,171.02,ADDED
2026-06-08 17:01:51,None|None|None|None|of:0000000000000009,,,,,of:0000000000000009,281479019932926,0,0,170,171.02,ADDED
2026-06-08 17:01:56,None|None|None|None|of:000000000000000c,,,,,of:000000000000000c,281479100460205,346,48210,175,176.05,ADDED
2026-06-08 17:01:56,None|None|None|None|of:000000000000000c,,,,,of:000000000000000c,281475624796078,346,48210,175,176.05,ADDED
2026-06-08 17:01:56,None|None|None|None|of:000000000000000c,,,,,of:000000000000000c,281477504901495,0,0,175,176.05,ADDED
2026-06-08 17:01:56,None|None|None|None|of:000000000000000c,,,,,of:000000000000000c,281476292687096,83,8134,175,176.05,ADDED
2026-06-08 17:01:56,None|None|None|None|of:000000000000000d,,,,,of:000000000000000d,281478200287907,342,47710,175,176.05,ADDED
2026-06-08 17:01:56,None|None|None|None|of:000000000000000d,,,,,of:000000000000000d,281478788468154,83,8134,175,176.05,ADDED
2026-06-08 17:01:56,None|None|None|None|of:000000000000000d,,,,,of:000000000000000d,281478012698825,342,47710,175,176.05,ADDED
2026-06-08 17:01:56,None|None|None|None|of:000000000000000d,,,,,of:000000000000000d,281476618808057,0,0,175,176.05,ADDED
2026-06-08 17:01:56,None|None|None|None|of:000000000000000a,,,,,of:000000000000000a,281477705784245,3,294,175,176.05,ADDED
2026-06-08 17:01:56,None|None|None|None|of:000000000000000a,,,,,of:000000000000000a,281475818964416,170,23688,175,176.05,ADDED
2026-06-08 17:01:56,None|None|None|None|of:000000000000000a,,,,,of:000000000000000a,281477034268888,170,23688,175,176.05,ADDED
2026-06-08 17:01:56,None|None|None|None|of:000000000000000a,,,,,of:000000000000000a,281478593105785,0,0,175,176.05,ADDED
2026-06-08 17:01:56,None|None|None|None|of:000000000000000b,,,,,of:000000000000000b,281478277078534,101,9898,175,176.05,ADDED
2026-06-08 17:01:56,00:00:00:00:00:01|00:00:00:00:00:02|None|None|of:000000000000000b,00:00:00:00:00:01,00:00:00:00:00:02,,,of:000000000000000b,34902898369757081,175,17150,174,176.05,ADDED
2026-06-08 17:01:56,00:00:00:00:00:02|00:00:00:00:00:01|None|None|of:000000000000000b,00:00:00:00:00:02,00:00:00:00:00:01,,,of:000000000000000b,34902898247549216,172,16856,172,170.97,ADDED
2026-06-08 17:01:56,None|None|None|None|of:000000000000000b,,,,,of:000000000000000b,281476663695951,0,0,175,176.05,ADDED
2026-06-08 17:01:56,None|None|None|None|of:000000000000000b,,,,,of:000000000000000b,281476573370203,348,48488,175,176.05,ADDED
2026-06-08 17:01:56,None|None|None|None|of:000000000000000b,,,,,of:000000000000000b,281476205675487,348,48488,175,176.05,ADDED
2026-06-08 17:01:56,None|None|None|None|of:0000000000000003,,,,,of:0000000000000003,281478170942982,93,9114,175,176.05,ADDED
2026-06-08 17:01:56,00:00:00:00:00:01|00:00:00:00:00:02|None|None|of:0000000000000003,00:00:00:00:00:01,00:00:00:00:00:02,,,of:0000000000000003,34902901306865815,199,19502,175,176.05,ADDED
2026-06-08 17:01:56,None|None|None|None|of:0000000000000003,,,,,of:0000000000000003,281476661728682,116,16182,175,176.05,ADDED
2026-06-08 17:01:56,None|None|None|None|of:0000000000000003,,,,,of:0000000000000003,281477764386537,0,0,175,176.05,ADDED
2026-06-08 17:01:56,None|None|None|None|of:0000000000000003,,,,,of:0000000000000003,281476156249461,116,16182,175,176.05,ADDED
2026-06-08 17:01:56,None|None|None|None|of:0000000000000004,,,,,of:0000000000000004,281475616213265,114,15902,175,176.05,ADDED
2026-06-08 17:01:56,None|None|None|None|of:0000000000000004,,,,,of:0000000000000004,281475265228006,0,0,175,176.05,ADDED
2026-06-08 17:01:56,None|None|None|None|of:0000000000000004,,,,,of:0000000000000004,281477141311986,88,8624,175,176.05,ADDED
2026-06-08 17:01:56,None|None|None|None|of:0000000000000004,,,,,of:0000000000000004,281476729151998,114,15902,175,176.05,ADDED
2026-06-08 17:01:56,None|None|None|None|of:0000000000000001,,,,,of:0000000000000001,281478909873038,0,0,175,176.05,ADDED
2026-06-08 17:01:56,00:00:00:00:00:01|00:00:00:00:00:02|None|None|of:0000000000000001,00:00:00:00:00:01,00:00:00:00:00:02,,,of:0000000000000001,34902899196753573,174,17052,174,176.05,ADDED
2026-06-08 17:01:56,00:00:00:00:00:02|00:00:00:00:00:01|None|None|of:0000000000000001,00:00:00:00:00:02,00:00:00:00:00:01,,,of:0000000000000001,34902898986035913,184,18032,174,176.05,ADDED
2026-06-08 17:01:56,None|None|None|None|of:0000000000000001,,,,,of:0000000000000001,281477466379610,172,24080,175,176.05,ADDED
2026-06-08 17:01:56,None|None|None|None|of:0000000000000001,,,,,of:0000000000000001,281475012051420,76,7448,175,176.05,ADDED
2026-06-08 17:01:56,None|None|None|None|of:0000000000000001,,,,,of:0000000000000001,281477029321583,172,24080,175,176.05,ADDED
2026-06-08 17:01:56,None|None|None|None|of:0000000000000002,,,,,of:0000000000000002,281478316350853,0,0,175,176.05,ADDED
2026-06-08 17:01:56,None|None|None|None|of:0000000000000002,,,,,of:0000000000000002,281478673389323,116,16182,175,176.05,ADDED
2026-06-08 17:01:56,00:00:00:00:00:02|00:00:00:00:00:01|None|None|of:0000000000000002,00:00:00:00:00:02,00:00:00:00:00:01,,,of:0000000000000002,34902898441429785,172,16856,172,170.97,ADDED
2026-06-08 17:01:56,00:00:00:00:00:01|00:00:00:00:00:02|None|None|of:0000000000000002,00:00:00:00:00:01,00:00:00:00:00:02,,,of:0000000000000002,34902899328279504,204,19992,175,176.05,ADDED
2026-06-08 17:01:56,None|None|None|None|of:0000000000000002,,,,,of:0000000000000002,281475022575828,116,16182,175,176.05,ADDED
2026-06-08 17:01:56,None|None|None|None|of:0000000000000002,,,,,of:0000000000000002,281475568191580,47,4606,175,176.05,ADDED
2026-06-08 17:01:56,None|None|None|None|of:0000000000000007,,,,,of:0000000000000007,281475652364572,3,294,175,176.05,ADDED
2026-06-08 17:01:56,None|None|None|None|of:0000000000000007,,,,,of:0000000000000007,281478438392611,0,0,175,176.05,ADDED
2026-06-08 17:01:56,None|None|None|None|of:0000000000000007,,,,,of:0000000000000007,281476350262333,116,16240,175,176.05,ADDED
2026-06-08 17:01:56,None|None|None|None|of:0000000000000007,,,,,of:0000000000000007,281475000925130,116,16240,175,176.05,ADDED
2026-06-08 17:01:56,None|None|None|None|of:0000000000000008,,,,,of:0000000000000008,281476059291414,0,0,175,176.05,ADDED
2026-06-08 17:01:56,None|None|None|None|of:0000000000000008,,,,,of:0000000000000008,281476101349656,174,24244,175,176.05,ADDED
2026-06-08 17:01:56,None|None|None|None|of:0000000000000008,,,,,of:0000000000000008,281476270708671,174,24244,175,176.05,ADDED
2026-06-08 17:01:56,00:00:00:00:00:01|00:00:00:00:00:02|None|None|of:0000000000000008,00:00:00:00:00:01,00:00:00:00:00:02,,,of:0000000000000008,34902898875781211,196,19208,174,176.05,ADDED
2026-06-08 17:01:56,None|None|None|None|of:0000000000000008,,,,,of:0000000000000008,281476010895837,141,13818,175,176.05,ADDED
2026-06-08 17:01:56,None|None|None|None|of:0000000000000005,,,,,of:0000000000000005,281478762460478,0,0,175,176.05,ADDED
2026-06-08 17:01:56,None|None|None|None|of:0000000000000005,,,,,of:0000000000000005,281478211273411,116,16182,175,176.05,ADDED
2026-06-08 17:01:56,None|None|None|None|of:0000000000000005,,,,,of:0000000000000005,281475117841124,53,5194,175,176.05,ADDED
2026-06-08 17:01:56,None|None|None|None|of:0000000000000005,,,,,of:0000000000000005,281478979269874,116,16182,175,176.05,ADDED
2026-06-08 17:01:56,None|None|None|None|of:0000000000000006,,,,,of:0000000000000006,281475738574217,116,16240,175,176.05,ADDED
2026-06-08 17:01:56,None|None|None|None|of:0000000000000006,,,,,of:0000000000000006,281476873293724,116,16240,175,176.05,ADDED
2026-06-08 17:01:56,None|None|None|None|of:0000000000000006,,,,,of:0000000000000006,281475411377083,0,0,175,176.05,ADDED
2026-06-08 17:01:56,None|None|None|None|of:0000000000000006,,,,,of:0000000000000006,281478888449605,3,294,175,176.05,ADDED
2026-06-08 17:01:56,None|None|None|None|of:0000000000000009,,,,,of:0000000000000009,281478887649794,171,23826,175,176.05,ADDED
2026-06-08 17:01:56,None|None|None|None|of:0000000000000009,,,,,of:0000000000000009,281474993990194,66,6468,175,176.05,ADDED
2026-06-08 17:01:56,None|None|None|None|of:0000000000000009,,,,,of:0000000000000009,281476295891648,171,23826,175,176.05,ADDED
2026-06-08 17:01:56,None|None|None|None|of:0000000000000009,,,,,of:0000000000000009,281479019932926,0,0,175,176.05,ADDED
2026-06-08 17:02:01,None|None|None|None|of:000000000000000c,,,,,of:000000000000000c,281479100460205,358,49882,180,181.07,ADDED
2026-06-08 17:02:01,None|None|None|None|of:000000000000000c,,,,,of:000000000000000c,281475624796078,358,49882,180,181.07,ADDED
2026-06-08 17:02:01,None|None|None|None|of:000000000000000c,,,,,of:000000000000000c,281477504901495,0,0,180,181.07,ADDED
2026-06-08 17:02:01,None|None|None|None|of:000000000000000c,,,,,of:000000000000000c,281476292687096,83,8134,180,181.07,ADDED
2026-06-08 17:02:01,None|None|None|None|of:000000000000000d,,,,,of:000000000000000d,281478200287907,354,49384,180,181.07,ADDED
2026-06-08 17:02:01,None|None|None|None|of:000000000000000d,,,,,of:000000000000000d,281478788468154,83,8134,180,181.07,ADDED
2026-06-08 17:02:01,None|None|None|None|of:000000000000000d,,,,,of:000000000000000d,281478012698825,354,49384,180,181.07,ADDED
2026-06-08 17:02:01,None|None|None|None|of:000000000000000d,,,,,of:000000000000000d,281476618808057,0,0,180,181.07,ADDED
2026-06-08 17:02:01,None|None|None|None|of:000000000000000a,,,,,of:000000000000000a,281477705784245,3,294,180,181.07,ADDED
2026-06-08 17:02:01,None|None|None|None|of:000000000000000a,,,,,of:000000000000000a,281475818964416,176,24524,180,181.07,ADDED
2026-06-08 17:02:01,None|None|None|None|of:000000000000000a,,,,,of:000000000000000a,281477034268888,176,24524,180,181.07,ADDED
2026-06-08 17:02:01,None|None|None|None|of:000000000000000a,,,,,of:000000000000000a,281478593105785,0,0,180,181.07,ADDED
2026-06-08 17:02:01,None|None|None|None|of:000000000000000b,,,,,of:000000000000000b,281478277078534,101,9898,180,181.07,ADDED
2026-06-08 17:02:01,00:00:00:00:00:01|00:00:00:00:00:02|None|None|of:000000000000000b,00:00:00:00:00:01,00:00:00:00:00:02,,,of:000000000000000b,34902898369757081,180,17640,179,181.07,ADDED
2026-06-08 17:02:01,00:00:00:00:00:02|00:00:00:00:00:01|None|None|of:000000000000000b,00:00:00:00:00:02,00:00:00:00:00:01,,,of:000000000000000b,34902898247549216,177,17346,177,175.99,ADDED
2026-06-08 17:02:01,None|None|None|None|of:000000000000000b,,,,,of:000000000000000b,281476663695951,0,0,180,181.07,ADDED
2026-06-08 17:02:01,None|None|None|None|of:000000000000000b,,,,,of:000000000000000b,281476573370203,360,50160,180,181.07,ADDED
2026-06-08 17:02:01,None|None|None|None|of:000000000000000b,,,,,of:000000000000000b,281476205675487,360,50160,180,181.07,ADDED
2026-06-08 17:02:01,None|None|None|None|of:0000000000000003,,,,,of:0000000000000003,281478170942982,93,9114,180,181.07,ADDED
2026-06-08 17:02:01,00:00:00:00:00:01|00:00:00:00:00:02|None|None|of:0000000000000003,00:00:00:00:00:01,00:00:00:00:00:02,,,of:0000000000000003,34902901306865815,204,19992,180,181.07,ADDED
2026-06-08 17:02:01,None|None|None|None|of:0000000000000003,,,,,of:0000000000000003,281476661728682,120,16740,180,181.07,ADDED
2026-06-08 17:02:01,None|None|None|None|of:0000000000000003,,,,,of:0000000000000003,281477764386537,0,0,180,181.07,ADDED
2026-06-08 17:02:01,None|None|None|None|of:0000000000000003,,,,,of:0000000000000003,281476156249461,120,16740,180,181.07,ADDED
2026-06-08 17:02:01,None|None|None|None|of:0000000000000004,,,,,of:0000000000000004,281475616213265,118,16460,180,181.07,ADDED
2026-06-08 17:02:01,None|None|None|None|of:0000000000000004,,,,,of:0000000000000004,281475265228006,0,0,180,181.07,ADDED
2026-06-08 17:02:01,None|None|None|None|of:0000000000000004,,,,,of:0000000000000004,281477141311986,88,8624,180,181.07,ADDED
2026-06-08 17:02:01,None|None|None|None|of:0000000000000004,,,,,of:0000000000000004,281476729151998,118,16460,180,181.07,ADDED
2026-06-08 17:02:01,None|None|None|None|of:0000000000000001,,,,,of:0000000000000001,281478909873038,0,0,180,181.07,ADDED
2026-06-08 17:02:01,00:00:00:00:00:01|00:00:00:00:00:02|None|None|of:0000000000000001,00:00:00:00:00:01,00:00:00:00:00:02,,,of:0000000000000001,34902899196753573,179,17542,179,181.07,ADDED
2026-06-08 17:02:01,00:00:00:00:00:02|00:00:00:00:00:01|None|None|of:0000000000000001,00:00:00:00:00:02,00:00:00:00:00:01,,,of:0000000000000001,34902898986035913,189,18522,179,181.07,ADDED
2026-06-08 17:02:01,None|None|None|None|of:0000000000000001,,,,,of:0000000000000001,281477466379610,178,24920,180,181.07,ADDED
2026-06-08 17:02:01,None|None|None|None|of:0000000000000001,,,,,of:0000000000000001,281475012051420,76,7448,180,181.07,ADDED
2026-06-08 17:02:01,None|None|None|None|of:0000000000000001,,,,,of:0000000000000001,281477029321583,178,24920,180,181.07,ADDED
2026-06-08 17:02:01,None|None|None|None|of:0000000000000002,,,,,of:0000000000000002,281478316350853,0,0,180,181.07,ADDED
2026-06-08 17:02:01,None|None|None|None|of:0000000000000002,,,,,of:0000000000000002,281478673389323,120,16740,180,181.07,ADDED
2026-06-08 17:02:01,00:00:00:00:00:02|00:00:00:00:00:01|None|None|of:0000000000000002,00:00:00:00:00:02,00:00:00:00:00:01,,,of:0000000000000002,34902898441429785,177,17346,177,175.99,ADDED
2026-06-08 17:02:01,00:00:00:00:00:01|00:00:00:00:00:02|None|None|of:0000000000000002,00:00:00:00:00:01,00:00:00:00:00:02,,,of:0000000000000002,34902899328279504,209,20482,180,181.07,ADDED
2026-06-08 17:02:01,None|None|None|None|of:0000000000000002,,,,,of:0000000000000002,281475022575828,120,16740,180,181.07,ADDED
2026-06-08 17:02:01,None|None|None|None|of:0000000000000002,,,,,of:0000000000000002,281475568191580,47,4606,180,181.07,ADDED
2026-06-08 17:02:01,None|None|None|None|of:0000000000000007,,,,,of:0000000000000007,281475652364572,3,294,180,181.07,ADDED
2026-06-08 17:02:01,None|None|None|None|of:0000000000000007,,,,,of:0000000000000007,281478438392611,0,0,180,181.07,ADDED
2026-06-08 17:02:01,None|None|None|None|of:0000000000000007,,,,,of:0000000000000007,281476350262333,120,16800,180,181.07,ADDED
2026-06-08 17:02:01,None|None|None|None|of:0000000000000007,,,,,of:0000000000000007,281475000925130,120,16800,180,181.07,ADDED
2026-06-08 17:02:01,None|None|None|None|of:0000000000000008,,,,,of:0000000000000008,281476059291414,0,0,180,181.07,ADDED
2026-06-08 17:02:01,None|None|None|None|of:0000000000000008,,,,,of:0000000000000008,281476101349656,180,25080,180,181.07,ADDED
2026-06-08 17:02:01,None|None|None|None|of:0000000000000008,,,,,of:0000000000000008,281476270708671,180,25080,180,181.07,ADDED
2026-06-08 17:02:01,00:00:00:00:00:01|00:00:00:00:00:02|None|None|of:0000000000000008,00:00:00:00:00:01,00:00:00:00:00:02,,,of:0000000000000008,34902898875781211,201,19698,179,181.07,ADDED
2026-06-08 17:02:01,None|None|None|None|of:0000000000000008,,,,,of:0000000000000008,281476010895837,141,13818,180,181.07,ADDED
2026-06-08 17:02:01,None|None|None|None|of:0000000000000005,,,,,of:0000000000000005,281478762460478,0,0,180,181.07,ADDED
2026-06-08 17:02:01,None|None|None|None|of:0000000000000005,,,,,of:0000000000000005,281478211273411,120,16740,180,181.07,ADDED
2026-06-08 17:02:01,None|None|None|None|of:0000000000000005,,,,,of:0000000000000005,281475117841124,53,5194,180,181.07,ADDED
2026-06-08 17:02:01,None|None|None|None|of:0000000000000005,,,,,of:0000000000000005,281478979269874,120,16740,180,181.07,ADDED
2026-06-08 17:02:01,None|None|None|None|of:0000000000000006,,,,,of:0000000000000006,281475738574217,120,16800,180,181.07,ADDED
2026-06-08 17:02:01,None|None|None|None|of:0000000000000006,,,,,of:0000000000000006,281476873293724,120,16800,180,181.07,ADDED
2026-06-08 17:02:01,None|None|None|None|of:0000000000000006,,,,,of:0000000000000006,281475411377083,0,0,180,181.07,ADDED
2026-06-08 17:02:01,None|None|None|None|of:0000000000000006,,,,,of:0000000000000006,281478888449605,3,294,180,181.07,ADDED
2026-06-08 17:02:01,None|None|None|None|of:0000000000000009,,,,,of:0000000000000009,281478887649794,177,24662,180,181.07,ADDED
2026-06-08 17:02:01,None|None|None|None|of:0000000000000009,,,,,of:0000000000000009,281474993990194,66,6468,180,181.07,ADDED
2026-06-08 17:02:01,None|None|None|None|of:0000000000000009,,,,,of:0000000000000009,281476295891648,177,24662,180,181.07,ADDED
2026-06-08 17:02:01,None|None|None|None|of:0000000000000009,,,,,of:0000000000000009,281479019932926,0,0,180,181.07,ADDED
