timestep,action_taken,sel_ip_hosts,c_ip_hosts,ip_top1_host,ip_top1_score,ip_top1_r_i,ip_top1_T_i,ip_top1_kappa,ip_top1_A_i,ip_mean_score,ip_mean_r_i,ip_mean_T_i,ip_mean_kappa,sel_rrm_pairs,c_rrm_pairs,rrm_top1_pair,rrm_top1_score,rrm_top1_r_f,rrm_top1_phi_f,rrm_top1_kappa_f,rrm_top1_A_f,rrm_mean_score,rrm_mean_r_f,rrm_mean_phi_f,rrm_mean_kappa_f
0,route,none,none,h30,-0.13636,0.0,0.0,0.76,10,-0.22329,0.0,0.0,0.535,h1-h30;h1-h31;h1-h32,h1-h30;h1-h31;h1-h32;h1-h33;h1-h34;h1-h35;h1-h36;h1-h37;h1-h38;h1-h39,h1-h30,1.42,0.0,1.0,0.705,0,1.42,0.0,1.0,0.5925
6,route,none,none,h30,-0.13636,0.0,0.0,0.76,10,-0.18788,0.0,0.0,0.535,h1-h31;h1-h30;h1-h32,h1-h31;h1-h30;h1-h32;h1-h33;h1-h34;h1-h35;h1-h36;h1-h37;h1-h38;h1-h39,h1-h31,1.9,0.05556,1.0,0.39,1,1.55425,0.01667,1.0,0.5925
12,route,none,none,h30,-0.13636,0.0,0.0,0.76,10,-0.16704,0.0,0.0,0.535,h1-h32;h1-h30;h1-h31,h1-h32;h1-h30;h1-h31;h1-h33;h1-h34;h1-h35;h1-h36;h1-h37;h1-h38;h1-h39,h1-h32,2.025,0.11111,1.0,0.57,1,1.582,0.03333,1.0,0.5925
18,route,none,none,h30,-0.13636,0.0,0.0,0.76,10,-0.15272,0.0,0.0,0.535,h1-h30;h1-h31;h1-h32,h1-h30;h1-h31;h1-h32;h1-h33;h1-h34;h1-h35;h1-h36;h1-h37;h1-h38;h1-h39,h1-h30,2.0975,0.16667,1.0,0.705,1,1.60975,0.05,1.0,0.5925
24,route,none,none,h30,-0.13636,0.0,0.0,0.76,10,-0.14772,0.0,0.0,0.535,h1-h30;h1-h32;h1-h31,h1-h30;h1-h32;h1-h31;h1-h33;h1-h34;h1-h35;h1-h36;h1-h37;h1-h38;h1-h39,h1-h30,2.305,0.22222,1.0,0.705,1,1.6465,0.06667,1.0,0.5925
30,route,none,none,h30,-0.13636,0.0,0.0,0.76,10,-0.14415,0.0,0.0,0.535,h1-h30;h1-h32;h1-h31,h1-h30;h1-h32;h1-h31;h1-h33;h1-h34;h1-h35;h1-h36;h1-h37;h1-h38;h1-h39,h1-h30,2.4225,0.27778,1.0,0.705,1,1.66525,0.08333,1.0,0.5925
36,route,none,none,h30,-0.13636,0.0,0.0,0.76,10,-0.14147,0.0,0.0,0.535,h1-h30;h1-h32;h1-h31,h1-h30;h1-h32;h1-h31;h1-h33;h1-h34;h1-h35;h1-h36;h1-h37;h1-h38;h1-h39,h1-h30,2.45,0.33333,1.0,0.705,1,1.693,0.1,1.0,0.5925
42,route,none,none,h30,-0.13636,0.0,0.0,0.76,10,-0.13939,0.0,0.0,0.535,h1-h30;h1-h32;h1-h31,h1-h30;h1-h32;h1-h31;h1-h33;h1-h34;h1-h35;h1-h36;h1-h37;h1-h38;h1-h39,h1-h30,2.6575,0.38889,1.0,0.705,1,1.72975,0.11667,1.0,0.5925
48,route,none,none,h30,-0.13636,0.0,0.0,0.76,10,-0.13772,0.0,0.0,0.535,h1-h30;h1-h32;h1-h31,h1-h30;h1-h32;h1-h31;h1-h33;h1-h34;h1-h35;h1-h36;h1-h37;h1-h38;h1-h39,h1-h30,2.775,0.44444,1.0,0.705,1,1.7485,0.13333,1.0,0.5925
54,route,none,none,h30,-0.13636,0.0,0.0,0.76,10,-0.13636,0.0,0.0,0.535,h1-h30;h1-h32;h1-h31,h1-h30;h1-h32;h1-h31;h1-h33;h1-h34;h1-h35;h1-h36;h1-h37;h1-h38;h1-h39,h1-h30,2.8925,0.5,1.0,0.705,1,1.79775,0.15,1.0,0.5925
60,route,none,none,h30,-0.13636,0.0,0.0,0.76,10,-0.13636,0.0,0.0,0.535,h1-h30;h1-h32;h1-h31,h1-h30;h1-h32;h1-h31;h1-h33;h1-h34;h1-h35;h1-h36;h1-h37;h1-h38;h1-h39,h1-h30,2.8025,0.5,1.0,0.705,1,1.77625,0.15,1.0,0.5925
66,route,none,none,h30,-0.13636,0.0,0.0,0.76,10,-0.13636,0.0,0.0,0.535,h1-h30;h1-h32;h1-h31,h1-h30;h1-h32;h1-h31;h1-h33;h1-h34;h1-h35;h1-h36;h1-h37;h1-h38;h1-h39,h1-h30,2.8025,0.5,1.0,0.705,1,1.76725,0.15,1.0,0.5925
72,route,none,none,h30,-0.13636,0.0,0.0,0.76,10,-0.13636,0.0,0.0,0.535,h1-h30;h1-h32;h1-h31,h1-h30;h1-h32;h1-h31;h1-h33;h1-h34;h1-h35;h1-h36;h1-h37;h1-h38;h1-h39,h1-h30,2.8025,0.5,1.0,0.705,1,1.76725,0.15,1.0,0.5925
78,route,none,none,h30,-0.13636,0.0,0.0,0.76,10,-0.13636,0.0,0.0,0.535,h1-h30;h1-h32;h1-h31,h1-h30;h1-h32;h1-h31;h1-h33;h1-h34;h1-h35;h1-h36;h1-h37;h1-h38;h1-h39,h1-h30,2.8025,0.5,1.0,0.705,1,1.76725,0.15,1.0,0.5925
84,route,none,none,h30,-0.13636,0.0,0.0,0.76,10,-0.13636,0.0,0.0,0.535,h1-h30;h1-h32;h1-h31,h1-h30;h1-h32;h1-h31;h1-h33;h1-h34;h1-h35;h1-h36;h1-h37;h1-h38;h1-h39,h1-h30,2.8025,0.5,1.0,0.705,1,1.77975,0.15,1.0,0.5925
90,route,none,none,h30,-0.13636,0.0,0.0,0.76,10,-0.13636,0.0,0.0,0.535,h1-h30;h1-h32;h1-h31,h1-h30;h1-h32;h1-h31;h1-h33;h1-h34;h1-h35;h1-h36;h1-h37;h1-h38;h1-h39,h1-h30,2.8025,0.5,1.0,0.705,1,1.76725,0.15,1.0,0.5925
96,route,none,none,h30,-0.13636,0.0,0.0,0.76,10,-0.13636,0.0,0.0,0.535,h1-h30;h1-h32;h1-h31,h1-h30;h1-h32;h1-h31;h1-h33;h1-h34;h1-h35;h1-h36;h1-h37;h1-h38;h1-h39,h1-h30,2.8025,0.5,1.0,0.705,1,1.77625,0.15,1.0,0.5925
102,route,none,none,h30,-0.13636,0.0,0.0,0.76,10,-0.13636,0.0,0.0,0.535,h1-h30;h1-h32;h1-h31,h1-h30;h1-h32;h1-h31;h1-h33;h1-h34;h1-h35;h1-h36;h1-h37;h1-h38;h1-h39,h1-h30,2.8925,0.5,1.0,0.705,1,1.78525,0.15,1.0,0.5925
108,route,none,none,h30,-0.13636,0.0,0.0,0.76,10,-0.13636,0.0,0.0,0.535,h1-h30;h1-h32;h1-h31,h1-h30;h1-h32;h1-h31;h1-h33;h1-h34;h1-h35;h1-h36;h1-h37;h1-h38;h1-h39,h1-h30,2.8925,0.5,1.0,0.705,1,1.78525,0.15,1.0,0.5925
114,route,none,none,h30,-0.13636,0.0,0.0,0.76,10,-0.13636,0.0,0.0,0.535,h1-h30;h1-h32;h1-h31,h1-h30;h1-h32;h1-h31;h1-h33;h1-h34;h1-h35;h1-h36;h1-h37;h1-h38;h1-h39,h1-h30,2.8025,0.5,1.0,0.705,1,1.78525,0.15,1.0,0.5925
120,route,none,none,h30,-0.13636,0.0,0.0,0.76,10,-0.13636,0.0,0.0,0.535,h1-h30;h1-h32;h1-h31,h1-h30;h1-h32;h1-h31;h1-h33;h1-h34;h1-h35;h1-h36;h1-h37;h1-h38;h1-h39,h1-h30,2.8025,0.5,1.0,0.705,1,1.76725,0.15,1.0,0.5925
126,route,none,none,h30,-0.13636,0.0,0.0,0.76,10,-0.13636,0.0,0.0,0.535,h1-h30;h1-h32;h1-h31,h1-h30;h1-h32;h1-h31;h1-h33;h1-h34;h1-h35;h1-h36;h1-h37;h1-h38;h1-h39,h1-h30,2.8025,0.5,1.0,0.705,1,1.77625,0.15,1.0,0.5925
132,route,none,none,h30,-0.13636,0.0,0.0,0.76,10,-0.13636,0.0,0.0,0.535,h1-h30;h1-h32;h1-h31,h1-h30;h1-h32;h1-h31;h1-h33;h1-h34;h1-h35;h1-h36;h1-h37;h1-h38;h1-h39,h1-h30,2.8025,0.5,1.0,0.705,1,1.77625,0.15,1.0,0.5925
138,route,none,none,h30,-0.13636,0.0,0.0,0.76,10,-0.13636,0.0,0.0,0.535,h1-h30;h1-h32;h1-h31,h1-h30;h1-h32;h1-h31;h1-h33;h1-h34;h1-h35;h1-h36;h1-h37;h1-h38;h1-h39,h1-h30,2.8025,0.5,1.0,0.705,1,1.78525,0.15,1.0,0.5925
144,route,none,none,h30,-0.13636,0.0,0.0,0.76,10,-0.13636,0.0,0.0,0.535,h1-h30;h1-h32;h1-h31,h1-h30;h1-h32;h1-h31;h1-h33;h1-h34;h1-h35;h1-h36;h1-h37;h1-h38;h1-h39,h1-h30,2.8025,0.5,1.0,0.705,1,1.76725,0.15,1.0,0.5925
150,route,none,none,h30,-0.13636,0.0,0.0,0.76,10,-0.13636,0.0,0.0,0.535,h1-h30;h1-h32;h1-h31,h1-h30;h1-h32;h1-h31;h1-h33;h1-h34;h1-h35;h1-h36;h1-h37;h1-h38;h1-h39,h1-h30,2.8025,0.5,1.0,0.705,1,1.77625,0.15,1.0,0.5925
156,route,none,none,h30,-0.13636,0.0,0.0,0.76,10,-0.13636,0.0,0.0,0.535,h1-h30;h1-h32;h1-h31,h1-h30;h1-h32;h1-h31;h1-h33;h1-h34;h1-h35;h1-h36;h1-h37;h1-h38;h1-h39,h1-h30,2.8025,0.5,1.0,0.705,1,1.77625,0.15,1.0,0.5925
162,route,none,none,h30,-0.13636,0.0,0.0,0.76,10,-0.13636,0.0,0.0,0.535,h1-h30;h1-h32;h1-h31,h1-h30;h1-h32;h1-h31;h1-h33;h1-h34;h1-h35;h1-h36;h1-h37;h1-h38;h1-h39,h1-h30,2.8025,0.5,1.0,0.705,1,1.76725,0.15,1.0,0.5925
168,route,none,none,h30,-0.13636,0.0,0.0,0.76,10,-0.13636,0.0,0.0,0.535,h1-h30;h1-h32;h1-h31,h1-h30;h1-h32;h1-h31;h1-h33;h1-h34;h1-h35;h1-h36;h1-h37;h1-h38;h1-h39,h1-h30,2.8025,0.5,1.0,0.705,1,1.77625,0.15,1.0,0.5925
174,route,none,none,h30,-0.13636,0.0,0.0,0.76,10,-0.13636,0.0,0.0,0.535,h1-h30;h1-h32;h1-h31,h1-h30;h1-h32;h1-h31;h1-h33;h1-h34;h1-h35;h1-h36;h1-h37;h1-h38;h1-h39,h1-h30,2.8025,0.5,1.0,0.705,1,1.78525,0.15,1.0,0.5925
180,route,none,none,h30,-0.13636,0.0,0.0,0.76,10,-0.13636,0.0,0.0,0.535,h1-h32;h1-h30;h1-h31,h1-h32;h1-h30;h1-h31;h1-h33;h1-h34;h1-h35;h1-h36;h1-h37;h1-h38;h1-h39,h1-h32,2.815,0.5,1.0,0.57,2,1.79775,0.15,1.0,0.5925
186,route,none,none,h30,-0.13636,0.0,0.0,0.76,10,-0.13636,0.0,0.0,0.535,h1-h30;h1-h32;h1-h31,h1-h30;h1-h32;h1-h31;h1-h33;h1-h34;h1-h35;h1-h36;h1-h37;h1-h38;h1-h39,h1-h30,2.8925,0.5,1.0,0.705,1,1.77625,0.15,1.0,0.5925
192,route,none,none,h30,-0.13636,0.0,0.0,0.76,10,-0.13636,0.0,0.0,0.535,h1-h30;h1-h32;h1-h31,h1-h30;h1-h32;h1-h31;h1-h33;h1-h34;h1-h35;h1-h36;h1-h37;h1-h38;h1-h39,h1-h30,2.8025,0.5,1.0,0.705,1,1.76725,0.15,1.0,0.5925
198,route,none,none,h30,-0.13636,0.0,0.0,0.76,10,-0.13636,0.0,0.0,0.535,h1-h30;h1-h32;h1-h31,h1-h30;h1-h32;h1-h31;h1-h33;h1-h34;h1-h35;h1-h36;h1-h37;h1-h38;h1-h39,h1-h30,2.8025,0.5,1.0,0.705,1,1.76725,0.15,1.0,0.5925
204,route,none,none,h30,-0.13636,0.0,0.0,0.76,10,-0.13636,0.0,0.0,0.535,h1-h30;h1-h32;h1-h31,h1-h30;h1-h32;h1-h31;h1-h33;h1-h34;h1-h35;h1-h36;h1-h37;h1-h38;h1-h39,h1-h30,2.8025,0.5,1.0,0.705,1,1.77625,0.15,1.0,0.5925
210,route,none,none,h30,-0.13636,0.0,0.0,0.76,10,-0.13636,0.0,0.0,0.535,h1-h30;h1-h32;h1-h31,h1-h30;h1-h32;h1-h31;h1-h33;h1-h34;h1-h35;h1-h36;h1-h37;h1-h38;h1-h39,h1-h30,2.8025,0.5,1.0,0.705,1,1.77625,0.15,1.0,0.5925
216,route,none,none,h30,-0.13636,0.0,0.0,0.76,10,-0.13636,0.0,0.0,0.535,h1-h30;h1-h32;h1-h31,h1-h30;h1-h32;h1-h31;h1-h33;h1-h34;h1-h35;h1-h36;h1-h37;h1-h38;h1-h39,h1-h30,2.8025,0.5,1.0,0.705,1,1.78525,0.15,1.0,0.5925
222,route,none,none,h30,-0.13636,0.0,0.0,0.76,10,-0.13636,0.0,0.0,0.535,h1-h30;h1-h32;h1-h31,h1-h30;h1-h32;h1-h31;h1-h33;h1-h34;h1-h35;h1-h36;h1-h37;h1-h38;h1-h39,h1-h30,2.8025,0.5,1.0,0.705,1,1.78525,0.15,1.0,0.5925
228,route,none,none,h30,-0.13636,0.0,0.0,0.76,10,-0.13636,0.0,0.0,0.535,h1-h30;h1-h32;h1-h31,h1-h30;h1-h32;h1-h31;h1-h33;h1-h34;h1-h35;h1-h36;h1-h37;h1-h38;h1-h39,h1-h30,2.8925,0.5,1.0,0.705,1,1.78525,0.15,1.0,0.5925
234,route,none,none,h30,-0.13636,0.0,0.0,0.76,10,-0.13636,0.0,0.0,0.535,h1-h30;h1-h32;h1-h31,h1-h30;h1-h32;h1-h31;h1-h33;h1-h34;h1-h35;h1-h36;h1-h37;h1-h38;h1-h39,h1-h30,2.8025,0.5,1.0,0.705,1,1.78525,0.15,1.0,0.5925
240,route,none,none,h30,-0.13636,0.0,0.0,0.76,10,-0.13636,0.0,0.0,0.535,h1-h30;h1-h32;h1-h31,h1-h30;h1-h32;h1-h31;h1-h33;h1-h34;h1-h35;h1-h36;h1-h37;h1-h38;h1-h39,h1-h30,2.8025,0.5,1.0,0.705,1,1.76725,0.15,1.0,0.5925
246,route,none,none,h30,-0.13636,0.0,0.0,0.76,10,-0.13636,0.0,0.0,0.535,h1-h30;h1-h32;h1-h31,h1-h30;h1-h32;h1-h31;h1-h33;h1-h34;h1-h35;h1-h36;h1-h37;h1-h38;h1-h39,h1-h30,2.8025,0.5,1.0,0.705,1,1.77625,0.15,1.0,0.5925
252,route,none,none,h30,-0.13636,0.0,0.0,0.76,10,-0.13636,0.0,0.0,0.535,h1-h30;h1-h32;h1-h31,h1-h30;h1-h32;h1-h31;h1-h33;h1-h34;h1-h35;h1-h36;h1-h37;h1-h38;h1-h39,h1-h30,2.8925,0.5,1.0,0.705,1,1.78875,0.15,1.0,0.5925
258,route,none,none,h30,-0.13636,0.0,0.0,0.76,10,-0.13636,0.0,0.0,0.535,h1-h30;h1-h32;h1-h31,h1-h30;h1-h32;h1-h31;h1-h33;h1-h34;h1-h35;h1-h36;h1-h37;h1-h38;h1-h39,h1-h30,2.8025,0.5,1.0,0.705,1,1.78525,0.15,1.0,0.5925
264,route,none,none,h30,-0.13636,0.0,0.0,0.76,10,-0.13636,0.0,0.0,0.535,h1-h30;h1-h32;h1-h31,h1-h30;h1-h32;h1-h31;h1-h33;h1-h34;h1-h35;h1-h36;h1-h37;h1-h38;h1-h39,h1-h30,2.8025,0.5,1.0,0.705,1,1.77625,0.15,1.0,0.5925
270,route,none,none,h30,-0.13636,0.0,0.0,0.76,10,-0.13636,0.0,0.0,0.535,h1-h30;h1-h32;h1-h31,h1-h30;h1-h32;h1-h31;h1-h33;h1-h34;h1-h35;h1-h36;h1-h37;h1-h38;h1-h39,h1-h30,2.8025,0.5,1.0,0.705,1,1.76725,0.15,1.0,0.5925
276,route,none,none,h30,-0.13636,0.0,0.0,0.76,10,-0.13636,0.0,0.0,0.535,h1-h30;h1-h32;h1-h31,h1-h30;h1-h32;h1-h31;h1-h33;h1-h34;h1-h35;h1-h36;h1-h37;h1-h38;h1-h39,h1-h30,2.8925,0.5,1.0,0.705,1,1.78525,0.15,1.0,0.5925
282,route,none,none,h30,-0.13636,0.0,0.0,0.76,10,-0.13636,0.0,0.0,0.535,h1-h30;h1-h32;h1-h31,h1-h30;h1-h32;h1-h31;h1-h33;h1-h34;h1-h35;h1-h36;h1-h37;h1-h38;h1-h39,h1-h30,2.8025,0.5,1.0,0.705,1,1.77625,0.15,1.0,0.5925
288,route,none,none,h30,-0.13636,0.0,0.0,0.76,10,-0.13636,0.0,0.0,0.535,h1-h30;h1-h32;h1-h31,h1-h30;h1-h32;h1-h31;h1-h33;h1-h34;h1-h35;h1-h36;h1-h37;h1-h38;h1-h39,h1-h30,2.8025,0.5,1.0,0.705,1,1.77625,0.15,1.0,0.5925
294,route,none,none,h30,-0.13636,0.0,0.0,0.76,10,-0.13636,0.0,0.0,0.535,h1-h30;h1-h32;h1-h31,h1-h30;h1-h32;h1-h31;h1-h33;h1-h34;h1-h35;h1-h36;h1-h37;h1-h38;h1-h39,h1-h30,2.8025,0.5,1.0,0.705,1,1.77625,0.15,1.0,0.5925
300,route,none,none,h30,-0.13636,0.0,0.0,0.76,10,-0.13636,0.0,0.0,0.535,h1-h32;h1-h30;h1-h31,h1-h32;h1-h30;h1-h31;h1-h33;h1-h34;h1-h35;h1-h36;h1-h37;h1-h38;h1-h39,h1-h32,2.815,0.5,1.0,0.57,2,1.78875,0.15,1.0,0.5925
306,route,none,none,h30,-0.13636,0.0,0.0,0.76,10,-0.13636,0.0,0.0,0.535,h1-h30;h1-h32;h1-h31,h1-h30;h1-h32;h1-h31;h1-h33;h1-h34;h1-h35;h1-h36;h1-h37;h1-h38;h1-h39,h1-h30,2.8025,0.5,1.0,0.705,1,1.77625,0.15,1.0,0.5925
312,route,none,none,h30,-0.13636,0.0,0.0,0.76,10,-0.13636,0.0,0.0,0.535,h1-h30;h1-h32;h1-h31,h1-h30;h1-h32;h1-h31;h1-h33;h1-h34;h1-h35;h1-h36;h1-h37;h1-h38;h1-h39,h1-h30,2.8025,0.5,1.0,0.705,1,1.77625,0.15,1.0,0.5925
318,route,none,none,h30,-0.13636,0.0,0.0,0.76,10,-0.13636,0.0,0.0,0.535,h1-h30;h1-h32;h1-h31,h1-h30;h1-h32;h1-h31;h1-h33;h1-h34;h1-h35;h1-h36;h1-h37;h1-h38;h1-h39,h1-h30,2.8025,0.5,1.0,0.705,1,1.78525,0.15,1.0,0.5925
324,route,none,none,h30,-0.13636,0.0,0.0,0.76,10,-0.13636,0.0,0.0,0.535,h1-h30;h1-h32;h1-h31,h1-h30;h1-h32;h1-h31;h1-h33;h1-h34;h1-h35;h1-h36;h1-h37;h1-h38;h1-h39,h1-h30,2.8925,0.5,1.0,0.705,1,1.77625,0.15,1.0,0.5925
330,route,none,none,h30,-0.13636,0.0,0.0,0.76,10,-0.13636,0.0,0.0,0.535,h1-h30;h1-h32;h1-h31,h1-h30;h1-h32;h1-h31;h1-h33;h1-h34;h1-h35;h1-h36;h1-h37;h1-h38;h1-h39,h1-h30,2.8025,0.5,1.0,0.705,1,1.77625,0.15,1.0,0.5925
336,route,none,none,h30,-0.13636,0.0,0.0,0.76,10,-0.13636,0.0,0.0,0.535,h1-h30;h1-h32;h1-h31,h1-h30;h1-h32;h1-h31;h1-h33;h1-h34;h1-h35;h1-h36;h1-h37;h1-h38;h1-h39,h1-h30,2.8025,0.5,1.0,0.705,1,1.77625,0.15,1.0,0.5925
342,route,none,none,h30,-0.13636,0.0,0.0,0.76,10,-0.13636,0.0,0.0,0.535,h1-h30;h1-h32;h1-h31,h1-h30;h1-h32;h1-h31;h1-h33;h1-h34;h1-h35;h1-h36;h1-h37;h1-h38;h1-h39,h1-h30,2.8925,0.5,1.0,0.705,1,1.78525,0.15,1.0,0.5925
348,route,none,none,h30,-0.13636,0.0,0.0,0.76,10,-0.13636,0.0,0.0,0.535,h1-h30;h1-h32;h1-h31,h1-h30;h1-h32;h1-h31;h1-h33;h1-h34;h1-h35;h1-h36;h1-h37;h1-h38;h1-h39,h1-h30,2.8025,0.5,1.0,0.705,1,1.78525,0.15,1.0,0.5925
354,route,none,none,h30,-0.13636,0.0,0.0,0.76,10,-0.13636,0.0,0.0,0.535,h1-h30;h1-h32;h1-h31,h1-h30;h1-h32;h1-h31;h1-h33;h1-h34;h1-h35;h1-h36;h1-h37;h1-h38;h1-h39,h1-h30,2.8925,0.5,1.0,0.705,1,1.77625,0.15,1.0,0.5925
360,route,none,none,h30,-0.13636,0.0,0.0,0.79,10,-0.13636,0.0,0.0,0.46,h1-h30;h1-h32;h1-h31,h1-h30;h1-h32;h1-h31;h1-h33;h1-h34;h1-h35;h1-h36;h1-h37;h1-h38;h1-h39,h1-h30,2.825,0.5,1.0,0.72,1,1.78975,0.15,1.0,0.555
366,route,none,none,h30,-0.13636,0.0,0.0,0.79,10,-0.13636,0.0,0.0,0.46,h1-h30;h1-h32;h1-h31,h1-h30;h1-h32;h1-h31;h1-h33;h1-h34;h1-h35;h1-h36;h1-h37;h1-h38;h1-h39,h1-h30,2.825,0.5,1.0,0.72,1,1.78075,0.15,1.0,0.555
372,route,none,none,h30,-0.13636,0.0,0.0,0.79,10,-0.13636,0.0,0.0,0.46,h1-h30;h1-h32;h1-h31,h1-h30;h1-h32;h1-h31;h1-h33;h1-h34;h1-h35;h1-h36;h1-h37;h1-h38;h1-h39,h1-h30,2.825,0.5,1.0,0.72,1,1.77175,0.15,1.0,0.555
378,route,none,none,h30,-0.13636,0.0,0.0,0.79,10,-0.13636,0.0,0.0,0.46,h1-h30;h1-h32;h1-h31,h1-h30;h1-h32;h1-h31;h1-h33;h1-h34;h1-h35;h1-h36;h1-h37;h1-h38;h1-h39,h1-h30,2.915,0.5,1.0,0.72,1,1.78975,0.15,1.0,0.555
384,route,none,none,h30,-0.13636,0.0,0.0,0.79,10,-0.13636,0.0,0.0,0.46,h1-h30;h1-h32;h1-h31,h1-h30;h1-h32;h1-h31;h1-h33;h1-h34;h1-h35;h1-h36;h1-h37;h1-h38;h1-h39,h1-h30,2.915,0.5,1.0,0.72,1,1.78075,0.15,1.0,0.555
390,route,none,none,h30,-0.13636,0.0,0.0,0.79,10,-0.13636,0.0,0.0,0.46,h1-h30;h1-h32;h1-h31,h1-h30;h1-h32;h1-h31;h1-h33;h1-h34;h1-h35;h1-h36;h1-h37;h1-h38;h1-h39,h1-h30,2.825,0.5,1.0,0.72,1,1.77175,0.15,1.0,0.555
396,route,none,none,h30,-0.13636,0.0,0.0,0.79,10,-0.13636,0.0,0.0,0.46,h1-h30;h1-h32;h1-h31,h1-h30;h1-h32;h1-h31;h1-h33;h1-h34;h1-h35;h1-h36;h1-h37;h1-h38;h1-h39,h1-h30,2.915,0.5,1.0,0.72,1,1.78075,0.15,1.0,0.555
402,route,none,none,h30,-0.13636,0.0,0.0,0.79,10,-0.13636,0.0,0.0,0.46,h1-h30;h1-h32;h1-h31,h1-h30;h1-h32;h1-h31;h1-h33;h1-h34;h1-h35;h1-h36;h1-h37;h1-h38;h1-h39,h1-h30,2.825,0.5,1.0,0.72,1,1.78075,0.15,1.0,0.555
408,route,none,none,h30,-0.13636,0.0,0.0,0.79,10,-0.13636,0.0,0.0,0.46,h1-h30;h1-h32;h1-h31,h1-h30;h1-h32;h1-h31;h1-h33;h1-h34;h1-h35;h1-h36;h1-h37;h1-h38;h1-h39,h1-h30,2.825,0.5,1.0,0.72,1,1.77175,0.15,1.0,0.555
414,route,none,none,h30,-0.13636,0.0,0.0,0.79,10,-0.13636,0.0,0.0,0.46,h1-h30;h1-h32;h1-h31,h1-h30;h1-h32;h1-h31;h1-h33;h1-h34;h1-h35;h1-h36;h1-h37;h1-h38;h1-h39,h1-h30,2.95,0.5,1.0,0.72,2,1.79325,0.15,1.0,0.555
420,route,none,none,h30,-0.13636,0.0,0.0,0.79,10,-0.13636,0.0,0.0,0.46,h1-h30;h1-h32;h1-h31,h1-h30;h1-h32;h1-h31;h1-h33;h1-h34;h1-h35;h1-h36;h1-h37;h1-h38;h1-h39,h1-h30,2.95,0.5,1.0,0.72,2,1.79325,0.15,1.0,0.555
426,route,none,none,h30,-0.13636,0.0,0.0,0.79,10,-0.13636,0.0,0.0,0.46,h1-h30;h1-h32;h1-h31,h1-h30;h1-h32;h1-h31;h1-h33;h1-h34;h1-h35;h1-h36;h1-h37;h1-h38;h1-h39,h1-h30,2.825,0.5,1.0,0.72,1,1.78075,0.15,1.0,0.555
432,route,none,none,h30,-0.13636,0.0,0.0,0.79,10,-0.13636,0.0,0.0,0.46,h1-h30;h1-h32;h1-h31,h1-h30;h1-h32;h1-h31;h1-h33;h1-h34;h1-h35;h1-h36;h1-h37;h1-h38;h1-h39,h1-h30,2.915,0.5,1.0,0.72,1,1.78075,0.15,1.0,0.555
438,route,none,none,h30,-0.13636,0.0,0.0,0.79,10,-0.13636,0.0,0.0,0.46,h1-h30;h1-h32;h1-h31,h1-h30;h1-h32;h1-h31;h1-h33;h1-h34;h1-h35;h1-h36;h1-h37;h1-h38;h1-h39,h1-h30,2.825,0.5,1.0,0.72,1,1.78075,0.15,1.0,0.555
444,route,none,none,h30,-0.13636,0.0,0.0,0.79,10,-0.13636,0.0,0.0,0.46,h1-h30;h1-h32;h1-h31,h1-h30;h1-h32;h1-h31;h1-h33;h1-h34;h1-h35;h1-h36;h1-h37;h1-h38;h1-h39,h1-h30,2.825,0.5,1.0,0.72,1,1.77175,0.15,1.0,0.555
450,route,none,none,h30,-0.13636,0.0,0.0,0.79,10,-0.13636,0.0,0.0,0.46,h1-h30;h1-h32;h1-h31,h1-h30;h1-h32;h1-h31;h1-h33;h1-h34;h1-h35;h1-h36;h1-h37;h1-h38;h1-h39,h1-h30,2.915,0.5,1.0,0.72,1,1.78975,0.15,1.0,0.555
456,route,none,none,h30,-0.13636,0.0,0.0,0.79,10,-0.13636,0.0,0.0,0.46,h1-h30;h1-h32;h1-h31,h1-h30;h1-h32;h1-h31;h1-h33;h1-h34;h1-h35;h1-h36;h1-h37;h1-h38;h1-h39,h1-h30,2.915,0.5,1.0,0.72,1,1.78075,0.15,1.0,0.555
462,route,none,none,h30,-0.13636,0.0,0.0,0.79,10,-0.13636,0.0,0.0,0.46,h1-h30;h1-h32;h1-h31,h1-h30;h1-h32;h1-h31;h1-h33;h1-h34;h1-h35;h1-h36;h1-h37;h1-h38;h1-h39,h1-h30,2.825,0.5,1.0,0.72,1,1.77175,0.15,1.0,0.555
468,route,none,none,h30,-0.13636,0.0,0.0,0.79,10,-0.13636,0.0,0.0,0.46,h1-h30;h1-h32;h1-h31,h1-h30;h1-h32;h1-h31;h1-h33;h1-h34;h1-h35;h1-h36;h1-h37;h1-h38;h1-h39,h1-h30,2.915,0.5,1.0,0.72,1,1.79875,0.15,1.0,0.555
474,route,none,none,h30,-0.13636,0.0,0.0,0.79,10,-0.13636,0.0,0.0,0.46,h1-h30;h1-h32;h1-h31,h1-h30;h1-h32;h1-h31;h1-h33;h1-h34;h1-h35;h1-h36;h1-h37;h1-h38;h1-h39,h1-h30,2.825,0.5,1.0,0.72,1,1.77175,0.15,1.0,0.555
480,route,none,none,h30,-0.13636,0.0,0.0,0.79,10,-0.13636,0.0,0.0,0.46,h1-h30;h1-h32;h1-h31,h1-h30;h1-h32;h1-h31;h1-h33;h1-h34;h1-h35;h1-h36;h1-h37;h1-h38;h1-h39,h1-h30,2.825,0.5,1.0,0.72,1,1.77175,0.15,1.0,0.555
486,route,none,none,h30,-0.13636,0.0,0.0,0.79,10,-0.13636,0.0,0.0,0.46,h1-h30;h1-h32;h1-h31,h1-h30;h1-h32;h1-h31;h1-h33;h1-h34;h1-h35;h1-h36;h1-h37;h1-h38;h1-h39,h1-h30,2.825,0.5,1.0,0.72,1,1.78075,0.15,1.0,0.555
492,route,none,none,h30,-0.13636,0.0,0.0,0.79,10,-0.13636,0.0,0.0,0.46,h1-h30;h1-h32;h1-h31,h1-h30;h1-h32;h1-h31;h1-h33;h1-h34;h1-h35;h1-h36;h1-h37;h1-h38;h1-h39,h1-h30,2.915,0.5,1.0,0.72,1,1.78975,0.15,1.0,0.555
498,route,none,none,h30,-0.13636,0.0,0.0,0.79,10,-0.13636,0.0,0.0,0.46,h1-h30;h1-h32;h1-h31,h1-h30;h1-h32;h1-h31;h1-h33;h1-h34;h1-h35;h1-h36;h1-h37;h1-h38;h1-h39,h1-h30,2.825,0.5,1.0,0.72,1,1.77175,0.15,1.0,0.555
504,route,none,none,h30,-0.13636,0.0,0.0,0.79,10,-0.13636,0.0,0.0,0.46,h1-h30;h1-h32;h1-h31,h1-h30;h1-h32;h1-h31;h1-h33;h1-h34;h1-h35;h1-h36;h1-h37;h1-h38;h1-h39,h1-h30,2.825,0.5,1.0,0.72,1,1.78425,0.15,1.0,0.555
510,route,none,none,h30,-0.13636,0.0,0.0,0.79,10,-0.13636,0.0,0.0,0.46,h1-h30;h1-h32;h1-h31,h1-h30;h1-h32;h1-h31;h1-h33;h1-h34;h1-h35;h1-h36;h1-h37;h1-h38;h1-h39,h1-h30,2.825,0.5,1.0,0.72,1,1.78975,0.15,1.0,0.555
516,route,none,none,h30,-0.13636,0.0,0.0,0.79,10,-0.13636,0.0,0.0,0.46,h1-h30;h1-h32;h1-h31,h1-h30;h1-h32;h1-h31;h1-h33;h1-h34;h1-h35;h1-h36;h1-h37;h1-h38;h1-h39,h1-h30,2.825,0.5,1.0,0.72,1,1.78975,0.15,1.0,0.555
522,route,none,none,h30,-0.13636,0.0,0.0,0.79,10,-0.13636,0.0,0.0,0.46,h1-h30;h1-h32;h1-h31,h1-h30;h1-h32;h1-h31;h1-h33;h1-h34;h1-h35;h1-h36;h1-h37;h1-h38;h1-h39,h1-h30,2.825,0.5,1.0,0.72,1,1.78075,0.15,1.0,0.555
528,route,none,none,h30,-0.13636,0.0,0.0,0.79,10,-0.13636,0.0,0.0,0.46,h1-h32;h1-h30;h1-h31,h1-h32;h1-h30;h1-h31;h1-h33;h1-h34;h1-h35;h1-h36;h1-h37;h1-h38;h1-h39,h1-h32,2.8375,0.5,1.0,0.585,2,1.79325,0.15,1.0,0.555
534,route,none,none,h30,-0.13636,0.0,0.0,0.79,10,-0.13636,0.0,0.0,0.46,h1-h30;h1-h32;h1-h31,h1-h30;h1-h32;h1-h31;h1-h33;h1-h34;h1-h35;h1-h36;h1-h37;h1-h38;h1-h39,h1-h30,2.915,0.5,1.0,0.72,1,1.78975,0.15,1.0,0.555
540,route,none,none,h30,-0.13636,0.0,0.0,0.79,10,-0.13636,0.0,0.0,0.46,h1-h30;h1-h32;h1-h31,h1-h30;h1-h32;h1-h31;h1-h33;h1-h34;h1-h35;h1-h36;h1-h37;h1-h38;h1-h39,h1-h30,2.825,0.5,1.0,0.72,1,1.78075,0.15,1.0,0.555
546,route,none,none,h30,-0.13636,0.0,0.0,0.79,10,-0.13636,0.0,0.0,0.46,h1-h30;h1-h32;h1-h31,h1-h30;h1-h32;h1-h31;h1-h33;h1-h34;h1-h35;h1-h36;h1-h37;h1-h38;h1-h39,h1-h30,2.825,0.5,1.0,0.72,1,1.78075,0.15,1.0,0.555
552,route,none,none,h30,-0.13636,0.0,0.0,0.79,10,-0.13636,0.0,0.0,0.46,h1-h30;h1-h32;h1-h31,h1-h30;h1-h32;h1-h31;h1-h33;h1-h34;h1-h35;h1-h36;h1-h37;h1-h38;h1-h39,h1-h30,2.825,0.5,1.0,0.72,1,1.78075,0.15,1.0,0.555
558,route,none,none,h30,-0.13636,0.0,0.0,0.79,10,-0.13636,0.0,0.0,0.46,h1-h30;h1-h32;h1-h31,h1-h30;h1-h32;h1-h31;h1-h33;h1-h34;h1-h35;h1-h36;h1-h37;h1-h38;h1-h39,h1-h30,2.915,0.5,1.0,0.72,1,1.78075,0.15,1.0,0.555
564,route,none,none,h30,-0.13636,0.0,0.0,0.79,10,-0.13636,0.0,0.0,0.46,h1-h30;h1-h32;h1-h31,h1-h30;h1-h32;h1-h31;h1-h33;h1-h34;h1-h35;h1-h36;h1-h37;h1-h38;h1-h39,h1-h30,2.915,0.5,1.0,0.72,1,1.78075,0.15,1.0,0.555
570,route,none,none,h30,-0.13636,0.0,0.0,0.79,10,-0.13636,0.0,0.0,0.46,h1-h30;h1-h32;h1-h31,h1-h30;h1-h32;h1-h31;h1-h33;h1-h34;h1-h35;h1-h36;h1-h37;h1-h38;h1-h39,h1-h30,3.04,0.5,1.0,0.72,2,1.80225,0.15,1.0,0.555
576,route,none,none,h30,-0.13636,0.0,0.0,0.79,10,-0.13636,0.0,0.0,0.46,h1-h30;h1-h32;h1-h31,h1-h30;h1-h32;h1-h31;h1-h33;h1-h34;h1-h35;h1-h36;h1-h37;h1-h38;h1-h39,h1-h30,2.915,0.5,1.0,0.72,1,1.78075,0.15,1.0,0.555
582,route,none,none,h30,-0.13636,0.0,0.0,0.79,10,-0.13636,0.0,0.0,0.46,h1-h30;h1-h32;h1-h31,h1-h30;h1-h32;h1-h31;h1-h33;h1-h34;h1-h35;h1-h36;h1-h37;h1-h38;h1-h39,h1-h30,2.915,0.5,1.0,0.72,1,1.78975,0.15,1.0,0.555
588,route,none,none,h30,-0.13636,0.0,0.0,0.79,10,-0.13636,0.0,0.0,0.46,h1-h30;h1-h32;h1-h31,h1-h30;h1-h32;h1-h31;h1-h33;h1-h34;h1-h35;h1-h36;h1-h37;h1-h38;h1-h39,h1-h30,2.825,0.5,1.0,0.72,1,1.77175,0.15,1.0,0.555
594,route,none,none,h30,-0.13636,0.0,0.0,0.79,10,-0.13636,0.0,0.0,0.46,h1-h30;h1-h32;h1-h31,h1-h30;h1-h32;h1-h31;h1-h33;h1-h34;h1-h35;h1-h36;h1-h37;h1-h38;h1-h39,h1-h30,2.825,0.5,1.0,0.72,1,1.78075,0.15,1.0,0.555
600,route,none,none,h30,-0.13636,0.0,0.0,0.79,10,-0.13636,0.0,0.0,0.46,h1-h30;h1-h32;h1-h31,h1-h30;h1-h32;h1-h31;h1-h33;h1-h34;h1-h35;h1-h36;h1-h37;h1-h38;h1-h39,h1-h30,2.825,0.5,1.0,0.72,1,1.77175,0.15,1.0,0.555
606,route,none,none,h30,-0.13636,0.0,0.0,0.79,10,-0.13636,0.0,0.0,0.46,h1-h30;h1-h32;h1-h31,h1-h30;h1-h32;h1-h31;h1-h33;h1-h34;h1-h35;h1-h36;h1-h37;h1-h38;h1-h39,h1-h30,2.915,0.5,1.0,0.72,1,1.79875,0.15,1.0,0.555
612,route,none,none,h30,-0.13636,0.0,0.0,0.79,10,-0.13636,0.0,0.0,0.46,h1-h30;h1-h32;h1-h31,h1-h30;h1-h32;h1-h31;h1-h33;h1-h34;h1-h35;h1-h36;h1-h37;h1-h38;h1-h39,h1-h30,2.825,0.5,1.0,0.72,1,1.78975,0.15,1.0,0.555
618,route,none,none,h30,-0.13636,0.0,0.0,0.79,10,-0.13636,0.0,0.0,0.46,h1-h30;h1-h32;h1-h31,h1-h30;h1-h32;h1-h31;h1-h33;h1-h34;h1-h35;h1-h36;h1-h37;h1-h38;h1-h39,h1-h30,2.825,0.5,1.0,0.72,1,1.78075,0.15,1.0,0.555
624,route,none,none,h30,-0.13636,0.0,0.0,0.79,10,-0.13636,0.0,0.0,0.46,h1-h30;h1-h32;h1-h31,h1-h30;h1-h32;h1-h31;h1-h33;h1-h34;h1-h35;h1-h36;h1-h37;h1-h38;h1-h39,h1-h30,2.915,0.5,1.0,0.72,1,1.78975,0.15,1.0,0.555
630,route,none,none,h30,-0.13636,0.0,0.0,0.79,10,-0.13636,0.0,0.0,0.46,h1-h30;h1-h32;h1-h31,h1-h30;h1-h32;h1-h31;h1-h33;h1-h34;h1-h35;h1-h36;h1-h37;h1-h38;h1-h39,h1-h30,2.915,0.5,1.0,0.72,1,1.78075,0.15,1.0,0.555
636,route,none,none,h30,-0.13636,0.0,0.0,0.79,10,-0.13636,0.0,0.0,0.46,h1-h30;h1-h32;h1-h31,h1-h30;h1-h32;h1-h31;h1-h33;h1-h34;h1-h35;h1-h36;h1-h37;h1-h38;h1-h39,h1-h30,2.825,0.5,1.0,0.72,1,1.78425,0.15,1.0,0.555
642,route,none,none,h30,-0.13636,0.0,0.0,0.79,10,-0.13636,0.0,0.0,0.46,h1-h30;h1-h32;h1-h31,h1-h30;h1-h32;h1-h31;h1-h33;h1-h34;h1-h35;h1-h36;h1-h37;h1-h38;h1-h39,h1-h30,2.825,0.5,1.0,0.72,1,1.78075,0.15,1.0,0.555
648,route,none,none,h30,-0.13636,0.0,0.0,0.79,10,-0.13636,0.0,0.0,0.46,h1-h30;h1-h32;h1-h31,h1-h30;h1-h32;h1-h31;h1-h33;h1-h34;h1-h35;h1-h36;h1-h37;h1-h38;h1-h39,h1-h30,2.825,0.5,1.0,0.72,1,1.77175,0.15,1.0,0.555
654,route,none,none,h30,-0.13636,0.0,0.0,0.79,10,-0.13636,0.0,0.0,0.46,h1-h30;h1-h32;h1-h31,h1-h30;h1-h32;h1-h31;h1-h33;h1-h34;h1-h35;h1-h36;h1-h37;h1-h38;h1-h39,h1-h30,2.915,0.5,1.0,0.72,1,1.78075,0.15,1.0,0.555
660,route,none,none,h30,-0.13636,0.0,0.0,0.79,10,-0.13636,0.0,0.0,0.46,h1-h30;h1-h32;h1-h31,h1-h30;h1-h32;h1-h31;h1-h33;h1-h34;h1-h35;h1-h36;h1-h37;h1-h38;h1-h39,h1-h30,2.825,0.5,1.0,0.72,1,1.78075,0.15,1.0,0.555
666,route,none,none,h30,-0.13636,0.0,0.0,0.79,10,-0.13636,0.0,0.0,0.46,h1-h30;h1-h32;h1-h31,h1-h30;h1-h32;h1-h31;h1-h33;h1-h34;h1-h35;h1-h36;h1-h37;h1-h38;h1-h39,h1-h30,2.825,0.5,1.0,0.72,1,1.77175,0.15,1.0,0.555
672,route,none,none,h30,-0.13636,0.0,0.0,0.79,10,-0.13636,0.0,0.0,0.46,h1-h30;h1-h32;h1-h31,h1-h30;h1-h32;h1-h31;h1-h33;h1-h34;h1-h35;h1-h36;h1-h37;h1-h38;h1-h39,h1-h30,2.915,0.5,1.0,0.72,1,1.78075,0.15,1.0,0.555
678,route,none,none,h30,-0.13636,0.0,0.0,0.79,10,-0.13636,0.0,0.0,0.46,h1-h30;h1-h32;h1-h31,h1-h30;h1-h32;h1-h31;h1-h33;h1-h34;h1-h35;h1-h36;h1-h37;h1-h38;h1-h39,h1-h30,2.825,0.5,1.0,0.72,1,1.78075,0.15,1.0,0.555
684,route,none,none,h30,-0.13636,0.0,0.0,0.79,10,-0.13636,0.0,0.0,0.46,h1-h30;h1-h32;h1-h31,h1-h30;h1-h32;h1-h31;h1-h33;h1-h34;h1-h35;h1-h36;h1-h37;h1-h38;h1-h39,h1-h30,2.915,0.5,1.0,0.72,1,1.78075,0.15,1.0,0.555
690,route,none,none,h30,-0.13636,0.0,0.0,0.79,10,-0.13636,0.0,0.0,0.46,h1-h30;h1-h32;h1-h31,h1-h30;h1-h32;h1-h31;h1-h33;h1-h34;h1-h35;h1-h36;h1-h37;h1-h38;h1-h39,h1-h30,2.825,0.5,1.0,0.72,1,1.78075,0.15,1.0,0.555
696,route,none,none,h30,-0.13636,0.0,0.0,0.79,10,-0.13636,0.0,0.0,0.46,h1-h30;h1-h32;h1-h31,h1-h30;h1-h32;h1-h31;h1-h33;h1-h34;h1-h35;h1-h36;h1-h37;h1-h38;h1-h39,h1-h30,2.825,0.5,1.0,0.72,1,1.78075,0.15,1.0,0.555
702,route,none,none,h30,-0.13636,0.0,0.0,0.79,10,-0.13636,0.0,0.0,0.46,h1-h30;h1-h32;h1-h31,h1-h30;h1-h32;h1-h31;h1-h33;h1-h34;h1-h35;h1-h36;h1-h37;h1-h38;h1-h39,h1-h30,2.915,0.5,1.0,0.72,1,1.78975,0.15,1.0,0.555
708,route,none,none,h30,-0.13636,0.0,0.0,0.79,10,-0.13636,0.0,0.0,0.46,h1-h30;h1-h32;h1-h31,h1-h30;h1-h32;h1-h31;h1-h33;h1-h34;h1-h35;h1-h36;h1-h37;h1-h38;h1-h39,h1-h30,2.915,0.5,1.0,0.72,1,1.79875,0.15,1.0,0.555
714,route,none,none,h30,-0.13636,0.0,0.0,0.79,10,-0.13636,0.0,0.0,0.46,h1-h30;h1-h32;h1-h31,h1-h30;h1-h32;h1-h31;h1-h33;h1-h34;h1-h35;h1-h36;h1-h37;h1-h38;h1-h39,h1-h30,2.825,0.5,1.0,0.72,1,1.78075,0.15,1.0,0.555
720,route,none,none,h30,-0.13636,0.0,0.0,0.37,10,-0.13636,0.0,0.0,0.421,h1-h32;h1-h30;h1-h31,h1-h32;h1-h30;h1-h31;h1-h33;h1-h34;h1-h35;h1-h36;h1-h37;h1-h38;h1-h39,h1-h32,2.6225,0.5,1.0,0.585,1,1.75825,0.15,1.0,0.5355
726,route,none,none,h30,-0.13636,0.0,0.0,0.37,10,-0.13636,0.0,0.0,0.421,h1-h32;h1-h30;h1-h31,h1-h32;h1-h30;h1-h31;h1-h33;h1-h34;h1-h35;h1-h36;h1-h37;h1-h38;h1-h39,h1-h32,2.7125,0.5,1.0,0.585,1,1.75825,0.15,1.0,0.5355
732,route,none,none,h30,-0.13636,0.0,0.0,0.37,10,-0.13636,0.0,0.0,0.421,h1-h32;h1-h30;h1-h31,h1-h32;h1-h30;h1-h31;h1-h33;h1-h34;h1-h35;h1-h36;h1-h37;h1-h38;h1-h39,h1-h32,2.7125,0.5,1.0,0.585,1,1.76725,0.15,1.0,0.5355
738,route,none,none,h30,-0.13636,0.0,0.0,0.37,10,-0.13636,0.0,0.0,0.421,h1-h32;h1-h30;h1-h31,h1-h32;h1-h30;h1-h31;h1-h33;h1-h34;h1-h35;h1-h36;h1-h37;h1-h38;h1-h39,h1-h32,2.8375,0.5,1.0,0.585,2,1.76175,0.15,1.0,0.5355
744,route,none,none,h30,-0.13636,0.0,0.0,0.37,10,-0.13636,0.0,0.0,0.421,h1-h32;h1-h30;h1-h31,h1-h32;h1-h30;h1-h31;h1-h33;h1-h34;h1-h35;h1-h36;h1-h37;h1-h38;h1-h39,h1-h32,2.6225,0.5,1.0,0.585,1,1.74925,0.15,1.0,0.5355
750,route,none,none,h30,-0.13636,0.0,0.0,0.37,10,-0.13636,0.0,0.0,0.421,h1-h32;h1-h30;h1-h31,h1-h32;h1-h30;h1-h31;h1-h33;h1-h34;h1-h35;h1-h36;h1-h37;h1-h38;h1-h39,h1-h32,2.7125,0.5,1.0,0.585,1,1.74925,0.15,1.0,0.5355
756,route,none,none,h30,-0.13636,0.0,0.0,0.37,10,-0.13636,0.0,0.0,0.421,h1-h32;h1-h30;h1-h31,h1-h32;h1-h30;h1-h31;h1-h33;h1-h34;h1-h35;h1-h36;h1-h37;h1-h38;h1-h39,h1-h32,2.6225,0.5,1.0,0.585,1,1.74925,0.15,1.0,0.5355
762,route,none,none,h30,-0.13636,0.0,0.0,0.37,10,-0.13636,0.0,0.0,0.421,h1-h32;h1-h30;h1-h31,h1-h32;h1-h30;h1-h31;h1-h33;h1-h34;h1-h35;h1-h36;h1-h37;h1-h38;h1-h39,h1-h32,2.7125,0.5,1.0,0.585,1,1.74925,0.15,1.0,0.5355
768,route,none,none,h30,-0.13636,0.0,0.0,0.37,10,-0.13636,0.0,0.0,0.421,h1-h32;h1-h30;h1-h31,h1-h32;h1-h30;h1-h31;h1-h33;h1-h34;h1-h35;h1-h36;h1-h37;h1-h38;h1-h39,h1-h32,2.7125,0.5,1.0,0.585,1,1.75825,0.15,1.0,0.5355
774,route,none,none,h30,-0.13636,0.0,0.0,0.37,10,-0.13636,0.0,0.0,0.421,h1-h32;h1-h30;h1-h31,h1-h32;h1-h30;h1-h31;h1-h33;h1-h34;h1-h35;h1-h36;h1-h37;h1-h38;h1-h39,h1-h32,2.8375,0.5,1.0,0.585,2,1.77075,0.15,1.0,0.5355
780,route,none,none,h30,-0.13636,0.0,0.0,0.37,10,-0.13636,0.0,0.0,0.421,h1-h32;h1-h30;h1-h31,h1-h32;h1-h30;h1-h31;h1-h33;h1-h34;h1-h35;h1-h36;h1-h37;h1-h38;h1-h39,h1-h32,2.6225,0.5,1.0,0.585,1,1.74025,0.15,1.0,0.5355
786,route,none,none,h30,-0.13636,0.0,0.0,0.37,10,-0.13636,0.0,0.0,0.421,h1-h32;h1-h30;h1-h31,h1-h32;h1-h30;h1-h31;h1-h33;h1-h34;h1-h35;h1-h36;h1-h37;h1-h38;h1-h39,h1-h32,2.6225,0.5,1.0,0.585,1,1.74925,0.15,1.0,0.5355
792,route,none,none,h30,-0.13636,0.0,0.0,0.37,10,-0.13636,0.0,0.0,0.421,h1-h32;h1-h30;h1-h31,h1-h32;h1-h30;h1-h31;h1-h33;h1-h34;h1-h35;h1-h36;h1-h37;h1-h38;h1-h39,h1-h32,2.6225,0.5,1.0,0.585,1,1.74925,0.15,1.0,0.5355
798,route,none,none,h30,-0.13636,0.0,0.0,0.37,10,-0.13636,0.0,0.0,0.421,h1-h32;h1-h30;h1-h31,h1-h32;h1-h30;h1-h31;h1-h33;h1-h34;h1-h35;h1-h36;h1-h37;h1-h38;h1-h39,h1-h32,2.6225,0.5,1.0,0.585,1,1.74025,0.15,1.0,0.5355
804,route,none,none,h30,-0.13636,0.0,0.0,0.37,10,-0.13636,0.0,0.0,0.421,h1-h32;h1-h30;h1-h31,h1-h32;h1-h30;h1-h31;h1-h33;h1-h34;h1-h35;h1-h36;h1-h37;h1-h38;h1-h39,h1-h32,2.7125,0.5,1.0,0.585,1,1.75825,0.15,1.0,0.5355
810,route,none,none,h30,-0.13636,0.0,0.0,0.37,10,-0.13636,0.0,0.0,0.421,h1-h32;h1-h30;h1-h31,h1-h32;h1-h30;h1-h31;h1-h33;h1-h34;h1-h35;h1-h36;h1-h37;h1-h38;h1-h39,h1-h32,2.7125,0.5,1.0,0.585,1,1.74925,0.15,1.0,0.5355
816,route,none,none,h30,-0.13636,0.0,0.0,0.37,10,-0.13636,0.0,0.0,0.421,h1-h32;h1-h30;h1-h31,h1-h32;h1-h30;h1-h31;h1-h33;h1-h34;h1-h35;h1-h36;h1-h37;h1-h38;h1-h39,h1-h32,2.7125,0.5,1.0,0.585,1,1.75825,0.15,1.0,0.5355
822,route,none,none,h30,-0.13636,0.0,0.0,0.37,10,-0.13636,0.0,0.0,0.421,h1-h32;h1-h30;h1-h31,h1-h32;h1-h30;h1-h31;h1-h33;h1-h34;h1-h35;h1-h36;h1-h37;h1-h38;h1-h39,h1-h32,2.6225,0.5,1.0,0.585,1,1.74025,0.15,1.0,0.5355
828,route,none,none,h30,-0.13636,0.0,0.0,0.37,10,-0.13636,0.0,0.0,0.421,h1-h32;h1-h30;h1-h31,h1-h32;h1-h30;h1-h31;h1-h33;h1-h34;h1-h35;h1-h36;h1-h37;h1-h38;h1-h39,h1-h32,2.6225,0.5,1.0,0.585,1,1.74025,0.15,1.0,0.5355
834,route,none,none,h30,-0.13636,0.0,0.0,0.37,10,-0.13636,0.0,0.0,0.421,h1-h32;h1-h30;h1-h31,h1-h32;h1-h30;h1-h31;h1-h33;h1-h34;h1-h35;h1-h36;h1-h37;h1-h38;h1-h39,h1-h32,2.6225,0.5,1.0,0.585,1,1.74925,0.15,1.0,0.5355
840,route,none,none,h30,-0.13636,0.0,0.0,0.37,10,-0.13636,0.0,0.0,0.421,h1-h32;h1-h30;h1-h31,h1-h32;h1-h30;h1-h31;h1-h33;h1-h34;h1-h35;h1-h36;h1-h37;h1-h38;h1-h39,h1-h32,2.7125,0.5,1.0,0.585,1,1.74925,0.15,1.0,0.5355
846,route,none,none,h30,-0.13636,0.0,0.0,0.37,10,-0.13636,0.0,0.0,0.421,h1-h32;h1-h30;h1-h31,h1-h32;h1-h30;h1-h31;h1-h33;h1-h34;h1-h35;h1-h36;h1-h37;h1-h38;h1-h39,h1-h32,2.7125,0.5,1.0,0.585,1,1.76725,0.15,1.0,0.5355
852,route,none,none,h30,-0.13636,0.0,0.0,0.37,10,-0.13636,0.0,0.0,0.421,h1-h32;h1-h30;h1-h31,h1-h32;h1-h30;h1-h31;h1-h33;h1-h34;h1-h35;h1-h36;h1-h37;h1-h38;h1-h39,h1-h32,2.6225,0.5,1.0,0.585,1,1.74925,0.15,1.0,0.5355
858,route,none,none,h30,-0.13636,0.0,0.0,0.37,10,-0.13636,0.0,0.0,0.421,h1-h32;h1-h30;h1-h31,h1-h32;h1-h30;h1-h31;h1-h33;h1-h34;h1-h35;h1-h36;h1-h37;h1-h38;h1-h39,h1-h32,2.6225,0.5,1.0,0.585,1,1.74925,0.15,1.0,0.5355
864,route,none,none,h30,-0.13636,0.0,0.0,0.37,10,-0.13636,0.0,0.0,0.421,h1-h32;h1-h30;h1-h31,h1-h32;h1-h30;h1-h31;h1-h33;h1-h34;h1-h35;h1-h36;h1-h37;h1-h38;h1-h39,h1-h32,2.6225,0.5,1.0,0.585,1,1.74925,0.15,1.0,0.5355
870,route,none,none,h30,-0.13636,0.0,0.0,0.37,10,-0.13636,0.0,0.0,0.421,h1-h32;h1-h30;h1-h31,h1-h32;h1-h30;h1-h31;h1-h33;h1-h34;h1-h35;h1-h36;h1-h37;h1-h38;h1-h39,h1-h32,2.7125,0.5,1.0,0.585,1,1.75825,0.15,1.0,0.5355
876,route,none,none,h30,-0.13636,0.0,0.0,0.37,10,-0.13636,0.0,0.0,0.421,h1-h32;h1-h30;h1-h31,h1-h32;h1-h30;h1-h31;h1-h33;h1-h34;h1-h35;h1-h36;h1-h37;h1-h38;h1-h39,h1-h32,2.6225,0.5,1.0,0.585,1,1.74025,0.15,1.0,0.5355
882,route,none,none,h30,-0.13636,0.0,0.0,0.37,10,-0.13636,0.0,0.0,0.421,h1-h32;h1-h30;h1-h31,h1-h32;h1-h30;h1-h31;h1-h33;h1-h34;h1-h35;h1-h36;h1-h37;h1-h38;h1-h39,h1-h32,2.6225,0.5,1.0,0.585,1,1.74925,0.15,1.0,0.5355
888,route,none,none,h30,-0.13636,0.0,0.0,0.37,10,-0.13636,0.0,0.0,0.421,h1-h32;h1-h30;h1-h31,h1-h32;h1-h30;h1-h31;h1-h33;h1-h34;h1-h35;h1-h36;h1-h37;h1-h38;h1-h39,h1-h32,2.7125,0.5,1.0,0.585,1,1.74925,0.15,1.0,0.5355
894,route,none,none,h30,-0.13636,0.0,0.0,0.37,10,-0.13636,0.0,0.0,0.421,h1-h32;h1-h30;h1-h31,h1-h32;h1-h30;h1-h31;h1-h33;h1-h34;h1-h35;h1-h36;h1-h37;h1-h38;h1-h39,h1-h32,2.6225,0.5,1.0,0.585,1,1.74025,0.15,1.0,0.5355
900,route,none,none,h30,-0.13636,0.0,0.0,0.37,10,-0.13636,0.0,0.0,0.421,h1-h32;h1-h30;h1-h31,h1-h32;h1-h30;h1-h31;h1-h33;h1-h34;h1-h35;h1-h36;h1-h37;h1-h38;h1-h39,h1-h32,2.6225,0.5,1.0,0.585,1,1.75825,0.15,1.0,0.5355
906,route,none,none,h30,-0.13636,0.0,0.0,0.37,10,-0.13636,0.0,0.0,0.421,h1-h32;h1-h30;h1-h31,h1-h32;h1-h30;h1-h31;h1-h33;h1-h34;h1-h35;h1-h36;h1-h37;h1-h38;h1-h39,h1-h32,2.7125,0.5,1.0,0.585,1,1.75825,0.15,1.0,0.5355
912,route,none,none,h30,-0.13636,0.0,0.0,0.37,10,-0.13636,0.0,0.0,0.421,h1-h32;h1-h31;h1-h30,h1-h32;h1-h31;h1-h30;h1-h33;h1-h34;h1-h35;h1-h36;h1-h37;h1-h38;h1-h39,h1-h32,2.6225,0.5,1.0,0.585,1,1.76175,0.15,1.0,0.5355
918,route,none,none,h30,-0.13636,0.0,0.0,0.37,10,-0.13636,0.0,0.0,0.421,h1-h32;h1-h30;h1-h31,h1-h32;h1-h30;h1-h31;h1-h33;h1-h34;h1-h35;h1-h36;h1-h37;h1-h38;h1-h39,h1-h32,2.7125,0.5,1.0,0.585,1,1.75825,0.15,1.0,0.5355
924,route,none,none,h30,-0.13636,0.0,0.0,0.37,10,-0.13636,0.0,0.0,0.421,h1-h32;h1-h30;h1-h31,h1-h32;h1-h30;h1-h31;h1-h33;h1-h34;h1-h35;h1-h36;h1-h37;h1-h38;h1-h39,h1-h32,2.6225,0.5,1.0,0.585,1,1.74925,0.15,1.0,0.5355
930,route,none,none,h30,-0.13636,0.0,0.0,0.37,10,-0.13636,0.0,0.0,0.421,h1-h32;h1-h30;h1-h31,h1-h32;h1-h30;h1-h31;h1-h33;h1-h34;h1-h35;h1-h36;h1-h37;h1-h38;h1-h39,h1-h32,2.7125,0.5,1.0,0.585,1,1.75825,0.15,1.0,0.5355
936,route,none,none,h30,-0.13636,0.0,0.0,0.37,10,-0.13636,0.0,0.0,0.421,h1-h32;h1-h30;h1-h31,h1-h32;h1-h30;h1-h31;h1-h33;h1-h34;h1-h35;h1-h36;h1-h37;h1-h38;h1-h39,h1-h32,2.6225,0.5,1.0,0.585,1,1.74025,0.15,1.0,0.5355
942,route,none,none,h30,-0.13636,0.0,0.0,0.37,10,-0.13636,0.0,0.0,0.421,h1-h32;h1-h30;h1-h31,h1-h32;h1-h30;h1-h31;h1-h33;h1-h34;h1-h35;h1-h36;h1-h37;h1-h38;h1-h39,h1-h32,2.6225,0.5,1.0,0.585,1,1.74025,0.15,1.0,0.5355
948,route,none,none,h30,-0.13636,0.0,0.0,0.37,10,-0.13636,0.0,0.0,0.421,h1-h32;h1-h30;h1-h31,h1-h32;h1-h30;h1-h31;h1-h33;h1-h34;h1-h35;h1-h36;h1-h37;h1-h38;h1-h39,h1-h32,2.7125,0.5,1.0,0.585,1,1.74925,0.15,1.0,0.5355
954,route,none,none,h30,-0.13636,0.0,0.0,0.37,10,-0.13636,0.0,0.0,0.421,h1-h32;h1-h30;h1-h31,h1-h32;h1-h30;h1-h31;h1-h33;h1-h34;h1-h35;h1-h36;h1-h37;h1-h38;h1-h39,h1-h32,2.6225,0.5,1.0,0.585,1,1.74025,0.15,1.0,0.5355
960,route,none,none,h30,-0.13636,0.0,0.0,0.37,10,-0.13636,0.0,0.0,0.421,h1-h32;h1-h30;h1-h31,h1-h32;h1-h30;h1-h31;h1-h33;h1-h34;h1-h35;h1-h36;h1-h37;h1-h38;h1-h39,h1-h32,2.6225,0.5,1.0,0.585,1,1.76175,0.15,1.0,0.5355
966,route,none,none,h30,-0.13636,0.0,0.0,0.37,10,-0.13636,0.0,0.0,0.421,h1-h32;h1-h30;h1-h31,h1-h32;h1-h30;h1-h31;h1-h33;h1-h34;h1-h35;h1-h36;h1-h37;h1-h38;h1-h39,h1-h32,2.6225,0.5,1.0,0.585,1,1.74925,0.15,1.0,0.5355
972,route,none,none,h30,-0.13636,0.0,0.0,0.37,10,-0.13636,0.0,0.0,0.421,h1-h32;h1-h30;h1-h31,h1-h32;h1-h30;h1-h31;h1-h33;h1-h34;h1-h35;h1-h36;h1-h37;h1-h38;h1-h39,h1-h32,2.7125,0.5,1.0,0.585,1,1.75825,0.15,1.0,0.5355
978,route,none,none,h30,-0.13636,0.0,0.0,0.37,10,-0.13636,0.0,0.0,0.421,h1-h32;h1-h30;h1-h31,h1-h32;h1-h30;h1-h31;h1-h33;h1-h34;h1-h35;h1-h36;h1-h37;h1-h38;h1-h39,h1-h32,2.6225,0.5,1.0,0.585,1,1.74025,0.15,1.0,0.5355
984,route,none,none,h30,-0.13636,0.0,0.0,0.37,10,-0.13636,0.0,0.0,0.421,h1-h32;h1-h30;h1-h31,h1-h32;h1-h30;h1-h31;h1-h33;h1-h34;h1-h35;h1-h36;h1-h37;h1-h38;h1-h39,h1-h32,2.6225,0.5,1.0,0.585,1,1.74925,0.15,1.0,0.5355
990,route,none,none,h30,-0.13636,0.0,0.0,0.37,10,-0.13636,0.0,0.0,0.421,h1-h32;h1-h30;h1-h31,h1-h32;h1-h30;h1-h31;h1-h33;h1-h34;h1-h35;h1-h36;h1-h37;h1-h38;h1-h39,h1-h32,2.6225,0.5,1.0,0.585,1,1.74025,0.15,1.0,0.5355
996,route,none,none,h30,-0.13636,0.0,0.0,0.37,10,-0.13636,0.0,0.0,0.421,h1-h32;h1-h30;h1-h31,h1-h32;h1-h30;h1-h31;h1-h33;h1-h34;h1-h35;h1-h36;h1-h37;h1-h38;h1-h39,h1-h32,2.6225,0.5,1.0,0.585,1,1.74025,0.15,1.0,0.5355
1002,route,none,none,h30,-0.13636,0.0,0.0,0.37,10,-0.13636,0.0,0.0,0.421,h1-h32;h1-h30;h1-h31,h1-h32;h1-h30;h1-h31;h1-h33;h1-h34;h1-h35;h1-h36;h1-h37;h1-h38;h1-h39,h1-h32,2.7125,0.5,1.0,0.585,1,1.76725,0.15,1.0,0.5355
1008,route,none,none,h30,-0.13636,0.0,0.0,0.37,10,-0.13636,0.0,0.0,0.421,h1-h32;h1-h30;h1-h31,h1-h32;h1-h30;h1-h31;h1-h33;h1-h34;h1-h35;h1-h36;h1-h37;h1-h38;h1-h39,h1-h32,2.6225,0.5,1.0,0.585,1,1.74925,0.15,1.0,0.5355
1014,route,none,none,h30,-0.13636,0.0,0.0,0.37,10,-0.13636,0.0,0.0,0.421,h1-h32;h1-h30;h1-h31,h1-h32;h1-h30;h1-h31;h1-h33;h1-h34;h1-h35;h1-h36;h1-h37;h1-h38;h1-h39,h1-h32,2.7125,0.5,1.0,0.585,1,1.74925,0.15,1.0,0.5355
1020,route,none,none,h30,-0.13636,0.0,0.0,0.37,10,-0.13636,0.0,0.0,0.421,h1-h32;h1-h30;h1-h31,h1-h32;h1-h30;h1-h31;h1-h33;h1-h34;h1-h35;h1-h36;h1-h37;h1-h38;h1-h39,h1-h32,2.6225,0.5,1.0,0.585,1,1.74925,0.15,1.0,0.5355
1026,route,none,none,h30,-0.13636,0.0,0.0,0.37,10,-0.13636,0.0,0.0,0.421,h1-h32;h1-h30;h1-h31,h1-h32;h1-h30;h1-h31;h1-h33;h1-h34;h1-h35;h1-h36;h1-h37;h1-h38;h1-h39,h1-h32,2.7125,0.5,1.0,0.585,1,1.75825,0.15,1.0,0.5355
1032,route,none,none,h30,-0.13636,0.0,0.0,0.37,10,-0.13636,0.0,0.0,0.421,h1-h32;h1-h30;h1-h31,h1-h32;h1-h30;h1-h31;h1-h33;h1-h34;h1-h35;h1-h36;h1-h37;h1-h38;h1-h39,h1-h32,2.6225,0.5,1.0,0.585,1,1.74925,0.15,1.0,0.5355
1038,route,none,none,h30,-0.13636,0.0,0.0,0.37,10,-0.13636,0.0,0.0,0.421,h1-h32;h1-h30;h1-h31,h1-h32;h1-h30;h1-h31;h1-h33;h1-h34;h1-h35;h1-h36;h1-h37;h1-h38;h1-h39,h1-h32,2.6225,0.5,1.0,0.585,1,1.74925,0.15,1.0,0.5355
1044,route,none,none,h30,-0.13636,0.0,0.0,0.37,10,-0.13636,0.0,0.0,0.421,h1-h32;h1-h30;h1-h31,h1-h32;h1-h30;h1-h31;h1-h33;h1-h34;h1-h35;h1-h36;h1-h37;h1-h38;h1-h39,h1-h32,2.7125,0.5,1.0,0.585,1,1.75825,0.15,1.0,0.5355
1050,route,none,none,h30,-0.13636,0.0,0.0,0.37,10,-0.13636,0.0,0.0,0.421,h1-h32;h1-h30;h1-h31,h1-h32;h1-h30;h1-h31;h1-h33;h1-h34;h1-h35;h1-h36;h1-h37;h1-h38;h1-h39,h1-h32,2.7125,0.5,1.0,0.585,1,1.74925,0.15,1.0,0.5355
1056,route,none,none,h30,-0.13636,0.0,0.0,0.37,10,-0.13636,0.0,0.0,0.421,h1-h32;h1-h30;h1-h31,h1-h32;h1-h30;h1-h31;h1-h33;h1-h34;h1-h35;h1-h36;h1-h37;h1-h38;h1-h39,h1-h32,2.6225,0.5,1.0,0.585,1,1.74025,0.15,1.0,0.5355
1062,route,none,none,h30,-0.13636,0.0,0.0,0.37,10,-0.13636,0.0,0.0,0.421,h1-h32;h1-h30;h1-h31,h1-h32;h1-h30;h1-h31;h1-h33;h1-h34;h1-h35;h1-h36;h1-h37;h1-h38;h1-h39,h1-h32,2.6225,0.5,1.0,0.585,1,1.74925,0.15,1.0,0.5355
1068,route,none,none,h30,-0.13636,0.0,0.0,0.37,10,-0.13636,0.0,0.0,0.421,h1-h32;h1-h30;h1-h31,h1-h32;h1-h30;h1-h31;h1-h33;h1-h34;h1-h35;h1-h36;h1-h37;h1-h38;h1-h39,h1-h32,2.6225,0.5,1.0,0.585,1,1.75825,0.15,1.0,0.5355
1074,route,none,none,h30,-0.13636,0.0,0.0,0.37,10,-0.13636,0.0,0.0,0.421,h1-h32;h1-h30;h1-h31,h1-h32;h1-h30;h1-h31;h1-h33;h1-h34;h1-h35;h1-h36;h1-h37;h1-h38;h1-h39,h1-h32,2.6225,0.5,1.0,0.585,1,1.74025,0.15,1.0,0.5355
1080,route,none,none,h30,-0.13636,0.0,0.0,0.37,10,-0.13636,0.0,0.0,0.376,h1-h32;h1-h30;h1-h31,h1-h32;h1-h30;h1-h31;h1-h33;h1-h34;h1-h35;h1-h36;h1-h37;h1-h38;h1-h39,h1-h32,2.7125,0.5,1.0,0.585,1,1.75825,0.15,1.0,0.513
1086,route,none,none,h30,-0.13636,0.0,0.0,0.37,10,-0.13636,0.0,0.0,0.376,h1-h32;h1-h30;h1-h31,h1-h32;h1-h30;h1-h31;h1-h33;h1-h34;h1-h35;h1-h36;h1-h37;h1-h38;h1-h39,h1-h32,2.6225,0.5,1.0,0.585,1,1.75825,0.15,1.0,0.513
1092,route,none,none,h30,-0.13636,0.0,0.0,0.37,10,-0.13636,0.0,0.0,0.376,h1-h32;h1-h30;h1-h31,h1-h32;h1-h30;h1-h31;h1-h33;h1-h34;h1-h35;h1-h36;h1-h37;h1-h38;h1-h39,h1-h32,2.7125,0.5,1.0,0.585,1,1.76725,0.15,1.0,0.513
1098,route,none,none,h30,-0.13636,0.0,0.0,0.37,10,-0.13636,0.0,0.0,0.376,h1-h32;h1-h30;h1-h31,h1-h32;h1-h30;h1-h31;h1-h33;h1-h34;h1-h35;h1-h36;h1-h37;h1-h38;h1-h39,h1-h32,2.6225,0.5,1.0,0.585,1,1.74925,0.15,1.0,0.513
1104,route,none,none,h30,-0.13636,0.0,0.0,0.37,10,-0.13636,0.0,0.0,0.376,h1-h32;h1-h30;h1-h31,h1-h32;h1-h30;h1-h31;h1-h33;h1-h34;h1-h35;h1-h36;h1-h37;h1-h38;h1-h39,h1-h32,2.6225,0.5,1.0,0.585,1,1.74025,0.15,1.0,0.513
1110,route,none,none,h30,-0.13636,0.0,0.0,0.37,10,-0.13636,0.0,0.0,0.376,h1-h32;h1-h30;h1-h31,h1-h32;h1-h30;h1-h31;h1-h33;h1-h34;h1-h35;h1-h36;h1-h37;h1-h38;h1-h39,h1-h32,2.6225,0.5,1.0,0.585,1,1.74925,0.15,1.0,0.513
1116,route,none,none,h30,-0.13636,0.0,0.0,0.37,10,-0.13636,0.0,0.0,0.376,h1-h32;h1-h30;h1-h31,h1-h32;h1-h30;h1-h31;h1-h33;h1-h34;h1-h35;h1-h36;h1-h37;h1-h38;h1-h39,h1-h32,2.7125,0.5,1.0,0.585,1,1.75825,0.15,1.0,0.513
1122,route,none,none,h30,-0.13636,0.0,0.0,0.37,10,-0.13636,0.0,0.0,0.376,h1-h32;h1-h30;h1-h31,h1-h32;h1-h30;h1-h31;h1-h33;h1-h34;h1-h35;h1-h36;h1-h37;h1-h38;h1-h39,h1-h32,2.7125,0.5,1.0,0.585,1,1.75825,0.15,1.0,0.513
1128,route,none,none,h30,-0.13636,0.0,0.0,0.37,10,-0.13636,0.0,0.0,0.376,h1-h32;h1-h30;h1-h31,h1-h32;h1-h30;h1-h31;h1-h33;h1-h34;h1-h35;h1-h36;h1-h37;h1-h38;h1-h39,h1-h32,2.6225,0.5,1.0,0.585,1,1.74025,0.15,1.0,0.513
1134,route,none,none,h30,-0.13636,0.0,0.0,0.37,10,-0.13636,0.0,0.0,0.376,h1-h32;h1-h30;h1-h31,h1-h32;h1-h30;h1-h31;h1-h33;h1-h34;h1-h35;h1-h36;h1-h37;h1-h38;h1-h39,h1-h32,2.6225,0.5,1.0,0.585,1,1.75825,0.15,1.0,0.513
1140,route,none,none,h30,-0.13636,0.0,0.0,0.37,10,-0.13636,0.0,0.0,0.376,h1-h32;h1-h30;h1-h31,h1-h32;h1-h30;h1-h31;h1-h33;h1-h34;h1-h35;h1-h36;h1-h37;h1-h38;h1-h39,h1-h32,2.6225,0.5,1.0,0.585,1,1.75825,0.15,1.0,0.513
1146,route,none,none,h30,-0.13636,0.0,0.0,0.37,10,-0.13636,0.0,0.0,0.376,h1-h32;h1-h30;h1-h31,h1-h32;h1-h30;h1-h31;h1-h33;h1-h34;h1-h35;h1-h36;h1-h37;h1-h38;h1-h39,h1-h32,2.6225,0.5,1.0,0.585,1,1.74025,0.15,1.0,0.513
1152,route,none,none,h30,-0.13636,0.0,0.0,0.37,10,-0.13636,0.0,0.0,0.376,h1-h32;h1-h30;h1-h31,h1-h32;h1-h30;h1-h31;h1-h33;h1-h34;h1-h35;h1-h36;h1-h37;h1-h38;h1-h39,h1-h32,2.7125,0.5,1.0,0.585,1,1.74925,0.15,1.0,0.513
1158,route,none,none,h30,-0.13636,0.0,0.0,0.37,10,-0.13636,0.0,0.0,0.376,h1-h32;h1-h30;h1-h31,h1-h32;h1-h30;h1-h31;h1-h33;h1-h34;h1-h35;h1-h36;h1-h37;h1-h38;h1-h39,h1-h32,2.6225,0.5,1.0,0.585,1,1.74925,0.15,1.0,0.513
1164,route,none,none,h30,-0.13636,0.0,0.0,0.37,10,-0.13636,0.0,0.0,0.376,h1-h32;h1-h30;h1-h31,h1-h32;h1-h30;h1-h31;h1-h33;h1-h34;h1-h35;h1-h36;h1-h37;h1-h38;h1-h39,h1-h32,2.6225,0.5,1.0,0.585,1,1.74925,0.15,1.0,0.513
1170,route,none,none,h30,-0.13636,0.0,0.0,0.37,10,-0.13636,0.0,0.0,0.376,h1-h32;h1-h30;h1-h31,h1-h32;h1-h30;h1-h31;h1-h33;h1-h34;h1-h35;h1-h36;h1-h37;h1-h38;h1-h39,h1-h32,2.6225,0.5,1.0,0.585,1,1.75825,0.15,1.0,0.513
1176,route,none,none,h30,-0.13636,0.0,0.0,0.37,10,-0.13636,0.0,0.0,0.376,h1-h32;h1-h30;h1-h31,h1-h32;h1-h30;h1-h31;h1-h33;h1-h34;h1-h35;h1-h36;h1-h37;h1-h38;h1-h39,h1-h32,2.6225,0.5,1.0,0.585,1,1.74925,0.15,1.0,0.513
1182,route,none,none,h30,-0.13636,0.0,0.0,0.37,10,-0.13636,0.0,0.0,0.376,h1-h32;h1-h30;h1-h31,h1-h32;h1-h30;h1-h31;h1-h33;h1-h34;h1-h35;h1-h36;h1-h37;h1-h38;h1-h39,h1-h32,2.7125,0.5,1.0,0.585,1,1.75825,0.15,1.0,0.513
1188,route,none,none,h30,-0.13636,0.0,0.0,0.37,10,-0.13636,0.0,0.0,0.376,h1-h32;h1-h30;h1-h31,h1-h32;h1-h30;h1-h31;h1-h33;h1-h34;h1-h35;h1-h36;h1-h37;h1-h38;h1-h39,h1-h32,2.7125,0.5,1.0,0.585,1,1.76725,0.15,1.0,0.513
1194,route,none,none,h30,-0.13636,0.0,0.0,0.37,10,-0.13636,0.0,0.0,0.376,h1-h32;h1-h30;h1-h31,h1-h32;h1-h30;h1-h31;h1-h33;h1-h34;h1-h35;h1-h36;h1-h37;h1-h38;h1-h39,h1-h32,2.7125,0.5,1.0,0.585,1,1.74925,0.15,1.0,0.513
1200,route,none,none,h30,-0.13636,0.0,0.0,0.37,10,-0.13636,0.0,0.0,0.376,h1-h32;h1-h30;h1-h31,h1-h32;h1-h30;h1-h31;h1-h33;h1-h34;h1-h35;h1-h36;h1-h37;h1-h38;h1-h39,h1-h32,2.6225,0.5,1.0,0.585,1,1.75825,0.15,1.0,0.513
1206,route,none,none,h30,-0.13636,0.0,0.0,0.37,10,-0.13636,0.0,0.0,0.376,h1-h32;h1-h30;h1-h31,h1-h32;h1-h30;h1-h31;h1-h33;h1-h34;h1-h35;h1-h36;h1-h37;h1-h38;h1-h39,h1-h32,2.7125,0.5,1.0,0.585,1,1.76725,0.15,1.0,0.513
1212,route,none,none,h30,-0.13636,0.0,0.0,0.37,10,-0.13636,0.0,0.0,0.376,h1-h32;h1-h30;h1-h31,h1-h32;h1-h30;h1-h31;h1-h33;h1-h34;h1-h35;h1-h36;h1-h37;h1-h38;h1-h39,h1-h32,2.6225,0.5,1.0,0.585,1,1.74925,0.15,1.0,0.513
1218,route,none,none,h30,-0.13636,0.0,0.0,0.37,10,-0.13636,0.0,0.0,0.376,h1-h32;h1-h30;h1-h31,h1-h32;h1-h30;h1-h31;h1-h33;h1-h34;h1-h35;h1-h36;h1-h37;h1-h38;h1-h39,h1-h32,2.6225,0.5,1.0,0.585,1,1.74925,0.15,1.0,0.513
1224,route,none,none,h30,-0.13636,0.0,0.0,0.37,10,-0.13636,0.0,0.0,0.376,h1-h32;h1-h30;h1-h31,h1-h32;h1-h30;h1-h31;h1-h33;h1-h34;h1-h35;h1-h36;h1-h37;h1-h38;h1-h39,h1-h32,2.7125,0.5,1.0,0.585,1,1.75825,0.15,1.0,0.513
1230,route,none,none,h30,-0.13636,0.0,0.0,0.37,10,-0.13636,0.0,0.0,0.376,h1-h32;h1-h30;h1-h31,h1-h32;h1-h30;h1-h31;h1-h33;h1-h34;h1-h35;h1-h36;h1-h37;h1-h38;h1-h39,h1-h32,2.7125,0.5,1.0,0.585,1,1.74925,0.15,1.0,0.513
1236,route,none,none,h30,-0.13636,0.0,0.0,0.37,10,-0.13636,0.0,0.0,0.376,h1-h32;h1-h30;h1-h31,h1-h32;h1-h30;h1-h31;h1-h33;h1-h34;h1-h35;h1-h36;h1-h37;h1-h38;h1-h39,h1-h32,2.6225,0.5,1.0,0.585,1,1.74025,0.15,1.0,0.513
1242,route,none,none,h30,-0.13636,0.0,0.0,0.37,10,-0.13636,0.0,0.0,0.376,h1-h32;h1-h30;h1-h31,h1-h32;h1-h30;h1-h31;h1-h33;h1-h34;h1-h35;h1-h36;h1-h37;h1-h38;h1-h39,h1-h32,2.6225,0.5,1.0,0.585,1,1.74025,0.15,1.0,0.513
1248,route,none,none,h30,-0.13636,0.0,0.0,0.37,10,-0.13636,0.0,0.0,0.376,h1-h32;h1-h30;h1-h31,h1-h32;h1-h30;h1-h31;h1-h33;h1-h34;h1-h35;h1-h36;h1-h37;h1-h38;h1-h39,h1-h32,2.6225,0.5,1.0,0.585,1,1.74925,0.15,1.0,0.513
1254,route,none,none,h30,-0.13636,0.0,0.0,0.37,10,-0.13636,0.0,0.0,0.376,h1-h32;h1-h30;h1-h31,h1-h32;h1-h30;h1-h31;h1-h33;h1-h34;h1-h35;h1-h36;h1-h37;h1-h38;h1-h39,h1-h32,2.7125,0.5,1.0,0.585,1,1.75825,0.15,1.0,0.513
1260,route,none,none,h30,-0.13636,0.0,0.0,0.37,10,-0.13636,0.0,0.0,0.376,h1-h32;h1-h30;h1-h31,h1-h32;h1-h30;h1-h31;h1-h33;h1-h34;h1-h35;h1-h36;h1-h37;h1-h38;h1-h39,h1-h32,2.6225,0.5,1.0,0.585,1,1.74925,0.15,1.0,0.513
1266,route,none,none,h30,-0.13636,0.0,0.0,0.37,10,-0.13636,0.0,0.0,0.376,h1-h32;h1-h30;h1-h31,h1-h32;h1-h30;h1-h31;h1-h33;h1-h34;h1-h35;h1-h36;h1-h37;h1-h38;h1-h39,h1-h32,2.7125,0.5,1.0,0.585,1,1.75825,0.15,1.0,0.513
1272,route,none,none,h30,-0.13636,0.0,0.0,0.37,10,-0.13636,0.0,0.0,0.376,h1-h32;h1-h30;h1-h31,h1-h32;h1-h30;h1-h31;h1-h33;h1-h34;h1-h35;h1-h36;h1-h37;h1-h38;h1-h39,h1-h32,2.6225,0.5,1.0,0.585,1,1.74925,0.15,1.0,0.513
1278,route,none,none,h30,-0.13636,0.0,0.0,0.37,10,-0.13636,0.0,0.0,0.376,h1-h32;h1-h30;h1-h31,h1-h32;h1-h30;h1-h31;h1-h33;h1-h34;h1-h35;h1-h36;h1-h37;h1-h38;h1-h39,h1-h32,2.6225,0.5,1.0,0.585,1,1.75825,0.15,1.0,0.513
1284,route,none,none,h30,-0.13636,0.0,0.0,0.37,10,-0.13636,0.0,0.0,0.376,h1-h32;h1-h30;h1-h31,h1-h32;h1-h30;h1-h31;h1-h33;h1-h34;h1-h35;h1-h36;h1-h37;h1-h38;h1-h39,h1-h32,2.6225,0.5,1.0,0.585,1,1.74025,0.15,1.0,0.513
1290,route,none,none,h30,-0.13636,0.0,0.0,0.37,10,-0.13636,0.0,0.0,0.376,h1-h32;h1-h30;h1-h31,h1-h32;h1-h30;h1-h31;h1-h33;h1-h34;h1-h35;h1-h36;h1-h37;h1-h38;h1-h39,h1-h32,2.6225,0.5,1.0,0.585,1,1.74025,0.15,1.0,0.513
1296,route,none,none,h30,-0.13636,0.0,0.0,0.37,10,-0.13636,0.0,0.0,0.376,h1-h32;h1-h30;h1-h31,h1-h32;h1-h30;h1-h31;h1-h33;h1-h34;h1-h35;h1-h36;h1-h37;h1-h38;h1-h39,h1-h32,2.6225,0.5,1.0,0.585,1,1.74025,0.15,1.0,0.513
1302,route,none,none,h30,-0.13636,0.0,0.0,0.37,10,-0.13636,0.0,0.0,0.376,h1-h32;h1-h30;h1-h31,h1-h32;h1-h30;h1-h31;h1-h33;h1-h34;h1-h35;h1-h36;h1-h37;h1-h38;h1-h39,h1-h32,2.6225,0.5,1.0,0.585,1,1.74025,0.15,1.0,0.513
1308,route,none,none,h30,-0.13636,0.0,0.0,0.37,10,-0.13636,0.0,0.0,0.376,h1-h32;h1-h30;h1-h31,h1-h32;h1-h30;h1-h31;h1-h33;h1-h34;h1-h35;h1-h36;h1-h37;h1-h38;h1-h39,h1-h32,2.7125,0.5,1.0,0.585,1,1.75825,0.15,1.0,0.513
1314,route,none,none,h30,-0.13636,0.0,0.0,0.37,10,-0.13636,0.0,0.0,0.376,h1-h32;h1-h30;h1-h31,h1-h32;h1-h30;h1-h31;h1-h33;h1-h34;h1-h35;h1-h36;h1-h37;h1-h38;h1-h39,h1-h32,2.6225,0.5,1.0,0.585,1,1.74025,0.15,1.0,0.513
1320,route,none,none,h30,-0.13636,0.0,0.0,0.37,10,-0.13636,0.0,0.0,0.376,h1-h32;h1-h30;h1-h31,h1-h32;h1-h30;h1-h31;h1-h33;h1-h34;h1-h35;h1-h36;h1-h37;h1-h38;h1-h39,h1-h32,2.6225,0.5,1.0,0.585,1,1.74925,0.15,1.0,0.513
1326,route,none,none,h30,-0.13636,0.0,0.0,0.37,10,-0.13636,0.0,0.0,0.376,h1-h32;h1-h30;h1-h31,h1-h32;h1-h30;h1-h31;h1-h33;h1-h34;h1-h35;h1-h36;h1-h37;h1-h38;h1-h39,h1-h32,2.7475,0.5,1.0,0.585,2,1.77075,0.15,1.0,0.513
1332,route,none,none,h30,-0.13636,0.0,0.0,0.37,10,-0.13636,0.0,0.0,0.376,h1-h32;h1-h30;h1-h31,h1-h32;h1-h30;h1-h31;h1-h33;h1-h34;h1-h35;h1-h36;h1-h37;h1-h38;h1-h39,h1-h32,2.6225,0.5,1.0,0.585,1,1.74025,0.15,1.0,0.513
1338,route,none,none,h30,-0.13636,0.0,0.0,0.37,10,-0.13636,0.0,0.0,0.376,h1-h32;h1-h30;h1-h31,h1-h32;h1-h30;h1-h31;h1-h33;h1-h34;h1-h35;h1-h36;h1-h37;h1-h38;h1-h39,h1-h32,2.7125,0.5,1.0,0.585,1,1.75825,0.15,1.0,0.513
1344,route,none,none,h30,-0.13636,0.0,0.0,0.37,10,-0.13636,0.0,0.0,0.376,h1-h32;h1-h30;h1-h31,h1-h32;h1-h30;h1-h31;h1-h33;h1-h34;h1-h35;h1-h36;h1-h37;h1-h38;h1-h39,h1-h32,2.6225,0.5,1.0,0.585,1,1.74925,0.15,1.0,0.513
1350,route,none,none,h30,-0.13636,0.0,0.0,0.37,10,-0.13636,0.0,0.0,0.376,h1-h32;h1-h30;h1-h31,h1-h32;h1-h30;h1-h31;h1-h33;h1-h34;h1-h35;h1-h36;h1-h37;h1-h38;h1-h39,h1-h32,2.6225,0.5,1.0,0.585,1,1.74925,0.15,1.0,0.513
1356,route,none,none,h30,-0.13636,0.0,0.0,0.37,10,-0.13636,0.0,0.0,0.376,h1-h32;h1-h30;h1-h31,h1-h32;h1-h30;h1-h31;h1-h33;h1-h34;h1-h35;h1-h36;h1-h37;h1-h38;h1-h39,h1-h32,2.6225,0.5,1.0,0.585,1,1.74025,0.15,1.0,0.513
1362,route,none,none,h30,-0.13636,0.0,0.0,0.37,10,-0.13636,0.0,0.0,0.376,h1-h32;h1-h30;h1-h31,h1-h32;h1-h30;h1-h31;h1-h33;h1-h34;h1-h35;h1-h36;h1-h37;h1-h38;h1-h39,h1-h32,2.6225,0.5,1.0,0.585,1,1.75825,0.15,1.0,0.513
1368,route,none,none,h30,-0.13636,0.0,0.0,0.37,10,-0.13636,0.0,0.0,0.376,h1-h32;h1-h30;h1-h31,h1-h32;h1-h30;h1-h31;h1-h33;h1-h34;h1-h35;h1-h36;h1-h37;h1-h38;h1-h39,h1-h32,2.7475,0.5,1.0,0.585,2,1.76175,0.15,1.0,0.513
1374,route,none,none,h30,-0.13636,0.0,0.0,0.37,10,-0.13636,0.0,0.0,0.376,h1-h32;h1-h30;h1-h31,h1-h32;h1-h30;h1-h31;h1-h33;h1-h34;h1-h35;h1-h36;h1-h37;h1-h38;h1-h39,h1-h32,2.7125,0.5,1.0,0.585,1,1.74925,0.15,1.0,0.513
1380,route,none,none,h30,-0.13636,0.0,0.0,0.37,10,-0.13636,0.0,0.0,0.376,h1-h32;h1-h30;h1-h31,h1-h32;h1-h30;h1-h31;h1-h33;h1-h34;h1-h35;h1-h36;h1-h37;h1-h38;h1-h39,h1-h32,2.6225,0.5,1.0,0.585,1,1.75825,0.15,1.0,0.513
1386,route,none,none,h30,-0.13636,0.0,0.0,0.37,10,-0.13636,0.0,0.0,0.376,h1-h32;h1-h30;h1-h31,h1-h32;h1-h30;h1-h31;h1-h33;h1-h34;h1-h35;h1-h36;h1-h37;h1-h38;h1-h39,h1-h32,2.7125,0.5,1.0,0.585,1,1.75825,0.15,1.0,0.513
1392,route,none,none,h30,-0.13636,0.0,0.0,0.37,10,-0.13636,0.0,0.0,0.376,h1-h32;h1-h30;h1-h31,h1-h32;h1-h30;h1-h31;h1-h33;h1-h34;h1-h35;h1-h36;h1-h37;h1-h38;h1-h39,h1-h32,2.7125,0.5,1.0,0.585,1,1.75825,0.15,1.0,0.513
1398,route,none,none,h30,-0.13636,0.0,0.0,0.37,10,-0.13636,0.0,0.0,0.376,h1-h32;h1-h30;h1-h31,h1-h32;h1-h30;h1-h31;h1-h33;h1-h34;h1-h35;h1-h36;h1-h37;h1-h38;h1-h39,h1-h32,2.7125,0.5,1.0,0.585,1,1.74925,0.15,1.0,0.513
1404,route,none,none,h30,-0.13636,0.0,0.0,0.37,10,-0.13636,0.0,0.0,0.376,h1-h32;h1-h30;h1-h31,h1-h32;h1-h30;h1-h31;h1-h33;h1-h34;h1-h35;h1-h36;h1-h37;h1-h38;h1-h39,h1-h32,2.6225,0.5,1.0,0.585,1,1.74925,0.15,1.0,0.513
1410,route,none,none,h30,-0.13636,0.0,0.0,0.37,10,-0.13636,0.0,0.0,0.376,h1-h32;h1-h30;h1-h31,h1-h32;h1-h30;h1-h31;h1-h33;h1-h34;h1-h35;h1-h36;h1-h37;h1-h38;h1-h39,h1-h32,2.7125,0.5,1.0,0.585,1,1.75825,0.15,1.0,0.513
1416,route,none,none,h30,-0.13636,0.0,0.0,0.37,10,-0.13636,0.0,0.0,0.376,h1-h32;h1-h30;h1-h31,h1-h32;h1-h30;h1-h31;h1-h33;h1-h34;h1-h35;h1-h36;h1-h37;h1-h38;h1-h39,h1-h32,2.6225,0.5,1.0,0.585,1,1.74925,0.15,1.0,0.513
1422,route,none,none,h30,-0.13636,0.0,0.0,0.37,10,-0.13636,0.0,0.0,0.376,h1-h32;h1-h30;h1-h31,h1-h32;h1-h30;h1-h31;h1-h33;h1-h34;h1-h35;h1-h36;h1-h37;h1-h38;h1-h39,h1-h32,2.6225,0.5,1.0,0.585,1,1.74925,0.15,1.0,0.513
1428,route,none,none,h30,-0.13636,0.0,0.0,0.37,10,-0.13636,0.0,0.0,0.376,h1-h32;h1-h30;h1-h31,h1-h32;h1-h30;h1-h31;h1-h33;h1-h34;h1-h35;h1-h36;h1-h37;h1-h38;h1-h39,h1-h32,2.6225,0.5,1.0,0.585,1,1.74025,0.15,1.0,0.513
1434,route,none,none,h30,-0.13636,0.0,0.0,0.37,10,-0.13636,0.0,0.0,0.376,h1-h32;h1-h30;h1-h31,h1-h32;h1-h30;h1-h31;h1-h33;h1-h34;h1-h35;h1-h36;h1-h37;h1-h38;h1-h39,h1-h32,2.6225,0.5,1.0,0.585,1,1.74025,0.15,1.0,0.513
1440,route,none,none,h30,-0.13636,0.0,0.0,0.46,10,-0.13636,0.0,0.0,0.4,h1-h30;h1-h32;h1-h31,h1-h30;h1-h32;h1-h31;h1-h33;h1-h34;h1-h35;h1-h36;h1-h37;h1-h38;h1-h39,h1-h30,2.6675,0.5,1.0,0.555,1,1.756,0.15,1.0,0.525
1446,route,none,none,h30,-0.13636,0.0,0.0,0.46,10,-0.13636,0.0,0.0,0.4,h1-h32;h1-h30;h1-h31,h1-h32;h1-h30;h1-h31;h1-h33;h1-h34;h1-h35;h1-h36;h1-h37;h1-h38;h1-h39,h1-h32,2.7125,0.5,1.0,0.585,1,1.756,0.15,1.0,0.525
1452,route,none,none,h30,-0.13636,0.0,0.0,0.46,10,-0.13636,0.0,0.0,0.4,h1-h30;h1-h32;h1-h31,h1-h30;h1-h32;h1-h31;h1-h33;h1-h34;h1-h35;h1-h36;h1-h37;h1-h38;h1-h39,h1-h30,2.6675,0.5,1.0,0.555,1,1.756,0.15,1.0,0.525
1458,route,none,none,h30,-0.13636,0.0,0.0,0.46,10,-0.13636,0.0,0.0,0.4,h1-h32;h1-h30;h1-h31,h1-h32;h1-h30;h1-h31;h1-h33;h1-h34;h1-h35;h1-h36;h1-h37;h1-h38;h1-h39,h1-h32,2.6225,0.5,1.0,0.585,1,1.756,0.15,1.0,0.525
1464,route,none,none,h30,-0.13636,0.0,0.0,0.46,10,-0.13636,0.0,0.0,0.4,h1-h32;h1-h30;h1-h31,h1-h32;h1-h30;h1-h31;h1-h33;h1-h34;h1-h35;h1-h36;h1-h37;h1-h38;h1-h39,h1-h32,2.7125,0.5,1.0,0.585,1,1.756,0.15,1.0,0.525
1470,route,none,none,h30,-0.13636,0.0,0.0,0.46,10,-0.13636,0.0,0.0,0.4,h1-h32;h1-h30;h1-h31,h1-h32;h1-h30;h1-h31;h1-h33;h1-h34;h1-h35;h1-h36;h1-h37;h1-h38;h1-h39,h1-h32,2.7125,0.5,1.0,0.585,1,1.765,0.15,1.0,0.525
1476,route,none,none,h30,-0.13636,0.0,0.0,0.46,10,-0.13636,0.0,0.0,0.4,h1-h32;h1-h30;h1-h31,h1-h32;h1-h30;h1-h31;h1-h33;h1-h34;h1-h35;h1-h36;h1-h37;h1-h38;h1-h39,h1-h32,2.7125,0.5,1.0,0.585,1,1.756,0.15,1.0,0.525
1482,route,none,none,h30,-0.13636,0.0,0.0,0.46,10,-0.13636,0.0,0.0,0.4,h1-h32;h1-h30;h1-h31,h1-h32;h1-h30;h1-h31;h1-h33;h1-h34;h1-h35;h1-h36;h1-h37;h1-h38;h1-h39,h1-h32,2.6225,0.5,1.0,0.585,1,1.756,0.15,1.0,0.525
1488,route,none,none,h30,-0.13636,0.0,0.0,0.46,10,-0.13636,0.0,0.0,0.4,h1-h32;h1-h30;h1-h31,h1-h32;h1-h30;h1-h31;h1-h33;h1-h34;h1-h35;h1-h36;h1-h37;h1-h38;h1-h39,h1-h32,2.7125,0.5,1.0,0.585,1,1.765,0.15,1.0,0.525
1494,route,none,none,h30,-0.13636,0.0,0.0,0.46,10,-0.13636,0.0,0.0,0.4,h1-h32;h1-h30;h1-h31,h1-h32;h1-h30;h1-h31;h1-h33;h1-h34;h1-h35;h1-h36;h1-h37;h1-h38;h1-h39,h1-h32,2.7125,0.5,1.0,0.585,1,1.765,0.15,1.0,0.525
1500,route,none,none,h30,-0.13636,0.0,0.0,0.46,10,-0.13636,0.0,0.0,0.4,h1-h32;h1-h30;h1-h31,h1-h32;h1-h30;h1-h31;h1-h33;h1-h34;h1-h35;h1-h36;h1-h37;h1-h38;h1-h39,h1-h32,2.6225,0.5,1.0,0.585,1,1.747,0.15,1.0,0.525
1506,route,none,none,h30,-0.13636,0.0,0.0,0.46,10,-0.13636,0.0,0.0,0.4,h1-h30;h1-h32;h1-h31,h1-h30;h1-h32;h1-h31;h1-h33;h1-h34;h1-h35;h1-h36;h1-h37;h1-h38;h1-h39,h1-h30,2.6675,0.5,1.0,0.555,1,1.756,0.15,1.0,0.525
1512,route,none,none,h30,-0.13636,0.0,0.0,0.46,10,-0.13636,0.0,0.0,0.4,h1-h32;h1-h30;h1-h31,h1-h32;h1-h30;h1-h31;h1-h33;h1-h34;h1-h35;h1-h36;h1-h37;h1-h38;h1-h39,h1-h32,2.6225,0.5,1.0,0.585,1,1.747,0.15,1.0,0.525
1518,route,none,none,h30,-0.13636,0.0,0.0,0.46,10,-0.13636,0.0,0.0,0.4,h1-h32;h1-h30;h1-h31,h1-h32;h1-h30;h1-h31;h1-h33;h1-h34;h1-h35;h1-h36;h1-h37;h1-h38;h1-h39,h1-h32,2.7125,0.5,1.0,0.585,1,1.756,0.15,1.0,0.525
1524,route,none,none,h30,-0.13636,0.0,0.0,0.46,10,-0.13636,0.0,0.0,0.4,h1-h32;h1-h30;h1-h31,h1-h32;h1-h30;h1-h31;h1-h33;h1-h34;h1-h35;h1-h36;h1-h37;h1-h38;h1-h39,h1-h32,2.6225,0.5,1.0,0.585,1,1.756,0.15,1.0,0.525
1530,route,none,none,h30,-0.13636,0.0,0.0,0.46,10,-0.13636,0.0,0.0,0.4,h1-h32;h1-h30;h1-h31,h1-h32;h1-h30;h1-h31;h1-h33;h1-h34;h1-h35;h1-h36;h1-h37;h1-h38;h1-h39,h1-h32,2.6225,0.5,1.0,0.585,1,1.747,0.15,1.0,0.525
1536,route,none,none,h30,-0.13636,0.0,0.0,0.46,10,-0.13636,0.0,0.0,0.4,h1-h32;h1-h30;h1-h31,h1-h32;h1-h30;h1-h31;h1-h33;h1-h34;h1-h35;h1-h36;h1-h37;h1-h38;h1-h39,h1-h32,2.7125,0.5,1.0,0.585,1,1.765,0.15,1.0,0.525
1542,route,none,none,h30,-0.13636,0.0,0.0,0.46,10,-0.13636,0.0,0.0,0.4,h1-h32;h1-h30;h1-h31,h1-h32;h1-h30;h1-h31;h1-h33;h1-h34;h1-h35;h1-h36;h1-h37;h1-h38;h1-h39,h1-h32,2.6225,0.5,1.0,0.585,1,1.747,0.15,1.0,0.525
1548,route,none,none,h30,-0.13636,0.0,0.0,0.46,10,-0.13636,0.0,0.0,0.4,h1-h32;h1-h30;h1-h31,h1-h32;h1-h30;h1-h31;h1-h33;h1-h34;h1-h35;h1-h36;h1-h37;h1-h38;h1-h39,h1-h32,2.7125,0.5,1.0,0.585,1,1.756,0.15,1.0,0.525
1554,route,none,none,h30,-0.13636,0.0,0.0,0.46,10,-0.13636,0.0,0.0,0.4,h1-h30;h1-h32;h1-h31,h1-h30;h1-h32;h1-h31;h1-h33;h1-h34;h1-h35;h1-h36;h1-h37;h1-h38;h1-h39,h1-h30,2.6675,0.5,1.0,0.555,1,1.756,0.15,1.0,0.525
1560,route,none,none,h30,-0.13636,0.0,0.0,0.46,10,-0.13636,0.0,0.0,0.4,h1-h32;h1-h30;h1-h31,h1-h32;h1-h30;h1-h31;h1-h33;h1-h34;h1-h35;h1-h36;h1-h37;h1-h38;h1-h39,h1-h32,2.6225,0.5,1.0,0.585,1,1.756,0.15,1.0,0.525
1566,route,none,none,h30,-0.13636,0.0,0.0,0.46,10,-0.13636,0.0,0.0,0.4,h1-h30;h1-h32;h1-h31,h1-h30;h1-h32;h1-h31;h1-h33;h1-h34;h1-h35;h1-h36;h1-h37;h1-h38;h1-h39,h1-h30,2.6675,0.5,1.0,0.555,1,1.756,0.15,1.0,0.525
1572,route,none,none,h30,-0.13636,0.0,0.0,0.46,10,-0.13636,0.0,0.0,0.4,h1-h32;h1-h30;h1-h31,h1-h32;h1-h30;h1-h31;h1-h33;h1-h34;h1-h35;h1-h36;h1-h37;h1-h38;h1-h39,h1-h32,2.6225,0.5,1.0,0.585,1,1.747,0.15,1.0,0.525
1578,route,none,none,h30,-0.13636,0.0,0.0,0.46,10,-0.13636,0.0,0.0,0.4,h1-h32;h1-h30;h1-h31,h1-h32;h1-h30;h1-h31;h1-h33;h1-h34;h1-h35;h1-h36;h1-h37;h1-h38;h1-h39,h1-h32,2.6225,0.5,1.0,0.585,1,1.747,0.15,1.0,0.525
1584,route,none,none,h30,-0.13636,0.0,0.0,0.46,10,-0.13636,0.0,0.0,0.4,h1-h32;h1-h30;h1-h31,h1-h32;h1-h30;h1-h31;h1-h33;h1-h34;h1-h35;h1-h36;h1-h37;h1-h38;h1-h39,h1-h32,2.7125,0.5,1.0,0.585,1,1.765,0.15,1.0,0.525
1590,route,none,none,h30,-0.13636,0.0,0.0,0.46,10,-0.13636,0.0,0.0,0.4,h1-h30;h1-h32;h1-h31,h1-h30;h1-h32;h1-h31;h1-h33;h1-h34;h1-h35;h1-h36;h1-h37;h1-h38;h1-h39,h1-h30,2.6675,0.5,1.0,0.555,1,1.756,0.15,1.0,0.525
1596,route,none,none,h30,-0.13636,0.0,0.0,0.46,10,-0.13636,0.0,0.0,0.4,h1-h32;h1-h30;h1-h31,h1-h32;h1-h30;h1-h31;h1-h33;h1-h34;h1-h35;h1-h36;h1-h37;h1-h38;h1-h39,h1-h32,2.7125,0.5,1.0,0.585,1,1.774,0.15,1.0,0.525
1602,route,none,none,h30,-0.13636,0.0,0.0,0.46,10,-0.13636,0.0,0.0,0.4,h1-h32;h1-h30;h1-h31,h1-h32;h1-h30;h1-h31;h1-h33;h1-h34;h1-h35;h1-h36;h1-h37;h1-h38;h1-h39,h1-h32,2.6225,0.5,1.0,0.585,1,1.747,0.15,1.0,0.525
1608,route,none,none,h30,-0.13636,0.0,0.0,0.46,10,-0.13636,0.0,0.0,0.4,h1-h32;h1-h30;h1-h31,h1-h32;h1-h30;h1-h31;h1-h33;h1-h34;h1-h35;h1-h36;h1-h37;h1-h38;h1-h39,h1-h32,2.6225,0.5,1.0,0.585,1,1.747,0.15,1.0,0.525
1614,route,none,none,h30,-0.13636,0.0,0.0,0.46,10,-0.13636,0.0,0.0,0.4,h1-h30;h1-h32;h1-h31,h1-h30;h1-h32;h1-h31;h1-h33;h1-h34;h1-h35;h1-h36;h1-h37;h1-h38;h1-h39,h1-h30,2.6675,0.5,1.0,0.555,1,1.756,0.15,1.0,0.525
1620,route,none,none,h30,-0.13636,0.0,0.0,0.46,10,-0.13636,0.0,0.0,0.4,h1-h32;h1-h30;h1-h31,h1-h32;h1-h30;h1-h31;h1-h33;h1-h34;h1-h35;h1-h36;h1-h37;h1-h38;h1-h39,h1-h32,2.7125,0.5,1.0,0.585,1,1.756,0.15,1.0,0.525
1626,route,none,none,h30,-0.13636,0.0,0.0,0.46,10,-0.13636,0.0,0.0,0.4,h1-h32;h1-h30;h1-h31,h1-h32;h1-h30;h1-h31;h1-h33;h1-h34;h1-h35;h1-h36;h1-h37;h1-h38;h1-h39,h1-h32,2.7125,0.5,1.0,0.585,1,1.756,0.15,1.0,0.525
1632,route,none,none,h30,-0.13636,0.0,0.0,0.46,10,-0.13636,0.0,0.0,0.4,h1-h32;h1-h30;h1-h31,h1-h32;h1-h30;h1-h31;h1-h33;h1-h34;h1-h35;h1-h36;h1-h37;h1-h38;h1-h39,h1-h32,2.6225,0.5,1.0,0.585,1,1.747,0.15,1.0,0.525
1638,route,none,none,h30,-0.13636,0.0,0.0,0.46,10,-0.13636,0.0,0.0,0.4,h1-h30;h1-h32;h1-h31,h1-h30;h1-h32;h1-h31;h1-h33;h1-h34;h1-h35;h1-h36;h1-h37;h1-h38;h1-h39,h1-h30,2.6675,0.5,1.0,0.555,1,1.756,0.15,1.0,0.525
1644,route,none,none,h30,-0.13636,0.0,0.0,0.46,10,-0.13636,0.0,0.0,0.4,h1-h32;h1-h30;h1-h31,h1-h32;h1-h30;h1-h31;h1-h33;h1-h34;h1-h35;h1-h36;h1-h37;h1-h38;h1-h39,h1-h32,2.7125,0.5,1.0,0.585,1,1.774,0.15,1.0,0.525
1650,route,none,none,h30,-0.13636,0.0,0.0,0.46,10,-0.13636,0.0,0.0,0.4,h1-h32;h1-h30;h1-h31,h1-h32;h1-h30;h1-h31;h1-h33;h1-h34;h1-h35;h1-h36;h1-h37;h1-h38;h1-h39,h1-h32,2.6225,0.5,1.0,0.585,1,1.756,0.15,1.0,0.525
1656,route,none,none,h30,-0.13636,0.0,0.0,0.46,10,-0.13636,0.0,0.0,0.4,h1-h32;h1-h30;h1-h31,h1-h32;h1-h30;h1-h31;h1-h33;h1-h34;h1-h35;h1-h36;h1-h37;h1-h38;h1-h39,h1-h32,2.7125,0.5,1.0,0.585,1,1.765,0.15,1.0,0.525
1662,route,none,none,h30,-0.13636,0.0,0.0,0.46,10,-0.13636,0.0,0.0,0.4,h1-h32;h1-h30;h1-h31,h1-h32;h1-h30;h1-h31;h1-h33;h1-h34;h1-h35;h1-h36;h1-h37;h1-h38;h1-h39,h1-h32,2.6225,0.5,1.0,0.585,1,1.747,0.15,1.0,0.525
1668,route,none,none,h30,-0.13636,0.0,0.0,0.46,10,-0.13636,0.0,0.0,0.4,h1-h30;h1-h32;h1-h31,h1-h30;h1-h32;h1-h31;h1-h33;h1-h34;h1-h35;h1-h36;h1-h37;h1-h38;h1-h39,h1-h30,2.6675,0.5,1.0,0.555,1,1.765,0.15,1.0,0.525
1674,route,none,none,h30,-0.13636,0.0,0.0,0.46,10,-0.13636,0.0,0.0,0.4,h1-h30;h1-h32;h1-h31,h1-h30;h1-h32;h1-h31;h1-h33;h1-h34;h1-h35;h1-h36;h1-h37;h1-h38;h1-h39,h1-h30,2.6675,0.5,1.0,0.555,1,1.756,0.15,1.0,0.525
1680,route,none,none,h30,-0.13636,0.0,0.0,0.46,10,-0.13636,0.0,0.0,0.4,h1-h32;h1-h30;h1-h31,h1-h32;h1-h30;h1-h31;h1-h33;h1-h34;h1-h35;h1-h36;h1-h37;h1-h38;h1-h39,h1-h32,2.7125,0.5,1.0,0.585,1,1.765,0.15,1.0,0.525
1686,route,none,none,h30,-0.13636,0.0,0.0,0.46,10,-0.13636,0.0,0.0,0.4,h1-h32;h1-h30;h1-h31,h1-h32;h1-h30;h1-h31;h1-h33;h1-h34;h1-h35;h1-h36;h1-h37;h1-h38;h1-h39,h1-h32,2.7125,0.5,1.0,0.585,1,1.774,0.15,1.0,0.525
1692,route,none,none,h30,-0.13636,0.0,0.0,0.46,10,-0.13636,0.0,0.0,0.4,h1-h32;h1-h30;h1-h31,h1-h32;h1-h30;h1-h31;h1-h33;h1-h34;h1-h35;h1-h36;h1-h37;h1-h38;h1-h39,h1-h32,2.7125,0.5,1.0,0.585,1,1.765,0.15,1.0,0.525
1698,route,none,none,h30,-0.13636,0.0,0.0,0.46,10,-0.13636,0.0,0.0,0.4,h1-h32;h1-h30;h1-h31,h1-h32;h1-h30;h1-h31;h1-h33;h1-h34;h1-h35;h1-h36;h1-h37;h1-h38;h1-h39,h1-h32,2.7125,0.5,1.0,0.585,1,1.756,0.15,1.0,0.525
1704,route,none,none,h30,-0.13636,0.0,0.0,0.46,10,-0.13636,0.0,0.0,0.4,h1-h32;h1-h30;h1-h31,h1-h32;h1-h30;h1-h31;h1-h33;h1-h34;h1-h35;h1-h36;h1-h37;h1-h38;h1-h39,h1-h32,2.6225,0.5,1.0,0.585,1,1.747,0.15,1.0,0.525
1710,route,none,none,h30,-0.13636,0.0,0.0,0.46,10,-0.13636,0.0,0.0,0.4,h1-h32;h1-h30;h1-h31,h1-h32;h1-h30;h1-h31;h1-h33;h1-h34;h1-h35;h1-h36;h1-h37;h1-h38;h1-h39,h1-h32,2.6225,0.5,1.0,0.585,1,1.756,0.15,1.0,0.525
1716,route,none,none,h30,-0.13636,0.0,0.0,0.46,10,-0.13636,0.0,0.0,0.4,h1-h32;h1-h30;h1-h31,h1-h32;h1-h30;h1-h31;h1-h33;h1-h34;h1-h35;h1-h36;h1-h37;h1-h38;h1-h39,h1-h32,2.7125,0.5,1.0,0.585,1,1.756,0.15,1.0,0.525
1722,route,none,none,h30,-0.13636,0.0,0.0,0.46,10,-0.13636,0.0,0.0,0.4,h1-h32;h1-h30;h1-h31,h1-h32;h1-h30;h1-h31;h1-h33;h1-h34;h1-h35;h1-h36;h1-h37;h1-h38;h1-h39,h1-h32,2.7125,0.5,1.0,0.585,1,1.774,0.15,1.0,0.525
1728,route,none,none,h30,-0.13636,0.0,0.0,0.46,10,-0.13636,0.0,0.0,0.4,h1-h30;h1-h32;h1-h31,h1-h30;h1-h32;h1-h31;h1-h33;h1-h34;h1-h35;h1-h36;h1-h37;h1-h38;h1-h39,h1-h30,2.6675,0.5,1.0,0.555,1,1.756,0.15,1.0,0.525
1734,route,none,none,h30,-0.13636,0.0,0.0,0.46,10,-0.13636,0.0,0.0,0.4,h1-h32;h1-h30;h1-h31,h1-h32;h1-h30;h1-h31;h1-h33;h1-h34;h1-h35;h1-h36;h1-h37;h1-h38;h1-h39,h1-h32,2.7125,0.5,1.0,0.585,1,1.756,0.15,1.0,0.525
1740,route,none,none,h30,-0.13636,0.0,0.0,0.46,10,-0.13636,0.0,0.0,0.4,h1-h30;h1-h32;h1-h31,h1-h30;h1-h32;h1-h31;h1-h33;h1-h34;h1-h35;h1-h36;h1-h37;h1-h38;h1-h39,h1-h30,2.6675,0.5,1.0,0.555,1,1.756,0.15,1.0,0.525
1746,route,none,none,h30,-0.13636,0.0,0.0,0.46,10,-0.13636,0.0,0.0,0.4,h1-h32;h1-h30;h1-h31,h1-h32;h1-h30;h1-h31;h1-h33;h1-h34;h1-h35;h1-h36;h1-h37;h1-h38;h1-h39,h1-h32,2.6225,0.5,1.0,0.585,1,1.756,0.15,1.0,0.525
1752,route,none,none,h30,-0.13636,0.0,0.0,0.46,10,-0.13636,0.0,0.0,0.4,h1-h32;h1-h30;h1-h31,h1-h32;h1-h30;h1-h31;h1-h33;h1-h34;h1-h35;h1-h36;h1-h37;h1-h38;h1-h39,h1-h32,2.6225,0.5,1.0,0.585,1,1.747,0.15,1.0,0.525
1758,route,none,none,h30,-0.13636,0.0,0.0,0.46,10,-0.13636,0.0,0.0,0.4,h1-h32;h1-h30;h1-h31,h1-h32;h1-h30;h1-h31;h1-h33;h1-h34;h1-h35;h1-h36;h1-h37;h1-h38;h1-h39,h1-h32,2.6225,0.5,1.0,0.585,1,1.756,0.15,1.0,0.525
1764,route,none,none,h30,-0.13636,0.0,0.0,0.46,10,-0.13636,0.0,0.0,0.4,h1-h30;h1-h32;h1-h31,h1-h30;h1-h32;h1-h31;h1-h33;h1-h34;h1-h35;h1-h36;h1-h37;h1-h38;h1-h39,h1-h30,2.6675,0.5,1.0,0.555,1,1.756,0.15,1.0,0.525
1770,route,none,none,h30,-0.13636,0.0,0.0,0.46,10,-0.13636,0.0,0.0,0.4,h1-h32;h1-h30;h1-h31,h1-h32;h1-h30;h1-h31;h1-h33;h1-h34;h1-h35;h1-h36;h1-h37;h1-h38;h1-h39,h1-h32,2.7125,0.5,1.0,0.585,1,1.765,0.15,1.0,0.525
1776,route,none,none,h30,-0.13636,0.0,0.0,0.46,10,-0.13636,0.0,0.0,0.4,h1-h32;h1-h30;h1-h31,h1-h32;h1-h30;h1-h31;h1-h33;h1-h34;h1-h35;h1-h36;h1-h37;h1-h38;h1-h39,h1-h32,2.7125,0.5,1.0,0.585,1,1.765,0.15,1.0,0.525
1782,route,none,none,h30,-0.13636,0.0,0.0,0.46,10,-0.13636,0.0,0.0,0.4,h1-h30;h1-h32;h1-h31,h1-h30;h1-h32;h1-h31;h1-h33;h1-h34;h1-h35;h1-h36;h1-h37;h1-h38;h1-h39,h1-h30,2.6675,0.5,1.0,0.555,1,1.756,0.15,1.0,0.525
1788,route,none,none,h30,-0.13636,0.0,0.0,0.46,10,-0.13636,0.0,0.0,0.4,h1-h32;h1-h30;h1-h31,h1-h32;h1-h30;h1-h31;h1-h33;h1-h34;h1-h35;h1-h36;h1-h37;h1-h38;h1-h39,h1-h32,2.6225,0.5,1.0,0.585,1,1.756,0.15,1.0,0.525
1794,route,none,none,h30,-0.13636,0.0,0.0,0.46,10,-0.13636,0.0,0.0,0.4,h1-h30;h1-h32;h1-h31,h1-h30;h1-h32;h1-h31;h1-h33;h1-h34;h1-h35;h1-h36;h1-h37;h1-h38;h1-h39,h1-h30,2.6675,0.5,1.0,0.555,1,1.756,0.15,1.0,0.525
1800,route,none,none,h30,-0.13636,0.0,0.0,0.28,10,-0.13636,0.0,0.0,0.391,h1-h32;h1-h30;h1-h31,h1-h32;h1-h30;h1-h31;h1-h33;h1-h34;h1-h35;h1-h36;h1-h37;h1-h38;h1-h39,h1-h32,2.7125,0.5,1.0,0.585,1,1.7515,0.15,1.0,0.5205
1806,route,none,none,h30,-0.13636,0.0,0.0,0.28,10,-0.13636,0.0,0.0,0.391,h1-h32;h1-h30;h1-h31,h1-h32;h1-h30;h1-h31;h1-h33;h1-h34;h1-h35;h1-h36;h1-h37;h1-h38;h1-h39,h1-h32,2.6225,0.5,1.0,0.585,1,1.7425,0.15,1.0,0.5205
1812,route,none,none,h30,-0.13636,0.0,0.0,0.28,10,-0.13636,0.0,0.0,0.391,h1-h32;h1-h30;h1-h31,h1-h32;h1-h30;h1-h31;h1-h33;h1-h34;h1-h35;h1-h36;h1-h37;h1-h38;h1-h39,h1-h32,2.6225,0.5,1.0,0.585,1,1.7335,0.15,1.0,0.5205
1818,route,none,none,h30,-0.13636,0.0,0.0,0.28,10,-0.13636,0.0,0.0,0.391,h1-h32;h1-h30;h1-h31,h1-h32;h1-h30;h1-h31;h1-h33;h1-h34;h1-h35;h1-h36;h1-h37;h1-h38;h1-h39,h1-h32,2.6225,0.5,1.0,0.585,1,1.7515,0.15,1.0,0.5205
1824,route,none,none,h30,-0.13636,0.0,0.0,0.28,10,-0.13636,0.0,0.0,0.391,h1-h32;h1-h30;h1-h31,h1-h32;h1-h30;h1-h31;h1-h33;h1-h34;h1-h35;h1-h36;h1-h37;h1-h38;h1-h39,h1-h32,2.7125,0.5,1.0,0.585,1,1.7515,0.15,1.0,0.5205
1830,route,none,none,h30,-0.13636,0.0,0.0,0.28,10,-0.13636,0.0,0.0,0.391,h1-h32;h1-h30;h1-h31,h1-h32;h1-h30;h1-h31;h1-h33;h1-h34;h1-h35;h1-h36;h1-h37;h1-h38;h1-h39,h1-h32,2.7125,0.5,1.0,0.585,1,1.7515,0.15,1.0,0.5205
1836,route,none,none,h30,-0.13636,0.0,0.0,0.28,10,-0.13636,0.0,0.0,0.391,h1-h32;h1-h30;h1-h31,h1-h32;h1-h30;h1-h31;h1-h33;h1-h34;h1-h35;h1-h36;h1-h37;h1-h38;h1-h39,h1-h32,2.6225,0.5,1.0,0.585,1,1.7425,0.15,1.0,0.5205
1842,route,none,none,h30,-0.13636,0.0,0.0,0.28,10,-0.13636,0.0,0.0,0.391,h1-h32;h1-h30;h1-h31,h1-h32;h1-h30;h1-h31;h1-h33;h1-h34;h1-h35;h1-h36;h1-h37;h1-h38;h1-h39,h1-h32,2.7125,0.5,1.0,0.585,1,1.7425,0.15,1.0,0.5205
1848,route,none,none,h30,-0.13636,0.0,0.0,0.28,10,-0.13636,0.0,0.0,0.391,h1-h32;h1-h30;h1-h31,h1-h32;h1-h30;h1-h31;h1-h33;h1-h34;h1-h35;h1-h36;h1-h37;h1-h38;h1-h39,h1-h32,2.7125,0.5,1.0,0.585,1,1.7425,0.15,1.0,0.5205
1854,route,none,none,h30,-0.13636,0.0,0.0,0.28,10,-0.13636,0.0,0.0,0.391,h1-h32;h1-h30;h1-h31,h1-h32;h1-h30;h1-h31;h1-h33;h1-h34;h1-h35;h1-h36;h1-h37;h1-h38;h1-h39,h1-h32,2.6225,0.5,1.0,0.585,1,1.7425,0.15,1.0,0.5205
1860,route,none,none,h30,-0.13636,0.0,0.0,0.28,10,-0.13636,0.0,0.0,0.391,h1-h32;h1-h30;h1-h31,h1-h32;h1-h30;h1-h31;h1-h33;h1-h34;h1-h35;h1-h36;h1-h37;h1-h38;h1-h39,h1-h32,2.6225,0.5,1.0,0.585,1,1.7425,0.15,1.0,0.5205
1866,route,none,none,h30,-0.13636,0.0,0.0,0.28,10,-0.13636,0.0,0.0,0.391,h1-h32;h1-h30;h1-h31,h1-h32;h1-h30;h1-h31;h1-h33;h1-h34;h1-h35;h1-h36;h1-h37;h1-h38;h1-h39,h1-h32,2.6225,0.5,1.0,0.585,1,1.7515,0.15,1.0,0.5205
1872,route,none,none,h30,-0.13636,0.0,0.0,0.28,10,-0.13636,0.0,0.0,0.391,h1-h32;h1-h30;h1-h31,h1-h32;h1-h30;h1-h31;h1-h33;h1-h34;h1-h35;h1-h36;h1-h37;h1-h38;h1-h39,h1-h32,2.7125,0.5,1.0,0.585,1,1.7425,0.15,1.0,0.5205
1878,route,none,none,h30,-0.13636,0.0,0.0,0.28,10,-0.13636,0.0,0.0,0.391,h1-h32;h1-h30;h1-h31,h1-h32;h1-h30;h1-h31;h1-h33;h1-h34;h1-h35;h1-h36;h1-h37;h1-h38;h1-h39,h1-h32,2.7125,0.5,1.0,0.585,1,1.7515,0.15,1.0,0.5205
1884,route,none,none,h30,-0.13636,0.0,0.0,0.28,10,-0.13636,0.0,0.0,0.391,h1-h32;h1-h30;h1-h31,h1-h32;h1-h30;h1-h31;h1-h33;h1-h34;h1-h35;h1-h36;h1-h37;h1-h38;h1-h39,h1-h32,2.7125,0.5,1.0,0.585,1,1.7515,0.15,1.0,0.5205
1890,route,none,none,h30,-0.13636,0.0,0.0,0.28,10,-0.13636,0.0,0.0,0.391,h1-h32;h1-h30;h1-h31,h1-h32;h1-h30;h1-h31;h1-h33;h1-h34;h1-h35;h1-h36;h1-h37;h1-h38;h1-h39,h1-h32,2.6225,0.5,1.0,0.585,1,1.7335,0.15,1.0,0.5205
1896,route,none,none,h30,-0.13636,0.0,0.0,0.28,10,-0.13636,0.0,0.0,0.391,h1-h32;h1-h30;h1-h31,h1-h32;h1-h30;h1-h31;h1-h33;h1-h34;h1-h35;h1-h36;h1-h37;h1-h38;h1-h39,h1-h32,2.7125,0.5,1.0,0.585,1,1.7515,0.15,1.0,0.5205
1902,route,none,none,h30,-0.13636,0.0,0.0,0.28,10,-0.13636,0.0,0.0,0.391,h1-h32;h1-h30;h1-h31,h1-h32;h1-h30;h1-h31;h1-h33;h1-h34;h1-h35;h1-h36;h1-h37;h1-h38;h1-h39,h1-h32,2.6225,0.5,1.0,0.585,1,1.7335,0.15,1.0,0.5205
1908,route,none,none,h30,-0.13636,0.0,0.0,0.28,10,-0.13636,0.0,0.0,0.391,h1-h32;h1-h30;h1-h31,h1-h32;h1-h30;h1-h31;h1-h33;h1-h34;h1-h35;h1-h36;h1-h37;h1-h38;h1-h39,h1-h32,2.6225,0.5,1.0,0.585,1,1.7425,0.15,1.0,0.5205
1914,route,none,none,h30,-0.13636,0.0,0.0,0.28,10,-0.13636,0.0,0.0,0.391,h1-h32;h1-h30;h1-h31,h1-h32;h1-h30;h1-h31;h1-h33;h1-h34;h1-h35;h1-h36;h1-h37;h1-h38;h1-h39,h1-h32,2.6225,0.5,1.0,0.585,1,1.7425,0.15,1.0,0.5205
1920,route,none,none,h30,-0.13636,0.0,0.0,0.28,10,-0.13636,0.0,0.0,0.391,h1-h32;h1-h30;h1-h31,h1-h32;h1-h30;h1-h31;h1-h33;h1-h34;h1-h35;h1-h36;h1-h37;h1-h38;h1-h39,h1-h32,2.6225,0.5,1.0,0.585,1,1.7425,0.15,1.0,0.5205
1926,route,none,none,h30,-0.13636,0.0,0.0,0.28,10,-0.13636,0.0,0.0,0.391,h1-h32;h1-h30;h1-h31,h1-h32;h1-h30;h1-h31;h1-h33;h1-h34;h1-h35;h1-h36;h1-h37;h1-h38;h1-h39,h1-h32,2.6225,0.5,1.0,0.585,1,1.7335,0.15,1.0,0.5205
1932,route,none,none,h30,-0.13636,0.0,0.0,0.28,10,-0.13636,0.0,0.0,0.391,h1-h32;h1-h30;h1-h31,h1-h32;h1-h30;h1-h31;h1-h33;h1-h34;h1-h35;h1-h36;h1-h37;h1-h38;h1-h39,h1-h32,2.7125,0.5,1.0,0.585,1,1.7515,0.15,1.0,0.5205
1938,route,none,none,h30,-0.13636,0.0,0.0,0.28,10,-0.13636,0.0,0.0,0.391,h1-h32;h1-h30;h1-h31,h1-h32;h1-h30;h1-h31;h1-h33;h1-h34;h1-h35;h1-h36;h1-h37;h1-h38;h1-h39,h1-h32,2.6225,0.5,1.0,0.585,1,1.7425,0.15,1.0,0.5205
1944,route,none,none,h30,-0.13636,0.0,0.0,0.28,10,-0.13636,0.0,0.0,0.391,h1-h32;h1-h30;h1-h31,h1-h32;h1-h30;h1-h31;h1-h33;h1-h34;h1-h35;h1-h36;h1-h37;h1-h38;h1-h39,h1-h32,2.6225,0.5,1.0,0.585,1,1.7335,0.15,1.0,0.5205
1950,route,none,none,h30,-0.13636,0.0,0.0,0.28,10,-0.13636,0.0,0.0,0.391,h1-h32;h1-h30;h1-h31,h1-h32;h1-h30;h1-h31;h1-h33;h1-h34;h1-h35;h1-h36;h1-h37;h1-h38;h1-h39,h1-h32,2.6225,0.5,1.0,0.585,1,1.7335,0.15,1.0,0.5205
1956,route,none,none,h30,-0.13636,0.0,0.0,0.28,10,-0.13636,0.0,0.0,0.391,h1-h32;h1-h30;h1-h31,h1-h32;h1-h30;h1-h31;h1-h33;h1-h34;h1-h35;h1-h36;h1-h37;h1-h38;h1-h39,h1-h32,2.7125,0.5,1.0,0.585,1,1.7605,0.15,1.0,0.5205
1962,route,none,none,h30,-0.13636,0.0,0.0,0.28,10,-0.13636,0.0,0.0,0.391,h1-h32;h1-h30;h1-h31,h1-h32;h1-h30;h1-h31;h1-h33;h1-h34;h1-h35;h1-h36;h1-h37;h1-h38;h1-h39,h1-h32,2.6225,0.5,1.0,0.585,1,1.7425,0.15,1.0,0.5205
1968,route,none,none,h30,-0.13636,0.0,0.0,0.28,10,-0.13636,0.0,0.0,0.391,h1-h32;h1-h30;h1-h31,h1-h32;h1-h30;h1-h31;h1-h33;h1-h34;h1-h35;h1-h36;h1-h37;h1-h38;h1-h39,h1-h32,2.7125,0.5,1.0,0.585,1,1.7515,0.15,1.0,0.5205
1974,route,none,none,h30,-0.13636,0.0,0.0,0.28,10,-0.13636,0.0,0.0,0.391,h1-h32;h1-h30;h1-h31,h1-h32;h1-h30;h1-h31;h1-h33;h1-h34;h1-h35;h1-h36;h1-h37;h1-h38;h1-h39,h1-h32,2.6225,0.5,1.0,0.585,1,1.7335,0.15,1.0,0.5205
1980,route,none,none,h30,-0.13636,0.0,0.0,0.28,10,-0.13636,0.0,0.0,0.391,h1-h32;h1-h30;h1-h31,h1-h32;h1-h30;h1-h31;h1-h33;h1-h34;h1-h35;h1-h36;h1-h37;h1-h38;h1-h39,h1-h32,2.6225,0.5,1.0,0.585,1,1.7515,0.15,1.0,0.5205
1986,route,none,none,h30,-0.13636,0.0,0.0,0.28,10,-0.13636,0.0,0.0,0.391,h1-h32;h1-h30;h1-h31,h1-h32;h1-h30;h1-h31;h1-h33;h1-h34;h1-h35;h1-h36;h1-h37;h1-h38;h1-h39,h1-h32,2.6225,0.5,1.0,0.585,1,1.7335,0.15,1.0,0.5205
1992,route,none,none,h30,-0.13636,0.0,0.0,0.28,10,-0.13636,0.0,0.0,0.391,h1-h32;h1-h30;h1-h31,h1-h32;h1-h30;h1-h31;h1-h33;h1-h34;h1-h35;h1-h36;h1-h37;h1-h38;h1-h39,h1-h32,2.7125,0.5,1.0,0.585,1,1.7515,0.15,1.0,0.5205
1998,route,none,none,h30,-0.13636,0.0,0.0,0.28,10,-0.13636,0.0,0.0,0.391,h1-h32;h1-h30;h1-h31,h1-h32;h1-h30;h1-h31;h1-h33;h1-h34;h1-h35;h1-h36;h1-h37;h1-h38;h1-h39,h1-h32,2.6225,0.5,1.0,0.585,1,1.7425,0.15,1.0,0.5205
2004,route,none,none,h30,-0.13636,0.0,0.0,0.28,10,-0.13636,0.0,0.0,0.391,h1-h32;h1-h30;h1-h31,h1-h32;h1-h30;h1-h31;h1-h33;h1-h34;h1-h35;h1-h36;h1-h37;h1-h38;h1-h39,h1-h32,2.7125,0.5,1.0,0.585,1,1.7425,0.15,1.0,0.5205
2010,route,none,none,h30,-0.13636,0.0,0.0,0.28,10,-0.13636,0.0,0.0,0.391,h1-h32;h1-h30;h1-h31,h1-h32;h1-h30;h1-h31;h1-h33;h1-h34;h1-h35;h1-h36;h1-h37;h1-h38;h1-h39,h1-h32,2.6225,0.5,1.0,0.585,1,1.7515,0.15,1.0,0.5205
2016,route,none,none,h30,-0.13636,0.0,0.0,0.28,10,-0.13636,0.0,0.0,0.391,h1-h32;h1-h30;h1-h31,h1-h32;h1-h30;h1-h31;h1-h33;h1-h34;h1-h35;h1-h36;h1-h37;h1-h38;h1-h39,h1-h32,2.7125,0.5,1.0,0.585,1,1.7605,0.15,1.0,0.5205
2022,route,none,none,h30,-0.13636,0.0,0.0,0.28,10,-0.13636,0.0,0.0,0.391,h1-h32;h1-h30;h1-h31,h1-h32;h1-h30;h1-h31;h1-h33;h1-h34;h1-h35;h1-h36;h1-h37;h1-h38;h1-h39,h1-h32,2.7125,0.5,1.0,0.585,1,1.7515,0.15,1.0,0.5205
2028,route,none,none,h30,-0.13636,0.0,0.0,0.28,10,-0.13636,0.0,0.0,0.391,h1-h32;h1-h30;h1-h31,h1-h32;h1-h30;h1-h31;h1-h33;h1-h34;h1-h35;h1-h36;h1-h37;h1-h38;h1-h39,h1-h32,2.6225,0.5,1.0,0.585,1,1.7335,0.15,1.0,0.5205
2034,route,none,none,h30,-0.13636,0.0,0.0,0.28,10,-0.13636,0.0,0.0,0.391,h1-h32;h1-h30;h1-h31,h1-h32;h1-h30;h1-h31;h1-h33;h1-h34;h1-h35;h1-h36;h1-h37;h1-h38;h1-h39,h1-h32,2.6225,0.5,1.0,0.585,1,1.7425,0.15,1.0,0.5205
2040,route,none,none,h30,-0.13636,0.0,0.0,0.28,10,-0.13636,0.0,0.0,0.391,h1-h32;h1-h30;h1-h31,h1-h32;h1-h30;h1-h31;h1-h33;h1-h34;h1-h35;h1-h36;h1-h37;h1-h38;h1-h39,h1-h32,2.7125,0.5,1.0,0.585,1,1.7425,0.15,1.0,0.5205
2046,route,none,none,h30,-0.13636,0.0,0.0,0.28,10,-0.13636,0.0,0.0,0.391,h1-h32;h1-h30;h1-h31,h1-h32;h1-h30;h1-h31;h1-h33;h1-h34;h1-h35;h1-h36;h1-h37;h1-h38;h1-h39,h1-h32,2.6225,0.5,1.0,0.585,1,1.7425,0.15,1.0,0.5205
2052,route,none,none,h30,-0.13636,0.0,0.0,0.28,10,-0.13636,0.0,0.0,0.391,h1-h32;h1-h30;h1-h31,h1-h32;h1-h30;h1-h31;h1-h33;h1-h34;h1-h35;h1-h36;h1-h37;h1-h38;h1-h39,h1-h32,2.6225,0.5,1.0,0.585,1,1.7425,0.15,1.0,0.5205
2058,route,none,none,h30,-0.13636,0.0,0.0,0.28,10,-0.13636,0.0,0.0,0.391,h1-h32;h1-h30;h1-h31,h1-h32;h1-h30;h1-h31;h1-h33;h1-h34;h1-h35;h1-h36;h1-h37;h1-h38;h1-h39,h1-h32,2.7475,0.5,1.0,0.585,2,1.755,0.15,1.0,0.5205
2064,route,none,none,h30,-0.13636,0.0,0.0,0.28,10,-0.13636,0.0,0.0,0.391,h1-h32;h1-h30;h1-h31,h1-h32;h1-h30;h1-h31;h1-h33;h1-h34;h1-h35;h1-h36;h1-h37;h1-h38;h1-h39,h1-h32,2.7125,0.5,1.0,0.585,1,1.7425,0.15,1.0,0.5205
2070,route,none,none,h30,-0.13636,0.0,0.0,0.28,10,-0.13636,0.0,0.0,0.391,h1-h32;h1-h30;h1-h31,h1-h32;h1-h30;h1-h31;h1-h33;h1-h34;h1-h35;h1-h36;h1-h37;h1-h38;h1-h39,h1-h32,2.6225,0.5,1.0,0.585,1,1.7335,0.15,1.0,0.5205
2076,route,none,none,h30,-0.13636,0.0,0.0,0.28,10,-0.13636,0.0,0.0,0.391,h1-h32;h1-h30;h1-h31,h1-h32;h1-h30;h1-h31;h1-h33;h1-h34;h1-h35;h1-h36;h1-h37;h1-h38;h1-h39,h1-h32,2.6225,0.5,1.0,0.585,1,1.7425,0.15,1.0,0.5205
2082,route,none,none,h30,-0.13636,0.0,0.0,0.28,10,-0.13636,0.0,0.0,0.391,h1-h32;h1-h30;h1-h31,h1-h32;h1-h30;h1-h31;h1-h33;h1-h34;h1-h35;h1-h36;h1-h37;h1-h38;h1-h39,h1-h32,2.6225,0.5,1.0,0.585,1,1.7515,0.15,1.0,0.5205
2088,route,none,none,h30,-0.13636,0.0,0.0,0.28,10,-0.13636,0.0,0.0,0.391,h1-h32;h1-h30;h1-h31,h1-h32;h1-h30;h1-h31;h1-h33;h1-h34;h1-h35;h1-h36;h1-h37;h1-h38;h1-h39,h1-h32,2.7125,0.5,1.0,0.585,1,1.7425,0.15,1.0,0.5205
2094,route,none,none,h30,-0.13636,0.0,0.0,0.28,10,-0.13636,0.0,0.0,0.391,h1-h32;h1-h30;h1-h31,h1-h32;h1-h30;h1-h31;h1-h33;h1-h34;h1-h35;h1-h36;h1-h37;h1-h38;h1-h39,h1-h32,2.6225,0.5,1.0,0.585,1,1.7335,0.15,1.0,0.5205
2100,route,none,none,h30,-0.13636,0.0,0.0,0.28,10,-0.13636,0.0,0.0,0.391,h1-h32;h1-h30;h1-h31,h1-h32;h1-h30;h1-h31;h1-h33;h1-h34;h1-h35;h1-h36;h1-h37;h1-h38;h1-h39,h1-h32,2.6225,0.5,1.0,0.585,1,1.7335,0.15,1.0,0.5205
2106,route,none,none,h30,-0.13636,0.0,0.0,0.28,10,-0.13636,0.0,0.0,0.391,h1-h32;h1-h30;h1-h31,h1-h32;h1-h30;h1-h31;h1-h33;h1-h34;h1-h35;h1-h36;h1-h37;h1-h38;h1-h39,h1-h32,2.6225,0.5,1.0,0.585,1,1.7425,0.15,1.0,0.5205
2112,route,none,none,h30,-0.13636,0.0,0.0,0.28,10,-0.13636,0.0,0.0,0.391,h1-h32;h1-h30;h1-h31,h1-h32;h1-h30;h1-h31;h1-h33;h1-h34;h1-h35;h1-h36;h1-h37;h1-h38;h1-h39,h1-h32,2.6225,0.5,1.0,0.585,1,1.7425,0.15,1.0,0.5205
2118,route,none,none,h30,-0.13636,0.0,0.0,0.28,10,-0.13636,0.0,0.0,0.391,h1-h32;h1-h30;h1-h31,h1-h32;h1-h30;h1-h31;h1-h33;h1-h34;h1-h35;h1-h36;h1-h37;h1-h38;h1-h39,h1-h32,2.6225,0.5,1.0,0.585,1,1.755,0.15,1.0,0.5205
2124,route,none,none,h30,-0.13636,0.0,0.0,0.28,10,-0.13636,0.0,0.0,0.391,h1-h32;h1-h30;h1-h31,h1-h32;h1-h30;h1-h31;h1-h33;h1-h34;h1-h35;h1-h36;h1-h37;h1-h38;h1-h39,h1-h32,2.7125,0.5,1.0,0.585,1,1.7605,0.15,1.0,0.5205
2130,route,none,none,h30,-0.13636,0.0,0.0,0.28,10,-0.13636,0.0,0.0,0.391,h1-h32;h1-h31;h1-h30,h1-h32;h1-h31;h1-h30;h1-h33;h1-h34;h1-h35;h1-h36;h1-h37;h1-h38;h1-h39,h1-h32,2.6225,0.5,1.0,0.585,1,1.755,0.15,1.0,0.5205
2136,route,none,none,h30,-0.13636,0.0,0.0,0.28,10,-0.13636,0.0,0.0,0.391,h1-h32;h1-h30;h1-h31,h1-h32;h1-h30;h1-h31;h1-h33;h1-h34;h1-h35;h1-h36;h1-h37;h1-h38;h1-h39,h1-h32,2.6225,0.5,1.0,0.585,1,1.7425,0.15,1.0,0.5205
2142,route,none,none,h30,-0.13636,0.0,0.0,0.28,10,-0.13636,0.0,0.0,0.391,h1-h32;h1-h30;h1-h31,h1-h32;h1-h30;h1-h31;h1-h33;h1-h34;h1-h35;h1-h36;h1-h37;h1-h38;h1-h39,h1-h32,2.7125,0.5,1.0,0.585,1,1.7515,0.15,1.0,0.5205
2148,route,none,none,h30,-0.13636,0.0,0.0,0.28,10,-0.13636,0.0,0.0,0.391,h1-h32;h1-h30;h1-h31,h1-h32;h1-h30;h1-h31;h1-h33;h1-h34;h1-h35;h1-h36;h1-h37;h1-h38;h1-h39,h1-h32,2.7125,0.5,1.0,0.585,1,1.7515,0.15,1.0,0.5205
2154,route,none,none,h30,-0.13636,0.0,0.0,0.28,10,-0.13636,0.0,0.0,0.391,h1-h32;h1-h30;h1-h31,h1-h32;h1-h30;h1-h31;h1-h33;h1-h34;h1-h35;h1-h36;h1-h37;h1-h38;h1-h39,h1-h32,2.6225,0.5,1.0,0.585,1,1.7515,0.15,1.0,0.5205
2160,route,none,none,h30,-0.13636,0.0,0.0,0.58,10,-0.13636,0.0,0.0,0.454,h1-h32;h1-h30;h1-h31,h1-h32;h1-h30;h1-h31;h1-h33;h1-h34;h1-h35;h1-h36;h1-h37;h1-h38;h1-h39,h1-h32,2.7125,0.5,1.0,0.585,1,1.765,0.15,1.0,0.552
2166,route,none,none,h30,-0.13636,0.0,0.0,0.58,10,-0.13636,0.0,0.0,0.454,h1-h30;h1-h32;h1-h31,h1-h30;h1-h32;h1-h31;h1-h33;h1-h34;h1-h35;h1-h36;h1-h37;h1-h38;h1-h39,h1-h30,2.6675,0.5,1.0,0.615,1,1.756,0.15,1.0,0.552
2172,route,none,none,h30,-0.13636,0.0,0.0,0.58,10,-0.13636,0.0,0.0,0.454,h1-h30;h1-h32;h1-h31,h1-h30;h1-h32;h1-h31;h1-h33;h1-h34;h1-h35;h1-h36;h1-h37;h1-h38;h1-h39,h1-h30,2.6675,0.5,1.0,0.615,1,1.765,0.15,1.0,0.552
2178,route,none,none,h30,-0.13636,0.0,0.0,0.58,10,-0.13636,0.0,0.0,0.454,h1-h32;h1-h30;h1-h31,h1-h32;h1-h30;h1-h31;h1-h33;h1-h34;h1-h35;h1-h36;h1-h37;h1-h38;h1-h39,h1-h32,2.7125,0.5,1.0,0.585,1,1.774,0.15,1.0,0.552
2184,route,none,none,h30,-0.13636,0.0,0.0,0.58,10,-0.13636,0.0,0.0,0.454,h1-h30;h1-h32;h1-h31,h1-h30;h1-h32;h1-h31;h1-h33;h1-h34;h1-h35;h1-h36;h1-h37;h1-h38;h1-h39,h1-h30,2.6675,0.5,1.0,0.615,1,1.756,0.15,1.0,0.552
2190,route,none,none,h30,-0.13636,0.0,0.0,0.58,10,-0.13636,0.0,0.0,0.454,h1-h30;h1-h32;h1-h31,h1-h30;h1-h32;h1-h31;h1-h33;h1-h34;h1-h35;h1-h36;h1-h37;h1-h38;h1-h39,h1-h30,2.7575,0.5,1.0,0.615,1,1.765,0.15,1.0,0.552
2196,route,none,none,h30,-0.13636,0.0,0.0,0.58,10,-0.13636,0.0,0.0,0.454,h1-h30;h1-h32;h1-h31,h1-h30;h1-h32;h1-h31;h1-h33;h1-h34;h1-h35;h1-h36;h1-h37;h1-h38;h1-h39,h1-h30,2.6675,0.5,1.0,0.615,1,1.756,0.15,1.0,0.552
2202,route,none,none,h30,-0.13636,0.0,0.0,0.58,10,-0.13636,0.0,0.0,0.454,h1-h30;h1-h32;h1-h31,h1-h30;h1-h32;h1-h31;h1-h33;h1-h34;h1-h35;h1-h36;h1-h37;h1-h38;h1-h39,h1-h30,2.6675,0.5,1.0,0.615,1,1.765,0.15,1.0,0.552
2208,route,none,none,h30,-0.13636,0.0,0.0,0.58,10,-0.13636,0.0,0.0,0.454,h1-h30;h1-h32;h1-h31,h1-h30;h1-h32;h1-h31;h1-h33;h1-h34;h1-h35;h1-h36;h1-h37;h1-h38;h1-h39,h1-h30,2.7575,0.5,1.0,0.615,1,1.765,0.15,1.0,0.552
2214,route,none,none,h30,-0.13636,0.0,0.0,0.58,10,-0.13636,0.0,0.0,0.454,h1-h30;h1-h32;h1-h31,h1-h30;h1-h32;h1-h31;h1-h33;h1-h34;h1-h35;h1-h36;h1-h37;h1-h38;h1-h39,h1-h30,2.6675,0.5,1.0,0.615,1,1.756,0.15,1.0,0.552
2220,route,none,none,h30,-0.13636,0.0,0.0,0.58,10,-0.13636,0.0,0.0,0.454,h1-h30;h1-h32;h1-h31,h1-h30;h1-h32;h1-h31;h1-h33;h1-h34;h1-h35;h1-h36;h1-h37;h1-h38;h1-h39,h1-h30,2.7575,0.5,1.0,0.615,1,1.774,0.15,1.0,0.552
2226,route,none,none,h30,-0.13636,0.0,0.0,0.58,10,-0.13636,0.0,0.0,0.454,h1-h30;h1-h32;h1-h31,h1-h30;h1-h32;h1-h31;h1-h33;h1-h34;h1-h35;h1-h36;h1-h37;h1-h38;h1-h39,h1-h30,2.6675,0.5,1.0,0.615,1,1.756,0.15,1.0,0.552
2232,route,none,none,h30,-0.13636,0.0,0.0,0.58,10,-0.13636,0.0,0.0,0.454,h1-h30;h1-h32;h1-h31,h1-h30;h1-h32;h1-h31;h1-h33;h1-h34;h1-h35;h1-h36;h1-h37;h1-h38;h1-h39,h1-h30,2.7575,0.5,1.0,0.615,1,1.783,0.15,1.0,0.552
2238,route,none,none,h30,-0.13636,0.0,0.0,0.58,10,-0.13636,0.0,0.0,0.454,h1-h30;h1-h32;h1-h31,h1-h30;h1-h32;h1-h31;h1-h33;h1-h34;h1-h35;h1-h36;h1-h37;h1-h38;h1-h39,h1-h30,2.6675,0.5,1.0,0.615,1,1.765,0.15,1.0,0.552
2244,route,none,none,h30,-0.13636,0.0,0.0,0.58,10,-0.13636,0.0,0.0,0.454,h1-h30;h1-h32;h1-h31,h1-h30;h1-h32;h1-h31;h1-h33;h1-h34;h1-h35;h1-h36;h1-h37;h1-h38;h1-h39,h1-h30,2.7575,0.5,1.0,0.615,1,1.765,0.15,1.0,0.552
2250,route,none,none,h30,-0.13636,0.0,0.0,0.58,10,-0.13636,0.0,0.0,0.454,h1-h30;h1-h32;h1-h31,h1-h30;h1-h32;h1-h31;h1-h33;h1-h34;h1-h35;h1-h36;h1-h37;h1-h38;h1-h39,h1-h30,2.6675,0.5,1.0,0.615,1,1.765,0.15,1.0,0.552
2256,route,none,none,h30,-0.13636,0.0,0.0,0.58,10,-0.13636,0.0,0.0,0.454,h1-h32;h1-h30;h1-h31,h1-h32;h1-h30;h1-h31;h1-h33;h1-h34;h1-h35;h1-h36;h1-h37;h1-h38;h1-h39,h1-h32,2.7125,0.5,1.0,0.585,1,1.774,0.15,1.0,0.552
2262,route,none,none,h30,-0.13636,0.0,0.0,0.58,10,-0.13636,0.0,0.0,0.454,h1-h30;h1-h32;h1-h31,h1-h30;h1-h32;h1-h31;h1-h33;h1-h34;h1-h35;h1-h36;h1-h37;h1-h38;h1-h39,h1-h30,2.7575,0.5,1.0,0.615,1,1.783,0.15,1.0,0.552
2268,route,none,none,h30,-0.13636,0.0,0.0,0.58,10,-0.13636,0.0,0.0,0.454,h1-h32;h1-h30;h1-h31,h1-h32;h1-h30;h1-h31;h1-h33;h1-h34;h1-h35;h1-h36;h1-h37;h1-h38;h1-h39,h1-h32,2.7125,0.5,1.0,0.585,1,1.765,0.15,1.0,0.552
2274,route,none,none,h30,-0.13636,0.0,0.0,0.58,10,-0.13636,0.0,0.0,0.454,h1-h30;h1-h32;h1-h31,h1-h30;h1-h32;h1-h31;h1-h33;h1-h34;h1-h35;h1-h36;h1-h37;h1-h38;h1-h39,h1-h30,2.6675,0.5,1.0,0.615,1,1.756,0.15,1.0,0.552
2280,route,none,none,h30,-0.13636,0.0,0.0,0.58,10,-0.13636,0.0,0.0,0.454,h1-h32;h1-h30;h1-h31,h1-h32;h1-h30;h1-h31;h1-h33;h1-h34;h1-h35;h1-h36;h1-h37;h1-h38;h1-h39,h1-h32,2.7125,0.5,1.0,0.585,1,1.765,0.15,1.0,0.552
2286,route,none,none,h30,-0.13636,0.0,0.0,0.58,10,-0.13636,0.0,0.0,0.454,h1-h30;h1-h32;h1-h31,h1-h30;h1-h32;h1-h31;h1-h33;h1-h34;h1-h35;h1-h36;h1-h37;h1-h38;h1-h39,h1-h30,2.7575,0.5,1.0,0.615,1,1.765,0.15,1.0,0.552
2292,route,none,none,h30,-0.13636,0.0,0.0,0.58,10,-0.13636,0.0,0.0,0.454,h1-h30;h1-h32;h1-h31,h1-h30;h1-h32;h1-h31;h1-h33;h1-h34;h1-h35;h1-h36;h1-h37;h1-h38;h1-h39,h1-h30,2.6675,0.5,1.0,0.615,1,1.756,0.15,1.0,0.552
2298,route,none,none,h30,-0.13636,0.0,0.0,0.58,10,-0.13636,0.0,0.0,0.454,h1-h32;h1-h30;h1-h31,h1-h32;h1-h30;h1-h31;h1-h33;h1-h34;h1-h35;h1-h36;h1-h37;h1-h38;h1-h39,h1-h32,2.7125,0.5,1.0,0.585,1,1.774,0.15,1.0,0.552
2304,route,none,none,h30,-0.13636,0.0,0.0,0.58,10,-0.13636,0.0,0.0,0.454,h1-h30;h1-h32;h1-h31,h1-h30;h1-h32;h1-h31;h1-h33;h1-h34;h1-h35;h1-h36;h1-h37;h1-h38;h1-h39,h1-h30,2.6675,0.5,1.0,0.615,1,1.756,0.15,1.0,0.552
2310,route,none,none,h30,-0.13636,0.0,0.0,0.58,10,-0.13636,0.0,0.0,0.454,h1-h30;h1-h32;h1-h31,h1-h30;h1-h32;h1-h31;h1-h33;h1-h34;h1-h35;h1-h36;h1-h37;h1-h38;h1-h39,h1-h30,2.6675,0.5,1.0,0.615,1,1.765,0.15,1.0,0.552
2316,route,none,none,h30,-0.13636,0.0,0.0,0.58,10,-0.13636,0.0,0.0,0.454,h1-h30;h1-h32;h1-h31,h1-h30;h1-h32;h1-h31;h1-h33;h1-h34;h1-h35;h1-h36;h1-h37;h1-h38;h1-h39,h1-h30,2.7575,0.5,1.0,0.615,1,1.774,0.15,1.0,0.552
2322,route,none,none,h30,-0.13636,0.0,0.0,0.58,10,-0.13636,0.0,0.0,0.454,h1-h32;h1-h30;h1-h31,h1-h32;h1-h30;h1-h31;h1-h33;h1-h34;h1-h35;h1-h36;h1-h37;h1-h38;h1-h39,h1-h32,2.7125,0.5,1.0,0.585,1,1.774,0.15,1.0,0.552
2328,route,none,none,h30,-0.13636,0.0,0.0,0.58,10,-0.13636,0.0,0.0,0.454,h1-h30;h1-h32;h1-h31,h1-h30;h1-h32;h1-h31;h1-h33;h1-h34;h1-h35;h1-h36;h1-h37;h1-h38;h1-h39,h1-h30,2.6675,0.5,1.0,0.615,1,1.756,0.15,1.0,0.552
2334,route,none,none,h30,-0.13636,0.0,0.0,0.58,10,-0.13636,0.0,0.0,0.454,h1-h30;h1-h32;h1-h31,h1-h30;h1-h32;h1-h31;h1-h33;h1-h34;h1-h35;h1-h36;h1-h37;h1-h38;h1-h39,h1-h30,2.7575,0.5,1.0,0.615,1,1.765,0.15,1.0,0.552
2340,route,none,none,h30,-0.13636,0.0,0.0,0.58,10,-0.13636,0.0,0.0,0.454,h1-h30;h1-h32;h1-h31,h1-h30;h1-h32;h1-h31;h1-h33;h1-h34;h1-h35;h1-h36;h1-h37;h1-h38;h1-h39,h1-h30,2.6675,0.5,1.0,0.615,1,1.765,0.15,1.0,0.552
2346,route,none,none,h30,-0.13636,0.0,0.0,0.58,10,-0.13636,0.0,0.0,0.454,h1-h30;h1-h32;h1-h31,h1-h30;h1-h32;h1-h31;h1-h33;h1-h34;h1-h35;h1-h36;h1-h37;h1-h38;h1-h39,h1-h30,2.6675,0.5,1.0,0.615,1,1.756,0.15,1.0,0.552
2352,route,none,none,h30,-0.13636,0.0,0.0,0.58,10,-0.13636,0.0,0.0,0.454,h1-h30;h1-h32;h1-h31,h1-h30;h1-h32;h1-h31;h1-h33;h1-h34;h1-h35;h1-h36;h1-h37;h1-h38;h1-h39,h1-h30,2.6675,0.5,1.0,0.615,1,1.756,0.15,1.0,0.552
2358,route,none,none,h30,-0.13636,0.0,0.0,0.58,10,-0.13636,0.0,0.0,0.454,h1-h30;h1-h32;h1-h31,h1-h30;h1-h32;h1-h31;h1-h33;h1-h34;h1-h35;h1-h36;h1-h37;h1-h38;h1-h39,h1-h30,2.6675,0.5,1.0,0.615,1,1.7685,0.15,1.0,0.552
2364,route,none,none,h30,-0.13636,0.0,0.0,0.58,10,-0.13636,0.0,0.0,0.454,h1-h30;h1-h32;h1-h31,h1-h30;h1-h32;h1-h31;h1-h33;h1-h34;h1-h35;h1-h36;h1-h37;h1-h38;h1-h39,h1-h30,2.7575,0.5,1.0,0.615,1,1.765,0.15,1.0,0.552
2370,route,none,none,h30,-0.13636,0.0,0.0,0.58,10,-0.13636,0.0,0.0,0.454,h1-h32;h1-h30;h1-h31,h1-h32;h1-h30;h1-h31;h1-h33;h1-h34;h1-h35;h1-h36;h1-h37;h1-h38;h1-h39,h1-h32,2.7125,0.5,1.0,0.585,1,1.765,0.15,1.0,0.552
2376,route,none,none,h30,-0.13636,0.0,0.0,0.58,10,-0.13636,0.0,0.0,0.454,h1-h30;h1-h32;h1-h31,h1-h30;h1-h32;h1-h31;h1-h33;h1-h34;h1-h35;h1-h36;h1-h37;h1-h38;h1-h39,h1-h30,2.7575,0.5,1.0,0.615,1,1.774,0.15,1.0,0.552
2382,route,none,none,h30,-0.13636,0.0,0.0,0.58,10,-0.13636,0.0,0.0,0.454,h1-h32;h1-h30;h1-h31,h1-h32;h1-h30;h1-h31;h1-h33;h1-h34;h1-h35;h1-h36;h1-h37;h1-h38;h1-h39,h1-h32,2.7125,0.5,1.0,0.585,1,1.765,0.15,1.0,0.552
2388,route,none,none,h30,-0.13636,0.0,0.0,0.58,10,-0.13636,0.0,0.0,0.454,h1-h30;h1-h32;h1-h31,h1-h30;h1-h32;h1-h31;h1-h33;h1-h34;h1-h35;h1-h36;h1-h37;h1-h38;h1-h39,h1-h30,2.6675,0.5,1.0,0.615,1,1.756,0.15,1.0,0.552
2394,route,none,none,h30,-0.13636,0.0,0.0,0.58,10,-0.13636,0.0,0.0,0.454,h1-h32;h1-h30;h1-h31,h1-h32;h1-h30;h1-h31;h1-h33;h1-h34;h1-h35;h1-h36;h1-h37;h1-h38;h1-h39,h1-h32,2.7125,0.5,1.0,0.585,1,1.765,0.15,1.0,0.552
2400,route,none,none,h30,-0.13636,0.0,0.0,0.58,10,-0.13636,0.0,0.0,0.454,h1-h30;h1-h32;h1-h31,h1-h30;h1-h32;h1-h31;h1-h33;h1-h34;h1-h35;h1-h36;h1-h37;h1-h38;h1-h39,h1-h30,2.6675,0.5,1.0,0.615,1,1.765,0.15,1.0,0.552
2406,route,none,none,h30,-0.13636,0.0,0.0,0.58,10,-0.13636,0.0,0.0,0.454,h1-h30;h1-h32;h1-h31,h1-h30;h1-h32;h1-h31;h1-h33;h1-h34;h1-h35;h1-h36;h1-h37;h1-h38;h1-h39,h1-h30,2.7575,0.5,1.0,0.615,1,1.783,0.15,1.0,0.552
2412,route,none,none,h30,-0.13636,0.0,0.0,0.58,10,-0.13636,0.0,0.0,0.454,h1-h30;h1-h32;h1-h31,h1-h30;h1-h32;h1-h31;h1-h33;h1-h34;h1-h35;h1-h36;h1-h37;h1-h38;h1-h39,h1-h30,2.7575,0.5,1.0,0.615,1,1.783,0.15,1.0,0.552
2418,route,none,none,h30,-0.13636,0.0,0.0,0.58,10,-0.13636,0.0,0.0,0.454,h1-h32;h1-h30;h1-h31,h1-h32;h1-h30;h1-h31;h1-h33;h1-h34;h1-h35;h1-h36;h1-h37;h1-h38;h1-h39,h1-h32,2.7125,0.5,1.0,0.585,1,1.765,0.15,1.0,0.552
2424,route,none,none,h30,-0.13636,0.0,0.0,0.58,10,-0.13636,0.0,0.0,0.454,h1-h30;h1-h32;h1-h31,h1-h30;h1-h32;h1-h31;h1-h33;h1-h34;h1-h35;h1-h36;h1-h37;h1-h38;h1-h39,h1-h30,2.6675,0.5,1.0,0.615,1,1.756,0.15,1.0,0.552
2430,route,none,none,h30,-0.13636,0.0,0.0,0.58,10,-0.13636,0.0,0.0,0.454,h1-h30;h1-h32;h1-h31,h1-h30;h1-h32;h1-h31;h1-h33;h1-h34;h1-h35;h1-h36;h1-h37;h1-h38;h1-h39,h1-h30,2.6675,0.5,1.0,0.615,1,1.765,0.15,1.0,0.552
2436,route,none,none,h30,-0.13636,0.0,0.0,0.58,10,-0.13636,0.0,0.0,0.454,h1-h32;h1-h30;h1-h31,h1-h32;h1-h30;h1-h31;h1-h33;h1-h34;h1-h35;h1-h36;h1-h37;h1-h38;h1-h39,h1-h32,2.7125,0.5,1.0,0.585,1,1.765,0.15,1.0,0.552
2442,route,none,none,h30,-0.13636,0.0,0.0,0.58,10,-0.13636,0.0,0.0,0.454,h1-h30;h1-h32;h1-h31,h1-h30;h1-h32;h1-h31;h1-h33;h1-h34;h1-h35;h1-h36;h1-h37;h1-h38;h1-h39,h1-h30,2.7575,0.5,1.0,0.615,1,1.765,0.15,1.0,0.552
2448,route,none,none,h30,-0.13636,0.0,0.0,0.58,10,-0.13636,0.0,0.0,0.454,h1-h30;h1-h32;h1-h31,h1-h30;h1-h32;h1-h31;h1-h33;h1-h34;h1-h35;h1-h36;h1-h37;h1-h38;h1-h39,h1-h30,2.6675,0.5,1.0,0.615,1,1.756,0.15,1.0,0.552
2454,route,none,none,h30,-0.13636,0.0,0.0,0.58,10,-0.13636,0.0,0.0,0.454,h1-h30;h1-h32;h1-h31,h1-h30;h1-h32;h1-h31;h1-h33;h1-h34;h1-h35;h1-h36;h1-h37;h1-h38;h1-h39,h1-h30,2.6675,0.5,1.0,0.615,1,1.765,0.15,1.0,0.552
2460,route,none,none,h30,-0.13636,0.0,0.0,0.58,10,-0.13636,0.0,0.0,0.454,h1-h30;h1-h32;h1-h31,h1-h30;h1-h32;h1-h31;h1-h33;h1-h34;h1-h35;h1-h36;h1-h37;h1-h38;h1-h39,h1-h30,2.7575,0.5,1.0,0.615,1,1.765,0.15,1.0,0.552
2466,route,none,none,h30,-0.13636,0.0,0.0,0.58,10,-0.13636,0.0,0.0,0.454,h1-h32;h1-h30;h1-h31,h1-h32;h1-h30;h1-h31;h1-h33;h1-h34;h1-h35;h1-h36;h1-h37;h1-h38;h1-h39,h1-h32,2.7125,0.5,1.0,0.585,1,1.774,0.15,1.0,0.552
2472,route,none,none,h30,-0.13636,0.0,0.0,0.58,10,-0.13636,0.0,0.0,0.454,h1-h30;h1-h32;h1-h31,h1-h30;h1-h32;h1-h31;h1-h33;h1-h34;h1-h35;h1-h36;h1-h37;h1-h38;h1-h39,h1-h30,2.6675,0.5,1.0,0.615,1,1.756,0.15,1.0,0.552
2478,route,none,none,h30,-0.13636,0.0,0.0,0.58,10,-0.13636,0.0,0.0,0.454,h1-h30;h1-h32;h1-h31,h1-h30;h1-h32;h1-h31;h1-h33;h1-h34;h1-h35;h1-h36;h1-h37;h1-h38;h1-h39,h1-h30,2.7925,0.5,1.0,0.615,2,1.7865,0.15,1.0,0.552
2484,route,none,none,h30,-0.13636,0.0,0.0,0.58,10,-0.13636,0.0,0.0,0.454,h1-h32;h1-h30;h1-h31,h1-h32;h1-h30;h1-h31;h1-h33;h1-h34;h1-h35;h1-h36;h1-h37;h1-h38;h1-h39,h1-h32,2.7125,0.5,1.0,0.585,1,1.765,0.15,1.0,0.552
2490,route,none,none,h30,-0.13636,0.0,0.0,0.58,10,-0.13636,0.0,0.0,0.454,h1-h30;h1-h32;h1-h31,h1-h30;h1-h32;h1-h31;h1-h33;h1-h34;h1-h35;h1-h36;h1-h37;h1-h38;h1-h39,h1-h30,2.7575,0.5,1.0,0.615,1,1.765,0.15,1.0,0.552
2496,route,none,none,h30,-0.13636,0.0,0.0,0.58,10,-0.13636,0.0,0.0,0.454,h1-h30;h1-h32;h1-h31,h1-h30;h1-h32;h1-h31;h1-h33;h1-h34;h1-h35;h1-h36;h1-h37;h1-h38;h1-h39,h1-h30,2.7575,0.5,1.0,0.615,1,1.765,0.15,1.0,0.552
2502,route,none,none,h30,-0.13636,0.0,0.0,0.58,10,-0.13636,0.0,0.0,0.454,h1-h30;h1-h32;h1-h31,h1-h30;h1-h32;h1-h31;h1-h33;h1-h34;h1-h35;h1-h36;h1-h37;h1-h38;h1-h39,h1-h30,2.6675,0.5,1.0,0.615,1,1.756,0.15,1.0,0.552
2508,route,none,none,h30,-0.13636,0.0,0.0,0.58,10,-0.13636,0.0,0.0,0.454,h1-h32;h1-h30;h1-h31,h1-h32;h1-h30;h1-h31;h1-h33;h1-h34;h1-h35;h1-h36;h1-h37;h1-h38;h1-h39,h1-h32,2.7475,0.5,1.0,0.585,2,1.7685,0.15,1.0,0.552
2514,route,none,none,h30,-0.13636,0.0,0.0,0.58,10,-0.13636,0.0,0.0,0.454,h1-h32;h1-h30;h1-h31,h1-h32;h1-h30;h1-h31;h1-h33;h1-h34;h1-h35;h1-h36;h1-h37;h1-h38;h1-h39,h1-h32,2.7475,0.5,1.0,0.585,2,1.7775,0.15,1.0,0.552
2520,route,none,none,h30,-0.13636,0.0,0.0,0.79,10,-0.13636,0.0,0.0,0.46,h1-h30;h1-h32;h1-h31,h1-h30;h1-h32;h1-h31;h1-h33;h1-h34;h1-h35;h1-h36;h1-h37;h1-h38;h1-h39,h1-h30,2.915,0.5,1.0,0.72,1,1.78975,0.15,1.0,0.555
2526,route,none,none,h30,-0.13636,0.0,0.0,0.79,10,-0.13636,0.0,0.0,0.46,h1-h30;h1-h32;h1-h31,h1-h30;h1-h32;h1-h31;h1-h33;h1-h34;h1-h35;h1-h36;h1-h37;h1-h38;h1-h39,h1-h30,2.825,0.5,1.0,0.72,1,1.78075,0.15,1.0,0.555
2532,route,none,none,h30,-0.13636,0.0,0.0,0.79,10,-0.13636,0.0,0.0,0.46,h1-h30;h1-h32;h1-h31,h1-h30;h1-h32;h1-h31;h1-h33;h1-h34;h1-h35;h1-h36;h1-h37;h1-h38;h1-h39,h1-h30,2.915,0.5,1.0,0.72,1,1.78075,0.15,1.0,0.555
2538,route,none,none,h30,-0.13636,0.0,0.0,0.79,10,-0.13636,0.0,0.0,0.46,h1-h30;h1-h32;h1-h31,h1-h30;h1-h32;h1-h31;h1-h33;h1-h34;h1-h35;h1-h36;h1-h37;h1-h38;h1-h39,h1-h30,2.915,0.5,1.0,0.72,1,1.78075,0.15,1.0,0.555
2544,route,none,none,h30,-0.13636,0.0,0.0,0.79,10,-0.13636,0.0,0.0,0.46,h1-h30;h1-h32;h1-h31,h1-h30;h1-h32;h1-h31;h1-h33;h1-h34;h1-h35;h1-h36;h1-h37;h1-h38;h1-h39,h1-h30,2.825,0.5,1.0,0.72,1,1.77175,0.15,1.0,0.555
2550,route,none,none,h30,-0.13636,0.0,0.0,0.79,10,-0.13636,0.0,0.0,0.46,h1-h30;h1-h32;h1-h31,h1-h30;h1-h32;h1-h31;h1-h33;h1-h34;h1-h35;h1-h36;h1-h37;h1-h38;h1-h39,h1-h30,2.825,0.5,1.0,0.72,1,1.78075,0.15,1.0,0.555
2556,route,none,none,h30,-0.13636,0.0,0.0,0.79,10,-0.13636,0.0,0.0,0.46,h1-h30;h1-h32;h1-h31,h1-h30;h1-h32;h1-h31;h1-h33;h1-h34;h1-h35;h1-h36;h1-h37;h1-h38;h1-h39,h1-h30,2.825,0.5,1.0,0.72,1,1.78075,0.15,1.0,0.555
2562,route,none,none,h30,-0.13636,0.0,0.0,0.79,10,-0.13636,0.0,0.0,0.46,h1-h30;h1-h32;h1-h31,h1-h30;h1-h32;h1-h31;h1-h33;h1-h34;h1-h35;h1-h36;h1-h37;h1-h38;h1-h39,h1-h30,2.825,0.5,1.0,0.72,1,1.77175,0.15,1.0,0.555
2568,route,none,none,h30,-0.13636,0.0,0.0,0.79,10,-0.13636,0.0,0.0,0.46,h1-h30;h1-h32;h1-h31,h1-h30;h1-h32;h1-h31;h1-h33;h1-h34;h1-h35;h1-h36;h1-h37;h1-h38;h1-h39,h1-h30,2.825,0.5,1.0,0.72,1,1.78975,0.15,1.0,0.555
2574,route,none,none,h30,-0.13636,0.0,0.0,0.79,10,-0.13636,0.0,0.0,0.46,h1-h30;h1-h32;h1-h31,h1-h30;h1-h32;h1-h31;h1-h33;h1-h34;h1-h35;h1-h36;h1-h37;h1-h38;h1-h39,h1-h30,2.825,0.5,1.0,0.72,1,1.78075,0.15,1.0,0.555
2580,route,none,none,h30,-0.13636,0.0,0.0,0.79,10,-0.13636,0.0,0.0,0.46,h1-h30;h1-h32;h1-h31,h1-h30;h1-h32;h1-h31;h1-h33;h1-h34;h1-h35;h1-h36;h1-h37;h1-h38;h1-h39,h1-h30,2.915,0.5,1.0,0.72,1,1.78075,0.15,1.0,0.555
2586,route,none,none,h30,-0.13636,0.0,0.0,0.79,10,-0.13636,0.0,0.0,0.46,h1-h30;h1-h32;h1-h31,h1-h30;h1-h32;h1-h31;h1-h33;h1-h34;h1-h35;h1-h36;h1-h37;h1-h38;h1-h39,h1-h30,2.825,0.5,1.0,0.72,1,1.78075,0.15,1.0,0.555
2592,route,none,none,h30,-0.13636,0.0,0.0,0.79,10,-0.13636,0.0,0.0,0.46,h1-h30;h1-h32;h1-h31,h1-h30;h1-h32;h1-h31;h1-h33;h1-h34;h1-h35;h1-h36;h1-h37;h1-h38;h1-h39,h1-h30,2.825,0.5,1.0,0.72,1,1.78075,0.15,1.0,0.555
2598,route,none,none,h30,-0.13636,0.0,0.0,0.79,10,-0.13636,0.0,0.0,0.46,h1-h30;h1-h32;h1-h31,h1-h30;h1-h32;h1-h31;h1-h33;h1-h34;h1-h35;h1-h36;h1-h37;h1-h38;h1-h39,h1-h30,2.825,0.5,1.0,0.72,1,1.77175,0.15,1.0,0.555
2604,route,none,none,h30,-0.13636,0.0,0.0,0.79,10,-0.13636,0.0,0.0,0.46,h1-h30;h1-h32;h1-h31,h1-h30;h1-h32;h1-h31;h1-h33;h1-h34;h1-h35;h1-h36;h1-h37;h1-h38;h1-h39,h1-h30,2.825,0.5,1.0,0.72,1,1.77175,0.15,1.0,0.555
2610,route,none,none,h30,-0.13636,0.0,0.0,0.79,10,-0.13636,0.0,0.0,0.46,h1-h30;h1-h32;h1-h31,h1-h30;h1-h32;h1-h31;h1-h33;h1-h34;h1-h35;h1-h36;h1-h37;h1-h38;h1-h39,h1-h30,2.825,0.5,1.0,0.72,1,1.77175,0.15,1.0,0.555
2616,route,none,none,h30,-0.13636,0.0,0.0,0.79,10,-0.13636,0.0,0.0,0.46,h1-h30;h1-h32;h1-h31,h1-h30;h1-h32;h1-h31;h1-h33;h1-h34;h1-h35;h1-h36;h1-h37;h1-h38;h1-h39,h1-h30,2.915,0.5,1.0,0.72,1,1.78075,0.15,1.0,0.555
2622,route,none,none,h30,-0.13636,0.0,0.0,0.79,10,-0.13636,0.0,0.0,0.46,h1-h30;h1-h32;h1-h31,h1-h30;h1-h32;h1-h31;h1-h33;h1-h34;h1-h35;h1-h36;h1-h37;h1-h38;h1-h39,h1-h30,2.825,0.5,1.0,0.72,1,1.77175,0.15,1.0,0.555
2628,route,none,none,h30,-0.13636,0.0,0.0,0.79,10,-0.13636,0.0,0.0,0.46,h1-h30;h1-h32;h1-h31,h1-h30;h1-h32;h1-h31;h1-h33;h1-h34;h1-h35;h1-h36;h1-h37;h1-h38;h1-h39,h1-h30,2.915,0.5,1.0,0.72,1,1.78975,0.15,1.0,0.555
2634,route,none,none,h30,-0.13636,0.0,0.0,0.79,10,-0.13636,0.0,0.0,0.46,h1-h30;h1-h32;h1-h31,h1-h30;h1-h32;h1-h31;h1-h33;h1-h34;h1-h35;h1-h36;h1-h37;h1-h38;h1-h39,h1-h30,2.915,0.5,1.0,0.72,1,1.78975,0.15,1.0,0.555
2640,route,none,none,h30,-0.13636,0.0,0.0,0.79,10,-0.13636,0.0,0.0,0.46,h1-h30;h1-h32;h1-h31,h1-h30;h1-h32;h1-h31;h1-h33;h1-h34;h1-h35;h1-h36;h1-h37;h1-h38;h1-h39,h1-h30,2.915,0.5,1.0,0.72,1,1.78075,0.15,1.0,0.555
2646,route,none,none,h30,-0.13636,0.0,0.0,0.79,10,-0.13636,0.0,0.0,0.46,h1-h30;h1-h32;h1-h31,h1-h30;h1-h32;h1-h31;h1-h33;h1-h34;h1-h35;h1-h36;h1-h37;h1-h38;h1-h39,h1-h30,2.915,0.5,1.0,0.72,1,1.78975,0.15,1.0,0.555
2652,route,none,none,h30,-0.13636,0.0,0.0,0.79,10,-0.13636,0.0,0.0,0.46,h1-h30;h1-h32;h1-h31,h1-h30;h1-h32;h1-h31;h1-h33;h1-h34;h1-h35;h1-h36;h1-h37;h1-h38;h1-h39,h1-h30,2.825,0.5,1.0,0.72,1,1.78975,0.15,1.0,0.555
2658,route,none,none,h30,-0.13636,0.0,0.0,0.79,10,-0.13636,0.0,0.0,0.46,h1-h30;h1-h32;h1-h31,h1-h30;h1-h32;h1-h31;h1-h33;h1-h34;h1-h35;h1-h36;h1-h37;h1-h38;h1-h39,h1-h30,2.825,0.5,1.0,0.72,1,1.78075,0.15,1.0,0.555
2664,route,none,none,h30,-0.13636,0.0,0.0,0.79,10,-0.13636,0.0,0.0,0.46,h1-h30;h1-h32;h1-h31,h1-h30;h1-h32;h1-h31;h1-h33;h1-h34;h1-h35;h1-h36;h1-h37;h1-h38;h1-h39,h1-h30,2.825,0.5,1.0,0.72,1,1.77175,0.15,1.0,0.555
2670,route,none,none,h30,-0.13636,0.0,0.0,0.79,10,-0.13636,0.0,0.0,0.46,h1-h30;h1-h32;h1-h31,h1-h30;h1-h32;h1-h31;h1-h33;h1-h34;h1-h35;h1-h36;h1-h37;h1-h38;h1-h39,h1-h30,2.825,0.5,1.0,0.72,1,1.78075,0.15,1.0,0.555
2676,route,none,none,h30,-0.13636,0.0,0.0,0.79,10,-0.13636,0.0,0.0,0.46,h1-h30;h1-h32;h1-h31,h1-h30;h1-h32;h1-h31;h1-h33;h1-h34;h1-h35;h1-h36;h1-h37;h1-h38;h1-h39,h1-h30,2.915,0.5,1.0,0.72,1,1.78075,0.15,1.0,0.555
2682,route,none,none,h30,-0.13636,0.0,0.0,0.79,10,-0.13636,0.0,0.0,0.46,h1-h30;h1-h32;h1-h31,h1-h30;h1-h32;h1-h31;h1-h33;h1-h34;h1-h35;h1-h36;h1-h37;h1-h38;h1-h39,h1-h30,2.825,0.5,1.0,0.72,1,1.78975,0.15,1.0,0.555
2688,route,none,none,h30,-0.13636,0.0,0.0,0.79,10,-0.13636,0.0,0.0,0.46,h1-h30;h1-h32;h1-h31,h1-h30;h1-h32;h1-h31;h1-h33;h1-h34;h1-h35;h1-h36;h1-h37;h1-h38;h1-h39,h1-h30,2.915,0.5,1.0,0.72,1,1.78975,0.15,1.0,0.555
2694,route,none,none,h30,-0.13636,0.0,0.0,0.79,10,-0.13636,0.0,0.0,0.46,h1-h30;h1-h32;h1-h31,h1-h30;h1-h32;h1-h31;h1-h33;h1-h34;h1-h35;h1-h36;h1-h37;h1-h38;h1-h39,h1-h30,2.825,0.5,1.0,0.72,1,1.77175,0.15,1.0,0.555
2700,route,none,none,h30,-0.13636,0.0,0.0,0.79,10,-0.13636,0.0,0.0,0.46,h1-h30;h1-h32;h1-h31,h1-h30;h1-h32;h1-h31;h1-h33;h1-h34;h1-h35;h1-h36;h1-h37;h1-h38;h1-h39,h1-h30,2.915,0.5,1.0,0.72,1,1.78975,0.15,1.0,0.555
2706,route,none,none,h30,-0.13636,0.0,0.0,0.79,10,-0.13636,0.0,0.0,0.46,h1-h30;h1-h32;h1-h31,h1-h30;h1-h32;h1-h31;h1-h33;h1-h34;h1-h35;h1-h36;h1-h37;h1-h38;h1-h39,h1-h30,2.825,0.5,1.0,0.72,1,1.77175,0.15,1.0,0.555
2712,route,none,none,h30,-0.13636,0.0,0.0,0.79,10,-0.13636,0.0,0.0,0.46,h1-h30;h1-h32;h1-h31,h1-h30;h1-h32;h1-h31;h1-h33;h1-h34;h1-h35;h1-h36;h1-h37;h1-h38;h1-h39,h1-h30,2.825,0.5,1.0,0.72,1,1.77175,0.15,1.0,0.555
2718,route,none,none,h30,-0.13636,0.0,0.0,0.79,10,-0.13636,0.0,0.0,0.46,h1-h30;h1-h32;h1-h31,h1-h30;h1-h32;h1-h31;h1-h33;h1-h34;h1-h35;h1-h36;h1-h37;h1-h38;h1-h39,h1-h30,2.825,0.5,1.0,0.72,1,1.77175,0.15,1.0,0.555
2724,route,none,none,h30,-0.13636,0.0,0.0,0.79,10,-0.13636,0.0,0.0,0.46,h1-h30;h1-h32;h1-h31,h1-h30;h1-h32;h1-h31;h1-h33;h1-h34;h1-h35;h1-h36;h1-h37;h1-h38;h1-h39,h1-h30,2.825,0.5,1.0,0.72,1,1.78075,0.15,1.0,0.555
2730,route,none,none,h30,-0.13636,0.0,0.0,0.79,10,-0.13636,0.0,0.0,0.46,h1-h30;h1-h32;h1-h31,h1-h30;h1-h32;h1-h31;h1-h33;h1-h34;h1-h35;h1-h36;h1-h37;h1-h38;h1-h39,h1-h30,2.825,0.5,1.0,0.72,1,1.77175,0.15,1.0,0.555
2736,route,none,none,h30,-0.13636,0.0,0.0,0.79,10,-0.13636,0.0,0.0,0.46,h1-h30;h1-h32;h1-h31,h1-h30;h1-h32;h1-h31;h1-h33;h1-h34;h1-h35;h1-h36;h1-h37;h1-h38;h1-h39,h1-h30,2.915,0.5,1.0,0.72,1,1.78975,0.15,1.0,0.555
2742,route,none,none,h30,-0.13636,0.0,0.0,0.79,10,-0.13636,0.0,0.0,0.46,h1-h30;h1-h32;h1-h31,h1-h30;h1-h32;h1-h31;h1-h33;h1-h34;h1-h35;h1-h36;h1-h37;h1-h38;h1-h39,h1-h30,2.825,0.5,1.0,0.72,1,1.79325,0.15,1.0,0.555
2748,route,none,none,h30,-0.13636,0.0,0.0,0.79,10,-0.13636,0.0,0.0,0.46,h1-h30;h1-h32;h1-h31,h1-h30;h1-h32;h1-h31;h1-h33;h1-h34;h1-h35;h1-h36;h1-h37;h1-h38;h1-h39,h1-h30,2.825,0.5,1.0,0.72,1,1.77175,0.15,1.0,0.555
2754,route,none,none,h30,-0.13636,0.0,0.0,0.79,10,-0.13636,0.0,0.0,0.46,h1-h30;h1-h32;h1-h31,h1-h30;h1-h32;h1-h31;h1-h33;h1-h34;h1-h35;h1-h36;h1-h37;h1-h38;h1-h39,h1-h30,2.825,0.5,1.0,0.72,1,1.78075,0.15,1.0,0.555
2760,route,none,none,h30,-0.13636,0.0,0.0,0.79,10,-0.13636,0.0,0.0,0.46,h1-h30;h1-h32;h1-h31,h1-h30;h1-h32;h1-h31;h1-h33;h1-h34;h1-h35;h1-h36;h1-h37;h1-h38;h1-h39,h1-h30,2.825,0.5,1.0,0.72,1,1.78975,0.15,1.0,0.555
2766,route,none,none,h30,-0.13636,0.0,0.0,0.79,10,-0.13636,0.0,0.0,0.46,h1-h30;h1-h32;h1-h31,h1-h30;h1-h32;h1-h31;h1-h33;h1-h34;h1-h35;h1-h36;h1-h37;h1-h38;h1-h39,h1-h30,2.915,0.5,1.0,0.72,1,1.78075,0.15,1.0,0.555
2772,route,none,none,h30,-0.13636,0.0,0.0,0.79,10,-0.13636,0.0,0.0,0.46,h1-h30;h1-h32;h1-h31,h1-h30;h1-h32;h1-h31;h1-h33;h1-h34;h1-h35;h1-h36;h1-h37;h1-h38;h1-h39,h1-h30,2.825,0.5,1.0,0.72,1,1.77175,0.15,1.0,0.555
2778,route,none,none,h30,-0.13636,0.0,0.0,0.79,10,-0.13636,0.0,0.0,0.46,h1-h30;h1-h32;h1-h31,h1-h30;h1-h32;h1-h31;h1-h33;h1-h34;h1-h35;h1-h36;h1-h37;h1-h38;h1-h39,h1-h30,2.825,0.5,1.0,0.72,1,1.78075,0.15,1.0,0.555
2784,route,none,none,h30,-0.13636,0.0,0.0,0.79,10,-0.13636,0.0,0.0,0.46,h1-h30;h1-h32;h1-h31,h1-h30;h1-h32;h1-h31;h1-h33;h1-h34;h1-h35;h1-h36;h1-h37;h1-h38;h1-h39,h1-h30,2.825,0.5,1.0,0.72,1,1.78075,0.15,1.0,0.555
2790,route,none,none,h30,-0.13636,0.0,0.0,0.79,10,-0.13636,0.0,0.0,0.46,h1-h30;h1-h32;h1-h31,h1-h30;h1-h32;h1-h31;h1-h33;h1-h34;h1-h35;h1-h36;h1-h37;h1-h38;h1-h39,h1-h30,2.915,0.5,1.0,0.72,1,1.78975,0.15,1.0,0.555
2796,route,none,none,h30,-0.13636,0.0,0.0,0.79,10,-0.13636,0.0,0.0,0.46,h1-h30;h1-h32;h1-h31,h1-h30;h1-h32;h1-h31;h1-h33;h1-h34;h1-h35;h1-h36;h1-h37;h1-h38;h1-h39,h1-h30,2.825,0.5,1.0,0.72,1,1.78075,0.15,1.0,0.555
2802,route,none,none,h30,-0.13636,0.0,0.0,0.79,10,-0.13636,0.0,0.0,0.46,h1-h30;h1-h32;h1-h31,h1-h30;h1-h32;h1-h31;h1-h33;h1-h34;h1-h35;h1-h36;h1-h37;h1-h38;h1-h39,h1-h30,2.915,0.5,1.0,0.72,1,1.78975,0.15,1.0,0.555
2808,route,none,none,h30,-0.13636,0.0,0.0,0.79,10,-0.13636,0.0,0.0,0.46,h1-h30;h1-h32;h1-h31,h1-h30;h1-h32;h1-h31;h1-h33;h1-h34;h1-h35;h1-h36;h1-h37;h1-h38;h1-h39,h1-h30,2.825,0.5,1.0,0.72,1,1.77175,0.15,1.0,0.555
2814,route,none,none,h30,-0.13636,0.0,0.0,0.79,10,-0.13636,0.0,0.0,0.46,h1-h30;h1-h32;h1-h31,h1-h30;h1-h32;h1-h31;h1-h33;h1-h34;h1-h35;h1-h36;h1-h37;h1-h38;h1-h39,h1-h30,2.825,0.5,1.0,0.72,1,1.78075,0.15,1.0,0.555
2820,route,none,none,h30,-0.13636,0.0,0.0,0.79,10,-0.13636,0.0,0.0,0.46,h1-h30;h1-h32;h1-h31,h1-h30;h1-h32;h1-h31;h1-h33;h1-h34;h1-h35;h1-h36;h1-h37;h1-h38;h1-h39,h1-h30,2.825,0.5,1.0,0.72,1,1.77175,0.15,1.0,0.555
2826,route,none,none,h30,-0.13636,0.0,0.0,0.79,10,-0.13636,0.0,0.0,0.46,h1-h30;h1-h32;h1-h31,h1-h30;h1-h32;h1-h31;h1-h33;h1-h34;h1-h35;h1-h36;h1-h37;h1-h38;h1-h39,h1-h30,2.915,0.5,1.0,0.72,1,1.78075,0.15,1.0,0.555
2832,route,none,none,h30,-0.13636,0.0,0.0,0.79,10,-0.13636,0.0,0.0,0.46,h1-h30;h1-h32;h1-h31,h1-h30;h1-h32;h1-h31;h1-h33;h1-h34;h1-h35;h1-h36;h1-h37;h1-h38;h1-h39,h1-h30,2.915,0.5,1.0,0.72,1,1.78975,0.15,1.0,0.555
2838,route,none,none,h30,-0.13636,0.0,0.0,0.79,10,-0.13636,0.0,0.0,0.46,h1-h30;h1-h32;h1-h31,h1-h30;h1-h32;h1-h31;h1-h33;h1-h34;h1-h35;h1-h36;h1-h37;h1-h38;h1-h39,h1-h30,3.04,0.5,1.0,0.72,2,1.81475,0.15,1.0,0.555
2844,route,none,none,h30,-0.13636,0.0,0.0,0.79,10,-0.13636,0.0,0.0,0.46,h1-h30;h1-h32;h1-h31,h1-h30;h1-h32;h1-h31;h1-h33;h1-h34;h1-h35;h1-h36;h1-h37;h1-h38;h1-h39,h1-h30,3.04,0.5,1.0,0.72,2,1.80225,0.15,1.0,0.555
2850,route,none,none,h30,-0.13636,0.0,0.0,0.79,10,-0.13636,0.0,0.0,0.46,h1-h30;h1-h32;h1-h31,h1-h30;h1-h32;h1-h31;h1-h33;h1-h34;h1-h35;h1-h36;h1-h37;h1-h38;h1-h39,h1-h30,3.1025,0.5,1.0,0.72,3,1.8085,0.15,1.0,0.555
2856,route,none,none,h30,-0.13636,0.0,0.0,0.79,10,-0.13636,0.0,0.0,0.46,h1-h30;h1-h32;h1-h31,h1-h30;h1-h32;h1-h31;h1-h33;h1-h34;h1-h35;h1-h36;h1-h37;h1-h38;h1-h39,h1-h30,2.825,0.5,1.0,0.72,1,1.77175,0.15,1.0,0.555
2862,route,none,none,h30,-0.13636,0.0,0.0,0.79,10,-0.13636,0.0,0.0,0.46,h1-h30;h1-h32;h1-h31,h1-h30;h1-h32;h1-h31;h1-h33;h1-h34;h1-h35;h1-h36;h1-h37;h1-h38;h1-h39,h1-h30,2.915,0.5,1.0,0.72,1,1.78075,0.15,1.0,0.555
2868,route,none,none,h30,-0.13636,0.0,0.0,0.79,10,-0.13636,0.0,0.0,0.46,h1-h30;h1-h32;h1-h31,h1-h30;h1-h32;h1-h31;h1-h33;h1-h34;h1-h35;h1-h36;h1-h37;h1-h38;h1-h39,h1-h30,2.915,0.5,1.0,0.72,1,1.78075,0.15,1.0,0.555
2874,route,none,none,h30,-0.13636,0.0,0.0,0.79,10,-0.13636,0.0,0.0,0.46,h1-h30;h1-h32;h1-h31,h1-h30;h1-h32;h1-h31;h1-h33;h1-h34;h1-h35;h1-h36;h1-h37;h1-h38;h1-h39,h1-h30,3.04,0.5,1.0,0.72,2,1.81125,0.15,1.0,0.555
2880,route,none,none,h30,-0.13636,0.0,0.0,0.76,10,-0.13636,0.0,0.0,0.535,h1-h30;h1-h32;h1-h31,h1-h30;h1-h32;h1-h31;h1-h33;h1-h34;h1-h35;h1-h36;h1-h37;h1-h38;h1-h39,h1-h30,2.8025,0.5,1.0,0.705,1,1.77625,0.15,1.0,0.5925
2886,route,none,none,h30,-0.13636,0.0,0.0,0.76,10,-0.13636,0.0,0.0,0.535,h1-h30;h1-h32;h1-h31,h1-h30;h1-h32;h1-h31;h1-h33;h1-h34;h1-h35;h1-h36;h1-h37;h1-h38;h1-h39,h1-h30,2.8025,0.5,1.0,0.705,1,1.77625,0.15,1.0,0.5925
2892,route,none,none,h30,-0.13636,0.0,0.0,0.76,10,-0.13636,0.0,0.0,0.535,h1-h30;h1-h32;h1-h31,h1-h30;h1-h32;h1-h31;h1-h33;h1-h34;h1-h35;h1-h36;h1-h37;h1-h38;h1-h39,h1-h30,2.8025,0.5,1.0,0.705,1,1.76725,0.15,1.0,0.5925
2898,route,none,none,h30,-0.13636,0.0,0.0,0.76,10,-0.13636,0.0,0.0,0.535,h1-h30;h1-h32;h1-h31,h1-h30;h1-h32;h1-h31;h1-h33;h1-h34;h1-h35;h1-h36;h1-h37;h1-h38;h1-h39,h1-h30,2.9275,0.5,1.0,0.705,2,1.77975,0.15,1.0,0.5925
2904,route,none,none,h30,-0.13636,0.0,0.0,0.76,10,-0.13636,0.0,0.0,0.535,h1-h30;h1-h32;h1-h31,h1-h30;h1-h32;h1-h31;h1-h33;h1-h34;h1-h35;h1-h36;h1-h37;h1-h38;h1-h39,h1-h30,2.8025,0.5,1.0,0.705,1,1.76725,0.15,1.0,0.5925
2910,route,none,none,h30,-0.13636,0.0,0.0,0.76,10,-0.13636,0.0,0.0,0.535,h1-h30;h1-h32;h1-h31,h1-h30;h1-h32;h1-h31;h1-h33;h1-h34;h1-h35;h1-h36;h1-h37;h1-h38;h1-h39,h1-h30,2.8025,0.5,1.0,0.705,1,1.76725,0.15,1.0,0.5925
2916,route,none,none,h30,-0.13636,0.0,0.0,0.76,10,-0.13636,0.0,0.0,0.535,h1-h30;h1-h32;h1-h31,h1-h30;h1-h32;h1-h31;h1-h33;h1-h34;h1-h35;h1-h36;h1-h37;h1-h38;h1-h39,h1-h30,2.8925,0.5,1.0,0.705,1,1.78525,0.15,1.0,0.5925
2922,route,none,none,h30,-0.13636,0.0,0.0,0.76,10,-0.13636,0.0,0.0,0.535,h1-h30;h1-h32;h1-h31,h1-h30;h1-h32;h1-h31;h1-h33;h1-h34;h1-h35;h1-h36;h1-h37;h1-h38;h1-h39,h1-h30,2.8025,0.5,1.0,0.705,1,1.77625,0.15,1.0,0.5925
2928,route,none,none,h30,-0.13636,0.0,0.0,0.76,10,-0.13636,0.0,0.0,0.535,h1-h30;h1-h32;h1-h31,h1-h30;h1-h32;h1-h31;h1-h33;h1-h34;h1-h35;h1-h36;h1-h37;h1-h38;h1-h39,h1-h30,2.8025,0.5,1.0,0.705,1,1.78525,0.15,1.0,0.5925
2934,route,none,none,h30,-0.13636,0.0,0.0,0.76,10,-0.13636,0.0,0.0,0.535,h1-h30;h1-h32;h1-h31,h1-h30;h1-h32;h1-h31;h1-h33;h1-h34;h1-h35;h1-h36;h1-h37;h1-h38;h1-h39,h1-h30,2.9275,0.5,1.0,0.705,2,1.78875,0.15,1.0,0.5925
2940,route,none,none,h30,-0.13636,0.0,0.0,0.76,10,-0.13636,0.0,0.0,0.535,h1-h30;h1-h32;h1-h31,h1-h30;h1-h32;h1-h31;h1-h33;h1-h34;h1-h35;h1-h36;h1-h37;h1-h38;h1-h39,h1-h30,2.9275,0.5,1.0,0.705,2,1.79775,0.15,1.0,0.5925
2946,route,none,none,h30,-0.13636,0.0,0.0,0.76,10,-0.13636,0.0,0.0,0.535,h1-h30;h1-h32;h1-h31,h1-h30;h1-h32;h1-h31;h1-h33;h1-h34;h1-h35;h1-h36;h1-h37;h1-h38;h1-h39,h1-h30,2.99,0.5,1.0,0.705,3,1.786,0.15,1.0,0.5925
2952,route,none,none,h30,-0.13636,0.0,0.0,0.76,10,-0.13636,0.0,0.0,0.535,h1-h30;h1-h32;h1-h31,h1-h30;h1-h32;h1-h31;h1-h33;h1-h34;h1-h35;h1-h36;h1-h37;h1-h38;h1-h39,h1-h30,2.8025,0.5,1.0,0.705,1,1.78525,0.15,1.0,0.5925
2958,route,none,none,h30,-0.13636,0.0,0.0,0.76,10,-0.13636,0.0,0.0,0.535,h1-h30;h1-h32;h1-h31,h1-h30;h1-h32;h1-h31;h1-h33;h1-h34;h1-h35;h1-h36;h1-h37;h1-h38;h1-h39,h1-h30,2.8025,0.5,1.0,0.705,1,1.76725,0.15,1.0,0.5925
2964,route,none,none,h30,-0.13636,0.0,0.0,0.76,10,-0.13636,0.0,0.0,0.535,h1-h30;h1-h32;h1-h31,h1-h30;h1-h32;h1-h31;h1-h33;h1-h34;h1-h35;h1-h36;h1-h37;h1-h38;h1-h39,h1-h30,2.8025,0.5,1.0,0.705,1,1.76725,0.15,1.0,0.5925
2970,route,none,none,h30,-0.13636,0.0,0.0,0.76,10,-0.13636,0.0,0.0,0.535,h1-h30;h1-h32;h1-h31,h1-h30;h1-h32;h1-h31;h1-h33;h1-h34;h1-h35;h1-h36;h1-h37;h1-h38;h1-h39,h1-h30,2.8025,0.5,1.0,0.705,1,1.77625,0.15,1.0,0.5925
2976,route,none,none,h30,-0.13636,0.0,0.0,0.76,10,-0.13636,0.0,0.0,0.535,h1-h30;h1-h32;h1-h31,h1-h30;h1-h32;h1-h31;h1-h33;h1-h34;h1-h35;h1-h36;h1-h37;h1-h38;h1-h39,h1-h30,2.8025,0.5,1.0,0.705,1,1.78525,0.15,1.0,0.5925
2982,route,none,none,h30,-0.13636,0.0,0.0,0.76,10,-0.13636,0.0,0.0,0.535,h1-h30;h1-h32;h1-h31,h1-h30;h1-h32;h1-h31;h1-h33;h1-h34;h1-h35;h1-h36;h1-h37;h1-h38;h1-h39,h1-h30,2.8025,0.5,1.0,0.705,1,1.77625,0.15,1.0,0.5925
2988,route,none,none,h30,-0.13636,0.0,0.0,0.76,10,-0.13636,0.0,0.0,0.535,h1-h30;h1-h32;h1-h31,h1-h30;h1-h32;h1-h31;h1-h33;h1-h34;h1-h35;h1-h36;h1-h37;h1-h38;h1-h39,h1-h30,2.8025,0.5,1.0,0.705,1,1.76725,0.15,1.0,0.5925
2994,route,none,none,h30,-0.13636,0.0,0.0,0.76,10,-0.13636,0.0,0.0,0.535,h1-h30;h1-h32;h1-h31,h1-h30;h1-h32;h1-h31;h1-h33;h1-h34;h1-h35;h1-h36;h1-h37;h1-h38;h1-h39,h1-h30,2.8925,0.5,1.0,0.705,1,1.78525,0.15,1.0,0.5925
3000,route,none,none,h30,-0.13636,0.0,0.0,0.76,10,-0.13636,0.0,0.0,0.535,h1-h30;h1-h32;h1-h31,h1-h30;h1-h32;h1-h31;h1-h33;h1-h34;h1-h35;h1-h36;h1-h37;h1-h38;h1-h39,h1-h30,2.8025,0.5,1.0,0.705,1,1.78525,0.15,1.0,0.5925
3006,route,none,none,h30,-0.13636,0.0,0.0,0.76,10,-0.13636,0.0,0.0,0.535,h1-h30;h1-h32;h1-h31,h1-h30;h1-h32;h1-h31;h1-h33;h1-h34;h1-h35;h1-h36;h1-h37;h1-h38;h1-h39,h1-h30,2.8025,0.5,1.0,0.705,1,1.78525,0.15,1.0,0.5925
3012,route,none,none,h30,-0.13636,0.0,0.0,0.76,10,-0.13636,0.0,0.0,0.535,h1-h30;h1-h32;h1-h31,h1-h30;h1-h32;h1-h31;h1-h33;h1-h34;h1-h35;h1-h36;h1-h37;h1-h38;h1-h39,h1-h30,2.8925,0.5,1.0,0.705,1,1.79425,0.15,1.0,0.5925
3018,route,none,none,h30,-0.13636,0.0,0.0,0.76,10,-0.13636,0.0,0.0,0.535,h1-h30;h1-h32;h1-h31,h1-h30;h1-h32;h1-h31;h1-h33;h1-h34;h1-h35;h1-h36;h1-h37;h1-h38;h1-h39,h1-h30,2.8025,0.5,1.0,0.705,1,1.76725,0.15,1.0,0.5925
3024,route,none,none,h30,-0.13636,0.0,0.0,0.76,10,-0.13636,0.0,0.0,0.535,h1-h30;h1-h32;h1-h31,h1-h30;h1-h32;h1-h31;h1-h33;h1-h34;h1-h35;h1-h36;h1-h37;h1-h38;h1-h39,h1-h30,2.8025,0.5,1.0,0.705,1,1.78525,0.15,1.0,0.5925
3030,route,none,none,h30,-0.13636,0.0,0.0,0.76,10,-0.13636,0.0,0.0,0.535,h1-h30;h1-h32;h1-h31,h1-h30;h1-h32;h1-h31;h1-h33;h1-h34;h1-h35;h1-h36;h1-h37;h1-h38;h1-h39,h1-h30,2.8025,0.5,1.0,0.705,1,1.76725,0.15,1.0,0.5925
3036,route,none,none,h30,-0.13636,0.0,0.0,0.76,10,-0.13636,0.0,0.0,0.535,h1-h30;h1-h32;h1-h31,h1-h30;h1-h32;h1-h31;h1-h33;h1-h34;h1-h35;h1-h36;h1-h37;h1-h38;h1-h39,h1-h30,2.8025,0.5,1.0,0.705,1,1.76725,0.15,1.0,0.5925
3042,route,none,none,h30,-0.13636,0.0,0.0,0.76,10,-0.13636,0.0,0.0,0.535,h1-h30;h1-h32;h1-h31,h1-h30;h1-h32;h1-h31;h1-h33;h1-h34;h1-h35;h1-h36;h1-h37;h1-h38;h1-h39,h1-h30,2.8025,0.5,1.0,0.705,1,1.76725,0.15,1.0,0.5925
3048,route,none,none,h30,-0.13636,0.0,0.0,0.76,10,-0.13636,0.0,0.0,0.535,h1-h30;h1-h32;h1-h31,h1-h30;h1-h32;h1-h31;h1-h33;h1-h34;h1-h35;h1-h36;h1-h37;h1-h38;h1-h39,h1-h30,2.8925,0.5,1.0,0.705,1,1.77625,0.15,1.0,0.5925
3054,route,none,none,h30,-0.13636,0.0,0.0,0.76,10,-0.13636,0.0,0.0,0.535,h1-h30;h1-h32;h1-h31,h1-h30;h1-h32;h1-h31;h1-h33;h1-h34;h1-h35;h1-h36;h1-h37;h1-h38;h1-h39,h1-h30,2.8925,0.5,1.0,0.705,1,1.77625,0.15,1.0,0.5925
3060,route,none,none,h30,-0.13636,0.0,0.0,0.76,10,-0.13636,0.0,0.0,0.535,h1-h30;h1-h32;h1-h31,h1-h30;h1-h32;h1-h31;h1-h33;h1-h34;h1-h35;h1-h36;h1-h37;h1-h38;h1-h39,h1-h30,2.8025,0.5,1.0,0.705,1,1.78525,0.15,1.0,0.5925
3066,route,none,none,h30,-0.13636,0.0,0.0,0.76,10,-0.13636,0.0,0.0,0.535,h1-h30;h1-h32;h1-h31,h1-h30;h1-h32;h1-h31;h1-h33;h1-h34;h1-h35;h1-h36;h1-h37;h1-h38;h1-h39,h1-h30,2.8025,0.5,1.0,0.705,1,1.76725,0.15,1.0,0.5925
3072,route,none,none,h30,-0.13636,0.0,0.0,0.76,10,-0.13636,0.0,0.0,0.535,h1-h30;h1-h32;h1-h31,h1-h30;h1-h32;h1-h31;h1-h33;h1-h34;h1-h35;h1-h36;h1-h37;h1-h38;h1-h39,h1-h30,2.8025,0.5,1.0,0.705,1,1.77625,0.15,1.0,0.5925
3078,route,none,none,h30,-0.13636,0.0,0.0,0.76,10,-0.13636,0.0,0.0,0.535,h1-h30;h1-h32;h1-h31,h1-h30;h1-h32;h1-h31;h1-h33;h1-h34;h1-h35;h1-h36;h1-h37;h1-h38;h1-h39,h1-h30,2.8025,0.5,1.0,0.705,1,1.76725,0.15,1.0,0.5925
3084,route,none,none,h30,-0.13636,0.0,0.0,0.76,10,-0.13636,0.0,0.0,0.535,h1-h30;h1-h32;h1-h31,h1-h30;h1-h32;h1-h31;h1-h33;h1-h34;h1-h35;h1-h36;h1-h37;h1-h38;h1-h39,h1-h30,2.8025,0.5,1.0,0.705,1,1.76725,0.15,1.0,0.5925
3090,route,none,none,h30,-0.13636,0.0,0.0,0.76,10,-0.13636,0.0,0.0,0.535,h1-h30;h1-h32;h1-h31,h1-h30;h1-h32;h1-h31;h1-h33;h1-h34;h1-h35;h1-h36;h1-h37;h1-h38;h1-h39,h1-h30,2.8025,0.5,1.0,0.705,1,1.78525,0.15,1.0,0.5925
3096,route,none,none,h30,-0.13636,0.0,0.0,0.76,10,-0.13636,0.0,0.0,0.535,h1-h30;h1-h32;h1-h31,h1-h30;h1-h32;h1-h31;h1-h33;h1-h34;h1-h35;h1-h36;h1-h37;h1-h38;h1-h39,h1-h30,2.8925,0.5,1.0,0.705,1,1.77625,0.15,1.0,0.5925
3102,route,none,none,h30,-0.13636,0.0,0.0,0.76,10,-0.13636,0.0,0.0,0.535,h1-h30;h1-h32;h1-h31,h1-h30;h1-h32;h1-h31;h1-h33;h1-h34;h1-h35;h1-h36;h1-h37;h1-h38;h1-h39,h1-h30,2.8025,0.5,1.0,0.705,1,1.76725,0.15,1.0,0.5925
3108,route,none,none,h30,-0.13636,0.0,0.0,0.76,10,-0.13636,0.0,0.0,0.535,h1-h30;h1-h32;h1-h31,h1-h30;h1-h32;h1-h31;h1-h33;h1-h34;h1-h35;h1-h36;h1-h37;h1-h38;h1-h39,h1-h30,2.8925,0.5,1.0,0.705,1,1.77625,0.15,1.0,0.5925
3114,route,none,none,h30,-0.13636,0.0,0.0,0.76,10,-0.13636,0.0,0.0,0.535,h1-h30;h1-h32;h1-h31,h1-h30;h1-h32;h1-h31;h1-h33;h1-h34;h1-h35;h1-h36;h1-h37;h1-h38;h1-h39,h1-h30,2.8025,0.5,1.0,0.705,1,1.76725,0.15,1.0,0.5925
3120,route,none,none,h30,-0.13636,0.0,0.0,0.76,10,-0.13636,0.0,0.0,0.535,h1-h30;h1-h32;h1-h31,h1-h30;h1-h32;h1-h31;h1-h33;h1-h34;h1-h35;h1-h36;h1-h37;h1-h38;h1-h39,h1-h30,2.8925,0.5,1.0,0.705,1,1.78525,0.15,1.0,0.5925
3126,route,none,none,h30,-0.13636,0.0,0.0,0.76,10,-0.13636,0.0,0.0,0.535,h1-h30;h1-h32;h1-h31,h1-h30;h1-h32;h1-h31;h1-h33;h1-h34;h1-h35;h1-h36;h1-h37;h1-h38;h1-h39,h1-h30,2.8025,0.5,1.0,0.705,1,1.77625,0.15,1.0,0.5925
3132,route,none,none,h30,-0.13636,0.0,0.0,0.76,10,-0.13636,0.0,0.0,0.535,h1-h30;h1-h32;h1-h31,h1-h30;h1-h32;h1-h31;h1-h33;h1-h34;h1-h35;h1-h36;h1-h37;h1-h38;h1-h39,h1-h30,2.8025,0.5,1.0,0.705,1,1.78525,0.15,1.0,0.5925
3138,route,none,none,h30,-0.13636,0.0,0.0,0.76,10,-0.13636,0.0,0.0,0.535,h1-h30;h1-h32;h1-h31,h1-h30;h1-h32;h1-h31;h1-h33;h1-h34;h1-h35;h1-h36;h1-h37;h1-h38;h1-h39,h1-h30,2.8925,0.5,1.0,0.705,1,1.78525,0.15,1.0,0.5925
3144,route,none,none,h30,-0.13636,0.0,0.0,0.76,10,-0.13636,0.0,0.0,0.535,h1-h30;h1-h32;h1-h31,h1-h30;h1-h32;h1-h31;h1-h33;h1-h34;h1-h35;h1-h36;h1-h37;h1-h38;h1-h39,h1-h30,2.8025,0.5,1.0,0.705,1,1.76725,0.15,1.0,0.5925
3150,route,none,none,h30,-0.13636,0.0,0.0,0.76,10,-0.13636,0.0,0.0,0.535,h1-h30;h1-h32;h1-h31,h1-h30;h1-h32;h1-h31;h1-h33;h1-h34;h1-h35;h1-h36;h1-h37;h1-h38;h1-h39,h1-h30,2.8925,0.5,1.0,0.705,1,1.78525,0.15,1.0,0.5925
3156,route,none,none,h30,-0.13636,0.0,0.0,0.76,10,-0.13636,0.0,0.0,0.535,h1-h30;h1-h32;h1-h31,h1-h30;h1-h32;h1-h31;h1-h33;h1-h34;h1-h35;h1-h36;h1-h37;h1-h38;h1-h39,h1-h30,2.8925,0.5,1.0,0.705,1,1.78525,0.15,1.0,0.5925
3162,route,none,none,h30,-0.13636,0.0,0.0,0.76,10,-0.13636,0.0,0.0,0.535,h1-h30;h1-h32;h1-h31,h1-h30;h1-h32;h1-h31;h1-h33;h1-h34;h1-h35;h1-h36;h1-h37;h1-h38;h1-h39,h1-h30,2.8025,0.5,1.0,0.705,1,1.77625,0.15,1.0,0.5925
3168,route,none,none,h30,-0.13636,0.0,0.0,0.76,10,-0.13636,0.0,0.0,0.535,h1-h30;h1-h32;h1-h31,h1-h30;h1-h32;h1-h31;h1-h33;h1-h34;h1-h35;h1-h36;h1-h37;h1-h38;h1-h39,h1-h30,2.8925,0.5,1.0,0.705,1,1.79425,0.15,1.0,0.5925
3174,route,none,none,h30,-0.13636,0.0,0.0,0.76,10,-0.13636,0.0,0.0,0.535,h1-h30;h1-h32;h1-h31,h1-h30;h1-h32;h1-h31;h1-h33;h1-h34;h1-h35;h1-h36;h1-h37;h1-h38;h1-h39,h1-h30,2.8925,0.5,1.0,0.705,1,1.78525,0.15,1.0,0.5925
3180,route,none,none,h30,-0.13636,0.0,0.0,0.76,10,-0.13636,0.0,0.0,0.535,h1-h30;h1-h32;h1-h31,h1-h30;h1-h32;h1-h31;h1-h33;h1-h34;h1-h35;h1-h36;h1-h37;h1-h38;h1-h39,h1-h30,2.8025,0.5,1.0,0.705,1,1.77625,0.15,1.0,0.5925
3186,route,none,none,h30,-0.13636,0.0,0.0,0.76,10,-0.13636,0.0,0.0,0.535,h1-h30;h1-h32;h1-h31,h1-h30;h1-h32;h1-h31;h1-h33;h1-h34;h1-h35;h1-h36;h1-h37;h1-h38;h1-h39,h1-h30,2.8025,0.5,1.0,0.705,1,1.76725,0.15,1.0,0.5925
3192,route,none,none,h30,-0.13636,0.0,0.0,0.76,10,-0.13636,0.0,0.0,0.535,h1-h30;h1-h32;h1-h31,h1-h30;h1-h32;h1-h31;h1-h33;h1-h34;h1-h35;h1-h36;h1-h37;h1-h38;h1-h39,h1-h30,2.8925,0.5,1.0,0.705,1,1.79425,0.15,1.0,0.5925
3198,route,none,none,h30,-0.13636,0.0,0.0,0.76,10,-0.13636,0.0,0.0,0.535,h1-h30;h1-h32;h1-h31,h1-h30;h1-h32;h1-h31;h1-h33;h1-h34;h1-h35;h1-h36;h1-h37;h1-h38;h1-h39,h1-h30,2.8925,0.5,1.0,0.705,1,1.79425,0.15,1.0,0.5925
3204,route,none,none,h30,-0.13636,0.0,0.0,0.76,10,-0.13636,0.0,0.0,0.535,h1-h30;h1-h32;h1-h31,h1-h30;h1-h32;h1-h31;h1-h33;h1-h34;h1-h35;h1-h36;h1-h37;h1-h38;h1-h39,h1-h30,2.8025,0.5,1.0,0.705,1,1.76725,0.15,1.0,0.5925
3210,route,none,none,h30,-0.13636,0.0,0.0,0.76,10,-0.13636,0.0,0.0,0.535,h1-h30;h1-h32;h1-h31,h1-h30;h1-h32;h1-h31;h1-h33;h1-h34;h1-h35;h1-h36;h1-h37;h1-h38;h1-h39,h1-h30,2.8025,0.5,1.0,0.705,1,1.78525,0.15,1.0,0.5925
3216,route,none,none,h30,-0.13636,0.0,0.0,0.76,10,-0.13636,0.0,0.0,0.535,h1-h30;h1-h32;h1-h31,h1-h30;h1-h32;h1-h31;h1-h33;h1-h34;h1-h35;h1-h36;h1-h37;h1-h38;h1-h39,h1-h30,2.8925,0.5,1.0,0.705,1,1.78525,0.15,1.0,0.5925
3222,route,none,none,h30,-0.13636,0.0,0.0,0.76,10,-0.13636,0.0,0.0,0.535,h1-h30;h1-h32;h1-h31,h1-h30;h1-h32;h1-h31;h1-h33;h1-h34;h1-h35;h1-h36;h1-h37;h1-h38;h1-h39,h1-h30,2.8025,0.5,1.0,0.705,1,1.77625,0.15,1.0,0.5925
3228,route,none,none,h30,-0.13636,0.0,0.0,0.76,10,-0.13636,0.0,0.0,0.535,h1-h30;h1-h32;h1-h31,h1-h30;h1-h32;h1-h31;h1-h33;h1-h34;h1-h35;h1-h36;h1-h37;h1-h38;h1-h39,h1-h30,2.8025,0.5,1.0,0.705,1,1.77625,0.15,1.0,0.5925
3234,route,none,none,h30,-0.13636,0.0,0.0,0.76,10,-0.13636,0.0,0.0,0.535,h1-h30;h1-h32;h1-h31,h1-h30;h1-h32;h1-h31;h1-h33;h1-h34;h1-h35;h1-h36;h1-h37;h1-h38;h1-h39,h1-h30,2.8025,0.5,1.0,0.705,1,1.79775,0.15,1.0,0.5925
3240,route,none,none,h30,-0.13636,0.0,0.0,0.79,10,-0.13636,0.0,0.0,0.46,h1-h30;h1-h32;h1-h31,h1-h30;h1-h32;h1-h31;h1-h33;h1-h34;h1-h35;h1-h36;h1-h37;h1-h38;h1-h39,h1-h30,2.825,0.5,1.0,0.72,1,1.77175,0.15,1.0,0.555
3246,route,none,none,h30,-0.13636,0.0,0.0,0.79,10,-0.13636,0.0,0.0,0.46,h1-h30;h1-h32;h1-h31,h1-h30;h1-h32;h1-h31;h1-h33;h1-h34;h1-h35;h1-h36;h1-h37;h1-h38;h1-h39,h1-h30,2.915,0.5,1.0,0.72,1,1.78975,0.15,1.0,0.555
3252,route,none,none,h30,-0.13636,0.0,0.0,0.79,10,-0.13636,0.0,0.0,0.46,h1-h30;h1-h32;h1-h31,h1-h30;h1-h32;h1-h31;h1-h33;h1-h34;h1-h35;h1-h36;h1-h37;h1-h38;h1-h39,h1-h30,2.825,0.5,1.0,0.72,1,1.77175,0.15,1.0,0.555
3258,route,none,none,h30,-0.13636,0.0,0.0,0.79,10,-0.13636,0.0,0.0,0.46,h1-h30;h1-h32;h1-h31,h1-h30;h1-h32;h1-h31;h1-h33;h1-h34;h1-h35;h1-h36;h1-h37;h1-h38;h1-h39,h1-h30,2.825,0.5,1.0,0.72,1,1.77175,0.15,1.0,0.555
3264,route,none,none,h30,-0.13636,0.0,0.0,0.79,10,-0.13636,0.0,0.0,0.46,h1-h30;h1-h32;h1-h31,h1-h30;h1-h32;h1-h31;h1-h33;h1-h34;h1-h35;h1-h36;h1-h37;h1-h38;h1-h39,h1-h30,2.825,0.5,1.0,0.72,1,1.77175,0.15,1.0,0.555
3270,route,none,none,h30,-0.13636,0.0,0.0,0.79,10,-0.13636,0.0,0.0,0.46,h1-h30;h1-h32;h1-h31,h1-h30;h1-h32;h1-h31;h1-h33;h1-h34;h1-h35;h1-h36;h1-h37;h1-h38;h1-h39,h1-h30,2.825,0.5,1.0,0.72,1,1.78075,0.15,1.0,0.555
3276,route,none,none,h30,-0.13636,0.0,0.0,0.79,10,-0.13636,0.0,0.0,0.46,h1-h30;h1-h32;h1-h31,h1-h30;h1-h32;h1-h31;h1-h33;h1-h34;h1-h35;h1-h36;h1-h37;h1-h38;h1-h39,h1-h30,2.915,0.5,1.0,0.72,1,1.78975,0.15,1.0,0.555
3282,route,none,none,h30,-0.13636,0.0,0.0,0.79,10,-0.13636,0.0,0.0,0.46,h1-h30;h1-h32;h1-h31,h1-h30;h1-h32;h1-h31;h1-h33;h1-h34;h1-h35;h1-h36;h1-h37;h1-h38;h1-h39,h1-h30,2.915,0.5,1.0,0.72,1,1.78075,0.15,1.0,0.555
3288,route,none,none,h30,-0.13636,0.0,0.0,0.79,10,-0.13636,0.0,0.0,0.46,h1-h30;h1-h32;h1-h31,h1-h30;h1-h32;h1-h31;h1-h33;h1-h34;h1-h35;h1-h36;h1-h37;h1-h38;h1-h39,h1-h30,2.825,0.5,1.0,0.72,1,1.77175,0.15,1.0,0.555
3294,route,none,none,h30,-0.13636,0.0,0.0,0.79,10,-0.13636,0.0,0.0,0.46,h1-h30;h1-h32;h1-h31,h1-h30;h1-h32;h1-h31;h1-h33;h1-h34;h1-h35;h1-h36;h1-h37;h1-h38;h1-h39,h1-h30,2.915,0.5,1.0,0.72,1,1.78075,0.15,1.0,0.555
3300,route,none,none,h30,-0.13636,0.0,0.0,0.79,10,-0.13636,0.0,0.0,0.46,h1-h30;h1-h32;h1-h31,h1-h30;h1-h32;h1-h31;h1-h33;h1-h34;h1-h35;h1-h36;h1-h37;h1-h38;h1-h39,h1-h30,2.825,0.5,1.0,0.72,1,1.77175,0.15,1.0,0.555
3306,route,none,none,h30,-0.13636,0.0,0.0,0.79,10,-0.13636,0.0,0.0,0.46,h1-h30;h1-h32;h1-h31,h1-h30;h1-h32;h1-h31;h1-h33;h1-h34;h1-h35;h1-h36;h1-h37;h1-h38;h1-h39,h1-h30,2.825,0.5,1.0,0.72,1,1.77175,0.15,1.0,0.555
3312,route,none,none,h30,-0.13636,0.0,0.0,0.79,10,-0.13636,0.0,0.0,0.46,h1-h30;h1-h32;h1-h31,h1-h30;h1-h32;h1-h31;h1-h33;h1-h34;h1-h35;h1-h36;h1-h37;h1-h38;h1-h39,h1-h30,2.915,0.5,1.0,0.72,1,1.79875,0.15,1.0,0.555
3318,route,none,none,h30,-0.13636,0.0,0.0,0.79,10,-0.13636,0.0,0.0,0.46,h1-h30;h1-h32;h1-h31,h1-h30;h1-h32;h1-h31;h1-h33;h1-h34;h1-h35;h1-h36;h1-h37;h1-h38;h1-h39,h1-h30,2.825,0.5,1.0,0.72,1,1.78075,0.15,1.0,0.555
3324,route,none,none,h30,-0.13636,0.0,0.0,0.79,10,-0.13636,0.0,0.0,0.46,h1-h30;h1-h32;h1-h31,h1-h30;h1-h32;h1-h31;h1-h33;h1-h34;h1-h35;h1-h36;h1-h37;h1-h38;h1-h39,h1-h30,2.825,0.5,1.0,0.72,1,1.78975,0.15,1.0,0.555
3330,route,none,none,h30,-0.13636,0.0,0.0,0.79,10,-0.13636,0.0,0.0,0.46,h1-h30;h1-h32;h1-h31,h1-h30;h1-h32;h1-h31;h1-h33;h1-h34;h1-h35;h1-h36;h1-h37;h1-h38;h1-h39,h1-h30,2.825,0.5,1.0,0.72,1,1.78075,0.15,1.0,0.555
3336,route,none,none,h30,-0.13636,0.0,0.0,0.79,10,-0.13636,0.0,0.0,0.46,h1-h30;h1-h32;h1-h31,h1-h30;h1-h32;h1-h31;h1-h33;h1-h34;h1-h35;h1-h36;h1-h37;h1-h38;h1-h39,h1-h30,2.915,0.5,1.0,0.72,1,1.78975,0.15,1.0,0.555
3342,route,none,none,h30,-0.13636,0.0,0.0,0.79,10,-0.13636,0.0,0.0,0.46,h1-h30;h1-h32;h1-h31,h1-h30;h1-h32;h1-h31;h1-h33;h1-h34;h1-h35;h1-h36;h1-h37;h1-h38;h1-h39,h1-h30,2.825,0.5,1.0,0.72,1,1.78075,0.15,1.0,0.555
3348,route,none,none,h30,-0.13636,0.0,0.0,0.79,10,-0.13636,0.0,0.0,0.46,h1-h30;h1-h32;h1-h31,h1-h30;h1-h32;h1-h31;h1-h33;h1-h34;h1-h35;h1-h36;h1-h37;h1-h38;h1-h39,h1-h30,2.825,0.5,1.0,0.72,1,1.78075,0.15,1.0,0.555
3354,route,none,none,h30,-0.13636,0.0,0.0,0.79,10,-0.13636,0.0,0.0,0.46,h1-h30;h1-h32;h1-h31,h1-h30;h1-h32;h1-h31;h1-h33;h1-h34;h1-h35;h1-h36;h1-h37;h1-h38;h1-h39,h1-h30,2.915,0.5,1.0,0.72,1,1.78975,0.15,1.0,0.555
3360,route,none,none,h30,-0.13636,0.0,0.0,0.79,10,-0.13636,0.0,0.0,0.46,h1-h30;h1-h32;h1-h31,h1-h30;h1-h32;h1-h31;h1-h33;h1-h34;h1-h35;h1-h36;h1-h37;h1-h38;h1-h39,h1-h30,2.915,0.5,1.0,0.72,1,1.78975,0.15,1.0,0.555
3366,route,none,none,h30,-0.13636,0.0,0.0,0.79,10,-0.13636,0.0,0.0,0.46,h1-h30;h1-h32;h1-h31,h1-h30;h1-h32;h1-h31;h1-h33;h1-h34;h1-h35;h1-h36;h1-h37;h1-h38;h1-h39,h1-h30,2.825,0.5,1.0,0.72,1,1.78075,0.15,1.0,0.555
3372,route,none,none,h30,-0.13636,0.0,0.0,0.79,10,-0.13636,0.0,0.0,0.46,h1-h30;h1-h32;h1-h31,h1-h30;h1-h32;h1-h31;h1-h33;h1-h34;h1-h35;h1-h36;h1-h37;h1-h38;h1-h39,h1-h30,2.825,0.5,1.0,0.72,1,1.78075,0.15,1.0,0.555
3378,route,none,none,h30,-0.13636,0.0,0.0,0.79,10,-0.13636,0.0,0.0,0.46,h1-h30;h1-h32;h1-h31,h1-h30;h1-h32;h1-h31;h1-h33;h1-h34;h1-h35;h1-h36;h1-h37;h1-h38;h1-h39,h1-h30,2.915,0.5,1.0,0.72,1,1.78975,0.15,1.0,0.555
3384,route,none,none,h30,-0.13636,0.0,0.0,0.79,10,-0.13636,0.0,0.0,0.46,h1-h30;h1-h32;h1-h31,h1-h30;h1-h32;h1-h31;h1-h33;h1-h34;h1-h35;h1-h36;h1-h37;h1-h38;h1-h39,h1-h30,2.915,0.5,1.0,0.72,1,1.78975,0.15,1.0,0.555
3390,route,none,none,h30,-0.13636,0.0,0.0,0.79,10,-0.13636,0.0,0.0,0.46,h1-h30;h1-h32;h1-h31,h1-h30;h1-h32;h1-h31;h1-h33;h1-h34;h1-h35;h1-h36;h1-h37;h1-h38;h1-h39,h1-h30,3.04,0.5,1.0,0.72,2,1.81125,0.15,1.0,0.555
3396,route,none,none,h30,-0.13636,0.0,0.0,0.79,10,-0.13636,0.0,0.0,0.46,h1-h30;h1-h32;h1-h31,h1-h30;h1-h32;h1-h31;h1-h33;h1-h34;h1-h35;h1-h36;h1-h37;h1-h38;h1-h39,h1-h30,3.04,0.5,1.0,0.72,2,1.79325,0.15,1.0,0.555
3402,route,none,none,h30,-0.13636,0.0,0.0,0.79,10,-0.13636,0.0,0.0,0.46,h1-h30;h1-h32;h1-h31,h1-h30;h1-h32;h1-h31;h1-h33;h1-h34;h1-h35;h1-h36;h1-h37;h1-h38;h1-h39,h1-h30,2.915,0.5,1.0,0.72,1,1.78975,0.15,1.0,0.555
3408,route,none,none,h30,-0.13636,0.0,0.0,0.79,10,-0.13636,0.0,0.0,0.46,h1-h30;h1-h32;h1-h31,h1-h30;h1-h32;h1-h31;h1-h33;h1-h34;h1-h35;h1-h36;h1-h37;h1-h38;h1-h39,h1-h30,2.825,0.5,1.0,0.72,1,1.78075,0.15,1.0,0.555
3414,route,none,none,h30,-0.13636,0.0,0.0,0.79,10,-0.13636,0.0,0.0,0.46,h1-h30;h1-h32;h1-h31,h1-h30;h1-h32;h1-h31;h1-h33;h1-h34;h1-h35;h1-h36;h1-h37;h1-h38;h1-h39,h1-h30,2.825,0.5,1.0,0.72,1,1.78075,0.15,1.0,0.555
3420,route,none,none,h30,-0.13636,0.0,0.0,0.79,10,-0.13636,0.0,0.0,0.46,h1-h30;h1-h32;h1-h31,h1-h30;h1-h32;h1-h31;h1-h33;h1-h34;h1-h35;h1-h36;h1-h37;h1-h38;h1-h39,h1-h30,2.915,0.5,1.0,0.72,1,1.78975,0.15,1.0,0.555
3426,route,none,none,h30,-0.13636,0.0,0.0,0.79,10,-0.13636,0.0,0.0,0.46,h1-h30;h1-h32;h1-h31,h1-h30;h1-h32;h1-h31;h1-h33;h1-h34;h1-h35;h1-h36;h1-h37;h1-h38;h1-h39,h1-h30,2.915,0.5,1.0,0.72,1,1.81125,0.15,1.0,0.555
3432,route,none,none,h30,-0.13636,0.0,0.0,0.79,10,-0.13636,0.0,0.0,0.46,h1-h30;h1-h32;h1-h31,h1-h30;h1-h32;h1-h31;h1-h33;h1-h34;h1-h35;h1-h36;h1-h37;h1-h38;h1-h39,h1-h30,2.825,0.5,1.0,0.72,1,1.78075,0.15,1.0,0.555
3438,route,none,none,h30,-0.13636,0.0,0.0,0.79,10,-0.13636,0.0,0.0,0.46,h1-h30;h1-h32;h1-h31,h1-h30;h1-h32;h1-h31;h1-h33;h1-h34;h1-h35;h1-h36;h1-h37;h1-h38;h1-h39,h1-h30,2.825,0.5,1.0,0.72,1,1.78075,0.15,1.0,0.555
3444,route,none,none,h30,-0.13636,0.0,0.0,0.79,10,-0.13636,0.0,0.0,0.46,h1-h30;h1-h32;h1-h31,h1-h30;h1-h32;h1-h31;h1-h33;h1-h34;h1-h35;h1-h36;h1-h37;h1-h38;h1-h39,h1-h30,2.825,0.5,1.0,0.72,1,1.77175,0.15,1.0,0.555
3450,route,none,none,h30,-0.13636,0.0,0.0,0.79,10,-0.13636,0.0,0.0,0.46,h1-h30;h1-h32;h1-h31,h1-h30;h1-h32;h1-h31;h1-h33;h1-h34;h1-h35;h1-h36;h1-h37;h1-h38;h1-h39,h1-h30,2.915,0.5,1.0,0.72,1,1.78975,0.15,1.0,0.555
3456,route,none,none,h30,-0.13636,0.0,0.0,0.79,10,-0.13636,0.0,0.0,0.46,h1-h30;h1-h32;h1-h31,h1-h30;h1-h32;h1-h31;h1-h33;h1-h34;h1-h35;h1-h36;h1-h37;h1-h38;h1-h39,h1-h30,2.825,0.5,1.0,0.72,1,1.78975,0.15,1.0,0.555
3462,route,none,none,h30,-0.13636,0.0,0.0,0.79,10,-0.13636,0.0,0.0,0.46,h1-h30;h1-h32;h1-h31,h1-h30;h1-h32;h1-h31;h1-h33;h1-h34;h1-h35;h1-h36;h1-h37;h1-h38;h1-h39,h1-h30,2.825,0.5,1.0,0.72,1,1.78075,0.15,1.0,0.555
3468,route,none,none,h30,-0.13636,0.0,0.0,0.79,10,-0.13636,0.0,0.0,0.46,h1-h30;h1-h32;h1-h31,h1-h30;h1-h32;h1-h31;h1-h33;h1-h34;h1-h35;h1-h36;h1-h37;h1-h38;h1-h39,h1-h30,2.825,0.5,1.0,0.72,1,1.78075,0.15,1.0,0.555
3474,route,none,none,h30,-0.13636,0.0,0.0,0.79,10,-0.13636,0.0,0.0,0.46,h1-h30;h1-h32;h1-h31,h1-h30;h1-h32;h1-h31;h1-h33;h1-h34;h1-h35;h1-h36;h1-h37;h1-h38;h1-h39,h1-h30,2.825,0.5,1.0,0.72,1,1.78075,0.15,1.0,0.555
3480,route,none,none,h30,-0.13636,0.0,0.0,0.79,10,-0.13636,0.0,0.0,0.46,h1-h30;h1-h32;h1-h31,h1-h30;h1-h32;h1-h31;h1-h33;h1-h34;h1-h35;h1-h36;h1-h37;h1-h38;h1-h39,h1-h30,2.825,0.5,1.0,0.72,1,1.77175,0.15,1.0,0.555
3486,route,none,none,h30,-0.13636,0.0,0.0,0.79,10,-0.13636,0.0,0.0,0.46,h1-h30;h1-h32;h1-h31,h1-h30;h1-h32;h1-h31;h1-h33;h1-h34;h1-h35;h1-h36;h1-h37;h1-h38;h1-h39,h1-h30,2.915,0.5,1.0,0.72,1,1.78075,0.15,1.0,0.555
3492,route,none,none,h30,-0.13636,0.0,0.0,0.79,10,-0.13636,0.0,0.0,0.46,h1-h30;h1-h32;h1-h31,h1-h30;h1-h32;h1-h31;h1-h33;h1-h34;h1-h35;h1-h36;h1-h37;h1-h38;h1-h39,h1-h30,2.825,0.5,1.0,0.72,1,1.77175,0.15,1.0,0.555
3498,route,none,none,h30,-0.13636,0.0,0.0,0.79,10,-0.13636,0.0,0.0,0.46,h1-h30;h1-h32;h1-h31,h1-h30;h1-h32;h1-h31;h1-h33;h1-h34;h1-h35;h1-h36;h1-h37;h1-h38;h1-h39,h1-h30,2.825,0.5,1.0,0.72,1,1.78975,0.15,1.0,0.555
3504,route,none,none,h30,-0.13636,0.0,0.0,0.79,10,-0.13636,0.0,0.0,0.46,h1-h30;h1-h32;h1-h31,h1-h30;h1-h32;h1-h31;h1-h33;h1-h34;h1-h35;h1-h36;h1-h37;h1-h38;h1-h39,h1-h30,2.915,0.5,1.0,0.72,1,1.78075,0.15,1.0,0.555
3510,route,none,none,h30,-0.13636,0.0,0.0,0.79,10,-0.13636,0.0,0.0,0.46,h1-h30;h1-h32;h1-h31,h1-h30;h1-h32;h1-h31;h1-h33;h1-h34;h1-h35;h1-h36;h1-h37;h1-h38;h1-h39,h1-h30,2.825,0.5,1.0,0.72,1,1.78975,0.15,1.0,0.555
3516,route,none,none,h30,-0.13636,0.0,0.0,0.79,10,-0.13636,0.0,0.0,0.46,h1-h30;h1-h32;h1-h31,h1-h30;h1-h32;h1-h31;h1-h33;h1-h34;h1-h35;h1-h36;h1-h37;h1-h38;h1-h39,h1-h30,2.825,0.5,1.0,0.72,1,1.78075,0.15,1.0,0.555
3522,route,none,none,h30,-0.13636,0.0,0.0,0.79,10,-0.13636,0.0,0.0,0.46,h1-h30;h1-h32;h1-h31,h1-h30;h1-h32;h1-h31;h1-h33;h1-h34;h1-h35;h1-h36;h1-h37;h1-h38;h1-h39,h1-h30,2.915,0.5,1.0,0.72,1,1.78975,0.15,1.0,0.555
3528,route,none,none,h30,-0.13636,0.0,0.0,0.79,10,-0.13636,0.0,0.0,0.46,h1-h30;h1-h32;h1-h31,h1-h30;h1-h32;h1-h31;h1-h33;h1-h34;h1-h35;h1-h36;h1-h37;h1-h38;h1-h39,h1-h30,2.915,0.5,1.0,0.72,1,1.78075,0.15,1.0,0.555
3534,route,none,none,h30,-0.13636,0.0,0.0,0.79,10,-0.13636,0.0,0.0,0.46,h1-h30;h1-h32;h1-h31,h1-h30;h1-h32;h1-h31;h1-h33;h1-h34;h1-h35;h1-h36;h1-h37;h1-h38;h1-h39,h1-h30,2.915,0.5,1.0,0.72,1,1.78075,0.15,1.0,0.555
3540,route,none,none,h30,-0.13636,0.0,0.0,0.79,10,-0.13636,0.0,0.0,0.46,h1-h30;h1-h32;h1-h31,h1-h30;h1-h32;h1-h31;h1-h33;h1-h34;h1-h35;h1-h36;h1-h37;h1-h38;h1-h39,h1-h30,2.825,0.5,1.0,0.72,1,1.77175,0.15,1.0,0.555
3546,route,none,none,h30,-0.13636,0.0,0.0,0.79,10,-0.13636,0.0,0.0,0.46,h1-h30;h1-h32;h1-h31,h1-h30;h1-h32;h1-h31;h1-h33;h1-h34;h1-h35;h1-h36;h1-h37;h1-h38;h1-h39,h1-h30,2.825,0.5,1.0,0.72,1,1.77175,0.15,1.0,0.555
3552,route,none,none,h30,-0.13636,0.0,0.0,0.79,10,-0.13636,0.0,0.0,0.46,h1-h30;h1-h32;h1-h31,h1-h30;h1-h32;h1-h31;h1-h33;h1-h34;h1-h35;h1-h36;h1-h37;h1-h38;h1-h39,h1-h30,2.95,0.5,1.0,0.72,2,1.79325,0.15,1.0,0.555
3558,route,none,none,h30,-0.13636,0.0,0.0,0.79,10,-0.13636,0.0,0.0,0.46,h1-h30;h1-h32;h1-h31,h1-h30;h1-h32;h1-h31;h1-h33;h1-h34;h1-h35;h1-h36;h1-h37;h1-h38;h1-h39,h1-h30,2.825,0.5,1.0,0.72,1,1.77175,0.15,1.0,0.555
3564,route,none,none,h30,-0.13636,0.0,0.0,0.79,10,-0.13636,0.0,0.0,0.46,h1-h30;h1-h32;h1-h31,h1-h30;h1-h32;h1-h31;h1-h33;h1-h34;h1-h35;h1-h36;h1-h37;h1-h38;h1-h39,h1-h30,2.825,0.5,1.0,0.72,1,1.78075,0.15,1.0,0.555
3570,route,none,none,h30,-0.13636,0.0,0.0,0.79,10,-0.13636,0.0,0.0,0.46,h1-h30;h1-h32;h1-h31,h1-h30;h1-h32;h1-h31;h1-h33;h1-h34;h1-h35;h1-h36;h1-h37;h1-h38;h1-h39,h1-h30,2.825,0.5,1.0,0.72,1,1.78075,0.15,1.0,0.555
3576,route,none,none,h30,-0.13636,0.0,0.0,0.79,10,-0.13636,0.0,0.0,0.46,h1-h30;h1-h32;h1-h31,h1-h30;h1-h32;h1-h31;h1-h33;h1-h34;h1-h35;h1-h36;h1-h37;h1-h38;h1-h39,h1-h30,2.915,0.5,1.0,0.72,1,1.78075,0.15,1.0,0.555
3582,route,none,none,h30,-0.13636,0.0,0.0,0.79,10,-0.13636,0.0,0.0,0.46,h1-h30;h1-h32;h1-h31,h1-h30;h1-h32;h1-h31;h1-h33;h1-h34;h1-h35;h1-h36;h1-h37;h1-h38;h1-h39,h1-h30,2.825,0.5,1.0,0.72,1,1.78075,0.15,1.0,0.555
3588,route,none,none,h30,-0.13636,0.0,0.0,0.79,10,-0.13636,0.0,0.0,0.46,h1-h30;h1-h32;h1-h31,h1-h30;h1-h32;h1-h31;h1-h33;h1-h34;h1-h35;h1-h36;h1-h37;h1-h38;h1-h39,h1-h30,2.915,0.5,1.0,0.72,1,1.78975,0.15,1.0,0.555
3594,route,none,none,h30,-0.13636,0.0,0.0,0.79,10,-0.13636,0.0,0.0,0.46,h1-h30;h1-h32;h1-h31,h1-h30;h1-h32;h1-h31;h1-h33;h1-h34;h1-h35;h1-h36;h1-h37;h1-h38;h1-h39,h1-h30,2.915,0.5,1.0,0.72,1,1.79875,0.15,1.0,0.555
3600,route,none,none,h30,-0.13636,0.0,0.0,0.37,10,-0.13636,0.0,0.0,0.421,h1-h32;h1-h30;h1-h31,h1-h32;h1-h30;h1-h31;h1-h33;h1-h34;h1-h35;h1-h36;h1-h37;h1-h38;h1-h39,h1-h32,2.6225,0.5,1.0,0.585,1,1.74925,0.15,1.0,0.5355
3606,route,none,none,h30,-0.13636,0.0,0.0,0.37,10,-0.13636,0.0,0.0,0.421,h1-h32;h1-h30;h1-h31,h1-h32;h1-h30;h1-h31;h1-h33;h1-h34;h1-h35;h1-h36;h1-h37;h1-h38;h1-h39,h1-h32,2.6225,0.5,1.0,0.585,1,1.74025,0.15,1.0,0.5355
3612,route,none,none,h30,-0.13636,0.0,0.0,0.37,10,-0.13636,0.0,0.0,0.421,h1-h32;h1-h30;h1-h31,h1-h32;h1-h30;h1-h31;h1-h33;h1-h34;h1-h35;h1-h36;h1-h37;h1-h38;h1-h39,h1-h32,2.7125,0.5,1.0,0.585,1,1.74925,0.15,1.0,0.5355
3618,route,none,none,h30,-0.13636,0.0,0.0,0.37,10,-0.13636,0.0,0.0,0.421,h1-h32;h1-h30;h1-h31,h1-h32;h1-h30;h1-h31;h1-h33;h1-h34;h1-h35;h1-h36;h1-h37;h1-h38;h1-h39,h1-h32,2.6225,0.5,1.0,0.585,1,1.74025,0.15,1.0,0.5355
3624,route,none,none,h30,-0.13636,0.0,0.0,0.37,10,-0.13636,0.0,0.0,0.421,h1-h32;h1-h30;h1-h31,h1-h32;h1-h30;h1-h31;h1-h33;h1-h34;h1-h35;h1-h36;h1-h37;h1-h38;h1-h39,h1-h32,2.7125,0.5,1.0,0.585,1,1.74925,0.15,1.0,0.5355
3630,route,none,none,h30,-0.13636,0.0,0.0,0.37,10,-0.13636,0.0,0.0,0.421,h1-h32;h1-h30;h1-h31,h1-h32;h1-h30;h1-h31;h1-h33;h1-h34;h1-h35;h1-h36;h1-h37;h1-h38;h1-h39,h1-h32,2.6225,0.5,1.0,0.585,1,1.74025,0.15,1.0,0.5355
3636,route,none,none,h30,-0.13636,0.0,0.0,0.37,10,-0.13636,0.0,0.0,0.421,h1-h32;h1-h30;h1-h31,h1-h32;h1-h30;h1-h31;h1-h33;h1-h34;h1-h35;h1-h36;h1-h37;h1-h38;h1-h39,h1-h32,2.7125,0.5,1.0,0.585,1,1.74925,0.15,1.0,0.5355
3642,route,none,none,h30,-0.13636,0.0,0.0,0.37,10,-0.13636,0.0,0.0,0.421,h1-h32;h1-h30;h1-h31,h1-h32;h1-h30;h1-h31;h1-h33;h1-h34;h1-h35;h1-h36;h1-h37;h1-h38;h1-h39,h1-h32,2.6225,0.5,1.0,0.585,1,1.74025,0.15,1.0,0.5355
3648,route,none,none,h30,-0.13636,0.0,0.0,0.37,10,-0.13636,0.0,0.0,0.421,h1-h32;h1-h30;h1-h31,h1-h32;h1-h30;h1-h31;h1-h33;h1-h34;h1-h35;h1-h36;h1-h37;h1-h38;h1-h39,h1-h32,2.6225,0.5,1.0,0.585,1,1.74925,0.15,1.0,0.5355
3654,route,none,none,h30,-0.13636,0.0,0.0,0.37,10,-0.13636,0.0,0.0,0.421,h1-h32;h1-h30;h1-h31,h1-h32;h1-h30;h1-h31;h1-h33;h1-h34;h1-h35;h1-h36;h1-h37;h1-h38;h1-h39,h1-h32,2.6225,0.5,1.0,0.585,1,1.74925,0.15,1.0,0.5355
3660,route,none,none,h30,-0.13636,0.0,0.0,0.37,10,-0.13636,0.0,0.0,0.421,h1-h32;h1-h30;h1-h31,h1-h32;h1-h30;h1-h31;h1-h33;h1-h34;h1-h35;h1-h36;h1-h37;h1-h38;h1-h39,h1-h32,2.7125,0.5,1.0,0.585,1,1.75825,0.15,1.0,0.5355
3666,route,none,none,h30,-0.13636,0.0,0.0,0.37,10,-0.13636,0.0,0.0,0.421,h1-h32;h1-h30;h1-h31,h1-h32;h1-h30;h1-h31;h1-h33;h1-h34;h1-h35;h1-h36;h1-h37;h1-h38;h1-h39,h1-h32,2.6225,0.5,1.0,0.585,1,1.75825,0.15,1.0,0.5355
3672,route,none,none,h30,-0.13636,0.0,0.0,0.37,10,-0.13636,0.0,0.0,0.421,h1-h32;h1-h30;h1-h31,h1-h32;h1-h30;h1-h31;h1-h33;h1-h34;h1-h35;h1-h36;h1-h37;h1-h38;h1-h39,h1-h32,2.6225,0.5,1.0,0.585,1,1.75825,0.15,1.0,0.5355
3678,route,none,none,h30,-0.13636,0.0,0.0,0.37,10,-0.13636,0.0,0.0,0.421,h1-h32;h1-h30;h1-h31,h1-h32;h1-h30;h1-h31;h1-h33;h1-h34;h1-h35;h1-h36;h1-h37;h1-h38;h1-h39,h1-h32,2.6225,0.5,1.0,0.585,1,1.74025,0.15,1.0,0.5355
3684,route,none,none,h30,-0.13636,0.0,0.0,0.37,10,-0.13636,0.0,0.0,0.421,h1-h32;h1-h30;h1-h31,h1-h32;h1-h30;h1-h31;h1-h33;h1-h34;h1-h35;h1-h36;h1-h37;h1-h38;h1-h39,h1-h32,2.6225,0.5,1.0,0.585,1,1.74925,0.15,1.0,0.5355
3690,route,none,none,h30,-0.13636,0.0,0.0,0.37,10,-0.13636,0.0,0.0,0.421,h1-h32;h1-h30;h1-h31,h1-h32;h1-h30;h1-h31;h1-h33;h1-h34;h1-h35;h1-h36;h1-h37;h1-h38;h1-h39,h1-h32,2.7125,0.5,1.0,0.585,1,1.76725,0.15,1.0,0.5355
3696,route,none,none,h30,-0.13636,0.0,0.0,0.37,10,-0.13636,0.0,0.0,0.421,h1-h32;h1-h30;h1-h31,h1-h32;h1-h30;h1-h31;h1-h33;h1-h34;h1-h35;h1-h36;h1-h37;h1-h38;h1-h39,h1-h32,2.6225,0.5,1.0,0.585,1,1.74925,0.15,1.0,0.5355
3702,route,none,none,h30,-0.13636,0.0,0.0,0.37,10,-0.13636,0.0,0.0,0.421,h1-h32;h1-h30;h1-h31,h1-h32;h1-h30;h1-h31;h1-h33;h1-h34;h1-h35;h1-h36;h1-h37;h1-h38;h1-h39,h1-h32,2.6225,0.5,1.0,0.585,1,1.74025,0.15,1.0,0.5355
3708,route,none,none,h30,-0.13636,0.0,0.0,0.37,10,-0.13636,0.0,0.0,0.421,h1-h32;h1-h30;h1-h31,h1-h32;h1-h30;h1-h31;h1-h33;h1-h34;h1-h35;h1-h36;h1-h37;h1-h38;h1-h39,h1-h32,2.6225,0.5,1.0,0.585,1,1.74925,0.15,1.0,0.5355
3714,route,none,none,h30,-0.13636,0.0,0.0,0.37,10,-0.13636,0.0,0.0,0.421,h1-h32;h1-h30;h1-h31,h1-h32;h1-h30;h1-h31;h1-h33;h1-h34;h1-h35;h1-h36;h1-h37;h1-h38;h1-h39,h1-h32,2.6225,0.5,1.0,0.585,1,1.74925,0.15,1.0,0.5355
3720,route,none,none,h30,-0.13636,0.0,0.0,0.37,10,-0.13636,0.0,0.0,0.421,h1-h32;h1-h30;h1-h31,h1-h32;h1-h30;h1-h31;h1-h33;h1-h34;h1-h35;h1-h36;h1-h37;h1-h38;h1-h39,h1-h32,2.6225,0.5,1.0,0.585,1,1.74925,0.15,1.0,0.5355
3726,route,none,none,h30,-0.13636,0.0,0.0,0.37,10,-0.13636,0.0,0.0,0.421,h1-h32;h1-h30;h1-h31,h1-h32;h1-h30;h1-h31;h1-h33;h1-h34;h1-h35;h1-h36;h1-h37;h1-h38;h1-h39,h1-h32,2.6225,0.5,1.0,0.585,1,1.74025,0.15,1.0,0.5355
3732,route,none,none,h30,-0.13636,0.0,0.0,0.37,10,-0.13636,0.0,0.0,0.421,h1-h32;h1-h30;h1-h31,h1-h32;h1-h30;h1-h31;h1-h33;h1-h34;h1-h35;h1-h36;h1-h37;h1-h38;h1-h39,h1-h32,2.6225,0.5,1.0,0.585,1,1.74025,0.15,1.0,0.5355
3738,route,none,none,h30,-0.13636,0.0,0.0,0.37,10,-0.13636,0.0,0.0,0.421,h1-h32;h1-h30;h1-h31,h1-h32;h1-h30;h1-h31;h1-h33;h1-h34;h1-h35;h1-h36;h1-h37;h1-h38;h1-h39,h1-h32,2.7125,0.5,1.0,0.585,1,1.76725,0.15,1.0,0.5355
3744,route,none,none,h30,-0.13636,0.0,0.0,0.37,10,-0.13636,0.0,0.0,0.421,h1-h32;h1-h30;h1-h31,h1-h32;h1-h30;h1-h31;h1-h33;h1-h34;h1-h35;h1-h36;h1-h37;h1-h38;h1-h39,h1-h32,2.6225,0.5,1.0,0.585,1,1.74025,0.15,1.0,0.5355
3750,route,none,none,h30,-0.13636,0.0,0.0,0.37,10,-0.13636,0.0,0.0,0.421,h1-h32;h1-h30;h1-h31,h1-h32;h1-h30;h1-h31;h1-h33;h1-h34;h1-h35;h1-h36;h1-h37;h1-h38;h1-h39,h1-h32,2.6225,0.5,1.0,0.585,1,1.74925,0.15,1.0,0.5355
3756,route,none,none,h30,-0.13636,0.0,0.0,0.37,10,-0.13636,0.0,0.0,0.421,h1-h32;h1-h30;h1-h31,h1-h32;h1-h30;h1-h31;h1-h33;h1-h34;h1-h35;h1-h36;h1-h37;h1-h38;h1-h39,h1-h32,2.6225,0.5,1.0,0.585,1,1.75825,0.15,1.0,0.5355
3762,route,none,none,h30,-0.13636,0.0,0.0,0.37,10,-0.13636,0.0,0.0,0.421,h1-h32;h1-h30;h1-h31,h1-h32;h1-h30;h1-h31;h1-h33;h1-h34;h1-h35;h1-h36;h1-h37;h1-h38;h1-h39,h1-h32,2.6225,0.5,1.0,0.585,1,1.74925,0.15,1.0,0.5355
3768,route,none,none,h30,-0.13636,0.0,0.0,0.37,10,-0.13636,0.0,0.0,0.421,h1-h32;h1-h30;h1-h31,h1-h32;h1-h30;h1-h31;h1-h33;h1-h34;h1-h35;h1-h36;h1-h37;h1-h38;h1-h39,h1-h32,2.7125,0.5,1.0,0.585,1,1.74925,0.15,1.0,0.5355
3774,route,none,none,h30,-0.13636,0.0,0.0,0.37,10,-0.13636,0.0,0.0,0.421,h1-h32;h1-h30;h1-h31,h1-h32;h1-h30;h1-h31;h1-h33;h1-h34;h1-h35;h1-h36;h1-h37;h1-h38;h1-h39,h1-h32,2.6225,0.5,1.0,0.585,1,1.74025,0.15,1.0,0.5355
3780,route,none,none,h30,-0.13636,0.0,0.0,0.37,10,-0.13636,0.0,0.0,0.421,h1-h32;h1-h30;h1-h31,h1-h32;h1-h30;h1-h31;h1-h33;h1-h34;h1-h35;h1-h36;h1-h37;h1-h38;h1-h39,h1-h32,2.6225,0.5,1.0,0.585,1,1.74925,0.15,1.0,0.5355
3786,route,none,none,h30,-0.13636,0.0,0.0,0.37,10,-0.13636,0.0,0.0,0.421,h1-h32;h1-h30;h1-h31,h1-h32;h1-h30;h1-h31;h1-h33;h1-h34;h1-h35;h1-h36;h1-h37;h1-h38;h1-h39,h1-h32,2.6225,0.5,1.0,0.585,1,1.74925,0.15,1.0,0.5355
3792,route,none,none,h30,-0.13636,0.0,0.0,0.37,10,-0.13636,0.0,0.0,0.421,h1-h32;h1-h30;h1-h31,h1-h32;h1-h30;h1-h31;h1-h33;h1-h34;h1-h35;h1-h36;h1-h37;h1-h38;h1-h39,h1-h32,2.6225,0.5,1.0,0.585,1,1.74925,0.15,1.0,0.5355
3798,route,none,none,h30,-0.13636,0.0,0.0,0.37,10,-0.13636,0.0,0.0,0.421,h1-h32;h1-h30;h1-h31,h1-h32;h1-h30;h1-h31;h1-h33;h1-h34;h1-h35;h1-h36;h1-h37;h1-h38;h1-h39,h1-h32,2.6225,0.5,1.0,0.585,1,1.74925,0.15,1.0,0.5355
3804,route,none,none,h30,-0.13636,0.0,0.0,0.37,10,-0.13636,0.0,0.0,0.421,h1-h32;h1-h30;h1-h31,h1-h32;h1-h30;h1-h31;h1-h33;h1-h34;h1-h35;h1-h36;h1-h37;h1-h38;h1-h39,h1-h32,2.7125,0.5,1.0,0.585,1,1.76725,0.15,1.0,0.5355
3810,route,none,none,h30,-0.13636,0.0,0.0,0.37,10,-0.13636,0.0,0.0,0.421,h1-h32;h1-h30;h1-h31,h1-h32;h1-h30;h1-h31;h1-h33;h1-h34;h1-h35;h1-h36;h1-h37;h1-h38;h1-h39,h1-h32,2.7125,0.5,1.0,0.585,1,1.75825,0.15,1.0,0.5355
3816,route,none,none,h30,-0.13636,0.0,0.0,0.37,10,-0.13636,0.0,0.0,0.421,h1-h32;h1-h30;h1-h31,h1-h32;h1-h30;h1-h31;h1-h33;h1-h34;h1-h35;h1-h36;h1-h37;h1-h38;h1-h39,h1-h32,2.6225,0.5,1.0,0.585,1,1.74025,0.15,1.0,0.5355
3822,route,none,none,h30,-0.13636,0.0,0.0,0.37,10,-0.13636,0.0,0.0,0.421,h1-h32;h1-h30;h1-h31,h1-h32;h1-h30;h1-h31;h1-h33;h1-h34;h1-h35;h1-h36;h1-h37;h1-h38;h1-h39,h1-h32,2.7125,0.5,1.0,0.585,1,1.76725,0.15,1.0,0.5355
3828,route,none,none,h30,-0.13636,0.0,0.0,0.37,10,-0.13636,0.0,0.0,0.421,h1-h32;h1-h30;h1-h31,h1-h32;h1-h30;h1-h31;h1-h33;h1-h34;h1-h35;h1-h36;h1-h37;h1-h38;h1-h39,h1-h32,2.6225,0.5,1.0,0.585,1,1.74025,0.15,1.0,0.5355
3834,route,none,none,h30,-0.13636,0.0,0.0,0.37,10,-0.13636,0.0,0.0,0.421,h1-h32;h1-h30;h1-h31,h1-h32;h1-h30;h1-h31;h1-h33;h1-h34;h1-h35;h1-h36;h1-h37;h1-h38;h1-h39,h1-h32,2.6225,0.5,1.0,0.585,1,1.74025,0.15,1.0,0.5355
3840,route,none,none,h30,-0.13636,0.0,0.0,0.37,10,-0.13636,0.0,0.0,0.421,h1-h32;h1-h30;h1-h31,h1-h32;h1-h30;h1-h31;h1-h33;h1-h34;h1-h35;h1-h36;h1-h37;h1-h38;h1-h39,h1-h32,2.6225,0.5,1.0,0.585,1,1.74025,0.15,1.0,0.5355
3846,route,none,none,h30,-0.13636,0.0,0.0,0.37,10,-0.13636,0.0,0.0,0.421,h1-h32;h1-h30;h1-h31,h1-h32;h1-h30;h1-h31;h1-h33;h1-h34;h1-h35;h1-h36;h1-h37;h1-h38;h1-h39,h1-h32,2.6225,0.5,1.0,0.585,1,1.74925,0.15,1.0,0.5355
3852,route,none,none,h30,-0.13636,0.0,0.0,0.37,10,-0.13636,0.0,0.0,0.421,h1-h32;h1-h30;h1-h31,h1-h32;h1-h30;h1-h31;h1-h33;h1-h34;h1-h35;h1-h36;h1-h37;h1-h38;h1-h39,h1-h32,2.7125,0.5,1.0,0.585,1,1.74925,0.15,1.0,0.5355
3858,route,none,none,h30,-0.13636,0.0,0.0,0.37,10,-0.13636,0.0,0.0,0.421,h1-h32;h1-h30;h1-h31,h1-h32;h1-h30;h1-h31;h1-h33;h1-h34;h1-h35;h1-h36;h1-h37;h1-h38;h1-h39,h1-h32,2.6225,0.5,1.0,0.585,1,1.74925,0.15,1.0,0.5355
3864,route,none,none,h30,-0.13636,0.0,0.0,0.37,10,-0.13636,0.0,0.0,0.421,h1-h32;h1-h30;h1-h31,h1-h32;h1-h30;h1-h31;h1-h33;h1-h34;h1-h35;h1-h36;h1-h37;h1-h38;h1-h39,h1-h32,2.7125,0.5,1.0,0.585,1,1.76725,0.15,1.0,0.5355
3870,route,none,none,h30,-0.13636,0.0,0.0,0.37,10,-0.13636,0.0,0.0,0.421,h1-h32;h1-h30;h1-h31,h1-h32;h1-h30;h1-h31;h1-h33;h1-h34;h1-h35;h1-h36;h1-h37;h1-h38;h1-h39,h1-h32,2.7125,0.5,1.0,0.585,1,1.74925,0.15,1.0,0.5355
3876,route,none,none,h30,-0.13636,0.0,0.0,0.37,10,-0.13636,0.0,0.0,0.421,h1-h32;h1-h30;h1-h31,h1-h32;h1-h30;h1-h31;h1-h33;h1-h34;h1-h35;h1-h36;h1-h37;h1-h38;h1-h39,h1-h32,2.6225,0.5,1.0,0.585,1,1.74925,0.15,1.0,0.5355
3882,route,none,none,h30,-0.13636,0.0,0.0,0.37,10,-0.13636,0.0,0.0,0.421,h1-h32;h1-h30;h1-h31,h1-h32;h1-h30;h1-h31;h1-h33;h1-h34;h1-h35;h1-h36;h1-h37;h1-h38;h1-h39,h1-h32,2.6225,0.5,1.0,0.585,1,1.74925,0.15,1.0,0.5355
3888,route,none,none,h30,-0.13636,0.0,0.0,0.37,10,-0.13636,0.0,0.0,0.421,h1-h32;h1-h30;h1-h31,h1-h32;h1-h30;h1-h31;h1-h33;h1-h34;h1-h35;h1-h36;h1-h37;h1-h38;h1-h39,h1-h32,2.7125,0.5,1.0,0.585,1,1.75825,0.15,1.0,0.5355
3894,route,none,none,h30,-0.13636,0.0,0.0,0.37,10,-0.13636,0.0,0.0,0.421,h1-h32;h1-h30;h1-h31,h1-h32;h1-h30;h1-h31;h1-h33;h1-h34;h1-h35;h1-h36;h1-h37;h1-h38;h1-h39,h1-h32,2.6225,0.5,1.0,0.585,1,1.74925,0.15,1.0,0.5355
3900,route,none,none,h30,-0.13636,0.0,0.0,0.37,10,-0.13636,0.0,0.0,0.421,h1-h32;h1-h30;h1-h31,h1-h32;h1-h30;h1-h31;h1-h33;h1-h34;h1-h35;h1-h36;h1-h37;h1-h38;h1-h39,h1-h32,2.7125,0.5,1.0,0.585,1,1.74925,0.15,1.0,0.5355
3906,route,none,none,h30,-0.13636,0.0,0.0,0.37,10,-0.13636,0.0,0.0,0.421,h1-h32;h1-h30;h1-h31,h1-h32;h1-h30;h1-h31;h1-h33;h1-h34;h1-h35;h1-h36;h1-h37;h1-h38;h1-h39,h1-h32,2.7125,0.5,1.0,0.585,1,1.75825,0.15,1.0,0.5355
3912,route,none,none,h30,-0.13636,0.0,0.0,0.37,10,-0.13636,0.0,0.0,0.421,h1-h32;h1-h30;h1-h31,h1-h32;h1-h30;h1-h31;h1-h33;h1-h34;h1-h35;h1-h36;h1-h37;h1-h38;h1-h39,h1-h32,2.6225,0.5,1.0,0.585,1,1.74925,0.15,1.0,0.5355
3918,route,none,none,h30,-0.13636,0.0,0.0,0.37,10,-0.13636,0.0,0.0,0.421,h1-h32;h1-h30;h1-h31,h1-h32;h1-h30;h1-h31;h1-h33;h1-h34;h1-h35;h1-h36;h1-h37;h1-h38;h1-h39,h1-h32,2.6225,0.5,1.0,0.585,1,1.75825,0.15,1.0,0.5355
3924,route,none,none,h30,-0.13636,0.0,0.0,0.37,10,-0.13636,0.0,0.0,0.421,h1-h32;h1-h30;h1-h31,h1-h32;h1-h30;h1-h31;h1-h33;h1-h34;h1-h35;h1-h36;h1-h37;h1-h38;h1-h39,h1-h32,2.7125,0.5,1.0,0.585,1,1.74925,0.15,1.0,0.5355
3930,route,none,none,h30,-0.13636,0.0,0.0,0.37,10,-0.13636,0.0,0.0,0.421,h1-h32;h1-h30;h1-h31,h1-h32;h1-h30;h1-h31;h1-h33;h1-h34;h1-h35;h1-h36;h1-h37;h1-h38;h1-h39,h1-h32,2.6225,0.5,1.0,0.585,1,1.74025,0.15,1.0,0.5355
3936,route,none,none,h30,-0.13636,0.0,0.0,0.37,10,-0.13636,0.0,0.0,0.421,h1-h32;h1-h30;h1-h31,h1-h32;h1-h30;h1-h31;h1-h33;h1-h34;h1-h35;h1-h36;h1-h37;h1-h38;h1-h39,h1-h32,2.6225,0.5,1.0,0.585,1,1.74025,0.15,1.0,0.5355
3942,route,none,none,h30,-0.13636,0.0,0.0,0.37,10,-0.13636,0.0,0.0,0.421,h1-h32;h1-h30;h1-h31,h1-h32;h1-h30;h1-h31;h1-h33;h1-h34;h1-h35;h1-h36;h1-h37;h1-h38;h1-h39,h1-h32,2.6225,0.5,1.0,0.585,1,1.74025,0.15,1.0,0.5355
3948,route,none,none,h30,-0.13636,0.0,0.0,0.37,10,-0.13636,0.0,0.0,0.421,h1-h32;h1-h30;h1-h31,h1-h32;h1-h30;h1-h31;h1-h33;h1-h34;h1-h35;h1-h36;h1-h37;h1-h38;h1-h39,h1-h32,2.6225,0.5,1.0,0.585,1,1.74925,0.15,1.0,0.5355
3954,route,none,none,h30,-0.13636,0.0,0.0,0.37,10,-0.13636,0.0,0.0,0.421,h1-h32;h1-h30;h1-h31,h1-h32;h1-h30;h1-h31;h1-h33;h1-h34;h1-h35;h1-h36;h1-h37;h1-h38;h1-h39,h1-h32,2.6225,0.5,1.0,0.585,1,1.74025,0.15,1.0,0.5355
3960,route,none,none,h30,-0.13636,0.0,0.0,0.37,10,-0.13636,0.0,0.0,0.376,h1-h32;h1-h30;h1-h31,h1-h32;h1-h30;h1-h31;h1-h33;h1-h34;h1-h35;h1-h36;h1-h37;h1-h38;h1-h39,h1-h32,2.7475,0.5,1.0,0.585,2,1.77075,0.15,1.0,0.513
3966,route,none,none,h30,-0.13636,0.0,0.0,0.37,10,-0.13636,0.0,0.0,0.376,h1-h32;h1-h30;h1-h31,h1-h32;h1-h30;h1-h31;h1-h33;h1-h34;h1-h35;h1-h36;h1-h37;h1-h38;h1-h39,h1-h32,2.6225,0.5,1.0,0.585,1,1.75825,0.15,1.0,0.513
3972,route,none,none,h30,-0.13636,0.0,0.0,0.37,10,-0.13636,0.0,0.0,0.376,h1-h32;h1-h30;h1-h31,h1-h32;h1-h30;h1-h31;h1-h33;h1-h34;h1-h35;h1-h36;h1-h37;h1-h38;h1-h39,h1-h32,2.7125,0.5,1.0,0.585,1,1.75825,0.15,1.0,0.513
3978,route,none,none,h30,-0.13636,0.0,0.0,0.37,10,-0.13636,0.0,0.0,0.376,h1-h32;h1-h30;h1-h31,h1-h32;h1-h30;h1-h31;h1-h33;h1-h34;h1-h35;h1-h36;h1-h37;h1-h38;h1-h39,h1-h32,2.7125,0.5,1.0,0.585,1,1.75825,0.15,1.0,0.513
3984,route,none,none,h30,-0.13636,0.0,0.0,0.37,10,-0.13636,0.0,0.0,0.376,h1-h32;h1-h30;h1-h31,h1-h32;h1-h30;h1-h31;h1-h33;h1-h34;h1-h35;h1-h36;h1-h37;h1-h38;h1-h39,h1-h32,2.7125,0.5,1.0,0.585,1,1.75825,0.15,1.0,0.513
3990,route,none,none,h30,-0.13636,0.0,0.0,0.37,10,-0.13636,0.0,0.0,0.376,h1-h32;h1-h30;h1-h31,h1-h32;h1-h30;h1-h31;h1-h33;h1-h34;h1-h35;h1-h36;h1-h37;h1-h38;h1-h39,h1-h32,2.6225,0.5,1.0,0.585,1,1.74925,0.15,1.0,0.513
3996,route,none,none,h30,-0.13636,0.0,0.0,0.37,10,-0.13636,0.0,0.0,0.376,h1-h32;h1-h30;h1-h31,h1-h32;h1-h30;h1-h31;h1-h33;h1-h34;h1-h35;h1-h36;h1-h37;h1-h38;h1-h39,h1-h32,2.7125,0.5,1.0,0.585,1,1.75825,0.15,1.0,0.513
4002,route,none,none,h30,-0.13636,0.0,0.0,0.37,10,-0.13636,0.0,0.0,0.376,h1-h32;h1-h30;h1-h31,h1-h32;h1-h30;h1-h31;h1-h33;h1-h34;h1-h35;h1-h36;h1-h37;h1-h38;h1-h39,h1-h32,2.7125,0.5,1.0,0.585,1,1.74925,0.15,1.0,0.513
4008,route,none,none,h30,-0.13636,0.0,0.0,0.37,10,-0.13636,0.0,0.0,0.376,h1-h32;h1-h30;h1-h31,h1-h32;h1-h30;h1-h31;h1-h33;h1-h34;h1-h35;h1-h36;h1-h37;h1-h38;h1-h39,h1-h32,2.6225,0.5,1.0,0.585,1,1.74025,0.15,1.0,0.513
4014,route,none,none,h30,-0.13636,0.0,0.0,0.37,10,-0.13636,0.0,0.0,0.376,h1-h32;h1-h30;h1-h31,h1-h32;h1-h30;h1-h31;h1-h33;h1-h34;h1-h35;h1-h36;h1-h37;h1-h38;h1-h39,h1-h32,2.6225,0.5,1.0,0.585,1,1.74925,0.15,1.0,0.513
4020,route,none,none,h30,-0.13636,0.0,0.0,0.37,10,-0.13636,0.0,0.0,0.376,h1-h32;h1-h30;h1-h31,h1-h32;h1-h30;h1-h31;h1-h33;h1-h34;h1-h35;h1-h36;h1-h37;h1-h38;h1-h39,h1-h32,2.6225,0.5,1.0,0.585,1,1.74025,0.15,1.0,0.513
4026,route,none,none,h30,-0.13636,0.0,0.0,0.37,10,-0.13636,0.0,0.0,0.376,h1-h32;h1-h30;h1-h31,h1-h32;h1-h30;h1-h31;h1-h33;h1-h34;h1-h35;h1-h36;h1-h37;h1-h38;h1-h39,h1-h32,2.6225,0.5,1.0,0.585,1,1.75825,0.15,1.0,0.513
4032,route,none,none,h30,-0.13636,0.0,0.0,0.37,10,-0.13636,0.0,0.0,0.376,h1-h32;h1-h30;h1-h31,h1-h32;h1-h30;h1-h31;h1-h33;h1-h34;h1-h35;h1-h36;h1-h37;h1-h38;h1-h39,h1-h32,2.7125,0.5,1.0,0.585,1,1.75825,0.15,1.0,0.513
4038,route,none,none,h30,-0.13636,0.0,0.0,0.37,10,-0.13636,0.0,0.0,0.376,h1-h32;h1-h30;h1-h31,h1-h32;h1-h30;h1-h31;h1-h33;h1-h34;h1-h35;h1-h36;h1-h37;h1-h38;h1-h39,h1-h32,2.6225,0.5,1.0,0.585,1,1.74025,0.15,1.0,0.513
4044,route,none,none,h30,-0.13636,0.0,0.0,0.37,10,-0.13636,0.0,0.0,0.376,h1-h32;h1-h30;h1-h31,h1-h32;h1-h30;h1-h31;h1-h33;h1-h34;h1-h35;h1-h36;h1-h37;h1-h38;h1-h39,h1-h32,2.6225,0.5,1.0,0.585,1,1.74925,0.15,1.0,0.513
4050,route,none,none,h30,-0.13636,0.0,0.0,0.37,10,-0.13636,0.0,0.0,0.376,h1-h32;h1-h30;h1-h31,h1-h32;h1-h30;h1-h31;h1-h33;h1-h34;h1-h35;h1-h36;h1-h37;h1-h38;h1-h39,h1-h32,2.7125,0.5,1.0,0.585,1,1.75825,0.15,1.0,0.513
4056,route,none,none,h30,-0.13636,0.0,0.0,0.37,10,-0.13636,0.0,0.0,0.376,h1-h30;h1-h32;h1-h31,h1-h30;h1-h32;h1-h31;h1-h33;h1-h34;h1-h35;h1-h36;h1-h37;h1-h38;h1-h39,h1-h30,2.635,0.5,1.0,0.51,2,1.75275,0.15,1.0,0.513
4062,route,none,none,h30,-0.13636,0.0,0.0,0.37,10,-0.13636,0.0,0.0,0.376,h1-h32;h1-h30;h1-h31,h1-h32;h1-h30;h1-h31;h1-h33;h1-h34;h1-h35;h1-h36;h1-h37;h1-h38;h1-h39,h1-h32,2.6225,0.5,1.0,0.585,1,1.75825,0.15,1.0,0.513
4068,route,none,none,h30,-0.13636,0.0,0.0,0.37,10,-0.13636,0.0,0.0,0.376,h1-h32;h1-h30;h1-h31,h1-h32;h1-h30;h1-h31;h1-h33;h1-h34;h1-h35;h1-h36;h1-h37;h1-h38;h1-h39,h1-h32,2.6225,0.5,1.0,0.585,1,1.74025,0.15,1.0,0.513
4074,route,none,none,h30,-0.13636,0.0,0.0,0.37,10,-0.13636,0.0,0.0,0.376,h1-h32;h1-h30;h1-h31,h1-h32;h1-h30;h1-h31;h1-h33;h1-h34;h1-h35;h1-h36;h1-h37;h1-h38;h1-h39,h1-h32,2.7125,0.5,1.0,0.585,1,1.74925,0.15,1.0,0.513
4080,route,none,none,h30,-0.13636,0.0,0.0,0.37,10,-0.13636,0.0,0.0,0.376,h1-h32;h1-h30;h1-h31,h1-h32;h1-h30;h1-h31;h1-h33;h1-h34;h1-h35;h1-h36;h1-h37;h1-h38;h1-h39,h1-h32,2.6225,0.5,1.0,0.585,1,1.74025,0.15,1.0,0.513
4086,route,none,none,h30,-0.13636,0.0,0.0,0.37,10,-0.13636,0.0,0.0,0.376,h1-h32;h1-h30;h1-h31,h1-h32;h1-h30;h1-h31;h1-h33;h1-h34;h1-h35;h1-h36;h1-h37;h1-h38;h1-h39,h1-h32,2.6225,0.5,1.0,0.585,1,1.74925,0.15,1.0,0.513
4092,route,none,none,h30,-0.13636,0.0,0.0,0.37,10,-0.13636,0.0,0.0,0.376,h1-h32;h1-h30;h1-h31,h1-h32;h1-h30;h1-h31;h1-h33;h1-h34;h1-h35;h1-h36;h1-h37;h1-h38;h1-h39,h1-h32,2.6225,0.5,1.0,0.585,1,1.75825,0.15,1.0,0.513
4098,route,none,none,h30,-0.13636,0.0,0.0,0.37,10,-0.13636,0.0,0.0,0.376,h1-h32;h1-h30;h1-h31,h1-h32;h1-h30;h1-h31;h1-h33;h1-h34;h1-h35;h1-h36;h1-h37;h1-h38;h1-h39,h1-h32,2.7125,0.5,1.0,0.585,1,1.74925,0.15,1.0,0.513
4104,route,none,none,h30,-0.13636,0.0,0.0,0.37,10,-0.13636,0.0,0.0,0.376,h1-h32;h1-h30;h1-h31,h1-h32;h1-h30;h1-h31;h1-h33;h1-h34;h1-h35;h1-h36;h1-h37;h1-h38;h1-h39,h1-h32,2.6225,0.5,1.0,0.585,1,1.74925,0.15,1.0,0.513
4110,route,none,none,h30,-0.13636,0.0,0.0,0.37,10,-0.13636,0.0,0.0,0.376,h1-h32;h1-h30;h1-h31,h1-h32;h1-h30;h1-h31;h1-h33;h1-h34;h1-h35;h1-h36;h1-h37;h1-h38;h1-h39,h1-h32,2.6225,0.5,1.0,0.585,1,1.74925,0.15,1.0,0.513
4116,route,none,none,h30,-0.13636,0.0,0.0,0.37,10,-0.13636,0.0,0.0,0.376,h1-h32;h1-h30;h1-h31,h1-h32;h1-h30;h1-h31;h1-h33;h1-h34;h1-h35;h1-h36;h1-h37;h1-h38;h1-h39,h1-h32,2.7125,0.5,1.0,0.585,1,1.74925,0.15,1.0,0.513
4122,route,none,none,h30,-0.13636,0.0,0.0,0.37,10,-0.13636,0.0,0.0,0.376,h1-h32;h1-h30;h1-h31,h1-h32;h1-h30;h1-h31;h1-h33;h1-h34;h1-h35;h1-h36;h1-h37;h1-h38;h1-h39,h1-h32,2.6225,0.5,1.0,0.585,1,1.75825,0.15,1.0,0.513
4128,route,none,none,h30,-0.13636,0.0,0.0,0.37,10,-0.13636,0.0,0.0,0.376,h1-h32;h1-h30;h1-h31,h1-h32;h1-h30;h1-h31;h1-h33;h1-h34;h1-h35;h1-h36;h1-h37;h1-h38;h1-h39,h1-h32,2.7125,0.5,1.0,0.585,1,1.74925,0.15,1.0,0.513
4134,route,none,none,h30,-0.13636,0.0,0.0,0.37,10,-0.13636,0.0,0.0,0.376,h1-h32;h1-h30;h1-h31,h1-h32;h1-h30;h1-h31;h1-h33;h1-h34;h1-h35;h1-h36;h1-h37;h1-h38;h1-h39,h1-h32,2.7125,0.5,1.0,0.585,1,1.75825,0.15,1.0,0.513
4140,route,none,none,h30,-0.13636,0.0,0.0,0.37,10,-0.13636,0.0,0.0,0.376,h1-h32;h1-h30;h1-h31,h1-h32;h1-h30;h1-h31;h1-h33;h1-h34;h1-h35;h1-h36;h1-h37;h1-h38;h1-h39,h1-h32,2.7125,0.5,1.0,0.585,1,1.74925,0.15,1.0,0.513
4146,route,none,none,h30,-0.13636,0.0,0.0,0.37,10,-0.13636,0.0,0.0,0.376,h1-h32;h1-h30;h1-h31,h1-h32;h1-h30;h1-h31;h1-h33;h1-h34;h1-h35;h1-h36;h1-h37;h1-h38;h1-h39,h1-h32,2.7125,0.5,1.0,0.585,1,1.76725,0.15,1.0,0.513
4152,route,none,none,h30,-0.13636,0.0,0.0,0.37,10,-0.13636,0.0,0.0,0.376,h1-h32;h1-h30;h1-h31,h1-h32;h1-h30;h1-h31;h1-h33;h1-h34;h1-h35;h1-h36;h1-h37;h1-h38;h1-h39,h1-h32,2.6225,0.5,1.0,0.585,1,1.75825,0.15,1.0,0.513
4158,route,none,none,h30,-0.13636,0.0,0.0,0.37,10,-0.13636,0.0,0.0,0.376,h1-h32;h1-h30;h1-h31,h1-h32;h1-h30;h1-h31;h1-h33;h1-h34;h1-h35;h1-h36;h1-h37;h1-h38;h1-h39,h1-h32,2.7125,0.5,1.0,0.585,1,1.75825,0.15,1.0,0.513
4164,route,none,none,h30,-0.13636,0.0,0.0,0.37,10,-0.13636,0.0,0.0,0.376,h1-h32;h1-h30;h1-h31,h1-h32;h1-h30;h1-h31;h1-h33;h1-h34;h1-h35;h1-h36;h1-h37;h1-h38;h1-h39,h1-h32,2.6225,0.5,1.0,0.585,1,1.74025,0.15,1.0,0.513
4170,route,none,none,h30,-0.13636,0.0,0.0,0.37,10,-0.13636,0.0,0.0,0.376,h1-h32;h1-h30;h1-h31,h1-h32;h1-h30;h1-h31;h1-h33;h1-h34;h1-h35;h1-h36;h1-h37;h1-h38;h1-h39,h1-h32,2.6225,0.5,1.0,0.585,1,1.75825,0.15,1.0,0.513
4176,route,none,none,h30,-0.13636,0.0,0.0,0.37,10,-0.13636,0.0,0.0,0.376,h1-h32;h1-h30;h1-h31,h1-h32;h1-h30;h1-h31;h1-h33;h1-h34;h1-h35;h1-h36;h1-h37;h1-h38;h1-h39,h1-h32,2.6225,0.5,1.0,0.585,1,1.74925,0.15,1.0,0.513
4182,route,none,none,h30,-0.13636,0.0,0.0,0.37,10,-0.13636,0.0,0.0,0.376,h1-h32;h1-h30;h1-h31,h1-h32;h1-h30;h1-h31;h1-h33;h1-h34;h1-h35;h1-h36;h1-h37;h1-h38;h1-h39,h1-h32,2.6225,0.5,1.0,0.585,1,1.74925,0.15,1.0,0.513
4188,route,none,none,h30,-0.13636,0.0,0.0,0.37,10,-0.13636,0.0,0.0,0.376,h1-h32;h1-h30;h1-h31,h1-h32;h1-h30;h1-h31;h1-h33;h1-h34;h1-h35;h1-h36;h1-h37;h1-h38;h1-h39,h1-h32,2.7125,0.5,1.0,0.585,1,1.76725,0.15,1.0,0.513
4194,route,none,none,h30,-0.13636,0.0,0.0,0.37,10,-0.13636,0.0,0.0,0.376,h1-h32;h1-h30;h1-h31,h1-h32;h1-h30;h1-h31;h1-h33;h1-h34;h1-h35;h1-h36;h1-h37;h1-h38;h1-h39,h1-h32,2.7125,0.5,1.0,0.585,1,1.75825,0.15,1.0,0.513
4200,route,none,none,h30,-0.13636,0.0,0.0,0.37,10,-0.13636,0.0,0.0,0.376,h1-h32;h1-h30;h1-h31,h1-h32;h1-h30;h1-h31;h1-h33;h1-h34;h1-h35;h1-h36;h1-h37;h1-h38;h1-h39,h1-h32,2.6225,0.5,1.0,0.585,1,1.74925,0.15,1.0,0.513
4206,route,none,none,h30,-0.13636,0.0,0.0,0.37,10,-0.13636,0.0,0.0,0.376,h1-h32;h1-h30;h1-h31,h1-h32;h1-h30;h1-h31;h1-h33;h1-h34;h1-h35;h1-h36;h1-h37;h1-h38;h1-h39,h1-h32,2.7125,0.5,1.0,0.585,1,1.76175,0.15,1.0,0.513
4212,route,none,none,h30,-0.13636,0.0,0.0,0.37,10,-0.13636,0.0,0.0,0.376,h1-h32;h1-h30;h1-h31,h1-h32;h1-h30;h1-h31;h1-h33;h1-h34;h1-h35;h1-h36;h1-h37;h1-h38;h1-h39,h1-h32,2.7125,0.5,1.0,0.585,1,1.75825,0.15,1.0,0.513
4218,route,none,none,h30,-0.13636,0.0,0.0,0.37,10,-0.13636,0.0,0.0,0.376,h1-h32;h1-h30;h1-h31,h1-h32;h1-h30;h1-h31;h1-h33;h1-h34;h1-h35;h1-h36;h1-h37;h1-h38;h1-h39,h1-h32,2.7125,0.5,1.0,0.585,1,1.74925,0.15,1.0,0.513
4224,route,none,none,h30,-0.13636,0.0,0.0,0.37,10,-0.13636,0.0,0.0,0.376,h1-h32;h1-h30;h1-h31,h1-h32;h1-h30;h1-h31;h1-h33;h1-h34;h1-h35;h1-h36;h1-h37;h1-h38;h1-h39,h1-h32,2.6225,0.5,1.0,0.585,1,1.74925,0.15,1.0,0.513
4230,route,none,none,h30,-0.13636,0.0,0.0,0.37,10,-0.13636,0.0,0.0,0.376,h1-h32;h1-h30;h1-h31,h1-h32;h1-h30;h1-h31;h1-h33;h1-h34;h1-h35;h1-h36;h1-h37;h1-h38;h1-h39,h1-h32,2.7125,0.5,1.0,0.585,1,1.75825,0.15,1.0,0.513
4236,route,none,none,h30,-0.13636,0.0,0.0,0.37,10,-0.13636,0.0,0.0,0.376,h1-h32;h1-h30;h1-h31,h1-h32;h1-h30;h1-h31;h1-h33;h1-h34;h1-h35;h1-h36;h1-h37;h1-h38;h1-h39,h1-h32,2.7125,0.5,1.0,0.585,1,1.74925,0.15,1.0,0.513
4242,route,none,none,h30,-0.13636,0.0,0.0,0.37,10,-0.13636,0.0,0.0,0.376,h1-h32;h1-h30;h1-h31,h1-h32;h1-h30;h1-h31;h1-h33;h1-h34;h1-h35;h1-h36;h1-h37;h1-h38;h1-h39,h1-h32,2.8375,0.5,1.0,0.585,2,1.77075,0.15,1.0,0.513
4248,route,none,none,h30,-0.13636,0.0,0.0,0.37,10,-0.13636,0.0,0.0,0.376,h1-h32;h1-h30;h1-h31,h1-h32;h1-h30;h1-h31;h1-h33;h1-h34;h1-h35;h1-h36;h1-h37;h1-h38;h1-h39,h1-h32,2.7125,0.5,1.0,0.585,1,1.76725,0.15,1.0,0.513
4254,route,none,none,h30,-0.13636,0.0,0.0,0.37,10,-0.13636,0.0,0.0,0.376,h1-h32;h1-h30;h1-h31,h1-h32;h1-h30;h1-h31;h1-h33;h1-h34;h1-h35;h1-h36;h1-h37;h1-h38;h1-h39,h1-h32,2.6225,0.5,1.0,0.585,1,1.75825,0.15,1.0,0.513
4260,route,none,none,h30,-0.13636,0.0,0.0,0.37,10,-0.13636,0.0,0.0,0.376,h1-h32;h1-h30;h1-h31,h1-h32;h1-h30;h1-h31;h1-h33;h1-h34;h1-h35;h1-h36;h1-h37;h1-h38;h1-h39,h1-h32,2.6225,0.5,1.0,0.585,1,1.74925,0.15,1.0,0.513
4266,route,none,none,h30,-0.13636,0.0,0.0,0.37,10,-0.13636,0.0,0.0,0.376,h1-h32;h1-h30;h1-h31,h1-h32;h1-h30;h1-h31;h1-h33;h1-h34;h1-h35;h1-h36;h1-h37;h1-h38;h1-h39,h1-h32,2.6225,0.5,1.0,0.585,1,1.74925,0.15,1.0,0.513
4272,route,none,none,h30,-0.13636,0.0,0.0,0.37,10,-0.13636,0.0,0.0,0.376,h1-h32;h1-h30;h1-h31,h1-h32;h1-h30;h1-h31;h1-h33;h1-h34;h1-h35;h1-h36;h1-h37;h1-h38;h1-h39,h1-h32,2.7125,0.5,1.0,0.585,1,1.75825,0.15,1.0,0.513
4278,route,none,none,h30,-0.13636,0.0,0.0,0.37,10,-0.13636,0.0,0.0,0.376,h1-h32;h1-h30;h1-h31,h1-h32;h1-h30;h1-h31;h1-h33;h1-h34;h1-h35;h1-h36;h1-h37;h1-h38;h1-h39,h1-h32,2.7125,0.5,1.0,0.585,1,1.74925,0.15,1.0,0.513
4284,route,none,none,h30,-0.13636,0.0,0.0,0.37,10,-0.13636,0.0,0.0,0.376,h1-h32;h1-h30;h1-h31,h1-h32;h1-h30;h1-h31;h1-h33;h1-h34;h1-h35;h1-h36;h1-h37;h1-h38;h1-h39,h1-h32,2.6225,0.5,1.0,0.585,1,1.74025,0.15,1.0,0.513
4290,route,none,none,h30,-0.13636,0.0,0.0,0.37,10,-0.13636,0.0,0.0,0.376,h1-h32;h1-h30;h1-h31,h1-h32;h1-h30;h1-h31;h1-h33;h1-h34;h1-h35;h1-h36;h1-h37;h1-h38;h1-h39,h1-h32,2.6225,0.5,1.0,0.585,1,1.74025,0.15,1.0,0.513
4296,route,none,none,h30,-0.13636,0.0,0.0,0.37,10,-0.13636,0.0,0.0,0.376,h1-h32;h1-h30;h1-h31,h1-h32;h1-h30;h1-h31;h1-h33;h1-h34;h1-h35;h1-h36;h1-h37;h1-h38;h1-h39,h1-h32,2.7125,0.5,1.0,0.585,1,1.74925,0.15,1.0,0.513
4302,route,none,none,h30,-0.13636,0.0,0.0,0.37,10,-0.13636,0.0,0.0,0.376,h1-h32;h1-h30;h1-h31,h1-h32;h1-h30;h1-h31;h1-h33;h1-h34;h1-h35;h1-h36;h1-h37;h1-h38;h1-h39,h1-h32,2.6225,0.5,1.0,0.585,1,1.74025,0.15,1.0,0.513
4308,route,none,none,h30,-0.13636,0.0,0.0,0.37,10,-0.13636,0.0,0.0,0.376,h1-h32;h1-h30;h1-h31,h1-h32;h1-h30;h1-h31;h1-h33;h1-h34;h1-h35;h1-h36;h1-h37;h1-h38;h1-h39,h1-h32,2.6225,0.5,1.0,0.585,1,1.74025,0.15,1.0,0.513
4314,route,none,none,h30,-0.13636,0.0,0.0,0.37,10,-0.13636,0.0,0.0,0.376,h1-h32;h1-h30;h1-h31,h1-h32;h1-h30;h1-h31;h1-h33;h1-h34;h1-h35;h1-h36;h1-h37;h1-h38;h1-h39,h1-h32,2.7125,0.5,1.0,0.585,1,1.74925,0.15,1.0,0.513
4320,route,none,none,h30,-0.13636,0.0,0.0,0.46,10,-0.13636,0.0,0.0,0.4,h1-h32;h1-h30;h1-h31,h1-h32;h1-h30;h1-h31;h1-h33;h1-h34;h1-h35;h1-h36;h1-h37;h1-h38;h1-h39,h1-h32,2.6225,0.5,1.0,0.585,1,1.747,0.15,1.0,0.525
4326,route,none,none,h30,-0.13636,0.0,0.0,0.46,10,-0.13636,0.0,0.0,0.4,h1-h32;h1-h30;h1-h31,h1-h32;h1-h30;h1-h31;h1-h33;h1-h34;h1-h35;h1-h36;h1-h37;h1-h38;h1-h39,h1-h32,2.7125,0.5,1.0,0.585,1,1.756,0.15,1.0,0.525
4332,route,none,none,h30,-0.13636,0.0,0.0,0.46,10,-0.13636,0.0,0.0,0.4,h1-h32;h1-h30;h1-h31,h1-h32;h1-h30;h1-h31;h1-h33;h1-h34;h1-h35;h1-h36;h1-h37;h1-h38;h1-h39,h1-h32,2.7125,0.5,1.0,0.585,1,1.765,0.15,1.0,0.525
4338,route,none,none,h30,-0.13636,0.0,0.0,0.46,10,-0.13636,0.0,0.0,0.4,h1-h30;h1-h32;h1-h31,h1-h30;h1-h32;h1-h31;h1-h33;h1-h34;h1-h35;h1-h36;h1-h37;h1-h38;h1-h39,h1-h30,2.6675,0.5,1.0,0.555,1,1.756,0.15,1.0,0.525
4344,route,none,none,h30,-0.13636,0.0,0.0,0.46,10,-0.13636,0.0,0.0,0.4,h1-h32;h1-h30;h1-h31,h1-h32;h1-h30;h1-h31;h1-h33;h1-h34;h1-h35;h1-h36;h1-h37;h1-h38;h1-h39,h1-h32,2.6225,0.5,1.0,0.585,1,1.756,0.15,1.0,0.525
4350,route,none,none,h30,-0.13636,0.0,0.0,0.46,10,-0.13636,0.0,0.0,0.4,h1-h32;h1-h30;h1-h31,h1-h32;h1-h30;h1-h31;h1-h33;h1-h34;h1-h35;h1-h36;h1-h37;h1-h38;h1-h39,h1-h32,2.7125,0.5,1.0,0.585,1,1.765,0.15,1.0,0.525
4356,route,none,none,h30,-0.13636,0.0,0.0,0.46,10,-0.13636,0.0,0.0,0.4,h1-h32;h1-h30;h1-h31,h1-h32;h1-h30;h1-h31;h1-h33;h1-h34;h1-h35;h1-h36;h1-h37;h1-h38;h1-h39,h1-h32,2.6225,0.5,1.0,0.585,1,1.756,0.15,1.0,0.525
4362,route,none,none,h30,-0.13636,0.0,0.0,0.46,10,-0.13636,0.0,0.0,0.4,h1-h32;h1-h30;h1-h31,h1-h32;h1-h30;h1-h31;h1-h33;h1-h34;h1-h35;h1-h36;h1-h37;h1-h38;h1-h39,h1-h32,2.6225,0.5,1.0,0.585,1,1.747,0.15,1.0,0.525
4368,route,none,none,h30,-0.13636,0.0,0.0,0.46,10,-0.13636,0.0,0.0,0.4,h1-h32;h1-h30;h1-h31,h1-h32;h1-h30;h1-h31;h1-h33;h1-h34;h1-h35;h1-h36;h1-h37;h1-h38;h1-h39,h1-h32,2.7125,0.5,1.0,0.585,1,1.756,0.15,1.0,0.525
4374,route,none,none,h30,-0.13636,0.0,0.0,0.46,10,-0.13636,0.0,0.0,0.4,h1-h32;h1-h30;h1-h31,h1-h32;h1-h30;h1-h31;h1-h33;h1-h34;h1-h35;h1-h36;h1-h37;h1-h38;h1-h39,h1-h32,2.6225,0.5,1.0,0.585,1,1.747,0.15,1.0,0.525
4380,route,none,none,h30,-0.13636,0.0,0.0,0.46,10,-0.13636,0.0,0.0,0.4,h1-h32;h1-h30;h1-h31,h1-h32;h1-h30;h1-h31;h1-h33;h1-h34;h1-h35;h1-h36;h1-h37;h1-h38;h1-h39,h1-h32,2.6225,0.5,1.0,0.585,1,1.747,0.15,1.0,0.525
4386,route,none,none,h30,-0.13636,0.0,0.0,0.46,10,-0.13636,0.0,0.0,0.4,h1-h32;h1-h30;h1-h31,h1-h32;h1-h30;h1-h31;h1-h33;h1-h34;h1-h35;h1-h36;h1-h37;h1-h38;h1-h39,h1-h32,2.6225,0.5,1.0,0.585,1,1.7595,0.15,1.0,0.525
4392,route,none,none,h30,-0.13636,0.0,0.0,0.46,10,-0.13636,0.0,0.0,0.4,h1-h30;h1-h32;h1-h31,h1-h30;h1-h32;h1-h31;h1-h33;h1-h34;h1-h35;h1-h36;h1-h37;h1-h38;h1-h39,h1-h30,2.6675,0.5,1.0,0.555,1,1.756,0.15,1.0,0.525
4398,route,none,none,h30,-0.13636,0.0,0.0,0.46,10,-0.13636,0.0,0.0,0.4,h1-h32;h1-h30;h1-h31,h1-h32;h1-h30;h1-h31;h1-h33;h1-h34;h1-h35;h1-h36;h1-h37;h1-h38;h1-h39,h1-h32,2.7125,0.5,1.0,0.585,1,1.765,0.15,1.0,0.525
4404,route,none,none,h30,-0.13636,0.0,0.0,0.46,10,-0.13636,0.0,0.0,0.4,h1-h32;h1-h30;h1-h31,h1-h32;h1-h30;h1-h31;h1-h33;h1-h34;h1-h35;h1-h36;h1-h37;h1-h38;h1-h39,h1-h32,2.6225,0.5,1.0,0.585,1,1.756,0.15,1.0,0.525
4410,route,none,none,h30,-0.13636,0.0,0.0,0.46,10,-0.13636,0.0,0.0,0.4,h1-h32;h1-h30;h1-h31,h1-h32;h1-h30;h1-h31;h1-h33;h1-h34;h1-h35;h1-h36;h1-h37;h1-h38;h1-h39,h1-h32,2.7125,0.5,1.0,0.585,1,1.765,0.15,1.0,0.525
4416,route,none,none,h30,-0.13636,0.0,0.0,0.46,10,-0.13636,0.0,0.0,0.4,h1-h32;h1-h30;h1-h31,h1-h32;h1-h30;h1-h31;h1-h33;h1-h34;h1-h35;h1-h36;h1-h37;h1-h38;h1-h39,h1-h32,2.6225,0.5,1.0,0.585,1,1.747,0.15,1.0,0.525
4422,route,none,none,h30,-0.13636,0.0,0.0,0.46,10,-0.13636,0.0,0.0,0.4,h1-h32;h1-h30;h1-h31,h1-h32;h1-h30;h1-h31;h1-h33;h1-h34;h1-h35;h1-h36;h1-h37;h1-h38;h1-h39,h1-h32,2.6225,0.5,1.0,0.585,1,1.756,0.15,1.0,0.525
4428,route,none,none,h30,-0.13636,0.0,0.0,0.46,10,-0.13636,0.0,0.0,0.4,h1-h32;h1-h30;h1-h31,h1-h32;h1-h30;h1-h31;h1-h33;h1-h34;h1-h35;h1-h36;h1-h37;h1-h38;h1-h39,h1-h32,2.6225,0.5,1.0,0.585,1,1.747,0.15,1.0,0.525
4434,route,none,none,h30,-0.13636,0.0,0.0,0.46,10,-0.13636,0.0,0.0,0.4,h1-h32;h1-h30;h1-h31,h1-h32;h1-h30;h1-h31;h1-h33;h1-h34;h1-h35;h1-h36;h1-h37;h1-h38;h1-h39,h1-h32,2.6225,0.5,1.0,0.585,1,1.756,0.15,1.0,0.525
4440,route,none,none,h30,-0.13636,0.0,0.0,0.46,10,-0.13636,0.0,0.0,0.4,h1-h32;h1-h30;h1-h31,h1-h32;h1-h30;h1-h31;h1-h33;h1-h34;h1-h35;h1-h36;h1-h37;h1-h38;h1-h39,h1-h32,2.6225,0.5,1.0,0.585,1,1.747,0.15,1.0,0.525
4446,route,none,none,h30,-0.13636,0.0,0.0,0.46,10,-0.13636,0.0,0.0,0.4,h1-h32;h1-h30;h1-h31,h1-h32;h1-h30;h1-h31;h1-h33;h1-h34;h1-h35;h1-h36;h1-h37;h1-h38;h1-h39,h1-h32,2.7125,0.5,1.0,0.585,1,1.765,0.15,1.0,0.525
4452,route,none,none,h30,-0.13636,0.0,0.0,0.46,10,-0.13636,0.0,0.0,0.4,h1-h30;h1-h32;h1-h31,h1-h30;h1-h32;h1-h31;h1-h33;h1-h34;h1-h35;h1-h36;h1-h37;h1-h38;h1-h39,h1-h30,2.6675,0.5,1.0,0.555,1,1.765,0.15,1.0,0.525
4458,route,none,none,h30,-0.13636,0.0,0.0,0.46,10,-0.13636,0.0,0.0,0.4,h1-h32;h1-h30;h1-h31,h1-h32;h1-h30;h1-h31;h1-h33;h1-h34;h1-h35;h1-h36;h1-h37;h1-h38;h1-h39,h1-h32,2.7125,0.5,1.0,0.585,1,1.765,0.15,1.0,0.525
4464,route,none,none,h30,-0.13636,0.0,0.0,0.46,10,-0.13636,0.0,0.0,0.4,h1-h30;h1-h32;h1-h31,h1-h30;h1-h32;h1-h31;h1-h33;h1-h34;h1-h35;h1-h36;h1-h37;h1-h38;h1-h39,h1-h30,2.6675,0.5,1.0,0.555,1,1.765,0.15,1.0,0.525
4470,route,none,none,h30,-0.13636,0.0,0.0,0.46,10,-0.13636,0.0,0.0,0.4,h1-h32;h1-h30;h1-h31,h1-h32;h1-h30;h1-h31;h1-h33;h1-h34;h1-h35;h1-h36;h1-h37;h1-h38;h1-h39,h1-h32,2.6225,0.5,1.0,0.585,1,1.756,0.15,1.0,0.525
4476,route,none,none,h30,-0.13636,0.0,0.0,0.46,10,-0.13636,0.0,0.0,0.4,h1-h30;h1-h32;h1-h31,h1-h30;h1-h32;h1-h31;h1-h33;h1-h34;h1-h35;h1-h36;h1-h37;h1-h38;h1-h39,h1-h30,2.6675,0.5,1.0,0.555,1,1.756,0.15,1.0,0.525
4482,route,none,none,h30,-0.13636,0.0,0.0,0.46,10,-0.13636,0.0,0.0,0.4,h1-h30;h1-h32;h1-h31,h1-h30;h1-h32;h1-h31;h1-h33;h1-h34;h1-h35;h1-h36;h1-h37;h1-h38;h1-h39,h1-h30,2.6675,0.5,1.0,0.555,1,1.765,0.15,1.0,0.525
4488,route,none,none,h30,-0.13636,0.0,0.0,0.46,10,-0.13636,0.0,0.0,0.4,h1-h30;h1-h32;h1-h31,h1-h30;h1-h32;h1-h31;h1-h33;h1-h34;h1-h35;h1-h36;h1-h37;h1-h38;h1-h39,h1-h30,2.6675,0.5,1.0,0.555,1,1.756,0.15,1.0,0.525
4494,route,none,none,h30,-0.13636,0.0,0.0,0.46,10,-0.13636,0.0,0.0,0.4,h1-h32;h1-h30;h1-h31,h1-h32;h1-h30;h1-h31;h1-h33;h1-h34;h1-h35;h1-h36;h1-h37;h1-h38;h1-h39,h1-h32,2.6225,0.5,1.0,0.585,1,1.747,0.15,1.0,0.525
4500,route,none,none,h30,-0.13636,0.0,0.0,0.46,10,-0.13636,0.0,0.0,0.4,h1-h32;h1-h30;h1-h31,h1-h32;h1-h30;h1-h31;h1-h33;h1-h34;h1-h35;h1-h36;h1-h37;h1-h38;h1-h39,h1-h32,2.6225,0.5,1.0,0.585,1,1.7595,0.15,1.0,0.525
4506,route,none,none,h30,-0.13636,0.0,0.0,0.46,10,-0.13636,0.0,0.0,0.4,h1-h30;h1-h32;h1-h31,h1-h30;h1-h32;h1-h31;h1-h33;h1-h34;h1-h35;h1-h36;h1-h37;h1-h38;h1-h39,h1-h30,2.6675,0.5,1.0,0.555,1,1.756,0.15,1.0,0.525
4512,route,none,none,h30,-0.13636,0.0,0.0,0.46,10,-0.13636,0.0,0.0,0.4,h1-h32;h1-h30;h1-h31,h1-h32;h1-h30;h1-h31;h1-h33;h1-h34;h1-h35;h1-h36;h1-h37;h1-h38;h1-h39,h1-h32,2.6225,0.5,1.0,0.585,1,1.747,0.15,1.0,0.525
4518,route,none,none,h30,-0.13636,0.0,0.0,0.46,10,-0.13636,0.0,0.0,0.4,h1-h30;h1-h32;h1-h31,h1-h30;h1-h32;h1-h31;h1-h33;h1-h34;h1-h35;h1-h36;h1-h37;h1-h38;h1-h39,h1-h30,2.6675,0.5,1.0,0.555,1,1.756,0.15,1.0,0.525
4524,route,none,none,h30,-0.13636,0.0,0.0,0.46,10,-0.13636,0.0,0.0,0.4,h1-h32;h1-h30;h1-h31,h1-h32;h1-h30;h1-h31;h1-h33;h1-h34;h1-h35;h1-h36;h1-h37;h1-h38;h1-h39,h1-h32,2.7125,0.5,1.0,0.585,1,1.774,0.15,1.0,0.525
4530,route,none,none,h30,-0.13636,0.0,0.0,0.46,10,-0.13636,0.0,0.0,0.4,h1-h32;h1-h30;h1-h31,h1-h32;h1-h30;h1-h31;h1-h33;h1-h34;h1-h35;h1-h36;h1-h37;h1-h38;h1-h39,h1-h32,2.7125,0.5,1.0,0.585,1,1.756,0.15,1.0,0.525
4536,route,none,none,h30,-0.13636,0.0,0.0,0.46,10,-0.13636,0.0,0.0,0.4,h1-h30;h1-h32;h1-h31,h1-h30;h1-h32;h1-h31;h1-h33;h1-h34;h1-h35;h1-h36;h1-h37;h1-h38;h1-h39,h1-h30,2.6675,0.5,1.0,0.555,1,1.756,0.15,1.0,0.525
4542,route,none,none,h30,-0.13636,0.0,0.0,0.46,10,-0.13636,0.0,0.0,0.4,h1-h30;h1-h32;h1-h31,h1-h30;h1-h32;h1-h31;h1-h33;h1-h34;h1-h35;h1-h36;h1-h37;h1-h38;h1-h39,h1-h30,2.6675,0.5,1.0,0.555,1,1.765,0.15,1.0,0.525
4548,route,none,none,h30,-0.13636,0.0,0.0,0.46,10,-0.13636,0.0,0.0,0.4,h1-h32;h1-h30;h1-h31,h1-h32;h1-h30;h1-h31;h1-h33;h1-h34;h1-h35;h1-h36;h1-h37;h1-h38;h1-h39,h1-h32,2.7125,0.5,1.0,0.585,1,1.765,0.15,1.0,0.525
4554,route,none,none,h30,-0.13636,0.0,0.0,0.46,10,-0.13636,0.0,0.0,0.4,h1-h32;h1-h30;h1-h31,h1-h32;h1-h30;h1-h31;h1-h33;h1-h34;h1-h35;h1-h36;h1-h37;h1-h38;h1-h39,h1-h32,2.6225,0.5,1.0,0.585,1,1.747,0.15,1.0,0.525
4560,route,none,none,h30,-0.13636,0.0,0.0,0.46,10,-0.13636,0.0,0.0,0.4,h1-h32;h1-h30;h1-h31,h1-h32;h1-h30;h1-h31;h1-h33;h1-h34;h1-h35;h1-h36;h1-h37;h1-h38;h1-h39,h1-h32,2.7125,0.5,1.0,0.585,1,1.774,0.15,1.0,0.525
4566,route,none,none,h30,-0.13636,0.0,0.0,0.46,10,-0.13636,0.0,0.0,0.4,h1-h32;h1-h30;h1-h31,h1-h32;h1-h30;h1-h31;h1-h33;h1-h34;h1-h35;h1-h36;h1-h37;h1-h38;h1-h39,h1-h32,2.6225,0.5,1.0,0.585,1,1.756,0.15,1.0,0.525
4572,route,none,none,h30,-0.13636,0.0,0.0,0.46,10,-0.13636,0.0,0.0,0.4,h1-h32;h1-h30;h1-h31,h1-h32;h1-h30;h1-h31;h1-h33;h1-h34;h1-h35;h1-h36;h1-h37;h1-h38;h1-h39,h1-h32,2.6225,0.5,1.0,0.585,1,1.747,0.15,1.0,0.525
4578,route,none,none,h30,-0.13636,0.0,0.0,0.46,10,-0.13636,0.0,0.0,0.4,h1-h32;h1-h30;h1-h31,h1-h32;h1-h30;h1-h31;h1-h33;h1-h34;h1-h35;h1-h36;h1-h37;h1-h38;h1-h39,h1-h32,2.6225,0.5,1.0,0.585,1,1.747,0.15,1.0,0.525
4584,route,none,none,h30,-0.13636,0.0,0.0,0.46,10,-0.13636,0.0,0.0,0.4,h1-h32;h1-h30;h1-h31,h1-h32;h1-h30;h1-h31;h1-h33;h1-h34;h1-h35;h1-h36;h1-h37;h1-h38;h1-h39,h1-h32,2.6225,0.5,1.0,0.585,1,1.7595,0.15,1.0,0.525
4590,route,none,none,h30,-0.13636,0.0,0.0,0.46,10,-0.13636,0.0,0.0,0.4,h1-h32;h1-h30;h1-h31,h1-h32;h1-h30;h1-h31;h1-h33;h1-h34;h1-h35;h1-h36;h1-h37;h1-h38;h1-h39,h1-h32,2.6225,0.5,1.0,0.585,1,1.747,0.15,1.0,0.525
4596,route,none,none,h30,-0.13636,0.0,0.0,0.46,10,-0.13636,0.0,0.0,0.4,h1-h32;h1-h30;h1-h31,h1-h32;h1-h30;h1-h31;h1-h33;h1-h34;h1-h35;h1-h36;h1-h37;h1-h38;h1-h39,h1-h32,2.6225,0.5,1.0,0.585,1,1.756,0.15,1.0,0.525
4602,route,none,none,h30,-0.13636,0.0,0.0,0.46,10,-0.13636,0.0,0.0,0.4,h1-h30;h1-h32;h1-h31,h1-h30;h1-h32;h1-h31;h1-h33;h1-h34;h1-h35;h1-h36;h1-h37;h1-h38;h1-h39,h1-h30,2.6675,0.5,1.0,0.555,1,1.765,0.15,1.0,0.525
4608,route,none,none,h30,-0.13636,0.0,0.0,0.46,10,-0.13636,0.0,0.0,0.4,h1-h32;h1-h30;h1-h31,h1-h32;h1-h30;h1-h31;h1-h33;h1-h34;h1-h35;h1-h36;h1-h37;h1-h38;h1-h39,h1-h32,2.7125,0.5,1.0,0.585,1,1.765,0.15,1.0,0.525
4614,route,none,none,h30,-0.13636,0.0,0.0,0.46,10,-0.13636,0.0,0.0,0.4,h1-h30;h1-h32;h1-h31,h1-h30;h1-h32;h1-h31;h1-h33;h1-h34;h1-h35;h1-h36;h1-h37;h1-h38;h1-h39,h1-h30,2.6675,0.5,1.0,0.555,1,1.756,0.15,1.0,0.525
4620,route,none,none,h30,-0.13636,0.0,0.0,0.46,10,-0.13636,0.0,0.0,0.4,h1-h32;h1-h30;h1-h31,h1-h32;h1-h30;h1-h31;h1-h33;h1-h34;h1-h35;h1-h36;h1-h37;h1-h38;h1-h39,h1-h32,2.6225,0.5,1.0,0.585,1,1.747,0.15,1.0,0.525
4626,route,none,none,h30,-0.13636,0.0,0.0,0.46,10,-0.13636,0.0,0.0,0.4,h1-h30;h1-h32;h1-h31,h1-h30;h1-h32;h1-h31;h1-h33;h1-h34;h1-h35;h1-h36;h1-h37;h1-h38;h1-h39,h1-h30,2.6675,0.5,1.0,0.555,1,1.765,0.15,1.0,0.525
4632,route,none,none,h30,-0.13636,0.0,0.0,0.46,10,-0.13636,0.0,0.0,0.4,h1-h32;h1-h30;h1-h31,h1-h32;h1-h30;h1-h31;h1-h33;h1-h34;h1-h35;h1-h36;h1-h37;h1-h38;h1-h39,h1-h32,2.6225,0.5,1.0,0.585,1,1.747,0.15,1.0,0.525
4638,route,none,none,h30,-0.13636,0.0,0.0,0.46,10,-0.13636,0.0,0.0,0.4,h1-h32;h1-h30;h1-h31,h1-h32;h1-h30;h1-h31;h1-h33;h1-h34;h1-h35;h1-h36;h1-h37;h1-h38;h1-h39,h1-h32,2.7125,0.5,1.0,0.585,1,1.765,0.15,1.0,0.525
4644,route,none,none,h30,-0.13636,0.0,0.0,0.46,10,-0.13636,0.0,0.0,0.4,h1-h32;h1-h30;h1-h31,h1-h32;h1-h30;h1-h31;h1-h33;h1-h34;h1-h35;h1-h36;h1-h37;h1-h38;h1-h39,h1-h32,2.7125,0.5,1.0,0.585,1,1.774,0.15,1.0,0.525
4650,route,none,none,h30,-0.13636,0.0,0.0,0.46,10,-0.13636,0.0,0.0,0.4,h1-h32;h1-h30;h1-h31,h1-h32;h1-h30;h1-h31;h1-h33;h1-h34;h1-h35;h1-h36;h1-h37;h1-h38;h1-h39,h1-h32,2.6225,0.5,1.0,0.585,1,1.756,0.15,1.0,0.525
4656,route,none,none,h30,-0.13636,0.0,0.0,0.46,10,-0.13636,0.0,0.0,0.4,h1-h30;h1-h32;h1-h31,h1-h30;h1-h32;h1-h31;h1-h33;h1-h34;h1-h35;h1-h36;h1-h37;h1-h38;h1-h39,h1-h30,2.6675,0.5,1.0,0.555,1,1.756,0.15,1.0,0.525
4662,route,none,none,h30,-0.13636,0.0,0.0,0.46,10,-0.13636,0.0,0.0,0.4,h1-h32;h1-h30;h1-h31,h1-h32;h1-h30;h1-h31;h1-h33;h1-h34;h1-h35;h1-h36;h1-h37;h1-h38;h1-h39,h1-h32,2.7125,0.5,1.0,0.585,1,1.756,0.15,1.0,0.525
4668,route,none,none,h30,-0.13636,0.0,0.0,0.46,10,-0.13636,0.0,0.0,0.4,h1-h32;h1-h30;h1-h31,h1-h32;h1-h30;h1-h31;h1-h33;h1-h34;h1-h35;h1-h36;h1-h37;h1-h38;h1-h39,h1-h32,2.6225,0.5,1.0,0.585,1,1.747,0.15,1.0,0.525
4674,route,none,none,h30,-0.13636,0.0,0.0,0.46,10,-0.13636,0.0,0.0,0.4,h1-h30;h1-h32;h1-h31,h1-h30;h1-h32;h1-h31;h1-h33;h1-h34;h1-h35;h1-h36;h1-h37;h1-h38;h1-h39,h1-h30,2.6675,0.5,1.0,0.555,1,1.765,0.15,1.0,0.525
4680,route,none,none,h30,-0.13636,0.0,0.0,0.28,10,-0.13636,0.0,0.0,0.391,h1-h32;h1-h30;h1-h31,h1-h32;h1-h30;h1-h31;h1-h33;h1-h34;h1-h35;h1-h36;h1-h37;h1-h38;h1-h39,h1-h32,2.7125,0.5,1.0,0.585,1,1.7425,0.15,1.0,0.5205
4686,route,none,none,h30,-0.13636,0.0,0.0,0.28,10,-0.13636,0.0,0.0,0.391,h1-h32;h1-h30;h1-h31,h1-h32;h1-h30;h1-h31;h1-h33;h1-h34;h1-h35;h1-h36;h1-h37;h1-h38;h1-h39,h1-h32,2.7125,0.5,1.0,0.585,1,1.7605,0.15,1.0,0.5205
4692,route,none,none,h30,-0.13636,0.0,0.0,0.28,10,-0.13636,0.0,0.0,0.391,h1-h32;h1-h30;h1-h31,h1-h32;h1-h30;h1-h31;h1-h33;h1-h34;h1-h35;h1-h36;h1-h37;h1-h38;h1-h39,h1-h32,2.8375,0.5,1.0,0.585,2,1.764,0.15,1.0,0.5205
4698,route,none,none,h30,-0.13636,0.0,0.0,0.28,10,-0.13636,0.0,0.0,0.391,h1-h32;h1-h30;h1-h31,h1-h32;h1-h30;h1-h31;h1-h33;h1-h34;h1-h35;h1-h36;h1-h37;h1-h38;h1-h39,h1-h32,2.8375,0.5,1.0,0.585,2,1.755,0.15,1.0,0.5205
4704,route,none,none,h30,-0.13636,0.0,0.0,0.28,10,-0.13636,0.0,0.0,0.391,h1-h32;h1-h30;h1-h31,h1-h32;h1-h30;h1-h31;h1-h33;h1-h34;h1-h35;h1-h36;h1-h37;h1-h38;h1-h39,h1-h32,2.6225,0.5,1.0,0.585,1,1.7425,0.15,1.0,0.5205
4710,route,none,none,h30,-0.13636,0.0,0.0,0.28,10,-0.13636,0.0,0.0,0.391,h1-h32;h1-h30;h1-h31,h1-h32;h1-h30;h1-h31;h1-h33;h1-h34;h1-h35;h1-h36;h1-h37;h1-h38;h1-h39,h1-h32,2.6225,0.5,1.0,0.585,1,1.7425,0.15,1.0,0.5205
4716,route,none,none,h30,-0.13636,0.0,0.0,0.28,10,-0.13636,0.0,0.0,0.391,h1-h32;h1-h30;h1-h31,h1-h32;h1-h30;h1-h31;h1-h33;h1-h34;h1-h35;h1-h36;h1-h37;h1-h38;h1-h39,h1-h32,2.7125,0.5,1.0,0.585,1,1.7425,0.15,1.0,0.5205
4722,route,none,none,h30,-0.13636,0.0,0.0,0.28,10,-0.13636,0.0,0.0,0.391,h1-h32;h1-h30;h1-h31,h1-h32;h1-h30;h1-h31;h1-h33;h1-h34;h1-h35;h1-h36;h1-h37;h1-h38;h1-h39,h1-h32,2.6225,0.5,1.0,0.585,1,1.7425,0.15,1.0,0.5205
4728,route,none,none,h30,-0.13636,0.0,0.0,0.28,10,-0.13636,0.0,0.0,0.391,h1-h32;h1-h30;h1-h31,h1-h32;h1-h30;h1-h31;h1-h33;h1-h34;h1-h35;h1-h36;h1-h37;h1-h38;h1-h39,h1-h32,2.6225,0.5,1.0,0.585,1,1.7335,0.15,1.0,0.5205
4734,route,none,none,h30,-0.13636,0.0,0.0,0.28,10,-0.13636,0.0,0.0,0.391,h1-h32;h1-h30;h1-h31,h1-h32;h1-h30;h1-h31;h1-h33;h1-h34;h1-h35;h1-h36;h1-h37;h1-h38;h1-h39,h1-h32,2.7125,0.5,1.0,0.585,1,1.755,0.15,1.0,0.5205
4740,route,none,none,h30,-0.13636,0.0,0.0,0.28,10,-0.13636,0.0,0.0,0.391,h1-h32;h1-h30;h1-h31,h1-h32;h1-h30;h1-h31;h1-h33;h1-h34;h1-h35;h1-h36;h1-h37;h1-h38;h1-h39,h1-h32,2.6225,0.5,1.0,0.585,1,1.7425,0.15,1.0,0.5205
4746,route,none,none,h30,-0.13636,0.0,0.0,0.28,10,-0.13636,0.0,0.0,0.391,h1-h32;h1-h30;h1-h31,h1-h32;h1-h30;h1-h31;h1-h33;h1-h34;h1-h35;h1-h36;h1-h37;h1-h38;h1-h39,h1-h32,2.6225,0.5,1.0,0.585,1,1.7335,0.15,1.0,0.5205
4752,route,none,none,h30,-0.13636,0.0,0.0,0.28,10,-0.13636,0.0,0.0,0.391,h1-h32;h1-h31;h1-h30,h1-h32;h1-h31;h1-h30;h1-h33;h1-h34;h1-h35;h1-h36;h1-h37;h1-h38;h1-h39,h1-h32,2.7125,0.5,1.0,0.585,1,1.755,0.15,1.0,0.5205
4758,route,none,none,h30,-0.13636,0.0,0.0,0.28,10,-0.13636,0.0,0.0,0.391,h1-h32;h1-h30;h1-h31,h1-h32;h1-h30;h1-h31;h1-h33;h1-h34;h1-h35;h1-h36;h1-h37;h1-h38;h1-h39,h1-h32,2.6225,0.5,1.0,0.585,1,1.7335,0.15,1.0,0.5205
4764,route,none,none,h30,-0.13636,0.0,0.0,0.28,10,-0.13636,0.0,0.0,0.391,h1-h32;h1-h30;h1-h31,h1-h32;h1-h30;h1-h31;h1-h33;h1-h34;h1-h35;h1-h36;h1-h37;h1-h38;h1-h39,h1-h32,2.6225,0.5,1.0,0.585,1,1.7335,0.15,1.0,0.5205
4770,route,none,none,h30,-0.13636,0.0,0.0,0.28,10,-0.13636,0.0,0.0,0.391,h1-h32;h1-h30;h1-h31,h1-h32;h1-h30;h1-h31;h1-h33;h1-h34;h1-h35;h1-h36;h1-h37;h1-h38;h1-h39,h1-h32,2.7125,0.5,1.0,0.585,1,1.7425,0.15,1.0,0.5205
4776,route,none,none,h30,-0.13636,0.0,0.0,0.28,10,-0.13636,0.0,0.0,0.391,h1-h32;h1-h30;h1-h31,h1-h32;h1-h30;h1-h31;h1-h33;h1-h34;h1-h35;h1-h36;h1-h37;h1-h38;h1-h39,h1-h32,2.6225,0.5,1.0,0.585,1,1.7425,0.15,1.0,0.5205
4782,route,none,none,h30,-0.13636,0.0,0.0,0.28,10,-0.13636,0.0,0.0,0.391,h1-h32;h1-h30;h1-h31,h1-h32;h1-h30;h1-h31;h1-h33;h1-h34;h1-h35;h1-h36;h1-h37;h1-h38;h1-h39,h1-h32,2.6225,0.5,1.0,0.585,1,1.7335,0.15,1.0,0.5205
4788,route,none,none,h30,-0.13636,0.0,0.0,0.28,10,-0.13636,0.0,0.0,0.391,h1-h32;h1-h30;h1-h31,h1-h32;h1-h30;h1-h31;h1-h33;h1-h34;h1-h35;h1-h36;h1-h37;h1-h38;h1-h39,h1-h32,2.6225,0.5,1.0,0.585,1,1.7425,0.15,1.0,0.5205
4794,route,none,none,h30,-0.13636,0.0,0.0,0.28,10,-0.13636,0.0,0.0,0.391,h1-h32;h1-h30;h1-h31,h1-h32;h1-h30;h1-h31;h1-h33;h1-h34;h1-h35;h1-h36;h1-h37;h1-h38;h1-h39,h1-h32,2.7125,0.5,1.0,0.585,1,1.7425,0.15,1.0,0.5205
4800,route,none,none,h30,-0.13636,0.0,0.0,0.28,10,-0.13636,0.0,0.0,0.391,h1-h32;h1-h30;h1-h31,h1-h32;h1-h30;h1-h31;h1-h33;h1-h34;h1-h35;h1-h36;h1-h37;h1-h38;h1-h39,h1-h32,2.6225,0.5,1.0,0.585,1,1.7425,0.15,1.0,0.5205
4806,route,none,none,h30,-0.13636,0.0,0.0,0.28,10,-0.13636,0.0,0.0,0.391,h1-h32;h1-h30;h1-h31,h1-h32;h1-h30;h1-h31;h1-h33;h1-h34;h1-h35;h1-h36;h1-h37;h1-h38;h1-h39,h1-h32,2.7125,0.5,1.0,0.585,1,1.7515,0.15,1.0,0.5205
4812,route,none,none,h30,-0.13636,0.0,0.0,0.28,10,-0.13636,0.0,0.0,0.391,h1-h32;h1-h31;h1-h30,h1-h32;h1-h31;h1-h30;h1-h33;h1-h34;h1-h35;h1-h36;h1-h37;h1-h38;h1-h39,h1-h32,2.6225,0.5,1.0,0.585,1,1.746,0.15,1.0,0.5205
4818,route,none,none,h30,-0.13636,0.0,0.0,0.28,10,-0.13636,0.0,0.0,0.391,h1-h32;h1-h30;h1-h31,h1-h32;h1-h30;h1-h31;h1-h33;h1-h34;h1-h35;h1-h36;h1-h37;h1-h38;h1-h39,h1-h32,2.7125,0.5,1.0,0.585,1,1.7515,0.15,1.0,0.5205
4824,route,none,none,h30,-0.13636,0.0,0.0,0.28,10,-0.13636,0.0,0.0,0.391,h1-h32;h1-h30;h1-h31,h1-h32;h1-h30;h1-h31;h1-h33;h1-h34;h1-h35;h1-h36;h1-h37;h1-h38;h1-h39,h1-h32,2.7125,0.5,1.0,0.585,1,1.7425,0.15,1.0,0.5205
4830,route,none,none,h30,-0.13636,0.0,0.0,0.28,10,-0.13636,0.0,0.0,0.391,h1-h32;h1-h30;h1-h31,h1-h32;h1-h30;h1-h31;h1-h33;h1-h34;h1-h35;h1-h36;h1-h37;h1-h38;h1-h39,h1-h32,2.6225,0.5,1.0,0.585,1,1.7425,0.15,1.0,0.5205
4836,route,none,none,h30,-0.13636,0.0,0.0,0.28,10,-0.13636,0.0,0.0,0.391,h1-h32;h1-h30;h1-h31,h1-h32;h1-h30;h1-h31;h1-h33;h1-h34;h1-h35;h1-h36;h1-h37;h1-h38;h1-h39,h1-h32,2.7125,0.5,1.0,0.585,1,1.7605,0.15,1.0,0.5205
4842,route,none,none,h30,-0.13636,0.0,0.0,0.28,10,-0.13636,0.0,0.0,0.391,h1-h32;h1-h30;h1-h31,h1-h32;h1-h30;h1-h31;h1-h33;h1-h34;h1-h35;h1-h36;h1-h37;h1-h38;h1-h39,h1-h32,2.7125,0.5,1.0,0.585,1,1.7425,0.15,1.0,0.5205
4848,route,none,none,h30,-0.13636,0.0,0.0,0.28,10,-0.13636,0.0,0.0,0.391,h1-h32;h1-h30;h1-h31,h1-h32;h1-h30;h1-h31;h1-h33;h1-h34;h1-h35;h1-h36;h1-h37;h1-h38;h1-h39,h1-h32,2.6225,0.5,1.0,0.585,1,1.7425,0.15,1.0,0.5205
4854,route,none,none,h30,-0.13636,0.0,0.0,0.28,10,-0.13636,0.0,0.0,0.391,h1-h32;h1-h30;h1-h31,h1-h32;h1-h30;h1-h31;h1-h33;h1-h34;h1-h35;h1-h36;h1-h37;h1-h38;h1-h39,h1-h32,2.7125,0.5,1.0,0.585,1,1.7425,0.15,1.0,0.5205
4860,route,none,none,h30,-0.13636,0.0,0.0,0.28,10,-0.13636,0.0,0.0,0.391,h1-h32;h1-h30;h1-h31,h1-h32;h1-h30;h1-h31;h1-h33;h1-h34;h1-h35;h1-h36;h1-h37;h1-h38;h1-h39,h1-h32,2.6225,0.5,1.0,0.585,1,1.7425,0.15,1.0,0.5205
4866,route,none,none,h30,-0.13636,0.0,0.0,0.28,10,-0.13636,0.0,0.0,0.391,h1-h32;h1-h30;h1-h31,h1-h32;h1-h30;h1-h31;h1-h33;h1-h34;h1-h35;h1-h36;h1-h37;h1-h38;h1-h39,h1-h32,2.6225,0.5,1.0,0.585,1,1.7425,0.15,1.0,0.5205
4872,route,none,none,h30,-0.13636,0.0,0.0,0.28,10,-0.13636,0.0,0.0,0.391,h1-h32;h1-h30;h1-h31,h1-h32;h1-h30;h1-h31;h1-h33;h1-h34;h1-h35;h1-h36;h1-h37;h1-h38;h1-h39,h1-h32,2.6225,0.5,1.0,0.585,1,1.7425,0.15,1.0,0.5205
4878,route,none,none,h30,-0.13636,0.0,0.0,0.28,10,-0.13636,0.0,0.0,0.391,h1-h32;h1-h30;h1-h31,h1-h32;h1-h30;h1-h31;h1-h33;h1-h34;h1-h35;h1-h36;h1-h37;h1-h38;h1-h39,h1-h32,2.6225,0.5,1.0,0.585,1,1.7425,0.15,1.0,0.5205
4884,route,none,none,h30,-0.13636,0.0,0.0,0.28,10,-0.13636,0.0,0.0,0.391,h1-h32;h1-h30;h1-h31,h1-h32;h1-h30;h1-h31;h1-h33;h1-h34;h1-h35;h1-h36;h1-h37;h1-h38;h1-h39,h1-h32,2.6225,0.5,1.0,0.585,1,1.7515,0.15,1.0,0.5205
4890,route,none,none,h30,-0.13636,0.0,0.0,0.28,10,-0.13636,0.0,0.0,0.391,h1-h32;h1-h30;h1-h31,h1-h32;h1-h30;h1-h31;h1-h33;h1-h34;h1-h35;h1-h36;h1-h37;h1-h38;h1-h39,h1-h32,2.6225,0.5,1.0,0.585,1,1.7425,0.15,1.0,0.5205
4896,route,none,none,h30,-0.13636,0.0,0.0,0.28,10,-0.13636,0.0,0.0,0.391,h1-h32;h1-h30;h1-h31,h1-h32;h1-h30;h1-h31;h1-h33;h1-h34;h1-h35;h1-h36;h1-h37;h1-h38;h1-h39,h1-h32,2.6225,0.5,1.0,0.585,1,1.7335,0.15,1.0,0.5205
4902,route,none,none,h30,-0.13636,0.0,0.0,0.28,10,-0.13636,0.0,0.0,0.391,h1-h32;h1-h30;h1-h31,h1-h32;h1-h30;h1-h31;h1-h33;h1-h34;h1-h35;h1-h36;h1-h37;h1-h38;h1-h39,h1-h32,2.6225,0.5,1.0,0.585,1,1.755,0.15,1.0,0.5205
4908,route,none,none,h30,-0.13636,0.0,0.0,0.28,10,-0.13636,0.0,0.0,0.391,h1-h32;h1-h30;h1-h31,h1-h32;h1-h30;h1-h31;h1-h33;h1-h34;h1-h35;h1-h36;h1-h37;h1-h38;h1-h39,h1-h32,2.7475,0.5,1.0,0.585,2,1.755,0.15,1.0,0.5205
4914,route,none,none,h30,-0.13636,0.0,0.0,0.28,10,-0.13636,0.0,0.0,0.391,h1-h32;h1-h30;h1-h31,h1-h32;h1-h30;h1-h31;h1-h33;h1-h34;h1-h35;h1-h36;h1-h37;h1-h38;h1-h39,h1-h32,2.6225,0.5,1.0,0.585,1,1.7335,0.15,1.0,0.5205
4920,route,none,none,h30,-0.13636,0.0,0.0,0.28,10,-0.13636,0.0,0.0,0.391,h1-h32;h1-h30;h1-h31,h1-h32;h1-h30;h1-h31;h1-h33;h1-h34;h1-h35;h1-h36;h1-h37;h1-h38;h1-h39,h1-h32,2.6225,0.5,1.0,0.585,1,1.7425,0.15,1.0,0.5205
4926,route,none,none,h30,-0.13636,0.0,0.0,0.28,10,-0.13636,0.0,0.0,0.391,h1-h32;h1-h30;h1-h31,h1-h32;h1-h30;h1-h31;h1-h33;h1-h34;h1-h35;h1-h36;h1-h37;h1-h38;h1-h39,h1-h32,2.7125,0.5,1.0,0.585,1,1.7605,0.15,1.0,0.5205
4932,route,none,none,h30,-0.13636,0.0,0.0,0.28,10,-0.13636,0.0,0.0,0.391,h1-h32;h1-h30;h1-h31,h1-h32;h1-h30;h1-h31;h1-h33;h1-h34;h1-h35;h1-h36;h1-h37;h1-h38;h1-h39,h1-h32,2.7125,0.5,1.0,0.585,1,1.7515,0.15,1.0,0.5205
4938,route,none,none,h30,-0.13636,0.0,0.0,0.28,10,-0.13636,0.0,0.0,0.391,h1-h32;h1-h30;h1-h31,h1-h32;h1-h30;h1-h31;h1-h33;h1-h34;h1-h35;h1-h36;h1-h37;h1-h38;h1-h39,h1-h32,2.6225,0.5,1.0,0.585,1,1.7425,0.15,1.0,0.5205
4944,route,none,none,h30,-0.13636,0.0,0.0,0.28,10,-0.13636,0.0,0.0,0.391,h1-h32;h1-h30;h1-h31,h1-h32;h1-h30;h1-h31;h1-h33;h1-h34;h1-h35;h1-h36;h1-h37;h1-h38;h1-h39,h1-h32,2.6225,0.5,1.0,0.585,1,1.7335,0.15,1.0,0.5205
4950,route,none,none,h30,-0.13636,0.0,0.0,0.28,10,-0.13636,0.0,0.0,0.391,h1-h32;h1-h30;h1-h31,h1-h32;h1-h30;h1-h31;h1-h33;h1-h34;h1-h35;h1-h36;h1-h37;h1-h38;h1-h39,h1-h32,2.6225,0.5,1.0,0.585,1,1.7425,0.15,1.0,0.5205
4956,route,none,none,h30,-0.13636,0.0,0.0,0.28,10,-0.13636,0.0,0.0,0.391,h1-h32;h1-h30;h1-h31,h1-h32;h1-h30;h1-h31;h1-h33;h1-h34;h1-h35;h1-h36;h1-h37;h1-h38;h1-h39,h1-h32,2.7125,0.5,1.0,0.585,1,1.7515,0.15,1.0,0.5205
4962,route,none,none,h30,-0.13636,0.0,0.0,0.28,10,-0.13636,0.0,0.0,0.391,h1-h32;h1-h30;h1-h31,h1-h32;h1-h30;h1-h31;h1-h33;h1-h34;h1-h35;h1-h36;h1-h37;h1-h38;h1-h39,h1-h32,2.7125,0.5,1.0,0.585,1,1.7515,0.15,1.0,0.5205
4968,route,none,none,h30,-0.13636,0.0,0.0,0.28,10,-0.13636,0.0,0.0,0.391,h1-h32;h1-h30;h1-h31,h1-h32;h1-h30;h1-h31;h1-h33;h1-h34;h1-h35;h1-h36;h1-h37;h1-h38;h1-h39,h1-h32,2.7125,0.5,1.0,0.585,1,1.7515,0.15,1.0,0.5205
4974,route,none,none,h30,-0.13636,0.0,0.0,0.28,10,-0.13636,0.0,0.0,0.391,h1-h32;h1-h30;h1-h31,h1-h32;h1-h30;h1-h31;h1-h33;h1-h34;h1-h35;h1-h36;h1-h37;h1-h38;h1-h39,h1-h32,2.7125,0.5,1.0,0.585,1,1.7605,0.15,1.0,0.5205
4980,route,none,none,h30,-0.13636,0.0,0.0,0.28,10,-0.13636,0.0,0.0,0.391,h1-h32;h1-h30;h1-h31,h1-h32;h1-h30;h1-h31;h1-h33;h1-h34;h1-h35;h1-h36;h1-h37;h1-h38;h1-h39,h1-h32,2.6225,0.5,1.0,0.585,1,1.7335,0.15,1.0,0.5205
4986,route,none,none,h30,-0.13636,0.0,0.0,0.28,10,-0.13636,0.0,0.0,0.391,h1-h32;h1-h30;h1-h31,h1-h32;h1-h30;h1-h31;h1-h33;h1-h34;h1-h35;h1-h36;h1-h37;h1-h38;h1-h39,h1-h32,2.6225,0.5,1.0,0.585,1,1.7335,0.15,1.0,0.5205
4992,route,none,none,h30,-0.13636,0.0,0.0,0.28,10,-0.13636,0.0,0.0,0.391,h1-h32;h1-h30;h1-h31,h1-h32;h1-h30;h1-h31;h1-h33;h1-h34;h1-h35;h1-h36;h1-h37;h1-h38;h1-h39,h1-h32,2.6225,0.5,1.0,0.585,1,1.7425,0.15,1.0,0.5205
4998,route,none,none,h30,-0.13636,0.0,0.0,0.28,10,-0.13636,0.0,0.0,0.391,h1-h32;h1-h30;h1-h31,h1-h32;h1-h30;h1-h31;h1-h33;h1-h34;h1-h35;h1-h36;h1-h37;h1-h38;h1-h39,h1-h32,2.7125,0.5,1.0,0.585,1,1.7515,0.15,1.0,0.5205
5004,route,none,none,h30,-0.13636,0.0,0.0,0.28,10,-0.13636,0.0,0.0,0.391,h1-h32;h1-h30;h1-h31,h1-h32;h1-h30;h1-h31;h1-h33;h1-h34;h1-h35;h1-h36;h1-h37;h1-h38;h1-h39,h1-h32,2.6225,0.5,1.0,0.585,1,1.7335,0.15,1.0,0.5205
5010,route,none,none,h30,-0.13636,0.0,0.0,0.28,10,-0.13636,0.0,0.0,0.391,h1-h32;h1-h31;h1-h30,h1-h32;h1-h31;h1-h30;h1-h33;h1-h34;h1-h35;h1-h36;h1-h37;h1-h38;h1-h39,h1-h32,2.6225,0.5,1.0,0.585,1,1.746,0.15,1.0,0.5205
5016,route,none,none,h30,-0.13636,0.0,0.0,0.28,10,-0.13636,0.0,0.0,0.391,h1-h32;h1-h30;h1-h31,h1-h32;h1-h30;h1-h31;h1-h33;h1-h34;h1-h35;h1-h36;h1-h37;h1-h38;h1-h39,h1-h32,2.6225,0.5,1.0,0.585,1,1.7515,0.15,1.0,0.5205
5022,route,none,none,h30,-0.13636,0.0,0.0,0.28,10,-0.13636,0.0,0.0,0.391,h1-h32;h1-h30;h1-h31,h1-h32;h1-h30;h1-h31;h1-h33;h1-h34;h1-h35;h1-h36;h1-h37;h1-h38;h1-h39,h1-h32,2.6225,0.5,1.0,0.585,1,1.7335,0.15,1.0,0.5205
5028,route,none,none,h30,-0.13636,0.0,0.0,0.28,10,-0.13636,0.0,0.0,0.391,h1-h32;h1-h30;h1-h31,h1-h32;h1-h30;h1-h31;h1-h33;h1-h34;h1-h35;h1-h36;h1-h37;h1-h38;h1-h39,h1-h32,2.6225,0.5,1.0,0.585,1,1.7425,0.15,1.0,0.5205
5034,route,none,none,h30,-0.13636,0.0,0.0,0.28,10,-0.13636,0.0,0.0,0.391,h1-h32;h1-h30;h1-h31,h1-h32;h1-h30;h1-h31;h1-h33;h1-h34;h1-h35;h1-h36;h1-h37;h1-h38;h1-h39,h1-h32,2.6225,0.5,1.0,0.585,1,1.7425,0.15,1.0,0.5205
5040,route,none,none,h30,-0.13636,0.0,0.0,0.58,10,-0.13636,0.0,0.0,0.454,h1-h30;h1-h32;h1-h31,h1-h30;h1-h32;h1-h31;h1-h33;h1-h34;h1-h35;h1-h36;h1-h37;h1-h38;h1-h39,h1-h30,2.6675,0.5,1.0,0.615,1,1.7685,0.15,1.0,0.552
5046,route,none,none,h30,-0.13636,0.0,0.0,0.58,10,-0.13636,0.0,0.0,0.454,h1-h30;h1-h32;h1-h31,h1-h30;h1-h32;h1-h31;h1-h33;h1-h34;h1-h35;h1-h36;h1-h37;h1-h38;h1-h39,h1-h30,2.7575,0.5,1.0,0.615,1,1.774,0.15,1.0,0.552
5052,route,none,none,h30,-0.13636,0.0,0.0,0.58,10,-0.13636,0.0,0.0,0.454,h1-h30;h1-h32;h1-h31,h1-h30;h1-h32;h1-h31;h1-h33;h1-h34;h1-h35;h1-h36;h1-h37;h1-h38;h1-h39,h1-h30,2.7575,0.5,1.0,0.615,1,1.774,0.15,1.0,0.552
5058,route,none,none,h30,-0.13636,0.0,0.0,0.58,10,-0.13636,0.0,0.0,0.454,h1-h30;h1-h32;h1-h31,h1-h30;h1-h32;h1-h31;h1-h33;h1-h34;h1-h35;h1-h36;h1-h37;h1-h38;h1-h39,h1-h30,2.6675,0.5,1.0,0.615,1,1.765,0.15,1.0,0.552
5064,route,none,none,h30,-0.13636,0.0,0.0,0.58,10,-0.13636,0.0,0.0,0.454,h1-h30;h1-h32;h1-h31,h1-h30;h1-h32;h1-h31;h1-h33;h1-h34;h1-h35;h1-h36;h1-h37;h1-h38;h1-h39,h1-h30,2.7575,0.5,1.0,0.615,1,1.765,0.15,1.0,0.552
5070,route,none,none,h30,-0.13636,0.0,0.0,0.58,10,-0.13636,0.0,0.0,0.454,h1-h30;h1-h32;h1-h31,h1-h30;h1-h32;h1-h31;h1-h33;h1-h34;h1-h35;h1-h36;h1-h37;h1-h38;h1-h39,h1-h30,2.6675,0.5,1.0,0.615,1,1.756,0.15,1.0,0.552
5076,route,none,none,h30,-0.13636,0.0,0.0,0.58,10,-0.13636,0.0,0.0,0.454,h1-h30;h1-h32;h1-h31,h1-h30;h1-h32;h1-h31;h1-h33;h1-h34;h1-h35;h1-h36;h1-h37;h1-h38;h1-h39,h1-h30,2.6675,0.5,1.0,0.615,1,1.765,0.15,1.0,0.552
5082,route,none,none,h30,-0.13636,0.0,0.0,0.58,10,-0.13636,0.0,0.0,0.454,h1-h30;h1-h32;h1-h31,h1-h30;h1-h32;h1-h31;h1-h33;h1-h34;h1-h35;h1-h36;h1-h37;h1-h38;h1-h39,h1-h30,2.7575,0.5,1.0,0.615,1,1.765,0.15,1.0,0.552
5088,route,none,none,h30,-0.13636,0.0,0.0,0.58,10,-0.13636,0.0,0.0,0.454,h1-h30;h1-h32;h1-h31,h1-h30;h1-h32;h1-h31;h1-h33;h1-h34;h1-h35;h1-h36;h1-h37;h1-h38;h1-h39,h1-h30,2.7575,0.5,1.0,0.615,1,1.765,0.15,1.0,0.552
5094,route,none,none,h30,-0.13636,0.0,0.0,0.58,10,-0.13636,0.0,0.0,0.454,h1-h30;h1-h32;h1-h31,h1-h30;h1-h32;h1-h31;h1-h33;h1-h34;h1-h35;h1-h36;h1-h37;h1-h38;h1-h39,h1-h30,2.6675,0.5,1.0,0.615,1,1.765,0.15,1.0,0.552
5100,route,none,none,h30,-0.13636,0.0,0.0,0.58,10,-0.13636,0.0,0.0,0.454,h1-h30;h1-h32;h1-h31,h1-h30;h1-h32;h1-h31;h1-h33;h1-h34;h1-h35;h1-h36;h1-h37;h1-h38;h1-h39,h1-h30,2.6675,0.5,1.0,0.615,1,1.756,0.15,1.0,0.552
5106,route,none,none,h30,-0.13636,0.0,0.0,0.58,10,-0.13636,0.0,0.0,0.454,h1-h32;h1-h30;h1-h31,h1-h32;h1-h30;h1-h31;h1-h33;h1-h34;h1-h35;h1-h36;h1-h37;h1-h38;h1-h39,h1-h32,2.7125,0.5,1.0,0.585,1,1.774,0.15,1.0,0.552
5112,route,none,none,h30,-0.13636,0.0,0.0,0.58,10,-0.13636,0.0,0.0,0.454,h1-h30;h1-h32;h1-h31,h1-h30;h1-h32;h1-h31;h1-h33;h1-h34;h1-h35;h1-h36;h1-h37;h1-h38;h1-h39,h1-h30,2.7575,0.5,1.0,0.615,1,1.774,0.15,1.0,0.552
5118,route,none,none,h30,-0.13636,0.0,0.0,0.58,10,-0.13636,0.0,0.0,0.454,h1-h30;h1-h32;h1-h31,h1-h30;h1-h32;h1-h31;h1-h33;h1-h34;h1-h35;h1-h36;h1-h37;h1-h38;h1-h39,h1-h30,2.6675,0.5,1.0,0.615,1,1.765,0.15,1.0,0.552
5124,route,none,none,h30,-0.13636,0.0,0.0,0.58,10,-0.13636,0.0,0.0,0.454,h1-h30;h1-h32;h1-h31,h1-h30;h1-h32;h1-h31;h1-h33;h1-h34;h1-h35;h1-h36;h1-h37;h1-h38;h1-h39,h1-h30,2.7575,0.5,1.0,0.615,1,1.765,0.15,1.0,0.552
5130,route,none,none,h30,-0.13636,0.0,0.0,0.58,10,-0.13636,0.0,0.0,0.454,h1-h30;h1-h32;h1-h31,h1-h30;h1-h32;h1-h31;h1-h33;h1-h34;h1-h35;h1-h36;h1-h37;h1-h38;h1-h39,h1-h30,2.7575,0.5,1.0,0.615,1,1.774,0.15,1.0,0.552
5136,route,none,none,h30,-0.13636,0.0,0.0,0.58,10,-0.13636,0.0,0.0,0.454,h1-h30;h1-h32;h1-h31,h1-h30;h1-h32;h1-h31;h1-h33;h1-h34;h1-h35;h1-h36;h1-h37;h1-h38;h1-h39,h1-h30,2.8825,0.5,1.0,0.615,2,1.7775,0.15,1.0,0.552
5142,route,none,none,h30,-0.13636,0.0,0.0,0.58,10,-0.13636,0.0,0.0,0.454,h1-h30;h1-h32;h1-h31,h1-h30;h1-h32;h1-h31;h1-h33;h1-h34;h1-h35;h1-h36;h1-h37;h1-h38;h1-h39,h1-h30,2.7575,0.5,1.0,0.615,1,1.774,0.15,1.0,0.552
5148,route,none,none,h30,-0.13636,0.0,0.0,0.58,10,-0.13636,0.0,0.0,0.454,h1-h30;h1-h32;h1-h31,h1-h30;h1-h32;h1-h31;h1-h33;h1-h34;h1-h35;h1-h36;h1-h37;h1-h38;h1-h39,h1-h30,2.6675,0.5,1.0,0.615,1,1.756,0.15,1.0,0.552
5154,route,none,none,h30,-0.13636,0.0,0.0,0.58,10,-0.13636,0.0,0.0,0.454,h1-h30;h1-h32;h1-h31,h1-h30;h1-h32;h1-h31;h1-h33;h1-h34;h1-h35;h1-h36;h1-h37;h1-h38;h1-h39,h1-h30,2.6675,0.5,1.0,0.615,1,1.756,0.15,1.0,0.552
5160,route,none,none,h30,-0.13636,0.0,0.0,0.58,10,-0.13636,0.0,0.0,0.454,h1-h30;h1-h32;h1-h31,h1-h30;h1-h32;h1-h31;h1-h33;h1-h34;h1-h35;h1-h36;h1-h37;h1-h38;h1-h39,h1-h30,2.7575,0.5,1.0,0.615,1,1.765,0.15,1.0,0.552
5166,route,none,none,h30,-0.13636,0.0,0.0,0.58,10,-0.13636,0.0,0.0,0.454,h1-h32;h1-h30;h1-h31,h1-h32;h1-h30;h1-h31;h1-h33;h1-h34;h1-h35;h1-h36;h1-h37;h1-h38;h1-h39,h1-h32,2.7125,0.5,1.0,0.585,1,1.774,0.15,1.0,0.552
5172,route,none,none,h30,-0.13636,0.0,0.0,0.58,10,-0.13636,0.0,0.0,0.454,h1-h30;h1-h32;h1-h31,h1-h30;h1-h32;h1-h31;h1-h33;h1-h34;h1-h35;h1-h36;h1-h37;h1-h38;h1-h39,h1-h30,2.6675,0.5,1.0,0.615,1,1.756,0.15,1.0,0.552
5178,route,none,none,h30,-0.13636,0.0,0.0,0.58,10,-0.13636,0.0,0.0,0.454,h1-h32;h1-h30;h1-h31,h1-h32;h1-h30;h1-h31;h1-h33;h1-h34;h1-h35;h1-h36;h1-h37;h1-h38;h1-h39,h1-h32,2.7125,0.5,1.0,0.585,1,1.774,0.15,1.0,0.552
5184,route,none,none,h30,-0.13636,0.0,0.0,0.58,10,-0.13636,0.0,0.0,0.454,h1-h32;h1-h30;h1-h31,h1-h32;h1-h30;h1-h31;h1-h33;h1-h34;h1-h35;h1-h36;h1-h37;h1-h38;h1-h39,h1-h32,2.7125,0.5,1.0,0.585,1,1.774,0.15,1.0,0.552
5190,route,none,none,h30,-0.13636,0.0,0.0,0.58,10,-0.13636,0.0,0.0,0.454,h1-h30;h1-h32;h1-h31,h1-h30;h1-h32;h1-h31;h1-h33;h1-h34;h1-h35;h1-h36;h1-h37;h1-h38;h1-h39,h1-h30,2.6675,0.5,1.0,0.615,1,1.756,0.15,1.0,0.552
5196,route,none,none,h30,-0.13636,0.0,0.0,0.58,10,-0.13636,0.0,0.0,0.454,h1-h32;h1-h30;h1-h31,h1-h32;h1-h30;h1-h31;h1-h33;h1-h34;h1-h35;h1-h36;h1-h37;h1-h38;h1-h39,h1-h32,2.7125,0.5,1.0,0.585,1,1.765,0.15,1.0,0.552
5202,route,none,none,h30,-0.13636,0.0,0.0,0.58,10,-0.13636,0.0,0.0,0.454,h1-h30;h1-h32;h1-h31,h1-h30;h1-h32;h1-h31;h1-h33;h1-h34;h1-h35;h1-h36;h1-h37;h1-h38;h1-h39,h1-h30,2.7575,0.5,1.0,0.615,1,1.774,0.15,1.0,0.552
5208,route,none,none,h30,-0.13636,0.0,0.0,0.58,10,-0.13636,0.0,0.0,0.454,h1-h30;h1-h32;h1-h31,h1-h30;h1-h32;h1-h31;h1-h33;h1-h34;h1-h35;h1-h36;h1-h37;h1-h38;h1-h39,h1-h30,2.6675,0.5,1.0,0.615,1,1.765,0.15,1.0,0.552
5214,route,none,none,h30,-0.13636,0.0,0.0,0.58,10,-0.13636,0.0,0.0,0.454,h1-h30;h1-h32;h1-h31,h1-h30;h1-h32;h1-h31;h1-h33;h1-h34;h1-h35;h1-h36;h1-h37;h1-h38;h1-h39,h1-h30,2.7575,0.5,1.0,0.615,1,1.765,0.15,1.0,0.552
5220,route,none,none,h30,-0.13636,0.0,0.0,0.58,10,-0.13636,0.0,0.0,0.454,h1-h32;h1-h30;h1-h31,h1-h32;h1-h30;h1-h31;h1-h33;h1-h34;h1-h35;h1-h36;h1-h37;h1-h38;h1-h39,h1-h32,2.7125,0.5,1.0,0.585,1,1.774,0.15,1.0,0.552
5226,route,none,none,h30,-0.13636,0.0,0.0,0.58,10,-0.13636,0.0,0.0,0.454,h1-h30;h1-h32;h1-h31,h1-h30;h1-h32;h1-h31;h1-h33;h1-h34;h1-h35;h1-h36;h1-h37;h1-h38;h1-h39,h1-h30,2.6675,0.5,1.0,0.615,1,1.756,0.15,1.0,0.552
5232,route,none,none,h30,-0.13636,0.0,0.0,0.58,10,-0.13636,0.0,0.0,0.454,h1-h32;h1-h30;h1-h31,h1-h32;h1-h30;h1-h31;h1-h33;h1-h34;h1-h35;h1-h36;h1-h37;h1-h38;h1-h39,h1-h32,2.7125,0.5,1.0,0.585,1,1.765,0.15,1.0,0.552
                                                                                                                                                                                                                        