timestamp,action,n_selected_hosts,selected_hosts,n_selected_routes,selected_routes,cost_used,n_ip_cand,n_route_cand,top_ip,top_ip_score,top_route,top_route_score,active_pairs
2026-06-16T17:25:04,route_mutation,0,,0,,0,39,0,h22,-0.0046,,,0
2026-06-16T17:25:19,route_mutation,0,,0,,0,39,15,h8,-0.0634,h1-h10,-0.0487,15
2026-06-16T17:25:49,route_mutation,0,,0,,0,39,5,h8,-0.0382,h1-h29,-0.0487,5
2026-06-16T17:26:19,ip_shuffle,1,h2,0,,0.1415,39,11,h2,0.0872,h2-h16,-0.0481,11
2026-06-16T17:27:17,route_mutation,0,,0,,0,39,7,h34,-0.055,h3-h21,-0.0481,7
2026-06-16T17:27:47,ip_shuffle,1,h3,0,,0.1415,39,5,h3,0.0598,h1-h4,-0.0475,7
2026-06-16T17:28:45,ip_shuffle,1,h4,0,,0.1415,39,7,h4,0.0286,h1-h5,-0.0475,8
2026-06-16T17:29:43,ip_shuffle,1,h5,0,,0.1415,39,5,h5,0.0388,h1-h6,-0.0474,7
2026-06-16T17:30:40,ip_shuffle,1,h6,0,,0.1415,39,7,h6,0.0451,h1-h7,-0.0474,8
2026-06-16T17:31:38,ip_shuffle,2,h7|h32,0,,0.283,39,8,h7,0.0371,h1-h8,-0.0474,9
2026-06-16T17:32:42,ip_shuffle,2,h8|h30,0,,0.283,39,9,h8,0.1456,h2-h9,-0.0474,9
2026-06-16T17:33:46,ip_shuffle,1,h9,0,,0.1415,39,9,h9,0.0389,h9-h33,-0.0481,9
2026-06-16T17:34:43,ip_shuffle,2,h10|h35,0,,0.283,39,6,h10,0.0296,h10-h30,-0.0481,6
2026-06-16T17:35:47,route_mutation,0,,0,,0,39,7,h33,-0.0167,h11-h21,-0.0481,7
2026-06-16T17:36:18,ip_shuffle,1,h11,0,,0.1415,39,7,h11,0.0242,h2-h12,-0.0475,7
2026-06-16T17:37:15,route_mutation,0,,0,,0,39,7,h33,-0.0141,h12-h27,-0.048,7
2026-06-16T17:37:45,ip_shuffle,1,h12,0,,0.1415,39,4,h12,0.0675,h3-h13,-0.048,4
2026-06-16T17:38:43,ip_shuffle,2,h13|h33,0,,0.283,39,6,h13,0.1256,h13-h33,-0.048,6
2026-06-16T17:39:47,route_mutation,0,,0,,0,39,10,h32,-0.002,h14-h16,-0.048,12
2026-06-16T17:40:17,ip_shuffle,1,h14,0,,0.1415,39,8,h14,0.1123,h1-h15,-0.048,8
2026-06-16T17:41:15,ip_shuffle,2,h32|h15,0,,0.283,39,7,h32,0.0179,h15-h21,-0.048,7
2026-06-16T17:42:19,ip_shuffle,1,h16,0,,0.1415,39,4,h16,0.0405,h10-h16,-0.048,4
2026-06-16T17:43:17,ip_shuffle,2,h4|h30,0,,0.283,39,9,h4,0.1214,h2-h17,-0.0481,9
2026-06-16T17:44:21,ip_shuffle,1,h17,0,,0.1415,39,7,h17,0.0755,h17-h24,-0.0481,7
2026-06-16T17:45:18,route_mutation,0,,0,,0,39,5,h35,-0.0024,h10-h18,-0.0481,5
2026-06-16T17:45:48,route_mutation,0,,0,,0,39,4,h35,-0.0067,h18-h22,-0.0481,8
2026-06-16T17:46:19,ip_shuffle,1,h18,0,,0.1415,39,10,h18,0.0123,h2-h19,-0.048,10
2026-06-16T17:47:16,ip_shuffle,1,h35,0,,0.1415,39,4,h35,0.013,h19-h22,-0.0481,8
2026-06-16T17:48:14,ip_shuffle,1,h19,0,,0.1415,39,5,h19,0.0231,h10-h20,-0.048,5
2026-06-16T17:49:11,ip_shuffle,1,h20,0,,0.1415,39,7,h20,0.0021,h20-h29,-0.0488,7
2026-06-16T17:50:09,ip_shuffle,2,h32|h33,0,,0.283,39,4,h32,0.0193,h12-h21,-0.048,4
2026-06-16T17:51:13,ip_shuffle,1,h21,0,,0.1415,39,9,h21,0.0696,h4-h16,-0.048,9
2026-06-16T17:52:11,route_mutation,0,,0,,0,39,3,h30,-0.0088,h22-h28,-0.0481,6
2026-06-16T17:52:41,route_mutation,0,,0,,0,39,7,h30,-0.0087,h4-h16,-0.048,7
2026-06-16T17:53:11,route_mutation,0,,0,,0,39,5,h22,-0.008,h13-h23,-0.048,5
2026-06-16T17:53:41,route_mutation,0,,0,,0,39,3,h22,-0.0076,h23-h28,-0.0481,6
2026-06-16T17:54:12,route_mutation,0,,0,,0,39,7,h23,-0.0028,h2-h24,-0.048,7
2026-06-16T17:54:42,ip_shuffle,2,h23|h22,0,,0.283,39,4,h23,0.0113,h13-h24,-0.048,4
2026-06-16T17:55:46,ip_shuffle,2,h24|h30,0,,0.283,39,5,h24,0.0624,h2-h25,-0.048,5
2026-06-16T17:56:50,ip_shuffle,1,h25,0,,0.1415,39,3,h25,0.0787,h25-h28,-0.0481,3
2026-06-16T17:57:48,route_mutation,0,,0,,0,39,7,h35,-0.022,h12-h26,-0.048,7
2026-06-16T17:58:18,route_mutation,0,,0,,0,39,0,h35,-0.0221,,,4
2026-06-16T17:58:48,ip_shuffle,1,h26,0,,0.1415,39,7,h26,0.0197,h1-h27,-0.0481,7
2026-06-16T17:59:46,ip_shuffle,1,h27,0,,0.1415,39,0,h27,0.0735,,,2
2026-06-16T18:00:43,ip_shuffle,1,h35,0,,0.1415,39,9,h35,0.0054,h10-h21,-0.0481,10
2026-06-16T18:01:41,ip_shuffle,3,h28|h32|h16,0,,0.4245,39,1,h28,0.0235,h27-h28,-0.0481,6
2026-06-16T18:02:52,ip_shuffle,1,h29,0,,0.1415,39,6,h29,0.1187,h27-h29,-0.0481,6
2026-06-16T18:03:49,route_mutation,0,,0,,0,39,10,h33,-0.009,h1-h30,-0.0481,10
2026-06-16T18:04:20,route_mutation,0,,0,,0,39,1,h33,-0.0055,h21-h30,-0.0481,1
2026-06-16T18:04:50,ip_shuffle,1,h30,0,,0.1415,39,1,h30,0.0225,h26-h30,-0.0492,1
2026-06-16T18:05:47,route_mutation,0,,0,,0,39,6,h33,-0.0019,h5-h31,-0.0481,7
2026-06-16T18:06:18,route_mutation,0,,0,,0,39,9,h33,-0.0058,h16-h31,-0.0481,10
2026-06-16T18:06:48,ip_shuffle,1,h31,0,,0.1415,39,2,h31,0.0112,h26-h31,-0.0481,5
2026-06-16T18:07:45,route_mutation,0,,0,,0,39,1,h33,-0.0161,h21-h32,-0.0481,1
2026-06-16T18:08:16,route_mutation,0,,0,,0,39,0,h33,-0.0189,,,0
2026-06-16T18:08:46,route_mutation,0,,0,,0,39,2,h33,-0.0177,h32-h34,-0.0481,3
2026-06-16T18:09:16,route_mutation,0,,0,,0,39,1,h33,-0.0163,h21-h33,-0.0481,1
2026-06-16T18:09:46,ip_shuffle,1,h33,0,,0.1415,39,2,h33,0.0599,h22-h33,-0.0481,3
2026-06-16T18:10:44,route_mutation,0,,0,,0,39,9,h32,-0.0081,h22-h33,-0.0481,9
2026-06-16T18:11:14,ip_shuffle,1,h34,0,,0.1415,39,7,h34,0.0189,h21-h34,-0.0481,7
2026-06-16T18:12:12,ip_shuffle,1,h32,0,,0.1415,39,0,h32,0.0229,,,0
2026-06-16T18:13:09,ip_shuffle,1,h35,0,,0.1415,39,1,h35,0.0432,h27-h35,-0.0481,1
2026-06-16T18:14:07,route_mutation,0,,0,,0,39,2,h33,-0.0265,h1-h36,-0.0481,5
2026-06-16T18:14:37,route_mutation,0,,0,,0,39,7,h33,-0.0265,h10-h36,-0.0481,7
2026-06-16T18:15:07,route_mutation,0,,0,,0,39,10,h36,-0.0016,h18-h36,-0.0481,10
2026-06-16T18:15:38,ip_shuffle,1,h36,0,,0.1415,39,4,h36,0.0685,h30-h36,-0.0481,4
2026-06-16T18:16:35,ip_shuffle,1,h37,0,,0.1415,39,6,h37,0.0367,h11-h37,-0.0481,6
2026-06-16T18:17:33,route_mutation,0,,0,,0,39,0,h30,-0.0016,,,0
2026-06-16T18:18:03,route_mutation,0,,0,,0,39,4,h30,-0.0061,h16-h38,-0.0481,4
2026-06-16T18:18:33,ip_shuffle,1,h38,0,,0.1415,39,3,h38,0.1198,h18-h38,-0.0481,3
2026-06-16T18:19:31,ip_shuffle,1,h30,0,,0.1415,39,5,h30,0.0127,h1-h39,-0.048,7
2026-06-16T18:20:29,ip_shuffle,1,h39,0,,0.1415,39,10,h39,0.0438,h21-h39,-0.048,10
2026-06-16T18:21:26,route_mutation,0,,0,,0,39,7,h32,-0.0034,h4-h38,-0.0498,9
2026-06-16T18:21:56,ip_shuffle,1,h40,0,,0.1415,39,9,h40,0.0266,h16-h27,-0.0487,9
2026-06-16T18:22:27,ip_shuffle,2,h40|h32,0,,0.283,39,7,h40,0.0311,h25-h37,-0.0492,8
2026-06-16T18:23:24,ip_shuffle,1,h40,0,,0.1415,39,0,h40,0.0302,,,0
2026-06-16T18:23:54,ip_shuffle,1,h40,0,,0.1415,39,0,h40,0.0487,,,0
2026-06-16T18:24:24,ip_shuffle,3,h40|h35|h39,0,,0.4245,39,0,h40,0.0487,,,0
2026-06-16T18:25:29,ip_shuffle,1,h40,0,,0.1415,39,0,h40,0.0493,,,0
2026-06-16T18:25:59,ip_shuffle,2,h40|h30,0,,0.283,39,0,h40,0.0649,,,0
2026-06-16T18:26:56,ip_shuffle,3,h40|h32|h33,0,,0.4245,39,0,h40,0.0743,,,0
2026-06-16T18:28:00,route_mutation,0,,0,,0,39,0,h40,-0.0154,,,0
2026-06-16T18:28:30,ip_shuffle,3,h28|h13|h31,0,,0.4245,39,0,h28,0.0296,,,0
2026-06-16T18:29:41,ip_shuffle,1,h34,0,,0.1415,39,0,h34,0.0476,,,0
2026-06-16T18:30:38,ip_shuffle,1,h37,0,,0.1415,39,0,h37,0.1067,,,0
2026-06-16T18:31:36,route_mutation,0,,0,,0,39,0,h32,-0.0266,,,0
2026-06-16T18:32:06,route_mutation,0,,0,,0,39,0,h32,-0.0266,,,0
2026-06-16T18:32:36,route_mutation,0,,0,,0,39,0,h35,-0.0305,,,0
2026-06-16T18:33:06,route_mutation,0,,0,,0,39,0,h35,-0.0305,,,0
2026-06-16T18:33:37,route_mutation,0,,0,,0,39,0,h35,-0.0304,,,0
2026-06-16T18:34:07,route_mutation,0,,0,,0,39,0,h35,-0.0397,,,0
2026-06-16T18:34:37,route_mutation,0,,0,,0,39,0,h35,-0.0397,,,0
2026-06-16T18:35:07,route_mutation,0,,0,,0,39,0,h35,-0.044,,,0
2026-06-16T18:35:37,route_mutation,0,,0,,0,39,0,h35,-0.0441,,,0
2026-06-16T18:36:07,route_mutation,0,,0,,0,39,0,h35,-0.0441,,,0
2026-06-16T18:36:38,route_mutation,0,,0,,0,39,0,h25,-0.0404,,,0
2026-06-16T18:37:08,route_mutation,0,,0,,0,39,0,h25,-0.0386,,,0
2026-06-16T18:37:38,route_mutation,0,,0,,0,39,0,h25,-0.0404,,,0
2026-06-16T18:38:08,route_mutation,0,,0,,0,39,0,h25,-0.0404,,,0
2026-06-16T18:38:38,route_mutation,0,,0,,0,39,0,h25,-0.0396,,,0
2026-06-16T18:39:08,route_mutation,0,,0,,0,39,0,h25,-0.0404,,,0
2026-06-16T18:39:39,route_mutation,0,,0,,0,39,0,h25,-0.0404,,,0
2026-06-16T18:40:09,route_mutation,0,,0,,0,39,0,h25,-0.0394,,,0
2026-06-16T18:40:39,route_mutation,0,,0,,0,39,0,h25,-0.0403,,,0
2026-06-16T18:41:09,route_mutation,0,,0,,0,39,0,h25,-0.0403,,,0
2026-06-16T18:41:39,route_mutation,0,,0,,0,39,0,h35,-0.0441,,,0
2026-06-16T18:42:10,route_mutation,0,,0,,0,39,0,h35,-0.0441,,,0
2026-06-16T18:42:40,route_mutation,0,,0,,0,39,0,h35,-0.0441,,,0
2026-06-16T18:43:10,route_mutation,0,,0,,0,39,0,h35,-0.0441,,,0
2026-06-16T18:43:40,route_mutation,0,,0,,0,39,0,h35,-0.0435,,,0
2026-06-16T18:44:10,route_mutation,0,,0,,0,39,0,h35,-0.0441,,,0
2026-06-16T18:44:40,route_mutation,0,,0,,0,39,0,h35,-0.0441,,,0
2026-06-16T18:45:11,route_mutation,0,,0,,0,39,0,h2,-0.0404,,,0
2026-06-16T18:45:41,route_mutation,0,,0,,0,39,0,h2,-0.0404,,,0
2026-06-16T18:46:11,route_mutation,0,,0,,0,39,0,h2,-0.0396,,,0
2026-06-16T18:46:41,route_mutation,0,,0,,0,39,0,h2,-0.0404,,,0
2026-06-16T18:47:11,route_mutation,0,,0,,0,39,0,h2,-0.0404,,,0
2026-06-16T18:47:41,route_mutation,0,,0,,0,39,0,h2,-0.0396,,,0
2026-06-16T18:48:12,route_mutation,0,,0,,0,39,0,h2,-0.0404,,,0
2026-06-16T18:48:42,route_mutation,0,,0,,0,39,0,h30,-0.0272,,,0
2026-06-16T18:49:12,route_mutation,0,,0,,0,39,0,h30,-0.0272,,,0
2026-06-16T18:49:42,route_mutation,0,,0,,0,39,0,h27,-0.0056,,,0
2026-06-16T18:50:12,route_mutation,0,,0,,0,39,0,h27,-0.0061,,,0
2026-06-16T18:50:42,route_mutation,0,,0,,0,39,0,h27,-0.0056,,,0
2026-06-16T18:51:13,route_mutation,0,,0,,0,39,0,h27,-0.0056,,,0
2026-06-16T18:51:43,route_mutation,0,,0,,0,39,0,h27,-0.0061,,,0
2026-06-16T18:52:13,route_mutation,0,,0,,0,39,0,h27,-0.0056,,,0
2026-06-16T18:52:43,route_mutation,0,,0,,0,39,0,h27,-0.0061,,,0
2026-06-16T18:53:13,route_mutation,0,,0,,0,39,0,h27,-0.0061,,,0
2026-06-16T18:53:43,ip_shuffle,2,h27|h35,0,,0.283,39,0,h27,0.0296,,,0
2026-06-16T18:54:47,route_mutation,0,,0,,0,39,0,h32,-0.0403,,,0
2026-06-16T18:55:18,route_mutation,0,,0,,0,39,0,h32,-0.0403,,,0
2026-06-16T18:55:48,route_mutation,0,,0,,0,39,0,h32,-0.0403,,,0
2026-06-16T18:56:18,route_mutation,0,,0,,0,39,0,h32,-0.0403,,,0
2026-06-16T18:56:48,route_mutation,0,,0,,0,39,0,h32,-0.0403,,,0
2026-06-16T18:57:18,route_mutation,0,,0,,0,39,0,h32,-0.0403,,,0
2026-06-16T18:57:48,route_mutation,0,,0,,0,39,0,h32,-0.0402,,,0
2026-06-16T18:58:19,route_mutation,0,,0,,0,39,0,h32,-0.0403,,,0
2026-06-16T18:58:49,route_mutation,0,,0,,0,39,0,h32,-0.0402,,,0
2026-06-16T18:59:19,route_mutation,0,,0,,0,39,0,h30,-0.0435,,,0
2026-06-16T18:59:49,ip_shuffle,3,h32|h14|h38,0,,0.4245,39,0,h32,0.0315,,,0
2026-06-16T19:01:00,route_mutation,0,,0,,0,39,0,h30,-0.0212,,,0
2026-06-16T19:01:30,route_mutation,0,,0,,0,39,0,h30,-0.0212,,,0
2026-06-16T19:02:00,route_mutation,0,,0,,0,39,0,h30,-0.0212,,,0
2026-06-16T19:02:30,route_mutation,0,,0,,0,39,0,h30,-0.0158,,,0
2026-06-16T19:03:01,route_mutation,0,,0,,0,39,0,h30,-0.0157,,,0
2026-06-16T19:03:31,route_mutation,0,,0,,0,39,0,h30,-0.0156,,,0
2026-06-16T19:04:01,route_mutation,0,,0,,0,39,0,h30,-0.0158,,,0
2026-06-16T19:04:31,route_mutation,0,,0,,0,39,0,h30,-0.0157,,,0
2026-06-16T19:05:01,route_mutation,0,,0,,0,39,0,h30,-0.0156,,,0
2026-06-16T19:05:31,ip_shuffle,2,h30|h20,0,,0.283,39,0,h30,0.0381,,,0
2026-06-16T19:06:36,route_mutation,0,,0,,0,39,0,h33,-0.0577,,,0
2026-06-16T19:07:06,route_mutation,0,,0,,0,39,0,h33,-0.0577,,,0
2026-06-16T19:07:36,route_mutation,0,,0,,0,39,0,h33,-0.0577,,,0
2026-06-16T19:08:06,route_mutation,0,,0,,0,39,0,h33,-0.0577,,,0
2026-06-16T19:08:37,route_mutation,0,,0,,0,39,0,h33,-0.0577,,,0
2026-06-16T19:09:07,route_mutation,0,,0,,0,39,0,h33,-0.0577,,,0
2026-06-16T19:09:37,route_mutation,0,,0,,0,39,0,h33,-0.0577,,,0
2026-06-16T19:10:07,route_mutation,0,,0,,0,39,0,h33,-0.0577,,,0
2026-06-16T19:10:37,route_mutation,0,,0,,0,39,0,h33,-0.0577,,,0
2026-06-16T19:11:08,route_mutation,0,,0,,0,39,0,h36,-0.0295,,,0
2026-06-16T19:11:38,route_mutation,0,,0,,0,39,0,h36,-0.0295,,,0
2026-06-16T19:12:08,ip_shuffle,2,h12|h17,0,,0.283,39,0,h12,0.0086,,,0
2026-06-16T19:13:12,route_mutation,0,,0,,0,39,0,h33,-0.0456,,,0
2026-06-16T19:13:42,route_mutation,0,,0,,0,39,0,h33,-0.0456,,,0
2026-06-16T19:14:12,route_mutation,0,,0,,0,39,0,h33,-0.0457,,,0
2026-06-16T19:14:42,route_mutation,0,,0,,0,39,0,h33,-0.0456,,,0
2026-06-16T19:15:13,route_mutation,0,,0,,0,39,0,h33,-0.0456,,,0
2026-06-16T19:15:43,route_mutation,0,,0,,0,39,0,h33,-0.0457,,,0
2026-06-16T19:16:13,route_mutation,0,,0,,0,39,0,h33,-0.0456,,,0
2026-06-16T19:16:43,route_mutation,0,,0,,0,39,0,h33,-0.0456,,,0
2026-06-16T19:17:13,route_mutation,0,,0,,0,39,0,h33,-0.0457,,,0
2026-06-16T19:17:44,ip_shuffle,1,h33,0,,0.1415,39,0,h33,0.0103,,,0
2026-06-16T19:18:41,route_mutation,0,,0,,0,39,0,h32,-0.0703,,,0
2026-06-16T19:19:11,route_mutation,0,,0,,0,39,0,h32,-0.0703,,,0
2026-06-16T19:19:42,route_mutation,0,,0,,0,39,0,h32,-0.0703,,,0
2026-06-16T19:20:12,route_mutation,0,,0,,0,39,0,h32,-0.0703,,,0
2026-06-16T19:20:42,route_mutation,0,,0,,0,39,0,h32,-0.0703,,,0
2026-06-16T19:21:12,route_mutation,0,,0,,0,39,0,h32,-0.0703,,,0
2026-06-16T19:21:42,route_mutation,0,,0,,0,39,0,h32,-0.0703,,,0
2026-06-16T19:22:12,route_mutation,0,,0,,0,39,0,h32,-0.0703,,,0
2026-06-16T19:22:43,route_mutation,0,,0,,0,39,0,h32,-0.0703,,,0
2026-06-16T19:23:13,route_mutation,0,,0,,0,39,0,h32,-0.0703,,,0
2026-06-16T19:23:43,route_mutation,0,,0,,0,39,0,h32,-0.0696,,,0
2026-06-16T19:24:13,route_mutation,0,,0,,0,39,0,h32,-0.0703,,,0
2026-06-16T19:24:43,route_mutation,0,,0,,0,39,0,h32,-0.0703,,,0
2026-06-16T19:25:14,route_mutation,0,,0,,0,39,0,h36,-0.0295,,,0
2026-06-16T19:25:44,route_mutation,0,,0,,0,39,0,h10,-0.0684,,,0
2026-06-16T19:26:14,route_mutation,0,,0,,0,39,0,h32,-0.0703,,,0
2026-06-16T19:26:44,route_mutation,0,,0,,0,39,0,h36,-0.0295,,,0
2026-06-16T19:27:14,route_mutation,0,,0,,0,39,0,h16,-0.0684,,,0
2026-06-16T19:27:44,route_mutation,0,,0,,0,39,0,h36,-0.0295,,,0
2026-06-16T19:28:14,route_mutation,0,,0,,0,39,0,h36,-0.0295,,,0
2026-06-16T19:28:45,route_mutation,0,,0,,0,39,0,h36,-0.0295,,,0
2026-06-16T19:29:15,ip_shuffle,1,h22,0,,0.1415,39,0,h22,0.0296,,,0
2026-06-16T19:30:12,route_mutation,0,,0,,0,39,0,h32,-0.0525,,,0
2026-06-16T19:30:42,route_mutation,0,,0,,0,39,0,h32,-0.0525,,,0
2026-06-16T19:31:13,route_mutation,0,,0,,0,39,0,h32,-0.0525,,,0
2026-06-16T19:31:43,route_mutation,0,,0,,0,39,0,h32,-0.0525,,,0
2026-06-16T19:32:13,route_mutation,0,,0,,0,39,0,h32,-0.0525,,,0
2026-06-16T19:32:43,route_mutation,0,,0,,0,39,0,h32,-0.0525,,,0
2026-06-16T19:33:13,route_mutation,0,,0,,0,39,0,h32,-0.0525,,,0
2026-06-16T19:33:43,route_mutation,0,,0,,0,39,0,h32,-0.0524,,,0
2026-06-16T19:34:14,route_mutation,0,,0,,0,39,0,h32,-0.0525,,,0
2026-06-16T19:34:44,route_mutation,0,,0,,0,39,0,h35,-0.016,,,0
2026-06-16T19:35:14,route_mutation,0,,0,,0,39,0,h32,-0.0175,,,0
2026-06-16T19:35:44,route_mutation,0,,0,,0,39,0,h32,-0.0525,,,0
2026-06-16T19:36:14,route_mutation,0,,0,,0,39,0,h35,-0.016,,,0
2026-06-16T19:36:45,route_mutation,0,,0,,0,39,0,h32,-0.0175,,,0
2026-06-16T19:37:15,route_mutation,0,,0,,0,39,0,h32,-0.0525,,,0
2026-06-16T19:37:45,route_mutation,0,,0,,0,39,0,h37,-0.0223,,,0
2026-06-16T19:38:15,route_mutation,0,,0,,0,39,0,h37,-0.0223,,,0
2026-06-16T19:38:46,route_mutation,0,,0,,0,39,0,h37,-0.0223,,,0
2026-06-16T19:39:16,route_mutation,0,,0,,0,39,0,h37,-0.0223,,,0
2026-06-16T19:39:46,route_mutation,0,,0,,0,39,0,h37,-0.0223,,,0
2026-06-16T19:40:16,route_mutation,0,,0,,0,39,0,h37,-0.0223,,,0
2026-06-16T19:40:46,route_mutation,0,,0,,0,39,0,h37,-0.0223,,,0
2026-06-16T19:41:16,route_mutation,0,,0,,0,39,0,h37,-0.0223,,,0
2026-06-16T19:41:47,route_mutation,0,,0,,0,39,0,h37,-0.0223,,,0
2026-06-16T19:42:17,route_mutation,0,,0,,0,39,0,h37,-0.0223,,,0
2026-06-16T19:42:47,ip_shuffle,2,h2|h5,0,,0.283,39,0,h2,0.0296,,,0
2026-06-16T19:43:52,ip_shuffle,2,h32|h7,0,,0.283,39,0,h32,0.0589,,,0
2026-06-16T19:44:56,route_mutation,0,,0,,0,39,0,h35,-0.0301,,,0
2026-06-16T19:45:26,route_mutation,0,,0,,0,39,0,h35,-0.0301,,,0
2026-06-16T19:45:56,route_mutation,0,,0,,0,39,0,h35,-0.0301,,,0
2026-06-16T19:46:26,route_mutation,0,,0,,0,39,0,h35,-0.0301,,,0
2026-06-16T19:46:56,route_mutation,0,,0,,0,39,0,h35,-0.03,,,0
2026-06-16T19:47:27,route_mutation,0,,0,,0,39,0,h35,-0.0301,,,0
2026-06-16T19:47:57,route_mutation,0,,0,,0,39,0,h35,-0.0301,,,0
2026-06-16T19:48:27,route_mutation,0,,0,,0,39,0,h35,-0.03,,,0
2026-06-16T19:48:57,route_mutation,0,,0,,0,39,0,h35,-0.0302,,,0
2026-06-16T19:49:27,route_mutation,0,,0,,0,39,0,h35,-0.0302,,,0
2026-06-16T19:49:57,route_mutation,0,,0,,0,39,0,h35,-0.0288,,,0
2026-06-16T19:50:28,route_mutation,0,,0,,0,39,0,h35,-0.0302,,,0
2026-06-16T19:50:58,route_mutation,0,,0,,0,39,0,h35,-0.03,,,0
2026-06-16T19:51:28,route_mutation,0,,0,,0,39,0,h35,-0.0285,,,0
2026-06-16T19:51:58,route_mutation,0,,0,,0,39,0,h35,-0.0302,,,0
2026-06-16T19:52:28,route_mutation,0,,0,,0,39,0,h35,-0.03,,,0
2026-06-16T19:52:58,ip_shuffle,3,h35|h37|h34,0,,0.4245,39,0,h35,0.0252,,,0
2026-06-16T19:54:10,route_mutation,0,,0,,0,39,0,h30,-0.011,,,0
2026-06-16T19:54:40,route_mutation,0,,0,,0,39,0,h30,-0.011,,,0
2026-06-16T19:55:10,route_mutation,0,,0,,0,39,0,h30,-0.011,,,0
2026-06-16T19:55:40,route_mutation,0,,0,,0,39,0,h30,-0.011,,,0
2026-06-16T19:56:10,route_mutation,0,,0,,0,39,0,h30,-0.011,,,0
2026-06-16T19:56:41,route_mutation,0,,0,,0,39,0,h30,-0.011,,,0
2026-06-16T19:57:11,route_mutation,0,,0,,0,39,0,h30,-0.011,,,0
2026-06-16T19:57:41,route_mutation,0,,0,,0,39,0,h30,-0.011,,,0
2026-06-16T19:58:11,route_mutation,0,,0,,0,39,0,h30,-0.011,,,0
2026-06-16T19:58:41,ip_shuffle,3,h15|h4|h9,0,,0.4245,39,0,h15,0.0294,,,0
2026-06-16T19:59:52,ip_shuffle,1,h25,0,,0.1415,39,0,h25,0.0106,,,0
2026-06-16T20:00:50,ip_shuffle,1,h30,0,,0.1415,39,0,h30,0.0013,,,0
2026-06-16T20:01:48,route_mutation,0,,0,,0,39,0,h37,-0.0395,,,0
2026-06-16T20:02:18,route_mutation,0,,0,,0,39,0,h37,-0.0396,,,0
2026-06-16T20:02:48,route_mutation,0,,0,,0,39,0,h37,-0.0396,,,0
2026-06-16T20:03:18,route_mutation,0,,0,,0,39,0,h37,-0.0395,,,0
2026-06-16T20:03:48,route_mutation,0,,0,,0,39,0,h37,-0.0396,,,0
2026-06-16T20:04:18,route_mutation,0,,0,,0,39,0,h37,-0.0372,,,0
2026-06-16T20:04:49,route_mutation,0,,0,,0,39,0,h33,-0.0286,,,0
2026-06-16T20:05:19,route_mutation,0,,0,,0,39,0,h33,-0.0256,,,0
2026-06-16T20:05:49,route_mutation,0,,0,,0,39,0,h33,-0.0256,,,0
2026-06-16T20:06:19,route_mutation,0,,0,,0,39,0,h33,-0.0007,,,0
2026-06-16T20:06:49,ip_shuffle,1,h33,0,,0.1415,39,0,h33,0.0101,,,0
2026-06-16T20:07:47,ip_shuffle,2,h27|h16,0,,0.283,39,0,h27,0.0181,,,0
2026-06-16T20:08:51,route_mutation,0,,0,,0,39,0,h32,-0.0084,,,0
2026-06-16T20:09:21,route_mutation,0,,0,,0,39,0,h32,-0.0083,,,0
2026-06-16T20:09:52,route_mutation,0,,0,,0,39,0,h32,-0.0169,,,0
2026-06-16T20:10:22,route_mutation,0,,0,,0,39,0,h32,-0.0169,,,0
2026-06-16T20:10:52,route_mutation,0,,0,,0,39,0,h32,-0.0169,,,0
2026-06-16T20:11:22,route_mutation,0,,0,,0,39,0,h32,-0.0169,,,0
2026-06-16T20:11:52,route_mutation,0,,0,,0,39,0,h32,-0.0169,,,0
2026-06-16T20:12:22,route_mutation,0,,0,,0,39,0,h28,-0.0087,,,0
2026-06-16T20:12:53,route_mutation,0,,0,,0,39,0,h28,-0.0085,,,0
2026-06-16T20:13:23,ip_shuffle,1,h28,0,,0.1415,39,0,h28,0.0294,,,0
2026-06-16T20:14:20,ip_shuffle,1,h32,0,,0.1415,39,0,h32,0.0012,,,0
2026-06-16T20:15:18,ip_shuffle,1,h31,0,,0.1415,39,0,h31,0.0296,,,0
2026-06-16T20:16:16,route_mutation,0,,0,,0,39,0,h35,-0.011,,,0
2026-06-16T20:16:46,route_mutation,0,,0,,0,39,0,h35,-0.011,,,0
2026-06-16T20:17:16,route_mutation,0,,0,,0,39,0,h35,-0.0108,,,0
2026-06-16T20:17:46,route_mutation,0,,0,,0,39,0,h35,-0.0162,,,0
2026-06-16T20:18:16,route_mutation,0,,0,,0,39,0,h35,-0.0162,,,0
2026-06-16T20:18:47,route_mutation,0,,0,,0,39,0,h35,-0.0161,,,0
2026-06-16T20:19:17,route_mutation,0,,0,,0,39,0,h35,-0.0162,,,0
2026-06-16T20:19:47,route_mutation,0,,0,,0,39,0,h35,-0.0059,,,0
2026-06-16T20:20:17,route_mutation,0,,0,,0,39,0,h35,-0.0057,,,0
2026-06-16T20:20:47,ip_shuffle,1,h17,0,,0.1415,39,0,h17,0.0086,,,0
2026-06-16T20:21:45,route_mutation,0,,0,,0,39,0,h35,-0.0021,,,0
2026-06-16T20:22:15,route_mutation,0,,0,,0,39,0,h35,-0.0023,,,0
2026-06-16T20:22:45,route_mutation,0,,0,,0,39,0,h35,-0.0023,,,0
2026-06-16T20:23:16,route_mutation,0,,0,,0,39,0,h35,-0.0021,,,0
2026-06-16T20:23:46,route_mutation,0,,0,,0,39,0,h35,-0.0023,,,0
2026-06-16T20:24:16,route_mutation,0,,0,,0,39,0,h35,-0.0023,,,0
2026-06-16T20:24:46,route_mutation,0,,0,,0,39,0,h35,-0.0021,,,0
2026-06-16T20:25:16,route_mutation,0,,0,,0,39,0,h35,-0.0023,,,0
2026-06-16T20:25:46,route_mutation,0,,0,,0,39,0,h35,-0.0023,,,0
2026-06-16T20:26:17,ip_shuffle,3,h35|h37|h30,0,,0.4245,39,0,h35,0.0677,,,0
2026-06-16T20:27:28,route_mutation,0,,0,,0,39,0,h33,-0.0577,,,0
2026-06-16T20:27:58,route_mutation,0,,0,,0,39,0,h33,-0.0577,,,0
2026-06-16T20:28:28,route_mutation,0,,0,,0,39,0,h33,-0.0577,,,0
2026-06-16T20:28:58,route_mutation,0,,0,,0,39,0,h33,-0.0577,,,0
2026-06-16T20:29:29,route_mutation,0,,0,,0,39,0,h33,-0.0577,,,0
2026-06-16T20:29:59,route_mutation,0,,0,,0,39,0,h33,-0.0577,,,0
2026-06-16T20:30:29,route_mutation,0,,0,,0,39,0,h33,-0.0577,,,0
2026-06-16T20:30:59,route_mutation,0,,0,,0,39,0,h33,-0.0577,,,0
2026-06-16T20:31:29,route_mutation,0,,0,,0,39,0,h33,-0.0577,,,0
2026-06-16T20:31:59,route_mutation,0,,0,,0,39,0,h33,-0.0577,,,0
2026-06-16T20:32:30,ip_shuffle,1,h34,0,,0.1415,39,0,h34,0.0093,,,0
2026-06-16T20:33:27,route_mutation,0,,0,,0,39,0,h33,-0.0347,,,0
2026-06-16T20:33:57,route_mutation,0,,0,,0,39,0,h33,-0.0347,,,0
2026-06-16T20:34:28,route_mutation,0,,0,,0,39,0,h33,-0.0347,,,0
2026-06-16T20:34:58,route_mutation,0,,0,,0,39,0,h33,-0.0345,,,0
2026-06-16T20:35:28,route_mutation,0,,0,,0,39,0,h33,-0.0347,,,0
2026-06-16T20:35:58,route_mutation,0,,0,,0,39,0,h33,-0.0347,,,0
2026-06-16T20:36:28,route_mutation,0,,0,,0,39,0,h33,-0.0345,,,0
2026-06-16T20:36:58,route_mutation,0,,0,,0,39,0,h33,-0.0347,,,0
2026-06-16T20:37:29,route_mutation,0,,0,,0,39,0,h33,-0.0347,,,0
2026-06-16T20:37:59,route_mutation,0,,0,,0,39,0,h33,-0.0345,,,0
2026-06-16T20:38:29,route_mutation,0,,0,,0,39,0,h33,-0.0317,,,0
2026-06-16T20:38:59,route_mutation,0,,0,,0,39,0,h33,-0.005,,,0
2026-06-16T20:39:29,ip_shuffle,1,h22,0,,0.1415,39,0,h22,0.0296,,,0
2026-06-16T20:40:27,route_mutation,0,,0,,0,39,0,h33,-0.0232,,,0
2026-06-16T20:40:57,route_mutation,0,,0,,0,39,0,h33,-0.0235,,,0
2026-06-16T20:41:27,route_mutation,0,,0,,0,39,0,h33,-0.0234,,,0
2026-06-16T20:41:57,route_mutation,0,,0,,0,39,0,h33,-0.0232,,,0
2026-06-16T20:42:28,route_mutation,0,,0,,0,39,0,h33,-0.0235,,,0
2026-06-16T20:42:58,route_mutation,0,,0,,0,39,0,h33,-0.0234,,,0
2026-06-16T20:43:28,route_mutation,0,,0,,0,39,0,h33,-0.0232,,,0
2026-06-16T20:43:58,route_mutation,0,,0,,0,39,0,h33,-0.0235,,,0
2026-06-16T20:44:28,route_mutation,0,,0,,0,39,0,h33,-0.0234,,,0
2026-06-16T20:44:58,route_mutation,0,,0,,0,39,0,h33,-0.0232,,,0
2026-06-16T20:45:29,ip_shuffle,1,h2,0,,0.1415,39,0,h2,0.0296,,,0
2026-06-16T20:46:26,route_mutation,0,,0,,0,39,0,h32,-0.0111,,,0
2026-06-16T20:46:57,route_mutation,0,,0,,0,39,0,h32,-0.0114,,,0
2026-06-16T20:47:27,route_mutation,0,,0,,0,39,0,h32,-0.0113,,,0
2026-06-16T20:47:57,route_mutation,0,,0,,0,39,0,h32,-0.0111,,,0
2026-06-16T20:48:27,route_mutation,0,,0,,0,39,0,h32,-0.0114,,,0
2026-06-16T20:48:57,route_mutation,0,,0,,0,39,0,h32,-0.0113,,,0
2026-06-16T20:49:27,route_mutation,0,,0,,0,39,0,h32,-0.0113,,,0
2026-06-16T20:49:58,route_mutation,0,,0,,0,39,0,h32,-0.0114,,,0
2026-06-16T20:50:28,route_mutation,0,,0,,0,39,0,h32,-0.0113,,,0
2026-06-16T20:50:58,route_mutation,0,,0,,0,39,0,h32,-0.0113,,,0
2026-06-16T20:51:28,route_mutation,0,,0,,0,39,0,h32,-0.0169,,,0
2026-06-16T20:51:58,route_mutation,0,,0,,0,39,0,h32,-0.0169,,,0
2026-06-16T20:52:28,ip_shuffle,2,h33|h32,0,,0.283,39,0,h33,0.1462,,,0
2026-06-16T20:53:33,route_mutation,0,,0,,0,39,0,h30,-0.0564,,,0
2026-06-16T20:54:03,route_mutation,0,,0,,0,39,0,h30,-0.0565,,,0
2026-06-16T20:54:33,route_mutation,0,,0,,0,39,0,h30,-0.0564,,,0
2026-06-16T20:55:03,route_mutation,0,,0,,0,39,0,h30,-0.0564,,,0
2026-06-16T20:55:33,route_mutation,0,,0,,0,39,0,h30,-0.0565,,,0
2026-06-16T20:56:03,route_mutation,0,,0,,0,39,0,h30,-0.0564,,,0
2026-06-16T20:56:34,route_mutation,0,,0,,0,39,0,h30,-0.0564,,,0
2026-06-16T20:57:04,route_mutation,0,,0,,0,39,0,h30,-0.0565,,,0
2026-06-16T20:57:34,route_mutation,0,,0,,0,39,0,h30,-0.0564,,,0
2026-06-16T20:58:04,ip_shuffle,1,h27,0,,0.1415,39,0,h27,0.0296,,,0
2026-06-16T20:59:02,route_mutation,0,,0,,0,39,0,h30,-0.0463,,,0
2026-06-16T20:59:32,route_mutation,0,,0,,0,39,0,h30,-0.0463,,,0
2026-06-16T21:00:02,route_mutation,0,,0,,0,39,0,h30,-0.0462,,,0
2026-06-16T21:00:32,route_mutation,0,,0,,0,39,0,h30,-0.0463,,,0
2026-06-16T21:01:02,route_mutation,0,,0,,0,39,0,h30,-0.0463,,,0
2026-06-16T21:01:33,route_mutation,0,,0,,0,39,0,h30,-0.0462,,,0
2026-06-16T21:02:03,route_mutation,0,,0,,0,39,0,h30,-0.0463,,,0
2026-06-16T21:02:33,route_mutation,0,,0,,0,39,0,h30,-0.0463,,,0
2026-06-16T21:03:03,route_mutation,0,,0,,0,39,0,h30,-0.0462,,,0
2026-06-16T21:03:33,ip_shuffle,1,h38,0,,0.1415,39,0,h38,0.0179,,,0
2026-06-16T21:04:31,route_mutation,0,,0,,0,39,0,h30,-0.0305,,,0
2026-06-16T21:05:01,route_mutation,0,,0,,0,39,0,h30,-0.0303,,,0
2026-06-16T21:05:31,route_mutation,0,,0,,0,39,0,h30,-0.0249,,,0
2026-06-16T21:06:01,route_mutation,0,,0,,0,39,0,h30,-0.0249,,,0
2026-06-16T21:06:31,route_mutation,0,,0,,0,39,0,h30,-0.0248,,,0
2026-06-16T21:07:02,route_mutation,0,,0,,0,39,0,h30,-0.0303,,,0
2026-06-16T21:07:32,route_mutation,0,,0,,0,39,0,h30,-0.0248,,,0
2026-06-16T21:08:02,route_mutation,0,,0,,0,39,0,h30,-0.0249,,,0
2026-06-16T21:08:32,route_mutation,0,,0,,0,39,0,h30,-0.0249,,,0
2026-06-16T21:09:02,ip_shuffle,2,h30|h21,0,,0.283,39,0,h30,0.0394,,,0
2026-06-16T21:10:07,route_mutation,0,,0,,0,39,0,h35,-0.0302,,,0
2026-06-16T21:10:37,route_mutation,0,,0,,0,39,0,h35,-0.0302,,,0
2026-06-16T21:11:07,route_mutation,0,,0,,0,39,0,h35,-0.0302,,,0
2026-06-16T21:11:37,route_mutation,0,,0,,0,39,0,h35,-0.0302,,,0
2026-06-16T21:12:08,route_mutation,0,,0,,0,39,0,h35,-0.0302,,,0
2026-06-16T21:12:38,route_mutation,0,,0,,0,39,0,h35,-0.03,,,0
2026-06-16T21:13:08,route_mutation,0,,0,,0,39,0,h35,-0.0302,,,0
2026-06-16T21:13:38,route_mutation,0,,0,,0,39,0,h35,-0.0238,,,0
2026-06-16T21:14:08,route_mutation,0,,0,,0,39,0,h35,-0.0237,,,0
2026-06-16T21:14:38,ip_shuffle,1,h35,0,,0.1415,39,0,h35,0.0482,,,0
2026-06-16T21:15:36,route_mutation,0,,0,,0,39,0,h37,-0.0511,,,0
2026-06-16T21:16:06,route_mutation,0,,0,,0,39,0,h37,-0.0512,,,0
2026-06-16T21:16:36,route_mutation,0,,0,,0,39,0,h37,-0.0512,,,0
2026-06-16T21:17:07,route_mutation,0,,0,,0,39,0,h37,-0.0511,,,0
2026-06-16T21:17:37,route_mutation,0,,0,,0,39,0,h37,-0.0512,,,0
2026-06-16T21:18:07,route_mutation,0,,0,,0,39,0,h37,-0.0512,,,0
2026-06-16T21:18:37,route_mutation,0,,0,,0,39,0,h37,-0.0512,,,0
2026-06-16T21:19:07,route_mutation,0,,0,,0,39,0,h37,-0.0512,,,0
2026-06-16T21:19:37,route_mutation,0,,0,,0,39,0,h37,-0.0512,,,0
2026-06-16T21:20:08,route_mutation,0,,0,,0,39,0,h32,-0.0177,,,0
2026-06-16T21:20:38,route_mutation,0,,0,,0,39,0,h32,-0.0177,,,0
2026-06-16T21:21:08,route_mutation,0,,0,,0,39,0,h32,-0.0177,,,0
2026-06-16T21:21:38,route_mutation,0,,0,,0,39,0,h32,-0.0177,,,0
2026-06-16T21:22:08,route_mutation,0,,0,,0,39,0,h32,-0.0175,,,0
2026-06-16T21:22:38,route_mutation,0,,0,,0,39,0,h32,-0.0175,,,0
2026-06-16T21:23:09,route_mutation,0,,0,,0,39,0,h32,-0.0175,,,0
2026-06-16T21:23:39,ip_shuffle,1,h37,0,,0.1415,39,0,h37,0.0118,,,0
2026-06-16T21:24:37,ip_shuffle,1,h34,0,,0.1415,39,0,h34,0.0825,,,0
2026-06-16T21:25:34,route_mutation,0,,0,,0,39,0,h32,-0.0168,,,0
2026-06-16T21:26:04,route_mutation,0,,0,,0,39,0,h32,-0.0169,,,0
2026-06-16T21:26:35,route_mutation,0,,0,,0,39,0,h32,-0.0169,,,0
2026-06-16T21:27:05,route_mutation,0,,0,,0,39,0,h32,-0.0167,,,0
2026-06-16T21:27:35,route_mutation,0,,0,,0,39,0,h32,-0.0169,,,0
2026-06-16T21:28:05,route_mutation,0,,0,,0,39,0,h32,-0.0169,,,0
2026-06-16T21:28:35,route_mutation,0,,0,,0,39,0,h32,-0.0167,,,0
2026-06-16T21:29:05,route_mutation,0,,0,,0,39,0,h32,-0.0169,,,0
2026-06-16T21:29:36,route_mutation,0,,0,,0,39,0,h32,-0.0168,,,0
2026-06-16T21:30:06,ip_shuffle,1,h32,0,,0.1415,39,0,h32,0.0321,,,0
2026-06-16T21:31:04,ip_shuffle,2,h4|h30,0,,0.283,39,0,h4,0.0226,,,0
2026-06-16T21:32:08,route_mutation,0,,0,,0,39,0,h33,-0.0222,,,0
2026-06-16T21:32:38,route_mutation,0,,0,,0,39,0,h33,-0.0221,,,0
2026-06-16T21:33:08,route_mutation,0,,0,,0,39,0,h33,-0.022,,,0
2026-06-16T21:33:38,route_mutation,0,,0,,0,39,0,h33,-0.0222,,,0
2026-06-16T21:34:09,route_mutation,0,,0,,0,39,0,h33,-0.0221,,,0
2026-06-16T21:34:39,route_mutation,0,,0,,0,39,0,h33,-0.022,,,0
2026-06-16T21:35:09,route_mutation,0,,0,,0,39,0,h33,-0.0222,,,0
2026-06-16T21:35:39,route_mutation,0,,0,,0,39,0,h33,-0.0219,,,0
2026-06-16T21:36:09,route_mutation,0,,0,,0,39,0,h33,-0.0219,,,0
2026-06-16T21:36:39,route_mutation,0,,0,,0,39,0,h33,-0.0337,,,0
2026-06-16T21:37:10,route_mutation,0,,0,,0,39,0,h33,-0.0337,,,0
2026-06-16T21:37:40,route_mutation,0,,0,,0,39,0,h33,-0.0337,,,0
2026-06-16T21:38:10,route_mutation,0,,0,,0,39,0,h33,-0.0337,,,0
2026-06-16T21:38:40,ip_shuffle,1,h33,0,,0.1415,39,0,h33,0.0293,,,0
2026-06-16T21:39:38,ip_shuffle,1,h22,0,,0.1415,39,0,h22,0.0296,,,0
2026-06-16T21:40:36,ip_shuffle,1,h16,0,,0.1415,39,0,h16,0.0281,,,0
2026-06-16T21:41:33,route_mutation,0,,0,,0,39,0,h35,-0.03,,,0
2026-06-16T21:42:03,route_mutation,0,,0,,0,39,0,h35,-0.0302,,,0
2026-06-16T21:42:33,route_mutation,0,,0,,0,39,0,h35,-0.0301,,,0
2026-06-16T21:43:04,route_mutation,0,,0,,0,39,0,h35,-0.03,,,0
2026-06-16T21:43:34,route_mutation,0,,0,,0,39,0,h35,-0.0302,,,0
2026-06-16T21:44:04,route_mutation,0,,0,,0,39,0,h35,-0.0301,,,0
2026-06-16T21:44:34,route_mutation,0,,0,,0,39,0,h35,-0.03,,,0
2026-06-16T21:45:04,route_mutation,0,,0,,0,39,0,h35,-0.0302,,,0
2026-06-16T21:45:34,route_mutation,0,,0,,0,39,0,h35,-0.0191,,,0
2026-06-16T21:46:05,route_mutation,0,,0,,0,39,0,h35,-0.019,,,0
2026-06-16T21:46:35,ip_shuffle,1,h2,0,,0.1415,39,0,h2,0.0296,,,0
2026-06-16T21:47:33,ip_shuffle,1,h31,0,,0.1415,39,0,h31,0.0296,,,0
2026-06-16T21:48:30,ip_shuffle,2,h21|h10,0,,0.283,39,0,h21,0.0175,,,0
2026-06-16T21:49:35,ip_shuffle,2,h37|h32,0,,0.283,39,0,h37,0.035,,,0
2026-06-16T21:50:39,ip_shuffle,2,h35|h30,0,,0.283,39,0,h35,0.0096,,,0
2026-06-16T21:51:43,route_mutation,0,,0,,0,39,0,h33,-0.0412,,,0
2026-06-16T21:52:14,route_mutation,0,,0,,0,39,0,h33,-0.0413,,,0
2026-06-16T21:52:44,route_mutation,0,,0,,0,39,0,h33,-0.0411,,,0
2026-06-16T21:53:14,route_mutation,0,,0,,0,39,0,h34,-0.0357,,,0
2026-06-16T21:53:44,route_mutation,0,,0,,0,39,0,h34,-0.0358,,,0
2026-06-16T21:54:14,route_mutation,0,,0,,0,39,0,h34,-0.0358,,,0
2026-06-16T21:54:45,route_mutation,0,,0,,0,39,0,h34,-0.0358,,,0
2026-06-16T21:55:15,route_mutation,0,,0,,0,39,0,h34,-0.035,,,0
2026-06-16T21:55:45,route_mutation,0,,0,,0,39,0,h34,-0.0351,,,0
2026-06-16T21:56:15,route_mutation,0,,0,,0,39,0,h23,-0.0404,,,0
2026-06-16T21:56:45,route_mutation,0,,0,,0,39,0,h23,-0.0404,,,0
2026-06-16T21:57:16,route_mutation,0,,0,,0,39,0,h23,-0.0402,,,0
2026-06-16T21:57:46,ip_shuffle,2,h33|h38,0,,0.283,39,0,h33,0.0335,,,0
2026-06-16T21:58:50,route_mutation,0,,0,,0,39,0,h34,-0.0477,,,0
2026-06-16T21:59:20,route_mutation,0,,0,,0,39,0,h34,-0.0476,,,0
2026-06-16T21:59:50,route_mutation,0,,0,,0,39,0,h34,-0.0474,,,0
2026-06-16T22:00:20,route_mutation,0,,0,,0,39,0,h34,-0.0477,,,0
2026-06-16T22:00:50,route_mutation,0,,0,,0,39,0,h34,-0.0476,,,0
2026-06-16T22:01:21,route_mutation,0,,0,,0,39,0,h34,-0.0474,,,0
2026-06-16T22:01:51,route_mutation,0,,0,,0,39,0,h34,-0.0477,,,0
2026-06-16T22:02:21,route_mutation,0,,0,,0,39,0,h34,-0.0475,,,0
2026-06-16T22:02:51,route_mutation,0,,0,,0,39,0,h34,-0.0474,,,0
2026-06-16T22:03:21,route_mutation,0,,0,,0,39,0,h13,-0.0387,,,0
2026-06-16T22:03:52,route_mutation,0,,0,,0,39,0,h13,-0.0404,,,0
2026-06-16T22:04:22,route_mutation,0,,0,,0,39,0,h27,-0.0389,,,0
2026-06-16T22:04:52,route_mutation,0,,0,,0,39,0,h13,-0.0384,,,0
2026-06-16T22:05:22,route_mutation,0,,0,,0,39,0,h13,-0.0402,,,0
2026-06-16T22:05:52,route_mutation,0,,0,,0,39,0,h13,-0.0402,,,0
2026-06-16T22:06:23,ip_shuffle,1,h9,0,,0.1415,39,0,h9,0.0296,,,0
2026-06-16T22:07:20,route_mutation,0,,0,,0,39,0,h34,-0.0605,,,0
2026-06-16T22:07:50,route_mutation,0,,0,,0,39,0,h34,-0.0607,,,0
2026-06-16T22:08:20,route_mutation,0,,0,,0,39,0,h34,-0.0607,,,0
2026-06-16T22:08:51,route_mutation,0,,0,,0,39,0,h34,-0.0605,,,0
2026-06-16T22:09:21,route_mutation,0,,0,,0,39,0,h34,-0.0607,,,0
2026-06-16T22:09:51,route_mutation,0,,0,,0,39,0,h34,-0.0607,,,0
2026-06-16T22:10:21,route_mutation,0,,0,,0,39,0,h34,-0.0605,,,0
2026-06-16T22:10:51,route_mutation,0,,0,,0,39,0,h34,-0.0606,,,0
2026-06-16T22:11:21,route_mutation,0,,0,,0,39,0,h34,-0.0606,,,0
2026-06-16T22:11:52,ip_shuffle,1,h18,0,,0.1415,39,0,h18,0.0296,,,0
2026-06-16T22:12:49,route_mutation,0,,0,,0,39,0,h32,-0.0525,,,0
2026-06-16T22:13:19,route_mutation,0,,0,,0,39,0,h32,-0.0525,,,0
2026-06-16T22:13:50,route_mutation,0,,0,,0,39,0,h32,-0.0525,,,0
2026-06-16T22:14:20,route_mutation,0,,0,,0,39,0,h32,-0.0525,,,0
2026-06-16T22:14:50,route_mutation,0,,0,,0,39,0,h32,-0.0525,,,0
2026-06-16T22:15:20,route_mutation,0,,0,,0,39,0,h32,-0.0525,,,0
2026-06-16T22:15:50,route_mutation,0,,0,,0,39,0,h32,-0.0525,,,0
2026-06-16T22:16:21,route_mutation,0,,0,,0,39,0,h32,-0.0525,,,0
2026-06-16T22:16:51,route_mutation,0,,0,,0,39,0,h32,-0.0525,,,0
2026-06-16T22:17:21,ip_shuffle,3,h3|h11|h8,0,,0.4245,39,0,h3,0.0296,,,0
2026-06-16T22:18:32,route_mutation,0,,0,,0,39,0,h32,-0.0347,,,0
2026-06-16T22:19:02,route_mutation,0,,0,,0,39,0,h32,-0.0346,,,0
2026-06-16T22:19:32,route_mutation,0,,0,,0,39,0,h32,-0.0346,,,0
2026-06-16T22:20:02,route_mutation,0,,0,,0,39,0,h32,-0.0347,,,0
2026-06-16T22:20:33,route_mutation,0,,0,,0,39,0,h32,-0.0346,,,0
2026-06-16T22:21:03,route_mutation,0,,0,,0,39,0,h32,-0.0346,,,0
2026-06-16T22:21:33,route_mutation,0,,0,,0,39,0,h32,-0.0347,,,0
2026-06-16T22:22:03,route_mutation,0,,0,,0,39,0,h32,-0.0346,,,0
2026-06-16T22:22:33,route_mutation,0,,0,,0,39,0,h32,-0.0346,,,0
2026-06-16T22:23:03,route_mutation,0,,0,,0,39,0,h32,-0.0347,,,0
2026-06-16T22:23:34,route_mutation,0,,0,,0,39,0,h32,-0.0344,,,0
2026-06-16T22:24:04,ip_shuffle,1,h17,0,,0.1415,39,0,h17,0.0294,,,0
2026-06-16T22:25:01,ip_shuffle,1,h28,0,,0.1415,39,0,h28,0.0296,,,0
2026-06-16T22:25:59,ip_shuffle,1,h32,0,,0.1415,39,0,h32,0.0059,,,0
2026-06-16T22:26:57,route_mutation,0,,0,,0,39,0,h30,-0.0095,,,0
2026-06-16T22:27:27,route_mutation,0,,0,,0,39,0,h30,-0.0095,,,0
2026-06-16T22:27:57,route_mutation,0,,0,,0,39,0,h30,-0.0093,,,0
2026-06-16T22:28:27,route_mutation,0,,0,,0,39,0,h30,-0.0094,,,0
2026-06-16T22:28:58,route_mutation,0,,0,,0,39,0,h30,-0.0095,,,0
2026-06-16T22:29:28,route_mutation,0,,0,,0,39,0,h30,-0.0093,,,0
2026-06-16T22:29:58,route_mutation,0,,0,,0,39,0,h35,-0.0105,,,0
2026-06-16T22:30:28,route_mutation,0,,0,,0,39,0,h35,-0.0108,,,0
2026-06-16T22:30:58,route_mutation,0,,0,,0,39,0,h35,-0.0012,,,0
2026-06-16T22:31:28,ip_shuffle,2,h35|h30,0,,0.283,39,0,h35,0.008,,,0
2026-06-16T22:32:33,route_mutation,0,,0,,0,39,0,h37,-0.0249,,,0
2026-06-16T22:33:03,route_mutation,0,,0,,0,39,0,h37,-0.0248,,,0
2026-06-16T22:33:33,route_mutation,0,,0,,0,39,0,h37,-0.0248,,,0
2026-06-16T22:34:03,route_mutation,0,,0,,0,39,0,h37,-0.0249,,,0
2026-06-16T22:34:33,route_mutation,0,,0,,0,39,0,h37,-0.0248,,,0
2026-06-16T22:35:03,route_mutation,0,,0,,0,39,0,h37,-0.0251,,,0
2026-06-16T22:35:34,route_mutation,0,,0,,0,39,0,h37,-0.0251,,,0
2026-06-16T22:36:04,route_mutation,0,,0,,0,39,0,h37,-0.0248,,,0
2026-06-16T22:36:34,route_mutation,0,,0,,0,39,0,h37,-0.0412,,,0
2026-06-16T22:37:04,route_mutation,0,,0,,0,39,0,h37,-0.0307,,,0
2026-06-16T22:37:34,ip_shuffle,1,h37,0,,0.1415,39,0,h37,0.0288,,,0
2026-06-16T22:38:32,ip_shuffle,1,h4,0,,0.1415,39,0,h4,0.0296,,,0
2026-06-16T22:39:30,route_mutation,0,,0,,0,39,0,h33,-0.0218,,,0
2026-06-16T22:40:00,route_mutation,0,,0,,0,39,0,h33,-0.0217,,,0
2026-06-16T22:40:30,route_mutation,0,,0,,0,39,0,h33,-0.0217,,,0
2026-06-16T22:41:00,route_mutation,0,,0,,0,39,0,h33,-0.0218,,,0
2026-06-16T22:41:31,route_mutation,0,,0,,0,39,0,h33,-0.0217,,,0
2026-06-16T22:42:01,route_mutation,0,,0,,0,39,0,h33,-0.0217,,,0
2026-06-16T22:42:31,route_mutation,0,,0,,0,39,0,h33,-0.0218,,,0
2026-06-16T22:43:01,route_mutation,0,,0,,0,39,0,h33,-0.0218,,,0
2026-06-16T22:43:31,route_mutation,0,,0,,0,39,0,h33,-0.0218,,,0
2026-06-16T22:44:01,route_mutation,0,,0,,0,39,0,h33,-0.0218,,,0
2026-06-16T22:44:32,ip_shuffle,1,h33,0,,0.1415,39,0,h33,0.0482,,,0
2026-06-16T22:45:29,ip_shuffle,1,h22,0,,0.1415,39,0,h22,0.0296,,,0
2026-06-16T22:46:27,route_mutation,0,,0,,0,39,0,h32,-0.0347,,,0
2026-06-16T22:46:57,route_mutation,0,,0,,0,39,0,h32,-0.0347,,,0
2026-06-16T22:47:27,route_mutation,0,,0,,0,39,0,h32,-0.0346,,,0
2026-06-16T22:47:57,route_mutation,0,,0,,0,39,0,h32,-0.0347,,,0
2026-06-16T22:48:28,route_mutation,0,,0,,0,39,0,h32,-0.0347,,,0
2026-06-16T22:48:58,route_mutation,0,,0,,0,39,0,h32,-0.0346,,,0
2026-06-16T22:49:28,route_mutation,0,,0,,0,39,0,h32,-0.0347,,,0
2026-06-16T22:49:58,route_mutation,0,,0,,0,39,0,h32,-0.0278,,,0
2026-06-16T22:50:29,route_mutation,0,,0,,0,39,0,h32,-0.0277,,,0
2026-06-16T22:50:59,route_mutation,0,,0,,0,39,0,h28,-0.0218,,,0
2026-06-16T22:51:29,ip_shuffle,1,h34,0,,0.1415,39,0,h34,0.0093,,,0
2026-06-16T22:52:27,ip_shuffle,1,h25,0,,0.1415,39,0,h25,0.0296,,,0
2026-06-16T22:53:24,ip_shuffle,1,h32,0,,0.1415,39,0,h32,0.001,,,0
2026-06-16T22:54:22,route_mutation,0,,0,,0,39,0,h30,-0.0145,,,0
2026-06-16T22:54:52,route_mutation,0,,0,,0,39,0,h30,-0.0146,,,0
2026-06-16T22:55:22,route_mutation,0,,0,,0,39,0,h30,-0.0146,,,0
2026-06-16T22:55:52,route_mutation,0,,0,,0,39,0,h30,-0.0145,,,0
2026-06-16T22:56:23,route_mutation,0,,0,,0,39,0,h30,-0.0146,,,0
2026-06-16T22:56:53,route_mutation,0,,0,,0,39,0,h30,-0.0146,,,0
2026-06-16T22:57:23,route_mutation,0,,0,,0,39,0,h30,-0.0145,,,0
2026-06-16T22:57:53,route_mutation,0,,0,,0,39,0,h30,-0.0145,,,0
2026-06-16T22:58:23,route_mutation,0,,0,,0,39,0,h30,-0.0146,,,0
2026-06-16T22:58:53,route_mutation,0,,0,,0,39,0,h38,-0.0104,,,0
2026-06-16T22:59:24,route_mutation,0,,0,,0,39,0,h38,-0.0119,,,0
2026-06-16T22:59:54,route_mutation,0,,0,,0,39,0,h38,-0.0101,,,0
2026-06-16T23:00:24,route_mutation,0,,0,,0,39,0,h38,-0.0101,,,0
2026-06-16T23:00:54,route_mutation,0,,0,,0,39,0,h38,-0.0119,,,0
2026-06-16T23:01:24,route_mutation,0,,0,,0,39,0,h38,-0.0101,,,0
2026-06-16T23:01:55,route_mutation,0,,0,,0,39,0,h38,-0.0101,,,0
2026-06-16T23:02:25,route_mutation,0,,0,,0,39,0,h38,-0.0101,,,0
2026-06-16T23:02:55,ip_shuffle,2,h38|h35,0,,0.283,39,0,h38,0.0879,,,0
2026-06-16T23:04:00,ip_shuffle,1,h30,0,,0.1415,39,0,h30,0.0013,,,0
2026-06-16T23:04:57,route_mutation,0,,0,,0,39,0,h37,-0.0511,,,0
2026-06-16T23:05:28,route_mutation,0,,0,,0,39,0,h37,-0.0512,,,0
2026-06-16T23:05:58,route_mutation,0,,0,,0,39,0,h37,-0.0512,,,0
2026-06-16T23:06:28,route_mutation,0,,0,,0,39,0,h37,-0.0511,,,0
2026-06-16T23:06:58,route_mutation,0,,0,,0,39,0,h37,-0.0512,,,0
2026-06-16T23:07:28,route_mutation,0,,0,,0,39,0,h37,-0.0512,,,0
2026-06-16T23:07:58,route_mutation,0,,0,,0,39,0,h37,-0.0511,,,0
2026-06-16T23:08:29,route_mutation,0,,0,,0,39,0,h37,-0.0512,,,0
2026-06-16T23:08:59,route_mutation,0,,0,,0,39,0,h37,-0.0512,,,0
2026-06-16T23:09:29,ip_shuffle,2,h9|h36,0,,0.283,39,0,h9,0.0278,,,0
2026-06-16T23:10:33,route_mutation,0,,0,,0,39,0,h37,-0.0412,,,0
2026-06-16T23:11:03,route_mutation,0,,0,,0,39,0,h37,-0.0412,,,0
2026-06-16T23:11:33,route_mutation,0,,0,,0,39,0,h37,-0.0412,,,0
2026-06-16T23:12:04,route_mutation,0,,0,,0,39,0,h37,-0.0333,,,0
2026-06-16T23:12:34,route_mutation,0,,0,,0,39,0,h37,-0.0332,,,0
2026-06-16T23:13:04,route_mutation,0,,0,,0,39,0,h37,-0.0333,,,0
2026-06-16T23:13:34,route_mutation,0,,0,,0,39,0,h37,-0.0333,,,0
2026-06-16T23:14:04,route_mutation,0,,0,,0,39,0,h37,-0.0333,,,0
2026-06-16T23:14:34,route_mutation,0,,0,,0,39,0,h37,-0.0333,,,0
2026-06-16T23:15:05,route_mutation,0,,0,,0,39,0,h37,-0.0265,,,0
2026-06-16T23:15:35,ip_shuffle,2,h37|h19,0,,0.283,39,0,h37,0.0585,,,0
2026-06-16T23:16:39,route_mutation,0,,0,,0,39,0,h33,-0.0337,,,0
2026-06-16T23:17:09,route_mutation,0,,0,,0,39,0,h33,-0.0337,,,0
2026-06-16T23:17:39,route_mutation,0,,0,,0,39,0,h33,-0.0337,,,0
2026-06-16T23:18:10,route_mutation,0,,0,,0,39,0,h33,-0.0337,,,0
2026-06-16T23:18:40,route_mutation,0,,0,,0,39,0,h33,-0.0337,,,0
2026-06-16T23:19:10,route_mutation,0,,0,,0,39,0,h33,-0.0337,,,0
2026-06-16T23:19:40,route_mutation,0,,0,,0,39,0,h33,-0.0337,,,0
2026-06-16T23:20:11,route_mutation,0,,0,,0,39,0,h33,-0.0337,,,0
2026-06-16T23:20:41,route_mutation,0,,0,,0,39,0,h33,-0.0337,,,0
2026-06-16T23:21:11,route_mutation,0,,0,,0,39,0,h33,-0.0337,,,0
2026-06-16T23:21:41,ip_shuffle,1,h11,0,,0.1415,39,0,h11,0.0164,,,0
2026-06-16T23:22:39,route_mutation,0,,0,,0,39,0,h33,-0.0012,,,0
2026-06-16T23:23:09,route_mutation,0,,0,,0,39,0,h33,-0.0012,,,0
2026-06-16T23:23:39,route_mutation,0,,0,,0,39,0,h33,-0.0016,,,0
2026-06-16T23:24:09,route_mutation,0,,0,,0,39,0,h33,-0.0012,,,0
2026-06-16T23:24:39,route_mutation,0,,0,,0,39,0,h33,-0.0012,,,0
2026-06-16T23:25:10,route_mutation,0,,0,,0,39,0,h33,-0.0016,,,0
2026-06-16T23:25:40,route_mutation,0,,0,,0,39,0,h33,-0.0011,,,0
2026-06-16T23:26:10,route_mutation,0,,0,,0,39,0,h33,-0.0012,,,0
2026-06-16T23:26:40,route_mutation,0,,0,,0,39,0,h33,-0.0014,,,0
2026-06-16T23:27:10,route_mutation,0,,0,,0,39,0,h33,-0.0009,,,0
2026-06-16T23:27:41,route_mutation,0,,0,,0,39,0,h33,-0.0218,,,0
2026-06-16T23:28:11,route_mutation,0,,0,,0,39,0,h33,-0.0218,,,0
2026-06-16T23:28:41,route_mutation,0,,0,,0,39,0,h33,-0.0212,,,0
2026-06-16T23:29:11,route_mutation,0,,0,,0,39,0,h33,-0.0218,,,0
2026-06-16T23:29:41,ip_shuffle,1,h26,0,,0.1415,39,0,h26,0.0016,,,0
2026-06-16T23:30:39,route_mutation,0,,0,,0,39,0,h32,-0.0166,,,0
2026-06-16T23:31:09,route_mutation,0,,0,,0,39,0,h32,-0.0169,,,0
2026-06-16T23:31:39,route_mutation,0,,0,,0,39,0,h32,-0.0166,,,0
2026-06-16T23:32:09,route_mutation,0,,0,,0,39,0,h32,-0.0166,,,0
2026-06-16T23:32:40,route_mutation,0,,0,,0,39,0,h32,-0.0169,,,0
2026-06-16T23:33:10,route_mutation,0,,0,,0,39,0,h32,-0.0166,,,0
2026-06-16T23:33:40,route_mutation,0,,0,,0,39,0,h32,-0.0166,,,0
2026-06-16T23:34:10,route_mutation,0,,0,,0,39,0,h32,-0.0166,,,0
2026-06-16T23:34:40,route_mutation,0,,0,,0,39,0,h32,-0.0164,,,0
2026-06-16T23:35:11,route_mutation,0,,0,,0,39,0,h33,-0.0001,,,0
2026-06-16T23:35:41,ip_shuffle,2,h33|h32,0,,0.283,39,0,h33,0.0482,,,0
2026-06-16T23:36:45,ip_shuffle,1,h16,0,,0.1415,39,0,h16,0.0218,,,0
2026-06-16T23:37:42,route_mutation,0,,0,,0,39,0,h30,-0.0137,,,0
2026-06-16T23:38:13,route_mutation,0,,0,,0,39,0,h30,-0.0134,,,0
2026-06-16T23:38:43,route_mutation,0,,0,,0,39,0,h30,-0.0137,,,0
2026-06-16T23:39:13,route_mutation,0,,0,,0,39,0,h30,-0.0138,,,0
2026-06-16T23:39:43,route_mutation,0,,0,,0,39,0,h30,-0.0136,,,0
2026-06-16T23:40:13,route_mutation,0,,0,,0,39,0,h30,-0.0138,,,0
2026-06-16T23:40:43,route_mutation,0,,0,,0,39,0,h35,-0.0114,,,0
2026-06-16T23:41:14,route_mutation,0,,0,,0,39,0,h35,-0.0244,,,0
2026-06-16T23:41:44,route_mutation,0,,0,,0,39,0,h35,-0.0245,,,0
2026-06-16T23:42:14,ip_shuffle,2,h35|h34,0,,0.283,39,0,h35,0.0258,,,0
2026-06-16T23:43:18,route_mutation,0,,0,,0,39,0,h30,-0.0146,,,0
2026-06-16T23:43:48,route_mutation,0,,0,,0,39,0,h30,-0.0146,,,0
2026-06-16T23:44:19,route_mutation,0,,0,,0,39,0,h30,-0.0146,,,0
2026-06-16T23:44:49,route_mutation,0,,0,,0,39,0,h30,-0.0146,,,0
2026-06-16T23:45:19,route_mutation,0,,0,,0,39,0,h30,-0.0146,,,0
2026-06-16T23:45:49,route_mutation,0,,0,,0,39,0,h30,-0.0146,,,0
2026-06-16T23:46:19,route_mutation,0,,0,,0,39,0,h30,-0.0146,,,0
2026-06-16T23:46:49,route_mutation,0,,0,,0,39,0,h30,-0.0146,,,0
2026-06-16T23:47:20,route_mutation,0,,0,,0,39,0,h30,-0.0146,,,0
2026-06-16T23:47:50,ip_shuffle,1,h28,0,,0.1415,39,0,h28,0.0296,,,0
2026-06-16T23:48:47,ip_shuffle,1,h30,0,,0.1415,39,0,h30,0.0115,,,0
2026-06-16T23:49:45,route_mutation,0,,0,,0,39,0,h32,-0.0525,,,0
2026-06-16T23:50:15,route_mutation,0,,0,,0,39,0,h32,-0.0525,,,0
2026-06-16T23:50:45,route_mutation,0,,0,,0,39,0,h32,-0.0525,,,0
2026-06-16T23:51:16,route_mutation,0,,0,,0,39,0,h32,-0.0525,,,0
2026-06-16T23:51:46,route_mutation,0,,0,,0,39,0,h32,-0.0525,,,0
2026-06-16T23:52:16,route_mutation,0,,0,,0,39,0,h32,-0.0524,,,0
2026-06-16T23:52:46,route_mutation,0,,0,,0,39,0,h32,-0.0525,,,0
2026-06-16T23:53:16,route_mutation,0,,0,,0,39,0,h32,-0.0494,,,0
2026-06-16T23:53:47,route_mutation,0,,0,,0,39,0,h32,-0.0493,,,0
2026-06-16T23:54:17,route_mutation,0,,0,,0,39,0,h2,-0.0404,,,0
2026-06-16T23:54:47,route_mutation,0,,0,,0,39,0,h37,-0.0221,,,0
2026-06-16T23:55:17,ip_shuffle,3,h2|h32|h7,0,,0.4245,39,0,h2,0.0296,,,0
2026-06-16T23:56:28,route_mutation,0,,0,,0,39,0,h37,-0.0511,,,0
2026-06-16T23:56:58,route_mutation,0,,0,,0,39,0,h37,-0.0512,,,0
2026-06-16T23:57:28,route_mutation,0,,0,,0,39,0,h37,-0.0512,,,0
2026-06-16T23:57:59,route_mutation,0,,0,,0,39,0,h37,-0.0511,,,0
2026-06-16T23:58:29,route_mutation,0,,0,,0,39,0,h37,-0.0512,,,0
2026-06-16T23:58:59,route_mutation,0,,0,,0,39,0,h37,-0.0512,,,0
2026-06-16T23:59:29,route_mutation,0,,0,,0,39,0,h37,-0.0511,,,0
2026-06-16T23:59:59,route_mutation,0,,0,,0,39,0,h37,-0.0512,,,0
2026-06-17T00:00:29,route_mutation,0,,0,,0,39,0,h37,-0.0512,,,0
2026-06-17T00:01:00,ip_shuffle,1,h38,0,,0.1415,39,0,h38,0.0197,,,0
2026-06-17T00:01:57,route_mutation,0,,0,,0,39,0,h37,-0.0412,,,0
2026-06-17T00:02:27,route_mutation,0,,0,,0,39,0,h37,-0.0412,,,0
2026-06-17T00:02:58,route_mutation,0,,0,,0,39,0,h37,-0.0412,,,0
2026-06-17T00:03:28,route_mutation,0,,0,,0,39,0,h37,-0.0412,,,0
2026-06-17T00:03:58,route_mutation,0,,0,,0,39,0,h37,-0.0412,,,0
2026-06-17T00:04:28,route_mutation,0,,0,,0,39,0,h37,-0.0412,,,0
2026-06-17T00:04:58,route_mutation,0,,0,,0,39,0,h37,-0.0412,,,0
2026-06-17T00:05:28,route_mutation,0,,0,,0,39,0,h37,-0.0412,,,0
2026-06-17T00:05:59,route_mutation,0,,0,,0,39,0,h37,-0.041,,,0
2026-06-17T00:06:29,route_mutation,0,,0,,0,39,0,h39,-0.021,,,0
2026-06-17T00:06:59,route_mutation,0,,0,,0,39,0,h39,-0.021,,,0
2026-06-17T00:07:29,route_mutation,0,,0,,0,39,0,h39,-0.0192,,,0
2026-06-17T00:07:59,route_mutation,0,,0,,0,39,0,h39,-0.0207,,,0
2026-06-17T00:08:29,ip_shuffle,2,h21|h9,0,,0.283,39,0,h21,0.0296,,,0
2026-06-17T00:09:34,route_mutation,0,,0,,0,39,0,h37,-0.0251,,,0
2026-06-17T00:10:04,route_mutation,0,,0,,0,39,0,h37,-0.0251,,,0
2026-06-17T00:10:34,route_mutation,0,,0,,0,39,0,h37,-0.0249,,,0
2026-06-17T00:11:04,route_mutation,0,,0,,0,39,0,h37,-0.0252,,,0
2026-06-17T00:11:34,route_mutation,0,,0,,0,39,0,h37,-0.0251,,,0
2026-06-17T00:12:05,route_mutation,0,,0,,0,39,0,h37,-0.0249,,,0
2026-06-17T00:12:35,route_mutation,0,,0,,0,39,0,h37,-0.0252,,,0
2026-06-17T00:13:05,route_mutation,0,,0,,0,39,0,h37,-0.0251,,,0
2026-06-17T00:13:35,route_mutation,0,,0,,0,39,0,h37,-0.0249,,,0
2026-06-17T00:14:05,route_mutation,0,,0,,0,39,0,h18,-0.0387,,,0
2026-06-17T00:14:35,route_mutation,0,,0,,0,39,0,h18,-0.0404,,,0
2026-06-17T00:15:05,route_mutation,0,,0,,0,39,0,h29,-0.0387,,,0
2026-06-17T00:15:36,route_mutation,0,,0,,0,39,0,h29,-0.0387,,,0
2026-06-17T00:16:06,route_mutation,0,,0,,0,39,0,h29,-0.0402,,,0
2026-06-17T00:16:36,route_mutation,0,,0,,0,39,0,h29,-0.0384,,,0
2026-06-17T00:17:06,route_mutation,0,,0,,0,39,0,h18,-0.0389,,,0
2026-06-17T00:17:36,ip_shuffle,3,h37|h18|h19,0,,0.4245,39,0,h37,0.057,,,0
2026-06-17T00:18:48,route_mutation,0,,0,,0,39,0,h4,-0.008,,,0
2026-06-17T00:19:18,route_mutation,0,,0,,0,39,0,h4,-0.0081,,,0
2026-06-17T00:19:48,route_mutation,0,,0,,0,39,0,h4,-0.0079,,,0
2026-06-17T00:20:18,route_mutation,0,,0,,0,39,0,h4,-0.008,,,0
2026-06-17T00:20:48,route_mutation,0,,0,,0,39,0,h4,-0.0081,,,0
2026-06-17T00:21:19,route_mutation,0,,0,,0,39,0,h4,-0.0079,,,0
2026-06-17T00:21:49,route_mutation,0,,0,,0,39,0,h4,-0.008,,,0
2026-06-17T00:22:19,route_mutation,0,,0,,0,39,0,h4,-0.0081,,,0
2026-06-17T00:22:49,route_mutation,0,,0,,0,39,0,h33,-0.0337,,,0
2026-06-17T00:23:19,ip_shuffle,1,h13,0,,0.1415,39,0,h13,0.0296,,,0
2026-06-17T00:24:17,route_mutation,0,,0,,0,39,0,h33,-0.0218,,,0
2026-06-17T00:24:47,route_mutation,0,,0,,0,39,0,h33,-0.0218,,,0
2026-06-17T00:25:17,route_mutation,0,,0,,0,39,0,h33,-0.0218,,,0
2026-06-17T00:25:47,route_mutation,0,,0,,0,39,0,h33,-0.0218,,,0
2026-06-17T00:26:17,route_mutation,0,,0,,0,39,0,h33,-0.0218,,,0
2026-06-17T00:26:48,route_mutation,0,,0,,0,39,0,h33,-0.0218,,,0
2026-06-17T00:27:18,route_mutation,0,,0,,0,39,0,h33,-0.0218,,,0
2026-06-17T00:27:48,route_mutation,0,,0,,0,39,0,h33,-0.0216,,,0
2026-06-17T00:28:18,route_mutation,0,,0,,0,39,0,h33,-0.0218,,,0
2026-06-17T00:28:48,ip_shuffle,1,h17,0,,0.1415,39,0,h17,0.0296,,,0
2026-06-17T00:29:46,route_mutation,0,,0,,0,39,0,h35,-0.0059,,,0
2026-06-17T00:30:16,route_mutation,0,,0,,0,39,0,h35,-0.0059,,,0
2026-06-17T00:30:47,route_mutation,0,,0,,0,39,0,h35,-0.0059,,,0
2026-06-17T00:31:17,route_mutation,0,,0,,0,39,0,h35,-0.0058,,,0
2026-06-17T00:31:47,route_mutation,0,,0,,0,39,0,h35,-0.0059,,,0
2026-06-17T00:32:17,route_mutation,0,,0,,0,39,0,h35,-0.0059,,,0
2026-06-17T00:32:47,route_mutation,0,,0,,0,39,0,h35,-0.0059,,,0
2026-06-17T00:33:17,route_mutation,0,,0,,0,39,0,h35,-0.0059,,,0
2026-06-17T00:33:48,route_mutation,0,,0,,0,39,0,h35,-0.0059,,,0
2026-06-17T00:34:18,ip_shuffle,1,h26,0,,0.1415,39,0,h26,0.0296,,,0
2026-06-17T00:35:15,ip_shuffle,1,h35,0,,0.1415,39,0,h35,0.0093,,,0
2026-06-17T00:36:13,ip_shuffle,3,h30|h32|h33,0,,0.4245,39,0,h30,0.0305,,,0
2026-06-17T00:37:24,ip_shuffle,1,h34,0,,0.1415,39,0,h34,0.1073,,,0
2026-06-17T00:38:22,route_mutation,0,,0,,0,39,0,h25,-0.0567,,,0
2026-06-17T00:38:52,route_mutation,0,,0,,0,39,0,h25,-0.0568,,,0
2026-06-17T00:39:22,route_mutation,0,,0,,0,39,0,h25,-0.0567,,,0
2026-06-17T00:39:53,route_mutation,0,,0,,0,39,0,h25,-0.0567,,,0
2026-06-17T00:40:23,route_mutation,0,,0,,0,39,0,h25,-0.0568,,,0
2026-06-17T00:40:53,route_mutation,0,,0,,0,39,0,h25,-0.0567,,,0
2026-06-17T00:41:23,route_mutation,0,,0,,0,39,0,h25,-0.0576,,,0
2026-06-17T00:41:53,route_mutation,0,,0,,0,39,0,h38,-0.0608,,,0
2026-06-17T00:42:24,route_mutation,0,,0,,0,39,0,h38,-0.061,,,0
2026-06-17T00:42:54,route_mutation,0,,0,,0,39,0,h37,-0.0223,,,0
2026-06-17T00:43:24,route_mutation,0,,0,,0,39,0,h37,-0.0223,,,0
2026-06-17T00:43:54,route_mutation,0,,0,,0,39,0,h10,-0.0684,,,0
2026-06-17T00:44:24,route_mutation,0,,0,,0,39,0,h37,-0.0713,,,0
2026-06-17T00:44:54,route_mutation,0,,0,,0,39,0,h37,-0.0223,,,0
2026-06-17T00:45:25,route_mutation,0,,0,,0,39,0,h10,-0.0684,,,0
2026-06-17T00:45:55,route_mutation,0,,0,,0,39,0,h37,-0.0713,,,0
2026-06-17T00:46:25,route_mutation,0,,0,,0,39,0,h37,-0.0223,,,0
2026-06-17T00:46:55,route_mutation,0,,0,,0,39,0,h10,-0.0684,,,0
2026-06-17T00:47:25,route_mutation,0,,0,,0,39,0,h10,-0.0684,,,0
2026-06-17T00:47:55,route_mutation,0,,0,,0,39,0,h22,-0.0389,,,0
2026-06-17T00:48:26,route_mutation,0,,0,,0,39,0,h5,-0.0384,,,0
2026-06-17T00:48:56,route_mutation,0,,0,,0,39,0,h5,-0.0402,,,0
2026-06-17T00:49:26,route_mutation,0,,0,,0,39,0,h22,-0.0389,,,0
2026-06-17T00:49:56,route_mutation,0,,0,,0,39,0,h5,-0.0384,,,0
2026-06-17T00:50:26,route_mutation,0,,0,,0,39,0,h5,-0.0402,,,0
2026-06-17T00:50:56,route_mutation,0,,0,,0,39,0,h22,-0.0389,,,0
2026-06-17T00:51:27,route_mutation,0,,0,,0,39,0,h5,-0.0386,,,0
2026-06-17T00:51:57,route_mutation,0,,0,,0,39,0,h22,-0.0404,,,0
2026-06-17T00:52:27,ip_shuffle,1,h28,0,,0.1415,39,0,h28,0.0296,,,0
2026-06-17T00:53:25,ip_shuffle,1,h16,0,,0.1415,39,0,h16,0.0296,,,0
2026-06-17T00:54:22,route_mutation,0,,0,,0,39,0,h37,-0.0511,,,0
2026-06-17T00:54:53,route_mutation,0,,0,,0,39,0,h37,-0.0512,,,0
2026-06-17T00:55:23,route_mutation,0,,0,,0,39,0,h37,-0.0512,,,0
2026-06-17T00:55:53,route_mutation,0,,0,,0,39,0,h37,-0.0511,,,0
2026-06-17T00:56:23,route_mutation,0,,0,,0,39,0,h37,-0.0512,,,0
2026-06-17T00:56:53,route_mutation,0,,0,,0,39,0,h37,-0.0512,,,0
2026-06-17T00:57:23,route_mutation,0,,0,,0,39,0,h37,-0.0512,,,0
2026-06-17T00:57:54,route_mutation,0,,0,,0,39,0,h37,-0.0456,,,0
2026-06-17T00:58:24,route_mutation,0,,0,,0,39,0,h37,-0.0455,,,0
2026-06-17T00:58:54,ip_shuffle,1,h38,0,,0.1415,39,0,h38,0.0194,,,0
2026-06-17T00:59:52,ip_shuffle,1,h31,0,,0.1415,39,0,h31,0.0296,,,0
2026-06-17T01:00:49,route_mutation,0,,0,,0,39,0,h37,-0.0205,,,0
2026-06-17T01:01:19,route_mutation,0,,0,,0,39,0,h37,-0.0207,,,0
2026-06-17T01:01:50,route_mutation,0,,0,,0,39,0,h37,-0.0207,,,0
2026-06-17T01:02:20,route_mutation,0,,0,,0,39,0,h37,-0.0205,,,0
2026-06-17T01:02:50,route_mutation,0,,0,,0,39,0,h37,-0.0207,,,0
2026-06-17T01:03:20,route_mutation,0,,0,,0,39,0,h37,-0.0205,,,0
2026-06-17T01:03:51,route_mutation,0,,0,,0,39,0,h37,-0.0207,,,0
2026-06-17T01:04:21,route_mutation,0,,0,,0,39,0,h37,-0.0011,,,0
2026-06-17T01:04:51,route_mutation,0,,0,,0,39,0,h37,-0.001,,,0
2026-06-17T01:05:21,route_mutation,0,,0,,0,39,0,h36,-0.0015,,,0
2026-06-17T01:05:51,route_mutation,0,,0,,0,39,0,h36,-0.0015,,,0
2026-06-17T01:06:22,route_mutation,0,,0,,0,39,0,h36,-0.0,,,0
2026-06-17T01:06:52,route_mutation,0,,0,,0,39,0,h36,-0.0015,,,0
2026-06-17T01:07:22,route_mutation,0,,0,,0,39,0,h36,-0.0015,,,0
2026-06-17T01:07:52,ip_shuffle,1,h36,0,,0.1415,39,0,h36,0.0002,,,0
2026-06-17T01:08:50,route_mutation,0,,0,,0,39,0,h32,-0.0168,,,0
2026-06-17T01:09:20,route_mutation,0,,0,,0,39,0,h32,-0.0168,,,0
2026-06-17T01:09:50,route_mutation,0,,0,,0,39,0,h32,-0.0168,,,0
2026-06-17T01:10:20,route_mutation,0,,0,,0,39,0,h32,-0.0168,,,0
2026-06-17T01:10:50,route_mutation,0,,0,,0,39,0,h32,-0.0169,,,0
2026-06-17T01:11:21,route_mutation,0,,0,,0,39,0,h32,-0.0169,,,0
2026-06-17T01:11:51,route_mutation,0,,0,,0,39,0,h32,-0.0169,,,0
2026-06-17T01:12:21,route_mutation,0,,0,,0,39,0,h32,-0.0169,,,0
2026-06-17T01:12:51,route_mutation,0,,0,,0,39,0,h32,-0.0169,,,0
2026-06-17T01:13:21,route_mutation,0,,0,,0,39,0,h32,-0.0169,,,0
2026-06-17T01:13:51,ip_shuffle,2,h30|h21,0,,0.283,39,0,h30,0.0394,,,0
2026-06-17T01:14:56,ip_shuffle,1,h32,0,,0.1415,39,0,h32,0.001,,,0
2026-06-17T01:15:53,route_mutation,0,,0,,0,39,0,h35,-0.0021,,,0
2026-06-17T01:16:23,route_mutation,0,,0,,0,39,0,h35,-0.0023,,,0
2026-06-17T01:16:54,route_mutation,0,,0,,0,39,0,h35,-0.0023,,,0
2026-06-17T01:17:24,route_mutation,0,,0,,0,39,0,h35,-0.0021,,,0
2026-06-17T01:17:54,route_mutation,0,,0,,0,39,0,h35,-0.0023,,,0
2026-06-17T01:18:24,route_mutation,0,,0,,0,39,0,h35,-0.0023,,,0
2026-06-17T01:18:54,route_mutation,0,,0,,0,39,0,h35,-0.0021,,,0
2026-06-17T01:19:24,route_mutation,0,,0,,0,39,0,h35,-0.0023,,,0
2026-06-17T01:19:55,route_mutation,0,,0,,0,39,0,h35,-0.0023,,,0
2026-06-17T01:20:25,ip_shuffle,3,h37|h13|h18,0,,0.4245,39,0,h37,0.0585,,,0
2026-06-17T01:21:36,route_mutation,0,,0,,0,39,0,h35,-0.0023,,,0
2026-06-17T01:22:06,route_mutation,0,,0,,0,39,0,h35,-0.0023,,,0
2026-06-17T01:22:36,route_mutation,0,,0,,0,39,0,h35,-0.0023,,,0
2026-06-17T01:23:07,ip_shuffle,1,h35,0,,0.1415,39,0,h35,0.0013,,,0
2026-06-17T01:24:04,route_mutation,0,,0,,0,39,0,h33,-0.0125,,,0
2026-06-17T01:24:34,route_mutation,0,,0,,0,39,0,h33,-0.0126,,,0
2026-06-17T01:25:05,route_mutation,0,,0,,0,39,0,h33,-0.0126,,,0
2026-06-17T01:25:35,route_mutation,0,,0,,0,39,0,h33,-0.0125,,,0
2026-06-17T01:26:05,route_mutation,0,,0,,0,39,0,h33,-0.0102,,,0
2026-06-17T01:26:35,route_mutation,0,,0,,0,39,0,h33,-0.0101,,,0
2026-06-17T01:27:05,route_mutation,0,,0,,0,39,0,h33,-0.0104,,,0
2026-06-17T01:27:35,route_mutation,0,,0,,0,39,0,h33,-0.0102,,,0
2026-06-17T01:28:06,route_mutation,0,,0,,0,39,0,h33,-0.0102,,,0
2026-06-17T01:28:36,route_mutation,0,,0,,0,39,0,h33,-0.0218,,,0
2026-06-17T01:29:06,route_mutation,0,,0,,0,39,0,h33,-0.0218,,,0
2026-06-17T01:29:36,route_mutation,0,,0,,0,39,0,h33,-0.0218,,,0
2026-06-17T01:30:06,route_mutation,0,,0,,0,39,0,h26,-0.0076,,,0
2026-06-17T01:30:37,route_mutation,0,,0,,0,39,0,h26,-0.0074,,,0
2026-06-17T01:31:07,route_mutation,0,,0,,0,39,0,h26,-0.008,,,0
2026-06-17T01:31:37,ip_shuffle,1,h17,0,,0.1415,39,0,h17,0.0296,,,0
2026-06-17T01:32:35,route_mutation,0,,0,,0,39,0,h33,-0.0102,,,0
2026-06-17T01:33:05,route_mutation,0,,0,,0,39,0,h33,-0.0101,,,0
2026-06-17T01:33:35,route_mutation,0,,0,,0,39,0,h33,-0.0098,,,0
2026-06-17T01:34:05,route_mutation,0,,0,,0,39,0,h33,-0.0101,,,0
2026-06-17T01:34:35,route_mutation,0,,0,,0,39,0,h33,-0.0101,,,0
2026-06-17T01:35:05,route_mutation,0,,0,,0,39,0,h33,-0.0098,,,0
2026-06-17T01:35:36,route_mutation,0,,0,,0,39,0,h33,-0.0101,,,0
2026-06-17T01:36:06,route_mutation,0,,0,,0,39,0,h33,-0.0101,,,0
2026-06-17T01:36:36,route_mutation,0,,0,,0,39,0,h33,-0.0098,,,0
2026-06-17T01:37:06,ip_shuffle,2,h33|h34,0,,0.283,39,0,h33,0.0482,,,0
2026-06-17T01:38:10,route_mutation,0,,0,,0,39,0,h30,-0.0462,,,0
2026-06-17T01:38:41,route_mutation,0,,0,,0,39,0,h30,-0.0463,,,0
2026-06-17T01:39:11,route_mutation,0,,0,,0,39,0,h30,-0.0463,,,0
2026-06-17T01:39:41,route_mutation,0,,0,,0,39,0,h30,-0.0462,,,0
2026-06-17T01:40:11,route_mutation,0,,0,,0,39,0,h30,-0.0463,,,0
2026-06-17T01:40:41,route_mutation,0,,0,,0,39,0,h30,-0.0463,,,0
2026-06-17T01:41:12,route_mutation,0,,0,,0,39,0,h30,-0.0463,,,0
2026-06-17T01:41:42,route_mutation,0,,0,,0,39,0,h30,-0.0463,,,0
2026-06-17T01:42:12,route_mutation,0,,0,,0,39,0,h30,-0.0463,,,0
2026-06-17T01:42:42,route_mutation,0,,0,,0,39,0,h38,-0.0232,,,0
2026-06-17T01:43:12,route_mutation,0,,0,,0,39,0,h38,-0.0232,,,0
2026-06-17T01:43:43,route_mutation,0,,0,,0,39,0,h38,-0.0232,,,0
2026-06-17T01:44:13,route_mutation,0,,0,,0,39,0,h38,-0.0232,,,0
2026-06-17T01:44:43,ip_shuffle,1,h12,0,,0.1415,39,0,h12,0.0208,,,0
2026-06-17T01:45:40,route_mutation,0,,0,,0,39,0,h30,-0.0224,,,0
2026-06-17T01:46:11,route_mutation,0,,0,,0,39,0,h30,-0.0224,,,0
2026-06-17T01:46:41,route_mutation,0,,0,,0,39,0,h30,-0.0223,,,0
2026-06-17T01:47:11,route_mutation,0,,0,,0,39,0,h30,-0.0224,,,0
2026-06-17T01:47:41,route_mutation,0,,0,,0,39,0,h30,-0.0224,,,0
2026-06-17T01:48:11,route_mutation,0,,0,,0,39,0,h30,-0.0223,,,0
2026-06-17T01:48:42,route_mutation,0,,0,,0,39,0,h30,-0.0224,,,0
2026-06-17T01:49:12,route_mutation,0,,0,,0,39,0,h30,-0.0224,,,0
2026-06-17T01:49:42,route_mutation,0,,0,,0,39,0,h30,-0.0223,,,0
2026-06-17T01:50:12,route_mutation,0,,0,,0,39,0,h30,-0.0305,,,0
2026-06-17T01:50:42,ip_shuffle,3,h28|h30|h32,0,,0.4245,39,0,h28,0.0296,,,0
2026-06-17T01:51:53,route_mutation,0,,0,,0,39,0,h38,-0.0522,,,0
2026-06-17T01:52:23,route_mutation,0,,0,,0,39,0,h38,-0.0522,,,0
2026-06-17T01:52:53,route_mutation,0,,0,,0,39,0,h38,-0.0522,,,0
2026-06-17T01:53:24,route_mutation,0,,0,,0,39,0,h38,-0.0522,,,0
2026-06-17T01:53:54,route_mutation,0,,0,,0,39,0,h38,-0.0523,,,0
2026-06-17T01:54:24,route_mutation,0,,0,,0,39,0,h38,-0.0522,,,0
2026-06-17T01:54:54,route_mutation,0,,0,,0,39,0,h38,-0.0522,,,0
2026-06-17T01:55:24,route_mutation,0,,0,,0,39,0,h38,-0.0522,,,0
2026-06-17T01:55:54,route_mutation,0,,0,,0,39,0,h38,-0.0522,,,0
2026-06-17T01:56:25,ip_shuffle,2,h22|h23,0,,0.283,39,0,h22,0.0105,,,0
2026-06-17T01:57:29,ip_shuffle,1,h10,0,,0.1415,39,0,h10,0.0296,,,0
2026-06-17T01:58:27,route_mutation,0,,0,,0,39,0,h35,-0.0349,,,0
2026-06-17T01:58:57,route_mutation,0,,0,,0,39,0,h35,-0.035,,,0
2026-06-17T01:59:27,route_mutation,0,,0,,0,39,0,h35,-0.035,,,0
2026-06-17T01:59:57,route_mutation,0,,0,,0,39,0,h35,-0.0349,,,0
2026-06-17T02:00:27,route_mutation,0,,0,,0,39,0,h35,-0.035,,,0
2026-06-17T02:00:57,route_mutation,0,,0,,0,39,0,h35,-0.035,,,0
2026-06-17T02:01:28,route_mutation,0,,0,,0,39,0,h35,-0.0349,,,0
2026-06-17T02:01:58,route_mutation,0,,0,,0,39,0,h35,-0.044,,,0
2026-06-17T02:02:28,route_mutation,0,,0,,0,39,0,h35,-0.044,,,0
2026-06-17T02:02:58,ip_shuffle,1,h2,0,,0.1415,39,0,h2,0.0296,,,0
2026-06-17T02:03:56,ip_shuffle,1,h25,0,,0.1415,39,0,h25,0.0296,,,0
2026-06-17T02:04:53,route_mutation,0,,0,,0,39,0,h35,-0.016,,,0
2026-06-17T02:05:24,route_mutation,0,,0,,0,39,0,h35,-0.0162,,,0
2026-06-17T02:05:54,route_mutation,0,,0,,0,39,0,h35,-0.0162,,,0
2026-06-17T02:06:24,route_mutation,0,,0,,0,39,0,h35,-0.016,,,0
2026-06-17T02:06:54,route_mutation,0,,0,,0,39,0,h35,-0.0162,,,0
2026-06-17T02:07:24,route_mutation,0,,0,,0,39,0,h35,-0.0162,,,0
2026-06-17T02:07:54,route_mutation,0,,0,,0,39,0,h35,-0.0161,,,0
2026-06-17T02:08:25,route_mutation,0,,0,,0,39,0,h35,-0.0162,,,0
2026-06-17T02:08:55,route_mutation,0,,0,,0,39,0,h35,-0.0038,,,0
2026-06-17T02:09:25,route_mutation,0,,0,,0,39,0,h35,-0.0037,,,0
2026-06-17T02:09:55,ip_shuffle,2,h14|h15,0,,0.283,39,0,h14,0.0086,,,0
2026-06-17T02:10:59,ip_shuffle,1,h35,0,,0.1415,39,0,h35,0.0136,,,0
2026-06-17T02:11:57,ip_shuffle,2,h37|h4,0,,0.283,39,0,h37,0.1147,,,0
2026-06-17T02:13:01,ip_shuffle,1,h32,0,,0.1415,39,0,h32,0.0106,,,0
2026-06-17T02:13:59,ip_shuffle,1,h30,0,,0.1415,39,0,h30,0.0013,,,0
2026-06-17T02:14:57,route_mutation,0,,0,,0,39,0,h22,-0.0167,,,0
2026-06-17T02:15:27,route_mutation,0,,0,,0,39,0,h22,-0.015,,,0
2026-06-17T02:15:57,route_mutation,0,,0,,0,39,0,h22,-0.015,,,0
2026-06-17T02:16:27,ip_shuffle,1,h22,0,,0.1415,39,0,h22,0.0006,,,0
2026-06-17T02:17:25,route_mutation,0,,0,,0,39,0,h33,-0.0218,,,0
2026-06-17T02:17:55,route_mutation,0,,0,,0,39,0,h33,-0.0216,,,0
2026-06-17T02:18:25,route_mutation,0,,0,,0,39,0,h33,-0.0218,,,0
2026-06-17T02:18:56,route_mutation,0,,0,,0,39,0,h33,-0.0155,,,0
2026-06-17T02:19:26,route_mutation,0,,0,,0,39,0,h33,-0.0153,,,0
2026-06-17T02:19:56,route_mutation,0,,0,,0,39,0,h33,-0.0217,,,0
2026-06-17T02:20:26,route_mutation,0,,0,,0,39,0,h33,-0.0215,,,0
2026-06-17T02:20:56,route_mutation,0,,0,,0,39,0,h33,-0.0217,,,0
2026-06-17T02:21:26,route_mutation,0,,0,,0,39,0,h33,-0.0215,,,0
2026-06-17T02:21:57,route_mutation,0,,0,,0,39,0,h33,-0.02,,,0
2026-06-17T02:22:27,route_mutation,0,,0,,0,39,0,h33,-0.0213,,,0
2026-06-17T02:22:57,route_mutation,0,,0,,0,39,0,h33,-0.0195,,,0
2026-06-17T02:23:27,route_mutation,0,,0,,0,39,0,h33,-0.0218,,,0
2026-06-17T02:23:57,ip_shuffle,2,h18|h34,0,,0.283,39,0,h18,0.0293,,,0
2026-06-17T02:25:01,ip_shuffle,1,h16,0,,0.1415,39,0,h16,0.0234,,,0
2026-06-17T02:25:59,ip_shuffle,1,h33,0,,0.1415,39,0,h33,0.0068,,,0
2026-06-17T02:26:57,route_mutation,0,,0,,0,39,0,h35,-0.0138,,,0
2026-06-17T02:27:27,route_mutation,0,,0,,0,39,0,h35,-0.0137,,,0
2026-06-17T02:27:57,route_mutation,0,,0,,0,39,0,h35,-0.0136,,,0
2026-06-17T02:28:27,route_mutation,0,,0,,0,39,0,h35,-0.0137,,,0
2026-06-17T02:28:57,route_mutation,0,,0,,0,39,0,h35,-0.0183,,,0
2026-06-17T02:29:27,route_mutation,0,,0,,0,39,0,h35,-0.0302,,,0
2026-06-17T02:29:58,route_mutation,0,,0,,0,39,0,h35,-0.0302,,,0
2026-06-17T02:30:28,route_mutation,0,,0,,0,39,0,h35,-0.0302,,,0
2026-06-17T02:30:58,route_mutation,0,,0,,0,39,0,h35,-0.0302,,,0
2026-06-17T02:31:28,ip_shuffle,1,h17,0,,0.1415,39,0,h17,0.0296,,,0
2026-06-17T02:32:26,route_mutation,0,,0,,0,39,0,h35,-0.0162,,,0
2026-06-17T02:32:56,route_mutation,0,,0,,0,39,0,h35,-0.0162,,,0
2026-06-17T02:33:26,route_mutation,0,,0,,0,39,0,h35,-0.0161,,,0
2026-06-17T02:33:56,route_mutation,0,,0,,0,39,0,h35,-0.0162,,,0
2026-06-17T02:34:26,route_mutation,0,,0,,0,39,0,h35,-0.0162,,,0
2026-06-17T02:34:57,route_mutation,0,,0,,0,39,0,h35,-0.0161,,,0
2026-06-17T02:35:27,route_mutation,0,,0,,0,39,0,h35,-0.0162,,,0
2026-06-17T02:35:57,route_mutation,0,,0,,0,39,0,h35,-0.0162,,,0
2026-06-17T02:36:27,route_mutation,0,,0,,0,39,0,h35,-0.0161,,,0
2026-06-17T02:36:57,route_mutation,0,,0,,0,39,0,h35,-0.0162,,,0
2026-06-17T02:37:28,ip_shuffle,1,h32,0,,0.1415,39,0,h32,0.0321,,,0
2026-06-17T02:38:25,ip_shuffle,1,h35,0,,0.1415,39,0,h35,0.0177,,,0
2026-06-17T02:39:23,ip_shuffle,1,h34,0,,0.1415,39,0,h34,0.0078,,,0
2026-06-17T02:40:20,ip_shuffle,1,h30,0,,0.1415,39,0,h30,0.0013,,,0
2026-06-17T02:41:18,route_mutation,0,,0,,0,39,0,h37,-0.0295,,,0
2026-06-17T02:41:48,route_mutation,0,,0,,0,39,0,h37,-0.0296,,,0
2026-06-17T02:42:18,route_mutation,0,,0,,0,39,0,h37,-0.0294,,,0
2026-06-17T02:42:48,route_mutation,0,,0,,0,39,0,h37,-0.0295,,,0
2026-06-17T02:43:19,route_mutation,0,,0,,0,39,0,h37,-0.0412,,,0
2026-06-17T02:43:49,route_mutation,0,,0,,0,39,0,h37,-0.041,,,0
2026-06-17T02:44:19,route_mutation,0,,0,,0,39,0,h37,-0.041,,,0
2026-06-17T02:44:49,route_mutation,0,,0,,0,39,0,h37,-0.0297,,,0
2026-06-17T02:45:19,route_mutation,0,,0,,0,39,0,h37,-0.0297,,,0
2026-06-17T02:45:49,route_mutation,0,,0,,0,39,0,h12,-0.0386,,,0
2026-06-17T02:46:20,route_mutation,0,,0,,0,39,0,h12,-0.0404,,,0
2026-06-17T02:46:50,route_mutation,0,,0,,0,39,0,h37,-0.0412,,,0
2026-06-17T02:47:20,ip_shuffle,1,h37,0,,0.1415,39,0,h37,0.0188,,,0
2026-06-17T02:48:18,route_mutation,0,,0,,0,39,0,h32,-0.0445,,,0
2026-06-17T02:48:48,route_mutation,0,,0,,0,39,0,h32,-0.0446,,,0
2026-06-17T02:49:18,route_mutation,0,,0,,0,39,0,h32,-0.0444,,,0
2026-06-17T02:49:48,route_mutation,0,,0,,0,39,0,h32,-0.0445,,,0
2026-06-17T02:50:18,route_mutation,0,,0,,0,39,0,h32,-0.0445,,,0
2026-06-17T02:50:49,route_mutation,0,,0,,0,39,0,h32,-0.0444,,,0
2026-06-17T02:51:19,route_mutation,0,,0,,0,39,0,h32,-0.0445,,,0
2026-06-17T02:51:49,route_mutation,0,,0,,0,39,0,h32,-0.0446,,,0
2026-06-17T02:52:19,route_mutation,0,,0,,0,39,0,h32,-0.0444,,,0
2026-06-17T02:52:49,route_mutation,0,,0,,0,39,0,h38,-0.0101,,,0
2026-06-17T02:53:20,route_mutation,0,,0,,0,39,0,h33,-0.0089,,,0
2026-06-17T02:53:50,route_mutation,0,,0,,0,39,0,h33,-0.0087,,,0
2026-06-17T02:54:20,route_mutation,0,,0,,0,39,0,h33,-0.0089,,,0
2026-06-17T02:54:50,ip_shuffle,2,h38|h28,0,,0.283,39,0,h38,0.0879,,,0
2026-06-17T02:55:55,route_mutation,0,,0,,0,39,0,h32,-0.0042,,,0
2026-06-17T02:56:25,route_mutation,0,,0,,0,39,0,h32,-0.0041,,,0
2026-06-17T02:56:55,route_mutation,0,,0,,0,39,0,h32,-0.0041,,,0
2026-06-17T02:57:25,route_mutation,0,,0,,0,39,0,h32,-0.0042,,,0
2026-06-17T02:57:55,route_mutation,0,,0,,0,39,0,h32,-0.0041,,,0
2026-06-17T02:58:26,route_mutation,0,,0,,0,39,0,h32,-0.0042,,,0
2026-06-17T02:58:56,route_mutation,0,,0,,0,39,0,h32,-0.0042,,,0
2026-06-17T02:59:26,route_mutation,0,,0,,0,39,0,h32,-0.0041,,,0
2026-06-17T02:59:56,route_mutation,0,,0,,0,39,0,h32,-0.0042,,,0
2026-06-17T03:00:26,route_mutation,0,,0,,0,39,0,h32,-0.0281,,,0
2026-06-17T03:00:56,ip_shuffle,1,h32,0,,0.1415,39,0,h32,0.0252,,,0
2026-06-17T03:01:54,route_mutation,0,,0,,0,39,0,h33,-0.0337,,,0
2026-06-17T03:02:24,route_mutation,0,,0,,0,39,0,h33,-0.0337,,,0
2026-06-17T03:02:54,route_mutation,0,,0,,0,39,0,h33,-0.0337,,,0
2026-06-17T03:03:24,route_mutation,0,,0,,0,39,0,h33,-0.0167,,,0
2026-06-17T03:03:55,route_mutation,0,,0,,0,39,0,h33,-0.0166,,,0
2026-06-17T03:04:25,route_mutation,0,,0,,0,39,0,h33,-0.0167,,,0
2026-06-17T03:04:55,route_mutation,0,,0,,0,39,0,h33,-0.0167,,,0
2026-06-17T03:05:25,route_mutation,0,,0,,0,39,0,h33,-0.0167,,,0
2026-06-17T03:05:55,route_mutation,0,,0,,0,39,0,h33,-0.0167,,,0
2026-06-17T03:06:26,route_mutation,0,,0,,0,39,0,h33,-0.0167,,,0
2026-06-17T03:06:56,ip_shuffle,2,h33|h27,0,,0.283,39,0,h33,0.1175,,,0
2026-06-17T03:08:00,route_mutation,0,,0,,0,39,0,h37,-0.0373,,,0
2026-06-17T03:08:30,route_mutation,0,,0,,0,39,0,h37,-0.0372,,,0
2026-06-17T03:09:00,route_mutation,0,,0,,0,39,0,h37,-0.0372,,,0
2026-06-17T03:09:30,route_mutation,0,,0,,0,39,0,h37,-0.0373,,,0
2026-06-17T03:10:01,route_mutation,0,,0,,0,39,0,h37,-0.0372,,,0
2026-06-17T03:10:31,route_mutation,0,,0,,0,39,0,h37,-0.0371,,,0
2026-06-17T03:11:01,route_mutation,0,,0,,0,39,0,h37,-0.0373,,,0
2026-06-17T03:11:31,route_mutation,0,,0,,0,39,0,h37,-0.0372,,,0
2026-06-17T03:12:01,route_mutation,0,,0,,0,39,0,h37,-0.0371,,,0
2026-06-17T03:12:31,route_mutation,0,,0,,0,39,0,h39,-0.021,,,0
2026-06-17T03:13:02,route_mutation,0,,0,,0,39,0,h39,-0.0195,,,0
2026-06-17T03:13:32,route_mutation,0,,0,,0,39,0,h39,-0.021,,,0
2026-06-17T03:14:02,route_mutation,0,,0,,0,39,0,h39,-0.021,,,0
2026-06-17T03:14:32,route_mutation,0,,0,,0,39,0,h39,-0.0195,,,0
2026-06-17T03:15:02,route_mutation,0,,0,,0,39,0,h39,-0.021,,,0
2026-06-17T03:15:32,route_mutation,0,,0,,0,39,0,h39,-0.021,,,0
2026-06-17T03:16:03,route_mutation,0,,0,,0,39,0,h39,-0.0195,,,0
2026-06-17T03:16:33,route_mutation,0,,0,,0,39,0,h39,-0.021,,,0
2026-06-17T03:17:03,route_mutation,0,,0,,0,39,0,h29,-0.0404,,,0
2026-06-17T03:17:33,route_mutation,0,,0,,0,39,0,h29,-0.0386,,,0
2026-06-17T03:18:03,route_mutation,0,,0,,0,39,0,h29,-0.0402,,,0
2026-06-17T03:18:34,route_mutation,0,,0,,0,39,0,h29,-0.0402,,,0
2026-06-17T03:19:04,route_mutation,0,,0,,0,39,0,h29,-0.0384,,,0
2026-06-17T03:19:34,ip_shuffle,1,h3,0,,0.1415,39,0,h3,0.0294,,,0
2026-06-17T03:20:31,route_mutation,0,,0,,0,39,0,h30,-0.0213,,,0
2026-06-17T03:21:02,route_mutation,0,,0,,0,39,0,h30,-0.0213,,,0
2026-06-17T03:21:32,route_mutation,0,,0,,0,39,0,h30,-0.0215,,,0
2026-06-17T03:22:02,route_mutation,0,,0,,0,39,0,h30,-0.0213,,,0
2026-06-17T03:22:32,route_mutation,0,,0,,0,39,0,h30,-0.0215,,,0
2026-06-17T03:23:02,route_mutation,0,,0,,0,39,0,h30,-0.0215,,,0
2026-06-17T03:23:33,route_mutation,0,,0,,0,39,0,h30,-0.0214,,,0
2026-06-17T03:24:03,route_mutation,0,,0,,0,39,0,h30,-0.0215,,,0
2026-06-17T03:24:33,route_mutation,0,,0,,0,39,0,h30,-0.0212,,,0
2026-06-17T03:25:03,ip_shuffle,2,h24|h30,0,,0.283,39,0,h24,0.0294,,,0
2026-06-17T03:26:07,route_mutation,0,,0,,0,39,0,h35,-0.0042,,,0
2026-06-17T03:26:37,route_mutation,0,,0,,0,39,0,h35,-0.0041,,,0
2026-06-17T03:27:07,route_mutation,0,,0,,0,39,0,h35,-0.0089,,,0
2026-06-17T03:27:38,route_mutation,0,,0,,0,39,0,h35,-0.0091,,,0
2026-06-17T03:28:08,route_mutation,0,,0,,0,39,0,h35,-0.0088,,,0
2026-06-17T03:28:38,route_mutation,0,,0,,0,39,0,h35,-0.0088,,,0
2026-06-17T03:29:08,route_mutation,0,,0,,0,39,0,h35,-0.009,,,0
2026-06-17T03:29:38,route_mutation,0,,0,,0,39,0,h35,-0.0016,,,0
2026-06-17T03:30:08,route_mutation,0,,0,,0,39,0,h35,-0.0016,,,0
2026-06-17T03:30:39,ip_shuffle,1,h35,0,,0.1415,39,0,h35,0.1341,,,0
2026-06-17T03:31:36,route_mutation,0,,0,,0,39,0,h32,-0.0466,,,0
2026-06-17T03:32:06,route_mutation,0,,0,,0,39,0,h32,-0.0525,,,0
2026-06-17T03:32:37,route_mutation,0,,0,,0,39,0,h32,-0.0525,,,0
2026-06-17T03:33:07,route_mutation,0,,0,,0,39,0,h32,-0.0525,,,0
2026-06-17T03:33:37,route_mutation,0,,0,,0,39,0,h32,-0.0525,,,0
2026-06-17T03:34:07,route_mutation,0,,0,,0,39,0,h32,-0.0525,,,0
2026-06-17T03:34:37,route_mutation,0,,0,,0,39,0,h32,-0.0525,,,0
2026-06-17T03:35:07,route_mutation,0,,0,,0,39,0,h32,-0.0525,,,0
2026-06-17T03:35:38,route_mutation,0,,0,,0,39,0,h32,-0.0525,,,0
2026-06-17T03:36:08,route_mutation,0,,0,,0,39,0,h11,-0.0387,,,0
2026-06-17T03:36:38,route_mutation,0,,0,,0,39,0,h11,-0.0404,,,0
2026-06-17T03:37:08,route_mutation,0,,0,,0,39,0,h11,-0.0389,,,0
2026-06-17T03:37:38,route_mutation,0,,0,,0,39,0,h11,-0.0387,,,0
2026-06-17T03:38:09,route_mutation,0,,0,,0,39,0,h26,-0.0384,,,0
2026-06-17T03:38:39,ip_shuffle,1,h12,0,,0.1415,39,0,h12,0.0033,,,0
2026-06-17T03:39:36,ip_shuffle,1,h4,0,,0.1415,39,0,h4,0.0296,,,0
2026-06-17T03:40:34,route_mutation,0,,0,,0,39,0,h32,-0.0073,,,0
2026-06-17T03:41:04,route_mutation,0,,0,,0,39,0,h32,-0.0072,,,0
2026-06-17T03:41:35,route_mutation,0,,0,,0,39,0,h32,-0.0073,,,0
2026-06-17T03:42:05,route_mutation,0,,0,,0,39,0,h32,-0.0071,,,0
2026-06-17T03:42:35,route_mutation,0,,0,,0,39,0,h32,-0.0073,,,0
2026-06-17T03:43:05,route_mutation,0,,0,,0,39,0,h32,-0.0073,,,0
2026-06-17T03:43:35,route_mutation,0,,0,,0,39,0,h32,-0.0072,,,0
2026-06-17T03:44:06,ip_shuffle,1,h32,0,,0.1415,39,0,h32,0.001,,,0
2026-06-17T03:45:03,ip_shuffle,1,h16,0,,0.1415,39,0,h16,0.0231,,,0
2026-06-17T03:46:01,route_mutation,0,,0,,0,39,0,h37,-0.0412,,,0
2026-06-17T03:46:31,route_mutation,0,,0,,0,39,0,h37,-0.0411,,,0
2026-06-17T03:47:01,route_mutation,0,,0,,0,39,0,h37,-0.0412,,,0
2026-06-17T03:47:31,route_mutation,0,,0,,0,39,0,h37,-0.0412,,,0
2026-06-17T03:48:01,route_mutation,0,,0,,0,39,0,h37,-0.0411,,,0
2026-06-17T03:48:32,route_mutation,0,,0,,0,39,0,h37,-0.0412,,,0
2026-06-17T03:49:02,route_mutation,0,,0,,0,39,0,h37,-0.0412,,,0
2026-06-17T03:49:32,route_mutation,0,,0,,0,39,0,h37,-0.0411,,,0
2026-06-17T03:50:02,route_mutation,0,,0,,0,39,0,h33,-0.0366,,,0
2026-06-17T03:50:32,route_mutation,0,,0,,0,39,0,h33,-0.0364,,,0
2026-06-17T03:51:02,route_mutation,0,,0,,0,39,0,h37,-0.0397,,,0
2026-06-17T03:51:33,route_mutation,0,,0,,0,39,0,h5,-0.0387,,,0
2026-06-17T03:52:03,route_mutation,0,,0,,0,39,0,h28,-0.0387,,,0
2026-06-17T03:52:33,ip_shuffle,3,h28|h37|h33,0,,0.4245,39,0,h28,0.0296,,,0
2026-06-17T03:53:44,ip_shuffle,1,h31,0,,0.1415,39,0,h31,0.0296,,,0
2026-06-17T03:54:42,ip_shuffle,1,h34,0,,0.1415,39,0,h34,0.0744,,,0
2026-06-17T03:55:39,ip_shuffle,1,h30,0,,0.1415,39,0,h30,0.0129,,,0
2026-06-17T03:56:37,route_mutation,0,,0,,0,39,0,h35,-0.0162,,,0
2026-06-17T03:57:07,route_mutation,0,,0,,0,39,0,h35,-0.0162,,,0
2026-06-17T03:57:37,route_mutation,0,,0,,0,39,0,h35,-0.0162,,,0
2026-06-17T03:58:07,route_mutation,0,,0,,0,39,0,h35,-0.0162,,,0
2026-06-17T03:58:37,route_mutation,0,,0,,0,39,0,h35,-0.0161,,,0
2026-06-17T03:59:07,route_mutation,0,,0,,0,39,0,h35,-0.0162,,,0
2026-06-17T03:59:38,route_mutation,0,,0,,0,39,0,h35,-0.0162,,,0
2026-06-17T04:00:08,route_mutation,0,,0,,0,39,0,h35,-0.0162,,,0
2026-06-17T04:00:38,route_mutation,0,,0,,0,39,0,h35,-0.0162,,,0
2026-06-17T04:01:08,ip_shuffle,1,h38,0,,0.1415,39,0,h38,0.0179,,,0
2026-06-17T04:02:06,ip_shuffle,1,h35,0,,0.1415,39,0,h35,0.0091,,,0
2026-06-17T04:03:04,ip_shuffle,1,h32,0,,0.1415,39,0,h32,0.001,,,0
2026-06-17T04:04:01,route_mutation,0,,0,,0,39,0,h33,-0.0576,,,0
2026-06-17T04:04:31,route_mutation,0,,0,,0,39,0,h33,-0.0577,,,0
2026-06-17T04:05:01,route_mutation,0,,0,,0,39,0,h33,-0.0576,,,0
2026-06-17T04:05:32,route_mutation,0,,0,,0,39,0,h33,-0.0577,,,0
2026-06-17T04:06:02,route_mutation,0,,0,,0,39,0,h33,-0.0577,,,0
2026-06-17T04:06:32,route_mutation,0,,0,,0,39,0,h33,-0.0576,,,0
2026-06-17T04:07:02,route_mutation,0,,0,,0,39,0,h33,-0.0577,,,0
2026-06-17T04:07:32,route_mutation,0,,0,,0,39,0,h33,-0.0577,,,0
2026-06-17T04:08:02,route_mutation,0,,0,,0,39,0,h33,-0.0577,,,0
2026-06-17T04:08:33,route_mutation,0,,0,,0,39,0,h33,-0.0577,,,0
2026-06-17T04:09:03,ip_shuffle,2,h33|h27,0,,0.283,39,0,h33,0.0599,,,0
2026-06-17T04:10:07,ip_shuffle,1,h22,0,,0.1415,39,0,h22,0.0295,,,0
2026-06-17T04:11:05,route_mutation,0,,0,,0,39,0,h37,-0.0369,,,0
2026-06-17T04:11:35,route_mutation,0,,0,,0,39,0,h37,-0.0367,,,0
2026-06-17T04:12:05,route_mutation,0,,0,,0,39,0,h37,-0.037,,,0
2026-06-17T04:12:35,route_mutation,0,,0,,0,39,0,h37,-0.0368,,,0
2026-06-17T04:13:05,route_mutation,0,,0,,0,39,0,h37,-0.0367,,,0
2026-06-17T04:13:36,route_mutation,0,,0,,0,39,0,h37,-0.037,,,0
2026-06-17T04:14:06,route_mutation,0,,0,,0,39,0,h37,-0.0368,,,0
2026-06-17T04:14:36,route_mutation,0,,0,,0,39,0,h37,-0.0367,,,0
2026-06-17T04:15:06,route_mutation,0,,0,,0,39,0,h30,-0.0394,,,0
2026-06-17T04:15:36,route_mutation,0,,0,,0,39,0,h30,-0.0393,,,0
2026-06-17T04:16:06,route_mutation,0,,0,,0,39,0,h10,-0.0387,,,0
2026-06-17T04:16:37,route_mutation,0,,0,,0,39,0,h10,-0.0389,,,0
2026-06-17T04:17:07,route_mutation,0,,0,,0,39,0,h10,-0.0404,,,0
2026-06-17T04:17:37,ip_shuffle,3,h10|h14|h3,0,,0.4245,39,0,h10,0.0294,,,0
2026-06-17T04:18:48,route_mutation,0,,0,,0,39,0,h30,-0.0305,,,0
2026-06-17T04:19:18,route_mutation,0,,0,,0,39,0,h30,-0.0303,,,0
2026-06-17T04:19:48,route_mutation,0,,0,,0,39,0,h30,-0.0305,,,0
2026-06-17T04:20:18,route_mutation,0,,0,,0,39,0,h30,-0.0305,,,0
2026-06-17T04:20:48,route_mutation,0,,0,,0,39,0,h30,-0.0303,,,0
2026-06-17T04:21:19,route_mutation,0,,0,,0,39,0,h30,-0.0305,,,0
2026-06-17T04:21:49,route_mutation,0,,0,,0,39,0,h30,-0.0305,,,0
2026-06-17T04:22:19,route_mutation,0,,0,,0,39,0,h30,-0.0303,,,0
2026-06-17T04:22:49,route_mutation,0,,0,,0,39,0,h30,-0.0305,,,0
2026-06-17T04:23:19,ip_shuffle,3,h16|h17|h21,0,,0.4245,39,0,h16,0.0296,,,0
2026-06-17T04:24:30,ip_shuffle,1,h30,0,,0.1415,39,0,h30,0.0018,,,0
2026-06-17T04:25:28,route_mutation,0,,0,,0,39,0,h32,-0.0223,,,0
2026-06-17T04:25:58,route_mutation,0,,0,,0,39,0,h32,-0.0222,,,0
2026-06-17T04:26:28,route_mutation,0,,0,,0,39,0,h32,-0.0224,,,0
2026-06-17T04:26:58,route_mutation,0,,0,,0,39,0,h32,-0.0223,,,0
2026-06-17T04:27:29,route_mutation,0,,0,,0,39,0,h32,-0.0224,,,0
2026-06-17T04:27:59,route_mutation,0,,0,,0,39,0,h32,-0.0225,,,0
2026-06-17T04:28:29,route_mutation,0,,0,,0,39,0,h32,-0.0224,,,0
2026-06-17T04:28:59,route_mutation,0,,0,,0,39,0,h37,-0.0328,,,0
2026-06-17T04:29:29,route_mutation,0,,0,,0,39,0,h32,-0.0347,,,0
2026-06-17T04:29:59,ip_shuffle,3,h35|h37|h34,0,,0.4245,39,0,h35,0.0735,,,0
2026-06-17T04:31:10,route_mutation,0,,0,,0,39,0,h32,-0.011,,,0
2026-06-17T04:31:41,route_mutation,0,,0,,0,39,0,h32,-0.0109,,,0
2026-06-17T04:32:11,route_mutation,0,,0,,0,39,0,h32,-0.0111,,,0
2026-06-17T04:32:41,route_mutation,0,,0,,0,39,0,h32,-0.0109,,,0
2026-06-17T04:33:11,route_mutation,0,,0,,0,39,0,h32,-0.0109,,,0
2026-06-17T04:33:41,route_mutation,0,,0,,0,39,0,h32,-0.0111,,,0
2026-06-17T04:34:11,route_mutation,0,,0,,0,39,0,h32,-0.0109,,,0
2026-06-17T04:34:42,route_mutation,0,,0,,0,39,0,h32,-0.0109,,,0
2026-06-17T04:35:12,route_mutation,0,,0,,0,39,0,h32,-0.0169,,,0
2026-06-17T04:35:42,route_mutation,0,,0,,0,39,0,h32,-0.0156,,,0
2026-06-17T04:36:12,route_mutation,0,,0,,0,39,0,h32,-0.0156,,,0
2026-06-17T04:36:42,route_mutation,0,,0,,0,39,0,h32,-0.0169,,,0
2026-06-17T04:37:13,route_mutation,0,,0,,0,39,0,h32,-0.0156,,,0
2026-06-17T04:37:43,route_mutation,0,,0,,0,39,0,h32,-0.0156,,,0
2026-06-17T04:38:13,route_mutation,0,,0,,0,39,0,h32,-0.0169,,,0
2026-06-17T04:38:43,route_mutation,0,,0,,0,39,0,h32,-0.0156,,,0
2026-06-17T04:39:13,route_mutation,0,,0,,0,39,0,h32,-0.0156,,,0
2026-06-17T04:39:43,route_mutation,0,,0,,0,39,0,h32,-0.0169,,,0
2026-06-17T04:40:14,route_mutation,0,,0,,0,39,0,h32,-0.0156,,,0
2026-06-17T04:40:44,route_mutation,0,,0,,0,39,0,h32,-0.0156,,,0
2026-06-17T04:41:14,route_mutation,0,,0,,0,39,0,h32,-0.0169,,,0
2026-06-17T04:41:44,route_mutation,0,,0,,0,39,0,h32,-0.0156,,,0
2026-06-17T04:42:14,route_mutation,0,,0,,0,39,0,h32,-0.0169,,,0
2026-06-17T04:42:44,route_mutation,0,,0,,0,39,0,h32,-0.0169,,,0
2026-06-17T04:43:15,route_mutation,0,,0,,0,39,0,h32,-0.0156,,,0
2026-06-17T04:43:45,route_mutation,0,,0,,0,39,0,h32,-0.0169,,,0
2026-06-17T04:44:15,route_mutation,0,,0,,0,39,0,h32,-0.0169,,,0
2026-06-17T04:44:45,route_mutation,0,,0,,0,39,0,h32,-0.0156,,,0
2026-06-17T04:45:15,route_mutation,0,,0,,0,39,0,h32,-0.0169,,,0
2026-06-17T04:45:46,route_mutation,0,,0,,0,39,0,h32,-0.0169,,,0
2026-06-17T04:46:16,route_mutation,0,,0,,0,39,0,h32,-0.0156,,,0
2026-06-17T04:46:46,route_mutation,0,,0,,0,39,0,h32,-0.0169,,,0
2026-06-17T04:47:16,route_mutation,0,,0,,0,39,0,h32,-0.0169,,,0
2026-06-17T04:47:46,route_mutation,0,,0,,0,39,0,h32,-0.0156,,,0
2026-06-17T04:48:16,route_mutation,0,,0,,0,39,0,h32,-0.0169,,,0
2026-06-17T04:48:47,route_mutation,0,,0,,0,39,0,h32,-0.0156,,,0
2026-06-17T04:49:17,route_mutation,0,,0,,0,39,0,h32,-0.0156,,,0
2026-06-17T04:49:47,route_mutation,0,,0,,0,39,0,h32,-0.0169,,,0
2026-06-17T04:50:17,route_mutation,0,,0,,0,39,0,h32,-0.0156,,,0
2026-06-17T04:50:47,route_mutation,0,,0,,0,39,0,h32,-0.0156,,,0
2026-06-17T04:51:17,route_mutation,0,,0,,0,39,0,h32,-0.0169,,,0
2026-06-17T04:51:48,route_mutation,0,,0,,0,39,0,h32,-0.0156,,,0
2026-06-17T04:52:18,route_mutation,0,,0,,0,39,0,h32,-0.0156,,,0
2026-06-17T04:52:48,route_mutation,0,,0,,0,39,0,h32,-0.0169,,,0
2026-06-17T04:53:18,ip_shuffle,1,h32,0,,0.1415,39,0,h32,0.0321,,,0
2026-06-17T04:54:16,route_mutation,0,,0,,0,39,0,h33,-0.0577,,,0
2026-06-17T04:54:46,route_mutation,0,,0,,0,39,0,h33,-0.0575,,,0
2026-06-17T04:55:16,route_mutation,0,,0,,0,39,0,h33,-0.0577,,,0
2026-06-17T04:55:46,route_mutation,0,,0,,0,39,0,h33,-0.0577,,,0
2026-06-17T04:56:16,route_mutation,0,,0,,0,39,0,h33,-0.0575,,,0
2026-06-17T04:56:46,route_mutation,0,,0,,0,39,0,h33,-0.0577,,,0
2026-06-17T04:57:17,route_mutation,0,,0,,0,39,0,h33,-0.0576,,,0
2026-06-17T04:57:47,route_mutation,0,,0,,0,39,0,h33,-0.0577,,,0
2026-06-17T04:58:17,route_mutation,0,,0,,0,39,0,h33,-0.0577,,,0
2026-06-17T04:58:47,ip_shuffle,1,h38,0,,0.1415,39,0,h38,0.0179,,,0
2026-06-17T04:59:45,route_mutation,0,,0,,0,39,0,h33,-0.0366,,,0
2026-06-17T05:00:15,route_mutation,0,,0,,0,39,0,h33,-0.0365,,,0
2026-06-17T05:00:45,route_mutation,0,,0,,0,39,0,h33,-0.0364,,,0
2026-06-17T05:01:16,route_mutation,0,,0,,0,39,0,h33,-0.0366,,,0
2026-06-17T05:01:46,route_mutation,0,,0,,0,39,0,h33,-0.0365,,,0
2026-06-17T05:02:16,route_mutation,0,,0,,0,39,0,h33,-0.0364,,,0
2026-06-17T05:02:46,route_mutation,0,,0,,0,39,0,h33,-0.0366,,,0
2026-06-17T05:03:16,route_mutation,0,,0,,0,39,0,h33,-0.0364,,,0
2026-06-17T05:03:47,route_mutation,0,,0,,0,39,0,h33,-0.0364,,,0
2026-06-17T05:04:17,route_mutation,0,,0,,0,39,0,h6,-0.0389,,,0
2026-06-17T05:04:47,route_mutation,0,,0,,0,39,0,h23,-0.0384,,,0
2026-06-17T05:05:17,route_mutation,0,,0,,0,39,0,h23,-0.0384,,,0
2026-06-17T05:05:47,route_mutation,0,,0,,0,39,0,h6,-0.0392,,,0
2026-06-17T05:06:17,route_mutation,0,,0,,0,39,0,h33,-0.0443,,,0
2026-06-17T05:06:48,route_mutation,0,,0,,0,39,0,h33,-0.0441,,,0
2026-06-17T05:07:18,route_mutation,0,,0,,0,39,0,h33,-0.0457,,,0
2026-06-17T05:07:48,route_mutation,0,,0,,0,39,0,h33,-0.0443,,,0
2026-06-17T05:08:18,route_mutation,0,,0,,0,39,0,h33,-0.0455,,,0
2026-06-17T05:08:48,route_mutation,0,,0,,0,39,0,h33,-0.0457,,,0
2026-06-17T05:09:19,route_mutation,0,,0,,0,39,0,h33,-0.0443,,,0
2026-06-17T05:09:49,ip_shuffle,1,h33,0,,0.1415,39,0,h33,0.0101,,,0
2026-06-17T05:10:46,route_mutation,0,,0,,0,39,0,h30,-0.0622,,,0
2026-06-17T05:11:16,route_mutation,0,,0,,0,39,0,h30,-0.0622,,,0
2026-06-17T05:11:47,route_mutation,0,,0,,0,39,0,h30,-0.0622,,,0
2026-06-17T05:12:17,route_mutation,0,,0,,0,39,0,h30,-0.0622,,,0
2026-06-17T05:12:47,route_mutation,0,,0,,0,39,0,h30,-0.0622,,,0
2026-06-17T05:13:17,route_mutation,0,,0,,0,39,0,h30,-0.0621,,,0
2026-06-17T05:13:47,route_mutation,0,,0,,0,39,0,h30,-0.0622,,,0
2026-06-17T05:14:18,route_mutation,0,,0,,0,39,0,h30,-0.0622,,,0
2026-06-17T05:14:48,route_mutation,0,,0,,0,39,0,h30,-0.0622,,,0
2026-06-17T05:15:18,ip_shuffle,2,h2|h9,0,,0.283,39,0,h2,0.0296,,,0
2026-06-17T05:16:22,route_mutation,0,,0,,0,39,0,h16,-0.0218,,,0
2026-06-17T05:16:53,route_mutation,0,,0,,0,39,0,h16,-0.0218,,,0
2026-06-17T05:17:23,route_mutation,0,,0,,0,39,0,h16,-0.0218,,,0
2026-06-17T05:17:53,route_mutation,0,,0,,0,39,0,h16,-0.0218,,,0
2026-06-17T05:18:23,route_mutation,0,,0,,0,39,0,h16,-0.0218,,,0
2026-06-17T05:18:53,route_mutation,0,,0,,0,39,0,h16,-0.0218,,,0
2026-06-17T05:19:24,route_mutation,0,,0,,0,39,0,h16,-0.0218,,,0
2026-06-17T05:19:54,route_mutation,0,,0,,0,39,0,h16,-0.0218,,,0
2026-06-17T05:20:24,route_mutation,0,,0,,0,39,0,h16,-0.0218,,,0
2026-06-17T05:20:54,ip_shuffle,2,h4|h24,0,,0.283,39,0,h4,0.0296,,,0
2026-06-17T05:21:58,ip_shuffle,1,h37,0,,0.1415,39,0,h37,0.0195,,,0
2026-06-17T05:22:56,route_mutation,0,,0,,0,39,0,h30,-0.0146,,,0
2026-06-17T05:23:26,route_mutation,0,,0,,0,39,0,h30,-0.0142,,,0
2026-06-17T05:23:56,route_mutation,0,,0,,0,39,0,h30,-0.0145,,,0
2026-06-17T05:24:27,route_mutation,0,,0,,0,39,0,h30,-0.0145,,,0
2026-06-17T05:24:57,route_mutation,0,,0,,0,39,0,h30,-0.0142,,,0
2026-06-17T05:25:27,route_mutation,0,,0,,0,39,0,h30,-0.0145,,,0
2026-06-17T05:25:57,route_mutation,0,,0,,0,39,0,h30,-0.0145,,,0
2026-06-17T05:26:27,ip_shuffle,1,h30,0,,0.1415,39,0,h30,0.0057,,,0
2026-06-17T05:27:25,ip_shuffle,2,h35|h32,0,,0.283,39,0,h35,0.0109,,,0
2026-06-17T05:28:29,ip_shuffle,1,h28,0,,0.1415,39,0,h28,0.0182,,,0
2026-06-17T05:29:27,route_mutation,0,,0,,0,39,0,h33,-0.0371,,,0
2026-06-17T05:29:57,route_mutation,0,,0,,0,39,0,h33,-0.0372,,,0
2026-06-17T05:30:27,route_mutation,0,,0,,0,39,0,h33,-0.0371,,,0
2026-06-17T05:30:57,route_mutation,0,,0,,0,39,0,h33,-0.0371,,,0
2026-06-17T05:31:28,route_mutation,0,,0,,0,39,0,h33,-0.0372,,,0
2026-06-17T05:31:58,route_mutation,0,,0,,0,39,0,h33,-0.0371,,,0
2026-06-17T05:32:28,route_mutation,0,,0,,0,39,0,h33,-0.0371,,,0
2026-06-17T05:32:58,route_mutation,0,,0,,0,39,0,h33,-0.0496,,,0
2026-06-17T05:33:28,route_mutation,0,,0,,0,39,0,h33,-0.0495,,,0
2026-06-17T05:33:58,route_mutation,0,,0,,0,39,0,h33,-0.0577,,,0
2026-06-17T05:34:29,route_mutation,0,,0,,0,39,0,h33,-0.0564,,,0
2026-06-17T05:34:59,route_mutation,0,,0,,0,39,0,h33,-0.0577,,,0
2026-06-17T05:35:29,route_mutation,0,,0,,0,39,0,h33,-0.0577,,,0
2026-06-17T05:35:59,route_mutation,0,,0,,0,39,0,h33,-0.0564,,,0
2026-06-17T05:36:29,route_mutation,0,,0,,0,39,0,h20,-0.0404,,,0
2026-06-17T05:37:00,route_mutation,0,,0,,0,39,0,h34,-0.0373,,,0
2026-06-17T05:37:30,route_mutation,0,,0,,0,39,0,h34,-0.0047,,,0
2026-06-17T05:38:00,ip_shuffle,2,h20|h34,0,,0.283,39,0,h20,0.0208,,,0
2026-06-17T05:39:04,ip_shuffle,1,h31,0,,0.1415,39,0,h31,0.0165,,,0
2026-06-17T05:40:02,route_mutation,0,,0,,0,39,0,h33,-0.0218,,,0
2026-06-17T05:40:32,route_mutation,0,,0,,0,39,0,h33,-0.0219,,,0
2026-06-17T05:41:02,route_mutation,0,,0,,0,39,0,h33,-0.022,,,0
2026-06-17T05:41:32,route_mutation,0,,0,,0,39,0,h33,-0.0218,,,0
2026-06-17T05:42:03,route_mutation,0,,0,,0,39,0,h33,-0.0219,,,0
2026-06-17T05:42:33,route_mutation,0,,0,,0,39,0,h33,-0.022,,,0
2026-06-17T05:43:03,route_mutation,0,,0,,0,39,0,h33,-0.0218,,,0
2026-06-17T05:43:33,route_mutation,0,,0,,0,39,0,h33,-0.0337,,,0
2026-06-17T05:44:03,route_mutation,0,,0,,0,39,0,h33,-0.0337,,,0
2026-06-17T05:44:33,route_mutation,0,,0,,0,39,0,h33,-0.0322,,,0
2026-06-17T05:45:04,route_mutation,0,,0,,0,39,0,h30,-0.0272,,,0
2026-06-17T05:45:34,route_mutation,0,,0,,0,39,0,h30,-0.0281,,,0
2026-06-17T05:46:04,route_mutation,0,,0,,0,39,0,h30,-0.0272,,,0
2026-06-17T05:46:34,route_mutation,0,,0,,0,39,0,h30,-0.0272,,,0
2026-06-17T05:47:04,route_mutation,0,,0,,0,39,0,h30,-0.0281,,,0
2026-06-17T05:47:34,route_mutation,0,,0,,0,39,0,h30,-0.0272,,,0
2026-06-17T05:48:05,route_mutation,0,,0,,0,39,0,h30,-0.0272,,,0
2026-06-17T05:48:35,route_mutation,0,,0,,0,39,0,h30,-0.0281,,,0
2026-06-17T05:49:05,route_mutation,0,,0,,0,39,0,h30,-0.0272,,,0
2026-06-17T05:49:35,route_mutation,0,,0,,0,39,0,h30,-0.0272,,,0
2026-06-17T05:50:05,route_mutation,0,,0,,0,39,0,h38,-0.0189,,,0
2026-06-17T05:50:36,ip_shuffle,2,h33|h26,0,,0.283,39,0,h33,0.0214,,,0
2026-06-17T05:51:40,route_mutation,0,,0,,0,39,0,h38,-0.0383,,,0
2026-06-17T05:52:10,route_mutation,0,,0,,0,39,0,h38,-0.0386,,,0
2026-06-17T05:52:40,route_mutation,0,,0,,0,39,0,h38,-0.0384,,,0
2026-06-17T05:53:10,route_mutation,0,,0,,0,39,0,h38,-0.0383,,,0
2026-06-17T05:53:41,route_mutation,0,,0,,0,39,0,h38,-0.0386,,,0
2026-06-17T05:54:11,route_mutation,0,,0,,0,39,0,h38,-0.0384,,,0
2026-06-17T05:54:41,route_mutation,0,,0,,0,39,0,h38,-0.0383,,,0
2026-06-17T05:55:11,route_mutation,0,,0,,0,39,0,h38,-0.0386,,,0
2026-06-17T05:55:41,route_mutation,0,,0,,0,39,0,h38,-0.0384,,,0
2026-06-17T05:56:11,route_mutation,0,,0,,0,39,0,h30,-0.0376,,,0
2026-06-17T05:56:42,route_mutation,0,,0,,0,39,0,h30,-0.0054,,,0
2026-06-17T05:57:12,route_mutation,0,,0,,0,39,0,h30,-0.0043,,,0
2026-06-17T05:57:42,route_mutation,0,,0,,0,39,0,h30,-0.0043,,,0
2026-06-17T05:58:12,ip_shuffle,2,h5|h7,0,,0.283,39,0,h5,0.0296,,,0
2026-06-17T05:59:17,ip_shuffle,1,h22,0,,0.1415,39,0,h22,0.0296,,,0
2026-06-17T06:00:14,ip_shuffle,1,h32,0,,0.1415,39,0,h32,0.0057,,,0
2026-06-17T06:01:12,ip_shuffle,1,h30,0,,0.1415,39,0,h30,0.0129,,,0
2026-06-17T06:02:09,route_mutation,0,,0,,0,39,0,h35,-0.0094,,,0
2026-06-17T06:02:40,route_mutation,0,,0,,0,39,0,h35,-0.0095,,,0
2026-06-17T06:03:10,route_mutation,0,,0,,0,39,0,h35,-0.0097,,,0
2026-06-17T06:03:40,route_mutation,0,,0,,0,39,0,h35,-0.0095,,,0
2026-06-17T06:04:10,ip_shuffle,1,h25,0,,0.1415,39,0,h25,0.0065,,,0
2026-06-17T06:05:08,route_mutation,0,,0,,0,39,0,h35,-0.0023,,,0
2026-06-17T06:05:38,route_mutation,0,,0,,0,39,0,h35,-0.0021,,,0
2026-06-17T06:06:08,route_mutation,0,,0,,0,39,0,h35,-0.0023,,,0
2026-06-17T06:06:38,route_mutation,0,,0,,0,39,0,h35,-0.0023,,,0
2026-06-17T06:07:08,ip_shuffle,1,h35,0,,0.1415,39,0,h35,0.0081,,,0
2026-06-17T06:08:06,route_mutation,0,,0,,0,39,0,h37,-0.0412,,,0
2026-06-17T06:08:36,route_mutation,0,,0,,0,39,0,h37,-0.0412,,,0
2026-06-17T06:09:06,route_mutation,0,,0,,0,39,0,h37,-0.0412,,,0
2026-06-17T06:09:36,route_mutation,0,,0,,0,39,0,h37,-0.0412,,,0
2026-06-17T06:10:07,route_mutation,0,,0,,0,39,0,h37,-0.0412,,,0
2026-06-17T06:10:37,route_mutation,0,,0,,0,39,0,h37,-0.0412,,,0
2026-06-17T06:11:07,route_mutation,0,,0,,0,39,0,h37,-0.0412,,,0
2026-06-17T06:11:37,route_mutation,0,,0,,0,39,0,h37,-0.0412,,,0
2026-06-17T06:12:07,route_mutation,0,,0,,0,39,0,h37,-0.0412,,,0
2026-06-17T06:12:37,route_mutation,0,,0,,0,39,0,h37,-0.0412,,,0
2026-06-17T06:13:08,ip_shuffle,2,h15|h3,0,,0.283,39,0,h15,0.0296,,,0
2026-06-17T06:14:12,route_mutation,0,,0,,0,39,0,h37,-0.0412,,,0
2026-06-17T06:14:42,route_mutation,0,,0,,0,39,0,h37,-0.0411,,,0
2026-06-17T06:15:12,route_mutation,0,,0,,0,39,0,h37,-0.0412,,,0
2026-06-17T06:15:42,route_mutation,0,,0,,0,39,0,h37,-0.0412,,,0
2026-06-17T06:16:13,route_mutation,0,,0,,0,39,0,h37,-0.0412,,,0
2026-06-17T06:16:43,route_mutation,0,,0,,0,39,0,h37,-0.0411,,,0
2026-06-17T06:17:13,route_mutation,0,,0,,0,39,0,h37,-0.0412,,,0
2026-06-17T06:17:43,route_mutation,0,,0,,0,39,0,h37,-0.0412,,,0
2026-06-17T06:18:14,route_mutation,0,,0,,0,39,0,h37,-0.0412,,,0
2026-06-17T06:18:44,route_mutation,0,,0,,0,39,0,h37,-0.0087,,,0
2026-06-17T06:19:14,ip_shuffle,3,h32|h24|h31,0,,0.4245,39,0,h32,0.0313,,,0
2026-06-17T06:20:25,route_mutation,0,,0,,0,39,0,h37,-0.0095,,,0
2026-06-17T06:20:55,route_mutation,0,,0,,0,39,0,h37,-0.0095,,,0
2026-06-17T06:21:25,route_mutation,0,,0,,0,39,0,h37,-0.0095,,,0
2026-06-17T06:21:55,route_mutation,0,,0,,0,39,0,h37,-0.0094,,,0
2026-06-17T06:22:25,route_mutation,0,,0,,0,39,0,h37,-0.0094,,,0
2026-06-17T06:22:56,route_mutation,0,,0,,0,39,0,h37,-0.0091,,,0
2026-06-17T06:23:26,route_mutation,0,,0,,0,39,0,h37,-0.0092,,,0
2026-06-17T06:23:56,route_mutation,0,,0,,0,39,0,h37,-0.0093,,,0
2026-06-17T06:24:26,route_mutation,0,,0,,0,39,0,h37,-0.0091,,,0
2026-06-17T06:24:56,ip_shuffle,2,h37|h34,0,,0.283,39,0,h37,0.0284,,,0
2026-06-17T06:26:01,route_mutation,0,,0,,0,39,0,h33,-0.0077,,,0
2026-06-17T06:26:31,route_mutation,0,,0,,0,39,0,h33,-0.008,,,0
2026-06-17T06:27:01,route_mutation,0,,0,,0,39,0,h33,-0.0075,,,0
2026-06-17T06:27:31,route_mutation,0,,0,,0,39,0,h33,-0.0075,,,0
2026-06-17T06:28:01,route_mutation,0,,0,,0,39,0,h33,-0.0077,,,0
2026-06-17T06:28:31,route_mutation,0,,0,,0,39,0,h33,-0.0074,,,0
2026-06-17T06:29:02,route_mutation,0,,0,,0,39,0,h33,-0.0075,,,0
2026-06-17T06:29:32,route_mutation,0,,0,,0,39,0,h33,-0.0077,,,0
2026-06-17T06:30:02,route_mutation,0,,0,,0,39,0,h33,-0.0074,,,0
2026-06-17T06:30:32,ip_shuffle,1,h30,0,,0.1415,39,0,h30,0.0135,,,0
2026-06-17T06:31:30,route_mutation,0,,0,,0,39,0,h33,-0.0218,,,0
2026-06-17T06:32:00,route_mutation,0,,0,,0,39,0,h33,-0.0218,,,0
2026-06-17T06:32:30,route_mutation,0,,0,,0,39,0,h33,-0.0218,,,0
2026-06-17T06:33:00,route_mutation,0,,0,,0,39,0,h33,-0.0218,,,0
2026-06-17T06:33:30,route_mutation,0,,0,,0,39,0,h33,-0.0218,,,0
2026-06-17T06:34:01,route_mutation,0,,0,,0,39,0,h33,-0.0218,,,0
2026-06-17T06:34:31,route_mutation,0,,0,,0,39,0,h33,-0.0218,,,0
2026-06-17T06:35:01,route_mutation,0,,0,,0,39,0,h33,-0.0218,,,0
2026-06-17T06:35:31,route_mutation,0,,0,,0,39,0,h33,-0.0218,,,0
2026-06-17T06:36:01,route_mutation,0,,0,,0,39,0,h33,-0.02,,,0
2026-06-17T06:36:32,route_mutation,0,,0,,0,39,0,h33,-0.0218,,,0
2026-06-17T06:37:02,route_mutation,0,,0,,0,39,0,h33,-0.0218,,,0
2026-06-17T06:37:32,route_mutation,0,,0,,0,39,0,h33,-0.0203,,,0
2026-06-17T06:38:02,route_mutation,0,,0,,0,39,0,h33,-0.0218,,,0
2026-06-17T06:38:32,route_mutation,0,,0,,0,39,0,h33,-0.0218,,,0
2026-06-17T06:39:03,route_mutation,0,,0,,0,39,0,h33,-0.0203,,,0
2026-06-17T06:39:33,route_mutation,0,,0,,0,39,0,h33,-0.0218,,,0
2026-06-17T06:40:03,route_mutation,0,,0,,0,39,0,h33,-0.0218,,,0
2026-06-17T06:40:33,route_mutation,0,,0,,0,39,0,h33,-0.0218,,,0
2026-06-17T06:41:03,route_mutation,0,,0,,0,39,0,h33,-0.0218,,,0
2026-06-17T06:41:34,route_mutation,0,,0,,0,39,0,h33,-0.0218,,,0
2026-06-17T06:42:04,ip_shuffle,2,h20|h29,0,,0.283,39,0,h20,0.0293,,,0
2026-06-17T06:43:08,ip_shuffle,1,h7,0,,0.1415,39,0,h7,0.0296,,,0
2026-06-17T06:44:05,route_mutation,0,,0,,0,39,0,h33,-0.0097,,,0
2026-06-17T06:44:36,route_mutation,0,,0,,0,39,0,h33,-0.0097,,,0
2026-06-17T06:45:06,route_mutation,0,,0,,0,39,0,h33,-0.0097,,,0
2026-06-17T06:45:36,route_mutation,0,,0,,0,39,0,h33,-0.0096,,,0
2026-06-17T06:46:06,route_mutation,0,,0,,0,39,0,h33,-0.0097,,,0
2026-06-17T06:46:36,route_mutation,0,,0,,0,39,0,h33,-0.0097,,,0
2026-06-17T06:47:07,route_mutation,0,,0,,0,39,0,h33,-0.0096,,,0
2026-06-17T06:47:37,route_mutation,0,,0,,0,39,0,h33,-0.0218,,,0
2026-06-17T06:48:07,route_mutation,0,,0,,0,39,0,h33,-0.0218,,,0
2026-06-17T06:48:37,route_mutation,0,,0,,0,39,0,h33,-0.0203,,,0
2026-06-17T06:49:07,route_mutation,0,,0,,0,39,0,h33,-0.02,,,0
2026-06-17T06:49:37,route_mutation,0,,0,,0,39,0,h33,-0.0218,,,0
2026-06-17T06:50:08,route_mutation,0,,0,,0,39,0,h33,-0.0203,,,0
2026-06-17T06:50:38,route_mutation,0,,0,,0,39,0,h33,-0.02,,,0
2026-06-17T06:51:08,route_mutation,0,,0,,0,39,0,h33,-0.0218,,,0
2026-06-17T06:51:38,route_mutation,0,,0,,0,39,0,h33,-0.02,,,0
2026-06-17T06:52:08,route_mutation,0,,0,,0,39,0,h33,-0.0198,,,0
2026-06-17T06:52:38,route_mutation,0,,0,,0,39,0,h33,-0.0218,,,0
2026-06-17T06:53:09,ip_shuffle,2,h33|h12,0,,0.283,39,0,h33,0.0475,,,0
2026-06-17T06:54:13,route_mutation,0,,0,,0,39,0,h35,-0.0184,,,0
2026-06-17T06:54:43,route_mutation,0,,0,,0,39,0,h35,-0.0184,,,0
2026-06-17T06:55:13,route_mutation,0,,0,,0,39,0,h35,-0.0183,,,0
2026-06-17T06:55:44,route_mutation,0,,0,,0,39,0,h35,-0.0184,,,0
2026-06-17T06:56:14,route_mutation,0,,0,,0,39,0,h35,-0.0185,,,0
2026-06-17T06:56:44,route_mutation,0,,0,,0,39,0,h35,-0.0183,,,0
2026-06-17T06:57:14,route_mutation,0,,0,,0,39,0,h35,-0.0184,,,0
2026-06-17T06:57:44,route_mutation,0,,0,,0,39,0,h35,-0.0185,,,0
2026-06-17T06:58:14,route_mutation,0,,0,,0,39,0,h35,-0.0183,,,0
2026-06-17T06:58:45,route_mutation,0,,0,,0,39,0,h35,-0.03,,,0
2026-06-17T06:59:15,ip_shuffle,2,h26|h32,0,,0.283,39,0,h26,0.0296,,,0
2026-06-17T07:00:20,ip_shuffle,1,h28,0,,0.1415,39,0,h28,0.0296,,,0
2026-06-17T07:01:17,route_mutation,0,,0,,0,39,0,h35,-0.0022,,,0
2026-06-17T07:01:47,route_mutation,0,,0,,0,39,0,h35,-0.0022,,,0
2026-06-17T07:02:18,route_mutation,0,,0,,0,39,0,h35,-0.0023,,,0
2026-06-17T07:02:48,route_mutation,0,,0,,0,39,0,h35,-0.0022,,,0
2026-06-17T07:03:18,route_mutation,0,,0,,0,39,0,h35,-0.0022,,,0
2026-06-17T07:03:48,route_mutation,0,,0,,0,39,0,h35,-0.0022,,,0
2026-06-17T07:04:18,route_mutation,0,,0,,0,39,0,h35,-0.0022,,,0
2026-06-17T07:04:48,route_mutation,0,,0,,0,39,0,h35,-0.0023,,,0
2026-06-17T07:05:19,ip_shuffle,1,h35,0,,0.1415,39,0,h35,0.0115,,,0
2026-06-17T07:06:16,route_mutation,0,,0,,0,39,0,h30,-0.0305,,,0
2026-06-17T07:06:46,route_mutation,0,,0,,0,39,0,h30,-0.0305,,,0
2026-06-17T07:07:17,route_mutation,0,,0,,0,39,0,h30,-0.0305,,,0
2026-06-17T07:07:47,route_mutation,0,,0,,0,39,0,h30,-0.0305,,,0
2026-06-17T07:08:17,route_mutation,0,,0,,0,39,0,h30,-0.0305,,,0
2026-06-17T07:08:47,route_mutation,0,,0,,0,39,0,h30,-0.0305,,,0
2026-06-17T07:09:17,route_mutation,0,,0,,0,39,0,h30,-0.0305,,,0
2026-06-17T07:09:47,route_mutation,0,,0,,0,39,0,h30,-0.0305,,,0
2026-06-17T07:10:18,route_mutation,0,,0,,0,39,0,h30,-0.0305,,,0
2026-06-17T07:10:48,route_mutation,0,,0,,0,39,0,h30,-0.0305,,,0
2026-06-17T07:11:18,ip_shuffle,1,h34,0,,0.1415,39,0,h34,0.003,,,0
2026-06-17T07:12:15,route_mutation,0,,0,,0,39,0,h30,-0.0146,,,0
2026-06-17T07:12:46,route_mutation,0,,0,,0,39,0,h30,-0.0146,,,0
2026-06-17T07:13:16,route_mutation,0,,0,,0,39,0,h30,-0.0146,,,0
2026-06-17T07:13:46,route_mutation,0,,0,,0,39,0,h30,-0.0146,,,0
2026-06-17T07:14:16,route_mutation,0,,0,,0,39,0,h30,-0.0146,,,0
2026-06-17T07:14:46,route_mutation,0,,0,,0,39,0,h30,-0.0146,,,0
2026-06-17T07:15:17,route_mutation,0,,0,,0,39,0,h30,-0.0146,,,0
2026-06-17T07:15:47,route_mutation,0,,0,,0,39,0,h30,-0.0146,,,0
2026-06-17T07:16:17,route_mutation,0,,0,,0,39,0,h30,-0.0146,,,0
2026-06-17T07:16:47,route_mutation,0,,0,,0,39,0,h30,-0.0146,,,0
2026-06-17T07:17:17,ip_shuffle,3,h38|h8|h6,0,,0.4245,39,0,h38,0.0341,,,0
2026-06-17T07:18:29,ip_shuffle,1,h30,0,,0.1415,39,0,h30,0.013,,,0
2026-06-17T07:19:26,route_mutation,0,,0,,0,39,0,h31,-0.008,,,0
2026-06-17T07:19:57,route_mutation,0,,0,,0,39,0,h31,-0.0019,,,0
2026-06-17T07:20:27,route_mutation,0,,0,,0,39,0,h31,-0.0021,,,0
2026-06-17T07:20:57,route_mutation,0,,0,,0,39,0,h31,-0.0019,,,0
2026-06-17T07:21:27,route_mutation,0,,0,,0,39,0,h31,-0.0019,,,0
2026-06-17T07:21:57,route_mutation,0,,0,,0,39,0,h31,-0.002,,,0
2026-06-17T07:22:28,route_mutation,0,,0,,0,39,0,h31,-0.0019,,,0
2026-06-17T07:22:58,ip_shuffle,1,h31,0,,0.1415,39,0,h31,0.0296,,,0
2026-06-17T07:23:55,route_mutation,0,,0,,0,39,0,h32,-0.0031,,,0
2026-06-17T07:24:25,route_mutation,0,,0,,0,39,0,h32,-0.0031,,,0
2026-06-17T07:24:56,route_mutation,0,,0,,0,39,0,h32,-0.0031,,,0
2026-06-17T07:25:26,route_mutation,0,,0,,0,39,0,h32,-0.0031,,,0
2026-06-17T07:25:56,route_mutation,0,,0,,0,39,0,h32,-0.0087,,,0
2026-06-17T07:26:26,route_mutation,0,,0,,0,39,0,h32,-0.0087,,,0
2026-06-17T07:26:57,route_mutation,0,,0,,0,39,0,h32,-0.0166,,,0
2026-06-17T07:27:27,route_mutation,0,,0,,0,39,0,h32,-0.0165,,,0
2026-06-17T07:27:57,route_mutation,0,,0,,0,39,0,h32,-0.0169,,,0
2026-06-17T07:28:27,ip_shuffle,2,h39|h37,0,,0.283,39,0,h39,0.049,,,0
2026-06-17T07:29:31,ip_shuffle,2,h19|h32,0,,0.283,39,0,h19,0.0163,,,0
2026-06-17T07:30:36,ip_shuffle,1,h22,0,,0.1415,39,0,h22,0.0285,,,0
2026-06-17T07:31:33,ip_shuffle,1,h4,0,,0.1415,39,0,h4,0.0122,,,0
2026-06-17T07:32:31,route_mutation,0,,0,,0,39,0,h35,-0.0162,,,0
2026-06-17T07:33:01,route_mutation,0,,0,,0,39,0,h35,-0.0162,,,0
2026-06-17T07:33:31,route_mutation,0,,0,,0,39,0,h35,-0.0161,,,0
2026-06-17T07:34:02,route_mutation,0,,0,,0,39,0,h35,-0.011,,,0
2026-06-17T07:34:32,route_mutation,0,,0,,0,39,0,h35,-0.011,,,0
2026-06-17T07:35:02,route_mutation,0,,0,,0,39,0,h35,-0.0007,,,0
2026-06-17T07:35:32,route_mutation,0,,0,,0,39,0,h35,-0.0007,,,0
2026-06-17T07:36:02,ip_shuffle,1,h35,0,,0.1415,39,0,h35,0.0038,,,0
2026-06-17T07:37:00,ip_shuffle,2,h30|h25,0,,0.283,39,0,h30,0.0787,,,0
2026-06-17T07:38:04,route_mutation,0,,0,,0,39,0,h33,-0.0216,,,0
2026-06-17T07:38:35,route_mutation,0,,0,,0,39,0,h33,-0.0218,,,0
2026-06-17T07:39:05,route_mutation,0,,0,,0,39,0,h33,-0.0218,,,0
2026-06-17T07:39:35,route_mutation,0,,0,,0,39,0,h33,-0.0218,,,0
2026-06-17T07:40:05,route_mutation,0,,0,,0,39,0,h33,-0.0218,,,0
2026-06-17T07:40:35,route_mutation,0,,0,,0,39,0,h33,-0.0218,,,0
2026-06-17T07:41:05,route_mutation,0,,0,,0,39,0,h33,-0.0218,,,0
2026-06-17T07:41:36,route_mutation,0,,0,,0,39,0,h33,-0.0218,,,0
2026-06-17T07:42:06,route_mutation,0,,0,,0,39,0,h33,-0.0218,,,0
2026-06-17T07:42:36,route_mutation,0,,0,,0,39,0,h33,-0.0218,,,0
2026-06-17T07:43:06,ip_shuffle,2,h33|h11,0,,0.283,39,0,h33,0.0482,,,0
2026-06-17T07:44:11,route_mutation,0,,0,,0,39,0,h32,-0.0347,,,0
2026-06-17T07:44:41,route_mutation,0,,0,,0,39,0,h32,-0.0347,,,0
2026-06-17T07:45:11,route_mutation,0,,0,,0,39,0,h32,-0.0347,,,0
2026-06-17T07:45:41,route_mutation,0,,0,,0,39,0,h32,-0.0347,,,0
2026-06-17T07:46:12,route_mutation,0,,0,,0,39,0,h32,-0.0347,,,0
2026-06-17T07:46:42,route_mutation,0,,0,,0,39,0,h32,-0.0347,,,0
2026-06-17T07:47:12,route_mutation,0,,0,,0,39,0,h32,-0.0347,,,0
2026-06-17T07:47:42,route_mutation,0,,0,,0,39,0,h32,-0.0347,,,0
2026-06-17T07:48:12,route_mutation,0,,0,,0,39,0,h32,-0.0347,,,0
2026-06-17T07:48:42,ip_shuffle,1,h29,0,,0.1415,39,0,h29,0.0296,,,0
2026-06-17T07:49:40,route_mutation,0,,0,,0,39,0,h32,-0.0089,,,0
2026-06-17T07:50:10,route_mutation,0,,0,,0,39,0,h32,-0.0088,,,0
2026-06-17T07:50:41,route_mutation,0,,0,,0,39,0,h32,-0.0087,,,0
2026-06-17T07:51:11,route_mutation,0,,0,,0,39,0,h32,-0.0089,,,0
2026-06-17T07:51:41,route_mutation,0,,0,,0,39,0,h32,-0.0088,,,0
2026-06-17T07:52:11,route_mutation,0,,0,,0,39,0,h32,-0.0087,,,0
2026-06-17T07:52:41,route_mutation,0,,0,,0,39,0,h32,-0.0088,,,0
2026-06-17T07:53:12,route_mutation,0,,0,,0,39,0,h32,-0.0125,,,0
2026-06-17T07:53:42,route_mutation,0,,0,,0,39,0,h32,-0.0124,,,0
2026-06-17T07:54:12,ip_shuffle,2,h26|h12,0,,0.283,39,0,h26,0.0086,,,0
2026-06-17T07:55:16,ip_shuffle,1,h32,0,,0.1415,39,0,h32,0.0011,,,0
2026-06-17T07:56:14,route_mutation,0,,0,,0,39,0,h37,-0.0412,,,0
2026-06-17T07:56:44,route_mutation,0,,0,,0,39,0,h37,-0.041,,,0
2026-06-17T07:57:14,route_mutation,0,,0,,0,39,0,h37,-0.0412,,,0
2026-06-17T07:57:44,route_mutation,0,,0,,0,39,0,h37,-0.0412,,,0
2026-06-17T07:58:14,route_mutation,0,,0,,0,39,0,h37,-0.041,,,0
2026-06-17T07:58:45,route_mutation,0,,0,,0,39,0,h37,-0.0412,,,0
2026-06-17T07:59:15,route_mutation,0,,0,,0,39,0,h37,-0.0412,,,0
2026-06-17T07:59:45,route_mutation,0,,0,,0,39,0,h37,-0.0412,,,0
2026-06-17T08:00:15,route_mutation,0,,0,,0,39,0,h37,-0.0412,,,0
2026-06-17T08:00:46,route_mutation,0,,0,,0,39,0,h37,-0.041,,,0
2026-06-17T08:01:16,route_mutation,0,,0,,0,39,0,h37,-0.041,,,0
2026-06-17T08:01:46,route_mutation,0,,0,,0,39,0,h37,-0.0412,,,0
2026-06-17T08:02:16,route_mutation,0,,0,,0,39,0,h37,-0.041,,,0
2026-06-17T08:02:46,route_mutation,0,,0,,0,39,0,h37,-0.041,,,0
2026-06-17T08:03:17,route_mutation,0,,0,,0,39,0,h37,-0.0412,,,0
2026-06-17T08:03:47,route_mutation,0,,0,,0,39,0,h37,-0.0412,,,0
2026-06-17T08:04:17,route_mutation,0,,0,,0,39,0,h37,-0.0412,,,0
2026-06-17T08:04:47,ip_shuffle,1,h27,0,,0.1415,39,0,h27,0.0296,,,0
2026-06-17T08:05:45,ip_shuffle,1,h13,0,,0.1415,39,0,h13,0.0296,,,0
2026-06-17T08:06:42,route_mutation,0,,0,,0,39,0,h35,-0.0301,,,0
2026-06-17T08:07:12,route_mutation,0,,0,,0,39,0,h35,-0.0301,,,0
2026-06-17T08:07:43,route_mutation,0,,0,,0,39,0,h35,-0.0302,,,0
2026-06-17T08:08:13,route_mutation,0,,0,,0,39,0,h35,-0.0301,,,0
2026-06-17T08:08:43,route_mutation,0,,0,,0,39,0,h35,-0.0301,,,0
2026-06-17T08:09:13,route_mutation,0,,0,,0,39,0,h35,-0.0302,,,0
2026-06-17T08:09:43,route_mutation,0,,0,,0,39,0,h35,-0.0301,,,0
2026-06-17T08:10:14,route_mutation,0,,0,,0,39,0,h30,-0.0208,,,0
2026-06-17T08:10:44,route_mutation,0,,0,,0,39,0,h30,-0.0207,,,0
2026-06-17T08:11:14,ip_shuffle,2,h34|h28,0,,0.283,39,0,h34,0.0391,,,0
2026-06-17T08:12:18,route_mutation,0,,0,,0,39,0,h30,-0.0145,,,0
2026-06-17T08:12:49,route_mutation,0,,0,,0,39,0,h30,-0.0146,,,0
2026-06-17T08:13:19,route_mutation,0,,0,,0,39,0,h30,-0.0146,,,0
2026-06-17T08:13:49,route_mutation,0,,0,,0,39,0,h30,-0.0144,,,0
2026-06-17T08:14:19,route_mutation,0,,0,,0,39,0,h30,-0.0146,,,0
2026-06-17T08:14:49,route_mutation,0,,0,,0,39,0,h30,-0.0146,,,0
2026-06-17T08:15:20,route_mutation,0,,0,,0,39,0,h30,-0.0146,,,0
2026-06-17T08:15:50,route_mutation,0,,0,,0,39,0,h30,-0.0146,,,0
2026-06-17T08:16:20,route_mutation,0,,0,,0,39,0,h30,-0.0146,,,0
2026-06-17T08:16:50,route_mutation,0,,0,,0,39,0,h35,-0.0068,,,0
2026-06-17T08:17:20,ip_shuffle,3,h2|h7|h8,0,,0.4245,39,0,h2,0.0296,,,0
2026-06-17T08:18:32,ip_shuffle,2,h37|h30,0,,0.283,39,0,h37,0.1263,,,0
2026-06-17T08:19:36,ip_shuffle,1,h35,0,,0.1415,39,0,h35,0.0182,,,0
2026-06-17T08:20:34,route_mutation,0,,0,,0,39,0,h33,-0.0089,,,0
2026-06-17T08:21:04,route_mutation,0,,0,,0,39,0,h33,-0.009,,,0
2026-06-17T08:21:34,route_mutation,0,,0,,0,39,0,h33,-0.009,,,0
2026-06-17T08:22:04,route_mutation,0,,0,,0,39,0,h33,-0.0089,,,0
2026-06-17T08:22:34,route_mutation,0,,0,,0,39,0,h33,-0.0088,,,0
2026-06-17T08:23:05,route_mutation,0,,0,,0,39,0,h32,-0.0076,,,0
2026-06-17T08:23:35,route_mutation,0,,0,,0,39,0,h32,-0.0075,,,0
2026-06-17T08:24:05,route_mutation,0,,0,,0,39,0,h32,-0.0067,,,0
2026-06-17T08:24:35,route_mutation,0,,0,,0,39,0,h32,-0.0167,,,0
2026-06-17T08:25:05,ip_shuffle,3,h33|h32|h31,0,,0.4245,39,0,h33,0.0482,,,0
2026-06-17T08:26:16,route_mutation,0,,0,,0,39,0,h38,-0.05,,,0
2026-06-17T08:26:46,route_mutation,0,,0,,0,39,0,h38,-0.0499,,,0
2026-06-17T08:27:17,route_mutation,0,,0,,0,39,0,h38,-0.0499,,,0
2026-06-17T08:27:47,route_mutation,0,,0,,0,39,0,h38,-0.05,,,0
2026-06-17T08:28:17,route_mutation,0,,0,,0,39,0,h38,-0.0498,,,0
2026-06-17T08:28:47,route_mutation,0,,0,,0,39,0,h38,-0.0498,,,0
2026-06-17T08:29:17,route_mutation,0,,0,,0,39,0,h38,-0.05,,,0
2026-06-17T08:29:47,route_mutation,0,,0,,0,39,0,h38,-0.0501,,,0
2026-06-17T08:30:18,route_mutation,0,,0,,0,39,0,h38,-0.0498,,,0
2026-06-17T08:30:48,ip_shuffle,3,h16|h22|h4,0,,0.4245,39,0,h16,0.0296,,,0
2026-06-17T08:31:59,route_mutation,0,,0,,0,39,0,h30,-0.0749,,,0
2026-06-17T08:32:29,route_mutation,0,,0,,0,39,0,h30,-0.0749,,,0
2026-06-17T08:32:59,route_mutation,0,,0,,0,39,0,h30,-0.0748,,,0
2026-06-17T08:33:30,route_mutation,0,,0,,0,39,0,h30,-0.0749,,,0
2026-06-17T08:34:00,route_mutation,0,,0,,0,39,0,h30,-0.0749,,,0
2026-06-17T08:34:30,route_mutation,0,,0,,0,39,0,h30,-0.0748,,,0
2026-06-17T08:35:00,route_mutation,0,,0,,0,39,0,h30,-0.0749,,,0
2026-06-17T08:35:30,route_mutation,0,,0,,0,39,0,h30,-0.0749,,,0
2026-06-17T08:36:00,route_mutation,0,,0,,0,39,0,h30,-0.0725,,,0
2026-06-17T08:36:31,route_mutation,0,,0,,0,39,0,h37,-0.0342,,,0
2026-06-17T08:37:01,route_mutation,0,,0,,0,39,0,h37,-0.0342,,,0
2026-06-17T08:37:31,route_mutation,0,,0,,0,39,0,h37,-0.0342,,,0
2026-06-17T08:38:01,route_mutation,0,,0,,0,39,0,h37,-0.0342,,,0
2026-06-17T08:38:31,route_mutation,0,,0,,0,39,0,h37,-0.0342,,,0
2026-06-17T08:39:01,route_mutation,0,,0,,0,39,0,h37,-0.0342,,,0
2026-06-17T08:39:32,route_mutation,0,,0,,0,39,0,h37,-0.0342,,,0
2026-06-17T08:40:02,route_mutation,0,,0,,0,39,0,h11,-0.0404,,,0
2026-06-17T08:40:32,route_mutation,0,,0,,0,39,0,h17,-0.0387,,,0
2026-06-17T08:41:02,route_mutation,0,,0,,0,39,0,h11,-0.0389,,,0
2026-06-17T08:41:32,route_mutation,0,,0,,0,39,0,h11,-0.0404,,,0
2026-06-17T08:42:02,route_mutation,0,,0,,0,39,0,h17,-0.0387,,,0
2026-06-17T08:42:33,route_mutation,0,,0,,0,39,0,h11,-0.0389,,,0
2026-06-17T08:43:03,route_mutation,0,,0,,0,39,0,h11,-0.0404,,,0
2026-06-17T08:43:33,route_mutation,0,,0,,0,39,0,h17,-0.0387,,,0
2026-06-17T08:44:03,ip_shuffle,1,h19,0,,0.1415,39,0,h19,0.0296,,,0
2026-06-17T08:45:01,route_mutation,0,,0,,0,39,0,h30,-0.0622,,,0
2026-06-17T08:45:31,route_mutation,0,,0,,0,39,0,h30,-0.0622,,,0
2026-06-17T08:46:01,route_mutation,0,,0,,0,39,0,h30,-0.0622,,,0
2026-06-17T08:46:31,route_mutation,0,,0,,0,39,0,h30,-0.0622,,,0
2026-06-17T08:47:02,route_mutation,0,,0,,0,39,0,h30,-0.0622,,,0
2026-06-17T08:47:32,route_mutation,0,,0,,0,39,0,h30,-0.0622,,,0
2026-06-17T08:48:02,route_mutation,0,,0,,0,39,0,h30,-0.0622,,,0
2026-06-17T08:48:32,route_mutation,0,,0,,0,39,0,h30,-0.0622,,,0
2026-06-17T08:49:02,route_mutation,0,,0,,0,39,0,h30,-0.0622,,,0
2026-06-17T08:49:32,route_mutation,0,,0,,0,39,0,h30,-0.0622,,,0
2026-06-17T08:50:03,route_mutation,0,,0,,0,39,0,h30,-0.0622,,,0
2026-06-17T08:50:33,route_mutation,0,,0,,0,39,0,h30,-0.0622,,,0
2026-06-17T08:51:03,route_mutation,0,,0,,0,39,0,h30,-0.0622,,,0
2026-06-17T08:51:33,route_mutation,0,,0,,0,39,0,h38,-0.0101,,,0
2026-06-17T08:52:04,route_mutation,0,,0,,0,39,0,h30,-0.0534,,,0
2026-06-17T08:52:34,route_mutation,0,,0,,0,39,0,h20,-0.0394,,,0
2026-06-17T08:53:04,route_mutation,0,,0,,0,39,0,h38,-0.0101,,,0
2026-06-17T08:53:34,route_mutation,0,,0,,0,39,0,h38,-0.0111,,,0
2026-06-17T08:54:04,route_mutation,0,,0,,0,39,0,h38,-0.0111,,,0
2026-06-17T08:54:34,route_mutation,0,,0,,0,39,0,h38,-0.0101,,,0
2026-06-17T08:55:05,route_mutation,0,,0,,0,39,0,h38,-0.0111,,,0
2026-06-17T08:55:35,route_mutation,0,,0,,0,39,0,h38,-0.0111,,,0
2026-06-17T08:56:05,route_mutation,0,,0,,0,39,0,h38,-0.0101,,,0
2026-06-17T08:56:35,route_mutation,0,,0,,0,39,0,h38,-0.0127,,,0
2026-06-17T08:57:05,route_mutation,0,,0,,0,39,0,h38,-0.0109,,,0
2026-06-17T08:57:36,route_mutation,0,,0,,0,39,0,h38,-0.0109,,,0
2026-06-17T08:58:06,route_mutation,0,,0,,0,39,0,h30,-0.0272,,,0
2026-06-17T08:58:36,route_mutation,0,,0,,0,39,0,h30,-0.0272,,,0
2026-06-17T08:59:06,route_mutation,0,,0,,0,39,0,h30,-0.0272,,,0
2026-06-17T08:59:36,route_mutation,0,,0,,0,39,0,h30,-0.0272,,,0
2026-06-17T09:00:07,route_mutation,0,,0,,0,39,0,h30,-0.0272,,,0
2026-06-17T09:00:37,route_mutation,0,,0,,0,39,0,h30,-0.0272,,,0
2026-06-17T09:01:07,route_mutation,0,,0,,0,39,0,h30,-0.0272,,,0
2026-06-17T09:01:37,route_mutation,0,,0,,0,39,0,h30,-0.0272,,,0
2026-06-17T09:02:08,route_mutation,0,,0,,0,39,0,h30,-0.0613,,,0
2026-06-17T09:02:38,route_mutation,0,,0,,0,39,0,h30,-0.0622,,,0
2026-06-17T09:03:08,route_mutation,0,,0,,0,39,0,h30,-0.0622,,,0
2026-06-17T09:03:38,route_mutation,0,,0,,0,39,0,h30,-0.0614,,,0
2026-06-17T09:04:08,route_mutation,0,,0,,0,39,0,h30,-0.0622,,,0
2026-06-17T09:04:39,route_mutation,0,,0,,0,39,0,h30,-0.0622,,,0
2026-06-17T09:05:09,route_mutation,0,,0,,0,39,0,h30,-0.0614,,,0
2026-06-17T09:05:39,route_mutation,0,,0,,0,39,0,h30,-0.0622,,,0
2026-06-17T09:06:09,ip_shuffle,2,h23|h27,0,,0.283,39,0,h23,0.0296,,,0
2026-06-17T09:07:13,route_mutation,0,,0,,0,39,0,h30,-0.0463,,,0
2026-06-17T09:07:43,route_mutation,0,,0,,0,39,0,h30,-0.0463,,,0
2026-06-17T09:08:14,route_mutation,0,,0,,0,39,0,h30,-0.0463,,,0
2026-06-17T09:08:44,route_mutation,0,,0,,0,39,0,h30,-0.0463,,,0
2026-06-17T09:09:14,route_mutation,0,,0,,0,39,0,h30,-0.0463,,,0
2026-06-17T09:09:44,route_mutation,0,,0,,0,39,0,h30,-0.0463,,,0
2026-06-17T09:10:14,route_mutation,0,,0,,0,39,0,h30,-0.0463,,,0
2026-06-17T09:10:45,route_mutation,0,,0,,0,39,0,h30,-0.0463,,,0
2026-06-17T09:11:15,route_mutation,0,,0,,0,39,0,h30,-0.0463,,,0
2026-06-17T09:11:45,ip_shuffle,2,h3|h5,0,,0.283,39,0,h3,0.0286,,,0
2026-06-17T09:12:49,route_mutation,0,,0,,0,39,0,h30,-0.0208,,,0
2026-06-17T09:13:19,route_mutation,0,,0,,0,39,0,h30,-0.0209,,,0
2026-06-17T09:13:49,route_mutation,0,,0,,0,39,0,h30,-0.0206,,,0
2026-06-17T09:14:20,route_mutation,0,,0,,0,39,0,h30,-0.0207,,,0
2026-06-17T09:14:50,route_mutation,0,,0,,0,39,0,h30,-0.0207,,,0
2026-06-17T09:15:20,route_mutation,0,,0,,0,39,0,h30,-0.0205,,,0
2026-06-17T09:15:50,route_mutation,0,,0,,0,39,0,h30,-0.0207,,,0
2026-06-17T09:16:20,route_mutation,0,,0,,0,39,0,h30,-0.0207,,,0
2026-06-17T09:16:51,route_mutation,0,,0,,0,39,0,h30,-0.0205,,,0
2026-06-17T09:17:21,ip_shuffle,1,h30,0,,0.1415,39,0,h30,0.0177,,,0
2026-06-17T09:18:18,route_mutation,0,,0,,0,39,0,h32,-0.0303,,,0
2026-06-17T09:18:49,route_mutation,0,,0,,0,39,0,h32,-0.0302,,,0
2026-06-17T09:19:19,route_mutation,0,,0,,0,39,0,h32,-0.0293,,,0
2026-06-17T09:19:49,route_mutation,0,,0,,0,39,0,h32,-0.0293,,,0
2026-06-17T09:20:19,route_mutation,0,,0,,0,39,0,h32,-0.0292,,,0
2026-06-17T09:20:49,route_mutation,0,,0,,0,39,0,h32,-0.0293,,,0
2026-06-17T09:21:20,route_mutation,0,,0,,0,39,0,h32,-0.0255,,,0
2026-06-17T09:21:50,route_mutation,0,,0,,0,39,0,h32,-0.0255,,,0
2026-06-17T09:22:20,route_mutation,0,,0,,0,39,0,h32,-0.0254,,,0
2026-06-17T09:22:50,ip_shuffle,1,h32,0,,0.1415,39,0,h32,0.0241,,,0
2026-06-17T09:23:48,ip_shuffle,1,h34,0,,0.1415,39,0,h34,0.1073,,,0
2026-06-17T09:24:46,route_mutation,0,,0,,0,39,0,h35,-0.0161,,,0
2026-06-17T09:25:16,route_mutation,0,,0,,0,39,0,h35,-0.0162,,,0
2026-06-17T09:25:46,route_mutation,0,,0,,0,39,0,h35,-0.0162,,,0
2026-06-17T09:26:16,route_mutation,0,,0,,0,39,0,h35,-0.0161,,,0
2026-06-17T09:26:46,route_mutation,0,,0,,0,39,0,h35,-0.0162,,,0
2026-06-17T09:27:16,route_mutation,0,,0,,0,39,0,h35,-0.0162,,,0
2026-06-17T09:27:47,route_mutation,0,,0,,0,39,0,h35,-0.0161,,,0
2026-06-17T09:28:17,route_mutation,0,,0,,0,39,0,h35,-0.0162,,,0
2026-06-17T09:28:47,route_mutation,0,,0,,0,39,0,h35,-0.0162,,,0
2026-06-17T09:29:17,route_mutation,0,,0,,0,39,0,h35,-0.0147,,,0
2026-06-17T09:29:47,route_mutation,0,,0,,0,39,0,h35,-0.0162,,,0
2026-06-17T09:30:17,route_mutation,0,,0,,0,39,0,h35,-0.0162,,,0
2026-06-17T09:30:48,route_mutation,0,,0,,0,39,0,h35,-0.0147,,,0
2026-06-17T09:31:18,route_mutation,0,,0,,0,39,0,h35,-0.0147,,,0
2026-06-17T09:31:48,route_mutation,0,,0,,0,39,0,h35,-0.0162,,,0
2026-06-17T09:32:18,route_mutation,0,,0,,0,39,0,h35,-0.0162,,,0
2026-06-17T09:32:48,route_mutation,0,,0,,0,39,0,h35,-0.0149,,,0
2026-06-17T09:33:19,route_mutation,0,,0,,0,39,0,h35,-0.0162,,,0
2026-06-17T09:33:49,route_mutation,0,,0,,0,39,0,h35,-0.0162,,,0
2026-06-17T09:34:19,route_mutation,0,,0,,0,39,0,h35,-0.0149,,,0
2026-06-17T09:34:49,route_mutation,0,,0,,0,39,0,h35,-0.0162,,,0
2026-06-17T09:35:19,route_mutation,0,,0,,0,39,0,h35,-0.0162,,,0
2026-06-17T09:35:50,route_mutation,0,,0,,0,39,0,h35,-0.0149,,,0
2026-06-17T09:36:20,route_mutation,0,,0,,0,39,0,h35,-0.0162,,,0
2026-06-17T09:36:50,ip_shuffle,3,h35|h17|h37,0,,0.4245,39,0,h35,0.072,,,0
2026-06-17T09:38:01,route_mutation,0,,0,,0,39,0,h19,-0.0218,,,0
2026-06-17T09:38:31,route_mutation,0,,0,,0,39,0,h19,-0.0218,,,0
2026-06-17T09:39:01,route_mutation,0,,0,,0,39,0,h19,-0.0219,,,0
2026-06-17T09:39:32,route_mutation,0,,0,,0,39,0,h19,-0.0218,,,0
2026-06-17T09:40:02,route_mutation,0,,0,,0,39,0,h19,-0.0218,,,0
2026-06-17T09:40:32,route_mutation,0,,0,,0,39,0,h19,-0.0219,,,0
2026-06-17T09:41:02,route_mutation,0,,0,,0,39,0,h19,-0.0218,,,0
2026-06-17T09:41:32,route_mutation,0,,0,,0,39,0,h19,-0.0218,,,0
2026-06-17T09:42:02,route_mutation,0,,0,,0,39,0,h19,-0.0218,,,0
2026-06-17T09:42:33,route_mutation,0,,0,,0,39,0,h19,-0.0218,,,0
2026-06-17T09:43:03,route_mutation,0,,0,,0,39,0,h33,-0.0337,,,0
2026-06-17T09:43:33,route_mutation,0,,0,,0,39,0,h33,-0.0337,,,0
2026-06-17T09:44:03,route_mutation,0,,0,,0,39,0,h33,-0.0324,,,0
2026-06-17T09:44:33,route_mutation,0,,0,,0,39,0,h33,-0.0337,,,0
2026-06-17T09:45:04,route_mutation,0,,0,,0,39,0,h33,-0.0324,,,0
2026-06-17T09:45:34,route_mutation,0,,0,,0,39,0,h33,-0.0337,,,0
2026-06-17T09:46:04,route_mutation,0,,0,,0,39,0,h33,-0.0337,,,0
2026-06-17T09:46:34,route_mutation,0,,0,,0,39,0,h33,-0.0321,,,0
2026-06-17T09:47:04,route_mutation,0,,0,,0,39,0,h33,-0.0337,,,0
2026-06-17T09:47:34,route_mutation,0,,0,,0,39,0,h33,-0.0337,,,0
2026-06-17T09:48:05,route_mutation,0,,0,,0,39,0,h33,-0.0321,,,0
2026-06-17T09:48:35,route_mutation,0,,0,,0,39,0,h33,-0.0322,,,0
2026-06-17T09:49:05,route_mutation,0,,0,,0,39,0,h33,-0.0337,,,0
2026-06-17T09:49:35,route_mutation,0,,0,,0,39,0,h33,-0.0321,,,0
2026-06-17T09:50:06,route_mutation,0,,0,,0,39,0,h33,-0.0337,,,0
2026-06-17T09:50:36,ip_shuffle,2,h33|h29,0,,0.283,39,0,h33,0.0104,,,0
2026-06-17T09:51:40,ip_shuffle,1,h25,0,,0.1415,39,0,h25,0.0296,,,0
2026-06-17T09:52:38,route_mutation,0,,0,,0,39,0,h30,-0.0463,,,0
2026-06-17T09:53:08,route_mutation,0,,0,,0,39,0,h30,-0.0463,,,0
2026-06-17T09:53:38,route_mutation,0,,0,,0,39,0,h30,-0.0463,,,0
2026-06-17T09:54:08,route_mutation,0,,0,,0,39,0,h30,-0.0463,,,0
2026-06-17T09:54:38,route_mutation,0,,0,,0,39,0,h30,-0.0463,,,0
2026-06-17T09:55:09,route_mutation,0,,0,,0,39,0,h30,-0.0463,,,0
2026-06-17T09:55:39,route_mutation,0,,0,,0,39,0,h30,-0.0463,,,0
2026-06-17T09:56:09,route_mutation,0,,0,,0,39,0,h30,-0.0426,,,0
2026-06-17T09:56:39,route_mutation,0,,0,,0,39,0,h30,-0.0426,,,0
2026-06-17T09:57:09,route_mutation,0,,0,,0,39,0,h38,-0.0101,,,0
2026-06-17T09:57:39,route_mutation,0,,0,,0,39,0,h20,-0.0404,,,0
2026-06-17T09:58:10,route_mutation,0,,0,,0,39,0,h12,-0.0402,,,0
2026-06-17T09:58:40,route_mutation,0,,0,,0,39,0,h12,-0.0386,,,0
2026-06-17T09:59:10,route_mutation,0,,0,,0,39,0,h12,-0.0389,,,0
2026-06-17T09:59:40,route_mutation,0,,0,,0,39,0,h12,-0.0404,,,0
2026-06-17T10:00:10,route_mutation,0,,0,,0,39,0,h12,-0.0404,,,0
2026-06-17T10:00:40,route_mutation,0,,0,,0,39,0,h12,-0.0389,,,0
2026-06-17T10:01:11,route_mutation,0,,0,,0,39,0,h12,-0.0404,,,0
2026-06-17T10:01:41,route_mutation,0,,0,,0,39,0,h12,-0.0404,,,0
2026-06-17T10:02:11,route_mutation,0,,0,,0,39,0,h12,-0.0387,,,0
2026-06-17T10:02:41,route_mutation,0,,0,,0,39,0,h30,-0.0043,,,0
2026-06-17T10:03:11,route_mutation,0,,0,,0,39,0,h30,-0.0043,,,0
2026-06-17T10:03:41,route_mutation,0,,0,,0,39,0,h30,-0.0043,,,0
2026-06-17T10:04:12,route_mutation,0,,0,,0,39,0,h30,-0.0043,,,0
2026-06-17T10:04:42,route_mutation,0,,0,,0,39,0,h30,-0.0043,,,0
2026-06-17T10:05:12,route_mutation,0,,0,,0,39,0,h30,-0.0043,,,0
2026-06-17T10:05:42,route_mutation,0,,0,,0,39,0,h30,-0.0043,,,0
2026-06-17T10:06:12,route_mutation,0,,0,,0,39,0,h30,-0.0251,,,0
2026-06-17T10:06:42,route_mutation,0,,0,,0,39,0,h30,-0.0253,,,0
2026-06-17T10:07:13,route_mutation,0,,0,,0,39,0,h30,-0.0253,,,0
2026-06-17T10:07:43,route_mutation,0,,0,,0,39,0,h32,-0.0347,,,0
2026-06-17T10:08:13,route_mutation,0,,0,,0,39,0,h32,-0.035,,,0
2026-06-17T10:08:43,route_mutation,0,,0,,0,39,0,h32,-0.035,,,0
2026-06-17T10:09:13,route_mutation,0,,0,,0,39,0,h32,-0.035,,,0
2026-06-17T10:09:43,route_mutation,0,,0,,0,39,0,h32,-0.0354,,,0
2026-06-17T10:10:14,route_mutation,0,,0,,0,39,0,h32,-0.0351,,,0
2026-06-17T10:10:44,route_mutation,0,,0,,0,39,0,h32,-0.0351,,,0
2026-06-17T10:11:14,route_mutation,0,,0,,0,39,0,h23,-0.0047,,,0
2026-06-17T10:11:44,route_mutation,0,,0,,0,39,0,h23,-0.0046,,,0
2026-06-17T10:12:14,route_mutation,0,,0,,0,39,0,h23,-0.0048,,,0
2026-06-17T10:12:44,route_mutation,0,,0,,0,39,0,h23,-0.0047,,,0
2026-06-17T10:13:15,route_mutation,0,,0,,0,39,0,h23,-0.0046,,,0
2026-06-17T10:13:45,route_mutation,0,,0,,0,39,0,h23,-0.0046,,,0
2026-06-17T10:14:15,route_mutation,0,,0,,0,39,0,h30,-0.0043,,,0
2026-06-17T10:14:45,route_mutation,0,,0,,0,39,0,h30,-0.0043,,,0
2026-06-17T10:15:15,route_mutation,0,,0,,0,39,0,h30,-0.0043,,,0
2026-06-17T10:15:46,ip_shuffle,1,h32,0,,0.1415,39,0,h32,0.0313,,,0
2026-06-17T10:16:43,route_mutation,0,,0,,0,39,0,h30,-0.0223,,,0
2026-06-17T10:17:13,route_mutation,0,,0,,0,39,0,h30,-0.0222,,,0
2026-06-17T10:17:43,route_mutation,0,,0,,0,39,0,h30,-0.0222,,,0
2026-06-17T10:18:14,route_mutation,0,,0,,0,39,0,h30,-0.0223,,,0
2026-06-17T10:18:44,route_mutation,0,,0,,0,39,0,h30,-0.0223,,,0
2026-06-17T10:19:14,route_mutation,0,,0,,0,39,0,h30,-0.0223,,,0
2026-06-17T10:19:44,route_mutation,0,,0,,0,39,0,h30,-0.0225,,,0
2026-06-17T10:20:14,route_mutation,0,,0,,0,39,0,h30,-0.0224,,,0
2026-06-17T10:20:45,route_mutation,0,,0,,0,39,0,h30,-0.0224,,,0
2026-06-17T10:21:15,route_mutation,0,,0,,0,39,0,h38,-0.0101,,,0
2026-06-17T10:21:45,route_mutation,0,,0,,0,39,0,h38,-0.0101,,,0
2026-06-17T10:22:15,route_mutation,0,,0,,0,39,0,h38,-0.0101,,,0
2026-06-17T10:22:45,route_mutation,0,,0,,0,39,0,h30,-0.0305,,,0
2026-06-17T10:23:15,route_mutation,0,,0,,0,39,0,h30,-0.0303,,,0
2026-06-17T10:23:46,route_mutation,0,,0,,0,39,0,h30,-0.0303,,,0
2026-06-17T10:24:16,route_mutation,0,,0,,0,39,0,h30,-0.0305,,,0
2026-06-17T10:24:46,ip_shuffle,2,h8|h38,0,,0.283,39,0,h8,0.0296,,,0
2026-06-17T10:25:50,ip_shuffle,1,h4,0,,0.1415,39,0,h4,0.0296,,,0
2026-06-17T10:26:48,ip_shuffle,1,h30,0,,0.1415,39,0,h30,0.0013,,,0
2026-06-17T10:27:45,route_mutation,0,,0,,0,39,0,h35,-0.0441,,,0
2026-06-17T10:28:16,route_mutation,0,,0,,0,39,0,h35,-0.0441,,,0
2026-06-17T10:28:46,route_mutation,0,,0,,0,39,0,h35,-0.044,,,0
2026-06-17T10:29:16,route_mutation,0,,0,,0,39,0,h35,-0.0441,,,0
2026-06-17T10:29:46,route_mutation,0,,0,,0,39,0,h35,-0.0441,,,0
2026-06-17T10:30:16,route_mutation,0,,0,,0,39,0,h35,-0.036,,,0
2026-06-17T10:30:47,route_mutation,0,,0,,0,39,0,h35,-0.036,,,0
2026-06-17T10:31:17,route_mutation,0,,0,,0,39,0,h35,-0.0329,,,0
2026-06-17T10:31:47,route_mutation,0,,0,,0,39,0,h35,-0.0328,,,0
2026-06-17T10:32:17,route_mutation,0,,0,,0,39,0,h33,-0.0098,,,0
2026-06-17T10:32:47,route_mutation,0,,0,,0,39,0,h33,-0.0109,,,0
2026-06-17T10:33:17,ip_shuffle,2,h22|h35,0,,0.283,39,0,h22,0.0296,,,0
2026-06-17T10:34:22,route_mutation,0,,0,,0,39,0,h10,-0.0294,,,0
2026-06-17T10:34:52,route_mutation,0,,0,,0,39,0,h10,-0.0294,,,0
2026-06-17T10:35:22,route_mutation,0,,0,,0,39,0,h10,-0.0293,,,0
2026-06-17T10:35:53,route_mutation,0,,0,,0,39,0,h10,-0.0294,,,0
2026-06-17T10:36:23,route_mutation,0,,0,,0,39,0,h10,-0.0295,,,0
2026-06-17T10:36:53,route_mutation,0,,0,,0,39,0,h10,-0.0293,,,0
2026-06-17T10:37:23,route_mutation,0,,0,,0,39,0,h10,-0.0294,,,0
2026-06-17T10:37:53,route_mutation,0,,0,,0,39,0,h10,-0.0295,,,0
2026-06-17T10:38:23,route_mutation,0,,0,,0,39,0,h10,-0.0292,,,0
2026-06-17T10:38:54,route_mutation,0,,0,,0,39,0,h24,-0.0171,,,0
2026-06-17T10:39:24,ip_shuffle,1,h24,0,,0.1415,39,0,h24,0.0296,,,0
2026-06-17T10:40:21,ip_shuffle,1,h13,0,,0.1415,39,0,h13,0.0296,,,0
2026-06-17T10:41:19,route_mutation,0,,0,,0,39,0,h32,-0.0169,,,0
2026-06-17T10:41:49,route_mutation,0,,0,,0,39,0,h32,-0.0168,,,0
2026-06-17T10:42:19,route_mutation,0,,0,,0,39,0,h32,-0.0167,,,0
2026-06-17T10:42:49,route_mutation,0,,0,,0,39,0,h32,-0.0169,,,0
2026-06-17T10:43:20,route_mutation,0,,0,,0,39,0,h32,-0.0169,,,0
2026-06-17T10:43:50,route_mutation,0,,0,,0,39,0,h32,-0.0167,,,0
2026-06-17T10:44:20,route_mutation,0,,0,,0,39,0,h32,-0.0169,,,0
2026-06-17T10:44:50,route_mutation,0,,0,,0,39,0,h32,-0.0072,,,0
2026-06-17T10:45:20,route_mutation,0,,0,,0,39,0,h32,-0.0071,,,0
2026-06-17T10:45:51,ip_shuffle,1,h37,0,,0.1415,39,0,h37,0.1268,,,0
2026-06-17T10:46:48,ip_shuffle,1,h32,0,,0.1415,39,0,h32,0.0011,,,0
2026-06-17T10:47:46,route_mutation,0,,0,,0,39,0,h33,-0.0218,,,0
2026-06-17T10:48:16,route_mutation,0,,0,,0,39,0,h33,-0.0218,,,0
2026-06-17T10:48:46,route_mutation,0,,0,,0,39,0,h33,-0.0218,,,0
2026-06-17T10:49:16,route_mutation,0,,0,,0,39,0,h33,-0.0218,,,0
2026-06-17T10:49:46,route_mutation,0,,0,,0,39,0,h33,-0.0218,,,0
2026-06-17T10:50:16,route_mutation,0,,0,,0,39,0,h33,-0.0218,,,0
2026-06-17T10:50:47,route_mutation,0,,0,,0,39,0,h33,-0.0218,,,0
2026-06-17T10:51:17,route_mutation,0,,0,,0,39,0,h33,-0.0218,,,0
2026-06-17T10:51:47,route_mutation,0,,0,,0,39,0,h33,-0.0216,,,0
2026-06-17T10:52:17,route_mutation,0,,0,,0,39,0,h33,-0.0218,,,0
2026-06-17T10:52:47,ip_shuffle,2,h33|h34,0,,0.283,39,0,h33,0.0475,,,0
2026-06-17T10:53:52,route_mutation,0,,0,,0,39,0,h30,-0.022,,,0
2026-06-17T10:54:22,route_mutation,0,,0,,0,39,0,h30,-0.022,,,0
2026-06-17T10:54:52,route_mutation,0,,0,,0,39,0,h30,-0.0219,,,0
2026-06-17T10:55:22,route_mutation,0,,0,,0,39,0,h30,-0.022,,,0
2026-06-17T10:55:52,route_mutation,0,,0,,0,39,0,h30,-0.022,,,0
2026-06-17T10:56:23,route_mutation,0,,0,,0,39,0,h30,-0.0219,,,0
2026-06-17T10:56:53,route_mutation,0,,0,,0,39,0,h30,-0.022,,,0
2026-06-17T10:57:23,route_mutation,0,,0,,0,39,0,h30,-0.022,,,0
2026-06-17T10:57:53,route_mutation,0,,0,,0,39,0,h30,-0.0219,,,0
2026-06-17T10:58:23,route_mutation,0,,0,,0,39,0,h30,-0.0305,,,0
2026-06-17T10:58:53,route_mutation,0,,0,,0,39,0,h30,-0.0305,,,0
2026-06-17T10:59:24,route_mutation,0,,0,,0,39,0,h30,-0.0292,,,0
2026-06-17T10:59:54,route_mutation,0,,0,,0,39,0,h30,-0.0305,,,0
2026-06-17T11:00:24,route_mutation,0,,0,,0,39,0,h30,-0.0305,,,0
2026-06-17T11:00:54,route_mutation,0,,0,,0,39,0,h30,-0.0292,,,0
2026-06-17T11:01:24,route_mutation,0,,0,,0,39,0,h30,-0.0305,,,0
2026-06-17T11:01:55,route_mutation,0,,0,,0,39,0,h30,-0.0305,,,0
2026-06-17T11:02:25,route_mutation,0,,0,,0,39,0,h30,-0.0292,,,0
2026-06-17T11:02:55,route_mutation,0,,0,,0,39,0,h30,-0.0305,,,0
2026-06-17T11:03:25,route_mutation,0,,0,,0,39,0,h30,-0.0303,,,0
2026-06-17T11:03:55,route_mutation,0,,0,,0,39,0,h30,-0.0291,,,0
2026-06-17T11:04:25,ip_shuffle,2,h20|h12,0,,0.283,39,0,h20,0.0296,,,0
2026-06-17T11:05:30,ip_shuffle,1,h30,0,,0.1415,39,0,h30,0.0153,,,0
2026-06-17T11:06:27,route_mutation,0,,0,,0,39,0,h35,-0.0302,,,0
2026-06-17T11:06:58,route_mutation,0,,0,,0,39,0,h35,-0.0302,,,0
2026-06-17T11:07:28,route_mutation,0,,0,,0,39,0,h35,-0.0302,,,0
2026-06-17T11:07:58,route_mutation,0,,0,,0,39,0,h35,-0.0302,,,0
2026-06-17T11:08:28,route_mutation,0,,0,,0,39,0,h35,-0.0302,,,0
2026-06-17T11:08:58,route_mutation,0,,0,,0,39,0,h35,-0.0302,,,0
2026-06-17T11:09:29,route_mutation,0,,0,,0,39,0,h35,-0.0302,,,0
2026-06-17T11:09:59,route_mutation,0,,0,,0,39,0,h35,-0.0191,,,0
2026-06-17T11:10:29,route_mutation,0,,0,,0,39,0,h35,-0.019,,,0
2026-06-17T11:10:59,route_mutation,0,,0,,0,39,0,h3,-0.0075,,,0
2026-06-17T11:11:29,route_mutation,0,,0,,0,39,0,h3,-0.0079,,,0
2026-06-17T11:12:00,route_mutation,0,,0,,0,39,0,h3,-0.0077,,,0
2026-06-17T11:12:30,route_mutation,0,,0,,0,39,0,h3,-0.0075,,,0
2026-06-17T11:13:00,route_mutation,0,,0,,0,39,0,h2,-0.0079,,,0
2026-06-17T11:13:30,route_mutation,0,,0,,0,39,0,h35,-0.0302,,,0
2026-06-17T11:14:00,route_mutation,0,,0,,0,39,0,h27,-0.0075,,,0
2026-06-17T11:14:30,route_mutation,0,,0,,0,39,0,h27,-0.0077,,,0
2026-06-17T11:15:01,route_mutation,0,,0,,0,39,0,h27,-0.0079,,,0
2026-06-17T11:15:31,route_mutation,0,,0,,0,39,0,h27,-0.0075,,,0
2026-06-17T11:16:01,route_mutation,0,,0,,0,39,0,h27,-0.0075,,,0
2026-06-17T11:16:31,route_mutation,0,,0,,0,39,0,h27,-0.008,,,0
2026-06-17T11:17:01,route_mutation,0,,0,,0,39,0,h32,-0.0031,,,0
2026-06-17T11:17:31,route_mutation,0,,0,,0,39,0,h32,-0.0031,,,0
2026-06-17T11:18:02,route_mutation,0,,0,,0,39,0,h32,-0.0031,,,0
2026-06-17T11:18:32,route_mutation,0,,0,,0,39,0,h32,-0.0031,,,0
2026-06-17T11:19:02,ip_shuffle,1,h35,0,,0.1415,39,0,h35,0.0257,,,0
2026-06-17T11:20:00,route_mutation,0,,0,,0,39,0,h32,-0.0196,,,0
2026-06-17T11:20:30,route_mutation,0,,0,,0,39,0,h32,-0.0196,,,0
2026-06-17T11:21:00,route_mutation,0,,0,,0,39,0,h38,-0.024,,,0
2026-06-17T11:21:30,route_mutation,0,,0,,0,39,0,h38,-0.0144,,,0
2026-06-17T11:22:00,route_mutation,0,,0,,0,39,0,h38,-0.0145,,,0
2026-06-17T11:22:30,route_mutation,0,,0,,0,39,0,h38,-0.0145,,,0
2026-06-17T11:23:01,route_mutation,0,,0,,0,39,0,h38,-0.0146,,,0
2026-06-17T11:23:31,route_mutation,0,,0,,0,39,0,h38,-0.0145,,,0
2026-06-17T11:24:01,route_mutation,0,,0,,0,39,0,h38,-0.0444,,,0
2026-06-17T11:24:31,ip_shuffle,2,h38|h36,0,,0.283,39,0,h38,0.0598,,,0
2026-06-17T11:25:36,route_mutation,0,,0,,0,39,0,h34,-0.0171,,,0
2026-06-17T11:26:06,route_mutation,0,,0,,0,39,0,h34,-0.0171,,,0
2026-06-17T11:26:36,route_mutation,0,,0,,0,39,0,h34,-0.0171,,,0
2026-06-17T11:27:06,route_mutation,0,,0,,0,39,0,h34,-0.0171,,,0
2026-06-17T11:27:36,route_mutation,0,,0,,0,39,0,h34,-0.0171,,,0
2026-06-17T11:28:06,route_mutation,0,,0,,0,39,0,h34,-0.0171,,,0
2026-06-17T11:28:37,route_mutation,0,,0,,0,39,0,h34,-0.0171,,,0
2026-06-17T11:29:07,route_mutation,0,,0,,0,39,0,h34,-0.0171,,,0
2026-06-17T11:29:37,route_mutation,0,,0,,0,39,0,h34,-0.0171,,,0
2026-06-17T11:30:07,route_mutation,0,,0,,0,39,0,h32,-0.0347,,,0
2026-06-17T11:30:37,ip_shuffle,1,h16,0,,0.1415,39,0,h16,0.0296,,,0
2026-06-17T11:31:35,route_mutation,0,,0,,0,39,0,h32,-0.0167,,,0
2026-06-17T11:32:05,route_mutation,0,,0,,0,39,0,h32,-0.0167,,,0
2026-06-17T11:32:35,route_mutation,0,,0,,0,39,0,h32,-0.0169,,,0
2026-06-17T11:33:06,route_mutation,0,,0,,0,39,0,h32,-0.0167,,,0
2026-06-17T11:33:36,route_mutation,0,,0,,0,39,0,h32,-0.0167,,,0
2026-06-17T11:34:06,route_mutation,0,,0,,0,39,0,h32,-0.0168,,,0
2026-06-17T11:34:36,route_mutation,0,,0,,0,39,0,h32,-0.0166,,,0
2026-06-17T11:35:06,route_mutation,0,,0,,0,39,0,h32,-0.0167,,,0
2026-06-17T11:35:37,route_mutation,0,,0,,0,39,0,h32,-0.0168,,,0
2026-06-17T11:36:07,route_mutation,0,,0,,0,39,0,h32,-0.0155,,,0
2026-06-17T11:36:37,route_mutation,0,,0,,0,39,0,h32,-0.0169,,,0
2026-06-17T11:37:07,route_mutation,0,,0,,0,39,0,h32,-0.0167,,,0
2026-06-17T11:37:37,route_mutation,0,,0,,0,39,0,h32,-0.0155,,,0
2026-06-17T11:38:07,route_mutation,0,,0,,0,39,0,h32,-0.0169,,,0
2026-06-17T11:38:38,route_mutation,0,,0,,0,39,0,h32,-0.0169,,,0
2026-06-17T11:39:08,route_mutation,0,,0,,0,39,0,h32,-0.0156,,,0
2026-06-17T11:39:38,route_mutation,0,,0,,0,39,0,h32,-0.0169,,,0
2026-06-17T11:40:08,route_mutation,0,,0,,0,39,0,h32,-0.0169,,,0
2026-06-17T11:40:38,route_mutation,0,,0,,0,39,0,h32,-0.0156,,,0
2026-06-17T11:41:09,route_mutation,0,,0,,0,39,0,h32,-0.0169,,,0
2026-06-17T11:41:39,route_mutation,0,,0,,0,39,0,h32,-0.0169,,,0
2026-06-17T11:42:09,route_mutation,0,,0,,0,39,0,h32,-0.0156,,,0
2026-06-17T11:42:39,route_mutation,0,,0,,0,39,0,h32,-0.0169,,,0
2026-06-17T11:43:09,route_mutation,0,,0,,0,39,0,h32,-0.0169,,,0
2026-06-17T11:43:39,ip_shuffle,1,h37,0,,0.1415,39,0,h37,0.0171,,,0
2026-06-17T11:44:37,ip_shuffle,1,h32,0,,0.1415,39,0,h32,0.001,,,0
2026-06-17T11:45:35,route_mutation,0,,0,,0,39,0,h30,-0.0323,,,0
2026-06-17T11:46:05,route_mutation,0,,0,,0,39,0,h30,-0.0322,,,0
2026-06-17T11:46:35,route_mutation,0,,0,,0,39,0,h30,-0.0321,,,0
2026-06-17T11:47:05,route_mutation,0,,0,,0,39,0,h30,-0.0323,,,0
2026-06-17T11:47:35,route_mutation,0,,0,,0,39,0,h30,-0.0322,,,0
2026-06-17T11:48:06,route_mutation,0,,0,,0,39,0,h30,-0.0322,,,0
2026-06-17T11:48:36,route_mutation,0,,0,,0,39,0,h33,-0.0347,,,0
2026-06-17T11:49:06,route_mutation,0,,0,,0,39,0,h33,-0.0347,,,0
2026-06-17T11:49:36,route_mutation,0,,0,,0,39,0,h33,-0.0347,,,0
2026-06-17T11:50:06,route_mutation,0,,0,,0,39,0,h33,-0.0457,,,0
2026-06-17T11:50:36,route_mutation,0,,0,,0,39,0,h33,-0.0457,,,0
2026-06-17T11:51:06,route_mutation,0,,0,,0,39,0,h33,-0.0457,,,0
2026-06-17T11:51:37,route_mutation,0,,0,,0,39,0,h33,-0.0457,,,0
2026-06-17T11:52:07,route_mutation,0,,0,,0,39,0,h39,-0.021,,,0
2026-06-17T11:52:37,route_mutation,0,,0,,0,39,0,h39,-0.021,,,0
2026-06-17T11:53:07,ip_shuffle,1,h39,0,,0.1415,39,0,h39,0.0483,,,0
2026-06-17T11:54:05,ip_shuffle,1,h19,0,,0.1415,39,0,h19,0.0072,,,0
2026-06-17T11:55:03,route_mutation,0,,0,,0,39,0,h30,-0.0144,,,0
2026-06-17T11:55:33,route_mutation,0,,0,,0,39,0,h30,-0.0146,,,0
2026-06-17T11:56:03,route_mutation,0,,0,,0,39,0,h30,-0.0146,,,0
2026-06-17T11:56:33,route_mutation,0,,0,,0,39,0,h30,-0.0144,,,0
2026-06-17T11:57:03,route_mutation,0,,0,,0,39,0,h30,-0.0146,,,0
2026-06-17T11:57:34,route_mutation,0,,0,,0,39,0,h30,-0.0144,,,0
2026-06-17T11:58:04,route_mutation,0,,0,,0,39,0,h30,-0.0144,,,0
2026-06-17T11:58:34,route_mutation,0,,0,,0,39,0,h30,-0.0146,,,0
2026-06-17T11:59:04,route_mutation,0,,0,,0,39,0,h30,-0.0145,,,0
2026-06-17T11:59:34,ip_shuffle,3,h33|h30|h26,0,,0.4245,39,0,h33,0.0482,,,0
2026-06-17T12:00:46,ip_shuffle,1,h25,0,,0.1415,39,0,h25,0.0296,,,0
2026-06-17T12:01:43,route_mutation,0,,0,,0,39,0,h35,-0.0162,,,0
2026-06-17T12:02:13,route_mutation,0,,0,,0,39,0,h35,-0.0161,,,0
2026-06-17T12:02:44,route_mutation,0,,0,,0,39,0,h35,-0.0162,,,0
2026-06-17T12:03:14,route_mutation,0,,0,,0,39,0,h35,-0.0162,,,0
2026-06-17T12:03:44,route_mutation,0,,0,,0,39,0,h35,-0.0161,,,0
2026-06-17T12:04:14,route_mutation,0,,0,,0,39,0,h35,-0.0162,,,0
2026-06-17T12:04:44,route_mutation,0,,0,,0,39,0,h35,-0.0162,,,0
2026-06-17T12:05:14,route_mutation,0,,0,,0,39,0,h35,-0.0161,,,0
2026-06-17T12:05:45,route_mutation,0,,0,,0,39,0,h35,-0.0162,,,0
2026-06-17T12:06:15,route_mutation,0,,0,,0,39,0,h35,-0.0162,,,0
2026-06-17T12:06:45,ip_shuffle,2,h12|h3,0,,0.283,39,0,h12,0.0296,,,0
2026-06-17T12:07:49,ip_shuffle,2,h7|h35,0,,0.283,39,0,h7,0.0296,,,0
2026-06-17T12:08:54,ip_shuffle,1,h22,0,,0.1415,39,0,h22,0.0118,,,0
2026-06-17T12:09:51,ip_shuffle,1,h32,0,,0.1415,39,0,h32,0.001,,,0
2026-06-17T12:10:49,route_mutation,0,,0,,0,39,0,h37,-0.041,,,0
2026-06-17T12:11:19,route_mutation,0,,0,,0,39,0,h37,-0.0412,,,0
2026-06-17T12:11:49,route_mutation,0,,0,,0,39,0,h37,-0.0411,,,0
2026-06-17T12:12:20,route_mutation,0,,0,,0,39,0,h37,-0.0412,,,0
2026-06-17T12:12:50,route_mutation,0,,0,,0,39,0,h37,-0.0412,,,0
2026-06-17T12:13:20,route_mutation,0,,0,,0,39,0,h37,-0.0411,,,0
2026-06-17T12:13:50,route_mutation,0,,0,,0,39,0,h37,-0.0411,,,0
2026-06-17T12:14:20,route_mutation,0,,0,,0,39,0,h37,-0.0298,,,0
2026-06-17T12:14:50,route_mutation,0,,0,,0,39,0,h37,-0.0297,,,0
2026-06-17T12:15:21,ip_shuffle,1,h28,0,,0.1415,39,0,h28,0.0296,,,0
2026-06-17T12:16:18,route_mutation,0,,0,,0,39,0,h37,-0.0154,,,0
2026-06-17T12:16:49,route_mutation,0,,0,,0,39,0,h37,-0.0154,,,0
2026-06-17T12:17:19,route_mutation,0,,0,,0,39,0,h37,-0.0156,,,0
2026-06-17T12:17:49,route_mutation,0,,0,,0,39,0,h37,-0.0154,,,0
2026-06-17T12:18:19,route_mutation,0,,0,,0,39,0,h37,-0.0154,,,0
2026-06-17T12:18:49,route_mutation,0,,0,,0,39,0,h37,-0.0155,,,0
2026-06-17T12:19:19,route_mutation,0,,0,,0,39,0,h37,-0.0154,,,0
2026-06-17T12:19:50,route_mutation,0,,0,,0,39,0,h37,-0.0154,,,0
2026-06-17T12:20:20,route_mutation,0,,0,,0,39,0,h37,-0.0155,,,0
2026-06-17T12:20:50,ip_shuffle,3,h36|h37|h34,0,,0.4245,39,0,h36,0.0685,,,0
2026-06-17T12:22:01,route_mutation,0,,0,,0,39,0,h30,-0.0146,,,0
2026-06-17T12:22:32,route_mutation,0,,0,,0,39,0,h30,-0.0146,,,0
2026-06-17T12:23:02,route_mutation,0,,0,,0,39,0,h30,-0.0146,,,0
2026-06-17T12:23:32,route_mutation,0,,0,,0,39,0,h30,-0.0146,,,0
2026-06-17T12:24:02,route_mutation,0,,0,,0,39,0,h30,-0.0146,,,0
2026-06-17T12:24:32,route_mutation,0,,0,,0,39,0,h30,-0.0146,,,0
2026-06-17T12:25:02,route_mutation,0,,0,,0,39,0,h30,-0.0146,,,0
2026-06-17T12:25:33,route_mutation,0,,0,,0,39,0,h30,-0.0146,,,0
2026-06-17T12:26:03,route_mutation,0,,0,,0,39,0,h30,-0.0146,,,0
2026-06-17T12:26:33,ip_shuffle,1,h38,0,,0.1415,39,0,h38,0.0861,,,0
2026-06-17T12:27:31,ip_shuffle,1,h30,0,,0.1415,39,0,h30,0.0014,,,0
2026-06-17T12:28:28,route_mutation,0,,0,,0,39,0,h33,-0.0124,,,0
2026-06-17T12:28:59,route_mutation,0,,0,,0,39,0,h33,-0.0124,,,0
2026-06-17T12:29:29,route_mutation,0,,0,,0,39,0,h33,-0.0123,,,0
2026-06-17T12:29:59,route_mutation,0,,0,,0,39,0,h33,-0.0124,,,0
2026-06-17T12:30:29,route_mutation,0,,0,,0,39,0,h33,-0.0123,,,0
2026-06-17T12:30:59,route_mutation,0,,0,,0,39,0,h33,-0.0123,,,0
2026-06-17T12:31:30,route_mutation,0,,0,,0,39,0,h33,-0.0124,,,0
2026-06-17T12:32:00,route_mutation,0,,0,,0,39,0,h33,-0.0218,,,0
2026-06-17T12:32:30,route_mutation,0,,0,,0,39,0,h33,-0.0218,,,0
2026-06-17T12:33:00,route_mutation,0,,0,,0,39,0,h33,-0.0215,,,0
2026-06-17T12:33:30,route_mutation,0,,0,,0,39,0,h33,-0.02,,,0
2026-06-17T12:34:00,route_mutation,0,,0,,0,39,0,h33,-0.02,,,0
2026-06-17T12:34:31,route_mutation,0,,0,,0,39,0,h33,-0.0215,,,0
2026-06-17T12:35:01,route_mutation,0,,0,,0,39,0,h33,-0.02,,,0
2026-06-17T12:35:31,route_mutation,0,,0,,0,39,0,h33,-0.0218,,,0
2026-06-17T12:36:01,route_mutation,0,,0,,0,39,0,h33,-0.0215,,,0
2026-06-17T12:36:31,ip_shuffle,2,h33|h14,0,,0.283,39,0,h33,0.0249,,,0
2026-06-17T12:37:36,route_mutation,0,,0,,0,39,0,h32,-0.0179,,,0
2026-06-17T12:38:06,route_mutation,0,,0,,0,39,0,h32,-0.0179,,,0
2026-06-17T12:38:36,route_mutation,0,,0,,0,39,0,h32,-0.0179,,,0
2026-06-17T12:39:06,route_mutation,0,,0,,0,39,0,h32,-0.0179,,,0
2026-06-17T12:39:36,route_mutation,0,,0,,0,39,0,h32,-0.0179,,,0
2026-06-17T12:40:06,route_mutation,0,,0,,0,39,0,h32,-0.018,,,0
2026-06-17T12:40:37,route_mutation,0,,0,,0,39,0,h32,-0.018,,,0
2026-06-17T12:41:07,route_mutation,0,,0,,0,39,0,h32,-0.018,,,0
2026-06-17T12:41:37,route_mutation,0,,0,,0,39,0,h32,-0.018,,,0
2026-06-17T12:42:07,route_mutation,0,,0,,0,39,0,h35,-0.0302,,,0
2026-06-17T12:42:37,route_mutation,0,,0,,0,39,0,h35,-0.0302,,,0
2026-06-17T12:43:08,ip_shuffle,2,h35|h10,0,,0.283,39,0,h35,0.009,,,0
2026-06-17T12:44:12,route_mutation,0,,0,,0,39,0,h32,-0.0055,,,0
2026-06-17T12:44:42,route_mutation,0,,0,,0,39,0,h32,-0.0057,,,0
2026-06-17T12:45:12,route_mutation,0,,0,,0,39,0,h32,-0.0056,,,0
2026-06-17T12:45:42,route_mutation,0,,0,,0,39,0,h32,-0.0056,,,0
2026-06-17T12:46:13,route_mutation,0,,0,,0,39,0,h32,-0.0057,,,0
2026-06-17T12:46:43,route_mutation,0,,0,,0,39,0,h32,-0.0054,,,0
2026-06-17T12:47:13,route_mutation,0,,0,,0,39,0,h32,-0.0055,,,0
2026-06-17T12:47:43,route_mutation,0,,0,,0,39,0,h32,-0.0055,,,0
2026-06-17T12:48:13,route_mutation,0,,0,,0,39,0,h32,-0.0054,,,0
2026-06-17T12:48:43,route_mutation,0,,0,,0,39,0,h32,-0.0169,,,0
2026-06-17T12:49:14,route_mutation,0,,0,,0,39,0,h37,-0.0074,,,0
2026-06-17T12:49:44,route_mutation,0,,0,,0,39,0,h32,-0.0156,,,0
2026-06-17T12:50:14,route_mutation,0,,0,,0,39,0,h32,-0.0167,,,0
2026-06-17T12:50:44,route_mutation,0,,0,,0,39,0,h32,-0.0156,,,0
2026-06-17T12:51:14,route_mutation,0,,0,,0,39,0,h32,-0.0156,,,0
2026-06-17T12:51:45,route_mutation,0,,0,,0,39,0,h32,-0.0169,,,0
2026-06-17T12:52:15,route_mutation,0,,0,,0,39,0,h32,-0.0156,,,0
2026-06-17T12:52:45,route_mutation,0,,0,,0,39,0,h32,-0.0169,,,0
2026-06-17T12:53:15,route_mutation,0,,0,,0,39,0,h32,-0.0169,,,0
2026-06-17T12:53:45,route_mutation,0,,0,,0,39,0,h32,-0.0169,,,0
2026-06-17T12:54:15,route_mutation,0,,0,,0,39,0,h32,-0.0169,,,0
2026-06-17T12:54:46,route_mutation,0,,0,,0,39,0,h32,-0.0169,,,0
2026-06-17T12:55:16,route_mutation,0,,0,,0,39,0,h32,-0.0169,,,0
2026-06-17T12:55:46,route_mutation,0,,0,,0,39,0,h32,-0.0169,,,0
2026-06-17T12:56:16,route_mutation,0,,0,,0,39,0,h32,-0.0169,,,0
2026-06-17T12:56:46,ip_shuffle,1,h11,0,,0.1415,39,0,h11,0.0296,,,0
2026-06-17T12:57:44,ip_shuffle,1,h32,0,,0.1415,39,0,h32,0.0192,,,0
2026-06-17T12:58:41,ip_shuffle,1,h37,0,,0.1415,39,0,h37,0.0321,,,0
2026-06-17T12:59:39,route_mutation,0,,0,,0,39,0,h30,-0.0463,,,0
2026-06-17T13:00:09,route_mutation,0,,0,,0,39,0,h30,-0.0462,,,0
2026-06-17T13:00:40,route_mutation,0,,0,,0,39,0,h30,-0.0463,,,0
2026-06-17T13:01:10,route_mutation,0,,0,,0,39,0,h30,-0.0463,,,0
2026-06-17T13:01:40,route_mutation,0,,0,,0,39,0,h30,-0.0462,,,0
2026-06-17T13:02:10,route_mutation,0,,0,,0,39,0,h30,-0.0462,,,0
2026-06-17T13:02:40,route_mutation,0,,0,,0,39,0,h30,-0.0462,,,0
2026-06-17T13:03:10,route_mutation,0,,0,,0,39,0,h30,-0.0394,,,0
2026-06-17T13:03:41,route_mutation,0,,0,,0,39,0,h30,-0.0393,,,0
2026-06-17T13:04:11,route_mutation,0,,0,,0,39,0,h29,-0.04,,,0
2026-06-17T13:04:41,route_mutation,0,,0,,0,39,0,h29,-0.0404,,,0
2026-06-17T13:05:11,route_mutation,0,,0,,0,39,0,h3,-0.0401,,,0
2026-06-17T13:05:41,ip_shuffle,1,h29,0,,0.1415,39,0,h29,0.0296,,,0
2026-06-17T13:06:39,route_mutation,0,,0,,0,39,0,h30,-0.0161,,,0
2026-06-17T13:07:09,route_mutation,0,,0,,0,39,0,h30,-0.016,,,0
2026-06-17T13:07:39,route_mutation,0,,0,,0,39,0,h30,-0.0162,,,0
2026-06-17T13:08:09,route_mutation,0,,0,,0,39,0,h30,-0.0161,,,0
2026-06-17T13:08:40,route_mutation,0,,0,,0,39,0,h30,-0.016,,,0
2026-06-17T13:09:10,route_mutation,0,,0,,0,39,0,h30,-0.0162,,,0
2026-06-17T13:09:40,route_mutation,0,,0,,0,39,0,h30,-0.0162,,,0
2026-06-17T13:10:10,route_mutation,0,,0,,0,39,0,h30,-0.016,,,0
2026-06-17T13:10:40,route_mutation,0,,0,,0,39,0,h30,-0.0304,,,0
2026-06-17T13:11:10,route_mutation,0,,0,,0,39,0,h34,-0.0057,,,0
2026-06-17T13:11:41,route_mutation,0,,0,,0,39,0,h34,-0.0057,,,0
2026-06-17T13:12:11,route_mutation,0,,0,,0,39,0,h34,-0.0057,,,0
2026-06-17T13:12:41,route_mutation,0,,0,,0,39,0,h34,-0.0057,,,0
2026-06-17T13:13:11,route_mutation,0,,0,,0,39,0,h34,-0.0057,,,0
2026-06-17T13:13:41,route_mutation,0,,0,,0,39,0,h34,-0.0057,,,0
2026-06-17T13:14:11,route_mutation,0,,0,,0,39,0,h34,-0.0057,,,0
2026-06-17T13:14:42,ip_shuffle,2,h12|h30,0,,0.283,39,0,h12,0.0296,,,0
2026-06-17T13:15:46,route_mutation,0,,0,,0,39,0,h28,-0.0184,,,0
2026-06-17T13:16:16,route_mutation,0,,0,,0,39,0,h28,-0.0184,,,0
2026-06-17T13:16:46,route_mutation,0,,0,,0,39,0,h28,-0.0184,,,0
2026-06-17T13:17:16,route_mutation,0,,0,,0,39,0,h28,-0.0184,,,0
2026-06-17T13:17:47,route_mutation,0,,0,,0,39,0,h28,-0.0184,,,0
2026-06-17T13:18:17,route_mutation,0,,0,,0,39,0,h28,-0.0184,,,0
2026-06-17T13:18:47,route_mutation,0,,0,,0,39,0,h28,-0.0184,,,0
2026-06-17T13:19:17,route_mutation,0,,0,,0,39,0,h28,-0.0184,,,0
2026-06-17T13:19:47,route_mutation,0,,0,,0,39,0,h28,-0.0183,,,0
2026-06-17T13:20:17,ip_shuffle,1,h28,0,,0.1415,39,0,h28,0.0296,,,0
2026-06-17T13:21:15,route_mutation,0,,0,,0,39,0,h35,-0.0439,,,0
2026-06-17T13:21:45,route_mutation,0,,0,,0,39,0,h35,-0.0441,,,0
2026-06-17T13:22:15,route_mutation,0,,0,,0,39,0,h35,-0.0441,,,0
2026-06-17T13:22:45,route_mutation,0,,0,,0,39,0,h35,-0.0439,,,0
2026-06-17T13:23:16,route_mutation,0,,0,,0,39,0,h35,-0.0441,,,0
2026-06-17T13:23:46,route_mutation,0,,0,,0,39,0,h35,-0.0441,,,0
2026-06-17T13:24:16,route_mutation,0,,0,,0,39,0,h35,-0.0439,,,0
2026-06-17T13:24:46,route_mutation,0,,0,,0,39,0,h35,-0.0441,,,0
2026-06-17T13:25:16,route_mutation,0,,0,,0,39,0,h35,-0.0441,,,0
2026-06-17T13:25:47,route_mutation,0,,0,,0,39,0,h32,-0.0369,,,0
2026-06-17T13:26:17,ip_shuffle,2,h8|h38,0,,0.283,39,0,h8,0.0296,,,0
2026-06-17T13:27:21,ip_shuffle,1,h34,0,,0.1415,39,0,h34,0.1073,,,0
2026-06-17T13:28:19,route_mutation,0,,0,,0,39,0,h35,-0.0039,,,0
2026-06-17T13:28:49,route_mutation,0,,0,,0,39,0,h35,-0.0037,,,0
2026-06-17T13:29:19,route_mutation,0,,0,,0,39,0,h35,-0.0039,,,0
2026-06-17T13:29:49,route_mutation,0,,0,,0,39,0,h35,-0.0039,,,0
2026-06-17T13:30:20,route_mutation,0,,0,,0,39,0,h35,-0.0039,,,0
2026-06-17T13:30:50,route_mutation,0,,0,,0,39,0,h35,-0.0039,,,0
2026-06-17T13:31:20,route_mutation,0,,0,,0,39,0,h35,-0.0039,,,0
2026-06-17T13:31:50,route_mutation,0,,0,,0,39,0,h35,-0.0039,,,0
2026-06-17T13:32:20,ip_shuffle,1,h35,0,,0.1415,39,0,h35,0.0187,,,0
2026-06-17T13:33:18,ip_shuffle,2,h25|h32,0,,0.283,39,0,h25,0.0296,,,0
2026-06-17T13:34:22,route_mutation,0,,0,,0,39,0,h33,-0.0124,,,0
2026-06-17T13:34:53,route_mutation,0,,0,,0,39,0,h33,-0.0124,,,0
2026-06-17T13:35:23,route_mutation,0,,0,,0,39,0,h33,-0.0124,,,0
2026-06-17T13:35:53,route_mutation,0,,0,,0,39,0,h33,-0.0124,,,0
2026-06-17T13:36:23,route_mutation,0,,0,,0,39,0,h33,-0.0124,,,0
2026-06-17T13:36:53,route_mutation,0,,0,,0,39,0,h33,-0.0124,,,0
2026-06-17T13:37:23,route_mutation,0,,0,,0,39,0,h33,-0.0124,,,0
2026-06-17T13:37:54,route_mutation,0,,0,,0,39,0,h33,-0.0218,,,0
2026-06-17T13:38:24,route_mutation,0,,0,,0,39,0,h33,-0.0216,,,0
2026-06-17T13:38:54,route_mutation,0,,0,,0,39,0,h33,-0.0218,,,0
2026-06-17T13:39:24,route_mutation,0,,0,,0,39,0,h33,-0.0218,,,0
2026-06-17T13:39:54,route_mutation,0,,0,,0,39,0,h33,-0.02,,,0
2026-06-17T13:40:25,route_mutation,0,,0,,0,39,0,h33,-0.02,,,0
2026-06-17T13:40:55,route_mutation,0,,0,,0,39,0,h33,-0.0218,,,0
2026-06-17T13:41:25,ip_shuffle,2,h33|h37,0,,0.283,39,0,h33,0.078,,,0
2026-06-17T13:42:29,route_mutation,0,,0,,0,39,0,h30,-0.0303,,,0
2026-06-17T13:43:00,route_mutation,0,,0,,0,39,0,h30,-0.0305,,,0
2026-06-17T13:43:30,route_mutation,0,,0,,0,39,0,h30,-0.0305,,,0
2026-06-17T13:44:00,route_mutation,0,,0,,0,39,0,h30,-0.0304,,,0
2026-06-17T13:44:30,route_mutation,0,,0,,0,39,0,h30,-0.0305,,,0
2026-06-17T13:45:00,route_mutation,0,,0,,0,39,0,h30,-0.0305,,,0
2026-06-17T13:45:30,route_mutation,0,,0,,0,39,0,h30,-0.0304,,,0
2026-06-17T13:46:01,route_mutation,0,,0,,0,39,0,h30,-0.0305,,,0
2026-06-17T13:46:31,route_mutation,0,,0,,0,39,0,h30,-0.0305,,,0
2026-06-17T13:47:01,ip_shuffle,1,h40,0,,0.1415,39,0,h40,0.0293,,,0
2026-06-17T13:47:31,ip_shuffle,1,h40,0,,0.1415,39,0,h40,0.0276,,,0
2026-06-17T13:48:01,ip_shuffle,2,h40|h30,0,,0.283,39,0,h40,0.0293,,,0
2026-06-17T13:48:59,route_mutation,0,,0,,0,39,0,h32,-0.0468,,,0
2026-06-17T13:49:29,route_mutation,0,,0,,0,39,0,h32,-0.0467,,,0
2026-06-17T13:49:59,route_mutation,0,,0,,0,39,0,h32,-0.0467,,,0
2026-06-17T13:50:29,route_mutation,0,,0,,0,39,0,h32,-0.0468,,,0
2026-06-17T13:51:00,route_mutation,0,,0,,0,39,0,h32,-0.0467,,,0
2026-06-17T13:51:30,route_mutation,0,,0,,0,39,0,h32,-0.0467,,,0
2026-06-17T13:52:00,route_mutation,0,,0,,0,39,0,h32,-0.0468,,,0
2026-06-17T13:52:30,route_mutation,0,,0,,0,39,0,h32,-0.0467,,,0
2026-06-17T13:53:00,route_mutation,0,,0,,0,39,0,h32,-0.0493,,,0
2026-06-17T13:53:30,ip_shuffle,1,h13,0,,0.1415,39,0,h13,0.0086,,,0
2026-06-17T13:54:28,route_mutation,0,,0,,0,39,0,h32,-0.0347,,,0
2026-06-17T13:54:58,route_mutation,0,,0,,0,39,0,h32,-0.0347,,,0
2026-06-17T13:55:29,route_mutation,0,,0,,0,39,0,h32,-0.0346,,,0
2026-06-17T13:55:59,route_mutation,0,,0,,0,39,0,h32,-0.0347,,,0
2026-06-17T13:56:29,route_mutation,0,,0,,0,39,0,h32,-0.0346,,,0
2026-06-17T13:56:59,route_mutation,0,,0,,0,39,0,h32,-0.0346,,,0
2026-06-17T13:57:29,route_mutation,0,,0,,0,39,0,h32,-0.0347,,,0
2026-06-17T13:57:59,route_mutation,0,,0,,0,39,0,h32,-0.0309,,,0
2026-06-17T13:58:30,route_mutation,0,,0,,0,39,0,h32,-0.0308,,,0
2026-06-17T13:59:00,route_mutation,0,,0,,0,39,0,h39,-0.021,,,0
2026-06-17T13:59:30,ip_shuffle,1,h11,0,,0.1415,39,0,h11,0.0296,,,0
2026-06-17T14:00:28,route_mutation,0,,0,,0,39,0,h32,-0.0169,,,0
2026-06-17T14:00:58,route_mutation,0,,0,,0,39,0,h32,-0.0169,,,0
2026-06-17T14:01:28,route_mutation,0,,0,,0,39,0,h32,-0.0169,,,0
2026-06-17T14:01:58,route_mutation,0,,0,,0,39,0,h32,-0.0169,,,0
2026-06-17T14:02:28,route_mutation,0,,0,,0,39,0,h32,-0.0169,,,0
2026-06-17T14:02:58,route_mutation,0,,0,,0,39,0,h32,-0.0168,,,0
2026-06-17T14:03:29,route_mutation,0,,0,,0,39,0,h32,-0.0168,,,0
2026-06-17T14:03:59,route_mutation,0,,0,,0,39,0,h32,-0.0168,,,0
2026-06-17T14:04:29,route_mutation,0,,0,,0,39,0,h32,-0.0168,,,0
2026-06-17T14:04:59,route_mutation,0,,0,,0,39,0,h32,-0.016,,,0
2026-06-17T14:05:29,route_mutation,0,,0,,0,39,0,h32,-0.0166,,,0
2026-06-17T14:06:00,route_mutation,0,,0,,0,39,0,h32,-0.0166,,,0
2026-06-17T14:06:30,ip_shuffle,2,h32|h29,0,,0.283,39,0,h32,0.0321,,,0
2026-06-17T14:07:34,ip_shuffle,1,h4,0,,0.1415,39,0,h4,0.0296,,,0
2026-06-17T14:08:31,ip_shuffle,1,h35,0,,0.1415,39,0,h35,0.0107,,,0
2026-06-17T14:09:29,route_mutation,0,,0,,0,39,0,h33,-0.0218,,,0
2026-06-17T14:09:59,route_mutation,0,,0,,0,39,0,h33,-0.0218,,,0
2026-06-17T14:10:29,route_mutation,0,,0,,0,39,0,h33,-0.0219,,,0
2026-06-17T14:10:59,route_mutation,0,,0,,0,39,0,h33,-0.0218,,,0
2026-06-17T14:11:30,route_mutation,0,,0,,0,39,0,h34,-0.0336,,,0
2026-06-17T14:12:00,route_mutation,0,,0,,0,39,0,h33,-0.0337,,,0
2026-06-17T14:12:30,route_mutation,0,,0,,0,39,0,h33,-0.0336,,,0
2026-06-17T14:13:00,route_mutation,0,,0,,0,39,0,h33,-0.0337,,,0
2026-06-17T14:13:30,route_mutation,0,,0,,0,39,0,h33,-0.0337,,,0
2026-06-17T14:14:01,ip_shuffle,2,h34|h37,0,,0.283,39,0,h34,0.1073,,,0
2026-06-17T14:15:05,route_mutation,0,,0,,0,39,0,h33,-0.0218,,,0
2026-06-17T14:15:35,route_mutation,0,,0,,0,39,0,h33,-0.0218,,,0
2026-06-17T14:16:05,route_mutation,0,,0,,0,39,0,h33,-0.0218,,,0
2026-06-17T14:16:35,route_mutation,0,,0,,0,39,0,h33,-0.0218,,,0
2026-06-17T14:17:05,route_mutation,0,,0,,0,39,0,h33,-0.0217,,,0
2026-06-17T14:17:36,route_mutation,0,,0,,0,39,0,h33,-0.0218,,,0
2026-06-17T14:18:06,route_mutation,0,,0,,0,39,0,h33,-0.0218,,,0
2026-06-17T14:18:36,route_mutation,0,,0,,0,39,0,h33,-0.0218,,,0
2026-06-17T14:19:06,route_mutation,0,,0,,0,39,0,h33,-0.0218,,,0
2026-06-17T14:19:36,ip_shuffle,3,h33|h12|h27,0,,0.4245,39,0,h33,0.0482,,,0
2026-06-17T14:20:47,ip_shuffle,1,h10,0,,0.1415,39,0,h10,0.012,,,0
2026-06-17T14:21:45,ip_shuffle,1,h30,0,,0.1415,39,0,h30,0.0013,,,0
2026-06-17T14:22:42,route_mutation,0,,0,,0,39,0,h32,-0.0168,,,0
2026-06-17T14:23:13,route_mutation,0,,0,,0,39,0,h32,-0.0169,,,0
2026-06-17T14:23:43,route_mutation,0,,0,,0,39,0,h32,-0.0169,,,0
2026-06-17T14:24:13,route_mutation,0,,0,,0,39,0,h32,-0.0168,,,0
2026-06-17T14:24:43,route_mutation,0,,0,,0,39,0,h32,-0.0169,,,0
2026-06-17T14:25:13,route_mutation,0,,0,,0,39,0,h32,-0.0105,,,0
2026-06-17T14:25:43,route_mutation,0,,0,,0,39,0,h32,-0.0105,,,0
2026-06-17T14:26:14,route_mutation,0,,0,,0,39,0,h32,-0.0106,,,0
2026-06-17T14:26:44,route_mutation,0,,0,,0,39,0,h32,-0.0105,,,0
2026-06-17T14:27:14,ip_shuffle,3,h32|h38|h7,0,,0.4245,39,0,h32,0.086,,,0
2026-06-17T14:28:25,ip_shuffle,1,h28,0,,0.1415,39,0,h28,0.0149,,,0
2026-06-17T14:29:23,route_mutation,0,,0,,0,39,0,h35,-0.0356,,,0
2026-06-17T14:29:53,route_mutation,0,,0,,0,39,0,h35,-0.0355,,,0
2026-06-17T14:30:23,route_mutation,0,,0,,0,39,0,h35,-0.0356,,,0
2026-06-17T14:30:53,route_mutation,0,,0,,0,39,0,h35,-0.0356,,,0
2026-06-17T14:31:23,route_mutation,0,,0,,0,39,0,h35,-0.0355,,,0
2026-06-17T14:31:54,route_mutation,0,,0,,0,39,0,h35,-0.0356,,,0
2026-06-17T14:32:24,route_mutation,0,,0,,0,39,0,h35,-0.0356,,,0
2026-06-17T14:32:54,route_mutation,0,,0,,0,39,0,h35,-0.04,,,0
2026-06-17T14:33:24,route_mutation,0,,0,,0,39,0,h35,-0.0339,,,0
2026-06-17T14:33:54,route_mutation,0,,0,,0,39,0,h35,-0.0264,,,0
2026-06-17T14:34:24,ip_shuffle,1,h35,0,,0.1415,39,0,h35,0.0047,,,0
2026-06-17T14:35:22,route_mutation,0,,0,,0,39,0,h33,-0.0619,,,0
2026-06-17T14:35:52,route_mutation,0,,0,,0,39,0,h33,-0.0619,,,0
2026-06-17T14:36:22,route_mutation,0,,0,,0,39,0,h33,-0.0619,,,0
2026-06-17T14:36:53,route_mutation,0,,0,,0,39,0,h33,-0.0618,,,0
2026-06-17T14:37:23,route_mutation,0,,0,,0,39,0,h33,-0.0618,,,0
2026-06-17T14:37:53,route_mutation,0,,0,,0,39,0,h33,-0.0618,,,0
2026-06-17T14:38:23,route_mutation,0,,0,,0,39,0,h33,-0.0618,,,0
2026-06-17T14:38:53,route_mutation,0,,0,,0,39,0,h33,-0.0696,,,0
2026-06-17T14:39:23,route_mutation,0,,0,,0,39,0,h33,-0.0697,,,0
2026-06-17T14:39:54,route_mutation,0,,0,,0,39,0,h33,-0.0696,,,0
2026-06-17T14:40:24,route_mutation,0,,0,,0,39,0,h16,-0.0402,,,0
2026-06-17T14:40:54,route_mutation,0,,0,,0,39,0,h16,-0.0404,,,0
2026-06-17T14:41:24,route_mutation,0,,0,,0,39,0,h16,-0.0389,,,0
2026-06-17T14:41:54,route_mutation,0,,0,,0,39,0,h16,-0.0404,,,0
2026-06-17T14:42:25,route_mutation,0,,0,,0,39,0,h37,-0.0013,,,0
2026-06-17T14:42:55,route_mutation,0,,0,,0,39,0,h37,-0.0023,,,0
2026-06-17T14:43:25,route_mutation,0,,0,,0,39,0,h37,-0.0023,,,0
2026-06-17T14:43:55,route_mutation,0,,0,,0,39,0,h37,-0.0011,,,0
2026-06-17T14:44:25,route_mutation,0,,0,,0,39,0,h37,-0.0027,,,0
2026-06-17T14:44:55,route_mutation,0,,0,,0,39,0,h37,-0.0023,,,0
2026-06-17T14:45:26,route_mutation,0,,0,,0,39,0,h37,-0.0011,,,0
2026-06-17T14:45:56,route_mutation,0,,0,,0,39,0,h37,-0.0027,,,0
2026-06-17T14:46:26,route_mutation,0,,0,,0,39,0,h37,-0.0023,,,0
2026-06-17T14:46:56,ip_shuffle,1,h40,0,,0.1415,39,0,h40,0.0296,,,0
2026-06-17T14:47:26,ip_shuffle,1,h40,0,,0.1415,39,0,h40,0.0296,,,0
2026-06-17T14:47:56,ip_shuffle,1,h40,0,,0.1415,39,0,h40,0.0296,,,0
2026-06-17T14:48:26,ip_shuffle,1,h40,0,,0.1415,39,0,h40,0.0296,,,0
2026-06-17T14:48:56,ip_shuffle,1,h40,0,,0.1415,39,0,h40,0.0296,,,0
2026-06-17T14:49:27,ip_shuffle,3,h40|h30|h32,0,,0.4245,39,0,h40,0.0296,,,0
2026-06-17T14:50:31,ip_shuffle,1,h25,0,,0.1415,39,0,h25,0.0296,,,0
2026-06-17T14:51:29,route_mutation,0,,0,,0,39,0,h33,-0.0148,,,0
2026-06-17T14:51:59,route_mutation,0,,0,,0,39,0,h33,-0.015,,,0
2026-06-17T14:52:29,route_mutation,0,,0,,0,39,0,h33,-0.015,,,0
2026-06-17T14:52:59,route_mutation,0,,0,,0,39,0,h33,-0.015,,,0
2026-06-17T14:53:29,route_mutation,0,,0,,0,39,0,h33,-0.015,,,0
2026-06-17T14:53:59,route_mutation,0,,0,,0,39,0,h33,-0.015,,,0
2026-06-17T14:54:30,route_mutation,0,,0,,0,39,0,h33,-0.015,,,0
2026-06-17T14:55:00,route_mutation,0,,0,,0,39,0,h33,-0.015,,,0
2026-06-17T14:55:30,ip_shuffle,1,h33,0,,0.1415,39,0,h33,0.0005,,,0
2026-06-17T14:56:28,ip_shuffle,1,h4,0,,0.1415,39,0,h4,0.0223,,,0
2026-06-17T14:57:25,route_mutation,0,,0,,0,39,0,h35,-0.0023,,,0
2026-06-17T14:57:55,route_mutation,0,,0,,0,39,0,h35,-0.0023,,,0
2026-06-17T14:58:26,route_mutation,0,,0,,0,39,0,h35,-0.0023,,,0
2026-06-17T14:58:56,route_mutation,0,,0,,0,39,0,h35,-0.0023,,,0
2026-06-17T14:59:26,route_mutation,0,,0,,0,39,0,h35,-0.0023,,,0
2026-06-17T14:59:56,route_mutation,0,,0,,0,39,0,h35,-0.0021,,,0
2026-06-17T15:00:26,route_mutation,0,,0,,0,39,0,h35,-0.0023,,,0
2026-06-17T15:00:57,ip_shuffle,1,h35,0,,0.1415,39,0,h35,0.0138,,,0
2026-06-17T15:01:54,route_mutation,0,,0,,0,39,0,h37,-0.023,,,0
2026-06-17T15:02:24,route_mutation,0,,0,,0,39,0,h37,-0.0412,,,0
2026-06-17T15:02:55,route_mutation,0,,0,,0,39,0,h37,-0.041,,,0
2026-06-17T15:03:25,route_mutation,0,,0,,0,39,0,h37,-0.0412,,,0
2026-06-17T15:03:55,route_mutation,0,,0,,0,39,0,h37,-0.0412,,,0
2026-06-17T15:04:25,route_mutation,0,,0,,0,39,0,h37,-0.0229,,,0
2026-06-17T15:04:55,route_mutation,0,,0,,0,39,0,h37,-0.0229,,,0
2026-06-17T15:05:26,route_mutation,0,,0,,0,39,0,h37,-0.023,,,0
2026-06-17T15:05:56,route_mutation,0,,0,,0,39,0,h37,-0.023,,,0
2026-06-17T15:06:26,route_mutation,0,,0,,0,39,0,h37,-0.0227,,,0
2026-06-17T15:06:56,ip_shuffle,2,h34|h37,0,,0.283,39,0,h34,0.0093,,,0
2026-06-17T15:08:00,route_mutation,0,,0,,0,39,0,h30,-0.0325,,,0
2026-06-17T15:08:30,route_mutation,0,,0,,0,39,0,h30,-0.0325,,,0
2026-06-17T15:09:01,route_mutation,0,,0,,0,39,0,h30,-0.0325,,,0
2026-06-17T15:09:31,route_mutation,0,,0,,0,39,0,h30,-0.0326,,,0
2026-06-17T15:10:01,route_mutation,0,,0,,0,39,0,h30,-0.0325,,,0
2026-06-17T15:10:31,route_mutation,0,,0,,0,39,0,h30,-0.0326,,,0
2026-06-17T15:11:01,route_mutation,0,,0,,0,39,0,h30,-0.0325,,,0
2026-06-17T15:11:31,route_mutation,0,,0,,0,39,0,h30,-0.0325,,,0
2026-06-17T15:12:02,route_mutation,0,,0,,0,39,0,h30,-0.0326,,,0
2026-06-17T15:12:32,route_mutation,0,,0,,0,39,0,h32,-0.0304,,,0
2026-06-17T15:13:02,ip_shuffle,1,h32,0,,0.1415,39,0,h32,0.0073,,,0
2026-06-17T15:14:00,route_mutation,0,,0,,0,39,0,h30,-0.0193,,,0
2026-06-17T15:14:30,route_mutation,0,,0,,0,39,0,h30,-0.0192,,,0
2026-06-17T15:15:00,route_mutation,0,,0,,0,39,0,h30,-0.0193,,,0
2026-06-17T15:15:30,route_mutation,0,,0,,0,39,0,h30,-0.0193,,,0
2026-06-17T15:16:00,route_mutation,0,,0,,0,39,0,h30,-0.0194,,,0
2026-06-17T15:16:31,route_mutation,0,,0,,0,39,0,h30,-0.0193,,,0
2026-06-17T15:17:01,route_mutation,0,,0,,0,39,0,h30,-0.0193,,,0
2026-06-17T15:17:31,route_mutation,0,,0,,0,39,0,h30,-0.0194,,,0
2026-06-17T15:18:01,route_mutation,0,,0,,0,39,0,h30,-0.0193,,,0
2026-06-17T15:18:31,route_mutation,0,,0,,0,39,0,h30,-0.0304,,,0
2026-06-17T15:19:02,route_mutation,0,,0,,0,39,0,h30,-0.0294,,,0
2026-06-17T15:19:32,route_mutation,0,,0,,0,39,0,h30,-0.0305,,,0
2026-06-17T15:20:02,route_mutation,0,,0,,0,39,0,h30,-0.0294,,,0
2026-06-17T15:20:32,route_mutation,0,,0,,0,39,0,h30,-0.0294,,,0
2026-06-17T15:21:02,route_mutation,0,,0,,0,39,0,h30,-0.0305,,,0
2026-06-17T15:21:32,route_mutation,0,,0,,0,39,0,h30,-0.0294,,,0
2026-06-17T15:22:03,ip_shuffle,1,h12,0,,0.1415,39,0,h12,0.0296,,,0
2026-06-17T15:23:00,route_mutation,0,,0,,0,39,0,h30,-0.003,,,0
2026-06-17T15:23:30,route_mutation,0,,0,,0,39,0,h30,-0.0033,,,0
2026-06-17T15:24:01,route_mutation,0,,0,,0,39,0,h30,-0.0032,,,0
2026-06-17T15:24:31,route_mutation,0,,0,,0,39,0,h30,-0.003,,,0
2026-06-17T15:25:01,route_mutation,0,,0,,0,39,0,h30,-0.0033,,,0
2026-06-17T15:25:31,route_mutation,0,,0,,0,39,0,h30,-0.0031,,,0
2026-06-17T15:26:01,route_mutation,0,,0,,0,39,0,h30,-0.003,,,0
2026-06-17T15:26:31,route_mutation,0,,0,,0,39,0,h30,-0.0033,,,0
2026-06-17T15:27:02,route_mutation,0,,0,,0,39,0,h30,-0.0031,,,0
2026-06-17T15:27:32,route_mutation,0,,0,,0,39,0,h30,-0.003,,,0
2026-06-17T15:28:02,ip_shuffle,1,h38,0,,0.1415,39,0,h38,0.0179,,,0
2026-06-17T15:29:00,ip_shuffle,1,h30,0,,0.1415,39,0,h30,0.0157,,,0
2026-06-17T15:29:57,route_mutation,0,,0,,0,39,0,h33,-0.0385,,,0
2026-06-17T15:30:27,route_mutation,0,,0,,0,39,0,h33,-0.0386,,,0
2026-06-17T15:30:58,route_mutation,0,,0,,0,39,0,h33,-0.0386,,,0
2026-06-17T15:31:28,route_mutation,0,,0,,0,39,0,h33,-0.0386,,,0
2026-06-17T15:31:58,route_mutation,0,,0,,0,39,0,h33,-0.0386,,,0
2026-06-17T15:32:28,route_mutation,0,,0,,0,39,0,h33,-0.0386,,,0
2026-06-17T15:32:58,route_mutation,0,,0,,0,39,0,h33,-0.0386,,,0
2026-06-17T15:33:29,route_mutation,0,,0,,0,39,0,h33,-0.0457,,,0
2026-06-17T15:33:59,route_mutation,0,,0,,0,39,0,h33,-0.0457,,,0
2026-06-17T15:34:29,route_mutation,0,,0,,0,39,0,h33,-0.0457,,,0
2026-06-17T15:34:59,ip_shuffle,3,h16|h33|h35,0,,0.4245,39,0,h16,0.0296,,,0
2026-06-17T15:36:10,route_mutation,0,,0,,0,39,0,h32,-0.0338,,,0
2026-06-17T15:36:40,route_mutation,0,,0,,0,39,0,h32,-0.0338,,,0
2026-06-17T15:37:11,route_mutation,0,,0,,0,39,0,h32,-0.0337,,,0
2026-06-17T15:37:41,route_mutation,0,,0,,0,39,0,h32,-0.0338,,,0
2026-06-17T15:38:11,route_mutation,0,,0,,0,39,0,h32,-0.0338,,,0
2026-06-17T15:38:41,route_mutation,0,,0,,0,39,0,h32,-0.0337,,,0
2026-06-17T15:39:11,route_mutation,0,,0,,0,39,0,h32,-0.0338,,,0
2026-06-17T15:39:42,route_mutation,0,,0,,0,39,0,h32,-0.0338,,,0
2026-06-17T15:40:12,route_mutation,0,,0,,0,39,0,h32,-0.0337,,,0
2026-06-17T15:40:42,route_mutation,0,,0,,0,39,0,h36,-0.0295,,,0
2026-06-17T15:41:12,route_mutation,0,,0,,0,39,0,h36,-0.0295,,,0
2026-06-17T15:41:42,route_mutation,0,,0,,0,39,0,h36,-0.0313,,,0
2026-06-17T15:42:12,route_mutation,0,,0,,0,39,0,h36,-0.0295,,,0
2026-06-17T15:42:43,route_mutation,0,,0,,0,39,0,h36,-0.0295,,,0
2026-06-17T15:43:13,route_mutation,0,,0,,0,39,0,h36,-0.0313,,,0
2026-06-17T15:43:43,route_mutation,0,,0,,0,39,0,h37,-0.0225,,,0
2026-06-17T15:44:13,route_mutation,0,,0,,0,39,0,h37,-0.0215,,,0
2026-06-17T15:44:43,route_mutation,0,,0,,0,39,0,h37,-0.0225,,,0
2026-06-17T15:45:14,route_mutation,0,,0,,0,39,0,h37,-0.0225,,,0
2026-06-17T15:45:44,route_mutation,0,,0,,0,39,0,h37,-0.0215,,,0
2026-06-17T15:46:14,route_mutation,0,,0,,0,39,0,h37,-0.0225,,,0
2026-06-17T15:46:44,route_mutation,0,,0,,0,39,0,h37,-0.0225,,,0
2026-06-17T15:47:14,route_mutation,0,,0,,0,39,0,h37,-0.0215,,,0
2026-06-17T15:47:44,ip_shuffle,2,h13|h17,0,,0.283,39,0,h13,0.0296,,,0
2026-06-17T15:48:49,ip_shuffle,2,h25|h22,0,,0.283,39,0,h25,0.0175,,,0
2026-06-17T15:49:53,route_mutation,0,,0,,0,39,0,h32,-0.0169,,,0
2026-06-17T15:50:23,route_mutation,0,,0,,0,39,0,h32,-0.0168,,,0
2026-06-17T15:50:53,route_mutation,0,,0,,0,39,0,h32,-0.0169,,,0
2026-06-17T15:51:23,route_mutation,0,,0,,0,39,0,h32,-0.0169,,,0
2026-06-17T15:51:54,route_mutation,0,,0,,0,39,0,h32,-0.0169,,,0
2026-06-17T15:52:24,route_mutation,0,,0,,0,39,0,h32,-0.0169,,,0
2026-06-17T15:52:54,route_mutation,0,,0,,0,39,0,h32,-0.0169,,,0
2026-06-17T15:53:24,route_mutation,0,,0,,0,39,0,h32,-0.0169,,,0
2026-06-17T15:53:55,route_mutation,0,,0,,0,39,0,h32,-0.0169,,,0
2026-06-17T15:54:25,ip_shuffle,1,h14,0,,0.1415,39,0,h14,0.0288,,,0
2026-06-17T15:55:22,ip_shuffle,1,h32,0,,0.1415,39,0,h32,0.001,,,0
2026-06-17T15:56:20,route_mutation,0,,0,,0,39,0,h37,-0.0412,,,0
2026-06-17T15:56:50,route_mutation,0,,0,,0,39,0,h37,-0.041,,,0
2026-06-17T15:57:20,route_mutation,0,,0,,0,39,0,h37,-0.0412,,,0
2026-06-17T15:57:51,route_mutation,0,,0,,0,39,0,h37,-0.0412,,,0
2026-06-17T15:58:21,route_mutation,0,,0,,0,39,0,h37,-0.0411,,,0
2026-06-17T15:58:51,route_mutation,0,,0,,0,39,0,h37,-0.0412,,,0
2026-06-17T15:59:21,route_mutation,0,,0,,0,39,0,h37,-0.0412,,,0
2026-06-17T15:59:51,route_mutation,0,,0,,0,39,0,h30,-0.0394,,,0
2026-06-17T16:00:21,route_mutation,0,,0,,0,39,0,h30,-0.0393,,,0
2026-06-17T16:00:52,ip_shuffle,3,h24|h26|h20,0,,0.4245,39,0,h24,0.0292,,,0
2026-06-17T16:02:02,ip_shuffle,1,h37,0,,0.1415,39,0,h37,0.1004,,,0
2026-06-17T16:03:00,route_mutation,0,,0,,0,39,0,h30,-0.0145,,,0
2026-06-17T16:03:30,route_mutation,0,,0,,0,39,0,h30,-0.0142,,,0
2026-06-17T16:04:00,route_mutation,0,,0,,0,39,0,h30,-0.0144,,,0
2026-06-17T16:04:31,route_mutation,0,,0,,0,39,0,h30,-0.0145,,,0
2026-06-17T16:05:01,route_mutation,0,,0,,0,39,0,h30,-0.0144,,,0
2026-06-17T16:05:31,route_mutation,0,,0,,0,39,0,h30,-0.0081,,,0
2026-06-17T16:06:01,route_mutation,0,,0,,0,39,0,h30,-0.0083,,,0
2026-06-17T16:06:31,ip_shuffle,1,h30,0,,0.1415,39,0,h30,0.0172,,,0
2026-06-17T16:07:29,route_mutation,0,,0,,0,39,0,h35,-0.019,,,0
2026-06-17T16:07:59,route_mutation,0,,0,,0,39,0,h35,-0.0186,,,0
2026-06-17T16:08:29,route_mutation,0,,0,,0,39,0,h35,-0.0183,,,0
2026-06-17T16:08:59,route_mutation,0,,0,,0,39,0,h35,-0.0186,,,0
2026-06-17T16:09:30,route_mutation,0,,0,,0,39,0,h35,-0.0186,,,0
2026-06-17T16:10:00,route_mutation,0,,0,,0,39,0,h35,-0.0183,,,0
2026-06-17T16:10:30,route_mutation,0,,0,,0,39,0,h35,-0.0186,,,0
2026-06-17T16:11:00,route_mutation,0,,0,,0,39,0,h35,-0.0187,,,0
2026-06-17T16:11:30,route_mutation,0,,0,,0,39,0,h35,-0.0186,,,0
2026-06-17T16:12:01,route_mutation,0,,0,,0,39,0,h34,-0.0187,,,0
2026-06-17T16:12:31,ip_shuffle,1,h34,0,,0.1415,39,0,h34,0.0373,,,0
2026-06-17T16:13:28,route_mutation,0,,0,,0,39,0,h35,-0.006,,,0
2026-06-17T16:13:58,route_mutation,0,,0,,0,39,0,h35,-0.0059,,,0
2026-06-17T16:14:29,route_mutation,0,,0,,0,39,0,h35,-0.0058,,,0
2026-06-17T16:14:59,route_mutation,0,,0,,0,39,0,h35,-0.006,,,0
2026-06-17T16:15:29,route_mutation,0,,0,,0,39,0,h35,-0.0059,,,0
2026-06-17T16:15:59,route_mutation,0,,0,,0,39,0,h35,-0.0057,,,0
2026-06-17T16:16:29,route_mutation,0,,0,,0,39,0,h35,-0.006,,,0
2026-06-17T16:16:59,route_mutation,0,,0,,0,39,0,h35,-0.0059,,,0
2026-06-17T16:17:30,route_mutation,0,,0,,0,39,0,h35,-0.0057,,,0
2026-06-17T16:18:00,route_mutation,0,,0,,0,39,0,h35,-0.0162,,,0
2026-06-17T16:18:30,route_mutation,0,,0,,0,39,0,h35,-0.0162,,,0
2026-06-17T16:19:00,route_mutation,0,,0,,0,39,0,h35,-0.0149,,,0
2026-06-17T16:19:30,route_mutation,0,,0,,0,39,0,h35,-0.0146,,,0
2026-06-17T16:20:00,route_mutation,0,,0,,0,39,0,h35,-0.0162,,,0
2026-06-17T16:20:31,route_mutation,0,,0,,0,39,0,h35,-0.0162,,,0
2026-06-17T16:21:01,route_mutation,0,,0,,0,39,0,h35,-0.0149,,,0
2026-06-17T16:21:31,route_mutation,0,,0,,0,39,0,h35,-0.0162,,,0
2026-06-17T16:22:01,route_mutation,0,,0,,0,39,0,h35,-0.0162,,,0
2026-06-17T16:22:31,route_mutation,0,,0,,0,39,0,h35,-0.0149,,,0
2026-06-17T16:23:01,ip_shuffle,1,h38,0,,0.1415,39,0,h38,0.0179,,,0
2026-06-17T16:23:59,route_mutation,0,,0,,0,39,0,h35,-0.0022,,,0
2026-06-17T16:24:29,route_mutation,0,,0,,0,39,0,h35,-0.0023,,,0
2026-06-17T16:24:59,route_mutation,0,,0,,0,39,0,h35,-0.0023,,,0
2026-06-17T16:25:29,route_mutation,0,,0,,0,39,0,h35,-0.0022,,,0
2026-06-17T16:26:00,route_mutation,0,,0,,0,39,0,h35,-0.0023,,,0
2026-06-17T16:26:30,route_mutation,0,,0,,0,39,0,h35,-0.0023,,,0
2026-06-17T16:27:00,route_mutation,0,,0,,0,39,0,h35,-0.0021,,,0
2026-06-17T16:27:30,route_mutation,0,,0,,0,39,0,h35,-0.0023,,,0
2026-06-17T16:28:00,route_mutation,0,,0,,0,39,0,h35,-0.0023,,,0
2026-06-17T16:28:31,ip_shuffle,1,h32,0,,0.1415,39,0,h32,0.0252,,,0
2026-06-17T16:29:28,ip_shuffle,1,h4,0,,0.1415,39,0,h4,0.0296,,,0
2026-06-17T16:30:26,ip_shuffle,1,h25,0,,0.1415,39,0,h25,0.0296,,,0
2026-06-17T16:31:24,ip_shuffle,1,h35,0,,0.1415,39,0,h35,0.0207,,,0
2026-06-17T16:32:21,route_mutation,0,,0,,0,39,0,h33,-0.0217,,,0
2026-06-17T16:32:52,route_mutation,0,,0,,0,39,0,h33,-0.0216,,,0
2026-06-17T16:33:22,route_mutation,0,,0,,0,39,0,h33,-0.0218,,,0
2026-06-17T16:33:52,route_mutation,0,,0,,0,39,0,h33,-0.0218,,,0
2026-06-17T16:34:22,route_mutation,0,,0,,0,39,0,h33,-0.0216,,,0
2026-06-17T16:34:52,route_mutation,0,,0,,0,39,0,h33,-0.0218,,,0
2026-06-17T16:35:22,route_mutation,0,,0,,0,39,0,h33,-0.0217,,,0
2026-06-17T16:35:53,route_mutation,0,,0,,0,39,0,h33,-0.0148,,,0
2026-06-17T16:36:23,route_mutation,0,,0,,0,39,0,h33,-0.0148,,,0
2026-06-17T16:36:53,ip_shuffle,2,h33|h16,0,,0.283,39,0,h33,0.0482,,,0
2026-06-17T16:37:57,ip_shuffle,1,h34,0,,0.1415,39,0,h34,0.0327,,,0
2026-06-17T16:38:55,ip_shuffle,1,h30,0,,0.1415,39,0,h30,0.0129,,,0
2026-06-17T16:39:53,route_mutation,0,,0,,0,39,0,h32,-0.0078,,,0
2026-06-17T16:40:23,route_mutation,0,,0,,0,39,0,h32,-0.0078,,,0
2026-06-17T16:40:53,route_mutation,0,,0,,0,39,0,h32,-0.0079,,,0
2026-06-17T16:41:23,route_mutation,0,,0,,0,39,0,h32,-0.0078,,,0
2026-06-17T16:41:53,route_mutation,0,,0,,0,39,0,h32,-0.0078,,,0
2026-06-17T16:42:23,route_mutation,0,,0,,0,39,0,h32,-0.0073,,,0
2026-06-17T16:42:54,route_mutation,0,,0,,0,39,0,h32,-0.0071,,,0
2026-06-17T16:43:24,route_mutation,0,,0,,0,39,0,h32,-0.0168,,,0
2026-06-17T16:43:54,route_mutation,0,,0,,0,39,0,h32,-0.0169,,,0
2026-06-17T16:44:24,ip_shuffle,1,h22,0,,0.1415,39,0,h22,0.0296,,,0
2026-06-17T16:45:22,ip_shuffle,1,h32,0,,0.1415,39,0,h32,0.001,,,0
2026-06-17T16:46:19,route_mutation,0,,0,,0,39,0,h37,-0.0226,,,0
2026-06-17T16:46:49,route_mutation,0,,0,,0,39,0,h37,-0.0224,,,0
2026-06-17T16:47:19,route_mutation,0,,0,,0,39,0,h37,-0.0226,,,0
2026-06-17T16:47:50,route_mutation,0,,0,,0,39,0,h37,-0.0226,,,0
2026-06-17T16:48:20,route_mutation,0,,0,,0,39,0,h37,-0.0224,,,0
2026-06-17T16:48:50,route_mutation,0,,0,,0,39,0,h37,-0.0226,,,0
2026-06-17T16:49:20,route_mutation,0,,0,,0,39,0,h37,-0.0225,,,0
2026-06-17T16:49:51,route_mutation,0,,0,,0,39,0,h37,-0.0167,,,0
2026-06-17T16:50:21,route_mutation,0,,0,,0,39,0,h37,-0.0168,,,0
2026-06-17T16:50:51,ip_shuffle,1,h37,0,,0.1415,39,0,h37,0.0568,,,0
2026-06-17T16:51:49,route_mutation,0,,0,,0,39,0,h35,-0.0361,,,0
2026-06-17T16:52:19,route_mutation,0,,0,,0,39,0,h35,-0.036,,,0
2026-06-17T16:52:49,route_mutation,0,,0,,0,39,0,h35,-0.0359,,,0
2026-06-17T16:53:19,route_mutation,0,,0,,0,39,0,h35,-0.0398,,,0
2026-06-17T16:53:49,route_mutation,0,,0,,0,39,0,h35,-0.0397,,,0
2026-06-17T16:54:20,route_mutation,0,,0,,0,39,0,h35,-0.0396,,,0
2026-06-17T16:54:50,route_mutation,0,,0,,0,39,0,h35,-0.0398,,,0
2026-06-17T16:55:20,route_mutation,0,,0,,0,39,0,h35,-0.0397,,,0
2026-06-17T16:55:50,route_mutation,0,,0,,0,39,0,h35,-0.0396,,,0
2026-06-17T16:56:20,route_mutation,0,,0,,0,39,0,h13,-0.0052,,,0
2026-06-17T16:56:51,route_mutation,0,,0,,0,39,0,h13,-0.0056,,,0
2026-06-17T16:57:21,ip_shuffle,1,h13,0,,0.1415,39,0,h13,0.0296,,,0
2026-06-17T16:58:18,route_mutation,0,,0,,0,39,0,h35,-0.0302,,,0
2026-06-17T16:58:49,route_mutation,0,,0,,0,39,0,h35,-0.0302,,,0
2026-06-17T16:59:19,route_mutation,0,,0,,0,39,0,h35,-0.0302,,,0
2026-06-17T16:59:49,route_mutation,0,,0,,0,39,0,h35,-0.0302,,,0
2026-06-17T17:00:19,route_mutation,0,,0,,0,39,0,h35,-0.0302,,,0
2026-06-17T17:00:49,route_mutation,0,,0,,0,39,0,h35,-0.0302,,,0
2026-06-17T17:01:19,route_mutation,0,,0,,0,39,0,h35,-0.0302,,,0
2026-06-17T17:01:50,route_mutation,0,,0,,0,39,0,h35,-0.0302,,,0
2026-06-17T17:02:20,route_mutation,0,,0,,0,39,0,h35,-0.0302,,,0
2026-06-17T17:02:50,ip_shuffle,1,h19,0,,0.1415,39,0,h19,0.0286,,,0
2026-06-17T17:03:47,route_mutation,0,,0,,0,39,0,h35,-0.0162,,,0
2026-06-17T17:04:18,route_mutation,0,,0,,0,39,0,h35,-0.0161,,,0
2026-06-17T17:04:48,route_mutation,0,,0,,0,39,0,h35,-0.0162,,,0
2026-06-17T17:05:18,route_mutation,0,,0,,0,39,0,h35,-0.0162,,,0
2026-06-17T17:05:48,route_mutation,0,,0,,0,39,0,h35,-0.0161,,,0
2026-06-17T17:06:18,route_mutation,0,,0,,0,39,0,h35,-0.0162,,,0
2026-06-17T17:06:48,route_mutation,0,,0,,0,39,0,h35,-0.006,,,0
2026-06-17T17:07:19,route_mutation,0,,0,,0,39,0,h35,-0.0058,,,0
2026-06-17T17:07:49,route_mutation,0,,0,,0,39,0,h35,-0.0056,,,0
2026-06-17T17:08:19,ip_shuffle,3,h30|h35|h33,0,,0.4245,39,0,h30,0.0545,,,0
2026-06-17T17:09:30,route_mutation,0,,0,,0,39,0,h32,-0.0363,,,0
2026-06-17T17:10:00,route_mutation,0,,0,,0,39,0,h32,-0.0362,,,0
2026-06-17T17:10:30,route_mutation,0,,0,,0,39,0,h32,-0.0362,,,0
2026-06-17T17:11:01,route_mutation,0,,0,,0,39,0,h32,-0.0363,,,0
2026-06-17T17:11:31,route_mutation,0,,0,,0,39,0,h32,-0.0362,,,0
2026-06-17T17:12:01,route_mutation,0,,0,,0,39,0,h32,-0.0362,,,0
2026-06-17T17:12:31,route_mutation,0,,0,,0,39,0,h32,-0.0363,,,0
2026-06-17T17:13:01,route_mutation,0,,0,,0,39,0,h32,-0.0362,,,0
2026-06-17T17:13:31,route_mutation,0,,0,,0,39,0,h32,-0.0362,,,0
2026-06-17T17:14:02,route_mutation,0,,0,,0,39,0,h34,-0.0208,,,0
2026-06-17T17:14:32,route_mutation,0,,0,,0,39,0,h34,-0.0208,,,0
2026-06-17T17:15:02,route_mutation,0,,0,,0,39,0,h34,-0.0208,,,0
2026-06-17T17:15:32,ip_shuffle,1,h34,0,,0.1415,39,0,h34,0.0576,,,0
2026-06-17T17:16:30,route_mutation,0,,0,,0,39,0,h32,-0.0305,,,0
2026-06-17T17:17:00,route_mutation,0,,0,,0,39,0,h32,-0.0305,,,0
2026-06-17T17:17:30,route_mutation,0,,0,,0,39,0,h32,-0.0304,,,0
2026-06-17T17:18:00,route_mutation,0,,0,,0,39,0,h32,-0.0305,,,0
2026-06-17T17:18:30,route_mutation,0,,0,,0,39,0,h32,-0.0305,,,0
2026-06-17T17:19:01,route_mutation,0,,0,,0,39,0,h32,-0.0304,,,0
2026-06-17T17:19:31,route_mutation,0,,0,,0,39,0,h32,-0.0305,,,0
2026-06-17T17:20:01,route_mutation,0,,0,,0,39,0,h32,-0.0305,,,0
2026-06-17T17:20:31,route_mutation,0,,0,,0,39,0,h32,-0.0347,,,0
2026-06-17T17:21:01,ip_shuffle,1,h38,0,,0.1415,39,0,h38,0.0182,,,0
2026-06-17T17:21:59,route_mutation,0,,0,,0,39,0,h32,-0.0089,,,0
2026-06-17T17:22:29,route_mutation,0,,0,,0,39,0,h32,-0.0088,,,0
2026-06-17T17:22:59,route_mutation,0,,0,,0,39,0,h32,-0.0087,,,0
2026-06-17T17:23:29,route_mutation,0,,0,,0,39,0,h32,-0.0089,,,0
2026-06-17T17:23:59,route_mutation,0,,0,,0,39,0,h32,-0.0088,,,0
2026-06-17T17:24:30,route_mutation,0,,0,,0,39,0,h32,-0.0087,,,0
2026-06-17T17:25:00,route_mutation,0,,0,,0,39,0,h32,-0.0089,,,0
2026-06-17T17:25:30,route_mutation,0,,0,,0,39,0,h32,-0.0088,,,0
2026-06-17T17:26:00,route_mutation,0,,0,,0,39,0,h32,-0.0088,,,0
2026-06-17T17:26:30,route_mutation,0,,0,,0,39,0,h32,-0.0169,,,0
2026-06-17T17:27:00,route_mutation,0,,0,,0,39,0,h32,-0.0169,,,0
2026-06-17T17:27:31,route_mutation,0,,0,,0,39,0,h32,-0.0169,,,0
2026-06-17T17:28:01,route_mutation,0,,0,,0,39,0,h32,-0.0169,,,0
2026-06-17T17:28:31,ip_shuffle,1,h32,0,,0.1415,39,0,h32,0.0517,,,0
2026-06-17T17:29:29,route_mutation,0,,0,,0,39,0,h37,-0.0712,,,0
2026-06-17T17:29:59,route_mutation,0,,0,,0,39,0,h37,-0.0713,,,0
2026-06-17T17:30:29,route_mutation,0,,0,,0,39,0,h37,-0.0713,,,0
2026-06-17T17:30:59,route_mutation,0,,0,,0,39,0,h37,-0.0712,,,0
2026-06-17T17:31:29,route_mutation,0,,0,,0,39,0,h37,-0.0713,,,0
2026-06-17T17:32:00,route_mutation,0,,0,,0,39,0,h37,-0.0713,,,0
2026-06-17T17:32:30,route_mutation,0,,0,,0,39,0,h37,-0.0712,,,0
2026-06-17T17:33:00,route_mutation,0,,0,,0,39,0,h37,-0.0713,,,0
2026-06-17T17:33:30,route_mutation,0,,0,,0,39,0,h37,-0.0713,,,0
2026-06-17T17:34:00,ip_shuffle,1,h36,0,,0.1415,39,0,h36,0.0002,,,0
2026-06-17T17:34:58,route_mutation,0,,0,,0,39,0,h30,-0.0493,,,0
2026-06-17T17:35:28,route_mutation,0,,0,,0,39,0,h30,-0.0493,,,0
2026-06-17T17:35:58,route_mutation,0,,0,,0,39,0,h30,-0.0492,,,0
2026-06-17T17:36:28,route_mutation,0,,0,,0,39,0,h30,-0.0493,,,0
2026-06-17T17:36:58,route_mutation,0,,0,,0,39,0,h30,-0.0493,,,0
2026-06-17T17:37:29,route_mutation,0,,0,,0,39,0,h30,-0.0493,,,0
2026-06-17T17:37:59,route_mutation,0,,0,,0,39,0,h30,-0.0493,,,0
2026-06-17T17:38:29,route_mutation,0,,0,,0,39,0,h30,-0.0493,,,0
2026-06-17T17:38:59,route_mutation,0,,0,,0,39,0,h30,-0.0493,,,0
2026-06-17T17:39:29,route_mutation,0,,0,,0,39,0,h35,-0.0229,,,0
2026-06-17T17:40:00,route_mutation,0,,0,,0,39,0,h35,-0.022,,,0
2026-06-17T17:40:30,route_mutation,0,,0,,0,39,0,h35,-0.0229,,,0
2026-06-17T17:41:00,route_mutation,0,,0,,0,39,0,h35,-0.0229,,,0
2026-06-17T17:41:30,ip_shuffle,1,h35,0,,0.1415,39,0,h35,0.0121,,,0
2026-06-17T17:42:28,route_mutation,0,,0,,0,39,0,h30,-0.0463,,,0
2026-06-17T17:42:58,route_mutation,0,,0,,0,39,0,h30,-0.0463,,,0
2026-06-17T17:43:28,route_mutation,0,,0,,0,39,0,h30,-0.0463,,,0
2026-06-17T17:43:58,route_mutation,0,,0,,0,39,0,h30,-0.0463,,,0
2026-06-17T17:44:29,route_mutation,0,,0,,0,39,0,h30,-0.0463,,,0
2026-06-17T17:44:59,route_mutation,0,,0,,0,39,0,h30,-0.0463,,,0
2026-06-17T17:45:29,route_mutation,0,,0,,0,39,0,h30,-0.0463,,,0
2026-06-17T17:45:59,route_mutation,0,,0,,0,39,0,h37,-0.0441,,,0
2026-06-17T17:46:29,route_mutation,0,,0,,0,39,0,h37,-0.0439,,,0
2026-06-17T17:46:59,ip_shuffle,1,h37,0,,0.1415,39,0,h37,0.0372,,,0
2026-06-17T17:47:57,ip_shuffle,1,h4,0,,0.1415,39,0,h4,0.0296,,,0
2026-06-17T17:48:55,route_mutation,0,,0,,0,39,0,h30,-0.0146,,,0
2026-06-17T17:49:25,route_mutation,0,,0,,0,39,0,h30,-0.0146,,,0
2026-06-17T17:49:55,route_mutation,0,,0,,0,39,0,h30,-0.0146,,,0
2026-06-17T17:50:25,route_mutation,0,,0,,0,39,0,h30,-0.0146,,,0
2026-06-17T17:50:55,route_mutation,0,,0,,0,39,0,h30,-0.0146,,,0
2026-06-17T17:51:26,route_mutation,0,,0,,0,39,0,h30,-0.0145,,,0
2026-06-17T17:51:56,route_mutation,0,,0,,0,39,0,h30,-0.0146,,,0
2026-06-17T17:52:26,route_mutation,0,,0,,0,39,0,h30,-0.0078,,,0
2026-06-17T17:52:56,route_mutation,0,,0,,0,39,0,h30,-0.0077,,,0
2026-06-17T17:53:26,ip_shuffle,2,h17|h18,0,,0.283,39,0,h17,0.0296,,,0
2026-06-17T17:54:31,ip_shuffle,1,h30,0,,0.1415,39,0,h30,0.013,,,0
2026-06-17T17:55:28,route_mutation,0,,0,,0,39,0,h33,-0.0031,,,0
2026-06-17T17:55:58,route_mutation,0,,0,,0,39,0,h33,-0.003,,,0
2026-06-17T17:56:28,route_mutation,0,,0,,0,39,0,h33,-0.003,,,0
2026-06-17T17:56:59,route_mutation,0,,0,,0,39,0,h33,-0.0031,,,0
2026-06-17T17:57:29,route_mutation,0,,0,,0,39,0,h33,-0.0031,,,0
2026-06-17T17:57:59,route_mutation,0,,0,,0,39,0,h33,-0.003,,,0
2026-06-17T17:58:29,route_mutation,0,,0,,0,39,0,h33,-0.0031,,,0
2026-06-17T17:58:59,ip_shuffle,1,h33,0,,0.1415,39,0,h33,0.0161,,,0
2026-06-17T17:59:57,ip_shuffle,1,h32,0,,0.1415,39,0,h32,0.0103,,,0
2026-06-17T18:00:54,route_mutation,0,,0,,0,39,0,h35,-0.0245,,,0
2026-06-17T18:01:25,route_mutation,0,,0,,0,39,0,h35,-0.0246,,,0
2026-06-17T18:01:55,route_mutation,0,,0,,0,39,0,h35,-0.0246,,,0
2026-06-17T18:02:25,route_mutation,0,,0,,0,39,0,h35,-0.0245,,,0
2026-06-17T18:02:55,route_mutation,0,,0,,0,39,0,h35,-0.0245,,,0
2026-06-17T18:03:25,route_mutation,0,,0,,0,39,0,h35,-0.0246,,,0
2026-06-17T18:03:56,route_mutation,0,,0,,0,39,0,h35,-0.0245,,,0
2026-06-17T18:04:26,route_mutation,0,,0,,0,39,0,h34,-0.0363,,,0
2026-06-17T18:04:56,route_mutation,0,,0,,0,39,0,h34,-0.0363,,,0
2026-06-17T18:05:26,route_mutation,0,,0,,0,39,0,h39,-0.0192,,,0
2026-06-17T18:05:56,route_mutation,0,,0,,0,39,0,h39,-0.0192,,,0
2026-06-17T18:06:26,ip_shuffle,3,h39|h34|h35,0,,0.4245,39,0,h39,0.049,,,0
2026-06-17T18:07:37,route_mutation,0,,0,,0,39,0,h37,-0.0518,,,0
2026-06-17T18:08:08,route_mutation,0,,0,,0,39,0,h37,-0.0518,,,0
2026-06-17T18:08:38,route_mutation,0,,0,,0,39,0,h37,-0.0518,,,0
2026-06-17T18:09:08,route_mutation,0,,0,,0,39,0,h37,-0.0518,,,0
2026-06-17T18:09:38,route_mutation,0,,0,,0,39,0,h37,-0.0518,,,0
2026-06-17T18:10:08,route_mutation,0,,0,,0,39,0,h37,-0.0518,,,0
2026-06-17T18:10:38,route_mutation,0,,0,,0,39,0,h37,-0.0518,,,0
2026-06-17T18:11:09,route_mutation,0,,0,,0,39,0,h37,-0.0518,,,0
2026-06-17T18:11:39,route_mutation,0,,0,,0,39,0,h37,-0.0518,,,0
2026-06-17T18:12:09,route_mutation,0,,0,,0,39,0,h37,-0.0598,,,0
2026-06-17T18:12:39,route_mutation,0,,0,,0,39,0,h30,-0.0389,,,0
2026-06-17T18:13:09,route_mutation,0,,0,,0,39,0,h30,-0.0389,,,0
2026-06-17T18:13:40,route_mutation,0,,0,,0,39,0,h30,-0.0382,,,0
2026-06-17T18:14:10,route_mutation,0,,0,,0,39,0,h30,-0.0389,,,0
2026-06-17T18:14:40,route_mutation,0,,0,,0,39,0,h30,-0.0389,,,0
2026-06-17T18:15:10,route_mutation,0,,0,,0,39,0,h30,-0.0382,,,0
2026-06-17T18:15:40,route_mutation,0,,0,,0,39,0,h30,-0.0381,,,0
2026-06-17T18:16:10,route_mutation,0,,0,,0,39,0,h30,-0.0389,,,0
2026-06-17T18:16:40,route_mutation,0,,0,,0,39,0,h30,-0.0109,,,0
2026-06-17T18:17:11,route_mutation,0,,0,,0,39,0,h27,-0.0387,,,0
2026-06-17T18:17:41,route_mutation,0,,0,,0,39,0,h27,-0.0404,,,0
2026-06-17T18:18:11,route_mutation,0,,0,,0,39,0,h27,-0.0387,,,0
2026-06-17T18:18:41,route_mutation,0,,0,,0,39,0,h27,-0.0386,,,0
2026-06-17T18:19:11,route_mutation,0,,0,,0,39,0,h27,-0.0404,,,0
2026-06-17T18:19:42,route_mutation,0,,0,,0,39,0,h27,-0.0387,,,0
2026-06-17T18:20:12,route_mutation,0,,0,,0,39,0,h27,-0.0386,,,0
2026-06-17T18:20:42,route_mutation,0,,0,,0,39,0,h27,-0.0404,,,0
2026-06-17T18:21:12,route_mutation,0,,0,,0,39,0,h27,-0.0387,,,0
2026-06-17T18:21:42,route_mutation,0,,0,,0,39,0,h26,-0.0684,,,0
2026-06-17T18:22:12,route_mutation,0,,0,,0,39,0,h26,-0.0684,,,0
2026-06-17T18:22:43,route_mutation,0,,0,,0,39,0,h26,-0.0684,,,0
2026-06-17T18:23:13,route_mutation,0,,0,,0,39,0,h26,-0.0684,,,0
2026-06-17T18:23:43,route_mutation,0,,0,,0,39,0,h26,-0.0684,,,0
2026-06-17T18:24:13,route_mutation,0,,0,,0,39,0,h26,-0.0684,,,0
2026-06-17T18:24:43,route_mutation,0,,0,,0,39,0,h26,-0.0684,,,0
2026-06-17T18:25:13,ip_shuffle,1,h38,0,,0.1415,39,0,h38,0.0179,,,0
2026-06-17T18:26:11,route_mutation,0,,0,,0,39,0,h30,-0.0363,,,0
2026-06-17T18:26:41,route_mutation,0,,0,,0,39,0,h30,-0.0362,,,0
2026-06-17T18:27:11,route_mutation,0,,0,,0,39,0,h30,-0.0362,,,0
2026-06-17T18:27:41,route_mutation,0,,0,,0,39,0,h30,-0.0363,,,0
2026-06-17T18:28:12,route_mutation,0,,0,,0,39,0,h30,-0.0362,,,0
2026-06-17T18:28:42,route_mutation,0,,0,,0,39,0,h30,-0.0362,,,0
2026-06-17T18:29:12,route_mutation,0,,0,,0,39,0,h30,-0.0363,,,0
2026-06-17T18:29:42,route_mutation,0,,0,,0,39,0,h30,-0.0362,,,0
2026-06-17T18:30:12,route_mutation,0,,0,,0,39,0,h30,-0.0362,,,0
2026-06-17T18:30:42,route_mutation,0,,0,,0,39,0,h37,-0.0601,,,0
2026-06-17T18:31:13,ip_shuffle,3,h15|h2|h23,0,,0.4245,39,0,h15,0.0296,,,0
2026-06-17T18:32:23,route_mutation,0,,0,,0,39,0,h30,-0.0366,,,0
2026-06-17T18:32:54,route_mutation,0,,0,,0,39,0,h30,-0.0366,,,0
2026-06-17T18:33:24,route_mutation,0,,0,,0,39,0,h30,-0.0365,,,0
2026-06-17T18:33:54,route_mutation,0,,0,,0,39,0,h30,-0.0367,,,0
2026-06-17T18:34:24,route_mutation,0,,0,,0,39,0,h30,-0.0367,,,0
2026-06-17T18:34:54,route_mutation,0,,0,,0,39,0,h30,-0.0365,,,0
2026-06-17T18:35:24,route_mutation,0,,0,,0,39,0,h30,-0.0367,,,0
2026-06-17T18:35:55,route_mutation,0,,0,,0,39,0,h30,-0.0367,,,0
2026-06-17T18:36:25,route_mutation,0,,0,,0,39,0,h30,-0.0366,,,0
2026-06-17T18:36:55,ip_shuffle,1,h12,0,,0.1415,39,0,h12,0.0296,,,0
2026-06-17T18:37:53,route_mutation,0,,0,,0,39,0,h30,-0.0304,,,0
2026-06-17T18:38:23,route_mutation,0,,0,,0,39,0,h30,-0.0305,,,0
2026-06-17T18:38:53,route_mutation,0,,0,,0,39,0,h30,-0.0305,,,0
2026-06-17T18:39:23,route_mutation,0,,0,,0,39,0,h30,-0.0304,,,0
2026-06-17T18:39:53,route_mutation,0,,0,,0,39,0,h30,-0.0305,,,0
2026-06-17T18:40:24,route_mutation,0,,0,,0,39,0,h30,-0.0305,,,0
2026-06-17T18:40:54,route_mutation,0,,0,,0,39,0,h30,-0.0304,,,0
2026-06-17T18:41:24,route_mutation,0,,0,,0,39,0,h30,-0.0305,,,0
2026-06-17T18:41:54,route_mutation,0,,0,,0,39,0,h30,-0.0305,,,0
2026-06-17T18:42:24,ip_shuffle,1,h16,0,,0.1415,39,0,h16,0.0296,,,0
2026-06-17T18:43:22,ip_shuffle,1,h37,0,,0.1415,39,0,h37,0.0005,,,0
2026-06-17T18:44:20,ip_shuffle,1,h30,0,,0.1415,39,0,h30,0.0014,,,0
2026-06-17T18:45:17,ip_shuffle,2,h22|h32,0,,0.283,39,0,h22,0.0295,,,0
2026-06-17T18:46:22,ip_shuffle,1,h25,0,,0.1415,39,0,h25,0.0279,,,0
2026-06-17T18:47:19,ip_shuffle,2,h33|h13,0,,0.283,39,0,h33,0.1342,,,0
2026-06-17T18:48:24,ip_shuffle,1,h35,0,,0.1415,39,0,h35,0.0028,,,0
2026-06-17T18:49:21,route_mutation,0,,0,,0,39,0,h30,-0.0118,,,0
2026-06-17T18:49:51,route_mutation,0,,0,,0,39,0,h32,-0.0299,,,0
2026-06-17T18:50:22,route_mutation,0,,0,,0,39,0,h32,-0.0299,,,0
2026-06-17T18:50:52,route_mutation,0,,0,,0,39,0,h30,-0.0561,,,0
2026-06-17T18:51:22,route_mutation,0,,0,,0,39,0,h30,-0.0562,,,0
2026-06-17T18:51:52,route_mutation,0,,0,,0,39,0,h32,-0.0553,,,0
2026-06-17T18:52:22,route_mutation,0,,0,,0,39,0,h32,-0.0553,,,0
2026-06-17T18:52:53,route_mutation,0,,0,,0,39,0,h34,-0.0544,,,0
2026-06-17T18:53:23,route_mutation,0,,0,,0,39,0,h34,-0.0542,,,0
2026-06-17T18:53:53,route_mutation,0,,0,,0,39,0,h37,-0.0225,,,0
2026-06-17T18:54:23,route_mutation,0,,0,,0,39,0,h37,-0.0225,,,0
2026-06-17T18:54:54,ip_shuffle,1,h37,0,,0.1415,39,0,h37,0.0069,,,0
2026-06-17T18:55:51,ip_shuffle,1,h19,0,,0.1415,39,0,h19,0.0296,,,0
2026-06-17T18:56:49,route_mutation,0,,0,,0,39,0,h30,-0.0303,,,0
2026-06-17T18:57:19,route_mutation,0,,0,,0,39,0,h30,-0.0305,,,0
2026-06-17T18:57:49,route_mutation,0,,0,,0,39,0,h30,-0.0305,,,0
2026-06-17T18:58:19,route_mutation,0,,0,,0,39,0,h30,-0.0303,,,0
2026-06-17T18:58:50,route_mutation,0,,0,,0,39,0,h30,-0.0305,,,0
2026-06-17T18:59:20,route_mutation,0,,0,,0,39,0,h30,-0.0305,,,0
2026-06-17T18:59:50,route_mutation,0,,0,,0,39,0,h30,-0.0303,,,0
2026-06-17T19:00:20,route_mutation,0,,0,,0,39,0,h30,-0.0305,,,0
2026-06-17T19:00:50,route_mutation,0,,0,,0,39,0,h34,-0.019,,,0
2026-06-17T19:01:20,route_mutation,0,,0,,0,39,0,h34,-0.0188,,,0
2026-06-17T19:01:51,ip_shuffle,2,h11|h14,0,,0.283,39,0,h11,0.0294,,,0
2026-06-17T19:02:55,route_mutation,0,,0,,0,39,0,h30,-0.0146,,,0
2026-06-17T19:03:25,route_mutation,0,,0,,0,39,0,h30,-0.0015,,,0
2026-06-17T19:03:55,route_mutation,0,,0,,0,39,0,h30,-0.0017,,,0
2026-06-17T19:04:25,route_mutation,0,,0,,0,39,0,h30,-0.0018,,,0
2026-06-17T19:04:56,route_mutation,0,,0,,0,39,0,h30,-0.0015,,,0
2026-06-17T19:05:26,route_mutation,0,,0,,0,39,0,h30,-0.0017,,,0
2026-06-17T19:05:56,route_mutation,0,,0,,0,39,0,h30,-0.0018,,,0
2026-06-17T19:06:26,route_mutation,0,,0,,0,39,0,h30,-0.0015,,,0
2026-06-17T19:06:56,route_mutation,0,,0,,0,39,0,h30,-0.0015,,,0
2026-06-17T19:07:27,ip_shuffle,1,h20,0,,0.1415,39,0,h20,0.0291,,,0
2026-06-17T19:08:24,ip_shuffle,2,h30|h32,0,,0.283,39,0,h30,0.0116,,,0
2026-06-17T19:09:29,route_mutation,0,,0,,0,39,0,h33,-0.0483,,,0
2026-06-17T19:09:59,route_mutation,0,,0,,0,39,0,h33,-0.0484,,,0
2026-06-17T19:10:29,route_mutation,0,,0,,0,39,0,h33,-0.0484,,,0
2026-06-17T19:10:59,route_mutation,0,,0,,0,39,0,h33,-0.0483,,,0
2026-06-17T19:11:29,route_mutation,0,,0,,0,39,0,h33,-0.0483,,,0
2026-06-17T19:11:59,route_mutation,0,,0,,0,39,0,h33,-0.0484,,,0
2026-06-17T19:12:30,route_mutation,0,,0,,0,39,0,h33,-0.0483,,,0
2026-06-17T19:13:00,route_mutation,0,,0,,0,39,0,h34,-0.0415,,,0
2026-06-17T19:13:30,route_mutation,0,,0,,0,39,0,h34,-0.0418,,,0
2026-06-17T19:14:00,ip_shuffle,2,h39|h34,0,,0.283,39,0,h39,0.0358,,,0
2026-06-17T19:15:05,ip_shuffle,1,h4,0,,0.1415,39,0,h4,0.0232,,,0
2026-06-17T19:16:02,route_mutation,0,,0,,0,39,0,h35,-0.0181,,,0
2026-06-17T19:16:32,route_mutation,0,,0,,0,39,0,h35,-0.0183,,,0
2026-06-17T19:17:02,route_mutation,0,,0,,0,39,0,h35,-0.0183,,,0
2026-06-17T19:17:33,route_mutation,0,,0,,0,39,0,h35,-0.0181,,,0
2026-06-17T19:18:03,route_mutation,0,,0,,0,39,0,h35,-0.0185,,,0
2026-06-17T19:18:33,route_mutation,0,,0,,0,39,0,h35,-0.0184,,,0
2026-06-17T19:19:03,route_mutation,0,,0,,0,39,0,h35,-0.0183,,,0
2026-06-17T19:19:33,route_mutation,0,,0,,0,39,0,h35,-0.0302,,,0
2026-06-17T19:20:03,route_mutation,0,,0,,0,39,0,h35,-0.0302,,,0
2026-06-17T19:20:34,ip_shuffle,1,h35,0,,0.1415,39,0,h35,0.0258,,,0
2026-06-17T19:21:31,route_mutation,0,,0,,0,39,0,h33,-0.0138,,,0
2026-06-17T19:22:02,route_mutation,0,,0,,0,39,0,h33,-0.0138,,,0
2026-06-17T19:22:32,route_mutation,0,,0,,0,39,0,h33,-0.0136,,,0
2026-06-17T19:23:02,route_mutation,0,,0,,0,39,0,h33,-0.0138,,,0
2026-06-17T19:23:32,route_mutation,0,,0,,0,39,0,h33,-0.0138,,,0
2026-06-17T19:24:02,route_mutation,0,,0,,0,39,0,h33,-0.0136,,,0
2026-06-17T19:24:33,route_mutation,0,,0,,0,39,0,h33,-0.0138,,,0
2026-06-17T19:25:03,route_mutation,0,,0,,0,39,0,h33,-0.0138,,,0
2026-06-17T19:25:33,route_mutation,0,,0,,0,39,0,h33,-0.0136,,,0
2026-06-17T19:26:03,route_mutation,0,,0,,0,39,0,h33,-0.0215,,,0
2026-06-17T19:26:33,route_mutation,0,,0,,0,39,0,h33,-0.0198,,,0
2026-06-17T19:27:03,route_mutation,0,,0,,0,39,0,h33,-0.0218,,,0
2026-06-17T19:27:34,route_mutation,0,,0,,0,39,0,h33,-0.0215,,,0
2026-06-17T19:28:04,route_mutation,0,,0,,0,39,0,h33,-0.0198,,,0
2026-06-17T19:28:34,route_mutation,0,,0,,0,39,0,h33,-0.0218,,,0
2026-06-17T19:29:04,route_mutation,0,,0,,0,39,0,h33,-0.0218,,,0
2026-06-17T19:29:34,route_mutation,0,,0,,0,39,0,h33,-0.02,,,0
2026-06-17T19:31:49,ip_shuffle,3,h33|h7|h2,0,,0.4245,39,10,h33,0.0255,h1-h2,-0.0481,11
2026-06-17T19:33:00,route_mutation,0,,0,,0,39,7,h37,-0.0203,h1-h34,-0.0487,7
2026-06-17T19:33:30,route_mutation,0,,0,,0,39,1,h37,-0.0295,h2-h25,-0.0481,1
2026-06-17T19:34:00,route_mutation,0,,0,,0,39,0,h37,-0.0296,,,0
2026-06-17T19:34:30,route_mutation,0,,0,,0,39,2,h37,-0.0297,h2-h26,-0.0481,2
2026-06-17T19:35:01,route_mutation,0,,0,,0,39,3,h37,-0.0389,h3-h25,-0.0481,3
2026-06-17T19:35:31,route_mutation,0,,0,,0,39,0,h37,-0.0386,,,0
2026-06-17T19:36:01,route_mutation,0,,0,,0,39,4,h37,-0.0387,h1-h4,-0.0475,8
2026-06-17T19:36:31,route_mutation,0,,0,,0,39,2,h37,-0.0387,h4-h37,-0.0481,2
2026-06-17T19:37:02,route_mutation,0,,0,,0,39,1,h37,-0.0386,h4-h31,-0.0481,1
2026-06-17T19:37:32,route_mutation,0,,0,,0,39,1,h37,-0.0387,h4-h26,-0.0481,4
2026-06-17T19:38:02,ip_shuffle,1,h5,0,,0.1415,39,1,h5,0.0526,h5-h37,-0.0499,1
2026-06-17T19:39:00,route_mutation,0,,0,,0,39,2,h37,-0.0366,h1-h6,-0.0475,5
2026-06-17T19:39:30,route_mutation,0,,0,,0,39,2,h37,-0.0366,h6-h9,-0.0481,2
2026-06-17T19:40:00,ip_shuffle,1,h6,0,,0.1415,39,0,h6,0.0068,,,0
2026-06-17T19:40:58,route_mutation,0,,0,,0,39,2,h3,-0.0198,h7-h9,-0.0487,2
2026-06-17T19:41:28,route_mutation,0,,0,,0,39,0,h3,-0.0201,,,0
2026-06-17T19:41:58,route_mutation,0,,0,,0,39,2,h3,-0.0215,h1-h8,-0.0487,4
2026-06-17T19:42:29,route_mutation,0,,0,,0,39,2,h3,-0.0063,h8-h37,-0.0487,2
2026-06-17T19:42:59,route_mutation,0,,0,,0,39,0,h3,-0.0118,,,0
2026-06-17T19:43:29,route_mutation,0,,0,,0,39,8,h37,-0.0257,h1-h16,-0.0487,8
2026-06-17T19:43:59,ip_shuffle,1,h9,0,,0.1415,39,1,h9,0.0386,h9-h37,-0.0481,1
2026-06-17T19:44:57,route_mutation,0,,0,,0,39,5,h37,-0.0195,h1-h10,-0.0481,5
2026-06-17T19:45:27,route_mutation,0,,0,,0,39,1,h37,-0.0141,h10-h25,-0.0481,1
2026-06-17T19:45:57,route_mutation,0,,0,,0,39,0,h37,-0.014,,,0
2026-06-17T19:46:28,route_mutation,0,,0,,0,39,3,h37,-0.014,h1-h11,-0.0481,3
2026-06-17T19:46:58,route_mutation,0,,0,,0,39,2,h37,-0.0185,h11-h25,-0.0481,2
2026-06-17T19:47:28,route_mutation,0,,0,,0,39,0,h32,-0.0332,,,0
2026-06-17T19:47:58,route_mutation,0,,0,,0,39,2,h32,-0.0333,h11-h26,-0.0481,2
2026-06-17T19:48:28,route_mutation,0,,0,,0,39,2,h32,-0.0334,h12-h25,-0.0481,2
2026-06-17T19:48:59,route_mutation,0,,0,,0,39,0,h32,-0.0332,,,0
2026-06-17T19:49:29,route_mutation,0,,0,,0,39,2,h32,-0.0331,h12-h26,-0.0481,2
2026-06-17T19:49:59,route_mutation,0,,0,,0,39,1,h32,-0.0331,h13-h27,-0.0481,1
2026-06-17T19:50:29,route_mutation,0,,0,,0,39,0,h32,-0.0331,,,0
2026-06-17T19:50:59,route_mutation,0,,0,,0,39,2,h32,-0.0332,h13-h26,-0.0481,2
2026-06-17T19:51:30,route_mutation,0,,0,,0,39,2,h12,-0.0182,h14-h25,-0.0487,2
2026-06-17T19:52:00,route_mutation,0,,0,,0,39,0,h12,-0.0191,,,0
2026-06-17T19:52:30,route_mutation,0,,0,,0,39,3,h12,-0.0197,h14-h26,-0.0487,3
2026-06-17T19:53:00,route_mutation,0,,0,,0,39,2,h12,-0.0134,h15-h27,-0.0487,2
2026-06-17T19:53:31,ip_shuffle,2,h15|h12,0,,0.283,39,0,h15,0.0418,,,0
2026-06-17T19:54:35,route_mutation,0,,0,,0,39,1,h13,-0.0073,h16-h27,-0.0487,1
2026-06-17T19:55:05,ip_shuffle,1,h16,0,,0.1415,39,1,h16,0.0409,h16-h37,-0.0487,1
2026-06-17T19:56:02,route_mutation,0,,0,,0,39,4,h13,-0.0074,h1-h17,-0.0487,4
2026-06-17T19:56:33,route_mutation,0,,0,,0,39,1,h13,-0.0075,h17-h37,-0.0491,1
2026-06-17T19:57:03,ip_shuffle,1,h17,0,,0.1415,39,0,h17,0.0436,,,0
2026-06-17T19:58:00,ip_shuffle,1,h32,0,,0.1415,39,2,h32,0.0054,h18-h25,-0.0487,2
2026-06-17T19:58:58,route_mutation,0,,0,,0,39,2,h30,-0.0005,h18-h26,-0.0487,2
2026-06-17T19:59:28,route_mutation,0,,0,,0,39,1,h30,-0.0004,h19-h27,-0.0487,1
2026-06-17T19:59:58,route_mutation,0,,0,,0,39,0,h30,-0.0004,,,0
2026-06-17T20:00:29,route_mutation,0,,0,,0,39,2,h30,-0.0099,h19-h31,-0.0487,2
2026-06-17T20:00:59,route_mutation,0,,0,,0,39,1,h30,-0.0098,h20-h27,-0.0487,1
2026-06-17T20:01:29,route_mutation,0,,0,,0,39,1,h18,-0.0109,h20-h37,-0.0487,1
2026-06-17T20:01:59,route_mutation,0,,0,,0,39,2,h18,-0.0107,h20-h31,-0.0492,2
2026-06-17T20:02:30,route_mutation,0,,0,,0,39,1,h30,-0.0108,h21-h27,-0.0487,1
2026-06-17T20:03:00,route_mutation,0,,0,,0,39,1,h30,-0.0107,h21-h37,-0.0487,1
2026-06-17T20:03:30,ip_shuffle,1,h30,0,,0.1415,39,2,h30,0.0126,h21-h31,-0.0487,2
2026-06-17T20:04:28,route_mutation,0,,0,,0,39,1,h37,-0.0163,h22-h37,-0.0487,1
2026-06-17T20:04:58,route_mutation,0,,0,,0,39,1,h37,-0.0162,h22-h31,-0.0487,1
2026-06-17T20:05:28,route_mutation,0,,0,,0,39,1,h37,-0.0163,h4-h23,-0.0487,1
2026-06-17T20:05:58,route_mutation,0,,0,,0,39,1,h23,-0.0102,h23-h37,-0.0493,1
2026-06-17T20:06:29,route_mutation,0,,0,,0,39,1,h23,-0.0116,h23-h31,-0.0493,1
2026-06-17T20:06:59,route_mutation,0,,0,,0,39,2,h23,-0.0125,h3-h24,-0.0487,2
2026-06-17T20:07:29,route_mutation,0,,0,,0,39,1,h37,-0.0161,h24-h37,-0.0487,1
2026-06-17T20:07:59,route_mutation,0,,0,,0,39,1,h37,-0.0158,h24-h31,-0.0487,1
2026-06-17T20:08:29,ip_shuffle,1,h37,0,,0.1415,39,4,h37,0.0046,h3-h25,-0.0487,4
2026-06-17T20:09:27,route_mutation,0,,0,,0,39,0,h35,-0.0121,,,0
2026-06-17T20:09:57,route_mutation,0,,0,,0,39,9,h35,-0.012,h13-h25,-0.0481,9
2026-06-17T20:10:27,ip_shuffle,1,h26,0,,0.1415,39,0,h26,0.0542,,,0
2026-06-17T20:11:25,ip_shuffle,1,h35,0,,0.1415,39,1,h35,0.0049,h26-h34,-0.0495,1
2026-06-17T20:12:22,ip_shuffle,1,h34,0,,0.1415,39,0,h34,0.0043,,,0
2026-06-17T20:13:20,route_mutation,0,,0,,0,39,6,h33,-0.0271,h10-h27,-0.0481,6
2026-06-17T20:13:50,route_mutation,0,,0,,0,39,0,h33,-0.0271,,,0
2026-06-17T20:14:21,route_mutation,0,,0,,0,39,0,h33,-0.0323,,,0
2026-06-17T20:14:51,route_mutation,0,,0,,0,39,4,h33,-0.0327,h1-h29,-0.0487,4
2026-06-17T20:15:21,ip_shuffle,1,h29,0,,0.1415,39,1,h29,0.0295,h25-h29,-0.0492,1
2026-06-17T20:16:19,route_mutation,0,,0,,0,39,0,h33,-0.0247,,,0
2026-06-17T20:16:49,route_mutation,0,,0,,0,39,1,h33,-0.0247,h27-h30,-0.0481,1
2026-06-17T20:17:19,route_mutation,0,,0,,0,39,0,h33,-0.0248,,,0
2026-06-17T20:17:49,route_mutation,0,,0,,0,39,0,h33,-0.0248,,,1
2026-06-17T20:18:19,route_mutation,0,,0,,0,39,0,h33,-0.0248,,,0
2026-06-17T20:18:50,route_mutation,0,,0,,0,39,0,h33,-0.0248,,,0
2026-06-17T20:19:20,route_mutation,0,,0,,0,39,0,h33,-0.0248,,,0
2026-06-17T20:19:50,route_mutation,0,,0,,0,39,4,h33,-0.0248,h1-h32,-0.0487,4
2026-06-17T20:20:20,route_mutation,0,,0,,0,39,0,h32,-0.0179,,,0
2026-06-17T20:20:50,route_mutation,0,,0,,0,39,0,h32,-0.0188,,,0
2026-06-17T20:21:21,ip_shuffle,1,h33,0,,0.1415,39,4,h33,0.0062,h1-h33,-0.0487,4
2026-06-17T20:22:18,route_mutation,0,,0,,0,39,1,h32,-0.0022,h33-h35,-0.0487,2
2026-06-17T20:22:48,route_mutation,0,,0,,0,39,0,h32,-0.0022,,,0
2026-06-17T20:23:19,ip_shuffle,1,h32,0,,0.1415,39,2,h32,0.0001,h27-h34,-0.0487,2
2026-06-17T20:24:16,route_mutation,0,,0,,0,39,0,h30,-0.0036,,,0
2026-06-17T20:24:46,route_mutation,0,,0,,0,39,1,h30,-0.0031,h27-h35,-0.0487,1
2026-06-17T20:25:17,route_mutation,0,,0,,0,39,0,h30,-0.0026,,,0
2026-06-17T20:25:47,route_mutation,0,,0,,0,39,1,h30,-0.0292,h31-h35,-0.0487,1
2026-06-17T20:26:17,route_mutation,0,,0,,0,39,0,h31,-0.039,,,0
2026-06-17T20:26:47,route_mutation,0,,0,,0,39,0,h36,-0.0167,,,0
2026-06-17T20:27:18,route_mutation,0,,0,,0,39,1,h36,-0.0007,h31-h36,-0.0487,1
2026-06-17T20:27:48,ip_shuffle,1,h36,0,,0.1415,39,2,h36,0.0061,h3-h37,-0.0487,2
2026-06-17T20:28:45,route_mutation,0,,0,,0,39,0,h37,-0.04,,,0
2026-06-17T20:29:16,route_mutation,0,,0,,0,39,3,h37,-0.0387,h1-h38,-0.0487,4
2026-06-17T20:29:46,route_mutation,0,,0,,0,39,0,h38,-0.0263,,,0
2026-06-17T20:30:16,ip_shuffle,1,h38,0,,0.1415,39,0,h38,0.012,,,0
2026-06-17T20:31:14,route_mutation,0,,0,,0,39,2,h37,-0.0264,h25-h39,-0.0487,2
2026-06-17T20:31:44,ip_shuffle,1,h39,0,,0.1415,39,0,h39,0.0534,,,1
2026-06-17T20:32:42,route_mutation,0,,0,,0,39,9,h35,-0.0201,h10-h27,-0.0487,10
2026-06-17T20:33:13,ip_shuffle,1,h40,0,,0.1415,39,8,h40,0.0698,h19-h37,-0.0481,9
2026-06-17T20:33:43,ip_shuffle,1,h40,0,,0.1415,39,3,h40,0.1128,h29-h40,-0.05,5
2026-06-17T20:34:13,ip_shuffle,3,h40|h30|h37,0,,0.4245,39,0,h40,0.1131,,,0
2026-06-17T20:35:17,ip_shuffle,1,h40,0,,0.1415,39,0,h40,0.1131,,,0
2026-06-17T20:35:47,ip_shuffle,1,h40,0,,0.1415,39,0,h40,0.113,,,0
2026-06-17T20:36:18,ip_shuffle,1,h40,0,,0.1415,39,0,h40,0.113,,,0
2026-06-17T20:36:48,ip_shuffle,2,h40|h35,0,,0.283,39,0,h40,0.113,,,0
2026-06-17T20:37:45,ip_shuffle,2,h40|h32,0,,0.283,39,0,h40,0.113,,,0
2026-06-17T20:38:43,ip_shuffle,1,h40,0,,0.1415,39,0,h40,0.113,,,0
2026-06-17T20:39:13,ip_shuffle,1,h40,0,,0.1415,39,0,h40,0.1285,,,0
2026-06-17T20:39:43,ip_shuffle,1,h40,0,,0.1415,39,0,h40,0.1341,,,0
2026-06-17T20:40:13,ip_shuffle,2,h40|h33,0,,0.283,39,0,h40,0.1443,,,0
2026-06-17T20:41:11,ip_shuffle,1,h40,0,,0.1415,39,0,h40,0.0318,,,0
2026-06-17T20:41:41,ip_shuffle,2,h37|h30,0,,0.283,39,0,h37,0.0556,,,0
2026-06-17T20:42:45,ip_shuffle,1,h35,0,,0.1415,39,0,h35,0.0222,,,0
2026-06-17T20:43:43,route_mutation,0,,0,,0,39,0,h4,-0.0008,,,0
2026-06-17T20:44:13,route_mutation,0,,0,,0,39,0,h4,-0.0007,,,0
2026-06-17T20:44:43,route_mutation,0,,0,,0,39,0,h4,-0.0009,,,0
2026-06-17T20:45:13,route_mutation,0,,0,,0,39,0,h4,-0.0006,,,0
2026-06-17T20:45:43,route_mutation,0,,0,,0,39,0,h4,-0.0005,,,0
2026-06-17T20:46:13,route_mutation,0,,0,,0,39,0,h4,-0.0006,,,0
2026-06-17T20:46:44,route_mutation,0,,0,,0,39,0,h4,-0.0006,,,0
2026-06-17T20:47:14,route_mutation,0,,0,,0,39,0,h4,-0.0005,,,0
2026-06-17T20:47:44,route_mutation,0,,0,,0,39,0,h4,-0.0006,,,0
2026-06-17T20:48:14,route_mutation,0,,0,,0,39,0,h4,-0.0006,,,0
2026-06-17T20:48:44,route_mutation,0,,0,,0,39,0,h4,-0.0006,,,0
2026-06-17T20:49:14,route_mutation,0,,0,,0,39,0,h4,-0.0006,,,0
2026-06-17T20:49:45,route_mutation,0,,0,,0,39,0,h4,-0.0005,,,0
2026-06-17T20:50:15,ip_shuffle,2,h4|h39,0,,0.283,39,0,h4,0.0293,,,0
2026-06-17T20:51:19,ip_shuffle,1,h34,0,,0.1415,39,0,h34,0.1073,,,0
2026-06-17T20:52:17,route_mutation,0,,0,,0,39,0,h32,-0.0228,,,0
2026-06-17T20:52:47,route_mutation,0,,0,,0,39,0,h32,-0.0228,,,0
2026-06-17T20:53:17,route_mutation,0,,0,,0,39,0,h32,-0.0228,,,0
2026-06-17T20:53:47,route_mutation,0,,0,,0,39,0,h32,-0.0228,,,0
2026-06-17T20:54:17,route_mutation,0,,0,,0,39,0,h32,-0.0228,,,0
2026-06-17T20:54:48,route_mutation,0,,0,,0,39,0,h32,-0.0228,,,0
2026-06-17T20:55:18,route_mutation,0,,0,,0,39,0,h32,-0.0228,,,0
2026-06-17T20:55:48,route_mutation,0,,0,,0,39,0,h32,-0.0228,,,0
2026-06-17T20:56:18,route_mutation,0,,0,,0,39,0,h32,-0.0228,,,0
2026-06-17T20:56:48,route_mutation,0,,0,,0,39,0,h32,-0.0228,,,0
2026-06-17T20:57:19,route_mutation,0,,0,,0,39,0,h32,-0.0228,,,0
2026-06-17T20:57:49,route_mutation,0,,0,,0,39,0,h32,-0.0228,,,0
2026-06-17T20:58:19,route_mutation,0,,0,,0,39,0,h32,-0.0228,,,0
2026-06-17T20:58:49,route_mutation,0,,0,,0,39,0,h32,-0.0228,,,0
2026-06-17T20:59:20,route_mutation,0,,0,,0,39,0,h32,-0.0228,,,0
2026-06-17T20:59:50,ip_shuffle,2,h13|h10,0,,0.283,39,0,h13,0.0296,,,0
2026-06-17T21:00:54,route_mutation,0,,0,,0,39,0,h32,-0.0109,,,0
2026-06-17T21:01:24,route_mutation,0,,0,,0,39,0,h32,-0.0109,,,0
2026-06-17T21:01:54,route_mutation,0,,0,,0,39,0,h32,-0.0109,,,0
2026-06-17T21:02:24,route_mutation,0,,0,,0,39,0,h32,-0.0109,,,0
2026-06-17T21:02:55,route_mutation,0,,0,,0,39,0,h32,-0.0108,,,0
2026-06-17T21:03:25,route_mutation,0,,0,,0,39,0,h32,-0.0109,,,0
2026-06-17T21:03:55,route_mutation,0,,0,,0,39,0,h32,-0.0109,,,0
2026-06-17T21:04:25,route_mutation,0,,0,,0,39,0,h32,-0.0108,,,0
2026-06-17T21:04:55,route_mutation,0,,0,,0,39,0,h32,-0.0109,,,0
2026-06-17T21:05:25,ip_shuffle,1,h32,0,,0.1415,39,0,h32,0.0011,,,0
2026-06-17T21:06:23,route_mutation,0,,0,,0,39,0,h16,-0.064,,,0
2026-06-17T21:06:53,route_mutation,0,,0,,0,39,0,h16,-0.0641,,,0
2026-06-17T21:07:23,route_mutation,0,,0,,0,39,0,h16,-0.0639,,,0
2026-06-17T21:07:54,route_mutation,0,,0,,0,39,0,h33,-0.0567,,,0
2026-06-17T21:08:24,route_mutation,0,,0,,0,39,0,h33,-0.0567,,,0
2026-06-17T21:08:54,route_mutation,0,,0,,0,39,0,h33,-0.0568,,,0
2026-06-17T21:09:24,route_mutation,0,,0,,0,39,0,h33,-0.0567,,,0
2026-06-17T21:09:54,route_mutation,0,,0,,0,39,0,h33,-0.0567,,,0
2026-06-17T21:10:24,route_mutation,0,,0,,0,39,0,h33,-0.0568,,,0
2026-06-17T21:10:55,route_mutation,0,,0,,0,39,0,h33,-0.0567,,,0
2026-06-17T21:11:25,route_mutation,0,,0,,0,39,0,h33,-0.0567,,,0
2026-06-17T21:11:55,route_mutation,0,,0,,0,39,0,h33,-0.0568,,,0
2026-06-17T21:12:25,route_mutation,0,,0,,0,39,0,h33,-0.0567,,,0
2026-06-17T21:12:55,route_mutation,0,,0,,0,39,0,h38,-0.0638,,,0
2026-06-17T21:13:25,route_mutation,0,,0,,0,39,0,h38,-0.0101,,,0
2026-06-17T21:13:56,route_mutation,0,,0,,0,39,0,h38,-0.0101,,,0
2026-06-17T21:14:26,route_mutation,0,,0,,0,39,0,h38,-0.0101,,,0
2026-06-17T21:14:56,route_mutation,0,,0,,0,39,0,h38,-0.0101,,,0
2026-06-17T21:15:26,route_mutation,0,,0,,0,39,0,h27,-0.0057,,,0
2026-06-17T21:15:56,route_mutation,0,,0,,0,39,0,h27,-0.0057,,,0
2026-06-17T21:16:27,ip_shuffle,1,h27,0,,0.1415,39,0,h27,0.0296,,,0
2026-06-17T21:17:24,route_mutation,0,,0,,0,39,0,h30,-0.0621,,,0
2026-06-17T21:17:54,route_mutation,0,,0,,0,39,0,h30,-0.0621,,,0
2026-06-17T21:18:24,route_mutation,0,,0,,0,39,0,h30,-0.0621,,,0
2026-06-17T21:18:55,route_mutation,0,,0,,0,39,0,h30,-0.0621,,,0
2026-06-17T21:19:25,route_mutation,0,,0,,0,39,0,h30,-0.0621,,,0
2026-06-17T21:19:55,route_mutation,0,,0,,0,39,0,h30,-0.0584,,,0
2026-06-17T21:20:25,route_mutation,0,,0,,0,39,0,h30,-0.0584,,,0
2026-06-17T21:20:55,route_mutation,0,,0,,0,39,0,h30,-0.0583,,,0
2026-06-17T21:21:26,route_mutation,0,,0,,0,39,0,h30,-0.0584,,,0
2026-06-17T21:21:56,route_mutation,0,,0,,0,39,0,h30,-0.0584,,,0
2026-06-17T21:22:26,route_mutation,0,,0,,0,39,0,h30,-0.0583,,,0
2026-06-17T21:22:56,route_mutation,0,,0,,0,39,0,h30,-0.0584,,,0
2026-06-17T21:23:26,route_mutation,0,,0,,0,39,0,h30,-0.0584,,,0
2026-06-17T21:23:56,route_mutation,0,,0,,0,39,0,h30,-0.0583,,,0
2026-06-17T21:24:27,route_mutation,0,,0,,0,39,0,h30,-0.0215,,,0
2026-06-17T21:24:57,route_mutation,0,,0,,0,39,0,h30,-0.0215,,,0
2026-06-17T21:25:27,route_mutation,0,,0,,0,39,0,h30,-0.0209,,,0
2026-06-17T21:25:57,route_mutation,0,,0,,0,39,0,h30,-0.0215,,,0
2026-06-17T21:26:27,route_mutation,0,,0,,0,39,0,h30,-0.0215,,,0
2026-06-17T21:26:58,route_mutation,0,,0,,0,39,0,h30,-0.0215,,,0
2026-06-17T21:27:28,route_mutation,0,,0,,0,39,0,h15,-0.0171,,,0
2026-06-17T21:27:58,route_mutation,0,,0,,0,39,0,h15,-0.0171,,,0
2026-06-17T21:28:28,route_mutation,0,,0,,0,39,0,h15,-0.0229,,,0
2026-06-17T21:28:58,route_mutation,0,,0,,0,39,0,h38,-0.0101,,,0
2026-06-17T21:29:29,ip_shuffle,1,h15,0,,0.1415,39,0,h15,0.0062,,,0
2026-06-17T21:30:26,route_mutation,0,,0,,0,39,0,h30,-0.042,,,0
2026-06-17T21:30:56,route_mutation,0,,0,,0,39,0,h30,-0.042,,,0
2026-06-17T21:31:27,route_mutation,0,,0,,0,39,0,h30,-0.042,,,0
2026-06-17T21:31:57,route_mutation,0,,0,,0,39,0,h30,-0.042,,,0
2026-06-17T21:32:27,route_mutation,0,,0,,0,39,0,h30,-0.042,,,0
2026-06-17T21:32:57,route_mutation,0,,0,,0,39,0,h30,-0.042,,,0
2026-06-17T21:33:27,route_mutation,0,,0,,0,39,0,h30,-0.042,,,0
2026-06-17T21:33:57,route_mutation,0,,0,,0,39,0,h30,-0.042,,,0
2026-06-17T21:34:28,route_mutation,0,,0,,0,39,0,h30,-0.042,,,0
2026-06-17T21:34:58,route_mutation,0,,0,,0,39,0,h30,-0.042,,,0
2026-06-17T21:35:28,route_mutation,0,,0,,0,39,0,h30,-0.042,,,0
2026-06-17T21:35:58,route_mutation,0,,0,,0,39,0,h30,-0.042,,,0
2026-06-17T21:36:29,route_mutation,0,,0,,0,39,0,h30,-0.042,,,0
2026-06-17T21:36:59,route_mutation,0,,0,,0,39,0,h30,-0.042,,,0
2026-06-17T21:37:29,ip_shuffle,2,h38|h12,0,,0.283,39,0,h38,0.0879,,,0
2026-06-17T21:38:33,ip_shuffle,2,h35|h22,0,,0.283,39,0,h35,0.0159,,,0
2026-06-17T21:39:38,route_mutation,0,,0,,0,39,0,h30,-0.0238,,,0
2026-06-17T21:40:08,route_mutation,0,,0,,0,39,0,h30,-0.0239,,,0
2026-06-17T21:40:38,route_mutation,0,,0,,0,39,0,h30,-0.0239,,,0
2026-06-17T21:41:08,route_mutation,0,,0,,0,39,0,h30,-0.0238,,,0
2026-06-17T21:41:38,route_mutation,0,,0,,0,39,0,h30,-0.0239,,,0
2026-06-17T21:42:09,route_mutation,0,,0,,0,39,0,h30,-0.0239,,,0
2026-06-17T21:42:39,route_mutation,0,,0,,0,39,0,h30,-0.0239,,,0
2026-06-17T21:43:09,route_mutation,0,,0,,0,39,0,h30,-0.0239,,,0
2026-06-17T21:43:39,route_mutation,0,,0,,0,39,0,h30,-0.0239,,,0
2026-06-17T21:44:09,route_mutation,0,,0,,0,39,0,h30,-0.0239,,,0
2026-06-17T21:44:40,route_mutation,0,,0,,0,39,0,h30,-0.0239,,,0
2026-06-17T21:45:10,route_mutation,0,,0,,0,39,0,h30,-0.0239,,,0
2026-06-17T21:45:40,route_mutation,0,,0,,0,39,0,h30,-0.0187,,,0
2026-06-17T21:46:10,route_mutation,0,,0,,0,39,0,h30,-0.0187,,,0
2026-06-17T21:46:40,ip_shuffle,1,h7,0,,0.1415,39,0,h7,0.0296,,,0
2026-06-17T21:47:38,route_mutation,0,,0,,0,39,0,h30,-0.0252,,,0
2026-06-17T21:48:08,route_mutation,0,,0,,0,39,0,h30,-0.0252,,,0
2026-06-17T21:48:38,route_mutation,0,,0,,0,39,0,h30,-0.0252,,,0
2026-06-17T21:49:08,route_mutation,0,,0,,0,39,0,h30,-0.0251,,,0
2026-06-17T21:49:39,route_mutation,0,,0,,0,39,0,h30,-0.0252,,,0
2026-06-17T21:50:09,route_mutation,0,,0,,0,39,0,h30,-0.0252,,,0
2026-06-17T21:50:39,route_mutation,0,,0,,0,39,0,h30,-0.0251,,,0
2026-06-17T21:51:09,route_mutation,0,,0,,0,39,0,h30,-0.0252,,,0
2026-06-17T21:51:39,route_mutation,0,,0,,0,39,0,h30,-0.0252,,,0
2026-06-17T21:52:09,route_mutation,0,,0,,0,39,0,h30,-0.0251,,,0
2026-06-17T21:52:40,route_mutation,0,,0,,0,39,0,h30,-0.0252,,,0
2026-06-17T21:53:10,route_mutation,0,,0,,0,39,0,h30,-0.0252,,,0
2026-06-17T21:53:40,route_mutation,0,,0,,0,39,0,h30,-0.0251,,,0
2026-06-17T21:54:10,route_mutation,0,,0,,0,39,0,h30,-0.0252,,,0
2026-06-17T21:54:40,route_mutation,0,,0,,0,39,0,h30,-0.0252,,,0
2026-06-17T21:55:11,route_mutation,0,,0,,0,39,0,h30,-0.0243,,,0
2026-06-17T21:55:41,route_mutation,0,,0,,0,39,0,h30,-0.0252,,,0
2026-06-17T21:56:11,route_mutation,0,,0,,0,39,0,h30,-0.0252,,,0
2026-06-17T21:56:41,ip_shuffle,1,h18,0,,0.1415,39,0,h18,0.0291,,,0
2026-06-17T21:57:39,route_mutation,0,,0,,0,39,0,h30,-0.0146,,,0
2026-06-17T21:58:09,route_mutation,0,,0,,0,39,0,h30,-0.0146,,,0
2026-06-17T21:58:39,route_mutation,0,,0,,0,39,0,h30,-0.0146,,,0
2026-06-17T21:59:09,route_mutation,0,,0,,0,39,0,h30,-0.0146,,,0
2026-06-17T21:59:39,route_mutation,0,,0,,0,39,0,h30,-0.0146,,,0
2026-06-17T22:00:10,route_mutation,0,,0,,0,39,0,h30,-0.0146,,,0
2026-06-17T22:00:40,route_mutation,0,,0,,0,39,0,h30,-0.0146,,,0
2026-06-17T22:01:10,route_mutation,0,,0,,0,39,0,h30,-0.0146,,,0
2026-06-17T22:01:40,route_mutation,0,,0,,0,39,0,h30,-0.0146,,,0
2026-06-17T22:02:10,route_mutation,0,,0,,0,39,0,h30,-0.0146,,,0
2026-06-17T22:02:40,route_mutation,0,,0,,0,39,0,h30,-0.0044,,,0
2026-06-17T22:03:11,route_mutation,0,,0,,0,39,0,h30,-0.0044,,,0
2026-06-17T22:03:41,route_mutation,0,,0,,0,39,0,h30,-0.0044,,,0
2026-06-17T22:04:11,route_mutation,0,,0,,0,39,0,h30,-0.0044,,,0
2026-06-17T22:04:41,route_mutation,0,,0,,0,39,0,h30,-0.0044,,,0
2026-06-17T22:05:11,route_mutation,0,,0,,0,39,0,h30,-0.0044,,,0
2026-06-17T22:05:41,route_mutation,0,,0,,0,39,0,h31,-0.1168,,,0
2026-06-17T22:06:12,ip_shuffle,2,h31|h40,0,,0.283,39,0,h31,0.1383,,,0
