step,h30_score,h30_kappa,h30_r_i,h30_T_i,h30_age,h30_status,h31_score,h31_kappa,h31_r_i,h31_T_i,h31_age,h31_status,h32_score,h32_kappa,h32_r_i,h32_T_i,h32_age,h32_status,h33_score,h33_kappa,h33_r_i,h33_T_i,h33_age,h33_status,h34_score,h34_kappa,h34_r_i,h34_T_i,h34_age,h34_status,h35_score,h35_kappa,h35_r_i,h35_T_i,h35_age,h35_status,h36_score,h36_kappa,h36_r_i,h36_T_i,h36_age,h36_status,h37_score,h37_kappa,h37_r_i,h37_T_i,h37_age,h37_status,h38_score,h38_kappa,h38_r_i,h38_T_i,h38_age,h38_status,h39_score,h39_kappa,h39_r_i,h39_T_i,h39_age,h39_status
0,-0.2967,0.76,0.0,1.0,2,below0,-0.1027,0.13,0.0,1.0,10,below0,-0.1027,0.49,0.0,1.0,10,below0,-0.1027,0.85,0.0,1.0,10,below0,-0.1027,0.67,0.0,1.0,10,below0,-0.1443,0.94,0.0,1.0,6,below0,-0.1027,0.22,0.0,1.0,10,below0,-0.1027,0.4,0.0,1.0,10,below0,-0.1027,0.58,0.0,1.0,10,below0,-0.1027,0.31,0.0,1.0,10,below0
6,-0.23,0.76,0.0,1.0,3,below0,-0.1027,0.13,0.0,1.0,10,below0,-0.1027,0.49,0.0,1.0,10,below0,-0.1027,0.85,0.0,1.0,10,below0,-0.1027,0.67,0.0,1.0,10,below0,-0.13,0.94,0.0,1.0,7,below0,-0.1027,0.22,0.0,1.0,10,below0,-0.1027,0.4,0.0,1.0,10,below0,-0.1027,0.58,0.0,1.0,10,below0,-0.1027,0.31,0.0,1.0,10,below0
12,-0.19,0.76,0.0,1.0,4,below0,-0.1027,0.13,0.0,1.0,10,below0,-0.1027,0.49,0.0,1.0,10,below0,-0.1027,0.85,0.0,1.0,10,below0,-0.1027,0.67,0.0,1.0,10,below0,-0.1189,0.94,0.0,1.0,8,below0,-0.1027,0.22,0.0,1.0,10,below0,-0.1027,0.4,0.0,1.0,10,below0,-0.1027,0.58,0.0,1.0,10,below0,-0.1027,0.31,0.0,1.0,10,below0
18,-0.1633,0.76,0.0,1.0,5,below0,-0.1027,0.13,0.0,1.0,10,below0,-0.1027,0.49,0.0,1.0,10,below0,-0.1027,0.85,0.0,1.0,10,below0,-0.1027,0.67,0.0,1.0,10,below0,-0.11,0.94,0.0,1.0,9,below0,-0.1027,0.22,0.0,1.0,10,below0,-0.1027,0.4,0.0,1.0,10,below0,-0.1027,0.58,0.0,1.0,10,below0,-0.1027,0.31,0.0,1.0,10,below0
24,-0.1443,0.76,0.0,1.0,6,below0,-0.1027,0.13,0.0,1.0,10,below0,-0.1027,0.49,0.0,1.0,10,below0,-0.1027,0.85,0.0,1.0,10,below0,-0.1027,0.67,0.0,1.0,10,below0,-0.1027,0.94,0.0,1.0,10,below0,-0.1027,0.22,0.0,1.0,10,below0,-0.1027,0.4,0.0,1.0,10,below0,-0.1027,0.58,0.0,1.0,10,below0,-0.1027,0.31,0.0,1.0,10,below0
30,-0.13,0.76,0.0,1.0,7,below0,-0.1027,0.13,0.0,1.0,10,below0,-0.1027,0.49,0.0,1.0,10,below0,-0.1027,0.85,0.0,1.0,10,below0,-0.1027,0.67,0.0,1.0,10,below0,-0.1027,0.94,0.0,1.0,10,below0,-0.1027,0.22,0.0,1.0,10,below0,-0.1027,0.4,0.0,1.0,10,below0,-0.1027,0.58,0.0,1.0,10,below0,-0.1027,0.31,0.0,1.0,10,below0
36,-0.1189,0.76,0.0,1.0,8,below0,-0.1027,0.13,0.0,1.0,10,below0,-0.1027,0.49,0.0,1.0,10,below0,-0.1027,0.85,0.0,1.0,10,below0,-0.1027,0.67,0.0,1.0,10,below0,-0.1027,0.94,0.0,1.0,10,below0,-0.1027,0.22,0.0,1.0,10,below0,-0.1027,0.4,0.0,1.0,10,below0,-0.1027,0.58,0.0,1.0,10,below0,-0.1027,0.31,0.0,1.0,10,below0
42,-0.11,0.76,0.0,1.0,9,below0,-0.1027,0.13,0.0,1.0,10,below0,-0.1027,0.49,0.0,1.0,10,below0,-0.1027,0.85,0.0,1.0,10,below0,-0.1027,0.67,0.0,1.0,10,below0,-0.1027,0.94,0.0,1.0,10,below0,-0.1027,0.22,0.0,1.0,10,below0,-0.1027,0.4,0.0,1.0,10,below0,-0.1027,0.58,0.0,1.0,10,below0,-0.1027,0.31,0.0,1.0,10,below0
48,-0.1027,0.76,0.0,1.0,10,below0,-0.1027,0.13,0.0,1.0,10,below0,-0.1027,0.49,0.0,1.0,10,below0,-0.1027,0.85,0.0,1.0,10,below0,-0.1027,0.67,0.0,1.0,10,below0,-0.1027,0.94,0.0,1.0,10,below0,-0.1027,0.22,0.0,1.0,10,below0,-0.1027,0.4,0.0,1.0,10,below0,-0.1027,0.58,0.0,1.0,10,below0,-0.1027,0.31,0.0,1.0,10,below0
54,4.4573,0.76,1.0,1.0,10,BLOCKED,0.6773,0.13,1.0,1.0,10,BLOCKED,2.8373,0.49,1.0,1.0,10,BLOCKED,4.9973,0.85,1.0,1.0,10,BLOCKED,3.9173,0.67,1.0,1.0,10,BLOCKED,5.5373,0.94,1.0,1.0,10,SELECTED,1.2173,0.22,1.0,1.0,10,BLOCKED,2.2973,0.4,1.0,1.0,10,BLOCKED,3.3773,0.58,1.0,1.0,10,BLOCKED,1.7573,0.31,1.0,1.0,10,BLOCKED
60,4.2785,0.76,0.9608,1.0,10,BLOCKED,0.6467,0.13,0.9608,1.0,10,BLOCKED,2.722,0.49,0.9608,1.0,10,BLOCKED,4.9973,0.85,1.0,1.0,10,SELECTED,3.7596,0.67,0.9608,1.0,10,BLOCKED,3.4633,0.94,0.6667,1.0,2,BLOCKED,0.4106,0.22,0.3889,1.0,10,BLOCKED,2.2031,0.4,0.9608,1.0,10,BLOCKED,3.2408,0.58,0.9608,1.0,10,BLOCKED,1.6843,0.31,0.9608,1.0,10,BLOCKED
66,4.4573,0.76,1.0,1.0,10,SELECTED,0.3045,0.13,0.5221,1.0,10,BLOCKED,1.4322,0.49,0.5221,1.0,10,BLOCKED,0.1881,0.85,0.095,1.0,2,BLOCKED,-0.0472,0.67,0.0138,1.0,10,below0,0.5213,0.94,0.1261,1.0,4,BLOCKED,0.2191,0.22,0.2438,1.0,10,BLOCKED,1.1502,0.4,0.5221,1.0,10,BLOCKED,1.7141,0.58,0.5221,1.0,10,BLOCKED,0.8683,0.31,0.5221,1.0,10,BLOCKED
72,2.325,0.76,0.5749,1.0,2,BLOCKED,0.5891,0.13,0.887,1.0,10,BLOCKED,2.505,0.49,0.887,1.0,10,SELECTED,0.8347,0.85,0.2009,1.0,4,BLOCKED,-0.0637,0.67,0.0097,1.0,10,below0,0.3355,0.94,0.0851,1.0,6,BLOCKED,0.1072,0.22,0.159,1.0,10,BLOCKED,0.6556,0.4,0.316,1.0,10,BLOCKED,0.9968,0.58,0.316,1.0,10,BLOCKED,0.485,0.31,0.316,1.0,10,BLOCKED
78,0.5346,0.76,0.1589,1.0,4,BLOCKED,-0.0713,0.13,0.0402,1.0,10,below0,2.6433,0.49,1.0,1.0,2,SELECTED,-0.1416,0.85,0.0005,1.0,6,below0,-0.0753,0.67,0.0068,1.0,10,below0,0.9746,0.94,0.1939,1.0,8,BLOCKED,0.77,0.22,0.6612,1.0,10,BLOCKED,1.7378,0.4,0.7669,1.0,10,BLOCKED,2.5661,0.58,0.7669,1.0,10,BLOCKED,1.3237,0.31,0.7669,1.0,10,BLOCKED
84,-0.1147,0.76,0.0065,1.0,6,below0,-0.0805,0.13,0.0285,1.0,10,below0,1.5526,0.49,0.629,1.0,2,SELECTED,-0.117,0.85,0.0004,1.0,8,below0,-0.0835,0.67,0.0048,1.0,10,below0,-0.0826,0.94,0.0036,1.0,10,below0,0.0622,0.22,0.1249,1.0,10,BLOCKED,0.1002,0.4,0.0845,1.0,10,BLOCKED,0.1915,0.58,0.0845,1.0,10,BLOCKED,0.0545,0.31,0.0845,1.0,10,BLOCKED
90,0.422,0.76,0.1186,1.0,8,BLOCKED,-0.087,0.13,0.0201,1.0,10,below0,1.9342,0.49,0.7588,1.0,2,SELECTED,0.5723,0.85,0.1323,1.0,10,BLOCKED,-0.0893,0.67,0.0034,1.0,10,below0,0.6271,0.94,0.1294,1.0,10,BLOCKED,0.0172,0.22,0.0909,1.0,10,BLOCKED,0.043,0.4,0.0607,1.0,10,BLOCKED,0.1086,0.58,0.0607,1.0,10,BLOCKED,0.0102,0.31,0.0607,1.0,10,BLOCKED
96,0.2899,0.76,0.0861,1.0,10,BLOCKED,-0.0917,0.13,0.0142,1.0,10,below0,-0.0983,0.49,0.0675,1.0,2,below0,0.9428,0.85,0.205,1.0,10,BLOCKED,2.0507,0.67,0.5357,1.0,10,SELECTED,0.3891,0.94,0.0872,1.0,10,BLOCKED,-0.0164,0.22,0.0654,1.0,10,below0,0.0012,0.4,0.0433,1.0,10,BLOCKED,0.0479,0.58,0.0433,1.0,10,BLOCKED,-0.0222,0.31,0.0433,1.0,10,below0
102,4.4573,0.76,1.0,1.0,10,BLOCKED,0.5906,0.13,0.8633,0.3333,10,BLOCKED,2.77,0.49,1.0,0.3333,4,BLOCKED,5.0173,0.85,1.0,0.3333,10,SELECTED,2.3603,0.67,0.656,0.3333,2,BLOCKED,0.2992,0.94,0.0677,0.3333,10,BLOCKED,-0.0211,0.22,0.0467,0.3333,10,below0,-0.009,0.4,0.0307,0.3333,10,below0,0.0241,0.58,0.0307,0.3333,10,BLOCKED,-0.0256,0.31,0.0307,0.3333,10,below0
108,4.4673,0.76,1.0,0.6667,10,BLOCKED,0.0306,0.13,0.158,0.6667,10,BLOCKED,2.8057,0.49,1.0,0.6667,6,BLOCKED,4.8033,0.85,1.0,1.0,2,BLOCKED,3.84,0.67,1.0,0.6667,4,BLOCKED,5.5473,0.94,1.0,0.6667,10,SELECTED,1.0104,0.22,0.8357,0.6667,10,BLOCKED,1.9458,0.4,0.8494,0.6667,10,BLOCKED,2.8631,0.58,0.8494,0.6667,10,BLOCKED,1.4871,0.31,0.8494,0.6667,10,BLOCKED
114,3.4183,0.76,0.7689,0.5,10,BLOCKED,0.4274,0.13,0.6605,0.5,10,BLOCKED,2.0247,0.49,0.724,0.5,8,BLOCKED,4.925,0.85,1.0,0.5,4,BLOCKED,3.8907,0.67,1.0,0.5,6,BLOCKED,5.3583,0.94,1.0,0.5,2,SELECTED,1.2173,0.22,1.0,1.0,10,BLOCKED,1.0494,0.4,0.4738,0.5,10,BLOCKED,1.5612,0.58,0.4738,0.5,10,BLOCKED,0.7936,0.31,0.4738,0.5,10,BLOCKED
120,2.7976,0.76,0.6327,0.5,10,BLOCKED,0.2996,0.13,0.4965,0.5,10,BLOCKED,0.9775,0.49,0.3623,0.5,10,BLOCKED,3.4287,0.85,0.6976,0.5,6,BLOCKED,3.9161,0.67,1.0,0.5,8,SELECTED,2.9562,0.94,0.5741,0.5,2,BLOCKED,1.0761,0.22,0.8817,0.5,10,BLOCKED,2.3123,0.4,1.0,0.5,10,BLOCKED,3.3773,0.58,1.0,1.0,10,BLOCKED,0.6939,0.31,0.4202,0.5,10,BLOCKED
126,2.3902,0.76,0.5467,1.0,10,BLOCKED,0.2158,0.13,0.4084,1.0,10,BLOCKED,0.3419,0.49,0.1512,1.0,10,BLOCKED,3.0309,0.85,0.6176,1.0,8,SELECTED,2.4171,0.67,0.6751,1.0,2,BLOCKED,2.5481,0.94,0.4855,1.0,4,BLOCKED,1.0049,0.22,0.8391,1.0,10,BLOCKED,1.7014,0.4,0.7517,1.0,10,BLOCKED,2.9543,0.58,0.8784,1.0,10,BLOCKED,0.5234,0.31,0.3366,1.0,10,BLOCKED
132,4.4573,0.76,1.0,1.0,10,BLOCKED,0.6773,0.13,1.0,1.0,10,BLOCKED,2.8373,0.49,1.0,1.0,10,BLOCKED,4.8033,0.85,1.0,1.0,2,BLOCKED,3.83,0.67,1.0,1.0,4,BLOCKED,5.4957,0.94,1.0,1.0,6,SELECTED,1.2173,0.22,1.0,1.0,10,BLOCKED,2.2973,0.4,1.0,1.0,10,BLOCKED,3.3773,0.58,1.0,1.0,10,BLOCKED,1.7573,0.31,1.0,1.0,10,BLOCKED
138,4.4573,0.76,1.0,1.0,10,BLOCKED,0.6773,0.13,1.0,1.0,10,BLOCKED,2.8373,0.49,1.0,1.0,10,BLOCKED,4.91,0.85,1.0,1.0,4,BLOCKED,3.8757,0.67,1.0,1.0,6,BLOCKED,5.3433,0.94,1.0,1.0,2,SELECTED,1.2173,0.22,1.0,1.0,10,BLOCKED,2.2973,0.4,1.0,1.0,10,BLOCKED,3.3773,0.58,1.0,1.0,10,BLOCKED,1.7573,0.31,1.0,1.0,10,BLOCKED
144,4.4573,0.76,1.0,1.0,10,BLOCKED,0.6773,0.13,1.0,1.0,10,BLOCKED,2.8373,0.49,1.0,1.0,10,BLOCKED,4.9557,0.85,1.0,1.0,6,BLOCKED,0.8645,0.67,0.2446,1.0,8,BLOCKED,5.3433,0.94,1.0,1.0,2,SELECTED,1.2173,0.22,1.0,1.0,10,BLOCKED,2.2973,0.4,1.0,1.0,10,BLOCKED,3.3773,0.58,1.0,1.0,10,BLOCKED,0.3138,0.31,0.2239,1.0,10,BLOCKED
150,4.4573,0.76,1.0,1.0,10,BLOCKED,0.6773,0.13,1.0,1.0,10,BLOCKED,2.8373,0.49,1.0,1.0,10,BLOCKED,4.9811,0.85,1.0,1.0,8,BLOCKED,3.9173,0.67,1.0,1.0,10,BLOCKED,5.3433,0.94,1.0,1.0,2,SELECTED,1.2173,0.22,1.0,1.0,10,BLOCKED,2.2973,0.4,1.0,1.0,10,BLOCKED,3.3773,0.58,1.0,1.0,10,BLOCKED,1.7573,0.31,1.0,1.0,10,BLOCKED
156,4.4573,0.76,1.0,1.0,10,BLOCKED,0.6773,0.13,1.0,1.0,10,BLOCKED,2.8373,0.49,1.0,1.0,10,BLOCKED,4.9973,0.85,1.0,1.0,10,BLOCKED,3.9173,0.67,1.0,1.0,10,BLOCKED,5.3433,0.94,1.0,1.0,2,SELECTED,1.2173,0.22,1.0,1.0,10,BLOCKED,2.2973,0.4,1.0,1.0,10,BLOCKED,3.3773,0.58,1.0,1.0,10,BLOCKED,1.7573,0.31,1.0,1.0,10,BLOCKED
162,4.4573,0.76,1.0,1.0,10,BLOCKED,0.6773,0.13,1.0,1.0,10,BLOCKED,2.8373,0.49,1.0,1.0,10,BLOCKED,4.9973,0.85,1.0,1.0,10,BLOCKED,3.9173,0.67,1.0,1.0,10,BLOCKED,5.3433,0.94,1.0,1.0,2,SELECTED,1.2173,0.22,1.0,1.0,10,BLOCKED,2.2973,0.4,1.0,1.0,10,BLOCKED,3.3773,0.58,1.0,1.0,10,BLOCKED,1.7573,0.31,1.0,1.0,10,BLOCKED
168,4.4573,0.76,1.0,1.0,10,BLOCKED,0.6773,0.13,1.0,1.0,10,BLOCKED,2.8373,0.49,1.0,1.0,10,BLOCKED,4.9973,0.85,1.0,1.0,10,BLOCKED,3.9173,0.67,1.0,1.0,10,BLOCKED,5.3433,0.94,1.0,1.0,2,SELECTED,1.2173,0.22,1.0,1.0,10,BLOCKED,2.2973,0.4,1.0,1.0,10,BLOCKED,3.3773,0.58,1.0,1.0,10,BLOCKED,1.7573,0.31,1.0,1.0,10,BLOCKED
174,4.4573,0.76,1.0,1.0,10,BLOCKED,0.6773,0.13,1.0,1.0,10,BLOCKED,2.8373,0.49,1.0,1.0,10,BLOCKED,4.9973,0.85,1.0,1.0,10,BLOCKED,3.9173,0.67,1.0,1.0,10,BLOCKED,5.3433,0.94,1.0,1.0,2,SELECTED,1.2173,0.22,1.0,1.0,10,BLOCKED,2.2973,0.4,1.0,1.0,10,BLOCKED,3.3773,0.58,1.0,1.0,10,BLOCKED,1.7573,0.31,1.0,1.0,10,BLOCKED
180,4.4573,0.76,1.0,1.0,10,BLOCKED,0.6773,0.13,1.0,1.0,10,BLOCKED,2.8373,0.49,1.0,1.0,10,BLOCKED,4.9973,0.85,1.0,1.0,10,BLOCKED,3.9173,0.67,1.0,1.0,10,BLOCKED,5.3433,0.94,1.0,1.0,2,SELECTED,1.2173,0.22,1.0,1.0,10,BLOCKED,2.2973,0.4,1.0,1.0,10,BLOCKED,3.3773,0.58,1.0,1.0,10,BLOCKED,1.7573,0.31,1.0,1.0,10,BLOCKED
186,4.4573,0.76,1.0,1.0,10,BLOCKED,0.6773,0.13,1.0,1.0,10,BLOCKED,2.8373,0.49,1.0,1.0,10,BLOCKED,4.9973,0.85,1.0,1.0,10,BLOCKED,3.9173,0.67,1.0,1.0,10,BLOCKED,5.3433,0.94,1.0,1.0,2,SELECTED,1.2173,0.22,1.0,1.0,10,BLOCKED,2.2973,0.4,1.0,1.0,10,BLOCKED,3.3773,0.58,1.0,1.0,10,BLOCKED,1.7573,0.31,1.0,1.0,10,BLOCKED
192,4.4573,0.76,1.0,1.0,10,BLOCKED,0.6773,0.13,1.0,1.0,10,BLOCKED,2.8373,0.49,1.0,1.0,10,BLOCKED,4.9973,0.85,1.0,1.0,10,BLOCKED,3.9173,0.67,1.0,1.0,10,BLOCKED,5.3433,0.94,1.0,1.0,2,SELECTED,1.2173,0.22,1.0,1.0,10,BLOCKED,2.2973,0.4,1.0,1.0,10,BLOCKED,3.3773,0.58,1.0,1.0,10,BLOCKED,1.7573,0.31,1.0,1.0,10,BLOCKED
198,4.4573,0.76,1.0,1.0,10,BLOCKED,0.6773,0.13,1.0,1.0,10,BLOCKED,2.8373,0.49,1.0,1.0,10,BLOCKED,4.9973,0.85,1.0,1.0,10,BLOCKED,3.9173,0.67,1.0,1.0,10,BLOCKED,5.3433,0.94,1.0,1.0,2,SELECTED,1.2173,0.22,1.0,1.0,10,BLOCKED,2.2973,0.4,1.0,1.0,10,BLOCKED,3.3773,0.58,1.0,1.0,10,BLOCKED,1.7573,0.31,1.0,1.0,10,BLOCKED
204,4.4573,0.76,1.0,1.0,10,BLOCKED,0.6773,0.13,1.0,1.0,10,BLOCKED,2.8373,0.49,1.0,1.0,10,BLOCKED,4.9973,0.85,1.0,1.0,10,BLOCKED,3.9173,0.67,1.0,1.0,10,BLOCKED,5.3433,0.94,1.0,1.0,2,SELECTED,1.2173,0.22,1.0,1.0,10,BLOCKED,2.2973,0.4,1.0,1.0,10,BLOCKED,3.3773,0.58,1.0,1.0,10,BLOCKED,1.7573,0.31,1.0,1.0,10,BLOCKED
210,4.4573,0.76,1.0,1.0,10,BLOCKED,0.6773,0.13,1.0,1.0,10,BLOCKED,2.8373,0.49,1.0,1.0,10,BLOCKED,4.9973,0.85,1.0,1.0,10,BLOCKED,3.9173,0.67,1.0,1.0,10,BLOCKED,5.3433,0.94,1.0,1.0,2,SELECTED,1.2173,0.22,1.0,1.0,10,BLOCKED,2.2973,0.4,1.0,1.0,10,BLOCKED,3.3773,0.58,1.0,1.0,10,BLOCKED,1.7573,0.31,1.0,1.0,10,BLOCKED
216,4.4573,0.76,1.0,1.0,10,BLOCKED,0.6773,0.13,1.0,1.0,10,BLOCKED,2.8373,0.49,1.0,1.0,10,BLOCKED,4.9973,0.85,1.0,1.0,10,BLOCKED,3.9173,0.67,1.0,1.0,10,BLOCKED,5.3433,0.94,1.0,1.0,2,SELECTED,1.2173,0.22,1.0,1.0,10,BLOCKED,2.2973,0.4,1.0,1.0,10,BLOCKED,3.3773,0.58,1.0,1.0,10,BLOCKED,1.7573,0.31,1.0,1.0,10,BLOCKED
222,4.4573,0.76,1.0,1.0,10,BLOCKED,0.6773,0.13,1.0,1.0,10,BLOCKED,2.8373,0.49,1.0,1.0,10,BLOCKED,4.9973,0.85,1.0,1.0,10,BLOCKED,3.9173,0.67,1.0,1.0,10,BLOCKED,5.3433,0.94,1.0,1.0,2,SELECTED,1.2173,0.22,1.0,1.0,10,BLOCKED,2.2973,0.4,1.0,1.0,10,BLOCKED,3.3773,0.58,1.0,1.0,10,BLOCKED,1.7573,0.31,1.0,1.0,10,BLOCKED
228,4.4573,0.76,1.0,1.0,10,BLOCKED,0.6773,0.13,1.0,1.0,10,BLOCKED,2.8373,0.49,1.0,1.0,10,BLOCKED,4.9973,0.85,1.0,1.0,10,BLOCKED,3.9173,0.67,1.0,1.0,10,BLOCKED,5.3433,0.94,1.0,1.0,2,SELECTED,1.2173,0.22,1.0,1.0,10,BLOCKED,2.2973,0.4,1.0,1.0,10,BLOCKED,3.3773,0.58,1.0,1.0,10,BLOCKED,1.7573,0.31,1.0,1.0,10,BLOCKED
234,4.4573,0.76,1.0,1.0,10,BLOCKED,0.6773,0.13,1.0,1.0,10,BLOCKED,2.8373,0.49,1.0,1.0,10,BLOCKED,4.9973,0.85,1.0,1.0,10,BLOCKED,3.9173,0.67,1.0,1.0,10,BLOCKED,5.3433,0.94,1.0,1.0,2,SELECTED,1.2173,0.22,1.0,1.0,10,BLOCKED,2.2973,0.4,1.0,1.0,10,BLOCKED,3.3773,0.58,1.0,1.0,10,BLOCKED,1.7573,0.31,1.0,1.0,10,BLOCKED
240,4.4573,0.76,1.0,1.0,10,BLOCKED,0.6773,0.13,1.0,1.0,10,BLOCKED,2.8373,0.49,1.0,1.0,10,BLOCKED,4.9973,0.85,1.0,1.0,10,BLOCKED,3.9173,0.67,1.0,1.0,10,BLOCKED,5.3433,0.94,1.0,1.0,2,SELECTED,1.2173,0.22,1.0,1.0,10,BLOCKED,2.2973,0.4,1.0,1.0,10,BLOCKED,3.3773,0.58,1.0,1.0,10,BLOCKED,1.7573,0.31,1.0,1.0,10,BLOCKED
246,4.4573,0.76,1.0,1.0,10,BLOCKED,0.6773,0.13,1.0,1.0,10,BLOCKED,2.8373,0.49,1.0,1.0,10,BLOCKED,4.9973,0.85,1.0,1.0,10,BLOCKED,3.9173,0.67,1.0,1.0,10,BLOCKED,5.3433,0.94,1.0,1.0,2,SELECTED,1.2173,0.22,1.0,1.0,10,BLOCKED,2.2973,0.4,1.0,1.0,10,BLOCKED,3.3773,0.58,1.0,1.0,10,BLOCKED,1.7572,0.31,1.0,1.0,10,BLOCKED
252,4.4573,0.76,1.0,1.0,10,BLOCKED,0.6773,0.13,1.0,1.0,10,BLOCKED,2.8373,0.49,1.0,1.0,10,BLOCKED,4.9973,0.85,1.0,1.0,10,BLOCKED,3.9172,0.67,1.0,1.0,10,BLOCKED,5.3433,0.94,1.0,1.0,2,SELECTED,1.2173,0.22,1.0,1.0,10,BLOCKED,2.2973,0.4,1.0,1.0,10,BLOCKED,3.3773,0.58,1.0,1.0,10,BLOCKED,1.7572,0.31,1.0,1.0,10,BLOCKED
258,4.4573,0.76,1.0,1.0,10,BLOCKED,0.6773,0.13,1.0,1.0,10,BLOCKED,2.8373,0.49,1.0,1.0,10,BLOCKED,4.9973,0.85,1.0,1.0,10,BLOCKED,3.9172,0.67,1.0,1.0,10,BLOCKED,5.3433,0.94,1.0,1.0,2,SELECTED,1.2173,0.22,1.0,1.0,10,BLOCKED,2.2972,0.4,1.0,1.0,10,BLOCKED,3.3773,0.58,1.0,1.0,10,BLOCKED,1.7572,0.31,1.0,1.0,10,BLOCKED
264,4.4572,0.76,1.0,1.0,10,BLOCKED,0.6772,0.13,1.0,1.0,10,BLOCKED,2.8372,0.49,1.0,1.0,10,BLOCKED,4.9972,0.85,1.0,1.0,10,BLOCKED,3.9172,0.67,1.0,1.0,10,BLOCKED,5.3433,0.94,1.0,1.0,2,SELECTED,1.2173,0.22,1.0,1.0,10,BLOCKED,2.2972,0.4,1.0,1.0,10,BLOCKED,3.3772,0.58,1.0,1.0,10,BLOCKED,1.7572,0.31,1.0,1.0,10,BLOCKED
270,4.4572,0.76,1.0,1.0,10,BLOCKED,0.6772,0.13,0.9999,1.0,10,BLOCKED,2.8372,0.49,1.0,1.0,10,BLOCKED,4.9972,0.85,1.0,1.0,10,BLOCKED,3.9172,0.67,1.0,1.0,10,BLOCKED,5.3433,0.94,1.0,1.0,2,SELECTED,1.2172,0.22,1.0,1.0,10,BLOCKED,2.2972,0.4,1.0,1.0,10,BLOCKED,3.3772,0.58,1.0,1.0,10,BLOCKED,1.7572,0.31,1.0,1.0,10,BLOCKED
276,4.4572,0.76,1.0,1.0,10,BLOCKED,0.6772,0.13,0.9999,1.0,10,BLOCKED,2.8372,0.49,1.0,1.0,10,BLOCKED,4.9972,0.85,1.0,1.0,10,BLOCKED,3.9171,0.67,1.0,1.0,10,BLOCKED,5.3433,0.94,1.0,1.0,2,SELECTED,1.2172,0.22,1.0,1.0,10,BLOCKED,2.2972,0.4,1.0,1.0,10,BLOCKED,3.3772,0.58,1.0,1.0,10,BLOCKED,1.7572,0.31,0.9999,1.0,10,BLOCKED
282,4.4572,0.76,1.0,1.0,10,BLOCKED,0.6772,0.13,0.9999,1.0,10,BLOCKED,2.8372,0.49,1.0,1.0,10,BLOCKED,4.9972,0.85,1.0,1.0,10,BLOCKED,3.9171,0.67,0.9999,1.0,10,BLOCKED,5.3432,0.94,1.0,1.0,2,SELECTED,1.2172,0.22,1.0,1.0,10,BLOCKED,2.2971,0.4,1.0,1.0,10,BLOCKED,3.3772,0.58,1.0,1.0,10,BLOCKED,1.7571,0.31,0.9999,1.0,10,BLOCKED
288,4.4572,0.76,1.0,1.0,10,BLOCKED,0.6771,0.13,0.9998,1.0,10,BLOCKED,2.8371,0.49,1.0,1.0,10,BLOCKED,4.9972,0.85,1.0,1.0,10,BLOCKED,3.917,0.67,0.9999,1.0,10,BLOCKED,5.3432,0.94,1.0,1.0,2,SELECTED,1.2172,0.22,1.0,1.0,10,BLOCKED,2.2971,0.4,0.9999,1.0,10,BLOCKED,3.3771,0.58,1.0,1.0,10,BLOCKED,1.757,0.31,0.9999,1.0,10,BLOCKED
294,4.4571,0.76,1.0,1.0,10,BLOCKED,0.6771,0.13,0.9997,1.0,10,BLOCKED,2.8371,0.49,0.9999,1.0,10,BLOCKED,4.9971,0.85,1.0,1.0,10,BLOCKED,3.9168,0.67,0.9999,1.0,10,BLOCKED,5.3431,0.94,1.0,1.0,2,SELECTED,1.2172,0.22,0.9999,1.0,10,BLOCKED,2.297,0.4,0.9999,1.0,10,BLOCKED,3.3771,0.58,1.0,1.0,10,BLOCKED,1.7569,0.31,0.9998,1.0,10,BLOCKED
300,4.457,0.76,0.9999,1.0,10,BLOCKED,0.677,0.13,0.9996,1.0,10,BLOCKED,2.837,0.49,0.9999,1.0,10,BLOCKED,4.997,0.85,1.0,1.0,10,BLOCKED,3.9166,0.67,0.9998,1.0,10,BLOCKED,5.343,0.94,0.9999,1.0,2,SELECTED,1.2171,0.22,0.9999,1.0,10,BLOCKED,2.2969,0.4,0.9999,1.0,10,BLOCKED,3.377,0.58,0.9999,1.0,10,BLOCKED,1.7568,0.31,0.9997,1.0,10,BLOCKED
306,4.4569,0.76,0.9999,1.0,10,BLOCKED,0.6769,0.13,0.9995,1.0,10,BLOCKED,2.8368,0.49,0.9999,1.0,10,BLOCKED,4.9969,0.85,0.9999,1.0,10,BLOCKED,3.9163,0.67,0.9998,1.0,10,BLOCKED,5.3428,0.94,0.9999,1.0,2,SELECTED,1.2171,0.22,0.9999,1.0,10,BLOCKED,2.2967,0.4,0.9998,1.0,10,BLOCKED,3.3769,0.58,0.9999,1.0,10,BLOCKED,1.7566,0.31,0.9996,1.0,10,BLOCKED
312,4.4568,0.76,0.9999,1.0,10,BLOCKED,0.6767,0.13,0.9992,1.0,10,BLOCKED,2.8366,0.49,0.9998,1.0,10,BLOCKED,4.9968,0.85,0.9999,1.0,10,BLOCKED,3.916,0.67,0.9997,1.0,10,BLOCKED,5.3426,0.94,0.9999,1.0,2,SELECTED,1.217,0.22,0.9998,1.0,10,BLOCKED,2.2965,0.4,0.9997,1.0,10,BLOCKED,3.3767,0.58,0.9999,1.0,10,BLOCKED,1.7563,0.31,0.9995,1.0,10,BLOCKED
318,4.4565,0.76,0.9998,1.0,10,BLOCKED,0.6764,0.13,0.9989,1.0,10,BLOCKED,2.8364,0.49,0.9997,1.0,10,BLOCKED,4.9966,0.85,0.9999,1.0,10,BLOCKED,3.9154,0.67,0.9995,1.0,10,BLOCKED,5.3423,0.94,0.9998,1.0,2,SELECTED,1.2169,0.22,0.9997,1.0,10,BLOCKED,2.2962,0.4,0.9996,1.0,10,BLOCKED,3.3765,0.58,0.9998,1.0,10,BLOCKED,1.7559,0.31,0.9992,1.0,10,BLOCKED
324,4.4562,0.76,0.9998,1.0,10,BLOCKED,0.6761,0.13,0.9985,1.0,10,BLOCKED,2.836,0.49,0.9996,1.0,10,BLOCKED,4.9963,0.85,0.9998,1.0,10,BLOCKED,3.9146,0.67,0.9993,1.0,10,BLOCKED,5.3418,0.94,0.9997,1.0,2,SELECTED,1.2167,0.22,0.9996,1.0,10,BLOCKED,2.2957,0.4,0.9994,1.0,10,BLOCKED,3.3762,0.58,0.9997,1.0,10,BLOCKED,1.7552,0.31,0.9989,1.0,10,BLOCKED
330,4.4558,0.76,0.9997,1.0,10,BLOCKED,0.6756,0.13,0.9978,1.0,10,BLOCKED,2.8354,0.49,0.9994,1.0,10,BLOCKED,4.9958,0.85,0.9997,1.0,10,BLOCKED,3.9134,0.67,0.999,1.0,10,BLOCKED,5.3412,0.94,0.9996,1.0,2,SELECTED,1.2165,0.22,0.9994,1.0,10,BLOCKED,2.2951,0.4,0.9991,1.0,10,BLOCKED,3.3757,0.58,0.9996,1.0,10,BLOCKED,1.7544,0.31,0.9984,1.0,10,BLOCKED
336,4.4551,0.76,0.9995,1.0,10,BLOCKED,0.6773,0.13,1.0,1.0,10,BLOCKED,2.8346,0.49,0.9991,1.0,10,BLOCKED,4.9952,0.85,0.9996,1.0,10,BLOCKED,3.9118,0.67,0.9986,1.0,10,BLOCKED,5.3403,0.94,0.9995,1.0,2,SELECTED,1.2162,0.22,0.9991,1.0,10,BLOCKED,2.2941,0.4,0.9987,1.0,10,BLOCKED,3.375,0.58,0.9994,1.0,10,BLOCKED,1.7532,0.31,0.9978,1.0,10,BLOCKED
342,4.4542,0.76,0.9993,1.0,10,BLOCKED,0.6773,0.13,1.0,1.0,10,BLOCKED,2.8335,0.49,0.9987,1.0,10,BLOCKED,4.9943,0.85,0.9994,1.0,10,BLOCKED,3.9094,0.67,0.998,1.0,10,BLOCKED,5.339,0.94,0.9992,1.0,2,SELECTED,1.2157,0.22,0.9988,1.0,10,BLOCKED,2.2928,0.4,0.9981,1.0,10,BLOCKED,3.3741,0.58,0.9991,1.0,10,BLOCKED,1.7514,0.31,0.9968,1.0,10,BLOCKED
348,4.4528,0.76,0.999,1.0,10,BLOCKED,0.6773,0.13,1.0,1.0,10,BLOCKED,2.8319,0.49,0.9982,1.0,10,BLOCKED,4.9931,0.85,0.9992,1.0,10,BLOCKED,3.9061,0.67,0.9972,1.0,10,BLOCKED,5.3371,0.94,0.9989,1.0,2,SELECTED,1.215,0.22,0.9983,1.0,10,BLOCKED,2.2909,0.4,0.9973,1.0,10,BLOCKED,3.3727,0.58,0.9987,1.0,10,BLOCKED,1.7489,0.31,0.9955,1.0,10,BLOCKED
354,4.4509,0.76,0.9986,1.0,10,BLOCKED,0.6773,0.13,1.0,1.0,10,BLOCKED,2.8296,0.49,0.9974,1.0,10,BLOCKED,4.9913,0.85,0.9988,1.0,10,BLOCKED,3.9013,0.67,0.996,1.0,10,BLOCKED,5.3344,0.94,0.9984,1.0,2,SELECTED,1.214,0.22,0.9975,1.0,10,BLOCKED,2.2881,0.4,0.9962,1.0,10,BLOCKED,3.3708,0.58,0.9981,1.0,10,BLOCKED,1.7453,0.31,0.9936,1.0,10,BLOCKED
360,4.6278,0.79,0.998,1.0,10,SELECTED,0.6773,0.13,1.0,1.0,10,BLOCKED,3.0057,0.52,0.9963,1.0,10,BLOCKED,3.9105,0.67,0.9983,1.0,10,BLOCKED,1.7467,0.31,0.9943,1.0,10,BLOCKED,4.253,0.76,0.9977,1.0,2,BLOCKED,1.2126,0.22,0.9965,1.0,10,BLOCKED,2.2842,0.4,0.9946,1.0,10,BLOCKED,2.6499,0.46,0.9973,1.0,10,BLOCKED,1.9186,0.34,0.9909,1.0,10,BLOCKED
366,4.4299,0.79,0.9972,1.0,2,SELECTED,0.6773,0.13,1.0,1.0,10,BLOCKED,3.0007,0.52,0.9947,1.0,10,BLOCKED,3.9076,0.67,0.9976,1.0,10,BLOCKED,1.7423,0.31,0.9919,1.0,10,BLOCKED,4.3553,0.76,0.9968,1.0,4,BLOCKED,1.2106,0.22,0.995,1.0,10,BLOCKED,2.2787,0.4,0.9923,1.0,10,BLOCKED,2.6468,0.46,0.9962,1.0,10,BLOCKED,1.9107,0.34,0.987,1.0,10,BLOCKED
372,4.4241,0.79,0.996,1.0,2,SELECTED,0.6773,0.13,1.0,1.0,10,BLOCKED,2.9937,0.52,0.9924,1.0,10,BLOCKED,3.9035,0.67,0.9966,1.0,10,BLOCKED,1.7359,0.31,0.9885,1.0,10,BLOCKED,4.3948,0.76,0.9954,1.0,6,BLOCKED,1.2078,0.22,0.9928,1.0,10,BLOCKED,2.2708,0.4,0.989,1.0,10,BLOCKED,2.6423,0.46,0.9946,1.0,10,BLOCKED,1.8996,0.34,0.9815,1.0,10,BLOCKED
378,4.4159,0.79,0.9942,1.0,2,SELECTED,0.6773,0.13,1.0,1.0,10,BLOCKED,2.9837,0.52,0.9892,1.0,10,BLOCKED,3.8977,0.67,0.9951,1.0,10,BLOCKED,1.7269,0.31,0.9837,1.0,10,BLOCKED,4.4112,0.76,0.9935,1.0,8,BLOCKED,1.2038,0.22,0.9898,1.0,10,BLOCKED,2.2597,0.4,0.9843,1.0,10,BLOCKED,2.6359,0.46,0.9923,1.0,10,BLOCKED,1.8838,0.34,0.9738,1.0,10,BLOCKED
384,4.4043,0.79,0.9918,1.0,2,BLOCKED,0.6773,0.13,1.0,1.0,10,BLOCKED,2.9695,0.52,0.9847,1.0,10,BLOCKED,3.8893,0.67,0.993,1.0,10,BLOCKED,1.7142,0.31,0.9768,1.0,10,BLOCKED,4.4147,0.76,0.9907,1.0,10,SELECTED,1.1981,0.22,0.9855,1.0,10,BLOCKED,2.2439,0.4,0.9778,1.0,10,BLOCKED,2.6269,0.46,0.989,1.0,10,BLOCKED,1.8617,0.34,0.963,1.0,10,BLOCKED
390,4.4944,0.79,0.9883,1.0,4,SELECTED,0.6773,0.13,1.0,1.0,10,BLOCKED,2.9495,0.52,0.9783,1.0,10,BLOCKED,3.8775,0.67,0.9901,1.0,10,BLOCKED,1.6963,0.31,0.9672,1.0,10,BLOCKED,4.2028,0.76,0.9867,1.0,2,BLOCKED,1.1901,0.22,0.9794,1.0,10,BLOCKED,2.2218,0.4,0.9685,1.0,10,BLOCKED,2.6141,0.46,0.9843,1.0,10,BLOCKED,1.8311,0.34,0.9479,1.0,10,BLOCKED
396,4.3643,0.79,0.9833,1.0,2,SELECTED,0.6773,0.13,1.0,1.0,10,BLOCKED,2.9213,0.52,0.9692,1.0,10,BLOCKED,3.8606,0.67,0.9859,1.0,10,BLOCKED,1.6714,0.31,0.9538,1.0,10,BLOCKED,4.2839,0.76,0.9811,1.0,4,BLOCKED,1.1787,0.22,0.9708,1.0,10,BLOCKED,2.1908,0.4,0.9556,1.0,10,BLOCKED,2.596,0.46,0.9778,1.0,10,BLOCKED,1.7889,0.34,0.9272,1.0,10,BLOCKED
402,4.3313,0.79,0.9764,1.0,2,SELECTED,0.6773,0.13,1.0,1.0,10,BLOCKED,2.882,0.52,0.9566,1.0,10,BLOCKED,3.8368,0.67,0.98,1.0,10,BLOCKED,1.6369,0.31,0.9353,1.0,10,BLOCKED,4.2938,0.76,0.9733,1.0,6,BLOCKED,1.1629,0.22,0.9588,1.0,10,BLOCKED,2.1481,0.4,0.9378,1.0,10,BLOCKED,2.5705,0.46,0.9686,1.0,10,BLOCKED,1.7316,0.34,0.8992,1.0,10,BLOCKED
408,4.2849,0.79,0.9666,1.0,2,SELECTED,0.6773,0.13,1.0,1.0,10,BLOCKED,2.8275,0.52,0.9392,1.0,10,BLOCKED,3.8033,0.67,0.9717,1.0,10,BLOCKED,1.59,0.31,0.9101,1.0,10,BLOCKED,4.2689,0.76,0.9622,1.0,8,BLOCKED,1.1409,0.22,0.9422,1.0,10,BLOCKED,2.0896,0.4,0.9135,1.0,10,BLOCKED,2.535,0.46,0.9557,1.0,10,BLOCKED,1.6557,0.34,0.862,1.0,10,BLOCKED
414,4.2202,0.79,0.9529,1.0,2,SELECTED,0.6773,0.13,1.0,1.0,10,BLOCKED,2.7531,0.52,0.9153,1.0,10,BLOCKED,3.7564,0.67,0.96,1.0,10,BLOCKED,1.5272,0.31,0.8763,1.0,10,BLOCKED,4.2152,0.76,0.9469,1.0,10,BLOCKED,1.1109,0.22,0.9194,1.0,10,BLOCKED,2.0112,0.4,0.8808,1.0,10,BLOCKED,2.4858,0.46,0.9379,1.0,10,BLOCKED,1.5575,0.34,0.8138,1.0,10,BLOCKED
420,4.1309,0.79,0.9341,1.0,2,SELECTED,0.6773,0.13,1.0,1.0,10,BLOCKED,2.6531,0.52,0.8833,1.0,10,BLOCKED,3.6914,0.67,0.9438,1.0,10,BLOCKED,1.4451,0.31,0.8322,1.0,10,BLOCKED,4.1191,0.76,0.9258,1.0,10,BLOCKED,1.0703,0.22,0.8887,1.0,10,BLOCKED,1.9085,0.4,0.838,1.0,10,BLOCKED,2.4187,0.46,0.9136,1.0,10,BLOCKED,1.4348,0.34,0.7537,1.0,10,BLOCKED
426,4.0092,0.79,0.9084,1.0,2,SELECTED,0.6773,0.13,1.0,1.0,10,BLOCKED,2.5218,0.52,0.8412,1.0,10,BLOCKED,3.6022,0.67,0.9216,1.0,10,BLOCKED,1.3412,0.31,0.7763,1.0,10,BLOCKED,3.989,0.76,0.8973,1.0,10,BLOCKED,1.017,0.22,0.8482,1.0,10,BLOCKED,1.778,0.4,0.7836,1.0,10,BLOCKED,2.3286,0.46,0.8809,1.0,10,BLOCKED,1.288,0.34,0.6817,1.0,10,BLOCKED
432,3.8466,0.79,0.8741,1.0,2,SELECTED,0.6773,0.13,1.0,1.0,10,BLOCKED,2.3546,0.52,0.7876,1.0,10,BLOCKED,3.4818,0.67,0.8917,1.0,10,BLOCKED,1.2149,0.31,0.7084,1.0,10,BLOCKED,3.8165,0.76,0.8595,1.0,10,BLOCKED,0.9486,0.22,0.7964,1.0,10,BLOCKED,1.6184,0.4,0.7171,1.0,10,BLOCKED,2.2106,0.46,0.8382,1.0,10,BLOCKED,1.1211,0.34,0.5999,1.0,10,BLOCKED
438,3.6345,0.79,0.8294,1.0,2,SELECTED,0.6773,0.13,1.0,1.0,10,BLOCKED,2.1496,0.52,0.7219,1.0,10,BLOCKED,3.3227,0.67,0.8521,1.0,10,BLOCKED,1.0686,0.31,0.6297,1.0,10,BLOCKED,3.5939,0.76,0.8107,1.0,10,BLOCKED,0.8642,0.22,0.7325,1.0,10,BLOCKED,1.4323,0.4,0.6396,1.0,10,BLOCKED,2.0605,0.46,0.7838,1.0,10,BLOCKED,0.9419,0.34,0.5121,1.0,10,BLOCKED
444,3.3666,0.79,0.7728,1.0,2,SELECTED,0.6772,0.13,1.0,1.0,10,BLOCKED,1.9097,0.52,0.645,1.0,10,BLOCKED,3.1185,0.67,0.8013,1.0,10,BLOCKED,0.9081,0.31,0.5435,1.0,10,BLOCKED,3.3165,0.76,0.7498,1.0,10,BLOCKED,0.7648,0.22,0.6572,1.0,10,BLOCKED,2.2973,0.4,1.0,1.0,10,BLOCKED,1.8771,0.46,0.7173,1.0,10,BLOCKED,0.7613,0.34,0.4235,1.0,10,BLOCKED
450,3.0416,0.79,0.7043,1.0,2,SELECTED,0.6772,0.13,0.9999,1.0,10,BLOCKED,1.644,0.52,0.5598,1.0,10,BLOCKED,2.8658,0.67,0.7384,1.0,10,BLOCKED,0.7427,0.31,0.4545,1.0,10,BLOCKED,2.9854,0.76,0.6772,1.0,10,BLOCKED,0.6536,0.22,0.573,1.0,10,BLOCKED,2.2973,0.4,1.0,1.0,10,BLOCKED,1.6632,0.46,0.6398,1.0,10,BLOCKED,0.5901,0.34,0.3396,1.0,10,BLOCKED
456,2.6661,0.79,0.625,1.0,2,SELECTED,0.6772,0.13,0.9999,1.0,10,BLOCKED,1.3667,0.52,0.471,1.0,10,BLOCKED,2.5665,0.67,0.664,1.0,10,BLOCKED,0.5825,0.31,0.3684,1.0,10,BLOCKED,2.6101,0.76,0.5949,1.0,10,BLOCKED,0.5366,0.22,0.4844,1.0,10,BLOCKED,2.2973,0.4,1.0,1.0,10,BLOCKED,1.427,0.46,0.5543,1.0,10,BLOCKED,0.4373,0.34,0.2647,1.0,10,BLOCKED
462,2.2559,0.79,0.5385,1.0,2,BLOCKED,0.6772,0.13,0.9999,1.0,10,BLOCKED,1.0952,0.52,0.3839,1.0,10,BLOCKED,2.2305,0.67,0.5804,1.0,10,BLOCKED,0.4365,0.31,0.2899,1.0,10,BLOCKED,2.2088,0.76,0.5069,1.0,10,BLOCKED,0.4209,0.22,0.3967,1.0,10,BLOCKED,2.2973,0.4,1.0,1.0,10,SELECTED,1.1817,0.46,0.4654,1.0,10,BLOCKED,0.3079,0.34,0.2013,1.0,10,BLOCKED
468,1.9411,0.79,0.4496,1.0,4,BLOCKED,0.6771,0.13,0.9998,1.0,10,BLOCKED,0.8449,0.52,0.3037,1.0,10,BLOCKED,1.8749,0.67,0.4919,1.0,10,BLOCKED,0.3107,0.31,0.2223,1.0,10,BLOCKED,1.8056,0.76,0.4185,1.0,10,BLOCKED,0.3134,0.22,0.3152,1.0,10,BLOCKED,2.1033,0.4,1.0,1.0,2,SELECTED,0.9422,0.46,0.3786,1.0,10,BLOCKED,0.2032,0.34,0.1499,1.0,10,BLOCKED
474,1.58,0.79,0.3638,1.0,6,BLOCKED,0.6771,0.13,0.9998,1.0,10,BLOCKED,0.6271,0.52,0.2339,1.0,10,BLOCKED,1.5213,0.67,0.404,1.0,10,BLOCKED,0.2074,0.31,0.1667,1.0,10,BLOCKED,1.4249,0.76,0.335,1.0,10,BLOCKED,0.2189,0.22,0.2437,1.0,10,BLOCKED,2.1033,0.4,1.0,1.0,2,SELECTED,0.7225,0.46,0.299,1.0,10,BLOCKED,0.1215,0.34,0.1099,1.0,10,BLOCKED
480,1.236,0.79,0.2858,1.0,8,BLOCKED,0.677,0.13,0.9997,1.0,10,BLOCKED,0.4467,0.52,0.1761,1.0,10,BLOCKED,1.1909,0.67,0.3218,1.0,10,BLOCKED,0.1258,0.31,0.1229,1.0,10,BLOCKED,1.0861,0.76,0.2607,1.0,10,BLOCKED,0.1402,0.22,0.184,1.0,10,BLOCKED,2.1033,0.4,1.0,1.0,2,SELECTED,0.5318,0.46,0.2299,1.0,10,BLOCKED,0.0596,0.34,0.0796,1.0,10,BLOCKED
486,0.9346,0.79,0.2189,1.0,10,BLOCKED,0.6769,0.13,0.9995,1.0,10,BLOCKED,0.3034,0.52,0.1302,1.0,10,BLOCKED,0.8995,0.67,0.2493,1.0,10,BLOCKED,0.0633,0.31,0.0893,1.0,10,BLOCKED,0.8,0.76,0.198,1.0,10,BLOCKED,0.0773,0.22,0.1363,1.0,10,BLOCKED,2.1033,0.4,1.0,1.0,2,SELECTED,0.3744,0.46,0.1729,1.0,10,BLOCKED,0.0137,0.34,0.057,1.0,10,BLOCKED
492,0.6745,0.79,0.164,1.0,10,BLOCKED,0.6767,0.13,0.9993,1.0,10,BLOCKED,0.1931,0.52,0.0948,1.0,10,BLOCKED,0.6556,0.67,0.1886,1.0,10,BLOCKED,0.0167,0.31,0.0642,1.0,10,BLOCKED,0.5691,0.76,0.1473,1.0,10,BLOCKED,0.0286,0.22,0.0995,1.0,10,BLOCKED,2.1033,0.4,1.0,1.0,2,SELECTED,0.2495,0.46,0.1276,1.0,10,BLOCKED,-0.0198,0.34,0.0406,1.0,10,below0
498,0.4694,0.79,0.1207,1.0,10,BLOCKED,0.6765,0.13,0.999,1.0,10,BLOCKED,0.1104,0.52,0.0683,1.0,10,BLOCKED,0.4599,0.67,0.14,1.0,10,BLOCKED,-0.0175,0.31,0.0458,1.0,10,below0,4.4573,0.76,1.0,1.0,10,SELECTED,-0.0079,0.22,0.0718,1.0,10,below0,2.1033,0.4,1.0,1.0,2,BLOCKED,0.1537,0.46,0.0929,1.0,10,BLOCKED,-0.044,0.34,0.0288,1.0,10,below0
504,0.3129,0.79,0.0877,1.0,10,BLOCKED,0.6761,0.13,0.9986,1.0,10,BLOCKED,0.0496,0.52,0.0488,1.0,10,BLOCKED,0.3084,0.67,0.1023,1.0,10,BLOCKED,-0.0422,0.31,0.0325,1.0,10,below0,4.2633,0.76,1.0,1.0,2,SELECTED,-0.0349,0.22,0.0514,1.0,10,below0,2.21,0.4,1.0,1.0,4,BLOCKED,0.0819,0.46,0.0669,1.0,10,BLOCKED,-0.0612,0.34,0.0203,1.0,10,below0
510,0.196,0.79,0.063,1.0,10,BLOCKED,0.6757,0.13,0.9979,1.0,10,BLOCKED,0.0055,0.52,0.0347,1.0,10,BLOCKED,0.1942,0.67,0.0739,1.0,10,BLOCKED,-0.06,0.31,0.023,1.0,10,below0,4.2633,0.76,1.0,1.0,2,SELECTED,-0.0545,0.22,0.0365,1.0,10,below0,2.2557,0.4,1.0,1.0,6,BLOCKED,0.0291,0.46,0.0478,1.0,10,BLOCKED,-0.0735,0.34,0.0143,1.0,10,below0
0,-0.1364,0.76,0.0,0.0,10,below0,-0.1364,0.13,0.0,0.0,10,below0,-0.1875,0.49,0.0,0.0,7,below0,-0.1875,0.85,0.0,0.0,7,below0,-0.1875,0.67,0.0,0.0,7,below0,-0.1364,0.94,0.0,0.0,10,below0,-0.1875,0.22,0.0,0.0,7,below0,-0.1364,0.4,0.0,0.0,10,below0,-0.1875,0.58,0.0,0.0,7,below0,-0.75,0.31,0.0,0.0,1,below0
6,-0.1364,0.76,0.0,0.0,10,below0,-0.1364,0.13,0.0,0.0,10,below0,-0.1667,0.49,0.0,0.0,8,below0,-0.1667,0.85,0.0,0.0,8,below0,-0.1667,0.67,0.0,0.0,8,below0,-0.1364,0.94,0.0,0.0,10,below0,-0.1667,0.22,0.0,0.0,8,below0,-0.1364,0.4,0.0,0.0,10,below0,-0.1667,0.58,0.0,0.0,8,below0,-0.5,0.31,0.0,0.0,2,below0
12,-0.1364,0.76,0.0,0.0,10,below0,-0.1364,0.13,0.0,0.0,10,below0,-0.15,0.49,0.0,0.0,9,below0,-0.15,0.85,0.0,0.0,9,below0,-0.15,0.67,0.0,0.0,9,below0,-0.1364,0.94,0.0,0.0,10,below0,-0.15,0.22,0.0,0.0,9,below0,-0.1364,0.4,0.0,0.0,10,below0,-0.15,0.58,0.0,0.0,9,below0,-0.375,0.31,0.0,0.0,3,below0
18,-0.1364,0.76,0.0,0.0,10,below0,-0.1364,0.13,0.0,0.0,10,below0,-0.1364,0.49,0.0,0.0,10,below0,-0.1364,0.85,0.0,0.0,10,below0,-0.1364,0.67,0.0,0.0,10,below0,-0.1364,0.94,0.0,0.0,10,below0,-0.1364,0.22,0.0,0.0,10,below0,-0.1364,0.4,0.0,0.0,10,below0,-0.1364,0.58,0.0,0.0,10,below0,-0.3,0.31,0.0,0.0,4,below0
24,-0.1364,0.76,0.0,0.0,10,below0,-0.1364,0.13,0.0,0.0,10,below0,-0.1364,0.49,0.0,0.0,10,below0,-0.1364,0.85,0.0,0.0,10,below0,-0.1364,0.67,0.0,0.0,10,below0,-0.1364,0.94,0.0,0.0,10,below0,-0.1364,0.22,0.0,0.0,10,below0,-0.1364,0.4,0.0,0.0,10,below0,-0.1364,0.58,0.0,0.0,10,below0,-0.25,0.31,0.0,0.0,5,below0
30,-0.1364,0.76,0.0,0.0,10,below0,-0.1364,0.13,0.0,0.0,10,below0,-0.1364,0.49,0.0,0.0,10,below0,-0.1364,0.85,0.0,0.0,10,below0,-0.1364,0.67,0.0,0.0,10,below0,-0.1364,0.94,0.0,0.0,10,below0,-0.1364,0.22,0.0,0.0,10,below0,-0.1364,0.4,0.0,0.0,10,below0,-0.1364,0.58,0.0,0.0,10,below0,-0.2143,0.31,0.0,0.0,6,below0
36,-0.1364,0.76,0.0,0.0,10,below0,-0.1364,0.13,0.0,0.0,10,below0,-0.1364,0.49,0.0,0.0,10,below0,-0.1364,0.85,0.0,0.0,10,below0,-0.1364,0.67,0.0,0.0,10,below0,-0.1364,0.94,0.0,0.0,10,below0,-0.1364,0.22,0.0,0.0,10,below0,-0.1364,0.4,0.0,0.0,10,below0,-0.1364,0.58,0.0,0.0,10,below0,-0.1875,0.31,0.0,0.0,7,below0
42,-0.1364,0.76,0.0,0.0,10,below0,-0.1364,0.13,0.0,0.0,10,below0,-0.1364,0.49,0.0,0.0,10,below0,-0.1364,0.85,0.0,0.0,10,below0,-0.1364,0.67,0.0,0.0,10,below0,-0.1364,0.94,0.0,0.0,10,below0,-0.1364,0.22,0.0,0.0,10,below0,-0.1364,0.4,0.0,0.0,10,below0,-0.1364,0.58,0.0,0.0,10,below0,-0.1667,0.31,0.0,0.0,8,below0
48,-0.1364,0.76,0.0,0.0,10,below0,-0.1364,0.13,0.0,0.0,10,below0,-0.1364,0.49,0.0,0.0,10,below0,-0.1364,0.85,0.0,0.0,10,below0,-0.1364,0.67,0.0,0.0,10,below0,-0.1364,0.94,0.0,0.0,10,below0,-0.1364,0.22,0.0,0.0,10,below0,-0.1364,0.4,0.0,0.0,10,below0,-0.1364,0.58,0.0,0.0,10,below0,-0.15,0.31,0.0,0.0,9,below0
54,-0.1364,0.76,0.0,0.0,10,below0,-0.1364,0.13,0.0,0.0,10,below0,-0.1364,0.49,0.0,0.0,10,below0,-0.1364,0.85,0.0,0.0,10,below0,-0.1364,0.67,0.0,0.0,10,below0,-0.1364,0.94,0.0,0.0,10,below0,-0.1364,0.22,0.0,0.0,10,below0,-0.1364,0.4,0.0,0.0,10,below0,-0.1364,0.58,0.0,0.0,10,below0,-0.1364,0.31,0.0,0.0,10,below0
60,-0.1364,0.76,0.0,0.0,10,below0,-0.1364,0.13,0.0,0.0,10,below0,-0.1364,0.49,0.0,0.0,10,below0,-0.1364,0.85,0.0,0.0,10,below0,-0.1364,0.67,0.0,0.0,10,below0,-0.1364,0.94,0.0,0.0,10,below0,-0.1364,0.22,0.0,0.0,10,below0,-0.1364,0.4,0.0,0.0,10,below0,-0.1364,0.58,0.0,0.0,10,below0,-0.1364,0.31,0.0,0.0,10,below0
66,-0.1364,0.76,0.0,0.0,10,below0,-0.1364,0.13,0.0,0.0,10,below0,-0.1364,0.49,0.0,0.0,10,below0,-0.1364,0.85,0.0,0.0,10,below0,-0.1364,0.67,0.0,0.0,10,below0,-0.1364,0.94,0.0,0.0,10,below0,-0.1364,0.22,0.0,0.0,10,below0,-0.1364,0.4,0.0,0.0,10,below0,-0.1364,0.58,0.0,0.0,10,below0,-0.1364,0.31,0.0,0.0,10,below0
72,-0.1364,0.76,0.0,0.0,10,below0,-0.1364,0.13,0.0,0.0,10,below0,-0.1364,0.49,0.0,0.0,10,below0,-0.1364,0.85,0.0,0.0,10,below0,-0.1364,0.67,0.0,0.0,10,below0,-0.1364,0.94,0.0,0.0,10,below0,-0.1364,0.22,0.0,0.0,10,below0,-0.1364,0.4,0.0,0.0,10,below0,-0.1364,0.58,0.0,0.0,10,below0,-0.1364,0.31,0.0,0.0,10,below0
78,-0.1364,0.76,0.0,0.0,10,below0,-0.1364,0.13,0.0,0.0,10,below0,-0.1364,0.49,0.0,0.0,10,below0,-0.1364,0.85,0.0,0.0,10,below0,-0.1364,0.67,0.0,0.0,10,below0,-0.1364,0.94,0.0,0.0,10,below0,-0.1364,0.22,0.0,0.0,10,below0,-0.1364,0.4,0.0,0.0,10,below0,-0.1364,0.58,0.0,0.0,10,below0,-0.1364,0.31,0.0,0.0,10,below0
84,-0.1364,0.76,0.0,0.0,10,below0,-0.1364,0.13,0.0,0.0,10,below0,-0.1364,0.49,0.0,0.0,10,below0,-0.1364,0.85,0.0,0.0,10,below0,-0.1364,0.67,0.0,0.0,10,below0,-0.1364,0.94,0.0,0.0,10,below0,-0.1364,0.22,0.0,0.0,10,below0,-0.1364,0.4,0.0,0.0,10,below0,-0.1364,0.58,0.0,0.0,10,below0,-0.1364,0.31,0.0,0.0,10,below0
90,-0.1364,0.76,0.0,0.0,10,below0,-0.1364,0.13,0.0,0.0,10,below0,-0.1364,0.49,0.0,0.0,10,below0,-0.1364,0.85,0.0,0.0,10,below0,-0.1364,0.67,0.0,0.0,10,below0,-0.1364,0.94,0.0,0.0,10,below0,-0.1364,0.22,0.0,0.0,10,below0,-0.1364,0.4,0.0,0.0,10,below0,-0.1364,0.58,0.0,0.0,10,below0,-0.1364,0.31,0.0,0.0,10,below0
96,-0.1364,0.76,0.0,0.0,10,below0,-0.1364,0.13,0.0,0.0,10,below0,-0.1364,0.49,0.0,0.0,10,below0,-0.1364,0.85,0.0,0.0,10,below0,-0.1364,0.67,0.0,0.0,10,below0,-0.1364,0.94,0.0,0.0,10,below0,-0.1364,0.22,0.0,0.0,10,below0,-0.1364,0.4,0.0,0.0,10,below0,-0.1364,0.58,0.0,0.0,10,below0,-0.1364,0.31,0.0,0.0,10,below0
102,-0.1364,0.76,0.0,0.0,10,below0,-0.1364,0.13,0.0,0.0,10,below0,-0.1364,0.49,0.0,0.0,10,below0,-0.1364,0.85,0.0,0.0,10,below0,-0.1364,0.67,0.0,0.0,10,below0,-0.1364,0.94,0.0,0.0,10,below0,-0.1364,0.22,0.0,0.0,10,below0,-0.1364,0.4,0.0,0.0,10,below0,-0.1364,0.58,0.0,0.0,10,below0,-0.1364,0.31,0.0,0.0,10,below0
108,-0.1364,0.76,0.0,0.0,10,below0,-0.1364,0.13,0.0,0.0,10,below0,-0.1364,0.49,0.0,0.0,10,below0,-0.1364,0.85,0.0,0.0,10,below0,-0.1364,0.67,0.0,0.0,10,below0,-0.1364,0.94,0.0,0.0,10,below0,-0.1364,0.22,0.0,0.0,10,below0,-0.1364,0.4,0.0,0.0,10,below0,-0.1364,0.58,0.0,0.0,10,below0,-0.1364,0.31,0.0,0.0,10,below0
114,-0.1364,0.76,0.0,0.0,10,below0,-0.1364,0.13,0.0,0.0,10,below0,-0.1364,0.49,0.0,0.0,10,below0,-0.1364,0.85,0.0,0.0,10,below0,-0.1364,0.67,0.0,0.0,10,below0,-0.1364,0.94,0.0,0.0,10,below0,-0.1364,0.22,0.0,0.0,10,below0,-0.1364,0.4,0.0,0.0,10,below0,-0.1364,0.58,0.0,0.0,10,below0,-0.1364,0.31,0.0,0.0,10,below0
120,-0.1364,0.76,0.0,0.0,10,below0,-0.1364,0.13,0.0,0.0,10,below0,-0.1364,0.49,0.0,0.0,10,below0,-0.1364,0.85,0.0,0.0,10,below0,-0.1364,0.67,0.0,0.0,10,below0,-0.1364,0.94,0.0,0.0,10,below0,-0.1364,0.22,0.0,0.0,10,below0,-0.1364,0.4,0.0,0.0,10,below0,-0.1364,0.58,0.0,0.0,10,below0,-0.1364,0.31,0.0,0.0,10,below0
126,-0.1364,0.76,0.0,0.0,10,below0,-0.1364,0.13,0.0,0.0,10,below0,-0.1364,0.49,0.0,0.0,10,below0,-0.1364,0.85,0.0,0.0,10,below0,-0.1364,0.67,0.0,0.0,10,below0,-0.1364,0.94,0.0,0.0,10,below0,-0.1364,0.22,0.0,0.0,10,below0,-0.1364,0.4,0.0,0.0,10,below0,-0.1364,0.58,0.0,0.0,10,below0,-0.1364,0.31,0.0,0.0,10,below0
132,-0.1364,0.76,0.0,0.0,10,below0,-0.1364,0.13,0.0,0.0,10,below0,-0.1364,0.49,0.0,0.0,10,below0,-0.1364,0.85,0.0,0.0,10,below0,-0.1364,0.67,0.0,0.0,10,below0,-0.1364,0.94,0.0,0.0,10,below0,-0.1364,0.22,0.0,0.0,10,below0,-0.1364,0.4,0.0,0.0,10,below0,-0.1364,0.58,0.0,0.0,10,below0,-0.1364,0.31,0.0,0.0,10,below0
138,-0.1364,0.76,0.0,0.0,10,below0,-0.1364,0.13,0.0,0.0,10,below0,-0.1364,0.49,0.0,0.0,10,below0,-0.1364,0.85,0.0,0.0,10,below0,-0.1364,0.67,0.0,0.0,10,below0,-0.1364,0.94,0.0,0.0,10,below0,-0.1364,0.22,0.0,0.0,10,below0,-0.1364,0.4,0.0,0.0,10,below0,-0.1364,0.58,0.0,0.0,10,below0,-0.1364,0.31,0.0,0.0,10,below0
144,-0.1364,0.76,0.0,0.0,10,below0,-0.1364,0.13,0.0,0.0,10,below0,-0.1364,0.49,0.0,0.0,10,below0,-0.1364,0.85,0.0,0.0,10,below0,-0.1364,0.67,0.0,0.0,10,below0,-0.1364,0.94,0.0,0.0,10,below0,-0.1364,0.22,0.0,0.0,10,below0,-0.1364,0.4,0.0,0.0,10,below0,-0.1364,0.58,0.0,0.0,10,below0,-0.1364,0.31,0.0,0.0,10,below0
150,-0.1364,0.76,0.0,0.0,10,below0,-0.1364,0.13,0.0,0.0,10,below0,-0.1364,0.49,0.0,0.0,10,below0,-0.1364,0.85,0.0,0.0,10,below0,-0.1364,0.67,0.0,0.0,10,below0,-0.1364,0.94,0.0,0.0,10,below0,-0.1364,0.22,0.0,0.0,10,below0,-0.1364,0.4,0.0,0.0,10,below0,-0.1364,0.58,0.0,0.0,10,below0,-0.1364,0.31,0.0,0.0,10,below0
156,-0.1364,0.76,0.0,0.0,10,below0,-0.1364,0.13,0.0,0.0,10,below0,-0.1364,0.49,0.0,0.0,10,below0,-0.1364,0.85,0.0,0.0,10,below0,-0.1364,0.67,0.0,0.0,10,below0,-0.1364,0.94,0.0,0.0,10,below0,-0.1364,0.22,0.0,0.0,10,below0,-0.1364,0.4,0.0,0.0,10,below0,-0.1364,0.58,0.0,0.0,10,below0,-0.1364,0.31,0.0,0.0,10,below0
162,-0.1364,0.76,0.0,0.0,10,below0,-0.1364,0.13,0.0,0.0,10,below0,-0.1364,0.49,0.0,0.0,10,below0,-0.1364,0.85,0.0,0.0,10,below0,-0.1364,0.67,0.0,0.0,10,below0,-0.1364,0.94,0.0,0.0,10,below0,-0.1364,0.22,0.0,0.0,10,below0,-0.1364,0.4,0.0,0.0,10,below0,-0.1364,0.58,0.0,0.0,10,below0,-0.1364,0.31,0.0,0.0,10,below0
168,-0.1364,0.76,0.0,0.0,10,below0,-0.1364,0.13,0.0,0.0,10,below0,-0.1364,0.49,0.0,0.0,10,below0,-0.1364,0.85,0.0,0.0,10,below0,-0.1364,0.67,0.0,0.0,10,below0,-0.1364,0.94,0.0,0.0,10,below0,-0.1364,0.22,0.0,0.0,10,below0,-0.1364,0.4,0.0,0.0,10,below0,-0.1364,0.58,0.0,0.0,10,below0,-0.1364,0.31,0.0,0.0,10,below0
174,-0.1364,0.76,0.0,0.0,10,below0,-0.1364,0.13,0.0,0.0,10,below0,-0.1364,0.49,0.0,0.0,10,below0,-0.1364,0.85,0.0,0.0,10,below0,-0.1364,0.67,0.0,0.0,10,below0,-0.1364,0.94,0.0,0.0,10,below0,-0.1364,0.22,0.0,0.0,10,below0,-0.1364,0.4,0.0,0.0,10,below0,-0.1364,0.58,0.0,0.0,10,below0,-0.1364,0.31,0.0,0.0,10,below0
180,-0.1364,0.76,0.0,0.0,10,below0,-0.1364,0.13,0.0,0.0,10,below0,-0.1364,0.49,0.0,0.0,10,below0,-0.1364,0.85,0.0,0.0,10,below0,-0.1364,0.67,0.0,0.0,10,below0,-0.1364,0.94,0.0,0.0,10,below0,-0.1364,0.22,0.0,0.0,10,below0,-0.1364,0.4,0.0,0.0,10,below0,-0.1364,0.58,0.0,0.0,10,below0,-0.1364,0.31,0.0,0.0,10,below0
186,-0.1364,0.76,0.0,0.0,10,below0,-0.1364,0.13,0.0,0.0,10,below0,-0.1364,0.49,0.0,0.0,10,below0,-0.1364,0.85,0.0,0.0,10,below0,-0.1364,0.67,0.0,0.0,10,below0,-0.1364,0.94,0.0,0.0,10,below0,-0.1364,0.22,0.0,0.0,10,below0,-0.1364,0.4,0.0,0.0,10,below0,-0.1364,0.58,0.0,0.0,10,below0,-0.1364,0.31,0.0,0.0,10,below0
192,-0.1364,0.76,0.0,0.0,10,below0,-0.1364,0.13,0.0,0.0,10,below0,-0.1364,0.49,0.0,0.0,10,below0,-0.1364,0.85,0.0,0.0,10,below0,-0.1364,0.67,0.0,0.0,10,below0,-0.1364,0.94,0.0,0.0,10,below0,-0.1364,0.22,0.0,0.0,10,below0,-0.1364,0.4,0.0,0.0,10,below0,-0.1364,0.58,0.0,0.0,10,below0,-0.1364,0.31,0.0,0.0,10,below0
198,-0.1364,0.76,0.0,0.0,10,below0,-0.1364,0.13,0.0,0.0,10,below0,-0.1364,0.49,0.0,0.0,10,below0,-0.1364,0.85,0.0,0.0,10,below0,-0.1364,0.67,0.0,0.0,10,below0,-0.1364,0.94,0.0,0.0,10,below0,-0.1364,0.22,0.0,0.0,10,below0,-0.1364,0.4,0.0,0.0,10,below0,-0.1364,0.58,0.0,0.0,10,below0,-0.1364,0.31,0.0,0.0,10,below0
204,-0.1364,0.76,0.0,0.0,10,below0,-0.1364,0.13,0.0,0.0,10,below0,-0.1364,0.49,0.0,0.0,10,below0,-0.1364,0.85,0.0,0.0,10,below0,-0.1364,0.67,0.0,0.0,10,below0,-0.1364,0.94,0.0,0.0,10,below0,-0.1364,0.22,0.0,0.0,10,below0,-0.1364,0.4,0.0,0.0,10,below0,-0.1364,0.58,0.0,0.0,10,below0,-0.1364,0.31,0.0,0.0,10,below0
210,-0.1364,0.76,0.0,0.0,10,below0,-0.1364,0.13,0.0,0.0,10,below0,-0.1364,0.49,0.0,0.0,10,below0,-0.1364,0.85,0.0,0.0,10,below0,-0.1364,0.67,0.0,0.0,10,below0,-0.1364,0.94,0.0,0.0,10,below0,-0.1364,0.22,0.0,0.0,10,below0,-0.1364,0.4,0.0,0.0,10,below0,-0.1364,0.58,0.0,0.0,10,below0,-0.1364,0.31,0.0,0.0,10,below0
216,-0.1364,0.76,0.0,0.0,10,below0,-0.1364,0.13,0.0,0.0,10,below0,-0.1364,0.49,0.0,0.0,10,below0,-0.1364,0.85,0.0,0.0,10,below0,-0.1364,0.67,0.0,0.0,10,below0,-0.1364,0.94,0.0,0.0,10,below0,-0.1364,0.22,0.0,0.0,10,below0,-0.1364,0.4,0.0,0.0,10,below0,-0.1364,0.58,0.0,0.0,10,below0,-0.1364,0.31,0.0,0.0,10,below0
222,-0.1364,0.76,0.0,0.0,10,below0,-0.1364,0.13,0.0,0.0,10,below0,-0.1364,0.49,0.0,0.0,10,below0,-0.1364,0.85,0.0,0.0,10,below0,-0.1364,0.67,0.0,0.0,10,below0,-0.1364,0.94,0.0,0.0,10,below0,-0.1364,0.22,0.0,0.0,10,below0,-0.1364,0.4,0.0,0.0,10,below0,-0.1364,0.58,0.0,0.0,10,below0,-0.1364,0.31,0.0,0.0,10,below0
228,-0.1364,0.76,0.0,0.0,10,below0,-0.1364,0.13,0.0,0.0,10,below0,-0.1364,0.49,0.0,0.0,10,below0,-0.1364,0.85,0.0,0.0,10,below0,-0.1364,0.67,0.0,0.0,10,below0,-0.1364,0.94,0.0,0.0,10,below0,-0.1364,0.22,0.0,0.0,10,below0,-0.1364,0.4,0.0,0.0,10,below0,-0.1364,0.58,0.0,0.0,10,below0,-0.1364,0.31,0.0,0.0,10,below0
234,-0.1364,0.76,0.0,0.0,10,below0,-0.1364,0.13,0.0,0.0,10,below0,-0.1364,0.49,0.0,0.0,10,below0,-0.1364,0.85,0.0,0.0,10,below0,-0.1364,0.67,0.0,0.0,10,below0,-0.1364,0.94,0.0,0.0,10,below0,-0.1364,0.22,0.0,0.0,10,below0,-0.1364,0.4,0.0,0.0,10,below0,-0.1364,0.58,0.0,0.0,10,below0,-0.1364,0.31,0.0,0.0,10,below0
240,-0.1364,0.76,0.0,0.0,10,below0,-0.1364,0.13,0.0,0.0,10,below0,-0.1364,0.49,0.0,0.0,10,below0,-0.1364,0.85,0.0,0.0,10,below0,-0.1364,0.67,0.0,0.0,10,below0,-0.1364,0.94,0.0,0.0,10,below0,-0.1364,0.22,0.0,0.0,10,below0,-0.1364,0.4,0.0,0.0,10,below0,-0.1364,0.58,0.0,0.0,10,below0,-0.1364,0.31,0.0,0.0,10,below0
246,-0.1364,0.76,0.0,0.0,10,below0,-0.1364,0.13,0.0,0.0,10,below0,-0.1364,0.49,0.0,0.0,10,below0,-0.1364,0.85,0.0,0.0,10,below0,-0.1364,0.67,0.0,0.0,10,below0,-0.1364,0.94,0.0,0.0,10,below0,-0.1364,0.22,0.0,0.0,10,below0,-0.1364,0.4,0.0,0.0,10,below0,-0.1364,0.58,0.0,0.0,10,below0,-0.1364,0.31,0.0,0.0,10,below0
252,-0.1364,0.76,0.0,0.0,10,below0,-0.1364,0.13,0.0,0.0,10,below0,-0.1364,0.49,0.0,0.0,10,below0,-0.1364,0.85,0.0,0.0,10,below0,-0.1364,0.67,0.0,0.0,10,below0,-0.1364,0.94,0.0,0.0,10,below0,-0.1364,0.22,0.0,0.0,10,below0,-0.1364,0.4,0.0,0.0,10,below0,-0.1364,0.58,0.0,0.0,10,below0,-0.1364,0.31,0.0,0.0,10,below0
258,-0.1364,0.76,0.0,0.0,10,below0,-0.1364,0.13,0.0,0.0,10,below0,-0.1364,0.49,0.0,0.0,10,below0,-0.1364,0.85,0.0,0.0,10,below0,-0.1364,0.67,0.0,0.0,10,below0,-0.1364,0.94,0.0,0.0,10,below0,-0.1364,0.22,0.0,0.0,10,below0,-0.1364,0.4,0.0,0.0,10,below0,-0.1364,0.58,0.0,0.0,10,below0,-0.1364,0.31,0.0,0.0,10,below0
264,-0.1364,0.76,0.0,0.0,10,below0,-0.1364,0.13,0.0,0.0,10,below0,-0.1364,0.49,0.0,0.0,10,below0,-0.1364,0.85,0.0,0.0,10,below0,-0.1364,0.67,0.0,0.0,10,below0,-0.1364,0.94,0.0,0.0,10,below0,-0.1364,0.22,0.0,0.0,10,below0,-0.1364,0.4,0.0,0.0,10,below0,-0.1364,0.58,0.0,0.0,10,below0,-0.1364,0.31,0.0,0.0,10,below0
270,-0.1364,0.76,0.0,0.0,10,below0,-0.1364,0.13,0.0,0.0,10,below0,-0.1364,0.49,0.0,0.0,10,below0,-0.1364,0.85,0.0,0.0,10,below0,-0.1364,0.67,0.0,0.0,10,below0,-0.1364,0.94,0.0,0.0,10,below0,-0.1364,0.22,0.0,0.0,10,below0,-0.1364,0.4,0.0,0.0,10,below0,-0.1364,0.58,0.0,0.0,10,below0,-0.1364,0.31,0.0,0.0,10,below0
276,-0.1364,0.76,0.0,0.0,10,below0,-0.1364,0.13,0.0,0.0,10,below0,-0.1364,0.49,0.0,0.0,10,below0,-0.1364,0.85,0.0,0.0,10,below0,-0.1364,0.67,0.0,0.0,10,below0,-0.1364,0.94,0.0,0.0,10,below0,-0.1364,0.22,0.0,0.0,10,below0,-0.1364,0.4,0.0,0.0,10,below0,-0.1364,0.58,0.0,0.0,10,below0,-0.1364,0.31,0.0,0.0,10,below0
282,-0.1364,0.76,0.0,0.0,10,below0,-0.1364,0.13,0.0,0.0,10,below0,-0.1364,0.49,0.0,0.0,10,below0,-0.1364,0.85,0.0,0.0,10,below0,-0.1364,0.67,0.0,0.0,10,below0,-0.1364,0.94,0.0,0.0,10,below0,-0.1364,0.22,0.0,0.0,10,below0,-0.1364,0.4,0.0,0.0,10,below0,-0.1364,0.58,0.0,0.0,10,below0,-0.1364,0.31,0.0,0.0,10,below0
288,-0.1364,0.76,0.0,0.0,10,below0,-0.1364,0.13,0.0,0.0,10,below0,-0.1364,0.49,0.0,0.0,10,below0,-0.1364,0.85,0.0,0.0,10,below0,-0.1364,0.67,0.0,0.0,10,below0,-0.1364,0.94,0.0,0.0,10,below0,-0.1364,0.22,0.0,0.0,10,below0,-0.1364,0.4,0.0,0.0,10,below0,-0.1364,0.58,0.0,0.0,10,below0,-0.1364,0.31,0.0,0.0,10,below0
294,-0.1364,0.76,0.0,0.0,10,below0,-0.1364,0.13,0.0,0.0,10,below0,-0.1364,0.49,0.0,0.0,10,below0,-0.1364,0.85,0.0,0.0,10,below0,-0.1364,0.67,0.0,0.0,10,below0,-0.1364,0.94,0.0,0.0,10,below0,-0.1364,0.22,0.0,0.0,10,below0,-0.1364,0.4,0.0,0.0,10,below0,-0.1364,0.58,0.0,0.0,10,below0,-0.1364,0.31,0.0,0.0,10,below0
300,-0.1364,0.76,0.0,0.0,10,below0,-0.1364,0.13,0.0,0.0,10,below0,-0.1364,0.49,0.0,0.0,10,below0,-0.1364,0.85,0.0,0.0,10,below0,-0.1364,0.67,0.0,0.0,10,below0,-0.1364,0.94,0.0,0.0,10,below0,-0.1364,0.22,0.0,0.0,10,below0,-0.1364,0.4,0.0,0.0,10,below0,-0.1364,0.58,0.0,0.0,10,below0,-0.1364,0.31,0.0,0.0,10,below0
306,-0.1364,0.76,0.0,0.0,10,below0,-0.1364,0.13,0.0,0.0,10,below0,-0.1364,0.49,0.0,0.0,10,below0,-0.1364,0.85,0.0,0.0,10,below0,-0.1364,0.67,0.0,0.0,10,below0,-0.1364,0.94,0.0,0.0,10,below0,-0.1364,0.22,0.0,0.0,10,below0,-0.1364,0.4,0.0,0.0,10,below0,-0.1364,0.58,0.0,0.0,10,below0,-0.1364,0.31,0.0,0.0,10,below0
312,-0.1364,0.76,0.0,0.0,10,below0,-0.1364,0.13,0.0,0.0,10,below0,-0.1364,0.49,0.0,0.0,10,below0,-0.1364,0.85,0.0,0.0,10,below0,-0.1364,0.67,0.0,0.0,10,below0,-0.1364,0.94,0.0,0.0,10,below0,-0.1364,0.22,0.0,0.0,10,below0,-0.1364,0.4,0.0,0.0,10,below0,-0.1364,0.58,0.0,0.0,10,below0,-0.1364,0.31,0.0,0.0,10,below0
318,-0.1364,0.76,0.0,0.0,10,below0,-0.1364,0.13,0.0,0.0,10,below0,-0.1364,0.49,0.0,0.0,10,below0,-0.1364,0.85,0.0,0.0,10,below0,-0.1364,0.67,0.0,0.0,10,below0,-0.1364,0.94,0.0,0.0,10,below0,-0.1364,0.22,0.0,0.0,10,below0,-0.1364,0.4,0.0,0.0,10,below0,-0.1364,0.58,0.0,0.0,10,below0,-0.1364,0.31,0.0,0.0,10,below0
324,-0.1364,0.76,0.0,0.0,10,below0,-0.1364,0.13,0.0,0.0,10,below0,-0.1364,0.49,0.0,0.0,10,below0,-0.1364,0.85,0.0,0.0,10,below0,-0.1364,0.67,0.0,0.0,10,below0,-0.1364,0.94,0.0,0.0,10,below0,-0.1364,0.22,0.0,0.0,10,below0,-0.1364,0.4,0.0,0.0,10,below0,-0.1364,0.58,0.0,0.0,10,below0,-0.1364,0.31,0.0,0.0,10,below0
330,-0.1364,0.76,0.0,0.0,10,below0,-0.1364,0.13,0.0,0.0,10,below0,-0.1364,0.49,0.0,0.0,10,below0,-0.1364,0.85,0.0,0.0,10,below0,-0.1364,0.67,0.0,0.0,10,below0,-0.1364,0.94,0.0,0.0,10,below0,-0.1364,0.22,0.0,0.0,10,below0,-0.1364,0.4,0.0,0.0,10,below0,-0.1364,0.58,0.0,0.0,10,below0,-0.1364,0.31,0.0,0.0,10,below0
336,-0.1364,0.76,0.0,0.0,10,below0,-0.1364,0.13,0.0,0.0,10,below0,-0.1364,0.49,0.0,0.0,10,below0,-0.1364,0.85,0.0,0.0,10,below0,-0.1364,0.67,0.0,0.0,10,below0,-0.1364,0.94,0.0,0.0,10,below0,-0.1364,0.22,0.0,0.0,10,below0,-0.1364,0.4,0.0,0.0,10,below0,-0.1364,0.58,0.0,0.0,10,below0,-0.1364,0.31,0.0,0.0,10,below0
342,-0.1364,0.76,0.0,0.0,10,below0,-0.1364,0.13,0.0,0.0,10,below0,-0.1364,0.49,0.0,0.0,10,below0,-0.1364,0.85,0.0,0.0,10,below0,-0.1364,0.67,0.0,0.0,10,below0,-0.1364,0.94,0.0,0.0,10,below0,-0.1364,0.22,0.0,0.0,10,below0,-0.1364,0.4,0.0,0.0,10,below0,-0.1364,0.58,0.0,0.0,10,below0,-0.1364,0.31,0.0,0.0,10,below0
348,-0.1364,0.76,0.0,0.0,10,below0,-0.1364,0.13,0.0,0.0,10,below0,-0.1364,0.49,0.0,0.0,10,below0,-0.1364,0.85,0.0,0.0,10,below0,-0.1364,0.67,0.0,0.0,10,below0,-0.1364,0.94,0.0,0.0,10,below0,-0.1364,0.22,0.0,0.0,10,below0,-0.1364,0.4,0.0,0.0,10,below0,-0.1364,0.58,0.0,0.0,10,below0,-0.1364,0.31,0.0,0.0,10,below0
354,-0.1364,0.76,0.0,0.0,10,below0,-0.1364,0.13,0.0,0.0,10,below0,-0.1364,0.49,0.0,0.0,10,below0,-0.1364,0.85,0.0,0.0,10,below0,-0.1364,0.67,0.0,0.0,10,below0,-0.1364,0.94,0.0,0.0,10,below0,-0.1364,0.22,0.0,0.0,10,below0,-0.1364,0.4,0.0,0.0,10,below0,-0.1364,0.58,0.0,0.0,10,below0,-0.1364,0.31,0.0,0.0,10,below0
360,-0.1364,0.79,0.0,0.0,10,below0,-0.1364,0.13,0.0,0.0,10,below0,-0.1364,0.52,0.0,0.0,10,below0,-0.1364,0.67,0.0,0.0,10,below0,-0.1364,0.31,0.0,0.0,10,below0,-0.1364,0.76,0.0,0.0,10,below0,-0.1364,0.22,0.0,0.0,10,below0,-0.1364,0.4,0.0,0.0,10,below0,-0.1364,0.46,0.0,0.0,10,below0,-0.1364,0.34,0.0,0.0,10,below0
366,-0.1364,0.79,0.0,0.0,10,below0,-0.1364,0.13,0.0,0.0,10,below0,-0.1364,0.52,0.0,0.0,10,below0,-0.1364,0.67,0.0,0.0,10,below0,-0.1364,0.31,0.0,0.0,10,below0,-0.1364,0.76,0.0,0.0,10,below0,-0.1364,0.22,0.0,0.0,10,below0,-0.1364,0.4,0.0,0.0,10,below0,-0.1364,0.46,0.0,0.0,10,below0,-0.1364,0.34,0.0,0.0,10,below0
372,-0.1364,0.79,0.0,0.0,10,below0,-0.1364,0.13,0.0,0.0,10,below0,-0.1364,0.52,0.0,0.0,10,below0,-0.1364,0.67,0.0,0.0,10,below0,-0.1364,0.31,0.0,0.0,10,below0,-0.1364,0.76,0.0,0.0,10,below0,-0.1364,0.22,0.0,0.0,10,below0,-0.1364,0.4,0.0,0.0,10,below0,-0.1364,0.46,0.0,0.0,10,below0,-0.1364,0.34,0.0,0.0,10,below0
378,-0.1364,0.79,0.0,0.0,10,below0,-0.1364,0.13,0.0,0.0,10,below0,-0.1364,0.52,0.0,0.0,10,below0,-0.1364,0.67,0.0,0.0,10,below0,-0.1364,0.31,0.0,0.0,10,below0,-0.1364,0.76,0.0,0.0,10,below0,-0.1364,0.22,0.0,0.0,10,below0,-0.1364,0.4,0.0,0.0,10,below0,-0.1364,0.46,0.0,0.0,10,below0,-0.1364,0.34,0.0,0.0,10,below0
384,-0.1364,0.79,0.0,0.0,10,below0,-0.1364,0.13,0.0,0.0,10,below0,-0.1364,0.52,0.0,0.0,10,below0,-0.1364,0.67,0.0,0.0,10,below0,-0.1364,0.31,0.0,0.0,10,below0,-0.1364,0.76,0.0,0.0,10,below0,-0.1364,0.22,0.0,0.0,10,below0,-0.1364,0.4,0.0,0.0,10,below0,-0.1364,0.46,0.0,0.0,10,below0,-0.1364,0.34,0.0,0.0,10,below0
390,-0.1364,0.79,0.0,0.0,10,below0,-0.1364,0.13,0.0,0.0,10,below0,-0.1364,0.52,0.0,0.0,10,below0,-0.1364,0.67,0.0,0.0,10,below0,-0.1364,0.31,0.0,0.0,10,below0,-0.1364,0.76,0.0,0.0,10,below0,-0.1364,0.22,0.0,0.0,10,below0,-0.1364,0.4,0.0,0.0,10,below0,-0.1364,0.46,0.0,0.0,10,below0,-0.1364,0.34,0.0,0.0,10,below0
396,-0.1364,0.79,0.0,0.0,10,below0,-0.1364,0.13,0.0,0.0,10,below0,-0.1364,0.52,0.0,0.0,10,below0,-0.1364,0.67,0.0,0.0,10,below0,-0.1364,0.31,0.0,0.0,10,below0,-0.1364,0.76,0.0,0.0,10,below0,-0.1364,0.22,0.0,0.0,10,below0,-0.1364,0.4,0.0,0.0,10,below0,-0.1364,0.46,0.0,0.0,10,below0,-0.1364,0.34,0.0,0.0,10,below0
402,-0.1364,0.79,0.0,0.0,10,below0,-0.1364,0.13,0.0,0.0,10,below0,-0.1364,0.52,0.0,0.0,10,below0,-0.1364,0.67,0.0,0.0,10,below0,-0.1364,0.31,0.0,0.0,10,below0,-0.1364,0.76,0.0,0.0,10,below0,-0.1364,0.22,0.0,0.0,10,below0,-0.1364,0.4,0.0,0.0,10,below0,-0.1364,0.46,0.0,0.0,10,below0,-0.1364,0.34,0.0,0.0,10,below0
408,-0.1364,0.79,0.0,0.0,10,below0,-0.1364,0.13,0.0,0.0,10,below0,-0.1364,0.52,0.0,0.0,10,below0,-0.1364,0.67,0.0,0.0,10,below0,-0.1364,0.31,0.0,0.0,10,below0,-0.1364,0.76,0.0,0.0,10,below0,-0.1364,0.22,0.0,0.0,10,below0,-0.1364,0.4,0.0,0.0,10,below0,-0.1364,0.46,0.0,0.0,10,below0,-0.1364,0.34,0.0,0.0,10,below0
414,-0.1364,0.79,0.0,0.0,10,below0,-0.1364,0.13,0.0,0.0,10,below0,-0.1364,0.52,0.0,0.0,10,below0,-0.1364,0.67,0.0,0.0,10,below0,-0.1364,0.31,0.0,0.0,10,below0,-0.1364,0.76,0.0,0.0,10,below0,-0.1364,0.22,0.0,0.0,10,below0,-0.1364,0.4,0.0,0.0,10,below0,-0.1364,0.46,0.0,0.0,10,below0,-0.1364,0.34,0.0,0.0,10,below0
420,-0.1364,0.79,0.0,0.0,10,below0,-0.1364,0.13,0.0,0.0,10,below0,-0.1364,0.52,0.0,0.0,10,below0,-0.1364,0.67,0.0,0.0,10,below0,-0.1364,0.31,0.0,0.0,10,below0,-0.1364,0.76,0.0,0.0,10,below0,-0.1364,0.22,0.0,0.0,10,below0,-0.1364,0.4,0.0,0.0,10,below0,-0.1364,0.46,0.0,0.0,10,below0,-0.1364,0.34,0.0,0.0,10,below0
426,-0.1364,0.79,0.0,0.0,10,below0,-0.1364,0.13,0.0,0.0,10,below0,-0.1364,0.52,0.0,0.0,10,below0,-0.1364,0.67,0.0,0.0,10,below0,-0.1364,0.31,0.0,0.0,10,below0,-0.1364,0.76,0.0,0.0,10,below0,-0.1364,0.22,0.0,0.0,10,below0,-0.1364,0.4,0.0,0.0,10,below0,-0.1364,0.46,0.0,0.0,10,below0,-0.1364,0.34,0.0,0.0,10,below0
432,-0.1364,0.79,0.0,0.0,10,below0,-0.1364,0.13,0.0,0.0,10,below0,-0.1364,0.52,0.0,0.0,10,below0,-0.1364,0.67,0.0,0.0,10,below0,-0.1364,0.31,0.0,0.0,10,below0,-0.1364,0.76,0.0,0.0,10,below0,-0.1364,0.22,0.0,0.0,10,below0,-0.1364,0.4,0.0,0.0,10,below0,-0.1364,0.46,0.0,0.0,10,below0,-0.1364,0.34,0.0,0.0,10,below0
438,-0.1364,0.79,0.0,0.0,10,below0,-0.1364,0.13,0.0,0.0,10,below0,-0.1364,0.52,0.0,0.0,10,below0,-0.1364,0.67,0.0,0.0,10,below0,-0.1364,0.31,0.0,0.0,10,below0,-0.1364,0.76,0.0,0.0,10,below0,-0.1364,0.22,0.0,0.0,10,below0,-0.1364,0.4,0.0,0.0,10,below0,-0.1364,0.46,0.0,0.0,10,below0,-0.1364,0.34,0.0,0.0,10,below0
444,-0.1364,0.79,0.0,0.0,10,below0,-0.1364,0.13,0.0,0.0,10,below0,-0.1364,0.52,0.0,0.0,10,below0,-0.1364,0.67,0.0,0.0,10,below0,-0.1364,0.31,0.0,0.0,10,below0,-0.1364,0.76,0.0,0.0,10,below0,-0.1364,0.22,0.0,0.0,10,below0,-0.1364,0.4,0.0,0.0,10,below0,-0.1364,0.46,0.0,0.0,10,below0,-0.1364,0.34,0.0,0.0,10,below0
450,-0.1364,0.79,0.0,0.0,10,below0,-0.1364,0.13,0.0,0.0,10,below0,-0.1364,0.52,0.0,0.0,10,below0,-0.1364,0.67,0.0,0.0,10,below0,-0.1364,0.31,0.0,0.0,10,below0,-0.1364,0.76,0.0,0.0,10,below0,-0.1364,0.22,0.0,0.0,10,below0,-0.1364,0.4,0.0,0.0,10,below0,-0.1364,0.46,0.0,0.0,10,below0,-0.1364,0.34,0.0,0.0,10,below0
456,-0.1364,0.79,0.0,0.0,10,below0,-0.1364,0.13,0.0,0.0,10,below0,-0.1364,0.52,0.0,0.0,10,below0,-0.1364,0.67,0.0,0.0,10,below0,-0.1364,0.31,0.0,0.0,10,below0,-0.1364,0.76,0.0,0.0,10,below0,-0.1364,0.22,0.0,0.0,10,below0,-0.1364,0.4,0.0,0.0,10,below0,-0.1364,0.46,0.0,0.0,10,below0,-0.1364,0.34,0.0,0.0,10,below0
462,-0.1364,0.79,0.0,0.0,10,below0,-0.1364,0.13,0.0,0.0,10,below0,-0.1364,0.52,0.0,0.0,10,below0,-0.1364,0.67,0.0,0.0,10,below0,-0.1364,0.31,0.0,0.0,10,below0,-0.1364,0.76,0.0,0.0,10,below0,-0.1364,0.22,0.0,0.0,10,below0,-0.1364,0.4,0.0,0.0,10,below0,-0.1364,0.46,0.0,0.0,10,below0,-0.1364,0.34,0.0,0.0,10,below0
468,-0.1364,0.79,0.0,0.0,10,below0,-0.1364,0.13,0.0,0.0,10,below0,-0.1364,0.52,0.0,0.0,10,below0,-0.1364,0.67,0.0,0.0,10,below0,-0.1364,0.31,0.0,0.0,10,below0,-0.1364,0.76,0.0,0.0,10,below0,-0.1364,0.22,0.0,0.0,10,below0,-0.1364,0.4,0.0,0.0,10,below0,-0.1364,0.46,0.0,0.0,10,below0,-0.1364,0.34,0.0,0.0,10,below0
474,-0.1364,0.79,0.0,0.0,10,below0,-0.1364,0.13,0.0,0.0,10,below0,-0.1364,0.52,0.0,0.0,10,below0,-0.1364,0.67,0.0,0.0,10,below0,-0.1364,0.31,0.0,0.0,10,below0,-0.1364,0.76,0.0,0.0,10,below0,-0.1364,0.22,0.0,0.0,10,below0,-0.1364,0.4,0.0,0.0,10,below0,-0.1364,0.46,0.0,0.0,10,below0,-0.1364,0.34,0.0,0.0,10,below0
480,-0.1364,0.79,0.0,0.0,10,below0,-0.1364,0.13,0.0,0.0,10,below0,-0.1364,0.52,0.0,0.0,10,below0,-0.1364,0.67,0.0,0.0,10,below0,-0.1364,0.31,0.0,0.0,10,below0,-0.1364,0.76,0.0,0.0,10,below0,-0.1364,0.22,0.0,0.0,10,below0,-0.1364,0.4,0.0,0.0,10,below0,-0.1364,0.46,0.0,0.0,10,below0,-0.1364,0.34,0.0,0.0,10,below0
486,-0.1364,0.79,0.0,0.0,10,below0,-0.1364,0.13,0.0,0.0,10,below0,-0.1364,0.52,0.0,0.0,10,below0,-0.1364,0.67,0.0,0.0,10,below0,-0.1364,0.31,0.0,0.0,10,below0,-0.1364,0.76,0.0,0.0,10,below0,-0.1364,0.22,0.0,0.0,10,below0,-0.1364,0.4,0.0,0.0,10,below0,-0.1364,0.46,0.0,0.0,10,below0,-0.1364,0.34,0.0,0.0,10,below0
492,-0.1364,0.79,0.0,0.0,10,below0,-0.1364,0.13,0.0,0.0,10,below0,-0.1364,0.52,0.0,0.0,10,below0,-0.1364,0.67,0.0,0.0,10,below0,-0.1364,0.31,0.0,0.0,10,below0,-0.1364,0.76,0.0,0.0,10,below0,-0.1364,0.22,0.0,0.0,10,below0,-0.1364,0.4,0.0,0.0,10,below0,-0.1364,0.46,0.0,0.0,10,below0,-0.1364,0.34,0.0,0.0,10,below0
498,-0.1364,0.79,0.0,0.0,10,below0,-0.1364,0.13,0.0,0.0,10,below0,-0.1364,0.52,0.0,0.0,10,below0,-0.1364,0.67,0.0,0.0,10,below0,-0.1364,0.31,0.0,0.0,10,below0,-0.1364,0.76,0.0,0.0,10,below0,-0.1364,0.22,0.0,0.0,10,below0,-0.1364,0.4,0.0,0.0,10,below0,-0.1364,0.46,0.0,0.0,10,below0,-0.1364,0.34,0.0,0.0,10,below0
504,-0.1364,0.79,0.0,0.0,10,below0,-0.1364,0.13,0.0,0.0,10,below0,-0.1364,0.52,0.0,0.0,10,below0,-0.1364,0.67,0.0,0.0,10,below0,-0.1364,0.31,0.0,0.0,10,below0,-0.1364,0.76,0.0,0.0,10,below0,-0.1364,0.22,0.0,0.0,10,below0,-0.1364,0.4,0.0,0.0,10,below0,-0.1364,0.46,0.0,0.0,10,below0,-0.1364,0.34,0.0,0.0,10,below0
510,-0.1364,0.79,0.0,0.0,10,below0,-0.1364,0.13,0.0,0.0,10,below0,-0.1364,0.52,0.0,0.0,10,below0,-0.1364,0.67,0.0,0.0,10,below0,-0.1364,0.31,0.0,0.0,10,below0,-0.1364,0.76,0.0,0.0,10,below0,-0.1364,0.22,0.0,0.0,10,below0,-0.1364,0.4,0.0,0.0,10,below0,-0.1364,0.46,0.0,0.0,10,below0,-0.1364,0.34,0.0,0.0,10,below0
516,-0.1364,0.79,0.0,0.0,10,below0,-0.1364,0.13,0.0,0.0,10,below0,-0.1364,0.52,0.0,0.0,10,below0,-0.1364,0.67,0.0,0.0,10,below0,-0.1364,0.31,0.0,0.0,10,below0,-0.1364,0.76,0.0,0.0,10,below0,-0.1364,0.22,0.0,0.0,10,below0,-0.1364,0.4,0.0,0.0,10,below0,-0.1364,0.46,0.0,0.0,10,below0,-0.1364,0.34,0.0,0.0,10,below0
522,-0.1364,0.79,0.0,0.0,10,below0,-0.1364,0.13,0.0,0.0,10,below0,-0.1364,0.52,0.0,0.0,10,below0,-0.1364,0.67,0.0,0.0,10,below0,-0.1364,0.31,0.0,0.0,10,below0,-0.1364,0.76,0.0,0.0,10,below0,-0.1364,0.22,0.0,0.0,10,below0,-0.1364,0.4,0.0,0.0,10,below0,-0.1364,0.46,0.0,0.0,10,below0,-0.1364,0.34,0.0,0.0,10,below0
528,-0.1364,0.79,0.0,0.0,10,below0,-0.1364,0.13,0.0,0.0,10,below0,-0.1364,0.52,0.0,0.0,10,below0,-0.1364,0.67,0.0,0.0,10,below0,-0.1364,0.31,0.0,0.0,10,below0,-0.1364,0.76,0.0,0.0,10,below0,-0.1364,0.22,0.0,0.0,10,below0,-0.1364,0.4,0.0,0.0,10,below0,-0.1364,0.46,0.0,0.0,10,below0,-0.1364,0.34,0.0,0.0,10,below0
534,-0.1364,0.79,0.0,0.0,10,below0,-0.1364,0.13,0.0,0.0,10,below0,-0.1364,0.52,0.0,0.0,10,below0,-0.1364,0.67,0.0,0.0,10,below0,-0.1364,0.31,0.0,0.0,10,below0,-0.1364,0.76,0.0,0.0,10,below0,-0.1364,0.22,0.0,0.0,10,below0,-0.1364,0.4,0.0,0.0,10,below0,-0.1364,0.46,0.0,0.0,10,below0,-0.1364,0.34,0.0,0.0,10,below0
540,-0.1364,0.79,0.0,0.0,10,below0,-0.1364,0.13,0.0,0.0,10,below0,-0.1364,0.52,0.0,0.0,10,below0,-0.1364,0.67,0.0,0.0,10,below0,-0.1364,0.31,0.0,0.0,10,below0,-0.1364,0.76,0.0,0.0,10,below0,-0.1364,0.22,0.0,0.0,10,below0,-0.1364,0.4,0.0,0.0,10,below0,-0.1364,0.46,0.0,0.0,10,below0,-0.1364,0.34,0.0,0.0,10,below0
546,-0.1364,0.79,0.0,0.0,10,below0,-0.1364,0.13,0.0,0.0,10,below0,-0.1364,0.52,0.0,0.0,10,below0,-0.1364,0.67,0.0,0.0,10,below0,-0.1364,0.31,0.0,0.0,10,below0,-0.1364,0.76,0.0,0.0,10,below0,-0.1364,0.22,0.0,0.0,10,below0,-0.1364,0.4,0.0,0.0,10,below0,-0.1364,0.46,0.0,0.0,10,below0,-0.1364,0.34,0.0,0.0,10,below0
552,-0.1364,0.79,0.0,0.0,10,below0,-0.1364,0.13,0.0,0.0,10,below0,-0.1364,0.52,0.0,0.0,10,below0,-0.1364,0.67,0.0,0.0,10,below0,-0.1364,0.31,0.0,0.0,10,below0,-0.1364,0.76,0.0,0.0,10,below0,-0.1364,0.22,0.0,0.0,10,below0,-0.1364,0.4,0.0,0.0,10,below0,-0.1364,0.46,0.0,0.0,10,below0,-0.1364,0.34,0.0,0.0,10,below0
558,-0.1364,0.79,0.0,0.0,10,below0,-0.1364,0.13,0.0,0.0,10,below0,-0.1364,0.52,0.0,0.0,10,below0,-0.1364,0.67,0.0,0.0,10,below0,-0.1364,0.31,0.0,0.0,10,below0,-0.1364,0.76,0.0,0.0,10,below0,-0.1364,0.22,0.0,0.0,10,below0,-0.1364,0.4,0.0,0.0,10,below0,-0.1364,0.46,0.0,0.0,10,below0,-0.1364,0.34,0.0,0.0,10,below0
564,-0.1364,0.79,0.0,0.0,10,below0,-0.1364,0.13,0.0,0.0,10,below0,-0.1364,0.52,0.0,0.0,10,below0,-0.1364,0.67,0.0,0.0,10,below0,-0.1364,0.31,0.0,0.0,10,below0,-0.1364,0.76,0.0,0.0,10,below0,-0.1364,0.22,0.0,0.0,10,below0,-0.1364,0.4,0.0,0.0,10,below0,-0.1364,0.46,0.0,0.0,10,below0,-0.1364,0.34,0.0,0.0,10,below0
570,-0.1364,0.79,0.0,0.0,10,below0,-0.1364,0.13,0.0,0.0,10,below0,-0.1364,0.52,0.0,0.0,10,below0,-0.1364,0.67,0.0,0.0,10,below0,-0.1364,0.31,0.0,0.0,10,below0,-0.1364,0.76,0.0,0.0,10,below0,-0.1364,0.22,0.0,0.0,10,below0,-0.1364,0.4,0.0,0.0,10,below0,-0.1364,0.46,0.0,0.0,10,below0,-0.1364,0.34,0.0,0.0,10,below0
576,-0.1364,0.79,0.0,0.0,10,below0,-0.1364,0.13,0.0,0.0,10,below0,-0.1364,0.52,0.0,0.0,10,below0,-0.1364,0.67,0.0,0.0,10,below0,-0.1364,0.31,0.0,0.0,10,below0,-0.1364,0.76,0.0,0.0,10,below0,-0.1364,0.22,0.0,0.0,10,below0,-0.1364,0.4,0.0,0.0,10,below0,-0.1364,0.46,0.0,0.0,10,below0,-0.1364,0.34,0.0,0.0,10,below0
582,-0.1364,0.79,0.0,0.0,10,below0,-0.1364,0.13,0.0,0.0,10,below0,-0.1364,0.52,0.0,0.0,10,below0,-0.1364,0.67,0.0,0.0,10,below0,-0.1364,0.31,0.0,0.0,10,below0,-0.1364,0.76,0.0,0.0,10,below0,-0.1364,0.22,0.0,0.0,10,below0,-0.1364,0.4,0.0,0.0,10,below0,-0.1364,0.46,0.0,0.0,10,below0,-0.1364,0.34,0.0,0.0,10,below0
588,-0.1364,0.79,0.0,0.0,10,below0,-0.1364,0.13,0.0,0.0,10,below0,-0.1364,0.52,0.0,0.0,10,below0,-0.1364,0.67,0.0,0.0,10,below0,-0.1364,0.31,0.0,0.0,10,below0,-0.1364,0.76,0.0,0.0,10,below0,-0.1364,0.22,0.0,0.0,10,below0,-0.1364,0.4,0.0,0.0,10,below0,-0.1364,0.46,0.0,0.0,10,below0,-0.1364,0.34,0.0,0.0,10,below0
594,-0.1364,0.79,0.0,0.0,10,below0,-0.1364,0.13,0.0,0.0,10,below0,-0.1364,0.52,0.0,0.0,10,below0,-0.1364,0.67,0.0,0.0,10,below0,-0.1364,0.31,0.0,0.0,10,below0,-0.1364,0.76,0.0,0.0,10,below0,-0.1364,0.22,0.0,0.0,10,below0,-0.1364,0.4,0.0,0.0,10,below0,-0.1364,0.46,0.0,0.0,10,below0,-0.1364,0.34,0.0,0.0,10,below0
600,-0.1364,0.79,0.0,0.0,10,below0,-0.1364,0.13,0.0,0.0,10,below0,-0.1364,0.52,0.0,0.0,10,below0,-0.1364,0.67,0.0,0.0,10,below0,-0.1364,0.31,0.0,0.0,10,below0,-0.1364,0.76,0.0,0.0,10,below0,-0.1364,0.22,0.0,0.0,10,below0,-0.1364,0.4,0.0,0.0,10,below0,-0.1364,0.46,0.0,0.0,10,below0,-0.1364,0.34,0.0,0.0,10,below0
606,-0.1364,0.79,0.0,0.0,10,below0,-0.1364,0.13,0.0,0.0,10,below0,-0.1364,0.52,0.0,0.0,10,below0,-0.1364,0.67,0.0,0.0,10,below0,-0.1364,0.31,0.0,0.0,10,below0,-0.1364,0.76,0.0,0.0,10,below0,-0.1364,0.22,0.0,0.0,10,below0,-0.1364,0.4,0.0,0.0,10,below0,-0.1364,0.46,0.0,0.0,10,below0,-0.1364,0.34,0.0,0.0,10,below0
612,-0.1364,0.79,0.0,0.0,10,below0,-0.1364,0.13,0.0,0.0,10,below0,-0.1364,0.52,0.0,0.0,10,below0,-0.1364,0.67,0.0,0.0,10,below0,-0.1364,0.31,0.0,0.0,10,below0,-0.1364,0.76,0.0,0.0,10,below0,-0.1364,0.22,0.0,0.0,10,below0,-0.1364,0.4,0.0,0.0,10,below0,-0.1364,0.46,0.0,0.0,10,below0,-0.1364,0.34,0.0,0.0,10,below0
618,-0.1364,0.79,0.0,0.0,10,below0,-0.1364,0.13,0.0,0.0,10,below0,-0.1364,0.52,0.0,0.0,10,below0,-0.1364,0.67,0.0,0.0,10,below0,-0.1364,0.31,0.0,0.0,10,below0,-0.1364,0.76,0.0,0.0,10,below0,-0.1364,0.22,0.0,0.0,10,below0,-0.1364,0.4,0.0,0.0,10,below0,-0.1364,0.46,0.0,0.0,10,below0,-0.1364,0.34,0.0,0.0,10,below0
624,-0.1364,0.79,0.0,0.0,10,below0,-0.1364,0.13,0.0,0.0,10,below0,-0.1364,0.52,0.0,0.0,10,below0,-0.1364,0.67,0.0,0.0,10,below0,-0.1364,0.31,0.0,0.0,10,below0,-0.1364,0.76,0.0,0.0,10,below0,-0.1364,0.22,0.0,0.0,10,below0,-0.1364,0.4,0.0,0.0,10,below0,-0.1364,0.46,0.0,0.0,10,below0,-0.1364,0.34,0.0,0.0,10,below0
630,-0.1364,0.79,0.0,0.0,10,below0,-0.1364,0.13,0.0,0.0,10,below0,-0.1364,0.52,0.0,0.0,10,below0,-0.1364,0.67,0.0,0.0,10,below0,-0.1364,0.31,0.0,0.0,10,below0,-0.1364,0.76,0.0,0.0,10,below0,-0.1364,0.22,0.0,0.0,10,below0,-0.1364,0.4,0.0,0.0,10,below0,-0.1364,0.46,0.0,0.0,10,below0,-0.1364,0.34,0.0,0.0,10,below0
636,-0.1364,0.79,0.0,0.0,10,below0,-0.1364,0.13,0.0,0.0,10,below0,-0.1364,0.52,0.0,0.0,10,below0,-0.1364,0.67,0.0,0.0,10,below0,-0.1364,0.31,0.0,0.0,10,below0,-0.1364,0.76,0.0,0.0,10,below0,-0.1364,0.22,0.0,0.0,10,below0,-0.1364,0.4,0.0,0.0,10,below0,-0.1364,0.46,0.0,0.0,10,below0,-0.1364,0.34,0.0,0.0,10,below0
642,-0.1364,0.79,0.0,0.0,10,below0,-0.1364,0.13,0.0,0.0,10,below0,-0.1364,0.52,0.0,0.0,10,below0,-0.1364,0.67,0.0,0.0,10,below0,-0.1364,0.31,0.0,0.0,10,below0,-0.1364,0.76,0.0,0.0,10,below0,-0.1364,0.22,0.0,0.0,10,below0,-0.1364,0.4,0.0,0.0,10,below0,-0.1364,0.46,0.0,0.0,10,below0,-0.1364,0.34,0.0,0.0,10,below0
648,-0.1364,0.79,0.0,0.0,10,below0,-0.1364,0.13,0.0,0.0,10,below0,-0.1364,0.52,0.0,0.0,10,below0,-0.1364,0.67,0.0,0.0,10,below0,-0.1364,0.31,0.0,0.0,10,below0,-0.1364,0.76,0.0,0.0,10,below0,-0.1364,0.22,0.0,0.0,10,below0,-0.1364,0.4,0.0,0.0,10,below0,-0.1364,0.46,0.0,0.0,10,below0,-0.1364,0.34,0.0,0.0,10,below0
654,-0.1364,0.79,0.0,0.0,10,below0,-0.1364,0.13,0.0,0.0,10,below0,-0.1364,0.52,0.0,0.0,10,below0,-0.1364,0.67,0.0,0.0,10,below0,-0.1364,0.31,0.0,0.0,10,below0,-0.1364,0.76,0.0,0.0,10,below0,-0.1364,0.22,0.0,0.0,10,below0,-0.1364,0.4,0.0,0.0,10,below0,-0.1364,0.46,0.0,0.0,10,below0,-0.1364,0.34,0.0,0.0,10,below0
660,-0.1364,0.79,0.0,0.0,10,below0,-0.1364,0.13,0.0,0.0,10,below0,-0.1364,0.52,0.0,0.0,10,below0,-0.1364,0.67,0.0,0.0,10,below0,-0.1364,0.31,0.0,0.0,10,below0,-0.1364,0.76,0.0,0.0,10,below0,-0.1364,0.22,0.0,0.0,10,below0,-0.1364,0.4,0.0,0.0,10,below0,-0.1364,0.46,0.0,0.0,10,below0,-0.1364,0.34,0.0,0.0,10,below0
666,-0.1364,0.79,0.0,0.0,10,below0,-0.1364,0.13,0.0,0.0,10,below0,-0.1364,0.52,0.0,0.0,10,below0,-0.1364,0.67,0.0,0.0,10,below0,-0.1364,0.31,0.0,0.0,10,below0,-0.1364,0.76,0.0,0.0,10,below0,-0.1364,0.22,0.0,0.0,10,below0,-0.1364,0.4,0.0,0.0,10,below0,-0.1364,0.46,0.0,0.0,10,below0,-0.1364,0.34,0.0,0.0,10,below0
672,-0.1364,0.79,0.0,0.0,10,below0,-0.1364,0.13,0.0,0.0,10,below0,-0.1364,0.52,0.0,0.0,10,below0,-0.1364,0.67,0.0,0.0,10,below0,-0.1364,0.31,0.0,0.0,10,below0,-0.1364,0.76,0.0,0.0,10,below0,-0.1364,0.22,0.0,0.0,10,below0,-0.1364,0.4,0.0,0.0,10,below0,-0.1364,0.46,0.0,0.0,10,below0,-0.1364,0.34,0.0,0.0,10,below0
678,-0.1364,0.79,0.0,0.0,10,below0,-0.1364,0.13,0.0,0.0,10,below0,-0.1364,0.52,0.0,0.0,10,below0,-0.1364,0.67,0.0,0.0,10,below0,-0.1364,0.31,0.0,0.0,10,below0,-0.1364,0.76,0.0,0.0,10,below0,-0.1364,0.22,0.0,0.0,10,below0,-0.1364,0.4,0.0,0.0,10,below0,-0.1364,0.46,0.0,0.0,10,below0,-0.1364,0.34,0.0,0.0,10,below0
684,-0.1364,0.79,0.0,0.0,10,below0,-0.1364,0.13,0.0,0.0,10,below0,-0.1364,0.52,0.0,0.0,10,below0,-0.1364,0.67,0.0,0.0,10,below0,-0.1364,0.31,0.0,0.0,10,below0,-0.1364,0.76,0.0,0.0,10,below0,-0.1364,0.22,0.0,0.0,10,below0,-0.1364,0.4,0.0,0.0,10,below0,-0.1364,0.46,0.0,0.0,10,below0,-0.1364,0.34,0.0,0.0,10,below0
690,-0.1364,0.79,0.0,0.0,10,below0,-0.1364,0.13,0.0,0.0,10,below0,-0.1364,0.52,0.0,0.0,10,below0,-0.1364,0.67,0.0,0.0,10,below0,-0.1364,0.31,0.0,0.0,10,below0,-0.1364,0.76,0.0,0.0,10,below0,-0.1364,0.22,0.0,0.0,10,below0,-0.1364,0.4,0.0,0.0,10,below0,-0.1364,0.46,0.0,0.0,10,below0,-0.1364,0.34,0.0,0.0,10,below0
696,-0.1364,0.79,0.0,0.0,10,below0,-0.1364,0.13,0.0,0.0,10,below0,-0.1364,0.52,0.0,0.0,10,below0,-0.1364,0.67,0.0,0.0,10,below0,-0.1364,0.31,0.0,0.0,10,below0,-0.1364,0.76,0.0,0.0,10,below0,-0.1364,0.22,0.0,0.0,10,below0,-0.1364,0.4,0.0,0.0,10,below0,-0.1364,0.46,0.0,0.0,10,below0,-0.1364,0.34,0.0,0.0,10,below0
702,-0.1364,0.79,0.0,0.0,10,below0,-0.1364,0.13,0.0,0.0,10,below0,-0.1364,0.52,0.0,0.0,10,below0,-0.1364,0.67,0.0,0.0,10,below0,-0.1364,0.31,0.0,0.0,10,below0,-0.1364,0.76,0.0,0.0,10,below0,-0.1364,0.22,0.0,0.0,10,below0,-0.1364,0.4,0.0,0.0,10,below0,-0.1364,0.46,0.0,0.0,10,below0,-0.1364,0.34,0.0,0.0,10,below0
708,-0.1364,0.79,0.0,0.0,10,below0,-0.1364,0.13,0.0,0.0,10,below0,-0.1364,0.52,0.0,0.0,10,below0,-0.1364,0.67,0.0,0.0,10,below0,-0.1364,0.31,0.0,0.0,10,below0,-0.1364,0.76,0.0,0.0,10,below0,-0.1364,0.22,0.0,0.0,10,below0,-0.1364,0.4,0.0,0.0,10,below0,-0.1364,0.46,0.0,0.0,10,below0,-0.1364,0.34,0.0,0.0,10,below0
714,-0.1364,0.79,0.0,0.0,10,below0,-0.1364,0.13,0.0,0.0,10,below0,-0.1364,0.52,0.0,0.0,10,below0,-0.1364,0.67,0.0,0.0,10,below0,-0.1364,0.31,0.0,0.0,10,below0,-0.1364,0.76,0.0,0.0,10,below0,-0.1364,0.22,0.0,0.0,10,below0,-0.1364,0.4,0.0,0.0,10,below0,-0.1364,0.46,0.0,0.0,10,below0,-0.1364,0.34,0.0,0.0,10,below0
720,-0.1364,0.37,0.0,0.0,10,below0,-0.1364,0.13,0.0,0.0,10,below0,-0.1364,0.52,0.0,0.0,10,below0,-0.1364,0.67,0.0,0.0,10,below0,-0.1364,0.31,0.0,0.0,10,below0,-0.1364,0.76,0.0,0.0,10,below0,-0.1364,0.22,0.0,0.0,10,below0,-0.1364,0.43,0.0,0.0,10,below0,-0.1364,0.46,0.0,0.0,10,below0,-0.1364,0.34,0.0,0.0,10,below0
726,-0.1364,0.37,0.0,0.0,10,below0,-0.1364,0.13,0.0,0.0,10,below0,-0.1364,0.52,0.0,0.0,10,below0,-0.1364,0.67,0.0,0.0,10,below0,-0.1364,0.31,0.0,0.0,10,below0,-0.1364,0.76,0.0,0.0,10,below0,-0.1364,0.22,0.0,0.0,10,below0,-0.1364,0.43,0.0,0.0,10,below0,-0.1364,0.46,0.0,0.0,10,below0,-0.1364,0.34,0.0,0.0,10,below0
732,-0.1364,0.37,0.0,0.0,10,below0,-0.1364,0.13,0.0,0.0,10,below0,-0.1364,0.52,0.0,0.0,10,below0,-0.1364,0.67,0.0,0.0,10,below0,-0.1364,0.31,0.0,0.0,10,below0,-0.1364,0.76,0.0,0.0,10,below0,-0.1364,0.22,0.0,0.0,10,below0,-0.1364,0.43,0.0,0.0,10,below0,-0.1364,0.46,0.0,0.0,10,below0,-0.1364,0.34,0.0,0.0,10,below0
738,-0.1364,0.37,0.0,0.0,10,below0,-0.1364,0.13,0.0,0.0,10,below0,-0.1364,0.52,0.0,0.0,10,below0,-0.1364,0.67,0.0,0.0,10,below0,-0.1364,0.31,0.0,0.0,10,below0,-0.1364,0.76,0.0,0.0,10,below0,-0.1364,0.22,0.0,0.0,10,below0,-0.1364,0.43,0.0,0.0,10,below0,-0.1364,0.46,0.0,0.0,10,below0,-0.1364,0.34,0.0,0.0,10,below0
744,-0.1364,0.37,0.0,0.0,10,below0,-0.1364,0.13,0.0,0.0,10,below0,-0.1364,0.52,0.0,0.0,10,below0,-0.1364,0.67,0.0,0.0,10,below0,-0.1364,0.31,0.0,0.0,10,below0,-0.1364,0.76,0.0,0.0,10,below0,-0.1364,0.22,0.0,0.0,10,below0,-0.1364,0.43,0.0,0.0,10,below0,-0.1364,0.46,0.0,0.0,10,below0,-0.1364,0.34,0.0,0.0,10,below0
750,-0.1364,0.37,0.0,0.0,10,below0,-0.1364,0.13,0.0,0.0,10,below0,-0.1364,0.52,0.0,0.0,10,below0,-0.1364,0.67,0.0,0.0,10,below0,-0.1364,0.31,0.0,0.0,10,below0,-0.1364,0.76,0.0,0.0,10,below0,-0.1364,0.22,0.0,0.0,10,below0,-0.1364,0.43,0.0,0.0,10,below0,-0.1364,0.46,0.0,0.0,10,below0,-0.1364,0.34,0.0,0.0,10,below0
756,-0.1364,0.37,0.0,0.0,10,below0,-0.1364,0.13,0.0,0.0,10,below0,-0.1364,0.52,0.0,0.0,10,below0,-0.1364,0.67,0.0,0.0,10,below0,-0.1364,0.31,0.0,0.0,10,below0,-0.1364,0.76,0.0,0.0,10,below0,-0.1364,0.22,0.0,0.0,10,below0,-0.1364,0.43,0.0,0.0,10,below0,-0.1364,0.46,0.0,0.0,10,below0,-0.1364,0.34,0.0,0.0,10,below0
762,-0.1364,0.37,0.0,0.0,10,below0,-0.1364,0.13,0.0,0.0,10,below0,-0.1364,0.52,0.0,0.0,10,below0,-0.1364,0.67,0.0,0.0,10,below0,-0.1364,0.31,0.0,0.0,10,below0,-0.1364,0.76,0.0,0.0,10,below0,-0.1364,0.22,0.0,0.0,10,below0,-0.1364,0.43,0.0,0.0,10,below0,-0.1364,0.46,0.0,0.0,10,below0,-0.1364,0.34,0.0,0.0,10,below0
768,-0.1364,0.37,0.0,0.0,10,below0,-0.1364,0.13,0.0,0.0,10,below0,-0.1364,0.52,0.0,0.0,10,below0,-0.1364,0.67,0.0,0.0,10,below0,-0.1364,0.31,0.0,0.0,10,below0,-0.1364,0.76,0.0,0.0,10,below0,-0.1364,0.22,0.0,0.0,10,below0,-0.1364,0.43,0.0,0.0,10,below0,-0.1364,0.46,0.0,0.0,10,below0,-0.1364,0.34,0.0,0.0,10,below0
774,-0.1364,0.37,0.0,0.0,10,below0,-0.1364,0.13,0.0,0.0,10,below0,-0.1364,0.52,0.0,0.0,10,below0,-0.1364,0.67,0.0,0.0,10,below0,-0.1364,0.31,0.0,0.0,10,below0,-0.1364,0.76,0.0,0.0,10,below0,-0.1364,0.22,0.0,0.0,10,below0,-0.1364,0.43,0.0,0.0,10,below0,-0.1364,0.46,0.0,0.0,10,below0,-0.1364,0.34,0.0,0.0,10,below0
780,-0.1364,0.37,0.0,0.0,10,below0,-0.1364,0.13,0.0,0.0,10,below0,-0.1364,0.52,0.0,0.0,10,below0,-0.1364,0.67,0.0,0.0,10,below0,-0.1364,0.31,0.0,0.0,10,below0,-0.1364,0.76,0.0,0.0,10,below0,-0.1364,0.22,0.0,0.0,10,below0,-0.1364,0.43,0.0,0.0,10,below0,-0.1364,0.46,0.0,0.0,10,below0,-0.1364,0.34,0.0,0.0,10,below0
786,-0.1364,0.37,0.0,0.0,10,below0,-0.1364,0.13,0.0,0.0,10,below0,-0.1364,0.52,0.0,0.0,10,below0,-0.1364,0.67,0.0,0.0,10,below0,-0.1364,0.31,0.0,0.0,10,below0,-0.1364,0.76,0.0,0.0,10,below0,-0.1364,0.22,0.0,0.0,10,below0,-0.1364,0.43,0.0,0.0,10,below0,-0.1364,0.46,0.0,0.0,10,below0,-0.1364,0.34,0.0,0.0,10,below0
792,-0.1364,0.37,0.0,0.0,10,below0,-0.1364,0.13,0.0,0.0,10,below0,-0.1364,0.52,0.0,0.0,10,below0,-0.1364,0.67,0.0,0.0,10,below0,-0.1364,0.31,0.0,0.0,10,below0,-0.1364,0.76,0.0,0.0,10,below0,-0.1364,0.22,0.0,0.0,10,below0,-0.1364,0.43,0.0,0.0,10,below0,-0.1364,0.46,0.0,0.0,10,below0,-0.1364,0.34,0.0,0.0,10,below0
798,-0.1364,0.37,0.0,0.0,10,below0,-0.1364,0.13,0.0,0.0,10,below0,-0.1364,0.52,0.0,0.0,10,below0,-0.1364,0.67,0.0,0.0,10,below0,-0.1364,0.31,0.0,0.0,10,below0,-0.1364,0.76,0.0,0.0,10,below0,-0.1364,0.22,0.0,0.0,10,below0,-0.1364,0.43,0.0,0.0,10,below0,-0.1364,0.46,0.0,0.0,10,below0,-0.1364,0.34,0.0,0.0,10,below0
804,-0.1364,0.37,0.0,0.0,10,below0,-0.1364,0.13,0.0,0.0,10,below0,-0.1364,0.52,0.0,0.0,10,below0,-0.1364,0.67,0.0,0.0,10,below0,-0.1364,0.31,0.0,0.0,10,below0,-0.1364,0.76,0.0,0.0,10,below0,-0.1364,0.22,0.0,0.0,10,below0,-0.1364,0.43,0.0,0.0,10,below0,-0.1364,0.46,0.0,0.0,10,below0,-0.1364,0.34,0.0,0.0,10,below0
810,-0.1364,0.37,0.0,0.0,10,below0,-0.1364,0.13,0.0,0.0,10,below0,-0.1364,0.52,0.0,0.0,10,below0,-0.1364,0.67,0.0,0.0,10,below0,-0.1364,0.31,0.0,0.0,10,below0,-0.1364,0.76,0.0,0.0,10,below0,-0.1364,0.22,0.0,0.0,10,below0,-0.1364,0.43,0.0,0.0,10,below0,-0.1364,0.46,0.0,0.0,10,below0,-0.1364,0.34,0.0,0.0,10,below0
816,-0.1364,0.37,0.0,0.0,10,below0,-0.1364,0.13,0.0,0.0,10,below0,-0.1364,0.52,0.0,0.0,10,below0,-0.1364,0.67,0.0,0.0,10,below0,-0.1364,0.31,0.0,0.0,10,below0,-0.1364,0.76,0.0,0.0,10,below0,-0.1364,0.22,0.0,0.0,10,below0,-0.1364,0.43,0.0,0.0,10,below0,-0.1364,0.46,0.0,0.0,10,below0,-0.1364,0.34,0.0,0.0,10,below0
822,-0.1364,0.37,0.0,0.0,10,below0,-0.1364,0.13,0.0,0.0,10,below0,-0.1364,0.52,0.0,0.0,10,below0,-0.1364,0.67,0.0,0.0,10,below0,-0.1364,0.31,0.0,0.0,10,below0,-0.1364,0.76,0.0,0.0,10,below0,-0.1364,0.22,0.0,0.0,10,below0,-0.1364,0.43,0.0,0.0,10,below0,-0.1364,0.46,0.0,0.0,10,below0,-0.1364,0.34,0.0,0.0,10,below0
828,-0.1364,0.37,0.0,0.0,10,below0,-0.1364,0.13,0.0,0.0,10,below0,-0.1364,0.52,0.0,0.0,10,below0,-0.1364,0.67,0.0,0.0,10,below0,-0.1364,0.31,0.0,0.0,10,below0,-0.1364,0.76,0.0,0.0,10,below0,-0.1364,0.22,0.0,0.0,10,below0,-0.1364,0.43,0.0,0.0,10,below0,-0.1364,0.46,0.0,0.0,10,below0,-0.1364,0.34,0.0,0.0,10,below0
834,-0.1364,0.37,0.0,0.0,10,below0,-0.1364,0.13,0.0,0.0,10,below0,-0.1364,0.52,0.0,0.0,10,below0,-0.1364,0.67,0.0,0.0,10,below0,-0.1364,0.31,0.0,0.0,10,below0,-0.1364,0.76,0.0,0.0,10,below0,-0.1364,0.22,0.0,0.0,10,below0,-0.1364,0.43,0.0,0.0,10,below0,-0.1364,0.46,0.0,0.0,10,below0,-0.1364,0.34,0.0,0.0,10,below0
840,-0.1364,0.37,0.0,0.0,10,below0,-0.1364,0.13,0.0,0.0,10,below0,-0.1364,0.52,0.0,0.0,10,below0,-0.1364,0.67,0.0,0.0,10,below0,-0.1364,0.31,0.0,0.0,10,below0,-0.1364,0.76,0.0,0.0,10,below0,-0.1364,0.22,0.0,0.0,10,below0,-0.1364,0.43,0.0,0.0,10,below0,-0.1364,0.46,0.0,0.0,10,below0,-0.1364,0.34,0.0,0.0,10,below0
846,-0.1364,0.37,0.0,0.0,10,below0,-0.1364,0.13,0.0,0.0,10,below0,-0.1364,0.52,0.0,0.0,10,below0,-0.1364,0.67,0.0,0.0,10,below0,-0.1364,0.31,0.0,0.0,10,below0,-0.1364,0.76,0.0,0.0,10,below0,-0.1364,0.22,0.0,0.0,10,below0,-0.1364,0.43,0.0,0.0,10,below0,-0.1364,0.46,0.0,0.0,10,below0,-0.1364,0.34,0.0,0.0,10,below0
852,-0.1364,0.37,0.0,0.0,10,below0,-0.1364,0.13,0.0,0.0,10,below0,-0.1364,0.52,0.0,0.0,10,below0,-0.1364,0.67,0.0,0.0,10,below0,-0.1364,0.31,0.0,0.0,10,below0,-0.1364,0.76,0.0,0.0,10,below0,-0.1364,0.22,0.0,0.0,10,below0,-0.1364,0.43,0.0,0.0,10,below0,-0.1364,0.46,0.0,0.0,10,below0,-0.1364,0.34,0.0,0.0,10,below0
858,-0.1364,0.37,0.0,0.0,10,below0,-0.1364,0.13,0.0,0.0,10,below0,-0.1364,0.52,0.0,0.0,10,below0,-0.1364,0.67,0.0,0.0,10,below0,-0.1364,0.31,0.0,0.0,10,below0,-0.1364,0.76,0.0,0.0,10,below0,-0.1364,0.22,0.0,0.0,10,below0,-0.1364,0.43,0.0,0.0,10,below0,-0.1364,0.46,0.0,0.0,10,below0,-0.1364,0.34,0.0,0.0,10,below0
864,-0.1364,0.37,0.0,0.0,10,below0,-0.1364,0.13,0.0,0.0,10,below0,-0.1364,0.52,0.0,0.0,10,below0,-0.1364,0.67,0.0,0.0,10,below0,-0.1364,0.31,0.0,0.0,10,below0,-0.1364,0.76,0.0,0.0,10,below0,-0.1364,0.22,0.0,0.0,10,below0,-0.1364,0.43,0.0,0.0,10,below0,-0.1364,0.46,0.0,0.0,10,below0,-0.1364,0.34,0.0,0.0,10,below0
870,-0.1364,0.37,0.0,0.0,10,below0,-0.1364,0.13,0.0,0.0,10,below0,-0.1364,0.52,0.0,0.0,10,below0,-0.1364,0.67,0.0,0.0,10,below0,-0.1364,0.31,0.0,0.0,10,below0,-0.1364,0.76,0.0,0.0,10,below0,-0.1364,0.22,0.0,0.0,10,below0,-0.1364,0.43,0.0,0.0,10,below0,-0.1364,0.46,0.0,0.0,10,below0,-0.1364,0.34,0.0,0.0,10,below0
876,-0.1364,0.37,0.0,0.0,10,below0,-0.1364,0.13,0.0,0.0,10,below0,-0.1364,0.52,0.0,0.0,10,below0,-0.1364,0.67,0.0,0.0,10,below0,-0.1364,0.31,0.0,0.0,10,below0,-0.1364,0.76,0.0,0.0,10,below0,-0.1364,0.22,0.0,0.0,10,below0,-0.1364,0.43,0.0,0.0,10,below0,-0.1364,0.46,0.0,0.0,10,below0,-0.1364,0.34,0.0,0.0,10,below0
882,-0.1364,0.37,0.0,0.0,10,below0,-0.1364,0.13,0.0,0.0,10,below0,-0.1364,0.52,0.0,0.0,10,below0,-0.1364,0.67,0.0,0.0,10,below0,-0.1364,0.31,0.0,0.0,10,below0,-0.1364,0.76,0.0,0.0,10,below0,-0.1364,0.22,0.0,0.0,10,below0,-0.1364,0.43,0.0,0.0,10,below0,-0.1364,0.46,0.0,0.0,10,below0,-0.1364,0.34,0.0,0.0,10,below0
888,-0.1364,0.37,0.0,0.0,10,below0,-0.1364,0.13,0.0,0.0,10,below0,-0.1364,0.52,0.0,0.0,10,below0,-0.1364,0.67,0.0,0.0,10,below0,-0.1364,0.31,0.0,0.0,10,below0,-0.1364,0.76,0.0,0.0,10,below0,-0.1364,0.22,0.0,0.0,10,below0,-0.1364,0.43,0.0,0.0,10,below0,-0.1364,0.46,0.0,0.0,10,below0,-0.1364,0.34,0.0,0.0,10,below0
894,-0.1364,0.37,0.0,0.0,10,below0,-0.1364,0.13,0.0,0.0,10,below0,-0.1364,0.52,0.0,0.0,10,below0,-0.1364,0.67,0.0,0.0,10,below0,-0.1364,0.31,0.0,0.0,10,below0,-0.1364,0.76,0.0,0.0,10,below0,-0.1364,0.22,0.0,0.0,10,below0,-0.1364,0.43,0.0,0.0,10,below0,-0.1364,0.46,0.0,0.0,10,below0,-0.1364,0.34,0.0,0.0,10,below0
900,-0.1364,0.37,0.0,0.0,10,below0,-0.1364,0.13,0.0,0.0,10,below0,-0.1364,0.52,0.0,0.0,10,below0,-0.1364,0.67,0.0,0.0,10,below0,-0.1364,0.31,0.0,0.0,10,below0,-0.1364,0.76,0.0,0.0,10,below0,-0.1364,0.22,0.0,0.0,10,below0,-0.1364,0.43,0.0,0.0,10,below0,-0.1364,0.46,0.0,0.0,10,below0,-0.1364,0.34,0.0,0.0,10,below0
906,-0.1364,0.37,0.0,0.0,10,below0,-0.1364,0.13,0.0,0.0,10,below0,-0.1364,0.52,0.0,0.0,10,below0,-0.1364,0.67,0.0,0.0,10,below0,-0.1364,0.31,0.0,0.0,10,below0,-0.1364,0.76,0.0,0.0,10,below0,-0.1364,0.22,0.0,0.0,10,below0,-0.1364,0.43,0.0,0.0,10,below0,-0.1364,0.46,0.0,0.0,10,below0,-0.1364,0.34,0.0,0.0,10,below0
912,-0.1364,0.37,0.0,0.0,10,below0,-0.1364,0.13,0.0,0.0,10,below0,-0.1364,0.52,0.0,0.0,10,below0,-0.1364,0.67,0.0,0.0,10,below0,-0.1364,0.31,0.0,0.0,10,below0,-0.1364,0.76,0.0,0.0,10,below0,-0.1364,0.22,0.0,0.0,10,below0,-0.1364,0.43,0.0,0.0,10,below0,-0.1364,0.46,0.0,0.0,10,below0,-0.1364,0.34,0.0,0.0,10,below0
918,-0.1364,0.37,0.0,0.0,10,below0,-0.1364,0.13,0.0,0.0,10,below0,-0.1364,0.52,0.0,0.0,10,below0,-0.1364,0.67,0.0,0.0,10,below0,-0.1364,0.31,0.0,0.0,10,below0,-0.1364,0.76,0.0,0.0,10,below0,-0.1364,0.22,0.0,0.0,10,below0,-0.1364,0.43,0.0,0.0,10,below0,-0.1364,0.46,0.0,0.0,10,below0,-0.1364,0.34,0.0,0.0,10,below0
924,-0.1364,0.37,0.0,0.0,10,below0,-0.1364,0.13,0.0,0.0,10,below0,-0.1364,0.52,0.0,0.0,10,below0,-0.1364,0.67,0.0,0.0,10,below0,-0.1364,0.31,0.0,0.0,10,below0,-0.1364,0.76,0.0,0.0,10,below0,-0.1364,0.22,0.0,0.0,10,below0,-0.1364,0.43,0.0,0.0,10,below0,-0.1364,0.46,0.0,0.0,10,below0,-0.1364,0.34,0.0,0.0,10,below0
930,-0.1364,0.37,0.0,0.0,10,below0,-0.1364,0.13,0.0,0.0,10,below0,-0.1364,0.52,0.0,0.0,10,below0,-0.1364,0.67,0.0,0.0,10,below0,-0.1364,0.31,0.0,0.0,10,below0,-0.1364,0.76,0.0,0.0,10,below0,-0.1364,0.22,0.0,0.0,10,below0,-0.1364,0.43,0.0,0.0,10,below0,-0.1364,0.46,0.0,0.0,10,below0,-0.1364,0.34,0.0,0.0,10,below0
936,-0.1364,0.37,0.0,0.0,10,below0,-0.1364,0.13,0.0,0.0,10,below0,-0.1364,0.52,0.0,0.0,10,below0,-0.1364,0.67,0.0,0.0,10,below0,-0.1364,0.31,0.0,0.0,10,below0,-0.1364,0.76,0.0,0.0,10,below0,-0.1364,0.22,0.0,0.0,10,below0,-0.1364,0.43,0.0,0.0,10,below0,-0.1364,0.46,0.0,0.0,10,below0,-0.1364,0.34,0.0,0.0,10,below0
942,-0.1364,0.37,0.0,0.0,10,below0,-0.1364,0.13,0.0,0.0,10,below0,-0.1364,0.52,0.0,0.0,10,below0,-0.1364,0.67,0.0,0.0,10,below0,-0.1364,0.31,0.0,0.0,10,below0,-0.1364,0.76,0.0,0.0,10,below0,-0.1364,0.22,0.0,0.0,10,below0,-0.1364,0.43,0.0,0.0,10,below0,-0.1364,0.46,0.0,0.0,10,below0,-0.1364,0.34,0.0,0.0,10,below0
948,-0.1364,0.37,0.0,0.0,10,below0,-0.1364,0.13,0.0,0.0,10,below0,-0.1364,0.52,0.0,0.0,10,below0,-0.1364,0.67,0.0,0.0,10,below0,-0.1364,0.31,0.0,0.0,10,below0,-0.1364,0.76,0.0,0.0,10,below0,-0.1364,0.22,0.0,0.0,10,below0,-0.1364,0.43,0.0,0.0,10,below0,-0.1364,0.46,0.0,0.0,10,below0,-0.1364,0.34,0.0,0.0,10,below0
954,-0.1364,0.37,0.0,0.0,10,below0,-0.1364,0.13,0.0,0.0,10,below0,-0.1364,0.52,0.0,0.0,10,below0,-0.1364,0.67,0.0,0.0,10,below0,-0.1364,0.31,0.0,0.0,10,below0,-0.1364,0.76,0.0,0.0,10,below0,-0.1364,0.22,0.0,0.0,10,below0,-0.1364,0.43,0.0,0.0,10,below0,-0.1364,0.46,0.0,0.0,10,below0,-0.1364,0.34,0.0,0.0,10,below0
960,-0.1364,0.37,0.0,0.0,10,below0,-0.1364,0.13,0.0,0.0,10,below0,-0.1364,0.52,0.0,0.0,10,below0,-0.1364,0.67,0.0,0.0,10,below0,-0.1364,0.31,0.0,0.0,10,below0,-0.1364,0.76,0.0,0.0,10,below0,-0.1364,0.22,0.0,0.0,10,below0,-0.1364,0.43,0.0,0.0,10,below0,-0.1364,0.46,0.0,0.0,10,below0,-0.1364,0.34,0.0,0.0,10,below0
966,-0.1364,0.37,0.0,0.0,10,below0,-0.1364,0.13,0.0,0.0,10,below0,-0.1364,0.52,0.0,0.0,10,below0,-0.1364,0.67,0.0,0.0,10,below0,-0.1364,0.31,0.0,0.0,10,below0,-0.1364,0.76,0.0,0.0,10,below0,-0.1364,0.22,0.0,0.0,10,below0,-0.1364,0.43,0.0,0.0,10,below0,-0.1364,0.46,0.0,0.0,10,below0,-0.1364,0.34,0.0,0.0,10,below0
972,-0.1364,0.37,0.0,0.0,10,below0,-0.1364,0.13,0.0,0.0,10,below0,-0.1364,0.52,0.0,0.0,10,below0,-0.1364,0.67,0.0,0.0,10,below0,-0.1364,0.31,0.0,0.0,10,below0,-0.1364,0.76,0.0,0.0,10,below0,-0.1364,0.22,0.0,0.0,10,below0,-0.1364,0.43,0.0,0.0,10,below0,-0.1364,0.46,0.0,0.0,10,below0,-0.1364,0.34,0.0,0.0,10,below0
978,-0.1364,0.37,0.0,0.0,10,below0,-0.1364,0.13,0.0,0.0,10,below0,-0.1364,0.52,0.0,0.0,10,below0,-0.1364,0.67,0.0,0.0,10,below0,-0.1364,0.31,0.0,0.0,10,below0,-0.1364,0.76,0.0,0.0,10,below0,-0.1364,0.22,0.0,0.0,10,below0,-0.1364,0.43,0.0,0.0,10,below0,-0.1364,0.46,0.0,0.0,10,below0,-0.1364,0.34,0.0,0.0,10,below0
984,-0.1364,0.37,0.0,0.0,10,below0,-0.1364,0.13,0.0,0.0,10,below0,-0.1364,0.52,0.0,0.0,10,below0,-0.1364,0.67,0.0,0.0,10,below0,-0.1364,0.31,0.0,0.0,10,below0,-0.1364,0.76,0.0,0.0,10,below0,-0.1364,0.22,0.0,0.0,10,below0,-0.1364,0.43,0.0,0.0,10,below0,-0.1364,0.46,0.0,0.0,10,below0,-0.1364,0.34,0.0,0.0,10,below0
990,-0.1364,0.37,0.0,0.0,10,below0,-0.1364,0.13,0.0,0.0,10,below0,-0.1364,0.52,0.0,0.0,10,below0,-0.1364,0.67,0.0,0.0,10,below0,-0.1364,0.31,0.0,0.0,10,below0,-0.1364,0.76,0.0,0.0,10,below0,-0.1364,0.22,0.0,0.0,10,below0,-0.1364,0.43,0.0,0.0,10,below0,-0.1364,0.46,0.0,0.0,10,below0,-0.1364,0.34,0.0,0.0,10,below0
996,-0.1364,0.37,0.0,0.0,10,below0,-0.1364,0.13,0.0,0.0,10,below0,-0.1364,0.52,0.0,0.0,10,below0,-0.1364,0.67,0.0,0.0,10,below0,-0.1364,0.31,0.0,0.0,10,below0,-0.1364,0.76,0.0,0.0,10,below0,-0.1364,0.22,0.0,0.0,10,below0,-0.1364,0.43,0.0,0.0,10,below0,-0.1364,0.46,0.0,0.0,10,below0,-0.1364,0.34,0.0,0.0,10,below0
1002,-0.1364,0.37,0.0,0.0,10,below0,-0.1364,0.13,0.0,0.0,10,below0,-0.1364,0.52,0.0,0.0,10,below0,-0.1364,0.67,0.0,0.0,10,below0,-0.1364,0.31,0.0,0.0,10,below0,-0.1364,0.76,0.0,0.0,10,below0,-0.1364,0.22,0.0,0.0,10,below0,-0.1364,0.43,0.0,0.0,10,below0,-0.1364,0.46,0.0,0.0,10,below0,-0.1364,0.34,0.0,0.0,10,below0
1008,-0.1364,0.37,0.0,0.0,10,below0,-0.1364,0.13,0.0,0.0,10,below0,-0.1364,0.52,0.0,0.0,10,below0,-0.1364,0.67,0.0,0.0,10,below0,-0.1364,0.31,0.0,0.0,10,below0,-0.1364,0.76,0.0,0.0,10,below0,-0.1364,0.22,0.0,0.0,10,below0,-0.1364,0.43,0.0,0.0,10,below0,-0.1364,0.46,0.0,0.0,10,below0,-0.1364,0.34,0.0,0.0,10,below0
1014,-0.1364,0.37,0.0,0.0,10,below0,-0.1364,0.13,0.0,0.0,10,below0,-0.1364,0.52,0.0,0.0,10,below0,-0.1364,0.67,0.0,0.0,10,below0,-0.1364,0.31,0.0,0.0,10,below0,-0.1364,0.76,0.0,0.0,10,below0,-0.1364,0.22,0.0,0.0,10,below0,-0.1364,0.43,0.0,0.0,10,below0,-0.1364,0.46,0.0,0.0,10,below0,-0.1364,0.34,0.0,0.0,10,below0
1020,-0.1364,0.37,0.0,0.0,10,below0,-0.1364,0.13,0.0,0.0,10,below0,-0.1364,0.52,0.0,0.0,10,below0,-0.1364,0.67,0.0,0.0,10,below0,-0.1364,0.31,0.0,0.0,10,below0,-0.1364,0.76,0.0,0.0,10,below0,-0.1364,0.22,0.0,0.0,10,below0,-0.1364,0.43,0.0,0.0,10,below0,-0.1364,0.46,0.0,0.0,10,below0,-0.1364,0.34,0.0,0.0,10,below0
1026,-0.1364,0.37,0.0,0.0,10,below0,-0.1364,0.13,0.0,0.0,10,below0,-0.1364,0.52,0.0,0.0,10,below0,-0.1364,0.67,0.0,0.0,10,below0,-0.1364,0.31,0.0,0.0,10,below0,-0.1364,0.76,0.0,0.0,10,below0,-0.1364,0.22,0.0,0.0,10,below0,-0.1364,0.43,0.0,0.0,10,below0,-0.1364,0.46,0.0,0.0,10,below0,-0.1364,0.34,0.0,0.0,10,below0
1032,-0.1364,0.37,0.0,0.0,10,below0,-0.1364,0.13,0.0,0.0,10,below0,-0.1364,0.52,0.0,0.0,10,below0,-0.1364,0.67,0.0,0.0,10,below0,-0.1364,0.31,0.0,0.0,10,below0,-0.1364,0.76,0.0,0.0,10,below0,-0.1364,0.22,0.0,0.0,10,below0,-0.1364,0.43,0.0,0.0,10,below0,-0.1364,0.46,0.0,0.0,10,below0,-0.1364,0.34,0.0,0.0,10,below0
1038,-0.1364,0.37,0.0,0.0,10,below0,-0.1364,0.13,0.0,0.0,10,below0,-0.1364,0.52,0.0,0.0,10,below0,-0.1364,0.67,0.0,0.0,10,below0,-0.1364,0.31,0.0,0.0,10,below0,-0.1364,0.76,0.0,0.0,10,below0,-0.1364,0.22,0.0,0.0,10,below0,-0.1364,0.43,0.0,0.0,10,below0,-0.1364,0.46,0.0,0.0,10,below0,-0.1364,0.34,0.0,0.0,10,below0
1044,-0.1364,0.37,0.0,0.0,10,below0,-0.1364,0.13,0.0,0.0,10,below0,-0.1364,0.52,0.0,0.0,10,below0,-0.1364,0.67,0.0,0.0,10,below0,-0.1364,0.31,0.0,0.0,10,below0,-0.1364,0.76,0.0,0.0,10,below0,-0.1364,0.22,0.0,0.0,10,below0,-0.1364,0.43,0.0,0.0,10,below0,-0.1364,0.46,0.0,0.0,10,below0,-0.1364,0.34,0.0,0.0,10,below0
1050,-0.1364,0.37,0.0,0.0,10,below0,-0.1364,0.13,0.0,0.0,10,below0,-0.1364,0.52,0.0,0.0,10,below0,-0.1364,0.67,0.0,0.0,10,below0,-0.1364,0.31,0.0,0.0,10,below0,-0.1364,0.76,0.0,0.0,10,below0,-0.1364,0.22,0.0,0.0,10,below0,-0.1364,0.43,0.0,0.0,10,below0,-0.1364,0.46,0.0,0.0,10,below0,-0.1364,0.34,0.0,0.0,10,below0
1056,-0.1364,0.37,0.0,0.0,10,below0,-0.1364,0.13,0.0,0.0,10,below0,-0.1364,0.52,0.0,0.0,10,below0,-0.1364,0.67,0.0,0.0,10,below0,-0.1364,0.31,0.0,0.0,10,below0,-0.1364,0.76,0.0,0.0,10,below0,-0.1364,0.22,0.0,0.0,10,below0,-0.1364,0.43,0.0,0.0,10,below0,-0.1364,0.46,0.0,0.0,10,below0,-0.1364,0.34,0.0,0.0,10,below0
1062,-0.1364,0.37,0.0,0.0,10,below0,-0.1364,0.13,0.0,0.0,10,below0,-0.1364,0.52,0.0,0.0,10,below0,-0.1364,0.67,0.0,0.0,10,below0,-0.1364,0.31,0.0,0.0,10,below0,-0.1364,0.76,0.0,0.0,10,below0,-0.1364,0.22,0.0,0.0,10,below0,-0.1364,0.43,0.0,0.0,10,below0,-0.1364,0.46,0.0,0.0,10,below0,-0.1364,0.34,0.0,0.0,10,below0
1068,-0.1364,0.37,0.0,0.0,10,below0,-0.1364,0.13,0.0,0.0,10,below0,-0.1364,0.52,0.0,0.0,10,below0,-0.1364,0.67,0.0,0.0,10,below0,-0.1364,0.31,0.0,0.0,10,below0,-0.1364,0.76,0.0,0.0,10,below0,-0.1364,0.22,0.0,0.0,10,below0,-0.1364,0.43,0.0,0.0,10,below0,-0.1364,0.46,0.0,0.0,10,below0,-0.1364,0.34,0.0,0.0,10,below0
1074,-0.1364,0.37,0.0,0.0,10,below0,-0.1364,0.13,0.0,0.0,10,below0,-0.1364,0.52,0.0,0.0,10,below0,-0.1364,0.67,0.0,0.0,10,below0,-0.1364,0.31,0.0,0.0,10,below0,-0.1364,0.76,0.0,0.0,10,below0,-0.1364,0.22,0.0,0.0,10,below0,-0.1364,0.43,0.0,0.0,10,below0,-0.1364,0.46,0.0,0.0,10,below0,-0.1364,0.34,0.0,0.0,10,below0
1080,-0.1364,0.37,0.0,0.0,10,below0,-0.1364,0.13,0.0,0.0,10,below0,-0.1364,0.52,0.0,0.0,10,below0,-0.1364,0.58,0.0,0.0,10,below0,-0.1364,0.4,0.0,0.0,10,below0,-0.1364,0.49,0.0,0.0,10,below0,-0.1364,0.22,0.0,0.0,10,below0,-0.1364,0.31,0.0,0.0,10,below0,-0.1364,0.46,0.0,0.0,10,below0,-0.1364,0.28,0.0,0.0,10,below0
1086,-0.1364,0.37,0.0,0.0,10,below0,-0.1364,0.13,0.0,0.0,10,below0,-0.1364,0.52,0.0,0.0,10,below0,-0.1364,0.58,0.0,0.0,10,below0,-0.1364,0.4,0.0,0.0,10,below0,-0.1364,0.49,0.0,0.0,10,below0,-0.1364,0.22,0.0,0.0,10,below0,-0.1364,0.31,0.0,0.0,10,below0,-0.1364,0.46,0.0,0.0,10,below0,-0.1364,0.28,0.0,0.0,10,below0
1092,-0.1364,0.37,0.0,0.0,10,below0,-0.1364,0.13,0.0,0.0,10,below0,-0.1364,0.52,0.0,0.0,10,below0,-0.1364,0.58,0.0,0.0,10,below0,-0.1364,0.4,0.0,0.0,10,below0,-0.1364,0.49,0.0,0.0,10,below0,-0.1364,0.22,0.0,0.0,10,below0,-0.1364,0.31,0.0,0.0,10,below0,-0.1364,0.46,0.0,0.0,10,below0,-0.1364,0.28,0.0,0.0,10,below0
1098,-0.1364,0.37,0.0,0.0,10,below0,-0.1364,0.13,0.0,0.0,10,below0,-0.1364,0.52,0.0,0.0,10,below0,-0.1364,0.58,0.0,0.0,10,below0,-0.1364,0.4,0.0,0.0,10,below0,-0.1364,0.49,0.0,0.0,10,below0,-0.1364,0.22,0.0,0.0,10,below0,-0.1364,0.31,0.0,0.0,10,below0,-0.1364,0.46,0.0,0.0,10,below0,-0.1364,0.28,0.0,0.0,10,below0
1104,-0.1364,0.37,0.0,0.0,10,below0,-0.1364,0.13,0.0,0.0,10,below0,-0.1364,0.52,0.0,0.0,10,below0,-0.1364,0.58,0.0,0.0,10,below0,-0.1364,0.4,0.0,0.0,10,below0,-0.1364,0.49,0.0,0.0,10,below0,-0.1364,0.22,0.0,0.0,10,below0,-0.1364,0.31,0.0,0.0,10,below0,-0.1364,0.46,0.0,0.0,10,below0,-0.1364,0.28,0.0,0.0,10,below0
1110,-0.1364,0.37,0.0,0.0,10,below0,-0.1364,0.13,0.0,0.0,10,below0,-0.1364,0.52,0.0,0.0,10,below0,-0.1364,0.58,0.0,0.0,10,below0,-0.1364,0.4,0.0,0.0,10,below0,-0.1364,0.49,0.0,0.0,10,below0,-0.1364,0.22,0.0,0.0,10,below0,-0.1364,0.31,0.0,0.0,10,below0,-0.1364,0.46,0.0,0.0,10,below0,-0.1364,0.28,0.0,0.0,10,below0
1116,-0.1364,0.37,0.0,0.0,10,below0,-0.1364,0.13,0.0,0.0,10,below0,-0.1364,0.52,0.0,0.0,10,below0,-0.1364,0.58,0.0,0.0,10,below0,-0.1364,0.4,0.0,0.0,10,below0,-0.1364,0.49,0.0,0.0,10,below0,-0.1364,0.22,0.0,0.0,10,below0,-0.1364,0.31,0.0,0.0,10,below0,-0.1364,0.46,0.0,0.0,10,below0,-0.1364,0.28,0.0,0.0,10,below0
1122,-0.1364,0.37,0.0,0.0,10,below0,-0.1364,0.13,0.0,0.0,10,below0,-0.1364,0.52,0.0,0.0,10,below0,-0.1364,0.58,0.0,0.0,10,below0,-0.1364,0.4,0.0,0.0,10,below0,-0.1364,0.49,0.0,0.0,10,below0,-0.1364,0.22,0.0,0.0,10,below0,-0.1364,0.31,0.0,0.0,10,below0,-0.1364,0.46,0.0,0.0,10,below0,-0.1364,0.28,0.0,0.0,10,below0
1128,-0.1364,0.37,0.0,0.0,10,below0,-0.1364,0.13,0.0,0.0,10,below0,-0.1364,0.52,0.0,0.0,10,below0,-0.1364,0.58,0.0,0.0,10,below0,-0.1364,0.4,0.0,0.0,10,below0,-0.1364,0.49,0.0,0.0,10,below0,-0.1364,0.22,0.0,0.0,10,below0,-0.1364,0.31,0.0,0.0,10,below0,-0.1364,0.46,0.0,0.0,10,below0,-0.1364,0.28,0.0,0.0,10,below0
1134,-0.1364,0.37,0.0,0.0,10,below0,-0.1364,0.13,0.0,0.0,10,below0,-0.1364,0.52,0.0,0.0,10,below0,-0.1364,0.58,0.0,0.0,10,below0,-0.1364,0.4,0.0,0.0,10,below0,-0.1364,0.49,0.0,0.0,10,below0,-0.1364,0.22,0.0,0.0,10,below0,-0.1364,0.31,0.0,0.0,10,below0,-0.1364,0.46,0.0,0.0,10,below0,-0.1364,0.28,0.0,0.0,10,below0
1140,-0.1364,0.37,0.0,0.0,10,below0,-0.1364,0.13,0.0,0.0,10,below0,-0.1364,0.52,0.0,0.0,10,below0,-0.1364,0.58,0.0,0.0,10,below0,-0.1364,0.4,0.0,0.0,10,below0,-0.1364,0.49,0.0,0.0,10,below0,-0.1364,0.22,0.0,0.0,10,below0,-0.1364,0.31,0.0,0.0,10,below0,-0.1364,0.46,0.0,0.0,10,below0,-0.1364,0.28,0.0,0.0,10,below0
1146,-0.1364,0.37,0.0,0.0,10,below0,-0.1364,0.13,0.0,0.0,10,below0,-0.1364,0.52,0.0,0.0,10,below0,-0.1364,0.58,0.0,0.0,10,below0,-0.1364,0.4,0.0,0.0,10,below0,-0.1364,0.49,0.0,0.0,10,below0,-0.1364,0.22,0.0,0.0,10,below0,-0.1364,0.31,0.0,0.0,10,below0,-0.1364,0.46,0.0,0.0,10,below0,-0.1364,0.28,0.0,0.0,10,below0
1152,-0.1364,0.37,0.0,0.0,10,below0,-0.1364,0.13,0.0,0.0,10,below0,-0.1364,0.52,0.0,0.0,10,below0,-0.1364,0.58,0.0,0.0,10,below0,-0.1364,0.4,0.0,0.0,10,below0,-0.1364,0.49,0.0,0.0,10,below0,-0.1364,0.22,0.0,0.0,10,below0,-0.1364,0.31,0.0,0.0,10,below0,-0.1364,0.46,0.0,0.0,10,below0,-0.1364,0.28,0.0,0.0,10,below0
1158,-0.1364,0.37,0.0,0.0,10,below0,-0.1364,0.13,0.0,0.0,10,below0,-0.1364,0.52,0.0,0.0,10,below0,-0.1364,0.58,0.0,0.0,10,below0,-0.1364,0.4,0.0,0.0,10,below0,-0.1364,0.49,0.0,0.0,10,below0,-0.1364,0.22,0.0,0.0,10,below0,-0.1364,0.31,0.0,0.0,10,below0,-0.1364,0.46,0.0,0.0,10,below0,-0.1364,0.28,0.0,0.0,10,below0
1164,-0.1364,0.37,0.0,0.0,10,below0,-0.1364,0.13,0.0,0.0,10,below0,-0.1364,0.52,0.0,0.0,10,below0,-0.1364,0.58,0.0,0.0,10,below0,-0.1364,0.4,0.0,0.0,10,below0,-0.1364,0.49,0.0,0.0,10,below0,-0.1364,0.22,0.0,0.0,10,below0,-0.1364,0.31,0.0,0.0,10,below0,-0.1364,0.46,0.0,0.0,10,below0,-0.1364,0.28,0.0,0.0,10,below0
1170,-0.1364,0.37,0.0,0.0,10,below0,-0.1364,0.13,0.0,0.0,10,below0,-0.1364,0.52,0.0,0.0,10,below0,-0.1364,0.58,0.0,0.0,10,below0,-0.1364,0.4,0.0,0.0,10,below0,-0.1364,0.49,0.0,0.0,10,below0,-0.1364,0.22,0.0,0.0,10,below0,-0.1364,0.31,0.0,0.0,10,below0,-0.1364,0.46,0.0,0.0,10,below0,-0.1364,0.28,0.0,0.0,10,below0
1176,-0.1364,0.37,0.0,0.0,10,below0,-0.1364,0.13,0.0,0.0,10,below0,-0.1364,0.52,0.0,0.0,10,below0,-0.1364,0.58,0.0,0.0,10,below0,-0.1364,0.4,0.0,0.0,10,below0,-0.1364,0.49,0.0,0.0,10,below0,-0.1364,0.22,0.0,0.0,10,below0,-0.1364,0.31,0.0,0.0,10,below0,-0.1364,0.46,0.0,0.0,10,below0,-0.1364,0.28,0.0,0.0,10,below0
1182,-0.1364,0.37,0.0,0.0,10,below0,-0.1364,0.13,0.0,0.0,10,below0,-0.1364,0.52,0.0,0.0,10,below0,-0.1364,0.58,0.0,0.0,10,below0,-0.1364,0.4,0.0,0.0,10,below0,-0.1364,0.49,0.0,0.0,10,below0,-0.1364,0.22,0.0,0.0,10,below0,-0.1364,0.31,0.0,0.0,10,below0,-0.1364,0.46,0.0,0.0,10,below0,-0.1364,0.28,0.0,0.0,10,below0
1188,-0.1364,0.37,0.0,0.0,10,below0,-0.1364,0.13,0.0,0.0,10,below0,-0.1364,0.52,0.0,0.0,10,below0,-0.1364,0.58,0.0,0.0,10,below0,-0.1364,0.4,0.0,0.0,10,below0,-0.1364,0.49,0.0,0.0,10,below0,-0.1364,0.22,0.0,0.0,10,below0,-0.1364,0.31,0.0,0.0,10,below0,-0.1364,0.46,0.0,0.0,10,below0,-0.1364,0.28,0.0,0.0,10,below0
1194,-0.1364,0.37,0.0,0.0,10,below0,-0.1364,0.13,0.0,0.0,10,below0,-0.1364,0.52,0.0,0.0,10,below0,-0.1364,0.58,0.0,0.0,10,below0,-0.1364,0.4,0.0,0.0,10,below0,-0.1364,0.49,0.0,0.0,10,below0,-0.1364,0.22,0.0,0.0,10,below0,-0.1364,0.31,0.0,0.0,10,below0,-0.1364,0.46,0.0,0.0,10,below0,-0.1364,0.28,0.0,0.0,10,below0
1200,-0.1364,0.37,0.0,0.0,10,below0,-0.1364,0.13,0.0,0.0,10,below0,-0.1364,0.52,0.0,0.0,10,below0,-0.1364,0.58,0.0,0.0,10,below0,-0.1364,0.4,0.0,0.0,10,below0,-0.1364,0.49,0.0,0.0,10,below0,-0.1364,0.22,0.0,0.0,10,below0,-0.1364,0.31,0.0,0.0,10,below0,-0.1364,0.46,0.0,0.0,10,below0,-0.1364,0.28,0.0,0.0,10,below0
1206,-0.1364,0.37,0.0,0.0,10,below0,-0.1364,0.13,0.0,0.0,10,below0,-0.1364,0.52,0.0,0.0,10,below0,-0.1364,0.58,0.0,0.0,10,below0,-0.1364,0.4,0.0,0.0,10,below0,-0.1364,0.49,0.0,0.0,10,below0,-0.1364,0.22,0.0,0.0,10,below0,-0.1364,0.31,0.0,0.0,10,below0,-0.1364,0.46,0.0,0.0,10,below0,-0.1364,0.28,0.0,0.0,10,below0
1212,-0.1364,0.37,0.0,0.0,10,below0,-0.1364,0.13,0.0,0.0,10,below0,-0.1364,0.52,0.0,0.0,10,below0,-0.1364,0.58,0.0,0.0,10,below0,-0.1364,0.4,0.0,0.0,10,below0,-0.1364,0.49,0.0,0.0,10,below0,-0.1364,0.22,0.0,0.0,10,below0,-0.1364,0.31,0.0,0.0,10,below0,-0.1364,0.46,0.0,0.0,10,below0,-0.1364,0.28,0.0,0.0,10,below0
1218,-0.1364,0.37,0.0,0.0,10,below0,-0.1364,0.13,0.0,0.0,10,below0,-0.1364,0.52,0.0,0.0,10,below0,-0.1364,0.58,0.0,0.0,10,below0,-0.1364,0.4,0.0,0.0,10,below0,-0.1364,0.49,0.0,0.0,10,below0,-0.1364,0.22,0.0,0.0,10,below0,-0.1364,0.31,0.0,0.0,10,below0,-0.1364,0.46,0.0,0.0,10,below0,-0.1364,0.28,0.0,0.0,10,below0
1224,-0.1364,0.37,0.0,0.0,10,below0,-0.1364,0.13,0.0,0.0,10,below0,-0.1364,0.52,0.0,0.0,10,below0,-0.1364,0.58,0.0,0.0,10,below0,-0.1364,0.4,0.0,0.0,10,below0,-0.1364,0.49,0.0,0.0,10,below0,-0.1364,0.22,0.0,0.0,10,below0,-0.1364,0.31,0.0,0.0,10,below0,-0.1364,0.46,0.0,0.0,10,below0,-0.1364,0.28,0.0,0.0,10,below0
1230,-0.1364,0.37,0.0,0.0,10,below0,-0.1364,0.13,0.0,0.0,10,below0,-0.1364,0.52,0.0,0.0,10,below0,-0.1364,0.58,0.0,0.0,10,below0,-0.1364,0.4,0.0,0.0,10,below0,-0.1364,0.49,0.0,0.0,10,below0,-0.1364,0.22,0.0,0.0,10,below0,-0.1364,0.31,0.0,0.0,10,below0,-0.1364,0.46,0.0,0.0,10,below0,-0.1364,0.28,0.0,0.0,10,below0
1236,-0.1364,0.37,0.0,0.0,10,below0,-0.1364,0.13,0.0,0.0,10,below0,-0.1364,0.52,0.0,0.0,10,below0,-0.1364,0.58,0.0,0.0,10,below0,-0.1364,0.4,0.0,0.0,10,below0,-0.1364,0.49,0.0,0.0,10,below0,-0.1364,0.22,0.0,0.0,10,below0,-0.1364,0.31,0.0,0.0,10,below0,-0.1364,0.46,0.0,0.0,10,below0,-0.1364,0.28,0.0,0.0,10,below0
1242,-0.1364,0.37,0.0,0.0,10,below0,-0.1364,0.13,0.0,0.0,10,below0,-0.1364,0.52,0.0,0.0,10,below0,-0.1364,0.58,0.0,0.0,10,below0,-0.1364,0.4,0.0,0.0,10,below0,-0.1364,0.49,0.0,0.0,10,below0,-0.1364,0.22,0.0,0.0,10,below0,-0.1364,0.31,0.0,0.0,10,below0,-0.1364,0.46,0.0,0.0,10,below0,-0.1364,0.28,0.0,0.0,10,below0
1248,-0.1364,0.37,0.0,0.0,10,below0,-0.1364,0.13,0.0,0.0,10,below0,-0.1364,0.52,0.0,0.0,10,below0,-0.1364,0.58,0.0,0.0,10,below0,-0.1364,0.4,0.0,0.0,10,below0,-0.1364,0.49,0.0,0.0,10,below0,-0.1364,0.22,0.0,0.0,10,below0,-0.1364,0.31,0.0,0.0,10,below0,-0.1364,0.46,0.0,0.0,10,below0,-0.1364,0.28,0.0,0.0,10,below0
1254,-0.1364,0.37,0.0,0.0,10,below0,-0.1364,0.13,0.0,0.0,10,below0,-0.1364,0.52,0.0,0.0,10,below0,-0.1364,0.58,0.0,0.0,10,below0,-0.1364,0.4,0.0,0.0,10,below0,-0.1364,0.49,0.0,0.0,10,below0,-0.1364,0.22,0.0,0.0,10,below0,-0.1364,0.31,0.0,0.0,10,below0,-0.1364,0.46,0.0,0.0,10,below0,-0.1364,0.28,0.0,0.0,10,below0
1260,-0.1364,0.37,0.0,0.0,10,below0,-0.1364,0.13,0.0,0.0,10,below0,-0.1364,0.52,0.0,0.0,10,below0,-0.1364,0.58,0.0,0.0,10,below0,-0.1364,0.4,0.0,0.0,10,below0,-0.1364,0.49,0.0,0.0,10,below0,-0.1364,0.22,0.0,0.0,10,below0,-0.1364,0.31,0.0,0.0,10,below0,-0.1364,0.46,0.0,0.0,10,below0,-0.1364,0.28,0.0,0.0,10,below0
1266,-0.1364,0.37,0.0,0.0,10,below0,-0.1364,0.13,0.0,0.0,10,below0,-0.1364,0.52,0.0,0.0,10,below0,-0.1364,0.58,0.0,0.0,10,below0,-0.1364,0.4,0.0,0.0,10,below0,-0.1364,0.49,0.0,0.0,10,below0,-0.1364,0.22,0.0,0.0,10,below0,-0.1364,0.31,0.0,0.0,10,below0,-0.1364,0.46,0.0,0.0,10,below0,-0.1364,0.28,0.0,0.0,10,below0
1272,-0.1364,0.37,0.0,0.0,10,below0,-0.1364,0.13,0.0,0.0,10,below0,-0.1364,0.52,0.0,0.0,10,below0,-0.1364,0.58,0.0,0.0,10,below0,-0.1364,0.4,0.0,0.0,10,below0,-0.1364,0.49,0.0,0.0,10,below0,-0.1364,0.22,0.0,0.0,10,below0,-0.1364,0.31,0.0,0.0,10,below0,-0.1364,0.46,0.0,0.0,10,below0,-0.1364,0.28,0.0,0.0,10,below0
1278,-0.1364,0.37,0.0,0.0,10,below0,-0.1364,0.13,0.0,0.0,10,below0,-0.1364,0.52,0.0,0.0,10,below0,-0.1364,0.58,0.0,0.0,10,below0,-0.1364,0.4,0.0,0.0,10,below0,-0.1364,0.49,0.0,0.0,10,below0,-0.1364,0.22,0.0,0.0,10,below0,-0.1364,0.31,0.0,0.0,10,below0,-0.1364,0.46,0.0,0.0,10,below0,-0.1364,0.28,0.0,0.0,10,below0
1284,-0.1364,0.37,0.0,0.0,10,below0,-0.1364,0.13,0.0,0.0,10,below0,-0.1364,0.52,0.0,0.0,10,below0,-0.1364,0.58,0.0,0.0,10,below0,-0.1364,0.4,0.0,0.0,10,below0,-0.1364,0.49,0.0,0.0,10,below0,-0.1364,0.22,0.0,0.0,10,below0,-0.1364,0.31,0.0,0.0,10,below0,-0.1364,0.46,0.0,0.0,10,below0,-0.1364,0.28,0.0,0.0,10,below0
1290,-0.1364,0.37,0.0,0.0,10,below0,-0.1364,0.13,0.0,0.0,10,below0,-0.1364,0.52,0.0,0.0,10,below0,-0.1364,0.58,0.0,0.0,10,below0,-0.1364,0.4,0.0,0.0,10,below0,-0.1364,0.49,0.0,0.0,10,below0,-0.1364,0.22,0.0,0.0,10,below0,-0.1364,0.31,0.0,0.0,10,below0,-0.1364,0.46,0.0,0.0,10,below0,-0.1364,0.28,0.0,0.0,10,below0
1296,-0.1364,0.37,0.0,0.0,10,below0,-0.1364,0.13,0.0,0.0,10,below0,-0.1364,0.52,0.0,0.0,10,below0,-0.1364,0.58,0.0,0.0,10,below0,-0.1364,0.4,0.0,0.0,10,below0,-0.1364,0.49,0.0,0.0,10,below0,-0.1364,0.22,0.0,0.0,10,below0,-0.1364,0.31,0.0,0.0,10,below0,-0.1364,0.46,0.0,0.0,10,below0,-0.1364,0.28,0.0,0.0,10,below0
1302,-0.1364,0.37,0.0,0.0,10,below0,-0.1364,0.13,0.0,0.0,10,below0,-0.1364,0.52,0.0,0.0,10,below0,-0.1364,0.58,0.0,0.0,10,below0,-0.1364,0.4,0.0,0.0,10,below0,-0.1364,0.49,0.0,0.0,10,below0,-0.1364,0.22,0.0,0.0,10,below0,-0.1364,0.31,0.0,0.0,10,below0,-0.1364,0.46,0.0,0.0,10,below0,-0.1364,0.28,0.0,0.0,10,below0
1308,-0.1364,0.37,0.0,0.0,10,below0,-0.1364,0.13,0.0,0.0,10,below0,-0.1364,0.52,0.0,0.0,10,below0,-0.1364,0.58,0.0,0.0,10,below0,-0.1364,0.4,0.0,0.0,10,below0,-0.1364,0.49,0.0,0.0,10,below0,-0.1364,0.22,0.0,0.0,10,below0,-0.1364,0.31,0.0,0.0,10,below0,-0.1364,0.46,0.0,0.0,10,below0,-0.1364,0.28,0.0,0.0,10,below0
1314,-0.1364,0.37,0.0,0.0,10,below0,-0.1364,0.13,0.0,0.0,10,below0,-0.1364,0.52,0.0,0.0,10,below0,-0.1364,0.58,0.0,0.0,10,below0,-0.1364,0.4,0.0,0.0,10,below0,-0.1364,0.49,0.0,0.0,10,below0,-0.1364,0.22,0.0,0.0,10,below0,-0.1364,0.31,0.0,0.0,10,below0,-0.1364,0.46,0.0,0.0,10,below0,-0.1364,0.28,0.0,0.0,10,below0
1320,-0.1364,0.37,0.0,0.0,10,below0,-0.1364,0.13,0.0,0.0,10,below0,-0.1364,0.52,0.0,0.0,10,below0,-0.1364,0.58,0.0,0.0,10,below0,-0.1364,0.4,0.0,0.0,10,below0,-0.1364,0.49,0.0,0.0,10,below0,-0.1364,0.22,0.0,0.0,10,below0,-0.1364,0.31,0.0,0.0,10,below0,-0.1364,0.46,0.0,0.0,10,below0,-0.1364,0.28,0.0,0.0,10,below0
1326,-0.1364,0.37,0.0,0.0,10,below0,-0.1364,0.13,0.0,0.0,10,below0,-0.1364,0.52,0.0,0.0,10,below0,-0.1364,0.58,0.0,0.0,10,below0,-0.1364,0.4,0.0,0.0,10,below0,-0.1364,0.49,0.0,0.0,10,below0,-0.1364,0.22,0.0,0.0,10,below0,-0.1364,0.31,0.0,0.0,10,below0,-0.1364,0.46,0.0,0.0,10,below0,-0.1364,0.28,0.0,0.0,10,below0
1332,-0.1364,0.37,0.0,0.0,10,below0,-0.1364,0.13,0.0,0.0,10,below0,-0.1364,0.52,0.0,0.0,10,below0,-0.1364,0.58,0.0,0.0,10,below0,-0.1364,0.4,0.0,0.0,10,below0,-0.1364,0.49,0.0,0.0,10,below0,-0.1364,0.22,0.0,0.0,10,below0,-0.1364,0.31,0.0,0.0,10,below0,-0.1364,0.46,0.0,0.0,10,below0,-0.1364,0.28,0.0,0.0,10,below0
1338,-0.1364,0.37,0.0,0.0,10,below0,-0.1364,0.13,0.0,0.0,10,below0,-0.1364,0.52,0.0,0.0,10,below0,-0.1364,0.58,0.0,0.0,10,below0,-0.1364,0.4,0.0,0.0,10,below0,-0.1364,0.49,0.0,0.0,10,below0,-0.1364,0.22,0.0,0.0,10,below0,-0.1364,0.31,0.0,0.0,10,below0,-0.1364,0.46,0.0,0.0,10,below0,-0.1364,0.28,0.0,0.0,10,below0
1344,-0.1364,0.37,0.0,0.0,10,below0,-0.1364,0.13,0.0,0.0,10,below0,-0.1364,0.52,0.0,0.0,10,below0,-0.1364,0.58,0.0,0.0,10,below0,-0.1364,0.4,0.0,0.0,10,below0,-0.1364,0.49,0.0,0.0,10,below0,-0.1364,0.22,0.0,0.0,10,below0,-0.1364,0.31,0.0,0.0,10,below0,-0.1364,0.46,0.0,0.0,10,below0,-0.1364,0.28,0.0,0.0,10,below0
1350,-0.1364,0.37,0.0,0.0,10,below0,-0.1364,0.13,0.0,0.0,10,below0,-0.1364,0.52,0.0,0.0,10,below0,-0.1364,0.58,0.0,0.0,10,below0,-0.1364,0.4,0.0,0.0,10,below0,-0.1364,0.49,0.0,0.0,10,below0,-0.1364,0.22,0.0,0.0,10,below0,-0.1364,0.31,0.0,0.0,10,below0,-0.1364,0.46,0.0,0.0,10,below0,-0.1364,0.28,0.0,0.0,10,below0
1356,-0.1364,0.37,0.0,0.0,10,below0,-0.1364,0.13,0.0,0.0,10,below0,-0.1364,0.52,0.0,0.0,10,below0,-0.1364,0.58,0.0,0.0,10,below0,-0.1364,0.4,0.0,0.0,10,below0,-0.1364,0.49,0.0,0.0,10,below0,-0.1364,0.22,0.0,0.0,10,below0,-0.1364,0.31,0.0,0.0,10,below0,-0.1364,0.46,0.0,0.0,10,below0,-0.1364,0.28,0.0,0.0,10,below0
1362,-0.1364,0.37,0.0,0.0,10,below0,-0.1364,0.13,0.0,0.0,10,below0,-0.1364,0.52,0.0,0.0,10,below0,-0.1364,0.58,0.0,0.0,10,below0,-0.1364,0.4,0.0,0.0,10,below0,-0.1364,0.49,0.0,0.0,10,below0,-0.1364,0.22,0.0,0.0,10,below0,-0.1364,0.31,0.0,0.0,10,below0,-0.1364,0.46,0.0,0.0,10,below0,-0.1364,0.28,0.0,0.0,10,below0
1368,-0.1364,0.37,0.0,0.0,10,below0,-0.1364,0.13,0.0,0.0,10,below0,-0.1364,0.52,0.0,0.0,10,below0,-0.1364,0.58,0.0,0.0,10,below0,-0.1364,0.4,0.0,0.0,10,below0,-0.1364,0.49,0.0,0.0,10,below0,-0.1364,0.22,0.0,0.0,10,below0,-0.1364,0.31,0.0,0.0,10,below0,-0.1364,0.46,0.0,0.0,10,below0,-0.1364,0.28,0.0,0.0,10,below0
1374,-0.1364,0.37,0.0,0.0,10,below0,-0.1364,0.13,0.0,0.0,10,below0,-0.1364,0.52,0.0,0.0,10,below0,-0.1364,0.58,0.0,0.0,10,below0,-0.1364,0.4,0.0,0.0,10,below0,-0.1364,0.49,0.0,0.0,10,below0,-0.1364,0.22,0.0,0.0,10,below0,-0.1364,0.31,0.0,0.0,10,below0,-0.1364,0.46,0.0,0.0,10,below0,-0.1364,0.28,0.0,0.0,10,below0
1380,-0.1364,0.37,0.0,0.0,10,below0,-0.1364,0.13,0.0,0.0,10,below0,-0.1364,0.52,0.0,0.0,10,below0,-0.1364,0.58,0.0,0.0,10,below0,-0.1364,0.4,0.0,0.0,10,below0,-0.1364,0.49,0.0,0.0,10,below0,-0.1364,0.22,0.0,0.0,10,below0,-0.1364,0.31,0.0,0.0,10,below0,-0.1364,0.46,0.0,0.0,10,below0,-0.1364,0.28,0.0,0.0,10,below0
1386,-0.1364,0.37,0.0,0.0,10,below0,-0.1364,0.13,0.0,0.0,10,below0,-0.1364,0.52,0.0,0.0,10,below0,-0.1364,0.58,0.0,0.0,10,below0,-0.1364,0.4,0.0,0.0,10,below0,-0.1364,0.49,0.0,0.0,10,below0,-0.1364,0.22,0.0,0.0,10,below0,-0.1364,0.31,0.0,0.0,10,below0,-0.1364,0.46,0.0,0.0,10,below0,-0.1364,0.28,0.0,0.0,10,below0
1392,-0.1364,0.37,0.0,0.0,10,below0,-0.1364,0.13,0.0,0.0,10,below0,-0.1364,0.52,0.0,0.0,10,below0,-0.1364,0.58,0.0,0.0,10,below0,-0.1364,0.4,0.0,0.0,10,below0,-0.1364,0.49,0.0,0.0,10,below0,-0.1364,0.22,0.0,0.0,10,below0,-0.1364,0.31,0.0,0.0,10,below0,-0.1364,0.46,0.0,0.0,10,below0,-0.1364,0.28,0.0,0.0,10,below0
1398,-0.1364,0.37,0.0,0.0,10,below0,-0.1364,0.13,0.0,0.0,10,below0,-0.1364,0.52,0.0,0.0,10,below0,-0.1364,0.58,0.0,0.0,10,below0,-0.1364,0.4,0.0,0.0,10,below0,-0.1364,0.49,0.0,0.0,10,below0,-0.1364,0.22,0.0,0.0,10,below0,-0.1364,0.31,0.0,0.0,10,below0,-0.1364,0.46,0.0,0.0,10,below0,-0.1364,0.28,0.0,0.0,10,below0
1404,-0.1364,0.37,0.0,0.0,10,below0,-0.1364,0.13,0.0,0.0,10,below0,-0.1364,0.52,0.0,0.0,10,below0,-0.1364,0.58,0.0,0.0,10,below0,-0.1364,0.4,0.0,0.0,10,below0,-0.1364,0.49,0.0,0.0,10,below0,-0.1364,0.22,0.0,0.0,10,below0,-0.1364,0.31,0.0,0.0,10,below0,-0.1364,0.46,0.0,0.0,10,below0,-0.1364,0.28,0.0,0.0,10,below0
1410,-0.1364,0.37,0.0,0.0,10,below0,-0.1364,0.13,0.0,0.0,10,below0,-0.1364,0.52,0.0,0.0,10,below0,-0.1364,0.58,0.0,0.0,10,below0,-0.1364,0.4,0.0,0.0,10,below0,-0.1364,0.49,0.0,0.0,10,below0,-0.1364,0.22,0.0,0.0,10,below0,-0.1364,0.31,0.0,0.0,10,below0,-0.1364,0.46,0.0,0.0,10,below0,-0.1364,0.28,0.0,0.0,10,below0
1416,-0.1364,0.37,0.0,0.0,10,below0,-0.1364,0.13,0.0,0.0,10,below0,-0.1364,0.52,0.0,0.0,10,below0,-0.1364,0.58,0.0,0.0,10,below0,-0.1364,0.4,0.0,0.0,10,below0,-0.1364,0.49,0.0,0.0,10,below0,-0.1364,0.22,0.0,0.0,10,below0,-0.1364,0.31,0.0,0.0,10,below0,-0.1364,0.46,0.0,0.0,10,below0,-0.1364,0.28,0.0,0.0,10,below0
1422,-0.1364,0.37,0.0,0.0,10,below0,-0.1364,0.13,0.0,0.0,10,below0,-0.1364,0.52,0.0,0.0,10,below0,-0.1364,0.58,0.0,0.0,10,below0,-0.1364,0.4,0.0,0.0,10,below0,-0.1364,0.49,0.0,0.0,10,below0,-0.1364,0.22,0.0,0.0,10,below0,-0.1364,0.31,0.0,0.0,10,below0,-0.1364,0.46,0.0,0.0,10,below0,-0.1364,0.28,0.0,0.0,10,below0
1428,-0.1364,0.37,0.0,0.0,10,below0,-0.1364,0.13,0.0,0.0,10,below0,-0.1364,0.52,0.0,0.0,10,below0,-0.1364,0.58,0.0,0.0,10,below0,-0.1364,0.4,0.0,0.0,10,below0,-0.1364,0.49,0.0,0.0,10,below0,-0.1364,0.22,0.0,0.0,10,below0,-0.1364,0.31,0.0,0.0,10,below0,-0.1364,0.46,0.0,0.0,10,below0,-0.1364,0.28,0.0,0.0,10,below0
1434,-0.1364,0.37,0.0,0.0,10,below0,-0.1364,0.13,0.0,0.0,10,below0,-0.1364,0.52,0.0,0.0,10,below0,-0.1364,0.58,0.0,0.0,10,below0,-0.1364,0.4,0.0,0.0,10,below0,-0.1364,0.49,0.0,0.0,10,below0,-0.1364,0.22,0.0,0.0,10,below0,-0.1364,0.31,0.0,0.0,10,below0,-0.1364,0.46,0.0,0.0,10,below0,-0.1364,0.28,0.0,0.0,10,below0
1440,-0.1364,0.46,0.0,0.0,10,below0,-0.1364,0.13,0.0,0.0,10,below0,-0.1364,0.52,0.0,0.0,10,below0,-0.1364,0.49,0.0,0.0,10,below0,-0.1364,0.4,0.0,0.0,10,below0,-0.1364,0.58,0.0,0.0,10,below0,-0.1364,0.22,0.0,0.0,10,below0,-0.1364,0.31,0.0,0.0,10,below0,-0.1364,0.55,0.0,0.0,10,below0,-0.1364,0.34,0.0,0.0,10,below0
1446,-0.1364,0.46,0.0,0.0,10,below0,-0.1364,0.13,0.0,0.0,10,below0,-0.1364,0.52,0.0,0.0,10,below0,-0.1364,0.49,0.0,0.0,10,below0,-0.1364,0.4,0.0,0.0,10,below0,-0.1364,0.58,0.0,0.0,10,below0,-0.1364,0.22,0.0,0.0,10,below0,-0.1364,0.31,0.0,0.0,10,below0,-0.1364,0.55,0.0,0.0,10,below0,-0.1364,0.34,0.0,0.0,10,below0
1452,-0.1364,0.46,0.0,0.0,10,below0,-0.1364,0.13,0.0,0.0,10,below0,-0.1364,0.52,0.0,0.0,10,below0,-0.1364,0.49,0.0,0.0,10,below0,-0.1364,0.4,0.0,0.0,10,below0,-0.1364,0.58,0.0,0.0,10,below0,-0.1364,0.22,0.0,0.0,10,below0,-0.1364,0.31,0.0,0.0,10,below0,-0.1364,0.55,0.0,0.0,10,below0,-0.1364,0.34,0.0,0.0,10,below0
1458,-0.1364,0.46,0.0,0.0,10,below0,-0.1364,0.13,0.0,0.0,10,below0,-0.1364,0.52,0.0,0.0,10,below0,-0.1364,0.49,0.0,0.0,10,below0,-0.1364,0.4,0.0,0.0,10,below0,-0.1364,0.58,0.0,0.0,10,below0,-0.1364,0.22,0.0,0.0,10,below0,-0.1364,0.31,0.0,0.0,10,below0,-0.1364,0.55,0.0,0.0,10,below0,-0.1364,0.34,0.0,0.0,10,below0
1464,-0.1364,0.46,0.0,0.0,10,below0,-0.1364,0.13,0.0,0.0,10,below0,-0.1364,0.52,0.0,0.0,10,below0,-0.1364,0.49,0.0,0.0,10,below0,-0.1364,0.4,0.0,0.0,10,below0,-0.1364,0.58,0.0,0.0,10,below0,-0.1364,0.22,0.0,0.0,10,below0,-0.1364,0.31,0.0,0.0,10,below0,-0.1364,0.55,0.0,0.0,10,below0,-0.1364,0.34,0.0,0.0,10,below0
1470,-0.1364,0.46,0.0,0.0,10,below0,-0.1364,0.13,0.0,0.0,10,below0,-0.1364,0.52,0.0,0.0,10,below0,-0.1364,0.49,0.0,0.0,10,below0,-0.1364,0.4,0.0,0.0,10,below0,-0.1364,0.58,0.0,0.0,10,below0,-0.1364,0.22,0.0,0.0,10,below0,-0.1364,0.31,0.0,0.0,10,below0,-0.1364,0.55,0.0,0.0,10,below0,-0.1364,0.34,0.0,0.0,10,below0
1476,-0.1364,0.46,0.0,0.0,10,below0,-0.1364,0.13,0.0,0.0,10,below0,-0.1364,0.52,0.0,0.0,10,below0,-0.1364,0.49,0.0,0.0,10,below0,-0.1364,0.4,0.0,0.0,10,below0,-0.1364,0.58,0.0,0.0,10,below0,-0.1364,0.22,0.0,0.0,10,below0,-0.1364,0.31,0.0,0.0,10,below0,-0.1364,0.55,0.0,0.0,10,below0,-0.1364,0.34,0.0,0.0,10,below0
1482,-0.1364,0.46,0.0,0.0,10,below0,-0.1364,0.13,0.0,0.0,10,below0,-0.1364,0.52,0.0,0.0,10,below0,-0.1364,0.49,0.0,0.0,10,below0,-0.1364,0.4,0.0,0.0,10,below0,-0.1364,0.58,0.0,0.0,10,below0,-0.1364,0.22,0.0,0.0,10,below0,-0.1364,0.31,0.0,0.0,10,below0,-0.1364,0.55,0.0,0.0,10,below0,-0.1364,0.34,0.0,0.0,10,below0
1488,-0.1364,0.46,0.0,0.0,10,below0,-0.1364,0.13,0.0,0.0,10,below0,-0.1364,0.52,0.0,0.0,10,below0,-0.1364,0.49,0.0,0.0,10,below0,-0.1364,0.4,0.0,0.0,10,below0,-0.1364,0.58,0.0,0.0,10,below0,-0.1364,0.22,0.0,0.0,10,below0,-0.1364,0.31,0.0,0.0,10,below0,-0.1364,0.55,0.0,0.0,10,below0,-0.1364,0.34,0.0,0.0,10,below0
1494,-0.1364,0.46,0.0,0.0,10,below0,-0.1364,0.13,0.0,0.0,10,below0,-0.1364,0.52,0.0,0.0,10,below0,-0.1364,0.49,0.0,0.0,10,below0,-0.1364,0.4,0.0,0.0,10,below0,-0.1364,0.58,0.0,0.0,10,below0,-0.1364,0.22,0.0,0.0,10,below0,-0.1364,0.31,0.0,0.0,10,below0,-0.1364,0.55,0.0,0.0,10,below0,-0.1364,0.34,0.0,0.0,10,below0
1500,-0.1364,0.46,0.0,0.0,10,below0,-0.1364,0.13,0.0,0.0,10,below0,-0.1364,0.52,0.0,0.0,10,below0,-0.1364,0.49,0.0,0.0,10,below0,-0.1364,0.4,0.0,0.0,10,below0,-0.1364,0.58,0.0,0.0,10,below0,-0.1364,0.22,0.0,0.0,10,below0,-0.1364,0.31,0.0,0.0,10,below0,-0.1364,0.55,0.0,0.0,10,below0,-0.1364,0.34,0.0,0.0,10,below0
1506,-0.1364,0.46,0.0,0.0,10,below0,-0.1364,0.13,0.0,0.0,10,below0,-0.1364,0.52,0.0,0.0,10,below0,-0.1364,0.49,0.0,0.0,10,below0,-0.1364,0.4,0.0,0.0,10,below0,-0.1364,0.58,0.0,0.0,10,below0,-0.1364,0.22,0.0,0.0,10,below0,-0.1364,0.31,0.0,0.0,10,below0,-0.1364,0.55,0.0,0.0,10,below0,-0.1364,0.34,0.0,0.0,10,below0
1512,-0.1364,0.46,0.0,0.0,10,below0,-0.1364,0.13,0.0,0.0,10,below0,-0.1364,0.52,0.0,0.0,10,below0,-0.1364,0.49,0.0,0.0,10,below0,-0.1364,0.4,0.0,0.0,10,below0,-0.1364,0.58,0.0,0.0,10,below0,-0.1364,0.22,0.0,0.0,10,below0,-0.1364,0.31,0.0,0.0,10,below0,-0.1364,0.55,0.0,0.0,10,below0,-0.1364,0.34,0.0,0.0,10,below0
1518,-0.1364,0.46,0.0,0.0,10,below0,-0.1364,0.13,0.0,0.0,10,below0,-0.1364,0.52,0.0,0.0,10,below0,-0.1364,0.49,0.0,0.0,10,below0,-0.1364,0.4,0.0,0.0,10,below0,-0.1364,0.58,0.0,0.0,10,below0,-0.1364,0.22,0.0,0.0,10,below0,-0.1364,0.31,0.0,0.0,10,below0,-0.1364,0.55,0.0,0.0,10,below0,-0.1364,0.34,0.0,0.0,10,below0
1524,-0.1364,0.46,0.0,0.0,10,below0,-0.1364,0.13,0.0,0.0,10,below0,-0.1364,0.52,0.0,0.0,10,below0,-0.1364,0.49,0.0,0.0,10,below0,-0.1364,0.4,0.0,0.0,10,below0,-0.1364,0.58,0.0,0.0,10,below0,-0.1364,0.22,0.0,0.0,10,below0,-0.1364,0.31,0.0,0.0,10,below0,-0.1364,0.55,0.0,0.0,10,below0,-0.1364,0.34,0.0,0.0,10,below0
1530,-0.1364,0.46,0.0,0.0,10,below0,-0.1364,0.13,0.0,0.0,10,below0,-0.1364,0.52,0.0,0.0,10,below0,-0.1364,0.49,0.0,0.0,10,below0,-0.1364,0.4,0.0,0.0,10,below0,-0.1364,0.58,0.0,0.0,10,below0,-0.1364,0.22,0.0,0.0,10,below0,-0.1364,0.31,0.0,0.0,10,below0,-0.1364,0.55,0.0,0.0,10,below0,-0.1364,0.34,0.0,0.0,10,below0
1536,-0.1364,0.46,0.0,0.0,10,below0,-0.1364,0.13,0.0,0.0,10,below0,-0.1364,0.52,0.0,0.0,10,below0,-0.1364,0.49,0.0,0.0,10,below0,-0.1364,0.4,0.0,0.0,10,below0,-0.1364,0.58,0.0,0.0,10,below0,-0.1364,0.22,0.0,0.0,10,below0,-0.1364,0.31,0.0,0.0,10,below0,-0.1364,0.55,0.0,0.0,10,below0,-0.1364,0.34,0.0,0.0,10,below0
1542,-0.1364,0.46,0.0,0.0,10,below0,-0.1364,0.13,0.0,0.0,10,below0,-0.1364,0.52,0.0,0.0,10,below0,-0.1364,0.49,0.0,0.0,10,below0,-0.1364,0.4,0.0,0.0,10,below0,-0.1364,0.58,0.0,0.0,10,below0,-0.1364,0.22,0.0,0.0,10,below0,-0.1364,0.31,0.0,0.0,10,below0,-0.1364,0.55,0.0,0.0,10,below0,-0.1364,0.34,0.0,0.0,10,below0
1548,-0.1364,0.46,0.0,0.0,10,below0,-0.1364,0.13,0.0,0.0,10,below0,-0.1364,0.52,0.0,0.0,10,below0,-0.1364,0.49,0.0,0.0,10,below0,-0.1364,0.4,0.0,0.0,10,below0,-0.1364,0.58,0.0,0.0,10,below0,-0.1364,0.22,0.0,0.0,10,below0,-0.1364,0.31,0.0,0.0,10,below0,-0.1364,0.55,0.0,0.0,10,below0,-0.1364,0.34,0.0,0.0,10,below0
1554,-0.1364,0.46,0.0,0.0,10,below0,-0.1364,0.13,0.0,0.0,10,below0,-0.1364,0.52,0.0,0.0,10,below0,-0.1364,0.49,0.0,0.0,10,below0,-0.1364,0.4,0.0,0.0,10,below0,-0.1364,0.58,0.0,0.0,10,below0,-0.1364,0.22,0.0,0.0,10,below0,-0.1364,0.31,0.0,0.0,10,below0,-0.1364,0.55,0.0,0.0,10,below0,-0.1364,0.34,0.0,0.0,10,below0
1560,-0.1364,0.46,0.0,0.0,10,below0,-0.1364,0.13,0.0,0.0,10,below0,-0.1364,0.52,0.0,0.0,10,below0,-0.1364,0.49,0.0,0.0,10,below0,-0.1364,0.4,0.0,0.0,10,below0,-0.1364,0.58,0.0,0.0,10,below0,-0.1364,0.22,0.0,0.0,10,below0,-0.1364,0.31,0.0,0.0,10,below0,-0.1364,0.55,0.0,0.0,10,below0,-0.1364,0.34,0.0,0.0,10,below0
1566,-0.1364,0.46,0.0,0.0,10,below0,-0.1364,0.13,0.0,0.0,10,below0,-0.1364,0.52,0.0,0.0,10,below0,-0.1364,0.49,0.0,0.0,10,below0,-0.1364,0.4,0.0,0.0,10,below0,-0.1364,0.58,0.0,0.0,10,below0,-0.1364,0.22,0.0,0.0,10,below0,-0.1364,0.31,0.0,0.0,10,below0,-0.1364,0.55,0.0,0.0,10,below0,-0.1364,0.34,0.0,0.0,10,below0
1572,-0.1364,0.46,0.0,0.0,10,below0,-0.1364,0.13,0.0,0.0,10,below0,-0.1364,0.52,0.0,0.0,10,below0,-0.1364,0.49,0.0,0.0,10,below0,-0.1364,0.4,0.0,0.0,10,below0,-0.1364,0.58,0.0,0.0,10,below0,-0.1364,0.22,0.0,0.0,10,below0,-0.1364,0.31,0.0,0.0,10,below0,-0.1364,0.55,0.0,0.0,10,below0,-0.1364,0.34,0.0,0.0,10,below0
1578,-0.1364,0.46,0.0,0.0,10,below0,-0.1364,0.13,0.0,0.0,10,below0,-0.1364,0.52,0.0,0.0,10,below0,-0.1364,0.49,0.0,0.0,10,below0,-0.1364,0.4,0.0,0.0,10,below0,-0.1364,0.58,0.0,0.0,10,below0,-0.1364,0.22,0.0,0.0,10,below0,-0.1364,0.31,0.0,0.0,10,below0,-0.1364,0.55,0.0,0.0,10,below0,-0.1364,0.34,0.0,0.0,10,below0
1584,-0.1364,0.46,0.0,0.0,10,below0,-0.1364,0.13,0.0,0.0,10,below0,-0.1364,0.52,0.0,0.0,10,below0,-0.1364,0.49,0.0,0.0,10,below0,-0.1364,0.4,0.0,0.0,10,below0,-0.1364,0.58,0.0,0.0,10,below0,-0.1364,0.22,0.0,0.0,10,below0,-0.1364,0.31,0.0,0.0,10,below0,-0.1364,0.55,0.0,0.0,10,below0,-0.1364,0.34,0.0,0.0,10,below0
1590,-0.1364,0.46,0.0,0.0,10,below0,-0.1364,0.13,0.0,0.0,10,below0,-0.1364,0.52,0.0,0.0,10,below0,-0.1364,0.49,0.0,0.0,10,below0,-0.1364,0.4,0.0,0.0,10,below0,-0.1364,0.58,0.0,0.0,10,below0,-0.1364,0.22,0.0,0.0,10,below0,-0.1364,0.31,0.0,0.0,10,below0,-0.1364,0.55,0.0,0.0,10,below0,-0.1364,0.34,0.0,0.0,10,below0
1596,-0.1364,0.46,0.0,0.0,10,below0,-0.1364,0.13,0.0,0.0,10,below0,-0.1364,0.52,0.0,0.0,10,below0,-0.1364,0.49,0.0,0.0,10,below0,-0.1364,0.4,0.0,0.0,10,below0,-0.1364,0.58,0.0,0.0,10,below0,-0.1364,0.22,0.0,0.0,10,below0,-0.1364,0.31,0.0,0.0,10,below0,-0.1364,0.55,0.0,0.0,10,below0,-0.1364,0.34,0.0,0.0,10,below0
1602,-0.1364,0.46,0.0,0.0,10,below0,-0.1364,0.13,0.0,0.0,10,below0,-0.1364,0.52,0.0,0.0,10,below0,-0.1364,0.49,0.0,0.0,10,below0,-0.1364,0.4,0.0,0.0,10,below0,-0.1364,0.58,0.0,0.0,10,below0,-0.1364,0.22,0.0,0.0,10,below0,-0.1364,0.31,0.0,0.0,10,below0,-0.1364,0.55,0.0,0.0,10,below0,-0.1364,0.34,0.0,0.0,10,below0
1608,-0.1364,0.46,0.0,0.0,10,below0,-0.1364,0.13,0.0,0.0,10,below0,-0.1364,0.52,0.0,0.0,10,below0,-0.1364,0.49,0.0,0.0,10,below0,-0.1364,0.4,0.0,0.0,10,below0,-0.1364,0.58,0.0,0.0,10,below0,-0.1364,0.22,0.0,0.0,10,below0,-0.1364,0.31,0.0,0.0,10,below0,-0.1364,0.55,0.0,0.0,10,below0,-0.1364,0.34,0.0,0.0,10,below0
1614,-0.1364,0.46,0.0,0.0,10,below0,-0.1364,0.13,0.0,0.0,10,below0,-0.1364,0.52,0.0,0.0,10,below0,-0.1364,0.49,0.0,0.0,10,below0,-0.1364,0.4,0.0,0.0,10,below0,-0.1364,0.58,0.0,0.0,10,below0,-0.1364,0.22,0.0,0.0,10,below0,-0.1364,0.31,0.0,0.0,10,below0,-0.1364,0.55,0.0,0.0,10,below0,-0.1364,0.34,0.0,0.0,10,below0
1620,-0.1364,0.46,0.0,0.0,10,below0,-0.1364,0.13,0.0,0.0,10,below0,-0.1364,0.52,0.0,0.0,10,below0,-0.1364,0.49,0.0,0.0,10,below0,-0.1364,0.4,0.0,0.0,10,below0,-0.1364,0.58,0.0,0.0,10,below0,-0.1364,0.22,0.0,0.0,10,below0,-0.1364,0.31,0.0,0.0,10,below0,-0.1364,0.55,0.0,0.0,10,below0,-0.1364,0.34,0.0,0.0,10,below0
1626,-0.1364,0.46,0.0,0.0,10,below0,-0.1364,0.13,0.0,0.0,10,below0,-0.1364,0.52,0.0,0.0,10,below0,-0.1364,0.49,0.0,0.0,10,below0,-0.1364,0.4,0.0,0.0,10,below0,-0.1364,0.58,0.0,0.0,10,below0,-0.1364,0.22,0.0,0.0,10,below0,-0.1364,0.31,0.0,0.0,10,below0,-0.1364,0.55,0.0,0.0,10,below0,-0.1364,0.34,0.0,0.0,10,below0
1632,-0.1364,0.46,0.0,0.0,10,below0,-0.1364,0.13,0.0,0.0,10,below0,-0.1364,0.52,0.0,0.0,10,below0,-0.1364,0.49,0.0,0.0,10,below0,-0.1364,0.4,0.0,0.0,10,below0,-0.1364,0.58,0.0,0.0,10,below0,-0.1364,0.22,0.0,0.0,10,below0,-0.1364,0.31,0.0,0.0,10,below0,-0.1364,0.55,0.0,0.0,10,below0,-0.1364,0.34,0.0,0.0,10,below0
1638,-0.1364,0.46,0.0,0.0,10,below0,-0.1364,0.13,0.0,0.0,10,below0,-0.1364,0.52,0.0,0.0,10,below0,-0.1364,0.49,0.0,0.0,10,below0,-0.1364,0.4,0.0,0.0,10,below0,-0.1364,0.58,0.0,0.0,10,below0,-0.1364,0.22,0.0,0.0,10,below0,-0.1364,0.31,0.0,0.0,10,below0,-0.1364,0.55,0.0,0.0,10,below0,-0.1364,0.34,0.0,0.0,10,below0
1644,-0.1364,0.46,0.0,0.0,10,below0,-0.1364,0.13,0.0,0.0,10,below0,-0.1364,0.52,0.0,0.0,10,below0,-0.1364,0.49,0.0,0.0,10,below0,-0.1364,0.4,0.0,0.0,10,below0,-0.1364,0.58,0.0,0.0,10,below0,-0.1364,0.22,0.0,0.0,10,below0,-0.1364,0.31,0.0,0.0,10,below0,-0.1364,0.55,0.0,0.0,10,below0,-0.1364,0.34,0.0,0.0,10,below0
1650,-0.1364,0.46,0.0,0.0,10,below0,-0.1364,0.13,0.0,0.0,10,below0,-0.1364,0.52,0.0,0.0,10,below0,-0.1364,0.49,0.0,0.0,10,below0,-0.1364,0.4,0.0,0.0,10,below0,-0.1364,0.58,0.0,0.0,10,below0,-0.1364,0.22,0.0,0.0,10,below0,-0.1364,0.31,0.0,0.0,10,below0,-0.1364,0.55,0.0,0.0,10,below0,-0.1364,0.34,0.0,0.0,10,below0
1656,-0.1364,0.46,0.0,0.0,10,below0,-0.1364,0.13,0.0,0.0,10,below0,-0.1364,0.52,0.0,0.0,10,below0,-0.1364,0.49,0.0,0.0,10,below0,-0.1364,0.4,0.0,0.0,10,below0,-0.1364,0.58,0.0,0.0,10,below0,-0.1364,0.22,0.0,0.0,10,below0,-0.1364,0.31,0.0,0.0,10,below0,-0.1364,0.55,0.0,0.0,10,below0,-0.1364,0.34,0.0,0.0,10,below0
1662,-0.1364,0.46,0.0,0.0,10,below0,-0.1364,0.13,0.0,0.0,10,below0,-0.1364,0.52,0.0,0.0,10,below0,-0.1364,0.49,0.0,0.0,10,below0,-0.1364,0.4,0.0,0.0,10,below0,-0.1364,0.58,0.0,0.0,10,below0,-0.1364,0.22,0.0,0.0,10,below0,-0.1364,0.31,0.0,0.0,10,below0,-0.1364,0.55,0.0,0.0,10,below0,-0.1364,0.34,0.0,0.0,10,below0
1668,-0.1364,0.46,0.0,0.0,10,below0,-0.1364,0.13,0.0,0.0,10,below0,-0.1364,0.52,0.0,0.0,10,below0,-0.1364,0.49,0.0,0.0,10,below0,-0.1364,0.4,0.0,0.0,10,below0,-0.1364,0.58,0.0,0.0,10,below0,-0.1364,0.22,0.0,0.0,10,below0,-0.1364,0.31,0.0,0.0,10,below0,-0.1364,0.55,0.0,0.0,10,below0,-0.1364,0.34,0.0,0.0,10,below0
1674,-0.1364,0.46,0.0,0.0,10,below0,-0.1364,0.13,0.0,0.0,10,below0,-0.1364,0.52,0.0,0.0,10,below0,-0.1364,0.49,0.0,0.0,10,below0,-0.1364,0.4,0.0,0.0,10,below0,-0.1364,0.58,0.0,0.0,10,below0,-0.1364,0.22,0.0,0.0,10,below0,-0.1364,0.31,0.0,0.0,10,below0,-0.1364,0.55,0.0,0.0,10,below0,-0.1364,0.34,0.0,0.0,10,below0
1680,-0.1364,0.46,0.0,0.0,10,below0,-0.1364,0.13,0.0,0.0,10,below0,-0.1364,0.52,0.0,0.0,10,below0,-0.1364,0.49,0.0,0.0,10,below0,-0.1364,0.4,0.0,0.0,10,below0,-0.1364,0.58,0.0,0.0,10,below0,-0.1364,0.22,0.0,0.0,10,below0,-0.1364,0.31,0.0,0.0,10,below0,-0.1364,0.55,0.0,0.0,10,below0,-0.1364,0.34,0.0,0.0,10,below0
1686,-0.1364,0.46,0.0,0.0,10,below0,-0.1364,0.13,0.0,0.0,10,below0,-0.1364,0.52,0.0,0.0,10,below0,-0.1364,0.49,0.0,0.0,10,below0,-0.1364,0.4,0.0,0.0,10,below0,-0.1364,0.58,0.0,0.0,10,below0,-0.1364,0.22,0.0,0.0,10,below0,-0.1364,0.31,0.0,0.0,10,below0,-0.1364,0.55,0.0,0.0,10,below0,-0.1364,0.34,0.0,0.0,10,below0
1692,-0.1364,0.46,0.0,0.0,10,below0,-0.1364,0.13,0.0,0.0,10,below0,-0.1364,0.52,0.0,0.0,10,below0,-0.1364,0.49,0.0,0.0,10,below0,-0.1364,0.4,0.0,0.0,10,below0,-0.1364,0.58,0.0,0.0,10,below0,-0.1364,0.22,0.0,0.0,10,below0,-0.1364,0.31,0.0,0.0,10,below0,-0.1364,0.55,0.0,0.0,10,below0,-0.1364,0.34,0.0,0.0,10,below0
1698,-0.1364,0.46,0.0,0.0,10,below0,-0.1364,0.13,0.0,0.0,10,below0,-0.1364,0.52,0.0,0.0,10,below0,-0.1364,0.49,0.0,0.0,10,below0,-0.1364,0.4,0.0,0.0,10,below0,-0.1364,0.58,0.0,0.0,10,below0,-0.1364,0.22,0.0,0.0,10,below0,-0.1364,0.31,0.0,0.0,10,below0,-0.1364,0.55,0.0,0.0,10,below0,-0.1364,0.34,0.0,0.0,10,below0
1704,-0.1364,0.46,0.0,0.0,10,below0,-0.1364,0.13,0.0,0.0,10,below0,-0.1364,0.52,0.0,0.0,10,below0,-0.1364,0.49,0.0,0.0,10,below0,-0.1364,0.4,0.0,0.0,10,below0,-0.1364,0.58,0.0,0.0,10,below0,-0.1364,0.22,0.0,0.0,10,below0,-0.1364,0.31,0.0,0.0,10,below0,-0.1364,0.55,0.0,0.0,10,below0,-0.1364,0.34,0.0,0.0,10,below0
1710,-0.1364,0.46,0.0,0.0,10,below0,-0.1364,0.13,0.0,0.0,10,below0,-0.1364,0.52,0.0,0.0,10,below0,-0.1364,0.49,0.0,0.0,10,below0,-0.1364,0.4,0.0,0.0,10,below0,-0.1364,0.58,0.0,0.0,10,below0,-0.1364,0.22,0.0,0.0,10,below0,-0.1364,0.31,0.0,0.0,10,below0,-0.1364,0.55,0.0,0.0,10,below0,-0.1364,0.34,0.0,0.0,10,below0
1716,-0.1364,0.46,0.0,0.0,10,below0,-0.1364,0.13,0.0,0.0,10,below0,-0.1364,0.52,0.0,0.0,10,below0,-0.1364,0.49,0.0,0.0,10,below0,-0.1364,0.4,0.0,0.0,10,below0,-0.1364,0.58,0.0,0.0,10,below0,-0.1364,0.22,0.0,0.0,10,below0,-0.1364,0.31,0.0,0.0,10,below0,-0.1364,0.55,0.0,0.0,10,below0,-0.1364,0.34,0.0,0.0,10,below0
1722,-0.1364,0.46,0.0,0.0,10,below0,-0.1364,0.13,0.0,0.0,10,below0,-0.1364,0.52,0.0,0.0,10,below0,-0.1364,0.49,0.0,0.0,10,below0,-0.1364,0.4,0.0,0.0,10,below0,-0.1364,0.58,0.0,0.0,10,below0,-0.1364,0.22,0.0,0.0,10,below0,-0.1364,0.31,0.0,0.0,10,below0,-0.1364,0.55,0.0,0.0,10,below0,-0.1364,0.34,0.0,0.0,10,below0
1728,-0.1364,0.46,0.0,0.0,10,below0,-0.1364,0.13,0.0,0.0,10,below0,-0.1364,0.52,0.0,0.0,10,below0,-0.1364,0.49,0.0,0.0,10,below0,-0.1364,0.4,0.0,0.0,10,below0,-0.1364,0.58,0.0,0.0,10,below0,-0.1364,0.22,0.0,0.0,10,below0,-0.1364,0.31,0.0,0.0,10,below0,-0.1364,0.55,0.0,0.0,10,below0,-0.1364,0.34,0.0,0.0,10,below0
1734,-0.1364,0.46,0.0,0.0,10,below0,-0.1364,0.13,0.0,0.0,10,below0,-0.1364,0.52,0.0,0.0,10,below0,-0.1364,0.49,0.0,0.0,10,below0,-0.1364,0.4,0.0,0.0,10,below0,-0.1364,0.58,0.0,0.0,10,below0,-0.1364,0.22,0.0,0.0,10,below0,-0.1364,0.31,0.0,0.0,10,below0,-0.1364,0.55,0.0,0.0,10,below0,-0.1364,0.34,0.0,0.0,10,below0
1740,-0.1364,0.46,0.0,0.0,10,below0,-0.1364,0.13,0.0,0.0,10,below0,-0.1364,0.52,0.0,0.0,10,below0,-0.1364,0.49,0.0,0.0,10,below0,-0.1364,0.4,0.0,0.0,10,below0,-0.1364,0.58,0.0,0.0,10,below0,-0.1364,0.22,0.0,0.0,10,below0,-0.1364,0.31,0.0,0.0,10,below0,-0.1364,0.55,0.0,0.0,10,below0,-0.1364,0.34,0.0,0.0,10,below0
1746,-0.1364,0.46,0.0,0.0,10,below0,-0.1364,0.13,0.0,0.0,10,below0,-0.1364,0.52,0.0,0.0,10,below0,-0.1364,0.49,0.0,0.0,10,below0,-0.1364,0.4,0.0,0.0,10,below0,-0.1364,0.58,0.0,0.0,10,below0,-0.1364,0.22,0.0,0.0,10,below0,-0.1364,0.31,0.0,0.0,10,below0,-0.1364,0.55,0.0,0.0,10,below0,-0.1364,0.34,0.0,0.0,10,below0
1752,-0.1364,0.46,0.0,0.0,10,below0,-0.1364,0.13,0.0,0.0,10,below0,-0.1364,0.52,0.0,0.0,10,below0,-0.1364,0.49,0.0,0.0,10,below0,-0.1364,0.4,0.0,0.0,10,below0,-0.1364,0.58,0.0,0.0,10,below0,-0.1364,0.22,0.0,0.0,10,below0,-0.1364,0.31,0.0,0.0,10,below0,-0.1364,0.55,0.0,0.0,10,below0,-0.1364,0.34,0.0,0.0,10,below0
1758,-0.1364,0.46,0.0,0.0,10,below0,-0.1364,0.13,0.0,0.0,10,below0,-0.1364,0.52,0.0,0.0,10,below0,-0.1364,0.49,0.0,0.0,10,below0,-0.1364,0.4,0.0,0.0,10,below0,-0.1364,0.58,0.0,0.0,10,below0,-0.1364,0.22,0.0,0.0,10,below0,-0.1364,0.31,0.0,0.0,10,below0,-0.1364,0.55,0.0,0.0,10,below0,-0.1364,0.34,0.0,0.0,10,below0
1764,-0.1364,0.46,0.0,0.0,10,below0,-0.1364,0.13,0.0,0.0,10,below0,-0.1364,0.52,0.0,0.0,10,below0,-0.1364,0.49,0.0,0.0,10,below0,-0.1364,0.4,0.0,0.0,10,below0,-0.1364,0.58,0.0,0.0,10,below0,-0.1364,0.22,0.0,0.0,10,below0,-0.1364,0.31,0.0,0.0,10,below0,-0.1364,0.55,0.0,0.0,10,below0,-0.1364,0.34,0.0,0.0,10,below0
1770,-0.1364,0.46,0.0,0.0,10,below0,-0.1364,0.13,0.0,0.0,10,below0,-0.1364,0.52,0.0,0.0,10,below0,-0.1364,0.49,0.0,0.0,10,below0,-0.1364,0.4,0.0,0.0,10,below0,-0.1364,0.58,0.0,0.0,10,below0,-0.1364,0.22,0.0,0.0,10,below0,-0.1364,0.31,0.0,0.0,10,below0,-0.1364,0.55,0.0,0.0,10,below0,-0.1364,0.34,0.0,0.0,10,below0
1776,-0.1364,0.46,0.0,0.0,10,below0,-0.1364,0.13,0.0,0.0,10,below0,-0.1364,0.52,0.0,0.0,10,below0,-0.1364,0.49,0.0,0.0,10,below0,-0.1364,0.4,0.0,0.0,10,below0,-0.1364,0.58,0.0,0.0,10,below0,-0.1364,0.22,0.0,0.0,10,below0,-0.1364,0.31,0.0,0.0,10,below0,-0.1364,0.55,0.0,0.0,10,below0,-0.1364,0.34,0.0,0.0,10,below0
1782,-0.1364,0.46,0.0,0.0,10,below0,-0.1364,0.13,0.0,0.0,10,below0,-0.1364,0.52,0.0,0.0,10,below0,-0.1364,0.49,0.0,0.0,10,below0,-0.1364,0.4,0.0,0.0,10,below0,-0.1364,0.58,0.0,0.0,10,below0,-0.1364,0.22,0.0,0.0,10,below0,-0.1364,0.31,0.0,0.0,10,below0,-0.1364,0.55,0.0,0.0,10,below0,-0.1364,0.34,0.0,0.0,10,below0
1788,-0.1364,0.46,0.0,0.0,10,below0,-0.1364,0.13,0.0,0.0,10,below0,-0.1364,0.52,0.0,0.0,10,below0,-0.1364,0.49,0.0,0.0,10,below0,-0.1364,0.4,0.0,0.0,10,below0,-0.1364,0.58,0.0,0.0,10,below0,-0.1364,0.22,0.0,0.0,10,below0,-0.1364,0.31,0.0,0.0,10,below0,-0.1364,0.55,0.0,0.0,10,below0,-0.1364,0.34,0.0,0.0,10,below0
1794,-0.1364,0.46,0.0,0.0,10,below0,-0.1364,0.13,0.0,0.0,10,below0,-0.1364,0.52,0.0,0.0,10,below0,-0.1364,0.49,0.0,0.0,10,below0,-0.1364,0.4,0.0,0.0,10,below0,-0.1364,0.58,0.0,0.0,10,below0,-0.1364,0.22,0.0,0.0,10,below0,-0.1364,0.31,0.0,0.0,10,below0,-0.1364,0.55,0.0,0.0,10,below0,-0.1364,0.34,0.0,0.0,10,below0
1800,-0.1364,0.28,0.0,0.0,10,below0,-0.1364,0.13,0.0,0.0,10,below0,-0.1364,0.52,0.0,0.0,10,below0,-0.1364,0.67,0.0,0.0,10,below0,-0.1364,0.31,0.0,0.0,10,below0,-0.1364,0.58,0.0,0.0,10,below0,-0.1364,0.22,0.0,0.0,10,below0,-0.1364,0.4,0.0,0.0,10,below0,-0.1364,0.46,0.0,0.0,10,below0,-0.1364,0.34,0.0,0.0,10,below0
1806,-0.1364,0.28,0.0,0.0,10,below0,-0.1364,0.13,0.0,0.0,10,below0,-0.1364,0.52,0.0,0.0,10,below0,-0.1364,0.67,0.0,0.0,10,below0,-0.1364,0.31,0.0,0.0,10,below0,-0.1364,0.58,0.0,0.0,10,below0,-0.1364,0.22,0.0,0.0,10,below0,-0.1364,0.4,0.0,0.0,10,below0,-0.1364,0.46,0.0,0.0,10,below0,-0.1364,0.34,0.0,0.0,10,below0
1812,-0.1364,0.28,0.0,0.0,10,below0,-0.1364,0.13,0.0,0.0,10,below0,-0.1364,0.52,0.0,0.0,10,below0,-0.1364,0.67,0.0,0.0,10,below0,-0.1364,0.31,0.0,0.0,10,below0,-0.1364,0.58,0.0,0.0,10,below0,-0.1364,0.22,0.0,0.0,10,below0,-0.1364,0.4,0.0,0.0,10,below0,-0.1364,0.46,0.0,0.0,10,below0,-0.1364,0.34,0.0,0.0,10,below0
1818,-0.1364,0.28,0.0,0.0,10,below0,-0.1364,0.13,0.0,0.0,10,below0,-0.1364,0.52,0.0,0.0,10,below0,-0.1364,0.67,0.0,0.0,10,below0,-0.1364,0.31,0.0,0.0,10,below0,-0.1364,0.58,0.0,0.0,10,below0,-0.1364,0.22,0.0,0.0,10,below0,-0.1364,0.4,0.0,0.0,10,below0,-0.1364,0.46,0.0,0.0,10,below0,-0.1364,0.34,0.0,0.0,10,below0
1824,-0.1364,0.28,0.0,0.0,10,below0,-0.1364,0.13,0.0,0.0,10,below0,-0.1364,0.52,0.0,0.0,10,below0,-0.1364,0.67,0.0,0.0,10,below0,-0.1364,0.31,0.0,0.0,10,below0,-0.1364,0.58,0.0,0.0,10,below0,-0.1364,0.22,0.0,0.0,10,below0,-0.1364,0.4,0.0,0.0,10,below0,-0.1364,0.46,0.0,0.0,10,below0,-0.1364,0.34,0.0,0.0,10,below0
1830,-0.1364,0.28,0.0,0.0,10,below0,-0.1364,0.13,0.0,0.0,10,below0,-0.1364,0.52,0.0,0.0,10,below0,-0.1364,0.67,0.0,0.0,10,below0,-0.1364,0.31,0.0,0.0,10,below0,-0.1364,0.58,0.0,0.0,10,below0,-0.1364,0.22,0.0,0.0,10,below0,-0.1364,0.4,0.0,0.0,10,below0,-0.1364,0.46,0.0,0.0,10,below0,-0.1364,0.34,0.0,0.0,10,below0
1836,-0.1364,0.28,0.0,0.0,10,below0,-0.1364,0.13,0.0,0.0,10,below0,-0.1364,0.52,0.0,0.0,10,below0,-0.1364,0.67,0.0,0.0,10,below0,-0.1364,0.31,0.0,0.0,10,below0,-0.1364,0.58,0.0,0.0,10,below0,-0.1364,0.22,0.0,0.0,10,below0,-0.1364,0.4,0.0,0.0,10,below0,-0.1364,0.46,0.0,0.0,10,below0,-0.1364,0.34,0.0,0.0,10,below0
1842,-0.1364,0.28,0.0,0.0,10,below0,-0.1364,0.13,0.0,0.0,10,below0,-0.1364,0.52,0.0,0.0,10,below0,-0.1364,0.67,0.0,0.0,10,below0,-0.1364,0.31,0.0,0.0,10,below0,-0.1364,0.58,0.0,0.0,10,below0,-0.1364,0.22,0.0,0.0,10,below0,-0.1364,0.4,0.0,0.0,10,below0,-0.1364,0.46,0.0,0.0,10,below0,-0.1364,0.34,0.0,0.0,10,below0
1848,-0.1364,0.28,0.0,0.0,10,below0,-0.1364,0.13,0.0,0.0,10,below0,-0.1364,0.52,0.0,0.0,10,below0,-0.1364,0.67,0.0,0.0,10,below0,-0.1364,0.31,0.0,0.0,10,below0,-0.1364,0.58,0.0,0.0,10,below0,-0.1364,0.22,0.0,0.0,10,below0,-0.1364,0.4,0.0,0.0,10,below0,-0.1364,0.46,0.0,0.0,10,below0,-0.1364,0.34,0.0,0.0,10,below0
1854,-0.1364,0.28,0.0,0.0,10,below0,-0.1364,0.13,0.0,0.0,10,below0,-0.1364,0.52,0.0,0.0,10,below0,-0.1364,0.67,0.0,0.0,10,below0,-0.1364,0.31,0.0,0.0,10,below0,-0.1364,0.58,0.0,0.0,10,below0,-0.1364,0.22,0.0,0.0,10,below0,-0.1364,0.4,0.0,0.0,10,below0,-0.1364,0.46,0.0,0.0,10,below0,-0.1364,0.34,0.0,0.0,10,below0
1860,-0.1364,0.28,0.0,0.0,10,below0,-0.1364,0.13,0.0,0.0,10,below0,-0.1364,0.52,0.0,0.0,10,below0,-0.1364,0.67,0.0,0.0,10,below0,-0.1364,0.31,0.0,0.0,10,below0,-0.1364,0.58,0.0,0.0,10,below0,-0.1364,0.22,0.0,0.0,10,below0,-0.1364,0.4,0.0,0.0,10,below0,-0.1364,0.46,0.0,0.0,10,below0,-0.1364,0.34,0.0,0.0,10,below0
1866,-0.1364,0.28,0.0,0.0,10,below0,-0.1364,0.13,0.0,0.0,10,below0,-0.1364,0.52,0.0,0.0,10,below0,-0.1364,0.67,0.0,0.0,10,below0,-0.1364,0.31,0.0,0.0,10,below0,-0.1364,0.58,0.0,0.0,10,below0,-0.1364,0.22,0.0,0.0,10,below0,-0.1364,0.4,0.0,0.0,10,below0,-0.1364,0.46,0.0,0.0,10,below0,-0.1364,0.34,0.0,0.0,10,below0
1872,-0.1364,0.28,0.0,0.0,10,below0,-0.1364,0.13,0.0,0.0,10,below0,-0.1364,0.52,0.0,0.0,10,below0,-0.1364,0.67,0.0,0.0,10,below0,-0.1364,0.31,0.0,0.0,10,below0,-0.1364,0.58,0.0,0.0,10,below0,-0.1364,0.22,0.0,0.0,10,below0,-0.1364,0.4,0.0,0.0,10,below0,-0.1364,0.46,0.0,0.0,10,below0,-0.1364,0.34,0.0,0.0,10,below0
1878,-0.1364,0.28,0.0,0.0,10,below0,-0.1364,0.13,0.0,0.0,10,below0,-0.1364,0.52,0.0,0.0,10,below0,-0.1364,0.67,0.0,0.0,10,below0,-0.1364,0.31,0.0,0.0,10,below0,-0.1364,0.58,0.0,0.0,10,below0,-0.1364,0.22,0.0,0.0,10,below0,-0.1364,0.4,0.0,0.0,10,below0,-0.1364,0.46,0.0,0.0,10,below0,-0.1364,0.34,0.0,0.0,10,below0
1884,-0.1364,0.28,0.0,0.0,10,below0,-0.1364,0.13,0.0,0.0,10,below0,-0.1364,0.52,0.0,0.0,10,below0,-0.1364,0.67,0.0,0.0,10,below0,-0.1364,0.31,0.0,0.0,10,below0,-0.1364,0.58,0.0,0.0,10,below0,-0.1364,0.22,0.0,0.0,10,below0,-0.1364,0.4,0.0,0.0,10,below0,-0.1364,0.46,0.0,0.0,10,below0,-0.1364,0.34,0.0,0.0,10,below0
1890,-0.1364,0.28,0.0,0.0,10,below0,-0.1364,0.13,0.0,0.0,10,below0,-0.1364,0.52,0.0,0.0,10,below0,-0.1364,0.67,0.0,0.0,10,below0,-0.1364,0.31,0.0,0.0,10,below0,-0.1364,0.58,0.0,0.0,10,below0,-0.1364,0.22,0.0,0.0,10,below0,-0.1364,0.4,0.0,0.0,10,below0,-0.1364,0.46,0.0,0.0,10,below0,-0.1364,0.34,0.0,0.0,10,below0
1896,-0.1364,0.28,0.0,0.0,10,below0,-0.1364,0.13,0.0,0.0,10,below0,-0.1364,0.52,0.0,0.0,10,below0,-0.1364,0.67,0.0,0.0,10,below0,-0.1364,0.31,0.0,0.0,10,below0,-0.1364,0.58,0.0,0.0,10,below0,-0.1364,0.22,0.0,0.0,10,below0,-0.1364,0.4,0.0,0.0,10,below0,-0.1364,0.46,0.0,0.0,10,below0,-0.1364,0.34,0.0,0.0,10,below0
1902,-0.1364,0.28,0.0,0.0,10,below0,-0.1364,0.13,0.0,0.0,10,below0,-0.1364,0.52,0.0,0.0,10,below0,-0.1364,0.67,0.0,0.0,10,below0,-0.1364,0.31,0.0,0.0,10,below0,-0.1364,0.58,0.0,0.0,10,below0,-0.1364,0.22,0.0,0.0,10,below0,-0.1364,0.4,0.0,0.0,10,below0,-0.1364,0.46,0.0,0.0,10,below0,-0.1364,0.34,0.0,0.0,10,below0
1908,-0.1364,0.28,0.0,0.0,10,below0,-0.1364,0.13,0.0,0.0,10,below0,-0.1364,0.52,0.0,0.0,10,below0,-0.1364,0.67,0.0,0.0,10,below0,-0.1364,0.31,0.0,0.0,10,below0,-0.1364,0.58,0.0,0.0,10,below0,-0.1364,0.22,0.0,0.0,10,below0,-0.1364,0.4,0.0,0.0,10,below0,-0.1364,0.46,0.0,0.0,10,below0,-0.1364,0.34,0.0,0.0,10,below0
1914,-0.1364,0.28,0.0,0.0,10,below0,-0.1364,0.13,0.0,0.0,10,below0,-0.1364,0.52,0.0,0.0,10,below0,-0.1364,0.67,0.0,0.0,10,below0,-0.1364,0.31,0.0,0.0,10,below0,-0.1364,0.58,0.0,0.0,10,below0,-0.1364,0.22,0.0,0.0,10,below0,-0.1364,0.4,0.0,0.0,10,below0,-0.1364,0.46,0.0,0.0,10,below0,-0.1364,0.34,0.0,0.0,10,below0
1920,-0.1364,0.28,0.0,0.0,10,below0,-0.1364,0.13,0.0,0.0,10,below0,-0.1364,0.52,0.0,0.0,10,below0,-0.1364,0.67,0.0,0.0,10,below0,-0.1364,0.31,0.0,0.0,10,below0,-0.1364,0.58,0.0,0.0,10,below0,-0.1364,0.22,0.0,0.0,10,below0,-0.1364,0.4,0.0,0.0,10,below0,-0.1364,0.46,0.0,0.0,10,below0,-0.1364,0.34,0.0,0.0,10,below0
1926,-0.1364,0.28,0.0,0.0,10,below0,-0.1364,0.13,0.0,0.0,10,below0,-0.1364,0.52,0.0,0.0,10,below0,-0.1364,0.67,0.0,0.0,10,below0,-0.1364,0.31,0.0,0.0,10,below0,-0.1364,0.58,0.0,0.0,10,below0,-0.1364,0.22,0.0,0.0,10,below0,-0.1364,0.4,0.0,0.0,10,below0,-0.1364,0.46,0.0,0.0,10,below0,-0.1364,0.34,0.0,0.0,10,below0
1932,-0.1364,0.28,0.0,0.0,10,below0,-0.1364,0.13,0.0,0.0,10,below0,-0.1364,0.52,0.0,0.0,10,below0,-0.1364,0.67,0.0,0.0,10,below0,-0.1364,0.31,0.0,0.0,10,below0,-0.1364,0.58,0.0,0.0,10,below0,-0.1364,0.22,0.0,0.0,10,below0,-0.1364,0.4,0.0,0.0,10,below0,-0.1364,0.46,0.0,0.0,10,below0,-0.1364,0.34,0.0,0.0,10,below0
1938,-0.1364,0.28,0.0,0.0,10,below0,-0.1364,0.13,0.0,0.0,10,below0,-0.1364,0.52,0.0,0.0,10,below0,-0.1364,0.67,0.0,0.0,10,below0,-0.1364,0.31,0.0,0.0,10,below0,-0.1364,0.58,0.0,0.0,10,below0,-0.1364,0.22,0.0,0.0,10,below0,-0.1364,0.4,0.0,0.0,10,below0,-0.1364,0.46,0.0,0.0,10,below0,-0.1364,0.34,0.0,0.0,10,below0
1944,-0.1364,0.28,0.0,0.0,10,below0,-0.1364,0.13,0.0,0.0,10,below0,-0.1364,0.52,0.0,0.0,10,below0,-0.1364,0.67,0.0,0.0,10,below0,-0.1364,0.31,0.0,0.0,10,below0,-0.1364,0.58,0.0,0.0,10,below0,-0.1364,0.22,0.0,0.0,10,below0,-0.1364,0.4,0.0,0.0,10,below0,-0.1364,0.46,0.0,0.0,10,below0,-0.1364,0.34,0.0,0.0,10,below0
1950,-0.1364,0.28,0.0,0.0,10,below0,-0.1364,0.13,0.0,0.0,10,below0,-0.1364,0.52,0.0,0.0,10,below0,-0.1364,0.67,0.0,0.0,10,below0,-0.1364,0.31,0.0,0.0,10,below0,-0.1364,0.58,0.0,0.0,10,below0,-0.1364,0.22,0.0,0.0,10,below0,-0.1364,0.4,0.0,0.0,10,below0,-0.1364,0.46,0.0,0.0,10,below0,-0.1364,0.34,0.0,0.0,10,below0
1956,-0.1364,0.28,0.0,0.0,10,below0,-0.1364,0.13,0.0,0.0,10,below0,-0.1364,0.52,0.0,0.0,10,below0,-0.1364,0.67,0.0,0.0,10,below0,-0.1364,0.31,0.0,0.0,10,below0,-0.1364,0.58,0.0,0.0,10,below0,-0.1364,0.22,0.0,0.0,10,below0,-0.1364,0.4,0.0,0.0,10,below0,-0.1364,0.46,0.0,0.0,10,below0,-0.1364,0.34,0.0,0.0,10,below0
1962,-0.1364,0.28,0.0,0.0,10,below0,-0.1364,0.13,0.0,0.0,10,below0,-0.1364,0.52,0.0,0.0,10,below0,-0.1364,0.67,0.0,0.0,10,below0,-0.1364,0.31,0.0,0.0,10,below0,-0.1364,0.58,0.0,0.0,10,below0,-0.1364,0.22,0.0,0.0,10,below0,-0.1364,0.4,0.0,0.0,10,below0,-0.1364,0.46,0.0,0.0,10,below0,-0.1364,0.34,0.0,0.0,10,below0
1968,-0.1364,0.28,0.0,0.0,10,below0,-0.1364,0.13,0.0,0.0,10,below0,-0.1364,0.52,0.0,0.0,10,below0,-0.1364,0.67,0.0,0.0,10,below0,-0.1364,0.31,0.0,0.0,10,below0,-0.1364,0.58,0.0,0.0,10,below0,-0.1364,0.22,0.0,0.0,10,below0,-0.1364,0.4,0.0,0.0,10,below0,-0.1364,0.46,0.0,0.0,10,below0,-0.1364,0.34,0.0,0.0,10,below0
1974,-0.1364,0.28,0.0,0.0,10,below0,-0.1364,0.13,0.0,0.0,10,below0,-0.1364,0.52,0.0,0.0,10,below0,-0.1364,0.67,0.0,0.0,10,below0,-0.1364,0.31,0.0,0.0,10,below0,-0.1364,0.58,0.0,0.0,10,below0,-0.1364,0.22,0.0,0.0,10,below0,-0.1364,0.4,0.0,0.0,10,below0,-0.1364,0.46,0.0,0.0,10,below0,-0.1364,0.34,0.0,0.0,10,below0
1980,-0.1364,0.28,0.0,0.0,10,below0,-0.1364,0.13,0.0,0.0,10,below0,-0.1364,0.52,0.0,0.0,10,below0,-0.1364,0.67,0.0,0.0,10,below0,-0.1364,0.31,0.0,0.0,10,below0,-0.1364,0.58,0.0,0.0,10,below0,-0.1364,0.22,0.0,0.0,10,below0,-0.1364,0.4,0.0,0.0,10,below0,-0.1364,0.46,0.0,0.0,10,below0,-0.1364,0.34,0.0,0.0,10,below0
1986,-0.1364,0.28,0.0,0.0,10,below0,-0.1364,0.13,0.0,0.0,10,below0,-0.1364,0.52,0.0,0.0,10,below0,-0.1364,0.67,0.0,0.0,10,below0,-0.1364,0.31,0.0,0.0,10,below0,-0.1364,0.58,0.0,0.0,10,below0,-0.1364,0.22,0.0,0.0,10,below0,-0.1364,0.4,0.0,0.0,10,below0,-0.1364,0.46,0.0,0.0,10,below0,-0.1364,0.34,0.0,0.0,10,below0
1992,-0.1364,0.28,0.0,0.0,10,below0,-0.1364,0.13,0.0,0.0,10,below0,-0.1364,0.52,0.0,0.0,10,below0,-0.1364,0.67,0.0,0.0,10,below0,-0.1364,0.31,0.0,0.0,10,below0,-0.1364,0.58,0.0,0.0,10,below0,-0.1364,0.22,0.0,0.0,10,below0,-0.1364,0.4,0.0,0.0,10,below0,-0.1364,0.46,0.0,0.0,10,below0,-0.1364,0.34,0.0,0.0,10,below0
1998,-0.1364,0.28,0.0,0.0,10,below0,-0.1364,0.13,0.0,0.0,10,below0,-0.1364,0.52,0.0,0.0,10,below0,-0.1364,0.67,0.0,0.0,10,below0,-0.1364,0.31,0.0,0.0,10,below0,-0.1364,0.58,0.0,0.0,10,below0,-0.1364,0.22,0.0,0.0,10,below0,-0.1364,0.4,0.0,0.0,10,below0,-0.1364,0.46,0.0,0.0,10,below0,-0.1364,0.34,0.0,0.0,10,below0
2004,-0.1364,0.28,0.0,0.0,10,below0,-0.1364,0.13,0.0,0.0,10,below0,-0.1364,0.52,0.0,0.0,10,below0,-0.1364,0.67,0.0,0.0,10,below0,-0.1364,0.31,0.0,0.0,10,below0,-0.1364,0.58,0.0,0.0,10,below0,-0.1364,0.22,0.0,0.0,10,below0,-0.1364,0.4,0.0,0.0,10,below0,-0.1364,0.46,0.0,0.0,10,below0,-0.1364,0.34,0.0,0.0,10,below0
2010,-0.1364,0.28,0.0,0.0,10,below0,-0.1364,0.13,0.0,0.0,10,below0,-0.1364,0.52,0.0,0.0,10,below0,-0.1364,0.67,0.0,0.0,10,below0,-0.1364,0.31,0.0,0.0,10,below0,-0.1364,0.58,0.0,0.0,10,below0,-0.1364,0.22,0.0,0.0,10,below0,-0.1364,0.4,0.0,0.0,10,below0,-0.1364,0.46,0.0,0.0,10,below0,-0.1364,0.34,0.0,0.0,10,below0
2016,-0.1364,0.28,0.0,0.0,10,below0,-0.1364,0.13,0.0,0.0,10,below0,-0.1364,0.52,0.0,0.0,10,below0,-0.1364,0.67,0.0,0.0,10,below0,-0.1364,0.31,0.0,0.0,10,below0,-0.1364,0.58,0.0,0.0,10,below0,-0.1364,0.22,0.0,0.0,10,below0,-0.1364,0.4,0.0,0.0,10,below0,-0.1364,0.46,0.0,0.0,10,below0,-0.1364,0.34,0.0,0.0,10,below0
2022,-0.1364,0.28,0.0,0.0,10,below0,-0.1364,0.13,0.0,0.0,10,below0,-0.1364,0.52,0.0,0.0,10,below0,-0.1364,0.67,0.0,0.0,10,below0,-0.1364,0.31,0.0,0.0,10,below0,-0.1364,0.58,0.0,0.0,10,below0,-0.1364,0.22,0.0,0.0,10,below0,-0.1364,0.4,0.0,0.0,10,below0,-0.1364,0.46,0.0,0.0,10,below0,-0.1364,0.34,0.0,0.0,10,below0
2028,-0.1364,0.28,0.0,0.0,10,below0,-0.1364,0.13,0.0,0.0,10,below0,-0.1364,0.52,0.0,0.0,10,below0,-0.1364,0.67,0.0,0.0,10,below0,-0.1364,0.31,0.0,0.0,10,below0,-0.1364,0.58,0.0,0.0,10,below0,-0.1364,0.22,0.0,0.0,10,below0,-0.1364,0.4,0.0,0.0,10,below0,-0.1364,0.46,0.0,0.0,10,below0,-0.1364,0.34,0.0,0.0,10,below0
2034,-0.1364,0.28,0.0,0.0,10,below0,-0.1364,0.13,0.0,0.0,10,below0,-0.1364,0.52,0.0,0.0,10,below0,-0.1364,0.67,0.0,0.0,10,below0,-0.1364,0.31,0.0,0.0,10,below0,-0.1364,0.58,0.0,0.0,10,below0,-0.1364,0.22,0.0,0.0,10,below0,-0.1364,0.4,0.0,0.0,10,below0,-0.1364,0.46,0.0,0.0,10,below0,-0.1364,0.34,0.0,0.0,10,below0
2040,-0.1364,0.28,0.0,0.0,10,below0,-0.1364,0.13,0.0,0.0,10,below0,-0.1364,0.52,0.0,0.0,10,below0,-0.1364,0.67,0.0,0.0,10,below0,-0.1364,0.31,0.0,0.0,10,below0,-0.1364,0.58,0.0,0.0,10,below0,-0.1364,0.22,0.0,0.0,10,below0,-0.1364,0.4,0.0,0.0,10,below0,-0.1364,0.46,0.0,0.0,10,below0,-0.1364,0.34,0.0,0.0,10,below0
2046,-0.1364,0.28,0.0,0.0,10,below0,-0.1364,0.13,0.0,0.0,10,below0,-0.1364,0.52,0.0,0.0,10,below0,-0.1364,0.67,0.0,0.0,10,below0,-0.1364,0.31,0.0,0.0,10,below0,-0.1364,0.58,0.0,0.0,10,below0,-0.1364,0.22,0.0,0.0,10,below0,-0.1364,0.4,0.0,0.0,10,below0,-0.1364,0.46,0.0,0.0,10,below0,-0.1364,0.34,0.0,0.0,10,below0
2052,-0.1364,0.28,0.0,0.0,10,below0,-0.1364,0.13,0.0,0.0,10,below0,-0.1364,0.52,0.0,0.0,10,below0,-0.1364,0.67,0.0,0.0,10,below0,-0.1364,0.31,0.0,0.0,10,below0,-0.1364,0.58,0.0,0.0,10,below0,-0.1364,0.22,0.0,0.0,10,below0,-0.1364,0.4,0.0,0.0,10,below0,-0.1364,0.46,0.0,0.0,10,below0,-0.1364,0.34,0.0,0.0,10,below0
2058,-0.1364,0.28,0.0,0.0,10,below0,-0.1364,0.13,0.0,0.0,10,below0,-0.1364,0.52,0.0,0.0,10,below0,-0.1364,0.67,0.0,0.0,10,below0,-0.1364,0.31,0.0,0.0,10,below0,-0.1364,0.58,0.0,0.0,10,below0,-0.1364,0.22,0.0,0.0,10,below0,-0.1364,0.4,0.0,0.0,10,below0,-0.1364,0.46,0.0,0.0,10,below0,-0.1364,0.34,0.0,0.0,10,below0
2064,-0.1364,0.28,0.0,0.0,10,below0,-0.1364,0.13,0.0,0.0,10,below0,-0.1364,0.52,0.0,0.0,10,below0,-0.1364,0.67,0.0,0.0,10,below0,-0.1364,0.31,0.0,0.0,10,below0,-0.1364,0.58,0.0,0.0,10,below0,-0.1364,0.22,0.0,0.0,10,below0,-0.1364,0.4,0.0,0.0,10,below0,-0.1364,0.46,0.0,0.0,10,below0,-0.1364,0.34,0.0,0.0,10,below0
2070,-0.1364,0.28,0.0,0.0,10,below0,-0.1364,0.13,0.0,0.0,10,below0,-0.1364,0.52,0.0,0.0,10,below0,-0.1364,0.67,0.0,0.0,10,below0,-0.1364,0.31,0.0,0.0,10,below0,-0.1364,0.58,0.0,0.0,10,below0,-0.1364,0.22,0.0,0.0,10,below0,-0.1364,0.4,0.0,0.0,10,below0,-0.1364,0.46,0.0,0.0,10,below0,-0.1364,0.34,0.0,0.0,10,below0
2076,-0.1364,0.28,0.0,0.0,10,below0,-0.1364,0.13,0.0,0.0,10,below0,-0.1364,0.52,0.0,0.0,10,below0,-0.1364,0.67,0.0,0.0,10,below0,-0.1364,0.31,0.0,0.0,10,below0,-0.1364,0.58,0.0,0.0,10,below0,-0.1364,0.22,0.0,0.0,10,below0,-0.1364,0.4,0.0,0.0,10,below0,-0.1364,0.46,0.0,0.0,10,below0,-0.1364,0.34,0.0,0.0,10,below0
2082,-0.1364,0.28,0.0,0.0,10,below0,-0.1364,0.13,0.0,0.0,10,below0,-0.1364,0.52,0.0,0.0,10,below0,-0.1364,0.67,0.0,0.0,10,below0,-0.1364,0.31,0.0,0.0,10,below0,-0.1364,0.58,0.0,0.0,10,below0,-0.1364,0.22,0.0,0.0,10,below0,-0.1364,0.4,0.0,0.0,10,below0,-0.1364,0.46,0.0,0.0,10,below0,-0.1364,0.34,0.0,0.0,10,below0
2088,-0.1364,0.28,0.0,0.0,10,below0,-0.1364,0.13,0.0,0.0,10,below0,-0.1364,0.52,0.0,0.0,10,below0,-0.1364,0.67,0.0,0.0,10,below0,-0.1364,0.31,0.0,0.0,10,below0,-0.1364,0.58,0.0,0.0,10,below0,-0.1364,0.22,0.0,0.0,10,below0,-0.1364,0.4,0.0,0.0,10,below0,-0.1364,0.46,0.0,0.0,10,below0,-0.1364,0.34,0.0,0.0,10,below0
2094,-0.1364,0.28,0.0,0.0,10,below0,-0.1364,0.13,0.0,0.0,10,below0,-0.1364,0.52,0.0,0.0,10,below0,-0.1364,0.67,0.0,0.0,10,below0,-0.1364,0.31,0.0,0.0,10,below0,-0.1364,0.58,0.0,0.0,10,below0,-0.1364,0.22,0.0,0.0,10,below0,-0.1364,0.4,0.0,0.0,10,below0,-0.1364,0.46,0.0,0.0,10,below0,-0.1364,0.34,0.0,0.0,10,below0
2100,-0.1364,0.28,0.0,0.0,10,below0,-0.1364,0.13,0.0,0.0,10,below0,-0.1364,0.52,0.0,0.0,10,below0,-0.1364,0.67,0.0,0.0,10,below0,-0.1364,0.31,0.0,0.0,10,below0,-0.1364,0.58,0.0,0.0,10,below0,-0.1364,0.22,0.0,0.0,10,below0,-0.1364,0.4,0.0,0.0,10,below0,-0.1364,0.46,0.0,0.0,10,below0,-0.1364,0.34,0.0,0.0,10,below0
2106,-0.1364,0.28,0.0,0.0,10,below0,-0.1364,0.13,0.0,0.0,10,below0,-0.1364,0.52,0.0,0.0,10,below0,-0.1364,0.67,0.0,0.0,10,below0,-0.1364,0.31,0.0,0.0,10,below0,-0.1364,0.58,0.0,0.0,10,below0,-0.1364,0.22,0.0,0.0,10,below0,-0.1364,0.4,0.0,0.0,10,below0,-0.1364,0.46,0.0,0.0,10,below0,-0.1364,0.34,0.0,0.0,10,below0
2112,-0.1364,0.28,0.0,0.0,10,below0,-0.1364,0.13,0.0,0.0,10,below0,-0.1364,0.52,0.0,0.0,10,below0,-0.1364,0.67,0.0,0.0,10,below0,-0.1364,0.31,0.0,0.0,10,below0,-0.1364,0.58,0.0,0.0,10,below0,-0.1364,0.22,0.0,0.0,10,below0,-0.1364,0.4,0.0,0.0,10,below0,-0.1364,0.46,0.0,0.0,10,below0,-0.1364,0.34,0.0,0.0,10,below0
2118,-0.1364,0.28,0.0,0.0,10,below0,-0.1364,0.13,0.0,0.0,10,below0,-0.1364,0.52,0.0,0.0,10,below0,-0.1364,0.67,0.0,0.0,10,below0,-0.1364,0.31,0.0,0.0,10,below0,-0.1364,0.58,0.0,0.0,10,below0,-0.1364,0.22,0.0,0.0,10,below0,-0.1364,0.4,0.0,0.0,10,below0,-0.1364,0.46,0.0,0.0,10,below0,-0.1364,0.34,0.0,0.0,10,below0
2124,-0.1364,0.28,0.0,0.0,10,below0,-0.1364,0.13,0.0,0.0,10,below0,-0.1364,0.52,0.0,0.0,10,below0,-0.1364,0.67,0.0,0.0,10,below0,-0.1364,0.31,0.0,0.0,10,below0,-0.1364,0.58,0.0,0.0,10,below0,-0.1364,0.22,0.0,0.0,10,below0,-0.1364,0.4,0.0,0.0,10,below0,-0.1364,0.46,0.0,0.0,10,below0,-0.1364,0.34,0.0,0.0,10,below0
2130,-0.1364,0.28,0.0,0.0,10,below0,-0.1364,0.13,0.0,0.0,10,below0,-0.1364,0.52,0.0,0.0,10,below0,-0.1364,0.67,0.0,0.0,10,below0,-0.1364,0.31,0.0,0.0,10,below0,-0.1364,0.58,0.0,0.0,10,below0,-0.1364,0.22,0.0,0.0,10,below0,-0.1364,0.4,0.0,0.0,10,below0,-0.1364,0.46,0.0,0.0,10,below0,-0.1364,0.34,0.0,0.0,10,below0
2136,-0.1364,0.28,0.0,0.0,10,below0,-0.1364,0.13,0.0,0.0,10,below0,-0.1364,0.52,0.0,0.0,10,below0,-0.1364,0.67,0.0,0.0,10,below0,-0.1364,0.31,0.0,0.0,10,below0,-0.1364,0.58,0.0,0.0,10,below0,-0.1364,0.22,0.0,0.0,10,below0,-0.1364,0.4,0.0,0.0,10,below0,-0.1364,0.46,0.0,0.0,10,below0,-0.1364,0.34,0.0,0.0,10,below0
2142,-0.1364,0.28,0.0,0.0,10,below0,-0.1364,0.13,0.0,0.0,10,below0,-0.1364,0.52,0.0,0.0,10,below0,-0.1364,0.67,0.0,0.0,10,below0,-0.1364,0.31,0.0,0.0,10,below0,-0.1364,0.58,0.0,0.0,10,below0,-0.1364,0.22,0.0,0.0,10,below0,-0.1364,0.4,0.0,0.0,10,below0,-0.1364,0.46,0.0,0.0,10,below0,-0.1364,0.34,0.0,0.0,10,below0
2148,-0.1364,0.28,0.0,0.0,10,below0,-0.1364,0.13,0.0,0.0,10,below0,-0.1364,0.52,0.0,0.0,10,below0,-0.1364,0.67,0.0,0.0,10,below0,-0.1364,0.31,0.0,0.0,10,below0,-0.1364,0.58,0.0,0.0,10,below0,-0.1364,0.22,0.0,0.0,10,below0,-0.1364,0.4,0.0,0.0,10,below0,-0.1364,0.46,0.0,0.0,10,below0,-0.1364,0.34,0.0,0.0,10,below0
2154,-0.1364,0.28,0.0,0.0,10,below0,-0.1364,0.13,0.0,0.0,10,below0,-0.1364,0.52,0.0,0.0,10,below0,-0.1364,0.67,0.0,0.0,10,below0,-0.1364,0.31,0.0,0.0,10,below0,-0.1364,0.58,0.0,0.0,10,below0,-0.1364,0.22,0.0,0.0,10,below0,-0.1364,0.4,0.0,0.0,10,below0,-0.1364,0.46,0.0,0.0,10,below0,-0.1364,0.34,0.0,0.0,10,below0
2160,-0.1364,0.58,0.0,0.0,10,below0,-0.1364,0.13,0.0,0.0,10,below0,-0.1364,0.52,0.0,0.0,10,below0,-0.1364,0.67,0.0,0.0,10,below0,-0.1364,0.49,0.0,0.0,10,below0,-0.1364,0.82,0.0,0.0,10,below0,-0.1364,0.22,0.0,0.0,10,below0,-0.1364,0.31,0.0,0.0,10,below0,-0.1364,0.46,0.0,0.0,10,below0,-0.1364,0.34,0.0,0.0,10,below0
2166,-0.1364,0.58,0.0,0.0,10,below0,-0.1364,0.13,0.0,0.0,10,below0,-0.1364,0.52,0.0,0.0,10,below0,-0.1364,0.67,0.0,0.0,10,below0,-0.1364,0.49,0.0,0.0,10,below0,-0.1364,0.82,0.0,0.0,10,below0,-0.1364,0.22,0.0,0.0,10,below0,-0.1364,0.31,0.0,0.0,10,below0,-0.1364,0.46,0.0,0.0,10,below0,-0.1364,0.34,0.0,0.0,10,below0
2172,-0.1364,0.58,0.0,0.0,10,below0,-0.1364,0.13,0.0,0.0,10,below0,-0.1364,0.52,0.0,0.0,10,below0,-0.1364,0.67,0.0,0.0,10,below0,-0.1364,0.49,0.0,0.0,10,below0,-0.1364,0.82,0.0,0.0,10,below0,-0.1364,0.22,0.0,0.0,10,below0,-0.1364,0.31,0.0,0.0,10,below0,-0.1364,0.46,0.0,0.0,10,below0,-0.1364,0.34,0.0,0.0,10,below0
2178,-0.1364,0.58,0.0,0.0,10,below0,-0.1364,0.13,0.0,0.0,10,below0,-0.1364,0.52,0.0,0.0,10,below0,-0.1364,0.67,0.0,0.0,10,below0,-0.1364,0.49,0.0,0.0,10,below0,-0.1364,0.82,0.0,0.0,10,below0,-0.1364,0.22,0.0,0.0,10,below0,-0.1364,0.31,0.0,0.0,10,below0,-0.1364,0.46,0.0,0.0,10,below0,-0.1364,0.34,0.0,0.0,10,below0
2184,-0.1364,0.58,0.0,0.0,10,below0,-0.1364,0.13,0.0,0.0,10,below0,-0.1364,0.52,0.0,0.0,10,below0,-0.1364,0.67,0.0,0.0,10,below0,-0.1364,0.49,0.0,0.0,10,below0,-0.1364,0.82,0.0,0.0,10,below0,-0.1364,0.22,0.0,0.0,10,below0,-0.1364,0.31,0.0,0.0,10,below0,-0.1364,0.46,0.0,0.0,10,below0,-0.1364,0.34,0.0,0.0,10,below0
2190,-0.1364,0.58,0.0,0.0,10,below0,-0.1364,0.13,0.0,0.0,10,below0,-0.1364,0.52,0.0,0.0,10,below0,-0.1364,0.67,0.0,0.0,10,below0,-0.1364,0.49,0.0,0.0,10,below0,-0.1364,0.82,0.0,0.0,10,below0,-0.1364,0.22,0.0,0.0,10,below0,-0.1364,0.31,0.0,0.0,10,below0,-0.1364,0.46,0.0,0.0,10,below0,-0.1364,0.34,0.0,0.0,10,below0
2196,-0.1364,0.58,0.0,0.0,10,below0,-0.1364,0.13,0.0,0.0,10,below0,-0.1364,0.52,0.0,0.0,10,below0,-0.1364,0.67,0.0,0.0,10,below0,-0.1364,0.49,0.0,0.0,10,below0,-0.1364,0.82,0.0,0.0,10,below0,-0.1364,0.22,0.0,0.0,10,below0,-0.1364,0.31,0.0,0.0,10,below0,-0.1364,0.46,0.0,0.0,10,below0,-0.1364,0.34,0.0,0.0,10,below0
2202,-0.1364,0.58,0.0,0.0,10,below0,-0.1364,0.13,0.0,0.0,10,below0,-0.1364,0.52,0.0,0.0,10,below0,-0.1364,0.67,0.0,0.0,10,below0,-0.1364,0.49,0.0,0.0,10,below0,-0.1364,0.82,0.0,0.0,10,below0,-0.1364,0.22,0.0,0.0,10,below0,-0.1364,0.31,0.0,0.0,10,below0,-0.1364,0.46,0.0,0.0,10,below0,-0.1364,0.34,0.0,0.0,10,below0
2208,-0.1364,0.58,0.0,0.0,10,below0,-0.1364,0.13,0.0,0.0,10,below0,-0.1364,0.52,0.0,0.0,10,below0,-0.1364,0.67,0.0,0.0,10,below0,-0.1364,0.49,0.0,0.0,10,below0,-0.1364,0.82,0.0,0.0,10,below0,-0.1364,0.22,0.0,0.0,10,below0,-0.1364,0.31,0.0,0.0,10,below0,-0.1364,0.46,0.0,0.0,10,below0,-0.1364,0.34,0.0,0.0,10,below0
2214,-0.1364,0.58,0.0,0.0,10,below0,-0.1364,0.13,0.0,0.0,10,below0,-0.1364,0.52,0.0,0.0,10,below0,-0.1364,0.67,0.0,0.0,10,below0,-0.1364,0.49,0.0,0.0,10,below0,-0.1364,0.82,0.0,0.0,10,below0,-0.1364,0.22,0.0,0.0,10,below0,-0.1364,0.31,0.0,0.0,10,below0,-0.1364,0.46,0.0,0.0,10,below0,-0.1364,0.34,0.0,0.0,10,below0
2220,-0.1364,0.58,0.0,0.0,10,below0,-0.1364,0.13,0.0,0.0,10,below0,-0.1364,0.52,0.0,0.0,10,below0,-0.1364,0.67,0.0,0.0,10,below0,-0.1364,0.49,0.0,0.0,10,below0,-0.1364,0.82,0.0,0.0,10,below0,-0.1364,0.22,0.0,0.0,10,below0,-0.1364,0.31,0.0,0.0,10,below0,-0.1364,0.46,0.0,0.0,10,below0,-0.1364,0.34,0.0,0.0,10,below0
2226,-0.1364,0.58,0.0,0.0,10,below0,-0.1364,0.13,0.0,0.0,10,below0,-0.1364,0.52,0.0,0.0,10,below0,-0.1364,0.67,0.0,0.0,10,below0,-0.1364,0.49,0.0,0.0,10,below0,-0.1364,0.82,0.0,0.0,10,below0,-0.1364,0.22,0.0,0.0,10,below0,-0.1364,0.31,0.0,0.0,10,below0,-0.1364,0.46,0.0,0.0,10,below0,-0.1364,0.34,0.0,0.0,10,below0
2232,-0.1364,0.58,0.0,0.0,10,below0,-0.1364,0.13,0.0,0.0,10,below0,-0.1364,0.52,0.0,0.0,10,below0,-0.1364,0.67,0.0,0.0,10,below0,-0.1364,0.49,0.0,0.0,10,below0,-0.1364,0.82,0.0,0.0,10,below0,-0.1364,0.22,0.0,0.0,10,below0,-0.1364,0.31,0.0,0.0,10,below0,-0.1364,0.46,0.0,0.0,10,below0,-0.1364,0.34,0.0,0.0,10,below0
2238,-0.1364,0.58,0.0,0.0,10,below0,-0.1364,0.13,0.0,0.0,10,below0,-0.1364,0.52,0.0,0.0,10,below0,-0.1364,0.67,0.0,0.0,10,below0,-0.1364,0.49,0.0,0.0,10,below0,-0.1364,0.82,0.0,0.0,10,below0,-0.1364,0.22,0.0,0.0,10,below0,-0.1364,0.31,0.0,0.0,10,below0,-0.1364,0.46,0.0,0.0,10,below0,-0.1364,0.34,0.0,0.0,10,below0
2244,-0.1364,0.58,0.0,0.0,10,below0,-0.1364,0.13,0.0,0.0,10,below0,-0.1364,0.52,0.0,0.0,10,below0,-0.1364,0.67,0.0,0.0,10,below0,-0.1364,0.49,0.0,0.0,10,below0,-0.1364,0.82,0.0,0.0,10,below0,-0.1364,0.22,0.0,0.0,10,below0,-0.1364,0.31,0.0,0.0,10,below0,-0.1364,0.46,0.0,0.0,10,below0,-0.1364,0.34,0.0,0.0,10,below0
2250,-0.1364,0.58,0.0,0.0,10,below0,-0.1364,0.13,0.0,0.0,10,below0,-0.1364,0.52,0.0,0.0,10,below0,-0.1364,0.67,0.0,0.0,10,below0,-0.1364,0.49,0.0,0.0,10,below0,-0.1364,0.82,0.0,0.0,10,below0,-0.1364,0.22,0.0,0.0,10,below0,-0.1364,0.31,0.0,0.0,10,below0,-0.1364,0.46,0.0,0.0,10,below0,-0.1364,0.34,0.0,0.0,10,below0
2256,-0.1364,0.58,0.0,0.0,10,below0,-0.1364,0.13,0.0,0.0,10,below0,-0.1364,0.52,0.0,0.0,10,below0,-0.1364,0.67,0.0,0.0,10,below0,-0.1364,0.49,0.0,0.0,10,below0,-0.1364,0.82,0.0,0.0,10,below0,-0.1364,0.22,0.0,0.0,10,below0,-0.1364,0.31,0.0,0.0,10,below0,-0.1364,0.46,0.0,0.0,10,below0,-0.1364,0.34,0.0,0.0,10,below0
2262,-0.1364,0.58,0.0,0.0,10,below0,-0.1364,0.13,0.0,0.0,10,below0,-0.1364,0.52,0.0,0.0,10,below0,-0.1364,0.67,0.0,0.0,10,below0,-0.1364,0.49,0.0,0.0,10,below0,-0.1364,0.82,0.0,0.0,10,below0,-0.1364,0.22,0.0,0.0,10,below0,-0.1364,0.31,0.0,0.0,10,below0,-0.1364,0.46,0.0,0.0,10,below0,-0.1364,0.34,0.0,0.0,10,below0
2268,-0.1364,0.58,0.0,0.0,10,below0,-0.1364,0.13,0.0,0.0,10,below0,-0.1364,0.52,0.0,0.0,10,below0,-0.1364,0.67,0.0,0.0,10,below0,-0.1364,0.49,0.0,0.0,10,below0,-0.1364,0.82,0.0,0.0,10,below0,-0.1364,0.22,0.0,0.0,10,below0,-0.1364,0.31,0.0,0.0,10,below0,-0.1364,0.46,0.0,0.0,10,below0,-0.1364,0.34,0.0,0.0,10,below0
2274,-0.1364,0.58,0.0,0.0,10,below0,-0.1364,0.13,0.0,0.0,10,below0,-0.1364,0.52,0.0,0.0,10,below0,-0.1364,0.67,0.0,0.0,10,below0,-0.1364,0.49,0.0,0.0,10,below0,-0.1364,0.82,0.0,0.0,10,below0,-0.1364,0.22,0.0,0.0,10,below0,-0.1364,0.31,0.0,0.0,10,below0,-0.1364,0.46,0.0,0.0,10,below0,-0.1364,0.34,0.0,0.0,10,below0
2280,-0.1364,0.58,0.0,0.0,10,below0,-0.1364,0.13,0.0,0.0,10,below0,-0.1364,0.52,0.0,0.0,10,below0,-0.1364,0.67,0.0,0.0,10,below0,-0.1364,0.49,0.0,0.0,10,below0,-0.1364,0.82,0.0,0.0,10,below0,-0.1364,0.22,0.0,0.0,10,below0,-0.1364,0.31,0.0,0.0,10,below0,-0.1364,0.46,0.0,0.0,10,below0,-0.1364,0.34,0.0,0.0,10,below0
2286,-0.1364,0.58,0.0,0.0,10,below0,-0.1364,0.13,0.0,0.0,10,below0,-0.1364,0.52,0.0,0.0,10,below0,-0.1364,0.67,0.0,0.0,10,below0,-0.1364,0.49,0.0,0.0,10,below0,-0.1364,0.82,0.0,0.0,10,below0,-0.1364,0.22,0.0,0.0,10,below0,-0.1364,0.31,0.0,0.0,10,below0,-0.1364,0.46,0.0,0.0,10,below0,-0.1364,0.34,0.0,0.0,10,below0
2292,-0.1364,0.58,0.0,0.0,10,below0,-0.1364,0.13,0.0,0.0,10,below0,-0.1364,0.52,0.0,0.0,10,below0,-0.1364,0.67,0.0,0.0,10,below0,-0.1364,0.49,0.0,0.0,10,below0,-0.1364,0.82,0.0,0.0,10,below0,-0.1364,0.22,0.0,0.0,10,below0,-0.1364,0.31,0.0,0.0,10,below0,-0.1364,0.46,0.0,0.0,10,below0,-0.1364,0.34,0.0,0.0,10,below0
2298,-0.1364,0.58,0.0,0.0,10,below0,-0.1364,0.13,0.0,0.0,10,below0,-0.1364,0.52,0.0,0.0,10,below0,-0.1364,0.67,0.0,0.0,10,below0,-0.1364,0.49,0.0,0.0,10,below0,-0.1364,0.82,0.0,0.0,10,below0,-0.1364,0.22,0.0,0.0,10,below0,-0.1364,0.31,0.0,0.0,10,below0,-0.1364,0.46,0.0,0.0,10,below0,-0.1364,0.34,0.0,0.0,10,below0
2304,-0.1364,0.58,0.0,0.0,10,below0,-0.1364,0.13,0.0,0.0,10,below0,-0.1364,0.52,0.0,0.0,10,below0,-0.1364,0.67,0.0,0.0,10,below0,-0.1364,0.49,0.0,0.0,10,below0,-0.1364,0.82,0.0,0.0,10,below0,-0.1364,0.22,0.0,0.0,10,below0,-0.1364,0.31,0.0,0.0,10,below0,-0.1364,0.46,0.0,0.0,10,below0,-0.1364,0.34,0.0,0.0,10,below0
2310,-0.1364,0.58,0.0,0.0,10,below0,-0.1364,0.13,0.0,0.0,10,below0,-0.1364,0.52,0.0,0.0,10,below0,-0.1364,0.67,0.0,0.0,10,below0,-0.1364,0.49,0.0,0.0,10,below0,-0.1364,0.82,0.0,0.0,10,below0,-0.1364,0.22,0.0,0.0,10,below0,-0.1364,0.31,0.0,0.0,10,below0,-0.1364,0.46,0.0,0.0,10,below0,-0.1364,0.34,0.0,0.0,10,below0
2316,-0.1364,0.58,0.0,0.0,10,below0,-0.1364,0.13,0.0,0.0,10,below0,-0.1364,0.52,0.0,0.0,10,below0,-0.1364,0.67,0.0,0.0,10,below0,-0.1364,0.49,0.0,0.0,10,below0,-0.1364,0.82,0.0,0.0,10,below0,-0.1364,0.22,0.0,0.0,10,below0,-0.1364,0.31,0.0,0.0,10,below0,-0.1364,0.46,0.0,0.0,10,below0,-0.1364,0.34,0.0,0.0,10,below0
2322,-0.1364,0.58,0.0,0.0,10,below0,-0.1364,0.13,0.0,0.0,10,below0,-0.1364,0.52,0.0,0.0,10,below0,-0.1364,0.67,0.0,0.0,10,below0,-0.1364,0.49,0.0,0.0,10,below0,-0.1364,0.82,0.0,0.0,10,below0,-0.1364,0.22,0.0,0.0,10,below0,-0.1364,0.31,0.0,0.0,10,below0,-0.1364,0.46,0.0,0.0,10,below0,-0.1364,0.34,0.0,0.0,10,below0
2328,-0.1364,0.58,0.0,0.0,10,below0,-0.1364,0.13,0.0,0.0,10,below0,-0.1364,0.52,0.0,0.0,10,below0,-0.1364,0.67,0.0,0.0,10,below0,-0.1364,0.49,0.0,0.0,10,below0,-0.1364,0.82,0.0,0.0,10,below0,-0.1364,0.22,0.0,0.0,10,below0,-0.1364,0.31,0.0,0.0,10,below0,-0.1364,0.46,0.0,0.0,10,below0,-0.1364,0.34,0.0,0.0,10,below0
2334,-0.1364,0.58,0.0,0.0,10,below0,-0.1364,0.13,0.0,0.0,10,below0,-0.1364,0.52,0.0,0.0,10,below0,-0.1364,0.67,0.0,0.0,10,below0,-0.1364,0.49,0.0,0.0,10,below0,-0.1364,0.82,0.0,0.0,10,below0,-0.1364,0.22,0.0,0.0,10,below0,-0.1364,0.31,0.0,0.0,10,below0,-0.1364,0.46,0.0,0.0,10,below0,-0.1364,0.34,0.0,0.0,10,below0
2340,-0.1364,0.58,0.0,0.0,10,below0,-0.1364,0.13,0.0,0.0,10,below0,-0.1364,0.52,0.0,0.0,10,below0,-0.1364,0.67,0.0,0.0,10,below0,-0.1364,0.49,0.0,0.0,10,below0,-0.1364,0.82,0.0,0.0,10,below0,-0.1364,0.22,0.0,0.0,10,below0,-0.1364,0.31,0.0,0.0,10,below0,-0.1364,0.46,0.0,0.0,10,below0,-0.1364,0.34,0.0,0.0,10,below0
2346,-0.1364,0.58,0.0,0.0,10,below0,-0.1364,0.13,0.0,0.0,10,below0,-0.1364,0.52,0.0,0.0,10,below0,-0.1364,0.67,0.0,0.0,10,below0,-0.1364,0.49,0.0,0.0,10,below0,-0.1364,0.82,0.0,0.0,10,below0,-0.1364,0.22,0.0,0.0,10,below0,-0.1364,0.31,0.0,0.0,10,below0,-0.1364,0.46,0.0,0.0,10,below0,-0.1364,0.34,0.0,0.0,10,below0
2352,-0.1364,0.58,0.0,0.0,10,below0,-0.1364,0.13,0.0,0.0,10,below0,-0.1364,0.52,0.0,0.0,10,below0,-0.1364,0.67,0.0,0.0,10,below0,-0.1364,0.49,0.0,0.0,10,below0,-0.1364,0.82,0.0,0.0,10,below0,-0.1364,0.22,0.0,0.0,10,below0,-0.1364,0.31,0.0,0.0,10,below0,-0.1364,0.46,0.0,0.0,10,below0,-0.1364,0.34,0.0,0.0,10,below0
2358,-0.1364,0.58,0.0,0.0,10,below0,-0.1364,0.13,0.0,0.0,10,below0,-0.1364,0.52,0.0,0.0,10,below0,-0.1364,0.67,0.0,0.0,10,below0,-0.1364,0.49,0.0,0.0,10,below0,-0.1364,0.82,0.0,0.0,10,below0,-0.1364,0.22,0.0,0.0,10,below0,-0.1364,0.31,0.0,0.0,10,below0,-0.1364,0.46,0.0,0.0,10,below0,-0.1364,0.34,0.0,0.0,10,below0
2364,-0.1364,0.58,0.0,0.0,10,below0,-0.1364,0.13,0.0,0.0,10,below0,-0.1364,0.52,0.0,0.0,10,below0,-0.1364,0.67,0.0,0.0,10,below0,-0.1364,0.49,0.0,0.0,10,below0,-0.1364,0.82,0.0,0.0,10,below0,-0.1364,0.22,0.0,0.0,10,below0,-0.1364,0.31,0.0,0.0,10,below0,-0.1364,0.46,0.0,0.0,10,below0,-0.1364,0.34,0.0,0.0,10,below0
2370,-0.1364,0.58,0.0,0.0,10,below0,-0.1364,0.13,0.0,0.0,10,below0,-0.1364,0.52,0.0,0.0,10,below0,-0.1364,0.67,0.0,0.0,10,below0,-0.1364,0.49,0.0,0.0,10,below0,-0.1364,0.82,0.0,0.0,10,below0,-0.1364,0.22,0.0,0.0,10,below0,-0.1364,0.31,0.0,0.0,10,below0,-0.1364,0.46,0.0,0.0,10,below0,-0.1364,0.34,0.0,0.0,10,below0
2376,-0.1364,0.58,0.0,0.0,10,below0,-0.1364,0.13,0.0,0.0,10,below0,-0.1364,0.52,0.0,0.0,10,below0,-0.1364,0.67,0.0,0.0,10,below0,-0.1364,0.49,0.0,0.0,10,below0,-0.1364,0.82,0.0,0.0,10,below0,-0.1364,0.22,0.0,0.0,10,below0,-0.1364,0.31,0.0,0.0,10,below0,-0.1364,0.46,0.0,0.0,10,below0,-0.1364,0.34,0.0,0.0,10,below0
2382,-0.1364,0.58,0.0,0.0,10,below0,-0.1364,0.13,0.0,0.0,10,below0,-0.1364,0.52,0.0,0.0,10,below0,-0.1364,0.67,0.0,0.0,10,below0,-0.1364,0.49,0.0,0.0,10,below0,-0.1364,0.82,0.0,0.0,10,below0,-0.1364,0.22,0.0,0.0,10,below0,-0.1364,0.31,0.0,0.0,10,below0,-0.1364,0.46,0.0,0.0,10,below0,-0.1364,0.34,0.0,0.0,10,below0
2388,-0.1364,0.58,0.0,0.0,10,below0,-0.1364,0.13,0.0,0.0,10,below0,-0.1364,0.52,0.0,0.0,10,below0,-0.1364,0.67,0.0,0.0,10,below0,-0.1364,0.49,0.0,0.0,10,below0,-0.1364,0.82,0.0,0.0,10,below0,-0.1364,0.22,0.0,0.0,10,below0,-0.1364,0.31,0.0,0.0,10,below0,-0.1364,0.46,0.0,0.0,10,below0,-0.1364,0.34,0.0,0.0,10,below0
2394,-0.1364,0.58,0.0,0.0,10,below0,-0.1364,0.13,0.0,0.0,10,below0,-0.1364,0.52,0.0,0.0,10,below0,-0.1364,0.67,0.0,0.0,10,below0,-0.1364,0.49,0.0,0.0,10,below0,-0.1364,0.82,0.0,0.0,10,below0,-0.1364,0.22,0.0,0.0,10,below0,-0.1364,0.31,0.0,0.0,10,below0,-0.1364,0.46,0.0,0.0,10,below0,-0.1364,0.34,0.0,0.0,10,below0
2400,-0.1364,0.58,0.0,0.0,10,below0,-0.1364,0.13,0.0,0.0,10,below0,-0.1364,0.52,0.0,0.0,10,below0,-0.1364,0.67,0.0,0.0,10,below0,-0.1364,0.49,0.0,0.0,10,below0,-0.1364,0.82,0.0,0.0,10,below0,-0.1364,0.22,0.0,0.0,10,below0,-0.1364,0.31,0.0,0.0,10,below0,-0.1364,0.46,0.0,0.0,10,below0,-0.1364,0.34,0.0,0.0,10,below0
2406,-0.1364,0.58,0.0,0.0,10,below0,-0.1364,0.13,0.0,0.0,10,below0,-0.1364,0.52,0.0,0.0,10,below0,-0.1364,0.67,0.0,0.0,10,below0,-0.1364,0.49,0.0,0.0,10,below0,-0.1364,0.82,0.0,0.0,10,below0,-0.1364,0.22,0.0,0.0,10,below0,-0.1364,0.31,0.0,0.0,10,below0,-0.1364,0.46,0.0,0.0,10,below0,-0.1364,0.34,0.0,0.0,10,below0
2412,-0.1364,0.58,0.0,0.0,10,below0,-0.1364,0.13,0.0,0.0,10,below0,-0.1364,0.52,0.0,0.0,10,below0,-0.1364,0.67,0.0,0.0,10,below0,-0.1364,0.49,0.0,0.0,10,below0,-0.1364,0.82,0.0,0.0,10,below0,-0.1364,0.22,0.0,0.0,10,below0,-0.1364,0.31,0.0,0.0,10,below0,-0.1364,0.46,0.0,0.0,10,below0,-0.1364,0.34,0.0,0.0,10,below0
2418,-0.1364,0.58,0.0,0.0,10,below0,-0.1364,0.13,0.0,0.0,10,below0,-0.1364,0.52,0.0,0.0,10,below0,-0.1364,0.67,0.0,0.0,10,below0,-0.1364,0.49,0.0,0.0,10,below0,-0.1364,0.82,0.0,0.0,10,below0,-0.1364,0.22,0.0,0.0,10,below0,-0.1364,0.31,0.0,0.0,10,below0,-0.1364,0.46,0.0,0.0,10,below0,-0.1364,0.34,0.0,0.0,10,below0
2424,-0.1364,0.58,0.0,0.0,10,below0,-0.1364,0.13,0.0,0.0,10,below0,-0.1364,0.52,0.0,0.0,10,below0,-0.1364,0.67,0.0,0.0,10,below0,-0.1364,0.49,0.0,0.0,10,below0,-0.1364,0.82,0.0,0.0,10,below0,-0.1364,0.22,0.0,0.0,10,below0,-0.1364,0.31,0.0,0.0,10,below0,-0.1364,0.46,0.0,0.0,10,below0,-0.1364,0.34,0.0,0.0,10,below0
2430,-0.1364,0.58,0.0,0.0,10,below0,-0.1364,0.13,0.0,0.0,10,below0,-0.1364,0.52,0.0,0.0,10,below0,-0.1364,0.67,0.0,0.0,10,below0,-0.1364,0.49,0.0,0.0,10,below0,-0.1364,0.82,0.0,0.0,10,below0,-0.1364,0.22,0.0,0.0,10,below0,-0.1364,0.31,0.0,0.0,10,below0,-0.1364,0.46,0.0,0.0,10,below0,-0.1364,0.34,0.0,0.0,10,below0
2436,-0.1364,0.58,0.0,0.0,10,below0,-0.1364,0.13,0.0,0.0,10,below0,-0.1364,0.52,0.0,0.0,10,below0,-0.1364,0.67,0.0,0.0,10,below0,-0.1364,0.49,0.0,0.0,10,below0,-0.1364,0.82,0.0,0.0,10,below0,-0.1364,0.22,0.0,0.0,10,below0,-0.1364,0.31,0.0,0.0,10,below0,-0.1364,0.46,0.0,0.0,10,below0,-0.1364,0.34,0.0,0.0,10,below0
2442,-0.1364,0.58,0.0,0.0,10,below0,-0.1364,0.13,0.0,0.0,10,below0,-0.1364,0.52,0.0,0.0,10,below0,-0.1364,0.67,0.0,0.0,10,below0,-0.1364,0.49,0.0,0.0,10,below0,-0.1364,0.82,0.0,0.0,10,below0,-0.1364,0.22,0.0,0.0,10,below0,-0.1364,0.31,0.0,0.0,10,below0,-0.1364,0.46,0.0,0.0,10,below0,-0.1364,0.34,0.0,0.0,10,below0
2448,-0.1364,0.58,0.0,0.0,10,below0,-0.1364,0.13,0.0,0.0,10,below0,-0.1364,0.52,0.0,0.0,10,below0,-0.1364,0.67,0.0,0.0,10,below0,-0.1364,0.49,0.0,0.0,10,below0,-0.1364,0.82,0.0,0.0,10,below0,-0.1364,0.22,0.0,0.0,10,below0,-0.1364,0.31,0.0,0.0,10,below0,-0.1364,0.46,0.0,0.0,10,below0,-0.1364,0.34,0.0,0.0,10,below0
2454,-0.1364,0.58,0.0,0.0,10,below0,-0.1364,0.13,0.0,0.0,10,below0,-0.1364,0.52,0.0,0.0,10,below0,-0.1364,0.67,0.0,0.0,10,below0,-0.1364,0.49,0.0,0.0,10,below0,-0.1364,0.82,0.0,0.0,10,below0,-0.1364,0.22,0.0,0.0,10,below0,-0.1364,0.31,0.0,0.0,10,below0,-0.1364,0.46,0.0,0.0,10,below0,-0.1364,0.34,0.0,0.0,10,below0
2460,-0.1364,0.58,0.0,0.0,10,below0,-0.1364,0.13,0.0,0.0,10,below0,-0.1364,0.52,0.0,0.0,10,below0,-0.1364,0.67,0.0,0.0,10,below0,-0.1364,0.49,0.0,0.0,10,below0,-0.1364,0.82,0.0,0.0,10,below0,-0.1364,0.22,0.0,0.0,10,below0,-0.1364,0.31,0.0,0.0,10,below0,-0.1364,0.46,0.0,0.0,10,below0,-0.1364,0.34,0.0,0.0,10,below0
2466,-0.1364,0.58,0.0,0.0,10,below0,-0.1364,0.13,0.0,0.0,10,below0,-0.1364,0.52,0.0,0.0,10,below0,-0.1364,0.67,0.0,0.0,10,below0,-0.1364,0.49,0.0,0.0,10,below0,-0.1364,0.82,0.0,0.0,10,below0,-0.1364,0.22,0.0,0.0,10,below0,-0.1364,0.31,0.0,0.0,10,below0,-0.1364,0.46,0.0,0.0,10,below0,-0.1364,0.34,0.0,0.0,10,below0
2472,-0.1364,0.58,0.0,0.0,10,below0,-0.1364,0.13,0.0,0.0,10,below0,-0.1364,0.52,0.0,0.0,10,below0,-0.1364,0.67,0.0,0.0,10,below0,-0.1364,0.49,0.0,0.0,10,below0,-0.1364,0.82,0.0,0.0,10,below0,-0.1364,0.22,0.0,0.0,10,below0,-0.1364,0.31,0.0,0.0,10,below0,-0.1364,0.46,0.0,0.0,10,below0,-0.1364,0.34,0.0,0.0,10,below0
2478,-0.1364,0.58,0.0,0.0,10,below0,-0.1364,0.13,0.0,0.0,10,below0,-0.1364,0.52,0.0,0.0,10,below0,-0.1364,0.67,0.0,0.0,10,below0,-0.1364,0.49,0.0,0.0,10,below0,-0.1364,0.82,0.0,0.0,10,below0,-0.1364,0.22,0.0,0.0,10,below0,-0.1364,0.31,0.0,0.0,10,below0,-0.1364,0.46,0.0,0.0,10,below0,-0.1364,0.34,0.0,0.0,10,below0
2484,-0.1364,0.58,0.0,0.0,10,below0,-0.1364,0.13,0.0,0.0,10,below0,-0.1364,0.52,0.0,0.0,10,below0,-0.1364,0.67,0.0,0.0,10,below0,-0.1364,0.49,0.0,0.0,10,below0,-0.1364,0.82,0.0,0.0,10,below0,-0.1364,0.22,0.0,0.0,10,below0,-0.1364,0.31,0.0,0.0,10,below0,-0.1364,0.46,0.0,0.0,10,below0,-0.1364,0.34,0.0,0.0,10,below0
2490,-0.1364,0.58,0.0,0.0,10,below0,-0.1364,0.13,0.0,0.0,10,below0,-0.1364,0.52,0.0,0.0,10,below0,-0.1364,0.67,0.0,0.0,10,below0,-0.1364,0.49,0.0,0.0,10,below0,-0.1364,0.82,0.0,0.0,10,below0,-0.1364,0.22,0.0,0.0,10,below0,-0.1364,0.31,0.0,0.0,10,below0,-0.1364,0.46,0.0,0.0,10,below0,-0.1364,0.34,0.0,0.0,10,below0
2496,-0.1364,0.58,0.0,0.0,10,below0,-0.1364,0.13,0.0,0.0,10,below0,-0.1364,0.52,0.0,0.0,10,below0,-0.1364,0.67,0.0,0.0,10,below0,-0.1364,0.49,0.0,0.0,10,below0,-0.1364,0.82,0.0,0.0,10,below0,-0.1364,0.22,0.0,0.0,10,below0,-0.1364,0.31,0.0,0.0,10,below0,-0.1364,0.46,0.0,0.0,10,below0,-0.1364,0.34,0.0,0.0,10,below0
2502,-0.1364,0.58,0.0,0.0,10,below0,-0.1364,0.13,0.0,0.0,10,below0,-0.1364,0.52,0.0,0.0,10,below0,-0.1364,0.67,0.0,0.0,10,below0,-0.1364,0.49,0.0,0.0,10,below0,-0.1364,0.82,0.0,0.0,10,below0,-0.1364,0.22,0.0,0.0,10,below0,-0.1364,0.31,0.0,0.0,10,below0,-0.1364,0.46,0.0,0.0,10,below0,-0.1364,0.34,0.0,0.0,10,below0
2508,-0.1364,0.58,0.0,0.0,10,below0,-0.1364,0.13,0.0,0.0,10,below0,-0.1364,0.52,0.0,0.0,10,below0,-0.1364,0.67,0.0,0.0,10,below0,-0.1364,0.49,0.0,0.0,10,below0,-0.1364,0.82,0.0,0.0,10,below0,-0.1364,0.22,0.0,0.0,10,below0,-0.1364,0.31,0.0,0.0,10,below0,-0.1364,0.46,0.0,0.0,10,below0,-0.1364,0.34,0.0,0.0,10,below0
2514,-0.1364,0.58,0.0,0.0,10,below0,-0.1364,0.13,0.0,0.0,10,below0,-0.1364,0.52,0.0,0.0,10,below0,-0.1364,0.67,0.0,0.0,10,below0,-0.1364,0.49,0.0,0.0,10,below0,-0.1364,0.82,0.0,0.0,10,below0,-0.1364,0.22,0.0,0.0,10,below0,-0.1364,0.31,0.0,0.0,10,below0,-0.1364,0.46,0.0,0.0,10,below0,-0.1364,0.34,0.0,0.0,10,below0
2520,-0.1364,0.79,0.0,0.0,10,below0,-0.1364,0.13,0.0,0.0,10,below0,-0.1364,0.52,0.0,0.0,10,below0,-0.1364,0.67,0.0,0.0,10,below0,-0.1364,0.49,0.0,0.0,10,below0,-0.1364,0.73,0.0,0.0,10,below0,-0.1364,0.25,0.0,0.0,10,below0,-0.1364,0.43,0.0,0.0,10,below0,-0.1364,0.37,0.0,0.0,10,below0,-0.1364,0.22,0.0,0.0,10,below0
2526,-0.1364,0.79,0.0,0.0,10,below0,-0.1364,0.13,0.0,0.0,10,below0,-0.1364,0.52,0.0,0.0,10,below0,-0.1364,0.67,0.0,0.0,10,below0,-0.1364,0.49,0.0,0.0,10,below0,-0.1364,0.73,0.0,0.0,10,below0,-0.1364,0.25,0.0,0.0,10,below0,-0.1364,0.43,0.0,0.0,10,below0,-0.1364,0.37,0.0,0.0,10,below0,-0.1364,0.22,0.0,0.0,10,below0
2532,-0.1364,0.79,0.0,0.0,10,below0,-0.1364,0.13,0.0,0.0,10,below0,-0.1364,0.52,0.0,0.0,10,below0,-0.1364,0.67,0.0,0.0,10,below0,-0.1364,0.49,0.0,0.0,10,below0,-0.1364,0.73,0.0,0.0,10,below0,-0.1364,0.25,0.0,0.0,10,below0,-0.1364,0.43,0.0,0.0,10,below0,-0.1364,0.37,0.0,0.0,10,below0,-0.1364,0.22,0.0,0.0,10,below0
2538,-0.1364,0.79,0.0,0.0,10,below0,-0.1364,0.13,0.0,0.0,10,below0,-0.1364,0.52,0.0,0.0,10,below0,-0.1364,0.67,0.0,0.0,10,below0,-0.1364,0.49,0.0,0.0,10,below0,-0.1364,0.73,0.0,0.0,10,below0,-0.1364,0.25,0.0,0.0,10,below0,-0.1364,0.43,0.0,0.0,10,below0,-0.1364,0.37,0.0,0.0,10,below0,-0.1364,0.22,0.0,0.0,10,below0
2544,-0.1364,0.79,0.0,0.0,10,below0,-0.1364,0.13,0.0,0.0,10,below0,-0.1364,0.52,0.0,0.0,10,below0,-0.1364,0.67,0.0,0.0,10,below0,-0.1364,0.49,0.0,0.0,10,below0,-0.1364,0.73,0.0,0.0,10,below0,-0.1364,0.25,0.0,0.0,10,below0,-0.1364,0.43,0.0,0.0,10,below0,-0.1364,0.37,0.0,0.0,10,below0,-0.1364,0.22,0.0,0.0,10,below0
2550,-0.1364,0.79,0.0,0.0,10,below0,-0.1364,0.13,0.0,0.0,10,below0,-0.1364,0.52,0.0,0.0,10,below0,-0.1364,0.67,0.0,0.0,10,below0,-0.1364,0.49,0.0,0.0,10,below0,-0.1364,0.73,0.0,0.0,10,below0,-0.1364,0.25,0.0,0.0,10,below0,-0.1364,0.43,0.0,0.0,10,below0,-0.1364,0.37,0.0,0.0,10,below0,-0.1364,0.22,0.0,0.0,10,below0
2556,-0.1364,0.79,0.0,0.0,10,below0,-0.1364,0.13,0.0,0.0,10,below0,-0.1364,0.52,0.0,0.0,10,below0,-0.1364,0.67,0.0,0.0,10,below0,-0.1364,0.49,0.0,0.0,10,below0,-0.1364,0.73,0.0,0.0,10,below0,-0.1364,0.25,0.0,0.0,10,below0,-0.1364,0.43,0.0,0.0,10,below0,-0.1364,0.37,0.0,0.0,10,below0,-0.1364,0.22,0.0,0.0,10,below0
2562,-0.1364,0.79,0.0,0.0,10,below0,-0.1364,0.13,0.0,0.0,10,below0,-0.1364,0.52,0.0,0.0,10,below0,-0.1364,0.67,0.0,0.0,10,below0,-0.1364,0.49,0.0,0.0,10,below0,-0.1364,0.73,0.0,0.0,10,below0,-0.1364,0.25,0.0,0.0,10,below0,-0.1364,0.43,0.0,0.0,10,below0,-0.1364,0.37,0.0,0.0,10,below0,-0.1364,0.22,0.0,0.0,10,below0
2568,-0.1364,0.79,0.0,0.0,10,below0,-0.1364,0.13,0.0,0.0,10,below0,-0.1364,0.52,0.0,0.0,10,below0,-0.1364,0.67,0.0,0.0,10,below0,-0.1364,0.49,0.0,0.0,10,below0,-0.1364,0.73,0.0,0.0,10,below0,-0.1364,0.25,0.0,0.0,10,below0,-0.1364,0.43,0.0,0.0,10,below0,-0.1364,0.37,0.0,0.0,10,below0,-0.1364,0.22,0.0,0.0,10,below0
2574,-0.1364,0.79,0.0,0.0,10,below0,-0.1364,0.13,0.0,0.0,10,below0,-0.1364,0.52,0.0,0.0,10,below0,-0.1364,0.67,0.0,0.0,10,below0,-0.1364,0.49,0.0,0.0,10,below0,-0.1364,0.73,0.0,0.0,10,below0,-0.1364,0.25,0.0,0.0,10,below0,-0.1364,0.43,0.0,0.0,10,below0,-0.1364,0.37,0.0,0.0,10,below0,-0.1364,0.22,0.0,0.0,10,below0
2580,-0.1364,0.79,0.0,0.0,10,below0,-0.1364,0.13,0.0,0.0,10,below0,-0.1364,0.52,0.0,0.0,10,below0,-0.1364,0.67,0.0,0.0,10,below0,-0.1364,0.49,0.0,0.0,10,below0,-0.1364,0.73,0.0,0.0,10,below0,-0.1364,0.25,0.0,0.0,10,below0,-0.1364,0.43,0.0,0.0,10,below0,-0.1364,0.37,0.0,0.0,10,below0,-0.1364,0.22,0.0,0.0,10,below0
2586,-0.1364,0.79,0.0,0.0,10,below0,-0.1364,0.13,0.0,0.0,10,below0,-0.1364,0.52,0.0,0.0,10,below0,-0.1364,0.67,0.0,0.0,10,below0,-0.1364,0.49,0.0,0.0,10,below0,-0.1364,0.73,0.0,0.0,10,below0,-0.1364,0.25,0.0,0.0,10,below0,-0.1364,0.43,0.0,0.0,10,below0,-0.1364,0.37,0.0,0.0,10,below0,-0.1364,0.22,0.0,0.0,10,below0
2592,-0.1364,0.79,0.0,0.0,10,below0,-0.1364,0.13,0.0,0.0,10,below0,-0.1364,0.52,0.0,0.0,10,below0,-0.1364,0.67,0.0,0.0,10,below0,-0.1364,0.49,0.0,0.0,10,below0,-0.1364,0.73,0.0,0.0,10,below0,-0.1364,0.25,0.0,0.0,10,below0,-0.1364,0.43,0.0,0.0,10,below0,-0.1364,0.37,0.0,0.0,10,below0,-0.1364,0.22,0.0,0.0,10,below0
2598,-0.1364,0.79,0.0,0.0,10,below0,-0.1364,0.13,0.0,0.0,10,below0,-0.1364,0.52,0.0,0.0,10,below0,-0.1364,0.67,0.0,0.0,10,below0,-0.1364,0.49,0.0,0.0,10,below0,-0.1364,0.73,0.0,0.0,10,below0,-0.1364,0.25,0.0,0.0,10,below0,-0.1364,0.43,0.0,0.0,10,below0,-0.1364,0.37,0.0,0.0,10,below0,-0.1364,0.22,0.0,0.0,10,below0
2604,-0.1364,0.79,0.0,0.0,10,below0,-0.1364,0.13,0.0,0.0,10,below0,-0.1364,0.52,0.0,0.0,10,below0,-0.1364,0.67,0.0,0.0,10,below0,-0.1364,0.49,0.0,0.0,10,below0,-0.1364,0.73,0.0,0.0,10,below0,-0.1364,0.25,0.0,0.0,10,below0,-0.1364,0.43,0.0,0.0,10,below0,-0.1364,0.37,0.0,0.0,10,below0,-0.1364,0.22,0.0,0.0,10,below0
2610,-0.1364,0.79,0.0,0.0,10,below0,-0.1364,0.13,0.0,0.0,10,below0,-0.1364,0.52,0.0,0.0,10,below0,-0.1364,0.67,0.0,0.0,10,below0,-0.1364,0.49,0.0,0.0,10,below0,-0.1364,0.73,0.0,0.0,10,below0,-0.1364,0.25,0.0,0.0,10,below0,-0.1364,0.43,0.0,0.0,10,below0,-0.1364,0.37,0.0,0.0,10,below0,-0.1364,0.22,0.0,0.0,10,below0
2616,-0.1364,0.79,0.0,0.0,10,below0,-0.1364,0.13,0.0,0.0,10,below0,-0.1364,0.52,0.0,0.0,10,below0,-0.1364,0.67,0.0,0.0,10,below0,-0.1364,0.49,0.0,0.0,10,below0,-0.1364,0.73,0.0,0.0,10,below0,-0.1364,0.25,0.0,0.0,10,below0,-0.1364,0.43,0.0,0.0,10,below0,-0.1364,0.37,0.0,0.0,10,below0,-0.1364,0.22,0.0,0.0,10,below0
2622,-0.1364,0.79,0.0,0.0,10,below0,-0.1364,0.13,0.0,0.0,10,below0,-0.1364,0.52,0.0,0.0,10,below0,-0.1364,0.67,0.0,0.0,10,below0,-0.1364,0.49,0.0,0.0,10,below0,-0.1364,0.73,0.0,0.0,10,below0,-0.1364,0.25,0.0,0.0,10,below0,-0.1364,0.43,0.0,0.0,10,below0,-0.1364,0.37,0.0,0.0,10,below0,-0.1364,0.22,0.0,0.0,10,below0
2628,-0.1364,0.79,0.0,0.0,10,below0,-0.1364,0.13,0.0,0.0,10,below0,-0.1364,0.52,0.0,0.0,10,below0,-0.1364,0.67,0.0,0.0,10,below0,-0.1364,0.49,0.0,0.0,10,below0,-0.1364,0.73,0.0,0.0,10,below0,-0.1364,0.25,0.0,0.0,10,below0,-0.1364,0.43,0.0,0.0,10,below0,-0.1364,0.37,0.0,0.0,10,below0,-0.1364,0.22,0.0,0.0,10,below0
2634,-0.1364,0.79,0.0,0.0,10,below0,-0.1364,0.13,0.0,0.0,10,below0,-0.1364,0.52,0.0,0.0,10,below0,-0.1364,0.67,0.0,0.0,10,below0,-0.1364,0.49,0.0,0.0,10,below0,-0.1364,0.73,0.0,0.0,10,below0,-0.1364,0.25,0.0,0.0,10,below0,-0.1364,0.43,0.0,0.0,10,below0,-0.1364,0.37,0.0,0.0,10,below0,-0.1364,0.22,0.0,0.0,10,below0
2640,-0.1364,0.79,0.0,0.0,10,below0,-0.1364,0.13,0.0,0.0,10,below0,-0.1364,0.52,0.0,0.0,10,below0,-0.1364,0.67,0.0,0.0,10,below0,-0.1364,0.49,0.0,0.0,10,below0,-0.1364,0.73,0.0,0.0,10,below0,-0.1364,0.25,0.0,0.0,10,below0,-0.1364,0.43,0.0,0.0,10,below0,-0.1364,0.37,0.0,0.0,10,below0,-0.1364,0.22,0.0,0.0,10,below0
2646,-0.1364,0.79,0.0,0.0,10,below0,-0.1364,0.13,0.0,0.0,10,below0,-0.1364,0.52,0.0,0.0,10,below0,-0.1364,0.67,0.0,0.0,10,below0,-0.1364,0.49,0.0,0.0,10,below0,-0.1364,0.73,0.0,0.0,10,below0,-0.1364,0.25,0.0,0.0,10,below0,-0.1364,0.43,0.0,0.0,10,below0,-0.1364,0.37,0.0,0.0,10,below0,-0.1364,0.22,0.0,0.0,10,below0
2652,-0.1364,0.79,0.0,0.0,10,below0,-0.1364,0.13,0.0,0.0,10,below0,-0.1364,0.52,0.0,0.0,10,below0,-0.1364,0.67,0.0,0.0,10,below0,-0.1364,0.49,0.0,0.0,10,below0,-0.1364,0.73,0.0,0.0,10,below0,-0.1364,0.25,0.0,0.0,10,below0,-0.1364,0.43,0.0,0.0,10,below0,-0.1364,0.37,0.0,0.0,10,below0,-0.1364,0.22,0.0,0.0,10,below0
2658,-0.1364,0.79,0.0,0.0,10,below0,-0.1364,0.13,0.0,0.0,10,below0,-0.1364,0.52,0.0,0.0,10,below0,-0.1364,0.67,0.0,0.0,10,below0,-0.1364,0.49,0.0,0.0,10,below0,-0.1364,0.73,0.0,0.0,10,below0,-0.1364,0.25,0.0,0.0,10,below0,-0.1364,0.43,0.0,0.0,10,below0,-0.1364,0.37,0.0,0.0,10,below0,-0.1364,0.22,0.0,0.0,10,below0
2664,-0.1364,0.79,0.0,0.0,10,below0,-0.1364,0.13,0.0,0.0,10,below0,-0.1364,0.52,0.0,0.0,10,below0,-0.1364,0.67,0.0,0.0,10,below0,-0.1364,0.49,0.0,0.0,10,below0,-0.1364,0.73,0.0,0.0,10,below0,-0.1364,0.25,0.0,0.0,10,below0,-0.1364,0.43,0.0,0.0,10,below0,-0.1364,0.37,0.0,0.0,10,below0,-0.1364,0.22,0.0,0.0,10,below0
2670,-0.1364,0.79,0.0,0.0,10,below0,-0.1364,0.13,0.0,0.0,10,below0,-0.1364,0.52,0.0,0.0,10,below0,-0.1364,0.67,0.0,0.0,10,below0,-0.1364,0.49,0.0,0.0,10,below0,-0.1364,0.73,0.0,0.0,10,below0,-0.1364,0.25,0.0,0.0,10,below0,-0.1364,0.43,0.0,0.0,10,below0,-0.1364,0.37,0.0,0.0,10,below0,-0.1364,0.22,0.0,0.0,10,below0
2676,-0.1364,0.79,0.0,0.0,10,below0,-0.1364,0.13,0.0,0.0,10,below0,-0.1364,0.52,0.0,0.0,10,below0,-0.1364,0.67,0.0,0.0,10,below0,-0.1364,0.49,0.0,0.0,10,below0,-0.1364,0.73,0.0,0.0,10,below0,-0.1364,0.25,0.0,0.0,10,below0,-0.1364,0.43,0.0,0.0,10,below0,-0.1364,0.37,0.0,0.0,10,below0,-0.1364,0.22,0.0,0.0,10,below0
2682,-0.1364,0.79,0.0,0.0,10,below0,-0.1364,0.13,0.0,0.0,10,below0,-0.1364,0.52,0.0,0.0,10,below0,-0.1364,0.67,0.0,0.0,10,below0,-0.1364,0.49,0.0,0.0,10,below0,-0.1364,0.73,0.0,0.0,10,below0,-0.1364,0.25,0.0,0.0,10,below0,-0.1364,0.43,0.0,0.0,10,below0,-0.1364,0.37,0.0,0.0,10,below0,-0.1364,0.22,0.0,0.0,10,below0
2688,-0.1364,0.79,0.0,0.0,10,below0,-0.1364,0.13,0.0,0.0,10,below0,-0.1364,0.52,0.0,0.0,10,below0,-0.1364,0.67,0.0,0.0,10,below0,-0.1364,0.49,0.0,0.0,10,below0,-0.1364,0.73,0.0,0.0,10,below0,-0.1364,0.25,0.0,0.0,10,below0,-0.1364,0.43,0.0,0.0,10,below0,-0.1364,0.37,0.0,0.0,10,below0,-0.1364,0.22,0.0,0.0,10,below0
2694,-0.1364,0.79,0.0,0.0,10,below0,-0.1364,0.13,0.0,0.0,10,below0,-0.1364,0.52,0.0,0.0,10,below0,-0.1364,0.67,0.0,0.0,10,below0,-0.1364,0.49,0.0,0.0,10,below0,-0.1364,0.73,0.0,0.0,10,below0,-0.1364,0.25,0.0,0.0,10,below0,-0.1364,0.43,0.0,0.0,10,below0,-0.1364,0.37,0.0,0.0,10,below0,-0.1364,0.22,0.0,0.0,10,below0
2700,-0.1364,0.79,0.0,0.0,10,below0,-0.1364,0.13,0.0,0.0,10,below0,-0.1364,0.52,0.0,0.0,10,below0,-0.1364,0.67,0.0,0.0,10,below0,-0.1364,0.49,0.0,0.0,10,below0,-0.1364,0.73,0.0,0.0,10,below0,-0.1364,0.25,0.0,0.0,10,below0,-0.1364,0.43,0.0,0.0,10,below0,-0.1364,0.37,0.0,0.0,10,below0,-0.1364,0.22,0.0,0.0,10,below0
2706,-0.1364,0.79,0.0,0.0,10,below0,-0.1364,0.13,0.0,0.0,10,below0,-0.1364,0.52,0.0,0.0,10,below0,-0.1364,0.67,0.0,0.0,10,below0,-0.1364,0.49,0.0,0.0,10,below0,-0.1364,0.73,0.0,0.0,10,below0,-0.1364,0.25,0.0,0.0,10,below0,-0.1364,0.43,0.0,0.0,10,below0,-0.1364,0.37,0.0,0.0,10,below0,-0.1364,0.22,0.0,0.0,10,below0
2712,-0.1364,0.79,0.0,0.0,10,below0,-0.1364,0.13,0.0,0.0,10,below0,-0.1364,0.52,0.0,0.0,10,below0,-0.1364,0.67,0.0,0.0,10,below0,-0.1364,0.49,0.0,0.0,10,below0,-0.1364,0.73,0.0,0.0,10,below0,-0.1364,0.25,0.0,0.0,10,below0,-0.1364,0.43,0.0,0.0,10,below0,-0.1364,0.37,0.0,0.0,10,below0,-0.1364,0.22,0.0,0.0,10,below0
2718,-0.1364,0.79,0.0,0.0,10,below0,-0.1364,0.13,0.0,0.0,10,below0,-0.1364,0.52,0.0,0.0,10,below0,-0.1364,0.67,0.0,0.0,10,below0,-0.1364,0.49,0.0,0.0,10,below0,-0.1364,0.73,0.0,0.0,10,below0,-0.1364,0.25,0.0,0.0,10,below0,-0.1364,0.43,0.0,0.0,10,below0,-0.1364,0.37,0.0,0.0,10,below0,-0.1364,0.22,0.0,0.0,10,below0
2724,-0.1364,0.79,0.0,0.0,10,below0,-0.1364,0.13,0.0,0.0,10,below0,-0.1364,0.52,0.0,0.0,10,below0,-0.1364,0.67,0.0,0.0,10,below0,-0.1364,0.49,0.0,0.0,10,below0,-0.1364,0.73,0.0,0.0,10,below0,-0.1364,0.25,0.0,0.0,10,below0,-0.1364,0.43,0.0,0.0,10,below0,-0.1364,0.37,0.0,0.0,10,below0,-0.1364,0.22,0.0,0.0,10,below0
2730,-0.1364,0.79,0.0,0.0,10,below0,-0.1364,0.13,0.0,0.0,10,below0,-0.1364,0.52,0.0,0.0,10,below0,-0.1364,0.67,0.0,0.0,10,below0,-0.1364,0.49,0.0,0.0,10,below0,-0.1364,0.73,0.0,0.0,10,below0,-0.1364,0.25,0.0,0.0,10,below0,-0.1364,0.43,0.0,0.0,10,below0,-0.1364,0.37,0.0,0.0,10,below0,-0.1364,0.22,0.0,0.0,10,below0
2736,-0.1364,0.79,0.0,0.0,10,below0,-0.1364,0.13,0.0,0.0,10,below0,-0.1364,0.52,0.0,0.0,10,below0,-0.1364,0.67,0.0,0.0,10,below0,-0.1364,0.49,0.0,0.0,10,below0,-0.1364,0.73,0.0,0.0,10,below0,-0.1364,0.25,0.0,0.0,10,below0,-0.1364,0.43,0.0,0.0,10,below0,-0.1364,0.37,0.0,0.0,10,below0,-0.1364,0.22,0.0,0.0,10,below0
2742,-0.1364,0.79,0.0,0.0,10,below0,-0.1364,0.13,0.0,0.0,10,below0,-0.1364,0.52,0.0,0.0,10,below0,-0.1364,0.67,0.0,0.0,10,below0,-0.1364,0.49,0.0,0.0,10,below0,-0.1364,0.73,0.0,0.0,10,below0,-0.1364,0.25,0.0,0.0,10,below0,-0.1364,0.43,0.0,0.0,10,below0,-0.1364,0.37,0.0,0.0,10,below0,-0.1364,0.22,0.0,0.0,10,below0
2748,-0.1364,0.79,0.0,0.0,10,below0,-0.1364,0.13,0.0,0.0,10,below0,-0.1364,0.52,0.0,0.0,10,below0,-0.1364,0.67,0.0,0.0,10,below0,-0.1364,0.49,0.0,0.0,10,below0,-0.1364,0.73,0.0,0.0,10,below0,-0.1364,0.25,0.0,0.0,10,below0,-0.1364,0.43,0.0,0.0,10,below0,-0.1364,0.37,0.0,0.0,10,below0,-0.1364,0.22,0.0,0.0,10,below0
2754,-0.1364,0.79,0.0,0.0,10,below0,-0.1364,0.13,0.0,0.0,10,below0,-0.1364,0.52,0.0,0.0,10,below0,-0.1364,0.67,0.0,0.0,10,below0,-0.1364,0.49,0.0,0.0,10,below0,-0.1364,0.73,0.0,0.0,10,below0,-0.1364,0.25,0.0,0.0,10,below0,-0.1364,0.43,0.0,0.0,10,below0,-0.1364,0.37,0.0,0.0,10,below0,-0.1364,0.22,0.0,0.0,10,below0
2760,-0.1364,0.79,0.0,0.0,10,below0,-0.1364,0.13,0.0,0.0,10,below0,-0.1364,0.52,0.0,0.0,10,below0,-0.1364,0.67,0.0,0.0,10,below0,-0.1364,0.49,0.0,0.0,10,below0,-0.1364,0.73,0.0,0.0,10,below0,-0.1364,0.25,0.0,0.0,10,below0,-0.1364,0.43,0.0,0.0,10,below0,-0.1364,0.37,0.0,0.0,10,below0,-0.1364,0.22,0.0,0.0,10,below0
2766,-0.1364,0.79,0.0,0.0,10,below0,-0.1364,0.13,0.0,0.0,10,below0,-0.1364,0.52,0.0,0.0,10,below0,-0.1364,0.67,0.0,0.0,10,below0,-0.1364,0.49,0.0,0.0,10,below0,-0.1364,0.73,0.0,0.0,10,below0,-0.1364,0.25,0.0,0.0,10,below0,-0.1364,0.43,0.0,0.0,10,below0,-0.1364,0.37,0.0,0.0,10,below0,-0.1364,0.22,0.0,0.0,10,below0
2772,-0.1364,0.79,0.0,0.0,10,below0,-0.1364,0.13,0.0,0.0,10,below0,-0.1364,0.52,0.0,0.0,10,below0,-0.1364,0.67,0.0,0.0,10,below0,-0.1364,0.49,0.0,0.0,10,below0,-0.1364,0.73,0.0,0.0,10,below0,-0.1364,0.25,0.0,0.0,10,below0,-0.1364,0.43,0.0,0.0,10,below0,-0.1364,0.37,0.0,0.0,10,below0,-0.1364,0.22,0.0,0.0,10,below0
2778,-0.1364,0.79,0.0,0.0,10,below0,-0.1364,0.13,0.0,0.0,10,below0,-0.1364,0.52,0.0,0.0,10,below0,-0.1364,0.67,0.0,0.0,10,below0,-0.1364,0.49,0.0,0.0,10,below0,-0.1364,0.73,0.0,0.0,10,below0,-0.1364,0.25,0.0,0.0,10,below0,-0.1364,0.43,0.0,0.0,10,below0,-0.1364,0.37,0.0,0.0,10,below0,-0.1364,0.22,0.0,0.0,10,below0
2784,-0.1364,0.79,0.0,0.0,10,below0,-0.1364,0.13,0.0,0.0,10,below0,-0.1364,0.52,0.0,0.0,10,below0,-0.1364,0.67,0.0,0.0,10,below0,-0.1364,0.49,0.0,0.0,10,below0,-0.1364,0.73,0.0,0.0,10,below0,-0.1364,0.25,0.0,0.0,10,below0,-0.1364,0.43,0.0,0.0,10,below0,-0.1364,0.37,0.0,0.0,10,below0,-0.1364,0.22,0.0,0.0,10,below0
2790,-0.1364,0.79,0.0,0.0,10,below0,-0.1364,0.13,0.0,0.0,10,below0,-0.1364,0.52,0.0,0.0,10,below0,-0.1364,0.67,0.0,0.0,10,below0,-0.1364,0.49,0.0,0.0,10,below0,-0.1364,0.73,0.0,0.0,10,below0,-0.1364,0.25,0.0,0.0,10,below0,-0.1364,0.43,0.0,0.0,10,below0,-0.1364,0.37,0.0,0.0,10,below0,-0.1364,0.22,0.0,0.0,10,below0
2796,-0.1364,0.79,0.0,0.0,10,below0,-0.1364,0.13,0.0,0.0,10,below0,-0.1364,0.52,0.0,0.0,10,below0,-0.1364,0.67,0.0,0.0,10,below0,-0.1364,0.49,0.0,0.0,10,below0,-0.1364,0.73,0.0,0.0,10,below0,-0.1364,0.25,0.0,0.0,10,below0,-0.1364,0.43,0.0,0.0,10,below0,-0.1364,0.37,0.0,0.0,10,below0,-0.1364,0.22,0.0,0.0,10,below0
2802,-0.1364,0.79,0.0,0.0,10,below0,-0.1364,0.13,0.0,0.0,10,below0,-0.1364,0.52,0.0,0.0,10,below0,-0.1364,0.67,0.0,0.0,10,below0,-0.1364,0.49,0.0,0.0,10,below0,-0.1364,0.73,0.0,0.0,10,below0,-0.1364,0.25,0.0,0.0,10,below0,-0.1364,0.43,0.0,0.0,10,below0,-0.1364,0.37,0.0,0.0,10,below0,-0.1364,0.22,0.0,0.0,10,below0
2808,-0.1364,0.79,0.0,0.0,10,below0,-0.1364,0.13,0.0,0.0,10,below0,-0.1364,0.52,0.0,0.0,10,below0,-0.1364,0.67,0.0,0.0,10,below0,-0.1364,0.49,0.0,0.0,10,below0,-0.1364,0.73,0.0,0.0,10,below0,-0.1364,0.25,0.0,0.0,10,below0,-0.1364,0.43,0.0,0.0,10,below0,-0.1364,0.37,0.0,0.0,10,below0,-0.1364,0.22,0.0,0.0,10,below0
2814,-0.1364,0.79,0.0,0.0,10,below0,-0.1364,0.13,0.0,0.0,10,below0,-0.1364,0.52,0.0,0.0,10,below0,-0.1364,0.67,0.0,0.0,10,below0,-0.1364,0.49,0.0,0.0,10,below0,-0.1364,0.73,0.0,0.0,10,below0,-0.1364,0.25,0.0,0.0,10,below0,-0.1364,0.43,0.0,0.0,10,below0,-0.1364,0.37,0.0,0.0,10,below0,-0.1364,0.22,0.0,0.0,10,below0
2820,-0.1364,0.79,0.0,0.0,10,below0,-0.1364,0.13,0.0,0.0,10,below0,-0.1364,0.52,0.0,0.0,10,below0,-0.1364,0.67,0.0,0.0,10,below0,-0.1364,0.49,0.0,0.0,10,below0,-0.1364,0.73,0.0,0.0,10,below0,-0.1364,0.25,0.0,0.0,10,below0,-0.1364,0.43,0.0,0.0,10,below0,-0.1364,0.37,0.0,0.0,10,below0,-0.1364,0.22,0.0,0.0,10,below0
2826,-0.1364,0.79,0.0,0.0,10,below0,-0.1364,0.13,0.0,0.0,10,below0,-0.1364,0.52,0.0,0.0,10,below0,-0.1364,0.67,0.0,0.0,10,below0,-0.1364,0.49,0.0,0.0,10,below0,-0.1364,0.73,0.0,0.0,10,below0,-0.1364,0.25,0.0,0.0,10,below0,-0.1364,0.43,0.0,0.0,10,below0,-0.1364,0.37,0.0,0.0,10,below0,-0.1364,0.22,0.0,0.0,10,below0
2832,-0.1364,0.79,0.0,0.0,10,below0,-0.1364,0.13,0.0,0.0,10,below0,-0.1364,0.52,0.0,0.0,10,below0,-0.1364,0.67,0.0,0.0,10,below0,-0.1364,0.49,0.0,0.0,10,below0,-0.1364,0.73,0.0,0.0,10,below0,-0.1364,0.25,0.0,0.0,10,below0,-0.1364,0.43,0.0,0.0,10,below0,-0.1364,0.37,0.0,0.0,10,below0,-0.1364,0.22,0.0,0.0,10,below0
2838,-0.1364,0.79,0.0,0.0,10,below0,-0.1364,0.13,0.0,0.0,10,below0,-0.1364,0.52,0.0,0.0,10,below0,-0.1364,0.67,0.0,0.0,10,below0,-0.1364,0.49,0.0,0.0,10,below0,-0.1364,0.73,0.0,0.0,10,below0,-0.1364,0.25,0.0,0.0,10,below0,-0.1364,0.43,0.0,0.0,10,below0,-0.1364,0.37,0.0,0.0,10,below0,-0.1364,0.22,0.0,0.0,10,below0
2844,-0.1364,0.79,0.0,0.0,10,below0,-0.1364,0.13,0.0,0.0,10,below0,-0.1364,0.52,0.0,0.0,10,below0,-0.1364,0.67,0.0,0.0,10,below0,-0.1364,0.49,0.0,0.0,10,below0,-0.1364,0.73,0.0,0.0,10,below0,-0.1364,0.25,0.0,0.0,10,below0,-0.1364,0.43,0.0,0.0,10,below0,-0.1364,0.37,0.0,0.0,10,below0,-0.1364,0.22,0.0,0.0,10,below0
2850,-0.1364,0.79,0.0,0.0,10,below0,-0.1364,0.13,0.0,0.0,10,below0,-0.1364,0.52,0.0,0.0,10,below0,-0.1364,0.67,0.0,0.0,10,below0,-0.1364,0.49,0.0,0.0,10,below0,-0.1364,0.73,0.0,0.0,10,below0,-0.1364,0.25,0.0,0.0,10,below0,-0.1364,0.43,0.0,0.0,10,below0,-0.1364,0.37,0.0,0.0,10,below0,-0.1364,0.22,0.0,0.0,10,below0
2856,-0.1364,0.79,0.0,0.0,10,below0,-0.1364,0.13,0.0,0.0,10,below0,-0.1364,0.52,0.0,0.0,10,below0,-0.1364,0.67,0.0,0.0,10,below0,-0.1364,0.49,0.0,0.0,10,below0,-0.1364,0.73,0.0,0.0,10,below0,-0.1364,0.25,0.0,0.0,10,below0,-0.1364,0.43,0.0,0.0,10,below0,-0.1364,0.37,0.0,0.0,10,below0,-0.1364,0.22,0.0,0.0,10,below0
2862,-0.1364,0.79,0.0,0.0,10,below0,-0.1364,0.13,0.0,0.0,10,below0,-0.1364,0.52,0.0,0.0,10,below0,-0.1364,0.67,0.0,0.0,10,below0,-0.1364,0.49,0.0,0.0,10,below0,-0.1364,0.73,0.0,0.0,10,below0,-0.1364,0.25,0.0,0.0,10,below0,-0.1364,0.43,0.0,0.0,10,below0,-0.1364,0.37,0.0,0.0,10,below0,-0.1364,0.22,0.0,0.0,10,below0
2868,-0.1364,0.79,0.0,0.0,10,below0,-0.1364,0.13,0.0,0.0,10,below0,-0.1364,0.52,0.0,0.0,10,below0,-0.1364,0.67,0.0,0.0,10,below0,-0.1364,0.49,0.0,0.0,10,below0,-0.1364,0.73,0.0,0.0,10,below0,-0.1364,0.25,0.0,0.0,10,below0,-0.1364,0.43,0.0,0.0,10,below0,-0.1364,0.37,0.0,0.0,10,below0,-0.1364,0.22,0.0,0.0,10,below0
2874,-0.1364,0.79,0.0,0.0,10,below0,-0.1364,0.13,0.0,0.0,10,below0,-0.1364,0.52,0.0,0.0,10,below0,-0.1364,0.67,0.0,0.0,10,below0,-0.1364,0.49,0.0,0.0,10,below0,-0.1364,0.73,0.0,0.0,10,below0,-0.1364,0.25,0.0,0.0,10,below0,-0.1364,0.43,0.0,0.0,10,below0,-0.1364,0.37,0.0,0.0,10,below0,-0.1364,0.22,0.0,0.0,10,below0
2880,-0.1364,0.76,0.0,0.0,10,below0,-0.1364,0.13,0.0,0.0,10,below0,-0.1364,0.49,0.0,0.0,10,below0,-0.1364,0.85,0.0,0.0,10,below0,-0.1364,0.67,0.0,0.0,10,below0,-0.1364,0.94,0.0,0.0,10,below0,-0.1364,0.22,0.0,0.0,10,below0,-0.1364,0.4,0.0,0.0,10,below0,-0.1364,0.58,0.0,0.0,10,below0,-0.1364,0.31,0.0,0.0,10,below0
2886,-0.1364,0.76,0.0,0.0,10,below0,-0.1364,0.13,0.0,0.0,10,below0,-0.1364,0.49,0.0,0.0,10,below0,-0.1364,0.85,0.0,0.0,10,below0,-0.1364,0.67,0.0,0.0,10,below0,-0.1364,0.94,0.0,0.0,10,below0,-0.1364,0.22,0.0,0.0,10,below0,-0.1364,0.4,0.0,0.0,10,below0,-0.1364,0.58,0.0,0.0,10,below0,-0.1364,0.31,0.0,0.0,10,below0
2892,-0.1364,0.76,0.0,0.0,10,below0,-0.1364,0.13,0.0,0.0,10,below0,-0.1364,0.49,0.0,0.0,10,below0,-0.1364,0.85,0.0,0.0,10,below0,-0.1364,0.67,0.0,0.0,10,below0,-0.1364,0.94,0.0,0.0,10,below0,-0.1364,0.22,0.0,0.0,10,below0,-0.1364,0.4,0.0,0.0,10,below0,-0.1364,0.58,0.0,0.0,10,below0,-0.1364,0.31,0.0,0.0,10,below0
2898,-0.1364,0.76,0.0,0.0,10,below0,-0.1364,0.13,0.0,0.0,10,below0,-0.1364,0.49,0.0,0.0,10,below0,-0.1364,0.85,0.0,0.0,10,below0,-0.1364,0.67,0.0,0.0,10,below0,-0.1364,0.94,0.0,0.0,10,below0,-0.1364,0.22,0.0,0.0,10,below0,-0.1364,0.4,0.0,0.0,10,below0,-0.1364,0.58,0.0,0.0,10,below0,-0.1364,0.31,0.0,0.0,10,below0
2904,-0.1364,0.76,0.0,0.0,10,below0,-0.1364,0.13,0.0,0.0,10,below0,-0.1364,0.49,0.0,0.0,10,below0,-0.1364,0.85,0.0,0.0,10,below0,-0.1364,0.67,0.0,0.0,10,below0,-0.1364,0.94,0.0,0.0,10,below0,-0.1364,0.22,0.0,0.0,10,below0,-0.1364,0.4,0.0,0.0,10,below0,-0.1364,0.58,0.0,0.0,10,below0,-0.1364,0.31,0.0,0.0,10,below0
2910,-0.1364,0.76,0.0,0.0,10,below0,-0.1364,0.13,0.0,0.0,10,below0,-0.1364,0.49,0.0,0.0,10,below0,-0.1364,0.85,0.0,0.0,10,below0,-0.1364,0.67,0.0,0.0,10,below0,-0.1364,0.94,0.0,0.0,10,below0,-0.1364,0.22,0.0,0.0,10,below0,-0.1364,0.4,0.0,0.0,10,below0,-0.1364,0.58,0.0,0.0,10,below0,-0.1364,0.31,0.0,0.0,10,below0
2916,-0.1364,0.76,0.0,0.0,10,below0,-0.1364,0.13,0.0,0.0,10,below0,-0.1364,0.49,0.0,0.0,10,below0,-0.1364,0.85,0.0,0.0,10,below0,-0.1364,0.67,0.0,0.0,10,below0,-0.1364,0.94,0.0,0.0,10,below0,-0.1364,0.22,0.0,0.0,10,below0,-0.1364,0.4,0.0,0.0,10,below0,-0.1364,0.58,0.0,0.0,10,below0,-0.1364,0.31,0.0,0.0,10,below0
2922,-0.1364,0.76,0.0,0.0,10,below0,-0.1364,0.13,0.0,0.0,10,below0,-0.1364,0.49,0.0,0.0,10,below0,-0.1364,0.85,0.0,0.0,10,below0,-0.1364,0.67,0.0,0.0,10,below0,-0.1364,0.94,0.0,0.0,10,below0,-0.1364,0.22,0.0,0.0,10,below0,-0.1364,0.4,0.0,0.0,10,below0,-0.1364,0.58,0.0,0.0,10,below0,-0.1364,0.31,0.0,0.0,10,below0
2928,-0.1364,0.76,0.0,0.0,10,below0,-0.1364,0.13,0.0,0.0,10,below0,-0.1364,0.49,0.0,0.0,10,below0,-0.1364,0.85,0.0,0.0,10,below0,-0.1364,0.67,0.0,0.0,10,below0,-0.1364,0.94,0.0,0.0,10,below0,-0.1364,0.22,0.0,0.0,10,below0,-0.1364,0.4,0.0,0.0,10,below0,-0.1364,0.58,0.0,0.0,10,below0,-0.1364,0.31,0.0,0.0,10,below0
2934,-0.1364,0.76,0.0,0.0,10,below0,-0.1364,0.13,0.0,0.0,10,below0,-0.1364,0.49,0.0,0.0,10,below0,-0.1364,0.85,0.0,0.0,10,below0,-0.1364,0.67,0.0,0.0,10,below0,-0.1364,0.94,0.0,0.0,10,below0,-0.1364,0.22,0.0,0.0,10,below0,-0.1364,0.4,0.0,0.0,10,below0,-0.1364,0.58,0.0,0.0,10,below0,-0.1364,0.31,0.0,0.0,10,below0
2940,-0.1364,0.76,0.0,0.0,10,below0,-0.1364,0.13,0.0,0.0,10,below0,-0.1364,0.49,0.0,0.0,10,below0,-0.1364,0.85,0.0,0.0,10,below0,-0.1364,0.67,0.0,0.0,10,below0,-0.1364,0.94,0.0,0.0,10,below0,-0.1364,0.22,0.0,0.0,10,below0,-0.1364,0.4,0.0,0.0,10,below0,-0.1364,0.58,0.0,0.0,10,below0,-0.1364,0.31,0.0,0.0,10,below0
2946,-0.1364,0.76,0.0,0.0,10,below0,-0.1364,0.13,0.0,0.0,10,below0,-0.1364,0.49,0.0,0.0,10,below0,-0.1364,0.85,0.0,0.0,10,below0,-0.1364,0.67,0.0,0.0,10,below0,-0.1364,0.94,0.0,0.0,10,below0,-0.1364,0.22,0.0,0.0,10,below0,-0.1364,0.4,0.0,0.0,10,below0,-0.1364,0.58,0.0,0.0,10,below0,-0.1364,0.31,0.0,0.0,10,below0
2952,-0.1364,0.76,0.0,0.0,10,below0,-0.1364,0.13,0.0,0.0,10,below0,-0.1364,0.49,0.0,0.0,10,below0,-0.1364,0.85,0.0,0.0,10,below0,-0.1364,0.67,0.0,0.0,10,below0,-0.1364,0.94,0.0,0.0,10,below0,-0.1364,0.22,0.0,0.0,10,below0,-0.1364,0.4,0.0,0.0,10,below0,-0.1364,0.58,0.0,0.0,10,below0,-0.1364,0.31,0.0,0.0,10,below0
2958,-0.1364,0.76,0.0,0.0,10,below0,-0.1364,0.13,0.0,0.0,10,below0,-0.1364,0.49,0.0,0.0,10,below0,-0.1364,0.85,0.0,0.0,10,below0,-0.1364,0.67,0.0,0.0,10,below0,-0.1364,0.94,0.0,0.0,10,below0,-0.1364,0.22,0.0,0.0,10,below0,-0.1364,0.4,0.0,0.0,10,below0,-0.1364,0.58,0.0,0.0,10,below0,-0.1364,0.31,0.0,0.0,10,below0
2964,-0.1364,0.76,0.0,0.0,10,below0,-0.1364,0.13,0.0,0.0,10,below0,-0.1364,0.49,0.0,0.0,10,below0,-0.1364,0.85,0.0,0.0,10,below0,-0.1364,0.67,0.0,0.0,10,below0,-0.1364,0.94,0.0,0.0,10,below0,-0.1364,0.22,0.0,0.0,10,below0,-0.1364,0.4,0.0,0.0,10,below0,-0.1364,0.58,0.0,0.0,10,below0,-0.1364,0.31,0.0,0.0,10,below0
2970,-0.1364,0.76,0.0,0.0,10,below0,-0.1364,0.13,0.0,0.0,10,below0,-0.1364,0.49,0.0,0.0,10,below0,-0.1364,0.85,0.0,0.0,10,below0,-0.1364,0.67,0.0,0.0,10,below0,-0.1364,0.94,0.0,0.0,10,below0,-0.1364,0.22,0.0,0.0,10,below0,-0.1364,0.4,0.0,0.0,10,below0,-0.1364,0.58,0.0,0.0,10,below0,-0.1364,0.31,0.0,0.0,10,below0
2976,-0.1364,0.76,0.0,0.0,10,below0,-0.1364,0.13,0.0,0.0,10,below0,-0.1364,0.49,0.0,0.0,10,below0,-0.1364,0.85,0.0,0.0,10,below0,-0.1364,0.67,0.0,0.0,10,below0,-0.1364,0.94,0.0,0.0,10,below0,-0.1364,0.22,0.0,0.0,10,below0,-0.1364,0.4,0.0,0.0,10,below0,-0.1364,0.58,0.0,0.0,10,below0,-0.1364,0.31,0.0,0.0,10,below0
2982,-0.1364,0.76,0.0,0.0,10,below0,-0.1364,0.13,0.0,0.0,10,below0,-0.1364,0.49,0.0,0.0,10,below0,-0.1364,0.85,0.0,0.0,10,below0,-0.1364,0.67,0.0,0.0,10,below0,-0.1364,0.94,0.0,0.0,10,below0,-0.1364,0.22,0.0,0.0,10,below0,-0.1364,0.4,0.0,0.0,10,below0,-0.1364,0.58,0.0,0.0,10,below0,-0.1364,0.31,0.0,0.0,10,below0
2988,-0.1364,0.76,0.0,0.0,10,below0,-0.1364,0.13,0.0,0.0,10,below0,-0.1364,0.49,0.0,0.0,10,below0,-0.1364,0.85,0.0,0.0,10,below0,-0.1364,0.67,0.0,0.0,10,below0,-0.1364,0.94,0.0,0.0,10,below0,-0.1364,0.22,0.0,0.0,10,below0,-0.1364,0.4,0.0,0.0,10,below0,-0.1364,0.58,0.0,0.0,10,below0,-0.1364,0.31,0.0,0.0,10,below0
2994,-0.1364,0.76,0.0,0.0,10,below0,-0.1364,0.13,0.0,0.0,10,below0,-0.1364,0.49,0.0,0.0,10,below0,-0.1364,0.85,0.0,0.0,10,below0,-0.1364,0.67,0.0,0.0,10,below0,-0.1364,0.94,0.0,0.0,10,below0,-0.1364,0.22,0.0,0.0,10,below0,-0.1364,0.4,0.0,0.0,10,below0,-0.1364,0.58,0.0,0.0,10,below0,-0.1364,0.31,0.0,0.0,10,below0
3000,-0.1364,0.76,0.0,0.0,10,below0,-0.1364,0.13,0.0,0.0,10,below0,-0.1364,0.49,0.0,0.0,10,below0,-0.1364,0.85,0.0,0.0,10,below0,-0.1364,0.67,0.0,0.0,10,below0,-0.1364,0.94,0.0,0.0,10,below0,-0.1364,0.22,0.0,0.0,10,below0,-0.1364,0.4,0.0,0.0,10,below0,-0.1364,0.58,0.0,0.0,10,below0,-0.1364,0.31,0.0,0.0,10,below0
3006,-0.1364,0.76,0.0,0.0,10,below0,-0.1364,0.13,0.0,0.0,10,below0,-0.1364,0.49,0.0,0.0,10,below0,-0.1364,0.85,0.0,0.0,10,below0,-0.1364,0.67,0.0,0.0,10,below0,-0.1364,0.94,0.0,0.0,10,below0,-0.1364,0.22,0.0,0.0,10,below0,-0.1364,0.4,0.0,0.0,10,below0,-0.1364,0.58,0.0,0.0,10,below0,-0.1364,0.31,0.0,0.0,10,below0
3012,-0.1364,0.76,0.0,0.0,10,below0,-0.1364,0.13,0.0,0.0,10,below0,-0.1364,0.49,0.0,0.0,10,below0,-0.1364,0.85,0.0,0.0,10,below0,-0.1364,0.67,0.0,0.0,10,below0,-0.1364,0.94,0.0,0.0,10,below0,-0.1364,0.22,0.0,0.0,10,below0,-0.1364,0.4,0.0,0.0,10,below0,-0.1364,0.58,0.0,0.0,10,below0,-0.1364,0.31,0.0,0.0,10,below0
3018,-0.1364,0.76,0.0,0.0,10,below0,-0.1364,0.13,0.0,0.0,10,below0,-0.1364,0.49,0.0,0.0,10,below0,-0.1364,0.85,0.0,0.0,10,below0,-0.1364,0.67,0.0,0.0,10,below0,-0.1364,0.94,0.0,0.0,10,below0,-0.1364,0.22,0.0,0.0,10,below0,-0.1364,0.4,0.0,0.0,10,below0,-0.1364,0.58,0.0,0.0,10,below0,-0.1364,0.31,0.0,0.0,10,below0
3024,-0.1364,0.76,0.0,0.0,10,below0,-0.1364,0.13,0.0,0.0,10,below0,-0.1364,0.49,0.0,0.0,10,below0,-0.1364,0.85,0.0,0.0,10,below0,-0.1364,0.67,0.0,0.0,10,below0,-0.1364,0.94,0.0,0.0,10,below0,-0.1364,0.22,0.0,0.0,10,below0,-0.1364,0.4,0.0,0.0,10,below0,-0.1364,0.58,0.0,0.0,10,below0,-0.1364,0.31,0.0,0.0,10,below0
3030,-0.1364,0.76,0.0,0.0,10,below0,-0.1364,0.13,0.0,0.0,10,below0,-0.1364,0.49,0.0,0.0,10,below0,-0.1364,0.85,0.0,0.0,10,below0,-0.1364,0.67,0.0,0.0,10,below0,-0.1364,0.94,0.0,0.0,10,below0,-0.1364,0.22,0.0,0.0,10,below0,-0.1364,0.4,0.0,0.0,10,below0,-0.1364,0.58,0.0,0.0,10,below0,-0.1364,0.31,0.0,0.0,10,below0
3036,-0.1364,0.76,0.0,0.0,10,below0,-0.1364,0.13,0.0,0.0,10,below0,-0.1364,0.49,0.0,0.0,10,below0,-0.1364,0.85,0.0,0.0,10,below0,-0.1364,0.67,0.0,0.0,10,below0,-0.1364,0.94,0.0,0.0,10,below0,-0.1364,0.22,0.0,0.0,10,below0,-0.1364,0.4,0.0,0.0,10,below0,-0.1364,0.58,0.0,0.0,10,below0,-0.1364,0.31,0.0,0.0,10,below0
3042,-0.1364,0.76,0.0,0.0,10,below0,-0.1364,0.13,0.0,0.0,10,below0,-0.1364,0.49,0.0,0.0,10,below0,-0.1364,0.85,0.0,0.0,10,below0,-0.1364,0.67,0.0,0.0,10,below0,-0.1364,0.94,0.0,0.0,10,below0,-0.1364,0.22,0.0,0.0,10,below0,-0.1364,0.4,0.0,0.0,10,below0,-0.1364,0.58,0.0,0.0,10,below0,-0.1364,0.31,0.0,0.0,10,below0
3048,-0.1364,0.76,0.0,0.0,10,below0,-0.1364,0.13,0.0,0.0,10,below0,-0.1364,0.49,0.0,0.0,10,below0,-0.1364,0.85,0.0,0.0,10,below0,-0.1364,0.67,0.0,0.0,10,below0,-0.1364,0.94,0.0,0.0,10,below0,-0.1364,0.22,0.0,0.0,10,below0,-0.1364,0.4,0.0,0.0,10,below0,-0.1364,0.58,0.0,0.0,10,below0,-0.1364,0.31,0.0,0.0,10,below0
3054,-0.1364,0.76,0.0,0.0,10,below0,-0.1364,0.13,0.0,0.0,10,below0,-0.1364,0.49,0.0,0.0,10,below0,-0.1364,0.85,0.0,0.0,10,below0,-0.1364,0.67,0.0,0.0,10,below0,-0.1364,0.94,0.0,0.0,10,below0,-0.1364,0.22,0.0,0.0,10,below0,-0.1364,0.4,0.0,0.0,10,below0,-0.1364,0.58,0.0,0.0,10,below0,-0.1364,0.31,0.0,0.0,10,below0
3060,-0.1364,0.76,0.0,0.0,10,below0,-0.1364,0.13,0.0,0.0,10,below0,-0.1364,0.49,0.0,0.0,10,below0,-0.1364,0.85,0.0,0.0,10,below0,-0.1364,0.67,0.0,0.0,10,below0,-0.1364,0.94,0.0,0.0,10,below0,-0.1364,0.22,0.0,0.0,10,below0,-0.1364,0.4,0.0,0.0,10,below0,-0.1364,0.58,0.0,0.0,10,below0,-0.1364,0.31,0.0,0.0,10,below0
3066,-0.1364,0.76,0.0,0.0,10,below0,-0.1364,0.13,0.0,0.0,10,below0,-0.1364,0.49,0.0,0.0,10,below0,-0.1364,0.85,0.0,0.0,10,below0,-0.1364,0.67,0.0,0.0,10,below0,-0.1364,0.94,0.0,0.0,10,below0,-0.1364,0.22,0.0,0.0,10,below0,-0.1364,0.4,0.0,0.0,10,below0,-0.1364,0.58,0.0,0.0,10,below0,-0.1364,0.31,0.0,0.0,10,below0
3072,-0.1364,0.76,0.0,0.0,10,below0,-0.1364,0.13,0.0,0.0,10,below0,-0.1364,0.49,0.0,0.0,10,below0,-0.1364,0.85,0.0,0.0,10,below0,-0.1364,0.67,0.0,0.0,10,below0,-0.1364,0.94,0.0,0.0,10,below0,-0.1364,0.22,0.0,0.0,10,below0,-0.1364,0.4,0.0,0.0,10,below0,-0.1364,0.58,0.0,0.0,10,below0,-0.1364,0.31,0.0,0.0,10,below0
3078,-0.1364,0.76,0.0,0.0,10,below0,-0.1364,0.13,0.0,0.0,10,below0,-0.1364,0.49,0.0,0.0,10,below0,-0.1364,0.85,0.0,0.0,10,below0,-0.1364,0.67,0.0,0.0,10,below0,-0.1364,0.94,0.0,0.0,10,below0,-0.1364,0.22,0.0,0.0,10,below0,-0.1364,0.4,0.0,0.0,10,below0,-0.1364,0.58,0.0,0.0,10,below0,-0.1364,0.31,0.0,0.0,10,below0
3084,-0.1364,0.76,0.0,0.0,10,below0,-0.1364,0.13,0.0,0.0,10,below0,-0.1364,0.49,0.0,0.0,10,below0,-0.1364,0.85,0.0,0.0,10,below0,-0.1364,0.67,0.0,0.0,10,below0,-0.1364,0.94,0.0,0.0,10,below0,-0.1364,0.22,0.0,0.0,10,below0,-0.1364,0.4,0.0,0.0,10,below0,-0.1364,0.58,0.0,0.0,10,below0,-0.1364,0.31,0.0,0.0,10,below0
3090,-0.1364,0.76,0.0,0.0,10,below0,-0.1364,0.13,0.0,0.0,10,below0,-0.1364,0.49,0.0,0.0,10,below0,-0.1364,0.85,0.0,0.0,10,below0,-0.1364,0.67,0.0,0.0,10,below0,-0.1364,0.94,0.0,0.0,10,below0,-0.1364,0.22,0.0,0.0,10,below0,-0.1364,0.4,0.0,0.0,10,below0,-0.1364,0.58,0.0,0.0,10,below0,-0.1364,0.31,0.0,0.0,10,below0
3096,-0.1364,0.76,0.0,0.0,10,below0,-0.1364,0.13,0.0,0.0,10,below0,-0.1364,0.49,0.0,0.0,10,below0,-0.1364,0.85,0.0,0.0,10,below0,-0.1364,0.67,0.0,0.0,10,below0,-0.1364,0.94,0.0,0.0,10,below0,-0.1364,0.22,0.0,0.0,10,below0,-0.1364,0.4,0.0,0.0,10,below0,-0.1364,0.58,0.0,0.0,10,below0,-0.1364,0.31,0.0,0.0,10,below0
3102,-0.1364,0.76,0.0,0.0,10,below0,-0.1364,0.13,0.0,0.0,10,below0,-0.1364,0.49,0.0,0.0,10,below0,-0.1364,0.85,0.0,0.0,10,below0,-0.1364,0.67,0.0,0.0,10,below0,-0.1364,0.94,0.0,0.0,10,below0,-0.1364,0.22,0.0,0.0,10,below0,-0.1364,0.4,0.0,0.0,10,below0,-0.1364,0.58,0.0,0.0,10,below0,-0.1364,0.31,0.0,0.0,10,below0
3108,-0.1364,0.76,0.0,0.0,10,below0,-0.1364,0.13,0.0,0.0,10,below0,-0.1364,0.49,0.0,0.0,10,below0,-0.1364,0.85,0.0,0.0,10,below0,-0.1364,0.67,0.0,0.0,10,below0,-0.1364,0.94,0.0,0.0,10,below0,-0.1364,0.22,0.0,0.0,10,below0,-0.1364,0.4,0.0,0.0,10,below0,-0.1364,0.58,0.0,0.0,10,below0,-0.1364,0.31,0.0,0.0,10,below0
3114,-0.1364,0.76,0.0,0.0,10,below0,-0.1364,0.13,0.0,0.0,10,below0,-0.1364,0.49,0.0,0.0,10,below0,-0.1364,0.85,0.0,0.0,10,below0,-0.1364,0.67,0.0,0.0,10,below0,-0.1364,0.94,0.0,0.0,10,below0,-0.1364,0.22,0.0,0.0,10,below0,-0.1364,0.4,0.0,0.0,10,below0,-0.1364,0.58,0.0,0.0,10,below0,-0.1364,0.31,0.0,0.0,10,below0
3120,-0.1364,0.76,0.0,0.0,10,below0,-0.1364,0.13,0.0,0.0,10,below0,-0.1364,0.49,0.0,0.0,10,below0,-0.1364,0.85,0.0,0.0,10,below0,-0.1364,0.67,0.0,0.0,10,below0,-0.1364,0.94,0.0,0.0,10,below0,-0.1364,0.22,0.0,0.0,10,below0,-0.1364,0.4,0.0,0.0,10,below0,-0.1364,0.58,0.0,0.0,10,below0,-0.1364,0.31,0.0,0.0,10,below0
3126,-0.1364,0.76,0.0,0.0,10,below0,-0.1364,0.13,0.0,0.0,10,below0,-0.1364,0.49,0.0,0.0,10,below0,-0.1364,0.85,0.0,0.0,10,below0,-0.1364,0.67,0.0,0.0,10,below0,-0.1364,0.94,0.0,0.0,10,below0,-0.1364,0.22,0.0,0.0,10,below0,-0.1364,0.4,0.0,0.0,10,below0,-0.1364,0.58,0.0,0.0,10,below0,-0.1364,0.31,0.0,0.0,10,below0
3132,-0.1364,0.76,0.0,0.0,10,below0,-0.1364,0.13,0.0,0.0,10,below0,-0.1364,0.49,0.0,0.0,10,below0,-0.1364,0.85,0.0,0.0,10,below0,-0.1364,0.67,0.0,0.0,10,below0,-0.1364,0.94,0.0,0.0,10,below0,-0.1364,0.22,0.0,0.0,10,below0,-0.1364,0.4,0.0,0.0,10,below0,-0.1364,0.58,0.0,0.0,10,below0,-0.1364,0.31,0.0,0.0,10,below0
3138,-0.1364,0.76,0.0,0.0,10,below0,-0.1364,0.13,0.0,0.0,10,below0,-0.1364,0.49,0.0,0.0,10,below0,-0.1364,0.85,0.0,0.0,10,below0,-0.1364,0.67,0.0,0.0,10,below0,-0.1364,0.94,0.0,0.0,10,below0,-0.1364,0.22,0.0,0.0,10,below0,-0.1364,0.4,0.0,0.0,10,below0,-0.1364,0.58,0.0,0.0,10,below0,-0.1364,0.31,0.0,0.0,10,below0
3144,-0.1364,0.76,0.0,0.0,10,below0,-0.1364,0.13,0.0,0.0,10,below0,-0.1364,0.49,0.0,0.0,10,below0,-0.1364,0.85,0.0,0.0,10,below0,-0.1364,0.67,0.0,0.0,10,below0,-0.1364,0.94,0.0,0.0,10,below0,-0.1364,0.22,0.0,0.0,10,below0,-0.1364,0.4,0.0,0.0,10,below0,-0.1364,0.58,0.0,0.0,10,below0,-0.1364,0.31,0.0,0.0,10,below0
3150,-0.1364,0.76,0.0,0.0,10,below0,-0.1364,0.13,0.0,0.0,10,below0,-0.1364,0.49,0.0,0.0,10,below0,-0.1364,0.85,0.0,0.0,10,below0,-0.1364,0.67,0.0,0.0,10,below0,-0.1364,0.94,0.0,0.0,10,below0,-0.1364,0.22,0.0,0.0,10,below0,-0.1364,0.4,0.0,0.0,10,below0,-0.1364,0.58,0.0,0.0,10,below0,-0.1364,0.31,0.0,0.0,10,below0
3156,-0.1364,0.76,0.0,0.0,10,below0,-0.1364,0.13,0.0,0.0,10,below0,-0.1364,0.49,0.0,0.0,10,below0,-0.1364,0.85,0.0,0.0,10,below0,-0.1364,0.67,0.0,0.0,10,below0,-0.1364,0.94,0.0,0.0,10,below0,-0.1364,0.22,0.0,0.0,10,below0,-0.1364,0.4,0.0,0.0,10,below0,-0.1364,0.58,0.0,0.0,10,below0,-0.1364,0.31,0.0,0.0,10,below0
3162,-0.1364,0.76,0.0,0.0,10,below0,-0.1364,0.13,0.0,0.0,10,below0,-0.1364,0.49,0.0,0.0,10,below0,-0.1364,0.85,0.0,0.0,10,below0,-0.1364,0.67,0.0,0.0,10,below0,-0.1364,0.94,0.0,0.0,10,below0,-0.1364,0.22,0.0,0.0,10,below0,-0.1364,0.4,0.0,0.0,10,below0,-0.1364,0.58,0.0,0.0,10,below0,-0.1364,0.31,0.0,0.0,10,below0
3168,-0.1364,0.76,0.0,0.0,10,below0,-0.1364,0.13,0.0,0.0,10,below0,-0.1364,0.49,0.0,0.0,10,below0,-0.1364,0.85,0.0,0.0,10,below0,-0.1364,0.67,0.0,0.0,10,below0,-0.1364,0.94,0.0,0.0,10,below0,-0.1364,0.22,0.0,0.0,10,below0,-0.1364,0.4,0.0,0.0,10,below0,-0.1364,0.58,0.0,0.0,10,below0,-0.1364,0.31,0.0,0.0,10,below0
3174,-0.1364,0.76,0.0,0.0,10,below0,-0.1364,0.13,0.0,0.0,10,below0,-0.1364,0.49,0.0,0.0,10,below0,-0.1364,0.85,0.0,0.0,10,below0,-0.1364,0.67,0.0,0.0,10,below0,-0.1364,0.94,0.0,0.0,10,below0,-0.1364,0.22,0.0,0.0,10,below0,-0.1364,0.4,0.0,0.0,10,below0,-0.1364,0.58,0.0,0.0,10,below0,-0.1364,0.31,0.0,0.0,10,below0
3180,-0.1364,0.76,0.0,0.0,10,below0,-0.1364,0.13,0.0,0.0,10,below0,-0.1364,0.49,0.0,0.0,10,below0,-0.1364,0.85,0.0,0.0,10,below0,-0.1364,0.67,0.0,0.0,10,below0,-0.1364,0.94,0.0,0.0,10,below0,-0.1364,0.22,0.0,0.0,10,below0,-0.1364,0.4,0.0,0.0,10,below0,-0.1364,0.58,0.0,0.0,10,below0,-0.1364,0.31,0.0,0.0,10,below0
3186,-0.1364,0.76,0.0,0.0,10,below0,-0.1364,0.13,0.0,0.0,10,below0,-0.1364,0.49,0.0,0.0,10,below0,-0.1364,0.85,0.0,0.0,10,below0,-0.1364,0.67,0.0,0.0,10,below0,-0.1364,0.94,0.0,0.0,10,below0,-0.1364,0.22,0.0,0.0,10,below0,-0.1364,0.4,0.0,0.0,10,below0,-0.1364,0.58,0.0,0.0,10,below0,-0.1364,0.31,0.0,0.0,10,below0
3192,-0.1364,0.76,0.0,0.0,10,below0,-0.1364,0.13,0.0,0.0,10,below0,-0.1364,0.49,0.0,0.0,10,below0,-0.1364,0.85,0.0,0.0,10,below0,-0.1364,0.67,0.0,0.0,10,below0,-0.1364,0.94,0.0,0.0,10,below0,-0.1364,0.22,0.0,0.0,10,below0,-0.1364,0.4,0.0,0.0,10,below0,-0.1364,0.58,0.0,0.0,10,below0,-0.1364,0.31,0.0,0.0,10,below0
3198,-0.1364,0.76,0.0,0.0,10,below0,-0.1364,0.13,0.0,0.0,10,below0,-0.1364,0.49,0.0,0.0,10,below0,-0.1364,0.85,0.0,0.0,10,below0,-0.1364,0.67,0.0,0.0,10,below0,-0.1364,0.94,0.0,0.0,10,below0,-0.1364,0.22,0.0,0.0,10,below0,-0.1364,0.4,0.0,0.0,10,below0,-0.1364,0.58,0.0,0.0,10,below0,-0.1364,0.31,0.0,0.0,10,below0
3204,-0.1364,0.76,0.0,0.0,10,below0,-0.1364,0.13,0.0,0.0,10,below0,-0.1364,0.49,0.0,0.0,10,below0,-0.1364,0.85,0.0,0.0,10,below0,-0.1364,0.67,0.0,0.0,10,below0,-0.1364,0.94,0.0,0.0,10,below0,-0.1364,0.22,0.0,0.0,10,below0,-0.1364,0.4,0.0,0.0,10,below0,-0.1364,0.58,0.0,0.0,10,below0,-0.1364,0.31,0.0,0.0,10,below0
3210,-0.1364,0.76,0.0,0.0,10,below0,-0.1364,0.13,0.0,0.0,10,below0,-0.1364,0.49,0.0,0.0,10,below0,-0.1364,0.85,0.0,0.0,10,below0,-0.1364,0.67,0.0,0.0,10,below0,-0.1364,0.94,0.0,0.0,10,below0,-0.1364,0.22,0.0,0.0,10,below0,-0.1364,0.4,0.0,0.0,10,below0,-0.1364,0.58,0.0,0.0,10,below0,-0.1364,0.31,0.0,0.0,10,below0
3216,-0.1364,0.76,0.0,0.0,10,below0,-0.1364,0.13,0.0,0.0,10,below0,-0.1364,0.49,0.0,0.0,10,below0,-0.1364,0.85,0.0,0.0,10,below0,-0.1364,0.67,0.0,0.0,10,below0,-0.1364,0.94,0.0,0.0,10,below0,-0.1364,0.22,0.0,0.0,10,below0,-0.1364,0.4,0.0,0.0,10,below0,-0.1364,0.58,0.0,0.0,10,below0,-0.1364,0.31,0.0,0.0,10,below0
3222,-0.1364,0.76,0.0,0.0,10,below0,-0.1364,0.13,0.0,0.0,10,below0,-0.1364,0.49,0.0,0.0,10,below0,-0.1364,0.85,0.0,0.0,10,below0,-0.1364,0.67,0.0,0.0,10,below0,-0.1364,0.94,0.0,0.0,10,below0,-0.1364,0.22,0.0,0.0,10,below0,-0.1364,0.4,0.0,0.0,10,below0,-0.1364,0.58,0.0,0.0,10,below0,-0.1364,0.31,0.0,0.0,10,below0
3228,-0.1364,0.76,0.0,0.0,10,below0,-0.1364,0.13,0.0,0.0,10,below0,-0.1364,0.49,0.0,0.0,10,below0,-0.1364,0.85,0.0,0.0,10,below0,-0.1364,0.67,0.0,0.0,10,below0,-0.1364,0.94,0.0,0.0,10,below0,-0.1364,0.22,0.0,0.0,10,below0,-0.1364,0.4,0.0,0.0,10,below0,-0.1364,0.58,0.0,0.0,10,below0,-0.1364,0.31,0.0,0.0,10,below0
3234,-0.1364,0.76,0.0,0.0,10,below0,-0.1364,0.13,0.0,0.0,10,below0,-0.1364,0.49,0.0,0.0,10,below0,-0.1364,0.85,0.0,0.0,10,below0,-0.1364,0.67,0.0,0.0,10,below0,-0.1364,0.94,0.0,0.0,10,below0,-0.1364,0.22,0.0,0.0,10,below0,-0.1364,0.4,0.0,0.0,10,below0,-0.1364,0.58,0.0,0.0,10,below0,-0.1364,0.31,0.0,0.0,10,below0
3240,-0.1364,0.79,0.0,0.0,10,below0,-0.1364,0.13,0.0,0.0,10,below0,-0.1364,0.52,0.0,0.0,10,below0,-0.1364,0.67,0.0,0.0,10,below0,-0.1364,0.31,0.0,0.0,10,below0,-0.1364,0.76,0.0,0.0,10,below0,-0.1364,0.22,0.0,0.0,10,below0,-0.1364,0.4,0.0,0.0,10,below0,-0.1364,0.46,0.0,0.0,10,below0,-0.1364,0.34,0.0,0.0,10,below0
3246,-0.1364,0.79,0.0,0.0,10,below0,-0.1364,0.13,0.0,0.0,10,below0,-0.1364,0.52,0.0,0.0,10,below0,-0.1364,0.67,0.0,0.0,10,below0,-0.1364,0.31,0.0,0.0,10,below0,-0.1364,0.76,0.0,0.0,10,below0,-0.1364,0.22,0.0,0.0,10,below0,-0.1364,0.4,0.0,0.0,10,below0,-0.1364,0.46,0.0,0.0,10,below0,-0.1364,0.34,0.0,0.0,10,below0
3252,-0.1364,0.79,0.0,0.0,10,below0,-0.1364,0.13,0.0,0.0,10,below0,-0.1364,0.52,0.0,0.0,10,below0,-0.1364,0.67,0.0,0.0,10,below0,-0.1364,0.31,0.0,0.0,10,below0,-0.1364,0.76,0.0,0.0,10,below0,-0.1364,0.22,0.0,0.0,10,below0,-0.1364,0.4,0.0,0.0,10,below0,-0.1364,0.46,0.0,0.0,10,below0,-0.1364,0.34,0.0,0.0,10,below0
3258,-0.1364,0.79,0.0,0.0,10,below0,-0.1364,0.13,0.0,0.0,10,below0,-0.1364,0.52,0.0,0.0,10,below0,-0.1364,0.67,0.0,0.0,10,below0,-0.1364,0.31,0.0,0.0,10,below0,-0.1364,0.76,0.0,0.0,10,below0,-0.1364,0.22,0.0,0.0,10,below0,-0.1364,0.4,0.0,0.0,10,below0,-0.1364,0.46,0.0,0.0,10,below0,-0.1364,0.34,0.0,0.0,10,below0
3264,-0.1364,0.79,0.0,0.0,10,below0,-0.1364,0.13,0.0,0.0,10,below0,-0.1364,0.52,0.0,0.0,10,below0,-0.1364,0.67,0.0,0.0,10,below0,-0.1364,0.31,0.0,0.0,10,below0,-0.1364,0.76,0.0,0.0,10,below0,-0.1364,0.22,0.0,0.0,10,below0,-0.1364,0.4,0.0,0.0,10,below0,-0.1364,0.46,0.0,0.0,10,below0,-0.1364,0.34,0.0,0.0,10,below0
3270,-0.1364,0.79,0.0,0.0,10,below0,-0.1364,0.13,0.0,0.0,10,below0,-0.1364,0.52,0.0,0.0,10,below0,-0.1364,0.67,0.0,0.0,10,below0,-0.1364,0.31,0.0,0.0,10,below0,-0.1364,0.76,0.0,0.0,10,below0,-0.1364,0.22,0.0,0.0,10,below0,-0.1364,0.4,0.0,0.0,10,below0,-0.1364,0.46,0.0,0.0,10,below0,-0.1364,0.34,0.0,0.0,10,below0
3276,-0.1364,0.79,0.0,0.0,10,below0,-0.1364,0.13,0.0,0.0,10,below0,-0.1364,0.52,0.0,0.0,10,below0,-0.1364,0.67,0.0,0.0,10,below0,-0.1364,0.31,0.0,0.0,10,below0,-0.1364,0.76,0.0,0.0,10,below0,-0.1364,0.22,0.0,0.0,10,below0,-0.1364,0.4,0.0,0.0,10,below0,-0.1364,0.46,0.0,0.0,10,below0,-0.1364,0.34,0.0,0.0,10,below0
3282,-0.1364,0.79,0.0,0.0,10,below0,-0.1364,0.13,0.0,0.0,10,below0,-0.1364,0.52,0.0,0.0,10,below0,-0.1364,0.67,0.0,0.0,10,below0,-0.1364,0.31,0.0,0.0,10,below0,-0.1364,0.76,0.0,0.0,10,below0,-0.1364,0.22,0.0,0.0,10,below0,-0.1364,0.4,0.0,0.0,10,below0,-0.1364,0.46,0.0,0.0,10,below0,-0.1364,0.34,0.0,0.0,10,below0
3288,-0.1364,0.79,0.0,0.0,10,below0,-0.1364,0.13,0.0,0.0,10,below0,-0.1364,0.52,0.0,0.0,10,below0,-0.1364,0.67,0.0,0.0,10,below0,-0.1364,0.31,0.0,0.0,10,below0,-0.1364,0.76,0.0,0.0,10,below0,-0.1364,0.22,0.0,0.0,10,below0,-0.1364,0.4,0.0,0.0,10,below0,-0.1364,0.46,0.0,0.0,10,below0,-0.1364,0.34,0.0,0.0,10,below0
3294,-0.1364,0.79,0.0,0.0,10,below0,-0.1364,0.13,0.0,0.0,10,below0,-0.1364,0.52,0.0,0.0,10,below0,-0.1364,0.67,0.0,0.0,10,below0,-0.1364,0.31,0.0,0.0,10,below0,-0.1364,0.76,0.0,0.0,10,below0,-0.1364,0.22,0.0,0.0,10,below0,-0.1364,0.4,0.0,0.0,10,below0,-0.1364,0.46,0.0,0.0,10,below0,-0.1364,0.34,0.0,0.0,10,below0
3300,-0.1364,0.79,0.0,0.0,10,below0,-0.1364,0.13,0.0,0.0,10,below0,-0.1364,0.52,0.0,0.0,10,below0,-0.1364,0.67,0.0,0.0,10,below0,-0.1364,0.31,0.0,0.0,10,below0,-0.1364,0.76,0.0,0.0,10,below0,-0.1364,0.22,0.0,0.0,10,below0,-0.1364,0.4,0.0,0.0,10,below0,-0.1364,0.46,0.0,0.0,10,below0,-0.1364,0.34,0.0,0.0,10,below0
3306,-0.1364,0.79,0.0,0.0,10,below0,-0.1364,0.13,0.0,0.0,10,below0,-0.1364,0.52,0.0,0.0,10,below0,-0.1364,0.67,0.0,0.0,10,below0,-0.1364,0.31,0.0,0.0,10,below0,-0.1364,0.76,0.0,0.0,10,below0,-0.1364,0.22,0.0,0.0,10,below0,-0.1364,0.4,0.0,0.0,10,below0,-0.1364,0.46,0.0,0.0,10,below0,-0.1364,0.34,0.0,0.0,10,below0
3312,-0.1364,0.79,0.0,0.0,10,below0,-0.1364,0.13,0.0,0.0,10,below0,-0.1364,0.52,0.0,0.0,10,below0,-0.1364,0.67,0.0,0.0,10,below0,-0.1364,0.31,0.0,0.0,10,below0,-0.1364,0.76,0.0,0.0,10,below0,-0.1364,0.22,0.0,0.0,10,below0,-0.1364,0.4,0.0,0.0,10,below0,-0.1364,0.46,0.0,0.0,10,below0,-0.1364,0.34,0.0,0.0,10,below0
3318,-0.1364,0.79,0.0,0.0,10,below0,-0.1364,0.13,0.0,0.0,10,below0,-0.1364,0.52,0.0,0.0,10,below0,-0.1364,0.67,0.0,0.0,10,below0,-0.1364,0.31,0.0,0.0,10,below0,-0.1364,0.76,0.0,0.0,10,below0,-0.1364,0.22,0.0,0.0,10,below0,-0.1364,0.4,0.0,0.0,10,below0,-0.1364,0.46,0.0,0.0,10,below0,-0.1364,0.34,0.0,0.0,10,below0
3324,-0.1364,0.79,0.0,0.0,10,below0,-0.1364,0.13,0.0,0.0,10,below0,-0.1364,0.52,0.0,0.0,10,below0,-0.1364,0.67,0.0,0.0,10,below0,-0.1364,0.31,0.0,0.0,10,below0,-0.1364,0.76,0.0,0.0,10,below0,-0.1364,0.22,0.0,0.0,10,below0,-0.1364,0.4,0.0,0.0,10,below0,-0.1364,0.46,0.0,0.0,10,below0,-0.1364,0.34,0.0,0.0,10,below0
3330,-0.1364,0.79,0.0,0.0,10,below0,-0.1364,0.13,0.0,0.0,10,below0,-0.1364,0.52,0.0,0.0,10,below0,-0.1364,0.67,0.0,0.0,10,below0,-0.1364,0.31,0.0,0.0,10,below0,-0.1364,0.76,0.0,0.0,10,below0,-0.1364,0.22,0.0,0.0,10,below0,-0.1364,0.4,0.0,0.0,10,below0,-0.1364,0.46,0.0,0.0,10,below0,-0.1364,0.34,0.0,0.0,10,below0
3336,-0.1364,0.79,0.0,0.0,10,below0,-0.1364,0.13,0.0,0.0,10,below0,-0.1364,0.52,0.0,0.0,10,below0,-0.1364,0.67,0.0,0.0,10,below0,-0.1364,0.31,0.0,0.0,10,below0,-0.1364,0.76,0.0,0.0,10,below0,-0.1364,0.22,0.0,0.0,10,below0,-0.1364,0.4,0.0,0.0,10,below0,-0.1364,0.46,0.0,0.0,10,below0,-0.1364,0.34,0.0,0.0,10,below0
3342,-0.1364,0.79,0.0,0.0,10,below0,-0.1364,0.13,0.0,0.0,10,below0,-0.1364,0.52,0.0,0.0,10,below0,-0.1364,0.67,0.0,0.0,10,below0,-0.1364,0.31,0.0,0.0,10,below0,-0.1364,0.76,0.0,0.0,10,below0,-0.1364,0.22,0.0,0.0,10,below0,-0.1364,0.4,0.0,0.0,10,below0,-0.1364,0.46,0.0,0.0,10,below0,-0.1364,0.34,0.0,0.0,10,below0
3348,-0.1364,0.79,0.0,0.0,10,below0,-0.1364,0.13,0.0,0.0,10,below0,-0.1364,0.52,0.0,0.0,10,below0,-0.1364,0.67,0.0,0.0,10,below0,-0.1364,0.31,0.0,0.0,10,below0,-0.1364,0.76,0.0,0.0,10,below0,-0.1364,0.22,0.0,0.0,10,below0,-0.1364,0.4,0.0,0.0,10,below0,-0.1364,0.46,0.0,0.0,10,below0,-0.1364,0.34,0.0,0.0,10,below0
3354,-0.1364,0.79,0.0,0.0,10,below0,-0.1364,0.13,0.0,0.0,10,below0,-0.1364,0.52,0.0,0.0,10,below0,-0.1364,0.67,0.0,0.0,10,below0,-0.1364,0.31,0.0,0.0,10,below0,-0.1364,0.76,0.0,0.0,10,below0,-0.1364,0.22,0.0,0.0,10,below0,-0.1364,0.4,0.0,0.0,10,below0,-0.1364,0.46,0.0,0.0,10,below0,-0.1364,0.34,0.0,0.0,10,below0
3360,-0.1364,0.79,0.0,0.0,10,below0,-0.1364,0.13,0.0,0.0,10,below0,-0.1364,0.52,0.0,0.0,10,below0,-0.1364,0.67,0.0,0.0,10,below0,-0.1364,0.31,0.0,0.0,10,below0,-0.1364,0.76,0.0,0.0,10,below0,-0.1364,0.22,0.0,0.0,10,below0,-0.1364,0.4,0.0,0.0,10,below0,-0.1364,0.46,0.0,0.0,10,below0,-0.1364,0.34,0.0,0.0,10,below0
3366,-0.1364,0.79,0.0,0.0,10,below0,-0.1364,0.13,0.0,0.0,10,below0,-0.1364,0.52,0.0,0.0,10,below0,-0.1364,0.67,0.0,0.0,10,below0,-0.1364,0.31,0.0,0.0,10,below0,-0.1364,0.76,0.0,0.0,10,below0,-0.1364,0.22,0.0,0.0,10,below0,-0.1364,0.4,0.0,0.0,10,below0,-0.1364,0.46,0.0,0.0,10,below0,-0.1364,0.34,0.0,0.0,10,below0
3372,-0.1364,0.79,0.0,0.0,10,below0,-0.1364,0.13,0.0,0.0,10,below0,-0.1364,0.52,0.0,0.0,10,below0,-0.1364,0.67,0.0,0.0,10,below0,-0.1364,0.31,0.0,0.0,10,below0,-0.1364,0.76,0.0,0.0,10,below0,-0.1364,0.22,0.0,0.0,10,below0,-0.1364,0.4,0.0,0.0,10,below0,-0.1364,0.46,0.0,0.0,10,below0,-0.1364,0.34,0.0,0.0,10,below0
3378,-0.1364,0.79,0.0,0.0,10,below0,-0.1364,0.13,0.0,0.0,10,below0,-0.1364,0.52,0.0,0.0,10,below0,-0.1364,0.67,0.0,0.0,10,below0,-0.1364,0.31,0.0,0.0,10,below0,-0.1364,0.76,0.0,0.0,10,below0,-0.1364,0.22,0.0,0.0,10,below0,-0.1364,0.4,0.0,0.0,10,below0,-0.1364,0.46,0.0,0.0,10,below0,-0.1364,0.34,0.0,0.0,10,below0
3384,-0.1364,0.79,0.0,0.0,10,below0,-0.1364,0.13,0.0,0.0,10,below0,-0.1364,0.52,0.0,0.0,10,below0,-0.1364,0.67,0.0,0.0,10,below0,-0.1364,0.31,0.0,0.0,10,below0,-0.1364,0.76,0.0,0.0,10,below0,-0.1364,0.22,0.0,0.0,10,below0,-0.1364,0.4,0.0,0.0,10,below0,-0.1364,0.46,0.0,0.0,10,below0,-0.1364,0.34,0.0,0.0,10,below0
3390,-0.1364,0.79,0.0,0.0,10,below0,-0.1364,0.13,0.0,0.0,10,below0,-0.1364,0.52,0.0,0.0,10,below0,-0.1364,0.67,0.0,0.0,10,below0,-0.1364,0.31,0.0,0.0,10,below0,-0.1364,0.76,0.0,0.0,10,below0,-0.1364,0.22,0.0,0.0,10,below0,-0.1364,0.4,0.0,0.0,10,below0,-0.1364,0.46,0.0,0.0,10,below0,-0.1364,0.34,0.0,0.0,10,below0
3396,-0.1364,0.79,0.0,0.0,10,below0,-0.1364,0.13,0.0,0.0,10,below0,-0.1364,0.52,0.0,0.0,10,below0,-0.1364,0.67,0.0,0.0,10,below0,-0.1364,0.31,0.0,0.0,10,below0,-0.1364,0.76,0.0,0.0,10,below0,-0.1364,0.22,0.0,0.0,10,below0,-0.1364,0.4,0.0,0.0,10,below0,-0.1364,0.46,0.0,0.0,10,below0,-0.1364,0.34,0.0,0.0,10,below0
3402,-0.1364,0.79,0.0,0.0,10,below0,-0.1364,0.13,0.0,0.0,10,below0,-0.1364,0.52,0.0,0.0,10,below0,-0.1364,0.67,0.0,0.0,10,below0,-0.1364,0.31,0.0,0.0,10,below0,-0.1364,0.76,0.0,0.0,10,below0,-0.1364,0.22,0.0,0.0,10,below0,-0.1364,0.4,0.0,0.0,10,below0,-0.1364,0.46,0.0,0.0,10,below0,-0.1364,0.34,0.0,0.0,10,below0
3408,-0.1364,0.79,0.0,0.0,10,below0,-0.1364,0.13,0.0,0.0,10,below0,-0.1364,0.52,0.0,0.0,10,below0,-0.1364,0.67,0.0,0.0,10,below0,-0.1364,0.31,0.0,0.0,10,below0,-0.1364,0.76,0.0,0.0,10,below0,-0.1364,0.22,0.0,0.0,10,below0,-0.1364,0.4,0.0,0.0,10,below0,-0.1364,0.46,0.0,0.0,10,below0,-0.1364,0.34,0.0,0.0,10,below0
3414,-0.1364,0.79,0.0,0.0,10,below0,-0.1364,0.13,0.0,0.0,10,below0,-0.1364,0.52,0.0,0.0,10,below0,-0.1364,0.67,0.0,0.0,10,below0,-0.1364,0.31,0.0,0.0,10,below0,-0.1364,0.76,0.0,0.0,10,below0,-0.1364,0.22,0.0,0.0,10,below0,-0.1364,0.4,0.0,0.0,10,below0,-0.1364,0.46,0.0,0.0,10,below0,-0.1364,0.34,0.0,0.0,10,below0
3420,-0.1364,0.79,0.0,0.0,10,below0,-0.1364,0.13,0.0,0.0,10,below0,-0.1364,0.52,0.0,0.0,10,below0,-0.1364,0.67,0.0,0.0,10,below0,-0.1364,0.31,0.0,0.0,10,below0,-0.1364,0.76,0.0,0.0,10,below0,-0.1364,0.22,0.0,0.0,10,below0,-0.1364,0.4,0.0,0.0,10,below0,-0.1364,0.46,0.0,0.0,10,below0,-0.1364,0.34,0.0,0.0,10,below0
3426,-0.1364,0.79,0.0,0.0,10,below0,-0.1364,0.13,0.0,0.0,10,below0,-0.1364,0.52,0.0,0.0,10,below0,-0.1364,0.67,0.0,0.0,10,below0,-0.1364,0.31,0.0,0.0,10,below0,-0.1364,0.76,0.0,0.0,10,below0,-0.1364,0.22,0.0,0.0,10,below0,-0.1364,0.4,0.0,0.0,10,below0,-0.1364,0.46,0.0,0.0,10,below0,-0.1364,0.34,0.0,0.0,10,below0
3432,-0.1364,0.79,0.0,0.0,10,below0,-0.1364,0.13,0.0,0.0,10,below0,-0.1364,0.52,0.0,0.0,10,below0,-0.1364,0.67,0.0,0.0,10,below0,-0.1364,0.31,0.0,0.0,10,below0,-0.1364,0.76,0.0,0.0,10,below0,-0.1364,0.22,0.0,0.0,10,below0,-0.1364,0.4,0.0,0.0,10,below0,-0.1364,0.46,0.0,0.0,10,below0,-0.1364,0.34,0.0,0.0,10,below0
3438,-0.1364,0.79,0.0,0.0,10,below0,-0.1364,0.13,0.0,0.0,10,below0,-0.1364,0.52,0.0,0.0,10,below0,-0.1364,0.67,0.0,0.0,10,below0,-0.1364,0.31,0.0,0.0,10,below0,-0.1364,0.76,0.0,0.0,10,below0,-0.1364,0.22,0.0,0.0,10,below0,-0.1364,0.4,0.0,0.0,10,below0,-0.1364,0.46,0.0,0.0,10,below0,-0.1364,0.34,0.0,0.0,10,below0
3444,-0.1364,0.79,0.0,0.0,10,below0,-0.1364,0.13,0.0,0.0,10,below0,-0.1364,0.52,0.0,0.0,10,below0,-0.1364,0.67,0.0,0.0,10,below0,-0.1364,0.31,0.0,0.0,10,below0,-0.1364,0.76,0.0,0.0,10,below0,-0.1364,0.22,0.0,0.0,10,below0,-0.1364,0.4,0.0,0.0,10,below0,-0.1364,0.46,0.0,0.0,10,below0,-0.1364,0.34,0.0,0.0,10,below0
3450,-0.1364,0.79,0.0,0.0,10,below0,-0.1364,0.13,0.0,0.0,10,below0,-0.1364,0.52,0.0,0.0,10,below0,-0.1364,0.67,0.0,0.0,10,below0,-0.1364,0.31,0.0,0.0,10,below0,-0.1364,0.76,0.0,0.0,10,below0,-0.1364,0.22,0.0,0.0,10,below0,-0.1364,0.4,0.0,0.0,10,below0,-0.1364,0.46,0.0,0.0,10,below0,-0.1364,0.34,0.0,0.0,10,below0
3456,-0.1364,0.79,0.0,0.0,10,below0,-0.1364,0.13,0.0,0.0,10,below0,-0.1364,0.52,0.0,0.0,10,below0,-0.1364,0.67,0.0,0.0,10,below0,-0.1364,0.31,0.0,0.0,10,below0,-0.1364,0.76,0.0,0.0,10,below0,-0.1364,0.22,0.0,0.0,10,below0,-0.1364,0.4,0.0,0.0,10,below0,-0.1364,0.46,0.0,0.0,10,below0,-0.1364,0.34,0.0,0.0,10,below0
3462,-0.1364,0.79,0.0,0.0,10,below0,-0.1364,0.13,0.0,0.0,10,below0,-0.1364,0.52,0.0,0.0,10,below0,-0.1364,0.67,0.0,0.0,10,below0,-0.1364,0.31,0.0,0.0,10,below0,-0.1364,0.76,0.0,0.0,10,below0,-0.1364,0.22,0.0,0.0,10,below0,-0.1364,0.4,0.0,0.0,10,below0,-0.1364,0.46,0.0,0.0,10,below0,-0.1364,0.34,0.0,0.0,10,below0
3468,-0.1364,0.79,0.0,0.0,10,below0,-0.1364,0.13,0.0,0.0,10,below0,-0.1364,0.52,0.0,0.0,10,below0,-0.1364,0.67,0.0,0.0,10,below0,-0.1364,0.31,0.0,0.0,10,below0,-0.1364,0.76,0.0,0.0,10,below0,-0.1364,0.22,0.0,0.0,10,below0,-0.1364,0.4,0.0,0.0,10,below0,-0.1364,0.46,0.0,0.0,10,below0,-0.1364,0.34,0.0,0.0,10,below0
3474,-0.1364,0.79,0.0,0.0,10,below0,-0.1364,0.13,0.0,0.0,10,below0,-0.1364,0.52,0.0,0.0,10,below0,-0.1364,0.67,0.0,0.0,10,below0,-0.1364,0.31,0.0,0.0,10,below0,-0.1364,0.76,0.0,0.0,10,below0,-0.1364,0.22,0.0,0.0,10,below0,-0.1364,0.4,0.0,0.0,10,below0,-0.1364,0.46,0.0,0.0,10,below0,-0.1364,0.34,0.0,0.0,10,below0
3480,-0.1364,0.79,0.0,0.0,10,below0,-0.1364,0.13,0.0,0.0,10,below0,-0.1364,0.52,0.0,0.0,10,below0,-0.1364,0.67,0.0,0.0,10,below0,-0.1364,0.31,0.0,0.0,10,below0,-0.1364,0.76,0.0,0.0,10,below0,-0.1364,0.22,0.0,0.0,10,below0,-0.1364,0.4,0.0,0.0,10,below0,-0.1364,0.46,0.0,0.0,10,below0,-0.1364,0.34,0.0,0.0,10,below0
3486,-0.1364,0.79,0.0,0.0,10,below0,-0.1364,0.13,0.0,0.0,10,below0,-0.1364,0.52,0.0,0.0,10,below0,-0.1364,0.67,0.0,0.0,10,below0,-0.1364,0.31,0.0,0.0,10,below0,-0.1364,0.76,0.0,0.0,10,below0,-0.1364,0.22,0.0,0.0,10,below0,-0.1364,0.4,0.0,0.0,10,below0,-0.1364,0.46,0.0,0.0,10,below0,-0.1364,0.34,0.0,0.0,10,below0
3492,-0.1364,0.79,0.0,0.0,10,below0,-0.1364,0.13,0.0,0.0,10,below0,-0.1364,0.52,0.0,0.0,10,below0,-0.1364,0.67,0.0,0.0,10,below0,-0.1364,0.31,0.0,0.0,10,below0,-0.1364,0.76,0.0,0.0,10,below0,-0.1364,0.22,0.0,0.0,10,below0,-0.1364,0.4,0.0,0.0,10,below0,-0.1364,0.46,0.0,0.0,10,below0,-0.1364,0.34,0.0,0.0,10,below0
3498,-0.1364,0.79,0.0,0.0,10,below0,-0.1364,0.13,0.0,0.0,10,below0,-0.1364,0.52,0.0,0.0,10,below0,-0.1364,0.67,0.0,0.0,10,below0,-0.1364,0.31,0.0,0.0,10,below0,-0.1364,0.76,0.0,0.0,10,below0,-0.1364,0.22,0.0,0.0,10,below0,-0.1364,0.4,0.0,0.0,10,below0,-0.1364,0.46,0.0,0.0,10,below0,-0.1364,0.34,0.0,0.0,10,below0
3504,-0.1364,0.79,0.0,0.0,10,below0,-0.1364,0.13,0.0,0.0,10,below0,-0.1364,0.52,0.0,0.0,10,below0,-0.1364,0.67,0.0,0.0,10,below0,-0.1364,0.31,0.0,0.0,10,below0,-0.1364,0.76,0.0,0.0,10,below0,-0.1364,0.22,0.0,0.0,10,below0,-0.1364,0.4,0.0,0.0,10,below0,-0.1364,0.46,0.0,0.0,10,below0,-0.1364,0.34,0.0,0.0,10,below0
3510,-0.1364,0.79,0.0,0.0,10,below0,-0.1364,0.13,0.0,0.0,10,below0,-0.1364,0.52,0.0,0.0,10,below0,-0.1364,0.67,0.0,0.0,10,below0,-0.1364,0.31,0.0,0.0,10,below0,-0.1364,0.76,0.0,0.0,10,below0,-0.1364,0.22,0.0,0.0,10,below0,-0.1364,0.4,0.0,0.0,10,below0,-0.1364,0.46,0.0,0.0,10,below0,-0.1364,0.34,0.0,0.0,10,below0
3516,-0.1364,0.79,0.0,0.0,10,below0,-0.1364,0.13,0.0,0.0,10,below0,-0.1364,0.52,0.0,0.0,10,below0,-0.1364,0.67,0.0,0.0,10,below0,-0.1364,0.31,0.0,0.0,10,below0,-0.1364,0.76,0.0,0.0,10,below0,-0.1364,0.22,0.0,0.0,10,below0,-0.1364,0.4,0.0,0.0,10,below0,-0.1364,0.46,0.0,0.0,10,below0,-0.1364,0.34,0.0,0.0,10,below0
3522,-0.1364,0.79,0.0,0.0,10,below0,-0.1364,0.13,0.0,0.0,10,below0,-0.1364,0.52,0.0,0.0,10,below0,-0.1364,0.67,0.0,0.0,10,below0,-0.1364,0.31,0.0,0.0,10,below0,-0.1364,0.76,0.0,0.0,10,below0,-0.1364,0.22,0.0,0.0,10,below0,-0.1364,0.4,0.0,0.0,10,below0,-0.1364,0.46,0.0,0.0,10,below0,-0.1364,0.34,0.0,0.0,10,below0
3528,-0.1364,0.79,0.0,0.0,10,below0,-0.1364,0.13,0.0,0.0,10,below0,-0.1364,0.52,0.0,0.0,10,below0,-0.1364,0.67,0.0,0.0,10,below0,-0.1364,0.31,0.0,0.0,10,below0,-0.1364,0.76,0.0,0.0,10,below0,-0.1364,0.22,0.0,0.0,10,below0,-0.1364,0.4,0.0,0.0,10,below0,-0.1364,0.46,0.0,0.0,10,below0,-0.1364,0.34,0.0,0.0,10,below0
3534,-0.1364,0.79,0.0,0.0,10,below0,-0.1364,0.13,0.0,0.0,10,below0,-0.1364,0.52,0.0,0.0,10,below0,-0.1364,0.67,0.0,0.0,10,below0,-0.1364,0.31,0.0,0.0,10,below0,-0.1364,0.76,0.0,0.0,10,below0,-0.1364,0.22,0.0,0.0,10,below0,-0.1364,0.4,0.0,0.0,10,below0,-0.1364,0.46,0.0,0.0,10,below0,-0.1364,0.34,0.0,0.0,10,below0
3540,-0.1364,0.79,0.0,0.0,10,below0,-0.1364,0.13,0.0,0.0,10,below0,-0.1364,0.52,0.0,0.0,10,below0,-0.1364,0.67,0.0,0.0,10,below0,-0.1364,0.31,0.0,0.0,10,below0,-0.1364,0.76,0.0,0.0,10,below0,-0.1364,0.22,0.0,0.0,10,below0,-0.1364,0.4,0.0,0.0,10,below0,-0.1364,0.46,0.0,0.0,10,below0,-0.1364,0.34,0.0,0.0,10,below0
3546,-0.1364,0.79,0.0,0.0,10,below0,-0.1364,0.13,0.0,0.0,10,below0,-0.1364,0.52,0.0,0.0,10,below0,-0.1364,0.67,0.0,0.0,10,below0,-0.1364,0.31,0.0,0.0,10,below0,-0.1364,0.76,0.0,0.0,10,below0,-0.1364,0.22,0.0,0.0,10,below0,-0.1364,0.4,0.0,0.0,10,below0,-0.1364,0.46,0.0,0.0,10,below0,-0.1364,0.34,0.0,0.0,10,below0
3552,-0.1364,0.79,0.0,0.0,10,below0,-0.1364,0.13,0.0,0.0,10,below0,-0.1364,0.52,0.0,0.0,10,below0,-0.1364,0.67,0.0,0.0,10,below0,-0.1364,0.31,0.0,0.0,10,below0,-0.1364,0.76,0.0,0.0,10,below0,-0.1364,0.22,0.0,0.0,10,below0,-0.1364,0.4,0.0,0.0,10,below0,-0.1364,0.46,0.0,0.0,10,below0,-0.1364,0.34,0.0,0.0,10,below0
3558,-0.1364,0.79,0.0,0.0,10,below0,-0.1364,0.13,0.0,0.0,10,below0,-0.1364,0.52,0.0,0.0,10,below0,-0.1364,0.67,0.0,0.0,10,below0,-0.1364,0.31,0.0,0.0,10,below0,-0.1364,0.76,0.0,0.0,10,below0,-0.1364,0.22,0.0,0.0,10,below0,-0.1364,0.4,0.0,0.0,10,below0,-0.1364,0.46,0.0,0.0,10,below0,-0.1364,0.34,0.0,0.0,10,below0
3564,-0.1364,0.79,0.0,0.0,10,below0,-0.1364,0.13,0.0,0.0,10,below0,-0.1364,0.52,0.0,0.0,10,below0,-0.1364,0.67,0.0,0.0,10,below0,-0.1364,0.31,0.0,0.0,10,below0,-0.1364,0.76,0.0,0.0,10,below0,-0.1364,0.22,0.0,0.0,10,below0,-0.1364,0.4,0.0,0.0,10,below0,-0.1364,0.46,0.0,0.0,10,below0,-0.1364,0.34,0.0,0.0,10,below0
3570,-0.1364,0.79,0.0,0.0,10,below0,-0.1364,0.13,0.0,0.0,10,below0,-0.1364,0.52,0.0,0.0,10,below0,-0.1364,0.67,0.0,0.0,10,below0,-0.1364,0.31,0.0,0.0,10,below0,-0.1364,0.76,0.0,0.0,10,below0,-0.1364,0.22,0.0,0.0,10,below0,-0.1364,0.4,0.0,0.0,10,below0,-0.1364,0.46,0.0,0.0,10,below0,-0.1364,0.34,0.0,0.0,10,below0
3576,-0.1364,0.79,0.0,0.0,10,below0,-0.1364,0.13,0.0,0.0,10,below0,-0.1364,0.52,0.0,0.0,10,below0,-0.1364,0.67,0.0,0.0,10,below0,-0.1364,0.31,0.0,0.0,10,below0,-0.1364,0.76,0.0,0.0,10,below0,-0.1364,0.22,0.0,0.0,10,below0,-0.1364,0.4,0.0,0.0,10,below0,-0.1364,0.46,0.0,0.0,10,below0,-0.1364,0.34,0.0,0.0,10,below0
3582,-0.1364,0.79,0.0,0.0,10,below0,-0.1364,0.13,0.0,0.0,10,below0,-0.1364,0.52,0.0,0.0,10,below0,-0.1364,0.67,0.0,0.0,10,below0,-0.1364,0.31,0.0,0.0,10,below0,-0.1364,0.76,0.0,0.0,10,below0,-0.1364,0.22,0.0,0.0,10,below0,-0.1364,0.4,0.0,0.0,10,below0,-0.1364,0.46,0.0,0.0,10,below0,-0.1364,0.34,0.0,0.0,10,below0
3588,-0.1364,0.79,0.0,0.0,10,below0,-0.1364,0.13,0.0,0.0,10,below0,-0.1364,0.52,0.0,0.0,10,below0,-0.1364,0.67,0.0,0.0,10,below0,-0.1364,0.31,0.0,0.0,10,below0,-0.1364,0.76,0.0,0.0,10,below0,-0.1364,0.22,0.0,0.0,10,below0,-0.1364,0.4,0.0,0.0,10,below0,-0.1364,0.46,0.0,0.0,10,below0,-0.1364,0.34,0.0,0.0,10,below0
3594,-0.1364,0.79,0.0,0.0,10,below0,-0.1364,0.13,0.0,0.0,10,below0,-0.1364,0.52,0.0,0.0,10,below0,-0.1364,0.67,0.0,0.0,10,below0,-0.1364,0.31,0.0,0.0,10,below0,-0.1364,0.76,0.0,0.0,10,below0,-0.1364,0.22,0.0,0.0,10,below0,-0.1364,0.4,0.0,0.0,10,below0,-0.1364,0.46,0.0,0.0,10,below0,-0.1364,0.34,0.0,0.0,10,below0
3600,-0.1364,0.37,0.0,0.0,10,below0,-0.1364,0.13,0.0,0.0,10,below0,-0.1364,0.52,0.0,0.0,10,below0,-0.1364,0.67,0.0,0.0,10,below0,-0.1364,0.31,0.0,0.0,10,below0,-0.1364,0.76,0.0,0.0,10,below0,-0.1364,0.22,0.0,0.0,10,below0,-0.1364,0.43,0.0,0.0,10,below0,-0.1364,0.46,0.0,0.0,10,below0,-0.1364,0.34,0.0,0.0,10,below0
3606,-0.1364,0.37,0.0,0.0,10,below0,-0.1364,0.13,0.0,0.0,10,below0,-0.1364,0.52,0.0,0.0,10,below0,-0.1364,0.67,0.0,0.0,10,below0,-0.1364,0.31,0.0,0.0,10,below0,-0.1364,0.76,0.0,0.0,10,below0,-0.1364,0.22,0.0,0.0,10,below0,-0.1364,0.43,0.0,0.0,10,below0,-0.1364,0.46,0.0,0.0,10,below0,-0.1364,0.34,0.0,0.0,10,below0
3612,-0.1364,0.37,0.0,0.0,10,below0,-0.1364,0.13,0.0,0.0,10,below0,-0.1364,0.52,0.0,0.0,10,below0,-0.1364,0.67,0.0,0.0,10,below0,-0.1364,0.31,0.0,0.0,10,below0,-0.1364,0.76,0.0,0.0,10,below0,-0.1364,0.22,0.0,0.0,10,below0,-0.1364,0.43,0.0,0.0,10,below0,-0.1364,0.46,0.0,0.0,10,below0,-0.1364,0.34,0.0,0.0,10,below0
3618,-0.1364,0.37,0.0,0.0,10,below0,-0.1364,0.13,0.0,0.0,10,below0,-0.1364,0.52,0.0,0.0,10,below0,-0.1364,0.67,0.0,0.0,10,below0,-0.1364,0.31,0.0,0.0,10,below0,-0.1364,0.76,0.0,0.0,10,below0,-0.1364,0.22,0.0,0.0,10,below0,-0.1364,0.43,0.0,0.0,10,below0,-0.1364,0.46,0.0,0.0,10,below0,-0.1364,0.34,0.0,0.0,10,below0
3624,-0.1364,0.37,0.0,0.0,10,below0,-0.1364,0.13,0.0,0.0,10,below0,-0.1364,0.52,0.0,0.0,10,below0,-0.1364,0.67,0.0,0.0,10,below0,-0.1364,0.31,0.0,0.0,10,below0,-0.1364,0.76,0.0,0.0,10,below0,-0.1364,0.22,0.0,0.0,10,below0,-0.1364,0.43,0.0,0.0,10,below0,-0.1364,0.46,0.0,0.0,10,below0,-0.1364,0.34,0.0,0.0,10,below0
3630,-0.1364,0.37,0.0,0.0,10,below0,-0.1364,0.13,0.0,0.0,10,below0,-0.1364,0.52,0.0,0.0,10,below0,-0.1364,0.67,0.0,0.0,10,below0,-0.1364,0.31,0.0,0.0,10,below0,-0.1364,0.76,0.0,0.0,10,below0,-0.1364,0.22,0.0,0.0,10,below0,-0.1364,0.43,0.0,0.0,10,below0,-0.1364,0.46,0.0,0.0,10,below0,-0.1364,0.34,0.0,0.0,10,below0
3636,-0.1364,0.37,0.0,0.0,10,below0,-0.1364,0.13,0.0,0.0,10,below0,-0.1364,0.52,0.0,0.0,10,below0,-0.1364,0.67,0.0,0.0,10,below0,-0.1364,0.31,0.0,0.0,10,below0,-0.1364,0.76,0.0,0.0,10,below0,-0.1364,0.22,0.0,0.0,10,below0,-0.1364,0.43,0.0,0.0,10,below0,-0.1364,0.46,0.0,0.0,10,below0,-0.1364,0.34,0.0,0.0,10,below0
3642,-0.1364,0.37,0.0,0.0,10,below0,-0.1364,0.13,0.0,0.0,10,below0,-0.1364,0.52,0.0,0.0,10,below0,-0.1364,0.67,0.0,0.0,10,below0,-0.1364,0.31,0.0,0.0,10,below0,-0.1364,0.76,0.0,0.0,10,below0,-0.1364,0.22,0.0,0.0,10,below0,-0.1364,0.43,0.0,0.0,10,below0,-0.1364,0.46,0.0,0.0,10,below0,-0.1364,0.34,0.0,0.0,10,below0
3648,-0.1364,0.37,0.0,0.0,10,below0,-0.1364,0.13,0.0,0.0,10,below0,-0.1364,0.52,0.0,0.0,10,below0,-0.1364,0.67,0.0,0.0,10,below0,-0.1364,0.31,0.0,0.0,10,below0,-0.1364,0.76,0.0,0.0,10,below0,-0.1364,0.22,0.0,0.0,10,below0,-0.1364,0.43,0.0,0.0,10,below0,-0.1364,0.46,0.0,0.0,10,below0,-0.1364,0.34,0.0,0.0,10,below0
3654,-0.1364,0.37,0.0,0.0,10,below0,-0.1364,0.13,0.0,0.0,10,below0,-0.1364,0.52,0.0,0.0,10,below0,-0.1364,0.67,0.0,0.0,10,below0,-0.1364,0.31,0.0,0.0,10,below0,-0.1364,0.76,0.0,0.0,10,below0,-0.1364,0.22,0.0,0.0,10,below0,-0.1364,0.43,0.0,0.0,10,below0,-0.1364,0.46,0.0,0.0,10,below0,-0.1364,0.34,0.0,0.0,10,below0
3660,-0.1364,0.37,0.0,0.0,10,below0,-0.1364,0.13,0.0,0.0,10,below0,-0.1364,0.52,0.0,0.0,10,below0,-0.1364,0.67,0.0,0.0,10,below0,-0.1364,0.31,0.0,0.0,10,below0,-0.1364,0.76,0.0,0.0,10,below0,-0.1364,0.22,0.0,0.0,10,below0,-0.1364,0.43,0.0,0.0,10,below0,-0.1364,0.46,0.0,0.0,10,below0,-0.1364,0.34,0.0,0.0,10,below0
3666,-0.1364,0.37,0.0,0.0,10,below0,-0.1364,0.13,0.0,0.0,10,below0,-0.1364,0.52,0.0,0.0,10,below0,-0.1364,0.67,0.0,0.0,10,below0,-0.1364,0.31,0.0,0.0,10,below0,-0.1364,0.76,0.0,0.0,10,below0,-0.1364,0.22,0.0,0.0,10,below0,-0.1364,0.43,0.0,0.0,10,below0,-0.1364,0.46,0.0,0.0,10,below0,-0.1364,0.34,0.0,0.0,10,below0
3672,-0.1364,0.37,0.0,0.0,10,below0,-0.1364,0.13,0.0,0.0,10,below0,-0.1364,0.52,0.0,0.0,10,below0,-0.1364,0.67,0.0,0.0,10,below0,-0.1364,0.31,0.0,0.0,10,below0,-0.1364,0.76,0.0,0.0,10,below0,-0.1364,0.22,0.0,0.0,10,below0,-0.1364,0.43,0.0,0.0,10,below0,-0.1364,0.46,0.0,0.0,10,below0,-0.1364,0.34,0.0,0.0,10,below0
3678,-0.1364,0.37,0.0,0.0,10,below0,-0.1364,0.13,0.0,0.0,10,below0,-0.1364,0.52,0.0,0.0,10,below0,-0.1364,0.67,0.0,0.0,10,below0,-0.1364,0.31,0.0,0.0,10,below0,-0.1364,0.76,0.0,0.0,10,below0,-0.1364,0.22,0.0,0.0,10,below0,-0.1364,0.43,0.0,0.0,10,below0,-0.1364,0.46,0.0,0.0,10,below0,-0.1364,0.34,0.0,0.0,10,below0
3684,-0.1364,0.37,0.0,0.0,10,below0,-0.1364,0.13,0.0,0.0,10,below0,-0.1364,0.52,0.0,0.0,10,below0,-0.1364,0.67,0.0,0.0,10,below0,-0.1364,0.31,0.0,0.0,10,below0,-0.1364,0.76,0.0,0.0,10,below0,-0.1364,0.22,0.0,0.0,10,below0,-0.1364,0.43,0.0,0.0,10,below0,-0.1364,0.46,0.0,0.0,10,below0,-0.1364,0.34,0.0,0.0,10,below0
3690,-0.1364,0.37,0.0,0.0,10,below0,-0.1364,0.13,0.0,0.0,10,below0,-0.1364,0.52,0.0,0.0,10,below0,-0.1364,0.67,0.0,0.0,10,below0,-0.1364,0.31,0.0,0.0,10,below0,-0.1364,0.76,0.0,0.0,10,below0,-0.1364,0.22,0.0,0.0,10,below0,-0.1364,0.43,0.0,0.0,10,below0,-0.1364,0.46,0.0,0.0,10,below0,-0.1364,0.34,0.0,0.0,10,below0
3696,-0.1364,0.37,0.0,0.0,10,below0,-0.1364,0.13,0.0,0.0,10,below0,-0.1364,0.52,0.0,0.0,10,below0,-0.1364,0.67,0.0,0.0,10,below0,-0.1364,0.31,0.0,0.0,10,below0,-0.1364,0.76,0.0,0.0,10,below0,-0.1364,0.22,0.0,0.0,10,below0,-0.1364,0.43,0.0,0.0,10,below0,-0.1364,0.46,0.0,0.0,10,below0,-0.1364,0.34,0.0,0.0,10,below0
3702,-0.1364,0.37,0.0,0.0,10,below0,-0.1364,0.13,0.0,0.0,10,below0,-0.1364,0.52,0.0,0.0,10,below0,-0.1364,0.67,0.0,0.0,10,below0,-0.1364,0.31,0.0,0.0,10,below0,-0.1364,0.76,0.0,0.0,10,below0,-0.1364,0.22,0.0,0.0,10,below0,-0.1364,0.43,0.0,0.0,10,below0,-0.1364,0.46,0.0,0.0,10,below0,-0.1364,0.34,0.0,0.0,10,below0
3708,-0.1364,0.37,0.0,0.0,10,below0,-0.1364,0.13,0.0,0.0,10,below0,-0.1364,0.52,0.0,0.0,10,below0,-0.1364,0.67,0.0,0.0,10,below0,-0.1364,0.31,0.0,0.0,10,below0,-0.1364,0.76,0.0,0.0,10,below0,-0.1364,0.22,0.0,0.0,10,below0,-0.1364,0.43,0.0,0.0,10,below0,-0.1364,0.46,0.0,0.0,10,below0,-0.1364,0.34,0.0,0.0,10,below0
3714,-0.1364,0.37,0.0,0.0,10,below0,-0.1364,0.13,0.0,0.0,10,below0,-0.1364,0.52,0.0,0.0,10,below0,-0.1364,0.67,0.0,0.0,10,below0,-0.1364,0.31,0.0,0.0,10,below0,-0.1364,0.76,0.0,0.0,10,below0,-0.1364,0.22,0.0,0.0,10,below0,-0.1364,0.43,0.0,0.0,10,below0,-0.1364,0.46,0.0,0.0,10,below0,-0.1364,0.34,0.0,0.0,10,below0
3720,-0.1364,0.37,0.0,0.0,10,below0,-0.1364,0.13,0.0,0.0,10,below0,-0.1364,0.52,0.0,0.0,10,below0,-0.1364,0.67,0.0,0.0,10,below0,-0.1364,0.31,0.0,0.0,10,below0,-0.1364,0.76,0.0,0.0,10,below0,-0.1364,0.22,0.0,0.0,10,below0,-0.1364,0.43,0.0,0.0,10,below0,-0.1364,0.46,0.0,0.0,10,below0,-0.1364,0.34,0.0,0.0,10,below0
3726,-0.1364,0.37,0.0,0.0,10,below0,-0.1364,0.13,0.0,0.0,10,below0,-0.1364,0.52,0.0,0.0,10,below0,-0.1364,0.67,0.0,0.0,10,below0,-0.1364,0.31,0.0,0.0,10,below0,-0.1364,0.76,0.0,0.0,10,below0,-0.1364,0.22,0.0,0.0,10,below0,-0.1364,0.43,0.0,0.0,10,below0,-0.1364,0.46,0.0,0.0,10,below0,-0.1364,0.34,0.0,0.0,10,below0
3732,-0.1364,0.37,0.0,0.0,10,below0,-0.1364,0.13,0.0,0.0,10,below0,-0.1364,0.52,0.0,0.0,10,below0,-0.1364,0.67,0.0,0.0,10,below0,-0.1364,0.31,0.0,0.0,10,below0,-0.1364,0.76,0.0,0.0,10,below0,-0.1364,0.22,0.0,0.0,10,below0,-0.1364,0.43,0.0,0.0,10,below0,-0.1364,0.46,0.0,0.0,10,below0,-0.1364,0.34,0.0,0.0,10,below0
3738,-0.1364,0.37,0.0,0.0,10,below0,-0.1364,0.13,0.0,0.0,10,below0,-0.1364,0.52,0.0,0.0,10,below0,-0.1364,0.67,0.0,0.0,10,below0,-0.1364,0.31,0.0,0.0,10,below0,-0.1364,0.76,0.0,0.0,10,below0,-0.1364,0.22,0.0,0.0,10,below0,-0.1364,0.43,0.0,0.0,10,below0,-0.1364,0.46,0.0,0.0,10,below0,-0.1364,0.34,0.0,0.0,10,below0
3744,-0.1364,0.37,0.0,0.0,10,below0,-0.1364,0.13,0.0,0.0,10,below0,-0.1364,0.52,0.0,0.0,10,below0,-0.1364,0.67,0.0,0.0,10,below0,-0.1364,0.31,0.0,0.0,10,below0,-0.1364,0.76,0.0,0.0,10,below0,-0.1364,0.22,0.0,0.0,10,below0,-0.1364,0.43,0.0,0.0,10,below0,-0.1364,0.46,0.0,0.0,10,below0,-0.1364,0.34,0.0,0.0,10,below0
3750,-0.1364,0.37,0.0,0.0,10,below0,-0.1364,0.13,0.0,0.0,10,below0,-0.1364,0.52,0.0,0.0,10,below0,-0.1364,0.67,0.0,0.0,10,below0,-0.1364,0.31,0.0,0.0,10,below0,-0.1364,0.76,0.0,0.0,10,below0,-0.1364,0.22,0.0,0.0,10,below0,-0.1364,0.43,0.0,0.0,10,below0,-0.1364,0.46,0.0,0.0,10,below0,-0.1364,0.34,0.0,0.0,10,below0
3756,-0.1364,0.37,0.0,0.0,10,below0,-0.1364,0.13,0.0,0.0,10,below0,-0.1364,0.52,0.0,0.0,10,below0,-0.1364,0.67,0.0,0.0,10,below0,-0.1364,0.31,0.0,0.0,10,below0,-0.1364,0.76,0.0,0.0,10,below0,-0.1364,0.22,0.0,0.0,10,below0,-0.1364,0.43,0.0,0.0,10,below0,-0.1364,0.46,0.0,0.0,10,below0,-0.1364,0.34,0.0,0.0,10,below0
3762,-0.1364,0.37,0.0,0.0,10,below0,-0.1364,0.13,0.0,0.0,10,below0,-0.1364,0.52,0.0,0.0,10,below0,-0.1364,0.67,0.0,0.0,10,below0,-0.1364,0.31,0.0,0.0,10,below0,-0.1364,0.76,0.0,0.0,10,below0,-0.1364,0.22,0.0,0.0,10,below0,-0.1364,0.43,0.0,0.0,10,below0,-0.1364,0.46,0.0,0.0,10,below0,-0.1364,0.34,0.0,0.0,10,below0
3768,-0.1364,0.37,0.0,0.0,10,below0,-0.1364,0.13,0.0,0.0,10,below0,-0.1364,0.52,0.0,0.0,10,below0,-0.1364,0.67,0.0,0.0,10,below0,-0.1364,0.31,0.0,0.0,10,below0,-0.1364,0.76,0.0,0.0,10,below0,-0.1364,0.22,0.0,0.0,10,below0,-0.1364,0.43,0.0,0.0,10,below0,-0.1364,0.46,0.0,0.0,10,below0,-0.1364,0.34,0.0,0.0,10,below0
3774,-0.1364,0.37,0.0,0.0,10,below0,-0.1364,0.13,0.0,0.0,10,below0,-0.1364,0.52,0.0,0.0,10,below0,-0.1364,0.67,0.0,0.0,10,below0,-0.1364,0.31,0.0,0.0,10,below0,-0.1364,0.76,0.0,0.0,10,below0,-0.1364,0.22,0.0,0.0,10,below0,-0.1364,0.43,0.0,0.0,10,below0,-0.1364,0.46,0.0,0.0,10,below0,-0.1364,0.34,0.0,0.0,10,below0
3780,-0.1364,0.37,0.0,0.0,10,below0,-0.1364,0.13,0.0,0.0,10,below0,-0.1364,0.52,0.0,0.0,10,below0,-0.1364,0.67,0.0,0.0,10,below0,-0.1364,0.31,0.0,0.0,10,below0,-0.1364,0.76,0.0,0.0,10,below0,-0.1364,0.22,0.0,0.0,10,below0,-0.1364,0.43,0.0,0.0,10,below0,-0.1364,0.46,0.0,0.0,10,below0,-0.1364,0.34,0.0,0.0,10,below0
3786,-0.1364,0.37,0.0,0.0,10,below0,-0.1364,0.13,0.0,0.0,10,below0,-0.1364,0.52,0.0,0.0,10,below0,-0.1364,0.67,0.0,0.0,10,below0,-0.1364,0.31,0.0,0.0,10,below0,-0.1364,0.76,0.0,0.0,10,below0,-0.1364,0.22,0.0,0.0,10,below0,-0.1364,0.43,0.0,0.0,10,below0,-0.1364,0.46,0.0,0.0,10,below0,-0.1364,0.34,0.0,0.0,10,below0
3792,-0.1364,0.37,0.0,0.0,10,below0,-0.1364,0.13,0.0,0.0,10,below0,-0.1364,0.52,0.0,0.0,10,below0,-0.1364,0.67,0.0,0.0,10,below0,-0.1364,0.31,0.0,0.0,10,below0,-0.1364,0.76,0.0,0.0,10,below0,-0.1364,0.22,0.0,0.0,10,below0,-0.1364,0.43,0.0,0.0,10,below0,-0.1364,0.46,0.0,0.0,10,below0,-0.1364,0.34,0.0,0.0,10,below0
3798,-0.1364,0.37,0.0,0.0,10,below0,-0.1364,0.13,0.0,0.0,10,below0,-0.1364,0.52,0.0,0.0,10,below0,-0.1364,0.67,0.0,0.0,10,below0,-0.1364,0.31,0.0,0.0,10,below0,-0.1364,0.76,0.0,0.0,10,below0,-0.1364,0.22,0.0,0.0,10,below0,-0.1364,0.43,0.0,0.0,10,below0,-0.1364,0.46,0.0,0.0,10,below0,-0.1364,0.34,0.0,0.0,10,below0
3804,-0.1364,0.37,0.0,0.0,10,below0,-0.1364,0.13,0.0,0.0,10,below0,-0.1364,0.52,0.0,0.0,10,below0,-0.1364,0.67,0.0,0.0,10,below0,-0.1364,0.31,0.0,0.0,10,below0,-0.1364,0.76,0.0,0.0,10,below0,-0.1364,0.22,0.0,0.0,10,below0,-0.1364,0.43,0.0,0.0,10,below0,-0.1364,0.46,0.0,0.0,10,below0,-0.1364,0.34,0.0,0.0,10,below0
3810,-0.1364,0.37,0.0,0.0,10,below0,-0.1364,0.13,0.0,0.0,10,below0,-0.1364,0.52,0.0,0.0,10,below0,-0.1364,0.67,0.0,0.0,10,below0,-0.1364,0.31,0.0,0.0,10,below0,-0.1364,0.76,0.0,0.0,10,below0,-0.1364,0.22,0.0,0.0,10,below0,-0.1364,0.43,0.0,0.0,10,below0,-0.1364,0.46,0.0,0.0,10,below0,-0.1364,0.34,0.0,0.0,10,below0
3816,-0.1364,0.37,0.0,0.0,10,below0,-0.1364,0.13,0.0,0.0,10,below0,-0.1364,0.52,0.0,0.0,10,below0,-0.1364,0.67,0.0,0.0,10,below0,-0.1364,0.31,0.0,0.0,10,below0,-0.1364,0.76,0.0,0.0,10,below0,-0.1364,0.22,0.0,0.0,10,below0,-0.1364,0.43,0.0,0.0,10,below0,-0.1364,0.46,0.0,0.0,10,below0,-0.1364,0.34,0.0,0.0,10,below0
3822,-0.1364,0.37,0.0,0.0,10,below0,-0.1364,0.13,0.0,0.0,10,below0,-0.1364,0.52,0.0,0.0,10,below0,-0.1364,0.67,0.0,0.0,10,below0,-0.1364,0.31,0.0,0.0,10,below0,-0.1364,0.76,0.0,0.0,10,below0,-0.1364,0.22,0.0,0.0,10,below0,-0.1364,0.43,0.0,0.0,10,below0,-0.1364,0.46,0.0,0.0,10,below0,-0.1364,0.34,0.0,0.0,10,below0
3828,-0.1364,0.37,0.0,0.0,10,below0,-0.1364,0.13,0.0,0.0,10,below0,-0.1364,0.52,0.0,0.0,10,below0,-0.1364,0.67,0.0,0.0,10,below0,-0.1364,0.31,0.0,0.0,10,below0,-0.1364,0.76,0.0,0.0,10,below0,-0.1364,0.22,0.0,0.0,10,below0,-0.1364,0.43,0.0,0.0,10,below0,-0.1364,0.46,0.0,0.0,10,below0,-0.1364,0.34,0.0,0.0,10,below0
3834,-0.1364,0.37,0.0,0.0,10,below0,-0.1364,0.13,0.0,0.0,10,below0,-0.1364,0.52,0.0,0.0,10,below0,-0.1364,0.67,0.0,0.0,10,below0,-0.1364,0.31,0.0,0.0,10,below0,-0.1364,0.76,0.0,0.0,10,below0,-0.1364,0.22,0.0,0.0,10,below0,-0.1364,0.43,0.0,0.0,10,below0,-0.1364,0.46,0.0,0.0,10,below0,-0.1364,0.34,0.0,0.0,10,below0
3840,-0.1364,0.37,0.0,0.0,10,below0,-0.1364,0.13,0.0,0.0,10,below0,-0.1364,0.52,0.0,0.0,10,below0,-0.1364,0.67,0.0,0.0,10,below0,-0.1364,0.31,0.0,0.0,10,below0,-0.1364,0.76,0.0,0.0,10,below0,-0.1364,0.22,0.0,0.0,10,below0,-0.1364,0.43,0.0,0.0,10,below0,-0.1364,0.46,0.0,0.0,10,below0,-0.1364,0.34,0.0,0.0,10,below0
3846,-0.1364,0.37,0.0,0.0,10,below0,-0.1364,0.13,0.0,0.0,10,below0,-0.1364,0.52,0.0,0.0,10,below0,-0.1364,0.67,0.0,0.0,10,below0,-0.1364,0.31,0.0,0.0,10,below0,-0.1364,0.76,0.0,0.0,10,below0,-0.1364,0.22,0.0,0.0,10,below0,-0.1364,0.43,0.0,0.0,10,below0,-0.1364,0.46,0.0,0.0,10,below0,-0.1364,0.34,0.0,0.0,10,below0
3852,-0.1364,0.37,0.0,0.0,10,below0,-0.1364,0.13,0.0,0.0,10,below0,-0.1364,0.52,0.0,0.0,10,below0,-0.1364,0.67,0.0,0.0,10,below0,-0.1364,0.31,0.0,0.0,10,below0,-0.1364,0.76,0.0,0.0,10,below0,-0.1364,0.22,0.0,0.0,10,below0,-0.1364,0.43,0.0,0.0,10,below0,-0.1364,0.46,0.0,0.0,10,below0,-0.1364,0.34,0.0,0.0,10,below0
3858,-0.1364,0.37,0.0,0.0,10,below0,-0.1364,0.13,0.0,0.0,10,below0,-0.1364,0.52,0.0,0.0,10,below0,-0.1364,0.67,0.0,0.0,10,below0,-0.1364,0.31,0.0,0.0,10,below0,-0.1364,0.76,0.0,0.0,10,below0,-0.1364,0.22,0.0,0.0,10,below0,-0.1364,0.43,0.0,0.0,10,below0,-0.1364,0.46,0.0,0.0,10,below0,-0.1364,0.34,0.0,0.0,10,below0
3864,-0.1364,0.37,0.0,0.0,10,below0,-0.1364,0.13,0.0,0.0,10,below0,-0.1364,0.52,0.0,0.0,10,below0,-0.1364,0.67,0.0,0.0,10,below0,-0.1364,0.31,0.0,0.0,10,below0,-0.1364,0.76,0.0,0.0,10,below0,-0.1364,0.22,0.0,0.0,10,below0,-0.1364,0.43,0.0,0.0,10,below0,-0.1364,0.46,0.0,0.0,10,below0,-0.1364,0.34,0.0,0.0,10,below0
3870,-0.1364,0.37,0.0,0.0,10,below0,-0.1364,0.13,0.0,0.0,10,below0,-0.1364,0.52,0.0,0.0,10,below0,-0.1364,0.67,0.0,0.0,10,below0,-0.1364,0.31,0.0,0.0,10,below0,-0.1364,0.76,0.0,0.0,10,below0,-0.1364,0.22,0.0,0.0,10,below0,-0.1364,0.43,0.0,0.0,10,below0,-0.1364,0.46,0.0,0.0,10,below0,-0.1364,0.34,0.0,0.0,10,below0
3876,-0.1364,0.37,0.0,0.0,10,below0,-0.1364,0.13,0.0,0.0,10,below0,-0.1364,0.52,0.0,0.0,10,below0,-0.1364,0.67,0.0,0.0,10,below0,-0.1364,0.31,0.0,0.0,10,below0,-0.1364,0.76,0.0,0.0,10,below0,-0.1364,0.22,0.0,0.0,10,below0,-0.1364,0.43,0.0,0.0,10,below0,-0.1364,0.46,0.0,0.0,10,below0,-0.1364,0.34,0.0,0.0,10,below0
3882,-0.1364,0.37,0.0,0.0,10,below0,-0.1364,0.13,0.0,0.0,10,below0,-0.1364,0.52,0.0,0.0,10,below0,-0.1364,0.67,0.0,0.0,10,below0,-0.1364,0.31,0.0,0.0,10,below0,-0.1364,0.76,0.0,0.0,10,below0,-0.1364,0.22,0.0,0.0,10,below0,-0.1364,0.43,0.0,0.0,10,below0,-0.1364,0.46,0.0,0.0,10,below0,-0.1364,0.34,0.0,0.0,10,below0
3888,-0.1364,0.37,0.0,0.0,10,below0,-0.1364,0.13,0.0,0.0,10,below0,-0.1364,0.52,0.0,0.0,10,below0,-0.1364,0.67,0.0,0.0,10,below0,-0.1364,0.31,0.0,0.0,10,below0,-0.1364,0.76,0.0,0.0,10,below0,-0.1364,0.22,0.0,0.0,10,below0,-0.1364,0.43,0.0,0.0,10,below0,-0.1364,0.46,0.0,0.0,10,below0,-0.1364,0.34,0.0,0.0,10,below0
3894,-0.1364,0.37,0.0,0.0,10,below0,-0.1364,0.13,0.0,0.0,10,below0,-0.1364,0.52,0.0,0.0,10,below0,-0.1364,0.67,0.0,0.0,10,below0,-0.1364,0.31,0.0,0.0,10,below0,-0.1364,0.76,0.0,0.0,10,below0,-0.1364,0.22,0.0,0.0,10,below0,-0.1364,0.43,0.0,0.0,10,below0,-0.1364,0.46,0.0,0.0,10,below0,-0.1364,0.34,0.0,0.0,10,below0
3900,-0.1364,0.37,0.0,0.0,10,below0,-0.1364,0.13,0.0,0.0,10,below0,-0.1364,0.52,0.0,0.0,10,below0,-0.1364,0.67,0.0,0.0,10,below0,-0.1364,0.31,0.0,0.0,10,below0,-0.1364,0.76,0.0,0.0,10,below0,-0.1364,0.22,0.0,0.0,10,below0,-0.1364,0.43,0.0,0.0,10,below0,-0.1364,0.46,0.0,0.0,10,below0,-0.1364,0.34,0.0,0.0,10,below0
3906,-0.1364,0.37,0.0,0.0,10,below0,-0.1364,0.13,0.0,0.0,10,below0,-0.1364,0.52,0.0,0.0,10,below0,-0.1364,0.67,0.0,0.0,10,below0,-0.1364,0.31,0.0,0.0,10,below0,-0.1364,0.76,0.0,0.0,10,below0,-0.1364,0.22,0.0,0.0,10,below0,-0.1364,0.43,0.0,0.0,10,below0,-0.1364,0.46,0.0,0.0,10,below0,-0.1364,0.34,0.0,0.0,10,below0
3912,-0.1364,0.37,0.0,0.0,10,below0,-0.1364,0.13,0.0,0.0,10,below0,-0.1364,0.52,0.0,0.0,10,below0,-0.1364,0.67,0.0,0.0,10,below0,-0.1364,0.31,0.0,0.0,10,below0,-0.1364,0.76,0.0,0.0,10,below0,-0.1364,0.22,0.0,0.0,10,below0,-0.1364,0.43,0.0,0.0,10,below0,-0.1364,0.46,0.0,0.0,10,below0,-0.1364,0.34,0.0,0.0,10,below0
3918,-0.1364,0.37,0.0,0.0,10,below0,-0.1364,0.13,0.0,0.0,10,below0,-0.1364,0.52,0.0,0.0,10,below0,-0.1364,0.67,0.0,0.0,10,below0,-0.1364,0.31,0.0,0.0,10,below0,-0.1364,0.76,0.0,0.0,10,below0,-0.1364,0.22,0.0,0.0,10,below0,-0.1364,0.43,0.0,0.0,10,below0,-0.1364,0.46,0.0,0.0,10,below0,-0.1364,0.34,0.0,0.0,10,below0
3924,-0.1364,0.37,0.0,0.0,10,below0,-0.1364,0.13,0.0,0.0,10,below0,-0.1364,0.52,0.0,0.0,10,below0,-0.1364,0.67,0.0,0.0,10,below0,-0.1364,0.31,0.0,0.0,10,below0,-0.1364,0.76,0.0,0.0,10,below0,-0.1364,0.22,0.0,0.0,10,below0,-0.1364,0.43,0.0,0.0,10,below0,-0.1364,0.46,0.0,0.0,10,below0,-0.1364,0.34,0.0,0.0,10,below0
3930,-0.1364,0.37,0.0,0.0,10,below0,-0.1364,0.13,0.0,0.0,10,below0,-0.1364,0.52,0.0,0.0,10,below0,-0.1364,0.67,0.0,0.0,10,below0,-0.1364,0.31,0.0,0.0,10,below0,-0.1364,0.76,0.0,0.0,10,below0,-0.1364,0.22,0.0,0.0,10,below0,-0.1364,0.43,0.0,0.0,10,below0,-0.1364,0.46,0.0,0.0,10,below0,-0.1364,0.34,0.0,0.0,10,below0
3936,-0.1364,0.37,0.0,0.0,10,below0,-0.1364,0.13,0.0,0.0,10,below0,-0.1364,0.52,0.0,0.0,10,below0,-0.1364,0.67,0.0,0.0,10,below0,-0.1364,0.31,0.0,0.0,10,below0,-0.1364,0.76,0.0,0.0,10,below0,-0.1364,0.22,0.0,0.0,10,below0,-0.1364,0.43,0.0,0.0,10,below0,-0.1364,0.46,0.0,0.0,10,below0,-0.1364,0.34,0.0,0.0,10,below0
3942,-0.1364,0.37,0.0,0.0,10,below0,-0.1364,0.13,0.0,0.0,10,below0,-0.1364,0.52,0.0,0.0,10,below0,-0.1364,0.67,0.0,0.0,10,below0,-0.1364,0.31,0.0,0.0,10,below0,-0.1364,0.76,0.0,0.0,10,below0,-0.1364,0.22,0.0,0.0,10,below0,-0.1364,0.43,0.0,0.0,10,below0,-0.1364,0.46,0.0,0.0,10,below0,-0.1364,0.34,0.0,0.0,10,below0
3948,-0.1364,0.37,0.0,0.0,10,below0,-0.1364,0.13,0.0,0.0,10,below0,-0.1364,0.52,0.0,0.0,10,below0,-0.1364,0.67,0.0,0.0,10,below0,-0.1364,0.31,0.0,0.0,10,below0,-0.1364,0.76,0.0,0.0,10,below0,-0.1364,0.22,0.0,0.0,10,below0,-0.1364,0.43,0.0,0.0,10,below0,-0.1364,0.46,0.0,0.0,10,below0,-0.1364,0.34,0.0,0.0,10,below0
3954,-0.1364,0.37,0.0,0.0,10,below0,-0.1364,0.13,0.0,0.0,10,below0,-0.1364,0.52,0.0,0.0,10,below0,-0.1364,0.67,0.0,0.0,10,below0,-0.1364,0.31,0.0,0.0,10,below0,-0.1364,0.76,0.0,0.0,10,below0,-0.1364,0.22,0.0,0.0,10,below0,-0.1364,0.43,0.0,0.0,10,below0,-0.1364,0.46,0.0,0.0,10,below0,-0.1364,0.34,0.0,0.0,10,below0
3960,-0.1364,0.37,0.0,0.0,10,below0,-0.1364,0.13,0.0,0.0,10,below0,-0.1364,0.52,0.0,0.0,10,below0,-0.1364,0.58,0.0,0.0,10,below0,-0.1364,0.4,0.0,0.0,10,below0,-0.1364,0.49,0.0,0.0,10,below0,-0.1364,0.22,0.0,0.0,10,below0,-0.1364,0.31,0.0,0.0,10,below0,-0.1364,0.46,0.0,0.0,10,below0,-0.1364,0.28,0.0,0.0,10,below0
3966,-0.1364,0.37,0.0,0.0,10,below0,-0.1364,0.13,0.0,0.0,10,below0,-0.1364,0.52,0.0,0.0,10,below0,-0.1364,0.58,0.0,0.0,10,below0,-0.1364,0.4,0.0,0.0,10,below0,-0.1364,0.49,0.0,0.0,10,below0,-0.1364,0.22,0.0,0.0,10,below0,-0.1364,0.31,0.0,0.0,10,below0,-0.1364,0.46,0.0,0.0,10,below0,-0.1364,0.28,0.0,0.0,10,below0
3972,-0.1364,0.37,0.0,0.0,10,below0,-0.1364,0.13,0.0,0.0,10,below0,-0.1364,0.52,0.0,0.0,10,below0,-0.1364,0.58,0.0,0.0,10,below0,-0.1364,0.4,0.0,0.0,10,below0,-0.1364,0.49,0.0,0.0,10,below0,-0.1364,0.22,0.0,0.0,10,below0,-0.1364,0.31,0.0,0.0,10,below0,-0.1364,0.46,0.0,0.0,10,below0,-0.1364,0.28,0.0,0.0,10,below0
3978,-0.1364,0.37,0.0,0.0,10,below0,-0.1364,0.13,0.0,0.0,10,below0,-0.1364,0.52,0.0,0.0,10,below0,-0.1364,0.58,0.0,0.0,10,below0,-0.1364,0.4,0.0,0.0,10,below0,-0.1364,0.49,0.0,0.0,10,below0,-0.1364,0.22,0.0,0.0,10,below0,-0.1364,0.31,0.0,0.0,10,below0,-0.1364,0.46,0.0,0.0,10,below0,-0.1364,0.28,0.0,0.0,10,below0
3984,-0.1364,0.37,0.0,0.0,10,below0,-0.1364,0.13,0.0,0.0,10,below0,-0.1364,0.52,0.0,0.0,10,below0,-0.1364,0.58,0.0,0.0,10,below0,-0.1364,0.4,0.0,0.0,10,below0,-0.1364,0.49,0.0,0.0,10,below0,-0.1364,0.22,0.0,0.0,10,below0,-0.1364,0.31,0.0,0.0,10,below0,-0.1364,0.46,0.0,0.0,10,below0,-0.1364,0.28,0.0,0.0,10,below0
3990,-0.1364,0.37,0.0,0.0,10,below0,-0.1364,0.13,0.0,0.0,10,below0,-0.1364,0.52,0.0,0.0,10,below0,-0.1364,0.58,0.0,0.0,10,below0,-0.1364,0.4,0.0,0.0,10,below0,-0.1364,0.49,0.0,0.0,10,below0,-0.1364,0.22,0.0,0.0,10,below0,-0.1364,0.31,0.0,0.0,10,below0,-0.1364,0.46,0.0,0.0,10,below0,-0.1364,0.28,0.0,0.0,10,below0
3996,-0.1364,0.37,0.0,0.0,10,below0,-0.1364,0.13,0.0,0.0,10,below0,-0.1364,0.52,0.0,0.0,10,below0,-0.1364,0.58,0.0,0.0,10,below0,-0.1364,0.4,0.0,0.0,10,below0,-0.1364,0.49,0.0,0.0,10,below0,-0.1364,0.22,0.0,0.0,10,below0,-0.1364,0.31,0.0,0.0,10,below0,-0.1364,0.46,0.0,0.0,10,below0,-0.1364,0.28,0.0,0.0,10,below0
4002,-0.1364,0.37,0.0,0.0,10,below0,-0.1364,0.13,0.0,0.0,10,below0,-0.1364,0.52,0.0,0.0,10,below0,-0.1364,0.58,0.0,0.0,10,below0,-0.1364,0.4,0.0,0.0,10,below0,-0.1364,0.49,0.0,0.0,10,below0,-0.1364,0.22,0.0,0.0,10,below0,-0.1364,0.31,0.0,0.0,10,below0,-0.1364,0.46,0.0,0.0,10,below0,-0.1364,0.28,0.0,0.0,10,below0
4008,-0.1364,0.37,0.0,0.0,10,below0,-0.1364,0.13,0.0,0.0,10,below0,-0.1364,0.52,0.0,0.0,10,below0,-0.1364,0.58,0.0,0.0,10,below0,-0.1364,0.4,0.0,0.0,10,below0,-0.1364,0.49,0.0,0.0,10,below0,-0.1364,0.22,0.0,0.0,10,below0,-0.1364,0.31,0.0,0.0,10,below0,-0.1364,0.46,0.0,0.0,10,below0,-0.1364,0.28,0.0,0.0,10,below0
4014,-0.1364,0.37,0.0,0.0,10,below0,-0.1364,0.13,0.0,0.0,10,below0,-0.1364,0.52,0.0,0.0,10,below0,-0.1364,0.58,0.0,0.0,10,below0,-0.1364,0.4,0.0,0.0,10,below0,-0.1364,0.49,0.0,0.0,10,below0,-0.1364,0.22,0.0,0.0,10,below0,-0.1364,0.31,0.0,0.0,10,below0,-0.1364,0.46,0.0,0.0,10,below0,-0.1364,0.28,0.0,0.0,10,below0
4020,-0.1364,0.37,0.0,0.0,10,below0,-0.1364,0.13,0.0,0.0,10,below0,-0.1364,0.52,0.0,0.0,10,below0,-0.1364,0.58,0.0,0.0,10,below0,-0.1364,0.4,0.0,0.0,10,below0,-0.1364,0.49,0.0,0.0,10,below0,-0.1364,0.22,0.0,0.0,10,below0,-0.1364,0.31,0.0,0.0,10,below0,-0.1364,0.46,0.0,0.0,10,below0,-0.1364,0.28,0.0,0.0,10,below0
4026,-0.1364,0.37,0.0,0.0,10,below0,-0.1364,0.13,0.0,0.0,10,below0,-0.1364,0.52,0.0,0.0,10,below0,-0.1364,0.58,0.0,0.0,10,below0,-0.1364,0.4,0.0,0.0,10,below0,-0.1364,0.49,0.0,0.0,10,below0,-0.1364,0.22,0.0,0.0,10,below0,-0.1364,0.31,0.0,0.0,10,below0,-0.1364,0.46,0.0,0.0,10,below0,-0.1364,0.28,0.0,0.0,10,below0
4032,-0.1364,0.37,0.0,0.0,10,below0,-0.1364,0.13,0.0,0.0,10,below0,-0.1364,0.52,0.0,0.0,10,below0,-0.1364,0.58,0.0,0.0,10,below0,-0.1364,0.4,0.0,0.0,10,below0,-0.1364,0.49,0.0,0.0,10,below0,-0.1364,0.22,0.0,0.0,10,below0,-0.1364,0.31,0.0,0.0,10,below0,-0.1364,0.46,0.0,0.0,10,below0,-0.1364,0.28,0.0,0.0,10,below0
4038,-0.1364,0.37,0.0,0.0,10,below0,-0.1364,0.13,0.0,0.0,10,below0,-0.1364,0.52,0.0,0.0,10,below0,-0.1364,0.58,0.0,0.0,10,below0,-0.1364,0.4,0.0,0.0,10,below0,-0.1364,0.49,0.0,0.0,10,below0,-0.1364,0.22,0.0,0.0,10,below0,-0.1364,0.31,0.0,0.0,10,below0,-0.1364,0.46,0.0,0.0,10,below0,-0.1364,0.28,0.0,0.0,10,below0
4044,-0.1364,0.37,0.0,0.0,10,below0,-0.1364,0.13,0.0,0.0,10,below0,-0.1364,0.52,0.0,0.0,10,below0,-0.1364,0.58,0.0,0.0,10,below0,-0.1364,0.4,0.0,0.0,10,below0,-0.1364,0.49,0.0,0.0,10,below0,-0.1364,0.22,0.0,0.0,10,below0,-0.1364,0.31,0.0,0.0,10,below0,-0.1364,0.46,0.0,0.0,10,below0,-0.1364,0.28,0.0,0.0,10,below0
4050,-0.1364,0.37,0.0,0.0,10,below0,-0.1364,0.13,0.0,0.0,10,below0,-0.1364,0.52,0.0,0.0,10,below0,-0.1364,0.58,0.0,0.0,10,below0,-0.1364,0.4,0.0,0.0,10,below0,-0.1364,0.49,0.0,0.0,10,below0,-0.1364,0.22,0.0,0.0,10,below0,-0.1364,0.31,0.0,0.0,10,below0,-0.1364,0.46,0.0,0.0,10,below0,-0.1364,0.28,0.0,0.0,10,below0
4056,-0.1364,0.37,0.0,0.0,10,below0,-0.1364,0.13,0.0,0.0,10,below0,-0.1364,0.52,0.0,0.0,10,below0,-0.1364,0.58,0.0,0.0,10,below0,-0.1364,0.4,0.0,0.0,10,below0,-0.1364,0.49,0.0,0.0,10,below0,-0.1364,0.22,0.0,0.0,10,below0,-0.1364,0.31,0.0,0.0,10,below0,-0.1364,0.46,0.0,0.0,10,below0,-0.1364,0.28,0.0,0.0,10,below0
4062,-0.1364,0.37,0.0,0.0,10,below0,-0.1364,0.13,0.0,0.0,10,below0,-0.1364,0.52,0.0,0.0,10,below0,-0.1364,0.58,0.0,0.0,10,below0,-0.1364,0.4,0.0,0.0,10,below0,-0.1364,0.49,0.0,0.0,10,below0,-0.1364,0.22,0.0,0.0,10,below0,-0.1364,0.31,0.0,0.0,10,below0,-0.1364,0.46,0.0,0.0,10,below0,-0.1364,0.28,0.0,0.0,10,below0
4068,-0.1364,0.37,0.0,0.0,10,below0,-0.1364,0.13,0.0,0.0,10,below0,-0.1364,0.52,0.0,0.0,10,below0,-0.1364,0.58,0.0,0.0,10,below0,-0.1364,0.4,0.0,0.0,10,below0,-0.1364,0.49,0.0,0.0,10,below0,-0.1364,0.22,0.0,0.0,10,below0,-0.1364,0.31,0.0,0.0,10,below0,-0.1364,0.46,0.0,0.0,10,below0,-0.1364,0.28,0.0,0.0,10,below0
4074,-0.1364,0.37,0.0,0.0,10,below0,-0.1364,0.13,0.0,0.0,10,below0,-0.1364,0.52,0.0,0.0,10,below0,-0.1364,0.58,0.0,0.0,10,below0,-0.1364,0.4,0.0,0.0,10,below0,-0.1364,0.49,0.0,0.0,10,below0,-0.1364,0.22,0.0,0.0,10,below0,-0.1364,0.31,0.0,0.0,10,below0,-0.1364,0.46,0.0,0.0,10,below0,-0.1364,0.28,0.0,0.0,10,below0
4080,-0.1364,0.37,0.0,0.0,10,below0,-0.1364,0.13,0.0,0.0,10,below0,-0.1364,0.52,0.0,0.0,10,below0,-0.1364,0.58,0.0,0.0,10,below0,-0.1364,0.4,0.0,0.0,10,below0,-0.1364,0.49,0.0,0.0,10,below0,-0.1364,0.22,0.0,0.0,10,below0,-0.1364,0.31,0.0,0.0,10,below0,-0.1364,0.46,0.0,0.0,10,below0,-0.1364,0.28,0.0,0.0,10,below0
4086,-0.1364,0.37,0.0,0.0,10,below0,-0.1364,0.13,0.0,0.0,10,below0,-0.1364,0.52,0.0,0.0,10,below0,-0.1364,0.58,0.0,0.0,10,below0,-0.1364,0.4,0.0,0.0,10,below0,-0.1364,0.49,0.0,0.0,10,below0,-0.1364,0.22,0.0,0.0,10,below0,-0.1364,0.31,0.0,0.0,10,below0,-0.1364,0.46,0.0,0.0,10,below0,-0.1364,0.28,0.0,0.0,10,below0
4092,-0.1364,0.37,0.0,0.0,10,below0,-0.1364,0.13,0.0,0.0,10,below0,-0.1364,0.52,0.0,0.0,10,below0,-0.1364,0.58,0.0,0.0,10,below0,-0.1364,0.4,0.0,0.0,10,below0,-0.1364,0.49,0.0,0.0,10,below0,-0.1364,0.22,0.0,0.0,10,below0,-0.1364,0.31,0.0,0.0,10,below0,-0.1364,0.46,0.0,0.0,10,below0,-0.1364,0.28,0.0,0.0,10,below0
4098,-0.1364,0.37,0.0,0.0,10,below0,-0.1364,0.13,0.0,0.0,10,below0,-0.1364,0.52,0.0,0.0,10,below0,-0.1364,0.58,0.0,0.0,10,below0,-0.1364,0.4,0.0,0.0,10,below0,-0.1364,0.49,0.0,0.0,10,below0,-0.1364,0.22,0.0,0.0,10,below0,-0.1364,0.31,0.0,0.0,10,below0,-0.1364,0.46,0.0,0.0,10,below0,-0.1364,0.28,0.0,0.0,10,below0
4104,-0.1364,0.37,0.0,0.0,10,below0,-0.1364,0.13,0.0,0.0,10,below0,-0.1364,0.52,0.0,0.0,10,below0,-0.1364,0.58,0.0,0.0,10,below0,-0.1364,0.4,0.0,0.0,10,below0,-0.1364,0.49,0.0,0.0,10,below0,-0.1364,0.22,0.0,0.0,10,below0,-0.1364,0.31,0.0,0.0,10,below0,-0.1364,0.46,0.0,0.0,10,below0,-0.1364,0.28,0.0,0.0,10,below0
4110,-0.1364,0.37,0.0,0.0,10,below0,-0.1364,0.13,0.0,0.0,10,below0,-0.1364,0.52,0.0,0.0,10,below0,-0.1364,0.58,0.0,0.0,10,below0,-0.1364,0.4,0.0,0.0,10,below0,-0.1364,0.49,0.0,0.0,10,below0,-0.1364,0.22,0.0,0.0,10,below0,-0.1364,0.31,0.0,0.0,10,below0,-0.1364,0.46,0.0,0.0,10,below0,-0.1364,0.28,0.0,0.0,10,below0
4116,-0.1364,0.37,0.0,0.0,10,below0,-0.1364,0.13,0.0,0.0,10,below0,-0.1364,0.52,0.0,0.0,10,below0,-0.1364,0.58,0.0,0.0,10,below0,-0.1364,0.4,0.0,0.0,10,below0,-0.1364,0.49,0.0,0.0,10,below0,-0.1364,0.22,0.0,0.0,10,below0,-0.1364,0.31,0.0,0.0,10,below0,-0.1364,0.46,0.0,0.0,10,below0,-0.1364,0.28,0.0,0.0,10,below0
4122,-0.1364,0.37,0.0,0.0,10,below0,-0.1364,0.13,0.0,0.0,10,below0,-0.1364,0.52,0.0,0.0,10,below0,-0.1364,0.58,0.0,0.0,10,below0,-0.1364,0.4,0.0,0.0,10,below0,-0.1364,0.49,0.0,0.0,10,below0,-0.1364,0.22,0.0,0.0,10,below0,-0.1364,0.31,0.0,0.0,10,below0,-0.1364,0.46,0.0,0.0,10,below0,-0.1364,0.28,0.0,0.0,10,below0
4128,-0.1364,0.37,0.0,0.0,10,below0,-0.1364,0.13,0.0,0.0,10,below0,-0.1364,0.52,0.0,0.0,10,below0,-0.1364,0.58,0.0,0.0,10,below0,-0.1364,0.4,0.0,0.0,10,below0,-0.1364,0.49,0.0,0.0,10,below0,-0.1364,0.22,0.0,0.0,10,below0,-0.1364,0.31,0.0,0.0,10,below0,-0.1364,0.46,0.0,0.0,10,below0,-0.1364,0.28,0.0,0.0,10,below0
4134,-0.1364,0.37,0.0,0.0,10,below0,-0.1364,0.13,0.0,0.0,10,below0,-0.1364,0.52,0.0,0.0,10,below0,-0.1364,0.58,0.0,0.0,10,below0,-0.1364,0.4,0.0,0.0,10,below0,-0.1364,0.49,0.0,0.0,10,below0,-0.1364,0.22,0.0,0.0,10,below0,-0.1364,0.31,0.0,0.0,10,below0,-0.1364,0.46,0.0,0.0,10,below0,-0.1364,0.28,0.0,0.0,10,below0
4140,-0.1364,0.37,0.0,0.0,10,below0,-0.1364,0.13,0.0,0.0,10,below0,-0.1364,0.52,0.0,0.0,10,below0,-0.1364,0.58,0.0,0.0,10,below0,-0.1364,0.4,0.0,0.0,10,below0,-0.1364,0.49,0.0,0.0,10,below0,-0.1364,0.22,0.0,0.0,10,below0,-0.1364,0.31,0.0,0.0,10,below0,-0.1364,0.46,0.0,0.0,10,below0,-0.1364,0.28,0.0,0.0,10,below0
4146,-0.1364,0.37,0.0,0.0,10,below0,-0.1364,0.13,0.0,0.0,10,below0,-0.1364,0.52,0.0,0.0,10,below0,-0.1364,0.58,0.0,0.0,10,below0,-0.1364,0.4,0.0,0.0,10,below0,-0.1364,0.49,0.0,0.0,10,below0,-0.1364,0.22,0.0,0.0,10,below0,-0.1364,0.31,0.0,0.0,10,below0,-0.1364,0.46,0.0,0.0,10,below0,-0.1364,0.28,0.0,0.0,10,below0
4152,-0.1364,0.37,0.0,0.0,10,below0,-0.1364,0.13,0.0,0.0,10,below0,-0.1364,0.52,0.0,0.0,10,below0,-0.1364,0.58,0.0,0.0,10,below0,-0.1364,0.4,0.0,0.0,10,below0,-0.1364,0.49,0.0,0.0,10,below0,-0.1364,0.22,0.0,0.0,10,below0,-0.1364,0.31,0.0,0.0,10,below0,-0.1364,0.46,0.0,0.0,10,below0,-0.1364,0.28,0.0,0.0,10,below0
4158,-0.1364,0.37,0.0,0.0,10,below0,-0.1364,0.13,0.0,0.0,10,below0,-0.1364,0.52,0.0,0.0,10,below0,-0.1364,0.58,0.0,0.0,10,below0,-0.1364,0.4,0.0,0.0,10,below0,-0.1364,0.49,0.0,0.0,10,below0,-0.1364,0.22,0.0,0.0,10,below0,-0.1364,0.31,0.0,0.0,10,below0,-0.1364,0.46,0.0,0.0,10,below0,-0.1364,0.28,0.0,0.0,10,below0
4164,-0.1364,0.37,0.0,0.0,10,below0,-0.1364,0.13,0.0,0.0,10,below0,-0.1364,0.52,0.0,0.0,10,below0,-0.1364,0.58,0.0,0.0,10,below0,-0.1364,0.4,0.0,0.0,10,below0,-0.1364,0.49,0.0,0.0,10,below0,-0.1364,0.22,0.0,0.0,10,below0,-0.1364,0.31,0.0,0.0,10,below0,-0.1364,0.46,0.0,0.0,10,below0,-0.1364,0.28,0.0,0.0,10,below0
4170,-0.1364,0.37,0.0,0.0,10,below0,-0.1364,0.13,0.0,0.0,10,below0,-0.1364,0.52,0.0,0.0,10,below0,-0.1364,0.58,0.0,0.0,10,below0,-0.1364,0.4,0.0,0.0,10,below0,-0.1364,0.49,0.0,0.0,10,below0,-0.1364,0.22,0.0,0.0,10,below0,-0.1364,0.31,0.0,0.0,10,below0,-0.1364,0.46,0.0,0.0,10,below0,-0.1364,0.28,0.0,0.0,10,below0
4176,-0.1364,0.37,0.0,0.0,10,below0,-0.1364,0.13,0.0,0.0,10,below0,-0.1364,0.52,0.0,0.0,10,below0,-0.1364,0.58,0.0,0.0,10,below0,-0.1364,0.4,0.0,0.0,10,below0,-0.1364,0.49,0.0,0.0,10,below0,-0.1364,0.22,0.0,0.0,10,below0,-0.1364,0.31,0.0,0.0,10,below0,-0.1364,0.46,0.0,0.0,10,below0,-0.1364,0.28,0.0,0.0,10,below0
4182,-0.1364,0.37,0.0,0.0,10,below0,-0.1364,0.13,0.0,0.0,10,below0,-0.1364,0.52,0.0,0.0,10,below0,-0.1364,0.58,0.0,0.0,10,below0,-0.1364,0.4,0.0,0.0,10,below0,-0.1364,0.49,0.0,0.0,10,below0,-0.1364,0.22,0.0,0.0,10,below0,-0.1364,0.31,0.0,0.0,10,below0,-0.1364,0.46,0.0,0.0,10,below0,-0.1364,0.28,0.0,0.0,10,below0
4188,-0.1364,0.37,0.0,0.0,10,below0,-0.1364,0.13,0.0,0.0,10,below0,-0.1364,0.52,0.0,0.0,10,below0,-0.1364,0.58,0.0,0.0,10,below0,-0.1364,0.4,0.0,0.0,10,below0,-0.1364,0.49,0.0,0.0,10,below0,-0.1364,0.22,0.0,0.0,10,below0,-0.1364,0.31,0.0,0.0,10,below0,-0.1364,0.46,0.0,0.0,10,below0,-0.1364,0.28,0.0,0.0,10,below0
4194,-0.1364,0.37,0.0,0.0,10,below0,-0.1364,0.13,0.0,0.0,10,below0,-0.1364,0.52,0.0,0.0,10,below0,-0.1364,0.58,0.0,0.0,10,below0,-0.1364,0.4,0.0,0.0,10,below0,-0.1364,0.49,0.0,0.0,10,below0,-0.1364,0.22,0.0,0.0,10,below0,-0.1364,0.31,0.0,0.0,10,below0,-0.1364,0.46,0.0,0.0,10,below0,-0.1364,0.28,0.0,0.0,10,below0
4200,-0.1364,0.37,0.0,0.0,10,below0,-0.1364,0.13,0.0,0.0,10,below0,-0.1364,0.52,0.0,0.0,10,below0,-0.1364,0.58,0.0,0.0,10,below0,-0.1364,0.4,0.0,0.0,10,below0,-0.1364,0.49,0.0,0.0,10,below0,-0.1364,0.22,0.0,0.0,10,below0,-0.1364,0.31,0.0,0.0,10,below0,-0.1364,0.46,0.0,0.0,10,below0,-0.1364,0.28,0.0,0.0,10,below0
4206,-0.1364,0.37,0.0,0.0,10,below0,-0.1364,0.13,0.0,0.0,10,below0,-0.1364,0.52,0.0,0.0,10,below0,-0.1364,0.58,0.0,0.0,10,below0,-0.1364,0.4,0.0,0.0,10,below0,-0.1364,0.49,0.0,0.0,10,below0,-0.1364,0.22,0.0,0.0,10,below0,-0.1364,0.31,0.0,0.0,10,below0,-0.1364,0.46,0.0,0.0,10,below0,-0.1364,0.28,0.0,0.0,10,below0
4212,-0.1364,0.37,0.0,0.0,10,below0,-0.1364,0.13,0.0,0.0,10,below0,-0.1364,0.52,0.0,0.0,10,below0,-0.1364,0.58,0.0,0.0,10,below0,-0.1364,0.4,0.0,0.0,10,below0,-0.1364,0.49,0.0,0.0,10,below0,-0.1364,0.22,0.0,0.0,10,below0,-0.1364,0.31,0.0,0.0,10,below0,-0.1364,0.46,0.0,0.0,10,below0,-0.1364,0.28,0.0,0.0,10,below0
4218,-0.1364,0.37,0.0,0.0,10,below0,-0.1364,0.13,0.0,0.0,10,below0,-0.1364,0.52,0.0,0.0,10,below0,-0.1364,0.58,0.0,0.0,10,below0,-0.1364,0.4,0.0,0.0,10,below0,-0.1364,0.49,0.0,0.0,10,below0,-0.1364,0.22,0.0,0.0,10,below0,-0.1364,0.31,0.0,0.0,10,below0,-0.1364,0.46,0.0,0.0,10,below0,-0.1364,0.28,0.0,0.0,10,below0
4224,-0.1364,0.37,0.0,0.0,10,below0,-0.1364,0.13,0.0,0.0,10,below0,-0.1364,0.52,0.0,0.0,10,below0,-0.1364,0.58,0.0,0.0,10,below0,-0.1364,0.4,0.0,0.0,10,below0,-0.1364,0.49,0.0,0.0,10,below0,-0.1364,0.22,0.0,0.0,10,below0,-0.1364,0.31,0.0,0.0,10,below0,-0.1364,0.46,0.0,0.0,10,below0,-0.1364,0.28,0.0,0.0,10,below0
4230,-0.1364,0.37,0.0,0.0,10,below0,-0.1364,0.13,0.0,0.0,10,below0,-0.1364,0.52,0.0,0.0,10,below0,-0.1364,0.58,0.0,0.0,10,below0,-0.1364,0.4,0.0,0.0,10,below0,-0.1364,0.49,0.0,0.0,10,below0,-0.1364,0.22,0.0,0.0,10,below0,-0.1364,0.31,0.0,0.0,10,below0,-0.1364,0.46,0.0,0.0,10,below0,-0.1364,0.28,0.0,0.0,10,below0
4236,-0.1364,0.37,0.0,0.0,10,below0,-0.1364,0.13,0.0,0.0,10,below0,-0.1364,0.52,0.0,0.0,10,below0,-0.1364,0.58,0.0,0.0,10,below0,-0.1364,0.4,0.0,0.0,10,below0,-0.1364,0.49,0.0,0.0,10,below0,-0.1364,0.22,0.0,0.0,10,below0,-0.1364,0.31,0.0,0.0,10,below0,-0.1364,0.46,0.0,0.0,10,below0,-0.1364,0.28,0.0,0.0,10,below0
4242,-0.1364,0.37,0.0,0.0,10,below0,-0.1364,0.13,0.0,0.0,10,below0,-0.1364,0.52,0.0,0.0,10,below0,-0.1364,0.58,0.0,0.0,10,below0,-0.1364,0.4,0.0,0.0,10,below0,-0.1364,0.49,0.0,0.0,10,below0,-0.1364,0.22,0.0,0.0,10,below0,-0.1364,0.31,0.0,0.0,10,below0,-0.1364,0.46,0.0,0.0,10,below0,-0.1364,0.28,0.0,0.0,10,below0
4248,-0.1364,0.37,0.0,0.0,10,below0,-0.1364,0.13,0.0,0.0,10,below0,-0.1364,0.52,0.0,0.0,10,below0,-0.1364,0.58,0.0,0.0,10,below0,-0.1364,0.4,0.0,0.0,10,below0,-0.1364,0.49,0.0,0.0,10,below0,-0.1364,0.22,0.0,0.0,10,below0,-0.1364,0.31,0.0,0.0,10,below0,-0.1364,0.46,0.0,0.0,10,below0,-0.1364,0.28,0.0,0.0,10,below0
4254,-0.1364,0.37,0.0,0.0,10,below0,-0.1364,0.13,0.0,0.0,10,below0,-0.1364,0.52,0.0,0.0,10,below0,-0.1364,0.58,0.0,0.0,10,below0,-0.1364,0.4,0.0,0.0,10,below0,-0.1364,0.49,0.0,0.0,10,below0,-0.1364,0.22,0.0,0.0,10,below0,-0.1364,0.31,0.0,0.0,10,below0,-0.1364,0.46,0.0,0.0,10,below0,-0.1364,0.28,0.0,0.0,10,below0
4260,-0.1364,0.37,0.0,0.0,10,below0,-0.1364,0.13,0.0,0.0,10,below0,-0.1364,0.52,0.0,0.0,10,below0,-0.1364,0.58,0.0,0.0,10,below0,-0.1364,0.4,0.0,0.0,10,below0,-0.1364,0.49,0.0,0.0,10,below0,-0.1364,0.22,0.0,0.0,10,below0,-0.1364,0.31,0.0,0.0,10,below0,-0.1364,0.46,0.0,0.0,10,below0,-0.1364,0.28,0.0,0.0,10,below0
4266,-0.1364,0.37,0.0,0.0,10,below0,-0.1364,0.13,0.0,0.0,10,below0,-0.1364,0.52,0.0,0.0,10,below0,-0.1364,0.58,0.0,0.0,10,below0,-0.1364,0.4,0.0,0.0,10,below0,-0.1364,0.49,0.0,0.0,10,below0,-0.1364,0.22,0.0,0.0,10,below0,-0.1364,0.31,0.0,0.0,10,below0,-0.1364,0.46,0.0,0.0,10,below0,-0.1364,0.28,0.0,0.0,10,below0
4272,-0.1364,0.37,0.0,0.0,10,below0,-0.1364,0.13,0.0,0.0,10,below0,-0.1364,0.52,0.0,0.0,10,below0,-0.1364,0.58,0.0,0.0,10,below0,-0.1364,0.4,0.0,0.0,10,below0,-0.1364,0.49,0.0,0.0,10,below0,-0.1364,0.22,0.0,0.0,10,below0,-0.1364,0.31,0.0,0.0,10,below0,-0.1364,0.46,0.0,0.0,10,below0,-0.1364,0.28,0.0,0.0,10,below0
4278,-0.1364,0.37,0.0,0.0,10,below0,-0.1364,0.13,0.0,0.0,10,below0,-0.1364,0.52,0.0,0.0,10,below0,-0.1364,0.58,0.0,0.0,10,below0,-0.1364,0.4,0.0,0.0,10,below0,-0.1364,0.49,0.0,0.0,10,below0,-0.1364,0.22,0.0,0.0,10,below0,-0.1364,0.31,0.0,0.0,10,below0,-0.1364,0.46,0.0,0.0,10,below0,-0.1364,0.28,0.0,0.0,10,below0
4284,-0.1364,0.37,0.0,0.0,10,below0,-0.1364,0.13,0.0,0.0,10,below0,-0.1364,0.52,0.0,0.0,10,below0,-0.1364,0.58,0.0,0.0,10,below0,-0.1364,0.4,0.0,0.0,10,below0,-0.1364,0.49,0.0,0.0,10,below0,-0.1364,0.22,0.0,0.0,10,below0,-0.1364,0.31,0.0,0.0,10,below0,-0.1364,0.46,0.0,0.0,10,below0,-0.1364,0.28,0.0,0.0,10,below0
4290,-0.1364,0.37,0.0,0.0,10,below0,-0.1364,0.13,0.0,0.0,10,below0,-0.1364,0.52,0.0,0.0,10,below0,-0.1364,0.58,0.0,0.0,10,below0,-0.1364,0.4,0.0,0.0,10,below0,-0.1364,0.49,0.0,0.0,10,below0,-0.1364,0.22,0.0,0.0,10,below0,-0.1364,0.31,0.0,0.0,10,below0,-0.1364,0.46,0.0,0.0,10,below0,-0.1364,0.28,0.0,0.0,10,below0
4296,-0.1364,0.37,0.0,0.0,10,below0,-0.1364,0.13,0.0,0.0,10,below0,-0.1364,0.52,0.0,0.0,10,below0,-0.1364,0.58,0.0,0.0,10,below0,-0.1364,0.4,0.0,0.0,10,below0,-0.1364,0.49,0.0,0.0,10,below0,-0.1364,0.22,0.0,0.0,10,below0,-0.1364,0.31,0.0,0.0,10,below0,-0.1364,0.46,0.0,0.0,10,below0,-0.1364,0.28,0.0,0.0,10,below0
4302,-0.1364,0.37,0.0,0.0,10,below0,-0.1364,0.13,0.0,0.0,10,below0,-0.1364,0.52,0.0,0.0,10,below0,-0.1364,0.58,0.0,0.0,10,below0,-0.1364,0.4,0.0,0.0,10,below0,-0.1364,0.49,0.0,0.0,10,below0,-0.1364,0.22,0.0,0.0,10,below0,-0.1364,0.31,0.0,0.0,10,below0,-0.1364,0.46,0.0,0.0,10,below0,-0.1364,0.28,0.0,0.0,10,below0
4308,-0.1364,0.37,0.0,0.0,10,below0,-0.1364,0.13,0.0,0.0,10,below0,-0.1364,0.52,0.0,0.0,10,below0,-0.1364,0.58,0.0,0.0,10,below0,-0.1364,0.4,0.0,0.0,10,below0,-0.1364,0.49,0.0,0.0,10,below0,-0.1364,0.22,0.0,0.0,10,below0,-0.1364,0.31,0.0,0.0,10,below0,-0.1364,0.46,0.0,0.0,10,below0,-0.1364,0.28,0.0,0.0,10,below0
4314,-0.1364,0.37,0.0,0.0,10,below0,-0.1364,0.13,0.0,0.0,10,below0,-0.1364,0.52,0.0,0.0,10,below0,-0.1364,0.58,0.0,0.0,10,below0,-0.1364,0.4,0.0,0.0,10,below0,-0.1364,0.49,0.0,0.0,10,below0,-0.1364,0.22,0.0,0.0,10,below0,-0.1364,0.31,0.0,0.0,10,below0,-0.1364,0.46,0.0,0.0,10,below0,-0.1364,0.28,0.0,0.0,10,below0
4320,-0.1364,0.46,0.0,0.0,10,below0,-0.1364,0.13,0.0,0.0,10,below0,-0.1364,0.52,0.0,0.0,10,below0,-0.1364,0.49,0.0,0.0,10,below0,-0.1364,0.4,0.0,0.0,10,below0,-0.1364,0.58,0.0,0.0,10,below0,-0.1364,0.22,0.0,0.0,10,below0,-0.1364,0.31,0.0,0.0,10,below0,-0.1364,0.55,0.0,0.0,10,below0,-0.1364,0.34,0.0,0.0,10,below0
4326,-0.1364,0.46,0.0,0.0,10,below0,-0.1364,0.13,0.0,0.0,10,below0,-0.1364,0.52,0.0,0.0,10,below0,-0.1364,0.49,0.0,0.0,10,below0,-0.1364,0.4,0.0,0.0,10,below0,-0.1364,0.58,0.0,0.0,10,below0,-0.1364,0.22,0.0,0.0,10,below0,-0.1364,0.31,0.0,0.0,10,below0,-0.1364,0.55,0.0,0.0,10,below0,-0.1364,0.34,0.0,0.0,10,below0
4332,-0.1364,0.46,0.0,0.0,10,below0,-0.1364,0.13,0.0,0.0,10,below0,-0.1364,0.52,0.0,0.0,10,below0,-0.1364,0.49,0.0,0.0,10,below0,-0.1364,0.4,0.0,0.0,10,below0,-0.1364,0.58,0.0,0.0,10,below0,-0.1364,0.22,0.0,0.0,10,below0,-0.1364,0.31,0.0,0.0,10,below0,-0.1364,0.55,0.0,0.0,10,below0,-0.1364,0.34,0.0,0.0,10,below0
4338,-0.1364,0.46,0.0,0.0,10,below0,-0.1364,0.13,0.0,0.0,10,below0,-0.1364,0.52,0.0,0.0,10,below0,-0.1364,0.49,0.0,0.0,10,below0,-0.1364,0.4,0.0,0.0,10,below0,-0.1364,0.58,0.0,0.0,10,below0,-0.1364,0.22,0.0,0.0,10,below0,-0.1364,0.31,0.0,0.0,10,below0,-0.1364,0.55,0.0,0.0,10,below0,-0.1364,0.34,0.0,0.0,10,below0
4344,-0.1364,0.46,0.0,0.0,10,below0,-0.1364,0.13,0.0,0.0,10,below0,-0.1364,0.52,0.0,0.0,10,below0,-0.1364,0.49,0.0,0.0,10,below0,-0.1364,0.4,0.0,0.0,10,below0,-0.1364,0.58,0.0,0.0,10,below0,-0.1364,0.22,0.0,0.0,10,below0,-0.1364,0.31,0.0,0.0,10,below0,-0.1364,0.55,0.0,0.0,10,below0,-0.1364,0.34,0.0,0.0,10,below0
4350,-0.1364,0.46,0.0,0.0,10,below0,-0.1364,0.13,0.0,0.0,10,below0,-0.1364,0.52,0.0,0.0,10,below0,-0.1364,0.49,0.0,0.0,10,below0,-0.1364,0.4,0.0,0.0,10,below0,-0.1364,0.58,0.0,0.0,10,below0,-0.1364,0.22,0.0,0.0,10,below0,-0.1364,0.31,0.0,0.0,10,below0,-0.1364,0.55,0.0,0.0,10,below0,-0.1364,0.34,0.0,0.0,10,below0
4356,-0.1364,0.46,0.0,0.0,10,below0,-0.1364,0.13,0.0,0.0,10,below0,-0.1364,0.52,0.0,0.0,10,below0,-0.1364,0.49,0.0,0.0,10,below0,-0.1364,0.4,0.0,0.0,10,below0,-0.1364,0.58,0.0,0.0,10,below0,-0.1364,0.22,0.0,0.0,10,below0,-0.1364,0.31,0.0,0.0,10,below0,-0.1364,0.55,0.0,0.0,10,below0,-0.1364,0.34,0.0,0.0,10,below0
4362,-0.1364,0.46,0.0,0.0,10,below0,-0.1364,0.13,0.0,0.0,10,below0,-0.1364,0.52,0.0,0.0,10,below0,-0.1364,0.49,0.0,0.0,10,below0,-0.1364,0.4,0.0,0.0,10,below0,-0.1364,0.58,0.0,0.0,10,below0,-0.1364,0.22,0.0,0.0,10,below0,-0.1364,0.31,0.0,0.0,10,below0,-0.1364,0.55,0.0,0.0,10,below0,-0.1364,0.34,0.0,0.0,10,below0
4368,-0.1364,0.46,0.0,0.0,10,below0,-0.1364,0.13,0.0,0.0,10,below0,-0.1364,0.52,0.0,0.0,10,below0,-0.1364,0.49,0.0,0.0,10,below0,-0.1364,0.4,0.0,0.0,10,below0,-0.1364,0.58,0.0,0.0,10,below0,-0.1364,0.22,0.0,0.0,10,below0,-0.1364,0.31,0.0,0.0,10,below0,-0.1364,0.55,0.0,0.0,10,below0,-0.1364,0.34,0.0,0.0,10,below0
4374,-0.1364,0.46,0.0,0.0,10,below0,-0.1364,0.13,0.0,0.0,10,below0,-0.1364,0.52,0.0,0.0,10,below0,-0.1364,0.49,0.0,0.0,10,below0,-0.1364,0.4,0.0,0.0,10,below0,-0.1364,0.58,0.0,0.0,10,below0,-0.1364,0.22,0.0,0.0,10,below0,-0.1364,0.31,0.0,0.0,10,below0,-0.1364,0.55,0.0,0.0,10,below0,-0.1364,0.34,0.0,0.0,10,below0
4380,-0.1364,0.46,0.0,0.0,10,below0,-0.1364,0.13,0.0,0.0,10,below0,-0.1364,0.52,0.0,0.0,10,below0,-0.1364,0.49,0.0,0.0,10,below0,-0.1364,0.4,0.0,0.0,10,below0,-0.1364,0.58,0.0,0.0,10,below0,-0.1364,0.22,0.0,0.0,10,below0,-0.1364,0.31,0.0,0.0,10,below0,-0.1364,0.55,0.0,0.0,10,below0,-0.1364,0.34,0.0,0.0,10,below0
4386,-0.1364,0.46,0.0,0.0,10,below0,-0.1364,0.13,0.0,0.0,10,below0,-0.1364,0.52,0.0,0.0,10,below0,-0.1364,0.49,0.0,0.0,10,below0,-0.1364,0.4,0.0,0.0,10,below0,-0.1364,0.58,0.0,0.0,10,below0,-0.1364,0.22,0.0,0.0,10,below0,-0.1364,0.31,0.0,0.0,10,below0,-0.1364,0.55,0.0,0.0,10,below0,-0.1364,0.34,0.0,0.0,10,below0
4392,-0.1364,0.46,0.0,0.0,10,below0,-0.1364,0.13,0.0,0.0,10,below0,-0.1364,0.52,0.0,0.0,10,below0,-0.1364,0.49,0.0,0.0,10,below0,-0.1364,0.4,0.0,0.0,10,below0,-0.1364,0.58,0.0,0.0,10,below0,-0.1364,0.22,0.0,0.0,10,below0,-0.1364,0.31,0.0,0.0,10,below0,-0.1364,0.55,0.0,0.0,10,below0,-0.1364,0.34,0.0,0.0,10,below0
4398,-0.1364,0.46,0.0,0.0,10,below0,-0.1364,0.13,0.0,0.0,10,below0,-0.1364,0.52,0.0,0.0,10,below0,-0.1364,0.49,0.0,0.0,10,below0,-0.1364,0.4,0.0,0.0,10,below0,-0.1364,0.58,0.0,0.0,10,below0,-0.1364,0.22,0.0,0.0,10,below0,-0.1364,0.31,0.0,0.0,10,below0,-0.1364,0.55,0.0,0.0,10,below0,-0.1364,0.34,0.0,0.0,10,below0
4404,-0.1364,0.46,0.0,0.0,10,below0,-0.1364,0.13,0.0,0.0,10,below0,-0.1364,0.52,0.0,0.0,10,below0,-0.1364,0.49,0.0,0.0,10,below0,-0.1364,0.4,0.0,0.0,10,below0,-0.1364,0.58,0.0,0.0,10,below0,-0.1364,0.22,0.0,0.0,10,below0,-0.1364,0.31,0.0,0.0,10,below0,-0.1364,0.55,0.0,0.0,10,below0,-0.1364,0.34,0.0,0.0,10,below0
4410,-0.1364,0.46,0.0,0.0,10,below0,-0.1364,0.13,0.0,0.0,10,below0,-0.1364,0.52,0.0,0.0,10,below0,-0.1364,0.49,0.0,0.0,10,below0,-0.1364,0.4,0.0,0.0,10,below0,-0.1364,0.58,0.0,0.0,10,below0,-0.1364,0.22,0.0,0.0,10,below0,-0.1364,0.31,0.0,0.0,10,below0,-0.1364,0.55,0.0,0.0,10,below0,-0.1364,0.34,0.0,0.0,10,below0
4416,-0.1364,0.46,0.0,0.0,10,below0,-0.1364,0.13,0.0,0.0,10,below0,-0.1364,0.52,0.0,0.0,10,below0,-0.1364,0.49,0.0,0.0,10,below0,-0.1364,0.4,0.0,0.0,10,below0,-0.1364,0.58,0.0,0.0,10,below0,-0.1364,0.22,0.0,0.0,10,below0,-0.1364,0.31,0.0,0.0,10,below0,-0.1364,0.55,0.0,0.0,10,below0,-0.1364,0.34,0.0,0.0,10,below0
4422,-0.1364,0.46,0.0,0.0,10,below0,-0.1364,0.13,0.0,0.0,10,below0,-0.1364,0.52,0.0,0.0,10,below0,-0.1364,0.49,0.0,0.0,10,below0,-0.1364,0.4,0.0,0.0,10,below0,-0.1364,0.58,0.0,0.0,10,below0,-0.1364,0.22,0.0,0.0,10,below0,-0.1364,0.31,0.0,0.0,10,below0,-0.1364,0.55,0.0,0.0,10,below0,-0.1364,0.34,0.0,0.0,10,below0
4428,-0.1364,0.46,0.0,0.0,10,below0,-0.1364,0.13,0.0,0.0,10,below0,-0.1364,0.52,0.0,0.0,10,below0,-0.1364,0.49,0.0,0.0,10,below0,-0.1364,0.4,0.0,0.0,10,below0,-0.1364,0.58,0.0,0.0,10,below0,-0.1364,0.22,0.0,0.0,10,below0,-0.1364,0.31,0.0,0.0,10,below0,-0.1364,0.55,0.0,0.0,10,below0,-0.1364,0.34,0.0,0.0,10,below0
4434,-0.1364,0.46,0.0,0.0,10,below0,-0.1364,0.13,0.0,0.0,10,below0,-0.1364,0.52,0.0,0.0,10,below0,-0.1364,0.49,0.0,0.0,10,below0,-0.1364,0.4,0.0,0.0,10,below0,-0.1364,0.58,0.0,0.0,10,below0,-0.1364,0.22,0.0,0.0,10,below0,-0.1364,0.31,0.0,0.0,10,below0,-0.1364,0.55,0.0,0.0,10,below0,-0.1364,0.34,0.0,0.0,10,below0
4440,-0.1364,0.46,0.0,0.0,10,below0,-0.1364,0.13,0.0,0.0,10,below0,-0.1364,0.52,0.0,0.0,10,below0,-0.1364,0.49,0.0,0.0,10,below0,-0.1364,0.4,0.0,0.0,10,below0,-0.1364,0.58,0.0,0.0,10,below0,-0.1364,0.22,0.0,0.0,10,below0,-0.1364,0.31,0.0,0.0,10,below0,-0.1364,0.55,0.0,0.0,10,below0,-0.1364,0.34,0.0,0.0,10,below0
4446,-0.1364,0.46,0.0,0.0,10,below0,-0.1364,0.13,0.0,0.0,10,below0,-0.1364,0.52,0.0,0.0,10,below0,-0.1364,0.49,0.0,0.0,10,below0,-0.1364,0.4,0.0,0.0,10,below0,-0.1364,0.58,0.0,0.0,10,below0,-0.1364,0.22,0.0,0.0,10,below0,-0.1364,0.31,0.0,0.0,10,below0,-0.1364,0.55,0.0,0.0,10,below0,-0.1364,0.34,0.0,0.0,10,below0
4452,-0.1364,0.46,0.0,0.0,10,below0,-0.1364,0.13,0.0,0.0,10,below0,-0.1364,0.52,0.0,0.0,10,below0,-0.1364,0.49,0.0,0.0,10,below0,-0.1364,0.4,0.0,0.0,10,below0,-0.1364,0.58,0.0,0.0,10,below0,-0.1364,0.22,0.0,0.0,10,below0,-0.1364,0.31,0.0,0.0,10,below0,-0.1364,0.55,0.0,0.0,10,below0,-0.1364,0.34,0.0,0.0,10,below0
4458,-0.1364,0.46,0.0,0.0,10,below0,-0.1364,0.13,0.0,0.0,10,below0,-0.1364,0.52,0.0,0.0,10,below0,-0.1364,0.49,0.0,0.0,10,below0,-0.1364,0.4,0.0,0.0,10,below0,-0.1364,0.58,0.0,0.0,10,below0,-0.1364,0.22,0.0,0.0,10,below0,-0.1364,0.31,0.0,0.0,10,below0,-0.1364,0.55,0.0,0.0,10,below0,-0.1364,0.34,0.0,0.0,10,below0
4464,-0.1364,0.46,0.0,0.0,10,below0,-0.1364,0.13,0.0,0.0,10,below0,-0.1364,0.52,0.0,0.0,10,below0,-0.1364,0.49,0.0,0.0,10,below0,-0.1364,0.4,0.0,0.0,10,below0,-0.1364,0.58,0.0,0.0,10,below0,-0.1364,0.22,0.0,0.0,10,below0,-0.1364,0.31,0.0,0.0,10,below0,-0.1364,0.55,0.0,0.0,10,below0,-0.1364,0.34,0.0,0.0,10,below0
4470,-0.1364,0.46,0.0,0.0,10,below0,-0.1364,0.13,0.0,0.0,10,below0,-0.1364,0.52,0.0,0.0,10,below0,-0.1364,0.49,0.0,0.0,10,below0,-0.1364,0.4,0.0,0.0,10,below0,-0.1364,0.58,0.0,0.0,10,below0,-0.1364,0.22,0.0,0.0,10,below0,-0.1364,0.31,0.0,0.0,10,below0,-0.1364,0.55,0.0,0.0,10,below0,-0.1364,0.34,0.0,0.0,10,below0
4476,-0.1364,0.46,0.0,0.0,10,below0,-0.1364,0.13,0.0,0.0,10,below0,-0.1364,0.52,0.0,0.0,10,below0,-0.1364,0.49,0.0,0.0,10,below0,-0.1364,0.4,0.0,0.0,10,below0,-0.1364,0.58,0.0,0.0,10,below0,-0.1364,0.22,0.0,0.0,10,below0,-0.1364,0.31,0.0,0.0,10,below0,-0.1364,0.55,0.0,0.0,10,below0,-0.1364,0.34,0.0,0.0,10,below0
4482,-0.1364,0.46,0.0,0.0,10,below0,-0.1364,0.13,0.0,0.0,10,below0,-0.1364,0.52,0.0,0.0,10,below0,-0.1364,0.49,0.0,0.0,10,below0,-0.1364,0.4,0.0,0.0,10,below0,-0.1364,0.58,0.0,0.0,10,below0,-0.1364,0.22,0.0,0.0,10,below0,-0.1364,0.31,0.0,0.0,10,below0,-0.1364,0.55,0.0,0.0,10,below0,-0.1364,0.34,0.0,0.0,10,below0
4488,-0.1364,0.46,0.0,0.0,10,below0,-0.1364,0.13,0.0,0.0,10,below0,-0.1364,0.52,0.0,0.0,10,below0,-0.1364,0.49,0.0,0.0,10,below0,-0.1364,0.4,0.0,0.0,10,below0,-0.1364,0.58,0.0,0.0,10,below0,-0.1364,0.22,0.0,0.0,10,below0,-0.1364,0.31,0.0,0.0,10,below0,-0.1364,0.55,0.0,0.0,10,below0,-0.1364,0.34,0.0,0.0,10,below0
4494,-0.1364,0.46,0.0,0.0,10,below0,-0.1364,0.13,0.0,0.0,10,below0,-0.1364,0.52,0.0,0.0,10,below0,-0.1364,0.49,0.0,0.0,10,below0,-0.1364,0.4,0.0,0.0,10,below0,-0.1364,0.58,0.0,0.0,10,below0,-0.1364,0.22,0.0,0.0,10,below0,-0.1364,0.31,0.0,0.0,10,below0,-0.1364,0.55,0.0,0.0,10,below0,-0.1364,0.34,0.0,0.0,10,below0
4500,-0.1364,0.46,0.0,0.0,10,below0,-0.1364,0.13,0.0,0.0,10,below0,-0.1364,0.52,0.0,0.0,10,below0,-0.1364,0.49,0.0,0.0,10,below0,-0.1364,0.4,0.0,0.0,10,below0,-0.1364,0.58,0.0,0.0,10,below0,-0.1364,0.22,0.0,0.0,10,below0,-0.1364,0.31,0.0,0.0,10,below0,-0.1364,0.55,0.0,0.0,10,below0,-0.1364,0.34,0.0,0.0,10,below0
4506,-0.1364,0.46,0.0,0.0,10,below0,-0.1364,0.13,0.0,0.0,10,below0,-0.1364,0.52,0.0,0.0,10,below0,-0.1364,0.49,0.0,0.0,10,below0,-0.1364,0.4,0.0,0.0,10,below0,-0.1364,0.58,0.0,0.0,10,below0,-0.1364,0.22,0.0,0.0,10,below0,-0.1364,0.31,0.0,0.0,10,below0,-0.1364,0.55,0.0,0.0,10,below0,-0.1364,0.34,0.0,0.0,10,below0
4512,-0.1364,0.46,0.0,0.0,10,below0,-0.1364,0.13,0.0,0.0,10,below0,-0.1364,0.52,0.0,0.0,10,below0,-0.1364,0.49,0.0,0.0,10,below0,-0.1364,0.4,0.0,0.0,10,below0,-0.1364,0.58,0.0,0.0,10,below0,-0.1364,0.22,0.0,0.0,10,below0,-0.1364,0.31,0.0,0.0,10,below0,-0.1364,0.55,0.0,0.0,10,below0,-0.1364,0.34,0.0,0.0,10,below0
4518,-0.1364,0.46,0.0,0.0,10,below0,-0.1364,0.13,0.0,0.0,10,below0,-0.1364,0.52,0.0,0.0,10,below0,-0.1364,0.49,0.0,0.0,10,below0,-0.1364,0.4,0.0,0.0,10,below0,-0.1364,0.58,0.0,0.0,10,below0,-0.1364,0.22,0.0,0.0,10,below0,-0.1364,0.31,0.0,0.0,10,below0,-0.1364,0.55,0.0,0.0,10,below0,-0.1364,0.34,0.0,0.0,10,below0
4524,-0.1364,0.46,0.0,0.0,10,below0,-0.1364,0.13,0.0,0.0,10,below0,-0.1364,0.52,0.0,0.0,10,below0,-0.1364,0.49,0.0,0.0,10,below0,-0.1364,0.4,0.0,0.0,10,below0,-0.1364,0.58,0.0,0.0,10,below0,-0.1364,0.22,0.0,0.0,10,below0,-0.1364,0.31,0.0,0.0,10,below0,-0.1364,0.55,0.0,0.0,10,below0,-0.1364,0.34,0.0,0.0,10,below0
4530,-0.1364,0.46,0.0,0.0,10,below0,-0.1364,0.13,0.0,0.0,10,below0,-0.1364,0.52,0.0,0.0,10,below0,-0.1364,0.49,0.0,0.0,10,below0,-0.1364,0.4,0.0,0.0,10,below0,-0.1364,0.58,0.0,0.0,10,below0,-0.1364,0.22,0.0,0.0,10,below0,-0.1364,0.31,0.0,0.0,10,below0,-0.1364,0.55,0.0,0.0,10,below0,-0.1364,0.34,0.0,0.0,10,below0
4536,-0.1364,0.46,0.0,0.0,10,below0,-0.1364,0.13,0.0,0.0,10,below0,-0.1364,0.52,0.0,0.0,10,below0,-0.1364,0.49,0.0,0.0,10,below0,-0.1364,0.4,0.0,0.0,10,below0,-0.1364,0.58,0.0,0.0,10,below0,-0.1364,0.22,0.0,0.0,10,below0,-0.1364,0.31,0.0,0.0,10,below0,-0.1364,0.55,0.0,0.0,10,below0,-0.1364,0.34,0.0,0.0,10,below0
4542,-0.1364,0.46,0.0,0.0,10,below0,-0.1364,0.13,0.0,0.0,10,below0,-0.1364,0.52,0.0,0.0,10,below0,-0.1364,0.49,0.0,0.0,10,below0,-0.1364,0.4,0.0,0.0,10,below0,-0.1364,0.58,0.0,0.0,10,below0,-0.1364,0.22,0.0,0.0,10,below0,-0.1364,0.31,0.0,0.0,10,below0,-0.1364,0.55,0.0,0.0,10,below0,-0.1364,0.34,0.0,0.0,10,below0
4548,-0.1364,0.46,0.0,0.0,10,below0,-0.1364,0.13,0.0,0.0,10,below0,-0.1364,0.52,0.0,0.0,10,below0,-0.1364,0.49,0.0,0.0,10,below0,-0.1364,0.4,0.0,0.0,10,below0,-0.1364,0.58,0.0,0.0,10,below0,-0.1364,0.22,0.0,0.0,10,below0,-0.1364,0.31,0.0,0.0,10,below0,-0.1364,0.55,0.0,0.0,10,below0,-0.1364,0.34,0.0,0.0,10,below0
4554,-0.1364,0.46,0.0,0.0,10,below0,-0.1364,0.13,0.0,0.0,10,below0,-0.1364,0.52,0.0,0.0,10,below0,-0.1364,0.49,0.0,0.0,10,below0,-0.1364,0.4,0.0,0.0,10,below0,-0.1364,0.58,0.0,0.0,10,below0,-0.1364,0.22,0.0,0.0,10,below0,-0.1364,0.31,0.0,0.0,10,below0,-0.1364,0.55,0.0,0.0,10,below0,-0.1364,0.34,0.0,0.0,10,below0
4560,-0.1364,0.46,0.0,0.0,10,below0,-0.1364,0.13,0.0,0.0,10,below0,-0.1364,0.52,0.0,0.0,10,below0,-0.1364,0.49,0.0,0.0,10,below0,-0.1364,0.4,0.0,0.0,10,below0,-0.1364,0.58,0.0,0.0,10,below0,-0.1364,0.22,0.0,0.0,10,below0,-0.1364,0.31,0.0,0.0,10,below0,-0.1364,0.55,0.0,0.0,10,below0,-0.1364,0.34,0.0,0.0,10,below0
4566,-0.1364,0.46,0.0,0.0,10,below0,-0.1364,0.13,0.0,0.0,10,below0,-0.1364,0.52,0.0,0.0,10,below0,-0.1364,0.49,0.0,0.0,10,below0,-0.1364,0.4,0.0,0.0,10,below0,-0.1364,0.58,0.0,0.0,10,below0,-0.1364,0.22,0.0,0.0,10,below0,-0.1364,0.31,0.0,0.0,10,below0,-0.1364,0.55,0.0,0.0,10,below0,-0.1364,0.34,0.0,0.0,10,below0
4572,-0.1364,0.46,0.0,0.0,10,below0,-0.1364,0.13,0.0,0.0,10,below0,-0.1364,0.52,0.0,0.0,10,below0,-0.1364,0.49,0.0,0.0,10,below0,-0.1364,0.4,0.0,0.0,10,below0,-0.1364,0.58,0.0,0.0,10,below0,-0.1364,0.22,0.0,0.0,10,below0,-0.1364,0.31,0.0,0.0,10,below0,-0.1364,0.55,0.0,0.0,10,below0,-0.1364,0.34,0.0,0.0,10,below0
4578,-0.1364,0.46,0.0,0.0,10,below0,-0.1364,0.13,0.0,0.0,10,below0,-0.1364,0.52,0.0,0.0,10,below0,-0.1364,0.49,0.0,0.0,10,below0,-0.1364,0.4,0.0,0.0,10,below0,-0.1364,0.58,0.0,0.0,10,below0,-0.1364,0.22,0.0,0.0,10,below0,-0.1364,0.31,0.0,0.0,10,below0,-0.1364,0.55,0.0,0.0,10,below0,-0.1364,0.34,0.0,0.0,10,below0
4584,-0.1364,0.46,0.0,0.0,10,below0,-0.1364,0.13,0.0,0.0,10,below0,-0.1364,0.52,0.0,0.0,10,below0,-0.1364,0.49,0.0,0.0,10,below0,-0.1364,0.4,0.0,0.0,10,below0,-0.1364,0.58,0.0,0.0,10,below0,-0.1364,0.22,0.0,0.0,10,below0,-0.1364,0.31,0.0,0.0,10,below0,-0.1364,0.55,0.0,0.0,10,below0,-0.1364,0.34,0.0,0.0,10,below0
4590,-0.1364,0.46,0.0,0.0,10,below0,-0.1364,0.13,0.0,0.0,10,below0,-0.1364,0.52,0.0,0.0,10,below0,-0.1364,0.49,0.0,0.0,10,below0,-0.1364,0.4,0.0,0.0,10,below0,-0.1364,0.58,0.0,0.0,10,below0,-0.1364,0.22,0.0,0.0,10,below0,-0.1364,0.31,0.0,0.0,10,below0,-0.1364,0.55,0.0,0.0,10,below0,-0.1364,0.34,0.0,0.0,10,below0
4596,-0.1364,0.46,0.0,0.0,10,below0,-0.1364,0.13,0.0,0.0,10,below0,-0.1364,0.52,0.0,0.0,10,below0,-0.1364,0.49,0.0,0.0,10,below0,-0.1364,0.4,0.0,0.0,10,below0,-0.1364,0.58,0.0,0.0,10,below0,-0.1364,0.22,0.0,0.0,10,below0,-0.1364,0.31,0.0,0.0,10,below0,-0.1364,0.55,0.0,0.0,10,below0,-0.1364,0.34,0.0,0.0,10,below0
4602,-0.1364,0.46,0.0,0.0,10,below0,-0.1364,0.13,0.0,0.0,10,below0,-0.1364,0.52,0.0,0.0,10,below0,-0.1364,0.49,0.0,0.0,10,below0,-0.1364,0.4,0.0,0.0,10,below0,-0.1364,0.58,0.0,0.0,10,below0,-0.1364,0.22,0.0,0.0,10,below0,-0.1364,0.31,0.0,0.0,10,below0,-0.1364,0.55,0.0,0.0,10,below0,-0.1364,0.34,0.0,0.0,10,below0
4608,-0.1364,0.46,0.0,0.0,10,below0,-0.1364,0.13,0.0,0.0,10,below0,-0.1364,0.52,0.0,0.0,10,below0,-0.1364,0.49,0.0,0.0,10,below0,-0.1364,0.4,0.0,0.0,10,below0,-0.1364,0.58,0.0,0.0,10,below0,-0.1364,0.22,0.0,0.0,10,below0,-0.1364,0.31,0.0,0.0,10,below0,-0.1364,0.55,0.0,0.0,10,below0,-0.1364,0.34,0.0,0.0,10,below0
4614,-0.1364,0.46,0.0,0.0,10,below0,-0.1364,0.13,0.0,0.0,10,below0,-0.1364,0.52,0.0,0.0,10,below0,-0.1364,0.49,0.0,0.0,10,below0,-0.1364,0.4,0.0,0.0,10,below0,-0.1364,0.58,0.0,0.0,10,below0,-0.1364,0.22,0.0,0.0,10,below0,-0.1364,0.31,0.0,0.0,10,below0,-0.1364,0.55,0.0,0.0,10,below0,-0.1364,0.34,0.0,0.0,10,below0
4620,-0.1364,0.46,0.0,0.0,10,below0,-0.1364,0.13,0.0,0.0,10,below0,-0.1364,0.52,0.0,0.0,10,below0,-0.1364,0.49,0.0,0.0,10,below0,-0.1364,0.4,0.0,0.0,10,below0,-0.1364,0.58,0.0,0.0,10,below0,-0.1364,0.22,0.0,0.0,10,below0,-0.1364,0.31,0.0,0.0,10,below0,-0.1364,0.55,0.0,0.0,10,below0,-0.1364,0.34,0.0,0.0,10,below0
4626,-0.1364,0.46,0.0,0.0,10,below0,-0.1364,0.13,0.0,0.0,10,below0,-0.1364,0.52,0.0,0.0,10,below0,-0.1364,0.49,0.0,0.0,10,below0,-0.1364,0.4,0.0,0.0,10,below0,-0.1364,0.58,0.0,0.0,10,below0,-0.1364,0.22,0.0,0.0,10,below0,-0.1364,0.31,0.0,0.0,10,below0,-0.1364,0.55,0.0,0.0,10,below0,-0.1364,0.34,0.0,0.0,10,below0
4632,-0.1364,0.46,0.0,0.0,10,below0,-0.1364,0.13,0.0,0.0,10,below0,-0.1364,0.52,0.0,0.0,10,below0,-0.1364,0.49,0.0,0.0,10,below0,-0.1364,0.4,0.0,0.0,10,below0,-0.1364,0.58,0.0,0.0,10,below0,-0.1364,0.22,0.0,0.0,10,below0,-0.1364,0.31,0.0,0.0,10,below0,-0.1364,0.55,0.0,0.0,10,below0,-0.1364,0.34,0.0,0.0,10,below0
4638,-0.1364,0.46,0.0,0.0,10,below0,-0.1364,0.13,0.0,0.0,10,below0,-0.1364,0.52,0.0,0.0,10,below0,-0.1364,0.49,0.0,0.0,10,below0,-0.1364,0.4,0.0,0.0,10,below0,-0.1364,0.58,0.0,0.0,10,below0,-0.1364,0.22,0.0,0.0,10,below0,-0.1364,0.31,0.0,0.0,10,below0,-0.1364,0.55,0.0,0.0,10,below0,-0.1364,0.34,0.0,0.0,10,below0
4644,-0.1364,0.46,0.0,0.0,10,below0,-0.1364,0.13,0.0,0.0,10,below0,-0.1364,0.52,0.0,0.0,10,below0,-0.1364,0.49,0.0,0.0,10,below0,-0.1364,0.4,0.0,0.0,10,below0,-0.1364,0.58,0.0,0.0,10,below0,-0.1364,0.22,0.0,0.0,10,below0,-0.1364,0.31,0.0,0.0,10,below0,-0.1364,0.55,0.0,0.0,10,below0,-0.1364,0.34,0.0,0.0,10,below0
4650,-0.1364,0.46,0.0,0.0,10,below0,-0.1364,0.13,0.0,0.0,10,below0,-0.1364,0.52,0.0,0.0,10,below0,-0.1364,0.49,0.0,0.0,10,below0,-0.1364,0.4,0.0,0.0,10,below0,-0.1364,0.58,0.0,0.0,10,below0,-0.1364,0.22,0.0,0.0,10,below0,-0.1364,0.31,0.0,0.0,10,below0,-0.1364,0.55,0.0,0.0,10,below0,-0.1364,0.34,0.0,0.0,10,below0
4656,-0.1364,0.46,0.0,0.0,10,below0,-0.1364,0.13,0.0,0.0,10,below0,-0.1364,0.52,0.0,0.0,10,below0,-0.1364,0.49,0.0,0.0,10,below0,-0.1364,0.4,0.0,0.0,10,below0,-0.1364,0.58,0.0,0.0,10,below0,-0.1364,0.22,0.0,0.0,10,below0,-0.1364,0.31,0.0,0.0,10,below0,-0.1364,0.55,0.0,0.0,10,below0,-0.1364,0.34,0.0,0.0,10,below0
4662,-0.1364,0.46,0.0,0.0,10,below0,-0.1364,0.13,0.0,0.0,10,below0,-0.1364,0.52,0.0,0.0,10,below0,-0.1364,0.49,0.0,0.0,10,below0,-0.1364,0.4,0.0,0.0,10,below0,-0.1364,0.58,0.0,0.0,10,below0,-0.1364,0.22,0.0,0.0,10,below0,-0.1364,0.31,0.0,0.0,10,below0,-0.1364,0.55,0.0,0.0,10,below0,-0.1364,0.34,0.0,0.0,10,below0
4668,-0.1364,0.46,0.0,0.0,10,below0,-0.1364,0.13,0.0,0.0,10,below0,-0.1364,0.52,0.0,0.0,10,below0,-0.1364,0.49,0.0,0.0,10,below0,-0.1364,0.4,0.0,0.0,10,below0,-0.1364,0.58,0.0,0.0,10,below0,-0.1364,0.22,0.0,0.0,10,below0,-0.1364,0.31,0.0,0.0,10,below0,-0.1364,0.55,0.0,0.0,10,below0,-0.1364,0.34,0.0,0.0,10,below0
4674,-0.1364,0.46,0.0,0.0,10,below0,-0.1364,0.13,0.0,0.0,10,below0,-0.1364,0.52,0.0,0.0,10,below0,-0.1364,0.49,0.0,0.0,10,below0,-0.1364,0.4,0.0,0.0,10,below0,-0.1364,0.58,0.0,0.0,10,below0,-0.1364,0.22,0.0,0.0,10,below0,-0.1364,0.31,0.0,0.0,10,below0,-0.1364,0.55,0.0,0.0,10,below0,-0.1364,0.34,0.0,0.0,10,below0
4680,-0.1364,0.28,0.0,0.0,10,below0,-0.1364,0.13,0.0,0.0,10,below0,-0.1364,0.52,0.0,0.0,10,below0,-0.1364,0.67,0.0,0.0,10,below0,-0.1364,0.31,0.0,0.0,10,below0,-0.1364,0.58,0.0,0.0,10,below0,-0.1364,0.22,0.0,0.0,10,below0,-0.1364,0.4,0.0,0.0,10,below0,-0.1364,0.46,0.0,0.0,10,below0,-0.1364,0.34,0.0,0.0,10,below0
4686,-0.1364,0.28,0.0,0.0,10,below0,-0.1364,0.13,0.0,0.0,10,below0,-0.1364,0.52,0.0,0.0,10,below0,-0.1364,0.67,0.0,0.0,10,below0,-0.1364,0.31,0.0,0.0,10,below0,-0.1364,0.58,0.0,0.0,10,below0,-0.1364,0.22,0.0,0.0,10,below0,-0.1364,0.4,0.0,0.0,10,below0,-0.1364,0.46,0.0,0.0,10,below0,-0.1364,0.34,0.0,0.0,10,below0
4692,-0.1364,0.28,0.0,0.0,10,below0,-0.1364,0.13,0.0,0.0,10,below0,-0.1364,0.52,0.0,0.0,10,below0,-0.1364,0.67,0.0,0.0,10,below0,-0.1364,0.31,0.0,0.0,10,below0,-0.1364,0.58,0.0,0.0,10,below0,-0.1364,0.22,0.0,0.0,10,below0,-0.1364,0.4,0.0,0.0,10,below0,-0.1364,0.46,0.0,0.0,10,below0,-0.1364,0.34,0.0,0.0,10,below0
4698,-0.1364,0.28,0.0,0.0,10,below0,-0.1364,0.13,0.0,0.0,10,below0,-0.1364,0.52,0.0,0.0,10,below0,-0.1364,0.67,0.0,0.0,10,below0,-0.1364,0.31,0.0,0.0,10,below0,-0.1364,0.58,0.0,0.0,10,below0,-0.1364,0.22,0.0,0.0,10,below0,-0.1364,0.4,0.0,0.0,10,below0,-0.1364,0.46,0.0,0.0,10,below0,-0.1364,0.34,0.0,0.0,10,below0
4704,-0.1364,0.28,0.0,0.0,10,below0,-0.1364,0.13,0.0,0.0,10,below0,-0.1364,0.52,0.0,0.0,10,below0,-0.1364,0.67,0.0,0.0,10,below0,-0.1364,0.31,0.0,0.0,10,below0,-0.1364,0.58,0.0,0.0,10,below0,-0.1364,0.22,0.0,0.0,10,below0,-0.1364,0.4,0.0,0.0,10,below0,-0.1364,0.46,0.0,0.0,10,below0,-0.1364,0.34,0.0,0.0,10,below0
4710,-0.1364,0.28,0.0,0.0,10,below0,-0.1364,0.13,0.0,0.0,10,below0,-0.1364,0.52,0.0,0.0,10,below0,-0.1364,0.67,0.0,0.0,10,below0,-0.1364,0.31,0.0,0.0,10,below0,-0.1364,0.58,0.0,0.0,10,below0,-0.1364,0.22,0.0,0.0,10,below0,-0.1364,0.4,0.0,0.0,10,below0,-0.1364,0.46,0.0,0.0,10,below0,-0.1364,0.34,0.0,0.0,10,below0
4716,-0.1364,0.28,0.0,0.0,10,below0,-0.1364,0.13,0.0,0.0,10,below0,-0.1364,0.52,0.0,0.0,10,below0,-0.1364,0.67,0.0,0.0,10,below0,-0.1364,0.31,0.0,0.0,10,below0,-0.1364,0.58,0.0,0.0,10,below0,-0.1364,0.22,0.0,0.0,10,below0,-0.1364,0.4,0.0,0.0,10,below0,-0.1364,0.46,0.0,0.0,10,below0,-0.1364,0.34,0.0,0.0,10,below0
4722,-0.1364,0.28,0.0,0.0,10,below0,-0.1364,0.13,0.0,0.0,10,below0,-0.1364,0.52,0.0,0.0,10,below0,-0.1364,0.67,0.0,0.0,10,below0,-0.1364,0.31,0.0,0.0,10,below0,-0.1364,0.58,0.0,0.0,10,below0,-0.1364,0.22,0.0,0.0,10,below0,-0.1364,0.4,0.0,0.0,10,below0,-0.1364,0.46,0.0,0.0,10,below0,-0.1364,0.34,0.0,0.0,10,below0
4728,-0.1364,0.28,0.0,0.0,10,below0,-0.1364,0.13,0.0,0.0,10,below0,-0.1364,0.52,0.0,0.0,10,below0,-0.1364,0.67,0.0,0.0,10,below0,-0.1364,0.31,0.0,0.0,10,below0,-0.1364,0.58,0.0,0.0,10,below0,-0.1364,0.22,0.0,0.0,10,below0,-0.1364,0.4,0.0,0.0,10,below0,-0.1364,0.46,0.0,0.0,10,below0,-0.1364,0.34,0.0,0.0,10,below0
4734,-0.1364,0.28,0.0,0.0,10,below0,-0.1364,0.13,0.0,0.0,10,below0,-0.1364,0.52,0.0,0.0,10,below0,-0.1364,0.67,0.0,0.0,10,below0,-0.1364,0.31,0.0,0.0,10,below0,-0.1364,0.58,0.0,0.0,10,below0,-0.1364,0.22,0.0,0.0,10,below0,-0.1364,0.4,0.0,0.0,10,below0,-0.1364,0.46,0.0,0.0,10,below0,-0.1364,0.34,0.0,0.0,10,below0
4740,-0.1364,0.28,0.0,0.0,10,below0,-0.1364,0.13,0.0,0.0,10,below0,-0.1364,0.52,0.0,0.0,10,below0,-0.1364,0.67,0.0,0.0,10,below0,-0.1364,0.31,0.0,0.0,10,below0,-0.1364,0.58,0.0,0.0,10,below0,-0.1364,0.22,0.0,0.0,10,below0,-0.1364,0.4,0.0,0.0,10,below0,-0.1364,0.46,0.0,0.0,10,below0,-0.1364,0.34,0.0,0.0,10,below0
4746,-0.1364,0.28,0.0,0.0,10,below0,-0.1364,0.13,0.0,0.0,10,below0,-0.1364,0.52,0.0,0.0,10,below0,-0.1364,0.67,0.0,0.0,10,below0,-0.1364,0.31,0.0,0.0,10,below0,-0.1364,0.58,0.0,0.0,10,below0,-0.1364,0.22,0.0,0.0,10,below0,-0.1364,0.4,0.0,0.0,10,below0,-0.1364,0.46,0.0,0.0,10,below0,-0.1364,0.34,0.0,0.0,10,below0
4752,-0.1364,0.28,0.0,0.0,10,below0,-0.1364,0.13,0.0,0.0,10,below0,-0.1364,0.52,0.0,0.0,10,below0,-0.1364,0.67,0.0,0.0,10,below0,-0.1364,0.31,0.0,0.0,10,below0,-0.1364,0.58,0.0,0.0,10,below0,-0.1364,0.22,0.0,0.0,10,below0,-0.1364,0.4,0.0,0.0,10,below0,-0.1364,0.46,0.0,0.0,10,below0,-0.1364,0.34,0.0,0.0,10,below0
4758,-0.1364,0.28,0.0,0.0,10,below0,-0.1364,0.13,0.0,0.0,10,below0,-0.1364,0.52,0.0,0.0,10,below0,-0.1364,0.67,0.0,0.0,10,below0,-0.1364,0.31,0.0,0.0,10,below0,-0.1364,0.58,0.0,0.0,10,below0,-0.1364,0.22,0.0,0.0,10,below0,-0.1364,0.4,0.0,0.0,10,below0,-0.1364,0.46,0.0,0.0,10,below0,-0.1364,0.34,0.0,0.0,10,below0
4764,-0.1364,0.28,0.0,0.0,10,below0,-0.1364,0.13,0.0,0.0,10,below0,-0.1364,0.52,0.0,0.0,10,below0,-0.1364,0.67,0.0,0.0,10,below0,-0.1364,0.31,0.0,0.0,10,below0,-0.1364,0.58,0.0,0.0,10,below0,-0.1364,0.22,0.0,0.0,10,below0,-0.1364,0.4,0.0,0.0,10,below0,-0.1364,0.46,0.0,0.0,10,below0,-0.1364,0.34,0.0,0.0,10,below0
4770,-0.1364,0.28,0.0,0.0,10,below0,-0.1364,0.13,0.0,0.0,10,below0,-0.1364,0.52,0.0,0.0,10,below0,-0.1364,0.67,0.0,0.0,10,below0,-0.1364,0.31,0.0,0.0,10,below0,-0.1364,0.58,0.0,0.0,10,below0,-0.1364,0.22,0.0,0.0,10,below0,-0.1364,0.4,0.0,0.0,10,below0,-0.1364,0.46,0.0,0.0,10,below0,-0.1364,0.34,0.0,0.0,10,below0
4776,-0.1364,0.28,0.0,0.0,10,below0,-0.1364,0.13,0.0,0.0,10,below0,-0.1364,0.52,0.0,0.0,10,below0,-0.1364,0.67,0.0,0.0,10,below0,-0.1364,0.31,0.0,0.0,10,below0,-0.1364,0.58,0.0,0.0,10,below0,-0.1364,0.22,0.0,0.0,10,below0,-0.1364,0.4,0.0,0.0,10,below0,-0.1364,0.46,0.0,0.0,10,below0,-0.1364,0.34,0.0,0.0,10,below0
4782,-0.1364,0.28,0.0,0.0,10,below0,-0.1364,0.13,0.0,0.0,10,below0,-0.1364,0.52,0.0,0.0,10,below0,-0.1364,0.67,0.0,0.0,10,below0,-0.1364,0.31,0.0,0.0,10,below0,-0.1364,0.58,0.0,0.0,10,below0,-0.1364,0.22,0.0,0.0,10,below0,-0.1364,0.4,0.0,0.0,10,below0,-0.1364,0.46,0.0,0.0,10,below0,-0.1364,0.34,0.0,0.0,10,below0
4788,-0.1364,0.28,0.0,0.0,10,below0,-0.1364,0.13,0.0,0.0,10,below0,-0.1364,0.52,0.0,0.0,10,below0,-0.1364,0.67,0.0,0.0,10,below0,-0.1364,0.31,0.0,0.0,10,below0,-0.1364,0.58,0.0,0.0,10,below0,-0.1364,0.22,0.0,0.0,10,below0,-0.1364,0.4,0.0,0.0,10,below0,-0.1364,0.46,0.0,0.0,10,below0,-0.1364,0.34,0.0,0.0,10,below0
4794,-0.1364,0.28,0.0,0.0,10,below0,-0.1364,0.13,0.0,0.0,10,below0,-0.1364,0.52,0.0,0.0,10,below0,-0.1364,0.67,0.0,0.0,10,below0,-0.1364,0.31,0.0,0.0,10,below0,-0.1364,0.58,0.0,0.0,10,below0,-0.1364,0.22,0.0,0.0,10,below0,-0.1364,0.4,0.0,0.0,10,below0,-0.1364,0.46,0.0,0.0,10,below0,-0.1364,0.34,0.0,0.0,10,below0
4800,-0.1364,0.28,0.0,0.0,10,below0,-0.1364,0.13,0.0,0.0,10,below0,-0.1364,0.52,0.0,0.0,10,below0,-0.1364,0.67,0.0,0.0,10,below0,-0.1364,0.31,0.0,0.0,10,below0,-0.1364,0.58,0.0,0.0,10,below0,-0.1364,0.22,0.0,0.0,10,below0,-0.1364,0.4,0.0,0.0,10,below0,-0.1364,0.46,0.0,0.0,10,below0,-0.1364,0.34,0.0,0.0,10,below0
4806,-0.1364,0.28,0.0,0.0,10,below0,-0.1364,0.13,0.0,0.0,10,below0,-0.1364,0.52,0.0,0.0,10,below0,-0.1364,0.67,0.0,0.0,10,below0,-0.1364,0.31,0.0,0.0,10,below0,-0.1364,0.58,0.0,0.0,10,below0,-0.1364,0.22,0.0,0.0,10,below0,-0.1364,0.4,0.0,0.0,10,below0,-0.1364,0.46,0.0,0.0,10,below0,-0.1364,0.34,0.0,0.0,10,below0
4812,-0.1364,0.28,0.0,0.0,10,below0,-0.1364,0.13,0.0,0.0,10,below0,-0.1364,0.52,0.0,0.0,10,below0,-0.1364,0.67,0.0,0.0,10,below0,-0.1364,0.31,0.0,0.0,10,below0,-0.1364,0.58,0.0,0.0,10,below0,-0.1364,0.22,0.0,0.0,10,below0,-0.1364,0.4,0.0,0.0,10,below0,-0.1364,0.46,0.0,0.0,10,below0,-0.1364,0.34,0.0,0.0,10,below0
4818,-0.1364,0.28,0.0,0.0,10,below0,-0.1364,0.13,0.0,0.0,10,below0,-0.1364,0.52,0.0,0.0,10,below0,-0.1364,0.67,0.0,0.0,10,below0,-0.1364,0.31,0.0,0.0,10,below0,-0.1364,0.58,0.0,0.0,10,below0,-0.1364,0.22,0.0,0.0,10,below0,-0.1364,0.4,0.0,0.0,10,below0,-0.1364,0.46,0.0,0.0,10,below0,-0.1364,0.34,0.0,0.0,10,below0
4824,-0.1364,0.28,0.0,0.0,10,below0,-0.1364,0.13,0.0,0.0,10,below0,-0.1364,0.52,0.0,0.0,10,below0,-0.1364,0.67,0.0,0.0,10,below0,-0.1364,0.31,0.0,0.0,10,below0,-0.1364,0.58,0.0,0.0,10,below0,-0.1364,0.22,0.0,0.0,10,below0,-0.1364,0.4,0.0,0.0,10,below0,-0.1364,0.46,0.0,0.0,10,below0,-0.1364,0.34,0.0,0.0,10,below0
4830,-0.1364,0.28,0.0,0.0,10,below0,-0.1364,0.13,0.0,0.0,10,below0,-0.1364,0.52,0.0,0.0,10,below0,-0.1364,0.67,0.0,0.0,10,below0,-0.1364,0.31,0.0,0.0,10,below0,-0.1364,0.58,0.0,0.0,10,below0,-0.1364,0.22,0.0,0.0,10,below0,-0.1364,0.4,0.0,0.0,10,below0,-0.1364,0.46,0.0,0.0,10,below0,-0.1364,0.34,0.0,0.0,10,below0
4836,-0.1364,0.28,0.0,0.0,10,below0,-0.1364,0.13,0.0,0.0,10,below0,-0.1364,0.52,0.0,0.0,10,below0,-0.1364,0.67,0.0,0.0,10,below0,-0.1364,0.31,0.0,0.0,10,below0,-0.1364,0.58,0.0,0.0,10,below0,-0.1364,0.22,0.0,0.0,10,below0,-0.1364,0.4,0.0,0.0,10,below0,-0.1364,0.46,0.0,0.0,10,below0,-0.1364,0.34,0.0,0.0,10,below0
4842,-0.1364,0.28,0.0,0.0,10,below0,-0.1364,0.13,0.0,0.0,10,below0,-0.1364,0.52,0.0,0.0,10,below0,-0.1364,0.67,0.0,0.0,10,below0,-0.1364,0.31,0.0,0.0,10,below0,-0.1364,0.58,0.0,0.0,10,below0,-0.1364,0.22,0.0,0.0,10,below0,-0.1364,0.4,0.0,0.0,10,below0,-0.1364,0.46,0.0,0.0,10,below0,-0.1364,0.34,0.0,0.0,10,below0
4848,-0.1364,0.28,0.0,0.0,10,below0,-0.1364,0.13,0.0,0.0,10,below0,-0.1364,0.52,0.0,0.0,10,below0,-0.1364,0.67,0.0,0.0,10,below0,-0.1364,0.31,0.0,0.0,10,below0,-0.1364,0.58,0.0,0.0,10,below0,-0.1364,0.22,0.0,0.0,10,below0,-0.1364,0.4,0.0,0.0,10,below0,-0.1364,0.46,0.0,0.0,10,below0,-0.1364,0.34,0.0,0.0,10,below0
4854,-0.1364,0.28,0.0,0.0,10,below0,-0.1364,0.13,0.0,0.0,10,below0,-0.1364,0.52,0.0,0.0,10,below0,-0.1364,0.67,0.0,0.0,10,below0,-0.1364,0.31,0.0,0.0,10,below0,-0.1364,0.58,0.0,0.0,10,below0,-0.1364,0.22,0.0,0.0,10,below0,-0.1364,0.4,0.0,0.0,10,below0,-0.1364,0.46,0.0,0.0,10,below0,-0.1364,0.34,0.0,0.0,10,below0
4860,-0.1364,0.28,0.0,0.0,10,below0,-0.1364,0.13,0.0,0.0,10,below0,-0.1364,0.52,0.0,0.0,10,below0,-0.1364,0.67,0.0,0.0,10,below0,-0.1364,0.31,0.0,0.0,10,below0,-0.1364,0.58,0.0,0.0,10,below0,-0.1364,0.22,0.0,0.0,10,below0,-0.1364,0.4,0.0,0.0,10,below0,-0.1364,0.46,0.0,0.0,10,below0,-0.1364,0.34,0.0,0.0,10,below0
4866,-0.1364,0.28,0.0,0.0,10,below0,-0.1364,0.13,0.0,0.0,10,below0,-0.1364,0.52,0.0,0.0,10,below0,-0.1364,0.67,0.0,0.0,10,below0,-0.1364,0.31,0.0,0.0,10,below0,-0.1364,0.58,0.0,0.0,10,below0,-0.1364,0.22,0.0,0.0,10,below0,-0.1364,0.4,0.0,0.0,10,below0,-0.1364,0.46,0.0,0.0,10,below0,-0.1364,0.34,0.0,0.0,10,below0
4872,-0.1364,0.28,0.0,0.0,10,below0,-0.1364,0.13,0.0,0.0,10,below0,-0.1364,0.52,0.0,0.0,10,below0,-0.1364,0.67,0.0,0.0,10,below0,-0.1364,0.31,0.0,0.0,10,below0,-0.1364,0.58,0.0,0.0,10,below0,-0.1364,0.22,0.0,0.0,10,below0,-0.1364,0.4,0.0,0.0,10,below0,-0.1364,0.46,0.0,0.0,10,below0,-0.1364,0.34,0.0,0.0,10,below0
4878,-0.1364,0.28,0.0,0.0,10,below0,-0.1364,0.13,0.0,0.0,10,below0,-0.1364,0.52,0.0,0.0,10,below0,-0.1364,0.67,0.0,0.0,10,below0,-0.1364,0.31,0.0,0.0,10,below0,-0.1364,0.58,0.0,0.0,10,below0,-0.1364,0.22,0.0,0.0,10,below0,-0.1364,0.4,0.0,0.0,10,below0,-0.1364,0.46,0.0,0.0,10,below0,-0.1364,0.34,0.0,0.0,10,below0
4884,-0.1364,0.28,0.0,0.0,10,below0,-0.1364,0.13,0.0,0.0,10,below0,-0.1364,0.52,0.0,0.0,10,below0,-0.1364,0.67,0.0,0.0,10,below0,-0.1364,0.31,0.0,0.0,10,below0,-0.1364,0.58,0.0,0.0,10,below0,-0.1364,0.22,0.0,0.0,10,below0,-0.1364,0.4,0.0,0.0,10,below0,-0.1364,0.46,0.0,0.0,10,below0,-0.1364,0.34,0.0,0.0,10,below0
4890,-0.1364,0.28,0.0,0.0,10,below0,-0.1364,0.13,0.0,0.0,10,below0,-0.1364,0.52,0.0,0.0,10,below0,-0.1364,0.67,0.0,0.0,10,below0,-0.1364,0.31,0.0,0.0,10,below0,-0.1364,0.58,0.0,0.0,10,below0,-0.1364,0.22,0.0,0.0,10,below0,-0.1364,0.4,0.0,0.0,10,below0,-0.1364,0.46,0.0,0.0,10,below0,-0.1364,0.34,0.0,0.0,10,below0
4896,-0.1364,0.28,0.0,0.0,10,below0,-0.1364,0.13,0.0,0.0,10,below0,-0.1364,0.52,0.0,0.0,10,below0,-0.1364,0.67,0.0,0.0,10,below0,-0.1364,0.31,0.0,0.0,10,below0,-0.1364,0.58,0.0,0.0,10,below0,-0.1364,0.22,0.0,0.0,10,below0,-0.1364,0.4,0.0,0.0,10,below0,-0.1364,0.46,0.0,0.0,10,below0,-0.1364,0.34,0.0,0.0,10,below0
4902,-0.1364,0.28,0.0,0.0,10,below0,-0.1364,0.13,0.0,0.0,10,below0,-0.1364,0.52,0.0,0.0,10,below0,-0.1364,0.67,0.0,0.0,10,below0,-0.1364,0.31,0.0,0.0,10,below0,-0.1364,0.58,0.0,0.0,10,below0,-0.1364,0.22,0.0,0.0,10,below0,-0.1364,0.4,0.0,0.0,10,below0,-0.1364,0.46,0.0,0.0,10,below0,-0.1364,0.34,0.0,0.0,10,below0
4908,-0.1364,0.28,0.0,0.0,10,below0,-0.1364,0.13,0.0,0.0,10,below0,-0.1364,0.52,0.0,0.0,10,below0,-0.1364,0.67,0.0,0.0,10,below0,-0.1364,0.31,0.0,0.0,10,below0,-0.1364,0.58,0.0,0.0,10,below0,-0.1364,0.22,0.0,0.0,10,below0,-0.1364,0.4,0.0,0.0,10,below0,-0.1364,0.46,0.0,0.0,10,below0,-0.1364,0.34,0.0,0.0,10,below0
4914,-0.1364,0.28,0.0,0.0,10,below0,-0.1364,0.13,0.0,0.0,10,below0,-0.1364,0.52,0.0,0.0,10,below0,-0.1364,0.67,0.0,0.0,10,below0,-0.1364,0.31,0.0,0.0,10,below0,-0.1364,0.58,0.0,0.0,10,below0,-0.1364,0.22,0.0,0.0,10,below0,-0.1364,0.4,0.0,0.0,10,below0,-0.1364,0.46,0.0,0.0,10,below0,-0.1364,0.34,0.0,0.0,10,below0
4920,-0.1364,0.28,0.0,0.0,10,below0,-0.1364,0.13,0.0,0.0,10,below0,-0.1364,0.52,0.0,0.0,10,below0,-0.1364,0.67,0.0,0.0,10,below0,-0.1364,0.31,0.0,0.0,10,below0,-0.1364,0.58,0.0,0.0,10,below0,-0.1364,0.22,0.0,0.0,10,below0,-0.1364,0.4,0.0,0.0,10,below0,-0.1364,0.46,0.0,0.0,10,below0,-0.1364,0.34,0.0,0.0,10,below0
4926,-0.1364,0.28,0.0,0.0,10,below0,-0.1364,0.13,0.0,0.0,10,below0,-0.1364,0.52,0.0,0.0,10,below0,-0.1364,0.67,0.0,0.0,10,below0,-0.1364,0.31,0.0,0.0,10,below0,-0.1364,0.58,0.0,0.0,10,below0,-0.1364,0.22,0.0,0.0,10,below0,-0.1364,0.4,0.0,0.0,10,below0,-0.1364,0.46,0.0,0.0,10,below0,-0.1364,0.34,0.0,0.0,10,below0
4932,-0.1364,0.28,0.0,0.0,10,below0,-0.1364,0.13,0.0,0.0,10,below0,-0.1364,0.52,0.0,0.0,10,below0,-0.1364,0.67,0.0,0.0,10,below0,-0.1364,0.31,0.0,0.0,10,below0,-0.1364,0.58,0.0,0.0,10,below0,-0.1364,0.22,0.0,0.0,10,below0,-0.1364,0.4,0.0,0.0,10,below0,-0.1364,0.46,0.0,0.0,10,below0,-0.1364,0.34,0.0,0.0,10,below0
4938,-0.1364,0.28,0.0,0.0,10,below0,-0.1364,0.13,0.0,0.0,10,below0,-0.1364,0.52,0.0,0.0,10,below0,-0.1364,0.67,0.0,0.0,10,below0,-0.1364,0.31,0.0,0.0,10,below0,-0.1364,0.58,0.0,0.0,10,below0,-0.1364,0.22,0.0,0.0,10,below0,-0.1364,0.4,0.0,0.0,10,below0,-0.1364,0.46,0.0,0.0,10,below0,-0.1364,0.34,0.0,0.0,10,below0
4944,-0.1364,0.28,0.0,0.0,10,below0,-0.1364,0.13,0.0,0.0,10,below0,-0.1364,0.52,0.0,0.0,10,below0,-0.1364,0.67,0.0,0.0,10,below0,-0.1364,0.31,0.0,0.0,10,below0,-0.1364,0.58,0.0,0.0,10,below0,-0.1364,0.22,0.0,0.0,10,below0,-0.1364,0.4,0.0,0.0,10,below0,-0.1364,0.46,0.0,0.0,10,below0,-0.1364,0.34,0.0,0.0,10,below0
4950,-0.1364,0.28,0.0,0.0,10,below0,-0.1364,0.13,0.0,0.0,10,below0,-0.1364,0.52,0.0,0.0,10,below0,-0.1364,0.67,0.0,0.0,10,below0,-0.1364,0.31,0.0,0.0,10,below0,-0.1364,0.58,0.0,0.0,10,below0,-0.1364,0.22,0.0,0.0,10,below0,-0.1364,0.4,0.0,0.0,10,below0,-0.1364,0.46,0.0,0.0,10,below0,-0.1364,0.34,0.0,0.0,10,below0
4956,-0.1364,0.28,0.0,0.0,10,below0,-0.1364,0.13,0.0,0.0,10,below0,-0.1364,0.52,0.0,0.0,10,below0,-0.1364,0.67,0.0,0.0,10,below0,-0.1364,0.31,0.0,0.0,10,below0,-0.1364,0.58,0.0,0.0,10,below0,-0.1364,0.22,0.0,0.0,10,below0,-0.1364,0.4,0.0,0.0,10,below0,-0.1364,0.46,0.0,0.0,10,below0,-0.1364,0.34,0.0,0.0,10,below0
4962,-0.1364,0.28,0.0,0.0,10,below0,-0.1364,0.13,0.0,0.0,10,below0,-0.1364,0.52,0.0,0.0,10,below0,-0.1364,0.67,0.0,0.0,10,below0,-0.1364,0.31,0.0,0.0,10,below0,-0.1364,0.58,0.0,0.0,10,below0,-0.1364,0.22,0.0,0.0,10,below0,-0.1364,0.4,0.0,0.0,10,below0,-0.1364,0.46,0.0,0.0,10,below0,-0.1364,0.34,0.0,0.0,10,below0
4968,-0.1364,0.28,0.0,0.0,10,below0,-0.1364,0.13,0.0,0.0,10,below0,-0.1364,0.52,0.0,0.0,10,below0,-0.1364,0.67,0.0,0.0,10,below0,-0.1364,0.31,0.0,0.0,10,below0,-0.1364,0.58,0.0,0.0,10,below0,-0.1364,0.22,0.0,0.0,10,below0,-0.1364,0.4,0.0,0.0,10,below0,-0.1364,0.46,0.0,0.0,10,below0,-0.1364,0.34,0.0,0.0,10,below0
4974,-0.1364,0.28,0.0,0.0,10,below0,-0.1364,0.13,0.0,0.0,10,below0,-0.1364,0.52,0.0,0.0,10,below0,-0.1364,0.67,0.0,0.0,10,below0,-0.1364,0.31,0.0,0.0,10,below0,-0.1364,0.58,0.0,0.0,10,below0,-0.1364,0.22,0.0,0.0,10,below0,-0.1364,0.4,0.0,0.0,10,below0,-0.1364,0.46,0.0,0.0,10,below0,-0.1364,0.34,0.0,0.0,10,below0
4980,-0.1364,0.28,0.0,0.0,10,below0,-0.1364,0.13,0.0,0.0,10,below0,-0.1364,0.52,0.0,0.0,10,below0,-0.1364,0.67,0.0,0.0,10,below0,-0.1364,0.31,0.0,0.0,10,below0,-0.1364,0.58,0.0,0.0,10,below0,-0.1364,0.22,0.0,0.0,10,below0,-0.1364,0.4,0.0,0.0,10,below0,-0.1364,0.46,0.0,0.0,10,below0,-0.1364,0.34,0.0,0.0,10,below0
4986,-0.1364,0.28,0.0,0.0,10,below0,-0.1364,0.13,0.0,0.0,10,below0,-0.1364,0.52,0.0,0.0,10,below0,-0.1364,0.67,0.0,0.0,10,below0,-0.1364,0.31,0.0,0.0,10,below0,-0.1364,0.58,0.0,0.0,10,below0,-0.1364,0.22,0.0,0.0,10,below0,-0.1364,0.4,0.0,0.0,10,below0,-0.1364,0.46,0.0,0.0,10,below0,-0.1364,0.34,0.0,0.0,10,below0
4992,-0.1364,0.28,0.0,0.0,10,below0,-0.1364,0.13,0.0,0.0,10,below0,-0.1364,0.52,0.0,0.0,10,below0,-0.1364,0.67,0.0,0.0,10,below0,-0.1364,0.31,0.0,0.0,10,below0,-0.1364,0.58,0.0,0.0,10,below0,-0.1364,0.22,0.0,0.0,10,below0,-0.1364,0.4,0.0,0.0,10,below0,-0.1364,0.46,0.0,0.0,10,below0,-0.1364,0.34,0.0,0.0,10,below0
4998,-0.1364,0.28,0.0,0.0,10,below0,-0.1364,0.13,0.0,0.0,10,below0,-0.1364,0.52,0.0,0.0,10,below0,-0.1364,0.67,0.0,0.0,10,below0,-0.1364,0.31,0.0,0.0,10,below0,-0.1364,0.58,0.0,0.0,10,below0,-0.1364,0.22,0.0,0.0,10,below0,-0.1364,0.4,0.0,0.0,10,below0,-0.1364,0.46,0.0,0.0,10,below0,-0.1364,0.34,0.0,0.0,10,below0
5004,-0.1364,0.28,0.0,0.0,10,below0,-0.1364,0.13,0.0,0.0,10,below0,-0.1364,0.52,0.0,0.0,10,below0,-0.1364,0.67,0.0,0.0,10,below0,-0.1364,0.31,0.0,0.0,10,below0,-0.1364,0.58,0.0,0.0,10,below0,-0.1364,0.22,0.0,0.0,10,below0,-0.1364,0.4,0.0,0.0,10,below0,-0.1364,0.46,0.0,0.0,10,below0,-0.1364,0.34,0.0,0.0,10,below0
5010,-0.1364,0.28,0.0,0.0,10,below0,-0.1364,0.13,0.0,0.0,10,below0,-0.1364,0.52,0.0,0.0,10,below0,-0.1364,0.67,0.0,0.0,10,below0,-0.1364,0.31,0.0,0.0,10,below0,-0.1364,0.58,0.0,0.0,10,below0,-0.1364,0.22,0.0,0.0,10,below0,-0.1364,0.4,0.0,0.0,10,below0,-0.1364,0.46,0.0,0.0,10,below0,-0.1364,0.34,0.0,0.0,10,below0
5016,-0.1364,0.28,0.0,0.0,10,below0,-0.1364,0.13,0.0,0.0,10,below0,-0.1364,0.52,0.0,0.0,10,below0,-0.1364,0.67,0.0,0.0,10,below0,-0.1364,0.31,0.0,0.0,10,below0,-0.1364,0.58,0.0,0.0,10,below0,-0.1364,0.22,0.0,0.0,10,below0,-0.1364,0.4,0.0,0.0,10,below0,-0.1364,0.46,0.0,0.0,10,below0,-0.1364,0.34,0.0,0.0,10,below0
5022,-0.1364,0.28,0.0,0.0,10,below0,-0.1364,0.13,0.0,0.0,10,below0,-0.1364,0.52,0.0,0.0,10,below0,-0.1364,0.67,0.0,0.0,10,below0,-0.1364,0.31,0.0,0.0,10,below0,-0.1364,0.58,0.0,0.0,10,below0,-0.1364,0.22,0.0,0.0,10,below0,-0.1364,0.4,0.0,0.0,10,below0,-0.1364,0.46,0.0,0.0,10,below0,-0.1364,0.34,0.0,0.0,10,below0
5028,-0.1364,0.28,0.0,0.0,10,below0,-0.1364,0.13,0.0,0.0,10,below0,-0.1364,0.52,0.0,0.0,10,below0,-0.1364,0.67,0.0,0.0,10,below0,-0.1364,0.31,0.0,0.0,10,below0,-0.1364,0.58,0.0,0.0,10,below0,-0.1364,0.22,0.0,0.0,10,below0,-0.1364,0.4,0.0,0.0,10,below0,-0.1364,0.46,0.0,0.0,10,below0,-0.1364,0.34,0.0,0.0,10,below0
5034,-0.1364,0.28,0.0,0.0,10,below0,-0.1364,0.13,0.0,0.0,10,below0,-0.1364,0.52,0.0,0.0,10,below0,-0.1364,0.67,0.0,0.0,10,below0,-0.1364,0.31,0.0,0.0,10,below0,-0.1364,0.58,0.0,0.0,10,below0,-0.1364,0.22,0.0,0.0,10,below0,-0.1364,0.4,0.0,0.0,10,below0,-0.1364,0.46,0.0,0.0,10,below0,-0.1364,0.34,0.0,0.0,10,below0
5040,-0.1364,0.58,0.0,0.0,10,below0,-0.1364,0.13,0.0,0.0,10,below0,-0.1364,0.52,0.0,0.0,10,below0,-0.1364,0.67,0.0,0.0,10,below0,-0.1364,0.49,0.0,0.0,10,below0,-0.1364,0.82,0.0,0.0,10,below0,-0.1364,0.22,0.0,0.0,10,below0,-0.1364,0.31,0.0,0.0,10,below0,-0.1364,0.46,0.0,0.0,10,below0,-0.1364,0.34,0.0,0.0,10,below0
5046,-0.1364,0.58,0.0,0.0,10,below0,-0.1364,0.13,0.0,0.0,10,below0,-0.1364,0.52,0.0,0.0,10,below0,-0.1364,0.67,0.0,0.0,10,below0,-0.1364,0.49,0.0,0.0,10,below0,-0.1364,0.82,0.0,0.0,10,below0,-0.1364,0.22,0.0,0.0,10,below0,-0.1364,0.31,0.0,0.0,10,below0,-0.1364,0.46,0.0,0.0,10,below0,-0.1364,0.34,0.0,0.0,10,below0
5052,-0.1364,0.58,0.0,0.0,10,below0,-0.1364,0.13,0.0,0.0,10,below0,-0.1364,0.52,0.0,0.0,10,below0,-0.1364,0.67,0.0,0.0,10,below0,-0.1364,0.49,0.0,0.0,10,below0,-0.1364,0.82,0.0,0.0,10,below0,-0.1364,0.22,0.0,0.0,10,below0,-0.1364,0.31,0.0,0.0,10,below0,-0.1364,0.46,0.0,0.0,10,below0,-0.1364,0.34,0.0,0.0,10,below0
5058,-0.1364,0.58,0.0,0.0,10,below0,-0.1364,0.13,0.0,0.0,10,below0,-0.1364,0.52,0.0,0.0,10,below0,-0.1364,0.67,0.0,0.0,10,below0,-0.1364,0.49,0.0,0.0,10,below0,-0.1364,0.82,0.0,0.0,10,below0,-0.1364,0.22,0.0,0.0,10,below0,-0.1364,0.31,0.0,0.0,10,below0,-0.1364,0.46,0.0,0.0,10,below0,-0.1364,0.34,0.0,0.0,10,below0
5064,-0.1364,0.58,0.0,0.0,10,below0,-0.1364,0.13,0.0,0.0,10,below0,-0.1364,0.52,0.0,0.0,10,below0,-0.1364,0.67,0.0,0.0,10,below0,-0.1364,0.49,0.0,0.0,10,below0,-0.1364,0.82,0.0,0.0,10,below0,-0.1364,0.22,0.0,0.0,10,below0,-0.1364,0.31,0.0,0.0,10,below0,-0.1364,0.46,0.0,0.0,10,below0,-0.1364,0.34,0.0,0.0,10,below0
5070,-0.1364,0.58,0.0,0.0,10,below0,-0.1364,0.13,0.0,0.0,10,below0,-0.1364,0.52,0.0,0.0,10,below0,-0.1364,0.67,0.0,0.0,10,below0,-0.1364,0.49,0.0,0.0,10,below0,-0.1364,0.82,0.0,0.0,10,below0,-0.1364,0.22,0.0,0.0,10,below0,-0.1364,0.31,0.0,0.0,10,below0,-0.1364,0.46,0.0,0.0,10,below0,-0.1364,0.34,0.0,0.0,10,below0
5076,-0.1364,0.58,0.0,0.0,10,below0,-0.1364,0.13,0.0,0.0,10,below0,-0.1364,0.52,0.0,0.0,10,below0,-0.1364,0.67,0.0,0.0,10,below0,-0.1364,0.49,0.0,0.0,10,below0,-0.1364,0.82,0.0,0.0,10,below0,-0.1364,0.22,0.0,0.0,10,below0,-0.1364,0.31,0.0,0.0,10,below0,-0.1364,0.46,0.0,0.0,10,below0,-0.1364,0.34,0.0,0.0,10,below0
5082,-0.1364,0.58,0.0,0.0,10,below0,-0.1364,0.13,0.0,0.0,10,below0,-0.1364,0.52,0.0,0.0,10,below0,-0.1364,0.67,0.0,0.0,10,below0,-0.1364,0.49,0.0,0.0,10,below0,-0.1364,0.82,0.0,0.0,10,below0,-0.1364,0.22,0.0,0.0,10,below0,-0.1364,0.31,0.0,0.0,10,below0,-0.1364,0.46,0.0,0.0,10,below0,-0.1364,0.34,0.0,0.0,10,below0
5088,-0.1364,0.58,0.0,0.0,10,below0,-0.1364,0.13,0.0,0.0,10,below0,-0.1364,0.52,0.0,0.0,10,below0,-0.1364,0.67,0.0,0.0,10,below0,-0.1364,0.49,0.0,0.0,10,below0,-0.1364,0.82,0.0,0.0,10,below0,-0.1364,0.22,0.0,0.0,10,below0,-0.1364,0.31,0.0,0.0,10,below0,-0.1364,0.46,0.0,0.0,10,below0,-0.1364,0.34,0.0,0.0,10,below0
5094,-0.1364,0.58,0.0,0.0,10,below0,-0.1364,0.13,0.0,0.0,10,below0,-0.1364,0.52,0.0,0.0,10,below0,-0.1364,0.67,0.0,0.0,10,below0,-0.1364,0.49,0.0,0.0,10,below0,-0.1364,0.82,0.0,0.0,10,below0,-0.1364,0.22,0.0,0.0,10,below0,-0.1364,0.31,0.0,0.0,10,below0,-0.1364,0.46,0.0,0.0,10,below0,-0.1364,0.34,0.0,0.0,10,below0
5100,-0.1364,0.58,0.0,0.0,10,below0,-0.1364,0.13,0.0,0.0,10,below0,-0.1364,0.52,0.0,0.0,10,below0,-0.1364,0.67,0.0,0.0,10,below0,-0.1364,0.49,0.0,0.0,10,below0,-0.1364,0.82,0.0,0.0,10,below0,-0.1364,0.22,0.0,0.0,10,below0,-0.1364,0.31,0.0,0.0,10,below0,-0.1364,0.46,0.0,0.0,10,below0,-0.1364,0.34,0.0,0.0,10,below0
5106,-0.1364,0.58,0.0,0.0,10,below0,-0.1364,0.13,0.0,0.0,10,below0,-0.1364,0.52,0.0,0.0,10,below0,-0.1364,0.67,0.0,0.0,10,below0,-0.1364,0.49,0.0,0.0,10,below0,-0.1364,0.82,0.0,0.0,10,below0,-0.1364,0.22,0.0,0.0,10,below0,-0.1364,0.31,0.0,0.0,10,below0,-0.1364,0.46,0.0,0.0,10,below0,-0.1364,0.34,0.0,0.0,10,below0
5112,-0.1364,0.58,0.0,0.0,10,below0,-0.1364,0.13,0.0,0.0,10,below0,-0.1364,0.52,0.0,0.0,10,below0,-0.1364,0.67,0.0,0.0,10,below0,-0.1364,0.49,0.0,0.0,10,below0,-0.1364,0.82,0.0,0.0,10,below0,-0.1364,0.22,0.0,0.0,10,below0,-0.1364,0.31,0.0,0.0,10,below0,-0.1364,0.46,0.0,0.0,10,below0,-0.1364,0.34,0.0,0.0,10,below0
5118,-0.1364,0.58,0.0,0.0,10,below0,-0.1364,0.13,0.0,0.0,10,below0,-0.1364,0.52,0.0,0.0,10,below0,-0.1364,0.67,0.0,0.0,10,below0,-0.1364,0.49,0.0,0.0,10,below0,-0.1364,0.82,0.0,0.0,10,below0,-0.1364,0.22,0.0,0.0,10,below0,-0.1364,0.31,0.0,0.0,10,below0,-0.1364,0.46,0.0,0.0,10,below0,-0.1364,0.34,0.0,0.0,10,below0
5124,-0.1364,0.58,0.0,0.0,10,below0,-0.1364,0.13,0.0,0.0,10,below0,-0.1364,0.52,0.0,0.0,10,below0,-0.1364,0.67,0.0,0.0,10,below0,-0.1364,0.49,0.0,0.0,10,below0,-0.1364,0.82,0.0,0.0,10,below0,-0.1364,0.22,0.0,0.0,10,below0,-0.1364,0.31,0.0,0.0,10,below0,-0.1364,0.46,0.0,0.0,10,below0,-0.1364,0.34,0.0,0.0,10,below0
5130,-0.1364,0.58,0.0,0.0,10,below0,-0.1364,0.13,0.0,0.0,10,below0,-0.1364,0.52,0.0,0.0,10,below0,-0.1364,0.67,0.0,0.0,10,below0,-0.1364,0.49,0.0,0.0,10,below0,-0.1364,0.82,0.0,0.0,10,below0,-0.1364,0.22,0.0,0.0,10,below0,-0.1364,0.31,0.0,0.0,10,below0,-0.1364,0.46,0.0,0.0,10,below0,-0.1364,0.34,0.0,0.0,10,below0
5136,-0.1364,0.58,0.0,0.0,10,below0,-0.1364,0.13,0.0,0.0,10,below0,-0.1364,0.52,0.0,0.0,10,below0,-0.1364,0.67,0.0,0.0,10,below0,-0.1364,0.49,0.0,0.0,10,below0,-0.1364,0.82,0.0,0.0,10,below0,-0.1364,0.22,0.0,0.0,10,below0,-0.1364,0.31,0.0,0.0,10,below0,-0.1364,0.46,0.0,0.0,10,below0,-0.1364,0.34,0.0,0.0,10,below0
5142,-0.1364,0.58,0.0,0.0,10,below0,-0.1364,0.13,0.0,0.0,10,below0,-0.1364,0.52,0.0,0.0,10,below0,-0.1364,0.67,0.0,0.0,10,below0,-0.1364,0.49,0.0,0.0,10,below0,-0.1364,0.82,0.0,0.0,10,below0,-0.1364,0.22,0.0,0.0,10,below0,-0.1364,0.31,0.0,0.0,10,below0,-0.1364,0.46,0.0,0.0,10,below0,-0.1364,0.34,0.0,0.0,10,below0
5148,-0.1364,0.58,0.0,0.0,10,below0,-0.1364,0.13,0.0,0.0,10,below0,-0.1364,0.52,0.0,0.0,10,below0,-0.1364,0.67,0.0,0.0,10,below0,-0.1364,0.49,0.0,0.0,10,below0,-0.1364,0.82,0.0,0.0,10,below0,-0.1364,0.22,0.0,0.0,10,below0,-0.1364,0.31,0.0,0.0,10,below0,-0.1364,0.46,0.0,0.0,10,below0,-0.1364,0.34,0.0,0.0,10,below0
5154,-0.1364,0.58,0.0,0.0,10,below0,-0.1364,0.13,0.0,0.0,10,below0,-0.1364,0.52,0.0,0.0,10,below0,-0.1364,0.67,0.0,0.0,10,below0,-0.1364,0.49,0.0,0.0,10,below0,-0.1364,0.82,0.0,0.0,10,below0,-0.1364,0.22,0.0,0.0,10,below0,-0.1364,0.31,0.0,0.0,10,below0,-0.1364,0.46,0.0,0.0,10,below0,-0.1364,0.34,0.0,0.0,10,below0
5160,-0.1364,0.58,0.0,0.0,10,below0,-0.1364,0.13,0.0,0.0,10,below0,-0.1364,0.52,0.0,0.0,10,below0,-0.1364,0.67,0.0,0.0,10,below0,-0.1364,0.49,0.0,0.0,10,below0,-0.1364,0.82,0.0,0.0,10,below0,-0.1364,0.22,0.0,0.0,10,below0,-0.1364,0.31,0.0,0.0,10,below0,-0.1364,0.46,0.0,0.0,10,below0,-0.1364,0.34,0.0,0.0,10,below0
5166,-0.1364,0.58,0.0,0.0,10,below0,-0.1364,0.13,0.0,0.0,10,below0,-0.1364,0.52,0.0,0.0,10,below0,-0.1364,0.67,0.0,0.0,10,below0,-0.1364,0.49,0.0,0.0,10,below0,-0.1364,0.82,0.0,0.0,10,below0,-0.1364,0.22,0.0,0.0,10,below0,-0.1364,0.31,0.0,0.0,10,below0,-0.1364,0.46,0.0,0.0,10,below0,-0.1364,0.34,0.0,0.0,10,below0
5172,-0.1364,0.58,0.0,0.0,10,below0,-0.1364,0.13,0.0,0.0,10,below0,-0.1364,0.52,0.0,0.0,10,below0,-0.1364,0.67,0.0,0.0,10,below0,-0.1364,0.49,0.0,0.0,10,below0,-0.1364,0.82,0.0,0.0,10,below0,-0.1364,0.22,0.0,0.0,10,below0,-0.1364,0.31,0.0,0.0,10,below0,-0.1364,0.46,0.0,0.0,10,below0,-0.1364,0.34,0.0,0.0,10,below0
5178,-0.1364,0.58,0.0,0.0,10,below0,-0.1364,0.13,0.0,0.0,10,below0,-0.1364,0.52,0.0,0.0,10,below0,-0.1364,0.67,0.0,0.0,10,below0,-0.1364,0.49,0.0,0.0,10,below0,-0.1364,0.82,0.0,0.0,10,below0,-0.1364,0.22,0.0,0.0,10,below0,-0.1364,0.31,0.0,0.0,10,below0,-0.1364,0.46,0.0,0.0,10,below0,-0.1364,0.34,0.0,0.0,10,below0
5184,-0.1364,0.58,0.0,0.0,10,below0,-0.1364,0.13,0.0,0.0,10,below0,-0.1364,0.52,0.0,0.0,10,below0,-0.1364,0.67,0.0,0.0,10,below0,-0.1364,0.49,0.0,0.0,10,below0,-0.1364,0.82,0.0,0.0,10,below0,-0.1364,0.22,0.0,0.0,10,below0,-0.1364,0.31,0.0,0.0,10,below0,-0.1364,0.46,0.0,0.0,10,below0,-0.1364,0.34,0.0,0.0,10,below0
5190,-0.1364,0.58,0.0,0.0,10,below0,-0.1364,0.13,0.0,0.0,10,below0,-0.1364,0.52,0.0,0.0,10,below0,-0.1364,0.67,0.0,0.0,10,below0,-0.1364,0.49,0.0,0.0,10,below0,-0.1364,0.82,0.0,0.0,10,below0,-0.1364,0.22,0.0,0.0,10,below0,-0.1364,0.31,0.0,0.0,10,below0,-0.1364,0.46,0.0,0.0,10,below0,-0.1364,0.34,0.0,0.0,10,below0
5196,-0.1364,0.58,0.0,0.0,10,below0,-0.1364,0.13,0.0,0.0,10,below0,-0.1364,0.52,0.0,0.0,10,below0,-0.1364,0.67,0.0,0.0,10,below0,-0.1364,0.49,0.0,0.0,10,below0,-0.1364,0.82,0.0,0.0,10,below0,-0.1364,0.22,0.0,0.0,10,below0,-0.1364,0.31,0.0,0.0,10,below0,-0.1364,0.46,0.0,0.0,10,below0,-0.1364,0.34,0.0,0.0,10,below0
5202,-0.1364,0.58,0.0,0.0,10,below0,-0.1364,0.13,0.0,0.0,10,below0,-0.1364,0.52,0.0,0.0,10,below0,-0.1364,0.67,0.0,0.0,10,below0,-0.1364,0.49,0.0,0.0,10,below0,-0.1364,0.82,0.0,0.0,10,below0,-0.1364,0.22,0.0,0.0,10,below0,-0.1364,0.31,0.0,0.0,10,below0,-0.1364,0.46,0.0,0.0,10,below0,-0.1364,0.34,0.0,0.0,10,below0
5208,-0.1364,0.58,0.0,0.0,10,below0,-0.1364,0.13,0.0,0.0,10,below0,-0.1364,0.52,0.0,0.0,10,below0,-0.1364,0.67,0.0,0.0,10,below0,-0.1364,0.49,0.0,0.0,10,below0,-0.1364,0.82,0.0,0.0,10,below0,-0.1364,0.22,0.0,0.0,10,below0,-0.1364,0.31,0.0,0.0,10,below0,-0.1364,0.46,0.0,0.0,10,below0,-0.1364,0.34,0.0,0.0,10,below0
5214,-0.1364,0.58,0.0,0.0,10,below0,-0.1364,0.13,0.0,0.0,10,below0,-0.1364,0.52,0.0,0.0,10,below0,-0.1364,0.67,0.0,0.0,10,below0,-0.1364,0.49,0.0,0.0,10,below0,-0.1364,0.82,0.0,0.0,10,below0,-0.1364,0.22,0.0,0.0,10,below0,-0.1364,0.31,0.0,0.0,10,below0,-0.1364,0.46,0.0,0.0,10,below0,-0.1364,0.34,0.0,0.0,10,below0
5220,-0.1364,0.58,0.0,0.0,10,below0,-0.1364,0.13,0.0,0.0,10,below0,-0.1364,0.52,0.0,0.0,10,below0,-0.1364,0.67,0.0,0.0,10,below0,-0.1364,0.49,0.0,0.0,10,below0,-0.1364,0.82,0.0,0.0,10,below0,-0.1364,0.22,0.0,0.0,10,below0,-0.1364,0.31,0.0,0.0,10,below0,-0.1364,0.46,0.0,0.0,10,below0,-0.1364,0.34,0.0,0.0,10,below0
5226,-0.1364,0.58,0.0,0.0,10,below0,-0.1364,0.13,0.0,0.0,10,below0,-0.1364,0.52,0.0,0.0,10,below0,-0.1364,0.67,0.0,0.0,10,below0,-0.1364,0.49,0.0,0.0,10,below0,-0.1364,0.82,0.0,0.0,10,below0,-0.1364,0.22,0.0,0.0,10,below0,-0.1364,0.31,0.0,0.0,10,below0,-0.1364,0.46,0.0,0.0,10,below0,-0.1364,0.34,0.0,0.0,10,below0
5232,-0.1364,0.58,0.0,0.0,10,below0,-0.1364,0.13,0.0,0.0,10,below0,-0.1364,0.52,0.0,0.0,10,below0,-0.1364,0.67,0.0,0.0,10,below0,-0.1364,0.49,0.0,0.0,10,below0,-0.1364,0.82,0.0,0.0,10,below0,-0.1364,0.22,0.0,0.0,10,below0,-0.1364,0.31,0.0,0.0,10,below0,-0.1364,0.46,0.0,0.0,10,below0,-0.1364,0.34,0.0,0.0,10,below0
                                                                                                                                                                                                                                                                                                                            