src_host,dst_host,avg_rtt_ms,packet_loss_pct
h1,h2,102.564,0
h1,h3,104.307,0
h1,h4,105.382,0
h1,h5,112.516,0
h1,h6,96.068,0
h1,h7,97.310,0
h1,h8,97.220,0
h1,h9,98.230,0
h1,h10,100.860,0
h1,h11,107.264,0
h1,h12,114.212,0
h1,h13,97.038,0
h1,h14,107.901,0
h1,h15,99.093,0
h1,h16,103.971,0
h1,h17,104.966,0
h1,h18,101.611,0
h1,h19,100.187,0
h1,h20,102.059,0
h1,h21,106.946,0
h1,h22,101.868,0
h1,h23,105.594,0
h1,h24,102.258,0
h1,h25,101.140,0
h1,h26,98.188,0
h1,h27,104.663,0
h1,h28,104.821,0
h1,h29,108.899,0
h1,h30,111.301,0
h1,h31,96.628,0
h1,h32,109.580,0
h1,h33,113.713,0
h1,h34,105.129,0
h1,h35,103.510,0
h1,h36,98.451,0
h1,h37,96.824,0
h1,h38,98.983,0
h1,h39,102.881,0
h1,h2,100.029,0
h1,h3,102.670,0
h1,h4,102.672,0
h1,h5,89.471,0
h1,h6,104.332,0
h1,h7,100.021,0
h1,h8,100.356,0
h1,h9,99.854,0
h1,h10,94.664,0
h1,h11,96.971,0
h1,h12,93.795,0
h1,h13,100.390,0
h1,h14,96.963,0
h1,h15,98.798,0
h1,h16,96.414,0
h1,h17,92.098,0
h1,h18,92.601,0
h1,h19,101.363,0
h1,h20,97.993,0
h1,h21,105.638,0
h1,h22,97.204,0
h1,h23,97.884,0
h1,h24,98.003,0
h1,h25,96.539,0
h1,h26,94.204,0
h1,h27,107.852,0
h1,h28,98.171,0
h1,h29,102.540,0
h1,h30,91.346,0
h1,h31,97.590,0
h1,h32,98.869,0
h1,h33,94.299,0
h1,h34,99.000,0
h1,h35,90.423,0
h1,h36,97.601,0
h1,h37,100.869,0
h1,h38,96.985,0
h1,h39,93.621,0
h1,h2,96.457,0
h1,h3,108.175,0
h1,h4,104.301,0
h1,h5,98.793,0
h1,h6,96.983,0
h1,h7,94.595,0
h1,h8,91.099,0
h1,h9,94.139,0
h1,h10,93.226,0
h1,h11,94.530,0
h1,h12,95.624,0
h1,h13,93.076,0
h1,h14,94.042,0
h1,h15,100.170,0
h1,h16,99.890,0
h1,h17,96.018,0
h1,h18,96.807,0
h1,h19,90.376,0
h1,h20,94.448,0
h1,h21,95.253,0
h1,h22,94.213,0
h1,h23,92.181,0
h1,h24,93.797,0
h1,h25,89.795,0
h1,h26,93.657,0
h1,h27,92.471,0
h1,h28,91.643,0
h1,h29,92.165,0
h1,h30,88.831,0
h1,h31,97.583,0
h1,h32,91.253,0
h1,h33,98.799,0
h1,h34,101.619,0
h1,h35,96.211,0
h1,h36,96.194,0
h1,h37,95.349,0
h1,h38,91.096,0
h1,h39,95.243,0
h1,h2,94.894,0
h1,h3,93.710,0
h1,h4,100.981,0
h1,h5,107.372,0
h1,h6,117.256,0
h1,h7,113.786,0
h1,h8,123.225,0
h1,h9,134.927,0
h1,h10,106.318,0
h1,h11,100.718,0
h1,h12,107.868,0
h1,h13,108.311,0
h1,h14,97.042,0
h1,h15,105.413,0
h1,h16,101.894,0
h1,h17,99.071,0
h1,h18,98.308,0
h1,h19,94.859,0
h1,h20,109.987,0
h1,h21,96.200,0
h1,h22,105.117,0
h1,h23,100.487,0
h1,h24,110.467,0
h1,h25,114.574,0
h1,h26,127.062,0
h1,h27,108.827,0
h1,h28,102.334,0
h1,h29,105.686,0
h1,h30,107.763,0
h1,h31,97.251,0
h1,h32,108.976,0
h1,h33,104.948,0
h1,h34,114.869,0
h1,h35,101.785,0
h1,h36,112.311,0
h1,h37,99.321,0
h1,h38,99.771,0
h1,h39,104.514,0
h1,h2,99.660,0
h1,h3,97.178,0
h1,h4,99.545,0
h1,h5,105.032,0
h1,h6,102.802,0
h1,h7,102.513,0
h1,h8,93.727,0
h1,h9,95.812,0
h1,h10,102.831,0
h1,h11,97.418,0
h1,h12,90.000,0
h1,h13,98.176,0
h1,h14,100.360,0
h1,h15,97.955,0
h1,h16,96.699,0
h1,h17,94.502,0
h1,h18,91.691,0
h1,h19,114.613,0
h1,h20,107.074,0
h1,h21,101.276,0
h1,h22,99.947,0
h1,h23,103.752,0
h1,h24,113.585,0
h1,h25,104.671,0
h1,h26,90.171,0
h1,h27,102.039,0
h1,h28,99.982,0
h1,h29,96.076,0
h1,h30,154.347,0
h1,h31,99.989,0
h1,h32,98.421,0
h1,h33,102.246,0
h1,h34,95.211,0
h1,h35,98.324,0
h1,h36,100.218,0
h1,h37,99.881,0
h1,h38,101.509,0
h1,h39,100.222,0
h1,h2,94.930,0
h1,h3,92.018,0
h1,h4,99.038,0
h1,h5,95.856,0
h1,h6,90.955,0
h1,h7,98.702,0
h1,h8,105.623,0
h1,h9,96.698,0
h1,h10,101.599,0
h1,h11,96.574,0
h1,h12,101.295,0
h1,h13,94.798,0
h1,h14,94.934,0
h1,h15,99.182,0
h1,h16,96.084,0
h1,h17,93.404,0
h1,h18,98.479,0
h1,h19,99.823,0
h1,h20,91.357,0
h1,h21,97.543,0
h1,h22,101.406,0
h1,h23,108.634,0
h1,h24,95.527,0
h1,h25,110.320,0
h1,h26,107.780,0
h1,h27,100.547,0
h1,h28,95.564,0
h1,h29,100.711,0
h1,h30,103.794,0
h1,h31,100.548,0
h1,h32,93.918,0
h1,h33,100.144,0
h1,h34,92.610,0
h1,h35,101.327,0
h1,h36,107.291,0
h1,h37,99.000,0
h1,h38,99.875,0
h1,h39,103.019,0
h1,h2,97.685,0
h1,h3,105.931,0
h1,h4,99.801,0
h1,h5,94.665,0
h1,h6,97.546,0
h1,h7,102.378,0
h1,h8,99.116,0
h1,h9,95.327,0
h1,h10,98.815,0
h1,h11,98.084,0
h1,h12,94.239,0
h1,h13,102.474,0
h1,h14,96.404,0
h1,h15,96.276,0
h1,h16,98.544,0
h1,h17,104.956,0
h1,h18,96.332,0
h1,h19,92.987,0
h1,h20,98.983,0
h1,h21,90.707,0
h1,h22,97.698,0
h1,h23,101.035,0
h1,h24,102.757,0
h1,h25,97.180,0
h1,h26,93.360,0
h1,h27,97.286,0
h1,h28,93.762,0
h1,h29,95.236,0
h1,h30,145.435,0
h1,h31,121.794,0
h1,h32,118.135,0
h1,h33,157.658,0
h1,h34,103.660,0
h1,h35,97.661,0
h1,h36,116.952,0
h1,h37,100.157,0
h1,h38,103.493,0
h1,h39,103.834,0
h1,h2,102.702,0
h1,h3,114.355,0
h1,h4,116.456,0
h1,h5,111.028,0
h1,h6,105.918,0
h1,h7,94.652,0
h1,h8,109.112,0
h1,h9,98.739,0
h1,h10,102.071,0
h1,h11,91.782,0
h1,h12,107.987,0
h1,h13,94.694,0
h1,h14,109.204,0
h1,h15,96.543,0
h1,h16,107.170,0
h1,h17,104.179,0
h1,h18,105.001,0
h1,h19,97.469,0
h1,h20,103.820,0
h1,h21,99.905,0
h1,h22,97.024,0
h1,h23,100.904,0
h1,h24,109.126,0
h1,h25,99.641,0
h1,h26,91.286,0
h1,h27,100.346,0
h1,h28,91.322,0
h1,h29,93.505,0
h1,h30,92.887,0
h1,h31,105.300,0
h1,h32,93.248,0
h1,h33,110.050,0
h1,h34,95.934,0
h1,h35,101.111,0
h1,h36,102.938,0
h1,h37,107.590,0
h1,h38,100.367,0
h1,h39,101.510,0
h1,h2,96.044,0
h1,h3,101.428,0
h1,h4,97.254,0
h1,h5,104.101,0
h1,h6,99.693,0
h1,h7,98.666,0
h1,h8,121.520,0
h1,h9,95.779,0
h1,h10,98.260,0
h1,h11,101.878,0
h1,h12,103.834,0
h1,h13,104.483,0
h1,h14,103.940,0
h1,h15,105.585,0
h1,h16,94.430,0
h1,h17,101.873,0
h1,h18,100.163,0
h1,h19,103.779,0
h1,h20,103.497,0
h1,h21,95.870,0
h1,h22,102.142,0
h1,h23,95.670,0
h1,h24,109.576,0
h1,h25,93.588,0
h1,h26,106.706,0
h1,h27,97.623,0
h1,h28,98.025,0
h1,h29,108.403,0
h1,h30,93.144,0
h1,h31,98.603,0
h1,h32,91.645,0
h1,h33,102.898,0
h1,h34,91.933,0
h1,h35,100.415,0
h1,h36,94.437,0
h1,h37,101.008,0
h1,h38,94.593,0
h1,h39,101.717,0
h1,h2,101.901,0
h1,h3,102.129,0
h1,h4,93.936,0
h1,h5,104.350,0
h1,h6,94.221,0
h1,h7,101.137,0
h1,h8,94.301,0
h1,h9,99.654,0
h1,h10,95.905,0
h1,h11,94.776,0
h1,h12,95.919,0
h1,h13,97.859,0
h1,h14,98.905,0
h1,h15,97.022,0
h1,h16,94.048,0
h1,h17,96.226,0
h1,h18,99.305,0
h1,h19,92.430,0
h1,h20,97.232,0
h1,h21,93.330,0
h1,h22,93.089,0
h1,h23,91.718,0
h1,h24,94.217,0
h1,h25,95.917,0
h1,h26,99.825,0
h1,h27,92.996,0
h1,h28,96.763,0
h1,h29,95.937,0
h1,h30,93.206,0
h1,h31,95.385,0
h1,h32,95.870,0
h1,h33,93.764,0
h1,h34,97.541,0
h1,h35,92.937,0
h1,h36,96.017,0
h1,h37,95.722,0
h1,h38,92.581,0
h1,h39,92.220,0
h1,h2,99.033,0
h1,h3,94.822,0
h1,h4,90.834,0
h1,h5,94.907,0
h1,h6,93.605,0
h1,h7,96.294,0
h1,h8,98.154,0
h1,h9,101.486,0
h1,h10,102.921,0
h1,h11,110.556,0
h1,h12,94.498,0
h1,h13,95.233,0
h1,h14,96.603,0
h1,h15,94.793,0
h1,h16,95.532,0
h1,h17,93.204,0
h1,h18,101.262,0
h1,h19,99.818,0
h1,h20,92.582,0
h1,h21,97.238,0
h1,h22,91.441,0
h1,h23,95.819,0
h1,h24,93.566,0
h1,h25,93.502,0
h1,h26,93.810,0
h1,h27,95.599,0
h1,h28,90.413,0
h1,h29,97.096,0
h1,h30,124.792,0
h1,h31,122.196,0
h1,h32,95.603,0
h1,h33,129.271,0
h1,h34,119.590,0
h1,h35,110.971,0
h1,h36,110.966,0
h1,h37,112.952,0
h1,h38,104.269,0
h1,h39,97.895,0
h1,h2,103.888,0
h1,h3,103.082,0
h1,h4,113.479,0
h1,h5,105.261,0
h1,h6,104.128,0
h1,h7,103.423,0
h1,h8,103.920,0
h1,h9,101.021,0
h1,h10,106.206,0
h1,h11,111.408,0
h1,h12,107.003,0
h1,h13,112.933,0
h1,h14,110.308,0
h1,h15,104.175,0
h1,h16,108.094,0
h1,h17,92.326,0
h1,h18,102.764,0
h1,h19,128.028,0
h1,h20,107.356,0
h1,h21,109.763,0
h1,h22,106.794,0
h1,h23,105.681,0
h1,h24,126.177,0
h1,h25,108.135,0
h1,h26,93.305,0
h1,h27,119.065,0
h1,h28,114.612,0
h1,h29,97.041,0
h1,h30,114.520,0
h1,h31,109.807,0
h1,h32,112.466,0
h1,h33,106.177,0
h1,h34,93.991,0
h1,h35,103.723,0
h1,h36,104.061,0
h1,h37,101.686,0
h1,h38,104.896,0
h1,h39,107.414,0
h1,h2,98.463,0
h1,h3,100.890,0
h1,h4,98.770,0
h1,h5,95.986,0
h1,h6,105.369,0
h1,h7,103.403,0
h1,h8,98.153,0
h1,h9,96.810,0
h1,h10,133.261,0
h1,h11,91.422,0
h1,h12,100.572,0
h1,h13,98.873,0
h1,h14,102.591,0
h1,h15,96.411,0
h1,h16,94.439,0
h1,h17,104.481,0
h1,h18,104.131,0
h1,h19,119.929,0
h1,h20,105.310,0
h1,h21,103.138,0
h1,h22,98.442,0
h1,h23,102.048,0
h1,h24,105.101,0
h1,h25,102.806,0
h1,h26,99.574,0
h1,h27,98.744,0
h1,h28,104.572,0
h1,h29,108.709,0
h1,h30,103.541,0
h1,h31,98.459,0
h1,h32,99.576,0
h1,h33,93.640,0
h1,h34,102.551,0
h1,h35,98.838,0
h1,h36,97.750,0
h1,h37,108.276,0
h1,h38,103.003,0
h1,h39,103.489,0
h1,h2,102.524,0
h1,h3,98.116,0
h1,h4,99.896,0
h1,h5,97.509,0
h1,h6,98.847,0
h1,h7,95.984,0
h1,h8,99.356,0
h1,h9,99.296,0
h1,h10,101.004,0
h1,h11,105.910,0
h1,h12,94.114,0
h1,h13,94.519,0
h1,h14,95.857,0
h1,h15,101.732,0
h1,h16,93.083,0
h1,h17,93.485,0
h1,h18,98.316,0
h1,h19,105.771,0
h1,h20,100.540,0
h1,h21,98.588,0
h1,h22,92.153,0
h1,h23,91.883,0
h1,h24,99.421,0
h1,h25,98.028,0
h1,h26,92.439,0
h1,h27,133.331,0
h1,h28,192.682,0
h1,h29,188.834,0
h1,h30,126.319,0
h1,h31,101.618,0
h1,h32,108.247,0
h1,h33,107.835,0
h1,h34,100.330,0
h1,h35,92.896,0
h1,h36,109.315,0
h1,h37,104.736,0
h1,h38,89.128,0
h1,h39,98.247,0
h1,h2,95.795,0
h1,h3,108.493,0
h1,h4,116.318,0
h1,h5,110.719,0
h1,h6,107.583,0
h1,h7,123.134,0
h1,h8,108.165,0
h1,h9,101.488,0
h1,h10,100.647,0
h1,h11,102.584,0
h1,h12,98.676,0
h1,h13,110.797,0
h1,h14,102.011,0
h1,h15,102.983,0
h1,h16,101.820,0
h1,h17,100.228,0
h1,h18,112.284,0
h1,h19,100.747,0
h1,h20,97.330,0
h1,h21,99.510,0
h1,h22,106.486,0
h1,h23,101.440,0
h1,h24,102.276,0
h1,h25,101.758,0
h1,h26,107.658,0
h1,h27,97.573,0
h1,h28,114.215,0
h1,h29,100.222,0
h1,h30,109.692,0
h1,h31,107.278,0
h1,h32,116.077,0
h1,h33,106.194,0
h1,h34,121.614,0
h1,h35,103.274,0
h1,h36,104.674,0
h1,h37,100.174,0
h1,h38,96.520,0
h1,h39,98.355,0
h1,h2,106.913,0
h1,h3,99.819,0
h1,h4,101.526,0
h1,h5,104.050,0
h1,h6,98.706,0
h1,h7,100.312,0
h1,h8,96.820,0
h1,h9,99.441,0
h1,h10,98.827,0
h1,h11,95.305,0
h1,h12,96.261,0
h1,h13,109.264,0
h1,h14,107.145,0
h1,h15,107.675,0
h1,h16,106.256,0
h1,h17,103.951,0
h1,h18,97.770,0
h1,h19,98.372,0
h1,h20,104.797,0
h1,h21,101.752,0
h1,h22,108.715,0
h1,h23,106.682,0
h1,h24,108.318,0
h1,h25,99.969,0
h1,h26,100.039,0
h1,h27,93.272,0
h1,h28,96.904,0
h1,h29,96.398,0
h1,h30,106.706,0
h1,h31,111.113,0
h1,h32,94.620,0
h1,h33,95.134,0
h1,h34,105.459,0
h1,h35,97.956,0
h1,h36,91.587,0
h1,h37,95.667,0
h1,h38,99.647,0
h1,h39,101.735,0
h1,h2,94.831,0
h1,h3,98.343,0
h1,h4,97.386,0
h1,h5,99.342,0
h1,h6,94.845,0
h1,h7,99.314,0
h1,h8,96.577,0
h1,h9,99.949,0
h1,h10,92.385,0
h1,h11,98.106,0
h1,h12,98.026,0
h1,h13,100.937,0
h1,h14,95.959,0
h1,h15,91.093,0
h1,h16,95.645,0
h1,h17,98.382,0
h1,h18,97.074,0
h1,h19,94.136,0
h1,h20,97.631,0
h1,h21,106.577,0
h1,h22,99.811,0
h1,h23,97.375,0
h1,h24,104.043,0
h1,h25,95.247,0
h1,h26,101.504,0
h1,h27,93.857,0
h1,h28,96.062,0
h1,h29,92.210,0
h1,h30,106.092,0
h1,h31,91.421,0
h1,h32,99.429,0
h1,h33,97.104,0
h1,h34,96.698,0
h1,h35,92.237,0
h1,h36,96.376,0
h1,h37,115.832,0
h1,h38,97.384,0
h1,h39,93.956,0
h1,h2,98.387,0
h1,h3,108.206,0
h1,h4,111.271,0
h1,h5,91.996,0
h1,h6,105.768,0
h1,h7,93.046,0
h1,h8,106.561,0
h1,h9,112.270,0
h1,h10,111.527,0
h1,h11,101.320,0
h1,h12,108.083,0
h1,h13,96.750,0
h1,h14,100.396,0
h1,h15,108.118,0
h1,h16,111.369,0
h1,h17,102.304,0
h1,h18,108.280,0
h1,h19,105.657,0
h1,h20,112.714,0
h1,h21,113.940,0
h1,h22,101.492,0
h1,h23,101.253,0
h1,h24,97.437,0
h1,h25,109.810,0
h1,h26,100.739,0
h1,h27,103.300,0
h1,h28,105.498,0
h1,h29,116.005,0
h1,h30,98.389,0
h1,h31,114.298,0
h1,h32,108.641,0
h1,h33,107.952,0
h1,h34,96.876,0
h1,h35,109.263,0
h1,h36,112.013,0
h1,h37,99.277,0
h1,h38,106.771,0
h1,h39,102.393,0
h1,h2,98.136,0
h1,h3,94.360,0
h1,h4,109.980,0
h1,h5,93.450,0
h1,h6,100.607,0
h1,h7,93.571,0
h1,h8,105.650,0
h1,h9,99.476,0
h1,h10,98.673,0
h1,h11,95.034,0
h1,h12,100.352,0
h1,h13,102.263,0
h1,h14,91.436,0
h1,h15,101.243,0
h1,h16,98.824,0
h1,h17,103.972,0
h1,h18,102.098,0
h1,h19,100.803,0
h1,h20,96.836,0
h1,h21,93.545,0
h1,h22,97.601,0
h1,h23,97.459,0
h1,h24,92.389,0
h1,h25,97.797,0
h1,h26,94.783,0
h1,h27,100.933,0
h1,h28,104.805,0
h1,h29,99.334,0
h1,h30,97.339,0
h1,h31,95.302,0
h1,h32,95.696,0
h1,h33,100.368,0
h1,h34,101.702,0
h1,h35,102.000,0
h1,h36,95.145,0
h1,h37,100.664,0
h1,h38,91.125,0
h1,h39,97.902,0
h1,h2,103.619,0
h1,h3,97.623,0
h1,h4,101.244,0
h1,h5,100.846,0
h1,h6,94.374,0
h1,h7,92.015,0
h1,h8,100.907,0
h1,h9,93.661,0
h1,h10,95.514,0
h1,h11,101.071,0
h1,h12,100.018,0
h1,h13,100.476,0
h1,h14,115.687,0
h1,h15,104.180,0
h1,h16,103.037,0
h1,h17,98.741,0
h1,h18,94.590,0
h1,h19,98.517,0
h1,h20,90.357,0
h1,h21,99.897,0
h1,h22,98.102,0
h1,h23,101.911,0
h1,h24,98.247,0
h1,h25,97.626,0
h1,h26,103.079,0
h1,h27,95.995,0
h1,h28,100.595,0
h1,h29,99.437,0
h1,h30,99.509,0
h1,h31,93.649,0
h1,h32,105.233,0
h1,h33,98.363,0
h1,h34,99.182,0
h1,h35,100.052,0
h1,h36,97.085,0
h1,h37,95.622,0
h1,h38,98.360,0
h1,h39,94.196,0
h1,h2,105.887,0
h1,h3,108.526,0
h1,h4,99.778,0
h1,h5,110.014,0
h1,h6,103.405,0
h1,h7,97.904,0
h1,h8,101.043,0
h1,h9,103.144,0
h1,h10,94.516,0
h1,h11,92.250,0
h1,h12,96.936,0
h1,h13,97.246,0
h1,h14,105.403,0
h1,h15,110.410,0
h1,h16,105.415,0
h1,h17,103.907,0
h1,h18,119.994,0
h1,h19,103.093,0
h1,h20,109.187,0
h1,h21,110.978,0
h1,h22,103.782,0
h1,h23,95.238,0
h1,h24,105.882,0
h1,h25,132.305,0
h1,h26,105.224,0
h1,h27,111.097,0
h1,h28,109.941,0
h1,h29,97.059,0
h1,h30,104.249,0
h1,h31,105.676,0
h1,h32,114.588,0
h1,h33,101.751,0
h1,h34,96.247,0
h1,h35,121.805,0
h1,h36,108.568,0
h1,h37,110.044,0
h1,h38,105.150,0
h1,h39,190.414,0
h1,h2,102.363,0
h1,h3,107.142,0
h1,h4,107.454,0
h1,h5,96.709,0
h1,h6,98.179,0
h1,h7,96.972,0
h1,h8,90.889,0
h1,h9,93.234,0
h1,h10,93.452,0
h1,h11,99.260,0
h1,h12,98.269,0
h1,h13,102.242,0
h1,h14,95.393,0
h1,h15,97.980,0
h1,h16,99.932,0
h1,h17,109.294,0
h1,h18,102.609,0
h1,h19,103.977,0
h1,h20,98.988,0
h1,h21,95.948,0
h1,h22,102.169,0
h1,h23,94.158,0
h1,h24,109.121,0
h1,h25,106.609,0
h1,h26,94.938,0
h1,h27,93.194,0
h1,h28,98.427,0
h1,h29,92.650,0
h1,h30,93.487,0
h1,h31,103.572,0
h1,h32,98.846,0
h1,h33,95.024,0
h1,h34,102.007,0
h1,h35,99.383,0
h1,h36,99.216,0
h1,h37,102.138,0
h1,h38,95.788,0
h1,h39,100.225,0
h1,h2,96.447,0
h1,h3,101.347,0
h1,h4,99.986,0
h1,h5,99.695,0
h1,h6,105.576,0
h1,h7,101.524,0
h1,h8,100.179,0
h1,h9,101.550,0
h1,h10,100.767,0
h1,h11,101.825,0
h1,h12,109.307,0
h1,h13,97.947,0
h1,h14,93.518,0
h1,h15,99.866,0
h1,h16,95.742,0
h1,h17,103.916,0
h1,h18,100.242,0
h1,h19,93.398,0
h1,h20,100.823,0
h1,h21,100.051,0
h1,h22,104.213,0
h1,h23,107.673,0
h1,h24,105.897,0
h1,h25,97.721,0
h1,h26,99.416,0
h1,h27,103.990,0
h1,h28,99.685,0
h1,h29,104.373,0
h1,h30,94.794,0
h1,h31,103.276,0
h1,h32,101.008,0
h1,h33,99.673,0
h1,h34,98.576,0
h1,h35,99.324,0
h1,h36,104.111,0
h1,h37,99.233,0
h1,h38,101.218,0
h1,h39,101.619,0
h1,h2,111.172,0
h1,h3,120.173,0
h1,h4,129.988,0
h1,h5,119.573,0
h1,h6,110.994,0
h1,h7,99.430,0
h1,h8,117.587,0
h1,h9,118.443,0
h1,h10,114.581,0
h1,h11,119.258,0
h1,h12,109.003,0
h1,h13,92.915,0
h1,h14,104.967,0
h1,h15,108.118,0
h1,h16,103.660,0
h1,h17,107.518,0
h1,h18,103.073,0
h1,h19,100.677,0
h1,h20,109.425,0
h1,h21,103.333,0
h1,h22,106.618,0
h1,h23,108.916,0
h1,h24,106.572,0
h1,h25,103.978,0
h1,h26,108.421,0
h1,h27,110.376,0
h1,h28,105.461,0
h1,h29,102.096,0
h1,h30,97.293,0
h1,h31,103.053,0
h1,h32,102.110,0
h1,h33,104.199,0
h1,h34,101.965,0
h1,h35,112.576,0
h1,h36,101.619,0
h1,h37,106.031,0
h1,h38,94.368,0
h1,h39,108.280,0
h1,h2,97.720,0
h1,h3,105.486,0
h1,h4,106.270,0
h1,h5,104.550,0
h1,h6,106.035,0
h1,h7,97.077,0
h1,h8,100.532,0
h1,h9,107.032,0
h1,h10,107.094,0
h1,h11,98.139,0
h1,h12,105.880,0
h1,h13,102.044,0
h1,h14,104.014,0
h1,h15,113.841,0
h1,h16,98.120,0
h1,h17,105.590,0
h1,h18,104.145,0
h1,h19,96.282,0
h1,h20,99.198,0
h1,h21,101.802,0
h1,h22,93.939,0
h1,h23,101.458,0
h1,h24,97.021,0
h1,h25,105.444,0
h1,h26,106.419,0
h1,h27,100.947,0
h1,h28,103.975,0
h1,h29,101.997,0
h1,h30,97.879,0
h1,h31,91.348,0
h1,h32,91.646,0
h1,h33,106.106,0
h1,h34,97.969,0
h1,h35,108.398,0
h1,h36,104.672,0
h1,h37,97.925,0
h1,h38,100.856,0
h1,h39,103.904,0
h1,h2,104.849,0
h1,h3,98.948,0
h1,h4,107.424,0
h1,h5,100.658,0
h1,h6,102.995,0
h1,h7,102.311,0
h1,h8,98.338,0
h1,h9,105.511,0
h1,h10,97.021,0
h1,h11,97.647,0
h1,h12,95.128,0
h1,h13,104.236,0
h1,h14,94.243,0
h1,h15,104.762,0
h1,h16,101.874,0
h1,h17,102.743,0
h1,h18,102.337,0
h1,h19,100.603,0
h1,h20,100.600,0
h1,h21,105.016,0
h1,h22,108.266,0
h1,h23,96.700,0
h1,h24,98.021,0
h1,h25,105.013,0
h1,h26,102.397,0
h1,h27,90.597,0
h1,h28,100.586,0
h1,h29,95.648,0
h1,h30,102.984,0
h1,h31,101.220,0
h1,h32,95.607,0
h1,h33,96.010,0
h1,h34,96.665,0
h1,h35,104.972,0
h1,h36,104.453,0
h1,h37,104.539,0
h1,h38,97.761,0
h1,h39,103.612,0
h1,h2,96.947,0
h1,h3,96.419,0
h1,h4,98.335,0
h1,h5,92.676,0
h1,h6,95.671,0
h1,h7,94.086,0
h1,h8,97.337,0
h1,h9,93.947,0
h1,h10,99.849,0
h1,h11,96.880,0
h1,h12,94.018,0
h1,h13,107.271,0
h1,h14,94.340,0
h1,h15,95.294,0
h1,h16,93.643,0
h1,h17,100.052,0
h1,h18,100.064,0
h1,h19,97.498,0
h1,h20,96.981,0
h1,h21,94.956,0
h1,h22,94.387,0
h1,h23,95.697,0
h1,h24,97.382,0
h1,h25,93.066,0
h1,h26,101.132,0
h1,h27,101.288,0
h1,h28,93.266,0
h1,h29,92.402,0
h1,h30,94.739,0
h1,h31,96.962,0
h1,h32,94.905,0
h1,h33,93.414,0
h1,h34,92.448,0
h1,h35,91.320,0
h1,h36,90.344,0
h1,h37,91.982,0
h1,h38,109.429,0
h1,h39,94.732,0
h1,h2,100.089,0
h1,h3,99.991,0
h1,h4,110.501,0
h1,h5,103.784,0
h1,h6,94.215,0
h1,h7,106.384,0
h1,h8,105.565,0
h1,h9,95.491,0
h1,h10,105.589,0
h1,h11,94.423,0
h1,h12,111.557,0
h1,h13,95.275,0
h1,h14,96.814,0
h1,h15,91.854,0
h1,h16,96.677,0
h1,h17,109.032,0
h1,h18,93.641,0
h1,h19,106.753,0
h1,h20,95.497,0
h1,h21,108.890,0
h1,h22,108.287,0
h1,h23,101.326,0
h1,h24,97.661,0
h1,h25,91.942,0
h1,h26,112.704,0
h1,h27,98.522,0
h1,h28,93.925,0
h1,h29,92.705,0
h1,h30,94.525,0
h1,h31,94.248,0
h1,h32,107.276,0
h1,h33,94.207,0
h1,h34,99.364,0
h1,h35,92.282,0
h1,h36,101.243,0
h1,h37,107.758,0
h1,h38,97.426,0
h1,h39,95.491,0
h1,h2,109.737,0
h1,h3,96.584,0
h1,h4,100.404,0
h1,h5,110.904,0
h1,h6,99.030,0
h1,h7,103.409,0
h1,h8,104.785,0
h1,h9,100.907,0
h1,h10,102.722,0
h1,h11,105.330,0
h1,h12,94.218,0
h1,h13,97.326,0
h1,h14,91.959,0
h1,h15,96.864,0
h1,h16,95.963,0
h1,h17,97.150,0
h1,h18,96.766,0
h1,h19,105.986,0
h1,h20,104.955,0
h1,h21,105.017,0
h1,h22,97.561,0
h1,h23,117.172,0
h1,h24,98.729,0
h1,h25,95.157,0
h1,h26,95.762,0
h1,h27,98.820,0
h1,h28,100.854,0
h1,h29,106.228,0
h1,h30,103.867,0
h1,h31,96.932,0
h1,h32,92.111,0
h1,h33,97.544,0
h1,h34,102.016,0
h1,h35,101.260,0
h1,h36,99.632,0
h1,h37,98.640,0
h1,h38,95.397,0
h1,h39,94.809,0
h1,h2,97.028,0
h1,h3,101.402,0
h1,h4,99.891,0
h1,h5,101.367,0
h1,h6,95.345,0
h1,h7,104.682,0
h1,h8,102.099,0
h1,h9,101.261,0
h1,h10,107.123,0
h1,h11,103.383,0
h1,h12,97.017,0
h1,h13,102.656,0
h1,h14,105.069,0
h1,h15,103.333,0
h1,h16,102.019,0
h1,h17,104.158,0
h1,h18,98.196,0
h1,h19,103.562,0
h1,h20,106.137,0
h1,h21,105.551,0
h1,h22,99.236,0
h1,h23,104.662,0
h1,h24,104.410,0
h1,h25,101.735,0
h1,h26,102.248,0
h1,h27,100.389,0
h1,h28,99.699,0
h1,h29,106.269,0
h1,h30,104.112,0
h1,h31,101.261,0
h1,h32,100.897,0
h1,h33,108.108,0
h1,h34,96.950,0
h1,h35,94.890,0
h1,h36,100.729,0
h1,h37,95.300,0
h1,h38,98.369,0
h1,h39,112.358,0
h1,h2,86.873,0
h1,h3,83.260,0
h1,h4,82.194,0
h1,h5,91.071,0
h1,h6,93.989,0
h1,h7,97.054,0
h1,h8,94.168,0
h1,h9,96.733,0
h1,h10,91.980,0
h1,h11,91.386,0
h1,h12,92.686,0
h1,h13,90.603,0
h1,h14,92.321,0
h1,h15,91.783,0
h1,h16,92.686,0
h1,h17,91.641,0
h1,h18,91.105,0
h1,h19,92.066,0
h1,h20,92.282,0
h1,h21,90.138,0
h1,h22,93.244,0
h1,h23,247.901,0
h1,h24,133.154,0
h1,h25,90.500,0
h1,h26,90.388,0
h1,h27,102.344,0
h1,h28,94.357,0
h1,h29,164.696,0
h1,h30,155.233,0
h1,h31,89.566,0
h1,h32,89.803,0
h1,h33,96.234,0
h1,h34,92.816,0
h1,h35,93.123,0
h1,h36,95.969,0
h1,h37,91.631,0
h1,h38,93.262,0
h1,h39,92.262,0
h1,h2,92.828,0
h1,h3,N/A,100
h1,h4,N/A,100
h1,h5,110.903,0
h1,h6,108.478,0
h1,h7,N/A,100
h1,h8,111.861,0
h1,h9,105.681,0
h1,h10,112.196,0
h1,h11,99.668,0
h1,h12,105.781,0
h1,h13,120.213,0
h1,h14,105.446,0
h1,h15,110.043,0
h1,h16,107.224,0
h1,h17,113.233,0
h1,h18,102.640,0
h1,h19,97.058,0
h1,h20,97.795,0
h1,h21,97.604,0
h1,h22,98.292,0
h1,h23,103.593,0
h1,h24,95.329,0
h1,h25,104.306,0
h1,h26,93.808,0
h1,h27,100.337,0
h1,h28,103.075,0
h1,h29,100.854,0
h1,h30,93.345,0
h1,h31,95.901,0
h1,h32,96.860,0
h1,h33,93.353,0
h1,h34,100.417,0
h1,h35,102.278,0
h1,h36,112.732,0
h1,h37,109.186,0
h1,h38,95.048,0
h1,h39,97.185,0
h1,h2,94.149,0
h1,h3,N/A,100
h1,h4,N/A,100
h1,h5,95.304,0
h1,h6,92.822,0
h1,h7,N/A,100
h1,h8,93.836,0
h1,h9,94.519,0
h1,h10,N/A,100
h1,h11,N/A,100
h1,h12,N/A,100
h1,h13,92.394,0
h1,h14,95.739,0
h1,h15,96.801,0
h1,h16,96.361,0
h1,h17,102.480,0
h1,h18,95.304,0
h1,h19,100.226,0
h1,h20,93.977,0
h1,h21,100.246,0
h1,h22,99.082,0
h1,h23,102.076,0
h1,h24,96.066,0
h1,h25,104.207,0
h1,h26,101.990,0
h1,h27,91.561,0
h1,h28,93.694,0
h1,h29,97.096,0
h1,h30,99.347,0
h1,h31,91.993,0
h1,h32,91.236,0
h1,h33,97.106,0
h1,h34,92.511,0
h1,h35,96.965,0
h1,h36,93.968,0
h1,h37,113.345,0
h1,h38,100.675,0
h1,h39,105.664,0
h1,h2,98.192,0
h1,h3,N/A,100
h1,h4,N/A,100
h1,h5,98.285,0
h1,h6,N/A,100
h1,h7,N/A,100
h1,h8,99.717,50
h1,h9,N/A,100
h1,h10,N/A,100
h1,h11,N/A,100
h1,h12,N/A,100
h1,h13,N/A,100
h1,h14,89.087,0
h1,h15,97.473,0
h1,h16,91.220,0
h1,h17,101.443,0
h1,h18,97.551,0
h1,h19,103.300,0
h1,h20,95.370,0
h1,h21,101.339,0
h1,h22,100.532,0
h1,h23,102.536,0
h1,h24,101.141,0
h1,h25,98.540,0
h1,h26,95.955,0
h1,h27,96.942,0
h1,h28,98.542,0
h1,h29,102.674,0
h1,h30,104.247,0
h1,h31,107.858,0
h1,h32,103.132,0
h1,h33,103.073,0
h1,h34,94.963,0
h1,h35,104.076,0
h1,h36,95.684,0
h1,h37,107.086,0
h1,h38,105.385,0
h1,h39,103.132,0
h1,h2,N/A,100
h1,h3,N/A,100
h1,h4,N/A,100
h1,h5,N/A,100
h1,h6,N/A,100
h1,h7,N/A,100
h1,h8,N/A,100
h1,h9,N/A,100
h1,h10,N/A,100
h1,h11,N/A,100
h1,h12,N/A,100
h1,h13,N/A,100
h1,h14,109.542,0
h1,h15,96.624,0
h1,h16,113.036,0
h1,h17,108.305,0
h1,h18,109.640,0
h1,h19,101.094,0
h1,h20,95.249,0
h1,h21,105.752,0
h1,h22,117.481,0
h1,h23,111.344,0
h1,h24,102.302,0
h1,h25,105.603,0
h1,h26,104.409,0
h1,h27,104.223,0
h1,h28,109.239,0
h1,h29,95.292,0
h1,h30,98.048,0
h1,h31,109.737,0
h1,h32,N/A,100
h1,h33,99.564,0
h1,h34,106.835,0
h1,h35,93.257,0
h1,h36,110.750,0
h1,h37,102.678,0
h1,h38,117.776,0
h1,h39,113.129,0
h1,h2,N/A,100
h1,h3,N/A,100
h1,h4,N/A,100
h1,h5,N/A,100
h1,h6,N/A,100
h1,h7,N/A,100
h1,h8,N/A,100
h1,h9,N/A,100
h1,h10,N/A,100
h1,h11,N/A,100
h1,h12,N/A,100
h1,h13,N/A,100
h1,h14,109.754,0
h1,h15,92.507,0
h1,h16,104.385,0
h1,h17,94.133,0
h1,h18,100.917,0
h1,h19,99.330,0
h1,h20,94.458,0
h1,h21,102.850,0
h1,h22,96.450,0
h1,h23,98.372,0
h1,h24,103.846,0
h1,h25,97.064,0
h1,h26,97.761,0
h1,h27,100.420,0
h1,h28,100.525,0
h1,h29,100.995,0
h1,h30,N/A,100
h1,h31,98.782,0
h1,h32,N/A,100
h1,h33,103.718,0
h1,h34,96.309,0
h1,h35,103.365,0
h1,h36,98.277,0
h1,h37,98.772,0
h1,h38,95.359,0
h1,h39,98.067,0
h1,h2,N/A,100
h1,h3,N/A,100
h1,h4,N/A,100
h1,h5,N/A,100
h1,h6,N/A,100
h1,h7,N/A,100
h1,h8,N/A,100
h1,h9,N/A,100
h1,h10,N/A,100
h1,h11,N/A,100
h1,h12,N/A,100
h1,h13,N/A,100
h1,h14,105.242,0
h1,h15,115.703,0
h1,h16,103.677,0
h1,h17,101.040,0
h1,h18,119.084,0
h1,h19,127.798,0
h1,h20,111.288,0
h1,h21,105.953,0
h1,h22,96.065,0
h1,h23,104.593,0
h1,h24,113.473,0
h1,h25,113.801,0
h1,h26,93.167,0
h1,h27,101.074,0
h1,h28,107.571,0
h1,h29,106.417,0
h1,h30,N/A,100
h1,h31,117.960,0
h1,h32,N/A,100
h1,h33,103.925,0
h1,h34,105.245,0
h1,h35,N/A,100
h1,h36,98.326,0
h1,h37,101.038,0
h1,h38,104.080,0
h1,h39,98.649,0
h1,h2,N/A,100
h1,h3,N/A,100
h1,h4,N/A,100
h1,h5,N/A,100
h1,h6,N/A,100
h1,h7,N/A,100
h1,h8,N/A,100
h1,h9,N/A,100
h1,h10,N/A,100
h1,h11,N/A,100
h1,h12,N/A,100
h1,h13,N/A,100
h1,h14,96.091,0
h1,h15,105.334,0
h1,h16,102.673,0
h1,h17,89.714,0
h1,h18,103.849,0
h1,h19,97.927,0
h1,h20,98.176,0
h1,h21,101.037,0
h1,h22,92.745,0
h1,h23,95.901,0
h1,h24,102.026,0
h1,h25,99.662,0
h1,h26,101.602,0
h1,h27,99.923,0
h1,h28,92.149,0
h1,h29,97.243,0
h1,h30,N/A,100
h1,h31,101.619,0
h1,h32,N/A,100
h1,h33,94.531,0
h1,h34,91.817,0
h1,h35,N/A,100
h1,h36,97.829,0
h1,h37,97.306,0
h1,h38,92.863,0
h1,h39,92.357,0
h1,h2,N/A,100
h1,h3,N/A,100
h1,h4,N/A,100
h1,h5,N/A,100
h1,h6,N/A,100
h1,h7,N/A,100
h1,h8,N/A,100
h1,h9,N/A,100
h1,h10,N/A,100
h1,h11,N/A,100
h1,h12,N/A,100
h1,h13,N/A,100
h1,h14,100.756,0
h1,h15,102.758,0
h1,h16,106.884,0
h1,h17,94.772,0
h1,h18,97.952,0
h1,h19,106.910,0
h1,h20,112.440,0
h1,h21,119.900,0
h1,h22,107.450,0
h1,h23,100.023,0
h1,h24,107.598,0
h1,h25,105.356,0
h1,h26,107.565,0
h1,h27,101.770,0
h1,h28,104.972,0
h1,h29,107.056,0
h1,h30,N/A,100
h1,h31,101.844,0
h1,h32,N/A,100
h1,h33,N/A,100
h1,h34,102.109,0
h1,h35,N/A,100
h1,h36,96.952,0
h1,h37,91.211,0
h1,h38,102.756,0
h1,h39,100.590,0
h1,h2,N/A,100
h1,h3,N/A,100
h1,h4,N/A,100
h1,h5,N/A,100
h1,h6,N/A,100
h1,h7,N/A,100
h1,h8,N/A,100
h1,h9,N/A,100
h1,h10,N/A,100
h1,h11,N/A,100
h1,h12,N/A,100
h1,h13,N/A,100
h1,h14,92.810,0
h1,h15,92.920,0
h1,h16,99.252,0
h1,h17,101.761,0
h1,h18,101.555,0
h1,h19,95.814,0
h1,h20,98.137,0
h1,h21,106.486,0
h1,h22,94.186,0
h1,h23,100.910,0
h1,h24,102.905,0
h1,h25,98.063,0
h1,h26,123.202,0
h1,h27,121.099,0
h1,h28,115.489,0
h1,h29,122.249,0
h1,h30,N/A,100
h1,h31,109.627,0
h1,h32,N/A,100
h1,h33,N/A,100
h1,h34,N/A,100
h1,h35,N/A,100
h1,h36,95.081,0
h1,h37,N/A,100
h1,h38,N/A,100
h1,h39,108.260,0
h1,h2,N/A,100
h1,h3,N/A,100
h1,h4,149.812,0
h1,h5,N/A,100
h1,h6,N/A,100
h1,h7,N/A,100
h1,h8,N/A,100
h1,h9,N/A,100
h1,h10,N/A,100
h1,h11,228.793,0
h1,h12,N/A,100
h1,h13,N/A,100
h1,h14,99.295,0
h1,h15,105.330,0
h1,h16,100.861,0
h1,h17,105.965,0
h1,h18,106.336,0
h1,h19,108.809,0
h1,h20,104.354,0
h1,h21,108.559,0
h1,h22,101.079,0
h1,h23,105.425,0
h1,h24,101.234,0
h1,h25,100.945,0
h1,h26,118.197,0
h1,h27,103.971,0
h1,h28,98.835,0
h1,h29,94.832,0
h1,h30,N/A,100
h1,h31,106.890,0
h1,h32,N/A,100
h1,h33,N/A,100
h1,h34,N/A,100
h1,h35,N/A,100
h1,h36,104.254,0
h1,h37,N/A,100
h1,h38,N/A,100
h1,h39,103.651,0
h1,h2,N/A,100
h1,h3,N/A,100
h1,h4,143.815,0
h1,h5,N/A,100
h1,h6,N/A,100
h1,h7,N/A,100
h1,h8,N/A,100
h1,h9,N/A,100
h1,h10,N/A,100
h1,h11,197.418,0
h1,h12,N/A,100
h1,h13,N/A,100
h1,h14,115.043,0
h1,h15,106.481,0
h1,h16,115.102,0
h1,h17,112.287,0
h1,h18,105.896,0
h1,h19,110.639,0
h1,h20,105.922,0
h1,h21,102.398,0
h1,h22,104.627,0
h1,h23,103.298,0
h1,h24,109.550,0
h1,h25,116.491,0
h1,h26,132.340,0
h1,h27,113.043,0
h1,h28,93.938,0
h1,h29,115.847,0
h1,h30,N/A,100
h1,h31,107.767,0
h1,h32,N/A,100
h1,h33,N/A,100
h1,h34,N/A,100
h1,h35,N/A,100
h1,h36,94.407,0
h1,h37,N/A,100
h1,h38,N/A,100
h1,h39,102.408,0
h1,h2,N/A,100
h1,h3,N/A,100
h1,h4,148.184,0
h1,h5,N/A,100
h1,h6,N/A,100
h1,h7,N/A,100
h1,h8,N/A,100
h1,h9,N/A,100
h1,h10,N/A,100
h1,h11,167.014,0
h1,h12,N/A,100
h1,h13,N/A,100
h1,h14,101.584,0
h1,h15,107.132,0
h1,h16,99.185,0
h1,h17,98.370,0
h1,h18,102.380,0
h1,h19,104.010,0
h1,h20,97.246,0
h1,h21,108.284,0
h1,h22,96.138,0
h1,h23,94.312,0
h1,h24,96.572,0
h1,h25,98.522,0
h1,h26,97.900,0
h1,h27,97.258,0
h1,h28,100.728,0
h1,h29,105.481,0
h1,h30,N/A,100
h1,h31,104.668,0
h1,h32,N/A,100
h1,h33,N/A,100
h1,h34,N/A,100
h1,h35,N/A,100
h1,h36,94.204,0
h1,h37,N/A,100
h1,h38,N/A,100
h1,h39,96.204,0
h1,h2,N/A,100
h1,h3,N/A,100
h1,h4,146.884,0
h1,h5,N/A,100
h1,h6,N/A,100
h1,h7,169.390,0
h1,h8,N/A,100
h1,h9,N/A,100
h1,h10,N/A,100
h1,h11,N/A,100
h1,h12,N/A,100
h1,h13,N/A,100
h1,h14,101.820,0
h1,h15,112.873,0
h1,h16,118.020,0
h1,h17,118.262,0
h1,h18,109.105,0
h1,h19,122.645,0
h1,h20,109.197,0
h1,h21,113.109,0
h1,h22,109.401,0
h1,h23,111.061,0
h1,h24,109.331,0
h1,h25,89.828,0
h1,h26,102.027,0
h1,h27,111.729,0
h1,h28,101.491,0
h1,h29,109.320,0
h1,h30,N/A,100
h1,h31,104.968,0
h1,h32,N/A,100
h1,h33,N/A,100
h1,h34,N/A,100
h1,h35,N/A,100
h1,h36,91.978,0
h1,h37,N/A,100
h1,h38,N/A,100
h1,h39,96.838,0
h1,h2,N/A,100
h1,h3,N/A,100
h1,h4,185.778,0
h1,h5,N/A,100
h1,h6,N/A,100
h1,h7,154.634,0
h1,h8,N/A,100
h1,h9,N/A,100
h1,h10,N/A,100
h1,h11,N/A,100
h1,h12,N/A,100
h1,h13,N/A,100
h1,h14,100.377,0
h1,h15,98.658,0
h1,h16,104.172,0
h1,h17,107.027,0
h1,h18,114.805,0
h1,h19,106.892,0
h1,h20,94.203,0
h1,h21,101.016,0
h1,h22,99.340,0
h1,h23,94.510,0
h1,h24,96.685,0
h1,h25,94.677,0
h1,h26,94.124,0
h1,h27,92.110,0
h1,h28,96.674,0
h1,h29,91.770,0
h1,h30,N/A,100
h1,h31,93.287,0
h1,h32,N/A,100
h1,h33,N/A,100
h1,h34,N/A,100
h1,h35,N/A,100
h1,h36,98.347,0
h1,h37,N/A,100
h1,h38,N/A,100
h1,h39,98.438,0
h1,h2,N/A,100
h1,h3,N/A,100
h1,h4,160.973,0
h1,h5,N/A,100
h1,h6,N/A,100
h1,h7,161.186,0
h1,h8,N/A,100
h1,h9,N/A,100
h1,h10,N/A,100
h1,h11,N/A,100
h1,h12,N/A,100
h1,h13,N/A,100
h1,h14,105.508,0
h1,h15,96.782,0
h1,h16,102.305,0
h1,h17,94.171,0
h1,h18,113.377,0
h1,h19,95.243,0
h1,h20,96.126,0
h1,h21,96.416,0
h1,h22,106.491,0
h1,h23,103.906,0
h1,h24,114.264,0
h1,h25,97.302,0
h1,h26,105.490,0
h1,h27,109.297,0
h1,h28,124.988,0
h1,h29,101.690,0
h1,h30,N/A,100
h1,h31,97.864,0
h1,h32,N/A,100
h1,h33,N/A,100
h1,h34,N/A,100
h1,h35,N/A,100
h1,h36,100.338,0
h1,h37,N/A,100
h1,h38,N/A,100
h1,h39,103.677,0
h1,h2,N/A,100
h1,h3,N/A,100
h1,h4,145.692,0
h1,h5,N/A,100
h1,h6,N/A,100
h1,h7,149.359,0
h1,h8,N/A,100
h1,h9,N/A,100
h1,h10,N/A,100
h1,h11,N/A,100
h1,h12,N/A,100
h1,h13,N/A,100
h1,h14,101.949,0
h1,h15,97.195,0
h1,h16,96.944,0
h1,h17,141.489,0
h1,h18,100.175,0
h1,h19,97.417,0
h1,h20,105.589,0
h1,h21,99.121,0
h1,h22,97.230,0
h1,h23,104.512,0
h1,h24,96.378,0
h1,h25,109.733,0
h1,h26,104.177,0
h1,h27,94.278,0
h1,h28,95.544,0
h1,h29,100.444,0
h1,h30,N/A,100
h1,h31,95.378,0
h1,h32,116.575,0
h1,h33,N/A,100
h1,h34,N/A,100
h1,h35,N/A,100
h1,h36,99.008,0
h1,h37,N/A,100
h1,h38,N/A,100
h1,h39,94.849,0
h1,h2,N/A,100
h1,h3,N/A,100
h1,h4,151.091,0
h1,h5,N/A,100
h1,h6,N/A,100
h1,h7,N/A,100
h1,h8,N/A,100
h1,h9,N/A,100
h1,h10,N/A,100
h1,h11,N/A,100
h1,h12,N/A,100
h1,h13,N/A,100
h1,h14,106.633,0
h1,h15,117.662,0
h1,h16,97.903,0
h1,h17,91.213,0
h1,h18,104.923,0
h1,h19,117.183,0
h1,h20,110.947,0
h1,h21,103.029,0
h1,h22,101.783,0
h1,h23,105.580,0
h1,h24,109.015,0
h1,h25,104.307,0
h1,h26,105.464,0
h1,h27,106.421,0
h1,h28,111.047,0
h1,h29,114.448,0
h1,h30,N/A,100
h1,h31,106.594,0
h1,h32,126.990,0
h1,h33,N/A,100
h1,h34,N/A,100
h1,h35,N/A,100
h1,h36,93.337,0
h1,h37,N/A,100
h1,h38,N/A,100
h1,h39,98.342,0
h1,h2,N/A,100
h1,h3,N/A,100
h1,h4,139.896,0
h1,h5,N/A,100
h1,h6,N/A,100
h1,h7,N/A,100
h1,h8,N/A,100
h1,h9,N/A,100
h1,h10,N/A,100
h1,h11,N/A,100
h1,h12,N/A,100
h1,h13,N/A,100
h1,h14,96.442,0
h1,h15,98.859,0
h1,h16,96.524,0
h1,h17,95.448,0
h1,h18,104.774,0
h1,h19,102.845,0
h1,h20,105.341,0
h1,h21,107.022,0
h1,h22,102.199,0
h1,h23,101.325,0
h1,h24,101.550,0
h1,h25,94.943,0
h1,h26,103.561,0
h1,h27,97.243,0
h1,h28,92.292,0
h1,h29,99.220,0
h1,h30,N/A,100
h1,h31,100.449,0
h1,h32,119.619,0
h1,h33,N/A,100
h1,h34,N/A,100
h1,h35,N/A,100
h1,h36,94.078,0
h1,h37,N/A,100
h1,h38,N/A,100
h1,h39,95.015,0
h1,h2,N/A,100
h1,h3,N/A,100
h1,h4,165.183,0
h1,h5,N/A,100
h1,h6,N/A,100
h1,h7,N/A,100
h1,h8,N/A,100
h1,h9,N/A,100
h1,h10,159.360,0
h1,h11,N/A,100
h1,h12,N/A,100
h1,h13,N/A,100
h1,h14,109.535,0
h1,h15,110.577,0
h1,h16,96.593,0
h1,h17,111.259,0
h1,h18,111.781,0
h1,h19,108.411,0
h1,h20,105.104,0
h1,h21,107.668,0
h1,h22,113.668,0
h1,h23,109.420,0
h1,h24,107.904,0
h1,h25,104.499,0
h1,h26,96.796,0
h1,h27,104.235,0
h1,h28,110.204,0
h1,h29,114.863,0
h1,h30,N/A,100
h1,h31,104.712,0
h1,h32,160.173,0
h1,h33,N/A,100
h1,h34,N/A,100
h1,h35,N/A,100
h1,h36,101.780,0
h1,h37,N/A,100
h1,h38,N/A,100
h1,h39,111.332,0
h1,h2,N/A,100
h1,h3,N/A,100
h1,h4,140.198,0
h1,h5,N/A,100
h1,h6,N/A,100
h1,h7,N/A,100
h1,h8,N/A,100
h1,h9,N/A,100
h1,h10,225.280,0
h1,h11,N/A,100
h1,h12,N/A,100
h1,h13,N/A,100
h1,h14,96.724,0
h1,h15,108.163,0
h1,h16,101.439,0
h1,h17,91.369,0
h1,h18,90.479,0
h1,h19,92.069,0
h1,h20,102.574,0
h1,h21,104.673,0
h1,h22,105.975,0
h1,h23,102.953,0
h1,h24,99.098,0
h1,h25,104.652,0
h1,h26,106.449,0
h1,h27,103.670,0
h1,h28,94.188,0
h1,h29,101.359,0
h1,h30,N/A,100
h1,h31,98.252,0
h1,h32,N/A,100
h1,h33,N/A,100
h1,h34,N/A,100
h1,h35,N/A,100
h1,h36,103.042,0
h1,h37,N/A,100
h1,h38,N/A,100
h1,h39,99.042,0
h1,h2,N/A,100
h1,h3,N/A,100
h1,h4,157.063,0
h1,h5,N/A,100
h1,h6,N/A,100
h1,h7,N/A,100
h1,h8,N/A,100
h1,h9,N/A,100
h1,h10,167.794,0
h1,h11,N/A,100
h1,h12,N/A,100
h1,h13,N/A,100
h1,h14,104.831,0
h1,h15,101.427,0
h1,h16,111.268,0
h1,h17,100.110,0
h1,h18,96.984,0
h1,h19,98.254,0
h1,h20,109.540,0
h1,h21,109.214,0
h1,h22,98.914,0
h1,h23,108.920,0
h1,h24,96.393,0
h1,h25,102.777,0
h1,h26,101.247,0
h1,h27,97.014,0
h1,h28,97.085,0
h1,h29,108.799,0
h1,h30,N/A,100
h1,h31,125.683,0
h1,h32,N/A,100
h1,h33,N/A,100
h1,h34,N/A,100
h1,h35,N/A,100
h1,h36,99.821,0
h1,h37,N/A,100
h1,h38,N/A,100
h1,h39,103.382,0
h1,h2,N/A,100
h1,h3,N/A,100
h1,h4,139.862,0
h1,h5,N/A,100
h1,h6,N/A,100
h1,h7,N/A,100
h1,h8,N/A,100
h1,h9,N/A,100
h1,h10,N/A,100
h1,h11,N/A,100
h1,h12,N/A,100
h1,h13,N/A,100
h1,h14,98.007,0
h1,h15,97.587,0
h1,h16,100.036,0
h1,h17,96.635,0
h1,h18,94.454,0
h1,h19,100.355,0
h1,h20,98.162,0
h1,h21,105.080,0
h1,h22,95.520,0
h1,h23,103.779,0
h1,h24,101.684,0
h1,h25,99.456,0
h1,h26,101.279,0
h1,h27,101.933,0
h1,h28,98.768,0
h1,h29,94.125,0
h1,h30,N/A,100
h1,h31,94.593,0
h1,h32,N/A,100
h1,h33,N/A,100
h1,h34,N/A,100
h1,h35,N/A,100
h1,h36,100.983,0
h1,h37,N/A,100
h1,h38,N/A,100
h1,h39,107.076,0
h1,h2,N/A,100
h1,h3,N/A,100
h1,h4,150.544,0
h1,h5,N/A,100
h1,h6,N/A,100
h1,h7,N/A,100
h1,h8,N/A,100
h1,h9,N/A,100
h1,h10,N/A,100
h1,h11,N/A,100
h1,h12,N/A,100
h1,h13,N/A,100
h1,h14,102.194,0
h1,h15,113.698,0
h1,h16,94.035,0
h1,h17,115.910,0
h1,h18,108.861,0
h1,h19,106.643,0
h1,h20,100.196,0
h1,h21,103.063,0
h1,h22,101.556,0
h1,h23,104.040,0
h1,h24,101.665,0
h1,h25,110.198,0
h1,h26,103.548,0
h1,h27,99.833,0
h1,h28,111.540,0
h1,h29,119.688,0
h1,h30,N/A,100
h1,h31,111.275,0
h1,h32,N/A,100
h1,h33,N/A,100
h1,h34,N/A,100
h1,h35,N/A,100
h1,h36,102.028,0
h1,h37,N/A,100
h1,h38,N/A,100
h1,h39,102.520,0
h1,h2,N/A,100
h1,h3,N/A,100
h1,h4,143.177,0
h1,h5,N/A,100
h1,h6,N/A,100
h1,h7,222.893,0
h1,h8,N/A,100
h1,h9,N/A,100
h1,h10,N/A,100
h1,h11,N/A,100
h1,h12,N/A,100
h1,h13,N/A,100
h1,h14,99.390,0
h1,h15,96.148,0
h1,h16,98.755,0
h1,h17,94.180,0
h1,h18,105.075,0
h1,h19,109.550,0
h1,h20,95.770,0
h1,h21,97.661,0
h1,h22,94.164,0
h1,h23,103.052,0
h1,h24,97.590,0
h1,h25,95.827,0
h1,h26,91.858,0
h1,h27,98.776,0
h1,h28,102.434,0
h1,h29,97.616,0
h1,h30,N/A,100
h1,h31,98.019,0
h1,h32,N/A,100
h1,h33,N/A,100
h1,h34,N/A,100
h1,h35,N/A,100
h1,h36,96.359,0
h1,h37,N/A,100
h1,h38,N/A,100
h1,h39,98.795,0
h1,h2,N/A,100
h1,h3,N/A,100
h1,h4,160.083,0
h1,h5,N/A,100
h1,h6,N/A,100
h1,h7,158.755,0
h1,h8,N/A,100
h1,h9,N/A,100
h1,h10,N/A,100
h1,h11,N/A,100
h1,h12,N/A,100
h1,h13,N/A,100
h1,h14,100.786,0
h1,h15,103.799,0
h1,h16,99.157,0
h1,h17,102.768,0
h1,h18,109.767,0
h1,h19,110.636,0
h1,h20,115.737,0
h1,h21,104.733,0
h1,h22,100.741,0
h1,h23,101.339,0
h1,h24,106.070,0
h1,h25,112.117,0
h1,h26,98.930,0
h1,h27,111.870,0
h1,h28,100.131,0
h1,h29,104.732,0
h1,h30,N/A,100
h1,h31,96.932,0
h1,h32,N/A,100
h1,h33,N/A,100
h1,h34,N/A,100
h1,h35,N/A,100
h1,h36,98.276,0
h1,h37,N/A,100
h1,h38,N/A,100
h1,h39,106.748,0
h1,h2,N/A,100
h1,h3,N/A,100
h1,h4,150.988,0
h1,h5,N/A,100
h1,h6,N/A,100
h1,h7,159.446,0
h1,h8,N/A,100
h1,h9,N/A,100
h1,h10,N/A,100
h1,h11,N/A,100
h1,h12,N/A,100
h1,h13,N/A,100
h1,h14,97.801,0
h1,h15,98.656,0
h1,h16,96.314,0
h1,h17,94.176,0
h1,h18,107.494,0
h1,h19,103.378,0
h1,h20,94.351,0
h1,h21,101.023,0
h1,h22,101.915,0
h1,h23,100.187,0
h1,h24,93.042,0
h1,h25,102.358,0
h1,h26,103.528,0
h1,h27,94.119,0
h1,h28,92.734,0
h1,h29,103.372,0
h1,h30,N/A,100
h1,h31,98.385,0
h1,h32,137.484,0
h1,h33,N/A,100
h1,h34,N/A,100
h1,h35,N/A,100
h1,h36,92.520,0
h1,h37,N/A,100
h1,h38,N/A,100
h1,h39,97.303,0
h1,h2,N/A,100
h1,h3,N/A,100
h1,h4,150.707,0
h1,h5,N/A,100
h1,h6,N/A,100
h1,h7,N/A,100
h1,h8,N/A,100
h1,h9,N/A,100
h1,h10,N/A,100
h1,h11,N/A,100
h1,h12,N/A,100
h1,h13,N/A,100
h1,h14,107.899,0
h1,h15,97.074,0
h1,h16,106.032,0
h1,h17,96.716,0
h1,h18,97.546,0
h1,h19,102.138,0
h1,h20,112.870,0
h1,h21,100.958,0
h1,h22,99.988,0
h1,h23,110.891,0
h1,h24,107.932,0
h1,h25,101.435,0
h1,h26,109.720,0
h1,h27,107.866,0
h1,h28,109.107,0
h1,h29,107.664,0
h1,h30,N/A,100
h1,h31,102.526,0
h1,h32,157.663,0
h1,h33,N/A,100
h1,h34,N/A,100
h1,h35,N/A,100
h1,h36,105.818,0
h1,h37,N/A,100
h1,h38,N/A,100
h1,h39,104.243,0
h1,h2,N/A,100
h1,h3,N/A,100
h1,h4,159.192,0
h1,h5,N/A,100
h1,h6,N/A,100
h1,h7,N/A,100
h1,h8,N/A,100
h1,h9,N/A,100
h1,h10,N/A,100
h1,h11,N/A,100
h1,h12,N/A,100
h1,h13,N/A,100
h1,h14,94.689,0
h1,h15,103.722,0
h1,h16,101.480,0
h1,h17,104.402,0
h1,h18,99.911,0
h1,h19,103.962,0
h1,h20,102.292,0
h1,h21,103.200,0
h1,h22,103.378,0
h1,h23,101.681,0
h1,h24,98.800,0
h1,h25,102.788,0
h1,h26,100.953,0
h1,h27,101.189,0
h1,h28,97.851,0
h1,h29,97.806,0
h1,h30,N/A,100
h1,h31,98.387,0
h1,h32,198.718,0
h1,h33,N/A,100
h1,h34,N/A,100
h1,h35,N/A,100
h1,h36,98.590,0
h1,h37,N/A,100
h1,h38,N/A,100
h1,h39,97.118,0
h1,h2,N/A,100
h1,h3,N/A,100
h1,h4,158.013,0
h1,h5,N/A,100
h1,h6,N/A,100
h1,h7,N/A,100
h1,h8,N/A,100
h1,h9,N/A,100
h1,h10,N/A,100
h1,h11,N/A,100
h1,h12,N/A,100
h1,h13,N/A,100
h1,h14,103.231,0
h1,h15,94.264,0
h1,h16,95.752,0
h1,h17,99.275,0
h1,h18,99.027,0
h1,h19,96.022,0
h1,h20,90.992,0
h1,h21,99.917,0
h1,h22,108.839,0
h1,h23,106.702,0
h1,h24,112.278,0
h1,h25,104.898,0
h1,h26,109.239,0
h1,h27,105.464,0
h1,h28,102.177,0
h1,h29,105.723,0
h1,h30,N/A,100
h1,h31,107.957,0
h1,h32,147.601,0
h1,h33,N/A,100
h1,h34,N/A,100
h1,h35,N/A,100
h1,h36,98.747,0
h1,h37,N/A,100
h1,h38,N/A,100
h1,h39,97.189,0
h1,h2,N/A,100
h1,h3,N/A,100
h1,h4,138.000,0
h1,h5,N/A,100
h1,h6,N/A,100
h1,h7,N/A,100
h1,h8,N/A,100
h1,h9,N/A,100
h1,h10,166.439,0
h1,h11,N/A,100
h1,h12,N/A,100
h1,h13,N/A,100
h1,h14,95.868,0
h1,h15,103.282,0
h1,h16,106.506,0
h1,h17,98.632,0
h1,h18,99.087,0
h1,h19,109.843,0
h1,h20,101.043,0
h1,h21,94.058,0
h1,h22,99.715,0
h1,h23,103.941,0
h1,h24,98.418,0
h1,h25,104.548,0
h1,h26,101.308,0
h1,h27,99.670,0
h1,h28,108.506,0
h1,h29,106.119,0
h1,h30,N/A,100
h1,h31,94.117,0
h1,h32,150.625,0
h1,h33,N/A,100
h1,h34,N/A,100
h1,h35,N/A,100
h1,h36,97.362,0
h1,h37,N/A,100
h1,h38,N/A,100
h1,h39,94.658,0
h1,h2,N/A,100
h1,h3,N/A,100
h1,h4,163.822,0
h1,h5,N/A,100
h1,h6,N/A,100
h1,h7,N/A,100
h1,h8,N/A,100
h1,h9,N/A,100
h1,h10,169.734,0
h1,h11,N/A,100
h1,h12,N/A,100
h1,h13,N/A,100
h1,h14,108.067,0
h1,h15,120.978,0
h1,h16,102.095,0
h1,h17,116.388,0
h1,h18,106.316,0
h1,h19,110.094,0
h1,h20,105.513,0
h1,h21,104.922,0
h1,h22,94.451,0
h1,h23,129.574,0
h1,h24,107.867,0
h1,h25,101.839,0
h1,h26,107.642,0
h1,h27,112.084,0
h1,h28,118.811,0
h1,h29,116.715,0
h1,h30,N/A,100
h1,h31,102.181,0
h1,h32,N/A,100
h1,h33,N/A,100
h1,h34,N/A,100
h1,h35,N/A,100
h1,h36,108.306,0
h1,h37,N/A,100
h1,h38,N/A,100
h1,h39,118.584,0
h1,h2,N/A,100
h1,h3,N/A,100
h1,h4,157.511,0
h1,h5,N/A,100
h1,h6,N/A,100
h1,h7,N/A,100
h1,h8,N/A,100
h1,h9,N/A,100
h1,h10,227.044,0
h1,h11,N/A,100
h1,h12,N/A,100
h1,h13,N/A,100
h1,h14,103.963,0
h1,h15,106.920,0
h1,h16,98.884,0
h1,h17,115.358,0
h1,h18,98.968,0
h1,h19,107.809,0
h1,h20,97.985,0
h1,h21,90.103,0
h1,h22,104.122,0
h1,h23,101.642,0
h1,h24,98.694,0
h1,h25,101.790,0
h1,h26,102.348,0
h1,h27,101.174,0
h1,h28,106.983,0
h1,h29,103.448,0
h1,h30,N/A,100
h1,h31,100.946,0
h1,h32,N/A,100
h1,h33,N/A,100
h1,h34,N/A,100
h1,h35,N/A,100
h1,h36,89.528,0
h1,h37,N/A,100
h1,h38,N/A,100
h1,h39,98.380,0
h1,h2,N/A,100
h1,h3,N/A,100
h1,h4,150.351,0
h1,h5,N/A,100
h1,h6,N/A,100
h1,h7,175.532,0
h1,h8,N/A,100
h1,h9,N/A,100
h1,h10,149.290,0
h1,h11,N/A,100
h1,h12,N/A,100
h1,h13,N/A,100
h1,h14,100.963,0
h1,h15,107.225,0
h1,h16,96.959,0
h1,h17,112.062,0
h1,h18,108.382,0
h1,h19,102.750,0
h1,h20,104.382,0
h1,h21,102.066,0
h1,h22,103.720,0
h1,h23,101.490,0
h1,h24,151.098,0
h1,h25,90.280,0
h1,h26,101.899,0
h1,h27,109.020,0
h1,h28,104.648,0
h1,h29,98.878,0
h1,h30,N/A,100
h1,h31,108.379,0
h1,h32,N/A,100
h1,h33,N/A,100
h1,h34,N/A,100
h1,h35,N/A,100
h1,h36,106.758,0
h1,h37,N/A,100
h1,h38,N/A,100
h1,h39,108.643,0
h1,h2,N/A,100
h1,h3,N/A,100
h1,h4,158.462,0
h1,h5,N/A,100
h1,h6,N/A,100
h1,h7,172.856,0
h1,h8,N/A,100
h1,h9,N/A,100
h1,h10,N/A,100
h1,h11,N/A,100
h1,h12,N/A,100
h1,h13,N/A,100
h1,h14,99.787,0
h1,h15,108.238,0
h1,h16,104.433,0
h1,h17,100.014,0
h1,h18,95.095,0
h1,h19,104.171,0
h1,h20,107.136,0
h1,h21,102.265,0
h1,h22,98.456,0
h1,h23,99.627,0
h1,h24,102.697,0
h1,h25,100.415,0
h1,h26,97.079,0
h1,h27,96.974,0
h1,h28,103.053,0
h1,h29,101.573,0
h1,h30,N/A,100
h1,h31,101.570,0
h1,h32,N/A,100
h1,h33,N/A,100
h1,h34,N/A,100
h1,h35,N/A,100
h1,h36,106.882,0
h1,h37,N/A,100
h1,h38,N/A,100
h1,h39,104.128,0
h1,h2,97.787,0
h1,h3,98.173,0
h1,h4,101.132,0
h1,h5,103.445,0
h1,h6,102.106,0
h1,h7,102.930,0
h1,h8,100.773,0
h1,h9,96.329,0
h1,h10,97.161,0
h1,h11,98.043,0
h1,h12,98.277,0
h1,h13,94.066,0
h1,h14,98.752,0
h1,h15,108.575,0
h1,h16,99.698,0
h1,h17,95.852,0
h1,h18,101.287,0
h1,h19,100.340,0
h1,h20,95.829,0
h1,h21,99.209,0
h1,h22,94.482,0
h1,h23,96.368,0
h1,h24,99.845,0
h1,h25,102.294,0
h1,h26,98.329,0
h1,h27,107.008,0
h1,h28,103.727,0
h1,h29,97.055,0
h1,h30,98.168,0
h1,h31,101.992,0
h1,h32,102.897,0
h1,h33,104.250,0
h1,h34,98.278,0
h1,h35,97.283,0
h1,h36,103.471,0
h1,h37,92.946,0
h1,h38,94.885,0
h1,h39,99.177,0
h1,h2,99.343,0
h1,h3,106.871,0
h1,h4,116.109,0
h1,h5,100.610,0
h1,h6,114.630,0
h1,h7,N/A,100
h1,h8,101.308,0
h1,h9,100.038,0
h1,h10,101.094,0
h1,h11,103.594,0
h1,h12,100.749,0
h1,h13,101.777,0
h1,h14,104.734,0
h1,h15,106.277,0
h1,h16,101.483,0
h1,h17,97.468,0
h1,h18,99.917,0
h1,h19,103.857,0
h1,h20,96.781,0
h1,h21,102.746,0
h1,h22,115.263,0
h1,h23,103.075,0
h1,h24,97.287,0
h1,h25,95.936,0
h1,h26,98.986,0
h1,h27,93.706,0
h1,h28,99.502,0
h1,h29,96.271,0
h1,h30,95.195,0
h1,h31,93.860,0
h1,h32,N/A,100
h1,h33,98.465,0
h1,h34,99.336,0
h1,h35,97.702,0
h1,h36,93.483,0
h1,h37,N/A,100
h1,h38,97.539,0
h1,h39,91.805,0
h1,h2,111.829,0
h1,h3,106.372,0
h1,h4,116.234,0
h1,h5,94.121,0
h1,h6,115.829,0
h1,h7,N/A,100
h1,h8,108.763,0
h1,h9,104.624,0
h1,h10,107.973,0
h1,h11,110.769,0
h1,h12,115.781,0
h1,h13,117.933,0
h1,h14,117.889,0
h1,h15,132.383,0
h1,h16,111.182,0
h1,h17,91.988,0
h1,h18,112.453,0
h1,h19,106.979,0
h1,h20,100.668,0
h1,h21,117.944,0
h1,h22,104.164,0
h1,h23,117.194,0
h1,h24,116.448,0
h1,h25,100.883,0
h1,h26,115.324,0
h1,h27,112.287,0
h1,h28,97.813,0
h1,h29,112.708,0
h1,h30,N/A,100
h1,h31,96.617,0
h1,h32,N/A,100
h1,h33,103.697,0
h1,h34,97.270,0
h1,h35,N/A,100
h1,h36,97.601,0
h1,h37,N/A,100
h1,h38,101.442,0
h1,h39,95.875,0
h1,h2,104.346,0
h1,h3,95.875,0
h1,h4,108.291,0
h1,h5,98.660,0
h1,h6,102.333,0
h1,h7,N/A,100
h1,h8,93.524,0
h1,h9,104.301,0
h1,h10,102.188,0
h1,h11,N/A,100
h1,h12,98.107,0
h1,h13,100.694,0
h1,h14,103.153,0
h1,h15,101.369,0
h1,h16,104.975,0
h1,h17,103.095,0
h1,h18,111.635,0
h1,h19,98.889,0
h1,h20,96.626,0
h1,h21,106.312,0
h1,h22,102.165,0
h1,h23,96.225,0
h1,h24,100.613,0
h1,h25,94.170,0
h1,h26,95.597,0
h1,h27,104.733,0
h1,h28,101.798,0
h1,h29,96.788,0
h1,h30,N/A,100
h1,h31,91.930,0
h1,h32,N/A,100
h1,h33,N/A,100
h1,h34,N/A,100
h1,h35,N/A,100
h1,h36,93.601,0
h1,h37,N/A,100
h1,h38,95.487,0
h1,h39,103.904,0
h1,h2,168.805,0
h1,h3,107.588,0
h1,h4,104.225,0
h1,h5,105.985,0
h1,h6,91.644,0
h1,h7,N/A,100
h1,h8,112.375,0
h1,h9,89.445,0
h1,h10,108.425,0
h1,h11,N/A,100
h1,h12,99.103,0
h1,h13,119.411,0
h1,h14,113.330,0
h1,h15,109.320,0
h1,h16,110.022,0
h1,h17,105.890,0
h1,h18,110.918,0
h1,h19,107.690,0
h1,h20,108.285,0
h1,h21,114.012,0
h1,h22,105.406,0
h1,h23,116.608,0
h1,h24,109.805,0
h1,h25,99.429,0
h1,h26,111.249,0
h1,h27,111.462,0
h1,h28,107.515,0
h1,h29,116.754,0
h1,h30,N/A,100
h1,h31,108.305,0
h1,h32,N/A,100
h1,h33,N/A,100
h1,h34,N/A,100
h1,h35,N/A,100
h1,h36,108.993,0
h1,h37,N/A,100
h1,h38,N/A,100
h1,h39,97.409,0
h1,h2,92.391,0
h1,h3,380.347,0
h1,h4,108.278,0
h1,h5,108.583,0
h1,h6,91.797,0
h1,h7,N/A,100
h1,h8,97.578,0
h1,h9,103.371,0
h1,h10,94.523,0
h1,h11,N/A,100
h1,h12,112.298,0
h1,h13,106.737,0
h1,h14,92.826,0
h1,h15,99.820,0
h1,h16,108.603,0
h1,h17,102.867,0
h1,h18,98.857,0
h1,h19,109.604,0
h1,h20,97.861,0
h1,h21,103.661,0
h1,h22,93.415,0
h1,h23,106.574,0
h1,h24,99.761,0
h1,h25,105.015,0
h1,h26,113.234,0
h1,h27,99.152,0
h1,h28,95.505,0
h1,h29,103.903,0
h1,h30,N/A,100
h1,h31,94.002,0
h1,h32,N/A,100
h1,h33,N/A,100
h1,h34,N/A,100
h1,h35,N/A,100
h1,h36,103.057,0
h1,h37,N/A,100
h1,h38,N/A,100
h1,h39,93.741,0
h1,h2,101.234,0
h1,h3,97.212,0
h1,h4,98.904,0
h1,h5,97.412,0
h1,h6,119.403,0
h1,h7,N/A,100
h1,h8,95.422,0
h1,h9,99.319,0
h1,h10,92.998,0
h1,h11,N/A,100
h1,h12,96.845,0
h1,h13,97.741,0
h1,h14,95.639,0
h1,h15,103.218,0
h1,h16,105.066,0
h1,h17,132.300,0
h1,h18,117.701,0
h1,h19,103.284,0
h1,h20,124.690,0
h1,h21,112.244,0
h1,h22,100.057,0
h1,h23,97.150,0
h1,h24,117.917,0
h1,h25,122.800,0
h1,h26,101.489,0
h1,h27,103.083,0
h1,h28,110.763,0
h1,h29,106.092,0
h1,h30,N/A,100
h1,h31,105.797,0
h1,h32,105.030,0
h1,h33,N/A,100
h1,h34,N/A,100
h1,h35,N/A,100
h1,h36,107.682,0
h1,h37,N/A,100
h1,h38,N/A,100
h1,h39,98.884,0
h1,h2,112.699,0
h1,h3,112.762,0
h1,h4,102.941,0
h1,h5,103.895,0
h1,h6,115.092,0
h1,h7,N/A,100
h1,h8,106.868,0
h1,h9,109.461,0
h1,h10,94.340,0
h1,h11,N/A,100
h1,h12,102.132,0
h1,h13,103.133,0
h1,h14,102.552,0
h1,h15,111.761,0
h1,h16,100.649,0
h1,h17,95.935,0
h1,h18,106.183,0
h1,h19,110.766,0
h1,h20,106.004,0
h1,h21,102.302,0
h1,h22,103.543,0
h1,h23,98.633,0
h1,h24,103.934,0
h1,h25,98.077,0
h1,h26,106.370,0
h1,h27,99.901,0
h1,h28,110.508,0
h1,h29,106.812,0
h1,h30,N/A,100
h1,h31,99.291,0
h1,h32,104.447,0
h1,h33,N/A,100
h1,h34,N/A,100
h1,h35,N/A,100
h1,h36,99.576,0
h1,h37,N/A,100
h1,h38,N/A,100
h1,h39,104.771,0
h1,h2,99.849,0
h1,h3,103.210,0
h1,h4,104.934,0
h1,h5,101.252,0
h1,h6,100.015,0
h1,h7,N/A,100
h1,h8,91.567,0
h1,h9,98.688,0
h1,h10,104.172,0
h1,h11,N/A,100
h1,h12,112.875,0
h1,h13,99.858,0
h1,h14,91.087,0
h1,h15,92.389,0
h1,h16,97.585,0
h1,h17,97.916,0
h1,h18,96.746,0
h1,h19,93.959,0
h1,h20,100.597,0
h1,h21,91.757,0
h1,h22,103.180,0
h1,h23,93.575,0
h1,h24,110.497,0
h1,h25,161.007,0
h1,h26,174.874,0
h1,h27,92.667,0
h1,h28,98.236,0
h1,h29,94.148,0
h1,h30,N/A,100
h1,h31,92.161,0
h1,h32,92.054,0
h1,h33,N/A,100
h1,h34,N/A,100
h1,h35,N/A,100
h1,h36,92.284,0
h1,h37,N/A,100
h1,h38,N/A,100
h1,h39,99.847,0
h1,h2,114.763,0
h1,h3,100.196,0
h1,h4,102.356,0
h1,h5,101.561,0
h1,h6,93.756,0
h1,h7,N/A,100
h1,h8,100.418,0
h1,h9,106.510,0
h1,h10,99.140,0
h1,h11,N/A,100
h1,h12,110.921,0
h1,h13,111.276,0
h1,h14,102.948,0
h1,h15,117.319,0
h1,h16,111.918,0
h1,h17,110.984,0
h1,h18,98.808,0
h1,h19,106.593,0
h1,h20,98.869,0
h1,h21,93.934,0
h1,h22,100.458,0
h1,h23,104.915,0
h1,h24,105.040,0
h1,h25,108.737,0
h1,h26,102.239,0
h1,h27,118.210,0
h1,h28,110.228,0
h1,h29,102.414,0
h1,h30,N/A,100
h1,h31,114.083,0
h1,h32,107.264,0
h1,h33,N/A,100
h1,h34,N/A,100
h1,h35,N/A,100
h1,h36,104.900,0
h1,h37,N/A,100
h1,h38,N/A,100
h1,h39,107.552,0
h1,h2,99.240,0
h1,h3,99.142,0
h1,h4,101.255,0
h1,h5,94.998,0
h1,h6,100.892,0
h1,h7,N/A,100
h1,h8,101.119,0
h1,h9,103.300,0
h1,h10,103.039,0
h1,h11,N/A,100
h1,h12,101.985,0
h1,h13,102.248,0
h1,h14,104.741,0
h1,h15,98.197,0
h1,h16,97.383,0
h1,h17,102.663,0
h1,h18,109.583,0
h1,h19,97.126,0
h1,h20,92.204,0
h1,h21,100.253,0
h1,h22,103.376,0
h1,h23,93.143,0
h1,h24,98.224,0
h1,h25,108.925,0
h1,h26,101.300,0
h1,h27,100.538,0
h1,h28,94.057,0
h1,h29,92.648,0
h1,h30,N/A,100
h1,h31,91.869,0
h1,h32,N/A,100
h1,h33,N/A,100
h1,h34,N/A,100
h1,h35,N/A,100
h1,h36,101.220,0
h1,h37,N/A,100
h1,h38,N/A,100
h1,h39,94.230,0
h1,h2,99.265,0
h1,h3,100.349,0
h1,h4,100.517,0
h1,h5,101.296,0
h1,h6,97.843,0
h1,h7,N/A,100
h1,h8,101.008,0
h1,h9,97.460,0
h1,h10,95.390,0
h1,h11,N/A,100
h1,h12,127.308,0
h1,h13,128.322,0
h1,h14,120.859,0
h1,h15,103.926,0
h1,h16,138.698,0
h1,h17,99.992,0
h1,h18,109.629,0
h1,h19,107.148,0
h1,h20,114.733,0
h1,h21,106.275,0
h1,h22,103.051,0
h1,h23,115.819,0
h1,h24,112.477,0
h1,h25,117.093,0
h1,h26,111.139,0
h1,h27,95.787,0
h1,h28,95.782,0
h1,h29,155.272,0
h1,h30,N/A,100
h1,h31,94.586,0
h1,h32,N/A,100
h1,h33,N/A,100
h1,h34,N/A,100
h1,h35,N/A,100
h1,h36,93.501,0
h1,h37,N/A,100
h1,h38,N/A,100
h1,h39,109.567,0
h1,h2,95.575,0
h1,h3,101.819,0
h1,h4,101.078,0
h1,h5,95.870,0
h1,h6,102.380,0
h1,h7,N/A,100
h1,h8,103.238,0
h1,h9,95.700,0
h1,h10,95.700,0
h1,h11,N/A,100
h1,h12,102.519,0
h1,h13,103.909,0
h1,h14,105.784,0
h1,h15,102.933,0
h1,h16,94.669,0
h1,h17,99.036,0
h1,h18,95.336,0
h1,h19,96.022,0
h1,h20,107.791,0
h1,h21,101.401,0
h1,h22,101.987,0
h1,h23,95.511,0
h1,h24,100.320,0
h1,h25,106.388,0
h1,h26,95.901,0
h1,h27,109.357,0
h1,h28,94.145,0
h1,h29,101.282,0
h1,h30,N/A,100
h1,h31,104.193,0
h1,h32,N/A,100
h1,h33,N/A,100
h1,h34,N/A,100
h1,h35,N/A,100
h1,h36,105.270,0
h1,h37,N/A,100
h1,h38,N/A,100
h1,h39,91.588,0
h1,h2,95.025,0
h1,h3,97.328,0
h1,h4,96.476,0
h1,h5,92.859,0
h1,h6,98.433,0
h1,h7,149.656,0
h1,h8,100.124,0
h1,h9,92.396,0
h1,h10,100.019,0
h1,h11,N/A,100
h1,h12,99.313,0
h1,h13,108.897,0
h1,h14,98.193,0
h1,h15,94.740,0
h1,h16,99.617,0
h1,h17,103.810,0
h1,h18,99.010,0
h1,h19,97.752,0
h1,h20,97.723,0
h1,h21,97.422,0
h1,h22,98.422,0
h1,h23,92.382,0
h1,h24,103.051,0
h1,h25,97.425,0
h1,h26,100.654,0
h1,h27,101.561,0
h1,h28,94.231,0
h1,h29,108.336,0
h1,h30,N/A,100
h1,h31,120.219,0
h1,h32,N/A,100
h1,h33,N/A,100
h1,h34,N/A,100
h1,h35,N/A,100
h1,h36,91.507,0
h1,h37,N/A,100
h1,h38,N/A,100
h1,h39,135.090,0
h1,h2,205.992,0
h1,h3,105.638,0
h1,h4,116.379,0
h1,h5,125.782,0
h1,h6,114.069,0
h1,h7,169.452,0
h1,h8,112.066,0
h1,h9,102.198,0
h1,h10,95.103,0
h1,h11,N/A,100
h1,h12,101.757,0
h1,h13,100.929,0
h1,h14,99.905,0
h1,h15,113.198,0
h1,h16,109.338,0
h1,h17,96.850,0
h1,h18,96.657,0
h1,h19,98.857,0
h1,h20,114.398,0
h1,h21,97.069,0
h1,h22,110.081,0
h1,h23,103.764,0
h1,h24,108.428,0
h1,h25,102.329,0
h1,h26,96.316,0
h1,h27,101.761,0
h1,h28,103.523,0
h1,h29,98.555,0
h1,h30,N/A,100
h1,h31,101.554,0
h1,h32,N/A,100
h1,h33,N/A,100
h1,h34,N/A,100
h1,h35,N/A,100
h1,h36,107.127,0
h1,h37,N/A,100
h1,h38,N/A,100
h1,h39,100.893,0
h1,h2,98.748,0
h1,h3,101.524,0
h1,h4,104.036,0
h1,h5,103.277,0
h1,h6,101.476,0
h1,h7,153.585,0
h1,h8,103.214,0
h1,h9,97.449,0
h1,h10,104.465,0
h1,h11,N/A,100
h1,h12,95.405,0
h1,h13,93.832,0
h1,h14,97.789,0
h1,h15,93.695,0
h1,h16,94.389,0
h1,h17,93.785,0
h1,h18,90.274,0
h1,h19,99.492,0
h1,h20,93.796,0
h1,h21,97.436,0
h1,h22,95.930,0
h1,h23,96.840,0
h1,h24,98.001,0
h1,h25,94.058,0
h1,h26,94.012,0
h1,h27,100.520,0
h1,h28,96.633,0
h1,h29,96.465,0
h1,h30,N/A,100
h1,h31,97.487,0
h1,h32,N/A,100
h1,h33,N/A,100
h1,h34,N/A,100
h1,h35,N/A,100
h1,h36,203.423,0
h1,h37,N/A,100
h1,h38,N/A,100
h1,h39,103.244,0
h1,h2,100.734,0
h1,h3,99.963,0
h1,h4,109.511,0
h1,h5,94.638,0
h1,h6,94.874,0
h1,h7,N/A,100
h1,h8,101.006,0
h1,h9,113.139,0
h1,h10,109.048,0
h1,h11,N/A,100
h1,h12,116.267,0
h1,h13,115.454,0
h1,h14,104.265,0
h1,h15,101.352,0
h1,h16,99.620,0
h1,h17,117.532,0
h1,h18,134.695,0
h1,h19,102.577,0
h1,h20,111.988,0
h1,h21,116.323,0
h1,h22,108.035,0
h1,h23,112.318,0
h1,h24,112.765,0
h1,h25,101.260,0
h1,h26,112.009,0
h1,h27,121.060,0
h1,h28,110.061,0
h1,h29,115.419,0
h1,h30,N/A,100
h1,h31,100.828,0
h1,h32,N/A,100
h1,h33,N/A,100
h1,h34,N/A,100
h1,h35,N/A,100
h1,h36,103.295,0
h1,h37,N/A,100
h1,h38,N/A,100
h1,h39,102.057,0
h1,h2,103.958,0
h1,h3,101.611,0
h1,h4,93.821,0
h1,h5,98.824,0
h1,h6,97.721,0
h1,h7,N/A,100
h1,h8,112.675,0
h1,h9,109.071,0
h1,h10,102.049,0
h1,h11,N/A,100
h1,h12,97.548,0
h1,h13,104.119,0
h1,h14,100.265,0
h1,h15,103.569,0
h1,h16,94.850,0
h1,h17,100.497,0
h1,h18,109.470,0
h1,h19,104.004,0
h1,h20,103.975,0
h1,h21,105.416,0
h1,h22,102.681,0
h1,h23,102.321,0
h1,h24,101.522,0
h1,h25,103.144,0
h1,h26,101.590,0
h1,h27,106.306,0
h1,h28,95.907,0
h1,h29,105.119,0
h1,h30,N/A,100
h1,h31,99.406,0
h1,h32,N/A,100
h1,h33,N/A,100
h1,h34,N/A,100
h1,h35,N/A,100
h1,h36,102.901,0
h1,h37,N/A,100
h1,h38,N/A,100
h1,h39,103.539,0
h1,h2,108.937,0
h1,h3,108.178,0
h1,h4,136.626,0
h1,h5,111.789,0
h1,h6,116.254,0
h1,h7,N/A,100
h1,h8,111.747,0
h1,h9,113.721,0
h1,h10,106.726,0
h1,h11,N/A,100
h1,h12,116.945,0
h1,h13,110.846,0
h1,h14,101.507,0
h1,h15,107.382,0
h1,h16,113.398,0
h1,h17,102.987,0
h1,h18,108.519,0
h1,h19,114.149,0
h1,h20,115.154,0
h1,h21,113.592,0
h1,h22,113.029,0
h1,h23,111.010,0
h1,h24,125.141,0
h1,h25,117.391,0
h1,h26,108.230,0
h1,h27,114.822,0
h1,h28,109.324,0
h1,h29,110.772,0
h1,h30,N/A,100
h1,h31,111.633,0
h1,h32,154.644,0
h1,h33,N/A,100
h1,h34,N/A,100
h1,h35,N/A,100
h1,h36,113.108,0
h1,h37,N/A,100
h1,h38,N/A,100
h1,h39,109.088,0
h1,h2,103.997,0
h1,h3,98.113,0
h1,h4,97.082,0
h1,h5,94.652,0
h1,h6,100.727,0
h1,h7,N/A,100
h1,h8,106.789,0
h1,h9,109.334,0
h1,h10,105.197,0
h1,h11,N/A,100
h1,h12,101.260,0
h1,h13,112.555,0
h1,h14,111.842,0
h1,h15,98.965,0
h1,h16,98.715,0
h1,h17,97.846,0
h1,h18,104.024,0
h1,h19,114.114,0
h1,h20,102.711,0
h1,h21,106.246,0
h1,h22,99.449,0
h1,h23,102.930,0
h1,h24,106.852,0
h1,h25,111.383,0
h1,h26,113.362,0
h1,h27,110.559,0
h1,h28,91.034,0
h1,h29,106.006,0
h1,h30,N/A,100
h1,h31,95.066,0
h1,h32,190.927,0
h1,h33,N/A,100
h1,h34,N/A,100
h1,h35,N/A,100
h1,h36,104.377,0
h1,h37,N/A,100
h1,h38,N/A,100
h1,h39,101.551,0
h1,h2,141.119,0
h1,h3,95.741,0
h1,h4,118.359,0
h1,h5,105.707,0
h1,h6,116.182,0
h1,h7,N/A,100
h1,h8,109.682,0
h1,h9,113.436,0
h1,h10,111.792,0
h1,h11,N/A,100
h1,h12,139.416,0
h1,h13,104.055,0
h1,h14,104.743,0
h1,h15,106.933,0
h1,h16,108.293,0
h1,h17,107.251,0
h1,h18,111.045,0
h1,h19,99.574,0
h1,h20,180.802,0
h1,h21,119.826,0
h1,h22,141.710,0
h1,h23,110.543,0
h1,h24,119.784,0
h1,h25,110.120,0
h1,h26,112.193,0
h1,h27,102.606,0
h1,h28,101.320,0
h1,h29,93.708,0
h1,h30,N/A,100
h1,h31,111.538,0
h1,h32,145.773,0
h1,h33,N/A,100
h1,h34,N/A,100
h1,h35,N/A,100
h1,h36,114.502,0
h1,h37,N/A,100
h1,h38,N/A,100
h1,h39,108.098,0
h1,h2,107.755,0
h1,h3,98.805,0
h1,h4,99.517,0
h1,h5,106.640,0
h1,h6,103.490,0
h1,h7,N/A,100
h1,h8,108.000,0
h1,h9,103.738,0
h1,h10,104.064,0
h1,h11,N/A,100
h1,h12,104.106,0
h1,h13,110.575,0
h1,h14,99.947,0
h1,h15,97.281,0
h1,h16,103.034,0
h1,h17,105.471,0
h1,h18,104.280,0
h1,h19,102.760,0
h1,h20,101.461,0
h1,h21,102.347,0
h1,h22,108.967,0
h1,h23,103.008,0
h1,h24,105.800,0
h1,h25,96.235,0
h1,h26,104.126,0
h1,h27,105.003,0
h1,h28,103.977,0
h1,h29,105.418,0
h1,h30,N/A,100
h1,h31,105.893,0
h1,h32,144.099,0
h1,h33,N/A,100
h1,h34,N/A,100
h1,h35,N/A,100
h1,h36,101.062,0
h1,h37,N/A,100
h1,h38,N/A,100
h1,h39,102.668,0
h1,h2,109.625,0
h1,h3,104.707,0
h1,h4,106.421,0
h1,h5,91.000,0
h1,h6,106.078,0
h1,h7,N/A,100
h1,h8,171.236,0
h1,h9,90.693,0
h1,h10,91.579,0
h1,h11,N/A,100
h1,h12,116.117,0
h1,h13,105.892,0
h1,h14,115.180,0
h1,h15,116.450,0
h1,h16,105.307,0
h1,h17,115.928,0
h1,h18,111.624,0
h1,h19,122.439,0
h1,h20,112.385,0
h1,h21,100.301,0
h1,h22,103.971,0
h1,h23,112.164,0
h1,h24,109.633,0
h1,h25,114.824,0
h1,h26,103.642,0
h1,h27,146.589,0
h1,h28,122.462,0
h1,h29,105.999,0
h1,h30,N/A,100
h1,h31,110.748,0
h1,h32,208.392,0
h1,h33,N/A,100
h1,h34,N/A,100
h1,h35,N/A,100
h1,h36,113.723,0
h1,h37,N/A,100
h1,h38,N/A,100
h1,h39,96.504,0
h1,h2,99.739,0
h1,h3,112.845,0
h1,h4,108.417,0
h1,h5,95.930,0
h1,h6,109.097,0
h1,h7,N/A,100
h1,h8,90.342,0
h1,h9,101.194,0
h1,h10,110.339,0
h1,h11,N/A,100
h1,h12,101.054,0
h1,h13,99.722,0
h1,h14,116.062,0
h1,h15,111.037,0
h1,h16,105.136,0
h1,h17,100.745,0
h1,h18,108.579,0
h1,h19,101.571,0
h1,h20,99.618,0
h1,h21,92.701,0
h1,h22,96.935,0
h1,h23,108.467,0
h1,h24,92.379,0
h1,h25,93.019,0
h1,h26,107.676,0
h1,h27,97.690,0
h1,h28,104.876,0
h1,h29,95.314,0
h1,h30,N/A,100
h1,h31,100.539,0
h1,h32,N/A,100
h1,h33,N/A,100
h1,h34,N/A,100
h1,h35,N/A,100
h1,h36,140.082,0
h1,h37,N/A,100
h1,h38,N/A,100
h1,h39,111.628,0
h1,h2,103.552,0
h1,h3,115.170,0
h1,h4,120.362,0
h1,h5,110.810,0
h1,h6,117.958,0
h1,h7,N/A,100
h1,h8,103.724,0
h1,h9,116.054,0
h1,h10,103.240,0
h1,h11,N/A,100
h1,h12,119.073,0
h1,h13,114.348,0
h1,h14,136.544,0
h1,h15,112.244,0
h1,h16,98.223,0
h1,h17,110.068,0
h1,h18,110.845,0
h1,h19,119.508,0
h1,h20,102.966,0
h1,h21,102.571,0
h1,h22,103.841,0
h1,h23,107.868,0
h1,h24,116.076,0
h1,h25,107.435,0
h1,h26,99.466,0
h1,h27,118.562,0
h1,h28,109.438,0
h1,h29,99.185,0
h1,h30,N/A,100
h1,h31,97.907,0
h1,h32,N/A,100
h1,h33,N/A,100
h1,h34,N/A,100
h1,h35,N/A,100
h1,h36,105.005,0
h1,h37,N/A,100
h1,h38,N/A,100
h1,h39,108.979,0
h1,h2,99.621,0
h1,h3,105.789,0
h1,h4,106.484,0
h1,h5,104.822,0
h1,h6,101.415,0
h1,h7,N/A,100
h1,h8,96.199,0
h1,h9,111.665,0
h1,h10,100.438,0
h1,h11,N/A,100
h1,h12,104.403,0
h1,h13,101.807,0
h1,h14,100.230,0
h1,h15,101.381,0
h1,h16,98.372,0
h1,h17,96.804,0
h1,h18,90.119,0
h1,h19,93.557,0
h1,h20,101.666,0
h1,h21,90.423,0
h1,h22,99.278,0
h1,h23,98.478,0
h1,h24,95.309,0
h1,h25,94.374,0
h1,h26,103.743,0
h1,h27,108.214,0
h1,h28,98.742,0
h1,h29,97.808,0
h1,h30,N/A,100
h1,h31,106.053,0
h1,h32,N/A,100
h1,h33,N/A,100
h1,h34,N/A,100
h1,h35,N/A,100
h1,h36,112.910,0
h1,h37,N/A,100
h1,h38,N/A,100
h1,h39,112.990,0
h1,h2,109.243,0
h1,h3,116.981,0
h1,h4,113.875,0
h1,h5,113.589,0
h1,h6,119.613,0
h1,h7,N/A,100
h1,h8,121.715,0
h1,h9,101.183,0
h1,h10,115.230,0
h1,h11,N/A,100
h1,h12,111.751,0
h1,h13,97.687,0
h1,h14,210.204,0
h1,h15,114.123,0
h1,h16,105.000,0
h1,h17,117.213,0
h1,h18,111.319,0
h1,h19,116.498,0
h1,h20,119.921,0
h1,h21,107.218,0
h1,h22,111.153,0
h1,h23,105.720,0
h1,h24,100.799,0
h1,h25,96.911,0
h1,h26,102.185,0
h1,h27,112.410,0
h1,h28,98.547,0
h1,h29,103.193,0
h1,h30,N/A,100
h1,h31,100.869,0
h1,h32,N/A,100
h1,h33,N/A,100
h1,h34,N/A,100
h1,h35,N/A,100
h1,h36,106.912,0
h1,h37,N/A,100
h1,h38,N/A,100
h1,h39,104.874,0
h1,h2,101.599,0
h1,h3,109.303,0
h1,h4,106.154,0
h1,h5,102.427,0
h1,h6,100.607,0
h1,h7,168.014,0
h1,h8,109.224,0
h1,h9,115.032,0
h1,h10,106.859,0
h1,h11,N/A,100
h1,h12,100.166,0
h1,h13,103.852,0
h1,h14,104.927,0
h1,h15,95.900,0
h1,h16,96.483,0
h1,h17,97.273,0
h1,h18,105.058,0
h1,h19,100.879,0
h1,h20,97.318,0
h1,h21,98.649,0
h1,h22,95.730,0
h1,h23,96.194,0
h1,h24,100.181,0
h1,h25,93.053,0
h1,h26,96.494,0
h1,h27,95.558,0
h1,h28,104.960,0
h1,h29,97.785,0
h1,h30,N/A,100
h1,h31,98.353,0
h1,h32,N/A,100
h1,h33,N/A,100
h1,h34,N/A,100
h1,h35,N/A,100
h1,h36,102.375,0
h1,h37,N/A,100
h1,h38,N/A,100
h1,h39,116.115,0
h1,h2,110.806,0
h1,h3,115.975,0
h1,h4,111.419,0
h1,h5,105.307,0
h1,h6,106.867,0
h1,h7,166.296,0
h1,h8,112.901,0
h1,h9,113.326,0
h1,h10,103.337,0
h1,h11,N/A,100
h1,h12,109.974,0
h1,h13,109.534,0
h1,h14,109.696,0
h1,h15,106.917,0
h1,h16,113.382,0
h1,h17,111.501,0
h1,h18,111.243,0
h1,h19,125.121,0
h1,h20,120.373,0
h1,h21,109.625,0
h1,h22,106.156,0
h1,h23,114.449,0
h1,h24,103.450,0
h1,h25,98.300,0
h1,h26,111.617,0
h1,h27,108.367,0
h1,h28,106.948,0
h1,h29,101.120,0
h1,h30,N/A,100
h1,h31,94.747,0
h1,h32,N/A,100
h1,h33,N/A,100
h1,h34,N/A,100
h1,h35,N/A,100
h1,h36,100.603,0
h1,h37,N/A,100
h1,h38,N/A,100
h1,h39,103.120,0
h1,h2,104.146,0
h1,h3,111.381,0
h1,h4,107.144,0
h1,h5,110.197,0
h1,h6,97.083,0
h1,h7,161.761,0
h1,h8,105.226,0
h1,h9,101.356,0
h1,h10,105.239,0
h1,h11,N/A,100
h1,h12,102.107,0
h1,h13,99.419,0
h1,h14,106.878,0
h1,h15,105.282,0
h1,h16,111.615,0
h1,h17,104.614,0
h1,h18,105.888,0
h1,h19,108.232,0
h1,h20,114.596,0
h1,h21,106.435,0
h1,h22,105.034,0
h1,h23,95.676,0
h1,h24,99.456,0
h1,h25,105.496,0
h1,h26,106.269,0
h1,h27,96.342,0
h1,h28,100.597,0
h1,h29,99.549,0
h1,h30,N/A,100
h1,h31,94.965,0
h1,h32,N/A,100
h1,h33,N/A,100
h1,h34,N/A,100
h1,h35,N/A,100
h1,h36,94.663,0
h1,h37,N/A,100
h1,h38,N/A,100
h1,h39,99.279,0
h1,h2,127.544,0
h1,h3,112.068,0
h1,h4,110.601,0
h1,h5,112.255,0
h1,h6,105.337,0
h1,h7,236.722,0
h1,h8,101.280,0
h1,h9,103.823,0
h1,h10,101.461,0
h1,h11,N/A,100
h1,h12,98.594,0
h1,h13,108.098,0
h1,h14,97.028,0
h1,h15,110.190,0
h1,h16,121.894,0
h1,h17,97.500,0
h1,h18,98.181,0
h1,h19,100.275,0
h1,h20,105.836,0
h1,h21,106.554,0
h1,h22,99.030,0
h1,h23,103.391,0
h1,h24,112.800,0
h1,h25,106.734,0
h1,h26,93.760,0
h1,h27,93.150,0
h1,h28,133.044,0
h1,h29,95.327,0
h1,h30,N/A,100
h1,h31,86.640,0
h1,h32,145.746,0
h1,h33,N/A,100
h1,h34,N/A,100
h1,h35,N/A,100
h1,h36,102.660,0
h1,h37,N/A,100
h1,h38,N/A,100
h1,h39,104.154,0
h1,h2,101.619,0
h1,h3,98.585,0
h1,h4,100.861,0
h1,h5,100.474,0
h1,h6,96.421,0
h1,h7,N/A,100
h1,h8,103.872,0
h1,h9,100.895,0
h1,h10,102.159,0
h1,h11,N/A,100
h1,h12,105.424,0
h1,h13,105.206,0
h1,h14,101.818,0
h1,h15,98.013,0
h1,h16,109.351,0
h1,h17,103.022,0
h1,h18,98.527,0
h1,h19,92.046,0
h1,h20,99.810,0
h1,h21,104.802,0
h1,h22,101.303,0
h1,h23,98.536,0
h1,h24,110.449,0
h1,h25,108.239,0
h1,h26,110.300,0
h1,h27,103.495,0
h1,h28,101.718,0
h1,h29,108.509,0
h1,h30,N/A,100
h1,h31,110.146,0
h1,h32,164.275,0
h1,h33,N/A,100
h1,h34,N/A,100
h1,h35,N/A,100
h1,h36,92.960,0
h1,h37,N/A,100
h1,h38,N/A,100
h1,h39,101.291,0
h1,h2,104.561,0
h1,h3,92.627,0
h1,h4,100.849,0
h1,h5,97.340,0
h1,h6,94.349,0
h1,h7,N/A,100
h1,h8,123.074,0
h1,h9,121.057,0
h1,h10,107.627,0
h1,h11,N/A,100
h1,h12,137.412,0
h1,h13,108.790,0
h1,h14,116.550,0
h1,h15,98.788,0
h1,h16,105.545,0
h1,h17,103.288,0
h1,h18,108.810,0
h1,h19,93.674,0
h1,h20,107.469,0
h1,h21,111.141,0
h1,h22,91.732,0
h1,h23,116.591,0
h1,h24,113.969,0
h1,h25,100.891,0
h1,h26,93.380,0
h1,h27,94.079,0
h1,h28,108.382,0
h1,h29,105.527,0
h1,h30,N/A,100
h1,h31,108.094,0
h1,h32,247.220,0
h1,h33,N/A,100
h1,h34,N/A,100
h1,h35,N/A,100
h1,h36,90.725,0
h1,h37,N/A,100
h1,h38,N/A,100
h1,h39,114.423,0
h1,h2,100.203,0
h1,h3,99.043,0
h1,h4,99.948,0
h1,h5,101.708,0
h1,h6,106.287,0
h1,h7,N/A,100
h1,h8,96.330,0
h1,h9,99.253,0
h1,h10,103.262,0
h1,h11,N/A,100
h1,h12,98.004,0
h1,h13,104.839,0
h1,h14,98.397,0
h1,h15,97.144,0
h1,h16,97.272,0
h1,h17,103.598,0
h1,h18,104.510,0
h1,h19,95.162,0
h1,h20,103.788,0
h1,h21,96.453,0
h1,h22,100.975,0
h1,h23,101.736,0
h1,h24,93.356,0
h1,h25,105.290,0
h1,h26,100.062,0
h1,h27,106.574,0
h1,h28,94.368,0
h1,h29,100.956,0
h1,h30,N/A,100
h1,h31,104.339,0
h1,h32,161.135,0
h1,h33,N/A,100
h1,h34,N/A,100
h1,h35,N/A,100
h1,h36,98.052,0
h1,h37,N/A,100
h1,h38,N/A,100
h1,h39,110.273,0
h1,h2,95.298,0
h1,h3,101.657,0
h1,h4,98.309,0
h1,h5,97.044,0
h1,h6,98.862,0
h1,h7,N/A,100
h1,h8,100.397,0
h1,h9,101.810,0
h1,h10,95.236,0
h1,h11,N/A,100
h1,h12,94.454,0
h1,h13,96.416,0
h1,h14,100.851,0
h1,h15,97.277,0
h1,h16,94.609,0
h1,h17,95.226,0
h1,h18,99.689,0
h1,h19,96.958,0
h1,h20,96.325,0
h1,h21,97.521,0
h1,h22,126.597,0
h1,h23,128.350,0
h1,h24,90.809,0
h1,h25,106.780,0
h1,h26,125.255,0
h1,h27,109.744,0
h1,h28,110.266,0
h1,h29,105.537,0
h1,h30,N/A,100
h1,h31,119.688,0
h1,h32,243.339,0
h1,h33,N/A,100
h1,h34,N/A,100
h1,h35,N/A,100
h1,h36,108.862,0
h1,h37,N/A,100
h1,h38,N/A,100
h1,h39,116.239,0
h1,h2,122.879,0
h1,h3,101.221,0
h1,h4,111.113,0
h1,h5,100.846,0
h1,h6,119.109,0
h1,h7,N/A,100
h1,h8,105.892,0
h1,h9,103.810,0
h1,h10,101.832,0
h1,h11,N/A,100
h1,h12,95.405,0
h1,h13,102.926,0
h1,h14,96.609,0
h1,h15,98.201,0
h1,h16,94.525,0
h1,h17,102.157,0
h1,h18,105.572,0
h1,h19,108.383,0
h1,h20,98.207,0
h1,h21,100.847,0
h1,h22,100.344,0
h1,h23,98.392,0
h1,h24,103.160,0
h1,h25,100.627,0
h1,h26,98.242,0
h1,h27,99.781,0
h1,h28,98.986,0
h1,h29,95.444,0
h1,h30,N/A,100
h1,h31,98.538,0
h1,h32,159.362,0
h1,h33,N/A,100
h1,h34,N/A,100
h1,h35,N/A,100
h1,h36,107.596,0
h1,h37,N/A,100
h1,h38,N/A,100
h1,h39,103.771,0
h1,h2,105.163,0
h1,h3,103.434,0
h1,h4,103.428,0
h1,h5,110.005,0
h1,h6,110.186,0
h1,h7,N/A,100
h1,h8,108.338,0
h1,h9,93.047,0
h1,h10,91.853,0
h1,h11,N/A,100
h1,h12,111.174,0
h1,h13,107.755,0
h1,h14,100.131,0
h1,h15,100.722,0
h1,h16,98.600,0
h1,h17,99.094,0
h1,h18,100.959,0
h1,h19,100.823,0
h1,h20,110.553,0
h1,h21,99.436,0
h1,h22,95.792,0
h1,h23,104.525,0
h1,h24,96.300,0
h1,h25,100.187,0
h1,h26,97.858,0
h1,h27,100.534,0
h1,h28,100.330,0
h1,h29,93.984,0
h1,h30,N/A,100
h1,h31,98.357,0
h1,h32,163.548,0
h1,h33,N/A,100
h1,h34,N/A,100
h1,h35,N/A,100
h1,h36,111.152,0
h1,h37,N/A,100
h1,h38,N/A,100
h1,h39,95.595,0
h1,h2,108.003,0
h1,h3,101.384,0
h1,h4,115.235,0
h1,h5,109.747,0
h1,h6,115.918,0
h1,h7,N/A,100
h1,h8,103.502,0
h1,h9,105.315,0
h1,h10,102.029,0
h1,h11,N/A,100
h1,h12,100.919,0
h1,h13,100.278,0
h1,h14,108.195,0
h1,h15,104.181,0
h1,h16,100.597,0
h1,h17,109.001,0
h1,h18,101.363,0
h1,h19,115.691,0
h1,h20,111.372,0
h1,h21,111.035,0
h1,h22,110.015,0
h1,h23,115.021,0
h1,h24,120.067,0
h1,h25,105.998,0
h1,h26,110.119,0
h1,h27,112.247,0
h1,h28,113.585,0
h1,h29,99.528,0
h1,h30,N/A,100
h1,h31,97.137,0
h1,h32,169.430,0
h1,h33,N/A,100
h1,h34,N/A,100
h1,h35,N/A,100
h1,h36,96.052,0
h1,h37,N/A,100
h1,h38,N/A,100
h1,h39,105.038,0
h1,h2,114.310,0
h1,h3,100.502,0
h1,h4,124.100,0
h1,h5,123.467,0
h1,h6,120.051,0
h1,h7,N/A,100
h1,h8,91.285,0
h1,h9,126.592,0
h1,h10,93.881,0
h1,h11,N/A,100
h1,h12,99.439,0
h1,h13,97.689,0
h1,h14,99.140,0
h1,h15,101.017,0
h1,h16,102.149,0
h1,h17,90.531,0
h1,h18,100.166,0
h1,h19,104.683,0
h1,h20,99.638,0
h1,h21,94.671,0
h1,h22,99.500,0
h1,h23,95.606,0
h1,h24,105.753,0
h1,h25,99.151,0
h1,h26,98.715,0
h1,h27,92.403,0
h1,h28,101.836,0
h1,h29,101.066,0
h1,h30,N/A,100
h1,h31,126.996,0
h1,h32,201.900,0
h1,h33,N/A,100
h1,h34,N/A,100
h1,h35,N/A,100
h1,h36,120.601,0
h1,h37,N/A,100
h1,h38,N/A,100
h1,h39,109.149,0
h1,h2,108.170,0
h1,h3,111.655,0
h1,h4,107.024,0
h1,h5,112.538,0
h1,h6,94.304,0
h1,h7,N/A,100
h1,h8,113.514,0
h1,h9,111.459,0
h1,h10,106.571,0
h1,h11,N/A,100
h1,h12,110.290,0
h1,h13,116.556,0
h1,h14,103.790,0
h1,h15,100.524,0
h1,h16,108.962,0
h1,h17,111.841,0
h1,h18,104.617,0
h1,h19,101.158,0
h1,h20,96.078,0
h1,h21,101.376,0
h1,h22,99.006,0
h1,h23,103.367,0
h1,h24,101.025,0
h1,h25,99.328,0
h1,h26,101.040,0
h1,h27,97.817,0
h1,h28,104.640,0
h1,h29,105.256,0
h1,h30,N/A,100
h1,h31,139.541,0
h1,h32,156.535,0
h1,h33,N/A,100
h1,h34,N/A,100
h1,h35,N/A,100
h1,h36,104.015,0
h1,h37,N/A,100
h1,h38,N/A,100
h1,h39,96.871,0
h1,h2,104.382,0
h1,h3,108.189,0
h1,h4,100.831,0
h1,h5,107.433,0
h1,h6,102.460,0
h1,h7,N/A,100
h1,h8,101.909,0
h1,h9,101.257,0
h1,h10,99.344,0
h1,h11,N/A,100
h1,h12,97.409,0
h1,h13,99.450,0
h1,h14,92.857,0
h1,h15,106.326,0
h1,h16,96.203,0
h1,h17,102.406,0
h1,h18,96.451,0
h1,h19,94.701,0
h1,h20,99.412,0
h1,h21,100.214,0
h1,h22,94.574,0
h1,h23,92.581,0
h1,h24,94.127,0
h1,h25,95.844,0
h1,h26,97.793,0
h1,h27,101.939,0
h1,h28,97.209,0
h1,h29,99.413,0
h1,h30,N/A,100
h1,h31,97.678,0
h1,h32,152.174,0
h1,h33,N/A,100
h1,h34,N/A,100
h1,h35,N/A,100
h1,h36,100.182,0
h1,h37,N/A,100
h1,h38,N/A,100
h1,h39,97.943,0
h1,h2,106.969,0
h1,h3,97.368,0
h1,h4,106.991,0
h1,h5,102.360,0
h1,h6,111.525,0
h1,h7,N/A,100
h1,h8,112.604,0
h1,h9,118.782,0
h1,h10,119.589,0
h1,h11,N/A,100
h1,h12,106.950,0
h1,h13,103.806,0
h1,h14,110.002,0
h1,h15,114.555,0
h1,h16,107.580,0
h1,h17,96.418,0
h1,h18,108.946,0
h1,h19,102.461,0
h1,h20,107.844,0
h1,h21,103.428,0
h1,h22,119.673,0
h1,h23,118.966,0
h1,h24,147.136,0
h1,h25,118.153,0
h1,h26,106.731,0
h1,h27,99.594,0
h1,h28,103.167,0
h1,h29,111.555,0
h1,h30,N/A,100
h1,h31,107.795,0
h1,h32,172.280,0
h1,h33,N/A,100
h1,h34,N/A,100
h1,h35,N/A,100
h1,h36,99.658,0
h1,h37,N/A,100
h1,h38,N/A,100
h1,h39,101.824,0
h1,h2,103.928,0
h1,h3,102.523,0
h1,h4,105.578,0
h1,h5,101.530,0
h1,h6,103.077,0
h1,h7,N/A,100
h1,h8,98.933,0
h1,h9,102.511,0
h1,h10,110.354,0
h1,h11,N/A,100
h1,h12,100.969,0
h1,h13,97.964,0
h1,h14,99.222,0
h1,h15,99.720,0
h1,h16,109.408,0
h1,h17,102.919,0
h1,h18,97.476,0
h1,h19,97.173,0
h1,h20,107.947,0
h1,h21,104.006,0
h1,h22,104.480,0
h1,h23,99.238,0
h1,h24,99.152,0
h1,h25,104.337,0
h1,h26,112.394,0
h1,h27,97.814,0
h1,h28,98.678,0
h1,h29,99.185,0
h1,h30,N/A,100
h1,h31,97.562,0
h1,h32,232.360,0
h1,h33,N/A,100
h1,h34,N/A,100
h1,h35,N/A,100
h1,h36,100.538,0
h1,h37,N/A,100
h1,h38,N/A,100
h1,h39,89.749,0
h1,h2,106.649,0
h1,h3,101.502,0
h1,h4,100.476,0
h1,h5,109.150,0
h1,h6,102.390,0
h1,h7,162.769,0
h1,h8,97.790,0
h1,h9,112.830,0
h1,h10,109.983,0
h1,h11,N/A,100
h1,h12,117.015,0
h1,h13,110.159,0
h1,h14,109.223,0
h1,h15,109.490,0
h1,h16,101.879,0
h1,h17,98.012,0
h1,h18,137.892,0
h1,h19,102.437,0
h1,h20,150.114,0
h1,h21,127.564,0
h1,h22,98.083,0
h1,h23,102.319,0
h1,h24,114.001,0
h1,h25,95.321,0
h1,h26,120.012,0
h1,h27,101.600,0
h1,h28,106.953,0
h1,h29,114.926,0
h1,h30,N/A,100
h1,h31,102.171,0
h1,h32,164.127,0
h1,h33,N/A,100
h1,h34,N/A,100
h1,h35,N/A,100
h1,h36,104.348,0
h1,h37,N/A,100
h1,h38,N/A,100
h1,h39,96.909,0
h1,h2,94.210,0
h1,h3,99.941,0
h1,h4,101.185,0
h1,h5,99.375,0
h1,h6,105.419,0
h1,h7,168.139,0
h1,h8,109.118,0
h1,h9,114.641,0
h1,h10,103.404,0
h1,h11,N/A,100
h1,h12,97.284,0
h1,h13,108.239,0
h1,h14,94.034,0
h1,h15,104.914,0
h1,h16,95.677,0
h1,h17,107.344,0
h1,h18,101.616,0
h1,h19,106.152,0
h1,h20,105.825,0
h1,h21,100.637,0
h1,h22,97.736,0
h1,h23,98.172,0
h1,h24,102.838,0
h1,h25,99.651,0
h1,h26,105.232,0
h1,h27,106.332,0
h1,h28,106.484,0
h1,h29,110.339,0
h1,h30,N/A,100
h1,h31,105.209,0
h1,h32,163.248,0
h1,h33,N/A,100
h1,h34,N/A,100
h1,h35,N/A,100
h1,h36,113.387,0
h1,h37,N/A,100
h1,h38,N/A,100
h1,h39,110.306,0
h1,h2,101.942,0
h1,h3,99.462,0
h1,h4,90.620,0
h1,h5,98.362,0
h1,h6,98.550,0
h1,h7,162.485,0
h1,h8,102.849,0
h1,h9,93.493,0
h1,h10,89.988,0
h1,h11,N/A,100
h1,h12,92.109,0
h1,h13,95.208,0
h1,h14,94.203,0
h1,h15,93.705,0
h1,h16,93.314,0
h1,h17,94.538,0
h1,h18,94.192,0
h1,h19,100.279,0
h1,h20,99.326,0
h1,h21,92.662,0
h1,h22,93.458,0
h1,h23,104.365,0
h1,h24,97.217,0
h1,h25,158.592,0
h1,h26,103.334,0
h1,h27,121.892,0
h1,h28,114.917,0
h1,h29,103.304,0
h1,h30,N/A,100
h1,h31,99.295,0
h1,h32,170.642,0
h1,h33,N/A,100
h1,h34,N/A,100
h1,h35,N/A,100
h1,h36,106.433,0
h1,h37,N/A,100
h1,h38,N/A,100
h1,h39,105.931,0
h1,h2,110.683,0
h1,h3,101.284,0
h1,h4,108.723,0
h1,h5,99.629,0
h1,h6,103.991,0
h1,h7,N/A,100
h1,h8,105.061,0
h1,h9,100.382,0
h1,h10,94.183,0
h1,h11,N/A,100
h1,h12,100.658,0
h1,h13,97.817,0
h1,h14,99.290,0
h1,h15,96.368,0
h1,h16,98.078,0
h1,h17,100.269,0
h1,h18,105.545,0
h1,h19,104.917,0
h1,h20,92.392,0
h1,h21,99.783,0
h1,h22,102.261,0
h1,h23,106.174,0
h1,h24,101.726,0
h1,h25,92.688,0
h1,h26,107.123,0
h1,h27,105.425,0
h1,h28,97.306,0
h1,h29,102.180,0
h1,h30,N/A,100
h1,h31,96.594,0
h1,h32,151.472,0
h1,h33,N/A,100
h1,h34,N/A,100
h1,h35,N/A,100
h1,h36,99.791,0
h1,h37,N/A,100
h1,h38,N/A,100
h1,h39,95.661,0
h1,h2,90.978,0
h1,h3,97.223,0
h1,h4,97.389,0
h1,h5,97.993,0
h1,h6,90.375,0
h1,h7,N/A,100
h1,h8,98.557,0
h1,h9,93.777,0
h1,h10,97.552,0
h1,h11,N/A,100
h1,h12,96.614,0
h1,h13,93.153,0
h1,h14,97.887,0
h1,h15,98.635,0
h1,h16,96.434,0
h1,h17,96.203,0
h1,h18,100.922,0
h1,h19,100.876,0
h1,h20,100.908,0
h1,h21,99.163,0
h1,h22,104.883,0
h1,h23,106.116,0
h1,h24,92.597,0
h1,h25,100.770,0
h1,h26,138.662,0
h1,h27,97.876,0
h1,h28,113.487,0
h1,h29,94.036,0
h1,h30,N/A,100
h1,h31,100.215,0
h1,h32,236.738,0
h1,h33,N/A,100
h1,h34,N/A,100
h1,h35,N/A,100
h1,h36,105.896,0
h1,h37,N/A,100
h1,h38,N/A,100
h1,h39,134.256,0
h1,h2,118.013,0
h1,h3,122.418,0
h1,h4,96.215,0
h1,h5,104.724,0
h1,h6,98.921,0
h1,h7,N/A,100
h1,h8,107.834,0
h1,h9,107.420,0
h1,h10,101.822,0
h1,h11,N/A,100
h1,h12,108.339,0
h1,h13,109.657,0
h1,h14,113.080,0
h1,h15,96.662,0
h1,h16,100.134,0
h1,h17,95.772,0
h1,h18,99.742,0
h1,h19,100.566,0
h1,h20,99.746,0
h1,h21,94.783,0
h1,h22,99.868,0
h1,h23,101.472,0
h1,h24,98.718,0
h1,h25,105.921,0
h1,h26,104.969,0
h1,h27,103.616,0
h1,h28,102.872,0
h1,h29,104.344,0
h1,h30,N/A,100
h1,h31,115.600,0
h1,h32,162.378,0
h1,h33,N/A,100
h1,h34,N/A,100
h1,h35,N/A,100
h1,h36,90.445,0
h1,h37,N/A,100
h1,h38,N/A,100
h1,h39,105.632,0
h1,h2,96.282,0
h1,h3,104.336,0
h1,h4,105.404,0
h1,h5,101.565,0
h1,h6,111.501,0
h1,h7,N/A,100
h1,h8,105.124,0
h1,h9,107.360,0
h1,h10,98.721,0
h1,h11,N/A,100
h1,h12,99.656,0
h1,h13,99.478,0
h1,h14,95.251,0
h1,h15,102.480,0
h1,h16,98.357,0
h1,h17,103.804,0
h1,h18,101.719,0
h1,h19,94.908,0
h1,h20,100.250,0
h1,h21,104.786,0
h1,h22,102.281,0
h1,h23,95.936,0
h1,h24,95.473,0
h1,h25,94.650,0
h1,h26,97.221,0
h1,h27,113.701,0
h1,h28,101.821,0
h1,h29,96.198,0
h1,h30,N/A,100
h1,h31,98.940,0
h1,h32,227.505,0
h1,h33,N/A,100
h1,h34,N/A,100
h1,h35,N/A,100
h1,h36,98.158,0
h1,h37,N/A,100
h1,h38,N/A,100
h1,h39,114.973,0
h1,h2,108.779,0
h1,h3,101.321,0
h1,h4,105.962,0
h1,h5,115.233,0
h1,h6,142.066,0
h1,h7,N/A,100
h1,h8,129.772,0
h1,h9,106.765,0
h1,h10,100.548,0
h1,h11,N/A,100
h1,h12,100.490,0
h1,h13,103.945,0
h1,h14,115.320,0
h1,h15,113.537,0
h1,h16,109.918,0
h1,h17,110.106,0
h1,h18,123.528,0
h1,h19,118.096,0
h1,h20,113.054,0
h1,h21,105.081,0
h1,h22,113.355,0
h1,h23,101.560,0
h1,h24,112.482,0
h1,h25,102.594,0
h1,h26,120.822,0
h1,h27,110.451,0
h1,h28,102.035,0
h1,h29,109.719,0
h1,h30,N/A,100
h1,h31,107.738,0
h1,h32,173.495,0
h1,h33,N/A,100
h1,h34,N/A,100
h1,h35,N/A,100
h1,h36,101.732,0
h1,h37,N/A,100
h1,h38,N/A,100
h1,h39,110.011,0
h1,h2,101.603,0
h1,h3,105.865,0
h1,h4,107.482,0
h1,h5,104.528,0
h1,h6,109.561,0
h1,h7,N/A,100
h1,h8,98.104,0
h1,h9,98.244,0
h1,h10,101.395,0
h1,h11,N/A,100
h1,h12,108.941,0
h1,h13,104.603,0
h1,h14,100.497,0
h1,h15,105.075,0
h1,h16,97.796,0
h1,h17,107.751,0
h1,h18,97.067,0
h1,h19,98.854,0
h1,h20,94.059,0
h1,h21,102.711,0
h1,h22,104.667,0
h1,h23,108.619,0
h1,h24,103.858,0
h1,h25,99.834,0
h1,h26,98.486,0
h1,h27,101.669,0
h1,h28,95.447,0
h1,h29,93.898,0
h1,h30,N/A,100
h1,h31,98.536,0
h1,h32,153.127,0
h1,h33,N/A,100
h1,h34,N/A,100
h1,h35,N/A,100
h1,h36,107.274,0
h1,h37,N/A,100
h1,h38,N/A,100
h1,h39,92.410,0
h1,h2,106.242,0
h1,h3,104.356,0
h1,h4,103.291,0
h1,h5,115.275,0
h1,h6,107.125,0
h1,h7,N/A,100
h1,h8,110.146,0
h1,h9,101.259,0
h1,h10,117.667,0
h1,h11,N/A,100
h1,h12,110.363,0
h1,h13,109.355,0
h1,h14,115.681,0
h1,h15,98.723,0
h1,h16,114.931,0
h1,h17,117.362,0
h1,h18,109.310,0
h1,h19,123.414,0
h1,h20,182.800,0
h1,h21,119.919,0
h1,h22,114.400,0
h1,h23,130.183,0
h1,h24,92.670,0
h1,h25,117.964,0
h1,h26,110.996,0
h1,h27,111.955,0
h1,h28,96.002,0
h1,h29,107.556,0
h1,h30,N/A,100
h1,h31,96.628,0
h1,h32,147.330,0
h1,h33,N/A,100
h1,h34,N/A,100
h1,h35,N/A,100
h1,h36,103.250,0
h1,h37,N/A,100
h1,h38,N/A,100
h1,h39,92.501,0
h1,h2,104.430,0
h1,h3,94.784,0
h1,h4,97.248,0
h1,h5,91.067,0
h1,h6,99.192,0
h1,h7,155.400,0
h1,h8,106.253,0
h1,h9,95.703,0
h1,h10,102.665,0
h1,h11,N/A,100
h1,h12,114.201,0
h1,h13,107.195,0
h1,h14,103.309,0
h1,h15,98.724,0
h1,h16,101.644,0
h1,h17,96.940,0
h1,h18,100.297,0
h1,h19,99.690,0
h1,h20,98.389,0
h1,h21,101.448,0
h1,h22,111.784,0
h1,h23,96.249,0
h1,h24,102.735,0
h1,h25,99.821,0
h1,h26,98.955,0
h1,h27,100.911,0
h1,h28,100.878,0
h1,h29,103.423,0
h1,h30,N/A,100
h1,h31,106.413,0
h1,h32,229.774,0
h1,h33,N/A,100
h1,h34,N/A,100
h1,h35,N/A,100
h1,h36,99.759,0
h1,h37,N/A,100
h1,h38,N/A,100
h1,h39,97.846,0
h1,h2,117.099,0
h1,h3,100.500,0
h1,h4,102.316,0
h1,h5,112.341,0
h1,h6,99.299,0
h1,h7,172.491,0
h1,h8,106.765,0
h1,h9,104.454,0
h1,h10,111.029,0
h1,h11,N/A,100
h1,h12,103.304,0
h1,h13,114.519,0
h1,h14,100.893,0
h1,h15,109.073,0
h1,h16,112.410,0
h1,h17,103.437,0
h1,h18,110.810,0
h1,h19,101.827,0
h1,h20,100.621,0
h1,h21,108.735,0
h1,h22,107.130,0
h1,h23,109.540,0
h1,h24,103.044,0
h1,h25,94.871,0
h1,h26,111.438,0
h1,h27,104.532,0
h1,h28,101.799,0
h1,h29,108.874,0
h1,h30,N/A,100
h1,h31,114.263,0
h1,h32,168.390,0
h1,h33,N/A,100
h1,h34,N/A,100
h1,h35,N/A,100
h1,h36,106.530,0
h1,h37,N/A,100
h1,h38,N/A,100
h1,h39,100.451,0
h1,h2,102.570,0
h1,h3,106.825,0
h1,h4,98.117,0
h1,h5,104.235,0
h1,h6,97.956,0
h1,h7,164.514,0
h1,h8,100.106,0
h1,h9,96.719,0
h1,h10,102.088,0
h1,h11,N/A,100
h1,h12,98.936,0
h1,h13,97.801,0
h1,h14,105.797,0
h1,h15,94.985,0
h1,h16,100.728,0
h1,h17,99.470,0
h1,h18,98.977,0
h1,h19,99.920,0
h1,h20,104.309,0
h1,h21,102.068,0
h1,h22,93.986,0
h1,h23,102.522,0
h1,h24,105.613,0
h1,h25,101.744,0
h1,h26,101.477,0
h1,h27,98.713,0
h1,h28,97.784,0
h1,h29,96.509,0
h1,h30,N/A,100
h1,h31,94.834,0
h1,h32,162.725,0
h1,h33,N/A,100
h1,h34,N/A,100
h1,h35,N/A,100
h1,h36,103.326,0
h1,h37,N/A,100
h1,h38,N/A,100
h1,h39,101.279,0
h1,h2,97.501,0
h1,h3,99.979,0
h1,h4,93.184,0
h1,h5,102.465,0
h1,h6,96.048,0
h1,h7,154.073,0
h1,h8,96.972,0
h1,h9,95.983,0
h1,h10,98.825,0
h1,h11,N/A,100
h1,h12,91.892,0
h1,h13,96.804,0
h1,h14,102.905,0
h1,h15,90.432,0
h1,h16,94.360,0
h1,h17,96.038,0
h1,h18,93.636,0
h1,h19,100.641,0
h1,h20,97.303,0
h1,h21,95.021,0
h1,h22,93.834,0
h1,h23,101.458,0
h1,h24,97.727,0
h1,h25,99.376,0
h1,h26,138.811,0
h1,h27,154.414,0
h1,h28,125.565,0
h1,h29,139.143,0
h1,h30,N/A,100
h1,h31,106.570,0
h1,h32,244.038,0
h1,h33,N/A,100
h1,h34,N/A,100
h1,h35,N/A,100
h1,h36,96.111,0
h1,h37,N/A,100
h1,h38,N/A,100
h1,h39,110.850,0
h1,h2,116.055,0
h1,h3,122.086,0
h1,h4,110.590,0
h1,h5,103.379,0
h1,h6,104.515,0
h1,h7,168.898,0
h1,h8,104.079,0
h1,h9,99.794,0
h1,h10,97.258,0
h1,h11,N/A,100
h1,h12,98.590,0
h1,h13,96.658,0
h1,h14,93.022,0
h1,h15,97.865,0
h1,h16,99.995,0
h1,h17,100.928,0
h1,h18,108.952,0
h1,h19,101.993,0
h1,h20,107.720,0
h1,h21,105.572,0
h1,h22,96.556,0
h1,h23,95.236,0
h1,h24,100.633,0
h1,h25,98.320,0
h1,h26,104.919,0
h1,h27,101.288,0
h1,h28,118.473,0
h1,h29,96.425,0
h1,h30,N/A,100
h1,h31,113.469,0
h1,h32,165.914,0
h1,h33,N/A,100
h1,h34,N/A,100
h1,h35,N/A,100
h1,h36,111.638,0
h1,h37,N/A,100
h1,h38,N/A,100
h1,h39,98.014,0
h1,h2,102.584,0
h1,h3,114.925,0
h1,h4,104.219,0
h1,h5,100.969,0
h1,h6,92.330,0
h1,h7,N/A,100
h1,h8,102.380,0
h1,h9,93.683,0
h1,h10,97.681,0
h1,h11,N/A,100
h1,h12,100.171,0
h1,h13,99.945,0
h1,h14,96.813,0
h1,h15,92.377,0
h1,h16,98.384,0
h1,h17,99.351,0
h1,h18,99.692,0
h1,h19,99.171,0
h1,h20,94.966,0
h1,h21,95.722,0
h1,h22,97.306,0
h1,h23,93.314,0
h1,h24,96.032,0
h1,h25,132.113,0
h1,h26,108.532,0
h1,h27,110.488,0
h1,h28,103.931,0
h1,h29,108.693,0
h1,h30,N/A,100
h1,h31,117.233,0
h1,h32,N/A,100
h1,h33,N/A,100
h1,h34,N/A,100
h1,h35,N/A,100
h1,h36,110.902,0
h1,h37,N/A,100
h1,h38,N/A,100
h1,h39,111.165,0
h1,h2,116.876,0
h1,h3,111.731,0
h1,h4,99.508,0
h1,h5,99.311,0
h1,h6,97.278,0
h1,h7,N/A,100
h1,h8,108.205,0
h1,h9,99.555,0
h1,h10,99.022,0
h1,h11,N/A,100
h1,h12,100.535,0
h1,h13,96.331,0
h1,h14,93.669,0
h1,h15,98.138,0
h1,h16,106.368,0
h1,h17,94.551,0
h1,h18,106.505,0
h1,h19,98.167,0
h1,h20,99.394,0
h1,h21,98.371,0
h1,h22,101.060,0
h1,h23,94.921,0
h1,h24,100.955,0
h1,h25,97.865,0
h1,h26,109.019,0
h1,h27,98.559,0
h1,h28,99.077,0
h1,h29,104.407,0
h1,h30,N/A,100
h1,h31,99.922,0
h1,h32,N/A,100
h1,h33,N/A,100
h1,h34,N/A,100
h1,h35,N/A,100
h1,h36,102.959,0
h1,h37,N/A,100
h1,h38,N/A,100
h1,h39,101.216,0
h1,h2,95.610,0
h1,h3,101.158,0
h1,h4,90.760,0
h1,h5,91.480,0
h1,h6,94.738,0
h1,h7,N/A,100
h1,h8,92.271,0
h1,h9,91.599,0
h1,h10,99.018,0
h1,h11,N/A,100
h1,h12,96.518,0
h1,h13,97.100,0
h1,h14,100.576,0
h1,h15,101.003,0
h1,h16,94.804,0
h1,h17,98.822,0
h1,h18,99.541,0
h1,h19,99.505,0
h1,h20,98.103,0
h1,h21,96.120,0
h1,h22,97.541,0
h1,h23,97.622,0
h1,h24,92.813,0
h1,h25,98.853,0
h1,h26,99.328,0
h1,h27,97.283,0
h1,h28,102.911,0
h1,h29,96.625,0
h1,h30,N/A,100
h1,h31,106.410,0
h1,h32,N/A,100
h1,h33,N/A,100
h1,h34,N/A,100
h1,h35,N/A,100
h1,h36,105.328,0
h1,h37,N/A,100
h1,h38,N/A,100
h1,h39,103.424,0
h1,h2,98.487,0
h1,h3,102.999,0
h1,h4,112.597,0
h1,h5,103.710,0
h1,h6,102.835,0
h1,h7,N/A,100
h1,h8,95.223,0
h1,h9,108.016,0
h1,h10,107.882,0
h1,h11,N/A,100
h1,h12,161.465,0
h1,h13,98.674,0
h1,h14,101.845,0
h1,h15,95.549,0
h1,h16,95.625,0
h1,h17,94.278,0
h1,h18,106.333,0
h1,h19,97.868,0
h1,h20,96.730,0
h1,h21,104.935,0
h1,h22,108.257,0
h1,h23,97.314,0
h1,h24,101.631,0
h1,h25,94.412,0
h1,h26,108.021,0
h1,h27,125.266,0
h1,h28,104.308,0
h1,h29,95.809,0
h1,h30,N/A,100
h1,h31,98.433,0
h1,h32,N/A,100
h1,h33,N/A,100
h1,h34,N/A,100
h1,h35,N/A,100
h1,h36,104.682,0
h1,h37,N/A,100
h1,h38,N/A,100
h1,h39,102.869,0
h1,h2,104.425,0
h1,h3,110.355,0
h1,h4,103.655,0
h1,h5,109.746,0
h1,h6,92.328,0
h1,h7,N/A,100
h1,h8,108.663,0
h1,h9,100.484,0
h1,h10,106.892,0
h1,h11,N/A,100
h1,h12,101.341,0
h1,h13,96.334,0
h1,h14,95.400,0
h1,h15,101.889,0
h1,h16,96.344,0
h1,h17,95.904,0
h1,h18,98.355,0
h1,h19,99.031,0
h1,h20,91.667,0
h1,h21,96.284,0
h1,h22,99.583,0
h1,h23,101.632,0
h1,h24,97.951,0
h1,h25,96.306,0
h1,h26,96.365,0
h1,h27,103.316,0
h1,h28,93.261,0
h1,h29,98.920,0
h1,h30,N/A,100
h1,h31,96.293,0
h1,h32,N/A,100
h1,h33,N/A,100
h1,h34,N/A,100
h1,h35,N/A,100
h1,h36,98.929,0
h1,h37,N/A,100
h1,h38,N/A,100
h1,h39,106.009,0
h1,h2,108.104,0
h1,h3,103.013,0
h1,h4,111.875,0
h1,h5,122.107,0
h1,h6,105.060,0
h1,h7,N/A,100
h1,h8,135.246,0
h1,h9,95.881,0
h1,h10,100.934,0
h1,h11,N/A,100
h1,h12,117.067,0
h1,h13,116.468,0
h1,h14,109.656,0
h1,h15,120.858,0
h1,h16,109.953,0
h1,h17,109.706,0
h1,h18,109.477,0
h1,h19,106.992,0
h1,h20,101.335,0
h1,h21,115.893,0
h1,h22,106.218,0
h1,h23,109.862,0
h1,h24,111.870,0
h1,h25,106.729,0
h1,h26,108.259,0
h1,h27,104.676,0
h1,h28,102.570,0
h1,h29,99.856,0
h1,h30,N/A,100
h1,h31,99.451,0
h1,h32,N/A,100
h1,h33,N/A,100
h1,h34,N/A,100
h1,h35,N/A,100
h1,h36,100.407,0
h1,h37,N/A,100
h1,h38,N/A,100
h1,h39,107.792,0
h1,h2,107.338,0
h1,h3,92.974,0
h1,h4,103.989,0
h1,h5,99.776,0
h1,h6,90.769,0
h1,h7,N/A,100
h1,h8,113.129,0
h1,h9,97.428,0
h1,h10,98.792,0
h1,h11,N/A,100
h1,h12,108.103,0
h1,h13,107.700,0
h1,h14,104.472,0
h1,h15,103.916,0
h1,h16,102.336,0
h1,h17,99.659,0
h1,h18,101.906,0
h1,h19,99.063,0
h1,h20,112.140,0
h1,h21,99.473,0
h1,h22,90.824,0
h1,h23,101.687,0
h1,h24,102.790,0
h1,h25,94.198,0
h1,h26,94.636,0
h1,h27,94.672,0
h1,h28,95.189,0
h1,h29,90.411,0
h1,h30,N/A,100
h1,h31,99.474,0
h1,h32,N/A,100
h1,h33,N/A,100
h1,h34,N/A,100
h1,h35,N/A,100
h1,h36,96.254,0
h1,h37,N/A,100
h1,h38,N/A,100
h1,h39,108.546,0
h1,h2,110.235,0
h1,h3,117.834,0
h1,h4,100.489,0
h1,h5,104.328,0
h1,h6,103.173,0
h1,h7,N/A,100
h1,h8,106.705,0
h1,h9,104.506,0
h1,h10,116.043,0
h1,h11,N/A,100
h1,h12,99.715,0
h1,h13,106.440,0
h1,h14,102.863,0
h1,h15,110.820,0
h1,h16,109.492,0
h1,h17,114.410,0
h1,h18,112.427,0
h1,h19,116.747,0
h1,h20,104.158,0
h1,h21,105.180,0
h1,h22,112.779,0
h1,h23,104.534,0
h1,h24,118.065,0
h1,h25,114.374,0
h1,h26,104.350,0
h1,h27,109.395,0
h1,h28,109.335,0
h1,h29,111.269,0
h1,h30,N/A,100
h1,h31,111.424,0
h1,h32,N/A,100
h1,h33,N/A,100
h1,h34,N/A,100
h1,h35,N/A,100
h1,h36,97.066,0
h1,h37,N/A,100
h1,h38,N/A,100
h1,h39,101.852,0
h1,h2,103.806,0
h1,h3,100.961,0
h1,h4,97.958,0
h1,h5,97.243,0
h1,h6,112.441,0
h1,h7,N/A,100
h1,h8,99.825,0
h1,h9,107.399,0
h1,h10,98.406,0
h1,h11,N/A,100
h1,h12,95.484,0
h1,h13,97.973,0
h1,h14,108.254,0
h1,h15,108.930,0
h1,h16,110.171,0
h1,h17,120.039,0
h1,h18,93.409,0
h1,h19,100.602,0
h1,h20,99.881,0
h1,h21,99.982,0
h1,h22,105.595,0
h1,h23,108.656,0
h1,h24,101.963,0
h1,h25,102.602,0
h1,h26,96.788,0
h1,h27,96.513,0
h1,h28,107.228,0
h1,h29,103.164,0
h1,h30,N/A,100
h1,h31,106.821,0
h1,h32,N/A,100
h1,h33,N/A,100
h1,h34,N/A,100
h1,h35,N/A,100
h1,h36,101.292,0
h1,h37,N/A,100
h1,h38,N/A,100
h1,h39,97.500,0
h1,h2,98.612,0
h1,h3,98.030,0
h1,h4,111.104,0
h1,h5,101.811,0
h1,h6,93.227,0
h1,h7,N/A,100
h1,h8,179.871,0
h1,h9,104.389,0
h1,h10,106.378,0
h1,h11,N/A,100
h1,h12,110.393,0
h1,h13,103.291,0
h1,h14,108.110,0
h1,h15,106.644,0
h1,h16,113.692,0
h1,h17,107.160,0
h1,h18,106.470,0
h1,h19,101.578,0
h1,h20,108.040,0
h1,h21,114.111,0
h1,h22,100.530,0
h1,h23,183.313,0
h1,h24,128.656,0
h1,h25,124.628,0
h1,h26,92.624,0
h1,h27,97.677,0
h1,h28,89.533,0
h1,h29,89.978,0
h1,h30,N/A,100
h1,h31,98.631,0
h1,h32,1893.145,0
h1,h33,N/A,100
h1,h34,N/A,100
h1,h35,N/A,100
h1,h36,93.334,0
h1,h37,N/A,100
h1,h38,N/A,100
h1,h39,97.265,0
h1,h2,91.221,0
h1,h3,104.063,0
h1,h4,100.106,0
h1,h5,94.789,0
h1,h6,98.457,0
h1,h7,N/A,100
h1,h8,105.010,0
h1,h9,100.324,0
h1,h10,103.939,0
h1,h11,N/A,100
h1,h12,98.777,0
h1,h13,96.768,0
h1,h14,104.238,0
h1,h15,104.590,0
h1,h16,104.959,0
h1,h17,102.521,0
h1,h18,103.650,0
h1,h19,102.158,0
h1,h20,105.087,0
h1,h21,114.056,0
h1,h22,105.020,0
h1,h23,103.895,0
h1,h24,98.999,0
h1,h25,106.383,0
h1,h26,95.483,0
h1,h27,101.654,0
h1,h28,96.865,0
h1,h29,106.856,0
h1,h30,N/A,100
h1,h31,98.761,0
h1,h32,201.109,0
h1,h33,N/A,100
h1,h34,N/A,100
h1,h35,N/A,100
h1,h36,94.825,0
h1,h37,N/A,100
h1,h38,N/A,100
h1,h39,99.211,0
h1,h2,94.124,0
h1,h3,106.624,0
h1,h4,115.235,0
h1,h5,104.007,0
h1,h6,116.705,0
h1,h7,N/A,100
h1,h8,127.609,0
h1,h9,115.730,0
h1,h10,108.521,0
h1,h11,N/A,100
h1,h12,119.781,0
h1,h13,112.479,0
h1,h14,106.493,0
h1,h15,103.253,0
h1,h16,124.707,0
h1,h17,132.630,0
h1,h18,110.244,0
h1,h19,104.087,0
h1,h20,105.850,0
h1,h21,94.652,0
h1,h22,109.033,0
h1,h23,116.040,0
h1,h24,99.127,0
h1,h25,103.526,0
h1,h26,120.845,0
h1,h27,101.819,0
h1,h28,104.231,0
h1,h29,100.158,0
h1,h30,N/A,100
h1,h31,106.055,0
h1,h32,163.416,0
h1,h33,N/A,100
h1,h34,N/A,100
h1,h35,N/A,100
h1,h36,112.062,0
h1,h37,N/A,100
h1,h38,N/A,100
h1,h39,104.708,0
h1,h2,100.210,0
h1,h3,97.250,0
h1,h4,99.823,0
h1,h5,105.559,0
h1,h6,99.501,0
h1,h7,N/A,100
h1,h8,100.184,0
h1,h9,104.276,0
h1,h10,102.514,0
h1,h11,N/A,100
h1,h12,109.408,0
h1,h13,106.757,0
h1,h14,94.033,0
h1,h15,101.983,0
h1,h16,101.820,0
h1,h17,101.892,0
h1,h18,96.089,0
h1,h19,100.476,0
h1,h20,96.027,0
h1,h21,107.888,0
h1,h22,103.392,0
h1,h23,97.124,0
h1,h24,99.977,0
h1,h25,92.185,0
h1,h26,97.906,0
h1,h27,99.690,0
h1,h28,100.352,0
h1,h29,103.632,0
h1,h30,N/A,100
h1,h31,101.454,0
h1,h32,149.380,0
h1,h33,N/A,100
h1,h34,N/A,100
h1,h35,N/A,100
h1,h36,108.531,0
h1,h37,N/A,100
h1,h38,N/A,100
h1,h39,101.191,0
h1,h2,90.316,0
h1,h3,102.184,0
h1,h4,90.886,0
h1,h5,97.976,0
h1,h6,97.428,0
h1,h7,160.929,0
h1,h8,101.310,0
h1,h9,99.006,0
h1,h10,103.987,0
h1,h11,N/A,100
h1,h12,99.927,0
h1,h13,89.902,0
h1,h14,99.845,0
h1,h15,100.548,0
h1,h16,97.898,0
h1,h17,98.434,0
h1,h18,100.583,0
h1,h19,141.290,0
h1,h20,162.686,0
h1,h21,119.538,0
h1,h22,108.837,0
h1,h23,102.604,0
h1,h24,108.578,0
h1,h25,101.381,0
h1,h26,123.562,0
h1,h27,103.457,0
h1,h28,117.477,0
h1,h29,105.924,0
h1,h30,N/A,100
h1,h31,117.189,0
h1,h32,N/A,100
h1,h33,N/A,100
h1,h34,N/A,100
h1,h35,N/A,100
h1,h36,99.287,0
h1,h37,N/A,100
h1,h38,N/A,100
h1,h39,122.091,0
h1,h2,114.975,0
h1,h3,101.457,0
h1,h4,110.177,0
h1,h5,114.046,0
h1,h6,104.253,0
h1,h7,165.543,0
h1,h8,110.680,0
h1,h9,108.741,0
h1,h10,96.635,0
h1,h11,N/A,100
h1,h12,122.461,0
h1,h13,96.833,0
h1,h14,97.084,0
h1,h15,100.455,0
h1,h16,93.881,0
h1,h17,99.941,0
h1,h18,90.313,0
h1,h19,103.753,0
h1,h20,90.908,0
h1,h21,101.398,0
h1,h22,115.356,0
h1,h23,97.837,0
h1,h24,104.857,0
h1,h25,105.979,0
h1,h26,100.118,0
h1,h27,107.151,0
h1,h28,94.454,0
h1,h29,91.673,0
h1,h30,N/A,100
h1,h31,99.436,0
h1,h32,N/A,100
h1,h33,N/A,100
h1,h34,N/A,100
h1,h35,N/A,100
h1,h36,96.497,0
h1,h37,N/A,100
h1,h38,N/A,100
h1,h39,105.208,0
h1,h2,105.723,0
h1,h3,100.164,0
h1,h4,114.734,0
h1,h5,105.063,0
h1,h6,100.949,0
h1,h7,157.425,0
h1,h8,107.307,0
h1,h9,97.923,0
h1,h10,97.302,0
h1,h11,N/A,100
h1,h12,103.101,0
h1,h13,100.525,0
h1,h14,93.909,0
h1,h15,99.466,0
h1,h16,96.615,0
h1,h17,99.225,0
h1,h18,96.568,0
h1,h19,101.824,0
h1,h20,95.899,0
h1,h21,96.789,0
h1,h22,97.354,0
h1,h23,98.867,0
h1,h24,104.572,0
h1,h25,98.571,0
h1,h26,100.117,0
h1,h27,100.122,0
h1,h28,101.138,0
h1,h29,93.989,0
h1,h30,N/A,100
h1,h31,105.835,0
h1,h32,N/A,100
h1,h33,N/A,100
h1,h34,N/A,100
h1,h35,N/A,100
h1,h36,114.541,0
h1,h37,N/A,100
h1,h38,N/A,100
h1,h39,99.099,0
h1,h2,105.229,0
h1,h3,102.065,0
h1,h4,92.640,0
h1,h5,93.996,0
h1,h6,118.336,0
h1,h7,169.603,0
h1,h8,103.435,0
h1,h9,103.113,0
h1,h10,102.439,0
h1,h11,N/A,100
h1,h12,124.133,0
h1,h13,111.811,0
h1,h14,116.785,0
h1,h15,101.520,0
h1,h16,101.319,0
h1,h17,102.925,0
h1,h18,115.316,0
h1,h19,111.259,0
h1,h20,97.941,0
h1,h21,102.944,0
h1,h22,99.523,0
h1,h23,101.721,0
h1,h24,98.514,0
h1,h25,100.577,0
h1,h26,103.728,0
h1,h27,102.199,0
h1,h28,100.176,0
h1,h29,91.041,0
h1,h30,N/A,100
h1,h31,107.390,0
h1,h32,N/A,100
h1,h33,N/A,100
h1,h34,N/A,100
h1,h35,N/A,100
h1,h36,99.598,0
h1,h37,N/A,100
h1,h38,N/A,100
h1,h39,114.216,0
h1,h2,99.929,0
h1,h3,101.986,0
h1,h4,100.526,0
h1,h5,103.688,0
h1,h6,103.752,0
h1,h7,163.835,0
h1,h8,107.134,0
h1,h9,100.253,0
h1,h10,101.445,0
h1,h11,N/A,100
h1,h12,115.230,0
h1,h13,100.331,0
h1,h14,95.396,0
h1,h15,99.246,0
h1,h16,102.157,0
h1,h17,95.346,0
h1,h18,105.614,0
h1,h19,93.201,0
h1,h20,117.684,0
h1,h21,97.141,0
h1,h22,102.713,0
h1,h23,105.671,0
h1,h24,106.847,0
h1,h25,102.689,0
h1,h26,99.984,0
h1,h27,93.819,0
h1,h28,102.383,0
h1,h29,99.737,0
h1,h30,N/A,100
h1,h31,93.627,0
h1,h32,N/A,100
h1,h33,N/A,100
h1,h34,N/A,100
h1,h35,N/A,100
h1,h36,93.286,0
h1,h37,N/A,100
h1,h38,N/A,100
h1,h39,127.874,0
h1,h2,94.989,0
h1,h3,109.788,0
h1,h4,111.031,0
h1,h5,111.375,0
h1,h6,105.274,0
h1,h7,N/A,100
h1,h8,115.232,0
h1,h9,114.777,0
h1,h10,108.431,0
h1,h11,N/A,100
h1,h12,101.389,0
h1,h13,98.894,0
h1,h14,120.225,0
h1,h15,116.415,0
h1,h16,109.604,0
h1,h17,116.386,0
h1,h18,108.072,0
h1,h19,108.157,0
h1,h20,119.845,0
h1,h21,107.316,0
h1,h22,100.355,0
h1,h23,94.011,0
h1,h24,111.292,0
h1,h25,91.704,0
h1,h26,106.279,0
h1,h27,102.873,0
h1,h28,99.918,0
h1,h29,101.103,0
h1,h30,N/A,100
h1,h31,100.348,0
h1,h32,N/A,100
h1,h33,N/A,100
h1,h34,N/A,100
h1,h35,N/A,100
h1,h36,105.636,0
h1,h37,N/A,100
h1,h38,N/A,100
h1,h39,104.278,0
h1,h2,98.235,0
h1,h3,101.415,0
h1,h4,99.985,0
h1,h5,98.952,0
h1,h6,98.012,0
h1,h7,N/A,100
h1,h8,101.902,0
h1,h9,96.352,0
h1,h10,97.327,0
h1,h11,N/A,100
h1,h12,95.615,0
h1,h13,97.652,0
h1,h14,93.545,0
h1,h15,100.840,0
h1,h16,94.283,0
h1,h17,93.376,0
h1,h18,110.105,0
h1,h19,96.528,0
h1,h20,92.021,0
h1,h21,94.614,0
h1,h22,98.960,0
h1,h23,93.125,0
h1,h24,94.244,0
h1,h25,90.574,0
h1,h26,94.640,0
h1,h27,159.972,0
h1,h28,151.595,0
h1,h29,124.311,0
h1,h30,N/A,100
h1,h31,95.902,0
h1,h32,N/A,100
h1,h33,N/A,100
h1,h34,N/A,100
h1,h35,N/A,100
h1,h36,108.620,0
h1,h37,N/A,100
h1,h38,N/A,100
h1,h39,102.849,0
h1,h2,112.117,0
h1,h3,124.818,0
h1,h4,104.831,0
h1,h5,123.251,0
h1,h6,116.636,0
h1,h7,N/A,100
h1,h8,110.019,0
h1,h9,105.238,0
h1,h10,97.429,0
h1,h11,N/A,100
h1,h12,102.307,0
h1,h13,105.159,0
h1,h14,99.852,0
h1,h15,108.940,0
h1,h16,97.486,0
h1,h17,103.204,0
h1,h18,97.132,0
h1,h19,102.225,0
h1,h20,97.192,0
h1,h21,103.023,0
h1,h22,106.304,0
h1,h23,106.469,0
h1,h24,98.028,0
h1,h25,104.464,0
h1,h26,107.561,0
h1,h27,103.525,0
h1,h28,100.544,0
h1,h29,106.298,0
h1,h30,N/A,100
h1,h31,109.588,0
h1,h32,N/A,100
h1,h33,N/A,100
h1,h34,N/A,100
h1,h35,N/A,100
h1,h36,100.757,0
h1,h37,N/A,100
h1,h38,N/A,100
h1,h39,101.417,0
h1,h2,125.208,0
h1,h3,100.102,0
h1,h4,100.987,0
h1,h5,95.066,0
h1,h6,106.946,0
h1,h7,N/A,100
h1,h8,100.135,0
h1,h9,104.594,0
h1,h10,99.229,0
h1,h11,N/A,100
h1,h12,99.437,0
h1,h13,96.323,0
h1,h14,100.184,0
h1,h15,106.467,0
h1,h16,105.921,0
h1,h17,105.995,0
h1,h18,100.235,0
h1,h19,101.810,0
h1,h20,94.303,0
h1,h21,108.699,0
h1,h22,94.866,0
h1,h23,93.868,0
h1,h24,103.348,0
h1,h25,94.367,0
h1,h26,100.348,0
h1,h27,91.625,0
h1,h28,92.552,0
h1,h29,94.022,0
h1,h30,N/A,100
h1,h31,92.858,0
h1,h32,N/A,100
h1,h33,N/A,100
h1,h34,N/A,100
h1,h35,N/A,100
h1,h36,122.600,0
h1,h37,N/A,100
h1,h38,N/A,100
h1,h39,103.264,0
h1,h2,97.456,0
h1,h3,105.444,0
h1,h4,116.077,0
h1,h5,113.936,0
h1,h6,109.924,0
h1,h7,N/A,100
h1,h8,112.619,0
h1,h9,108.375,0
h1,h10,98.613,0
h1,h11,N/A,100
h1,h12,97.177,0
h1,h13,116.358,0
h1,h14,107.028,0
h1,h15,106.355,0
h1,h16,112.558,0
h1,h17,106.841,0
h1,h18,111.385,0
h1,h19,119.283,0
h1,h20,115.594,0
h1,h21,99.158,0
h1,h22,115.986,0
h1,h23,115.095,0
h1,h24,113.227,0
h1,h25,108.902,0
h1,h26,93.441,0
h1,h27,111.076,0
h1,h28,116.952,0
h1,h29,109.937,0
h1,h30,N/A,100
h1,h31,110.817,0
h1,h32,124.652,0
h1,h33,N/A,100
h1,h34,N/A,100
h1,h35,N/A,100
h1,h36,116.217,0
h1,h37,N/A,100
h1,h38,N/A,100
h1,h39,101.004,0
h1,h2,101.002,0
h1,h3,99.125,0
h1,h4,96.922,0
h1,h5,103.238,0
h1,h6,101.959,0
h1,h7,N/A,100
h1,h8,91.714,0
h1,h9,99.902,0
h1,h10,105.693,0
h1,h11,N/A,100
h1,h12,93.421,0
h1,h13,97.999,0
h1,h14,103.311,0
h1,h15,101.293,0
h1,h16,104.160,0
h1,h17,104.453,0
h1,h18,116.706,0
h1,h19,117.087,0
h1,h20,100.265,0
h1,h21,103.506,0
h1,h22,100.141,0
h1,h23,99.416,0
h1,h24,95.660,0
h1,h25,99.146,0
h1,h26,95.575,0
h1,h27,100.815,0
h1,h28,100.298,0
h1,h29,102.183,0
h1,h30,N/A,100
h1,h31,97.208,0
h1,h32,114.250,0
h1,h33,N/A,100
h1,h34,N/A,100
h1,h35,N/A,100
h1,h36,98.438,0
h1,h37,N/A,100
h1,h38,N/A,100
h1,h39,99.644,0
h1,h2,125.913,0
h1,h3,112.665,0
h1,h4,121.035,0
h1,h5,108.530,0
h1,h6,97.812,0
h1,h7,N/A,100
h1,h8,105.467,0
h1,h9,111.791,0
h1,h10,107.870,0
h1,h11,N/A,100
h1,h12,107.278,0
h1,h13,109.380,0
h1,h14,116.539,0
h1,h15,115.329,0
h1,h16,111.332,0
h1,h17,110.996,0
h1,h18,110.120,0
h1,h19,114.723,0
h1,h20,104.720,0
h1,h21,104.467,0
h1,h22,114.971,0
h1,h23,99.951,0
h1,h24,100.031,0
h1,h25,105.026,0
h1,h26,102.689,0
h1,h27,106.445,0
h1,h28,115.868,0
h1,h29,105.603,0
h1,h30,N/A,100
h1,h31,109.642,0
h1,h32,123.023,0
h1,h33,N/A,100
h1,h34,N/A,100
h1,h35,N/A,100
h1,h36,110.570,0
h1,h37,N/A,100
h1,h38,N/A,100
h1,h39,106.369,0
h1,h2,99.171,0
h1,h3,106.179,0
h1,h4,110.104,0
h1,h5,107.678,0
h1,h6,98.431,0
h1,h7,158.635,0
h1,h8,100.966,0
h1,h9,97.901,0
h1,h10,91.055,0
h1,h11,N/A,100
h1,h12,99.091,0
h1,h13,101.554,0
h1,h14,97.191,0
h1,h15,101.596,0
h1,h16,97.475,0
h1,h17,104.962,0
h1,h18,97.251,0
h1,h19,96.396,0
h1,h20,100.397,0
h1,h21,100.055,0
h1,h22,93.284,0
h1,h23,91.025,0
h1,h24,98.207,0
h1,h25,106.817,0
h1,h26,109.124,0
h1,h27,111.399,0
h1,h28,101.061,0
h1,h29,103.719,0
h1,h30,N/A,100
h1,h31,110.004,0
h1,h32,123.864,0
h1,h33,N/A,100
h1,h34,N/A,100
h1,h35,N/A,100
h1,h36,114.328,0
h1,h37,N/A,100
h1,h38,N/A,100
h1,h39,106.521,0
h1,h2,104.231,0
h1,h3,118.276,0
h1,h4,106.317,0
h1,h5,112.892,0
h1,h6,109.611,0
h1,h7,160.489,0
h1,h8,113.734,0
h1,h9,111.821,0
h1,h10,107.776,0
h1,h11,N/A,100
h1,h12,102.789,0
h1,h13,113.039,0
h1,h14,95.926,0
h1,h15,113.589,0
h1,h16,103.460,0
h1,h17,92.126,0
h1,h18,118.048,0
h1,h19,104.956,0
h1,h20,106.235,0
h1,h21,108.362,0
h1,h22,97.384,0
h1,h23,119.250,0
h1,h24,113.932,0
h1,h25,107.924,0
h1,h26,105.939,0
h1,h27,93.535,0
h1,h28,95.877,0
h1,h29,109.654,0
h1,h30,N/A,100
h1,h31,109.579,0
h1,h32,122.684,0
h1,h33,N/A,100
h1,h34,N/A,100
h1,h35,N/A,100
h1,h36,118.937,0
h1,h37,N/A,100
h1,h38,N/A,100
h1,h39,95.448,0
h1,h2,97.603,0
h1,h3,95.935,0
h1,h4,96.741,0
h1,h5,101.605,0
h1,h6,90.499,0
h1,h7,155.984,0
h1,h8,99.135,0
h1,h9,103.576,0
h1,h10,91.655,0
h1,h11,N/A,100
h1,h12,100.674,0
h1,h13,99.760,0
h1,h14,110.405,0
h1,h15,107.176,0
h1,h16,95.385,0
h1,h17,96.095,0
h1,h18,103.079,0
h1,h19,95.914,0
h1,h20,101.286,0
h1,h21,107.897,0
h1,h22,93.616,0
h1,h23,109.197,0
h1,h24,135.155,0
h1,h25,100.145,0
h1,h26,110.986,0
h1,h27,114.147,0
h1,h28,108.431,0
h1,h29,101.044,0
h1,h30,N/A,100
h1,h31,99.691,0
h1,h32,N/A,100
h1,h33,N/A,100
h1,h34,N/A,100
h1,h35,N/A,100
h1,h36,97.689,0
h1,h37,N/A,100
h1,h38,N/A,100
h1,h39,99.393,0
h1,h2,105.714,0
h1,h3,116.828,0
h1,h4,116.980,0
h1,h5,129.141,0
h1,h6,132.566,0
h1,h7,166.111,0
h1,h8,105.175,0
h1,h9,109.686,0
h1,h10,114.629,0
h1,h11,N/A,100
h1,h12,105.871,0
h1,h13,106.461,0
h1,h14,113.615,0
h1,h15,105.193,0
h1,h16,113.907,0
h1,h17,98.118,0
h1,h18,113.443,0
h1,h19,123.649,0
h1,h20,119.021,0
h1,h21,117.211,0
h1,h22,109.190,0
h1,h23,103.071,0
h1,h24,112.533,0
h1,h25,103.896,0
h1,h26,109.517,0
h1,h27,106.523,0
h1,h28,110.889,0
h1,h29,104.024,0
h1,h30,N/A,100
h1,h31,119.282,0
h1,h32,N/A,100
h1,h33,N/A,100
h1,h34,N/A,100
h1,h35,N/A,100
h1,h36,114.775,0
h1,h37,N/A,100
h1,h38,N/A,100
h1,h39,110.789,0
h1,h2,95.200,0
h1,h3,106.444,0
h1,h4,96.443,0
h1,h5,110.976,0
h1,h6,109.121,0
h1,h7,160.864,0
h1,h8,106.643,0
h1,h9,102.734,0
h1,h10,92.218,0
h1,h11,N/A,100
h1,h12,105.763,0
h1,h13,98.045,0
h1,h14,87.947,0
h1,h15,106.683,0
h1,h16,104.121,0
h1,h17,108.595,0
h1,h18,105.469,0
h1,h19,104.210,0
h1,h20,100.408,0
h1,h21,98.352,0
h1,h22,90.846,0
h1,h23,101.744,0
h1,h24,107.855,0
h1,h25,112.781,0
h1,h26,99.777,0
h1,h27,98.835,0
h1,h28,109.756,0
h1,h29,105.576,0
h1,h30,N/A,100
h1,h31,103.281,0
h1,h32,N/A,100
h1,h33,N/A,100
h1,h34,N/A,100
h1,h35,N/A,100
h1,h36,100.139,0
h1,h37,N/A,100
h1,h38,N/A,100
h1,h39,99.523,0
h1,h2,97.162,0
h1,h3,94.823,0
h1,h4,93.591,0
h1,h5,99.631,0
h1,h6,92.566,0
h1,h7,159.006,0
h1,h8,93.878,0
h1,h9,115.057,0
h1,h10,122.788,0
h1,h11,N/A,100
h1,h12,102.282,0
h1,h13,103.336,0
h1,h14,107.794,0
h1,h15,97.054,0
h1,h16,114.599,0
h1,h17,110.849,0
h1,h18,107.454,0
h1,h19,108.716,0
h1,h20,104.546,0
h1,h21,105.705,0
h1,h22,118.605,0
h1,h23,107.620,0
h1,h24,109.812,0
h1,h25,110.818,0
h1,h26,112.397,0
h1,h27,110.764,0
h1,h28,102.534,0
h1,h29,99.005,0
h1,h30,N/A,100
h1,h31,115.064,0
h1,h32,N/A,100
h1,h33,N/A,100
h1,h34,N/A,100
h1,h35,N/A,100
h1,h36,114.503,0
h1,h37,N/A,100
h1,h38,N/A,100
h1,h39,118.340,0
h1,h2,102.536,0
h1,h3,100.680,0
h1,h4,98.144,0
h1,h5,97.666,0
h1,h6,100.746,0
h1,h7,159.596,0
h1,h8,94.110,0
h1,h9,98.758,0
h1,h10,98.502,0
h1,h11,N/A,100
h1,h12,96.959,0
h1,h13,99.748,0
h1,h14,100.417,0
h1,h15,102.105,0
h1,h16,97.857,0
h1,h17,107.381,0
h1,h18,106.835,0
h1,h19,93.247,0
h1,h20,90.825,0
h1,h21,99.920,0
h1,h22,103.536,0
h1,h23,101.432,0
h1,h24,101.501,0
h1,h25,104.731,0
h1,h26,98.911,0
h1,h27,94.176,0
h1,h28,102.523,0
h1,h29,90.056,0
h1,h30,N/A,100
h1,h31,94.682,0
h1,h32,N/A,100
h1,h33,N/A,100
h1,h34,N/A,100
h1,h35,N/A,100
h1,h36,95.289,0
h1,h37,N/A,100
h1,h38,N/A,100
h1,h39,98.568,0
h1,h2,93.024,0
h1,h3,97.972,0
h1,h4,94.830,0
h1,h5,96.452,0
h1,h6,99.396,0
h1,h7,N/A,100
h1,h8,101.369,0
h1,h9,98.519,0
h1,h10,99.378,0
h1,h11,N/A,100
h1,h12,96.991,0
h1,h13,99.036,0
h1,h14,97.120,0
h1,h15,101.159,0
h1,h16,98.865,0
h1,h17,102.754,0
h1,h18,95.902,0
h1,h19,96.530,0
h1,h20,96.765,0
h1,h21,96.985,0
h1,h22,101.302,0
h1,h23,102.733,0
h1,h24,116.905,0
h1,h25,130.056,0
h1,h26,117.581,0
h1,h27,108.618,0
h1,h28,133.715,0
h1,h29,124.882,0
h1,h30,N/A,100
h1,h31,103.072,0
h1,h32,N/A,100
h1,h33,N/A,100
h1,h34,N/A,100
h1,h35,N/A,100
h1,h36,107.516,0
h1,h37,N/A,100
h1,h38,N/A,100
h1,h39,108.868,0
h1,h2,102.279,0
h1,h3,108.994,0
h1,h4,117.669,0
h1,h5,104.385,0
h1,h6,134.945,0
h1,h7,N/A,100
h1,h8,176.418,0
h1,h9,92.890,0
h1,h10,108.766,0
h1,h11,N/A,100
h1,h12,108.903,0
h1,h13,102.321,0
h1,h14,115.994,0
h1,h15,104.918,0
h1,h16,110.358,0
h1,h17,100.210,0
h1,h18,110.952,0
h1,h19,106.827,0
h1,h20,104.789,0
h1,h21,99.149,0
h1,h22,105.744,0
h1,h23,100.321,0
h1,h24,95.245,0
h1,h25,110.387,0
h1,h26,97.711,0
h1,h27,101.946,0
h1,h28,108.207,0
h1,h29,106.389,0
h1,h30,N/A,100
h1,h31,103.035,0
h1,h32,N/A,100
h1,h33,N/A,100
h1,h34,N/A,100
h1,h35,N/A,100
h1,h36,99.724,0
h1,h37,N/A,100
h1,h38,N/A,100
h1,h39,111.444,0
h1,h2,108.502,0
h1,h3,106.151,0
h1,h4,98.615,0
h1,h5,96.830,0
h1,h6,101.633,0
h1,h7,N/A,100
h1,h8,98.621,0
h1,h9,94.852,0
h1,h10,101.299,0
h1,h11,N/A,100
h1,h12,98.493,0
h1,h13,92.265,0
h1,h14,97.477,0
h1,h15,98.468,0
h1,h16,93.140,0
h1,h17,101.120,0
h1,h18,99.418,0
h1,h19,111.808,0
h1,h20,121.321,0
h1,h21,129.970,0
h1,h22,106.952,0
h1,h23,136.084,0
h1,h24,104.238,0
h1,h25,110.538,0
h1,h26,92.041,0
h1,h27,107.949,0
h1,h28,89.622,0
h1,h29,105.643,0
h1,h30,N/A,100
h1,h31,113.147,0
h1,h32,123.816,0
h1,h33,N/A,100
h1,h34,N/A,100
h1,h35,N/A,100
h1,h36,115.469,0
h1,h37,N/A,100
h1,h38,N/A,100
h1,h39,115.379,0
h1,h2,139.007,0
h1,h3,92.039,0
h1,h4,163.377,0
h1,h5,107.599,0
h1,h6,108.664,0
h1,h7,N/A,100
h1,h8,94.222,0
h1,h9,102.268,0
h1,h10,102.096,0
h1,h11,N/A,100
h1,h12,107.244,0
h1,h13,105.570,0
h1,h14,104.858,0
h1,h15,103.059,0
h1,h16,101.715,0
h1,h17,99.644,0
h1,h18,100.319,0
h1,h19,104.540,0
h1,h20,96.077,0
h1,h21,100.113,0
h1,h22,101.941,0
h1,h23,94.585,0
h1,h24,101.099,0
h1,h25,95.983,0
h1,h26,101.327,0
h1,h27,104.548,0
h1,h28,99.102,0
h1,h29,101.153,0
h1,h30,N/A,100
h1,h31,105.302,0
h1,h32,147.959,0
h1,h33,N/A,100
h1,h34,N/A,100
h1,h35,N/A,100
h1,h36,95.603,0
h1,h37,N/A,100
h1,h38,N/A,100
h1,h39,102.270,0
h1,h2,101.197,0
h1,h3,102.903,0
h1,h4,95.560,0
h1,h5,98.387,0
h1,h6,97.777,0
h1,h7,N/A,100
h1,h8,105.975,0
h1,h9,98.087,0
h1,h10,110.653,0
h1,h11,N/A,100
h1,h12,97.181,0
h1,h13,98.609,0
h1,h14,96.784,0
h1,h15,96.761,0
h1,h16,93.585,0
h1,h17,98.989,0
h1,h18,99.724,0
h1,h19,95.953,0
h1,h20,101.068,0
h1,h21,111.779,0
h1,h22,98.987,0
h1,h23,92.885,0
h1,h24,98.605,0
h1,h25,96.863,0
h1,h26,97.768,0
h1,h27,99.532,0
h1,h28,92.010,0
h1,h29,97.659,0
h1,h30,N/A,100
h1,h31,95.581,0
h1,h32,116.320,0
h1,h33,N/A,100
h1,h34,N/A,100
h1,h35,N/A,100
h1,h36,115.690,0
h1,h37,N/A,100
h1,h38,N/A,100
h1,h39,115.871,0
h1,h2,119.133,0
h1,h3,120.317,0
h1,h4,124.059,0
h1,h5,108.952,0
h1,h6,131.069,0
h1,h7,N/A,100
h1,h8,110.547,0
h1,h9,117.799,0
h1,h10,133.793,0
h1,h11,N/A,100
h1,h12,108.561,0
h1,h13,121.149,0
h1,h14,115.101,0
h1,h15,93.331,0
h1,h16,104.958,0
h1,h17,96.728,0
h1,h18,112.710,0
h1,h19,107.051,0
h1,h20,124.267,0
h1,h21,108.628,0
h1,h22,102.998,0
h1,h23,109.716,0
h1,h24,107.991,0
h1,h25,106.051,0
h1,h26,101.229,0
h1,h27,103.500,0
h1,h28,105.352,0
h1,h29,96.278,0
h1,h30,N/A,100
h1,h31,99.187,0
h1,h32,120.913,0
h1,h33,N/A,100
h1,h34,N/A,100
h1,h35,N/A,100
h1,h36,96.914,0
h1,h37,N/A,100
h1,h38,N/A,100
h1,h39,107.949,0
h1,h2,104.006,0
h1,h3,100.772,0
h1,h4,120.937,0
h1,h5,104.178,0
h1,h6,100.261,0
h1,h7,N/A,100
h1,h8,99.445,0
h1,h9,99.173,0
h1,h10,100.403,0
h1,h11,N/A,100
h1,h12,104.208,0
h1,h13,100.064,0
h1,h14,99.231,0
h1,h15,107.435,0
h1,h16,105.205,0
h1,h17,100.929,0
h1,h18,103.401,0
h1,h19,99.078,0
h1,h20,95.739,0
h1,h21,97.922,0
h1,h22,95.212,0
h1,h23,94.632,0
h1,h24,94.098,0
h1,h25,94.503,0
h1,h26,97.745,0
h1,h27,99.146,0
h1,h28,95.577,0
h1,h29,101.409,0
h1,h30,N/A,100
h1,h31,96.783,0
h1,h32,N/A,100
h1,h33,N/A,100
h1,h34,N/A,100
h1,h35,N/A,100
h1,h36,94.266,0
h1,h37,N/A,100
h1,h38,N/A,100
h1,h39,121.780,0
h1,h2,99.954,0
h1,h3,108.539,0
h1,h4,112.398,0
h1,h5,100.733,0
h1,h6,115.095,0
h1,h7,175.418,0
h1,h8,100.146,0
h1,h9,94.611,0
h1,h10,114.435,0
h1,h11,N/A,100
h1,h12,101.615,0
h1,h13,103.943,0
h1,h14,102.374,0
h1,h15,104.575,0
h1,h16,103.438,0
h1,h17,98.073,0
h1,h18,109.840,0
h1,h19,100.498,0
h1,h20,92.369,0
h1,h21,131.568,0
h1,h22,110.351,0
h1,h23,100.590,0
h1,h24,108.809,0
h1,h25,107.149,0
h1,h26,108.736,0
h1,h27,108.336,0
h1,h28,100.879,0
h1,h29,120.223,0
h1,h30,N/A,100
h1,h31,109.749,0
h1,h32,N/A,100
h1,h33,N/A,100
h1,h34,N/A,100
h1,h35,N/A,100
h1,h36,103.115,0
h1,h37,N/A,100
h1,h38,N/A,100
h1,h39,105.475,0
h1,h2,91.925,0
h1,h3,103.211,0
h1,h4,99.248,0
h1,h5,97.062,0
h1,h6,99.936,0
h1,h7,158.094,0
h1,h8,103.990,0
h1,h9,100.189,0
h1,h10,90.131,0
h1,h11,N/A,100
h1,h12,100.739,0
h1,h13,101.894,0
h1,h14,91.668,0
h1,h15,101.952,0
h1,h16,97.875,0
h1,h17,102.180,0
h1,h18,101.997,0
h1,h19,103.964,0
h1,h20,93.514,0
h1,h21,99.629,0
h1,h22,103.596,0
h1,h23,117.847,0
h1,h24,96.448,0
h1,h25,105.603,0
h1,h26,101.853,0
h1,h27,98.936,0
h1,h28,105.584,0
h1,h29,105.494,0
h1,h30,N/A,100
h1,h31,93.717,0
h1,h32,N/A,100
h1,h33,N/A,100
h1,h34,N/A,100
h1,h35,N/A,100
h1,h36,94.900,0
h1,h37,N/A,100
h1,h38,N/A,100
h1,h39,93.502,0
h1,h2,106.564,0
h1,h3,106.247,0
h1,h4,111.885,0
h1,h5,89.709,0
h1,h6,137.239,0
h1,h7,163.587,0
h1,h8,106.967,0
h1,h9,105.527,0
h1,h10,103.467,0
h1,h11,N/A,100
h1,h12,113.728,0
h1,h13,104.968,0
h1,h14,116.103,0
h1,h15,109.603,0
h1,h16,257.107,0
h1,h17,100.105,0
h1,h18,101.415,0
h1,h19,113.097,0
h1,h20,110.075,0
h1,h21,121.792,0
h1,h22,108.349,0
h1,h23,102.768,0
h1,h24,111.761,0
h1,h25,104.941,0
h1,h26,106.590,0
h1,h27,108.952,0
h1,h28,108.994,0
h1,h29,109.692,0
h1,h30,N/A,100
h1,h31,116.460,0
h1,h32,N/A,100
h1,h33,N/A,100
h1,h34,N/A,100
h1,h35,N/A,100
h1,h36,109.873,0
h1,h37,N/A,100
h1,h38,N/A,100
h1,h39,106.952,0
h1,h2,108.721,0
h1,h3,89.481,0
h1,h4,103.717,0
h1,h5,89.935,0
h1,h6,91.373,0
h1,h7,146.492,0
h1,h8,102.124,0
h1,h9,95.884,0
h1,h10,134.412,0
h1,h11,N/A,100
h1,h12,90.533,0
h1,h13,103.081,0
h1,h14,90.935,0
h1,h15,107.683,0
h1,h16,95.036,0
h1,h17,94.047,0
h1,h18,95.918,0
h1,h19,97.889,0
h1,h20,101.464,0
h1,h21,99.507,0
h1,h22,95.530,0
h1,h23,108.624,0
h1,h24,93.218,0
h1,h25,104.113,0
h1,h26,90.183,0
h1,h27,100.070,0
h1,h28,98.817,0
h1,h29,100.529,0
h1,h30,N/A,100
h1,h31,99.244,0
h1,h32,N/A,100
h1,h33,N/A,100
h1,h34,N/A,100
h1,h35,N/A,100
h1,h36,101.587,0
h1,h37,N/A,100
h1,h38,N/A,100
h1,h39,100.357,0
h1,h2,132.667,0
h1,h3,108.575,0
h1,h4,109.447,0
h1,h5,105.430,0
h1,h6,98.764,0
h1,h7,160.993,0
h1,h8,131.269,0
h1,h9,109.027,0
h1,h10,118.095,0
h1,h11,N/A,100
h1,h12,101.212,0
h1,h13,93.394,0
h1,h14,92.831,0
h1,h15,109.546,0
h1,h16,107.035,0
h1,h17,104.124,0
h1,h18,112.163,0
h1,h19,108.925,0
h1,h20,111.040,0
h1,h21,113.951,0
h1,h22,116.340,0
h1,h23,116.763,0
h1,h24,103.891,0
h1,h25,129.403,0
h1,h26,188.113,0
h1,h27,103.983,0
h1,h28,116.251,0
h1,h29,103.341,0
h1,h30,N/A,100
h1,h31,119.740,0
h1,h32,N/A,100
h1,h33,N/A,100
h1,h34,N/A,100
h1,h35,N/A,100
h1,h36,113.492,0
h1,h37,N/A,100
h1,h38,N/A,100
h1,h39,116.611,0
h1,h2,105.547,0
h1,h3,102.319,0
h1,h4,101.096,0
h1,h5,112.821,0
h1,h6,101.287,0
h1,h7,N/A,100
h1,h8,102.781,0
h1,h9,98.310,0
h1,h10,102.216,0
h1,h11,N/A,100
h1,h12,100.893,0
h1,h13,96.045,0
h1,h14,95.638,0
h1,h15,94.512,0
h1,h16,105.643,0
h1,h17,95.662,0
h1,h18,101.437,0
h1,h19,100.840,0
h1,h20,107.407,0
h1,h21,107.140,0
h1,h22,102.577,0
h1,h23,107.419,0
h1,h24,106.438,0
h1,h25,100.385,0
h1,h26,103.911,0
h1,h27,113.454,0
h1,h28,97.237,0
h1,h29,103.809,0
h1,h30,N/A,100
h1,h31,93.065,0
h1,h32,N/A,100
h1,h33,N/A,100
h1,h34,N/A,100
h1,h35,N/A,100
h1,h36,99.757,0
h1,h37,N/A,100
h1,h38,N/A,100
h1,h39,115.943,0
h1,h2,107.861,0
h1,h3,103.489,0
h1,h4,95.190,0
h1,h5,100.258,0
h1,h6,93.938,0
h1,h7,N/A,100
h1,h8,108.631,0
h1,h9,97.670,0
h1,h10,98.098,0
h1,h11,N/A,100
h1,h12,96.449,0
h1,h13,136.237,0
h1,h14,92.934,0
h1,h15,92.926,0
h1,h16,107.561,0
h1,h17,134.819,0
h1,h18,117.523,0
h1,h19,126.534,0
h1,h20,108.983,0
h1,h21,94.481,0
h1,h22,103.439,0
h1,h23,115.962,0
h1,h24,118.422,0
h1,h25,112.419,0
h1,h26,116.080,0
h1,h27,102.783,0
h1,h28,102.130,0
h1,h29,99.069,0
h1,h30,N/A,100
h1,h31,101.724,0
h1,h32,N/A,100
h1,h33,N/A,100
h1,h34,N/A,100
h1,h35,N/A,100
h1,h36,116.218,0
h1,h37,N/A,100
h1,h38,N/A,100
h1,h39,108.876,0
h1,h2,99.822,0
h1,h3,104.631,0
h1,h4,109.373,0
h1,h5,97.808,0
h1,h6,100.869,0
h1,h7,N/A,100
h1,h8,102.540,0
h1,h9,103.417,0
h1,h10,104.542,0
h1,h11,N/A,100
h1,h12,107.040,0
h1,h13,104.704,0
h1,h14,107.559,0
h1,h15,103.922,0
h1,h16,105.958,0
h1,h17,110.556,0
h1,h18,108.271,0
h1,h19,107.756,0
h1,h20,101.851,0
h1,h21,110.406,0
h1,h22,104.878,0
h1,h23,103.419,0
h1,h24,99.400,0
h1,h25,103.742,0
h1,h26,99.582,0
h1,h27,99.168,0
h1,h28,98.205,0
h1,h29,102.460,0
h1,h30,N/A,100
h1,h31,107.615,0
h1,h32,N/A,100
h1,h33,N/A,100
h1,h34,N/A,100
h1,h35,N/A,100
h1,h36,105.343,0
h1,h37,N/A,100
h1,h38,N/A,100
h1,h39,103.243,0
h1,h2,102.436,0
h1,h3,93.430,0
h1,h4,104.233,0
h1,h5,96.935,0
h1,h6,103.957,0
h1,h7,N/A,100
h1,h8,101.731,0
h1,h9,97.329,0
h1,h10,98.561,0
h1,h11,N/A,100
h1,h12,99.722,0
h1,h13,99.642,0
h1,h14,99.943,0
h1,h15,99.296,0
h1,h16,136.626,0
h1,h17,113.456,0
h1,h18,108.554,0
h1,h19,138.219,0
h1,h20,123.819,0
h1,h21,107.616,0
h1,h22,106.437,0
h1,h23,113.606,0
h1,h24,116.070,0
h1,h25,121.340,0
h1,h26,99.262,0
h1,h27,109.775,0
h1,h28,106.873,0
h1,h29,110.534,0
h1,h30,N/A,100
h1,h31,107.506,0
h1,h32,N/A,100
h1,h33,N/A,100
h1,h34,N/A,100
h1,h35,N/A,100
h1,h36,106.846,0
h1,h37,N/A,100
h1,h38,N/A,100
h1,h39,112.162,0
h1,h2,103.927,0
h1,h3,115.217,0
h1,h4,113.020,0
h1,h5,101.129,0
h1,h6,96.721,0
h1,h7,N/A,100
h1,h8,101.442,0
h1,h9,113.675,0
h1,h10,91.367,0
h1,h11,N/A,100
h1,h12,96.407,0
h1,h13,97.615,0
h1,h14,99.715,0
h1,h15,102.030,0
h1,h16,103.924,0
h1,h17,98.559,0
h1,h18,90.400,0
h1,h19,93.172,0
h1,h20,102.644,0
h1,h21,105.287,0
h1,h22,110.019,0
h1,h23,100.121,0
h1,h24,98.736,0
h1,h25,104.771,0
h1,h26,104.354,0
h1,h27,97.932,0
h1,h28,97.109,0
h1,h29,104.192,0
h1,h30,N/A,100
h1,h31,97.115,0
h1,h32,157.628,0
h1,h33,N/A,100
h1,h34,N/A,100
h1,h35,N/A,100
h1,h36,93.321,0
h1,h37,N/A,100
h1,h38,N/A,100
h1,h39,110.964,0
h1,h2,108.860,0
h1,h3,103.650,0
h1,h4,104.741,0
h1,h5,101.734,0
h1,h6,103.978,0
h1,h7,N/A,100
h1,h8,148.406,0
h1,h9,104.928,0
h1,h10,94.563,0
h1,h11,N/A,100
h1,h12,101.812,0
h1,h13,97.986,0
h1,h14,98.413,0
h1,h15,90.777,0
h1,h16,97.074,0
h1,h17,103.514,0
h1,h18,98.544,0
h1,h19,98.157,0
h1,h20,99.215,0
h1,h21,96.755,0
h1,h22,97.913,0
h1,h23,92.085,0
h1,h24,97.846,0
h1,h25,97.818,0
h1,h26,94.462,0
h1,h27,101.915,0
h1,h28,102.145,0
h1,h29,97.808,0
h1,h30,N/A,100
h1,h31,95.586,0
h1,h32,138.692,0
h1,h33,N/A,100
h1,h34,N/A,100
h1,h35,N/A,100
h1,h36,104.893,0
h1,h37,N/A,100
h1,h38,N/A,100
h1,h39,112.159,0
h1,h2,100.669,0
h1,h3,112.291,0
h1,h4,106.521,0
h1,h5,102.545,0
h1,h6,103.879,0
h1,h7,N/A,100
h1,h8,151.612,0
h1,h9,106.039,0
h1,h10,106.998,0
h1,h11,N/A,100
h1,h12,98.550,0
h1,h13,122.781,0
h1,h14,105.541,0
h1,h15,99.402,0
h1,h16,105.573,0
h1,h17,114.379,0
h1,h18,106.801,0
h1,h19,105.043,0
h1,h20,113.380,0
h1,h21,120.632,0
h1,h22,98.048,0
h1,h23,88.513,0
h1,h24,90.874,0
h1,h25,110.357,0
h1,h26,135.823,0
h1,h27,114.599,0
h1,h28,101.879,0
h1,h29,110.800,0
h1,h30,N/A,100
h1,h31,97.607,0
h1,h32,147.297,0
h1,h33,N/A,100
h1,h34,N/A,100
h1,h35,N/A,100
h1,h36,102.882,0
h1,h37,N/A,100
h1,h38,N/A,100
h1,h39,101.400,0
h1,h2,98.155,0
h1,h3,106.149,0
h1,h4,113.005,0
h1,h5,103.667,0
h1,h6,103.557,0
h1,h7,162.954,0
h1,h8,99.009,0
h1,h9,103.939,0
h1,h10,97.173,0
h1,h11,N/A,100
h1,h12,98.816,0
h1,h13,98.813,0
h1,h14,96.278,0
h1,h15,103.434,0
h1,h16,102.912,0
h1,h17,106.521,0
h1,h18,95.284,0
h1,h19,103.064,0
h1,h20,103.181,0
h1,h21,106.373,0
h1,h22,96.156,0
h1,h23,101.580,0
h1,h24,99.532,0
h1,h25,97.201,0
h1,h26,96.948,0
h1,h27,101.912,0
h1,h28,124.756,0
h1,h29,95.078,0
h1,h30,N/A,100
h1,h31,99.482,0
h1,h32,198.938,0
h1,h33,N/A,100
h1,h34,N/A,100
h1,h35,N/A,100
h1,h36,100.935,0
h1,h37,N/A,100
h1,h38,N/A,100
h1,h39,157.313,0
h1,h2,101.840,0
h1,h3,117.165,0
h1,h4,101.260,0
h1,h5,114.920,0
h1,h6,106.387,0
h1,h7,174.198,0
h1,h8,93.969,0
h1,h9,117.618,0
h1,h10,117.856,0
h1,h11,N/A,100
h1,h12,107.085,0
h1,h13,112.967,0
h1,h14,112.278,0
h1,h15,108.351,0
h1,h16,118.394,0
h1,h17,93.409,0
h1,h18,114.229,0
h1,h19,91.569,0
h1,h20,114.142,0
h1,h21,108.968,0
h1,h22,94.092,0
h1,h23,108.830,0
h1,h24,114.488,0
h1,h25,118.281,0
h1,h26,97.630,0
h1,h27,91.938,0
h1,h28,101.296,0
h1,h29,98.701,0
h1,h30,N/A,100
h1,h31,103.949,0
h1,h32,162.033,0
h1,h33,N/A,100
h1,h34,N/A,100
h1,h35,N/A,100
h1,h36,103.734,0
h1,h37,N/A,100
h1,h38,N/A,100
h1,h39,107.162,0
h1,h2,94.472,0
h1,h3,96.907,0
h1,h4,103.469,0
h1,h5,98.242,0
h1,h6,107.503,0
h1,h7,154.473,0
h1,h8,104.992,0
h1,h9,127.246,0
h1,h10,103.527,0
h1,h11,N/A,100
h1,h12,96.467,0
h1,h13,102.540,0
h1,h14,123.437,0
h1,h15,101.881,0
h1,h16,103.715,0
h1,h17,102.567,0
h1,h18,95.111,0
h1,h19,106.570,0
h1,h20,106.965,0
h1,h21,102.723,0
h1,h22,101.717,0
h1,h23,96.456,0
h1,h24,105.546,0
h1,h25,103.329,0
h1,h26,95.359,0
h1,h27,101.542,0
h1,h28,99.513,0
h1,h29,97.330,0
h1,h30,N/A,100
h1,h31,101.094,0
h1,h32,N/A,100
h1,h33,N/A,100
h1,h34,N/A,100
h1,h35,N/A,100
h1,h36,108.203,0
h1,h37,N/A,100
h1,h38,N/A,100
h1,h39,93.047,0
h1,h2,112.423,0
h1,h3,119.264,0
h1,h4,121.601,0
h1,h5,102.028,0
h1,h6,109.974,0
h1,h7,170.407,0
h1,h8,107.058,0
h1,h9,132.500,0
h1,h10,106.445,0
h1,h11,N/A,100
h1,h12,104.915,0
h1,h13,114.717,0
h1,h14,102.727,0
h1,h15,110.236,0
h1,h16,106.409,0
h1,h17,102.454,0
h1,h18,120.313,0
h1,h19,108.341,0
h1,h20,119.813,0
h1,h21,113.928,0
h1,h22,113.933,0
h1,h23,106.292,0
h1,h24,99.634,0
h1,h25,133.630,0
h1,h26,103.838,0
h1,h27,104.955,0
h1,h28,102.262,0
h1,h29,109.443,0
h1,h30,N/A,100
h1,h31,117.024,0
h1,h32,N/A,100
h1,h33,N/A,100
h1,h34,N/A,100
h1,h35,N/A,100
h1,h36,120.274,0
h1,h37,N/A,100
h1,h38,N/A,100
h1,h39,109.138,0
h1,h2,101.931,0
h1,h3,116.994,0
h1,h4,104.442,0
h1,h5,95.569,0
h1,h6,109.820,0
h1,h7,N/A,100
h1,h8,109.081,0
h1,h9,103.852,0
h1,h10,98.853,0
h1,h11,N/A,100
h1,h12,103.353,0
h1,h13,101.339,0
h1,h14,98.550,0
h1,h15,99.763,0
h1,h16,92.165,0
h1,h17,115.672,0
h1,h18,102.402,0
h1,h19,99.223,0
h1,h20,100.592,0
h1,h21,105.232,0
h1,h22,94.057,0
h1,h23,98.813,0
h1,h24,108.647,0
h1,h25,106.446,0
h1,h26,102.391,0
h1,h27,101.765,0
h1,h28,112.647,0
h1,h29,98.934,0
h1,h30,N/A,100
h1,h31,102.632,0
h1,h32,N/A,100
h1,h33,N/A,100
h1,h34,N/A,100
h1,h35,N/A,100
h1,h36,104.289,0
h1,h37,N/A,100
h1,h38,N/A,100
h1,h39,104.041,0
h1,h2,98.591,0
h1,h3,95.757,0
h1,h4,92.689,0
h1,h5,95.257,0
h1,h6,97.255,0
h1,h7,N/A,100
h1,h8,99.127,0
h1,h9,105.302,0
h1,h10,99.253,0
h1,h11,N/A,100
h1,h12,99.642,0
h1,h13,95.617,0
h1,h14,96.813,0
h1,h15,126.238,0
h1,h16,115.311,0
h1,h17,108.487,0
h1,h18,120.134,0
h1,h19,117.504,0
h1,h20,117.127,0
h1,h21,123.095,0
h1,h22,110.706,0
h1,h23,101.683,0
h1,h24,109.810,0
h1,h25,97.558,0
h1,h26,90.978,0
h1,h27,105.229,0
h1,h28,106.591,0
h1,h29,112.367,0
h1,h30,N/A,100
h1,h31,108.274,0
h1,h32,N/A,100
h1,h33,N/A,100
h1,h34,N/A,100
h1,h35,N/A,100
h1,h36,128.895,0
h1,h37,N/A,100
h1,h38,N/A,100
h1,h39,106.693,0
h1,h2,93.375,0
h1,h3,98.793,0
h1,h4,100.994,0
h1,h5,95.673,0
h1,h6,97.827,0
h1,h7,N/A,100
h1,h8,126.841,0
h1,h9,110.168,0
h1,h10,94.197,0
h1,h11,N/A,100
h1,h12,99.124,0
h1,h13,97.092,0
h1,h14,99.296,0
h1,h15,97.103,0
h1,h16,91.748,0
h1,h17,97.154,0
h1,h18,95.321,0
h1,h19,108.971,0
h1,h20,103.990,0
h1,h21,94.925,0
h1,h22,94.337,0
h1,h23,99.144,0
h1,h24,91.067,0
h1,h25,102.423,0
h1,h26,100.166,0
h1,h27,105.502,0
h1,h28,94.274,0
h1,h29,104.201,0
h1,h30,N/A,100
h1,h31,100.232,0
h1,h32,N/A,100
h1,h33,N/A,100
h1,h34,N/A,100
h1,h35,N/A,100
h1,h36,95.091,0
h1,h37,N/A,100
h1,h38,N/A,100
h1,h39,105.663,0
h1,h2,99.282,0
h1,h3,103.662,0
h1,h4,99.988,0
h1,h5,96.692,0
h1,h6,106.148,0
h1,h7,N/A,100
h1,h8,94.412,0
h1,h9,96.904,0
h1,h10,98.819,0
h1,h11,N/A,100
h1,h12,94.853,0
h1,h13,105.304,0
h1,h14,102.409,0
h1,h15,96.285,0
h1,h16,104.133,0
h1,h17,104.682,0
h1,h18,95.496,0
h1,h19,108.841,0
h1,h20,97.125,0
h1,h21,96.530,0
h1,h22,92.026,0
h1,h23,92.934,0
h1,h24,93.462,0
h1,h25,92.283,0
h1,h26,96.380,0
h1,h27,94.964,0
h1,h28,95.539,0
h1,h29,99.472,0
h1,h30,N/A,100
h1,h31,192.396,0
h1,h32,N/A,100
h1,h33,N/A,100
h1,h34,N/A,100
h1,h35,N/A,100
h1,h36,108.757,0
h1,h37,N/A,100
h1,h38,N/A,100
h1,h39,102.830,0
h1,h2,94.484,0
h1,h3,118.287,0
h1,h4,101.160,0
h1,h5,105.551,0
h1,h6,109.597,0
h1,h7,N/A,100
h1,h8,104.569,0
h1,h9,112.569,0
h1,h10,95.366,0
h1,h11,N/A,100
h1,h12,102.571,0
h1,h13,93.761,0
h1,h14,117.403,0
h1,h15,97.570,0
h1,h16,104.290,0
h1,h17,105.417,0
h1,h18,93.603,0
h1,h19,111.818,0
h1,h20,112.256,0
h1,h21,104.343,0
h1,h22,93.349,0
h1,h23,94.305,0
h1,h24,106.363,0
h1,h25,95.602,0
h1,h26,104.765,0
h1,h27,98.638,0
h1,h28,97.589,0
h1,h29,104.520,0
h1,h30,N/A,100
h1,h31,105.840,0
h1,h32,N/A,100
h1,h33,N/A,100
h1,h34,N/A,100
h1,h35,N/A,100
h1,h36,101.134,0
h1,h37,N/A,100
h1,h38,N/A,100
h1,h39,101.996,0
h1,h2,109.106,0
h1,h3,98.735,0
h1,h4,100.712,0
h1,h5,106.943,0
h1,h6,112.646,0
h1,h7,N/A,100
h1,h8,105.575,0
h1,h9,101.292,0
h1,h10,109.376,0
h1,h11,N/A,100
h1,h12,106.424,0
h1,h13,95.018,0
h1,h14,103.648,0
h1,h15,103.305,0
h1,h16,104.920,0
h1,h17,95.552,0
h1,h18,96.216,0
h1,h19,90.947,0
h1,h20,96.671,0
h1,h21,102.725,0
h1,h22,94.628,0
h1,h23,95.807,0
h1,h24,96.100,0
h1,h25,104.009,0
h1,h26,105.612,0
h1,h27,96.177,0
h1,h28,94.072,0
h1,h29,97.058,0
h1,h30,N/A,100
h1,h31,96.758,0
h1,h32,N/A,100
h1,h33,N/A,100
h1,h34,N/A,100
h1,h35,N/A,100
h1,h36,92.486,0
h1,h37,N/A,100
h1,h38,N/A,100
h1,h39,121.151,0
h1,h2,112.456,0
h1,h3,116.217,0
h1,h4,92.144,0
h1,h5,97.312,0
h1,h6,107.244,0
h1,h7,N/A,100
h1,h8,105.992,0
h1,h9,187.585,0
h1,h10,99.571,0
h1,h11,N/A,100
h1,h12,111.438,0
h1,h13,126.532,0
h1,h14,115.431,0
h1,h15,100.670,0
h1,h16,103.989,0
h1,h17,115.186,0
h1,h18,104.198,0
h1,h19,109.572,0
h1,h20,127.742,0
h1,h21,103.441,0
h1,h22,103.408,0
h1,h23,115.055,0
h1,h24,110.921,0
h1,h25,96.934,0
h1,h26,98.602,0
h1,h27,97.276,0
h1,h28,112.868,0
h1,h29,98.682,0
h1,h30,N/A,100
h1,h31,114.430,0
h1,h32,N/A,100
h1,h33,N/A,100
h1,h34,N/A,100
h1,h35,N/A,100
h1,h36,107.512,0
h1,h37,N/A,100
h1,h38,N/A,100
h1,h39,92.330,0
h1,h2,100.925,0
h1,h3,105.757,0
h1,h4,94.556,0
h1,h5,95.398,0
h1,h6,103.677,0
h1,h7,N/A,100
h1,h8,99.571,0
h1,h9,101.336,0
h1,h10,103.851,0
h1,h11,N/A,100
h1,h12,104.292,0
h1,h13,96.116,0
h1,h14,104.718,0
h1,h15,100.646,0
h1,h16,103.478,0
h1,h17,111.328,0
h1,h18,103.978,0
h1,h19,102.131,0
h1,h20,98.549,0
h1,h21,98.928,0
h1,h22,98.945,0
h1,h23,101.208,0
h1,h24,101.074,0
h1,h25,98.904,0
h1,h26,101.139,0
h1,h27,105.750,0
h1,h28,93.603,0
h1,h29,91.615,0
h1,h30,N/A,100
h1,h31,109.170,0
h1,h32,N/A,100
h1,h33,N/A,100
h1,h34,N/A,100
h1,h35,N/A,100
h1,h36,93.263,0
h1,h37,N/A,100
h1,h38,N/A,100
h1,h39,100.319,0
h1,h2,96.179,0
h1,h3,105.859,0
h1,h4,99.892,0
h1,h5,106.198,0
h1,h6,118.286,0
h1,h7,243.882,0
h1,h8,104.911,0
h1,h9,105.365,0
h1,h10,121.098,0
h1,h11,N/A,100
h1,h12,99.558,0
h1,h13,108.874,0
h1,h14,100.651,0
h1,h15,105.424,0
h1,h16,108.480,0
h1,h17,111.251,0
h1,h18,107.614,0
h1,h19,102.118,0
h1,h20,114.815,0
h1,h21,108.828,0
h1,h22,110.498,0
h1,h23,112.618,0
h1,h24,114.348,0
h1,h25,112.334,0
h1,h26,109.015,0
h1,h27,105.931,0
h1,h28,107.117,0
h1,h29,118.490,0
h1,h30,N/A,100
h1,h31,105.677,0
h1,h32,N/A,100
h1,h33,N/A,100
h1,h34,N/A,100
h1,h35,N/A,100
h1,h36,100.195,0
h1,h37,N/A,100
h1,h38,N/A,100
h1,h39,94.742,0
h1,h2,95.027,0
h1,h3,109.279,0
h1,h4,105.359,0
h1,h5,104.266,0
h1,h6,101.862,0
h1,h7,156.492,0
h1,h8,93.648,0
h1,h9,101.174,0
h1,h10,99.398,0
h1,h11,N/A,100
h1,h12,97.767,0
h1,h13,100.624,0
h1,h14,105.250,0
h1,h15,101.162,0
h1,h16,108.397,0
h1,h17,107.934,0
h1,h18,132.137,0
h1,h19,98.183,0
h1,h20,105.239,0
h1,h21,95.537,0
h1,h22,100.844,0
h1,h23,105.240,0
h1,h24,100.503,0
h1,h25,100.972,0
h1,h26,100.026,0
h1,h27,110.616,0
h1,h28,101.632,0
h1,h29,103.485,0
h1,h30,N/A,100
h1,h31,102.497,0
h1,h32,N/A,100
h1,h33,N/A,100
h1,h34,N/A,100
h1,h35,N/A,100
h1,h36,95.414,0
h1,h37,N/A,100
h1,h38,N/A,100
h1,h39,127.324,0
h1,h2,107.120,0
h1,h3,111.736,0
h1,h4,114.304,0
h1,h5,115.488,0
h1,h6,104.357,0
h1,h7,158.338,0
h1,h8,94.196,0
h1,h9,107.079,0
h1,h10,113.282,0
h1,h11,N/A,100
h1,h12,104.350,0
h1,h13,101.291,0
h1,h14,108.852,0
h1,h15,112.696,0
h1,h16,108.457,0
h1,h17,111.507,0
h1,h18,118.778,0
h1,h19,106.703,0
h1,h20,108.323,0
h1,h21,103.436,0
h1,h22,94.878,0
h1,h23,111.239,0
h1,h24,93.453,0
h1,h25,120.769,0
h1,h26,108.921,0
h1,h27,100.836,0
h1,h28,93.224,0
h1,h29,114.217,0
h1,h30,N/A,100
h1,h31,114.958,0
h1,h32,140.590,0
h1,h33,N/A,100
h1,h34,N/A,100
h1,h35,N/A,100
h1,h36,96.228,0
h1,h37,N/A,100
h1,h38,N/A,100
h1,h39,92.007,0
h1,h2,95.340,0
h1,h3,94.716,0
h1,h4,101.918,0
h1,h5,101.361,0
h1,h6,95.750,0
h1,h7,149.085,0
h1,h8,94.171,0
h1,h9,111.454,0
h1,h10,101.435,0
h1,h11,N/A,100
h1,h12,94.132,0
h1,h13,102.293,0
h1,h14,98.379,0
h1,h15,95.235,0
h1,h16,91.532,0
h1,h17,102.884,0
h1,h18,108.904,0
h1,h19,112.879,0
h1,h20,98.721,0
h1,h21,102.140,0
h1,h22,96.025,0
h1,h23,90.937,0
h1,h24,102.339,0
h1,h25,106.386,0
h1,h26,98.642,0
h1,h27,106.215,0
h1,h28,98.299,0
h1,h29,104.141,0
h1,h30,N/A,100
h1,h31,120.163,0
h1,h32,150.649,0
h1,h33,N/A,100
h1,h34,N/A,100
h1,h35,N/A,100
h1,h36,101.987,0
h1,h37,N/A,100
h1,h38,N/A,100
h1,h39,95.535,0
h1,h2,112.225,0
h1,h3,116.566,0
h1,h4,109.618,0
h1,h5,102.588,0
h1,h6,114.323,0
h1,h7,N/A,100
h1,h8,113.733,0
h1,h9,106.631,0
h1,h10,110.101,0
h1,h11,N/A,100
h1,h12,111.383,0
h1,h13,104.222,0
h1,h14,98.827,0
h1,h15,105.862,0
h1,h16,103.191,0
h1,h17,111.022,0
h1,h18,95.965,0
h1,h19,101.456,0
h1,h20,103.891,0
h1,h21,105.645,0
h1,h22,103.910,0
h1,h23,102.960,0
h1,h24,115.722,0
h1,h25,106.972,0
h1,h26,117.527,0
h1,h27,100.962,0
h1,h28,102.342,0
h1,h29,117.354,0
h1,h30,N/A,100
h1,h31,111.010,0
h1,h32,160.868,0
h1,h33,N/A,100
h1,h34,N/A,100
h1,h35,N/A,100
h1,h36,108.875,0
h1,h37,N/A,100
h1,h38,N/A,100
h1,h39,106.251,0
h1,h2,101.297,0
h1,h3,94.762,0
h1,h4,91.072,0
h1,h5,99.615,0
h1,h6,100.589,0
h1,h7,N/A,100
h1,h8,105.292,0
h1,h9,109.122,0
h1,h10,102.740,0
h1,h11,N/A,100
h1,h12,104.665,0
h1,h13,108.393,0
h1,h14,102.020,0
h1,h15,103.662,0
h1,h16,106.605,0
h1,h17,119.637,0
h1,h18,99.651,0
h1,h19,101.330,0
h1,h20,99.737,0
h1,h21,99.795,0
h1,h22,106.655,0
h1,h23,118.910,0
h1,h24,98.007,0
h1,h25,99.905,0
h1,h26,98.176,0
h1,h27,99.419,0
h1,h28,101.979,0
h1,h29,99.597,0
h1,h30,N/A,100
h1,h31,104.891,0
h1,h32,154.303,0
h1,h33,N/A,100
h1,h34,N/A,100
h1,h35,N/A,100
h1,h36,112.924,0
h1,h37,N/A,100
h1,h38,N/A,100
h1,h39,96.847,0
h1,h2,96.249,0
h1,h3,102.474,0
h1,h4,95.660,0
h1,h5,94.827,0
h1,h6,94.338,0
h1,h7,N/A,100
h1,h8,120.607,0
h1,h9,120.246,0
h1,h10,100.390,0
h1,h11,N/A,100
h1,h12,116.612,0
h1,h13,108.805,0
h1,h14,108.615,0
h1,h15,114.709,0
h1,h16,98.958,0
h1,h17,105.489,0
h1,h18,111.901,0
h1,h19,106.250,0
h1,h20,100.246,0
h1,h21,114.365,0
h1,h22,139.940,0
h1,h23,102.125,0
h1,h24,89.984,0
h1,h25,101.830,0
h1,h26,105.570,0
h1,h27,121.318,0
h1,h28,100.296,0
h1,h29,108.725,0
h1,h30,N/A,100
h1,h31,115.048,0
h1,h32,219.600,0
h1,h33,N/A,100
h1,h34,N/A,100
h1,h35,N/A,100
h1,h36,118.320,0
h1,h37,N/A,100
h1,h38,N/A,100
h1,h39,104.395,0
h1,h2,100.183,0
h1,h3,103.960,0
h1,h4,106.541,0
h1,h5,104.502,0
h1,h6,101.934,0
h1,h7,N/A,100
h1,h8,101.324,0
h1,h9,102.642,0
h1,h10,108.286,0
h1,h11,N/A,100
h1,h12,104.798,0
h1,h13,115.596,0
h1,h14,105.167,0
h1,h15,100.048,0
h1,h16,106.434,0
h1,h17,108.697,0
h1,h18,102.541,0
h1,h19,100.259,0
h1,h20,93.464,0
h1,h21,103.537,0
h1,h22,106.898,0
h1,h23,96.605,0
h1,h24,109.238,0
h1,h25,106.573,0
h1,h26,112.189,0
h1,h27,100.800,0
h1,h28,95.784,0
h1,h29,102.559,0
h1,h30,N/A,100
h1,h31,99.282,0
h1,h32,N/A,100
h1,h33,N/A,100
h1,h34,N/A,100
h1,h35,N/A,100
h1,h36,101.541,0
h1,h37,N/A,100
h1,h38,N/A,100
h1,h39,99.352,0
h1,h2,95.917,0
h1,h3,93.895,0
h1,h4,104.619,0
h1,h5,105.272,0
h1,h6,98.635,0
h1,h7,N/A,100
h1,h8,100.207,0
h1,h9,99.158,0
h1,h10,95.278,0
h1,h11,N/A,100
h1,h12,115.699,0
h1,h13,118.213,0
h1,h14,118.540,0
h1,h15,112.184,0
h1,h16,113.806,0
h1,h17,115.139,0
h1,h18,112.629,0
h1,h19,113.266,0
h1,h20,108.029,0
h1,h21,107.932,0
h1,h22,115.771,0
h1,h23,94.423,0
h1,h24,108.667,0
h1,h25,99.990,0
h1,h26,112.562,0
h1,h27,116.702,0
h1,h28,104.487,0
h1,h29,105.876,0
h1,h30,N/A,100
h1,h31,104.446,0
h1,h32,N/A,100
h1,h33,N/A,100
h1,h34,N/A,100
h1,h35,N/A,100
h1,h36,107.568,0
h1,h37,N/A,100
h1,h38,N/A,100
h1,h39,91.697,0
h1,h2,107.594,0
h1,h3,98.080,0
h1,h4,111.519,0
h1,h5,110.661,0
h1,h6,106.058,0
h1,h7,N/A,100
h1,h8,94.950,0
h1,h9,99.984,0
h1,h10,99.805,0
h1,h11,N/A,100
h1,h12,103.720,0
h1,h13,99.452,0
h1,h14,112.904,0
h1,h15,109.272,0
h1,h16,104.779,0
h1,h17,104.549,0
h1,h18,101.370,0
h1,h19,101.330,0
h1,h20,101.135,0
h1,h21,103.204,0
h1,h22,95.942,0
h1,h23,100.762,0
h1,h24,107.733,0
h1,h25,106.375,0
h1,h26,101.571,0
h1,h27,95.083,0
h1,h28,95.781,0
h1,h29,104.399,0
h1,h30,N/A,100
h1,h31,107.257,0
h1,h32,N/A,100
h1,h33,N/A,100
h1,h34,N/A,100
h1,h35,N/A,100
h1,h36,101.294,0
h1,h37,N/A,100
h1,h38,N/A,100
h1,h39,100.246,0
h1,h2,94.752,0
h1,h3,100.673,0
h1,h4,95.133,0
h1,h5,95.503,0
h1,h6,89.582,0
h1,h7,N/A,100
h1,h8,101.457,0
h1,h9,103.064,0
h1,h10,95.118,0
h1,h11,N/A,100
h1,h12,98.181,0
h1,h13,93.533,0
h1,h14,93.783,0
h1,h15,95.489,0
h1,h16,91.301,0
h1,h17,97.514,0
h1,h18,97.956,0
h1,h19,93.746,0
h1,h20,96.610,0
h1,h21,93.764,0
h1,h22,102.827,0
h1,h23,93.186,0
h1,h24,96.114,0
h1,h25,99.480,0
h1,h26,103.424,0
h1,h27,99.435,0
h1,h28,98.281,0
h1,h29,136.469,0
h1,h30,N/A,100
h1,h31,129.448,0
h1,h32,N/A,100
h1,h33,N/A,100
h1,h34,N/A,100
h1,h35,N/A,100
h1,h36,93.718,0
h1,h37,N/A,100
h1,h38,N/A,100
h1,h39,110.149,0
h1,h2,103.644,0
h1,h3,102.111,0
h1,h4,104.993,0
h1,h5,114.246,0
h1,h6,142.307,0
h1,h7,N/A,100
h1,h8,109.905,0
h1,h9,116.783,0
h1,h10,108.855,0
h1,h11,N/A,100
h1,h12,104.361,0
h1,h13,109.674,0
h1,h14,96.790,0
h1,h15,106.565,0
h1,h16,107.689,0
h1,h17,94.400,0
h1,h18,106.194,0
h1,h19,103.480,0
h1,h20,100.530,0
h1,h21,105.066,0
h1,h22,105.331,0
h1,h23,99.296,0
h1,h24,107.348,0
h1,h25,102.050,0
h1,h26,106.359,0
h1,h27,101.618,0
h1,h28,98.637,0
h1,h29,104.047,0
h1,h30,N/A,100
h1,h31,95.692,0
h1,h32,N/A,100
h1,h33,N/A,100
h1,h34,N/A,100
h1,h35,N/A,100
h1,h36,108.454,0
h1,h37,N/A,100
h1,h38,N/A,100
h1,h39,93.598,0
h1,h2,95.158,0
h1,h3,103.480,0
h1,h4,110.873,0
h1,h5,92.132,0
h1,h6,97.780,0
h1,h7,166.978,0
h1,h8,97.386,0
h1,h9,100.558,0
h1,h10,98.707,0
h1,h11,N/A,100
h1,h12,95.661,0
h1,h13,93.214,0
h1,h14,94.150,0
h1,h15,98.768,0
h1,h16,95.686,0
h1,h17,102.267,0
h1,h18,98.405,0
h1,h19,98.854,0
h1,h20,105.924,0
h1,h21,95.004,0
h1,h22,100.502,0
h1,h23,97.976,0
h1,h24,90.945,0
h1,h25,99.039,0
h1,h26,98.566,0
h1,h27,98.798,0
h1,h28,102.433,0
h1,h29,94.692,0
h1,h30,N/A,100
h1,h31,98.918,0
h1,h32,N/A,100
h1,h33,N/A,100
h1,h34,N/A,100
h1,h35,N/A,100
h1,h36,129.761,0
h1,h37,N/A,100
h1,h38,N/A,100
h1,h39,109.929,0
h1,h2,112.414,0
h1,h3,119.392,0
h1,h4,110.379,0
h1,h5,124.410,0
h1,h6,100.458,0
h1,h7,236.553,0
h1,h8,105.360,0
h1,h9,111.885,0
h1,h10,113.482,0
h1,h11,N/A,100
h1,h12,126.610,0
h1,h13,131.282,0
h1,h14,110.082,0
h1,h15,99.245,0
h1,h16,109.643,0
h1,h17,109.230,0
h1,h18,118.087,0
h1,h19,103.431,0
h1,h20,119.753,0
h1,h21,116.652,0
h1,h22,113.739,0
h1,h23,113.641,0
h1,h24,101.452,0
h1,h25,103.238,0
h1,h26,97.285,0
h1,h27,102.019,0
h1,h28,98.434,0
h1,h29,104.717,0
h1,h30,N/A,100
h1,h31,104.692,0
h1,h32,N/A,100
h1,h33,N/A,100
h1,h34,N/A,100
h1,h35,N/A,100
h1,h36,98.688,0
h1,h37,N/A,100
h1,h38,N/A,100
h1,h39,106.475,0
h1,h2,98.006,0
h1,h3,100.390,0
h1,h4,108.281,0
h1,h5,106.613,0
h1,h6,113.408,0
h1,h7,159.968,0
h1,h8,102.213,0
h1,h9,99.077,0
h1,h10,100.011,0
h1,h11,N/A,100
h1,h12,104.886,0
h1,h13,104.376,0
h1,h14,92.942,0
h1,h15,97.639,0
h1,h16,99.650,0
h1,h17,103.959,0
h1,h18,116.470,0
h1,h19,104.386,0
h1,h20,100.259,0
h1,h21,101.930,0
h1,h22,96.588,0
h1,h23,101.600,0
h1,h24,98.421,0
h1,h25,102.187,0
h1,h26,100.276,0
h1,h27,98.293,0
h1,h28,99.925,0
h1,h29,98.116,0
h1,h30,N/A,100
h1,h31,98.181,0
h1,h32,N/A,100
h1,h33,N/A,100
h1,h34,N/A,100
h1,h35,N/A,100
h1,h36,92.841,0
h1,h37,N/A,100
h1,h38,N/A,100
h1,h39,96.653,0
h1,h2,106.802,0
h1,h3,107.205,0
h1,h4,106.485,0
h1,h5,115.313,0
h1,h6,110.399,0
h1,h7,162.352,0
h1,h8,113.822,0
h1,h9,106.105,0
h1,h10,105.717,0
h1,h11,N/A,100
h1,h12,139.802,0
h1,h13,117.302,0
h1,h14,123.336,0
h1,h15,108.386,0
h1,h16,107.973,0
h1,h17,108.061,0
h1,h18,109.290,0
h1,h19,109.991,0
h1,h20,107.709,0
h1,h21,101.988,0
h1,h22,102.423,0
h1,h23,112.474,0
h1,h24,110.361,0
h1,h25,119.465,0
h1,h26,108.641,0
h1,h27,114.749,0
h1,h28,110.732,0
h1,h29,109.315,0
h1,h30,N/A,100
h1,h31,113.940,0
h1,h32,N/A,100
h1,h33,N/A,100
h1,h34,N/A,100
h1,h35,N/A,100
h1,h36,118.065,0
h1,h37,N/A,100
h1,h38,N/A,100
h1,h39,102.932,0
h1,h2,106.044,0
h1,h3,107.189,0
h1,h4,99.148,0
h1,h5,100.107,0
h1,h6,92.626,0
h1,h7,158.455,0
h1,h8,100.178,0
h1,h9,95.290,0
h1,h10,96.542,0
h1,h11,N/A,100
h1,h12,104.491,0
h1,h13,106.473,0
h1,h14,102.279,0
h1,h15,101.149,0
h1,h16,105.486,0
h1,h17,103.800,0
h1,h18,106.073,0
h1,h19,92.785,0
h1,h20,100.405,0
h1,h21,103.868,0
h1,h22,100.560,0
h1,h23,102.691,0
h1,h24,108.616,0
h1,h25,109.109,0
h1,h26,101.220,0
h1,h27,103.198,0
h1,h28,99.163,0
h1,h29,103.304,0
h1,h30,N/A,100
h1,h31,97.438,0
h1,h32,N/A,100
h1,h33,N/A,100
h1,h34,N/A,100
h1,h35,N/A,100
h1,h36,110.183,0
h1,h37,N/A,100
h1,h38,N/A,100
h1,h39,93.123,0
h1,h2,104.614,0
h1,h3,105.397,0
h1,h4,106.870,0
h1,h5,124.135,0
h1,h6,114.395,0
h1,h7,N/A,100
h1,h8,95.820,0
h1,h9,111.653,0
h1,h10,107.288,0
h1,h11,N/A,100
h1,h12,107.321,0
h1,h13,121.739,0
h1,h14,112.535,0
h1,h15,112.178,0
h1,h16,114.130,0
h1,h17,110.632,0
h1,h18,105.970,0
h1,h19,122.687,0
h1,h20,115.382,0
h1,h21,112.992,0
h1,h22,92.770,0
h1,h23,107.985,0
h1,h24,96.223,0
h1,h25,99.534,0
h1,h26,107.030,0
h1,h27,99.654,0
h1,h28,111.207,0
h1,h29,123.336,0
h1,h30,N/A,100
h1,h31,102.430,0
h1,h32,109.654,0
h1,h33,N/A,100
h1,h34,N/A,100
h1,h35,N/A,100
h1,h36,100.644,0
h1,h37,N/A,100
h1,h38,N/A,100
h1,h39,118.138,0
h1,h2,99.236,0
h1,h3,98.279,0
h1,h4,95.544,0
h1,h5,99.592,0
h1,h6,100.393,0
h1,h7,N/A,100
h1,h8,104.176,0
h1,h9,93.912,0
h1,h10,107.261,0
h1,h11,N/A,100
h1,h12,101.236,0
h1,h13,105.329,0
h1,h14,108.299,0
h1,h15,99.452,0
h1,h16,105.686,0
h1,h17,100.347,0
h1,h18,110.549,0
h1,h19,110.202,0
h1,h20,101.333,0
h1,h21,97.749,0
h1,h22,97.461,0
h1,h23,92.482,0
h1,h24,99.779,0
h1,h25,100.195,0
h1,h26,92.166,0
h1,h27,101.908,0
h1,h28,99.459,0
h1,h29,97.828,0
h1,h30,N/A,100
h1,h31,104.222,0
h1,h32,101.125,0
h1,h33,N/A,100
h1,h34,N/A,100
h1,h35,N/A,100
h1,h36,99.521,0
h1,h37,N/A,100
h1,h38,N/A,100
h1,h39,96.835,0
h1,h2,102.246,0
h1,h3,99.892,0
h1,h4,101.268,0
h1,h5,94.153,0
h1,h6,97.613,0
h1,h7,N/A,100
h1,h8,98.646,0
h1,h9,98.335,0
h1,h10,93.555,0
h1,h11,N/A,100
h1,h12,101.007,0
h1,h13,95.079,0
h1,h14,103.545,0
h1,h15,101.604,0
h1,h16,96.886,0
h1,h17,125.643,0
h1,h18,119.874,0
h1,h19,110.179,0
h1,h20,107.953,0
h1,h21,94.130,0
h1,h22,103.819,0
h1,h23,119.164,0
h1,h24,117.796,0
h1,h25,116.546,0
h1,h26,113.938,0
h1,h27,92.924,0
h1,h28,109.078,0
h1,h29,122.070,0
h1,h30,N/A,100
h1,h31,101.383,0
h1,h32,114.698,0
h1,h33,N/A,100
h1,h34,N/A,100
h1,h35,N/A,100
h1,h36,105.680,0
h1,h37,N/A,100
h1,h38,N/A,100
h1,h39,100.196,0
h1,h2,107.319,0
h1,h3,116.723,0
h1,h4,112.666,0
h1,h5,115.690,0
h1,h6,109.746,0
h1,h7,N/A,100
h1,h8,101.460,0
h1,h9,104.416,0
h1,h10,104.430,0
h1,h11,N/A,100
h1,h12,96.330,0
h1,h13,96.713,0
h1,h14,104.015,0
h1,h15,112.887,0
h1,h16,98.116,0
h1,h17,118.722,0
h1,h18,94.948,0
h1,h19,98.474,0
h1,h20,97.196,0
h1,h21,114.886,0
h1,h22,97.930,0
h1,h23,100.748,0
h1,h24,105.951,0
h1,h25,99.507,0
h1,h26,100.733,0
h1,h27,105.724,0
h1,h28,106.083,0
h1,h29,105.860,0
h1,h30,N/A,100
h1,h31,105.050,0
h1,h32,99.667,0
h1,h33,N/A,100
h1,h34,N/A,100
h1,h35,N/A,100
h1,h36,106.620,0
h1,h37,N/A,100
h1,h38,N/A,100
h1,h39,95.116,0
h1,h2,100.713,0
h1,h3,100.397,0
h1,h4,93.490,0
h1,h5,90.938,0
h1,h6,94.398,0
h1,h7,N/A,100
h1,h8,97.168,0
h1,h9,95.992,0
h1,h10,95.875,0
h1,h11,N/A,100
h1,h12,90.946,0
h1,h13,97.088,0
h1,h14,96.810,0
h1,h15,104.514,0
h1,h16,95.080,0
h1,h17,107.211,0
h1,h18,95.231,0
h1,h19,99.236,0
h1,h20,97.350,0
h1,h21,98.844,0
h1,h22,95.744,0
h1,h23,99.925,0
h1,h24,95.778,0
h1,h25,96.863,0
h1,h26,97.754,0
h1,h27,101.994,0
h1,h28,93.781,0
h1,h29,103.187,0
h1,h30,N/A,100
h1,h31,123.889,0
h1,h32,N/A,100
h1,h33,N/A,100
h1,h34,N/A,100
h1,h35,N/A,100
h1,h36,107.255,0
h1,h37,N/A,100
h1,h38,N/A,100
h1,h39,112.969,0
h1,h2,148.615,0
h1,h3,98.294,0
h1,h4,107.837,0
h1,h5,110.683,0
h1,h6,119.436,0
h1,h7,N/A,100
h1,h8,107.899,0
h1,h9,108.751,0
h1,h10,104.439,0
h1,h11,N/A,100
h1,h12,101.090,0
h1,h13,112.135,0
h1,h14,99.078,0
h1,h15,105.047,0
h1,h16,99.236,0
h1,h17,103.796,0
h1,h18,116.148,0
h1,h19,100.040,0
h1,h20,109.266,0
h1,h21,108.905,0
h1,h22,92.556,0
h1,h23,99.307,0
h1,h24,104.041,0
h1,h25,98.657,0
h1,h26,103.053,0
h1,h27,91.341,0
h1,h28,93.486,0
h1,h29,101.683,0
h1,h30,N/A,100
h1,h31,95.435,0
h1,h32,N/A,100
h1,h33,N/A,100
h1,h34,N/A,100
h1,h35,N/A,100
h1,h36,107.676,0
h1,h37,N/A,100
h1,h38,N/A,100
h1,h39,100.348,0
h1,h2,104.869,0
h1,h3,100.871,0
h1,h4,107.254,0
h1,h5,100.987,0
h1,h6,102.458,0
h1,h7,N/A,100
h1,h8,110.700,0
h1,h9,96.238,0
h1,h10,97.909,0
h1,h11,N/A,100
h1,h12,98.217,0
h1,h13,94.664,0
h1,h14,99.525,0
h1,h15,91.120,0
h1,h16,105.437,0
h1,h17,104.227,0
h1,h18,98.254,0
h1,h19,93.555,0
h1,h20,104.001,0
h1,h21,106.083,0
h1,h22,109.770,0
h1,h23,103.052,0
h1,h24,98.643,0
h1,h25,98.425,0
h1,h26,96.636,0
h1,h27,95.232,0
h1,h28,95.227,0
h1,h29,94.940,0
h1,h30,N/A,100
h1,h31,91.361,0
h1,h32,N/A,100
h1,h33,N/A,100
h1,h34,N/A,100
h1,h35,N/A,100
h1,h36,96.271,0
h1,h37,N/A,100
h1,h38,N/A,100
h1,h39,100.051,0
h1,h2,99.479,0
h1,h3,111.630,0
h1,h4,112.835,0
h1,h5,104.125,0
h1,h6,92.548,0
h1,h7,N/A,100
h1,h8,110.296,0
h1,h9,108.972,0
h1,h10,97.390,0
h1,h11,N/A,100
h1,h12,103.284,0
h1,h13,107.097,0
h1,h14,101.292,0
h1,h15,102.609,0
h1,h16,120.852,0
h1,h17,103.023,0
h1,h18,100.747,0
h1,h19,106.377,0
h1,h20,106.101,0
h1,h21,110.133,0
h1,h22,109.427,0
h1,h23,104.824,0
h1,h24,105.951,0
h1,h25,103.886,0
h1,h26,104.795,0
h1,h27,113.340,0
h1,h28,116.657,0
h1,h29,101.246,0
h1,h30,N/A,100
h1,h31,106.913,0
h1,h32,N/A,100
h1,h33,N/A,100
h1,h34,N/A,100
h1,h35,N/A,100
h1,h36,101.039,0
h1,h37,N/A,100
h1,h38,N/A,100
h1,h39,106.308,0
h1,h2,102.718,0
h1,h3,94.023,0
h1,h4,93.294,0
h1,h5,94.853,0
h1,h6,104.599,0
h1,h7,N/A,100
h1,h8,102.866,0
h1,h9,103.845,0
h1,h10,106.419,0
h1,h11,N/A,100
h1,h12,109.578,0
h1,h13,104.567,0
h1,h14,103.988,0
h1,h15,100.666,0
h1,h16,103.977,0
h1,h17,98.068,0
h1,h18,105.456,0
h1,h19,100.563,0
h1,h20,97.881,0
h1,h21,92.706,0
h1,h22,102.882,0
h1,h23,101.606,0
h1,h24,105.245,0
h1,h25,95.430,0
h1,h26,93.251,0
h1,h27,95.823,0
h1,h28,106.451,0
h1,h29,101.698,0
h1,h30,N/A,100
h1,h31,116.503,0
h1,h32,N/A,100
h1,h33,N/A,100
h1,h34,N/A,100
h1,h35,N/A,100
h1,h36,96.630,0
h1,h37,N/A,100
h1,h38,N/A,100
h1,h39,94.442,0
h1,h2,115.933,0
h1,h3,114.889,0
h1,h4,114.155,0
h1,h5,119.065,0
h1,h6,102.478,0
h1,h7,169.996,0
h1,h8,123.743,0
h1,h9,109.425,0
h1,h10,103.202,0
h1,h11,N/A,100
h1,h12,98.573,0
h1,h13,125.876,0
h1,h14,100.452,0
h1,h15,99.832,0
h1,h16,93.083,0
h1,h17,112.419,0
h1,h18,108.967,0
h1,h19,112.584,0
h1,h20,116.377,0
h1,h21,123.935,0
h1,h22,125.462,0
h1,h23,114.005,0
h1,h24,124.117,0
h1,h25,114.519,0
h1,h26,118.038,0
h1,h27,108.085,0
h1,h28,115.307,0
h1,h29,139.813,0
h1,h30,N/A,100
h1,h31,106.450,0
h1,h32,N/A,100
h1,h33,N/A,100
h1,h34,N/A,100
h1,h35,N/A,100
h1,h36,109.709,0
h1,h37,N/A,100
h1,h38,N/A,100
h1,h39,189.157,0
h1,h2,94.441,0
h1,h3,102.221,0
h1,h4,92.315,0
h1,h5,121.361,0
h1,h6,95.959,0
h1,h7,157.639,0
h1,h8,90.354,0
h1,h9,95.800,0
h1,h10,96.175,0
h1,h11,N/A,100
h1,h12,101.594,0
h1,h13,101.649,0
h1,h14,106.003,0
h1,h15,100.436,0
h1,h16,97.903,0
h1,h17,102.276,0
h1,h18,102.629,0
h1,h19,103.155,0
h1,h20,103.835,0
h1,h21,99.067,0
h1,h22,96.556,0
h1,h23,98.231,0
h1,h24,105.535,0
h1,h25,100.329,0
h1,h26,106.846,0
h1,h27,105.017,0
h1,h28,108.682,0
h1,h29,93.185,0
h1,h30,N/A,100
h1,h31,103.011,0
h1,h32,N/A,100
h1,h33,N/A,100
h1,h34,N/A,100
h1,h35,N/A,100
h1,h36,100.936,0
h1,h37,N/A,100
h1,h38,N/A,100
h1,h39,105.208,0
h1,h2,102.918,0
h1,h3,124.923,0
h1,h4,116.631,0
h1,h5,114.689,0
h1,h6,99.787,0
h1,h7,166.498,0
h1,h8,111.993,0
h1,h9,102.284,0
h1,h10,108.316,0
h1,h11,N/A,100
h1,h12,116.565,0
h1,h13,100.500,0
h1,h14,100.909,0
h1,h15,101.576,0
h1,h16,106.558,0
h1,h17,93.188,0
h1,h18,97.337,0
h1,h19,95.046,0
h1,h20,106.465,0
h1,h21,110.433,0
h1,h22,106.905,0
h1,h23,106.006,0
h1,h24,105.012,0
h1,h25,110.356,0
h1,h26,100.538,0
h1,h27,115.452,0
h1,h28,114.126,0
h1,h29,113.416,0
h1,h30,N/A,100
h1,h31,111.601,0
h1,h32,N/A,100
h1,h33,N/A,100
h1,h34,N/A,100
h1,h35,N/A,100
h1,h36,118.416,0
h1,h37,N/A,100
h1,h38,N/A,100
h1,h39,99.899,0
h1,h2,100.895,0
h1,h3,123.156,0
h1,h4,105.895,0
h1,h5,102.434,0
h1,h6,96.408,0
h1,h7,163.231,0
h1,h8,101.858,0
h1,h9,101.393,0
h1,h10,99.630,0
h1,h11,N/A,100
h1,h12,102.132,0
h1,h13,104.979,0
h1,h14,108.400,0
h1,h15,95.781,0
h1,h16,100.461,0
h1,h17,104.273,0
h1,h18,101.127,0
h1,h19,106.221,0
h1,h20,102.543,0
h1,h21,101.202,0
h1,h22,103.551,0
h1,h23,96.887,0
h1,h24,102.490,0
h1,h25,103.422,0
h1,h26,101.818,0
h1,h27,107.853,0
h1,h28,99.551,0
h1,h29,108.162,0
h1,h30,N/A,100
h1,h31,103.953,0
h1,h32,N/A,100
h1,h33,N/A,100
h1,h34,N/A,100
h1,h35,N/A,100
h1,h36,97.113,0
h1,h37,N/A,100
h1,h38,N/A,100
h1,h39,102.418,0
h1,h2,95.384,0
h1,h3,94.953,0
h1,h4,99.214,0
h1,h5,96.107,0
h1,h6,104.061,0
h1,h7,N/A,100
h1,h8,106.476,0
h1,h9,143.039,0
h1,h10,108.263,0
h1,h11,N/A,100
h1,h12,118.845,0
h1,h13,110.133,0
h1,h14,109.563,0
h1,h15,113.430,0
h1,h16,156.395,0
h1,h17,106.362,0
h1,h18,109.055,0
h1,h19,104.008,0
h1,h20,109.827,0
h1,h21,114.058,0
h1,h22,102.037,0
h1,h23,103.199,0
h1,h24,151.980,0
h1,h25,107.748,0
h1,h26,117.941,0
h1,h27,120.916,0
h1,h28,148.386,0
h1,h29,100.659,0
h1,h30,N/A,100
h1,h31,114.643,0
h1,h32,N/A,100
h1,h33,N/A,100
h1,h34,N/A,100
h1,h35,N/A,100
h1,h36,116.026,0
h1,h37,N/A,100
h1,h38,N/A,100
h1,h39,107.764,0
h1,h2,104.067,0
h1,h3,93.414,0
h1,h4,105.099,0
h1,h5,97.558,0
h1,h6,126.944,0
h1,h7,N/A,100
h1,h8,103.323,0
h1,h9,93.874,0
h1,h10,93.082,0
h1,h11,N/A,100
h1,h12,104.606,0
h1,h13,100.081,0
h1,h14,110.154,0
h1,h15,100.393,0
h1,h16,99.165,0
h1,h17,92.447,0
h1,h18,103.211,0
h1,h19,114.818,0
h1,h20,107.268,0
h1,h21,104.306,0
h1,h22,109.134,0
h1,h23,111.483,0
h1,h24,115.272,0
h1,h25,112.945,0
h1,h26,110.536,0
h1,h27,100.568,0
h1,h28,106.892,0
h1,h29,96.972,0
h1,h30,N/A,100
h1,h31,90.952,0
h1,h32,N/A,100
h1,h33,N/A,100
h1,h34,N/A,100
h1,h35,N/A,100
h1,h36,95.899,0
h1,h37,N/A,100
h1,h38,N/A,100
h1,h39,105.836,0
h1,h2,96.670,0
h1,h3,103.160,0
h1,h4,103.263,0
h1,h5,103.454,0
h1,h6,102.541,0
h1,h7,N/A,100
h1,h8,135.344,0
h1,h9,115.607,0
h1,h10,113.229,0
h1,h11,N/A,100
h1,h12,115.698,0
h1,h13,128.705,0
h1,h14,105.830,0
h1,h15,115.039,0
h1,h16,97.774,0
h1,h17,110.284,0
h1,h18,118.929,0
h1,h19,92.807,0
h1,h20,106.253,0
h1,h21,120.000,0
h1,h22,100.751,0
h1,h23,106.085,0
h1,h24,127.299,0
h1,h25,108.609,0
h1,h26,104.653,0
h1,h27,103.577,0
h1,h28,109.336,0
h1,h29,103.408,0
h1,h30,N/A,100
h1,h31,107.239,0
h1,h32,N/A,100
h1,h33,N/A,100
h1,h34,N/A,100
h1,h35,N/A,100
h1,h36,116.126,0
h1,h37,N/A,100
h1,h38,N/A,100
h1,h39,102.916,0
h1,h2,100.976,0
h1,h3,99.784,0
h1,h4,97.561,0
h1,h5,98.393,0
h1,h6,105.757,0
h1,h7,N/A,100
h1,h8,96.184,0
h1,h9,105.970,0
h1,h10,101.762,0
h1,h11,N/A,100
h1,h12,96.080,0
h1,h13,98.763,0
h1,h14,96.102,0
h1,h15,101.854,0
h1,h16,93.086,0
h1,h17,103.658,0
h1,h18,93.667,0
h1,h19,92.776,0
h1,h20,104.390,0
h1,h21,98.394,0
h1,h22,100.611,0
h1,h23,104.338,0
h1,h24,93.219,0
h1,h25,98.193,0
h1,h26,91.936,0
h1,h27,110.483,0
h1,h28,109.376,0
h1,h29,106.249,0
h1,h30,N/A,100
h1,h31,110.299,0
h1,h32,118.565,0
h1,h33,N/A,100
h1,h34,N/A,100
h1,h35,N/A,100
h1,h36,102.776,0
h1,h37,N/A,100
h1,h38,N/A,100
h1,h39,97.206,0
h1,h2,99.114,0
h1,h3,99.293,0
h1,h4,104.350,0
h1,h5,96.782,0
h1,h6,98.368,0
h1,h7,N/A,100
h1,h8,92.940,0
h1,h9,96.300,0
h1,h10,93.364,0
h1,h11,N/A,100
h1,h12,99.119,0
h1,h13,93.086,0
h1,h14,94.801,0
h1,h15,97.275,0
h1,h16,99.060,0
h1,h17,95.841,0
h1,h18,97.794,0
h1,h19,115.211,0
h1,h20,132.718,0
h1,h21,114.350,0
h1,h22,112.544,0
h1,h23,130.634,0
h1,h24,119.541,0
h1,h25,114.884,0
h1,h26,105.133,0
h1,h27,117.397,0
h1,h28,111.621,0
h1,h29,107.637,0
h1,h30,N/A,100
h1,h31,106.103,0
h1,h32,132.462,0
h1,h33,N/A,100
h1,h34,N/A,100
h1,h35,N/A,100
h1,h36,111.257,0
h1,h37,N/A,100
h1,h38,N/A,100
h1,h39,125.242,0
h1,h2,101.452,0
h1,h3,109.527,0
h1,h4,121.408,0
h1,h5,113.533,0
h1,h6,102.775,0
h1,h7,N/A,100
h1,h8,96.802,0
h1,h9,93.814,0
h1,h10,105.408,0
h1,h11,N/A,100
h1,h12,100.877,0
h1,h13,108.611,0
h1,h14,101.540,0
h1,h15,98.172,0
h1,h16,99.464,0
h1,h17,98.544,0
h1,h18,96.994,0
h1,h19,97.318,0
h1,h20,99.915,0
h1,h21,102.708,0
h1,h22,102.931,0
h1,h23,104.985,0
h1,h24,107.640,0
h1,h25,104.084,0
h1,h26,103.534,0
h1,h27,99.944,0
h1,h28,105.973,0
h1,h29,103.785,0
h1,h30,N/A,100
h1,h31,95.011,0
h1,h32,118.204,0
h1,h33,N/A,100
h1,h34,N/A,100
h1,h35,N/A,100
h1,h36,101.651,0
h1,h37,N/A,100
h1,h38,N/A,100
h1,h39,111.317,0
h1,h2,102.143,0
h1,h3,107.828,0
h1,h4,92.902,0
h1,h5,98.325,0
h1,h6,108.278,0
h1,h7,N/A,100
h1,h8,103.743,0
h1,h9,94.666,0
h1,h10,100.739,0
h1,h11,N/A,100
h1,h12,98.876,0
h1,h13,98.036,0
h1,h14,95.512,0
h1,h15,100.170,0
h1,h16,96.890,0
h1,h17,98.230,0
h1,h18,115.683,0
h1,h19,107.568,0
h1,h20,169.166,0
h1,h21,118.001,0
h1,h22,124.527,0
h1,h23,150.498,0
h1,h24,106.888,0
h1,h25,108.090,0
h1,h26,119.604,0
h1,h27,95.591,0
h1,h28,101.133,0
h1,h29,100.636,0
h1,h30,N/A,100
h1,h31,127.848,0
h1,h32,164.927,0
h1,h33,N/A,100
h1,h34,N/A,100
h1,h35,N/A,100
h1,h36,116.329,0
h1,h37,N/A,100
h1,h38,N/A,100
h1,h39,111.439,0
h1,h2,105.870,0
h1,h3,100.670,0
h1,h4,104.229,0
h1,h5,106.734,0
h1,h6,114.369,0
h1,h7,N/A,100
h1,h8,110.420,0
h1,h9,100.238,0
h1,h10,106.152,0
h1,h11,N/A,100
h1,h12,106.618,0
h1,h13,103.390,0
h1,h14,103.875,0
h1,h15,106.155,0
h1,h16,100.979,0
h1,h17,102.286,0
h1,h18,108.899,0
h1,h19,95.431,0
h1,h20,110.464,0
h1,h21,108.242,0
h1,h22,106.481,0
h1,h23,99.953,0
h1,h24,101.427,0
h1,h25,101.208,0
h1,h26,111.440,0
h1,h27,106.771,0
h1,h28,96.706,0
h1,h29,104.995,0
h1,h30,N/A,100
h1,h31,103.233,0
h1,h32,N/A,100
h1,h33,N/A,100
h1,h34,N/A,100
h1,h35,N/A,100
h1,h36,93.434,0
h1,h37,N/A,100
h1,h38,N/A,100
h1,h39,103.232,0
h1,h2,100.351,0
h1,h3,102.823,0
h1,h4,100.783,0
h1,h5,95.583,0
h1,h6,100.156,0
h1,h7,173.326,0
h1,h8,105.937,0
h1,h9,98.781,0
h1,h10,96.027,0
h1,h11,N/A,100
h1,h12,96.615,0
h1,h13,99.433,0
h1,h14,96.035,0
h1,h15,93.968,0
h1,h16,98.509,0
h1,h17,96.176,0
h1,h18,93.975,0
h1,h19,92.325,0
h1,h20,104.847,0
h1,h21,102.108,0
h1,h22,98.472,0
h1,h23,100.980,0
h1,h24,98.271,0
h1,h25,103.158,0
h1,h26,100.309,0
h1,h27,94.184,0
h1,h28,103.644,0
h1,h29,99.380,0
h1,h30,N/A,100
h1,h31,98.799,0
h1,h32,N/A,100
h1,h33,N/A,100
h1,h34,N/A,100
h1,h35,N/A,100
h1,h36,169.832,0
h1,h37,N/A,100
h1,h38,N/A,100
h1,h39,100.876,0
h1,h2,107.774,0
h1,h3,123.805,0
h1,h4,98.489,0
h1,h5,103.172,0
h1,h6,108.552,0
h1,h7,171.535,0
h1,h8,94.069,0
h1,h9,114.475,0
h1,h10,111.626,0
h1,h11,N/A,100
h1,h12,120.548,0
h1,h13,104.426,0
h1,h14,101.061,0
h1,h15,105.711,0
h1,h16,101.045,0
h1,h17,100.091,0
h1,h18,102.096,0
h1,h19,97.375,0
h1,h20,100.749,0
h1,h21,95.571,0
h1,h22,104.135,0
h1,h23,100.865,0
h1,h24,106.701,0
h1,h25,107.469,0
h1,h26,99.977,0
h1,h27,104.156,0
h1,h28,94.474,0
h1,h29,102.228,0
h1,h30,N/A,100
h1,h31,103.406,0
h1,h32,N/A,100
h1,h33,N/A,100
h1,h34,N/A,100
h1,h35,N/A,100
h1,h36,108.700,0
h1,h37,N/A,100
h1,h38,N/A,100
h1,h39,118.707,0
h1,h2,99.028,0
h1,h3,98.896,0
h1,h4,95.566,0
h1,h5,101.733,0
h1,h6,100.635,0
h1,h7,156.591,0
h1,h8,96.496,0
h1,h9,101.178,0
h1,h10,109.129,0
h1,h11,N/A,100
h1,h12,97.119,0
h1,h13,101.241,0
h1,h14,124.200,0
h1,h15,97.047,0
h1,h16,104.128,0
h1,h17,94.159,0
h1,h18,97.687,0
h1,h19,101.189,0
h1,h20,99.380,0
h1,h21,97.677,0
h1,h22,96.827,0
h1,h23,93.188,0
h1,h24,94.673,0
h1,h25,98.297,0
h1,h26,93.810,0
h1,h27,92.341,0
h1,h28,92.956,0
h1,h29,92.743,0
h1,h30,N/A,100
h1,h31,93.701,0
h1,h32,N/A,100
h1,h33,N/A,100
h1,h34,N/A,100
h1,h35,N/A,100
h1,h36,98.375,0
h1,h37,N/A,100
h1,h38,N/A,100
h1,h39,93.219,0
h1,h2,105.798,0
h1,h3,102.169,0
h1,h4,102.801,0
h1,h5,102.119,0
h1,h6,106.904,0
h1,h7,161.902,0
h1,h8,105.688,0
h1,h9,110.818,0
h1,h10,112.439,0
h1,h11,N/A,100
h1,h12,117.109,0
h1,h13,101.529,0
h1,h14,108.907,0
h1,h15,105.763,0
h1,h16,108.004,0
h1,h17,109.130,0
h1,h18,107.742,0
h1,h19,105.508,0
h1,h20,108.967,0
h1,h21,99.684,0
h1,h22,106.898,0
h1,h23,100.596,0
h1,h24,108.063,0
h1,h25,106.839,0
h1,h26,92.469,0
h1,h27,112.111,0
h1,h28,102.899,0
h1,h29,98.237,0
h1,h30,N/A,100
h1,h31,107.934,0
h1,h32,N/A,100
h1,h33,N/A,100
h1,h34,N/A,100
h1,h35,N/A,100
h1,h36,98.983,0
h1,h37,N/A,100
h1,h38,N/A,100
h1,h39,99.530,0
h1,h2,107.426,0
h1,h3,112.467,0
h1,h4,97.089,0
h1,h5,99.270,0
h1,h6,107.151,0
h1,h7,N/A,100
h1,h8,105.925,0
h1,h9,100.066,0
h1,h10,111.321,0
h1,h11,N/A,100
h1,h12,100.811,0
h1,h13,104.865,0
h1,h14,103.069,0
h1,h15,98.233,0
h1,h16,101.617,0
h1,h17,102.638,0
h1,h18,105.381,0
h1,h19,108.484,0
h1,h20,103.028,0
h1,h21,104.215,0
h1,h22,94.101,0
h1,h23,97.168,0
h1,h24,90.098,0
h1,h25,106.323,0
h1,h26,105.181,0
h1,h27,102.722,0
h1,h28,90.979,0
h1,h29,103.502,0
h1,h30,N/A,100
h1,h31,100.591,0
h1,h32,N/A,100
h1,h33,N/A,100
h1,h34,N/A,100
h1,h35,N/A,100
h1,h36,100.820,0
h1,h37,N/A,100
h1,h38,N/A,100
h1,h39,94.028,0
h1,h2,109.046,0
h1,h3,110.877,0
h1,h4,103.536,0
h1,h5,113.325,0
h1,h6,117.247,0
h1,h7,N/A,100
h1,h8,113.811,0
h1,h9,116.443,0
h1,h10,127.743,0
h1,h11,N/A,100
h1,h12,142.619,0
h1,h13,111.775,0
h1,h14,99.710,0
h1,h15,101.147,0
h1,h16,96.819,0
h1,h17,102.775,0
h1,h18,106.799,0
h1,h19,105.477,0
h1,h20,113.130,0
h1,h21,112.970,0
h1,h22,109.270,0
h1,h23,120.446,0
h1,h24,105.224,0
h1,h25,109.631,0
h1,h26,109.191,0
h1,h27,111.301,0
h1,h28,103.959,0
h1,h29,107.600,0
h1,h30,N/A,100
h1,h31,111.105,0
h1,h32,N/A,100
h1,h33,N/A,100
h1,h34,N/A,100
h1,h35,N/A,100
h1,h36,103.530,0
h1,h37,N/A,100
h1,h38,N/A,100
h1,h39,96.287,0
h1,h2,94.379,0
h1,h3,102.381,0
h1,h4,98.761,0
h1,h5,100.831,0
h1,h6,102.541,0
h1,h7,N/A,100
h1,h8,94.663,0
h1,h9,100.121,0
h1,h10,100.315,0
h1,h11,N/A,100
h1,h12,121.064,0
h1,h13,108.324,0
h1,h14,99.978,0
h1,h15,109.655,0
h1,h16,96.048,0
h1,h17,95.721,0
h1,h18,100.311,0
h1,h19,101.571,0
h1,h20,102.746,0
h1,h21,98.200,0
h1,h22,97.156,0
h1,h23,101.085,0
h1,h24,96.366,0
h1,h25,107.271,0
h1,h26,103.769,0
h1,h27,102.507,0
h1,h28,100.905,0
h1,h29,105.855,0
h1,h30,N/A,100
h1,h31,92.646,0
h1,h32,N/A,100
h1,h33,N/A,100
h1,h34,N/A,100
h1,h35,N/A,100
h1,h36,97.204,0
h1,h37,N/A,100
h1,h38,N/A,100
h1,h39,93.698,0
h1,h2,107.944,0
h1,h3,122.137,0
h1,h4,119.307,0
h1,h5,114.091,0
h1,h6,104.073,0
h1,h7,N/A,100
h1,h8,105.131,0
h1,h9,106.032,0
h1,h10,117.872,0
h1,h11,N/A,100
h1,h12,102.879,0
h1,h13,116.041,0
h1,h14,106.575,0
h1,h15,113.703,0
h1,h16,104.056,0
h1,h17,115.932,0
h1,h18,103.965,0
h1,h19,115.323,0
h1,h20,102.392,0
h1,h21,117.354,0
h1,h22,102.779,0
h1,h23,104.764,0
h1,h24,103.067,0
h1,h25,106.398,0
h1,h26,96.221,0
h1,h27,115.585,0
h1,h28,106.013,0
h1,h29,113.426,0
h1,h30,N/A,100
h1,h31,112.658,0
h1,h32,N/A,100
h1,h33,N/A,100
h1,h34,N/A,100
h1,h35,N/A,100
h1,h36,89.389,0
h1,h37,N/A,100
h1,h38,N/A,100
h1,h39,115.170,0
h1,h2,94.503,0
h1,h3,103.221,0
h1,h4,101.803,0
h1,h5,96.201,0
h1,h6,103.549,0
h1,h7,N/A,100
h1,h8,93.780,0
h1,h9,97.361,0
h1,h10,102.865,0
h1,h11,N/A,100
h1,h12,108.307,0
h1,h13,101.094,0
h1,h14,94.302,0
h1,h15,105.061,0
h1,h16,115.746,0
h1,h17,93.893,0
h1,h18,103.140,0
h1,h19,103.796,0
h1,h20,109.853,0
h1,h21,111.760,0
h1,h22,103.610,0
h1,h23,106.683,0
h1,h24,108.385,0
h1,h25,101.751,0
h1,h26,107.096,0
h1,h27,99.016,0
h1,h28,103.878,0
h1,h29,92.492,0
h1,h30,N/A,100
h1,h31,99.465,0
h1,h32,132.224,0
h1,h33,N/A,100
h1,h34,N/A,100
h1,h35,N/A,100
h1,h36,100.856,0
h1,h37,N/A,100
h1,h38,N/A,100
h1,h39,100.144,0
h1,h2,131.834,0
h1,h3,150.573,0
h1,h4,125.442,0
h1,h5,156.085,0
h1,h6,118.211,0
h1,h7,N/A,100
h1,h8,110.292,0
h1,h9,105.859,0
h1,h10,108.715,0
h1,h11,N/A,100
h1,h12,96.654,0
h1,h13,104.774,0
h1,h14,122.915,0
h1,h15,114.142,0
h1,h16,109.188,0
h1,h17,106.905,0
h1,h18,104.927,0
h1,h19,126.911,0
h1,h20,111.352,0
h1,h21,109.634,0
h1,h22,109.292,0
h1,h23,103.854,0
h1,h24,116.501,0
h1,h25,110.497,0
h1,h26,117.918,0
h1,h27,109.695,0
h1,h28,181.460,0
h1,h29,105.970,0
h1,h30,N/A,100
h1,h31,108.938,0
h1,h32,157.357,0
h1,h33,N/A,100
h1,h34,N/A,100
h1,h35,N/A,100
h1,h36,96.960,0
h1,h37,N/A,100
h1,h38,N/A,100
h1,h39,107.238,0
h1,h2,105.181,0
h1,h3,103.117,0
h1,h4,102.033,0
h1,h5,103.022,0
h1,h6,97.933,0
h1,h7,N/A,100
h1,h8,105.525,0
h1,h9,106.667,0
h1,h10,104.363,0
h1,h11,N/A,100
h1,h12,99.356,0
h1,h13,100.747,0
h1,h14,95.858,0
h1,h15,104.082,0
h1,h16,101.504,0
h1,h17,92.304,0
h1,h18,110.783,0
h1,h19,98.528,0
h1,h20,101.989,0
h1,h21,99.288,0
h1,h22,105.598,0
h1,h23,103.008,0
h1,h24,95.302,0
h1,h25,104.977,0
h1,h26,106.024,0
h1,h27,112.854,0
h1,h28,107.653,0
h1,h29,99.976,0
h1,h30,N/A,100
h1,h31,98.383,0
h1,h32,131.268,0
h1,h33,N/A,100
h1,h34,N/A,100
h1,h35,N/A,100
h1,h36,104.738,0
h1,h37,N/A,100
h1,h38,N/A,100
h1,h39,99.640,0
h1,h2,109.707,0
h1,h3,107.312,0
h1,h4,103.635,0
h1,h5,99.771,0
h1,h6,102.259,0
h1,h7,N/A,100
h1,h8,102.266,0
h1,h9,105.498,0
h1,h10,108.927,0
h1,h11,N/A,100
h1,h12,99.497,0
h1,h13,107.660,0
h1,h14,105.641,0
h1,h15,122.455,0
h1,h16,105.083,0
h1,h17,146.320,0
h1,h18,111.927,0
h1,h19,110.416,0
h1,h20,105.939,0
h1,h21,91.004,0
h1,h22,108.587,0
h1,h23,93.227,0
h1,h24,101.405,0
h1,h25,114.191,0
h1,h26,109.488,0
h1,h27,117.178,0
h1,h28,111.012,0
h1,h29,108.011,0
h1,h30,N/A,100
h1,h31,108.803,0
h1,h32,128.229,0
h1,h33,N/A,100
h1,h34,N/A,100
h1,h35,N/A,100
h1,h36,107.628,0
h1,h37,N/A,100
h1,h38,N/A,100
h1,h39,99.497,0
h1,h2,103.581,0
h1,h3,107.131,0
h1,h4,105.355,0
h1,h5,99.947,0
h1,h6,110.233,0
h1,h7,N/A,100
h1,h8,111.585,0
h1,h9,106.537,0
h1,h10,100.265,0
h1,h11,N/A,100
h1,h12,102.626,0
h1,h13,95.810,0
h1,h14,92.756,0
h1,h15,108.189,0
h1,h16,105.092,0
h1,h17,102.191,0
h1,h18,97.782,0
h1,h19,116.481,0
h1,h20,100.682,0
h1,h21,90.937,0
h1,h22,102.285,0
h1,h23,97.610,0
h1,h24,104.696,0
h1,h25,97.797,0
h1,h26,100.273,0
h1,h27,90.396,0
h1,h28,95.620,0
h1,h29,98.296,0
h1,h30,N/A,100
h1,h31,96.268,0
h1,h32,N/A,100
h1,h33,N/A,100
h1,h34,N/A,100
h1,h35,N/A,100
h1,h36,101.669,0
h1,h37,N/A,100
h1,h38,N/A,100
h1,h39,93.634,0
h1,h2,116.569,0
h1,h3,105.292,0
h1,h4,113.917,0
h1,h5,99.626,0
h1,h6,112.810,0
h1,h7,N/A,100
h1,h8,125.566,0
h1,h9,99.093,0
h1,h10,115.568,0
h1,h11,N/A,100
h1,h12,112.587,0
h1,h13,120.195,0
h1,h14,108.628,0
h1,h15,95.850,0
h1,h16,107.078,0
h1,h17,100.960,0
h1,h18,114.403,0
h1,h19,118.052,0
h1,h20,95.869,0
h1,h21,114.951,0
h1,h22,112.866,0
h1,h23,104.125,0
h1,h24,91.917,0
h1,h25,102.185,0
h1,h26,99.600,0
h1,h27,103.548,0
h1,h28,104.615,0
h1,h29,102.507,0
h1,h30,N/A,100
h1,h31,103.171,0
h1,h32,N/A,100
h1,h33,N/A,100
h1,h34,N/A,100
h1,h35,N/A,100
h1,h36,99.182,0
h1,h37,N/A,100
h1,h38,N/A,100
h1,h39,110.904,0
h1,h2,107.180,0
h1,h3,102.481,0
h1,h4,109.225,0
h1,h5,110.406,0
h1,h6,97.899,0
h1,h7,N/A,100
h1,h8,99.484,0
h1,h9,121.166,0
h1,h10,103.029,0
h1,h11,N/A,100
h1,h12,113.169,0
h1,h13,106.459,0
h1,h14,95.881,0
h1,h15,101.683,0
h1,h16,98.251,0
h1,h17,103.104,0
h1,h18,99.570,0
h1,h19,105.894,0
h1,h20,102.588,0
h1,h21,103.198,0
h1,h22,91.895,0
h1,h23,92.905,0
h1,h24,96.255,0
h1,h25,99.674,0
h1,h26,97.795,0
h1,h27,96.942,0
h1,h28,105.376,0
h1,h29,97.541,0
h1,h30,N/A,100
h1,h31,105.354,0
h1,h32,N/A,100
h1,h33,N/A,100
h1,h34,N/A,100
h1,h35,N/A,100
h1,h36,103.796,0
h1,h37,N/A,100
h1,h38,N/A,100
h1,h39,102.739,0
h1,h2,112.541,0
h1,h3,114.262,0
h1,h4,132.012,0
h1,h5,110.934,0
h1,h6,115.892,0
h1,h7,170.395,0
h1,h8,110.926,0
h1,h9,111.011,0
h1,h10,115.227,0
h1,h11,N/A,100
h1,h12,91.398,0
h1,h13,111.278,0
h1,h14,90.867,0
h1,h15,103.064,0
h1,h16,115.048,0
h1,h17,118.518,0
h1,h18,111.221,0
h1,h19,112.086,0
h1,h20,111.336,0
h1,h21,110.665,0
h1,h22,103.586,0
h1,h23,112.491,0
h1,h24,137.412,0
h1,h25,113.598,0
h1,h26,112.889,0
h1,h27,108.989,0
h1,h28,92.057,0
h1,h29,127.880,0
h1,h30,N/A,100
h1,h31,168.329,0
h1,h32,N/A,100
h1,h33,N/A,100
h1,h34,N/A,100
h1,h35,N/A,100
h1,h36,119.278,0
h1,h37,N/A,100
h1,h38,N/A,100
h1,h39,142.757,0
h1,h2,103.265,0
h1,h3,104.443,0
h1,h4,91.579,0
h1,h5,104.910,0
h1,h6,103.475,0
h1,h7,162.431,0
h1,h8,104.622,0
h1,h9,99.952,0
h1,h10,106.203,0
h1,h11,N/A,100
h1,h12,117.891,0
h1,h13,99.992,0
h1,h14,93.149,0
h1,h15,118.143,0
h1,h16,121.469,0
h1,h17,105.692,0
h1,h18,93.525,0
h1,h19,99.588,0
h1,h20,101.437,0
h1,h21,95.881,0
h1,h22,110.794,0
h1,h23,93.850,0
h1,h24,115.813,0
h1,h25,112.954,0
h1,h26,99.761,0
h1,h27,99.859,0
h1,h28,105.468,0
h1,h29,102.491,0
h1,h30,N/A,100
h1,h31,98.710,0
h1,h32,N/A,100
h1,h33,N/A,100
h1,h34,N/A,100
h1,h35,N/A,100
h1,h36,95.763,0
h1,h37,N/A,100
h1,h38,N/A,100
h1,h39,152.971,0
h1,h2,92.599,0
h1,h3,95.426,0
h1,h4,94.327,0
h1,h5,92.478,0
h1,h6,95.632,0
h1,h7,156.562,0
h1,h8,97.266,0
h1,h9,99.292,0
h1,h10,96.663,0
h1,h11,N/A,100
h1,h12,97.819,0
h1,h13,106.737,0
h1,h14,100.495,0
h1,h15,91.527,0
h1,h16,119.429,0
h1,h17,104.239,0
h1,h18,113.687,0
h1,h19,123.789,0
h1,h20,108.899,0
h1,h21,106.825,0
h1,h22,105.665,0
h1,h23,107.978,0
h1,h24,101.437,0
h1,h25,116.984,0
h1,h26,107.067,0
h1,h27,101.589,0
h1,h28,101.515,0
h1,h29,117.296,0
h1,h30,N/A,100
h1,h31,111.375,0
h1,h32,N/A,100
h1,h33,N/A,100
h1,h34,N/A,100
h1,h35,N/A,100
h1,h36,96.710,0
h1,h37,N/A,100
h1,h38,N/A,100
h1,h39,113.962,0
h1,h2,103.569,0
h1,h3,110.974,0
h1,h4,96.685,0
h1,h5,97.464,0
h1,h6,99.793,0
h1,h7,163.871,0
h1,h8,108.645,0
h1,h9,105.865,0
h1,h10,107.502,0
h1,h11,N/A,100
h1,h12,153.789,0
h1,h13,106.878,0
h1,h14,97.770,0
h1,h15,92.457,0
h1,h16,108.551,0
h1,h17,103.035,0
h1,h18,103.898,0
h1,h19,101.243,0
h1,h20,109.513,0
h1,h21,97.030,0
h1,h22,102.422,0
h1,h23,100.182,0
h1,h24,106.237,0
h1,h25,100.891,0
h1,h26,101.152,0
h1,h27,106.677,0
h1,h28,102.771,0
h1,h29,103.807,0
h1,h30,N/A,100
h1,h31,107.260,0
h1,h32,N/A,100
h1,h33,N/A,100
h1,h34,N/A,100
h1,h35,N/A,100
h1,h36,103.898,0
h1,h37,N/A,100
h1,h38,N/A,100
h1,h39,103.632,0
h1,h2,99.480,0
h1,h3,99.915,0
h1,h4,100.379,0
h1,h5,97.738,0
h1,h6,100.813,0
h1,h7,N/A,100
h1,h8,92.974,0
h1,h9,96.872,0
h1,h10,98.329,0
h1,h11,N/A,100
h1,h12,93.766,0
h1,h13,93.089,0
h1,h14,103.531,0
h1,h15,101.515,0
h1,h16,96.575,0
h1,h17,97.091,0
h1,h18,126.945,0
h1,h19,127.099,0
h1,h20,120.188,0
h1,h21,134.073,0
h1,h22,140.056,0
h1,h23,108.429,0
h1,h24,118.543,0
h1,h25,104.411,0
h1,h26,105.430,0
h1,h27,102.390,0
h1,h28,104.787,0
h1,h29,95.625,0
h1,h30,N/A,100
h1,h31,131.964,0
h1,h32,N/A,100
h1,h33,N/A,100
h1,h34,N/A,100
h1,h35,N/A,100
h1,h36,110.014,0
h1,h37,N/A,100
h1,h38,N/A,100
h1,h39,104.243,0
h1,h2,100.397,0
h1,h3,102.729,0
h1,h4,90.920,0
h1,h5,91.886,0
h1,h6,99.988,0
h1,h7,N/A,100
h1,h8,101.183,0
h1,h9,109.405,0
h1,h10,96.526,0
h1,h11,N/A,100
h1,h12,99.681,0
h1,h13,95.006,0
h1,h14,100.975,0
h1,h15,104.869,0
h1,h16,104.332,0
h1,h17,105.798,0
h1,h18,104.614,0
h1,h19,97.436,0
h1,h20,116.410,0
h1,h21,96.306,0
h1,h22,107.467,0
h1,h23,102.095,0
h1,h24,105.959,0
h1,h25,95.905,0
h1,h26,105.366,0
h1,h27,106.325,0
h1,h28,95.710,0
h1,h29,93.765,0
h1,h30,N/A,100
h1,h31,99.966,0
h1,h32,N/A,100
h1,h33,N/A,100
h1,h34,N/A,100
h1,h35,N/A,100
h1,h36,101.112,0
h1,h37,N/A,100
h1,h38,N/A,100
h1,h39,97.362,0
h1,h2,101.674,0
h1,h3,94.322,0
h1,h4,92.788,0
h1,h5,94.345,0
h1,h6,92.829,0
h1,h7,N/A,100
h1,h8,100.081,0
h1,h9,105.518,0
h1,h10,96.634,0
h1,h11,N/A,100
h1,h12,98.996,0
h1,h13,99.472,0
h1,h14,101.420,0
h1,h15,102.282,0
h1,h16,99.304,0
h1,h17,100.288,0
h1,h18,94.490,0
h1,h19,95.548,0
h1,h20,96.422,0
h1,h21,94.752,0
h1,h22,96.659,0
h1,h23,103.082,0
h1,h24,124.097,0
h1,h25,121.408,0
h1,h26,110.401,0
h1,h27,116.766,0
h1,h28,123.045,0
h1,h29,103.575,0
h1,h30,N/A,100
h1,h31,108.290,0
h1,h32,N/A,100
h1,h33,N/A,100
h1,h34,N/A,100
h1,h35,N/A,100
h1,h36,114.185,0
h1,h37,N/A,100
h1,h38,N/A,100
h1,h39,105.090,0
h1,h2,111.398,0
h1,h3,109.010,0
h1,h4,111.889,0
h1,h5,101.399,0
h1,h6,109.293,0
h1,h7,N/A,100
h1,h8,98.020,0
h1,h9,100.730,0
h1,h10,105.841,0
h1,h11,N/A,100
h1,h12,104.127,0
h1,h13,103.466,0
h1,h14,111.105,0
h1,h15,93.140,0
h1,h16,107.450,0
h1,h17,106.694,0
h1,h18,100.725,0
h1,h19,103.140,0
h1,h20,92.020,0
h1,h21,104.873,0
h1,h22,106.167,0
h1,h23,103.328,0
h1,h24,91.337,0
h1,h25,107.709,0
h1,h26,98.148,0
h1,h27,102.310,0
h1,h28,90.311,0
h1,h29,100.229,0
h1,h30,N/A,100
h1,h31,110.997,0
h1,h32,154.020,0
h1,h33,N/A,100
h1,h34,N/A,100
h1,h35,N/A,100
h1,h36,105.626,0
h1,h37,N/A,100
h1,h38,N/A,100
h1,h39,102.813,0
h1,h2,93.769,0
h1,h3,105.303,0
h1,h4,106.476,0
h1,h5,94.240,0
h1,h6,95.497,0
h1,h7,N/A,100
h1,h8,98.082,0
h1,h9,95.553,0
h1,h10,96.942,0
h1,h11,N/A,100
h1,h12,105.389,0
h1,h13,94.946,0
h1,h14,94.540,0
h1,h15,98.511,0
h1,h16,93.695,0
h1,h17,93.315,0
h1,h18,97.396,0
h1,h19,97.877,0
h1,h20,93.308,0
h1,h21,97.027,0
h1,h22,100.187,0
h1,h23,98.033,0
h1,h24,108.607,0
h1,h25,96.234,0
h1,h26,99.191,0
h1,h27,98.087,0
h1,h28,95.046,0
h1,h29,94.758,0
h1,h30,N/A,100
h1,h31,91.684,0
h1,h32,141.502,0
h1,h33,N/A,100
h1,h34,N/A,100
h1,h35,N/A,100
h1,h36,104.648,0
h1,h37,N/A,100
h1,h38,N/A,100
h1,h39,107.175,0
h1,h2,124.815,0
h1,h3,105.396,0
h1,h4,109.907,0
h1,h5,101.884,0
h1,h6,121.857,0
h1,h7,N/A,100
h1,h8,107.883,0
h1,h9,123.276,0
h1,h10,92.689,0
h1,h11,N/A,100
h1,h12,112.309,0
h1,h13,100.805,0
h1,h14,119.064,0
h1,h15,112.224,0
h1,h16,112.242,0
h1,h17,101.134,0
h1,h18,109.846,0
h1,h19,103.587,0
h1,h20,107.186,0
h1,h21,110.388,0
h1,h22,115.807,0
h1,h23,115.616,0
h1,h24,116.443,0
h1,h25,107.889,0
h1,h26,92.200,0
h1,h27,99.489,0
h1,h28,95.977,0
h1,h29,92.512,0
h1,h30,N/A,100
h1,h31,116.435,0
h1,h32,152.560,0
h1,h33,N/A,100
h1,h34,N/A,100
h1,h35,N/A,100
h1,h36,92.579,0
h1,h37,N/A,100
h1,h38,N/A,100
h1,h39,106.032,0
h1,h2,107.557,0
h1,h3,100.203,0
h1,h4,93.603,0
h1,h5,99.679,0
h1,h6,107.546,0
h1,h7,N/A,100
h1,h8,184.542,0
h1,h9,98.099,0
h1,h10,150.557,0
h1,h11,N/A,100
h1,h12,102.027,0
h1,h13,98.570,0
h1,h14,99.632,0
h1,h15,99.794,0
h1,h16,105.642,0
h1,h17,103.527,0
h1,h18,103.050,0
h1,h19,98.893,0
h1,h20,96.560,0
h1,h21,96.198,0
h1,h22,104.883,0
h1,h23,102.910,0
h1,h24,110.220,0
h1,h25,106.334,0
h1,h26,105.044,0
h1,h27,103.355,0
h1,h28,91.756,0
h1,h29,96.481,0
h1,h30,N/A,100
h1,h31,109.655,0
h1,h32,151.582,0
h1,h33,N/A,100
h1,h34,N/A,100
h1,h35,N/A,100
h1,h36,97.676,0
h1,h37,N/A,100
h1,h38,N/A,100
h1,h39,94.637,0
h1,h2,108.117,0
h1,h3,104.750,0
h1,h4,107.048,0
h1,h5,104.542,0
h1,h6,126.208,0
h1,h7,N/A,100
h1,h8,110.470,0
h1,h9,100.203,0
h1,h10,106.556,0
h1,h11,N/A,100
h1,h12,99.799,0
h1,h13,113.022,0
h1,h14,104.372,0
h1,h15,107.688,0
h1,h16,105.831,0
h1,h17,100.203,0
h1,h18,104.988,0
h1,h19,107.955,0
h1,h20,133.366,0
h1,h21,104.800,0
h1,h22,105.039,0
h1,h23,106.827,0
h1,h24,118.362,0
h1,h25,109.224,0
h1,h26,101.503,0
h1,h27,111.343,0
h1,h28,117.532,0
h1,h29,105.316,0
h1,h30,N/A,100
h1,h31,99.220,0
h1,h32,N/A,100
h1,h33,N/A,100
h1,h34,N/A,100
h1,h35,N/A,100
h1,h36,104.188,0
h1,h37,N/A,100
h1,h38,N/A,100
h1,h39,111.030,0
h1,h2,115.444,0
h1,h3,104.530,0
h1,h4,102.825,0
h1,h5,106.216,0
h1,h6,101.652,0
h1,h7,N/A,100
h1,h8,102.959,0
h1,h9,101.063,0
h1,h10,101.352,0
h1,h11,N/A,100
h1,h12,99.628,0
h1,h13,106.254,0
h1,h14,97.717,0
h1,h15,99.323,0
h1,h16,99.162,0
h1,h17,92.662,0
h1,h18,96.436,0
h1,h19,101.488,0
h1,h20,95.775,0
h1,h21,106.089,0
h1,h22,103.036,0
h1,h23,92.641,0
h1,h24,109.904,0
h1,h25,110.008,0
h1,h26,103.730,0
h1,h27,106.133,0
h1,h28,111.044,0
h1,h29,100.748,0
h1,h30,N/A,100
h1,h31,105.179,0
h1,h32,N/A,100
h1,h33,N/A,100
h1,h34,N/A,100
h1,h35,N/A,100
h1,h36,98.340,0
h1,h37,N/A,100
h1,h38,N/A,100
h1,h39,93.323,0
h1,h2,98.018,0
h1,h3,116.826,0
h1,h4,104.498,0
h1,h5,106.509,0
h1,h6,112.550,0
h1,h7,196.239,0
h1,h8,100.597,0
h1,h9,114.510,0
h1,h10,112.574,0
h1,h11,N/A,100
h1,h12,106.631,0
h1,h13,111.893,0
h1,h14,110.100,0
h1,h15,102.552,0
h1,h16,107.745,0
h1,h17,114.698,0
h1,h18,105.571,0
h1,h19,99.093,0
h1,h20,98.082,0
h1,h21,112.185,0
h1,h22,110.892,0
h1,h23,115.096,0
h1,h24,103.024,0
h1,h25,115.194,0
h1,h26,105.057,0
h1,h27,109.997,0
h1,h28,115.047,0
h1,h29,106.336,0
h1,h30,N/A,100
h1,h31,97.895,0
h1,h32,N/A,100
h1,h33,N/A,100
h1,h34,N/A,100
h1,h35,N/A,100
h1,h36,108.293,0
h1,h37,N/A,100
h1,h38,N/A,100
h1,h39,104.537,0
h1,h2,112.065,0
h1,h3,91.514,0
h1,h4,93.319,0
h1,h5,102.925,0
h1,h6,99.673,0
h1,h7,154.273,0
h1,h8,91.486,0
h1,h9,93.229,0
h1,h10,101.894,0
h1,h11,N/A,100
h1,h12,99.134,0
h1,h13,103.197,0
h1,h14,108.401,0
h1,h15,105.765,0
h1,h16,101.321,0
h1,h17,104.443,0
h1,h18,103.647,0
h1,h19,95.935,0
h1,h20,103.047,0
h1,h21,101.697,0
h1,h22,101.180,0
h1,h23,106.425,0
h1,h24,90.094,0
h1,h25,106.186,0
h1,h26,98.480,0
h1,h27,95.990,0
h1,h28,97.368,0
h1,h29,108.314,0
h1,h30,N/A,100
h1,h31,97.217,0
h1,h32,N/A,100
h1,h33,N/A,100
h1,h34,N/A,100
h1,h35,N/A,100
h1,h36,104.318,0
h1,h37,N/A,100
h1,h38,N/A,100
h1,h39,98.355,0
h1,h2,105.844,0
h1,h3,109.278,0
h1,h4,91.486,0
h1,h5,113.359,0
h1,h6,117.521,0
h1,h7,164.402,0
h1,h8,109.962,0
h1,h9,109.192,0
h1,h10,129.495,0
h1,h11,N/A,100
h1,h12,102.649,0
h1,h13,113.367,0
h1,h14,104.666,0
h1,h15,105.129,0
h1,h16,108.592,0
h1,h17,129.912,0
h1,h18,105.403,0
h1,h19,102.073,0
h1,h20,112.821,0
h1,h21,127.011,0
h1,h22,108.098,0
h1,h23,112.978,0
h1,h24,114.313,0
h1,h25,109.406,0
h1,h26,115.531,0
h1,h27,109.323,0
h1,h28,95.940,0
h1,h29,101.407,0
h1,h30,N/A,100
h1,h31,149.167,0
h1,h32,N/A,100
h1,h33,N/A,100
h1,h34,N/A,100
h1,h35,N/A,100
h1,h36,111.918,0
h1,h37,N/A,100
h1,h38,N/A,100
h1,h39,107.526,0
h1,h2,100.292,0
h1,h3,101.058,0
h1,h4,94.749,0
h1,h5,96.627,0
h1,h6,98.407,0
h1,h7,171.714,0
h1,h8,108.452,0
h1,h9,105.170,0
h1,h10,103.451,0
h1,h11,N/A,100
h1,h12,103.605,0
h1,h13,102.210,0
h1,h14,101.030,0
h1,h15,98.852,0
h1,h16,110.561,0
h1,h17,108.262,0
h1,h18,97.999,0
h1,h19,100.232,0
h1,h20,101.963,0
h1,h21,100.277,0
h1,h22,100.365,0
h1,h23,105.052,0
h1,h24,107.562,0
h1,h25,113.897,0
h1,h26,101.548,0
h1,h27,103.901,0
h1,h28,101.096,0
h1,h29,101.623,0
h1,h30,N/A,100
h1,h31,98.158,0
h1,h32,N/A,100
h1,h33,N/A,100
h1,h34,N/A,100
h1,h35,N/A,100
h1,h36,90.708,0
h1,h37,N/A,100
h1,h38,N/A,100
h1,h39,102.044,0
h1,h2,200.628,0
h1,h3,120.666,0
h1,h4,115.347,0
h1,h5,104.584,0
h1,h6,123.514,0
h1,h7,174.626,0
h1,h8,109.476,0
h1,h9,106.531,0
h1,h10,123.948,0
h1,h11,N/A,100
h1,h12,101.433,0
h1,h13,106.796,0
h1,h14,126.129,0
h1,h15,107.509,0
h1,h16,97.832,0
h1,h17,111.268,0
h1,h18,104.795,0
h1,h19,104.616,0
h1,h20,110.186,0
h1,h21,108.484,0
h1,h22,102.161,0
h1,h23,119.580,0
h1,h24,105.054,0
h1,h25,95.959,0
h1,h26,108.311,0
h1,h27,109.296,0
h1,h28,107.333,0
h1,h29,107.984,0
h1,h30,N/A,100
h1,h31,117.624,0
h1,h32,N/A,100
h1,h33,N/A,100
h1,h34,N/A,100
h1,h35,N/A,100
h1,h36,93.335,0
h1,h37,N/A,100
h1,h38,N/A,100
h1,h39,111.499,0
h1,h2,107.574,0
h1,h3,103.595,0
h1,h4,97.897,0
h1,h5,102.971,0
h1,h6,102.598,0
h1,h7,156.224,0
h1,h8,102.793,0
h1,h9,93.591,0
h1,h10,96.956,0
h1,h11,N/A,100
h1,h12,101.248,0
h1,h13,100.590,0
h1,h14,104.016,0
h1,h15,105.841,0
h1,h16,104.513,0
h1,h17,103.154,0
h1,h18,106.809,0
h1,h19,110.103,0
h1,h20,101.668,0
h1,h21,98.517,0
h1,h22,102.900,0
h1,h23,109.251,0
h1,h24,101.438,0
h1,h25,101.512,0
h1,h26,96.041,0
h1,h27,101.617,0
h1,h28,100.996,0
h1,h29,102.497,0
h1,h30,N/A,100
h1,h31,107.374,0
h1,h32,N/A,100
h1,h33,N/A,100
h1,h34,N/A,100
h1,h35,N/A,100
h1,h36,96.071,0
h1,h37,N/A,100
h1,h38,N/A,100
h1,h39,100.452,0
h1,h2,99.579,0
h1,h3,100.636,0
h1,h4,97.788,0
h1,h5,99.316,0
h1,h6,96.709,0
h1,h7,154.997,0
h1,h8,92.147,0
h1,h9,96.237,0
h1,h10,95.748,0
h1,h11,N/A,100
h1,h12,94.609,0
h1,h13,95.709,0
h1,h14,93.254,0
h1,h15,102.540,0
h1,h16,96.010,0
h1,h17,141.677,0
h1,h18,151.856,0
h1,h19,118.986,0
h1,h20,124.067,0
h1,h21,129.085,0
h1,h22,105.474,0
h1,h23,103.275,0
h1,h24,107.042,0
h1,h25,107.053,0
h1,h26,108.947,0
h1,h27,98.687,0
h1,h28,105.523,0
h1,h29,113.175,0
h1,h30,N/A,100
h1,h31,102.549,0
h1,h32,N/A,100
h1,h33,N/A,100
h1,h34,N/A,100
h1,h35,N/A,100
h1,h36,111.262,0
h1,h37,N/A,100
h1,h38,N/A,100
h1,h39,101.160,0
h1,h2,111.212,0
h1,h3,106.883,0
h1,h4,95.297,0
h1,h5,107.995,0
h1,h6,107.465,0
h1,h7,N/A,100
h1,h8,106.265,0
h1,h9,101.207,0
h1,h10,99.596,0
h1,h11,N/A,100
h1,h12,104.227,0
h1,h13,97.594,0
h1,h14,95.450,0
h1,h15,102.673,0
h1,h16,92.873,0
h1,h17,101.325,0
h1,h18,103.222,0
h1,h19,99.423,0
h1,h20,96.949,0
h1,h21,101.213,0
h1,h22,99.317,0
h1,h23,92.873,0
h1,h24,105.309,0
h1,h25,99.865,0
h1,h26,100.973,0
h1,h27,96.226,0
h1,h28,103.246,0
h1,h29,101.244,0
h1,h30,N/A,100
h1,h31,99.947,0
h1,h32,N/A,100
h1,h33,N/A,100
h1,h34,N/A,100
h1,h35,N/A,100
h1,h36,96.286,0
h1,h37,N/A,100
h1,h38,N/A,100
h1,h39,102.101,0
h1,h2,104.358,0
h1,h3,100.772,0
h1,h4,99.422,0
h1,h5,105.538,0
h1,h6,102.983,0
h1,h7,N/A,100
h1,h8,100.717,0
h1,h9,103.781,0
h1,h10,94.644,0
h1,h11,N/A,100
h1,h12,93.609,0
h1,h13,103.443,0
h1,h14,98.371,0
h1,h15,94.879,0
h1,h16,93.685,0
h1,h17,91.901,0
h1,h18,94.828,0
h1,h19,96.771,0
h1,h20,95.551,0
h1,h21,96.108,0
h1,h22,97.387,0
h1,h23,96.093,0
h1,h24,95.346,0
h1,h25,92.888,0
h1,h26,100.133,0
h1,h27,100.423,0
h1,h28,95.823,0
h1,h29,98.828,0
h1,h30,N/A,100
h1,h31,93.979,0
h1,h32,N/A,100
h1,h33,N/A,100
h1,h34,N/A,100
h1,h35,N/A,100
h1,h36,112.258,0
h1,h37,N/A,100
h1,h38,N/A,100
h1,h39,109.884,0
h1,h2,117.223,0
h1,h3,116.874,0
h1,h4,101.398,0
h1,h5,115.395,0
h1,h6,96.330,0
h1,h7,N/A,100
h1,h8,108.823,0
h1,h9,102.979,0
h1,h10,110.771,0
h1,h11,N/A,100
h1,h12,121.937,0
h1,h13,110.386,0
h1,h14,105.851,0
h1,h15,111.125,0
h1,h16,110.525,0
h1,h17,109.465,0
h1,h18,113.686,0
h1,h19,110.817,0
h1,h20,120.031,0
h1,h21,104.027,0
h1,h22,90.251,0
h1,h23,100.525,0
h1,h24,93.018,0
h1,h25,114.223,0
h1,h26,106.610,0
h1,h27,111.948,0
h1,h28,111.561,0
h1,h29,112.673,0
h1,h30,N/A,100
h1,h31,91.816,0
h1,h32,N/A,100
h1,h33,N/A,100
h1,h34,N/A,100
h1,h35,N/A,100
h1,h36,96.815,0
h1,h37,N/A,100
h1,h38,N/A,100
h1,h39,97.369,0
h1,h2,100.854,0
h1,h3,101.138,0
h1,h4,99.678,0
h1,h5,98.588,0
h1,h6,102.749,0
h1,h7,N/A,100
h1,h8,109.472,0
h1,h9,99.126,0
h1,h10,105.426,0
h1,h11,N/A,100
h1,h12,107.288,0
h1,h13,95.121,0
h1,h14,94.802,0
h1,h15,99.548,0
h1,h16,99.250,0
h1,h17,99.873,0
h1,h18,95.732,0
h1,h19,104.910,0
h1,h20,114.821,0
h1,h21,94.085,0
h1,h22,101.514,0
h1,h23,105.699,0
h1,h24,97.564,0
h1,h25,94.066,0
h1,h26,99.703,0
h1,h27,100.170,0
h1,h28,94.762,0
h1,h29,105.270,0
h1,h30,N/A,100
h1,h31,101.261,0
h1,h32,N/A,100
h1,h33,N/A,100
h1,h34,N/A,100
h1,h35,N/A,100
h1,h36,102.408,0
h1,h37,N/A,100
h1,h38,N/A,100
h1,h39,100.792,0
h1,h2,104.702,0
h1,h3,102.376,0
h1,h4,109.625,0
h1,h5,108.311,0
h1,h6,113.355,0
h1,h7,N/A,100
h1,h8,110.394,0
h1,h9,107.556,0
h1,h10,105.791,0
h1,h11,N/A,100
h1,h12,109.564,0
h1,h13,105.732,0
h1,h14,93.780,0
h1,h15,109.081,0
h1,h16,110.934,0
h1,h17,94.985,0
h1,h18,110.675,0
h1,h19,106.170,0
h1,h20,103.727,0
h1,h21,115.859,0
h1,h22,103.104,0
h1,h23,105.460,0
h1,h24,89.593,0
h1,h25,120.172,0
h1,h26,100.820,0
h1,h27,113.388,0
h1,h28,100.239,0
h1,h29,102.329,0
h1,h30,N/A,100
h1,h31,102.035,0
h1,h32,N/A,100
h1,h33,N/A,100
h1,h34,N/A,100
h1,h35,N/A,100
h1,h36,89.932,0
h1,h37,N/A,100
h1,h38,N/A,100
h1,h39,101.480,0
h1,h2,96.332,0
h1,h3,97.457,0
h1,h4,96.693,0
h1,h5,102.371,0
h1,h6,101.876,0
h1,h7,N/A,100
h1,h8,102.359,0
h1,h9,102.453,0
h1,h10,105.414,0
h1,h11,N/A,100
h1,h12,98.056,0
h1,h13,98.409,0
h1,h14,102.764,0
h1,h15,92.216,0
h1,h16,96.463,0
h1,h17,93.787,0
h1,h18,91.552,0
h1,h19,102.165,0
h1,h20,102.305,0
h1,h21,101.246,0
h1,h22,91.498,0
h1,h23,96.462,0
h1,h24,101.125,0
h1,h25,96.975,0
h1,h26,93.893,0
h1,h27,97.817,0
h1,h28,98.898,0
h1,h29,100.783,0
h1,h30,N/A,100
h1,h31,95.272,0
h1,h32,126.097,0
h1,h33,N/A,100
h1,h34,N/A,100
h1,h35,N/A,100
h1,h36,98.568,0
h1,h37,N/A,100
h1,h38,N/A,100
h1,h39,96.338,0
h1,h2,102.424,0
h1,h3,111.281,0
h1,h4,131.234,0
h1,h5,112.486,0
h1,h6,107.858,0
h1,h7,N/A,100
h1,h8,108.985,0
h1,h9,101.425,0
h1,h10,114.947,0
h1,h11,N/A,100
h1,h12,117.908,0
h1,h13,108.089,0
h1,h14,123.904,0
h1,h15,101.895,0
h1,h16,107.225,0
h1,h17,124.363,0
h1,h18,107.895,0
h1,h19,108.119,0
h1,h20,107.050,0
h1,h21,129.528,0
h1,h22,147.206,0
h1,h23,110.483,0
h1,h24,108.552,0
h1,h25,108.088,0
h1,h26,107.761,0
h1,h27,100.726,0
h1,h28,108.766,0
h1,h29,91.239,0
h1,h30,N/A,100
h1,h31,122.523,0
h1,h32,160.084,0
h1,h33,N/A,100
h1,h34,N/A,100
h1,h35,N/A,100
h1,h36,99.107,0
h1,h37,N/A,100
h1,h38,N/A,100
h1,h39,101.668,0
h1,h2,101.724,0
h1,h3,107.097,0
h1,h4,98.541,0
h1,h5,98.778,0
h1,h6,94.742,0
h1,h7,161.235,0
h1,h8,102.857,0
h1,h9,96.327,0
h1,h10,97.549,0
h1,h11,N/A,100
h1,h12,98.075,0
h1,h13,98.578,0
h1,h14,96.227,0
h1,h15,103.285,0
h1,h16,98.904,0
h1,h17,99.598,0
h1,h18,103.799,0
h1,h19,104.536,0
h1,h20,104.578,0
h1,h21,102.692,0
h1,h22,99.148,0
h1,h23,101.539,0
h1,h24,108.007,0
h1,h25,102.322,0
h1,h26,97.480,0
h1,h27,111.062,0
h1,h28,101.217,0
h1,h29,109.091,0
h1,h30,N/A,100
h1,h31,99.242,0
h1,h32,142.504,0
h1,h33,N/A,100
h1,h34,N/A,100
h1,h35,N/A,100
h1,h36,98.315,0
h1,h37,N/A,100
h1,h38,N/A,100
h1,h39,105.180,0
h1,h2,97.154,0
h1,h3,100.110,0
h1,h4,95.943,0
h1,h5,98.414,0
h1,h6,98.538,0
h1,h7,161.853,0
h1,h8,99.452,0
h1,h9,95.703,0
h1,h10,100.711,0
h1,h11,N/A,100
h1,h12,129.337,0
h1,h13,120.209,0
h1,h14,112.629,0
h1,h15,112.096,0
h1,h16,105.169,0
h1,h17,106.143,0
h1,h18,104.758,0
h1,h19,113.970,0
h1,h20,104.176,0
h1,h21,113.223,0
h1,h22,106.082,0
h1,h23,99.355,0
h1,h24,102.295,0
h1,h25,111.612,0
h1,h26,102.495,0
h1,h27,102.227,0
h1,h28,110.756,0
h1,h29,109.852,0
h1,h30,N/A,100
h1,h31,105.238,0
h1,h32,217.085,0
h1,h33,N/A,100
h1,h34,N/A,100
h1,h35,N/A,100
h1,h36,121.509,0
h1,h37,N/A,100
h1,h38,N/A,100
h1,h39,101.270,0
h1,h2,97.793,0
h1,h3,92.502,0
h1,h4,98.518,0
h1,h5,106.792,0
h1,h6,96.316,0
h1,h7,170.780,0
h1,h8,95.505,0
h1,h9,107.028,0
h1,h10,100.255,0
h1,h11,N/A,100
h1,h12,99.897,0
h1,h13,92.197,0
h1,h14,88.629,0
h1,h15,105.003,0
h1,h16,93.435,0
h1,h17,98.654,0
h1,h18,93.563,0
h1,h19,103.737,0
h1,h20,105.281,0
h1,h21,100.092,0
h1,h22,98.627,0
h1,h23,98.051,0
h1,h24,100.589,0
h1,h25,97.347,0
h1,h26,96.077,0
h1,h27,94.166,0
h1,h28,100.360,0
h1,h29,103.096,0
h1,h30,N/A,100
h1,h31,99.596,0
h1,h32,153.240,0
h1,h33,N/A,100
h1,h34,N/A,100
h1,h35,N/A,100
h1,h36,100.319,0
h1,h37,N/A,100
h1,h38,N/A,100
h1,h39,95.306,0
h1,h2,94.094,0
h1,h3,99.658,0
h1,h4,98.525,0
h1,h5,101.063,0
h1,h6,98.638,0
h1,h7,154.495,0
h1,h8,94.993,0
h1,h9,97.683,0
h1,h10,96.641,0
h1,h11,N/A,100
h1,h12,95.466,0
h1,h13,106.022,0
h1,h14,98.529,0
h1,h15,95.563,0
h1,h16,100.444,0
h1,h17,97.718,0
h1,h18,95.730,0
h1,h19,108.126,0
h1,h20,100.749,0
h1,h21,102.949,0
h1,h22,94.149,0
h1,h23,99.853,0
h1,h24,93.097,0
h1,h25,94.056,0
h1,h26,95.954,0
h1,h27,94.277,0
h1,h28,104.899,0
h1,h29,97.595,0
h1,h30,N/A,100
h1,h31,120.430,0
h1,h32,N/A,100
h1,h33,N/A,100
h1,h34,N/A,100
h1,h35,N/A,100
h1,h36,107.871,0
h1,h37,N/A,100
h1,h38,N/A,100
h1,h39,111.377,0
h1,h2,119.005,0
h1,h3,114.096,0
h1,h4,116.472,0
h1,h5,104.097,0
h1,h6,107.785,0
h1,h7,N/A,100
h1,h8,112.125,0
h1,h9,103.318,0
h1,h10,100.830,0
h1,h11,N/A,100
h1,h12,98.692,0
h1,h13,101.092,0
h1,h14,99.816,0
h1,h15,99.290,0
h1,h16,93.055,0
h1,h17,105.626,0
h1,h18,105.739,0
h1,h19,94.351,0
h1,h20,95.271,0
h1,h21,101.828,0
h1,h22,106.666,0
h1,h23,110.354,0
h1,h24,92.640,0
h1,h25,106.243,0
h1,h26,105.008,0
h1,h27,101.331,0
h1,h28,103.457,0
h1,h29,101.536,0
h1,h30,N/A,100
h1,h31,107.375,0
h1,h32,N/A,100
h1,h33,N/A,100
h1,h34,N/A,100
h1,h35,N/A,100
h1,h36,105.700,0
h1,h37,N/A,100
h1,h38,N/A,100
h1,h39,110.136,0
h1,h2,102.881,0
h1,h3,97.716,0
h1,h4,95.657,0
h1,h5,100.821,0
h1,h6,95.981,0
h1,h7,N/A,100
h1,h8,96.155,0
h1,h9,102.014,0
h1,h10,92.686,0
h1,h11,N/A,100
h1,h12,100.427,0
h1,h13,101.074,0
h1,h14,96.200,0
h1,h15,99.580,0
h1,h16,96.563,0
h1,h17,93.129,0
h1,h18,95.401,0
h1,h19,99.327,0
h1,h20,96.138,0
h1,h21,99.322,0
h1,h22,100.908,0
h1,h23,96.164,0
h1,h24,97.689,0
h1,h25,99.171,0
h1,h26,100.544,0
h1,h27,95.387,0
h1,h28,97.600,0
h1,h29,97.547,0
h1,h30,N/A,100
h1,h31,141.926,0
h1,h32,N/A,100
h1,h33,N/A,100
h1,h34,N/A,100
h1,h35,N/A,100
h1,h36,107.337,0
h1,h37,N/A,100
h1,h38,N/A,100
h1,h39,100.081,0
h1,h2,99.958,0
h1,h3,111.928,0
h1,h4,103.894,0
h1,h5,112.665,0
h1,h6,139.294,0
h1,h7,N/A,100
h1,h8,103.996,0
h1,h9,104.965,0
h1,h10,113.184,0
h1,h11,N/A,100
h1,h12,93.489,0
h1,h13,98.461,0
h1,h14,96.853,0
h1,h15,101.296,0
h1,h16,102.663,0
h1,h17,97.712,0
h1,h18,98.893,0
h1,h19,97.670,0
h1,h20,94.349,0
h1,h21,102.701,0
h1,h22,103.167,0
h1,h23,111.268,0
h1,h24,102.777,0
h1,h25,94.205,0
h1,h26,99.696,0
h1,h27,106.210,0
h1,h28,94.370,0
h1,h29,105.082,0
h1,h30,N/A,100
h1,h31,102.401,0
h1,h32,N/A,100
h1,h33,N/A,100
h1,h34,N/A,100
h1,h35,N/A,100
h1,h36,103.313,0
h1,h37,N/A,100
h1,h38,N/A,100
h1,h39,93.705,0
h1,h2,91.856,0
h1,h3,107.562,0
h1,h4,97.941,0
h1,h5,102.040,0
h1,h6,102.199,0
h1,h7,N/A,100
h1,h8,99.603,0
h1,h9,95.134,0
h1,h10,100.578,0
h1,h11,N/A,100
h1,h12,92.835,0
h1,h13,106.434,0
h1,h14,92.065,0
h1,h15,94.285,0
h1,h16,104.445,0
h1,h17,94.969,0
h1,h18,98.246,0
h1,h19,106.499,0
h1,h20,100.664,0
h1,h21,94.339,0
h1,h22,99.725,0
h1,h23,97.257,0
h1,h24,95.364,0
h1,h25,102.502,0
h1,h26,99.509,0
h1,h27,97.303,0
h1,h28,99.173,0
h1,h29,91.767,0
h1,h30,N/A,100
h1,h31,97.404,0
h1,h32,N/A,100
h1,h33,N/A,100
h1,h34,N/A,100
h1,h35,N/A,100
h1,h36,96.455,0
h1,h37,N/A,100
h1,h38,N/A,100
h1,h39,109.433,0
h1,h2,113.697,0
h1,h3,94.309,0
h1,h4,111.385,0
h1,h5,115.910,0
h1,h6,113.418,0
h1,h7,N/A,100
h1,h8,110.190,0
h1,h9,117.245,0
h1,h10,108.610,0
h1,h11,N/A,100
h1,h12,102.887,0
h1,h13,128.071,0
h1,h14,121.287,0
h1,h15,183.036,0
h1,h16,105.893,0
h1,h17,103.122,0
h1,h18,102.140,0
h1,h19,97.773,0
h1,h20,100.429,0
h1,h21,105.753,0
h1,h22,101.107,0
h1,h23,101.530,0
h1,h24,95.691,0
h1,h25,102.427,0
h1,h26,101.406,0
h1,h27,112.127,0
h1,h28,100.388,0
h1,h29,105.366,0
h1,h30,N/A,100
h1,h31,102.622,0
h1,h32,N/A,100
h1,h33,N/A,100
h1,h34,N/A,100
h1,h35,N/A,100
h1,h36,103.085,0
h1,h37,N/A,100
h1,h38,N/A,100
h1,h39,108.684,0
h1,h2,99.771,0
h1,h3,97.460,0
h1,h4,98.685,0
h1,h5,103.014,0
h1,h6,104.200,0
h1,h7,N/A,100
h1,h8,95.866,0
h1,h9,104.489,0
h1,h10,98.600,0
h1,h11,N/A,100
h1,h12,104.637,0
h1,h13,105.821,0
h1,h14,101.295,0
h1,h15,97.149,0
h1,h16,98.724,0
h1,h17,98.038,0
h1,h18,93.247,0
h1,h19,102.088,0
h1,h20,94.749,0
h1,h21,101.576,0
h1,h22,95.334,0
h1,h23,93.840,0
h1,h24,97.879,0
h1,h25,96.360,0
h1,h26,94.909,0
h1,h27,103.577,0
h1,h28,96.229,0
h1,h29,95.197,0
h1,h30,N/A,100
h1,h31,96.669,0
h1,h32,N/A,100
h1,h33,N/A,100
h1,h34,N/A,100
h1,h35,N/A,100
h1,h36,101.132,0
h1,h37,N/A,100
h1,h38,N/A,100
h1,h39,127.101,0
h1,h2,115.254,0
h1,h3,99.321,0
h1,h4,122.951,0
h1,h5,110.374,0
h1,h6,97.467,0
h1,h7,N/A,100
h1,h8,109.732,0
h1,h9,112.518,0
h1,h10,124.682,0
h1,h11,N/A,100
h1,h12,100.260,0
h1,h13,103.907,0
h1,h14,97.536,0
h1,h15,102.492,0
h1,h16,103.528,0
h1,h17,97.508,0
h1,h18,96.210,0
h1,h19,103.958,0
h1,h20,95.052,0
h1,h21,118.091,0
h1,h22,107.944,0
h1,h23,103.095,0
h1,h24,103.534,0
h1,h25,104.813,0
h1,h26,112.520,0
h1,h27,94.389,0
h1,h28,109.439,0
h1,h29,99.158,0
h1,h30,N/A,100
h1,h31,101.585,0
h1,h32,101.948,0
h1,h33,N/A,100
h1,h34,N/A,100
h1,h35,N/A,100
h1,h36,103.612,0
h1,h37,N/A,100
h1,h38,N/A,100
h1,h39,101.144,0
h1,h2,99.272,0
h1,h3,106.349,0
h1,h4,103.879,0
h1,h5,103.028,0
h1,h6,96.055,0
h1,h7,N/A,100
h1,h8,95.784,0
h1,h9,91.204,0
h1,h10,104.408,0
h1,h11,N/A,100
h1,h12,97.009,0
h1,h13,98.885,0
h1,h14,98.299,0
h1,h15,108.799,0
h1,h16,105.569,0
h1,h17,111.518,0
h1,h18,104.412,0
h1,h19,100.042,0
h1,h20,101.616,0
h1,h21,96.643,0
h1,h22,97.536,0
h1,h23,95.892,0
h1,h24,101.852,0
h1,h25,101.773,0
h1,h26,105.895,0
h1,h27,103.781,0
h1,h28,96.857,0
h1,h29,99.958,0
h1,h30,N/A,100
h1,h31,90.612,0
h1,h32,92.728,0
h1,h33,N/A,100
h1,h34,N/A,100
h1,h35,N/A,100
h1,h36,94.943,0
h1,h37,N/A,100
h1,h38,N/A,100
h1,h39,94.240,0
h1,h2,134.554,0
h1,h3,111.100,0
h1,h4,123.997,0
h1,h5,110.766,0
h1,h6,100.580,0
h1,h7,N/A,100
h1,h8,112.027,0
h1,h9,102.117,0
h1,h10,113.866,0
h1,h11,N/A,100
h1,h12,108.172,0
h1,h13,106.879,0
h1,h14,121.550,0
h1,h15,107.411,0
h1,h16,105.793,0
h1,h17,113.614,0
h1,h18,108.190,0
h1,h19,93.271,0
h1,h20,130.836,0
h1,h21,113.636,0
h1,h22,112.902,0
h1,h23,114.285,0
h1,h24,106.954,0
h1,h25,112.809,0
h1,h26,117.399,0
h1,h27,93.464,0
h1,h28,102.359,0
h1,h29,90.572,0
h1,h30,N/A,100
h1,h31,100.502,0
h1,h32,117.305,0
h1,h33,N/A,100
h1,h34,N/A,100
h1,h35,N/A,100
h1,h36,111.416,0
h1,h37,N/A,100
h1,h38,N/A,100
h1,h39,111.408,0
h1,h2,104.073,0
h1,h3,104.501,0
h1,h4,107.629,0
h1,h5,95.953,0
h1,h6,92.552,0
h1,h7,N/A,100
h1,h8,102.185,0
h1,h9,99.853,0
h1,h10,101.126,0
h1,h11,N/A,100
h1,h12,116.052,0
h1,h13,103.731,0
h1,h14,102.086,0
h1,h15,101.767,0
h1,h16,108.000,0
h1,h17,103.318,0
h1,h18,89.529,0
h1,h19,101.463,0
h1,h20,102.133,0
h1,h21,98.554,0
h1,h22,101.427,0
h1,h23,101.452,0
h1,h24,94.098,0
h1,h25,105.341,0
h1,h26,107.388,0
h1,h27,99.382,0
h1,h28,91.911,0
h1,h29,109.574,0
h1,h30,N/A,100
h1,h31,99.886,0
h1,h32,98.503,0
h1,h33,N/A,100
h1,h34,N/A,100
h1,h35,N/A,100
h1,h36,114.565,0
h1,h37,N/A,100
h1,h38,N/A,100
h1,h39,99.314,0
h1,h2,119.505,0
h1,h3,106.210,0
h1,h4,102.754,0
h1,h5,105.655,0
h1,h6,106.485,0
h1,h7,N/A,100
h1,h8,123.311,0
h1,h9,101.751,0
h1,h10,104.958,0
h1,h11,N/A,100
h1,h12,94.374,0
h1,h13,106.007,0
h1,h14,109.574,0
h1,h15,111.235,0
h1,h16,110.254,0
h1,h17,110.052,0
h1,h18,123.408,0
h1,h19,107.584,0
h1,h20,101.621,0
h1,h21,113.267,0
h1,h22,112.109,0
h1,h23,92.817,0
h1,h24,135.658,0
h1,h25,104.536,0
h1,h26,93.142,0
h1,h27,96.882,0
h1,h28,97.130,0
h1,h29,107.036,0
h1,h30,N/A,100
h1,h31,120.231,0
h1,h32,N/A,100
h1,h33,N/A,100
h1,h34,N/A,100
h1,h35,N/A,100
h1,h36,124.122,0
h1,h37,N/A,100
h1,h38,N/A,100
h1,h39,105.018,0
h1,h2,100.596,0
h1,h3,111.698,0
h1,h4,107.908,0
h1,h5,92.848,0
h1,h6,104.557,0
h1,h7,162.997,0
h1,h8,106.864,0
h1,h9,106.612,0
h1,h10,89.856,0
h1,h11,N/A,100
h1,h12,108.760,0
h1,h13,108.514,0
h1,h14,103.199,0
h1,h15,102.288,0
h1,h16,109.373,0
h1,h17,104.623,0
h1,h18,96.426,0
h1,h19,99.799,0
h1,h20,104.386,0
h1,h21,108.990,0
h1,h22,98.356,0
h1,h23,103.772,0
h1,h24,105.206,0
h1,h25,98.202,0
h1,h26,104.875,0
h1,h27,103.620,0
h1,h28,98.968,0
h1,h29,101.959,0
h1,h30,N/A,100
h1,h31,102.069,0
h1,h32,N/A,100
h1,h33,N/A,100
h1,h34,N/A,100
h1,h35,N/A,100
h1,h36,100.223,0
h1,h37,N/A,100
h1,h38,N/A,100
h1,h39,92.323,0
h1,h2,132.995,0
h1,h3,117.992,0
h1,h4,104.396,0
h1,h5,97.791,0
h1,h6,108.089,0
h1,h7,163.286,0
h1,h8,101.948,0
h1,h9,102.965,0
h1,h10,111.707,0
h1,h11,N/A,100
h1,h12,114.212,0
h1,h13,97.371,0
h1,h14,114.019,0
h1,h15,109.211,0
h1,h16,100.351,0
h1,h17,116.740,0
h1,h18,113.029,0
h1,h19,107.063,0
h1,h20,119.761,0
h1,h21,112.504,0
h1,h22,102.788,0
h1,h23,95.518,0
h1,h24,101.856,0
h1,h25,128.295,0
h1,h26,158.870,0
h1,h27,104.870,0
h1,h28,118.827,0
h1,h29,125.147,0
h1,h30,N/A,100
h1,h31,104.278,0
h1,h32,N/A,100
h1,h33,N/A,100
h1,h34,N/A,100
h1,h35,N/A,100
h1,h36,102.658,0
h1,h37,N/A,100
h1,h38,N/A,100
h1,h39,103.147,0
h1,h2,101.785,0
h1,h3,101.011,0
h1,h4,93.306,0
h1,h5,95.982,0
h1,h6,112.000,0
h1,h7,169.992,0
h1,h8,101.405,0
h1,h9,102.399,0
h1,h10,101.306,0
h1,h11,N/A,100
h1,h12,104.137,0
h1,h13,105.547,0
h1,h14,104.568,0
h1,h15,106.926,0
h1,h16,100.654,0
h1,h17,102.053,0
h1,h18,106.974,0
h1,h19,101.121,0
h1,h20,108.400,0
h1,h21,102.112,0
h1,h22,94.910,0
h1,h23,100.828,0
h1,h24,99.849,0
h1,h25,108.596,0
h1,h26,112.875,0
h1,h27,114.459,0
h1,h28,103.109,0
h1,h29,105.176,0
h1,h30,N/A,100
h1,h31,92.749,0
h1,h32,N/A,100
h1,h33,N/A,100
h1,h34,N/A,100
h1,h35,N/A,100
h1,h36,99.637,0
h1,h37,N/A,100
h1,h38,N/A,100
h1,h39,99.005,0
h1,h2,98.350,0
h1,h3,99.403,0
h1,h4,100.900,0
h1,h5,90.955,0
h1,h6,95.096,0
h1,h7,161.594,0
h1,h8,98.678,0
h1,h9,98.955,0
h1,h10,97.306,0
h1,h11,N/A,100
h1,h12,95.870,0
h1,h13,126.382,0
h1,h14,102.245,0
h1,h15,121.969,0
h1,h16,116.252,0
h1,h17,93.374,0
h1,h18,96.238,0
h1,h19,138.477,0
h1,h20,103.437,0
h1,h21,109.717,0
h1,h22,121.350,0
h1,h23,100.595,0
h1,h24,106.063,0
h1,h25,119.623,0
h1,h26,108.486,0
h1,h27,94.586,0
h1,h28,101.875,0
h1,h29,124.780,0
h1,h30,N/A,100
h1,h31,102.731,0
h1,h32,N/A,100
h1,h33,N/A,100
h1,h34,N/A,100
h1,h35,N/A,100
h1,h36,109.018,0
h1,h37,N/A,100
h1,h38,N/A,100
h1,h39,112.898,0
h1,h2,107.796,0
h1,h3,96.025,0
h1,h4,100.670,0
h1,h5,105.797,0
h1,h6,97.084,0
h1,h7,157.834,0
h1,h8,101.787,0
h1,h9,107.207,0
h1,h10,91.843,0
h1,h11,N/A,100
h1,h12,93.415,0
h1,h13,98.075,0
h1,h14,92.936,0
h1,h15,99.684,0
h1,h16,95.107,0
h1,h17,104.018,0
h1,h18,108.625,0
h1,h19,98.374,0
h1,h20,111.982,0
h1,h21,97.787,0
h1,h22,101.983,0
h1,h23,102.557,0
h1,h24,107.539,0
h1,h25,106.227,0
h1,h26,101.942,0
h1,h27,107.503,0
h1,h28,98.132,0
h1,h29,105.064,0
h1,h30,N/A,100
h1,h31,105.251,0
h1,h32,N/A,100
h1,h33,N/A,100
h1,h34,N/A,100
h1,h35,N/A,100
h1,h36,99.804,0
h1,h37,N/A,100
h1,h38,N/A,100
h1,h39,101.995,0
h1,h2,96.749,0
h1,h3,102.291,0
h1,h4,101.652,0
h1,h5,97.361,0
h1,h6,98.217,0
h1,h7,N/A,100
h1,h8,99.763,0
h1,h9,96.992,0
h1,h10,93.291,0
h1,h11,N/A,100
h1,h12,97.143,0
h1,h13,97.662,0
h1,h14,94.878,0
h1,h15,99.246,0
h1,h16,92.099,0
h1,h17,104.756,0
h1,h18,101.607,0
h1,h19,93.627,0
h1,h20,103.221,0
h1,h21,96.190,0
h1,h22,95.711,0
h1,h23,98.474,0
h1,h24,101.686,0
h1,h25,124.300,0
h1,h26,105.821,0
h1,h27,128.218,0
h1,h28,113.974,0
h1,h29,113.657,0
h1,h30,N/A,100
h1,h31,111.438,0
h1,h32,N/A,100
h1,h33,N/A,100
h1,h34,N/A,100
h1,h35,N/A,100
h1,h36,107.169,0
h1,h37,N/A,100
h1,h38,N/A,100
h1,h39,118.595,0
h1,h2,97.049,0
h1,h3,114.624,0
h1,h4,107.569,0
h1,h5,109.725,0
h1,h6,109.452,0
h1,h7,N/A,100
h1,h8,116.212,0
h1,h9,101.653,0
h1,h10,104.604,0
h1,h11,N/A,100
h1,h12,98.866,0
h1,h13,100.575,0
h1,h14,100.732,0
h1,h15,99.136,0
h1,h16,100.221,0
h1,h17,111.568,0
h1,h18,102.697,0
h1,h19,102.849,0
h1,h20,106.157,0
h1,h21,100.184,0
h1,h22,100.010,0
h1,h23,112.777,0
h1,h24,112.984,0
h1,h25,100.972,0
h1,h26,110.900,0
h1,h27,108.240,0
h1,h28,112.537,0
h1,h29,112.560,0
h1,h30,N/A,100
h1,h31,106.110,0
h1,h32,N/A,100
h1,h33,N/A,100
h1,h34,N/A,100
h1,h35,N/A,100
h1,h36,104.907,0
h1,h37,N/A,100
h1,h38,N/A,100
h1,h39,100.455,0
h1,h2,103.647,0
h1,h3,100.763,0
h1,h4,99.208,0
h1,h5,97.928,0
h1,h6,97.864,0
h1,h7,N/A,100
h1,h8,94.912,0
h1,h9,96.286,0
h1,h10,98.459,0
h1,h11,N/A,100
h1,h12,103.618,0
h1,h13,96.849,0
h1,h14,105.788,0
h1,h15,96.006,0
h1,h16,100.467,0
h1,h17,125.526,0
h1,h18,93.157,0
h1,h19,115.508,0
h1,h20,99.189,0
h1,h21,149.943,0
h1,h22,103.497,0
h1,h23,98.669,0
h1,h24,107.988,0
h1,h25,102.155,0
h1,h26,96.683,0
h1,h27,94.645,0
h1,h28,107.703,0
h1,h29,104.216,0
h1,h30,N/A,100
h1,h31,104.237,0
h1,h32,N/A,100
h1,h33,N/A,100
h1,h34,N/A,100
h1,h35,N/A,100
h1,h36,115.688,0
h1,h37,N/A,100
h1,h38,N/A,100
h1,h39,104.398,0
h1,h2,102.377,0
h1,h3,109.602,0
h1,h4,108.374,0
h1,h5,122.130,0
h1,h6,112.655,0
h1,h7,N/A,100
h1,h8,98.867,0
h1,h9,103.960,0
h1,h10,101.094,0
h1,h11,N/A,100
h1,h12,98.438,0
h1,h13,104.976,0
h1,h14,95.521,0
h1,h15,102.986,0
h1,h16,104.920,0
h1,h17,95.681,0
h1,h18,96.811,0
h1,h19,92.466,0
h1,h20,99.388,0
h1,h21,94.246,0
h1,h22,94.182,0
h1,h23,111.079,0
h1,h24,98.078,0
h1,h25,93.146,0
h1,h26,101.901,0
h1,h27,100.755,0
h1,h28,103.819,0
h1,h29,95.838,0
h1,h30,N/A,100
h1,h31,105.165,0
h1,h32,N/A,100
h1,h33,N/A,100
h1,h34,N/A,100
h1,h35,N/A,100
h1,h36,97.715,0
h1,h37,N/A,100
h1,h38,N/A,100
h1,h39,99.748,0
h1,h2,105.431,0
h1,h3,99.708,0
h1,h4,102.560,0
h1,h5,100.765,0
h1,h6,93.218,0
h1,h7,N/A,100
h1,h8,102.475,0
h1,h9,96.671,0
h1,h10,92.234,0
h1,h11,N/A,100
h1,h12,99.866,0
h1,h13,94.366,0
h1,h14,94.606,0
h1,h15,103.389,0
h1,h16,92.493,0
h1,h17,95.837,0
h1,h18,96.311,0
h1,h19,101.296,0
h1,h20,91.715,0
h1,h21,105.552,0
h1,h22,94.779,0
h1,h23,96.281,0
h1,h24,99.847,0
h1,h25,92.664,0
h1,h26,99.513,0
h1,h27,99.742,0
h1,h28,94.129,0
h1,h29,100.716,0
h1,h30,N/A,100
h1,h31,101.708,0
h1,h32,181.674,0
h1,h33,N/A,100
h1,h34,N/A,100
h1,h35,N/A,100
h1,h36,112.969,0
h1,h37,N/A,100
h1,h38,N/A,100
h1,h39,115.917,0
h1,h2,102.271,0
h1,h3,109.266,0
h1,h4,109.514,0
h1,h5,115.596,0
h1,h6,106.226,0
h1,h7,N/A,100
h1,h8,113.339,0
h1,h9,97.217,0
h1,h10,114.276,0
h1,h11,N/A,100
h1,h12,98.846,0
h1,h13,108.709,0
h1,h14,97.710,0
h1,h15,102.850,0
h1,h16,90.721,0
h1,h17,107.682,0
h1,h18,97.502,0
h1,h19,106.031,0
h1,h20,99.487,0
h1,h21,98.289,0
h1,h22,98.216,0
h1,h23,107.800,0
h1,h24,102.454,0
h1,h25,104.967,0
h1,h26,94.792,0
h1,h27,95.052,0
h1,h28,98.958,0
h1,h29,105.807,0
h1,h30,N/A,100
h1,h31,97.616,0
h1,h32,192.532,0
h1,h33,N/A,100
h1,h34,N/A,100
h1,h35,N/A,100
h1,h36,97.976,0
h1,h37,N/A,100
h1,h38,N/A,100
h1,h39,104.748,0
h1,h2,111.019,0
h1,h3,101.435,0
h1,h4,101.532,0
h1,h5,100.589,0
h1,h6,105.704,0
h1,h7,N/A,100
h1,h8,99.743,0
h1,h9,101.144,0
h1,h10,106.617,0
h1,h11,N/A,100
h1,h12,102.003,0
h1,h13,103.953,0
h1,h14,94.806,0
h1,h15,102.150,0
h1,h16,97.162,0
h1,h17,101.165,0
h1,h18,93.665,0
h1,h19,101.826,0
h1,h20,108.139,0
h1,h21,104.503,0
h1,h22,106.502,0
h1,h23,106.094,0
h1,h24,95.285,0
h1,h25,96.989,0
h1,h26,97.497,0
h1,h27,96.901,0
h1,h28,93.340,0
h1,h29,98.598,0
h1,h30,N/A,100
h1,h31,98.925,0
h1,h32,151.106,0
h1,h33,N/A,100
h1,h34,N/A,100
h1,h35,N/A,100
h1,h36,94.678,0
h1,h37,N/A,100
h1,h38,N/A,100
h1,h39,97.688,0
h1,h2,105.641,0
h1,h3,108.020,0
h1,h4,108.679,0
h1,h5,100.536,0
h1,h6,102.658,0
h1,h7,N/A,100
h1,h8,107.416,0
h1,h9,111.078,0
h1,h10,96.388,0
h1,h11,N/A,100
h1,h12,139.755,0
h1,h13,100.620,0
h1,h14,112.724,0
h1,h15,105.496,0
h1,h16,113.245,0
h1,h17,97.842,0
h1,h18,106.337,0
h1,h19,112.315,0
h1,h20,103.481,0
h1,h21,114.429,0
h1,h22,101.153,0
h1,h23,106.366,0
h1,h24,96.991,0
h1,h25,101.089,0
h1,h26,106.921,0
h1,h27,120.990,0
h1,h28,163.440,0
h1,h29,124.382,0
h1,h30,N/A,100
h1,h31,99.600,0
h1,h32,162.693,0
h1,h33,N/A,100
h1,h34,N/A,100
h1,h35,N/A,100
h1,h36,98.599,0
h1,h37,N/A,100
h1,h38,N/A,100
h1,h39,99.155,0
h1,h2,101.174,0
h1,h3,101.512,0
h1,h4,94.929,0
h1,h5,101.450,0
h1,h6,97.837,0
h1,h7,N/A,100
h1,h8,105.958,0
h1,h9,103.038,0
h1,h10,91.256,0
h1,h11,N/A,100
h1,h12,102.927,0
h1,h13,100.446,0
h1,h14,101.391,0
h1,h15,102.094,0
h1,h16,94.773,0
h1,h17,99.199,0
h1,h18,97.566,0
h1,h19,101.097,0
h1,h20,103.034,0
h1,h21,104.492,0
h1,h22,98.309,0
h1,h23,90.911,0
h1,h24,106.285,0
h1,h25,93.125,0
h1,h26,108.852,0
h1,h27,101.858,0
h1,h28,101.498,0
h1,h29,98.204,0
h1,h30,N/A,100
h1,h31,102.350,0
h1,h32,196.980,0
h1,h33,N/A,100
h1,h34,N/A,100
h1,h35,N/A,100
h1,h36,96.636,0
h1,h37,N/A,100
h1,h38,N/A,100
h1,h39,96.172,0
h1,h2,102.567,0
h1,h3,114.120,0
h1,h4,121.026,0
h1,h5,114.144,0
h1,h6,99.599,0
h1,h7,N/A,100
h1,h8,108.936,0
h1,h9,109.360,0
h1,h10,111.897,0
h1,h11,N/A,100
h1,h12,110.250,0
h1,h13,105.085,0
h1,h14,113.365,0
h1,h15,112.546,0
h1,h16,120.692,0
h1,h17,136.921,0
h1,h18,100.801,0
h1,h19,109.261,0
h1,h20,112.387,0
h1,h21,115.379,0
h1,h22,98.009,0
h1,h23,99.941,0
h1,h24,112.557,0
h1,h25,108.384,0
h1,h26,110.102,0
h1,h27,97.661,0
h1,h28,105.347,0
h1,h29,102.497,0
h1,h30,N/A,100
h1,h31,105.908,0
h1,h32,N/A,100
h1,h33,N/A,100
h1,h34,N/A,100
h1,h35,N/A,100
h1,h36,105.610,0
h1,h37,N/A,100
h1,h38,N/A,100
h1,h39,92.597,0
h1,h2,99.726,0
h1,h3,115.779,0
h1,h4,99.095,0
h1,h5,104.208,0
h1,h6,105.419,0
h1,h7,N/A,100
h1,h8,100.753,0
h1,h9,113.095,0
h1,h10,103.106,0
h1,h11,N/A,100
h1,h12,108.417,0
h1,h13,102.933,0
h1,h14,99.807,0
h1,h15,99.772,0
h1,h16,101.328,0
h1,h17,101.671,0
h1,h18,102.130,0
h1,h19,99.758,0
h1,h20,106.936,0
h1,h21,96.041,0
h1,h22,99.221,0
h1,h23,98.712,0
h1,h24,99.583,0
h1,h25,98.799,0
h1,h26,95.697,0
h1,h27,100.439,0
h1,h28,103.688,0
h1,h29,101.094,0
h1,h30,N/A,100
h1,h31,98.402,0
h1,h32,N/A,100
h1,h33,N/A,100
h1,h34,N/A,100
h1,h35,N/A,100
h1,h36,99.786,0
h1,h37,N/A,100
h1,h38,N/A,100
h1,h39,96.250,0
h1,h2,121.167,0
h1,h3,94.955,0
h1,h4,93.124,0
h1,h5,107.782,0
h1,h6,104.532,0
h1,h7,N/A,100
h1,h8,107.945,0
h1,h9,108.567,0
h1,h10,113.157,0
h1,h11,N/A,100
h1,h12,106.260,0
h1,h13,102.110,0
h1,h14,108.942,0
h1,h15,101.663,0
h1,h16,105.497,0
h1,h17,109.535,0
h1,h18,111.066,0
h1,h19,109.455,0
h1,h20,108.302,0
h1,h21,99.704,0
h1,h22,123.700,0
h1,h23,128.096,0
h1,h24,103.321,0
h1,h25,128.566,0
h1,h26,120.562,0
h1,h27,120.724,0
h1,h28,117.711,0
h1,h29,105.613,0
h1,h30,N/A,100
h1,h31,106.342,0
h1,h32,N/A,100
h1,h33,N/A,100
h1,h34,N/A,100
h1,h35,N/A,100
h1,h36,116.136,0
h1,h37,N/A,100
h1,h38,N/A,100
h1,h39,101.327,0
h1,h2,122.204,0
h1,h3,107.663,0
h1,h4,100.503,0
h1,h5,94.748,0
h1,h6,104.243,0
h1,h7,164.825,0
h1,h8,105.235,0
h1,h9,96.204,0
h1,h10,105.174,0
h1,h11,N/A,100
h1,h12,98.190,0
h1,h13,111.763,0
h1,h14,105.208,0
h1,h15,99.897,0
h1,h16,90.782,0
h1,h17,112.516,0
h1,h18,116.459,0
h1,h19,108.553,0
h1,h20,109.553,0
h1,h21,104.239,0
h1,h22,102.041,0
h1,h23,104.754,0
h1,h24,111.152,0
h1,h25,104.269,0
h1,h26,98.900,0
h1,h27,102.330,0
h1,h28,112.391,0
h1,h29,107.585,0
h1,h30,N/A,100
h1,h31,103.886,0
h1,h32,N/A,100
h1,h33,N/A,100
h1,h34,N/A,100
h1,h35,N/A,100
h1,h36,106.268,0
h1,h37,N/A,100
h1,h38,N/A,100
h1,h39,99.294,0
h1,h2,104.110,0
h1,h3,121.654,0
h1,h4,117.764,0
h1,h5,103.414,0
h1,h6,113.158,0
h1,h7,177.915,0
h1,h8,111.959,0
h1,h9,107.849,0
h1,h10,112.968,0
h1,h11,N/A,100
h1,h12,99.867,0
h1,h13,106.935,0
h1,h14,114.237,0
h1,h15,113.956,0
h1,h16,108.104,0
h1,h17,115.417,0
h1,h18,100.622,0
h1,h19,102.978,0
h1,h20,117.139,0
h1,h21,106.054,0
h1,h22,105.355,0
h1,h23,96.089,0
h1,h24,104.248,0
h1,h25,120.143,0
h1,h26,104.719,0
h1,h27,108.051,0
h1,h28,107.184,0
h1,h29,117.007,0
h1,h30,N/A,100
h1,h31,101.191,0
h1,h32,N/A,100
h1,h33,N/A,100
h1,h34,N/A,100
h1,h35,N/A,100
h1,h36,97.058,0
h1,h37,N/A,100
h1,h38,N/A,100
h1,h39,103.602,0
h1,h2,103.510,0
h1,h3,111.392,0
h1,h4,99.470,0
h1,h5,101.757,0
h1,h6,100.335,0
h1,h7,150.961,0
h1,h8,104.768,0
h1,h9,99.178,0
h1,h10,97.828,0
h1,h11,N/A,100
h1,h12,100.559,0
h1,h13,97.238,0
h1,h14,91.022,0
h1,h15,96.190,0
h1,h16,102.508,0
h1,h17,101.555,0
h1,h18,109.518,0
h1,h19,100.092,0
h1,h20,92.809,0
h1,h21,108.664,0
h1,h22,102.778,0
h1,h23,105.717,0
h1,h24,110.263,0
h1,h25,101.417,0
h1,h26,92.980,0
h1,h27,104.447,0
h1,h28,92.489,0
h1,h29,97.103,0
h1,h30,N/A,100
h1,h31,124.358,0
h1,h32,N/A,100
h1,h33,N/A,100
h1,h34,N/A,100
h1,h35,N/A,100
h1,h36,104.270,0
h1,h37,N/A,100
h1,h38,N/A,100
h1,h39,116.104,0
h1,h2,90.398,0
h1,h3,98.978,0
h1,h4,98.847,0
h1,h5,98.432,0
h1,h6,119.758,0
h1,h7,277.421,0
h1,h8,114.199,0
h1,h9,124.704,0
h1,h10,125.980,0
h1,h11,N/A,100
h1,h12,107.556,0
h1,h13,106.143,0
h1,h14,100.665,0
h1,h15,104.704,0
h1,h16,114.456,0
h1,h17,116.183,0
h1,h18,107.716,0
h1,h19,108.266,0
h1,h20,107.834,0
h1,h21,105.269,0
h1,h22,115.473,0
h1,h23,112.896,0
h1,h24,91.972,0
h1,h25,135.893,0
h1,h26,101.244,0
h1,h27,100.738,0
h1,h28,96.360,0
h1,h29,93.890,0
h1,h30,N/A,100
h1,h31,99.292,0
h1,h32,N/A,100
h1,h33,N/A,100
h1,h34,N/A,100
h1,h35,N/A,100
h1,h36,103.611,0
h1,h37,N/A,100
h1,h38,N/A,100
h1,h39,110.155,0
h1,h2,108.630,0
h1,h3,112.624,0
h1,h4,101.783,0
h1,h5,98.657,0
h1,h6,95.850,0
h1,h7,155.657,0
h1,h8,101.593,0
h1,h9,100.456,0
h1,h10,99.576,0
h1,h11,N/A,100
h1,h12,103.006,0
h1,h13,105.031,0
h1,h14,103.992,0
h1,h15,95.573,0
h1,h16,98.865,0
h1,h17,100.945,0
h1,h18,98.361,0
h1,h19,104.705,0
h1,h20,111.683,0
h1,h21,92.983,0
h1,h22,100.948,0
h1,h23,106.350,0
h1,h24,105.701,0
h1,h25,112.616,0
h1,h26,109.640,0
h1,h27,98.763,0
h1,h28,108.524,0
h1,h29,92.643,0
h1,h30,N/A,100
h1,h31,97.800,0
h1,h32,N/A,100
h1,h33,N/A,100
h1,h34,N/A,100
h1,h35,N/A,100
h1,h36,97.024,0
h1,h37,N/A,100
h1,h38,N/A,100
h1,h39,102.312,0
h1,h2,100.828,0
h1,h3,95.786,0
h1,h4,95.437,0
h1,h5,96.817,0
h1,h6,92.580,0
h1,h7,155.346,0
h1,h8,100.425,0
h1,h9,98.931,0
h1,h10,95.108,0
h1,h11,N/A,100
h1,h12,93.252,0
h1,h13,100.149,0
h1,h14,99.319,0
h1,h15,121.354,0
h1,h16,107.424,0
h1,h17,108.379,0
h1,h18,120.980,0
h1,h19,118.482,0
h1,h20,173.203,0
h1,h21,122.318,0
h1,h22,92.590,0
h1,h23,95.551,0
h1,h24,110.496,0
h1,h25,100.288,0
h1,h26,100.257,0
h1,h27,111.748,0
h1,h28,109.057,0
h1,h29,116.269,0
h1,h30,N/A,100
h1,h31,104.491,0
h1,h32,N/A,100
h1,h33,N/A,100
h1,h34,N/A,100
h1,h35,N/A,100
h1,h36,111.203,0
h1,h37,N/A,100
h1,h38,N/A,100
h1,h39,117.735,0
h1,h2,106.731,0
h1,h3,105.265,0
h1,h4,102.953,0
h1,h5,100.994,0
h1,h6,108.843,0
h1,h7,N/A,100
h1,h8,94.065,0
h1,h9,107.640,0
h1,h10,101.917,0
h1,h11,N/A,100
h1,h12,98.943,0
h1,h13,104.428,0
h1,h14,99.925,0
h1,h15,99.185,0
h1,h16,98.196,0
h1,h17,102.345,0
h1,h18,100.970,0
h1,h19,105.556,0
h1,h20,99.052,0
h1,h21,101.464,0
h1,h22,114.577,0
h1,h23,103.650,0
h1,h24,105.616,0
h1,h25,105.931,0
h1,h26,100.781,0
h1,h27,104.812,0
h1,h28,97.837,0
h1,h29,105.819,0
h1,h30,N/A,100
h1,h31,111.779,0
h1,h32,N/A,100
h1,h33,N/A,100
h1,h34,N/A,100
h1,h35,N/A,100
h1,h36,97.392,0
h1,h37,N/A,100
h1,h38,N/A,100
h1,h39,98.132,0
h1,h2,97.283,0
h1,h3,96.015,0
h1,h4,99.822,0
h1,h5,100.742,0
h1,h6,95.296,0
h1,h7,N/A,100
h1,h8,95.399,0
h1,h9,104.587,0
h1,h10,95.751,0
h1,h11,N/A,100
h1,h12,137.617,0
h1,h13,121.012,0
h1,h14,117.153,0
h1,h15,112.745,0
h1,h16,115.798,0
h1,h17,122.367,0
h1,h18,106.834,0
h1,h19,106.514,0
h1,h20,110.205,0
h1,h21,103.028,0
h1,h22,113.352,0
h1,h23,109.885,0
h1,h24,110.151,0
h1,h25,108.672,0
h1,h26,105.928,0
h1,h27,110.628,0
h1,h28,100.052,0
h1,h29,213.532,0
h1,h30,N/A,100
h1,h31,105.244,0
h1,h32,N/A,100
h1,h33,N/A,100
h1,h34,N/A,100
h1,h35,N/A,100
h1,h36,140.415,0
h1,h37,N/A,100
h1,h38,N/A,100
h1,h39,109.277,0
h1,h2,103.503,0
h1,h3,106.938,0
h1,h4,103.592,0
h1,h5,112.859,0
h1,h6,97.015,0
h1,h7,N/A,100
h1,h8,104.411,0
h1,h9,101.845,0
h1,h10,102.904,0
h1,h11,N/A,100
h1,h12,97.574,0
h1,h13,101.745,0
h1,h14,95.552,0
h1,h15,95.011,0
h1,h16,103.334,0
h1,h17,104.059,0
h1,h18,99.283,0
h1,h19,103.052,0
h1,h20,109.595,0
h1,h21,101.109,0
h1,h22,104.677,0
h1,h23,98.813,0
h1,h24,94.498,0
h1,h25,105.773,0
h1,h26,100.931,0
h1,h27,99.952,0
h1,h28,99.649,0
h1,h29,92.057,0
h1,h30,N/A,100
h1,h31,103.059,0
h1,h32,128.234,0
h1,h33,N/A,100
h1,h34,N/A,100
h1,h35,N/A,100
h1,h36,104.324,0
h1,h37,N/A,100
h1,h38,N/A,100
h1,h39,103.902,0
h1,h2,99.857,0
h1,h3,100.899,0
h1,h4,96.348,0
h1,h5,103.725,0
h1,h6,96.877,0
h1,h7,N/A,100
h1,h8,96.186,0
h1,h9,101.422,0
h1,h10,99.039,0
h1,h11,N/A,100
h1,h12,129.042,0
h1,h13,122.432,0
h1,h14,134.899,0
h1,h15,126.275,0
h1,h16,125.926,0
h1,h17,121.055,0
h1,h18,116.356,0
h1,h19,112.277,0
h1,h20,117.030,0
h1,h21,111.022,0
h1,h22,108.641,0
h1,h23,106.876,0
h1,h24,109.395,0
h1,h25,109.034,0
h1,h26,110.196,0
h1,h27,109.470,0
h1,h28,105.382,0
h1,h29,101.941,0
h1,h30,N/A,100
h1,h31,113.450,0
h1,h32,127.462,0
h1,h33,N/A,100
h1,h34,N/A,100
h1,h35,N/A,100
h1,h36,101.434,0
h1,h37,N/A,100
h1,h38,N/A,100
h1,h39,111.330,0
h1,h2,102.385,0
h1,h3,95.316,0
h1,h4,103.565,0
h1,h5,93.377,0
h1,h6,97.155,0
h1,h7,N/A,100
h1,h8,99.370,0
h1,h9,102.789,0
h1,h10,92.567,0
h1,h11,N/A,100
h1,h12,99.836,0
h1,h13,106.776,0
h1,h14,96.589,0
h1,h15,104.215,0
h1,h16,107.331,0
h1,h17,102.993,0
h1,h18,105.945,0
h1,h19,105.650,0
h1,h20,98.197,0
h1,h21,121.807,0
h1,h22,109.529,0
h1,h23,103.184,0
h1,h24,108.983,0
h1,h25,103.639,0
h1,h26,99.738,0
h1,h27,101.336,0
h1,h28,100.640,0
h1,h29,105.967,0
h1,h30,N/A,100
h1,h31,101.005,0
h1,h32,119.948,0
h1,h33,N/A,100
h1,h34,N/A,100
h1,h35,N/A,100
h1,h36,110.794,0
h1,h37,N/A,100
h1,h38,N/A,100
h1,h39,100.091,0
h1,h2,100.674,0
h1,h3,93.052,0
h1,h4,102.114,0
h1,h5,96.032,0
h1,h6,95.387,0
h1,h7,N/A,100
h1,h8,92.925,0
h1,h9,100.213,0
h1,h10,90.073,0
h1,h11,N/A,100
h1,h12,93.345,0
h1,h13,91.429,0
h1,h14,101.395,0
h1,h15,100.138,0
h1,h16,97.071,0
h1,h17,95.973,0
h1,h18,119.429,0
h1,h19,125.654,0
h1,h20,131.720,0
h1,h21,125.661,0
h1,h22,113.022,0
h1,h23,93.820,0
h1,h24,106.926,0
h1,h25,100.231,0
h1,h26,105.696,0
h1,h27,111.657,0
h1,h28,102.414,0
h1,h29,107.907,0
h1,h30,N/A,100
h1,h31,104.336,0
h1,h32,150.555,0
h1,h33,N/A,100
h1,h34,N/A,100
h1,h35,N/A,100
h1,h36,102.880,0
h1,h37,N/A,100
h1,h38,N/A,100
h1,h39,133.360,0
h1,h2,110.228,0
h1,h3,105.681,0
h1,h4,89.122,0
h1,h5,96.614,0
h1,h6,107.474,0
h1,h7,N/A,100
h1,h8,104.377,0
h1,h9,96.206,0
h1,h10,107.572,0
h1,h11,N/A,100
h1,h12,100.829,0
h1,h13,106.836,0
h1,h14,107.556,0
h1,h15,106.617,0
h1,h16,94.708,0
h1,h17,101.438,0
h1,h18,93.726,0
h1,h19,98.240,0
h1,h20,107.630,0
h1,h21,120.158,0
h1,h22,102.596,0
h1,h23,103.802,0
h1,h24,96.111,0
h1,h25,103.952,0
h1,h26,97.080,0
h1,h27,102.760,0
h1,h28,106.068,0
h1,h29,98.897,0
h1,h30,N/A,100
h1,h31,95.947,0
h1,h32,118.575,0
h1,h33,N/A,100
h1,h34,N/A,100
h1,h35,N/A,100
h1,h36,110.495,0
h1,h37,N/A,100
h1,h38,N/A,100
h1,h39,102.756,0
h1,h2,115.583,0
h1,h3,98.455,0
h1,h4,97.799,0
h1,h5,96.516,0
h1,h6,98.658,0
h1,h7,N/A,100
h1,h8,97.726,0
h1,h9,97.201,0
h1,h10,95.140,0
h1,h11,N/A,100
h1,h12,92.013,0
h1,h13,99.970,0
h1,h14,98.907,0
h1,h15,102.306,0
h1,h16,99.032,0
h1,h17,95.896,0
h1,h18,102.374,0
h1,h19,93.567,0
h1,h20,104.473,0
h1,h21,96.117,0
h1,h22,94.383,0
h1,h23,102.415,0
h1,h24,96.203,0
h1,h25,95.564,0
h1,h26,101.016,0
h1,h27,99.606,0
h1,h28,100.299,0
h1,h29,94.319,0
h1,h30,N/A,100
h1,h31,101.715,0
h1,h32,N/A,100
h1,h33,N/A,100
h1,h34,N/A,100
h1,h35,N/A,100
h1,h36,104.179,0
h1,h37,N/A,100
h1,h38,N/A,100
h1,h39,99.838,0
h1,h2,107.101,0
h1,h3,103.210,0
h1,h4,107.510,0
h1,h5,108.168,0
h1,h6,120.017,0
h1,h7,1931.465,0
h1,h8,102.097,0
h1,h9,114.988,0
h1,h10,122.750,0
h1,h11,N/A,100
h1,h12,102.754,0
h1,h13,116.573,0
h1,h14,102.362,0
h1,h15,103.468,0
h1,h16,101.471,0
h1,h17,102.736,0
h1,h18,99.846,0
h1,h19,109.395,0
h1,h20,99.632,0
h1,h21,103.149,0
h1,h22,96.792,0
h1,h23,93.527,0
h1,h24,108.833,0
h1,h25,106.869,0
h1,h26,99.120,0
h1,h27,103.852,0
h1,h28,104.389,0
h1,h29,104.682,0
h1,h30,N/A,100
h1,h31,103.860,0
h1,h32,N/A,100
h1,h33,N/A,100
h1,h34,N/A,100
h1,h35,N/A,100
h1,h36,106.201,0
h1,h37,N/A,100
h1,h38,N/A,100
h1,h39,95.815,0
h1,h2,98.941,0
h1,h3,97.247,0
h1,h4,102.270,0
h1,h5,103.147,0
h1,h6,101.698,0
h1,h7,163.259,0
h1,h8,99.422,0
h1,h9,98.263,0
h1,h10,95.081,0
h1,h11,N/A,100
h1,h12,99.699,0
h1,h13,105.510,0
h1,h14,102.403,0
h1,h15,95.198,0
h1,h16,99.313,0
h1,h17,100.109,0
h1,h18,92.621,0
h1,h19,99.791,0
h1,h20,100.387,0
h1,h21,90.048,0
h1,h22,97.063,0
h1,h23,93.858,0
h1,h24,97.240,0
h1,h25,91.533,0
h1,h26,91.637,0
h1,h27,96.548,0
h1,h28,96.226,0
h1,h29,93.879,0
h1,h30,N/A,100
h1,h31,94.977,0
h1,h32,N/A,100
h1,h33,N/A,100
h1,h34,N/A,100
h1,h35,N/A,100
h1,h36,100.115,0
h1,h37,N/A,100
h1,h38,N/A,100
h1,h39,102.465,0
h1,h2,122.715,0
h1,h3,111.036,0
h1,h4,112.316,0
h1,h5,103.962,0
h1,h6,123.941,0
h1,h7,165.834,0
h1,h8,94.640,0
h1,h9,108.281,0
h1,h10,91.496,0
h1,h11,N/A,100
h1,h12,117.041,0
h1,h13,152.927,0
h1,h14,117.968,0
h1,h15,101.360,0
h1,h16,114.049,0
h1,h17,99.346,0
h1,h18,111.635,0
h1,h19,109.975,0
h1,h20,110.857,0
h1,h21,113.675,0
h1,h22,124.888,0
h1,h23,108.540,0
h1,h24,97.283,0
h1,h25,127.728,0
h1,h26,112.904,0
h1,h27,118.424,0
h1,h28,113.528,0
h1,h29,103.067,0
h1,h30,N/A,100
h1,h31,102.357,0
h1,h32,N/A,100
h1,h33,N/A,100
h1,h34,N/A,100
h1,h35,N/A,100
h1,h36,97.647,0
h1,h37,N/A,100
h1,h38,N/A,100
h1,h39,106.113,0
h1,h2,103.004,0
h1,h3,97.653,0
h1,h4,109.386,0
h1,h5,109.375,0
h1,h6,100.888,0
h1,h7,166.042,0
h1,h8,106.633,0
h1,h9,91.598,0
h1,h10,105.343,0
h1,h11,N/A,100
h1,h12,91.631,0
h1,h13,98.561,0
h1,h14,98.145,0
h1,h15,100.219,0
h1,h16,98.026,0
h1,h17,108.319,0
h1,h18,104.189,0
h1,h19,102.894,0
h1,h20,98.936,0
h1,h21,103.514,0
h1,h22,99.158,0
h1,h23,104.553,0
h1,h24,108.730,0
h1,h25,113.240,0
h1,h26,95.846,0
h1,h27,101.631,0
h1,h28,98.295,0
h1,h29,97.824,0
h1,h30,N/A,100
h1,h31,98.423,0
h1,h32,N/A,100
h1,h33,N/A,100
h1,h34,N/A,100
h1,h35,N/A,100
h1,h36,94.549,0
h1,h37,N/A,100
h1,h38,N/A,100
h1,h39,123.547,0
h1,h2,150.256,0
h1,h3,113.579,0
h1,h4,97.238,0
h1,h5,112.087,0
h1,h6,99.892,0
h1,h7,N/A,100
h1,h8,102.556,0
h1,h9,116.311,0
h1,h10,94.838,0
h1,h11,N/A,100
h1,h12,103.233,0
h1,h13,118.444,0
h1,h14,120.562,0
h1,h15,161.690,0
h1,h16,100.924,0
h1,h17,108.434,0
h1,h18,109.800,0
h1,h19,103.514,0
h1,h20,112.387,0
h1,h21,103.072,0
h1,h22,111.320,0
h1,h23,113.435,0
h1,h24,107.112,0
h1,h25,111.134,0
h1,h26,107.989,0
h1,h27,103.583,0
h1,h28,98.338,0
h1,h29,113.267,0
h1,h30,N/A,100
h1,h31,110.163,0
h1,h32,N/A,100
h1,h33,N/A,100
h1,h34,N/A,100
h1,h35,N/A,100
h1,h36,102.933,0
h1,h37,N/A,100
h1,h38,N/A,100
h1,h39,104.288,0
h1,h2,98.154,0
h1,h3,104.935,0
h1,h4,105.279,0
h1,h5,100.888,0
h1,h6,99.818,0
h1,h7,N/A,100
h1,h8,114.975,0
h1,h9,106.167,0
h1,h10,104.977,0
h1,h11,N/A,100
h1,h12,101.798,0
h1,h13,102.768,0
h1,h14,103.366,0
h1,h15,97.467,0
h1,h16,103.994,0
h1,h17,98.196,0
h1,h18,96.976,0
h1,h19,95.483,0
h1,h20,101.978,0
h1,h21,95.110,0
h1,h22,105.873,0
h1,h23,111.623,0
h1,h24,109.463,0
h1,h25,103.107,0
h1,h26,106.794,0
h1,h27,100.952,0
h1,h28,103.736,0
h1,h29,106.203,0
h1,h30,N/A,100
h1,h31,101.242,0
h1,h32,N/A,100
h1,h33,N/A,100
h1,h34,N/A,100
h1,h35,N/A,100
h1,h36,98.897,0
h1,h37,N/A,100
h1,h38,N/A,100
h1,h39,91.207,0
h1,h2,100.479,0
h1,h3,106.077,0
h1,h4,94.712,0
h1,h5,106.734,0
h1,h6,110.825,0
h1,h7,N/A,100
h1,h8,106.651,0
h1,h9,109.773,0
h1,h10,93.855,0
h1,h11,N/A,100
h1,h12,116.656,0
h1,h13,107.399,0
h1,h14,103.519,0
h1,h15,122.396,0
h1,h16,101.653,0
h1,h17,115.644,0
h1,h18,105.288,0
h1,h19,113.601,0
h1,h20,166.544,0
h1,h21,148.691,0
h1,h22,109.082,0
h1,h23,103.571,0
h1,h24,107.798,0
h1,h25,117.425,0
h1,h26,112.664,0
h1,h27,99.123,0
h1,h28,108.084,0
h1,h29,107.194,0
h1,h30,N/A,100
h1,h31,120.249,0
h1,h32,N/A,100
h1,h33,N/A,100
h1,h34,N/A,100
h1,h35,N/A,100
h1,h36,115.428,0
h1,h37,N/A,100
h1,h38,N/A,100
h1,h39,98.312,0
h1,h2,97.885,0
h1,h3,101.179,0
h1,h4,100.606,0
h1,h5,109.117,0
h1,h6,105.934,0
h1,h7,N/A,100
h1,h8,106.113,0
h1,h9,105.134,0
h1,h10,100.898,0
h1,h11,N/A,100
h1,h12,105.399,0
h1,h13,99.971,0
h1,h14,100.773,0
h1,h15,104.357,0
h1,h16,106.114,0
h1,h17,98.768,0
h1,h18,103.813,0
h1,h19,107.248,0
h1,h20,94.684,0
h1,h21,106.536,0
h1,h22,102.214,0
h1,h23,97.161,0
h1,h24,104.253,0
h1,h25,101.378,0
h1,h26,104.108,0
h1,h27,88.623,0
h1,h28,102.364,0
h1,h29,101.065,0
h1,h30,N/A,100
h1,h31,112.050,0
h1,h32,N/A,100
h1,h33,N/A,100
h1,h34,N/A,100
h1,h35,N/A,100
h1,h36,104.414,0
h1,h37,N/A,100
h1,h38,N/A,100
h1,h39,94.887,0
h1,h2,108.484,0
h1,h3,110.592,0
h1,h4,113.529,0
h1,h5,98.892,0
h1,h6,111.226,0
h1,h7,N/A,100
h1,h8,141.196,0
h1,h9,122.425,0
h1,h10,98.368,0
h1,h11,N/A,100
h1,h12,109.181,0
h1,h13,114.968,0
h1,h14,105.530,0
h1,h15,104.999,0
h1,h16,112.891,0
h1,h17,107.112,0
h1,h18,110.727,0
h1,h19,99.945,0
h1,h20,114.284,0
h1,h21,115.029,0
h1,h22,108.599,0
h1,h23,108.167,0
h1,h24,108.446,0
h1,h25,109.897,0
h1,h26,113.153,0
h1,h27,97.104,0
h1,h28,119.684,0
h1,h29,114.460,0
h1,h30,N/A,100
h1,h31,121.210,0
h1,h32,N/A,100
h1,h33,N/A,100
h1,h34,N/A,100
h1,h35,N/A,100
h1,h36,89.826,0
h1,h37,N/A,100
h1,h38,N/A,100
h1,h39,105.334,0
h1,h2,103.212,0
h1,h3,102.091,0
h1,h4,97.271,0
h1,h5,101.085,0
h1,h6,104.126,0
h1,h7,N/A,100
h1,h8,108.858,0
h1,h9,101.708,0
h1,h10,95.501,0
h1,h11,N/A,100
h1,h12,91.163,0
h1,h13,102.116,0
h1,h14,104.544,0
h1,h15,105.530,0
h1,h16,98.222,0
h1,h17,101.973,0
h1,h18,105.025,0
h1,h19,96.276,0
h1,h20,101.364,0
h1,h21,100.613,0
h1,h22,106.048,0
h1,h23,112.014,0
h1,h24,119.538,0
h1,h25,98.037,0
h1,h26,104.251,0
h1,h27,103.468,0
h1,h28,103.269,0
h1,h29,104.626,0
h1,h30,N/A,100
h1,h31,97.884,0
h1,h32,N/A,100
h1,h33,N/A,100
h1,h34,N/A,100
h1,h35,N/A,100
h1,h36,127.560,0
h1,h37,N/A,100
h1,h38,N/A,100
h1,h39,95.769,0
h1,h2,114.844,0
h1,h3,100.003,0
h1,h4,101.622,0
h1,h5,92.643,0
h1,h6,110.119,0
h1,h7,175.342,0
h1,h8,115.324,0
h1,h9,102.664,0
h1,h10,105.388,0
h1,h11,N/A,100
h1,h12,110.015,0
h1,h13,108.971,0
h1,h14,112.413,0
h1,h15,106.833,0
h1,h16,106.542,0
h1,h17,118.522,0
h1,h18,117.138,0
h1,h19,110.876,0
h1,h20,109.330,0
h1,h21,92.112,0
h1,h22,152.841,0
h1,h23,106.775,0
h1,h24,104.446,0
h1,h25,95.703,0
h1,h26,112.142,0
h1,h27,108.977,0
h1,h28,126.125,0
h1,h29,104.653,0
h1,h30,N/A,100
h1,h31,107.262,0
h1,h32,170.462,0
h1,h33,N/A,100
h1,h34,N/A,100
h1,h35,N/A,100
h1,h36,109.170,0
h1,h37,N/A,100
h1,h38,N/A,100
h1,h39,97.807,0
h1,h2,97.460,0
h1,h3,108.909,0
h1,h4,99.593,0
h1,h5,98.446,0
h1,h6,104.117,0
h1,h7,159.972,0
h1,h8,104.463,0
h1,h9,101.097,0
h1,h10,98.259,0
h1,h11,N/A,100
h1,h12,107.094,0
h1,h13,100.820,0
h1,h14,102.622,0
h1,h15,99.087,0
h1,h16,101.605,0
h1,h17,107.148,0
h1,h18,103.892,0
h1,h19,94.665,0
h1,h20,108.515,0
h1,h21,93.538,0
h1,h22,98.678,0
h1,h23,103.748,0
h1,h24,105.256,0
h1,h25,98.769,0
h1,h26,114.366,0
h1,h27,110.983,0
h1,h28,95.670,0
h1,h29,104.073,0
h1,h30,N/A,100
h1,h31,105.124,0
h1,h32,186.972,0
h1,h33,N/A,100
h1,h34,N/A,100
h1,h35,N/A,100
h1,h36,96.566,0
h1,h37,N/A,100
h1,h38,N/A,100
h1,h39,92.576,0
h1,h2,98.803,0
h1,h3,100.177,0
h1,h4,96.790,0
h1,h5,103.423,0
h1,h6,107.652,0
h1,h7,182.952,0
h1,h8,119.011,0
h1,h9,105.369,0
h1,h10,115.238,0
h1,h11,N/A,100
h1,h12,102.789,0
h1,h13,109.012,0
h1,h14,114.697,0
h1,h15,126.707,0
h1,h16,123.779,0
h1,h17,110.709,0
h1,h18,109.545,0
h1,h19,110.437,0
h1,h20,105.212,0
h1,h21,109.365,0
h1,h22,110.837,0
h1,h23,112.320,0
h1,h24,112.385,0
h1,h25,103.737,0
h1,h26,111.727,0
h1,h27,97.058,0
h1,h28,100.386,0
h1,h29,96.871,0
h1,h30,N/A,100
h1,h31,115.615,0
h1,h32,160.695,0
h1,h33,N/A,100
h1,h34,N/A,100
h1,h35,N/A,100
h1,h36,107.336,0
h1,h37,N/A,100
h1,h38,N/A,100
h1,h39,113.951,0
h1,h2,98.736,0
h1,h3,100.841,0
h1,h4,100.074,0
h1,h5,95.163,0
h1,h6,106.206,0
h1,h7,152.616,0
h1,h8,100.757,0
h1,h9,103.033,0
h1,h10,102.108,0
h1,h11,N/A,100
h1,h12,114.261,0
h1,h13,99.238,0
h1,h14,98.817,0
h1,h15,103.961,0
h1,h16,102.274,0
h1,h17,107.399,0
h1,h18,94.294,0
h1,h19,109.383,0
h1,h20,100.131,0
h1,h21,93.453,0
h1,h22,103.878,0
h1,h23,102.605,0
h1,h24,99.807,0
h1,h25,96.356,0
h1,h26,107.241,0
h1,h27,104.304,0
h1,h28,117.046,0
h1,h29,106.455,0
h1,h30,N/A,100
h1,h31,104.410,0
h1,h32,208.244,0
h1,h33,N/A,100
h1,h34,N/A,100
h1,h35,N/A,100
h1,h36,103.705,0
h1,h37,N/A,100
h1,h38,N/A,100
h1,h39,103.058,0
h1,h2,95.559,0
h1,h3,103.159,0
h1,h4,96.845,0
h1,h5,97.985,0
h1,h6,97.583,0
h1,h7,160.590,0
h1,h8,102.313,0
h1,h9,97.278,0
h1,h10,99.515,0
h1,h11,N/A,100
h1,h12,91.841,0
h1,h13,125.740,0
h1,h14,124.636,0
h1,h15,104.712,0
h1,h16,95.124,0
h1,h17,98.891,0
h1,h18,109.252,0
h1,h19,108.016,0
h1,h20,110.677,0
h1,h21,114.027,0
h1,h22,103.581,0
h1,h23,113.710,0
h1,h24,104.324,0
h1,h25,109.389,0
h1,h26,110.092,0
h1,h27,94.374,0
h1,h28,121.932,0
h1,h29,114.247,0
h1,h30,N/A,100
h1,h31,106.839,0
h1,h32,N/A,100
h1,h33,N/A,100
h1,h34,N/A,100
h1,h35,N/A,100
h1,h36,96.277,0
h1,h37,N/A,100
h1,h38,N/A,100
h1,h39,102.079,0
h1,h2,105.670,0
h1,h3,97.406,0
h1,h4,99.751,0
h1,h5,104.137,0
h1,h6,100.729,0
h1,h7,N/A,100
h1,h8,104.113,0
h1,h9,99.362,0
h1,h10,102.792,0
h1,h11,N/A,100
h1,h12,107.449,0
h1,h13,98.713,0
h1,h14,91.730,0
h1,h15,107.836,0
h1,h16,102.584,0
h1,h17,101.368,0
h1,h18,103.676,0
h1,h19,104.328,0
h1,h20,104.644,0
h1,h21,100.213,0
h1,h22,105.185,0
h1,h23,101.470,0
h1,h24,107.100,0
h1,h25,103.767,0
h1,h26,103.505,0
h1,h27,100.263,0
h1,h28,98.352,0
h1,h29,101.735,0
h1,h30,N/A,100
h1,h31,97.317,0
h1,h32,N/A,100
h1,h33,N/A,100
h1,h34,N/A,100
h1,h35,N/A,100
h1,h36,103.150,0
h1,h37,N/A,100
h1,h38,N/A,100
h1,h39,108.339,0
h1,h2,97.704,0
h1,h3,105.019,0
h1,h4,100.889,0
h1,h5,101.567,0
h1,h6,96.398,0
h1,h7,N/A,100
h1,h8,101.198,0
h1,h9,97.112,0
h1,h10,91.393,0
h1,h11,N/A,100
h1,h12,96.671,0
h1,h13,97.934,0
h1,h14,94.221,0
h1,h15,99.868,0
h1,h16,94.323,0
h1,h17,105.697,0
h1,h18,138.619,0
h1,h19,114.725,0
h1,h20,133.401,0
h1,h21,105.180,0
h1,h22,107.087,0
h1,h23,92.796,0
h1,h24,103.100,0
h1,h25,110.097,0
h1,h26,118.271,0
h1,h27,102.712,0
h1,h28,99.987,0
h1,h29,107.322,0
h1,h30,N/A,100
h1,h31,108.133,0
h1,h32,N/A,100
h1,h33,N/A,100
h1,h34,N/A,100
h1,h35,N/A,100
h1,h36,105.558,0
h1,h37,N/A,100
h1,h38,N/A,100
h1,h39,115.318,0
h1,h2,250.734,0
h1,h3,102.003,0
h1,h4,102.270,0
h1,h5,103.713,0
h1,h6,110.748,0
h1,h7,N/A,100
h1,h8,96.817,0
h1,h9,102.280,0
h1,h10,101.587,0
h1,h11,N/A,100
h1,h12,106.067,0
h1,h13,104.563,0
h1,h14,104.542,0
h1,h15,104.725,0
h1,h16,110.576,0
h1,h17,100.898,0
h1,h18,102.659,0
h1,h19,111.631,0
h1,h20,100.974,0
h1,h21,98.323,0
h1,h22,100.166,0
h1,h23,97.680,0
h1,h24,94.606,0
h1,h25,105.588,0
h1,h26,106.012,0
h1,h27,104.451,0
h1,h28,103.121,0
h1,h29,92.711,0
h1,h30,N/A,100
h1,h31,100.318,0
h1,h32,N/A,100
h1,h33,N/A,100
h1,h34,N/A,100
h1,h35,N/A,100
h1,h36,97.447,0
h1,h37,N/A,100
h1,h38,N/A,100
h1,h39,105.185,0
h1,h2,123.896,0
h1,h3,97.894,0
h1,h4,95.716,0
h1,h5,96.559,0
h1,h6,94.935,0
h1,h7,N/A,100
h1,h8,100.636,0
h1,h9,96.471,0
h1,h10,92.891,0
h1,h11,N/A,100
h1,h12,99.330,0
h1,h13,106.799,0
h1,h14,99.206,0
h1,h15,98.801,0
h1,h16,99.330,0
h1,h17,101.824,0
h1,h18,97.746,0
h1,h19,105.343,0
h1,h20,110.325,0
h1,h21,109.197,0
h1,h22,115.826,0
h1,h23,107.192,0
h1,h24,112.839,0
h1,h25,93.285,0
h1,h26,101.034,0
h1,h27,111.262,0
h1,h28,106.459,0
h1,h29,104.940,0
h1,h30,N/A,100
h1,h31,103.549,0
h1,h32,N/A,100
h1,h33,N/A,100
h1,h34,N/A,100
h1,h35,N/A,100
h1,h36,102.235,0
h1,h37,N/A,100
h1,h38,N/A,100
h1,h39,107.892,0
h1,h2,99.206,0
h1,h3,106.699,0
h1,h4,115.903,0
h1,h5,105.891,0
h1,h6,96.221,0
h1,h7,N/A,100
h1,h8,95.891,0
h1,h9,104.935,0
h1,h10,162.316,0
h1,h11,N/A,100
h1,h12,105.712,0
h1,h13,96.154,0
h1,h14,107.647,0
h1,h15,99.232,0
h1,h16,110.851,0
h1,h17,100.174,0
h1,h18,106.983,0
h1,h19,98.753,0
h1,h20,100.493,0
h1,h21,101.786,0
h1,h22,101.017,0
h1,h23,107.325,0
h1,h24,98.811,0
h1,h25,106.115,0
h1,h26,98.689,0
h1,h27,108.082,0
h1,h28,104.682,0
h1,h29,94.047,0
h1,h30,N/A,100
h1,h31,106.222,0
h1,h32,N/A,100
h1,h33,N/A,100
h1,h34,N/A,100
h1,h35,N/A,100
h1,h36,101.944,0
h1,h37,N/A,100
h1,h38,N/A,100
h1,h39,93.650,0
h1,h2,99.828,0
h1,h3,99.081,0
h1,h4,96.912,0
h1,h5,92.628,0
h1,h6,100.063,0
h1,h7,N/A,100
h1,h8,101.159,0
h1,h9,95.859,0
h1,h10,98.549,0
h1,h11,N/A,100
h1,h12,95.112,0
h1,h13,97.884,0
h1,h14,111.065,0
h1,h15,94.733,0
h1,h16,131.270,0
h1,h17,94.703,0
h1,h18,136.111,0
h1,h19,105.603,0
h1,h20,103.285,0
h1,h21,127.832,0
h1,h22,135.195,0
h1,h23,115.155,0
h1,h24,114.022,0
h1,h25,90.099,0
h1,h26,107.575,0
h1,h27,101.586,0
h1,h28,103.971,0
h1,h29,110.949,0
h1,h30,N/A,100
h1,h31,109.854,0
h1,h32,N/A,100
h1,h33,N/A,100
h1,h34,N/A,100
h1,h35,N/A,100
h1,h36,115.805,0
h1,h37,N/A,100
h1,h38,N/A,100
h1,h39,108.692,0
h1,h2,99.327,0
h1,h3,100.582,0
h1,h4,101.473,0
h1,h5,102.166,0
h1,h6,110.879,0
h1,h7,162.131,0
h1,h8,98.169,0
h1,h9,102.983,0
h1,h10,103.148,0
h1,h11,N/A,100
h1,h12,96.769,0
h1,h13,95.702,0
h1,h14,102.710,0
h1,h15,107.910,0
h1,h16,105.908,0
h1,h17,98.910,0
h1,h18,105.202,0
h1,h19,104.031,0
h1,h20,99.718,0
h1,h21,96.802,0
h1,h22,99.190,0
h1,h23,101.300,0
h1,h24,100.724,0
h1,h25,104.828,0
h1,h26,119.633,0
h1,h27,102.503,0
h1,h28,96.781,0
h1,h29,97.825,0
h1,h30,N/A,100
h1,h31,124.903,0
h1,h32,111.266,0
h1,h33,N/A,100
h1,h34,N/A,100
h1,h35,N/A,100
h1,h36,100.373,0
h1,h37,N/A,100
h1,h38,N/A,100
h1,h39,104.649,0
h1,h2,98.291,0
h1,h3,108.415,0
h1,h4,97.125,0
h1,h5,90.939,0
h1,h6,100.401,0
h1,h7,159.870,0
h1,h8,90.788,0
h1,h9,98.530,0
h1,h10,97.450,0
h1,h11,N/A,100
h1,h12,94.602,0
h1,h13,91.269,0
h1,h14,101.668,0
h1,h15,90.616,0
h1,h16,101.270,0
h1,h17,90.332,0
h1,h18,89.993,0
h1,h19,105.895,0
h1,h20,97.532,0
h1,h21,100.956,0
h1,h22,101.731,0
h1,h23,104.046,0
h1,h24,97.214,0
h1,h25,93.141,0
h1,h26,90.985,0
h1,h27,93.663,0
h1,h28,98.258,0
h1,h29,90.080,0
h1,h30,N/A,100
h1,h31,95.803,0
h1,h32,95.256,0
h1,h33,N/A,100
h1,h34,N/A,100
h1,h35,N/A,100
h1,h36,103.956,0
h1,h37,N/A,100
h1,h38,N/A,100
h1,h39,110.810,0
h1,h2,171.262,0
h1,h3,113.522,0
h1,h4,113.006,0
h1,h5,106.580,0
h1,h6,105.236,0
h1,h7,169.929,0
h1,h8,102.248,0
h1,h9,100.106,0
h1,h10,104.114,0
h1,h11,N/A,100
h1,h12,113.982,0
h1,h13,109.757,0
h1,h14,107.195,0
h1,h15,98.522,0
h1,h16,107.359,0
h1,h17,90.706,0
h1,h18,107.380,0
h1,h19,108.396,0
h1,h20,110.912,0
h1,h21,105.521,0
h1,h22,106.701,0
h1,h23,113.962,0
h1,h24,108.532,0
h1,h25,110.655,0
h1,h26,105.016,0
h1,h27,103.080,0
h1,h28,110.951,0
h1,h29,98.148,0
h1,h30,N/A,100
h1,h31,96.328,0
h1,h32,102.126,0
h1,h33,N/A,100
h1,h34,N/A,100
h1,h35,N/A,100
h1,h36,101.985,0
h1,h37,N/A,100
h1,h38,N/A,100
h1,h39,98.866,0
h1,h2,103.126,0
h1,h3,99.117,0
h1,h4,135.572,0
h1,h5,100.016,0
h1,h6,101.044,0
h1,h7,154.219,0
h1,h8,104.940,0
h1,h9,167.496,0
h1,h10,98.015,0
h1,h11,N/A,100
h1,h12,102.190,0
h1,h13,92.221,0
h1,h14,101.108,0
h1,h15,92.381,0
h1,h16,101.314,0
h1,h17,98.391,0
h1,h18,103.735,0
h1,h19,90.096,0
h1,h20,100.151,0
h1,h21,100.177,0
h1,h22,94.306,0
h1,h23,98.118,0
h1,h24,100.742,0
h1,h25,96.666,0
h1,h26,103.633,0
h1,h27,97.549,0
h1,h28,102.766,0
h1,h29,92.365,0
h1,h30,N/A,100
h1,h31,100.438,0
h1,h32,101.699,0
h1,h33,N/A,100
h1,h34,N/A,100
h1,h35,N/A,100
h1,h36,94.236,0
h1,h37,N/A,100
h1,h38,N/A,100
h1,h39,92.174,0
h1,h2,116.156,0
h1,h3,100.755,0
h1,h4,84.634,0
h1,h5,119.713,0
h1,h6,113.552,0
h1,h7,N/A,100
h1,h8,103.327,0
h1,h9,116.786,0
h1,h10,108.899,0
h1,h11,N/A,100
h1,h12,109.244,0
h1,h13,100.924,0
h1,h14,103.285,0
h1,h15,103.721,0
h1,h16,117.432,0
h1,h17,108.720,0
h1,h18,103.895,0
h1,h19,92.701,0
h1,h20,101.939,0
h1,h21,135.061,0
h1,h22,103.575,0
h1,h23,120.226,0
h1,h24,106.574,0
h1,h25,110.632,0
h1,h26,99.279,0
h1,h27,99.137,0
h1,h28,113.226,0
h1,h29,110.277,0
h1,h30,N/A,100
h1,h31,110.189,0
h1,h32,142.943,50
h1,h33,N/A,100
h1,h34,N/A,100
h1,h35,N/A,100
h1,h36,108.507,0
h1,h37,N/A,100
h1,h38,N/A,100
h1,h39,100.703,0
h1,h2,91.685,0
h1,h3,102.553,0
h1,h4,98.330,0
h1,h5,107.922,0
h1,h6,101.982,0
h1,h7,N/A,100
h1,h8,96.738,0
h1,h9,93.558,0
h1,h10,110.835,0
h1,h11,N/A,100
h1,h12,98.291,0
h1,h13,102.495,0
h1,h14,100.442,0
h1,h15,103.164,0
h1,h16,104.388,0
h1,h17,95.307,0
h1,h18,103.860,0
h1,h19,105.286,0
h1,h20,115.226,0
h1,h21,105.220,0
h1,h22,99.959,0
h1,h23,110.580,0
h1,h24,101.207,0
h1,h25,102.277,0
h1,h26,107.068,0
h1,h27,107.326,0
h1,h28,104.983,0
h1,h29,103.582,0
h1,h30,N/A,100
h1,h31,97.965,0
h1,h32,N/A,100
h1,h33,N/A,100
h1,h34,N/A,100
h1,h35,N/A,100
h1,h36,98.666,0
h1,h37,N/A,100
h1,h38,N/A,100
h1,h39,100.337,0
h1,h2,91.027,0
h1,h3,92.735,0
h1,h4,115.860,0
h1,h5,111.374,0
h1,h6,102.949,0
h1,h7,N/A,100
h1,h8,162.901,0
h1,h9,110.843,0
h1,h10,109.787,0
h1,h11,N/A,100
h1,h12,110.304,0
h1,h13,120.495,0
h1,h14,93.533,0
h1,h15,88.476,0
h1,h16,101.264,0
h1,h17,119.371,0
h1,h18,104.410,0
h1,h19,105.537,0
h1,h20,112.271,0
h1,h21,92.254,0
h1,h22,107.625,0
h1,h23,108.651,0
h1,h24,107.579,0
h1,h25,114.520,0
h1,h26,109.965,0
h1,h27,106.527,0
h1,h28,106.025,0
h1,h29,104.843,0
h1,h30,N/A,100
h1,h31,113.407,0
h1,h32,N/A,100
h1,h33,N/A,100
h1,h34,N/A,100
h1,h35,N/A,100
h1,h36,105.272,0
h1,h37,N/A,100
h1,h38,N/A,100
h1,h39,102.517,0
h1,h2,100.727,0
h1,h3,103.157,0
h1,h4,98.369,0
h1,h5,91.535,0
h1,h6,98.258,0
h1,h7,N/A,100
h1,h8,97.394,0
h1,h9,102.247,0
h1,h10,89.954,0
h1,h11,N/A,100
h1,h12,106.305,0
h1,h13,104.925,0
h1,h14,103.061,0
h1,h15,94.246,0
h1,h16,103.672,0
h1,h17,100.347,0
h1,h18,116.516,0
h1,h19,104.748,0
h1,h20,90.480,0
h1,h21,101.875,0
h1,h22,104.862,0
h1,h23,101.011,0
h1,h24,102.249,0
h1,h25,97.722,0
h1,h26,104.747,0
h1,h27,103.958,0
h1,h28,100.177,0
h1,h29,97.090,0
h1,h30,N/A,100
h1,h31,102.101,0
h1,h32,N/A,100
h1,h33,N/A,100
h1,h34,N/A,100
h1,h35,N/A,100
h1,h36,92.719,0
h1,h37,N/A,100
h1,h38,N/A,100
h1,h39,93.349,0
h1,h2,118.486,0
h1,h3,108.666,0
h1,h4,110.349,0
h1,h5,101.812,0
h1,h6,119.266,0
h1,h7,N/A,100
h1,h8,110.221,0
h1,h9,106.747,0
h1,h10,96.123,0
h1,h11,N/A,100
h1,h12,125.148,0
h1,h13,114.185,0
h1,h14,97.269,0
h1,h15,112.155,0
h1,h16,94.726,0
h1,h17,96.435,0
h1,h18,111.217,0
h1,h19,109.509,0
h1,h20,117.086,0
h1,h21,114.649,0
h1,h22,100.947,0
h1,h23,102.628,0
h1,h24,102.682,0
h1,h25,110.574,0
h1,h26,111.031,0
h1,h27,109.964,0
h1,h28,107.592,0
h1,h29,113.312,0
h1,h30,N/A,100
h1,h31,95.706,0
h1,h32,N/A,100
h1,h33,N/A,100
h1,h34,N/A,100
h1,h35,N/A,100
h1,h36,107.433,0
h1,h37,N/A,100
h1,h38,N/A,100
h1,h39,104.909,0
h1,h2,97.867,0
h1,h3,101.573,0
h1,h4,103.351,0
h1,h5,99.760,0
h1,h6,102.604,0
h1,h7,N/A,100
h1,h8,101.291,0
h1,h9,102.189,0
h1,h10,101.421,0
h1,h11,N/A,100
h1,h12,99.937,0
h1,h13,99.333,0
h1,h14,92.601,0
h1,h15,104.783,0
h1,h16,97.893,0
h1,h17,103.797,0
h1,h18,105.119,0
h1,h19,99.373,0
h1,h20,96.373,0
h1,h21,101.258,0
h1,h22,97.264,0
h1,h23,106.625,0
h1,h24,104.336,0
h1,h25,101.427,0
h1,h26,103.138,0
h1,h27,94.796,0
h1,h28,97.519,0
h1,h29,92.367,0
h1,h30,N/A,100
h1,h31,96.453,0
h1,h32,N/A,100
h1,h33,N/A,100
h1,h34,N/A,100
h1,h35,N/A,100
h1,h36,97.656,0
h1,h37,N/A,100
h1,h38,N/A,100
h1,h39,91.971,0
h1,h2,100.958,0
h1,h3,113.635,0
h1,h4,105.405,0
h1,h5,114.665,0
h1,h6,100.687,0
h1,h7,N/A,100
h1,h8,117.268,0
h1,h9,113.889,0
h1,h10,98.212,0
h1,h11,N/A,100
h1,h12,175.803,0
h1,h13,111.317,0
h1,h14,116.412,0
h1,h15,116.534,0
h1,h16,107.199,0
h1,h17,115.457,0
h1,h18,113.048,0
h1,h19,113.804,0
h1,h20,100.621,0
h1,h21,107.304,0
h1,h22,109.331,0
h1,h23,110.065,0
h1,h24,104.145,0
h1,h25,101.673,0
h1,h26,98.922,0
h1,h27,109.599,0
h1,h28,103.752,0
h1,h29,96.773,0
h1,h30,N/A,100
h1,h31,112.562,0
h1,h32,N/A,100
h1,h33,N/A,100
h1,h34,N/A,100
h1,h35,N/A,100
h1,h36,93.542,0
h1,h37,N/A,100
h1,h38,N/A,100
h1,h39,102.659,0
h1,h2,94.419,0
h1,h3,100.758,0
h1,h4,96.716,0
h1,h5,101.783,0
h1,h6,102.209,0
h1,h7,N/A,100
h1,h8,111.873,0
h1,h9,96.122,0
h1,h10,105.052,0
h1,h11,N/A,100
h1,h12,105.116,0
h1,h13,100.646,0
h1,h14,101.875,0
h1,h15,101.646,0
h1,h16,98.563,0
h1,h17,99.647,0
h1,h18,104.307,0
h1,h19,104.273,0
h1,h20,103.773,0
h1,h21,104.163,0
h1,h22,101.341,0
h1,h23,111.853,0
h1,h24,101.177,0
h1,h25,106.006,0
h1,h26,105.297,0
h1,h27,102.971,0
h1,h28,95.460,0
h1,h29,97.110,0
h1,h30,N/A,100
h1,h31,103.691,0
h1,h32,N/A,100
h1,h33,N/A,100
h1,h34,N/A,100
h1,h35,N/A,100
h1,h36,97.648,0
h1,h37,N/A,100
h1,h38,N/A,100
h1,h39,95.105,0
h1,h2,117.624,0
h1,h3,116.057,0
h1,h4,105.576,0
h1,h5,114.711,0
h1,h6,105.794,0
h1,h7,159.265,0
h1,h8,106.817,0
h1,h9,103.015,0
h1,h10,94.015,0
h1,h11,N/A,100
h1,h12,107.277,0
h1,h13,102.683,0
h1,h14,115.351,0
h1,h15,102.487,0
h1,h16,94.797,0
h1,h17,105.188,0
h1,h18,98.195,0
h1,h19,115.297,0
h1,h20,104.057,0
h1,h21,91.471,0
h1,h22,112.034,0
h1,h23,101.478,0
h1,h24,108.890,0
h1,h25,111.412,0
h1,h26,105.104,0
h1,h27,102.520,0
h1,h28,101.775,0
h1,h29,105.729,0
h1,h30,N/A,100
h1,h31,110.183,0
h1,h32,171.223,0
h1,h33,N/A,100
h1,h34,N/A,100
h1,h35,N/A,100
h1,h36,111.897,0
h1,h37,N/A,100
h1,h38,N/A,100
h1,h39,101.600,0
h1,h2,105.083,0
h1,h3,106.512,0
h1,h4,111.267,0
h1,h5,103.805,0
h1,h6,100.999,0
h1,h7,165.239,0
h1,h8,105.300,0
h1,h9,103.332,0
h1,h10,97.586,0
h1,h11,N/A,100
h1,h12,113.727,0
h1,h13,100.717,0
h1,h14,98.450,0
h1,h15,106.815,0
h1,h16,93.729,0
h1,h17,94.074,0
h1,h18,98.456,0
h1,h19,99.882,0
h1,h20,96.336,0
h1,h21,95.184,0
h1,h22,104.013,0
h1,h23,98.609,0
h1,h24,102.599,0
h1,h25,91.443,0
h1,h26,94.024,0
h1,h27,103.729,0
h1,h28,105.254,0
h1,h29,101.380,0
h1,h30,N/A,100
h1,h31,110.953,0
h1,h32,128.970,0
h1,h33,N/A,100
h1,h34,N/A,100
h1,h35,N/A,100
h1,h36,116.814,0
h1,h37,N/A,100
h1,h38,N/A,100
h1,h39,95.445,0
h1,h2,108.649,0
h1,h3,100.892,0
h1,h4,111.206,0
h1,h5,113.780,0
h1,h6,120.196,0
h1,h7,155.582,0
h1,h8,112.784,0
h1,h9,103.297,0
h1,h10,106.405,0
h1,h11,N/A,100
h1,h12,112.458,0
h1,h13,106.204,0
h1,h14,109.261,0
h1,h15,103.947,0
h1,h16,116.651,0
h1,h17,110.412,0
h1,h18,96.907,0
h1,h19,103.409,0
h1,h20,115.035,0
h1,h21,108.245,0
h1,h22,100.799,0
h1,h23,106.468,0
h1,h24,105.800,0
h1,h25,108.462,0
h1,h26,108.884,0
h1,h27,106.229,0
h1,h28,116.642,0
h1,h29,103.257,0
h1,h30,N/A,100
h1,h31,109.781,0
h1,h32,140.715,0
h1,h33,N/A,100
h1,h34,N/A,100
h1,h35,N/A,100
h1,h36,106.522,0
h1,h37,N/A,100
h1,h38,N/A,100
h1,h39,115.400,0
h1,h2,101.555,0
h1,h3,95.165,0
h1,h4,99.605,0
h1,h5,110.796,0
h1,h6,105.108,0
h1,h7,157.985,0
h1,h8,109.710,0
h1,h9,100.955,0
h1,h10,112.145,0
h1,h11,N/A,100
h1,h12,105.641,0
h1,h13,110.319,0
h1,h14,100.635,0
h1,h15,90.878,0
h1,h16,94.867,0
h1,h17,104.742,0
h1,h18,103.712,0
h1,h19,110.321,0
h1,h20,108.735,0
h1,h21,97.244,0
h1,h22,100.286,0
h1,h23,101.183,0
h1,h24,98.952,0
h1,h25,102.095,0
h1,h26,96.300,0
h1,h27,103.049,0
h1,h28,107.340,0
h1,h29,94.139,0
h1,h30,N/A,100
h1,h31,96.643,0
h1,h32,129.562,0
h1,h33,N/A,100
h1,h34,N/A,100
h1,h35,N/A,100
h1,h36,96.002,0
h1,h37,N/A,100
h1,h38,N/A,100
h1,h39,96.264,0
h1,h2,95.797,0
h1,h3,98.652,0
h1,h4,93.461,0
h1,h5,99.476,0
h1,h6,98.088,0
h1,h7,N/A,100
h1,h8,99.694,0
h1,h9,101.704,0
h1,h10,93.594,0
h1,h11,N/A,100
h1,h12,115.304,0
h1,h13,119.106,0
h1,h14,103.529,0
h1,h15,112.749,0
h1,h16,111.337,0
h1,h17,155.538,0
h1,h18,121.769,0
h1,h19,107.813,0
h1,h20,104.995,0
h1,h21,102.391,0
h1,h22,115.709,0
h1,h23,105.446,0
h1,h24,101.245,0
h1,h25,122.520,0
h1,h26,146.323,0
h1,h27,119.101,0
h1,h28,113.306,0
h1,h29,109.702,0
h1,h30,N/A,100
h1,h31,117.484,0
h1,h32,N/A,100
h1,h33,N/A,100
h1,h34,N/A,100
h1,h35,N/A,100
h1,h36,108.056,0
h1,h37,N/A,100
h1,h38,N/A,100
h1,h39,188.267,0
h1,h2,105.674,0
h1,h3,102.306,0
h1,h4,98.121,0
h1,h5,96.423,0
h1,h6,91.849,0
h1,h7,N/A,100
h1,h8,106.153,0
h1,h9,107.315,0
h1,h10,112.442,0
h1,h11,N/A,100
h1,h12,98.096,0
h1,h13,102.770,0
h1,h14,92.097,0
h1,h15,91.107,0
h1,h16,94.666,0
h1,h17,96.046,0
h1,h18,102.141,0
h1,h19,106.099,0
h1,h20,105.430,0
h1,h21,102.114,0
h1,h22,98.433,0
h1,h23,97.459,0
h1,h24,94.986,0
h1,h25,97.809,0
h1,h26,104.972,0
h1,h27,101.051,0
h1,h28,104.096,0
h1,h29,90.195,0
h1,h30,N/A,100
h1,h31,102.200,0
h1,h32,N/A,100
h1,h33,N/A,100
h1,h34,N/A,100
h1,h35,N/A,100
h1,h36,97.301,0
h1,h37,N/A,100
h1,h38,N/A,100
h1,h39,106.148,0
h1,h2,92.645,0
h1,h3,95.357,0
h1,h4,95.863,0
h1,h5,92.417,0
h1,h6,102.804,0
h1,h7,N/A,100
h1,h8,100.574,0
h1,h9,97.445,0
h1,h10,89.640,0
h1,h11,N/A,100
h1,h12,97.425,0
h1,h13,97.783,0
h1,h14,90.078,0
h1,h15,96.092,0
h1,h16,99.573,0
h1,h17,99.127,0
h1,h18,90.564,0
h1,h19,98.491,0
h1,h20,99.428,0
h1,h21,94.372,0
h1,h22,97.724,0
h1,h23,95.010,0
h1,h24,94.425,0
h1,h25,93.869,0
h1,h26,92.886,0
h1,h27,98.316,0
h1,h28,92.924,0
h1,h29,122.373,0
h1,h30,N/A,100
h1,h31,90.770,0
h1,h32,N/A,100
h1,h33,N/A,100
h1,h34,N/A,100
h1,h35,N/A,100
h1,h36,111.456,0
h1,h37,N/A,100
h1,h38,N/A,100
h1,h39,111.242,0
h1,h2,149.380,0
h1,h3,116.500,0
h1,h4,119.858,0
h1,h5,114.053,0
h1,h6,113.154,0
h1,h7,N/A,100
h1,h8,99.939,0
h1,h9,108.057,0
h1,h10,100.712,0
h1,h11,N/A,100
h1,h12,100.610,0
h1,h13,99.487,0
h1,h14,104.696,0
h1,h15,93.744,0
h1,h16,102.017,0
h1,h17,105.999,0
h1,h18,101.250,0
h1,h19,98.235,0
h1,h20,98.115,0
h1,h21,101.242,0
h1,h22,102.197,0
h1,h23,103.230,0
h1,h24,131.123,0
h1,h25,106.359,0
h1,h26,109.549,0
h1,h27,98.912,0
h1,h28,100.665,0
h1,h29,95.610,0
h1,h30,N/A,100
h1,h31,99.210,0
h1,h32,N/A,100
h1,h33,N/A,100
h1,h34,N/A,100
h1,h35,N/A,100
h1,h36,106.153,0
h1,h37,N/A,100
h1,h38,N/A,100
h1,h39,100.423,0
h1,h2,96.393,0
h1,h3,96.088,0
h1,h4,101.513,0
h1,h5,100.406,0
h1,h6,103.264,0
h1,h7,N/A,100
h1,h8,95.887,0
h1,h9,91.919,0
h1,h10,102.869,0
h1,h11,N/A,100
h1,h12,99.565,0
h1,h13,103.473,0
h1,h14,99.773,0
h1,h15,103.594,0
h1,h16,97.896,0
h1,h17,90.864,0
h1,h18,96.228,0
h1,h19,94.720,0
h1,h20,92.946,0
h1,h21,92.881,0
h1,h22,92.795,0
h1,h23,94.587,0
h1,h24,97.304,0
h1,h25,102.707,0
h1,h26,93.315,0
h1,h27,160.292,0
h1,h28,114.329,0
h1,h29,102.698,0
h1,h30,N/A,100
h1,h31,177.764,0
h1,h32,N/A,100
h1,h33,N/A,100
h1,h34,N/A,100
h1,h35,N/A,100
h1,h36,129.460,0
h1,h37,N/A,100
h1,h38,N/A,100
h1,h39,112.255,0
h1,h2,123.900,0
h1,h3,93.575,0
h1,h4,116.933,0
h1,h5,91.978,0
h1,h6,90.618,0
h1,h7,N/A,100
h1,h8,95.054,0
h1,h9,111.987,0
h1,h10,121.549,0
h1,h11,N/A,100
h1,h12,104.574,0
h1,h13,108.023,0
h1,h14,104.683,0
h1,h15,101.922,0
h1,h16,101.348,0
h1,h17,106.959,0
h1,h18,94.681,0
h1,h19,93.150,0
h1,h20,100.390,0
h1,h21,105.945,0
h1,h22,102.575,0
h1,h23,90.836,0
h1,h24,101.033,0
h1,h25,96.907,0
h1,h26,105.053,0
h1,h27,100.931,0
h1,h28,98.376,0
h1,h29,89.209,0
h1,h30,N/A,100
h1,h31,101.232,0
h1,h32,N/A,100
h1,h33,N/A,100
h1,h34,N/A,100
h1,h35,N/A,100
h1,h36,105.504,0
h1,h37,N/A,100
h1,h38,N/A,100
h1,h39,101.718,0
h1,h2,98.770,0
h1,h3,101.541,0
h1,h4,96.403,0
h1,h5,99.958,0
h1,h6,100.356,0
h1,h7,N/A,100
h1,h8,97.918,0
h1,h9,111.314,0
h1,h10,103.362,0
h1,h11,N/A,100
h1,h12,98.592,0
h1,h13,98.025,0
h1,h14,99.429,0
h1,h15,97.135,0
h1,h16,93.942,0
h1,h17,94.868,0
h1,h18,94.969,0
h1,h19,107.106,0
h1,h20,97.121,0
h1,h21,91.328,0
h1,h22,97.958,0
h1,h23,99.000,0
h1,h24,99.741,0
h1,h25,103.824,0
h1,h26,100.219,0
h1,h27,99.964,0
h1,h28,99.947,0
h1,h29,109.000,0
h1,h30,N/A,100
h1,h31,92.215,0
h1,h32,N/A,100
h1,h33,N/A,100
h1,h34,N/A,100
h1,h35,N/A,100
h1,h36,94.651,0
h1,h37,N/A,100
h1,h38,N/A,100
h1,h39,98.346,0
h1,h2,107.763,0
h1,h3,104.875,0
h1,h4,105.261,0
h1,h5,102.495,0
h1,h6,113.092,0
h1,h7,167.973,0
h1,h8,117.479,0
h1,h9,111.201,0
h1,h10,104.641,0
h1,h11,N/A,100
h1,h12,107.434,0
h1,h13,100.215,0
h1,h14,107.460,0
h1,h15,121.741,0
h1,h16,102.440,0
h1,h17,109.162,0
h1,h18,114.730,0
h1,h19,95.784,0
h1,h20,101.093,0
h1,h21,101.815,0
h1,h22,113.525,0
h1,h23,111.154,0
h1,h24,136.663,0
h1,h25,128.724,0
h1,h26,101.652,0
h1,h27,107.889,0
h1,h28,105.694,0
h1,h29,103.168,0
h1,h30,N/A,100
h1,h31,102.783,0
h1,h32,N/A,100
h1,h33,N/A,100
h1,h34,N/A,100
h1,h35,N/A,100
h1,h36,105.049,0
h1,h37,N/A,100
h1,h38,N/A,100
h1,h39,101.173,0
h1,h2,99.248,0
h1,h3,103.020,0
h1,h4,100.303,0
h1,h5,104.613,0
h1,h6,104.317,0
h1,h7,227.387,0
h1,h8,98.358,0
h1,h9,98.069,0
h1,h10,108.874,0
h1,h11,N/A,100
h1,h12,95.077,0
h1,h13,108.979,0
h1,h14,105.952,0
h1,h15,102.646,0
h1,h16,95.778,0
h1,h17,102.317,0
h1,h18,103.647,0
h1,h19,100.181,0
h1,h20,98.208,0
h1,h21,104.523,0
h1,h22,100.947,0
h1,h23,99.004,0
h1,h24,101.478,0
h1,h25,101.007,0
h1,h26,99.371,0
h1,h27,106.556,0
h1,h28,102.773,0
h1,h29,102.585,0
h1,h30,N/A,100
h1,h31,101.217,0
h1,h32,N/A,100
h1,h33,N/A,100
h1,h34,N/A,100
h1,h35,N/A,100
h1,h36,100.970,0
h1,h37,N/A,100
h1,h38,N/A,100
h1,h39,95.549,0
h1,h2,90.982,0
h1,h3,109.398,0
h1,h4,138.317,0
h1,h5,106.690,0
h1,h6,104.918,0
h1,h7,177.032,0
h1,h8,129.425,0
h1,h9,111.147,0
h1,h10,107.732,0
h1,h11,N/A,100
h1,h12,112.050,0
h1,h13,100.480,0
h1,h14,104.540,0
h1,h15,102.399,0
h1,h16,131.212,0
h1,h17,115.860,0
h1,h18,119.961,0
h1,h19,112.283,0
h1,h20,107.012,0
h1,h21,115.762,0
h1,h22,99.470,0
h1,h23,110.024,0
h1,h24,116.102,0
h1,h25,111.968,0
h1,h26,114.793,0
h1,h27,105.714,0
h1,h28,112.193,0
h1,h29,109.540,0
h1,h30,N/A,100
h1,h31,100.381,0
h1,h32,N/A,100
h1,h33,N/A,100
h1,h34,N/A,100
h1,h35,N/A,100
h1,h36,114.988,0
h1,h37,N/A,100
h1,h38,N/A,100
h1,h39,100.138,0
h1,h2,110.124,0
h1,h3,93.089,0
h1,h4,102.789,0
h1,h5,100.370,0
h1,h6,97.753,0
h1,h7,160.111,0
h1,h8,98.795,0
h1,h9,100.902,0
h1,h10,99.152,0
h1,h11,N/A,100
h1,h12,100.824,0
h1,h13,104.603,0
h1,h14,109.985,0
h1,h15,98.046,0
h1,h16,107.836,0
h1,h17,104.750,0
h1,h18,114.730,0
h1,h19,104.284,0
h1,h20,106.293,0
h1,h21,92.093,0
h1,h22,98.011,0
h1,h23,93.417,0
h1,h24,102.688,0
h1,h25,99.751,0
h1,h26,99.822,0
h1,h27,101.117,0
h1,h28,105.955,0
h1,h29,115.171,0
h1,h30,N/A,100
h1,h31,106.134,0
h1,h32,N/A,100
h1,h33,N/A,100
h1,h34,N/A,100
h1,h35,N/A,100
h1,h36,106.682,0
h1,h37,N/A,100
h1,h38,N/A,100
h1,h39,98.890,0
h1,h2,107.735,0
h1,h3,101.679,0
h1,h4,102.771,0
h1,h5,109.140,0
h1,h6,104.959,0
h1,h7,174.085,0
h1,h8,110.305,0
h1,h9,110.611,0
h1,h10,124.525,0
h1,h11,N/A,100
h1,h12,103.393,0
h1,h13,99.295,0
h1,h14,104.335,0
h1,h15,115.979,0
h1,h16,119.841,0
h1,h17,119.323,0
h1,h18,149.844,0
h1,h19,106.900,0
h1,h20,124.105,0
h1,h21,184.171,0
h1,h22,98.347,0
h1,h23,110.533,0
h1,h24,110.419,0
h1,h25,107.481,0
h1,h26,106.317,0
h1,h27,121.114,0
h1,h28,107.101,0
h1,h29,109.207,0
h1,h30,N/A,100
h1,h31,108.816,0
h1,h32,N/A,100
h1,h33,N/A,100
h1,h34,N/A,100
h1,h35,N/A,100
h1,h36,105.023,0
h1,h37,N/A,100
h1,h38,N/A,100
h1,h39,100.984,0
h1,h2,91.518,0
h1,h3,100.213,0
h1,h4,93.355,0
h1,h5,101.631,0
h1,h6,108.085,0
h1,h7,181.747,0
h1,h8,97.757,0
h1,h9,99.784,0
h1,h10,99.727,0
h1,h11,N/A,100
h1,h12,89.466,0
h1,h13,105.070,0
h1,h14,94.861,0
h1,h15,95.051,0
h1,h16,96.557,0
h1,h17,101.851,0
h1,h18,105.746,0
h1,h19,105.940,0
h1,h20,94.115,0
h1,h21,99.652,0
h1,h22,102.262,0
h1,h23,105.904,0
h1,h24,106.639,0
h1,h25,102.873,0
h1,h26,99.839,0
h1,h27,101.783,0
h1,h28,94.469,0
h1,h29,96.823,0
h1,h30,N/A,100
h1,h31,102.869,0
h1,h32,145.848,0
h1,h33,N/A,100
h1,h34,N/A,100
h1,h35,N/A,100
h1,h36,103.371,0
h1,h37,N/A,100
h1,h38,N/A,100
h1,h39,98.607,0
h1,h2,99.128,0
h1,h3,99.088,0
h1,h4,100.374,0
h1,h5,97.843,0
h1,h6,94.105,0
h1,h7,154.849,0
h1,h8,97.063,0
h1,h9,99.275,0
h1,h10,99.969,0
h1,h11,N/A,100
h1,h12,94.850,0
h1,h13,94.676,0
h1,h14,90.165,0
h1,h15,94.547,0
h1,h16,92.099,0
h1,h17,120.469,0
h1,h18,108.122,0
h1,h19,128.377,0
h1,h20,127.141,0
h1,h21,119.185,0
h1,h22,99.047,0
h1,h23,110.289,0
h1,h24,112.582,0
h1,h25,109.392,0
h1,h26,117.577,0
h1,h27,126.859,0
h1,h28,108.878,0
h1,h29,99.958,0
h1,h30,N/A,100
h1,h31,111.763,0
h1,h32,211.095,0
h1,h33,N/A,100
h1,h34,N/A,100
h1,h35,N/A,100
h1,h36,103.619,0
h1,h37,N/A,100
h1,h38,N/A,100
h1,h39,103.048,0
h1,h2,107.159,0
h1,h3,105.744,0
h1,h4,106.656,0
h1,h5,94.305,0
h1,h6,106.992,0
h1,h7,162.952,0
h1,h8,118.868,0
h1,h9,131.564,0
h1,h10,107.182,0
h1,h11,N/A,100
h1,h12,103.415,0
h1,h13,112.059,0
h1,h14,109.550,0
h1,h15,99.430,0
h1,h16,102.090,0
h1,h17,98.990,0
h1,h18,99.609,0
h1,h19,94.593,0
h1,h20,101.711,0
h1,h21,103.507,0
h1,h22,94.967,0
h1,h23,104.864,0
h1,h24,110.326,0
h1,h25,98.896,0
h1,h26,90.050,0
h1,h27,99.939,0
h1,h28,98.894,0
h1,h29,100.035,0
h1,h30,N/A,100
h1,h31,100.420,0
h1,h32,147.087,0
h1,h33,N/A,100
h1,h34,N/A,100
h1,h35,N/A,100
h1,h36,97.763,0
h1,h37,N/A,100
h1,h38,N/A,100
h1,h39,100.372,0
h1,h2,99.703,0
h1,h3,96.952,0
h1,h4,98.854,0
h1,h5,96.813,0
h1,h6,108.558,0
h1,h7,163.615,0
h1,h8,101.776,0
h1,h9,98.325,0
h1,h10,102.963,0
h1,h11,N/A,100
h1,h12,97.059,0
h1,h13,100.278,0
h1,h14,94.302,0
h1,h15,98.702,0
h1,h16,93.765,0
h1,h17,96.312,0
h1,h18,93.436,0
h1,h19,93.826,0
h1,h20,97.961,0
h1,h21,93.738,0
h1,h22,100.144,0
h1,h23,98.372,0
h1,h24,99.235,0
h1,h25,96.987,0
h1,h26,104.147,0
h1,h27,89.218,0
h1,h28,96.769,0
h1,h29,98.178,0
h1,h30,N/A,100
h1,h31,95.856,0
h1,h32,150.842,0
h1,h33,N/A,100
h1,h34,N/A,100
h1,h35,N/A,100
h1,h36,90.327,0
h1,h37,N/A,100
h1,h38,N/A,100
h1,h39,104.607,0
h1,h2,119.447,0
h1,h3,110.813,0
h1,h4,115.076,0
h1,h5,124.065,0
h1,h6,105.641,0
h1,h7,174.892,0
h1,h8,101.713,0
h1,h9,111.184,0
h1,h10,106.795,0
h1,h11,N/A,100
h1,h12,102.402,0
h1,h13,110.738,0
h1,h14,118.867,0
h1,h15,111.872,0
h1,h16,106.663,0
h1,h17,116.212,0
h1,h18,112.178,0
h1,h19,114.590,0
h1,h20,107.407,0
h1,h21,101.507,0
h1,h22,103.929,0
h1,h23,102.779,0
h1,h24,107.830,0
h1,h25,112.133,0
h1,h26,117.567,0
h1,h27,106.022,0
h1,h28,102.679,0
h1,h29,109.526,0
h1,h30,N/A,100
h1,h31,107.882,0
h1,h32,200.294,0
h1,h33,N/A,100
h1,h34,N/A,100
h1,h35,N/A,100
h1,h36,102.736,0
h1,h37,N/A,100
h1,h38,N/A,100
h1,h39,104.614,0
h1,h2,99.503,0
h1,h3,105.479,0
h1,h4,104.068,0
h1,h5,109.547,0
h1,h6,101.091,0
h1,h7,152.462,0
h1,h8,98.110,0
h1,h9,103.968,0
h1,h10,101.400,0
h1,h11,N/A,100
h1,h12,100.495,0
h1,h13,100.528,0
h1,h14,102.295,0
h1,h15,94.983,0
h1,h16,101.641,0
h1,h17,101.789,0
h1,h18,106.970,0
h1,h19,102.755,0
h1,h20,102.201,0
h1,h21,96.286,0
h1,h22,99.323,0
h1,h23,97.558,0
h1,h24,103.741,0
h1,h25,100.017,0
h1,h26,98.558,0
h1,h27,113.145,0
h1,h28,94.069,0
h1,h29,100.386,0
h1,h30,N/A,100
h1,h31,99.082,0
h1,h32,N/A,100
h1,h33,N/A,100
h1,h34,N/A,100
h1,h35,N/A,100
h1,h36,98.315,0
h1,h37,N/A,100
h1,h38,N/A,100
h1,h39,99.278,0
h1,h2,110.825,0
h1,h3,104.812,0
h1,h4,102.578,0
h1,h5,117.062,0
h1,h6,107.164,0
h1,h7,N/A,100
h1,h8,106.426,0
h1,h9,106.569,0
h1,h10,101.492,0
h1,h11,N/A,100
h1,h12,114.460,0
h1,h13,106.688,0
h1,h14,103.475,0
h1,h15,111.423,0
h1,h16,110.048,0
h1,h17,108.009,0
h1,h18,113.081,0
h1,h19,92.283,0
h1,h20,100.760,0
h1,h21,104.590,0
h1,h22,95.208,0
h1,h23,115.018,0
h1,h24,112.598,0
h1,h25,101.142,0
h1,h26,104.173,0
h1,h27,95.594,0
h1,h28,102.978,0
h1,h29,113.310,0
h1,h30,N/A,100
h1,h31,114.238,0
h1,h32,N/A,100
h1,h33,N/A,100
h1,h34,N/A,100
h1,h35,N/A,100
h1,h36,111.575,0
h1,h37,N/A,100
h1,h38,N/A,100
h1,h39,110.824,0
h1,h2,96.465,0
h1,h3,109.997,0
h1,h4,106.275,0
h1,h5,109.594,0
h1,h6,104.776,0
h1,h7,N/A,100
h1,h8,105.397,0
h1,h9,103.025,0
h1,h10,97.141,0
h1,h11,N/A,100
h1,h12,97.343,0
h1,h13,100.717,0
h1,h14,93.537,0
h1,h15,104.710,0
h1,h16,98.368,0
h1,h17,104.337,0
h1,h18,101.597,0
h1,h19,107.065,0
h1,h20,92.444,0
h1,h21,105.059,0
h1,h22,96.665,0
h1,h23,102.360,0
h1,h24,101.408,0
h1,h25,93.137,0
h1,h26,100.697,0
h1,h27,96.592,0
h1,h28,107.128,0
h1,h29,95.729,0
h1,h30,N/A,100
h1,h31,100.692,0
h1,h32,N/A,100
h1,h33,N/A,100
h1,h34,N/A,100
h1,h35,N/A,100
h1,h36,104.125,0
h1,h37,N/A,100
h1,h38,N/A,100
h1,h39,98.125,0
h1,h2,103.228,0
h1,h3,116.516,0
h1,h4,94.174,0
h1,h5,102.409,0
h1,h6,107.567,0
h1,h7,N/A,100
h1,h8,112.436,0
h1,h9,109.340,0
h1,h10,104.861,0
h1,h11,N/A,100
h1,h12,113.973,0
h1,h13,104.904,0
h1,h14,92.243,0
h1,h15,133.733,0
h1,h16,109.232,0
h1,h17,115.933,0
h1,h18,117.628,0
h1,h19,121.883,0
h1,h20,96.574,0
h1,h21,105.244,0
h1,h22,106.800,0
h1,h23,109.156,0
h1,h24,103.442,0
h1,h25,106.099,0
h1,h26,103.231,0
h1,h27,112.174,0
h1,h28,109.151,0
h1,h29,106.513,0
h1,h30,N/A,100
h1,h31,110.535,0
h1,h32,N/A,100
h1,h33,N/A,100
h1,h34,N/A,100
h1,h35,N/A,100
h1,h36,111.393,0
h1,h37,N/A,100
h1,h38,N/A,100
h1,h39,108.938,0
h1,h2,99.912,0
h1,h3,110.491,0
h1,h4,107.458,0
h1,h5,95.152,0
h1,h6,103.249,0
h1,h7,N/A,100
h1,h8,101.238,0
h1,h9,110.350,0
h1,h10,100.760,0
h1,h11,N/A,100
h1,h12,108.449,0
h1,h13,104.489,0
h1,h14,106.172,0
h1,h15,102.228,0
h1,h16,113.392,0
h1,h17,101.576,0
h1,h18,99.389,0
h1,h19,93.371,0
h1,h20,99.567,0
h1,h21,102.777,0
h1,h22,100.410,0
h1,h23,106.383,0
h1,h24,113.877,0
h1,h25,93.571,0
h1,h26,102.208,0
h1,h27,96.150,0
h1,h28,104.280,0
h1,h29,97.308,0
h1,h30,N/A,100
h1,h31,98.136,0
h1,h32,N/A,100
h1,h33,N/A,100
h1,h34,N/A,100
h1,h35,N/A,100
h1,h36,96.743,0
h1,h37,N/A,100
h1,h38,N/A,100
h1,h39,89.360,0
h1,h2,99.458,0
h1,h3,116.551,0
h1,h4,106.106,0
h1,h5,107.184,0
h1,h6,107.081,0
h1,h7,N/A,100
h1,h8,145.555,0
h1,h9,107.220,0
h1,h10,114.879,0
h1,h11,N/A,100
h1,h12,104.088,0
h1,h13,109.297,0
h1,h14,131.532,0
h1,h15,106.415,0
h1,h16,108.479,0
h1,h17,105.179,0
h1,h18,114.959,0
h1,h19,101.881,0
h1,h20,103.955,0
h1,h21,117.826,0
h1,h22,103.010,0
h1,h23,102.201,0
h1,h24,113.462,0
h1,h25,108.513,0
h1,h26,93.580,0
h1,h27,110.082,0
h1,h28,110.985,0
h1,h29,109.892,0
h1,h30,N/A,100
h1,h31,115.555,0
h1,h32,N/A,100
h1,h33,N/A,100
h1,h34,N/A,100
h1,h35,N/A,100
h1,h36,105.162,0
h1,h37,N/A,100
h1,h38,N/A,100
h1,h39,100.817,0
h1,h2,105.230,0
h1,h3,97.491,0
h1,h4,98.837,0
h1,h5,100.647,0
h1,h6,100.568,0
h1,h7,N/A,100
h1,h8,95.213,0
h1,h9,105.351,0
h1,h10,97.622,0
h1,h11,N/A,100
h1,h12,108.011,0
h1,h13,103.078,0
h1,h14,99.702,0
h1,h15,101.191,0
h1,h16,107.111,0
h1,h17,91.250,0
h1,h18,102.184,0
h1,h19,102.113,0
h1,h20,93.362,0
h1,h21,95.629,0
h1,h22,98.363,0
h1,h23,92.419,0
h1,h24,90.511,0
h1,h25,104.222,0
h1,h26,103.575,0
h1,h27,109.032,0
h1,h28,109.831,0
h1,h29,101.852,0
h1,h30,N/A,100
h1,h31,97.092,0
h1,h32,N/A,100
h1,h33,N/A,100
h1,h34,N/A,100
h1,h35,N/A,100
h1,h36,106.026,0
h1,h37,N/A,100
h1,h38,N/A,100
h1,h39,102.814,0
h1,h2,97.439,0
h1,h3,96.103,0
h1,h4,96.903,0
h1,h5,92.949,0
h1,h6,94.642,0
h1,h7,151.798,0
h1,h8,97.864,0
h1,h9,92.149,0
h1,h10,91.334,0
h1,h11,N/A,100
h1,h12,103.202,0
h1,h13,111.942,0
h1,h14,109.535,0
h1,h15,109.794,0
h1,h16,96.773,0
h1,h17,106.798,0
h1,h18,102.386,0
h1,h19,103.063,0
h1,h20,112.515,0
h1,h21,110.435,0
h1,h22,99.577,0
h1,h23,102.052,0
h1,h24,101.604,0
h1,h25,107.215,0
h1,h26,103.960,0
h1,h27,106.850,0
h1,h28,113.530,0
h1,h29,100.067,0
h1,h30,N/A,100
h1,h31,118.015,0
h1,h32,N/A,100
h1,h33,N/A,100
h1,h34,N/A,100
h1,h35,N/A,100
h1,h36,123.819,0
h1,h37,N/A,100
h1,h38,N/A,100
h1,h39,207.548,0
h1,h2,100.580,0
h1,h3,107.305,0
h1,h4,107.104,0
h1,h5,98.240,0
h1,h6,97.760,0
h1,h7,163.296,0
h1,h8,98.092,0
h1,h9,96.155,0
h1,h10,106.259,0
h1,h11,N/A,100
h1,h12,97.201,0
h1,h13,102.685,0
h1,h14,98.656,0
h1,h15,102.576,0
h1,h16,98.827,0
h1,h17,109.156,0
h1,h18,102.299,0
h1,h19,105.030,0
h1,h20,105.503,0
h1,h21,99.018,0
h1,h22,99.036,0
h1,h23,97.798,0
h1,h24,101.986,0
h1,h25,113.211,0
h1,h26,95.694,0
h1,h27,96.257,0
h1,h28,99.043,0
h1,h29,101.871,0
h1,h30,N/A,100
h1,h31,102.409,0
h1,h32,N/A,100
h1,h33,N/A,100
h1,h34,N/A,100
h1,h35,N/A,100
h1,h36,123.810,0
h1,h37,N/A,100
h1,h38,N/A,100
h1,h39,104.950,0
h1,h2,99.067,0
h1,h3,97.457,0
h1,h4,98.182,0
h1,h5,100.718,0
h1,h6,96.335,0
h1,h7,184.122,0
h1,h8,118.584,0
h1,h9,112.935,0
h1,h10,135.660,0
h1,h11,N/A,100
h1,h12,121.960,0
h1,h13,110.296,0
h1,h14,108.750,0
h1,h15,109.545,0
h1,h16,105.032,0
h1,h17,111.829,0
h1,h18,98.497,0
h1,h19,127.137,0
h1,h20,100.228,0
h1,h21,112.460,0
h1,h22,104.830,0
h1,h23,105.497,0
h1,h24,104.529,0
h1,h25,105.125,0
h1,h26,108.940,0
h1,h27,103.772,0
h1,h28,108.433,0
h1,h29,102.027,0
h1,h30,N/A,100
h1,h31,99.357,0
h1,h32,N/A,100
h1,h33,N/A,100
h1,h34,N/A,100
h1,h35,N/A,100
h1,h36,101.572,0
h1,h37,N/A,100
h1,h38,N/A,100
h1,h39,110.613,0
h1,h2,93.952,0
h1,h3,113.024,0
h1,h4,101.985,0
h1,h5,96.434,0
h1,h6,102.372,0
h1,h7,152.753,0
h1,h8,102.237,0
h1,h9,101.645,0
h1,h10,99.857,0
h1,h11,N/A,100
h1,h12,101.793,0
h1,h13,97.036,0
h1,h14,99.684,0
h1,h15,107.078,0
h1,h16,100.070,0
h1,h17,97.598,0
h1,h18,99.442,0
h1,h19,97.693,0
h1,h20,94.059,0
h1,h21,98.909,0
h1,h22,103.353,0
h1,h23,101.783,0
h1,h24,109.485,0
h1,h25,98.749,0
h1,h26,99.015,0
h1,h27,100.480,0
h1,h28,103.948,0
h1,h29,97.615,0
h1,h30,N/A,100
h1,h31,104.266,0
h1,h32,N/A,100
h1,h33,N/A,100
h1,h34,N/A,100
h1,h35,N/A,100
h1,h36,107.042,0
h1,h37,N/A,100
h1,h38,N/A,100
h1,h39,104.200,0
h1,h2,93.779,0
h1,h3,99.672,0
h1,h4,105.954,0
h1,h5,95.139,0
h1,h6,102.168,0
h1,h7,155.788,0
h1,h8,97.129,0
h1,h9,99.825,0
h1,h10,101.227,0
h1,h11,N/A,100
h1,h12,92.681,0
h1,h13,98.443,0
h1,h14,153.689,0
h1,h15,93.255,0
h1,h16,104.406,0
h1,h17,94.433,0
h1,h18,108.075,0
h1,h19,128.166,0
h1,h20,116.195,0
h1,h21,118.115,0
h1,h22,108.966,0
h1,h23,91.658,0
h1,h24,111.511,0
h1,h25,108.277,0
h1,h26,100.746,0
h1,h27,116.068,0
h1,h28,111.252,0
h1,h29,94.691,0
h1,h30,N/A,100
h1,h31,99.495,0
h1,h32,N/A,100
h1,h33,N/A,100
h1,h34,N/A,100
h1,h35,N/A,100
h1,h36,102.653,0
h1,h37,N/A,100
h1,h38,N/A,100
h1,h39,114.848,0
h1,h2,110.640,0
h1,h3,119.158,0
h1,h4,105.358,0
h1,h5,118.420,0
h1,h6,105.895,0
h1,h7,166.675,0
h1,h8,96.861,0
h1,h9,95.735,0
h1,h10,96.055,0
h1,h11,N/A,100
h1,h12,103.403,0
h1,h13,95.779,0
h1,h14,102.568,0
h1,h15,97.719,0
h1,h16,93.450,0
h1,h17,111.186,0
h1,h18,98.057,0
h1,h19,93.586,0
h1,h20,102.273,0
h1,h21,100.243,0
h1,h22,102.922,0
h1,h23,111.585,0
h1,h24,92.668,0
h1,h25,105.455,0
h1,h26,101.375,0
h1,h27,104.485,0
h1,h28,95.936,0
h1,h29,103.486,0
h1,h30,N/A,100
h1,h31,98.104,0
h1,h32,N/A,100
h1,h33,N/A,100
h1,h34,N/A,100
h1,h35,N/A,100
h1,h36,100.979,0
h1,h37,N/A,100
h1,h38,N/A,100
h1,h39,98.917,0
h1,h2,103.582,0
h1,h3,103.248,0
h1,h4,100.835,0
h1,h5,95.138,0
h1,h6,103.857,0
h1,h7,156.883,0
h1,h8,102.900,0
h1,h9,97.845,0
h1,h10,106.300,0
h1,h11,N/A,100
h1,h12,98.177,0
h1,h13,99.390,0
h1,h14,101.008,0
h1,h15,95.775,0
h1,h16,99.175,0
h1,h17,97.941,0
h1,h18,97.514,0
h1,h19,106.105,0
h1,h20,97.354,0
h1,h21,101.711,0
h1,h22,100.449,0
h1,h23,101.654,0
h1,h24,98.431,0
h1,h25,96.884,0
h1,h26,99.042,0
h1,h27,97.003,0
h1,h28,94.814,0
h1,h29,102.571,0
h1,h30,N/A,100
h1,h31,99.497,0
h1,h32,118.312,0
h1,h33,N/A,100
h1,h34,N/A,100
h1,h35,N/A,100
h1,h36,120.459,0
h1,h37,N/A,100
h1,h38,N/A,100
h1,h39,99.209,0
h1,h2,112.747,0
h1,h3,104.967,0
h1,h4,98.299,0
h1,h5,104.101,0
h1,h6,113.996,0
h1,h7,N/A,100
h1,h8,129.525,0
h1,h9,123.570,0
h1,h10,102.257,0
h1,h11,N/A,100
h1,h12,109.306,0
h1,h13,113.431,0
h1,h14,111.795,0
h1,h15,120.492,0
h1,h16,106.915,0
h1,h17,130.615,0
h1,h18,112.537,0
h1,h19,102.512,0
h1,h20,98.521,0
h1,h21,100.815,0
h1,h22,100.195,0
h1,h23,108.004,0
h1,h24,101.182,0
h1,h25,99.263,0
h1,h26,112.256,0
h1,h27,99.339,0
h1,h28,102.721,0
h1,h29,102.547,0
h1,h30,N/A,100
h1,h31,110.966,0
h1,h32,115.767,0
h1,h33,N/A,100
h1,h34,N/A,100
h1,h35,N/A,100
h1,h36,109.239,0
h1,h37,N/A,100
h1,h38,N/A,100
h1,h39,92.303,0
h1,h2,98.405,0
h1,h3,96.966,0
h1,h4,99.172,0
h1,h5,101.510,0
h1,h6,117.378,0
h1,h7,N/A,100
h1,h8,101.498,0
h1,h9,103.747,0
h1,h10,101.332,0
h1,h11,N/A,100
h1,h12,104.555,0
h1,h13,103.775,0
h1,h14,98.154,0
h1,h15,105.744,0
h1,h16,96.660,0
h1,h17,101.569,0
h1,h18,92.361,0
h1,h19,101.347,0
h1,h20,98.766,0
h1,h21,100.154,0
h1,h22,100.160,0
h1,h23,95.026,0
h1,h24,95.865,0
h1,h25,105.884,0
h1,h26,100.260,0
h1,h27,96.604,0
h1,h28,94.926,0
h1,h29,95.130,0
h1,h30,N/A,100
h1,h31,94.789,0
h1,h32,143.792,0
h1,h33,N/A,100
h1,h34,N/A,100
h1,h35,N/A,100
h1,h36,96.391,0
h1,h37,N/A,100
h1,h38,N/A,100
h1,h39,99.714,0
h1,h2,103.524,0
h1,h3,112.157,0
h1,h4,102.664,0
h1,h5,113.036,0
h1,h6,104.041,0
h1,h7,N/A,100
h1,h8,99.815,0
h1,h9,98.509,0
h1,h10,89.085,0
h1,h11,N/A,100
h1,h12,109.787,0
h1,h13,100.419,0
h1,h14,98.301,0
h1,h15,111.548,0
h1,h16,105.949,0
h1,h17,93.025,0
h1,h18,116.202,0
h1,h19,116.220,0
h1,h20,108.931,0
h1,h21,109.572,0
h1,h22,103.629,0
h1,h23,115.687,0
h1,h24,104.420,0
h1,h25,110.866,0
h1,h26,95.421,0
h1,h27,100.882,0
h1,h28,107.535,0
h1,h29,98.824,0
h1,h30,N/A,100
h1,h31,119.512,0
h1,h32,141.423,0
h1,h33,N/A,100
h1,h34,N/A,100
h1,h35,N/A,100
h1,h36,96.130,0
h1,h37,N/A,100
h1,h38,N/A,100
h1,h39,96.787,0
h1,h2,92.211,0
h1,h3,101.068,0
h1,h4,96.264,0
h1,h5,102.494,0
h1,h6,102.936,0
h1,h7,N/A,100
h1,h8,99.180,0
h1,h9,93.886,0
h1,h10,97.069,0
h1,h11,N/A,100
h1,h12,103.212,0
h1,h13,100.485,0
h1,h14,104.049,0
h1,h15,104.792,0
h1,h16,95.838,0
h1,h17,100.728,0
h1,h18,103.920,0
h1,h19,101.574,0
h1,h20,99.572,0
h1,h21,106.945,0
h1,h22,108.488,0
h1,h23,104.489,0
h1,h24,101.936,0
h1,h25,100.524,0
h1,h26,94.823,0
h1,h27,101.351,0
h1,h28,107.492,0
h1,h29,102.506,0
h1,h30,N/A,100
h1,h31,104.105,0
h1,h32,N/A,100
h1,h33,N/A,100
h1,h34,N/A,100
h1,h35,N/A,100
h1,h36,97.976,0
h1,h37,N/A,100
h1,h38,N/A,100
h1,h39,95.639,0
h1,h2,107.345,0
h1,h3,107.986,0
h1,h4,95.218,0
h1,h5,106.823,0
h1,h6,102.173,0
h1,h7,N/A,100
h1,h8,106.421,0
h1,h9,100.169,0
h1,h10,99.608,0
h1,h11,N/A,100
h1,h12,118.936,0
h1,h13,124.462,0
h1,h14,100.718,0
h1,h15,96.575,0
h1,h16,116.233,0
h1,h17,100.376,0
h1,h18,100.161,0
h1,h19,95.709,0
h1,h20,101.492,0
h1,h21,110.008,0
h1,h22,116.760,0
h1,h23,96.904,0
h1,h24,104.208,0
h1,h25,104.806,0
h1,h26,113.468,0
h1,h27,114.242,0
h1,h28,108.337,0
h1,h29,110.010,0
h1,h30,N/A,100
h1,h31,94.929,0
h1,h32,N/A,100
h1,h33,N/A,100
h1,h34,N/A,100
h1,h35,N/A,100
h1,h36,90.834,0
h1,h37,N/A,100
h1,h38,N/A,100
h1,h39,121.155,0
h1,h2,97.480,0
h1,h3,112.995,0
h1,h4,102.839,0
h1,h5,103.700,0
h1,h6,97.051,0
h1,h7,N/A,100
h1,h8,97.582,0
h1,h9,104.902,0
h1,h10,96.932,0
h1,h11,N/A,100
h1,h12,113.661,0
h1,h13,101.468,0
h1,h14,108.886,0
h1,h15,105.639,0
h1,h16,106.376,0
h1,h17,96.727,0
h1,h18,104.115,0
h1,h19,99.788,0
h1,h20,104.528,0
h1,h21,104.772,0
h1,h22,98.380,0
h1,h23,99.158,0
h1,h24,95.472,0
h1,h25,101.386,0
h1,h26,96.633,0
h1,h27,108.461,0
h1,h28,103.049,0
h1,h29,104.483,0
h1,h30,N/A,100
h1,h31,103.251,0
h1,h32,N/A,100
h1,h33,N/A,100
h1,h34,N/A,100
h1,h35,N/A,100
h1,h36,104.369,0
h1,h37,N/A,100
h1,h38,N/A,100
h1,h39,110.320,0
h1,h2,97.636,0
h1,h3,96.692,0
h1,h4,135.422,0
h1,h5,114.491,0
h1,h6,126.428,0
h1,h7,N/A,100
h1,h8,115.255,0
h1,h9,120.111,0
h1,h10,182.026,0
h1,h11,N/A,100
h1,h12,101.199,0
h1,h13,105.553,0
h1,h14,100.622,0
h1,h15,98.544,0
h1,h16,99.501,0
h1,h17,106.040,0
h1,h18,98.868,0
h1,h19,112.158,0
h1,h20,111.246,0
h1,h21,113.621,0
h1,h22,104.997,0
h1,h23,101.141,0
h1,h24,99.091,0
h1,h25,99.797,0
h1,h26,114.821,0
h1,h27,113.012,0
h1,h28,124.052,0
h1,h29,116.788,0
h1,h30,N/A,100
h1,h31,105.595,0
h1,h32,N/A,100
h1,h33,N/A,100
h1,h34,N/A,100
h1,h35,N/A,100
h1,h36,113.004,0
h1,h37,N/A,100
h1,h38,N/A,100
h1,h39,114.116,0
h1,h2,100.059,0
h1,h3,103.246,0
h1,h4,110.168,0
h1,h5,98.517,0
h1,h6,103.941,0
h1,h7,161.473,0
h1,h8,105.909,0
h1,h9,92.723,0
h1,h10,105.622,0
h1,h11,N/A,100
h1,h12,109.726,0
h1,h13,96.474,0
h1,h14,99.114,0
h1,h15,108.439,0
h1,h16,102.372,0
h1,h17,100.533,0
h1,h18,101.320,0
h1,h19,103.765,0
h1,h20,99.343,0
h1,h21,93.782,0
h1,h22,97.150,0
h1,h23,97.749,0
h1,h24,98.898,0
h1,h25,98.020,0
h1,h26,100.189,0
h1,h27,106.219,0
h1,h28,100.846,0
h1,h29,95.555,0
h1,h30,N/A,100
h1,h31,103.947,0
h1,h32,N/A,100
h1,h33,N/A,100
h1,h34,N/A,100
h1,h35,N/A,100
h1,h36,101.800,0
h1,h37,N/A,100
h1,h38,N/A,100
h1,h39,100.506,0
h1,h2,99.542,0
h1,h3,92.713,0
h1,h4,101.252,0
h1,h5,101.188,0
h1,h6,100.318,0
h1,h7,156.571,0
h1,h8,93.748,0
h1,h9,97.151,0
h1,h10,100.230,0
h1,h11,N/A,100
h1,h12,97.383,0
h1,h13,127.738,0
h1,h14,107.918,0
h1,h15,112.096,0
h1,h16,117.142,0
h1,h17,123.017,0
h1,h18,106.383,0
h1,h19,109.081,0
h1,h20,105.961,0
h1,h21,112.980,0
h1,h22,120.970,0
h1,h23,103.057,0
h1,h24,107.451,0
h1,h25,104.434,0
h1,h26,117.674,0
h1,h27,120.725,0
h1,h28,110.485,0
h1,h29,105.518,0
h1,h30,N/A,100
h1,h31,93.489,0
h1,h32,N/A,100
h1,h33,N/A,100
h1,h34,N/A,100
h1,h35,N/A,100
h1,h36,106.515,0
h1,h37,N/A,100
h1,h38,N/A,100
h1,h39,96.228,0
h1,h2,108.922,0
h1,h3,104.842,0
h1,h4,94.039,0
h1,h5,96.424,0
h1,h6,102.708,0
h1,h7,163.487,0
h1,h8,99.824,0
h1,h9,105.699,0
h1,h10,118.199,0
h1,h11,N/A,100
h1,h12,96.654,0
h1,h13,103.559,0
h1,h14,100.678,0
h1,h15,107.111,0
h1,h16,102.575,0
h1,h17,92.659,0
h1,h18,110.533,0
h1,h19,103.415,0
h1,h20,103.884,0
h1,h21,98.810,0
h1,h22,100.768,0
h1,h23,93.330,0
h1,h24,99.675,0
h1,h25,101.199,0
h1,h26,104.380,0
h1,h27,100.263,0
h1,h28,100.609,0
h1,h29,110.104,0
h1,h30,N/A,100
h1,h31,102.443,0
h1,h32,N/A,100
h1,h33,N/A,100
h1,h34,N/A,100
h1,h35,N/A,100
h1,h36,106.658,0
h1,h37,N/A,100
h1,h38,N/A,100
h1,h39,103.427,0
h1,h2,97.645,0
h1,h3,95.552,0
h1,h4,102.940,0
h1,h5,95.562,0
h1,h6,97.763,0
h1,h7,160.506,0
h1,h8,90.343,0
h1,h9,97.315,0
h1,h10,100.668,0
h1,h11,N/A,100
h1,h12,94.036,0
h1,h13,98.349,0
h1,h14,95.372,0
h1,h15,91.175,0
h1,h16,104.372,0
h1,h17,94.467,0
h1,h18,90.882,0
h1,h19,96.816,0
h1,h20,95.160,0
h1,h21,93.578,0
h1,h22,97.538,0
h1,h23,93.130,0
h1,h24,117.903,0
h1,h25,113.038,0
h1,h26,125.493,0
h1,h27,112.678,0
h1,h28,135.843,0
h1,h29,120.466,0
h1,h30,N/A,100
h1,h31,114.231,0
h1,h32,N/A,100
h1,h33,N/A,100
h1,h34,N/A,100
h1,h35,N/A,100
h1,h36,97.676,0
h1,h37,N/A,100
h1,h38,N/A,100
h1,h39,120.444,0
h1,h2,108.191,0
h1,h3,101.791,0
h1,h4,101.160,0
h1,h5,105.992,0
h1,h6,109.531,0
h1,h7,155.876,0
h1,h8,109.512,0
h1,h9,106.846,0
h1,h10,105.637,0
h1,h11,N/A,100
h1,h12,104.294,0
h1,h13,101.855,0
h1,h14,108.158,0
h1,h15,97.682,0
h1,h16,102.350,0
h1,h17,99.344,0
h1,h18,104.614,0
h1,h19,95.382,0
h1,h20,98.641,0
h1,h21,101.529,0
h1,h22,94.434,0
h1,h23,101.038,0
h1,h24,102.606,0
h1,h25,104.844,0
h1,h26,105.533,0
h1,h27,95.928,0
h1,h28,103.034,0
h1,h29,95.796,0
h1,h30,N/A,100
h1,h31,96.711,0
h1,h32,N/A,100
h1,h33,N/A,100
h1,h34,N/A,100
h1,h35,N/A,100
h1,h36,98.099,0
h1,h37,N/A,100
h1,h38,N/A,100
h1,h39,95.442,0
h1,h2,103.160,0
h1,h3,110.189,0
h1,h4,120.564,0
h1,h5,100.513,0
h1,h6,100.605,0
h1,h7,160.153,0
h1,h8,104.111,0
h1,h9,102.401,0
h1,h10,91.824,0
h1,h11,N/A,100
h1,h12,102.964,0
h1,h13,100.099,0
h1,h14,97.756,0
h1,h15,96.260,0
h1,h16,94.171,0
h1,h17,95.326,0
h1,h18,99.222,0
h1,h19,97.556,0
h1,h20,95.456,0
h1,h21,95.336,0
h1,h22,94.856,0
h1,h23,101.489,0
h1,h24,95.550,0
h1,h25,94.098,0
h1,h26,97.867,0
h1,h27,98.685,0
h1,h28,101.345,0
h1,h29,94.839,0
h1,h30,N/A,100
h1,h31,97.571,0
h1,h32,N/A,100
h1,h33,N/A,100
h1,h34,N/A,100
h1,h35,N/A,100
h1,h36,110.285,0
h1,h37,N/A,100
h1,h38,N/A,100
h1,h39,109.074,0
h1,h2,108.705,0
h1,h3,98.968,0
h1,h4,109.540,0
h1,h5,103.631,0
h1,h6,101.762,0
h1,h7,N/A,100
h1,h8,106.691,0
h1,h9,128.573,0
h1,h10,112.457,0
h1,h11,N/A,100
h1,h12,167.527,0
h1,h13,117.683,0
h1,h14,105.624,0
h1,h15,112.982,0
h1,h16,106.728,0
h1,h17,104.233,0
h1,h18,104.335,0
h1,h19,105.005,0
h1,h20,102.015,0
h1,h21,117.730,0
h1,h22,105.541,0
h1,h23,96.024,0
h1,h24,98.769,0
h1,h25,107.279,0
h1,h26,97.967,0
h1,h27,98.904,0
h1,h28,110.490,0
h1,h29,103.440,0
h1,h30,N/A,100
h1,h31,111.081,0
h1,h32,N/A,100
h1,h33,N/A,100
h1,h34,N/A,100
h1,h35,N/A,100
h1,h36,100.108,0
h1,h37,N/A,100
h1,h38,N/A,100
h1,h39,95.372,0
h1,h2,105.469,0
h1,h3,100.046,0
h1,h4,102.127,0
h1,h5,97.870,0
h1,h6,100.542,0
h1,h7,N/A,100
h1,h8,100.640,0
h1,h9,107.634,0
h1,h10,104.564,0
h1,h11,N/A,100
h1,h12,101.135,0
h1,h13,100.174,0
h1,h14,94.508,0
h1,h15,101.284,0
h1,h16,99.683,0
h1,h17,100.085,0
h1,h18,100.173,0
h1,h19,92.925,0
h1,h20,100.348,0
h1,h21,101.404,0
h1,h22,98.781,0
h1,h23,93.179,0
h1,h24,99.368,0
h1,h25,105.627,0
h1,h26,102.867,0
h1,h27,101.908,0
h1,h28,100.634,0
h1,h29,94.738,0
h1,h30,N/A,100
h1,h31,101.930,0
h1,h32,N/A,100
h1,h33,N/A,100
h1,h34,N/A,100
h1,h35,N/A,100
h1,h36,100.629,0
h1,h37,N/A,100
h1,h38,N/A,100
h1,h39,104.730,0
h1,h2,101.446,0
h1,h3,112.152,0
h1,h4,143.973,0
h1,h5,104.171,0
h1,h6,94.972,0
h1,h7,N/A,100
h1,h8,105.927,0
h1,h9,112.181,0
h1,h10,117.565,0
h1,h11,N/A,100
h1,h12,98.912,0
h1,h13,104.299,0
h1,h14,102.176,0
h1,h15,111.560,0
h1,h16,108.590,0
h1,h17,97.916,0
h1,h18,112.049,0
h1,h19,106.826,0
h1,h20,103.867,0
h1,h21,97.648,0
h1,h22,106.854,0
h1,h23,100.085,0
h1,h24,98.491,0
h1,h25,108.937,0
h1,h26,106.730,0
h1,h27,103.148,0
h1,h28,124.563,0
h1,h29,100.536,0
h1,h30,N/A,100
h1,h31,99.577,0
h1,h32,N/A,100
h1,h33,N/A,100
h1,h34,N/A,100
h1,h35,N/A,100
h1,h36,100.427,0
h1,h37,N/A,100
h1,h38,N/A,100
h1,h39,98.771,0
h1,h2,99.613,0
h1,h3,95.725,0
h1,h4,95.401,0
h1,h5,93.127,0
h1,h6,95.087,0
h1,h7,N/A,100
h1,h8,105.884,0
h1,h9,99.973,0
h1,h10,93.470,0
h1,h11,N/A,100
h1,h12,105.496,0
h1,h13,98.707,0
h1,h14,91.743,0
h1,h15,106.045,0
h1,h16,96.850,0
h1,h17,105.446,0
h1,h18,103.658,0
h1,h19,117.258,0
h1,h20,93.165,0
h1,h21,91.524,0
h1,h22,97.236,0
h1,h23,99.655,0
h1,h24,94.884,0
h1,h25,96.143,0
h1,h26,96.851,0
h1,h27,94.422,0
h1,h28,99.173,0
h1,h29,100.400,0
h1,h30,N/A,100
h1,h31,99.642,0
h1,h32,144.769,0
h1,h33,N/A,100
h1,h34,N/A,100
h1,h35,N/A,100
h1,h36,91.295,0
h1,h37,N/A,100
h1,h38,N/A,100
h1,h39,93.912,0
h1,h2,104.134,0
h1,h3,115.413,0
h1,h4,125.953,0
h1,h5,110.364,0
h1,h6,122.271,0
h1,h7,N/A,100
h1,h8,94.148,0
h1,h9,114.083,0
h1,h10,112.877,0
h1,h11,N/A,100
h1,h12,107.610,0
h1,h13,117.412,0
h1,h14,124.582,0
h1,h15,98.149,0
h1,h16,100.955,0
h1,h17,99.457,0
h1,h18,99.589,0
h1,h19,106.506,0
h1,h20,142.858,0
h1,h21,113.033,0
h1,h22,106.621,0
h1,h23,100.742,0
h1,h24,111.005,0
h1,h25,112.480,0
h1,h26,107.499,0
h1,h27,96.605,0
h1,h28,117.433,0
h1,h29,115.864,0
h1,h30,N/A,100
h1,h31,105.222,0
h1,h32,145.062,0
h1,h33,N/A,100
h1,h34,N/A,100
h1,h35,N/A,100
h1,h36,103.586,0
h1,h37,N/A,100
h1,h38,N/A,100
h1,h39,95.199,0
h1,h2,101.875,0
h1,h3,94.988,0
h1,h4,97.007,0
h1,h5,102.729,0
h1,h6,103.200,0
h1,h7,N/A,100
h1,h8,114.380,0
h1,h9,115.260,0
h1,h10,109.351,0
h1,h11,N/A,100
h1,h12,103.328,0
h1,h13,101.800,0
h1,h14,100.468,0
h1,h15,102.602,0
h1,h16,102.659,0
h1,h17,109.215,0
h1,h18,109.428,0
h1,h19,103.573,0
h1,h20,104.543,0
h1,h21,105.419,0
h1,h22,102.446,0
h1,h23,97.181,0
h1,h24,104.684,0
h1,h25,106.413,0
h1,h26,103.070,0
h1,h27,103.009,0
h1,h28,93.805,0
h1,h29,99.210,0
h1,h30,N/A,100
h1,h31,107.599,0
h1,h32,198.836,0
h1,h33,N/A,100
h1,h34,N/A,100
h1,h35,N/A,100
h1,h36,93.815,0
h1,h37,N/A,100
h1,h38,N/A,100
h1,h39,97.788,0
h1,h2,102.540,0
h1,h3,102.923,0
h1,h4,107.350,0
h1,h5,108.068,0
h1,h6,121.017,0
h1,h7,N/A,100
h1,h8,101.302,0
h1,h9,112.405,0
h1,h10,105.131,0
h1,h11,N/A,100
h1,h12,105.881,0
h1,h13,100.706,0
h1,h14,102.806,0
h1,h15,99.606,0
h1,h16,105.938,0
h1,h17,95.526,0
h1,h18,104.264,0
h1,h19,100.895,0
h1,h20,110.367,0
h1,h21,95.964,0
h1,h22,116.544,0
h1,h23,106.573,0
h1,h24,114.406,0
h1,h25,101.762,0
h1,h26,97.589,0
h1,h27,110.696,0
h1,h28,94.744,0
h1,h29,109.842,0
h1,h30,N/A,100
h1,h31,110.439,0
h1,h32,162.036,0
h1,h33,N/A,100
h1,h34,N/A,100
h1,h35,N/A,100
h1,h36,102.032,0
h1,h37,N/A,100
h1,h38,N/A,100
h1,h39,108.623,0
h1,h2,91.783,0
h1,h3,99.186,0
h1,h4,94.806,0
h1,h5,100.920,0
h1,h6,103.476,0
h1,h7,N/A,100
h1,h8,102.151,0
h1,h9,104.440,0
h1,h10,101.113,0
h1,h11,N/A,100
h1,h12,95.154,0
h1,h13,90.612,0
h1,h14,107.546,0
h1,h15,102.371,0
h1,h16,90.719,0
h1,h17,92.675,0
h1,h18,91.484,0
h1,h19,91.830,0
h1,h20,93.128,0
h1,h21,96.936,0
h1,h22,91.897,0
h1,h23,95.126,0
h1,h24,97.060,0
h1,h25,93.118,0
h1,h26,111.161,0
h1,h27,93.533,0
h1,h28,98.121,0
h1,h29,97.803,0
h1,h30,N/A,100
h1,h31,100.807,0
h1,h32,154.980,0
h1,h33,N/A,100
h1,h34,N/A,100
h1,h35,N/A,100
h1,h36,99.370,0
h1,h37,N/A,100
h1,h38,N/A,100
h1,h39,101.179,0
h1,h2,92.608,0
h1,h3,96.674,0
h1,h4,98.736,0
h1,h5,100.172,0
h1,h6,137.925,0
h1,h7,N/A,100
h1,h8,116.350,0
h1,h9,103.978,0
h1,h10,106.751,0
h1,h11,N/A,100
h1,h12,106.022,0
h1,h13,110.330,0
h1,h14,109.338,0
h1,h15,104.912,0
h1,h16,103.303,0
h1,h17,108.871,0
h1,h18,114.669,0
h1,h19,106.160,0
h1,h20,124.542,0
h1,h21,110.964,0
h1,h22,109.017,0
h1,h23,102.595,0
h1,h24,110.799,0
h1,h25,115.025,0
h1,h26,100.967,0
h1,h27,106.701,0
h1,h28,115.965,0
h1,h29,96.012,0
h1,h30,N/A,100
h1,h31,100.789,0
h1,h32,N/A,100
h1,h33,N/A,100
h1,h34,N/A,100
h1,h35,N/A,100
h1,h36,112.458,0
h1,h37,N/A,100
h1,h38,N/A,100
h1,h39,126.081,0
h1,h2,107.915,0
h1,h3,101.936,0
h1,h4,103.058,0
h1,h5,102.040,0
h1,h6,107.310,0
h1,h7,N/A,100
h1,h8,119.576,0
h1,h9,98.185,0
h1,h10,96.223,0
h1,h11,N/A,100
h1,h12,99.725,0
h1,h13,97.954,0
h1,h14,109.170,0
h1,h15,99.946,0
h1,h16,97.913,0
h1,h17,106.705,0
h1,h18,105.187,0
h1,h19,117.504,0
h1,h20,100.812,0
h1,h21,109.038,0
h1,h22,95.429,0
h1,h23,101.809,0
h1,h24,116.164,0
h1,h25,108.129,0
h1,h26,94.351,0
h1,h27,96.226,0
h1,h28,103.902,0
h1,h29,102.563,0
h1,h30,N/A,100
h1,h31,110.175,0
h1,h32,N/A,100
h1,h33,N/A,100
h1,h34,N/A,100
h1,h35,N/A,100
h1,h36,102.852,0
h1,h37,N/A,100
h1,h38,N/A,100
h1,h39,94.859,0
h1,h2,95.831,0
h1,h3,112.211,0
h1,h4,108.646,0
h1,h5,98.119,0
h1,h6,119.899,0
h1,h7,N/A,100
h1,h8,111.194,0
h1,h9,120.212,0
h1,h10,114.221,0
h1,h11,N/A,100
h1,h12,100.760,0
h1,h13,134.705,0
h1,h14,105.157,0
h1,h15,105.574,0
h1,h16,92.606,0
h1,h17,110.074,0
h1,h18,114.998,0
h1,h19,91.470,0
h1,h20,119.970,0
h1,h21,123.085,0
h1,h22,101.334,0
h1,h23,97.356,0
h1,h24,101.430,0
h1,h25,128.398,0
h1,h26,117.932,0
h1,h27,106.601,0
h1,h28,103.037,0
h1,h29,116.906,0
h1,h30,N/A,100
h1,h31,109.877,0
h1,h32,N/A,100
h1,h33,N/A,100
h1,h34,N/A,100
h1,h35,N/A,100
h1,h36,93.521,0
h1,h37,N/A,100
h1,h38,N/A,100
h1,h39,107.651,0
h1,h2,98.354,0
h1,h3,101.059,0
h1,h4,101.906,0
h1,h5,101.349,0
h1,h6,96.119,0
h1,h7,N/A,100
h1,h8,100.336,0
h1,h9,101.774,0
h1,h10,110.394,0
h1,h11,N/A,100
h1,h12,104.318,0
h1,h13,102.730,0
h1,h14,109.091,0
h1,h15,109.634,0
h1,h16,103.994,0
h1,h17,99.948,0
h1,h18,102.240,0
h1,h19,102.425,0
h1,h20,103.689,0
h1,h21,101.562,0
h1,h22,92.530,0
h1,h23,108.654,0
h1,h24,103.431,0
h1,h25,99.028,0
h1,h26,101.542,0
h1,h27,102.336,0
h1,h28,97.077,0
h1,h29,105.382,0
h1,h30,N/A,100
h1,h31,105.470,0
h1,h32,N/A,100
h1,h33,N/A,100
h1,h34,N/A,100
h1,h35,N/A,100
h1,h36,108.689,0
h1,h37,N/A,100
h1,h38,N/A,100
h1,h39,95.562,0
h1,h2,103.588,0
h1,h3,115.036,0
h1,h4,124.351,0
h1,h5,114.839,0
h1,h6,106.519,0
h1,h7,175.454,0
h1,h8,118.180,0
h1,h9,95.636,0
h1,h10,118.631,0
h1,h11,N/A,100
h1,h12,115.844,0
h1,h13,107.289,0
h1,h14,107.525,0
h1,h15,110.100,0
h1,h16,103.495,0
h1,h17,112.744,0
h1,h18,112.994,0
h1,h19,108.616,0
h1,h20,118.988,0
h1,h21,99.575,0
h1,h22,110.850,0
h1,h23,106.716,0
h1,h24,111.397,0
h1,h25,104.237,0
h1,h26,109.968,0
h1,h27,118.032,0
h1,h28,118.572,0
h1,h29,114.758,0
h1,h30,N/A,100
h1,h31,130.149,0
h1,h32,N/A,100
h1,h33,N/A,100
h1,h34,N/A,100
h1,h35,N/A,100
h1,h36,100.871,0
h1,h37,N/A,100
h1,h38,N/A,100
h1,h39,109.955,0
h1,h2,107.384,0
h1,h3,107.700,0
h1,h4,109.743,0
h1,h5,101.347,0
h1,h6,102.340,0
h1,h7,165.502,0
h1,h8,99.358,0
h1,h9,103.860,0
h1,h10,118.347,0
h1,h11,N/A,100
h1,h12,99.812,0
h1,h13,121.489,0
h1,h14,100.689,0
h1,h15,106.582,0
h1,h16,100.363,0
h1,h17,103.990,0
h1,h18,104.004,0
h1,h19,113.171,0
h1,h20,102.245,0
h1,h21,102.953,0
h1,h22,104.327,0
h1,h23,107.356,0
h1,h24,106.213,0
h1,h25,105.386,0
h1,h26,109.714,0
h1,h27,116.020,0
h1,h28,104.998,0
h1,h29,103.918,0
h1,h30,N/A,100
h1,h31,105.826,0
h1,h32,N/A,100
h1,h33,N/A,100
h1,h34,N/A,100
h1,h35,N/A,100
h1,h36,96.436,0
h1,h37,N/A,100
h1,h38,N/A,100
h1,h39,98.887,0
h1,h2,92.289,0
h1,h3,94.181,0
h1,h4,92.607,0
h1,h5,93.065,0
h1,h6,97.533,0
h1,h7,155.474,0
h1,h8,93.529,0
h1,h9,137.350,0
h1,h10,124.772,0
h1,h11,N/A,100
h1,h12,120.972,0
h1,h13,99.604,0
h1,h14,96.309,0
h1,h15,104.047,0
h1,h16,115.195,0
h1,h17,124.569,0
h1,h18,93.457,0
h1,h19,102.657,0
h1,h20,101.877,0
h1,h21,102.176,0
h1,h22,119.874,0
h1,h23,113.915,0
h1,h24,104.027,0
h1,h25,106.606,0
h1,h26,106.122,0
h1,h27,109.085,0
h1,h28,97.459,0
h1,h29,94.073,0
h1,h30,N/A,100
h1,h31,172.527,0
h1,h32,N/A,100
h1,h33,N/A,100
h1,h34,N/A,100
h1,h35,N/A,100
h1,h36,96.262,0
h1,h37,N/A,100
h1,h38,N/A,100
h1,h39,100.310,0
h1,h2,100.865,0
h1,h3,107.910,0
h1,h4,102.151,0
h1,h5,98.207,0
h1,h6,111.108,0
h1,h7,230.663,0
h1,h8,106.803,0
h1,h9,101.853,0
h1,h10,108.748,0
h1,h11,N/A,100
h1,h12,104.161,0
h1,h13,106.821,0
h1,h14,100.825,0
h1,h15,103.605,0
h1,h16,97.943,0
h1,h17,111.039,0
h1,h18,98.577,0
h1,h19,101.913,0
h1,h20,95.173,0
h1,h21,93.788,0
h1,h22,103.831,0
h1,h23,105.919,0
h1,h24,123.677,0
h1,h25,107.100,0
h1,h26,90.738,0
h1,h27,110.452,0
h1,h28,105.423,0
h1,h29,111.999,0
h1,h30,N/A,100
h1,h31,97.439,0
h1,h32,149.212,0
h1,h33,N/A,100
h1,h34,N/A,100
h1,h35,N/A,100
h1,h36,104.957,0
h1,h37,N/A,100
h1,h38,N/A,100
h1,h39,106.914,0
h1,h2,93.502,0
h1,h3,92.839,0
h1,h4,106.312,0
h1,h5,104.278,0
h1,h6,104.162,0
h1,h7,N/A,100
h1,h8,91.383,0
h1,h9,99.670,0
h1,h10,92.740,0
h1,h11,N/A,100
h1,h12,119.054,0
h1,h13,139.895,0
h1,h14,106.829,0
h1,h15,109.002,0
h1,h16,99.941,0
h1,h17,122.547,0
h1,h18,100.478,0
h1,h19,114.595,0
h1,h20,119.385,0
h1,h21,108.876,0
h1,h22,107.836,0
h1,h23,104.559,0
h1,h24,107.263,0
h1,h25,118.664,0
h1,h26,186.805,0
h1,h27,112.915,0
h1,h28,108.920,0
h1,h29,106.602,0
h1,h30,N/A,100
h1,h31,101.183,0
h1,h32,157.294,0
h1,h33,N/A,100
h1,h34,N/A,100
h1,h35,N/A,100
h1,h36,94.742,0
h1,h37,N/A,100
h1,h38,N/A,100
h1,h39,101.950,0
h1,h2,126.174,0
h1,h3,99.986,0
h1,h4,104.819,0
h1,h5,104.492,0
h1,h6,93.578,0
h1,h7,N/A,100
h1,h8,102.582,0
h1,h9,97.917,0
h1,h10,94.738,0
h1,h11,N/A,100
h1,h12,97.076,0
h1,h13,96.432,0
h1,h14,100.301,0
h1,h15,105.456,0
h1,h16,100.647,0
h1,h17,99.621,0
h1,h18,98.040,0
h1,h19,111.104,0
h1,h20,98.780,0
h1,h21,103.189,0
h1,h22,102.219,0
h1,h23,94.534,0
h1,h24,103.727,0
h1,h25,109.172,0
h1,h26,105.254,0
h1,h27,96.225,0
h1,h28,93.282,0
h1,h29,99.145,0
h1,h30,N/A,100
h1,h31,100.172,0
h1,h32,145.634,0
h1,h33,N/A,100
h1,h34,N/A,100
h1,h35,N/A,100
h1,h36,102.935,0
h1,h37,N/A,100
h1,h38,N/A,100
h1,h39,95.635,0
h1,h2,96.845,0
h1,h3,105.933,0
h1,h4,95.256,0
h1,h5,100.649,0
h1,h6,98.529,0
h1,h7,N/A,100
h1,h8,97.766,0
h1,h9,101.741,0
h1,h10,94.778,0
h1,h11,N/A,100
h1,h12,97.719,0
h1,h13,95.129,0
h1,h14,101.522,0
h1,h15,103.492,0
h1,h16,98.180,0
h1,h17,106.036,0
h1,h18,103.274,0
h1,h19,99.314,0
h1,h20,92.374,0
h1,h21,97.383,0
h1,h22,98.996,0
h1,h23,96.239,0
h1,h24,96.132,0
h1,h25,101.810,0
h1,h26,144.639,0
h1,h27,113.206,0
h1,h28,115.170,0
h1,h29,98.145,0
h1,h30,N/A,100
h1,h31,112.000,0
h1,h32,219.945,0
h1,h33,N/A,100
h1,h34,N/A,100
h1,h35,N/A,100
h1,h36,118.609,0
h1,h37,N/A,100
h1,h38,N/A,100
h1,h39,118.234,0
h1,h2,120.683,0
h1,h3,134.356,0
h1,h4,103.629,0
h1,h5,101.980,0
h1,h6,108.959,0
h1,h7,N/A,100
h1,h8,111.974,0
h1,h9,101.153,0
h1,h10,106.280,0
h1,h11,N/A,100
h1,h12,105.002,0
h1,h13,96.859,0
h1,h14,107.526,0
h1,h15,105.181,0
h1,h16,101.672,0
h1,h17,97.192,0
h1,h18,97.503,0
h1,h19,101.540,0
h1,h20,103.299,0
h1,h21,100.376,0
h1,h22,106.233,0
h1,h23,103.035,0
h1,h24,97.158,0
h1,h25,100.405,0
h1,h26,101.877,0
h1,h27,102.637,0
h1,h28,92.474,0
h1,h29,103.025,0
h1,h30,N/A,100
h1,h31,91.560,0
h1,h32,139.724,0
h1,h33,N/A,100
h1,h34,N/A,100
h1,h35,N/A,100
h1,h36,102.431,0
h1,h37,N/A,100
h1,h38,N/A,100
h1,h39,105.188,0
h1,h2,106.605,0
h1,h3,101.980,0
h1,h4,103.022,0
h1,h5,102.071,0
h1,h6,106.375,0
h1,h7,N/A,100
h1,h8,103.371,0
h1,h9,99.919,0
h1,h10,101.220,0
h1,h11,N/A,100
h1,h12,116.763,0
h1,h13,101.017,0
h1,h14,103.096,0
h1,h15,96.185,0
h1,h16,97.337,0
h1,h17,99.537,0
h1,h18,97.303,0
h1,h19,99.931,0
h1,h20,99.658,0
h1,h21,100.298,0
h1,h22,101.718,0
h1,h23,95.092,0
h1,h24,94.219,0
h1,h25,98.070,0
h1,h26,96.642,0
h1,h27,102.458,0
h1,h28,96.370,0
h1,h29,99.904,0
h1,h30,N/A,100
h1,h31,94.056,0
h1,h32,N/A,100
h1,h33,N/A,100
h1,h34,N/A,100
h1,h35,N/A,100
h1,h36,115.262,0
h1,h37,N/A,100
h1,h38,N/A,100
h1,h39,159.335,0
h1,h2,108.603,0
h1,h3,107.813,0
h1,h4,99.367,0
h1,h5,108.529,0
h1,h6,101.429,0
h1,h7,N/A,100
h1,h8,107.805,0
h1,h9,114.025,0
h1,h10,121.849,0
h1,h11,N/A,100
h1,h12,104.734,0
h1,h13,105.599,0
h1,h14,102.911,0
h1,h15,111.255,0
h1,h16,111.431,0
h1,h17,120.118,0
h1,h18,106.601,0
h1,h19,107.789,0
h1,h20,102.674,0
h1,h21,109.663,0
h1,h22,114.954,0
h1,h23,122.995,0
h1,h24,117.306,0
h1,h25,109.073,0
h1,h26,109.918,0
h1,h27,105.020,0
h1,h28,163.491,0
h1,h29,109.880,0
h1,h30,N/A,100
h1,h31,119.516,0
h1,h32,N/A,100
h1,h33,N/A,100
h1,h34,N/A,100
h1,h35,N/A,100
h1,h36,112.128,0
h1,h37,N/A,100
h1,h38,N/A,100
h1,h39,95.979,0
h1,h2,96.070,0
h1,h3,99.401,0
h1,h4,105.256,0
h1,h5,97.640,0
h1,h6,95.483,0
h1,h7,172.809,0
h1,h8,96.695,0
h1,h9,99.496,0
h1,h10,99.998,0
h1,h11,N/A,100
h1,h12,96.527,0
h1,h13,105.629,0
h1,h14,99.190,0
h1,h15,94.708,0
h1,h16,97.749,0
h1,h17,107.520,0
h1,h18,104.263,0
h1,h19,100.822,0
h1,h20,101.910,0
h1,h21,96.540,0
h1,h22,96.594,0
h1,h23,97.715,0
h1,h24,113.481,0
h1,h25,114.769,0
h1,h26,100.093,0
h1,h27,92.616,0
h1,h28,90.857,0
h1,h29,89.913,0
h1,h30,N/A,100
h1,h31,95.634,0
h1,h32,N/A,100
h1,h33,N/A,100
h1,h34,N/A,100
h1,h35,N/A,100
h1,h36,95.913,0
h1,h37,N/A,100
h1,h38,N/A,100
h1,h39,115.999,0
h1,h2,102.903,0
h1,h3,105.168,0
h1,h4,95.392,0
h1,h5,101.303,0
h1,h6,103.373,0
h1,h7,179.370,0
h1,h8,117.365,0
h1,h9,100.026,0
h1,h10,102.191,0
h1,h11,N/A,100
h1,h12,103.912,0
h1,h13,118.744,0
h1,h14,107.879,0
h1,h15,107.543,0
h1,h16,97.749,0
h1,h17,109.219,0
h1,h18,113.043,0
h1,h19,109.974,0
h1,h20,112.933,0
h1,h21,112.333,0
h1,h22,103.075,0
h1,h23,137.616,0
h1,h24,97.670,0
h1,h25,112.394,0
h1,h26,108.113,0
h1,h27,114.648,0
h1,h28,116.592,0
h1,h29,97.552,0
h1,h30,N/A,100
h1,h31,99.608,0
h1,h32,N/A,100
h1,h33,N/A,100
h1,h34,N/A,100
h1,h35,N/A,100
h1,h36,101.605,0
h1,h37,N/A,100
h1,h38,N/A,100
h1,h39,100.210,0
h1,h2,100.806,0
h1,h3,98.742,0
h1,h4,101.856,0
h1,h5,103.706,0
h1,h6,99.471,0
h1,h7,159.444,0
h1,h8,101.344,0
h1,h9,100.456,0
h1,h10,102.866,0
h1,h11,N/A,100
h1,h12,110.593,0
h1,h13,103.748,0
h1,h14,100.694,0
h1,h15,124.750,0
h1,h16,99.119,0
h1,h17,108.285,0
h1,h18,92.862,0
h1,h19,106.100,0
h1,h20,93.412,0
h1,h21,103.727,0
h1,h22,98.293,0
h1,h23,102.248,0
h1,h24,100.724,0
h1,h25,111.919,0
h1,h26,105.135,0
h1,h27,108.862,0
h1,h28,93.243,0
h1,h29,105.015,0
h1,h30,N/A,100
h1,h31,93.260,0
h1,h32,N/A,100
h1,h33,N/A,100
h1,h34,N/A,100
h1,h35,N/A,100
h1,h36,96.494,0
h1,h37,N/A,100
h1,h38,N/A,100
h1,h39,96.098,0
h1,h2,118.566,0
h1,h3,124.779,0
h1,h4,113.211,0
h1,h5,107.353,0
h1,h6,110.217,0
h1,h7,184.282,0
h1,h8,107.028,0
h1,h9,108.039,0
h1,h10,101.855,0
h1,h11,N/A,100
h1,h12,108.574,0
h1,h13,118.093,0
h1,h14,104.464,0
h1,h15,107.158,0
h1,h16,114.341,0
h1,h17,109.690,0
h1,h18,108.554,0
h1,h19,113.649,0
h1,h20,115.111,0
h1,h21,109.871,0
h1,h22,113.981,0
h1,h23,106.200,0
h1,h24,103.224,0
h1,h25,115.667,0
h1,h26,108.655,0
h1,h27,102.213,0
h1,h28,108.043,0
h1,h29,99.809,0
h1,h30,N/A,100
h1,h31,121.977,0
h1,h32,N/A,100
h1,h33,N/A,100
h1,h34,N/A,100
h1,h35,N/A,100
h1,h36,105.932,0
h1,h37,N/A,100
h1,h38,N/A,100
h1,h39,105.014,0
h1,h2,106.414,0
h1,h3,99.518,0
h1,h4,106.020,0
h1,h5,109.837,0
h1,h6,111.838,0
h1,h7,165.904,0
h1,h8,95.613,0
h1,h9,91.544,0
h1,h10,102.311,0
h1,h11,N/A,100
h1,h12,102.919,0
h1,h13,111.438,0
h1,h14,123.109,0
h1,h15,103.574,0
h1,h16,106.858,0
h1,h17,108.480,0
h1,h18,107.811,0
h1,h19,101.753,0
h1,h20,109.010,0
h1,h21,102.053,0
h1,h22,106.474,0
h1,h23,107.947,0
h1,h24,113.737,0
h1,h25,98.352,0
h1,h26,98.177,0
h1,h27,95.717,0
h1,h28,98.466,0
h1,h29,91.978,0
h1,h30,N/A,100
h1,h31,98.227,0
h1,h32,N/A,100
h1,h33,N/A,100
h1,h34,N/A,100
h1,h35,N/A,100
h1,h36,96.597,0
h1,h37,N/A,100
h1,h38,N/A,100
h1,h39,96.800,0
h1,h2,99.173,0
h1,h3,114.222,0
h1,h4,106.282,0
h1,h5,108.949,0
h1,h6,95.767,0
h1,h7,N/A,100
h1,h8,109.873,0
h1,h9,110.433,0
h1,h10,126.214,0
h1,h11,N/A,100
h1,h12,98.105,0
h1,h13,116.485,0
h1,h14,98.181,0
h1,h15,106.519,0
h1,h16,107.033,0
h1,h17,100.326,0
h1,h18,98.058,0
h1,h19,115.164,0
h1,h20,102.023,0
h1,h21,109.676,0
h1,h22,116.065,0
h1,h23,103.896,0
h1,h24,134.962,0
h1,h25,103.523,0
h1,h26,102.169,0
h1,h27,111.355,0
h1,h28,103.429,0
h1,h29,105.931,0
h1,h30,N/A,100
h1,h31,108.328,0
h1,h32,120.375,0
h1,h33,N/A,100
h1,h34,N/A,100
h1,h35,N/A,100
h1,h36,113.162,0
h1,h37,N/A,100
h1,h38,N/A,100
h1,h39,100.887,0
h1,h2,96.646,0
h1,h3,101.654,0
h1,h4,97.483,0
h1,h5,103.288,0
h1,h6,99.264,0
h1,h7,N/A,100
h1,h8,92.657,0
h1,h9,95.084,0
h1,h10,103.797,0
h1,h11,N/A,100
h1,h12,107.742,0
h1,h13,99.663,0
h1,h14,97.273,0
h1,h15,96.179,0
h1,h16,93.292,0
h1,h17,106.002,0
h1,h18,99.533,0
h1,h19,103.540,0
h1,h20,90.393,0
h1,h21,99.062,0
h1,h22,103.501,0
h1,h23,109.971,0
h1,h24,99.192,0
h1,h25,103.796,0
h1,h26,91.368,0
h1,h27,100.230,0
h1,h28,92.990,0
h1,h29,101.206,0
h1,h30,N/A,100
h1,h31,100.078,0
h1,h32,96.840,0
h1,h33,N/A,100
h1,h34,N/A,100
h1,h35,N/A,100
h1,h36,101.411,0
h1,h37,N/A,100
h1,h38,N/A,100
h1,h39,104.802,0
h1,h2,107.668,0
h1,h3,104.718,0
h1,h4,116.827,0
h1,h5,108.330,0
h1,h6,114.768,0
h1,h7,N/A,100
h1,h8,103.637,0
h1,h9,115.022,0
h1,h10,98.062,0
h1,h11,N/A,100
h1,h12,106.257,0
h1,h13,111.997,0
h1,h14,109.887,0
h1,h15,102.971,0
h1,h16,105.769,0
h1,h17,115.774,0
h1,h18,108.012,0
h1,h19,118.366,0
h1,h20,108.301,0
h1,h21,105.044,0
h1,h22,112.411,0
h1,h23,103.708,0
h1,h24,108.102,0
h1,h25,120.284,0
h1,h26,111.593,0
h1,h27,103.384,0
h1,h28,97.993,0
h1,h29,107.517,0
h1,h30,N/A,100
h1,h31,105.618,0
h1,h32,111.169,0
h1,h33,N/A,100
h1,h34,N/A,100
h1,h35,N/A,100
h1,h36,114.130,0
h1,h37,N/A,100
h1,h38,N/A,100
h1,h39,105.396,0
h1,h2,105.913,0
h1,h3,100.162,0
h1,h4,102.549,0
h1,h5,102.310,0
h1,h6,102.325,0
h1,h7,N/A,100
h1,h8,100.175,0
h1,h9,98.649,0
h1,h10,96.021,0
h1,h11,N/A,100
h1,h12,104.923,0
h1,h13,98.663,0
h1,h14,95.754,0
h1,h15,99.429,0
h1,h16,107.616,0
h1,h17,99.820,0
h1,h18,104.518,0
h1,h19,107.365,0
h1,h20,101.335,0
h1,h21,103.381,0
h1,h22,97.713,0
h1,h23,95.363,0
h1,h24,102.784,0
h1,h25,107.944,0
h1,h26,102.394,0
h1,h27,109.361,0
h1,h28,101.198,0
h1,h29,98.669,0
h1,h30,N/A,100
h1,h31,99.387,0
h1,h32,101.174,0
h1,h33,N/A,100
h1,h34,N/A,100
h1,h35,N/A,100
h1,h36,101.666,0
h1,h37,N/A,100
h1,h38,N/A,100
h1,h39,104.117,0
h1,h2,103.418,0
h1,h3,104.874,0
h1,h4,110.146,0
h1,h5,97.177,0
h1,h6,98.459,0
h1,h7,N/A,100
h1,h8,103.106,0
h1,h9,98.062,0
h1,h10,101.084,0
h1,h11,N/A,100
h1,h12,152.610,0
h1,h13,128.193,0
h1,h14,124.408,0
h1,h15,124.783,0
h1,h16,125.218,0
h1,h17,119.490,0
h1,h18,112.810,0
h1,h19,109.907,0
h1,h20,116.051,0
h1,h21,121.525,0
h1,h22,116.883,0
h1,h23,106.046,0
h1,h24,112.345,0
h1,h25,110.832,0
h1,h26,115.757,0
h1,h27,103.267,0
h1,h28,104.125,0
h1,h29,108.570,0
h1,h30,N/A,100
h1,h31,111.353,0
h1,h32,N/A,100
h1,h33,N/A,100
h1,h34,N/A,100
h1,h35,N/A,100
h1,h36,104.378,0
h1,h37,N/A,100
h1,h38,N/A,100
h1,h39,114.886,0
h1,h2,117.594,0
h1,h3,104.986,0
h1,h4,105.453,0
h1,h5,108.015,0
h1,h6,99.757,0
h1,h7,N/A,100
h1,h8,98.466,0
h1,h9,102.105,0
h1,h10,96.389,0
h1,h11,N/A,100
h1,h12,102.825,0
h1,h13,106.920,0
h1,h14,109.167,0
h1,h15,100.784,0
h1,h16,95.571,0
h1,h17,101.901,0
h1,h18,99.499,0
h1,h19,105.522,0
h1,h20,110.847,0
h1,h21,101.410,0
h1,h22,103.782,0
h1,h23,105.628,0
h1,h24,100.045,0
h1,h25,105.208,0
h1,h26,92.814,0
h1,h27,94.883,0
h1,h28,100.048,0
h1,h29,94.515,0
h1,h30,N/A,100
h1,h31,109.619,0
h1,h32,N/A,100
h1,h33,N/A,100
h1,h34,N/A,100
h1,h35,N/A,100
h1,h36,101.342,0
h1,h37,N/A,100
h1,h38,N/A,100
h1,h39,100.604,0
h1,h2,95.479,0
h1,h3,95.653,0
h1,h4,104.976,0
h1,h5,103.437,0
h1,h6,94.389,0
h1,h7,N/A,100
h1,h8,103.065,0
h1,h9,114.444,0
h1,h10,99.060,0
h1,h11,N/A,100
h1,h12,100.046,0
h1,h13,101.288,0
h1,h14,100.849,0
h1,h15,102.663,0
h1,h16,98.756,0
h1,h17,100.291,0
h1,h18,97.629,0
h1,h19,94.433,0
h1,h20,105.713,0
h1,h21,95.395,0
h1,h22,97.959,0
h1,h23,96.011,0
h1,h24,98.910,0
h1,h25,96.309,0
h1,h26,98.946,0
h1,h27,95.458,0
h1,h28,101.256,0
h1,h29,93.976,0
h1,h30,N/A,100
h1,h31,91.608,0
h1,h32,N/A,100
h1,h33,N/A,100
h1,h34,N/A,100
h1,h35,N/A,100
h1,h36,101.947,0
h1,h37,N/A,100
h1,h38,N/A,100
h1,h39,101.329,0
h1,h2,118.878,0
h1,h3,124.028,0
h1,h4,109.209,0
h1,h5,111.227,0
h1,h6,113.852,0
h1,h7,110.102,0
h1,h8,109.672,0
h1,h9,105.758,0
h1,h10,103.050,0
h1,h11,113.351,0
h1,h12,111.497,0
h1,h13,109.752,0
h1,h14,99.055,0
h1,h15,112.526,0
h1,h16,105.263,0
h1,h17,111.790,0
h1,h18,101.576,0
h1,h19,101.241,0
h1,h20,101.825,0
h1,h21,101.287,0
h1,h22,110.366,0
h1,h23,108.299,0
h1,h24,98.634,0
h1,h25,101.834,0
h1,h26,105.927,0
h1,h27,98.167,0
h1,h28,105.358,0
h1,h29,101.874,0
h1,h30,101.179,0
h1,h31,99.736,0
h1,h32,97.375,0
h1,h33,100.217,0
h1,h34,102.888,0
h1,h35,104.619,0
h1,h36,114.066,0
h1,h37,109.932,0
h1,h38,104.487,0
h1,h39,107.603,0
h1,h2,106.801,0
h1,h3,101.531,0
h1,h4,103.189,0
h1,h5,104.543,0
h1,h6,100.003,0
h1,h7,102.683,0
h1,h8,109.269,0
h1,h9,99.788,0
h1,h10,101.844,0
h1,h11,104.082,0
h1,h12,99.378,0
h1,h13,102.855,0
h1,h14,101.137,0
h1,h15,104.058,0
h1,h16,100.533,0
h1,h17,100.756,0
h1,h18,101.900,0
h1,h19,102.851,0
h1,h20,101.934,0
h1,h21,99.102,0
h1,h22,134.348,0
h1,h23,100.743,0
h1,h24,101.020,0
h1,h25,104.070,0
h1,h26,104.640,0
h1,h27,105.796,0
h1,h28,100.853,0
h1,h29,94.992,0
h1,h30,100.778,0
h1,h31,94.458,0
h1,h32,96.152,0
h1,h33,118.913,0
h1,h34,115.389,0
h1,h35,119.148,0
h1,h36,117.076,0
h1,h37,117.178,0
h1,h38,104.780,0
h1,h39,113.161,0
h1,h2,105.402,0
h1,h3,117.627,0
h1,h4,110.966,0
h1,h5,118.515,0
h1,h6,106.808,0
h1,h7,111.385,0
h1,h8,107.045,0
h1,h9,113.870,0
h1,h10,98.627,0
h1,h11,113.938,0
h1,h12,122.286,0
h1,h13,118.317,0
h1,h14,113.099,0
h1,h15,115.460,0
h1,h16,106.012,0
h1,h17,114.358,0
h1,h18,107.867,0
h1,h19,107.931,0
h1,h20,105.257,0
h1,h21,96.892,0
h1,h22,115.339,0
h1,h23,110.162,0
h1,h24,107.830,0
h1,h25,102.349,0
h1,h26,105.865,0
h1,h27,114.500,0
h1,h28,112.671,0
h1,h29,114.166,0
h1,h30,109.743,0
h1,h31,109.387,0
h1,h32,101.828,0
h1,h33,110.902,0
h1,h34,118.047,0
h1,h35,105.298,0
h1,h36,105.308,0
h1,h37,95.328,0
h1,h38,104.530,0
h1,h39,110.846,0
h1,h2,100.992,0
h1,h3,93.352,0
h1,h4,104.054,0
h1,h5,109.200,0
h1,h6,105.486,0
h1,h7,102.825,0
h1,h8,110.391,0
h1,h9,104.247,0
h1,h10,92.260,0
h1,h11,94.314,0
h1,h12,105.181,0
h1,h13,107.360,0
h1,h14,102.309,0
h1,h15,108.365,0
h1,h16,93.066,0
h1,h17,105.672,0
h1,h18,105.366,0
h1,h19,102.980,0
h1,h20,98.614,0
h1,h21,93.494,0
h1,h22,94.984,0
h1,h23,110.289,0
h1,h24,108.622,0
h1,h25,104.146,0
h1,h26,107.245,0
h1,h27,100.020,0
h1,h28,113.869,0
h1,h29,103.954,0
h1,h30,107.691,0
h1,h31,100.538,0
h1,h32,98.237,0
h1,h33,99.838,0
h1,h34,105.833,0
h1,h35,97.831,0
h1,h36,101.666,0
h1,h37,97.406,0
h1,h38,110.802,0
h1,h39,105.284,0
h1,h2,95.533,0
h1,h3,97.851,0
h1,h4,99.623,0
h1,h5,95.346,0
h1,h6,97.473,0
h1,h7,99.120,0
h1,h8,91.992,0
h1,h9,94.630,0
h1,h10,97.073,0
h1,h11,93.298,0
h1,h12,94.611,0
h1,h13,93.267,0
h1,h14,91.689,0
h1,h15,93.290,0
h1,h16,91.945,0
h1,h17,93.010,0
h1,h18,96.446,0
h1,h19,98.491,0
h1,h20,97.632,0
h1,h21,99.454,0
h1,h22,99.388,0
h1,h23,95.791,0
h1,h24,101.619,0
h1,h25,113.825,0
h1,h26,101.359,0
h1,h27,117.865,0
h1,h28,95.590,0
h1,h29,119.511,0
h1,h30,100.947,0
h1,h31,93.809,0
h1,h32,105.051,0
h1,h33,101.282,0
h1,h34,105.978,0
h1,h35,118.694,0
h1,h36,111.666,0
h1,h37,97.170,0
h1,h38,95.575,0
h1,h39,98.348,0
h1,h2,106.869,0
h1,h3,104.220,0
h1,h4,105.410,0
h1,h5,110.113,0
h1,h6,109.467,0
h1,h7,130.194,0
h1,h8,112.681,0
h1,h9,102.307,0
h1,h10,104.856,0
h1,h11,107.051,0
h1,h12,112.883,0
h1,h13,100.369,0
h1,h14,106.203,0
h1,h15,106.750,0
h1,h16,110.443,0
h1,h17,95.519,0
h1,h18,98.273,0
h1,h19,106.358,0
h1,h20,100.449,0
h1,h21,106.390,0
h1,h22,102.536,0
h1,h23,114.680,0
h1,h24,118.372,0
h1,h25,108.003,0
h1,h26,107.026,0
h1,h27,91.714,0
h1,h28,95.039,0
h1,h29,97.583,0
h1,h30,94.015,0
h1,h31,100.581,0
h1,h32,95.833,0
h1,h33,99.888,0
h1,h34,103.630,0
h1,h35,114.233,0
h1,h36,107.304,0
h1,h37,96.912,0
h1,h38,112.458,0
h1,h39,97.157,0
h1,h2,102.722,0
h1,h3,111.383,0
h1,h4,118.877,0
h1,h5,112.894,0
h1,h6,99.086,0
h1,h7,104.488,0
h1,h8,100.461,0
h1,h9,103.870,0
h1,h10,97.361,0
h1,h11,104.512,0
h1,h12,97.649,0
h1,h13,91.494,0
h1,h14,101.303,0
h1,h15,100.703,0
h1,h16,99.232,0
h1,h17,106.566,0
h1,h18,97.900,0
h1,h19,102.264,0
h1,h20,96.070,0
h1,h21,107.021,0
h1,h22,105.227,0
h1,h23,101.981,0
h1,h24,98.514,0
h1,h25,97.047,0
h1,h26,100.269,0
h1,h27,96.927,0
h1,h28,98.126,0
h1,h29,93.187,0
h1,h30,102.090,0
h1,h31,103.736,0
h1,h32,108.113,0
h1,h33,99.604,0
h1,h34,94.192,0
h1,h35,100.411,0
h1,h36,99.894,0
h1,h37,111.303,0
h1,h38,101.340,0
h1,h39,107.502,0
h1,h2,109.230,0
h1,h3,102.001,0
h1,h4,101.710,0
h1,h5,96.685,0
h1,h6,98.652,0
h1,h7,102.686,0
h1,h8,95.959,0
h1,h9,102.144,0
h1,h10,102.874,0
h1,h11,96.981,0
h1,h12,101.215,0
h1,h13,100.959,0
h1,h14,95.271,0
h1,h15,100.504,0
h1,h16,96.501,0
h1,h17,100.372,0
h1,h18,94.185,0
h1,h19,101.738,0
h1,h20,100.610,0
h1,h21,93.676,0
h1,h22,102.492,0
h1,h23,97.585,0
h1,h24,101.223,0
h1,h25,99.864,0
h1,h26,101.320,0
h1,h27,104.136,0
h1,h28,109.087,0
h1,h29,160.558,0
h1,h30,116.209,0
h1,h31,99.366,0
h1,h32,108.259,0
h1,h33,92.601,0
h1,h34,121.336,0
h1,h35,122.941,0
h1,h36,113.102,0
h1,h37,105.848,0
h1,h38,107.892,0
h1,h39,107.911,0
h1,h2,96.770,0
h1,h3,105.167,0
h1,h4,101.367,0
h1,h5,105.806,0
h1,h6,97.357,0
h1,h7,111.739,0
h1,h8,107.932,0
h1,h9,101.320,0
h1,h10,110.564,0
h1,h11,110.531,0
h1,h12,99.339,0
h1,h13,119.610,0
h1,h14,105.405,0
h1,h15,106.926,0
h1,h16,106.769,0
h1,h17,110.792,0
h1,h18,106.005,0
h1,h19,104.768,0
h1,h20,116.004,0
h1,h21,116.312,0
h1,h22,122.079,0
h1,h23,96.195,0
h1,h24,112.690,0
h1,h25,97.923,0
h1,h26,112.062,0
h1,h27,183.703,0
h1,h28,113.089,0
h1,h29,109.807,0
h1,h30,105.624,0
h1,h31,106.152,0
h1,h32,115.407,0
h1,h33,103.192,0
h1,h34,105.495,0
h1,h35,110.591,0
h1,h36,101.123,0
h1,h37,104.266,0
h1,h38,104.351,0
h1,h39,105.942,0
h1,h2,111.493,0
h1,h3,106.340,0
h1,h4,111.744,0
h1,h5,101.490,0
h1,h6,109.713,0
h1,h7,100.566,0
h1,h8,103.485,0
h1,h9,106.157,0
h1,h10,109.595,0
h1,h11,110.157,0
h1,h12,104.116,0
h1,h13,103.490,0
h1,h14,102.980,0
h1,h15,97.550,0
h1,h16,100.610,0
h1,h17,99.465,0
h1,h18,98.256,0
h1,h19,106.107,0
h1,h20,106.123,0
h1,h21,99.094,0
h1,h22,103.626,0
h1,h23,105.255,0
h1,h24,115.438,0
h1,h25,106.368,0
h1,h26,97.141,0
h1,h27,93.715,0
h1,h28,109.390,0
h1,h29,106.780,0
h1,h30,103.040,0
h1,h31,101.494,0
h1,h32,101.996,0
h1,h33,101.489,0
h1,h34,101.706,0
h1,h35,100.831,0
h1,h36,100.420,0
h1,h37,106.896,0
h1,h38,93.003,0
h1,h39,103.804,0
h1,h2,95.801,0
h1,h3,98.100,0
h1,h4,92.199,0
h1,h5,99.214,0
h1,h6,99.342,0
h1,h7,97.157,0
h1,h8,100.620,0
h1,h9,95.973,0
h1,h10,99.371,0
h1,h11,102.525,0
h1,h12,105.610,0
h1,h13,136.130,0
h1,h14,113.885,0
h1,h15,124.995,0
h1,h16,94.638,0
h1,h17,106.429,0
h1,h18,118.965,0
h1,h19,108.114,0
h1,h20,103.802,0
h1,h21,104.125,0
h1,h22,99.104,0
h1,h23,93.132,0
h1,h24,92.845,0
h1,h25,94.419,0
h1,h26,94.240,0
h1,h27,98.321,0
h1,h28,94.489,0
h1,h29,98.770,0
h1,h30,94.165,0
h1,h31,96.107,0
h1,h32,100.294,0
h1,h33,98.278,0
h1,h34,89.827,0
h1,h35,95.850,0
h1,h36,98.129,0
h1,h37,103.520,0
h1,h38,100.508,0
h1,h39,95.379,0
h1,h2,92.950,0
h1,h3,96.004,0
h1,h4,98.621,0
h1,h5,97.452,0
h1,h6,103.695,0
h1,h7,107.014,0
h1,h8,111.749,0
h1,h9,113.031,0
h1,h10,105.353,0
h1,h11,115.599,0
h1,h12,103.782,0
h1,h13,102.615,0
h1,h14,115.284,0
h1,h15,94.496,0
h1,h16,101.607,0
h1,h17,115.998,0
h1,h18,108.515,0
h1,h19,105.587,0
h1,h20,103.199,0
h1,h21,114.633,0
h1,h22,105.480,0
h1,h23,101.829,0
h1,h24,115.295,0
h1,h25,111.194,0
h1,h26,124.812,0
h1,h27,99.233,0
h1,h28,111.294,0
h1,h29,124.839,0
h1,h30,101.253,0
h1,h31,110.257,0
h1,h32,114.676,0
h1,h33,108.249,0
h1,h34,106.455,0
h1,h35,103.193,0
h1,h36,92.732,0
h1,h37,105.128,0
h1,h38,99.319,0
h1,h39,99.380,0
h1,h2,95.898,0
h1,h3,100.840,0
h1,h4,99.894,0
h1,h5,104.590,0
h1,h6,102.100,0
h1,h7,105.008,0
h1,h8,110.841,0
h1,h9,91.893,0
h1,h10,108.459,0
h1,h11,108.417,0
h1,h12,93.529,0
h1,h13,93.339,0
h1,h14,98.632,0
h1,h15,95.425,0
h1,h16,96.022,0
h1,h17,93.053,0
h1,h18,96.949,0
h1,h19,103.444,0
h1,h20,105.261,0
h1,h21,98.741,0
h1,h22,100.186,0
h1,h23,93.191,0
h1,h24,94.016,0
h1,h25,99.527,0
h1,h26,90.936,0
h1,h27,100.107,0
h1,h28,97.551,0
h1,h29,100.285,0
h1,h30,96.817,0
h1,h31,94.634,0
h1,h32,88.879,0
h1,h33,96.748,0
h1,h34,109.562,0
h1,h35,106.042,0
h1,h36,96.678,0
h1,h37,104.452,0
h1,h38,92.926,0
h1,h39,101.772,0
h1,h2,102.764,0
h1,h3,106.268,0
h1,h4,92.871,0
h1,h5,94.013,0
h1,h6,100.640,0
h1,h7,107.927,0
h1,h8,93.154,0
h1,h9,93.486,0
h1,h10,94.588,0
h1,h11,95.735,0
h1,h12,94.594,0
h1,h13,96.285,0
h1,h14,99.839,0
h1,h15,100.675,0
h1,h16,96.541,0
h1,h17,97.390,0
h1,h18,103.763,0
h1,h19,96.658,0
h1,h20,112.985,0
h1,h21,97.659,0
h1,h22,91.662,0
h1,h23,94.700,0
h1,h24,97.546,0
h1,h25,99.578,0
h1,h26,108.702,0
h1,h27,92.541,0
h1,h28,95.075,0
h1,h29,93.072,0
h1,h30,93.618,0
h1,h31,107.997,0
h1,h32,101.155,0
h1,h33,93.947,0
h1,h34,94.983,0
h1,h35,95.309,0
h1,h36,102.885,0
h1,h37,97.287,0
h1,h38,90.428,0
h1,h39,95.084,0
h1,h2,109.377,0
h1,h3,97.942,0
h1,h4,89.924,0
h1,h5,98.694,0
h1,h6,96.513,0
h1,h7,96.277,0
h1,h8,94.922,0
h1,h9,97.566,0
h1,h10,89.737,0
h1,h11,98.847,0
h1,h12,93.924,0
h1,h13,98.568,0
h1,h14,95.705,0
h1,h15,98.931,0
h1,h16,100.593,0
h1,h17,93.930,0
h1,h18,93.413,0
h1,h19,92.017,0
h1,h20,94.394,0
h1,h21,96.811,0
h1,h22,96.936,0
h1,h23,95.028,0
h1,h24,98.077,0
h1,h25,102.907,0
h1,h26,100.682,0
h1,h27,95.642,0
h1,h28,94.819,0
h1,h29,100.269,0
h1,h30,91.918,0
h1,h31,95.009,0
h1,h32,96.238,0
h1,h33,95.914,0
h1,h34,94.391,0
h1,h35,93.022,0
h1,h36,98.246,0
h1,h37,98.795,0
h1,h38,97.319,0
h1,h39,96.595,0
h1,h2,98.299,0
h1,h3,105.581,0
h1,h4,106.748,0
h1,h5,117.697,0
h1,h6,107.344,0
h1,h7,107.556,0
h1,h8,113.043,0
h1,h9,108.477,0
h1,h10,95.143,0
h1,h11,106.026,0
h1,h12,113.636,0
h1,h13,105.096,0
h1,h14,108.829,0
h1,h15,104.810,0
h1,h16,95.567,0
h1,h17,96.904,0
h1,h18,104.418,0
h1,h19,103.217,0
h1,h20,104.460,0
h1,h21,111.822,0
h1,h22,111.347,0
h1,h23,94.769,0
h1,h24,100.678,0
h1,h25,114.623,0
h1,h26,118.482,0
h1,h27,106.668,0
h1,h28,103.466,0
h1,h29,121.313,0
h1,h30,112.459,0
h1,h31,109.792,0
h1,h32,114.235,0
h1,h33,102.393,0
h1,h34,99.131,0
h1,h35,113.692,0
h1,h36,100.614,0
h1,h37,107.902,0
h1,h38,107.264,0
h1,h39,112.949,0
h1,h2,99.620,0
h1,h3,103.896,0
h1,h4,97.964,0
h1,h5,104.659,0
h1,h6,94.119,0
h1,h7,105.795,0
h1,h8,111.259,0
h1,h9,104.785,0
h1,h10,106.222,0
h1,h11,105.685,0
h1,h12,108.734,0
h1,h13,102.454,0
h1,h14,96.084,0
h1,h15,99.406,0
h1,h16,97.651,0
h1,h17,147.947,0
h1,h18,99.802,0
h1,h19,93.866,0
h1,h20,101.164,0
h1,h21,109.207,0
h1,h22,97.072,0
h1,h23,104.110,0
h1,h24,95.077,0
h1,h25,101.745,0
h1,h26,106.027,0
h1,h27,105.426,0
h1,h28,102.482,0
h1,h29,100.288,0
h1,h30,102.840,0
h1,h31,99.209,0
h1,h32,103.064,0
h1,h33,95.828,0
h1,h34,106.371,0
h1,h35,107.701,0
h1,h36,96.886,0
h1,h37,103.553,0
h1,h38,100.126,0
h1,h39,110.364,0
h1,h2,103.153,0
h1,h3,96.860,0
h1,h4,101.128,0
h1,h5,108.250,0
h1,h6,102.725,0
h1,h7,101.529,0
h1,h8,104.583,0
h1,h9,94.282,0
h1,h10,103.880,0
h1,h11,100.263,0
h1,h12,105.320,0
h1,h13,106.184,0
h1,h14,107.875,0
h1,h15,107.165,0
h1,h16,98.414,0
h1,h17,103.672,0
h1,h18,98.799,0
h1,h19,98.233,0
h1,h20,99.802,0
h1,h21,107.285,0
h1,h22,104.559,0
h1,h23,96.482,0
h1,h24,98.525,0
h1,h25,108.999,0
h1,h26,110.020,0
h1,h27,102.447,0
h1,h28,93.233,0
h1,h29,92.755,0
h1,h30,96.753,0
h1,h31,105.376,0
h1,h32,109.155,0
h1,h33,103.440,0
h1,h34,98.134,0
h1,h35,94.952,0
h1,h36,94.321,0
h1,h37,93.790,0
h1,h38,95.532,0
h1,h39,102.302,0
h1,h2,96.038,0
h1,h3,98.884,0
h1,h4,101.135,0
h1,h5,101.377,0
h1,h6,94.563,0
h1,h7,100.467,0
h1,h8,100.834,0
h1,h9,97.516,0
h1,h10,97.692,0
h1,h11,98.516,0
h1,h12,99.978,0
h1,h13,93.994,0
h1,h14,96.380,0
h1,h15,96.272,0
h1,h16,96.153,0
h1,h17,93.710,0
h1,h18,91.708,0
h1,h19,94.865,0
h1,h20,98.474,0
h1,h21,95.363,0
h1,h22,104.975,0
h1,h23,95.812,0
h1,h24,97.178,0
h1,h25,96.039,0
h1,h26,103.292,0
h1,h27,138.825,0
h1,h28,104.960,0
h1,h29,113.861,0
h1,h30,123.904,0
h1,h31,124.479,0
h1,h32,109.079,0
h1,h33,112.810,0
h1,h34,110.434,0
h1,h35,108.381,0
h1,h36,111.435,0
h1,h37,113.259,0
h1,h38,108.923,0
h1,h39,114.064,0
h1,h2,110.555,0
h1,h3,111.776,0
h1,h4,108.354,0
h1,h5,125.809,0
h1,h6,106.525,0
h1,h7,100.927,0
h1,h8,100.744,0
h1,h9,100.197,0
h1,h10,128.753,0
h1,h11,114.497,0
h1,h12,105.781,0
h1,h13,109.123,0
h1,h14,106.652,0
h1,h15,113.709,0
h1,h16,103.704,0
h1,h17,114.269,0
h1,h18,104.857,0
h1,h19,103.966,0
h1,h20,101.555,0
h1,h21,105.836,0
h1,h22,114.683,0
h1,h23,108.022,0
h1,h24,103.561,0
h1,h25,112.017,0
h1,h26,107.607,0
h1,h27,109.304,0
h1,h28,102.815,0
h1,h29,115.287,0
h1,h30,98.702,0
h1,h31,108.011,0
h1,h32,110.240,0
h1,h33,118.910,0
h1,h34,116.063,0
h1,h35,108.259,0
h1,h36,107.807,0
h1,h37,105.183,0
h1,h38,101.900,0
h1,h39,102.373,0
h1,h2,93.636,0
h1,h3,102.584,0
h1,h4,93.374,0
h1,h5,101.314,0
h1,h6,101.938,0
h1,h7,101.484,0
h1,h8,96.456,0
h1,h9,105.453,0
h1,h10,98.972,0
h1,h11,106.849,0
h1,h12,106.370,0
h1,h13,111.155,0
h1,h14,112.900,0
h1,h15,100.416,0
h1,h16,101.273,0
h1,h17,95.467,0
h1,h18,96.280,0
h1,h19,94.865,0
h1,h20,99.083,0
h1,h21,100.537,0
h1,h22,97.580,0
h1,h23,104.480,0
h1,h24,102.581,0
h1,h25,100.514,0
h1,h26,106.673,0
h1,h27,98.627,0
h1,h28,93.866,0
h1,h29,94.396,0
h1,h30,113.597,0
h1,h31,100.098,0
h1,h32,95.283,0
h1,h33,99.259,0
h1,h34,91.152,0
h1,h35,99.759,0
h1,h36,101.492,0
h1,h37,105.667,0
h1,h38,102.376,0
h1,h39,102.155,0
h1,h2,104.979,0
h1,h3,97.962,0
h1,h4,101.527,0
h1,h5,102.052,0
h1,h6,98.835,0
h1,h7,102.018,0
h1,h8,104.603,0
h1,h9,105.072,0
h1,h10,101.773,0
h1,h11,98.653,0
h1,h12,96.096,0
h1,h13,94.915,0
h1,h14,100.583,0
h1,h15,99.396,0
h1,h16,98.898,0
h1,h17,94.245,0
h1,h18,92.769,0
h1,h19,110.822,0
h1,h20,98.359,0
h1,h21,100.278,0
h1,h22,93.111,0
h1,h23,100.908,0
h1,h24,101.733,0
h1,h25,101.908,0
h1,h26,105.519,0
h1,h27,102.196,0
h1,h28,105.965,0
h1,h29,122.699,0
h1,h30,108.604,0
h1,h31,97.066,0
h1,h32,128.823,0
h1,h33,155.109,0
h1,h34,103.096,0
h1,h35,106.174,0
h1,h36,107.626,0
h1,h37,105.365,0
h1,h38,107.213,0
h1,h39,114.842,0
h1,h2,107.973,0
h1,h3,109.732,0
h1,h4,107.462,0
h1,h5,117.111,0
h1,h6,109.946,0
h1,h7,117.007,0
h1,h8,109.707,0
h1,h9,122.166,0
h1,h10,109.639,0
h1,h11,111.595,0
h1,h12,111.311,0
h1,h13,109.972,0
h1,h14,115.813,0
h1,h15,108.327,0
h1,h16,105.964,0
h1,h17,107.075,0
h1,h18,105.067,0
h1,h19,120.410,0
h1,h20,94.131,0
h1,h21,109.831,0
h1,h22,91.628,0
h1,h23,96.704,0
h1,h24,100.649,0
h1,h25,97.608,0
h1,h26,106.389,0
h1,h27,96.396,0
h1,h28,94.509,0
h1,h29,102.955,0
h1,h30,107.315,0
h1,h31,106.140,0
h1,h32,105.605,0
h1,h33,124.120,0
h1,h34,104.173,0
h1,h35,108.158,0
h1,h36,94.141,0
h1,h37,110.625,0
h1,h38,92.377,0
h1,h39,109.991,0
h1,h2,96.944,0
h1,h3,105.203,0
h1,h4,99.544,0
h1,h5,108.643,0
h1,h6,103.944,0
h1,h7,105.702,0
h1,h8,99.492,0
h1,h9,97.670,0
h1,h10,111.524,0
h1,h11,98.969,0
h1,h12,102.217,0
h1,h13,102.713,0
h1,h14,105.061,0
h1,h15,94.913,0
h1,h16,98.578,0
h1,h17,105.347,0
h1,h18,97.875,0
h1,h19,102.243,0
h1,h20,101.999,0
h1,h21,94.976,0
h1,h22,105.559,0
h1,h23,103.223,0
h1,h24,108.557,0
h1,h25,100.266,0
h1,h26,104.304,0
h1,h27,101.212,0
h1,h28,103.727,0
h1,h29,110.997,0
h1,h30,100.361,0
h1,h31,97.393,0
h1,h32,95.283,0
h1,h33,100.973,0
h1,h34,105.213,0
h1,h35,95.267,0
h1,h36,101.103,0
h1,h37,96.183,0
h1,h38,109.340,0
h1,h39,101.864,0
h1,h2,101.022,0
h1,h3,101.402,0
h1,h4,96.699,0
h1,h5,101.054,0
h1,h6,98.491,0
h1,h7,98.926,0
h1,h8,102.091,0
h1,h9,97.315,0
h1,h10,102.264,0
h1,h11,97.143,0
h1,h12,99.454,0
h1,h13,101.961,0
h1,h14,101.049,0
h1,h15,101.402,0
h1,h16,95.197,0
h1,h17,98.060,0
h1,h18,93.855,0
h1,h19,100.995,0
h1,h20,105.974,0
h1,h21,97.150,0
h1,h22,130.716,0
h1,h23,141.819,0
h1,h24,112.662,0
h1,h25,120.017,0
h1,h26,122.150,0
h1,h27,110.834,0
h1,h28,113.970,0
h1,h29,93.283,0
h1,h30,130.702,0
h1,h31,112.892,0
h1,h32,93.056,0
h1,h33,103.067,0
h1,h34,105.946,0
h1,h35,97.254,0
h1,h36,100.602,0
h1,h37,107.702,0
h1,h38,107.991,0
h1,h39,106.588,0
h1,h2,113.885,0
h1,h3,99.957,0
h1,h4,100.641,0
h1,h5,116.751,0
h1,h6,109.927,0
h1,h7,106.629,0
h1,h8,106.396,0
h1,h9,104.025,0
h1,h10,99.253,0
h1,h11,93.978,0
h1,h12,101.114,0
h1,h13,92.372,0
h1,h14,109.758,0
h1,h15,108.209,0
h1,h16,113.255,0
h1,h17,97.692,0
h1,h18,117.806,0
h1,h19,109.917,0
h1,h20,101.197,0
h1,h21,102.211,0
h1,h22,105.754,0
h1,h23,103.016,0
h1,h24,101.553,0
h1,h25,111.257,0
h1,h26,116.484,0
h1,h27,115.296,0
h1,h28,120.862,0
h1,h29,105.946,0
h1,h30,107.995,0
h1,h31,114.618,0
h1,h32,93.878,0
h1,h33,115.088,0
h1,h34,104.055,0
h1,h35,111.645,0
h1,h36,104.931,0
h1,h37,101.800,0
h1,h38,97.162,0
h1,h39,104.031,0
h1,h2,105.200,0
h1,h3,101.268,0
h1,h4,102.014,0
h1,h5,93.831,0
h1,h6,103.208,0
h1,h7,93.565,0
h1,h8,100.711,0
h1,h9,101.258,0
h1,h10,107.776,0
h1,h11,96.599,0
h1,h12,112.096,0
h1,h13,102.396,0
h1,h14,100.735,0
h1,h15,103.320,0
h1,h16,97.484,0
h1,h17,102.553,0
h1,h18,103.055,0
h1,h19,91.200,0
h1,h20,99.353,0
h1,h21,97.006,0
h1,h22,103.200,0
h1,h23,108.891,0
h1,h24,101.091,0
h1,h25,99.219,0
h1,h26,103.344,0
h1,h27,106.489,0
h1,h28,98.090,0
h1,h29,102.452,0
h1,h30,100.364,0
h1,h31,126.748,0
h1,h32,100.019,0
h1,h33,104.226,0
h1,h34,96.608,0
h1,h35,93.036,0
h1,h36,97.971,0
h1,h37,104.357,0
h1,h38,101.919,0
h1,h39,100.981,0
h1,h2,100.530,0
h1,h3,95.095,0
h1,h4,92.794,0
h1,h5,99.034,0
h1,h6,96.678,0
h1,h7,96.955,0
h1,h8,95.131,0
h1,h9,102.120,0
h1,h10,108.656,0
h1,h11,100.789,0
h1,h12,98.671,0
h1,h13,98.914,0
h1,h14,98.333,0
h1,h15,97.202,0
h1,h16,94.728,0
h1,h17,101.035,0
h1,h18,93.585,0
h1,h19,114.362,0
h1,h20,132.257,0
h1,h21,103.486,0
h1,h22,110.999,0
h1,h23,114.444,0
h1,h24,112.328,0
h1,h25,108.984,0
h1,h26,113.596,0
h1,h27,110.144,0
h1,h28,105.143,0
h1,h29,111.529,0
h1,h30,106.355,0
h1,h31,94.982,0
h1,h32,109.755,0
h1,h33,106.611,0
h1,h34,94.465,0
h1,h35,114.802,0
h1,h36,111.373,0
h1,h37,104.289,0
h1,h38,109.645,0
h1,h39,100.980,0
h1,h2,96.916,0
h1,h3,108.566,0
h1,h4,104.144,0
h1,h5,106.526,0
h1,h6,112.663,0
h1,h7,116.954,0
h1,h8,102.356,0
h1,h9,100.732,0
h1,h10,100.918,0
h1,h11,110.197,0
h1,h12,108.892,0
h1,h13,109.241,0
h1,h14,103.831,0
h1,h15,108.606,0
h1,h16,110.621,0
h1,h17,133.384,0
h1,h18,112.785,0
h1,h19,105.588,0
h1,h20,105.447,0
h1,h21,106.451,0
h1,h22,99.761,0
h1,h23,99.107,0
h1,h24,110.242,0
h1,h25,93.712,0
h1,h26,103.822,0
h1,h27,101.515,0
h1,h28,98.673,0
h1,h29,106.844,0
h1,h30,99.084,0
h1,h31,99.471,0
h1,h32,94.976,0
h1,h33,99.834,0
h1,h34,94.517,0
h1,h35,106.341,0
h1,h36,116.265,0
h1,h37,104.717,0
h1,h38,104.587,0
h1,h39,107.299,0
h1,h2,103.600,0
h1,h3,100.456,0
h1,h4,106.835,0
h1,h5,101.078,0
h1,h6,101.876,0
h1,h7,98.105,0
h1,h8,108.438,0
h1,h9,103.526,0
h1,h10,105.033,0
h1,h11,104.589,0
h1,h12,103.676,0
h1,h13,93.841,0
h1,h14,95.980,0
h1,h15,102.759,0
h1,h16,92.830,0
h1,h17,105.718,0
h1,h18,108.922,0
h1,h19,103.856,0
h1,h20,112.773,0
h1,h21,105.700,0
h1,h22,91.845,0
h1,h23,95.428,0
h1,h24,105.496,0
h1,h25,96.435,0
h1,h26,94.136,0
h1,h27,102.435,0
h1,h28,100.387,0
h1,h29,110.542,0
h1,h30,110.376,0
h1,h31,101.975,0
h1,h32,101.852,0
h1,h33,97.508,0
h1,h34,108.198,0
h1,h35,103.171,0
h1,h36,100.764,0
h1,h37,91.922,0
h1,h38,104.745,0
h1,h39,92.951,0
h1,h2,94.362,0
h1,h3,92.812,0
h1,h4,95.427,0
h1,h5,98.258,0
h1,h6,92.397,0
h1,h7,98.447,0
h1,h8,95.314,0
h1,h9,98.577,0
h1,h10,101.933,0
h1,h11,101.590,0
h1,h12,103.500,0
h1,h13,126.180,0
h1,h14,97.305,0
h1,h15,116.376,0
h1,h16,100.120,0
h1,h17,115.817,0
h1,h18,112.205,0
h1,h19,97.651,0
h1,h20,102.762,0
h1,h21,102.347,0
h1,h22,98.191,0
h1,h23,95.853,0
h1,h24,105.283,0
h1,h25,97.686,0
h1,h26,94.575,0
h1,h27,107.977,0
h1,h28,104.932,0
h1,h29,101.096,0
h1,h30,112.531,0
h1,h31,100.487,0
h1,h32,106.754,0
h1,h33,96.987,0
h1,h34,115.540,0
h1,h35,109.613,0
h1,h36,105.078,0
h1,h37,107.294,0
h1,h38,107.351,0
h1,h39,107.361,0
h1,h2,97.081,0
h1,h3,102.576,0
h1,h4,98.091,0
h1,h5,100.153,0
h1,h6,101.546,0
h1,h7,119.937,0
h1,h8,119.154,0
h1,h9,100.487,0
h1,h10,107.568,0
h1,h11,95.417,0
h1,h12,103.487,0
h1,h13,115.135,0
h1,h14,95.421,0
h1,h15,112.802,0
h1,h16,96.621,0
h1,h17,113.896,0
h1,h18,108.635,0
h1,h19,99.220,0
h1,h20,106.288,0
h1,h21,107.082,0
h1,h22,112.456,0
h1,h23,109.318,0
h1,h24,100.110,0
h1,h25,101.629,0
h1,h26,101.264,0
h1,h27,106.708,0
h1,h28,94.267,0
h1,h29,103.036,0
h1,h30,103.094,0
h1,h31,104.825,0
h1,h32,101.468,0
h1,h33,101.843,0
h1,h34,95.276,0
h1,h35,106.617,0
h1,h36,102.937,0
h1,h37,104.322,0
h1,h38,108.501,0
h1,h39,103.963,0
h1,h2,109.573,0
h1,h3,100.224,0
h1,h4,97.227,0
h1,h5,103.838,0
h1,h6,106.586,0
h1,h7,103.726,0
h1,h8,101.753,0
h1,h9,102.654,0
h1,h10,107.292,0
h1,h11,100.794,0
h1,h12,104.080,0
h1,h13,93.992,0
h1,h14,107.852,0
h1,h15,105.053,0
h1,h16,98.424,0
h1,h17,108.523,0
h1,h18,113.624,0
h1,h19,103.466,0
h1,h20,96.978,0
h1,h21,93.201,0
h1,h22,96.980,0
h1,h23,97.270,0
h1,h24,104.646,0
h1,h25,101.081,0
h1,h26,95.031,0
h1,h27,99.628,0
h1,h28,104.183,0
h1,h29,105.188,0
h1,h30,101.858,0
h1,h31,106.739,0
h1,h32,105.409,0
h1,h33,97.322,0
h1,h34,98.863,0
h1,h35,101.718,0
h1,h36,96.953,0
h1,h37,97.252,0
h1,h38,93.559,0
h1,h39,105.335,0
h1,h2,102.920,0
h1,h3,124.063,0
h1,h4,112.547,0
h1,h5,116.600,0
h1,h6,114.714,0
h1,h7,109.590,0
h1,h8,105.777,0
h1,h9,110.683,0
h1,h10,108.705,0
h1,h11,118.209,0
h1,h12,108.650,0
h1,h13,111.269,0
h1,h14,115.970,0
h1,h15,104.309,0
h1,h16,101.223,0
h1,h17,117.266,0
h1,h18,112.077,0
h1,h19,103.003,0
h1,h20,116.250,0
h1,h21,119.227,0
h1,h22,117.362,0
h1,h23,117.806,0
h1,h24,104.296,0
h1,h25,108.319,0
h1,h26,112.149,0
h1,h27,113.935,0
h1,h28,107.819,0
h1,h29,103.976,0
h1,h30,109.990,0
h1,h31,106.272,0
h1,h32,108.283,0
h1,h33,99.663,0
h1,h34,102.693,0
h1,h35,110.221,0
h1,h36,115.270,0
h1,h37,103.138,0
h1,h38,98.659,0
h1,h39,103.580,0
h1,h2,114.893,0
h1,h3,105.044,0
h1,h4,105.195,0
h1,h5,98.217,0
h1,h6,104.830,0
h1,h7,103.993,0
h1,h8,101.791,0
h1,h9,93.575,0
h1,h10,98.694,0
h1,h11,107.132,0
h1,h12,97.329,0
h1,h13,94.980,0
h1,h14,97.154,0
h1,h15,99.552,0
h1,h16,100.538,0
h1,h17,100.174,0
h1,h18,98.153,0
h1,h19,100.471,0
h1,h20,99.904,0
h1,h21,99.286,0
h1,h22,98.283,0
h1,h23,112.643,0
h1,h24,112.029,0
h1,h25,98.518,0
h1,h26,103.606,0
h1,h27,103.710,0
h1,h28,105.262,0
h1,h29,103.213,0
h1,h30,100.244,0
h1,h31,96.732,0
h1,h32,90.678,0
h1,h33,101.163,0
h1,h34,91.793,0
h1,h35,100.415,0
h1,h36,108.383,0
h1,h37,100.154,0
h1,h38,100.319,0
h1,h39,101.429,0
h1,h2,92.138,0
h1,h3,102.420,0
h1,h4,106.880,0
h1,h5,96.606,0
h1,h6,97.995,0
h1,h7,102.893,0
h1,h8,100.781,0
h1,h9,103.971,0
h1,h10,100.551,0
h1,h11,100.695,0
h1,h12,95.732,0
h1,h13,116.295,0
h1,h14,99.715,0
h1,h15,104.958,0
h1,h16,96.934,0
h1,h17,99.222,0
h1,h18,111.781,0
h1,h19,100.771,0
h1,h20,108.795,0
h1,h21,105.224,0
h1,h22,100.849,0
h1,h23,99.047,0
h1,h24,98.111,0
h1,h25,99.551,0
h1,h26,98.281,0
h1,h27,97.064,0
h1,h28,100.699,0
h1,h29,100.798,0
h1,h30,101.995,0
h1,h31,103.657,0
h1,h32,97.373,0
h1,h33,93.968,0
h1,h34,98.969,0
h1,h35,91.932,0
h1,h36,98.444,0
h1,h37,91.413,0
h1,h38,99.592,0
h1,h39,95.650,0
h1,h2,116.648,0
h1,h3,101.263,0
h1,h4,108.927,0
h1,h5,99.289,0
h1,h6,101.930,0
h1,h7,110.023,0
h1,h8,95.742,0
h1,h9,97.405,0
h1,h10,106.106,0
h1,h11,89.633,0
h1,h12,101.984,0
h1,h13,106.498,0
h1,h14,105.239,0
h1,h15,117.728,0
h1,h16,106.034,0
h1,h17,116.147,0
h1,h18,113.062,0
h1,h19,113.592,0
h1,h20,111.624,0
h1,h21,105.912,0
h1,h22,98.400,0
h1,h23,94.465,0
h1,h24,121.494,0
h1,h25,109.070,0
h1,h26,112.441,0
h1,h27,92.532,0
h1,h28,109.947,0
h1,h29,111.683,0
h1,h30,96.524,0
h1,h31,110.520,0
h1,h32,106.426,0
h1,h33,99.380,0
h1,h34,103.492,0
h1,h35,100.795,0
h1,h36,114.514,0
h1,h37,112.857,0
h1,h38,110.906,0
h1,h39,116.249,0
h1,h2,123.423,0
h1,h3,108.755,0
h1,h4,108.173,0
h1,h5,99.731,0
h1,h6,92.399,0
h1,h7,99.759,0
h1,h8,119.337,0
h1,h9,105.878,0
h1,h10,94.297,0
h1,h11,99.702,0
h1,h12,107.118,0
h1,h13,108.454,0
h1,h14,102.318,0
h1,h15,103.586,0
h1,h16,94.677,0
h1,h17,98.296,0
h1,h18,93.052,0
h1,h19,92.879,0
h1,h20,100.112,0
h1,h21,100.230,0
h1,h22,99.972,0
h1,h23,96.112,0
h1,h24,98.986,0
h1,h25,105.508,0
h1,h26,107.479,0
h1,h27,94.654,0
h1,h28,97.627,0
h1,h29,94.519,0
h1,h30,101.273,0
h1,h31,100.145,0
h1,h32,99.603,0
h1,h33,102.778,0
h1,h34,100.737,0
h1,h35,104.734,0
h1,h36,103.000,0
h1,h37,93.609,0
h1,h38,96.350,0
h1,h39,91.109,0
h1,h2,97.195,0
h1,h3,102.648,0
h1,h4,98.763,0
h1,h5,92.732,0
h1,h6,107.520,0
h1,h7,105.846,0
h1,h8,105.626,0
h1,h9,102.367,0
h1,h10,103.488,0
h1,h11,97.022,0
h1,h12,103.657,0
h1,h13,100.315,0
h1,h14,101.553,0
h1,h15,103.189,0
h1,h16,102.226,0
h1,h17,97.102,0
h1,h18,99.792,0
h1,h19,90.413,0
h1,h20,106.612,0
h1,h21,98.635,0
h1,h22,106.517,0
h1,h23,104.475,0
h1,h24,115.887,0
h1,h25,102.958,0
h1,h26,102.699,0
h1,h27,98.234,0
h1,h28,96.901,0
h1,h29,101.380,0
h1,h30,103.474,0
h1,h31,96.475,0
h1,h32,103.898,0
h1,h33,101.081,0
h1,h34,91.099,0
h1,h35,95.194,0
h1,h36,93.668,0
h1,h37,101.397,0
h1,h38,99.819,0
h1,h39,95.890,0
h1,h2,105.162,0
h1,h3,105.227,0
h1,h4,105.166,0
h1,h5,112.679,0
h1,h6,99.828,0
h1,h7,115.495,0
h1,h8,99.911,0
h1,h9,98.517,0
h1,h10,105.583,0
h1,h11,112.040,0
h1,h12,105.573,0
h1,h13,98.678,0
h1,h14,100.604,0
h1,h15,94.849,0
h1,h16,109.858,0
h1,h17,101.795,0
h1,h18,105.457,0
h1,h19,100.319,0
h1,h20,108.056,0
h1,h21,104.110,0
h1,h22,108.437,0
h1,h23,136.242,0
h1,h24,104.625,0
h1,h25,94.367,0
h1,h26,106.518,0
h1,h27,104.273,0
h1,h28,101.433,0
h1,h29,112.710,0
h1,h30,108.870,0
h1,h31,112.926,0
h1,h32,100.763,0
h1,h33,111.685,0
h1,h34,116.316,0
h1,h35,101.462,0
h1,h36,114.634,0
h1,h37,112.550,0
h1,h38,107.213,0
h1,h39,91.924,0
h1,h2,102.428,0
h1,h3,105.861,0
h1,h4,97.422,0
h1,h5,94.064,0
h1,h6,101.480,0
h1,h7,95.113,0
h1,h8,93.656,0
h1,h9,102.015,0
h1,h10,102.489,0
h1,h11,102.693,0
h1,h12,96.502,0
h1,h13,91.895,0
h1,h14,103.925,0
h1,h15,90.942,0
h1,h16,97.849,0
h1,h17,106.483,0
h1,h18,102.786,0
h1,h19,91.000,0
h1,h20,94.509,0
h1,h21,108.796,0
h1,h22,104.548,0
h1,h23,94.043,0
h1,h24,107.530,0
h1,h25,98.481,0
h1,h26,101.137,0
h1,h27,93.734,0
h1,h28,92.841,0
h1,h29,98.365,0
h1,h30,103.342,0
h1,h31,103.051,0
h1,h32,104.257,0
h1,h33,91.521,0
h1,h34,96.532,0
h1,h35,96.932,0
h1,h36,103.961,0
h1,h37,99.375,0
h1,h38,104.692,0
h1,h39,105.674,0
h1,h2,97.481,0
h1,h3,99.245,0
h1,h4,102.094,0
h1,h5,103.151,0
h1,h6,99.144,0
h1,h7,105.143,0
h1,h8,106.276,0
h1,h9,102.332,0
h1,h10,99.981,0
h1,h11,100.176,0
h1,h12,108.319,0
h1,h13,101.206,0
h1,h14,96.319,0
h1,h15,104.011,0
h1,h16,103.555,0
h1,h17,108.852,0
h1,h18,101.738,0
h1,h19,93.249,0
h1,h20,102.527,0
h1,h21,94.293,0
h1,h22,95.326,0
h1,h23,99.860,0
h1,h24,95.557,0
h1,h25,93.388,0
h1,h26,96.435,0
h1,h27,100.093,0
h1,h28,103.662,0
h1,h29,90.713,0
h1,h30,95.507,0
h1,h31,97.101,0
h1,h32,99.583,0
h1,h33,94.292,0
h1,h34,93.177,0
h1,h35,102.099,0
h1,h36,106.522,0
h1,h37,95.693,0
h1,h38,95.245,0
h1,h39,98.366,0
h1,h2,112.149,0
h1,h3,98.909,0
h1,h4,109.468,0
h1,h5,95.962,0
h1,h6,105.332,0
h1,h7,99.967,0
h1,h8,103.999,0
h1,h9,100.361,0
h1,h10,102.770,0
h1,h11,104.721,0
h1,h12,97.191,0
h1,h13,121.121,0
h1,h14,103.071,0
h1,h15,107.682,0
h1,h16,104.207,0
h1,h17,106.822,0
h1,h18,121.323,0
h1,h19,112.093,0
h1,h20,114.442,0
h1,h21,93.501,0
h1,h22,104.788,0
h1,h23,104.253,0
h1,h24,109.906,0
h1,h25,120.158,0
h1,h26,106.167,0
h1,h27,108.643,0
h1,h28,123.753,0
h1,h29,110.114,0
h1,h30,133.453,0
h1,h31,100.325,0
h1,h32,112.306,0
h1,h33,108.882,0
h1,h34,106.403,0
h1,h35,127.205,0
h1,h36,119.550,0
h1,h37,102.640,0
h1,h38,102.964,0
h1,h39,106.876,0
h1,h2,102.184,0
h1,h3,104.366,0
h1,h4,106.535,0
h1,h5,103.099,0
h1,h6,108.900,0
h1,h7,111.453,0
h1,h8,96.983,0
h1,h9,99.506,0
h1,h10,105.474,0
h1,h11,110.970,0
h1,h12,94.536,0
h1,h13,103.911,0
h1,h14,109.464,0
h1,h15,106.624,0
h1,h16,98.056,0
h1,h17,108.023,0
h1,h18,105.723,0
h1,h19,97.225,0
h1,h20,96.447,0
h1,h21,103.747,0
h1,h22,101.241,0
h1,h23,98.420,0
h1,h24,90.280,0
h1,h25,100.622,0
h1,h26,105.215,0
h1,h27,100.347,0
h1,h28,98.878,0
h1,h29,101.346,0
h1,h30,97.955,0
h1,h31,94.515,0
h1,h32,102.834,0
h1,h33,111.233,0
h1,h34,108.267,0
h1,h35,94.887,0
h1,h36,96.587,0
h1,h37,96.876,0
h1,h38,103.631,0
h1,h39,99.400,0
h1,h2,102.786,0
h1,h3,97.814,0
h1,h4,95.337,0
h1,h5,100.887,0
h1,h6,96.282,0
h1,h7,99.624,0
h1,h8,98.466,0
h1,h9,97.140,0
h1,h10,96.318,0
h1,h11,94.835,0
h1,h12,97.067,0
h1,h13,96.727,0
h1,h14,95.541,0
h1,h15,96.129,0
h1,h16,95.962,0
h1,h17,99.266,0
h1,h18,97.767,0
h1,h19,102.251,0
h1,h20,93.101,0
h1,h21,99.102,0
h1,h22,98.568,0
h1,h23,100.988,0
h1,h24,100.267,0
h1,h25,97.468,0
h1,h26,102.125,0
h1,h27,98.148,0
h1,h28,98.757,0
h1,h29,97.753,0
h1,h30,98.925,0
h1,h31,93.128,0
h1,h32,96.064,0
h1,h33,96.463,0
h1,h34,96.613,0
h1,h35,94.767,0
h1,h36,101.471,0
h1,h37,98.727,0
h1,h38,97.633,0
h1,h39,99.032,0
h1,h2,101.510,0
h1,h3,104.584,0
h1,h4,110.633,0
h1,h5,104.960,0
h1,h6,109.563,0
h1,h7,110.653,0
h1,h8,115.539,0
h1,h9,103.442,0
h1,h10,102.902,0
h1,h11,100.474,0
h1,h12,98.277,0
h1,h13,100.790,0
h1,h14,90.448,0
h1,h15,106.301,0
h1,h16,106.138,0
h1,h17,105.703,0
h1,h18,111.680,0
h1,h19,109.679,0
h1,h20,104.755,0
h1,h21,99.065,0
h1,h22,108.151,0
h1,h23,103.960,0
h1,h24,110.705,0
h1,h25,96.500,0
h1,h26,118.281,0
h1,h27,96.620,0
h1,h28,102.657,0
h1,h29,117.992,0
h1,h30,97.387,0
h1,h31,114.642,0
h1,h32,108.830,0
h1,h33,108.093,0
h1,h34,92.431,0
h1,h35,107.492,0
h1,h36,107.946,0
h1,h37,108.534,0
h1,h38,91.608,0
h1,h39,91.180,0
h1,h2,92.795,0
h1,h3,96.805,0
h1,h4,104.919,0
h1,h5,96.280,0
h1,h6,95.479,0
h1,h7,94.892,0
h1,h8,111.140,0
h1,h9,96.327,0
h1,h10,101.304,0
h1,h11,98.297,0
h1,h12,91.264,0
h1,h13,94.838,0
h1,h14,100.342,0
h1,h15,104.139,0
h1,h16,94.882,0
h1,h17,97.237,0
h1,h18,104.830,0
h1,h19,111.267,0
h1,h20,94.233,0
h1,h21,97.920,0
h1,h22,99.798,0
h1,h23,97.545,0
h1,h24,92.934,0
h1,h25,94.553,0
h1,h26,106.131,0
h1,h27,95.717,0
h1,h28,97.840,0
h1,h29,101.949,0
h1,h30,92.829,0
h1,h31,93.718,0
h1,h32,93.185,0
h1,h33,99.663,0
h1,h34,91.287,0
h1,h35,95.525,0
h1,h36,98.897,0
h1,h37,97.139,0
h1,h38,90.883,0
h1,h39,96.177,0
h1,h2,92.288,0
h1,h3,97.708,0
h1,h4,98.271,0
h1,h5,104.755,0
h1,h6,96.945,0
h1,h7,98.103,0
h1,h8,90.402,0
h1,h9,101.619,0
h1,h10,97.264,0
h1,h11,93.690,0
h1,h12,97.309,0
h1,h13,99.708,0
h1,h14,94.175,0
h1,h15,96.821,0
h1,h16,95.743,0
h1,h17,99.676,0
h1,h18,93.827,0
h1,h19,93.371,0
h1,h20,92.139,0
h1,h21,98.012,0
h1,h22,97.627,0
h1,h23,94.654,0
h1,h24,92.858,0
h1,h25,96.818,0
h1,h26,102.024,0
h1,h27,92.258,0
h1,h28,94.825,0
h1,h29,102.599,0
h1,h30,95.433,0
h1,h31,92.109,0
h1,h32,94.626,0
h1,h33,103.162,0
h1,h34,104.795,0
h1,h35,92.451,0
h1,h36,94.925,0
h1,h37,108.501,0
h1,h38,91.832,0
h1,h39,93.208,0
h1,h2,108.427,0
h1,h3,93.131,0
h1,h4,95.347,0
h1,h5,95.129,0
h1,h6,91.635,0
h1,h7,105.998,0
h1,h8,108.952,0
h1,h9,105.276,0
h1,h10,94.629,0
h1,h11,94.518,0
h1,h12,100.291,0
h1,h13,96.162,0
h1,h14,100.374,0
h1,h15,89.882,0
h1,h16,105.476,0
h1,h17,98.657,0
h1,h18,95.774,0
h1,h19,91.411,0
h1,h20,94.974,0
h1,h21,98.593,0
h1,h22,99.882,0
h1,h23,95.999,0
h1,h24,100.138,0
h1,h25,93.289,0
h1,h26,91.874,0
h1,h27,90.673,0
h1,h28,89.006,0
h1,h29,91.678,0
h1,h30,91.058,0
h1,h31,90.580,0
h1,h32,97.035,0
h1,h33,101.298,0
h1,h34,95.642,0
h1,h35,95.741,0
h1,h36,94.177,0
h1,h37,92.153,0
h1,h38,90.877,0
h1,h39,89.794,0
h1,h2,92.540,0
h1,h3,102.272,0
h1,h4,96.263,0
h1,h5,101.320,0
h1,h6,93.716,0
h1,h7,99.715,0
h1,h8,93.447,0
h1,h9,98.420,0
h1,h10,94.691,0
h1,h11,99.735,0
h1,h12,96.733,0
h1,h13,96.186,0
h1,h14,92.055,0
h1,h15,104.592,0
h1,h16,105.960,0
h1,h17,100.491,0
h1,h18,126.212,0
h1,h19,107.899,0
h1,h20,103.596,0
h1,h21,102.749,0
h1,h22,111.546,0
h1,h23,116.658,0
h1,h24,113.431,0
h1,h25,104.951,0
h1,h26,99.481,0
h1,h27,113.928,0
h1,h28,97.002,0
h1,h29,111.375,0
h1,h30,104.409,0
h1,h31,105.131,0
h1,h32,93.785,0
h1,h33,117.769,0
h1,h34,100.700,0
h1,h35,109.081,0
h1,h36,115.403,0
h1,h37,103.196,0
h1,h38,106.938,0
h1,h39,110.366,0
h1,h2,102.019,0
h1,h3,113.038,0
h1,h4,102.706,0
h1,h5,96.632,0
h1,h6,92.288,0
h1,h7,97.824,0
h1,h8,93.696,0
h1,h9,99.085,0
h1,h10,105.422,0
h1,h11,97.992,0
h1,h12,102.759,0
h1,h13,100.328,0
h1,h14,95.114,0
h1,h15,97.345,0
h1,h16,91.433,0
h1,h17,104.274,0
h1,h18,112.256,0
h1,h19,99.923,0
h1,h20,120.684,0
h1,h21,107.360,0
h1,h22,113.464,0
h1,h23,116.516,0
h1,h24,111.800,0
h1,h25,111.440,0
h1,h26,99.032,0
h1,h27,99.893,0
h1,h28,98.287,0
h1,h29,102.817,0
h1,h30,97.125,0
h1,h31,100.352,0
h1,h32,101.079,0
h1,h33,104.878,0
h1,h34,101.310,0
h1,h35,101.861,0
h1,h36,101.967,0
h1,h37,101.445,0
h1,h38,97.703,0
h1,h39,103.391,0
h1,h2,94.850,0
h1,h3,105.613,0
h1,h4,105.465,0
h1,h5,94.659,0
h1,h6,99.108,0
h1,h7,99.782,0
h1,h8,108.650,0
h1,h9,102.993,0
h1,h10,103.917,0
h1,h11,102.127,0
h1,h12,107.040,0
h1,h13,99.574,0
h1,h14,105.150,0
h1,h15,96.996,0
h1,h16,100.989,0
h1,h17,99.579,0
h1,h18,109.935,0
h1,h19,100.679,0
h1,h20,97.173,0
h1,h21,99.610,0
h1,h22,108.234,0
h1,h23,103.765,0
h1,h24,99.956,0
h1,h25,104.336,0
h1,h26,105.340,0
h1,h27,104.439,0
h1,h28,103.441,0
h1,h29,94.318,0
h1,h30,99.751,0
h1,h31,100.274,0
h1,h32,96.399,0
h1,h33,110.112,0
h1,h34,98.702,0
h1,h35,95.976,0
h1,h36,100.704,0
h1,h37,105.869,0
h1,h38,103.108,0
h1,h39,112.916,0
h1,h2,99.583,0
h1,h3,97.901,0
h1,h4,95.430,0
h1,h5,142.399,0
h1,h6,113.478,0
h1,h7,135.103,0
h1,h8,108.088,0
h1,h9,110.741,0
h1,h10,130.352,0
h1,h11,103.930,0
h1,h12,114.013,0
h1,h13,106.374,0
h1,h14,113.489,0
h1,h15,114.168,0
h1,h16,99.936,0
h1,h17,114.025,0
h1,h18,99.793,0
h1,h19,115.851,0
h1,h20,99.236,0
h1,h21,111.159,0
h1,h22,112.900,0
h1,h23,115.162,0
h1,h24,103.068,0
h1,h25,108.555,0
h1,h26,98.051,0
h1,h27,105.661,0
h1,h28,131.687,0
h1,h29,99.709,0
h1,h30,108.070,0
h1,h31,108.445,0
h1,h32,112.435,0
h1,h33,107.652,0
h1,h34,112.512,0
h1,h35,124.590,0
h1,h36,112.324,0
h1,h37,108.480,0
h1,h38,114.033,0
h1,h39,112.268,0
h1,h2,107.028,0
h1,h3,106.147,0
h1,h4,91.777,0
h1,h5,110.859,0
h1,h6,100.204,0
h1,h7,98.870,0
h1,h8,102.792,0
h1,h9,102.469,0
h1,h10,112.154,0
h1,h11,112.107,0
h1,h12,100.965,0
h1,h13,109.012,0
h1,h14,111.189,0
h1,h15,100.017,0
h1,h16,110.038,0
h1,h17,98.190,0
h1,h18,100.775,0
h1,h19,111.302,0
h1,h20,111.828,0
h1,h21,108.589,0
h1,h22,107.487,0
h1,h23,97.709,0
h1,h24,104.762,0
h1,h25,102.911,0
h1,h26,94.414,0
h1,h27,105.517,0
h1,h28,98.576,0
h1,h29,106.212,0
h1,h30,103.805,0
h1,h31,100.105,0
h1,h32,101.170,0
h1,h33,98.612,0
h1,h34,99.359,0
h1,h35,101.711,0
h1,h36,93.644,0
h1,h37,97.824,0
h1,h38,95.942,0
h1,h39,98.165,0
h1,h2,100.772,0
h1,h3,96.806,0
h1,h4,101.562,0
h1,h5,95.985,0
h1,h6,99.491,0
h1,h7,100.079,0
h1,h8,97.576,0
h1,h9,103.521,0
h1,h10,96.277,0
h1,h11,96.189,0
h1,h12,96.886,0
h1,h13,101.637,0
h1,h14,102.733,0
h1,h15,101.926,0
h1,h16,107.457,0
h1,h17,102.366,0
h1,h18,112.736,0
h1,h19,99.329,0
h1,h20,91.999,0
h1,h21,93.533,0
h1,h22,100.255,0
h1,h23,96.523,0
h1,h24,96.281,0
h1,h25,94.122,0
h1,h26,97.008,0
h1,h27,99.732,0
h1,h28,91.619,0
h1,h29,98.772,0
h1,h30,98.199,0
h1,h31,91.215,0
h1,h32,96.283,0
h1,h33,94.406,0
h1,h34,96.051,0
h1,h35,90.489,0
h1,h36,93.664,0
h1,h37,97.881,0
h1,h38,92.751,0
h1,h39,103.797,0
h1,h2,91.372,0
h1,h3,104.794,0
h1,h4,115.807,0
h1,h5,108.825,0
h1,h6,104.834,0
h1,h7,108.404,0
h1,h8,105.867,0
h1,h9,106.439,0
h1,h10,101.732,0
h1,h11,90.626,0
h1,h12,108.986,0
h1,h13,93.965,0
h1,h14,112.293,0
h1,h15,104.081,0
h1,h16,107.089,0
h1,h17,104.228,0
h1,h18,90.879,0
h1,h19,104.191,0
h1,h20,110.923,0
h1,h21,103.843,0
h1,h22,102.610,0
h1,h23,102.593,0
h1,h24,105.883,0
h1,h25,90.978,0
h1,h26,106.700,0
h1,h27,104.123,0
h1,h28,108.098,0
h1,h29,106.150,0
h1,h30,92.686,0
h1,h31,112.267,0
h1,h32,117.650,0
h1,h33,110.764,0
h1,h34,91.411,0
h1,h35,102.144,0
h1,h36,97.388,0
h1,h37,97.273,0
h1,h38,101.875,0
h1,h39,115.629,0
h1,h2,96.261,0
h1,h3,97.033,0
h1,h4,99.709,0
h1,h5,103.426,0
h1,h6,126.767,0
h1,h7,102.123,0
h1,h8,103.095,0
h1,h9,102.515,0
h1,h10,111.675,0
h1,h11,104.482,0
h1,h12,100.884,0
h1,h13,99.411,0
h1,h14,93.973,0
h1,h15,101.514,0
h1,h16,100.698,0
h1,h17,101.960,0
h1,h18,108.492,0
h1,h19,97.361,0
h1,h20,110.990,0
h1,h21,106.330,0
h1,h22,110.094,0
h1,h23,93.218,0
h1,h24,101.656,0
h1,h25,99.816,0
h1,h26,92.717,0
h1,h27,93.196,0
h1,h28,110.449,0
h1,h29,103.266,0
h1,h30,103.510,0
h1,h31,105.035,0
h1,h32,106.520,0
h1,h33,103.311,0
h1,h34,105.112,0
h1,h35,102.804,0
h1,h36,102.093,0
h1,h37,93.941,0
h1,h38,104.955,0
h1,h39,96.155,0
h1,h2,94.959,0
h1,h3,109.624,0
h1,h4,106.264,0
h1,h5,109.171,0
h1,h6,96.623,0
h1,h7,101.800,0
h1,h8,107.493,0
h1,h9,101.755,0
h1,h10,100.070,0
h1,h11,105.544,0
h1,h12,97.883,0
h1,h13,97.259,0
h1,h14,89.677,0
h1,h15,106.768,0
h1,h16,103.888,0
h1,h17,100.726,0
h1,h18,92.530,0
h1,h19,100.824,0
h1,h20,95.722,0
h1,h21,98.450,0
h1,h22,100.414,0
h1,h23,102.597,0
h1,h24,102.050,0
h1,h25,96.685,0
h1,h26,100.137,0
h1,h27,103.926,0
h1,h28,99.287,0
h1,h29,98.276,0
h1,h30,98.860,0
h1,h31,104.979,0
h1,h32,99.545,0
h1,h33,99.915,0
h1,h34,102.915,0
h1,h35,100.180,0
h1,h36,131.404,0
h1,h37,125.569,0
h1,h38,110.435,0
h1,h39,118.815,0
h1,h2,119.444,0
h1,h3,105.936,0
h1,h4,101.184,0
h1,h5,106.727,0
h1,h6,113.541,0
h1,h7,108.594,0
h1,h8,108.277,0
h1,h9,109.919,0
h1,h10,97.917,0
h1,h11,104.435,0
h1,h12,102.372,0
h1,h13,105.913,0
h1,h14,107.282,0
h1,h15,104.876,0
h1,h16,97.456,0
h1,h17,109.555,0
h1,h18,111.880,0
h1,h19,99.354,0
h1,h20,105.431,0
h1,h21,111.828,0
h1,h22,106.178,0
h1,h23,94.982,0
h1,h24,112.798,0
h1,h25,107.791,0
h1,h26,100.603,0
h1,h27,141.233,0
h1,h28,97.611,0
h1,h29,121.876,0
h1,h30,105.921,0
h1,h31,112.953,0
h1,h32,109.813,0
h1,h33,107.217,0
h1,h34,121.414,0
h1,h35,89.282,0
h1,h36,109.602,0
h1,h37,99.654,0
h1,h38,98.286,0
h1,h39,108.148,0
h1,h2,101.052,0
h1,h3,105.402,0
h1,h4,107.458,0
h1,h5,100.888,0
h1,h6,101.126,0
h1,h7,94.793,0
h1,h8,96.368,0
h1,h9,103.922,0
h1,h10,100.120,0
h1,h11,105.663,0
h1,h12,100.659,0
h1,h13,101.447,0
h1,h14,101.150,0
h1,h15,103.841,0
h1,h16,101.557,0
h1,h17,104.273,0
h1,h18,94.145,0
h1,h19,102.219,0
h1,h20,99.590,0
h1,h21,107.512,0
h1,h22,105.886,0
h1,h23,99.181,0
h1,h24,96.158,0
h1,h25,101.659,0
h1,h26,103.368,0
h1,h27,102.969,0
h1,h28,108.517,0
h1,h29,102.017,0
h1,h30,95.738,0
h1,h31,98.915,0
h1,h32,101.145,0
h1,h33,94.431,0
h1,h34,94.802,0
h1,h35,103.953,0
h1,h36,99.927,0
h1,h37,105.466,0
h1,h38,97.172,0
h1,h39,98.909,0
h1,h2,98.171,0
h1,h3,94.571,0
h1,h4,94.257,0
h1,h5,99.976,0
h1,h6,94.409,0
h1,h7,94.084,0
h1,h8,92.859,0
h1,h9,99.011,0
h1,h10,92.954,0
h1,h11,96.633,0
h1,h12,94.765,0
h1,h13,94.104,0
h1,h14,99.431,0
h1,h15,93.431,0
h1,h16,98.005,0
h1,h17,95.236,0
h1,h18,99.334,0
h1,h19,96.848,0
h1,h20,100.776,0
h1,h21,93.564,0
h1,h22,96.510,0
h1,h23,98.803,0
h1,h24,97.850,0
h1,h25,97.559,0
h1,h26,113.398,0
h1,h27,122.410,0
h1,h28,127.394,0
h1,h29,118.110,0
h1,h30,127.302,0
h1,h31,106.613,0
h1,h32,103.158,0
h1,h33,106.211,0
h1,h34,104.634,0
h1,h35,119.141,0
h1,h36,91.575,0
h1,h37,113.565,0
h1,h38,99.730,0
h1,h39,118.279,0
h1,h2,118.723,0
h1,h3,114.163,0
h1,h4,117.636,0
h1,h5,120.212,0
h1,h6,110.205,0
h1,h7,118.237,0
h1,h8,101.112,0
h1,h9,118.116,0
h1,h10,105.822,0
h1,h11,114.947,0
h1,h12,131.924,0
h1,h13,111.995,0
h1,h14,106.054,0
h1,h15,114.203,0
h1,h16,110.238,0
h1,h17,92.138,0
h1,h18,99.582,0
h1,h19,97.134,0
h1,h20,107.324,0
h1,h21,93.885,0
h1,h22,96.795,0
h1,h23,120.672,0
h1,h24,102.879,0
h1,h25,130.788,0
h1,h26,108.264,0
h1,h27,106.292,0
h1,h28,99.558,0
h1,h29,98.081,0
h1,h30,103.414,0
h1,h31,98.397,0
h1,h32,101.798,0
h1,h33,92.034,0
h1,h34,96.474,0
h1,h35,104.458,0
h1,h36,97.706,0
h1,h37,104.584,0
h1,h38,98.502,0
h1,h39,108.541,0
h1,h2,102.410,0
h1,h3,100.136,0
h1,h4,99.498,0
h1,h5,101.014,0
h1,h6,90.744,0
h1,h7,108.085,0
h1,h8,104.410,0
h1,h9,104.368,0
h1,h10,114.299,0
h1,h11,99.632,0
h1,h12,102.377,0
h1,h13,105.112,0
h1,h14,95.619,0
h1,h15,105.554,0
h1,h16,99.869,0
h1,h17,103.187,0
h1,h18,108.309,0
h1,h19,99.727,0
h1,h20,103.342,0
h1,h21,104.275,0
h1,h22,96.633,0
h1,h23,107.589,0
h1,h24,103.975,0
h1,h25,107.094,0
h1,h26,99.667,0
h1,h27,103.421,0
h1,h28,98.562,0
h1,h29,104.785,0
h1,h30,109.646,0
h1,h31,102.952,0
h1,h32,93.787,0
h1,h33,98.249,0
h1,h34,104.162,0
h1,h35,100.589,0
h1,h36,101.494,0
h1,h37,101.505,0
h1,h38,95.194,0
h1,h39,107.952,0
h1,h2,113.206,0
h1,h3,113.181,0
h1,h4,105.121,0
h1,h5,131.052,0
h1,h6,116.791,0
h1,h7,119.064,0
h1,h8,109.842,0
h1,h9,100.577,0
h1,h10,116.721,0
h1,h11,117.084,0
h1,h12,133.288,0
h1,h13,110.065,0
h1,h14,127.814,0
h1,h15,133.411,0
h1,h16,108.509,0
h1,h17,151.334,0
h1,h18,124.031,0
h1,h19,114.593,0
h1,h20,105.529,0
h1,h21,121.797,0
h1,h22,113.053,0
h1,h23,117.822,0
h1,h24,116.538,0
h1,h25,108.092,0
h1,h26,107.114,0
h1,h27,110.875,0
h1,h28,97.308,0
h1,h29,98.999,0
h1,h30,92.970,0
h1,h31,106.504,0
h1,h32,110.889,0
h1,h33,110.386,0
h1,h34,103.838,0
h1,h35,101.777,0
h1,h36,113.189,0
h1,h37,115.371,0
h1,h38,113.351,0
h1,h39,108.132,0
h1,h2,95.699,0
h1,h3,104.104,0
h1,h4,102.820,0
h1,h5,103.080,0
h1,h6,100.447,0
h1,h7,98.292,0
h1,h8,97.877,0
h1,h9,93.210,0
h1,h10,101.392,0
h1,h11,97.164,0
h1,h12,99.578,0
h1,h13,106.296,0
h1,h14,102.435,0
h1,h15,99.888,0
h1,h16,104.676,0
h1,h17,101.503,0
h1,h18,106.414,0
h1,h19,112.821,0
h1,h20,102.945,0
h1,h21,109.304,0
h1,h22,100.726,0
h1,h23,99.220,0
h1,h24,91.683,0
h1,h25,97.018,0
h1,h26,97.526,0
h1,h27,93.566,0
h1,h28,103.850,0
h1,h29,101.255,0
h1,h30,104.196,0
h1,h31,111.076,0
h1,h32,100.699,0
h1,h33,102.740,0
h1,h34,106.046,0
h1,h35,101.073,0
h1,h36,101.575,0
h1,h37,102.259,0
h1,h38,100.025,0
h1,h39,106.435,0
h1,h2,101.102,0
h1,h3,104.987,0
h1,h4,103.578,0
h1,h5,106.014,0
h1,h6,98.274,0
h1,h7,92.249,0
h1,h8,104.366,0
h1,h9,99.814,0
h1,h10,97.651,0
h1,h11,92.905,0
h1,h12,95.655,0
h1,h13,92.815,0
h1,h14,99.907,0
h1,h15,112.109,0
h1,h16,99.920,0
h1,h17,98.676,0
h1,h18,90.655,0
h1,h19,99.947,0
h1,h20,100.634,0
h1,h21,92.291,0
h1,h22,91.470,0
h1,h23,91.827,0
h1,h24,101.376,0
h1,h25,104.510,0
h1,h26,99.743,0
h1,h27,101.494,0
h1,h28,92.790,0
h1,h29,93.069,0
h1,h30,95.867,0
h1,h31,92.682,0
h1,h32,97.150,0
h1,h33,96.076,0
h1,h34,94.431,0
h1,h35,92.105,0
h1,h36,97.622,0
h1,h37,99.236,0
h1,h38,96.596,0
h1,h39,95.020,0
h1,h2,99.698,0
h1,h3,113.599,0
h1,h4,105.809,0
h1,h5,107.709,0
h1,h6,118.853,0
h1,h7,103.264,0
h1,h8,107.678,0
h1,h9,108.353,0
h1,h10,103.738,0
h1,h11,112.698,0
h1,h12,105.816,0
h1,h13,109.276,0
h1,h14,104.588,0
h1,h15,107.362,0
h1,h16,102.282,0
h1,h17,100.341,0
h1,h18,108.050,0
h1,h19,99.619,0
h1,h20,93.601,0
h1,h21,103.577,0
h1,h22,113.157,0
h1,h23,111.596,0
h1,h24,108.487,0
h1,h25,110.992,0
h1,h26,114.993,0
h1,h27,102.230,0
h1,h28,113.866,0
h1,h29,108.791,0
h1,h30,100.648,0
h1,h31,102.042,0
h1,h32,100.686,0
h1,h33,101.413,0
h1,h34,114.320,0
h1,h35,105.838,0
h1,h36,109.800,0
h1,h37,111.439,0
h1,h38,103.450,0
h1,h39,112.217,0
h1,h2,99.338,0
h1,h3,100.118,0
h1,h4,92.368,0
h1,h5,97.426,0
h1,h6,103.808,0
h1,h7,95.027,0
h1,h8,92.879,0
h1,h9,96.484,0
h1,h10,103.414,0
h1,h11,104.680,0
h1,h12,94.935,0
h1,h13,106.115,0
h1,h14,98.955,0
h1,h15,106.336,0
h1,h16,92.585,0
h1,h17,106.626,0
h1,h18,102.994,0
h1,h19,105.322,0
h1,h20,104.881,0
h1,h21,107.219,0
h1,h22,109.206,0
h1,h23,108.467,0
h1,h24,106.486,0
h1,h25,92.356,0
h1,h26,101.707,0
h1,h27,108.664,0
h1,h28,103.042,0
h1,h29,99.419,0
h1,h30,97.176,0
h1,h31,105.109,0
h1,h32,102.369,0
h1,h33,105.142,0
h1,h34,89.933,0
h1,h35,103.985,0
h1,h36,101.752,0
h1,h37,101.470,0
h1,h38,98.778,0
h1,h39,104.076,0
h1,h2,106.176,0
h1,h3,110.211,0
h1,h4,91.890,0
h1,h5,98.745,0
h1,h6,93.580,0
h1,h7,103.225,0
h1,h8,105.762,0
h1,h9,101.211,0
h1,h10,104.665,0
h1,h11,114.461,0
h1,h12,96.798,0
h1,h13,101.577,0
h1,h14,103.116,0
h1,h15,93.811,0
h1,h16,101.830,0
h1,h17,95.916,0
h1,h18,99.479,0
h1,h19,156.701,0
h1,h20,101.145,0
h1,h21,101.697,0
h1,h22,101.828,0
h1,h23,105.175,0
h1,h24,104.220,0
h1,h25,104.016,0
h1,h26,106.730,0
h1,h27,107.772,0
h1,h28,101.708,0
h1,h29,94.347,0
h1,h30,97.013,0
h1,h31,99.007,0
h1,h32,103.922,0
h1,h33,90.642,0
h1,h34,99.009,0
h1,h35,123.347,0
h1,h36,104.882,0
h1,h37,130.490,0
h1,h38,99.148,0
h1,h39,105.212,0
h1,h2,111.989,0
h1,h3,102.576,0
h1,h4,94.165,0
h1,h5,104.729,0
h1,h6,107.408,0
h1,h7,99.394,0
h1,h8,99.540,0
h1,h9,103.064,0
h1,h10,121.037,0
h1,h11,112.917,0
h1,h12,109.960,0
h1,h13,117.582,0
h1,h14,109.918,0
h1,h15,119.724,0
h1,h16,106.422,0
h1,h17,108.497,0
h1,h18,104.692,0
h1,h19,108.684,0
h1,h20,111.546,0
h1,h21,107.446,0
h1,h22,105.657,0
h1,h23,100.604,0
h1,h24,120.753,0
h1,h25,100.933,0
h1,h26,103.858,0
h1,h27,95.041,0
h1,h28,102.939,0
h1,h29,97.727,0
h1,h30,109.990,0
h1,h31,106.562,0
h1,h32,107.726,0
h1,h33,109.295,0
h1,h34,104.207,0
h1,h35,93.130,0
h1,h36,112.375,0
h1,h37,106.726,0
h1,h38,118.731,0
h1,h39,103.214,0
h1,h2,99.933,0
h1,h3,96.090,0
h1,h4,104.931,0
h1,h5,100.378,0
h1,h6,97.917,0
h1,h7,100.562,0
h1,h8,103.601,0
h1,h9,96.364,0
h1,h10,112.683,0
h1,h11,110.787,0
h1,h12,101.022,0
h1,h13,105.389,0
h1,h14,109.421,0
h1,h15,102.039,0
h1,h16,92.446,0
h1,h17,100.679,0
h1,h18,93.773,0
h1,h19,103.987,0
h1,h20,95.771,0
h1,h21,98.349,0
h1,h22,97.839,0
h1,h23,106.078,0
h1,h24,97.995,0
h1,h25,101.053,0
h1,h26,101.769,0
h1,h27,98.634,0
h1,h28,99.539,0
h1,h29,94.495,0
h1,h30,101.828,0
h1,h31,113.446,0
h1,h32,106.033,0
h1,h33,114.067,0
h1,h34,101.780,0
h1,h35,98.672,0
h1,h36,104.551,0
h1,h37,96.370,0
h1,h38,94.318,0
h1,h39,99.277,0
h1,h2,107.332,0
h1,h3,101.848,0
h1,h4,100.040,0
h1,h5,98.493,0
h1,h6,99.992,0
h1,h7,103.293,0
h1,h8,93.878,0
h1,h9,98.790,0
h1,h10,98.533,0
h1,h11,93.015,0
h1,h12,96.241,0
h1,h13,96.830,0
h1,h14,97.708,0
h1,h15,95.125,0
h1,h16,94.631,0
h1,h17,92.207,0
h1,h18,98.058,0
h1,h19,98.143,0
h1,h20,94.961,0
h1,h21,94.923,0
h1,h22,95.183,0
h1,h23,99.094,0
h1,h24,102.003,0
h1,h25,100.344,0
h1,h26,97.503,0
h1,h27,101.289,0
h1,h28,99.139,0
h1,h29,92.374,0
h1,h30,100.305,0
h1,h31,97.148,0
h1,h32,98.434,0
h1,h33,102.414,0
h1,h34,99.853,0
h1,h35,129.834,0
h1,h36,114.081,0
h1,h37,110.658,0
h1,h38,119.109,0
h1,h39,109.570,0
h1,h2,109.532,0
h1,h3,114.067,0
h1,h4,92.391,0
h1,h5,111.309,0
h1,h6,98.375,0
h1,h7,115.116,0
h1,h8,112.819,0
h1,h9,114.060,0
h1,h10,98.856,0
h1,h11,106.138,0
h1,h12,101.866,0
h1,h13,107.374,0
h1,h14,110.696,0
h1,h15,94.763,0
h1,h16,112.029,0
h1,h17,104.483,0
h1,h18,117.429,0
h1,h19,107.407,0
h1,h20,106.503,0
h1,h21,111.678,0
h1,h22,114.273,0
h1,h23,100.727,0
h1,h24,113.568,0
h1,h25,112.645,0
h1,h26,117.077,0
h1,h27,106.956,0
h1,h28,120.860,0
h1,h29,105.776,0
h1,h30,114.128,0
h1,h31,106.042,0
h1,h32,114.962,0
h1,h33,106.629,0
h1,h34,106.322,0
h1,h35,96.606,0
h1,h36,95.453,0
h1,h37,108.424,0
h1,h38,95.509,0
h1,h39,95.596,0
h1,h2,99.904,0
h1,h3,96.350,0
h1,h4,97.997,0
h1,h5,100.737,0
h1,h6,102.891,0
h1,h7,105.304,0
h1,h8,99.897,0
h1,h9,104.614,0
h1,h10,104.910,0
h1,h11,97.872,0
h1,h12,100.563,0
h1,h13,101.594,0
h1,h14,109.000,0
h1,h15,99.523,0
h1,h16,103.829,0
h1,h17,98.462,0
h1,h18,109.574,0
h1,h19,101.190,0
h1,h20,101.512,0
h1,h21,103.498,0
h1,h22,101.694,0
h1,h23,98.518,0
h1,h24,94.646,0
h1,h25,96.171,0
h1,h26,95.284,0
h1,h27,100.905,0
h1,h28,110.274,0
h1,h29,111.046,0
h1,h30,94.973,0
h1,h31,107.543,0
h1,h32,107.780,0
h1,h33,107.133,0
h1,h34,100.508,0
h1,h35,104.712,0
h1,h36,108.708,0
h1,h37,117.199,0
h1,h38,106.697,0
h1,h39,95.616,0
h1,h2,100.321,0
h1,h3,96.529,0
h1,h4,92.304,0
h1,h5,95.100,0
h1,h6,95.340,0
h1,h7,94.986,0
h1,h8,99.962,0
h1,h9,95.793,0
h1,h10,94.926,0
h1,h11,98.097,0
h1,h12,95.862,0
h1,h13,91.873,0
h1,h14,92.639,0
h1,h15,91.432,0
h1,h16,107.588,0
h1,h17,126.109,0
h1,h18,125.376,0
h1,h19,98.984,0
h1,h20,115.926,0
h1,h21,102.073,0
h1,h22,108.736,0
h1,h23,96.218,0
h1,h24,101.227,0
h1,h25,103.712,0
h1,h26,104.707,0
h1,h27,104.761,0
h1,h28,99.703,0
h1,h29,109.956,0
h1,h30,106.346,0
h1,h31,103.053,0
h1,h32,101.682,0
h1,h33,102.905,0
h1,h34,105.271,0
h1,h35,97.856,0
h1,h36,100.498,0
h1,h37,101.887,0
h1,h38,96.772,0
h1,h39,99.654,0
h1,h2,114.222,0
h1,h3,106.707,0
h1,h4,99.461,0
h1,h5,111.095,0
h1,h6,108.997,0
h1,h7,93.988,0
h1,h8,99.319,0
h1,h9,105.845,0
h1,h10,110.088,0
h1,h11,107.287,0
h1,h12,96.357,0
h1,h13,101.465,0
h1,h14,112.203,0
h1,h15,104.684,0
h1,h16,104.519,0
h1,h17,108.145,0
h1,h18,101.998,0
h1,h19,104.912,0
h1,h20,102.536,0
h1,h21,99.960,0
h1,h22,94.007,0
h1,h23,100.828,0
h1,h24,115.151,0
h1,h25,99.746,0
h1,h26,98.290,0
h1,h27,108.079,0
h1,h28,97.756,0
h1,h29,111.731,0
h1,h30,98.078,0
h1,h31,104.293,0
h1,h32,104.246,0
h1,h33,94.057,0
h1,h34,101.512,0
h1,h35,102.702,0
h1,h36,122.344,0
h1,h37,109.806,0
h1,h38,100.390,0
h1,h39,102.778,0
h1,h2,113.265,0
h1,h3,103.080,0
h1,h4,112.093,0
h1,h5,98.154,0
h1,h6,95.800,0
h1,h7,101.080,0
h1,h8,99.099,0
h1,h9,99.852,0
h1,h10,106.048,0
h1,h11,92.549,0
h1,h12,105.468,0
h1,h13,103.739,0
h1,h14,100.494,0
h1,h15,104.470,0
h1,h16,102.140,0
h1,h17,97.470,0
h1,h18,100.236,0
h1,h19,103.278,0
h1,h20,103.318,0
h1,h21,102.278,0
h1,h22,96.419,0
h1,h23,106.916,0
h1,h24,98.547,0
h1,h25,101.808,0
h1,h26,106.107,0
h1,h27,107.440,0
h1,h28,104.560,0
h1,h29,100.953,0
h1,h30,95.295,0
h1,h31,94.105,0
h1,h32,96.557,0
h1,h33,99.665,0
h1,h34,100.703,0
h1,h35,100.751,0
h1,h36,101.485,0
h1,h37,100.749,0
h1,h38,101.448,0
h1,h39,93.338,0
h1,h2,98.557,0
h1,h3,99.302,0
h1,h4,94.372,0
h1,h5,96.477,0
h1,h6,98.706,0
h1,h7,100.039,0
h1,h8,101.743,0
h1,h9,115.478,0
h1,h10,115.512,0
h1,h11,112.553,0
h1,h12,128.786,0
h1,h13,114.172,0
h1,h14,137.338,0
h1,h15,109.650,0
h1,h16,114.922,0
h1,h17,107.737,0
h1,h18,114.294,0
h1,h19,121.810,0
h1,h20,117.504,0
h1,h21,124.857,0
h1,h22,126.515,0
h1,h23,121.089,0
h1,h24,106.500,0
h1,h25,107.222,0
h1,h26,109.290,0
h1,h27,120.990,0
h1,h28,114.698,0
h1,h29,105.542,0
h1,h30,112.522,0
h1,h31,117.709,0
h1,h32,111.912,0
h1,h33,109.404,0
h1,h34,101.590,0
h1,h35,116.285,0
h1,h36,106.583,0
h1,h37,105.380,0
h1,h38,99.538,0
h1,h39,132.576,0
h1,h2,105.025,0
h1,h3,104.804,0
h1,h4,98.879,0
h1,h5,116.911,0
h1,h6,118.152,0
h1,h7,119.357,0
h1,h8,113.133,0
h1,h9,96.878,0
h1,h10,106.921,0
h1,h11,101.585,0
h1,h12,101.875,0
h1,h13,104.299,0
h1,h14,103.405,0
h1,h15,102.130,0
h1,h16,100.928,0
h1,h17,99.414,0
h1,h18,103.371,0
h1,h19,95.776,0
h1,h20,103.890,0
h1,h21,95.701,0
h1,h22,101.885,0
h1,h23,105.696,0
h1,h24,94.254,0
h1,h25,102.824,0
h1,h26,102.455,0
h1,h27,93.716,0
h1,h28,105.956,0
h1,h29,108.439,0
h1,h30,103.679,0
h1,h31,106.128,0
h1,h32,103.610,0
h1,h33,97.094,0
h1,h34,101.748,0
h1,h35,109.821,0
h1,h36,105.754,0
h1,h37,106.462,0
h1,h38,98.222,0
h1,h39,107.656,0
h1,h2,104.629,0
h1,h3,105.031,0
h1,h4,98.581,0
h1,h5,100.338,0
h1,h6,103.555,0
h1,h7,98.062,0
h1,h8,105.405,0
h1,h9,102.758,0
h1,h10,106.874,0
h1,h11,101.833,0
h1,h12,96.748,0
h1,h13,102.996,0
h1,h14,100.076,0
h1,h15,105.486,0
h1,h16,98.062,0
h1,h17,93.813,0
h1,h18,114.006,0
h1,h19,104.175,0
h1,h20,101.335,0
h1,h21,96.632,0
h1,h22,99.143,0
h1,h23,105.480,0
h1,h24,94.740,0
h1,h25,99.668,0
h1,h26,101.402,0
h1,h27,97.392,0
h1,h28,92.450,0
h1,h29,99.051,0
h1,h30,99.830,0
h1,h31,97.773,0
h1,h32,93.169,0
h1,h33,96.414,0
h1,h34,96.308,0
h1,h35,96.668,0
h1,h36,92.030,0
h1,h37,95.438,0
h1,h38,97.130,0
h1,h39,102.808,0
h1,h2,110.682,0
h1,h3,103.276,0
h1,h4,107.430,0
h1,h5,115.849,0
h1,h6,104.944,0
h1,h7,104.279,0
h1,h8,94.064,0
h1,h9,96.059,0
h1,h10,91.262,0
h1,h11,102.085,0
h1,h12,107.907,0
h1,h13,99.332,0
h1,h14,104.967,0
h1,h15,95.717,0
h1,h16,91.594,0
h1,h17,97.185,0
h1,h18,107.451,0
h1,h19,107.022,0
h1,h20,94.718,0
h1,h21,110.914,0
h1,h22,102.163,0
h1,h23,104.365,0
h1,h24,110.046,0
h1,h25,95.635,0
h1,h26,119.029,0
h1,h27,98.369,0
h1,h28,112.434,0
h1,h29,101.575,0
h1,h30,92.618,0
h1,h31,110.606,0
h1,h32,110.006,0
h1,h33,93.840,0
h1,h34,112.401,0
h1,h35,116.864,0
h1,h36,95.110,0
h1,h37,111.168,0
h1,h38,94.467,0
h1,h39,105.743,0
h1,h2,104.188,0
h1,h3,111.069,0
h1,h4,108.201,0
h1,h5,96.790,0
h1,h6,102.067,0
h1,h7,107.148,0
h1,h8,91.269,0
h1,h9,92.543,0
h1,h10,96.992,0
h1,h11,100.150,0
h1,h12,103.378,0
h1,h13,91.320,0
h1,h14,95.225,0
h1,h15,94.005,0
h1,h16,100.977,0
h1,h17,92.040,0
h1,h18,105.126,0
h1,h19,105.153,0
h1,h20,104.631,0
h1,h21,96.393,0
h1,h22,102.336,0
h1,h23,103.367,0
h1,h24,108.678,0
h1,h25,96.573,0
h1,h26,104.900,0
h1,h27,111.962,0
h1,h28,104.076,0
h1,h29,103.264,0
h1,h30,101.922,0
h1,h31,97.611,0
h1,h32,92.318,0
h1,h33,94.209,0
h1,h34,96.278,0
h1,h35,96.230,0
h1,h36,96.513,0
h1,h37,100.687,0
h1,h38,98.989,0
h1,h39,99.785,0
h1,h2,96.582,0
h1,h3,100.249,0
h1,h4,103.303,0
h1,h5,104.949,0
h1,h6,102.195,0
h1,h7,100.871,0
h1,h8,102.400,0
h1,h9,105.969,0
h1,h10,99.438,0
h1,h11,101.990,0
h1,h12,110.366,0
h1,h13,108.759,0
h1,h14,98.338,0
h1,h15,108.270,0
h1,h16,102.800,0
h1,h17,103.657,0
h1,h18,90.409,0
h1,h19,92.656,0
h1,h20,112.132,0
h1,h21,90.473,0
h1,h22,105.872,0
h1,h23,101.303,0
h1,h24,93.433,0
h1,h25,116.771,0
h1,h26,103.552,0
h1,h27,101.982,0
h1,h28,99.220,0
h1,h29,103.152,0
h1,h30,96.411,0
h1,h31,98.065,0
h1,h32,101.804,0
h1,h33,98.437,0
h1,h34,99.460,0
h1,h35,99.601,0
h1,h36,93.019,0
h1,h37,96.073,0
h1,h38,92.240,0
h1,h39,99.196,0
h1,h2,118.637,0
h1,h3,104.198,0
h1,h4,117.954,0
h1,h5,113.029,0
h1,h6,137.007,0
h1,h7,102.091,0
h1,h8,106.145,0
h1,h9,116.923,0
h1,h10,109.566,0
h1,h11,115.713,0
h1,h12,101.650,0
h1,h13,111.448,0
h1,h14,109.429,0
h1,h15,111.730,0
h1,h16,120.299,0
h1,h17,111.209,0
h1,h18,115.288,0
h1,h19,124.475,0
h1,h20,116.534,0
h1,h21,109.439,0
h1,h22,134.792,0
h1,h23,110.988,0
h1,h24,110.010,0
h1,h25,110.118,0
h1,h26,120.567,0
h1,h27,110.397,0
h1,h28,113.291,0
h1,h29,105.112,0
h1,h30,118.474,0
h1,h31,95.413,0
h1,h32,106.587,0
h1,h33,105.231,0
h1,h34,97.596,0
h1,h35,106.764,0
h1,h36,106.581,0
h1,h37,110.965,0
h1,h38,93.229,0
h1,h39,112.840,0
h1,h2,94.151,0
h1,h3,103.573,0
h1,h4,104.286,0
h1,h5,97.264,0
h1,h6,104.261,0
h1,h7,96.797,0
h1,h8,95.390,0
h1,h9,97.931,0
h1,h10,98.164,0
h1,h11,100.355,0
h1,h12,97.183,0
h1,h13,96.336,0
h1,h14,95.409,0
h1,h15,96.328,0
h1,h16,97.910,0
h1,h17,92.587,0
h1,h18,93.201,0
h1,h19,95.826,0
h1,h20,100.782,0
h1,h21,101.382,0
h1,h22,98.839,0
h1,h23,97.514,0
h1,h24,99.470,0
h1,h25,105.146,0
h1,h26,100.094,0
h1,h27,90.631,0
h1,h28,103.673,0
h1,h29,97.657,0
h1,h30,101.857,0
h1,h31,114.441,0
h1,h32,98.439,0
h1,h33,100.259,0
h1,h34,95.740,0
h1,h35,105.899,0
h1,h36,93.130,0
h1,h37,99.625,0
h1,h38,92.318,0
h1,h39,102.536,0
h1,h2,97.580,0
h1,h3,102.136,0
h1,h4,99.749,0
h1,h5,98.169,0
h1,h6,107.966,0
h1,h7,103.223,0
h1,h8,98.303,0
h1,h9,106.687,0
h1,h10,96.902,0
h1,h11,99.721,0
h1,h12,101.341,0
h1,h13,101.011,0
h1,h14,99.464,0
h1,h15,106.404,0
h1,h16,103.234,0
h1,h17,100.359,0
h1,h18,98.903,0
h1,h19,91.366,0
h1,h20,91.801,0
h1,h21,99.813,0
h1,h22,94.258,0
h1,h23,96.778,0
h1,h24,92.310,0
h1,h25,98.257,0
h1,h26,100.029,0
h1,h27,100.318,0
h1,h28,101.054,0
h1,h29,97.105,0
h1,h30,95.660,0
h1,h31,93.555,0
h1,h32,99.544,0
h1,h33,95.473,0
h1,h34,101.554,0
h1,h35,99.258,0
h1,h36,100.926,0
h1,h37,100.883,0
h1,h38,96.343,0
h1,h39,97.749,0
h1,h2,98.001,0
h1,h3,102.045,0
h1,h4,106.672,0
h1,h5,106.437,0
h1,h6,110.693,0
h1,h7,95.982,0
h1,h8,114.037,0
h1,h9,90.838,0
h1,h10,102.601,0
h1,h11,101.999,0
h1,h12,102.939,0
h1,h13,114.179,0
h1,h14,97.024,0
h1,h15,104.618,0
h1,h16,93.572,0
h1,h17,115.143,0
h1,h18,106.045,0
h1,h19,104.254,0
h1,h20,123.957,0
h1,h21,116.866,0
h1,h22,119.992,0
h1,h23,111.480,0
h1,h24,102.449,0
h1,h25,122.945,0
h1,h26,103.379,0
h1,h27,104.344,0
h1,h28,100.114,0
h1,h29,135.328,0
h1,h30,102.505,0
h1,h31,96.121,0
h1,h32,108.906,0
h1,h33,106.160,0
h1,h34,117.011,0
h1,h35,107.302,0
h1,h36,93.169,0
h1,h37,111.233,0
h1,h38,97.112,0
h1,h39,111.246,0
h1,h2,98.718,0
h1,h3,101.849,0
h1,h4,99.466,0
h1,h5,103.163,0
h1,h6,93.530,0
h1,h7,93.213,0
h1,h8,104.825,0
h1,h9,106.505,0
h1,h10,104.370,0
h1,h11,98.372,0
h1,h12,95.497,0
h1,h13,95.953,0
h1,h14,104.298,0
h1,h15,101.822,0
h1,h16,95.640,0
h1,h17,111.096,0
h1,h18,101.935,0
h1,h19,92.756,0
h1,h20,106.187,0
h1,h21,105.477,0
h1,h22,107.368,0
h1,h23,95.265,0
h1,h24,100.847,0
h1,h25,94.900,0
h1,h26,103.503,0
h1,h27,104.877,0
h1,h28,93.208,0
h1,h29,94.378,0
h1,h30,107.455,0
h1,h31,103.761,0
h1,h32,103.134,0
h1,h33,99.067,0
h1,h34,102.956,0
h1,h35,101.505,0
h1,h36,107.806,0
h1,h37,113.651,0
h1,h38,109.989,0
h1,h39,102.485,0
h1,h2,96.996,0
h1,h3,101.482,0
h1,h4,101.826,0
h1,h5,99.002,0
h1,h6,97.759,0
h1,h7,98.314,0
h1,h8,102.076,0
h1,h9,100.798,0
h1,h10,93.103,0
h1,h11,96.110,0
h1,h12,93.090,0
h1,h13,96.489,0
h1,h14,93.321,0
h1,h15,97.394,0
h1,h16,93.715,0
h1,h17,99.443,0
h1,h18,100.442,0
h1,h19,101.652,0
h1,h20,99.979,0
h1,h21,92.578,0
h1,h22,98.254,0
h1,h23,103.702,0
h1,h24,126.650,0
h1,h25,116.376,0
h1,h26,142.529,0
h1,h27,113.775,0
h1,h28,110.841,0
h1,h29,145.882,0
h1,h30,110.199,0
h1,h31,114.272,0
h1,h32,111.229,0
h1,h33,111.715,0
h1,h34,115.080,0
h1,h35,117.689,0
h1,h36,145.096,0
h1,h37,120.340,0
h1,h38,93.468,0
h1,h39,110.108,0
h1,h2,114.177,0
h1,h3,93.484,0
h1,h4,122.179,0
h1,h5,106.916,0
h1,h6,108.264,0
h1,h7,104.243,0
h1,h8,104.302,0
h1,h9,91.821,0
h1,h10,110.297,0
h1,h11,102.243,0
h1,h12,91.342,0
h1,h13,108.941,0
h1,h14,113.039,0
h1,h15,93.854,0
h1,h16,109.206,0
h1,h17,107.658,0
h1,h18,117.852,0
h1,h19,106.443,0
h1,h20,99.267,0
h1,h21,101.099,0
h1,h22,100.314,0
h1,h23,103.513,0
h1,h24,103.645,0
h1,h25,103.325,0
h1,h26,91.370,0
h1,h27,122.736,0
h1,h28,101.218,0
h1,h29,101.968,0
h1,h30,107.991,0
h1,h31,105.364,0
h1,h32,101.394,0
h1,h33,101.722,0
h1,h34,92.022,0
h1,h35,97.305,0
h1,h36,101.141,0
h1,h37,99.366,0
h1,h38,102.317,0
h1,h39,104.322,0
h1,h2,99.269,0
h1,h3,103.000,0
h1,h4,113.040,0
h1,h5,106.652,0
h1,h6,101.848,0
h1,h7,105.144,0
h1,h8,98.008,0
h1,h9,97.785,0
h1,h10,98.835,0
h1,h11,102.175,0
h1,h12,95.447,0
h1,h13,96.661,0
h1,h14,110.153,0
h1,h15,104.253,0
h1,h16,101.854,0
h1,h17,96.323,0
h1,h18,92.276,0
h1,h19,105.742,0
h1,h20,105.267,0
h1,h21,107.373,0
h1,h22,92.257,0
h1,h23,98.665,0
h1,h24,108.573,0
h1,h25,96.856,0
h1,h26,112.506,0
h1,h27,106.344,0
h1,h28,100.782,0
h1,h29,101.621,0
h1,h30,99.444,0
h1,h31,92.164,0
h1,h32,95.703,0
h1,h33,100.661,0
h1,h34,105.090,0
h1,h35,100.232,0
h1,h36,92.854,0
h1,h37,106.104,0
h1,h38,105.786,0
h1,h39,97.845,0
h1,h2,97.636,0
h1,h3,99.775,0
h1,h4,98.271,0
h1,h5,96.852,0
h1,h6,96.130,0
h1,h7,96.932,0
h1,h8,99.667,0
h1,h9,98.296,0
h1,h10,96.198,0
h1,h11,100.199,0
h1,h12,100.546,0
h1,h13,109.830,0
h1,h14,96.114,0
h1,h15,93.590,0
h1,h16,93.511,0
h1,h17,94.658,0
h1,h18,91.497,0
h1,h19,97.824,0
h1,h20,122.156,0
h1,h21,120.650,0
h1,h22,120.460,0
h1,h23,104.730,0
h1,h24,111.810,0
h1,h25,117.423,0
h1,h26,110.327,0
h1,h27,96.360,0
h1,h28,112.617,0
h1,h29,92.299,0
h1,h30,99.022,0
h1,h31,109.785,0
h1,h32,106.732,0
h1,h33,99.031,0
h1,h34,104.064,0
h1,h35,106.379,0
h1,h36,102.857,0
h1,h37,98.115,0
h1,h38,98.117,0
h1,h39,105.882,0
h1,h2,111.189,0
h1,h3,98.635,0
h1,h4,105.586,0
h1,h5,105.227,0
h1,h6,109.887,0
h1,h7,122.392,0
h1,h8,102.001,0
h1,h9,96.512,0
h1,h10,95.677,0
h1,h11,123.351,0
h1,h12,106.664,0
h1,h13,108.288,0
h1,h14,121.452,0
h1,h15,114.347,0
h1,h16,103.736,0
h1,h17,113.024,0
h1,h18,108.683,0
h1,h19,109.301,0
h1,h20,117.336,0
h1,h21,94.535,0
h1,h22,100.061,0
h1,h23,101.524,0
h1,h24,124.696,0
h1,h25,130.057,0
h1,h26,111.016,0
h1,h27,107.844,0
h1,h28,111.159,0
h1,h29,108.727,0
h1,h30,96.947,0
h1,h31,98.335,0
h1,h32,106.939,0
h1,h33,114.318,0
h1,h34,102.802,0
h1,h35,102.069,0
h1,h36,95.661,0
h1,h37,104.442,0
h1,h38,101.408,0
h1,h39,96.895,0
h1,h2,94.117,0
h1,h3,106.386,0
h1,h4,109.550,0
h1,h5,95.664,0
h1,h6,92.652,0
h1,h7,98.912,0
h1,h8,104.394,0
h1,h9,101.336,0
h1,h10,105.233,0
h1,h11,111.261,0
h1,h12,98.297,0
h1,h13,98.780,0
h1,h14,90.052,0
h1,h15,107.831,0
h1,h16,110.920,0
h1,h17,107.419,0
h1,h18,104.241,0
h1,h19,99.747,0
h1,h20,93.073,0
h1,h21,109.723,0
h1,h22,113.456,0
h1,h23,107.859,0
h1,h24,99.512,0
h1,h25,97.060,0
h1,h26,108.120,0
h1,h27,106.944,0
h1,h28,96.465,0
h1,h29,98.845,0
h1,h30,96.529,0
h1,h31,103.680,0
h1,h32,102.622,0
h1,h33,111.309,0
h1,h34,102.161,0
h1,h35,105.096,0
h1,h36,99.785,0
h1,h37,102.389,0
h1,h38,100.619,0
h1,h39,100.249,0
h1,h2,96.131,0
h1,h3,106.001,0
h1,h4,98.636,0
h1,h5,130.106,0
h1,h6,132.377,0
h1,h7,108.735,0
h1,h8,101.241,0
h1,h9,106.684,0
h1,h10,106.407,0
h1,h11,102.740,0
h1,h12,112.794,0
h1,h13,96.785,0
h1,h14,104.330,0
h1,h15,106.871,0
h1,h16,93.726,0
h1,h17,113.340,0
h1,h18,119.570,0
h1,h19,99.620,0
h1,h20,99.166,0
h1,h21,111.584,0
h1,h22,99.591,0
h1,h23,98.603,0
h1,h24,109.833,0
h1,h25,98.094,0
h1,h26,101.079,0
h1,h27,95.912,0
h1,h28,99.268,0
h1,h29,139.581,0
h1,h30,102.705,0
h1,h31,115.813,0
h1,h32,109.047,0
h1,h33,101.058,0
h1,h34,108.748,0
h1,h35,112.300,0
h1,h36,108.530,0
h1,h37,97.623,0
h1,h38,110.318,0
h1,h39,100.551,0
h1,h2,101.371,0
h1,h3,113.642,0
h1,h4,109.463,0
h1,h5,98.286,0
h1,h6,104.451,0
h1,h7,108.002,0
h1,h8,111.349,0
h1,h9,101.356,0
h1,h10,97.078,0
h1,h11,97.561,0
h1,h12,97.194,0
h1,h13,103.669,0
h1,h14,99.990,0
h1,h15,102.147,0
h1,h16,100.850,0
h1,h17,101.699,0
h1,h18,107.509,0
h1,h19,99.731,0
h1,h20,96.088,0
h1,h21,100.887,0
h1,h22,100.632,0
h1,h23,101.089,0
h1,h24,105.369,0
h1,h25,97.038,0
h1,h26,94.965,0
h1,h27,104.516,0
h1,h28,100.528,0
h1,h29,94.865,0
h1,h30,100.091,0
h1,h31,98.335,0
h1,h32,96.199,0
h1,h33,100.983,0
h1,h34,106.335,0
h1,h35,139.341,0
h1,h36,106.649,0
h1,h37,102.058,0
h1,h38,103.561,0
h1,h39,99.957,0
h1,h2,103.023,0
h1,h3,99.718,0
h1,h4,97.499,0
h1,h5,101.567,0
h1,h6,100.938,0
h1,h7,103.954,0
h1,h8,95.300,0
h1,h9,98.178,0
h1,h10,105.036,0
h1,h11,94.347,0
h1,h12,94.239,0
h1,h13,95.437,0
h1,h14,99.853,0
h1,h15,102.624,0
h1,h16,99.741,0
h1,h17,100.797,0
h1,h18,107.087,0
h1,h19,105.445,0
h1,h20,107.037,0
h1,h21,104.871,0
h1,h22,106.452,0
h1,h23,96.390,0
h1,h24,103.797,0
h1,h25,102.938,0
h1,h26,98.975,0
h1,h27,107.170,0
h1,h28,107.984,0
h1,h29,101.033,0
h1,h30,109.245,0
h1,h31,102.524,0
h1,h32,101.333,0
h1,h33,102.054,0
h1,h34,97.879,0
h1,h35,97.736,0
h1,h36,104.609,0
h1,h37,100.381,0
h1,h38,94.552,0
h1,h39,97.333,0
h1,h2,106.446,0
h1,h3,105.826,0
h1,h4,90.654,0
h1,h5,106.834,0
h1,h6,113.540,0
h1,h7,118.252,0
h1,h8,107.367,0
h1,h9,102.157,0
h1,h10,93.602,0
h1,h11,100.642,0
h1,h12,109.822,0
h1,h13,114.672,0
h1,h14,109.501,0
h1,h15,107.520,0
h1,h16,117.941,0
h1,h17,100.315,0
h1,h18,134.416,0
h1,h19,96.016,0
h1,h20,99.297,0
h1,h21,111.302,0
h1,h22,111.529,0
h1,h23,114.421,0
h1,h24,103.459,0
h1,h25,96.538,0
h1,h26,109.605,0
h1,h27,113.843,0
h1,h28,98.789,0
h1,h29,103.044,0
h1,h30,99.478,0
h1,h31,113.195,0
h1,h32,105.478,0
h1,h33,107.481,0
h1,h34,102.786,0
h1,h35,116.018,0
h1,h36,115.367,0
h1,h37,108.864,0
h1,h38,99.616,0
h1,h39,112.364,0
h1,h2,99.922,0
h1,h3,94.992,0
h1,h4,100.829,0
h1,h5,94.367,0
h1,h6,104.077,0
h1,h7,111.975,0
h1,h8,98.080,0
h1,h9,104.952,0
h1,h10,98.216,0
h1,h11,106.330,0
h1,h12,102.750,0
h1,h13,102.031,0
h1,h14,105.260,0
h1,h15,104.666,0
h1,h16,103.204,0
h1,h17,105.263,0
h1,h18,102.421,0
h1,h19,107.227,0
h1,h20,99.021,0
h1,h21,95.328,0
h1,h22,90.122,0
h1,h23,106.093,0
h1,h24,101.294,0
h1,h25,100.458,0
h1,h26,101.076,0
h1,h27,100.298,0
h1,h28,98.576,0
h1,h29,105.930,0
h1,h30,101.365,0
h1,h31,93.503,0
h1,h32,99.572,0
h1,h33,105.452,0
h1,h34,96.134,0
h1,h35,105.938,0
h1,h36,97.405,0
h1,h37,101.062,0
h1,h38,103.084,0
h1,h39,104.565,0
h1,h2,95.994,0
h1,h3,104.382,0
h1,h4,98.397,0
h1,h5,94.316,0
h1,h6,97.218,0
h1,h7,100.386,0
h1,h8,94.495,0
h1,h9,97.513,0
h1,h10,100.193,0
h1,h11,98.176,0
h1,h12,98.700,0
h1,h13,90.478,0
h1,h14,93.435,0
h1,h15,93.042,0
h1,h16,89.483,0
h1,h17,91.089,0
h1,h18,90.081,0
h1,h19,94.684,0
h1,h20,92.775,0
h1,h21,98.751,0
h1,h22,97.426,0
h1,h23,99.835,0
h1,h24,97.958,0
h1,h25,91.654,0
h1,h26,91.944,0
h1,h27,95.195,0
h1,h28,91.826,0
h1,h29,104.330,0
h1,h30,94.800,0
h1,h31,89.870,0
h1,h32,107.022,0
h1,h33,97.661,0
h1,h34,101.506,0
h1,h35,93.019,0
h1,h36,96.475,0
h1,h37,97.427,0
h1,h38,98.278,0
h1,h39,96.413,0
h1,h2,103.183,0
h1,h3,101.209,0
h1,h4,107.462,0
h1,h5,103.667,0
h1,h6,104.596,0
h1,h7,91.804,0
h1,h8,114.674,0
h1,h9,121.889,0
h1,h10,114.395,0
h1,h11,101.912,0
h1,h12,104.768,0
h1,h13,102.098,0
h1,h14,90.577,0
h1,h15,102.768,0
h1,h16,114.191,0
h1,h17,107.792,0
h1,h18,107.222,0
h1,h19,107.916,0
h1,h20,104.987,0
h1,h21,100.762,0
h1,h22,90.731,0
h1,h23,111.550,0
h1,h24,108.676,0
h1,h25,108.839,0
h1,h26,92.765,0
h1,h27,103.878,0
h1,h28,103.010,0
h1,h29,106.931,0
h1,h30,103.521,0
h1,h31,96.179,0
h1,h32,108.245,0
h1,h33,101.307,0
h1,h34,99.269,0
h1,h35,107.429,0
h1,h36,114.538,0
h1,h37,114.007,0
h1,h38,107.268,0
h1,h39,99.769,0
h1,h2,101.401,0
h1,h3,105.758,0
h1,h4,109.386,0
h1,h5,108.695,0
h1,h6,100.985,0
h1,h7,107.270,0
h1,h8,99.624,0
h1,h9,98.703,0
h1,h10,93.351,0
h1,h11,105.561,0
h1,h12,107.140,0
h1,h13,103.740,0
h1,h14,93.389,0
h1,h15,104.197,0
h1,h16,104.617,0
h1,h17,99.345,0
h1,h18,90.811,0
h1,h19,101.473,0
h1,h20,111.205,0
h1,h21,101.644,0
h1,h22,95.628,0
h1,h23,97.976,0
h1,h24,102.654,0
h1,h25,106.962,0
h1,h26,102.898,0
h1,h27,91.107,0
h1,h28,107.245,0
h1,h29,105.933,0
h1,h30,93.270,0
h1,h31,98.201,0
h1,h32,99.641,0
h1,h33,102.536,0
h1,h34,100.686,0
h1,h35,103.822,0
h1,h36,110.793,0
h1,h37,103.834,0
h1,h38,101.820,0
h1,h39,94.962,0
h1,h2,96.769,0
h1,h3,102.479,0
h1,h4,100.083,0
h1,h5,98.344,0
h1,h6,102.611,0
h1,h7,105.789,0
h1,h8,94.030,0
h1,h9,100.482,0
h1,h10,97.585,0
h1,h11,95.254,0
h1,h12,105.201,0
h1,h13,93.685,0
h1,h14,109.215,0
h1,h15,114.043,0
h1,h16,97.037,0
h1,h17,103.235,0
h1,h18,99.297,0
h1,h19,99.132,0
h1,h20,101.345,0
h1,h21,103.536,0
h1,h22,92.456,0
h1,h23,102.654,0
h1,h24,100.079,0
h1,h25,111.029,0
h1,h26,97.738,0
h1,h27,101.088,0
h1,h28,95.456,0
h1,h29,97.627,0
h1,h30,103.486,0
h1,h31,103.062,0
h1,h32,98.912,0
h1,h33,99.696,0
h1,h34,102.775,0
h1,h35,96.086,0
h1,h36,121.211,0
h1,h37,122.075,0
h1,h38,115.991,0
h1,h39,93.741,0
h1,h2,107.547,0
h1,h3,93.313,0
h1,h4,117.341,0
h1,h5,98.883,0
h1,h6,108.470,0
h1,h7,101.602,0
h1,h8,107.097,0
h1,h9,109.411,0
h1,h10,94.156,0
h1,h11,105.961,0
h1,h12,119.933,0
h1,h13,111.308,0
h1,h14,102.631,0
h1,h15,111.188,0
h1,h16,103.812,0
h1,h17,108.997,0
h1,h18,111.424,0
h1,h19,111.876,0
h1,h20,100.698,0
h1,h21,113.649,0
h1,h22,103.625,0
h1,h23,121.894,0
h1,h24,115.803,0
h1,h25,106.412,0
h1,h26,109.589,0
h1,h27,103.282,0
h1,h28,121.015,0
h1,h29,124.349,0
h1,h30,97.320,0
h1,h31,115.328,0
h1,h32,124.133,0
h1,h33,112.754,0
h1,h34,110.254,0
h1,h35,104.148,0
h1,h36,108.072,0
h1,h37,99.115,0
h1,h38,105.320,0
h1,h39,102.909,0
h1,h2,103.059,0
h1,h3,103.665,0
h1,h4,96.614,0
h1,h5,95.605,0
h1,h6,98.515,0
h1,h7,99.060,0
h1,h8,93.941,0
h1,h9,96.372,0
h1,h10,91.460,0
h1,h11,93.629,0
h1,h12,102.437,0
h1,h13,90.427,0
h1,h14,92.052,0
h1,h15,99.130,0
h1,h16,101.465,0
h1,h17,103.242,0
h1,h18,105.364,0
h1,h19,95.199,0
h1,h20,101.250,0
h1,h21,105.092,0
h1,h22,101.287,0
h1,h23,96.094,0
h1,h24,108.293,0
h1,h25,104.321,0
h1,h26,100.306,0
h1,h27,102.119,0
h1,h28,92.414,0
h1,h29,93.018,0
h1,h30,101.906,0
h1,h31,106.752,0
h1,h32,94.963,0
h1,h33,102.847,0
h1,h34,91.151,0
h1,h35,103.364,0
h1,h36,100.211,0
h1,h37,92.199,0
h1,h38,101.506,0
h1,h39,90.983,0
h1,h2,98.632,0
h1,h3,103.230,0
h1,h4,95.271,0
h1,h5,96.557,0
h1,h6,95.047,0
h1,h7,92.482,0
h1,h8,99.737,0
h1,h9,95.753,0
h1,h10,101.194,0
h1,h11,92.497,0
h1,h12,96.963,0
h1,h13,95.494,0
h1,h14,99.223,0
h1,h15,96.271,0
h1,h16,98.894,0
h1,h17,100.164,0
h1,h18,95.759,0
h1,h19,98.289,0
h1,h20,104.705,0
h1,h21,106.598,0
h1,h22,95.521,0
h1,h23,103.298,0
h1,h24,95.265,0
h1,h25,102.432,0
h1,h26,93.533,0
h1,h27,104.900,0
h1,h28,99.871,0
h1,h29,136.549,0
h1,h30,100.314,0
h1,h31,124.287,0
h1,h32,116.949,0
h1,h33,95.130,0
h1,h34,110.118,0
h1,h35,124.567,0
h1,h36,122.608,0
h1,h37,116.286,0
h1,h38,113.110,0
h1,h39,105.903,0
h1,h2,111.674,0
h1,h3,104.267,0
h1,h4,107.266,0
h1,h5,99.519,0
h1,h6,101.878,0
h1,h7,108.760,0
h1,h8,99.245,0
h1,h9,110.743,0
h1,h10,91.478,0
h1,h11,104.880,0
h1,h12,95.882,0
h1,h13,111.957,0
h1,h14,108.696,0
h1,h15,107.444,0
h1,h16,119.371,0
h1,h17,109.549,0
h1,h18,108.026,0
h1,h19,98.302,0
h1,h20,103.239,0
h1,h21,105.411,0
h1,h22,112.226,0
h1,h23,92.914,0
h1,h24,101.334,0
h1,h25,111.772,0
h1,h26,116.452,0
h1,h27,119.027,0
h1,h28,110.341,0
h1,h29,124.098,0
h1,h30,106.728,0
h1,h31,104.327,0
h1,h32,108.043,0
h1,h33,108.489,0
h1,h34,107.536,0
h1,h35,99.782,0
h1,h36,107.378,0
h1,h37,93.984,0
h1,h38,105.816,0
h1,h39,95.957,0
h1,h2,101.821,0
h1,h3,100.889,0
h1,h4,97.731,0
h1,h5,92.563,0
h1,h6,104.991,0
h1,h7,111.135,0
h1,h8,107.335,0
h1,h9,92.067,0
h1,h10,96.294,0
h1,h11,95.326,0
h1,h12,110.285,0
h1,h13,106.613,0
h1,h14,98.482,0
h1,h15,99.304,0
h1,h16,107.945,0
h1,h17,108.178,0
h1,h18,103.928,0
h1,h19,91.246,0
h1,h20,103.789,0
h1,h21,102.341,0
h1,h22,107.675,0
h1,h23,92.216,0
h1,h24,109.124,0
h1,h25,102.934,0
h1,h26,118.806,0
h1,h27,96.415,0
h1,h28,104.903,0
h1,h29,107.455,0
h1,h30,113.948,0
h1,h31,104.604,0
h1,h32,99.154,0
h1,h33,108.468,0
h1,h34,106.408,0
h1,h35,96.247,0
h1,h36,93.467,0
h1,h37,101.629,0
h1,h38,107.088,0
h1,h39,89.454,0
h1,h2,119.696,0
h1,h3,118.833,0
h1,h4,128.025,0
h1,h5,119.507,0
h1,h6,102.080,0
h1,h7,111.245,0
h1,h8,104.753,0
h1,h9,114.397,0
h1,h10,112.290,0
h1,h11,120.704,0
h1,h12,93.435,0
h1,h13,94.637,0
h1,h14,111.420,0
h1,h15,111.240,0
h1,h16,109.677,0
h1,h17,109.829,0
h1,h18,114.795,0
h1,h19,111.936,0
h1,h20,106.355,0
h1,h21,105.939,0
h1,h22,110.366,0
h1,h23,103.552,0
h1,h24,103.090,0
h1,h25,107.988,0
h1,h26,123.719,0
h1,h27,107.541,0
h1,h28,112.885,0
h1,h29,115.022,0
h1,h30,109.291,0
h1,h31,114.869,0
h1,h32,111.680,0
h1,h33,113.811,0
h1,h34,104.969,0
h1,h35,105.875,0
h1,h36,105.532,0
h1,h37,97.993,0
h1,h38,154.224,0
h1,h39,105.757,0
h1,h2,103.142,0
h1,h3,118.809,0
h1,h4,101.330,0
h1,h5,101.526,0
h1,h6,93.162,0
h1,h7,108.298,0
h1,h8,108.413,0
h1,h9,102.203,0
h1,h10,95.292,0
h1,h11,104.082,0
h1,h12,96.115,0
h1,h13,94.685,0
h1,h14,94.393,0
h1,h15,101.243,0
h1,h16,94.857,0
h1,h17,96.718,0
h1,h18,99.471,0
h1,h19,103.859,0
h1,h20,97.077,0
h1,h21,99.029,0
h1,h22,104.370,0
h1,h23,98.082,0
h1,h24,98.551,0
h1,h25,91.473,0
h1,h26,100.147,0
h1,h27,98.388,0
h1,h28,90.715,0
h1,h29,99.217,0
h1,h30,91.097,0
h1,h31,104.406,0
h1,h32,99.033,0
h1,h33,101.333,0
h1,h34,101.428,0
h1,h35,99.225,0
h1,h36,91.203,0
h1,h37,96.922,0
h1,h38,104.998,0
h1,h39,103.334,0
h1,h2,102.641,0
h1,h3,104.632,0
h1,h4,105.146,0
h1,h5,100.247,0
h1,h6,102.855,0
h1,h7,96.005,0
h1,h8,95.176,0
h1,h9,106.961,0
h1,h10,98.941,0
h1,h11,101.036,0
h1,h12,99.606,0
h1,h13,98.561,0
h1,h14,100.785,0
h1,h15,103.245,0
h1,h16,101.521,0
h1,h17,101.937,0
h1,h18,103.504,0
h1,h19,99.057,0
h1,h20,109.456,0
h1,h21,105.042,0
h1,h22,102.190,0
h1,h23,99.815,0
h1,h24,95.365,0
h1,h25,103.809,0
h1,h26,97.849,0
h1,h27,98.877,0
h1,h28,105.315,0
h1,h29,100.847,0
h1,h30,99.097,0
h1,h31,100.126,0
h1,h32,107.547,0
h1,h33,102.259,0
h1,h34,103.997,0
h1,h35,104.876,0
h1,h36,98.764,0
h1,h37,102.623,0
h1,h38,92.949,0
h1,h39,96.406,0
h1,h2,108.086,0
h1,h3,107.500,0
h1,h4,110.086,0
h1,h5,108.724,0
h1,h6,115.270,0
h1,h7,114.132,0
h1,h8,108.335,0
h1,h9,113.471,0
h1,h10,109.311,0
h1,h11,107.758,0
h1,h12,111.638,0
h1,h13,102.934,0
h1,h14,105.485,0
h1,h15,100.743,0
h1,h16,110.077,0
h1,h17,101.648,0
h1,h18,110.351,0
h1,h19,111.065,0
h1,h20,135.809,0
h1,h21,128.377,0
h1,h22,102.322,0
h1,h23,109.485,0
h1,h24,119.243,0
h1,h25,101.941,0
h1,h26,111.550,0
h1,h27,104.144,0
h1,h28,98.896,0
h1,h29,107.800,0
h1,h30,105.214,0
h1,h31,103.565,0
h1,h32,106.842,0
h1,h33,111.714,0
h1,h34,106.152,0
h1,h35,109.256,0
h1,h36,104.912,0
h1,h37,118.423,0
h1,h38,177.949,0
h1,h39,114.501,0
h1,h2,102.721,0
h1,h3,103.721,0
h1,h4,101.470,0
h1,h5,109.313,0
h1,h6,101.353,0
h1,h7,101.441,0
h1,h8,106.277,0
h1,h9,103.711,0
h1,h10,99.984,0
h1,h11,108.106,0
h1,h12,100.268,0
h1,h13,91.383,0
h1,h14,105.781,0
h1,h15,98.792,0
h1,h16,96.664,0
h1,h17,99.838,0
h1,h18,99.608,0
h1,h19,100.686,0
h1,h20,104.648,0
h1,h21,98.350,0
h1,h22,97.307,0
h1,h23,98.797,0
h1,h24,106.502,0
h1,h25,108.523,0
h1,h26,101.076,0
h1,h27,107.453,0
h1,h28,103.975,0
h1,h29,93.552,0
h1,h30,106.679,0
h1,h31,99.495,0
h1,h32,106.045,0
h1,h33,104.415,0
h1,h34,95.541,0
h1,h35,94.668,0
h1,h36,102.527,0
h1,h37,93.321,0
h1,h38,99.102,0
h1,h39,98.445,0
h1,h2,103.118,0
h1,h3,94.000,0
h1,h4,101.247,0
h1,h5,103.625,0
h1,h6,106.641,0
h1,h7,93.833,0
h1,h8,97.753,0
h1,h9,101.738,0
h1,h10,102.205,0
h1,h11,99.514,0
h1,h12,98.357,0
h1,h13,95.540,0
h1,h14,91.844,0
h1,h15,95.397,0
h1,h16,103.903,0
h1,h17,93.766,0
h1,h18,90.784,0
h1,h19,93.126,0
h1,h20,99.599,0
h1,h21,99.837,0
h1,h22,99.763,0
h1,h23,89.860,0
h1,h24,95.274,0
h1,h25,94.051,0
h1,h26,96.150,0
h1,h27,101.685,0
h1,h28,95.793,0
h1,h29,102.570,0
h1,h30,97.977,0
h1,h31,95.355,0
h1,h32,100.600,0
h1,h33,98.227,0
h1,h34,94.093,0
h1,h35,95.938,0
h1,h36,118.739,0
h1,h37,96.094,0
h1,h38,97.776,0
h1,h39,119.147,0
h1,h2,114.553,0
h1,h3,109.794,0
h1,h4,103.767,0
h1,h5,110.425,0
h1,h6,100.705,0
h1,h7,105.187,0
h1,h8,104.678,0
h1,h9,108.102,0
h1,h10,112.409,0
h1,h11,108.378,0
h1,h12,100.783,0
h1,h13,92.810,0
h1,h14,104.574,0
h1,h15,104.389,0
h1,h16,100.454,0
h1,h17,110.302,0
h1,h18,92.398,0
h1,h19,113.654,0
h1,h20,115.679,0
h1,h21,154.328,0
h1,h22,102.256,0
h1,h23,99.918,0
h1,h24,104.104,0
h1,h25,112.504,0
h1,h26,114.122,0
h1,h27,107.437,0
h1,h28,116.375,0
h1,h29,102.512,0
h1,h30,94.275,0
h1,h31,103.261,0
h1,h32,106.185,0
h1,h33,99.920,0
h1,h34,99.498,0
h1,h35,110.128,0
h1,h36,106.125,0
h1,h37,109.353,0
h1,h38,106.345,0
h1,h39,106.371,0
h1,h2,103.309,0
h1,h3,97.056,0
h1,h4,109.214,0
h1,h5,89.802,0
h1,h6,95.115,0
h1,h7,93.978,0
h1,h8,98.904,0
h1,h9,95.854,0
h1,h10,101.056,0
h1,h11,99.985,0
h1,h12,111.249,0
h1,h13,101.849,0
h1,h14,118.774,0
h1,h15,97.359,0
h1,h16,108.669,0
h1,h17,95.928,0
h1,h18,96.547,0
h1,h19,96.190,0
h1,h20,105.184,0
h1,h21,114.159,0
h1,h22,97.689,0
h1,h23,99.079,0
h1,h24,107.105,0
h1,h25,99.377,0
h1,h26,103.825,0
h1,h27,105.171,0
h1,h28,93.469,0
h1,h29,104.490,0
h1,h30,107.592,0
h1,h31,103.871,0
h1,h32,100.473,0
h1,h33,105.768,0
h1,h34,100.232,0
h1,h35,103.518,0
h1,h36,107.685,0
h1,h37,101.681,0
h1,h38,97.357,0
h1,h39,101.056,0
h1,h2,100.999,0
h1,h3,98.839,0
h1,h4,97.108,0
h1,h5,98.539,0
h1,h6,100.968,0
h1,h7,97.688,0
h1,h8,95.125,0
h1,h9,100.488,0
h1,h10,98.630,0
h1,h11,95.596,0
h1,h12,97.904,0
h1,h13,98.871,0
h1,h14,95.333,0
h1,h15,94.573,0
h1,h16,99.781,0
h1,h17,100.265,0
h1,h18,102.439,0
h1,h19,100.480,0
h1,h20,96.977,0
h1,h21,95.254,0
h1,h22,96.018,0
h1,h23,94.549,0
h1,h24,92.584,0
h1,h25,101.625,0
h1,h26,96.718,0
h1,h27,99.412,0
h1,h28,96.713,0
h1,h29,98.456,0
h1,h30,96.811,0
h1,h31,93.598,0
h1,h32,96.003,0
h1,h33,119.696,0
h1,h34,111.067,0
h1,h35,114.851,0
h1,h36,99.639,0
h1,h37,120.056,0
h1,h38,97.425,0
h1,h39,102.092,0
h1,h2,109.385,0
h1,h3,98.519,0
h1,h4,116.888,0
h1,h5,102.651,0
h1,h6,104.056,0
h1,h7,105.190,0
h1,h8,102.534,0
h1,h9,101.063,0
h1,h10,104.341,0
h1,h11,103.055,0
h1,h12,114.365,0
h1,h13,104.152,0
h1,h14,102.317,0
h1,h15,116.491,0
h1,h16,114.782,0
h1,h17,112.835,0
h1,h18,123.119,0
h1,h19,106.494,0
h1,h20,105.500,0
h1,h21,103.578,0
h1,h22,99.884,0
h1,h23,111.486,0
h1,h24,108.212,0
h1,h25,104.157,0
h1,h26,113.497,0
h1,h27,109.124,0
h1,h28,99.348,0
h1,h29,109.881,0
h1,h30,99.038,0
h1,h31,103.642,0
h1,h32,93.080,0
h1,h33,105.479,0
h1,h34,108.789,0
h1,h35,91.470,0
h1,h36,105.211,0
h1,h37,112.603,0
h1,h38,103.564,0
h1,h39,97.686,0
h1,h2,100.829,0
h1,h3,98.404,0
h1,h4,106.806,0
h1,h5,100.820,0
h1,h6,99.445,0
h1,h7,94.193,0
h1,h8,97.195,0
h1,h9,101.575,0
h1,h10,107.657,0
h1,h11,99.450,0
h1,h12,99.574,0
h1,h13,113.166,0
h1,h14,105.463,0
h1,h15,91.838,0
h1,h16,99.392,0
h1,h17,99.434,0
h1,h18,95.210,0
h1,h19,94.268,0
h1,h20,105.712,0
h1,h21,100.270,0
h1,h22,107.357,0
h1,h23,99.232,0
h1,h24,105.973,0
h1,h25,94.889,0
h1,h26,106.987,0
h1,h27,91.413,0
h1,h28,106.794,0
h1,h29,93.608,0
h1,h30,100.982,0
h1,h31,101.544,0
h1,h32,95.661,0
h1,h33,99.349,0
h1,h34,102.037,0
h1,h35,103.850,0
h1,h36,100.959,0
h1,h37,102.870,0
h1,h38,95.716,0
h1,h39,97.884,0
h1,h2,93.582,0
h1,h3,93.575,0
h1,h4,92.578,0
h1,h5,98.377,0
h1,h6,95.100,0
h1,h7,95.353,0
h1,h8,97.756,0
h1,h9,95.145,0
h1,h10,91.796,0
h1,h11,91.982,0
h1,h12,101.755,0
h1,h13,96.531,0
h1,h14,91.160,0
h1,h15,97.680,0
h1,h16,100.297,0
h1,h17,96.196,0
h1,h18,95.307,0
h1,h19,104.331,0
h1,h20,97.946,0
h1,h21,94.382,0
h1,h22,94.451,0
h1,h23,95.498,0
h1,h24,99.662,0
h1,h25,98.294,0
h1,h26,103.923,0
h1,h27,131.505,0
h1,h28,114.335,0
h1,h29,110.447,0
h1,h30,109.631,0
h1,h31,106.845,0
h1,h32,119.508,0
h1,h33,106.132,0
h1,h34,100.475,0
h1,h35,124.822,0
h1,h36,104.688,0
h1,h37,108.701,0
h1,h38,113.119,0
h1,h39,108.447,0
h1,h2,101.916,0
h1,h3,107.481,0
h1,h4,95.157,0
h1,h5,107.811,0
h1,h6,113.818,0
h1,h7,106.394,0
h1,h8,112.707,0
h1,h9,108.686,0
h1,h10,106.941,0
h1,h11,106.285,0
h1,h12,89.810,0
h1,h13,111.650,0
h1,h14,107.139,0
h1,h15,106.692,0
h1,h16,102.991,0
h1,h17,111.766,0
h1,h18,108.717,0
h1,h19,111.189,0
h1,h20,106.785,0
h1,h21,107.000,0
h1,h22,102.365,0
h1,h23,114.121,0
h1,h24,111.238,0
h1,h25,108.172,0
h1,h26,106.281,0
h1,h27,103.110,0
h1,h28,112.280,0
h1,h29,109.244,0
h1,h30,94.715,0
h1,h31,113.023,0
h1,h32,110.076,0
h1,h33,115.184,0
h1,h34,113.716,0
h1,h35,102.483,0
h1,h36,97.893,0
h1,h37,107.594,0
h1,h38,103.003,0
h1,h39,98.281,0
h1,h2,94.900,0
h1,h3,102.930,0
h1,h4,98.230,0
h1,h5,104.492,0
h1,h6,110.366,0
h1,h7,102.890,0
h1,h8,110.898,0
h1,h9,96.631,0
h1,h10,104.502,0
h1,h11,99.822,0
h1,h12,106.039,0
h1,h13,102.690,0
h1,h14,91.545,0
h1,h15,102.408,0
h1,h16,107.544,0
h1,h17,112.105,0
h1,h18,119.239,0
h1,h19,109.428,0
h1,h20,101.914,0
h1,h21,104.742,0
h1,h22,94.322,0
h1,h23,107.158,0
h1,h24,112.087,0
h1,h25,105.043,0
h1,h26,113.293,0
h1,h27,106.635,0
h1,h28,97.545,0
h1,h29,94.505,0
h1,h30,93.762,0
h1,h31,102.628,0
h1,h32,91.980,0
h1,h33,104.549,0
h1,h34,103.320,0
h1,h35,104.588,0
h1,h36,105.506,0
h1,h37,100.681,0
h1,h38,105.771,0
h1,h39,92.116,0
h1,h2,99.568,0
h1,h3,103.464,0
h1,h4,96.751,0
h1,h5,94.014,0
h1,h6,95.747,0
h1,h7,96.788,0
h1,h8,94.370,0
h1,h9,98.087,0
h1,h10,92.466,0
h1,h11,96.386,0
h1,h12,105.301,0
h1,h13,97.303,0
h1,h14,110.721,0
h1,h15,110.603,0
h1,h16,118.937,0
h1,h17,104.693,0
h1,h18,112.587,0
h1,h19,104.262,0
h1,h20,148.395,0
h1,h21,115.903,0
h1,h22,112.922,0
h1,h23,105.400,0
h1,h24,109.055,0
h1,h25,102.369,0
h1,h26,110.161,0
h1,h27,114.973,0
h1,h28,107.821,0
h1,h29,100.611,0
h1,h30,105.403,0
h1,h31,114.820,0
h1,h32,121.863,0
h1,h33,105.921,0
h1,h34,109.764,0
h1,h35,111.100,0
h1,h36,109.976,0
h1,h37,98.821,0
h1,h38,99.927,0
h1,h39,104.291,0
h1,h2,103.235,0
h1,h3,122.316,0
h1,h4,100.719,0
h1,h5,114.228,0
h1,h6,106.174,0
h1,h7,103.766,0
h1,h8,116.351,0
h1,h9,118.096,0
h1,h10,113.345,0
h1,h11,107.803,0
h1,h12,108.572,0
h1,h13,114.213,0
h1,h14,100.601,0
h1,h15,101.139,0
h1,h16,106.676,0
h1,h17,108.011,0
h1,h18,112.711,0
h1,h19,108.288,0
h1,h20,102.071,0
h1,h21,99.441,0
h1,h22,98.625,0
h1,h23,101.945,0
h1,h24,101.072,0
h1,h25,98.006,0
h1,h26,103.382,0
h1,h27,104.100,0
h1,h28,99.966,0
h1,h29,105.907,0
h1,h30,105.854,0
h1,h31,103.179,0
h1,h32,100.485,0
h1,h33,99.707,0
h1,h34,103.625,0
h1,h35,97.798,0
h1,h36,98.818,0
h1,h37,97.770,0
h1,h38,104.522,0
h1,h39,95.467,0
h1,h2,106.957,0
h1,h3,100.428,0
h1,h4,103.087,0
h1,h5,103.181,0
h1,h6,108.575,0
h1,h7,102.862,0
h1,h8,98.337,0
h1,h9,100.737,0
h1,h10,101.469,0
h1,h11,94.482,0
h1,h12,97.412,0
h1,h13,93.949,0
h1,h14,95.227,0
h1,h15,103.706,0
h1,h16,98.166,0
h1,h17,101.605,0
h1,h18,98.676,0
h1,h19,101.108,0
h1,h20,98.535,0
h1,h21,101.562,0
h1,h22,101.093,0
h1,h23,102.583,0
h1,h24,106.236,0
h1,h25,104.713,0
h1,h26,102.892,0
h1,h27,102.584,0
h1,h28,113.255,0
h1,h29,93.146,0
h1,h30,96.472,0
h1,h31,101.862,0
h1,h32,103.046,0
h1,h33,101.141,0
h1,h34,100.404,0
h1,h35,96.241,0
h1,h36,95.386,0
h1,h37,93.820,0
h1,h38,102.719,0
h1,h39,98.508,0
h1,h2,136.976,0
h1,h3,138.286,0
h1,h4,106.834,0
h1,h5,106.444,0
h1,h6,110.033,0
h1,h7,117.724,0
h1,h8,98.208,0
h1,h9,98.166,0
h1,h10,99.485,0
h1,h11,93.063,0
h1,h12,109.601,0
h1,h13,112.042,0
h1,h14,106.884,0
h1,h15,133.107,0
h1,h16,95.973,0
h1,h17,96.551,0
h1,h18,110.390,0
h1,h19,107.975,0
h1,h20,114.040,0
h1,h21,114.040,0
h1,h22,98.806,0
h1,h23,105.539,0
h1,h24,94.103,0
h1,h25,96.791,0
h1,h26,104.655,0
h1,h27,110.638,0
h1,h28,110.729,0
h1,h29,104.832,0
h1,h30,107.039,0
h1,h31,102.050,0
h1,h32,96.652,0
h1,h33,101.768,0
h1,h34,110.399,0
h1,h35,101.976,0
h1,h36,108.443,0
h1,h37,107.126,0
h1,h38,106.206,0
h1,h39,109.790,0
h1,h2,95.953,0
h1,h3,93.543,0
h1,h4,117.449,0
h1,h5,96.622,0
h1,h6,96.306,0
h1,h7,103.086,0
h1,h8,99.227,0
h1,h9,92.630,0
h1,h10,102.511,0
h1,h11,98.532,0
h1,h12,95.225,0
h1,h13,103.852,0
h1,h14,113.813,0
h1,h15,98.225,0
h1,h16,96.311,0
h1,h17,99.979,0
h1,h18,102.943,0
h1,h19,95.052,0
h1,h20,96.499,0
h1,h21,101.287,0
h1,h22,102.845,0
h1,h23,99.776,0
h1,h24,100.463,0
h1,h25,92.484,0
h1,h26,101.677,0
h1,h27,92.285,0
h1,h28,98.064,0
h1,h29,99.949,0
h1,h30,99.139,0
h1,h31,116.131,0
h1,h32,100.147,0
h1,h33,99.388,0
h1,h34,91.230,0
h1,h35,102.012,0
h1,h36,113.364,0
h1,h37,92.144,0
h1,h38,102.650,0
h1,h39,106.768,0
h1,h2,101.191,0
h1,h3,97.624,0
h1,h4,113.092,0
h1,h5,98.524,0
h1,h6,101.110,0
h1,h7,98.021,0
h1,h8,103.202,0
h1,h9,101.646,0
h1,h10,104.686,0
h1,h11,103.525,0
h1,h12,103.537,0
h1,h13,104.334,0
h1,h14,102.469,0
h1,h15,100.166,0
h1,h16,92.612,0
h1,h17,107.460,0
h1,h18,107.677,0
h1,h19,105.742,0
h1,h20,100.038,0
h1,h21,100.628,0
h1,h22,97.388,0
h1,h23,94.120,0
h1,h24,94.499,0
h1,h25,92.057,0
h1,h26,102.933,0
h1,h27,98.086,0
h1,h28,98.013,0
h1,h29,91.809,0
h1,h30,94.071,0
h1,h31,97.648,0
h1,h32,94.935,0
h1,h33,95.279,0
h1,h34,92.446,0
h1,h35,98.588,0
h1,h36,101.830,0
h1,h37,93.114,0
h1,h38,98.640,0
h1,h39,92.213,0
h1,h2,105.545,0
h1,h3,114.861,0
h1,h4,104.203,0
h1,h5,103.923,0
h1,h6,111.123,0
h1,h7,123.770,0
h1,h8,114.074,0
h1,h9,103.713,0
h1,h10,104.971,0
h1,h11,118.964,0
h1,h12,103.329,0
h1,h13,114.354,0
h1,h14,115.790,0
h1,h15,108.616,0
h1,h16,112.150,0
h1,h17,113.192,0
h1,h18,108.887,0
h1,h19,111.736,0
h1,h20,97.113,0
h1,h21,108.753,0
h1,h22,90.831,0
h1,h23,109.597,0
h1,h24,92.182,0
h1,h25,102.884,0
h1,h26,121.061,0
h1,h27,109.632,0
h1,h28,102.678,0
h1,h29,108.812,0
h1,h30,115.145,0
h1,h31,93.657,0
h1,h32,105.355,0
h1,h33,92.664,0
h1,h34,107.656,0
h1,h35,118.458,0
h1,h36,104.133,0
h1,h37,94.265,0
h1,h38,105.167,0
h1,h39,106.889,0
h1,h2,98.787,0
h1,h3,96.152,0
h1,h4,99.322,0
h1,h5,104.514,0
h1,h6,101.054,0
h1,h7,95.795,0
h1,h8,100.236,0
h1,h9,99.136,0
h1,h10,96.874,0
h1,h11,98.467,0
h1,h12,98.466,0
h1,h13,97.509,0
h1,h14,98.930,0
h1,h15,106.866,0
h1,h16,95.882,0
h1,h17,101.042,0
h1,h18,112.194,0
h1,h19,98.665,0
h1,h20,98.549,0
h1,h21,96.923,0
h1,h22,97.697,0
h1,h23,100.543,0
h1,h24,101.470,0
h1,h25,100.800,0
h1,h26,107.692,0
h1,h27,100.277,0
h1,h28,96.874,0
h1,h29,102.691,0
h1,h30,106.930,0
h1,h31,96.986,0
h1,h32,107.380,0
h1,h33,105.890,0
h1,h34,97.435,0
h1,h35,100.405,0
h1,h36,104.287,0
h1,h37,92.231,0
h1,h38,103.469,0
h1,h39,102.726,0
h1,h2,107.452,0
h1,h3,103.117,0
h1,h4,98.174,0
h1,h5,93.891,0
h1,h6,103.949,0
h1,h7,101.421,0
h1,h8,93.940,0
h1,h9,98.370,0
h1,h10,104.700,0
h1,h11,99.721,0
h1,h12,96.629,0
h1,h13,94.725,0
h1,h14,91.475,0
h1,h15,104.419,0
h1,h16,94.933,0
h1,h17,98.431,0
h1,h18,95.145,0
h1,h19,96.702,0
h1,h20,93.562,0
h1,h21,95.835,0
h1,h22,96.996,0
h1,h23,93.796,0
h1,h24,89.865,0
h1,h25,96.375,0
h1,h26,99.162,0
h1,h27,101.740,0
h1,h28,94.957,0
h1,h29,100.167,0
h1,h30,96.801,0
h1,h31,97.368,0
h1,h32,97.990,0
h1,h33,96.914,0
h1,h34,106.523,0
h1,h35,108.504,0
h1,h36,96.022,0
h1,h37,99.043,0
h1,h38,106.031,0
h1,h39,98.546,0
h1,h2,157.885,0
h1,h3,97.998,0
h1,h4,106.434,0
h1,h5,107.652,0
h1,h6,152.428,0
h1,h7,106.528,0
h1,h8,117.348,0
h1,h9,106.116,0
h1,h10,129.912,0
h1,h11,106.286,0
h1,h12,113.201,0
h1,h13,102.851,0
h1,h14,106.516,0
h1,h15,113.459,0
h1,h16,100.264,0
h1,h17,102.463,0
h1,h18,108.105,0
h1,h19,114.756,0
h1,h20,121.850,0
h1,h21,108.374,0
h1,h22,101.578,0
h1,h23,107.351,0
h1,h24,111.034,0
h1,h25,105.035,0
h1,h26,112.098,0
h1,h27,93.877,0
h1,h28,98.857,0
h1,h29,97.946,0
h1,h30,127.026,0
h1,h31,102.856,0
h1,h32,92.597,0
h1,h33,102.784,0
h1,h34,111.246,0
h1,h35,107.380,0
h1,h36,115.840,0
h1,h37,119.375,0
h1,h38,105.593,0
h1,h39,113.197,0
h1,h2,97.884,0
h1,h3,92.457,0
h1,h4,101.592,0
h1,h5,106.461,0
h1,h6,105.488,0
h1,h7,101.550,0
h1,h8,93.468,0
h1,h9,103.655,0
h1,h10,110.721,0
h1,h11,103.422,0
h1,h12,102.143,0
h1,h13,105.234,0
h1,h14,104.796,0
h1,h15,101.697,0
h1,h16,102.822,0
h1,h17,91.592,0
h1,h18,101.751,0
h1,h19,104.933,0
h1,h20,95.573,0
h1,h21,119.590,0
h1,h22,109.809,0
h1,h23,101.525,0
h1,h24,99.780,0
h1,h25,119.894,0
h1,h26,99.421,0
h1,h27,99.914,0
h1,h28,107.774,0
h1,h29,110.205,0
h1,h30,110.026,0
h1,h31,96.154,0
h1,h32,105.782,0
h1,h33,93.899,0
h1,h34,99.610,0
h1,h35,107.293,0
h1,h36,101.859,0
h1,h37,104.760,0
h1,h38,103.747,0
h1,h39,100.033,0
h1,h2,99.784,0
h1,h3,98.452,0
h1,h4,95.959,0
h1,h5,99.093,0
h1,h6,97.132,0
h1,h7,94.648,0
h1,h8,97.088,0
h1,h9,98.047,0
h1,h10,93.829,0
h1,h11,99.130,0
h1,h12,106.418,0
h1,h13,95.548,0
h1,h14,97.286,0
h1,h15,92.261,0
h1,h16,101.767,0
h1,h17,96.689,0
h1,h18,104.872,0
h1,h19,111.405,0
h1,h20,115.877,0
h1,h21,97.898,0
h1,h22,130.535,0
h1,h23,107.655,0
h1,h24,94.392,0
h1,h25,105.937,0
h1,h26,104.873,0
h1,h27,109.690,0
h1,h28,95.117,0
h1,h29,107.127,0
h1,h30,106.209,0
h1,h31,97.544,0
h1,h32,103.574,0
h1,h33,98.576,0
h1,h34,103.776,0
h1,h35,102.810,0
h1,h36,110.176,0
h1,h37,106.373,0
h1,h38,110.768,0
h1,h39,103.257,0
h1,h2,102.956,0
h1,h3,96.957,0
h1,h4,100.092,0
h1,h5,103.066,0
h1,h6,104.523,0
h1,h7,96.438,0
h1,h8,99.596,0
h1,h9,108.197,0
h1,h10,97.456,0
h1,h11,105.406,0
h1,h12,98.130,0
h1,h13,121.073,0
h1,h14,102.282,0
h1,h15,98.440,0
h1,h16,111.298,0
h1,h17,120.685,0
h1,h18,117.861,0
h1,h19,107.605,0
h1,h20,121.232,0
h1,h21,92.765,0
h1,h22,102.579,0
h1,h23,112.498,0
h1,h24,126.230,0
h1,h25,103.607,0
h1,h26,108.033,0
h1,h27,109.388,0
h1,h28,116.404,0
h1,h29,132.651,0
h1,h30,106.522,0
h1,h31,99.133,0
h1,h32,97.126,0
h1,h33,102.124,0
h1,h34,111.314,0
h1,h35,107.754,0
h1,h36,103.835,0
h1,h37,98.339,0
h1,h38,110.283,0
h1,h39,107.671,0
h1,h2,104.762,0
h1,h3,107.659,0
h1,h4,100.162,0
h1,h5,94.873,0
h1,h6,95.096,0
h1,h7,103.643,0
h1,h8,101.320,0
h1,h9,110.758,0
h1,h10,106.787,0
h1,h11,102.710,0
h1,h12,94.455,0
h1,h13,96.196,0
h1,h14,100.685,0
h1,h15,95.709,0
h1,h16,104.960,0
h1,h17,103.663,0
h1,h18,97.751,0
h1,h19,103.533,0
h1,h20,102.418,0
h1,h21,98.776,0
h1,h22,107.670,0
h1,h23,100.268,0
h1,h24,102.758,0
h1,h25,100.255,0
h1,h26,104.412,0
h1,h27,106.542,0
h1,h28,95.394,0
h1,h29,100.498,0
h1,h30,108.309,0
h1,h31,101.300,0
h1,h32,95.803,0
h1,h33,104.897,0
h1,h34,106.333,0
h1,h35,99.793,0
h1,h36,95.402,0
h1,h37,102.521,0
h1,h38,105.131,0
h1,h39,101.123,0
h1,h2,94.812,0
h1,h3,97.431,0
h1,h4,97.312,0
h1,h5,94.116,0
h1,h6,98.481,0
h1,h7,98.306,0
h1,h8,97.936,0
h1,h9,93.859,0
h1,h10,96.598,0
h1,h11,101.042,0
h1,h12,98.732,0
h1,h13,100.692,0
h1,h14,97.545,0
h1,h15,90.824,0
h1,h16,94.989,0
h1,h17,140.118,0
h1,h18,100.085,0
h1,h19,118.716,0
h1,h20,90.606,0
h1,h21,119.057,0
h1,h22,107.926,0
h1,h23,111.258,0
h1,h24,125.078,0
h1,h25,108.410,0
h1,h26,104.463,0
h1,h27,102.395,0
h1,h28,105.646,0
h1,h29,94.301,0
h1,h30,107.842,0
h1,h31,117.092,0
h1,h32,98.098,0
h1,h33,108.168,0
h1,h34,109.381,0
h1,h35,113.052,0
h1,h36,106.995,0
h1,h37,104.937,0
h1,h38,92.762,0
h1,h39,92.935,0
h1,h2,115.964,0
h1,h3,104.433,0
h1,h4,98.505,0
h1,h5,104.187,0
h1,h6,118.164,0
h1,h7,104.355,0
h1,h8,93.244,0
h1,h9,114.627,0
h1,h10,127.408,0
h1,h11,112.513,0
h1,h12,111.040,0
h1,h13,117.291,0
h1,h14,114.931,0
h1,h15,106.421,0
h1,h16,106.455,0
h1,h17,107.794,0
h1,h18,90.415,0
h1,h19,101.929,0
h1,h20,94.993,0
h1,h21,101.370,0
h1,h22,116.028,0
h1,h23,105.148,0
h1,h24,107.358,0
h1,h25,98.686,0
h1,h26,104.555,0
h1,h27,103.637,0
h1,h28,104.431,0
h1,h29,105.533,0
h1,h30,95.913,0
h1,h31,97.676,0
h1,h32,111.154,0
h1,h33,106.055,0
h1,h34,93.437,0
h1,h35,100.718,0
h1,h36,91.527,0
h1,h37,103.451,0
h1,h38,92.340,0
h1,h39,94.396,0
h1,h2,98.193,0
h1,h3,90.338,0
h1,h4,94.789,0
h1,h5,100.257,0
h1,h6,98.606,0
h1,h7,93.086,0
h1,h8,91.972,0
h1,h9,101.436,0
h1,h10,96.728,0
h1,h11,97.950,0
h1,h12,98.672,0
h1,h13,113.523,0
h1,h14,95.428,0
h1,h15,97.778,0
h1,h16,101.794,0
h1,h17,110.804,0
h1,h18,97.353,0
h1,h19,98.252,0
h1,h20,96.911,0
h1,h21,95.941,0
h1,h22,99.565,0
h1,h23,98.303,0
h1,h24,94.639,0
h1,h25,100.445,0
h1,h26,98.048,0
h1,h27,100.184,0
h1,h28,95.008,0
h1,h29,95.952,0
h1,h30,103.028,0
h1,h31,93.155,0
h1,h32,98.375,0
h1,h33,106.194,0
h1,h34,93.826,0
h1,h35,100.997,0
h1,h36,104.402,0
h1,h37,107.584,0
h1,h38,106.411,0
h1,h39,96.500,0
h1,h2,102.024,0
h1,h3,95.721,0
h1,h4,94.039,0
h1,h5,95.024,0
h1,h6,108.628,0
h1,h7,107.761,0
h1,h8,127.964,0
h1,h9,108.155,0
h1,h10,121.684,0
h1,h11,119.763,0
h1,h12,119.570,0
h1,h13,126.236,0
h1,h14,107.086,0
h1,h15,115.175,0
h1,h16,117.535,0
h1,h17,105.846,0
h1,h18,115.737,0
h1,h19,128.592,0
h1,h20,109.442,0
h1,h21,113.855,0
h1,h22,110.413,0
h1,h23,114.873,0
h1,h24,106.795,0
h1,h25,110.070,0
h1,h26,126.702,0
h1,h27,117.633,0
h1,h28,129.221,0
h1,h29,118.199,0
h1,h30,118.855,0
h1,h31,101.206,0
h1,h32,108.714,0
h1,h33,98.044,0
h1,h34,97.789,0
h1,h35,109.618,0
h1,h36,107.494,0
h1,h37,109.529,0
h1,h38,104.162,0
h1,h39,111.278,0
h1,h2,102.313,0
h1,h3,109.580,0
h1,h4,114.557,0
h1,h5,103.862,0
h1,h6,117.725,0
h1,h7,106.485,0
h1,h8,94.092,0
h1,h9,98.591,0
h1,h10,98.389,0
h1,h11,105.847,0
h1,h12,97.902,0
h1,h13,99.628,0
h1,h14,110.408,0
h1,h15,107.550,0
h1,h16,107.877,0
h1,h17,111.768,0
h1,h18,113.420,0
h1,h19,111.049,0
h1,h20,100.362,0
h1,h21,100.811,0
h1,h22,96.233,0
h1,h23,103.772,0
h1,h24,97.847,0
h1,h25,106.850,0
h1,h26,107.115,0
h1,h27,105.030,0
h1,h28,102.246,0
h1,h29,102.679,0
h1,h30,105.167,0
h1,h31,94.500,0
h1,h32,103.289,0
h1,h33,94.998,0
h1,h34,94.065,0
h1,h35,101.935,0
h1,h36,110.776,0
h1,h37,104.678,0
h1,h38,106.865,0
h1,h39,101.915,0
h1,h2,102.907,0
h1,h3,94.562,0
h1,h4,101.966,0
h1,h5,97.406,0
h1,h6,97.969,0
h1,h7,109.637,0
h1,h8,106.366,0
h1,h9,115.630,0
h1,h10,107.256,0
h1,h11,104.773,0
h1,h12,97.751,0
h1,h13,102.027,0
h1,h14,102.097,0
h1,h15,97.565,0
h1,h16,104.851,0
h1,h17,101.777,0
h1,h18,103.564,0
h1,h19,105.159,0
h1,h20,105.502,0
h1,h21,94.474,0
h1,h22,102.421,0
h1,h23,103.418,0
h1,h24,91.527,0
h1,h25,96.611,0
h1,h26,95.205,0
h1,h27,98.041,0
h1,h28,100.908,0
h1,h29,106.841,0
h1,h30,98.636,0
h1,h31,101.493,0
h1,h32,102.445,0
h1,h33,97.654,0
h1,h34,101.814,0
h1,h35,99.875,0
h1,h36,93.724,0
h1,h37,100.175,0
h1,h38,105.687,0
h1,h39,103.001,0
h1,h2,105.363,0
h1,h3,111.706,0
h1,h4,106.763,0
h1,h5,98.519,0
h1,h6,114.423,0
h1,h7,107.191,0
h1,h8,107.740,0
h1,h9,115.382,0
h1,h10,106.784,0
h1,h11,142.405,0
h1,h12,116.370,0
h1,h13,95.053,0
h1,h14,100.066,0
h1,h15,105.820,0
h1,h16,102.729,0
h1,h17,98.728,0
h1,h18,107.674,0
h1,h19,109.039,0
h1,h20,125.297,0
h1,h21,111.965,0
h1,h22,113.913,0
h1,h23,114.247,0
h1,h24,108.034,0
h1,h25,103.048,0
h1,h26,110.847,0
h1,h27,123.405,0
h1,h28,121.941,0
h1,h29,109.291,0
h1,h30,114.345,0
h1,h31,93.514,0
h1,h32,104.408,0
h1,h33,110.600,0
h1,h34,108.773,0
h1,h35,110.919,0
h1,h36,108.363,0
h1,h37,100.136,0
h1,h38,114.686,0
h1,h39,143.764,0
h1,h2,94.484,0
h1,h3,98.615,0
h1,h4,104.746,0
h1,h5,105.290,0
h1,h6,100.142,0
h1,h7,100.287,0
h1,h8,99.981,0
h1,h9,102.735,0
h1,h10,103.319,0
h1,h11,100.808,0
h1,h12,104.383,0
h1,h13,100.627,0
h1,h14,99.762,0
h1,h15,109.618,0
h1,h16,102.524,0
h1,h17,110.850,0
h1,h18,98.545,0
h1,h19,97.275,0
h1,h20,105.757,0
h1,h21,101.006,0
h1,h22,99.420,0
h1,h23,93.119,0
h1,h24,95.248,0
h1,h25,96.851,0
h1,h26,106.190,0
h1,h27,95.628,0
h1,h28,96.021,0
h1,h29,104.720,0
h1,h30,100.959,0
h1,h31,102.157,0
h1,h32,100.704,0
h1,h33,98.651,0
h1,h34,100.871,0
h1,h35,103.499,0
h1,h36,99.830,0
h1,h37,101.153,0
h1,h38,92.601,0
h1,h39,101.661,0
h1,h2,93.483,0
h1,h3,98.402,0
h1,h4,101.164,0
h1,h5,95.497,0
h1,h6,100.398,0
h1,h7,108.704,0
h1,h8,92.820,0
h1,h9,93.348,0
h1,h10,91.674,0
h1,h11,91.429,0
h1,h12,94.284,0
h1,h13,95.342,0
h1,h14,100.170,0
h1,h15,101.221,0
h1,h16,91.618,0
h1,h17,95.936,0
h1,h18,105.863,0
h1,h19,99.405,0
h1,h20,100.341,0
h1,h21,100.729,0
h1,h22,100.895,0
h1,h23,96.213,0
h1,h24,102.887,0
h1,h25,95.589,0
h1,h26,100.213,0
h1,h27,97.751,0
h1,h28,100.716,0
h1,h29,91.258,0
h1,h30,136.281,0
h1,h31,103.271,0
h1,h32,117.714,0
h1,h33,118.362,0
h1,h34,132.609,0
h1,h35,121.650,0
h1,h36,105.287,0
h1,h37,99.631,0
h1,h38,92.281,0
h1,h39,105.624,0
h1,h2,96.128,0
h1,h3,108.244,0
h1,h4,105.320,0
h1,h5,96.249,0
h1,h6,109.009,0
h1,h7,94.889,0
h1,h8,110.056,0
h1,h9,101.783,0
h1,h10,111.574,0
h1,h11,111.821,0
h1,h12,98.625,0
h1,h13,104.445,0
h1,h14,111.170,0
h1,h15,131.740,0
h1,h16,92.154,0
h1,h17,115.840,0
h1,h18,113.266,0
h1,h19,111.948,0
h1,h20,110.226,0
h1,h21,116.770,0
h1,h22,101.660,0
h1,h23,138.133,0
h1,h24,112.372,0
h1,h25,92.631,0
h1,h26,116.437,0
h1,h27,124.158,0
h1,h28,118.067,0
h1,h29,107.947,0
h1,h30,114.198,0
h1,h31,103.959,0
h1,h32,90.329,0
h1,h33,98.236,0
h1,h34,103.493,0
h1,h35,114.043,0
h1,h36,111.422,0
h1,h37,105.532,0
h1,h38,101.910,0
h1,h39,106.504,0
h1,h2,98.998,0
h1,h3,105.533,0
h1,h4,110.993,0
h1,h5,102.862,0
h1,h6,91.999,0
h1,h7,100.915,0
h1,h8,97.904,0
h1,h9,103.382,0
h1,h10,102.813,0
h1,h11,101.136,0
h1,h12,108.401,0
h1,h13,103.359,0
h1,h14,96.595,0
h1,h15,105.741,0
h1,h16,99.025,0
h1,h17,104.944,0
h1,h18,100.215,0
h1,h19,96.598,0
h1,h20,105.836,0
h1,h21,100.109,0
h1,h22,110.582,0
h1,h23,110.467,0
h1,h24,90.284,0
h1,h25,105.821,0
h1,h26,109.732,0
h1,h27,95.801,0
h1,h28,100.486,0
h1,h29,106.963,0
h1,h30,99.858,0
h1,h31,107.662,0
h1,h32,117.396,0
h1,h33,99.316,0
h1,h34,101.727,0
h1,h35,107.234,0
h1,h36,103.824,0
h1,h37,104.594,0
h1,h38,109.337,0
h1,h39,103.164,0
h1,h2,105.439,0
h1,h3,98.055,0
h1,h4,97.129,0
h1,h5,92.822,0
h1,h6,94.677,0
h1,h7,95.239,0
h1,h8,94.481,0
h1,h9,102.117,0
h1,h10,127.873,0
h1,h11,107.306,0
h1,h12,119.241,0
h1,h13,112.961,0
h1,h14,94.316,0
h1,h15,97.980,0
h1,h16,93.822,0
h1,h17,105.107,0
h1,h18,93.488,0
h1,h19,110.790,0
h1,h20,102.950,0
h1,h21,110.276,0
h1,h22,103.950,0
h1,h23,108.003,0
h1,h24,106.685,0
h1,h25,106.966,0
h1,h26,105.495,0
h1,h27,94.595,0
h1,h28,97.144,0
h1,h29,112.762,0
h1,h30,99.885,0
h1,h31,107.895,0
h1,h32,92.252,0
h1,h33,109.208,0
h1,h34,96.971,0
h1,h35,113.308,0
h1,h36,105.944,0
h1,h37,105.821,0
h1,h38,94.858,0
h1,h39,112.409,0
h1,h2,104.509,0
h1,h3,101.845,0
h1,h4,119.709,0
h1,h5,122.413,0
h1,h6,113.065,0
h1,h7,110.804,0
h1,h8,104.536,0
h1,h9,107.702,0
h1,h10,112.001,0
h1,h11,108.472,0
h1,h12,105.072,0
h1,h13,96.157,0
h1,h14,100.242,0
h1,h15,90.639,0
h1,h16,102.383,0
h1,h17,100.734,0
h1,h18,100.698,0
h1,h19,101.150,0
h1,h20,98.246,0
h1,h21,110.749,0
h1,h22,100.337,0
h1,h23,98.548,0
h1,h24,92.151,0
h1,h25,101.752,0
h1,h26,96.470,0
h1,h27,112.250,0
h1,h28,98.167,0
h1,h29,97.804,0
h1,h30,98.631,0
h1,h31,92.681,0
h1,h32,104.316,0
h1,h33,91.742,0
h1,h34,96.714,0
h1,h35,103.795,0
h1,h36,94.335,0
h1,h37,100.458,0
h1,h38,98.380,0
h1,h39,96.793,0
h1,h2,96.529,0
h1,h3,101.551,0
h1,h4,100.004,0
h1,h5,94.799,0
h1,h6,92.086,0
h1,h7,101.410,0
h1,h8,95.357,0
h1,h9,104.358,0
h1,h10,100.105,0
h1,h11,104.327,0
h1,h12,101.455,0
h1,h13,104.072,0
h1,h14,105.224,0
h1,h15,100.289,0
h1,h16,103.368,0
h1,h17,120.289,0
h1,h18,105.195,0
h1,h19,101.102,0
h1,h20,106.577,0
h1,h21,101.517,0
h1,h22,92.862,0
h1,h23,104.948,0
h1,h24,104.893,0
h1,h25,101.726,0
h1,h26,104.766,0
h1,h27,100.513,0
h1,h28,111.737,0
h1,h29,97.797,0
h1,h30,98.636,0
h1,h31,106.152,0
h1,h32,96.153,0
h1,h33,95.497,0
h1,h34,104.106,0
h1,h35,100.270,0
h1,h36,108.729,0
h1,h37,93.031,0
h1,h38,94.847,0
h1,h39,92.841,0
h1,h2,121.224,0
h1,h3,115.970,0
h1,h4,120.661,0
h1,h5,104.344,0
h1,h6,124.452,0
h1,h7,115.727,0
h1,h8,112.833,0
h1,h9,115.691,0
h1,h10,94.089,0
h1,h11,106.945,0
h1,h12,109.412,0
h1,h13,112.539,0
h1,h14,98.955,0
h1,h15,112.389,0
h1,h16,99.275,0
h1,h17,105.515,0
h1,h18,109.246,0
h1,h19,105.687,0
h1,h20,95.472,0
h1,h21,112.309,0
h1,h22,93.149,0
h1,h23,117.624,0
h1,h24,113.351,0
h1,h25,133.518,0
h1,h26,111.872,0
h1,h27,119.008,0
h1,h28,95.134,0
h1,h29,135.860,0
h1,h30,93.746,0
h1,h31,96.289,0
h1,h32,90.838,0
h1,h33,116.947,0
h1,h34,113.962,0
h1,h35,107.198,0
h1,h36,104.516,0
h1,h37,115.256,0
h1,h38,108.898,0
h1,h39,102.239,0
h1,h2,98.745,0
h1,h3,107.643,0
h1,h4,100.982,0
h1,h5,98.823,0
h1,h6,94.959,0
h1,h7,99.373,0
h1,h8,95.755,0
h1,h9,107.096,0
h1,h10,103.680,0
h1,h11,93.046,0
h1,h12,98.518,0
h1,h13,101.386,0
h1,h14,92.556,0
h1,h15,102.064,0
h1,h16,101.281,0
h1,h17,107.911,0
h1,h18,98.380,0
h1,h19,108.306,0
h1,h20,94.259,0
h1,h21,101.263,0
h1,h22,95.367,0
h1,h23,98.537,0
h1,h24,103.024,0
h1,h25,92.515,0
h1,h26,105.002,0
h1,h27,109.269,0
h1,h28,99.029,0
h1,h29,104.806,0
h1,h30,95.794,0
h1,h31,104.861,0
h1,h32,99.979,0
h1,h33,96.093,0
h1,h34,106.911,0
h1,h35,100.812,0
h1,h36,108.948,0
h1,h37,105.739,0
h1,h38,100.464,0
h1,h39,96.989,0
h1,h2,101.316,0
h1,h3,96.160,0
h1,h4,100.046,0
h1,h5,107.090,0
h1,h6,92.499,0
h1,h7,107.899,0
h1,h8,107.884,0
h1,h9,93.157,0
h1,h10,102.198,0
h1,h11,102.001,0
h1,h12,93.158,0
h1,h13,101.437,0
h1,h14,107.232,0
h1,h15,102.846,0
h1,h16,103.532,0
h1,h17,100.508,0
h1,h18,93.663,0
h1,h19,98.486,0
h1,h20,99.579,0
h1,h21,112.015,0
h1,h22,100.003,0
h1,h23,106.251,0
h1,h24,96.272,0
h1,h25,95.646,0
h1,h26,95.328,0
h1,h27,99.602,0
h1,h28,102.667,0
h1,h29,98.743,0
h1,h30,101.210,0
h1,h31,101.497,0
h1,h32,98.508,0
h1,h33,101.278,0
h1,h34,104.470,0
h1,h35,102.325,0
h1,h36,99.767,0
h1,h37,107.419,0
h1,h38,99.342,0
h1,h39,97.943,0
h1,h2,135.342,0
h1,h3,91.451,0
h1,h4,122.807,0
h1,h5,116.196,0
h1,h6,118.318,0
h1,h7,95.414,0
h1,h8,109.971,0
h1,h9,113.933,0
h1,h10,113.485,0
h1,h11,92.490,0
h1,h12,122.403,0
h1,h13,104.857,0
h1,h14,95.254,0
h1,h15,101.285,0
h1,h16,106.870,0
h1,h17,107.848,0
h1,h18,92.227,0
h1,h19,110.856,0
h1,h20,116.870,0
h1,h21,104.395,0
h1,h22,110.943,0
h1,h23,119.993,0
h1,h24,94.155,0
h1,h25,106.240,0
h1,h26,98.148,0
h1,h27,101.333,0
h1,h28,108.315,0
h1,h29,111.126,0
h1,h30,98.681,0
h1,h31,152.085,0
h1,h32,101.211,0
h1,h33,109.757,0
h1,h34,103.653,0
h1,h35,108.290,0
h1,h36,107.894,0
h1,h37,106.978,0
h1,h38,110.528,0
h1,h39,107.262,0
h1,h2,125.771,0
h1,h3,102.148,0
h1,h4,103.754,0
h1,h5,104.663,0
h1,h6,111.366,0
h1,h7,102.741,0
h1,h8,121.920,0
h1,h9,91.546,0
h1,h10,107.780,0
h1,h11,113.757,0
h1,h12,114.818,0
h1,h13,101.390,0
h1,h14,99.149,0
h1,h15,101.722,0
h1,h16,104.887,0
h1,h17,94.054,0
h1,h18,105.141,0
h1,h19,101.720,0
h1,h20,101.572,0
h1,h21,91.527,0
h1,h22,108.523,0
h1,h23,97.566,0
h1,h24,107.588,0
h1,h25,128.411,0
h1,h26,112.986,0
h1,h27,106.440,0
h1,h28,103.148,0
h1,h29,100.229,0
h1,h30,101.708,0
h1,h31,99.106,0
h1,h32,103.116,0
h1,h33,105.256,0
h1,h34,102.117,0
h1,h35,104.090,0
h1,h36,99.509,0
h1,h37,100.630,0
h1,h38,95.787,0
h1,h39,102.938,0
h1,h2,127.693,0
h1,h3,101.572,0
h1,h4,98.581,0
h1,h5,98.788,0
h1,h6,99.110,0
h1,h7,98.243,0
h1,h8,99.740,0
h1,h9,97.947,0
h1,h10,99.608,0
h1,h11,99.865,0
h1,h12,96.928,0
h1,h13,95.594,0
h1,h14,104.025,0
h1,h15,97.742,0
h1,h16,93.356,0
h1,h17,101.140,0
h1,h18,94.060,0
h1,h19,96.699,0
h1,h20,108.324,0
h1,h21,118.005,0
h1,h22,125.450,0
h1,h23,151.933,0
h1,h24,141.699,0
h1,h25,125.666,0
h1,h26,111.844,0
h1,h27,115.296,0
h1,h28,106.381,0
h1,h29,127.725,0
h1,h30,103.743,0
h1,h31,103.611,0
h1,h32,126.605,0
h1,h33,99.008,0
h1,h34,95.635,0
h1,h35,120.403,0
h1,h36,126.886,0
h1,h37,107.881,0
h1,h38,107.914,0
h1,h39,104.806,0
h1,h2,99.649,0
h1,h3,100.633,0
h1,h4,95.657,0
h1,h5,91.028,0
h1,h6,104.455,0
h1,h7,116.576,0
h1,h8,105.344,0
h1,h9,111.019,0
h1,h10,115.899,0
h1,h11,110.210,0
h1,h12,102.391,0
h1,h13,104.851,0
h1,h14,116.613,0
h1,h15,112.672,0
h1,h16,103.070,0
h1,h17,108.337,0
h1,h18,104.159,0
h1,h19,108.817,0
h1,h20,101.566,0
h1,h21,100.472,0
h1,h22,102.010,0
h1,h23,100.980,0
h1,h24,109.148,0
h1,h25,106.028,0
h1,h26,102.538,0
h1,h27,93.032,0
h1,h28,107.786,0
h1,h29,95.507,0
h1,h30,90.256,0
h1,h31,99.234,0
h1,h32,104.708,0
h1,h33,104.603,0
h1,h34,103.873,0
h1,h35,90.373,0
h1,h36,102.866,0
h1,h37,102.642,0
h1,h38,93.917,0
h1,h39,97.256,0
h1,h2,94.489,0
h1,h3,111.327,0
h1,h4,103.849,0
h1,h5,112.581,0
h1,h6,97.245,0
h1,h7,106.103,0
h1,h8,102.716,0
h1,h9,101.645,0
h1,h10,94.580,0
h1,h11,107.106,0
h1,h12,92.677,0
h1,h13,96.882,0
h1,h14,101.650,0
h1,h15,94.880,0
h1,h16,107.893,0
h1,h17,95.782,0
h1,h18,106.787,0
h1,h19,94.262,0
h1,h20,109.284,0
h1,h21,105.140,0
h1,h22,95.437,0
h1,h23,103.288,0
h1,h24,107.069,0
h1,h25,99.235,0
h1,h26,103.502,0
h1,h27,104.283,0
h1,h28,111.159,0
h1,h29,107.411,0
h1,h30,117.282,0
h1,h31,98.456,0
h1,h32,93.417,0
h1,h33,99.360,0
h1,h34,99.966,0
h1,h35,95.515,0
h1,h36,92.456,0
h1,h37,96.107,0
h1,h38,95.044,0
h1,h39,99.832,0
h1,h2,110.703,0
h1,h3,102.810,0
h1,h4,104.753,0
h1,h5,113.603,0
h1,h6,116.159,0
h1,h7,100.238,0
h1,h8,117.100,0
h1,h9,139.682,0
h1,h10,105.965,0
h1,h11,99.841,0
h1,h12,98.440,0
h1,h13,106.289,0
h1,h14,111.995,0
h1,h15,100.020,0
h1,h16,105.955,0
h1,h17,93.673,0
h1,h18,99.989,0
h1,h19,97.963,0
h1,h20,121.991,0
h1,h21,111.044,0
h1,h22,105.283,0
h1,h23,116.156,0
h1,h24,111.054,0
h1,h25,105.026,0
h1,h26,109.117,0
h1,h27,106.473,0
h1,h28,112.580,0
h1,h29,123.111,0
h1,h30,107.471,0
h1,h31,105.184,0
h1,h32,113.157,0
h1,h33,107.100,0
h1,h34,100.551,0
h1,h35,93.912,0
h1,h36,108.972,0
h1,h37,116.939,0
h1,h38,105.696,0
h1,h39,101.347,0
h1,h2,92.372,0
h1,h3,97.451,0
h1,h4,98.791,0
h1,h5,98.284,0
h1,h6,101.649,0
h1,h7,104.190,0
h1,h8,109.586,0
h1,h9,102.184,0
h1,h10,103.379,0
h1,h11,98.005,0
h1,h12,103.840,0
h1,h13,106.847,0
h1,h14,97.219,0
h1,h15,100.906,0
h1,h16,101.393,0
h1,h17,92.792,0
h1,h18,92.783,0
h1,h19,97.312,0
h1,h20,93.128,0
h1,h21,105.070,0
h1,h22,101.468,0
h1,h23,100.977,0
h1,h24,112.353,0
h1,h25,105.900,0
h1,h26,101.512,0
h1,h27,100.501,0
h1,h28,111.924,0
h1,h29,141.392,0
h1,h30,95.757,0
h1,h31,101.291,0
h1,h32,95.966,0
h1,h33,107.885,0
h1,h34,103.468,0
h1,h35,104.531,0
h1,h36,100.922,0
h1,h37,94.138,0
h1,h38,98.590,0
h1,h39,98.702,0
h1,h2,104.706,0
h1,h3,104.865,0
h1,h4,94.443,0
h1,h5,96.135,0
h1,h6,93.000,0
h1,h7,101.762,0
h1,h8,110.932,0
h1,h9,105.905,0
h1,h10,106.562,0
h1,h11,97.647,0
h1,h12,102.010,0
h1,h13,98.462,0
h1,h14,100.561,0
h1,h15,91.648,0
h1,h16,98.143,0
h1,h17,101.706,0
h1,h18,97.177,0
h1,h19,102.301,0
h1,h20,96.330,0
h1,h21,95.787,0
h1,h22,99.848,0
h1,h23,119.801,0
h1,h24,98.258,0
h1,h25,99.564,0
h1,h26,94.068,0
h1,h27,97.634,0
h1,h28,100.898,0
h1,h29,98.885,0
h1,h30,101.479,0
h1,h31,93.851,0
h1,h32,94.729,0
h1,h33,95.011,0
h1,h34,92.283,0
h1,h35,131.683,0
h1,h36,117.163,0
h1,h37,102.366,0
h1,h38,128.876,0
h1,h39,117.842,0
h1,h2,113.668,0
h1,h3,130.191,0
h1,h4,121.783,0
h1,h5,113.723,0
h1,h6,104.592,0
h1,h7,102.974,0
h1,h8,122.191,0
h1,h9,105.553,0
h1,h10,114.997,0
h1,h11,112.433,0
h1,h12,114.866,0
h1,h13,124.316,0
h1,h14,91.480,0
h1,h15,115.075,0
h1,h16,103.561,0
h1,h17,111.485,0
h1,h18,113.335,0
h1,h19,108.303,0
h1,h20,104.886,0
h1,h21,102.717,0
h1,h22,108.215,0
h1,h23,104.588,0
h1,h24,106.761,0
h1,h25,120.564,0
h1,h26,105.285,0
h1,h27,107.290,0
h1,h28,98.292,0
h1,h29,97.497,0
h1,h30,114.178,0
h1,h31,101.399,0
h1,h32,105.733,0
h1,h33,106.356,0
h1,h34,106.596,0
h1,h35,110.561,0
h1,h36,94.134,0
h1,h37,95.216,0
h1,h38,98.430,0
h1,h39,97.923,0
h1,h2,99.932,0
h1,h3,109.454,0
h1,h4,99.312,0
h1,h5,108.812,0
h1,h6,96.726,0
h1,h7,106.305,0
h1,h8,105.528,0
h1,h9,100.388,0
h1,h10,107.515,0
h1,h11,103.756,0
h1,h12,92.070,0
h1,h13,102.089,0
h1,h14,103.028,0
h1,h15,102.981,0
h1,h16,98.859,0
h1,h17,102.725,0
h1,h18,102.425,0
h1,h19,93.536,0
h1,h20,94.944,0
h1,h21,104.403,0
h1,h22,101.901,0
h1,h23,106.967,0
h1,h24,104.274,0
h1,h25,107.196,0
h1,h26,115.017,0
h1,h27,121.430,0
h1,h28,107.064,0
h1,h29,116.017,0
h1,h30,97.974,0
h1,h31,94.052,0
h1,h32,102.282,0
h1,h33,92.976,0
h1,h34,93.498,0
h1,h35,96.654,0
h1,h36,104.852,0
h1,h37,107.410,0
h1,h38,106.593,0
h1,h39,98.917,0
h1,h2,98.990,0
h1,h3,98.457,0
h1,h4,97.757,0
h1,h5,131.073,0
h1,h6,115.326,0
h1,h7,115.083,0
h1,h8,108.240,0
h1,h9,108.282,0
h1,h10,100.749,0
h1,h11,95.075,0
h1,h12,114.272,0
h1,h13,108.057,0
h1,h14,106.215,0
h1,h15,109.046,0
h1,h16,108.332,0
h1,h17,113.586,0
h1,h18,109.833,0
h1,h19,108.262,0
h1,h20,110.733,0
h1,h21,93.479,0
h1,h22,108.097,0
h1,h23,105.865,0
h1,h24,110.830,0
h1,h25,97.545,0
h1,h26,104.762,0
h1,h27,108.981,0
h1,h28,98.751,0
h1,h29,105.908,0
h1,h30,123.037,0
h1,h31,94.593,0
h1,h32,115.139,0
h1,h33,123.149,0
h1,h34,107.207,0
h1,h35,112.158,0
h1,h36,116.719,0
h1,h37,106.862,0
h1,h38,106.895,0
h1,h39,117.842,0
h1,h2,117.617,0
h1,h3,115.237,0
h1,h4,137.763,0
h1,h5,111.986,0
h1,h6,110.179,0
h1,h7,117.182,0
h1,h8,110.924,0
h1,h9,109.875,0
h1,h10,99.873,0
h1,h11,92.344,0
h1,h12,103.823,0
h1,h13,95.945,0
h1,h14,105.264,0
h1,h15,98.874,0
h1,h16,107.503,0
h1,h17,100.208,0
h1,h18,114.564,0
h1,h19,97.673,0
h1,h20,102.888,0
h1,h21,105.164,0
h1,h22,107.855,0
h1,h23,103.239,0
h1,h24,101.943,0
h1,h25,94.851,0
h1,h26,100.226,0
h1,h27,105.753,0
h1,h28,103.496,0
h1,h29,99.116,0
h1,h30,95.299,0
h1,h31,112.921,0
h1,h32,99.352,0
h1,h33,97.181,0
h1,h34,104.129,0
h1,h35,104.251,0
h1,h36,100.768,0
h1,h37,100.812,0
h1,h38,110.679,0
h1,h39,107.944,0
h1,h2,90.041,0
h1,h3,97.149,0
h1,h4,88.809,0
h1,h5,97.665,0
h1,h6,89.961,0
h1,h7,95.854,0
h1,h8,92.692,0
h1,h9,97.384,0
h1,h10,110.101,0
h1,h11,110.523,0
h1,h12,94.381,0
h1,h13,91.855,0
h1,h14,89.953,0
h1,h15,93.970,0
h1,h16,103.883,0
h1,h17,101.239,0
h1,h18,91.762,0
h1,h19,99.092,0
h1,h20,94.792,0
h1,h21,100.640,0
h1,h22,109.788,0
h1,h23,99.629,0
h1,h24,105.192,0
h1,h25,91.187,0
h1,h26,96.525,0
h1,h27,115.000,0
h1,h28,98.986,0
h1,h29,93.625,0
h1,h30,105.649,0
h1,h31,107.215,0
h1,h32,101.285,0
h1,h33,92.541,0
h1,h34,96.015,0
h1,h35,93.637,0
h1,h36,95.175,0
h1,h37,94.937,0
h1,h38,100.081,0
h1,h39,96.978,0
h1,h2,96.864,0
h1,h3,90.958,0
h1,h4,90.598,0
h1,h5,100.466,0
h1,h6,96.024,0
h1,h7,96.475,0
h1,h8,103.126,0
h1,h9,89.992,0
h1,h10,92.597,0
h1,h11,95.352,0
h1,h12,96.140,0
h1,h13,91.494,0
h1,h14,99.205,0
h1,h15,98.923,0
h1,h16,92.473,0
h1,h17,90.948,0
h1,h18,94.866,0
h1,h19,97.471,0
h1,h20,99.066,0
h1,h21,95.617,0
h1,h22,95.759,0
h1,h23,99.243,0
h1,h24,96.497,0
h1,h25,119.406,0
h1,h26,104.043,0
h1,h27,120.103,0
h1,h28,108.849,0
h1,h29,105.302,0
h1,h30,108.316,0
h1,h31,109.733,0
h1,h32,111.498,0
h1,h33,93.441,0
h1,h34,106.359,0
h1,h35,120.400,0
h1,h36,120.387,0
h1,h37,107.197,0
h1,h38,105.134,0
h1,h39,104.432,0
h1,h2,104.229,0
h1,h3,95.641,0
h1,h4,107.855,0
h1,h5,115.613,0
h1,h6,105.635,0
h1,h7,105.177,0
h1,h8,103.733,0
h1,h9,102.655,0
h1,h10,112.030,0
h1,h11,109.988,0
h1,h12,110.043,0
h1,h13,102.524,0
h1,h14,123.069,0
h1,h15,106.678,0
h1,h16,112.450,0
h1,h17,96.717,0
h1,h18,107.241,0
h1,h19,100.935,0
h1,h20,97.428,0
h1,h21,96.433,0
h1,h22,108.470,0
h1,h23,103.987,0
h1,h24,95.296,0
h1,h25,96.043,0
h1,h26,116.337,0
h1,h27,112.625,0
h1,h28,93.574,0
h1,h29,95.103,0
h1,h30,93.147,0
h1,h31,98.377,0
h1,h32,103.082,0
h1,h33,103.928,0
h1,h34,100.858,0
h1,h35,142.000,0
h1,h36,104.412,0
h1,h37,90.557,0
h1,h38,101.783,0
h1,h39,105.989,0
h1,h2,98.854,0
h1,h3,91.915,0
h1,h4,111.523,0
h1,h5,97.535,0
h1,h6,106.650,0
h1,h7,104.119,0
h1,h8,107.127,0
h1,h9,98.376,0
h1,h10,103.304,0
h1,h11,101.071,0
h1,h12,107.204,0
h1,h13,109.396,0
h1,h14,134.808,0
h1,h15,98.127,0
h1,h16,107.440,0
h1,h17,101.734,0
h1,h18,106.178,0
h1,h19,97.471,0
h1,h20,93.733,0
h1,h21,99.388,0
h1,h22,98.599,0
h1,h23,92.326,0
h1,h24,117.671,0
h1,h25,98.684,0
h1,h26,102.851,0
h1,h27,92.346,0
h1,h28,103.236,0
h1,h29,92.499,0
h1,h30,95.296,0
h1,h31,102.131,0
h1,h32,104.857,0
h1,h33,105.967,0
h1,h34,96.579,0
h1,h35,93.468,0
h1,h36,103.978,0
h1,h37,97.919,0
h1,h38,103.416,0
h1,h39,99.105,0
h1,h2,119.766,0
h1,h3,101.154,0
h1,h4,123.803,0
h1,h5,94.162,0
h1,h6,96.450,0
h1,h7,95.815,0
h1,h8,102.824,0
h1,h9,104.091,0
h1,h10,96.894,0
h1,h11,112.962,0
h1,h12,121.711,0
h1,h13,113.589,0
h1,h14,121.444,0
h1,h15,110.181,0
h1,h16,116.657,0
h1,h17,109.842,0
h1,h18,120.271,0
h1,h19,121.924,0
h1,h20,93.802,0
h1,h21,99.648,0
h1,h22,116.345,0
h1,h23,109.651,0
h1,h24,101.709,0
h1,h25,112.356,0
h1,h26,92.862,0
h1,h27,109.168,0
h1,h28,106.094,0
h1,h29,119.573,0
h1,h30,131.559,0
h1,h31,115.334,0
h1,h32,117.304,0
h1,h33,119.878,0
h1,h34,113.550,0
h1,h35,113.483,0
h1,h36,110.605,0
h1,h37,112.820,0
h1,h38,100.980,0
h1,h39,101.621,0
h1,h2,95.841,0
h1,h3,105.260,0
h1,h4,103.478,0
h1,h5,99.249,0
h1,h6,124.068,0
h1,h7,105.683,0
h1,h8,100.135,0
h1,h9,104.775,0
h1,h10,91.552,0
h1,h11,104.290,0
h1,h12,104.845,0
h1,h13,104.468,0
h1,h14,109.681,0
h1,h15,98.600,0
h1,h16,114.336,0
h1,h17,100.940,0
h1,h18,98.527,0
h1,h19,99.327,0
h1,h20,93.236,0
h1,h21,103.634,0
h1,h22,91.245,0
h1,h23,92.273,0
h1,h24,99.636,0
h1,h25,105.996,0
h1,h26,97.094,0
h1,h27,100.366,0
h1,h28,99.508,0
h1,h29,91.810,0
h1,h30,98.681,0
h1,h31,101.740,0
h1,h32,97.002,0
h1,h33,98.659,0
h1,h34,97.916,0
h1,h35,105.508,0
h1,h36,104.081,0
h1,h37,101.509,0
h1,h38,100.288,0
h1,h39,95.965,0
h1,h2,95.778,0
h1,h3,101.307,0
h1,h4,92.394,0
h1,h5,89.712,0
h1,h6,91.081,0
h1,h7,99.951,0
h1,h8,104.935,0
h1,h9,93.716,0
h1,h10,93.522,0
h1,h11,100.575,0
h1,h12,115.701,0
h1,h13,107.801,0
h1,h14,93.642,0
h1,h15,91.987,0
h1,h16,100.072,0
h1,h17,109.822,0
h1,h18,110.218,0
h1,h19,126.124,0
h1,h20,97.854,0
h1,h21,105.833,0
h1,h22,100.794,0
h1,h23,94.706,0
h1,h24,95.035,0
h1,h25,101.267,0
h1,h26,102.274,0
h1,h27,99.449,0
h1,h28,104.588,0
h1,h29,95.690,0
h1,h30,90.516,0
h1,h31,101.044,0
h1,h32,102.047,0
h1,h33,101.172,0
h1,h34,97.572,0
h1,h35,104.704,0
h1,h36,116.410,0
h1,h37,98.053,0
h1,h38,99.330,0
h1,h39,93.533,0
h1,h2,97.129,0
h1,h3,95.649,0
h1,h4,93.834,0
h1,h5,92.795,0
h1,h6,91.477,0
h1,h7,99.278,0
h1,h8,97.553,0
h1,h9,95.132,0
h1,h10,97.910,0
h1,h11,101.047,0
h1,h12,98.481,0
h1,h13,104.944,0
h1,h14,94.706,0
h1,h15,95.649,0
h1,h16,95.034,0
h1,h17,99.054,0
h1,h18,97.407,0
h1,h19,98.169,0
h1,h20,120.663,0
h1,h21,114.159,0
h1,h22,104.967,0
h1,h23,112.994,0
h1,h24,92.225,0
h1,h25,92.182,0
h1,h26,102.638,0
h1,h27,91.529,0
h1,h28,97.884,0
h1,h29,97.127,0
h1,h30,91.888,0
h1,h31,136.715,0
h1,h32,105.607,0
h1,h33,96.893,0
h1,h34,92.072,0
h1,h35,97.415,0
h1,h36,97.425,0
h1,h37,99.544,0
h1,h38,109.808,0
h1,h39,110.284,0
h1,h2,100.934,0
h1,h3,96.689,0
h1,h4,105.580,0
h1,h5,94.615,0
h1,h6,95.954,0
h1,h7,117.063,0
h1,h8,95.936,0
h1,h9,91.950,0
h1,h10,93.076,0
h1,h11,105.013,0
h1,h12,104.782,0
h1,h13,104.952,0
h1,h14,110.731,0
h1,h15,95.094,0
h1,h16,103.096,0
h1,h17,100.841,0
h1,h18,102.542,0
h1,h19,99.842,0
h1,h20,109.576,0
h1,h21,104.597,0
h1,h22,117.450,0
h1,h23,105.043,0
h1,h24,106.778,0
h1,h25,119.660,0
h1,h26,105.045,0
h1,h27,103.910,0
h1,h28,110.033,0
h1,h29,109.500,0
h1,h30,107.356,0
h1,h31,104.274,0
h1,h32,113.189,0
h1,h33,111.173,0
h1,h34,95.596,0
h1,h35,95.592,0
h1,h36,102.680,0
h1,h37,117.505,0
h1,h38,120.079,0
h1,h39,110.191,0
h1,h2,105.466,0
h1,h3,98.348,0
h1,h4,95.289,0
h1,h5,103.656,0
h1,h6,100.359,0
h1,h7,100.222,0
h1,h8,99.012,0
h1,h9,102.173,0
h1,h10,100.286,0
h1,h11,106.787,0
h1,h12,96.574,0
h1,h13,98.245,0
h1,h14,102.462,0
h1,h15,101.464,0
h1,h16,95.414,0
h1,h17,96.386,0
h1,h18,104.181,0
h1,h19,93.157,0
h1,h20,96.590,0
h1,h21,103.020,0
h1,h22,140.841,0
h1,h23,98.882,0
h1,h24,99.419,0
h1,h25,98.770,0
h1,h26,104.654,0
h1,h27,97.225,0
h1,h28,102.870,0
h1,h29,99.816,0
h1,h30,115.573,0
h1,h31,104.299,0
h1,h32,93.942,0
h1,h33,94.579,0
h1,h34,107.562,0
h1,h35,106.667,0
h1,h36,107.403,0
h1,h37,99.197,0
h1,h38,97.455,0
h1,h39,92.797,0
h1,h2,N/A,100
h1,h3,100.585,0
h1,h4,103.519,0
h1,h5,93.765,0
h1,h6,102.025,0
h1,h7,96.495,0
h1,h8,101.459,0
h1,h9,98.583,0
h1,h10,106.138,0
h1,h11,97.104,0
h1,h12,96.903,0
h1,h13,97.584,0
h1,h14,104.984,0
h1,h15,100.174,0
h1,h16,97.246,0
h1,h17,121.132,0
h1,h18,100.849,0
h1,h19,101.866,0
h1,h20,99.905,0
h1,h21,113.778,0
h1,h22,150.597,0
h1,h23,109.954,0
h1,h24,116.519,0
h1,h25,95.961,0
h1,h26,108.432,0
h1,h27,109.072,0
h1,h28,99.989,0
h1,h29,106.908,0
h1,h30,106.099,0
h1,h31,96.274,0
h1,h32,116.383,0
h1,h33,108.201,0
h1,h34,111.975,0
h1,h35,99.598,0
h1,h36,107.475,0
h1,h37,101.230,0
h1,h38,102.679,0
h1,h39,91.653,0
h1,h2,N/A,100
h1,h3,115.369,0
h1,h4,102.924,0
h1,h5,98.002,0
h1,h6,124.318,0
h1,h7,110.584,0
h1,h8,110.862,0
h1,h9,95.393,0
h1,h10,111.333,0
h1,h11,113.148,0
h1,h12,113.816,0
h1,h13,118.945,0
h1,h14,101.920,0
h1,h15,97.786,0
h1,h16,101.979,0
h1,h17,98.638,0
h1,h18,106.268,0
h1,h19,107.587,0
h1,h20,104.474,0
h1,h21,122.023,0
h1,h22,104.444,0
h1,h23,103.148,0
h1,h24,90.425,0
h1,h25,95.669,0
h1,h26,94.886,0
h1,h27,99.805,0
h1,h28,126.035,0
h1,h29,91.104,0
h1,h30,105.878,0
h1,h31,102.077,0
h1,h32,N/A,100
h1,h33,103.507,0
h1,h34,103.128,0
h1,h35,107.107,0
h1,h36,97.156,0
h1,h37,103.740,0
h1,h38,96.532,0
h1,h39,109.156,0
h1,h2,N/A,100
h1,h3,106.499,0
h1,h4,97.392,0
h1,h5,92.837,0
h1,h6,98.902,0
h1,h7,98.770,0
h1,h8,106.654,0
h1,h9,109.910,0
h1,h10,95.735,0
h1,h11,92.556,0
h1,h12,99.731,0
h1,h13,99.415,0
h1,h14,101.170,0
h1,h15,95.864,0
h1,h16,111.944,0
h1,h17,119.718,0
h1,h18,98.266,0
h1,h19,103.742,0
h1,h20,115.666,0
h1,h21,98.572,0
h1,h22,108.227,0
h1,h23,109.701,0
h1,h24,99.861,50
h1,h25,89.153,0
h1,h26,92.498,0
h1,h27,1934.919,0
h1,h28,1487.777,0
h1,h29,5061.856,0
h1,h30,N/A,100
h1,h31,4486.818,0
h1,h32,N/A,100
h1,h33,N/A,100
h1,h34,3991.066,0
h1,h35,5490.411,0
h1,h36,1108.391,0
h1,h37,496.254,50
h1,h38,983.657,50
h1,h39,241.312,0
h1,h2,N/A,100
h1,h3,98.821,0
h1,h4,113.606,0
h1,h5,99.909,0
h1,h6,111.315,0
h1,h7,102.361,0
h1,h8,93.886,0
h1,h9,110.005,0
h1,h10,103.642,0
h1,h11,117.259,0
h1,h12,112.542,0
h1,h13,104.400,0
h1,h14,108.905,0
h1,h15,117.336,0
h1,h16,114.197,0
h1,h17,109.015,0
h1,h18,123.773,0
h1,h19,109.270,0
h1,h20,108.697,0
h1,h21,100.082,0
h1,h22,100.369,0
h1,h23,104.871,0
h1,h24,126.373,0
h1,h25,98.337,0
h1,h26,106.866,0
h1,h27,110.955,0
h1,h28,99.964,0
h1,h29,106.748,0
h1,h30,N/A,100
h1,h31,99.418,0
h1,h32,N/A,100
h1,h33,104.119,0
h1,h34,121.824,0
h1,h35,110.857,0
h1,h36,N/A,100
h1,h37,6063.259,0
h1,h38,91.268,0
h1,h39,93.383,0
h1,h2,N/A,100
h1,h3,102.309,0
h1,h4,100.828,0
h1,h5,102.592,0
h1,h6,101.419,0
h1,h7,108.363,0
h1,h8,97.447,0
h1,h9,110.076,0
h1,h10,110.054,0
h1,h11,116.844,0
h1,h12,117.137,0
h1,h13,124.937,0
h1,h14,112.796,0
h1,h15,N/A,100
h1,h16,109.942,0
h1,h17,106.510,0
h1,h18,100.286,0
h1,h19,101.549,0
h1,h20,125.843,0
h1,h21,107.703,0
h1,h22,101.289,0
h1,h23,108.909,0
h1,h24,106.692,0
h1,h25,121.119,0
h1,h26,115.936,0
h1,h27,113.529,0
h1,h28,113.259,0
h1,h29,114.356,0
h1,h30,N/A,100
h1,h31,98.029,0
h1,h32,N/A,100
h1,h33,N/A,100
h1,h34,N/A,100
h1,h35,100.278,0
h1,h36,N/A,100
h1,h37,100.162,0
h1,h38,105.648,0
h1,h39,97.201,0
h1,h2,N/A,100
h1,h3,103.045,0
h1,h4,94.421,0
h1,h5,92.574,0
h1,h6,92.149,0
h1,h7,113.935,0
h1,h8,102.913,0
h1,h9,91.004,0
h1,h10,89.504,0
h1,h11,89.864,0
h1,h12,90.571,0
h1,h13,90.807,0
h1,h14,107.342,0
h1,h15,N/A,100
h1,h16,109.975,0
h1,h17,105.504,0
h1,h18,98.675,0
h1,h19,102.821,0
h1,h20,127.474,0
h1,h21,101.039,0
h1,h22,120.846,0
h1,h23,116.400,0
h1,h24,104.420,0
h1,h25,111.594,0
h1,h26,91.143,0
h1,h27,95.811,0
h1,h28,122.108,0
h1,h29,114.855,0
h1,h30,N/A,100
h1,h31,135.131,0
h1,h32,N/A,100
h1,h33,N/A,100
h1,h34,N/A,100
h1,h35,99.901,0
h1,h36,N/A,100
h1,h37,155.339,0
h1,h38,124.225,0
h1,h39,127.266,0
h1,h2,N/A,100
h1,h3,120.125,0
h1,h4,133.310,0
h1,h5,110.707,0
h1,h6,120.536,0
h1,h7,102.265,0
h1,h8,104.531,0
h1,h9,99.038,0
h1,h10,105.626,0
h1,h11,99.640,0
h1,h12,99.378,0
h1,h13,129.300,0
h1,h14,114.686,0
h1,h15,N/A,100
h1,h16,104.981,0
h1,h17,115.915,0
h1,h18,110.537,0
h1,h19,140.768,0
h1,h20,186.112,0
h1,h21,128.156,0
h1,h22,145.997,0
h1,h23,151.059,0
h1,h24,312.551,0
h1,h25,124.545,0
h1,h26,98.315,0
h1,h27,119.773,0
h1,h28,140.318,0
h1,h29,135.725,0
h1,h30,N/A,100
h1,h31,179.464,0
h1,h32,N/A,100
h1,h33,N/A,100
h1,h34,N/A,100
h1,h35,105.755,0
h1,h36,N/A,100
h1,h37,105.175,0
h1,h38,121.771,0
h1,h39,98.463,0
h1,h2,N/A,100
h1,h3,110.772,0
h1,h4,126.312,0
h1,h5,120.989,0
h1,h6,101.078,0
h1,h7,124.735,0
h1,h8,137.685,0
h1,h9,224.032,0
h1,h10,141.727,0
h1,h11,133.634,0
h1,h12,129.008,0
h1,h13,124.959,0
h1,h14,110.923,0
h1,h15,N/A,100
h1,h16,116.320,0
h1,h17,115.253,0
h1,h18,126.329,0
h1,h19,119.342,0
h1,h20,107.720,0
h1,h21,113.353,0
h1,h22,107.577,0
h1,h23,145.627,0
h1,h24,117.830,0
h1,h25,118.388,0
h1,h26,118.481,0
h1,h27,121.310,0
h1,h28,106.245,0
h1,h29,115.509,0
h1,h30,N/A,100
h1,h31,123.719,0
h1,h32,N/A,100
h1,h33,N/A,100
h1,h34,N/A,100
h1,h35,119.131,0
h1,h36,N/A,100
h1,h37,123.464,0
h1,h38,97.460,0
h1,h39,115.374,0
h1,h2,N/A,100
h1,h3,156.896,0
h1,h4,112.053,0
h1,h5,123.205,0
h1,h6,142.014,0
h1,h7,180.024,0
h1,h8,167.525,0
h1,h9,145.775,0
h1,h10,166.282,0
h1,h11,121.065,0
h1,h12,180.406,0
h1,h13,177.456,0
h1,h14,209.284,0
h1,h15,N/A,100
h1,h16,109.833,0
h1,h17,115.886,0
h1,h18,94.460,0
h1,h19,119.179,0
h1,h20,111.236,0
h1,h21,123.246,0
h1,h22,104.315,0
h1,h23,154.941,0
h1,h24,144.457,0
h1,h25,108.155,0
h1,h26,127.586,0
h1,h27,124.345,0
h1,h28,121.710,0
h1,h29,135.788,0
h1,h30,N/A,100
h1,h31,188.512,0
h1,h32,N/A,100
h1,h33,N/A,100
h1,h34,N/A,100
h1,h35,121.797,0
h1,h36,N/A,100
h1,h37,468.946,0
h1,h38,104.749,0
h1,h39,147.784,0
h1,h2,N/A,100
h1,h3,219.633,0
h1,h4,162.532,0
h1,h5,210.882,0
h1,h6,148.796,0
h1,h7,151.281,0
h1,h8,205.927,0
h1,h9,119.596,0
h1,h10,314.436,0
h1,h11,104.663,0
h1,h12,266.323,0
h1,h13,137.829,0
h1,h14,155.298,0
h1,h15,N/A,100
h1,h16,111.900,0
h1,h17,107.992,0
h1,h18,126.320,0
h1,h19,159.683,0
h1,h20,97.349,0
h1,h21,119.058,0
h1,h22,124.559,0
h1,h23,144.096,0
h1,h24,162.934,0
h1,h25,176.123,0
h1,h26,150.288,0
h1,h27,193.116,0
h1,h28,103.881,0
h1,h29,117.912,0
h1,h30,N/A,100
h1,h31,179.595,0
h1,h32,N/A,100
h1,h33,N/A,100
h1,h34,N/A,100
h1,h35,116.801,0
h1,h36,N/A,100
h1,h37,101.981,0
h1,h38,115.164,0
h1,h39,202.408,0
h1,h2,N/A,100
h1,h3,169.202,0
h1,h4,166.743,0
h1,h5,388.940,0
h1,h6,123.662,0
h1,h7,125.002,0
h1,h8,162.623,0
h1,h9,135.258,0
h1,h10,127.482,0
h1,h11,120.810,0
h1,h12,133.031,0
h1,h13,112.394,0
h1,h14,146.666,0
h1,h15,N/A,100
h1,h16,131.638,0
h1,h17,113.270,0
h1,h18,121.879,0
h1,h19,111.885,0
h1,h20,140.003,0
h1,h21,166.148,0
h1,h22,168.337,0
h1,h23,116.783,0
h1,h24,112.339,0
h1,h25,115.239,0
h1,h26,111.535,0
h1,h27,108.261,0
h1,h28,134.000,0
h1,h29,96.382,0
h1,h30,N/A,100
h1,h31,254.501,0
h1,h32,N/A,100
h1,h33,N/A,100
h1,h34,N/A,100
h1,h35,122.010,0
h1,h36,N/A,100
h1,h37,125.892,0
h1,h38,144.152,0
h1,h39,129.535,0
h1,h2,N/A,100
h1,h3,143.666,0
h1,h4,122.135,0
h1,h5,120.425,0
h1,h6,120.405,0
h1,h7,142.775,0
h1,h8,139.507,0
h1,h9,124.786,0
h1,h10,120.859,0
h1,h11,135.314,0
h1,h12,190.522,0
h1,h13,120.658,0
h1,h14,141.617,0
h1,h15,N/A,100
h1,h16,102.338,0
h1,h17,131.158,0
h1,h18,104.942,0
h1,h19,101.588,0
h1,h20,136.639,0
h1,h21,119.315,0
h1,h22,118.770,0
h1,h23,109.822,0
h1,h24,122.884,0
h1,h25,118.342,0
h1,h26,132.921,0
h1,h27,115.989,0
h1,h28,110.758,0
h1,h29,128.285,0
h1,h30,N/A,100
h1,h31,114.144,0
h1,h32,N/A,100
h1,h33,N/A,100
h1,h34,N/A,100
h1,h35,119.078,0
h1,h36,N/A,100
h1,h37,118.912,0
h1,h38,157.703,0
h1,h39,154.887,0
h1,h2,N/A,100
h1,h3,169.455,0
h1,h4,133.899,0
h1,h5,135.182,0
h1,h6,132.225,0
h1,h7,158.715,0
h1,h8,137.581,0
h1,h9,129.612,0
h1,h10,127.006,0
h1,h11,151.747,0
h1,h12,121.828,0
h1,h13,111.611,0
h1,h14,114.734,0
h1,h15,N/A,100
h1,h16,112.436,0
h1,h17,121.163,0
h1,h18,93.487,0
h1,h19,127.149,0
h1,h20,110.941,0
h1,h21,128.265,0
h1,h22,144.717,0
h1,h23,132.252,0
h1,h24,117.291,0
h1,h25,141.496,0
h1,h26,121.723,0
h1,h27,109.887,0
h1,h28,127.539,0
h1,h29,134.487,0
h1,h30,N/A,100
h1,h31,190.605,0
h1,h32,N/A,100
h1,h33,N/A,100
h1,h34,N/A,100
h1,h35,125.417,0
h1,h36,N/A,100
h1,h37,118.447,0
h1,h38,270.545,0
h1,h39,163.975,0
h1,h2,N/A,100
h1,h3,139.948,0
h1,h4,538.691,0
h1,h5,102.936,0
h1,h6,143.719,0
h1,h7,120.278,0
h1,h8,198.097,0
h1,h9,133.622,0
h1,h10,126.310,0
h1,h11,127.590,0
h1,h12,137.955,0
h1,h13,130.644,0
h1,h14,108.977,0
h1,h15,N/A,100
h1,h16,115.417,0
h1,h17,117.236,0
h1,h18,119.904,0
h1,h19,113.637,0
h1,h20,120.935,0
h1,h21,108.138,0
h1,h22,111.866,0
h1,h23,109.099,0
h1,h24,113.804,0
h1,h25,123.012,0
h1,h26,108.972,0
h1,h27,118.096,0
h1,h28,102.284,0
h1,h29,102.963,0
h1,h30,N/A,100
h1,h31,113.672,0
h1,h32,N/A,100
h1,h33,N/A,100
h1,h34,N/A,100
h1,h35,113.631,0
h1,h36,N/A,100
h1,h37,137.171,0
h1,h38,131.002,0
h1,h39,139.737,0
h1,h2,N/A,100
h1,h3,128.874,0
h1,h4,127.162,0
h1,h5,128.838,0
h1,h6,143.509,0
h1,h7,125.027,0
h1,h8,131.851,0
h1,h9,143.265,0
h1,h10,109.794,0
h1,h11,121.871,0
h1,h12,117.549,0
h1,h13,117.642,0
h1,h14,140.097,0
h1,h15,N/A,100
h1,h16,117.993,0
h1,h17,127.323,0
h1,h18,102.539,0
h1,h19,126.550,0
h1,h20,121.263,0
h1,h21,118.602,0
h1,h22,140.758,0
h1,h23,117.477,0
h1,h24,123.948,0
h1,h25,121.359,0
h1,h26,92.864,0
h1,h27,129.870,0
h1,h28,103.217,0
h1,h29,112.037,0
h1,h30,N/A,100
h1,h31,158.756,0
h1,h32,N/A,100
h1,h33,N/A,100
h1,h34,N/A,100
h1,h35,256.292,0
h1,h36,N/A,100
h1,h37,221.443,0
h1,h38,124.967,0
h1,h39,104.504,0
h1,h2,N/A,100
h1,h3,116.552,0
h1,h4,114.193,0
h1,h5,113.673,0
h1,h6,114.138,0
h1,h7,112.048,0
h1,h8,115.511,0
h1,h9,123.077,0
h1,h10,125.718,0
h1,h11,104.234,0
h1,h12,108.319,0
h1,h13,128.579,0
h1,h14,145.302,0
h1,h15,N/A,100
h1,h16,113.929,0
h1,h17,107.170,0
h1,h18,111.239,0
h1,h19,129.607,0
h1,h20,107.735,0
h1,h21,109.552,0
h1,h22,102.369,0
h1,h23,101.187,0
h1,h24,95.786,0
h1,h25,113.257,0
h1,h26,115.010,0
h1,h27,107.506,0
h1,h28,104.914,0
h1,h29,103.475,0
h1,h30,N/A,100
h1,h31,128.892,0
h1,h32,N/A,100
h1,h33,N/A,100
h1,h34,N/A,100
h1,h35,108.105,0
h1,h36,N/A,100
h1,h37,103.694,0
h1,h38,110.649,0
h1,h39,99.069,0
h1,h2,N/A,100
h1,h3,119.773,0
h1,h4,99.884,0
h1,h5,100.452,0
h1,h6,97.509,0
h1,h7,102.354,0
h1,h8,95.302,0
h1,h9,99.017,0
h1,h10,100.776,0
h1,h11,99.375,0
h1,h12,97.167,0
h1,h13,95.421,0
h1,h14,97.019,0
h1,h15,N/A,100
h1,h16,99.329,0
h1,h17,90.851,0
h1,h18,100.713,0
h1,h19,95.290,0
h1,h20,98.094,0
h1,h21,96.204,0
h1,h22,91.754,0
h1,h23,104.148,0
h1,h24,101.609,0
h1,h25,92.182,0
h1,h26,99.791,0
h1,h27,197.587,0
h1,h28,114.458,0
h1,h29,116.030,0
h1,h30,N/A,100
h1,h31,107.680,0
h1,h32,N/A,100
h1,h33,N/A,100
h1,h34,N/A,100
h1,h35,120.201,0
h1,h36,N/A,100
h1,h37,112.705,0
h1,h38,114.971,0
h1,h39,124.248,0
h1,h2,N/A,100
h1,h3,98.934,0
h1,h4,106.948,0
h1,h5,108.783,0
h1,h6,105.740,0
h1,h7,100.699,0
h1,h8,121.876,0
h1,h9,94.977,0
h1,h10,99.206,0
h1,h11,99.757,0
h1,h12,102.057,0
h1,h13,99.392,0
h1,h14,101.219,0
h1,h15,N/A,100
h1,h16,97.250,0
h1,h17,100.909,0
h1,h18,94.333,0
h1,h19,92.527,0
h1,h20,108.099,0
h1,h21,105.917,0
h1,h22,102.542,0
h1,h23,100.144,0
h1,h24,105.311,0
h1,h25,99.232,0
h1,h26,103.858,0
h1,h27,96.727,0
h1,h28,97.248,0
h1,h29,102.524,0
h1,h30,N/A,100
h1,h31,101.232,0
h1,h32,N/A,100
h1,h33,N/A,100
h1,h34,N/A,100
h1,h35,106.614,0
h1,h36,N/A,100
h1,h37,101.613,0
h1,h38,105.076,0
h1,h39,104.832,0
h1,h2,N/A,100
h1,h3,102.337,0
h1,h4,101.737,0
h1,h5,98.854,0
h1,h6,101.483,0
h1,h7,94.568,0
h1,h8,98.613,0
h1,h9,95.282,0
h1,h10,98.726,0
h1,h11,105.373,0
h1,h12,94.288,0
h1,h13,137.993,0
h1,h14,137.181,0
h1,h15,N/A,100
h1,h16,94.137,0
h1,h17,101.179,0
h1,h18,97.988,0
h1,h19,103.469,0
h1,h20,110.691,0
h1,h21,111.923,0
h1,h22,132.095,0
h1,h23,113.882,0
h1,h24,104.893,0
h1,h25,107.539,0
h1,h26,118.527,0
h1,h27,104.838,0
h1,h28,114.176,0
h1,h29,113.664,0
h1,h30,N/A,100
h1,h31,118.575,0
h1,h32,N/A,100
h1,h33,N/A,100
h1,h34,N/A,100
h1,h35,96.625,0
h1,h36,N/A,100
h1,h37,106.666,0
h1,h38,112.111,0
h1,h39,104.211,0
h1,h2,N/A,100
h1,h3,96.532,0
h1,h4,108.456,0
h1,h5,99.960,0
h1,h6,100.941,0
h1,h7,107.346,0
h1,h8,99.247,0
h1,h9,98.929,0
h1,h10,101.500,0
h1,h11,112.061,0
h1,h12,104.825,0
h1,h13,92.396,0
h1,h14,98.369,0
h1,h15,N/A,100
h1,h16,98.029,0
h1,h17,99.244,0
h1,h18,95.849,0
h1,h19,93.012,0
h1,h20,92.525,0
h1,h21,89.685,0
h1,h22,91.462,0
h1,h23,92.095,0
h1,h24,104.920,0
h1,h25,109.240,0
h1,h26,97.522,0
h1,h27,97.835,0
h1,h28,109.278,0
h1,h29,117.962,0
h1,h30,N/A,100
h1,h31,103.083,0
h1,h32,N/A,100
h1,h33,N/A,100
h1,h34,N/A,100
h1,h35,93.794,0
h1,h36,N/A,100
h1,h37,97.205,0
h1,h38,97.229,0
h1,h39,99.120,0
h1,h2,N/A,100
h1,h3,98.863,0
h1,h4,92.868,0
h1,h5,98.516,0
h1,h6,103.585,0
h1,h7,106.408,0
h1,h8,89.719,0
h1,h9,101.086,0
h1,h10,95.899,0
h1,h11,102.623,0
h1,h12,96.082,0
h1,h13,102.011,0
h1,h14,103.438,0
h1,h15,N/A,100
h1,h16,92.227,0
h1,h17,90.898,0
h1,h18,94.651,0
h1,h19,102.976,0
h1,h20,102.334,0
h1,h21,104.528,0
h1,h22,101.746,0
h1,h23,104.741,0
h1,h24,100.565,0
h1,h25,97.767,0
h1,h26,93.192,0
h1,h27,105.160,0
h1,h28,100.315,0
h1,h29,101.248,0
h1,h30,N/A,100
h1,h31,102.271,0
h1,h32,N/A,100
h1,h33,N/A,100
h1,h34,N/A,100
h1,h35,96.695,0
h1,h36,N/A,100
h1,h37,108.647,0
h1,h38,97.634,0
h1,h39,101.766,0
h1,h2,N/A,100
h1,h3,109.181,0
h1,h4,92.501,0
h1,h5,95.759,0
h1,h6,116.936,0
h1,h7,107.324,0
h1,h8,104.882,0
h1,h9,109.403,0
h1,h10,93.061,0
h1,h11,105.484,0
h1,h12,102.054,0
h1,h13,121.857,0
h1,h14,107.861,0
h1,h15,N/A,100
h1,h16,106.072,0
h1,h17,104.666,0
h1,h18,107.248,0
h1,h19,102.879,0
h1,h20,92.258,0
h1,h21,95.705,0
h1,h22,109.363,0
h1,h23,116.597,0
h1,h24,114.553,0
h1,h25,122.065,0
h1,h26,103.258,0
h1,h27,112.532,0
h1,h28,113.807,0
h1,h29,107.665,0
h1,h30,N/A,100
h1,h31,101.858,0
h1,h32,N/A,100
h1,h33,N/A,100
h1,h34,N/A,100
h1,h35,115.391,0
h1,h36,N/A,100
h1,h37,90.335,0
h1,h38,103.498,0
h1,h39,105.836,0
h1,h2,N/A,100
h1,h3,103.584,0
h1,h4,105.674,0
h1,h5,105.157,0
h1,h6,106.411,0
h1,h7,108.130,0
h1,h8,100.818,0
h1,h9,108.200,0
h1,h10,104.627,0
h1,h11,100.457,0
h1,h12,107.192,0
h1,h13,108.683,0
h1,h14,105.630,0
h1,h15,N/A,100
h1,h16,109.430,0
h1,h17,103.465,0
h1,h18,104.608,0
h1,h19,98.160,0
h1,h20,108.997,0
h1,h21,107.640,0
h1,h22,109.506,0
h1,h23,106.273,0
h1,h24,98.755,0
h1,h25,93.203,0
h1,h26,111.242,0
h1,h27,109.190,0
h1,h28,107.205,0
h1,h29,98.792,0
h1,h30,N/A,100
h1,h31,108.690,0
h1,h32,N/A,100
h1,h33,N/A,100
h1,h34,N/A,100
h1,h35,103.708,0
h1,h36,N/A,100
h1,h37,111.828,0
h1,h38,103.728,0
h1,h39,94.957,0
h1,h2,N/A,100
h1,h3,135.670,0
h1,h4,96.683,0
h1,h5,105.786,0
h1,h6,110.133,0
h1,h7,103.056,0
h1,h8,129.107,0
h1,h9,116.651,0
h1,h10,114.738,0
h1,h11,114.530,0
h1,h12,119.754,0
h1,h13,123.834,0
h1,h14,123.268,0
h1,h15,N/A,100
h1,h16,103.582,0
h1,h17,114.794,0
h1,h18,98.264,0
h1,h19,102.952,0
h1,h20,116.192,0
h1,h21,130.691,0
h1,h22,102.488,0
h1,h23,106.161,0
h1,h24,104.470,0
h1,h25,106.532,0
h1,h26,113.591,0
h1,h27,103.386,0
h1,h28,106.869,0
h1,h29,105.101,0
h1,h30,N/A,100
h1,h31,116.802,0
h1,h32,N/A,100
h1,h33,N/A,100
h1,h34,N/A,100
h1,h35,106.103,0
h1,h36,N/A,100
h1,h37,103.227,0
h1,h38,107.367,0
h1,h39,107.434,0
h1,h2,N/A,100
h1,h3,92.648,0
h1,h4,92.130,0
h1,h5,99.106,0
h1,h6,107.618,0
h1,h7,94.397,0
h1,h8,98.109,0
h1,h9,93.516,0
h1,h10,91.434,0
h1,h11,98.723,0
h1,h12,97.215,0
h1,h13,96.152,0
h1,h14,106.519,0
h1,h15,N/A,100
h1,h16,101.194,0
h1,h17,99.584,0
h1,h18,92.092,0
h1,h19,93.113,0
h1,h20,103.558,0
h1,h21,98.024,0
h1,h22,94.308,0
h1,h23,99.211,0
h1,h24,112.330,0
h1,h25,100.082,0
h1,h26,90.109,0
h1,h27,92.456,0
h1,h28,102.839,0
h1,h29,92.608,0
h1,h30,N/A,100
h1,h31,105.443,0
h1,h32,N/A,100
h1,h33,N/A,100
h1,h34,N/A,100
h1,h35,101.429,0
h1,h36,N/A,100
h1,h37,99.551,0
h1,h38,101.050,0
h1,h39,89.929,0
h1,h2,N/A,100
h1,h3,111.207,0
h1,h4,94.906,0
h1,h5,94.243,0
h1,h6,93.651,0
h1,h7,98.421,0
h1,h8,97.861,0
h1,h9,105.147,0
h1,h10,91.959,0
h1,h11,98.821,0
h1,h12,99.481,0
h1,h13,101.775,0
h1,h14,95.772,0
h1,h15,N/A,100
h1,h16,105.493,0
h1,h17,90.345,0
h1,h18,100.566,0
h1,h19,90.013,0
h1,h20,96.020,0
h1,h21,99.515,0
h1,h22,109.694,0
h1,h23,93.139,0
h1,h24,120.838,0
h1,h25,106.352,0
h1,h26,102.266,0
h1,h27,102.644,0
h1,h28,105.276,0
h1,h29,121.841,0
h1,h30,N/A,100
h1,h31,109.195,0
h1,h32,N/A,100
h1,h33,N/A,100
h1,h34,N/A,100
h1,h35,108.101,0
h1,h36,N/A,100
h1,h37,92.113,0
h1,h38,114.736,0
h1,h39,116.088,0
h1,h2,N/A,100
h1,h3,106.802,0
h1,h4,95.177,0
h1,h5,100.131,0
h1,h6,102.916,0
h1,h7,116.859,0
h1,h8,124.066,0
h1,h9,94.872,0
h1,h10,104.577,0
h1,h11,107.072,0
h1,h12,99.918,0
h1,h13,100.790,0
h1,h14,106.592,0
h1,h15,N/A,100
h1,h16,105.165,0
h1,h17,91.767,0
h1,h18,93.625,0
h1,h19,105.777,0
h1,h20,106.344,0
h1,h21,103.692,0
h1,h22,108.713,0
h1,h23,102.308,0
h1,h24,104.060,0
h1,h25,90.704,0
h1,h26,106.207,0
h1,h27,103.203,0
h1,h28,107.302,0
h1,h29,102.126,0
h1,h30,N/A,100
h1,h31,97.836,0
h1,h32,N/A,100
h1,h33,N/A,100
h1,h34,N/A,100
h1,h35,96.719,0
h1,h36,N/A,100
h1,h37,95.619,0
h1,h38,96.316,0
h1,h39,96.836,0
h1,h2,N/A,100
h1,h3,106.454,0
h1,h4,108.185,0
h1,h5,99.738,0
h1,h6,112.327,0
h1,h7,120.469,0
h1,h8,107.596,0
h1,h9,92.320,0
h1,h10,111.855,0
h1,h11,103.935,0
h1,h12,103.732,0
h1,h13,102.982,0
h1,h14,110.217,0
h1,h15,N/A,100
h1,h16,103.771,0
h1,h17,103.288,0
h1,h18,111.833,0
h1,h19,112.701,0
h1,h20,103.458,0
h1,h21,110.248,0
h1,h22,106.451,0
h1,h23,109.555,0
h1,h24,98.447,0
h1,h25,117.513,0
h1,h26,123.196,0
h1,h27,106.854,0
h1,h28,107.035,0
h1,h29,99.061,0
h1,h30,N/A,100
h1,h31,110.003,0
h1,h32,N/A,100
h1,h33,N/A,100
h1,h34,N/A,100
h1,h35,113.475,0
h1,h36,N/A,100
h1,h37,91.239,0
h1,h38,95.221,0
h1,h39,106.661,0
h1,h2,N/A,100
h1,h3,105.082,0
h1,h4,102.308,0
h1,h5,107.929,0
h1,h6,95.659,0
h1,h7,97.805,0
h1,h8,99.074,0
h1,h9,103.368,0
h1,h10,104.320,0
h1,h11,97.814,0
h1,h12,104.594,0
h1,h13,104.555,0
h1,h14,105.152,0
h1,h15,N/A,100
h1,h16,105.167,0
h1,h17,103.217,0
h1,h18,95.938,0
h1,h19,102.587,0
h1,h20,109.508,0
h1,h21,101.275,0
h1,h22,109.342,0
h1,h23,101.162,0
h1,h24,104.871,0
h1,h25,103.896,0
h1,h26,107.828,0
h1,h27,98.458,0
h1,h28,102.357,0
h1,h29,101.119,0
h1,h30,N/A,100
h1,h31,105.442,0
h1,h32,N/A,100
h1,h33,N/A,100
h1,h34,N/A,100
h1,h35,98.881,0
h1,h36,N/A,100
h1,h37,105.950,0
h1,h38,101.130,0
h1,h39,108.800,0
h1,h2,N/A,100
h1,h3,100.591,0
h1,h4,98.772,0
h1,h5,97.880,0
h1,h6,99.016,0
h1,h7,96.079,0
h1,h8,100.490,0
h1,h9,94.608,0
h1,h10,98.350,0
h1,h11,126.361,0
h1,h12,119.189,0
h1,h13,105.064,0
h1,h14,123.956,0
h1,h15,N/A,100
h1,h16,104.138,0
h1,h17,109.808,0
h1,h18,111.333,0
h1,h19,109.609,0
h1,h20,113.290,0
h1,h21,103.544,0
h1,h22,116.339,0
h1,h23,108.352,0
h1,h24,120.787,0
h1,h25,104.170,0
h1,h26,106.405,0
h1,h27,113.854,0
h1,h28,104.761,0
h1,h29,98.752,0
h1,h30,N/A,100
h1,h31,100.126,0
h1,h32,N/A,100
h1,h33,N/A,100
h1,h34,N/A,100
h1,h35,108.190,0
h1,h36,N/A,100
h1,h37,112.408,0
h1,h38,105.382,0
h1,h39,93.456,0
h1,h2,N/A,100
h1,h3,100.339,0
h1,h4,91.028,0
h1,h5,101.553,0
h1,h6,103.914,0
h1,h7,102.683,0
h1,h8,91.448,0
h1,h9,105.804,0
h1,h10,106.571,0
h1,h11,106.051,0
h1,h12,102.148,0
h1,h13,105.412,0
h1,h14,102.660,0
h1,h15,N/A,100
h1,h16,96.207,0
h1,h17,101.225,0
h1,h18,134.882,0
h1,h19,106.262,0
h1,h20,102.494,0
h1,h21,101.873,0
h1,h22,102.203,0
h1,h23,101.441,0
h1,h24,104.915,0
h1,h25,96.388,0
h1,h26,104.915,0
h1,h27,101.713,0
h1,h28,100.618,0
h1,h29,103.813,0
h1,h30,N/A,100
h1,h31,104.654,0
h1,h32,N/A,100
h1,h33,N/A,100
h1,h34,N/A,100
h1,h35,98.467,0
h1,h36,N/A,100
h1,h37,100.318,0
h1,h38,106.760,0
h1,h39,94.118,0
h1,h2,N/A,100
h1,h3,105.362,0
h1,h4,97.167,0
h1,h5,95.136,0
h1,h6,95.269,0
h1,h7,98.547,0
h1,h8,103.669,0
h1,h9,94.391,0
h1,h10,131.015,0
h1,h11,96.745,0
h1,h12,118.041,0
h1,h13,104.675,0
h1,h14,105.944,0
h1,h15,N/A,100
h1,h16,111.726,0
h1,h17,97.896,0
h1,h18,98.100,0
h1,h19,99.082,0
h1,h20,107.882,0
h1,h21,109.000,0
h1,h22,111.254,0
h1,h23,112.021,0
h1,h24,104.136,0
h1,h25,116.733,0
h1,h26,111.791,0
h1,h27,108.412,0
h1,h28,105.119,0
h1,h29,97.772,0
h1,h30,N/A,100
h1,h31,99.152,0
h1,h32,N/A,100
h1,h33,N/A,100
h1,h34,N/A,100
h1,h35,120.977,0
h1,h36,N/A,100
h1,h37,96.522,0
h1,h38,118.880,0
h1,h39,97.576,0
h1,h2,N/A,100
h1,h3,93.323,0
h1,h4,95.085,0
h1,h5,98.126,0
h1,h6,102.456,0
h1,h7,92.978,0
h1,h8,107.836,0
h1,h9,109.226,0
h1,h10,109.610,0
h1,h11,99.108,0
h1,h12,106.974,0
h1,h13,105.925,0
h1,h14,103.671,0
h1,h15,N/A,100
h1,h16,98.048,0
h1,h17,99.367,0
h1,h18,106.227,0
h1,h19,102.607,0
h1,h20,101.668,0
h1,h21,108.081,0
h1,h22,99.110,0
h1,h23,96.929,0
h1,h24,110.940,0
h1,h25,109.508,0
h1,h26,101.113,0
h1,h27,101.349,0
h1,h28,100.607,0
h1,h29,104.323,0
h1,h30,N/A,100
h1,h31,93.877,0
h1,h32,N/A,100
h1,h33,N/A,100
h1,h34,N/A,100
h1,h35,94.560,0
h1,h36,N/A,100
h1,h37,102.741,0
h1,h38,105.096,0
h1,h39,112.534,0
h1,h2,N/A,100
h1,h3,92.541,0
h1,h4,98.913,0
h1,h5,102.441,0
h1,h6,97.587,0
h1,h7,101.800,0
h1,h8,96.705,0
h1,h9,100.191,0
h1,h10,140.328,0
h1,h11,117.254,0
h1,h12,118.450,0
h1,h13,113.440,0
h1,h14,111.408,0
h1,h15,N/A,100
h1,h16,108.751,0
h1,h17,106.086,0
h1,h18,110.659,0
h1,h19,116.219,0
h1,h20,103.243,0
h1,h21,106.785,0
h1,h22,103.573,0
h1,h23,106.138,0
h1,h24,90.923,0
h1,h25,117.228,0
h1,h26,109.054,0
h1,h27,113.072,0
h1,h28,104.584,0
h1,h29,110.298,0
h1,h30,N/A,100
h1,h31,109.702,0
h1,h32,N/A,100
h1,h33,N/A,100
h1,h34,N/A,100
h1,h35,113.779,0
h1,h36,N/A,100
h1,h37,108.782,0
h1,h38,93.959,0
h1,h39,115.104,0
h1,h2,N/A,100
h1,h3,99.756,0
h1,h4,102.718,0
h1,h5,102.993,0
h1,h6,103.243,0
h1,h7,103.981,0
h1,h8,104.294,0
h1,h9,100.736,0
h1,h10,102.779,0
h1,h11,96.705,0
h1,h12,106.736,0
h1,h13,98.385,0
h1,h14,102.799,0
h1,h15,N/A,100
h1,h16,97.438,0
h1,h17,98.788,0
h1,h18,103.596,0
h1,h19,117.240,0
h1,h20,100.067,0
h1,h21,102.769,0
h1,h22,99.205,0
h1,h23,93.565,0
h1,h24,98.039,0
h1,h25,96.152,0
h1,h26,98.998,0
h1,h27,107.190,0
h1,h28,96.682,0
h1,h29,102.488,0
h1,h30,N/A,100
h1,h31,94.577,0
h1,h32,N/A,100
h1,h33,N/A,100
h1,h34,N/A,100
h1,h35,98.652,0
h1,h36,N/A,100
h1,h37,104.582,0
h1,h38,97.667,0
h1,h39,101.391,0
h1,h2,N/A,100
h1,h3,102.111,0
h1,h4,100.945,0
h1,h5,97.231,0
h1,h6,92.035,0
h1,h7,99.286,0
h1,h8,100.730,0
h1,h9,103.418,0
h1,h10,99.704,0
h1,h11,91.934,0
h1,h12,96.215,0
h1,h13,98.076,0
h1,h14,91.113,0
h1,h15,N/A,100
h1,h16,89.025,0
h1,h17,94.104,0
h1,h18,98.398,0
h1,h19,97.280,0
h1,h20,95.787,0
h1,h21,90.802,0
h1,h22,98.869,0
h1,h23,94.764,0
h1,h24,89.376,0
h1,h25,92.457,0
h1,h26,94.410,0
h1,h27,97.844,0
h1,h28,92.913,0
h1,h29,93.950,0
h1,h30,N/A,100
h1,h31,96.255,0
h1,h32,N/A,100
h1,h33,N/A,100
h1,h34,N/A,100
h1,h35,N/A,100
h1,h36,N/A,100
h1,h37,N/A,100
h1,h38,1937.312,0
h1,h39,3491.650,0
h1,h2,N/A,100
h1,h3,127.124,0
h1,h4,113.746,0
h1,h5,120.227,0
h1,h6,108.540,0
h1,h7,105.571,0
h1,h8,111.636,0
h1,h9,118.576,0
h1,h10,96.562,0
h1,h11,98.247,0
h1,h12,118.183,0
h1,h13,101.348,0
h1,h14,97.438,0
h1,h15,N/A,100
h1,h16,100.773,0
h1,h17,163.888,0
h1,h18,108.635,0
h1,h19,119.078,0
h1,h20,117.838,0
h1,h21,106.290,0
h1,h22,123.535,0
h1,h23,104.974,0
h1,h24,111.409,0
h1,h25,98.447,0
h1,h26,98.392,0
h1,h27,92.768,0
h1,h28,93.943,0
h1,h29,92.196,0
h1,h30,N/A,100
h1,h31,95.742,0
h1,h32,N/A,100
h1,h33,N/A,100
h1,h34,N/A,100
h1,h35,N/A,100
h1,h36,N/A,100
h1,h37,N/A,100
h1,h38,99.232,0
h1,h39,100.439,0
h1,h2,N/A,100
h1,h3,115.301,0
h1,h4,111.101,0
h1,h5,97.452,0
h1,h6,114.181,0
h1,h7,119.503,0
h1,h8,102.938,0
h1,h9,102.913,0
h1,h10,96.521,0
h1,h11,101.961,0
h1,h12,103.611,0
h1,h13,99.454,0
h1,h14,97.187,0
h1,h15,N/A,100
h1,h16,99.800,0
h1,h17,99.115,0
h1,h18,93.617,0
h1,h19,99.312,0
h1,h20,97.880,0
h1,h21,103.672,0
h1,h22,92.397,0
h1,h23,91.013,0
h1,h24,102.732,0
h1,h25,89.477,0
h1,h26,89.089,0
h1,h27,97.907,0
h1,h28,102.318,0
h1,h29,105.378,0
h1,h30,N/A,100
h1,h31,98.938,0
h1,h32,N/A,100
h1,h33,N/A,100
h1,h34,N/A,100
h1,h35,N/A,100
h1,h36,N/A,100
h1,h37,N/A,100
h1,h38,121.407,0
h1,h39,116.763,0
h1,h2,N/A,100
h1,h3,100.586,0
h1,h4,124.477,0
h1,h5,105.386,0
h1,h6,101.710,0
h1,h7,115.951,0
h1,h8,117.164,0
h1,h9,105.602,0
h1,h10,110.689,0
h1,h11,122.830,0
h1,h12,103.886,0
h1,h13,95.168,0
h1,h14,111.332,0
h1,h15,N/A,100
h1,h16,122.136,0
h1,h17,94.778,0
h1,h18,111.456,0
h1,h19,98.432,0
h1,h20,125.170,0
h1,h21,106.220,0
h1,h22,98.116,0
h1,h23,90.439,0
h1,h24,101.079,0
h1,h25,92.449,0
h1,h26,93.454,0
h1,h27,101.818,0
h1,h28,109.135,0
h1,h29,110.682,0
h1,h30,N/A,100
h1,h31,103.517,0
h1,h32,N/A,100
h1,h33,N/A,100
h1,h34,N/A,100
h1,h35,N/A,100
h1,h36,N/A,100
h1,h37,N/A,100
h1,h38,93.390,0
h1,h39,109.444,0
h1,h2,N/A,100
h1,h3,114.185,0
h1,h4,99.722,0
h1,h5,96.009,0
h1,h6,104.155,0
h1,h7,102.424,0
h1,h8,105.365,0
h1,h9,89.396,0
h1,h10,99.374,0
h1,h11,102.983,0
h1,h12,103.404,0
h1,h13,105.129,0
h1,h14,105.193,0
h1,h15,N/A,100
h1,h16,105.750,0
h1,h17,112.145,0
h1,h18,128.978,0
h1,h19,129.357,0
h1,h20,125.540,0
h1,h21,131.379,0
h1,h22,119.510,0
h1,h23,107.346,0
h1,h24,116.000,0
h1,h25,119.540,0
h1,h26,133.673,0
h1,h27,113.423,0
h1,h28,121.710,0
h1,h29,121.727,0
h1,h30,N/A,100
h1,h31,121.698,0
h1,h32,N/A,100
h1,h33,N/A,100
h1,h34,N/A,100
h1,h35,N/A,100
h1,h36,N/A,100
h1,h37,N/A,100
h1,h38,103.551,0
h1,h39,109.102,0
h1,h2,N/A,100
h1,h3,105.335,0
h1,h4,117.243,0
h1,h5,105.708,0
h1,h6,113.885,0
h1,h7,102.799,0
h1,h8,107.600,0
h1,h9,93.027,0
h1,h10,103.955,0
h1,h11,105.564,0
h1,h12,104.120,0
h1,h13,108.508,0
h1,h14,107.706,0
h1,h15,N/A,100
h1,h16,105.680,0
h1,h17,98.520,0
h1,h18,95.983,0
h1,h19,110.248,0
h1,h20,102.275,0
h1,h21,104.576,0
h1,h22,95.800,0
h1,h23,102.598,0
h1,h24,98.569,0
h1,h25,94.642,0
h1,h26,111.088,0
h1,h27,101.412,0
h1,h28,95.396,0
h1,h29,107.240,0
h1,h30,N/A,100
h1,h31,108.550,0
h1,h32,N/A,100
h1,h33,N/A,100
h1,h34,N/A,100
h1,h35,N/A,100
h1,h36,N/A,100
h1,h37,N/A,100
h1,h38,106.158,0
h1,h39,96.286,0
h1,h2,N/A,100
h1,h3,128.043,0
h1,h4,103.492,0
h1,h5,121.516,0
h1,h6,109.144,0
h1,h7,114.909,0
h1,h8,113.691,0
h1,h9,114.938,0
h1,h10,93.462,0
h1,h11,109.040,0
h1,h12,109.067,0
h1,h13,127.830,0
h1,h14,100.772,0
h1,h15,N/A,100
h1,h16,117.914,0
h1,h17,135.939,0
h1,h18,112.528,0
h1,h19,126.599,0
h1,h20,153.124,0
h1,h21,180.754,0
h1,h22,111.199,0
h1,h23,123.669,0
h1,h24,112.305,0
h1,h25,117.897,0
h1,h26,92.055,0
h1,h27,120.926,0
h1,h28,108.742,0
h1,h29,124.425,0
h1,h30,N/A,100
h1,h31,116.022,0
h1,h32,N/A,100
h1,h33,N/A,100
h1,h34,N/A,100
h1,h35,N/A,100
h1,h36,N/A,100
h1,h37,N/A,100
h1,h38,102.754,0
h1,h39,114.082,0
h1,h2,N/A,100
h1,h3,4003.555,0
h1,h4,2482.821,0
h1,h5,3522.483,0
h1,h6,3677.900,0
h1,h7,3826.268,0
h1,h8,110.035,50
h1,h9,3044.486,0
h1,h10,3959.398,0
h1,h11,5995.509,0
h1,h12,2554.629,0
h1,h13,2967.674,0
h1,h14,3414.986,0
h1,h15,N/A,100
h1,h16,96.023,50
h1,h17,2377.598,0
h1,h18,191.558,0
h1,h19,N/A,100
h1,h20,4108.077,0
h1,h21,3954.178,0
h1,h22,3900.133,0
h1,h23,3309.801,0
h1,h24,4081.429,0
h1,h25,883.236,0
h1,h26,4421.354,0
h1,h27,6123.957,0
h1,h28,9896.737,0
h1,h29,663.999,50
h1,h30,N/A,100
h1,h31,357.393,0
h1,h32,N/A,100
h1,h33,N/A,100
h1,h34,N/A,100
h1,h35,N/A,100
h1,h36,N/A,100
h1,h37,N/A,100
h1,h38,92.384,0
h1,h39,87.923,0
h1,h2,N/A,100
h1,h3,141.575,0
h1,h4,144.191,0
h1,h5,131.500,0
h1,h6,124.030,0
h1,h7,136.390,0
h1,h8,158.091,0
h1,h9,200.580,0
h1,h10,197.736,0
h1,h11,211.411,0
h1,h12,167.161,0
h1,h13,188.979,0
h1,h14,182.881,0
h1,h15,N/A,100
h1,h16,201.343,0
h1,h17,249.049,0
h1,h18,227.127,0
h1,h19,205.174,0
h1,h20,201.831,0
h1,h21,188.433,0
h1,h22,160.247,0
h1,h23,161.801,0
h1,h24,170.004,0
h1,h25,168.118,0
h1,h26,158.101,0
h1,h27,159.591,0
h1,h28,85.915,0
h1,h29,N/A,100
h1,h30,N/A,100
h1,h31,161.338,0
h1,h32,N/A,100
h1,h33,N/A,100
h1,h34,N/A,100
h1,h35,N/A,100
h1,h36,N/A,100
h1,h37,N/A,100
h1,h38,95.465,0
h1,h39,87.247,0
h1,h2,N/A,100
h1,h3,117.189,0
h1,h4,118.987,0
h1,h5,161.475,0
h1,h6,119.928,0
h1,h7,145.606,0
h1,h8,135.609,0
h1,h9,169.546,0
h1,h10,168.676,0
h1,h11,165.367,0
h1,h12,167.764,0
h1,h13,171.041,0
h1,h14,204.799,0
h1,h15,N/A,100
h1,h16,198.595,0
h1,h17,187.386,0
h1,h18,217.523,0
h1,h19,207.665,0
h1,h20,245.483,0
h1,h21,212.209,0
h1,h22,183.478,0
h1,h23,173.581,0
h1,h24,173.465,0
h1,h25,176.129,0
h1,h26,178.814,0
h1,h27,184.205,0
h1,h28,86.143,0
h1,h29,N/A,100
h1,h30,N/A,100
h1,h31,96.022,0
h1,h32,N/A,100
h1,h33,N/A,100
h1,h34,N/A,100
h1,h35,N/A,100
h1,h36,N/A,100
h1,h37,N/A,100
h1,h38,96.292,0
h1,h39,90.933,0
h1,h2,N/A,100
h1,h3,154.018,0
h1,h4,154.081,0
h1,h5,163.372,0
h1,h6,164.887,0
h1,h7,176.779,0
h1,h8,192.847,0
h1,h9,205.662,0
h1,h10,216.580,0
h1,h11,230.785,0
h1,h12,220.324,0
h1,h13,201.545,0
h1,h14,206.492,0
h1,h15,N/A,100
h1,h16,171.377,0
h1,h17,193.390,0
h1,h18,235.601,0
h1,h19,214.834,0
h1,h20,224.824,0
h1,h21,220.621,0
h1,h22,224.795,0
h1,h23,191.306,0
h1,h24,183.635,0
h1,h25,192.870,0
h1,h26,188.401,0
h1,h27,174.452,0
h1,h28,105.238,0
h1,h29,N/A,100
h1,h30,N/A,100
h1,h31,107.343,0
h1,h32,N/A,100
h1,h33,N/A,100
h1,h34,N/A,100
h1,h35,N/A,100
h1,h36,N/A,100
h1,h37,N/A,100
h1,h38,102.133,0
h1,h39,98.695,0
h1,h2,N/A,100
h1,h3,132.728,0
h1,h4,128.355,0
h1,h5,142.866,0
h1,h6,143.057,0
h1,h7,141.414,0
h1,h8,128.534,0
h1,h9,166.996,0
h1,h10,169.630,0
h1,h11,224.510,0
h1,h12,197.341,0
h1,h13,191.655,0
h1,h14,182.052,0
h1,h15,N/A,100
h1,h16,158.793,0
h1,h17,154.845,0
h1,h18,150.241,0
h1,h19,153.477,0
h1,h20,166.692,0
h1,h21,155.857,0
h1,h22,142.224,0
h1,h23,135.449,0
h1,h24,133.482,0
h1,h25,183.753,0
h1,h26,137.290,0
h1,h27,149.384,0
h1,h28,109.393,0
h1,h29,N/A,100
h1,h30,N/A,100
h1,h31,104.069,0
h1,h32,N/A,100
h1,h33,N/A,100
h1,h34,N/A,100
h1,h35,N/A,100
h1,h36,N/A,100
h1,h37,N/A,100
h1,h38,85.834,0
h1,h39,95.664,0
h1,h2,N/A,100
h1,h3,212.668,0
h1,h4,178.928,0
h1,h5,158.312,0
h1,h6,165.495,0
h1,h7,190.507,0
h1,h8,181.595,0
h1,h9,209.942,0
h1,h10,209.145,0
h1,h11,192.058,0
h1,h12,187.192,0
h1,h13,181.641,0
h1,h14,174.309,0
h1,h15,N/A,100
h1,h16,182.692,0
h1,h17,174.845,0
h1,h18,183.312,0
h1,h19,138.576,0
h1,h20,144.339,0
h1,h21,156.148,0
h1,h22,160.642,0
h1,h23,143.283,0
h1,h24,235.114,0
h1,h25,142.565,0
h1,h26,135.938,0
h1,h27,133.350,0
h1,h28,92.789,0
h1,h29,N/A,100
h1,h30,N/A,100
h1,h31,92.090,0
h1,h32,N/A,100
h1,h33,N/A,100
h1,h34,N/A,100
h1,h35,N/A,100
h1,h36,N/A,100
h1,h37,N/A,100
h1,h38,86.800,0
h1,h39,87.354,0
h1,h2,N/A,100
h1,h3,183.137,0
h1,h4,171.876,0
h1,h5,177.263,0
h1,h6,179.334,0
h1,h7,176.945,0
h1,h8,169.169,0
h1,h9,210.245,0
h1,h10,208.277,50
h1,h11,2493.377,0
h1,h12,2280.769,0
h1,h13,525.247,50
h1,h14,6049.765,0
h1,h15,N/A,100
h1,h16,7760.179,0
h1,h17,136.305,0
h1,h18,172.556,0
h1,h19,126.163,0
h1,h20,97.048,0
h1,h21,103.960,0
h1,h22,116.792,0
h1,h23,107.152,0
h1,h24,99.901,0
h1,h25,132.095,0
h1,h26,130.553,0
h1,h27,90.503,0
h1,h28,96.371,0
h1,h29,N/A,100
h1,h30,N/A,100
h1,h31,109.254,0
h1,h32,N/A,100
h1,h33,N/A,100
h1,h34,N/A,100
h1,h35,N/A,100
h1,h36,N/A,100
h1,h37,N/A,100
h1,h38,106.595,0
h1,h39,111.101,0
h1,h2,N/A,100
h1,h3,98.875,0
h1,h4,104.891,0
h1,h5,98.846,0
h1,h6,106.090,0
h1,h7,94.960,0
h1,h8,94.132,0
h1,h9,109.992,0
h1,h10,96.468,0
h1,h11,92.615,0
h1,h12,95.373,0
h1,h13,142.748,0
h1,h14,128.670,0
h1,h15,N/A,100
h1,h16,126.539,0
h1,h17,103.458,0
h1,h18,92.291,0
h1,h19,93.851,0
h1,h20,129.059,0
h1,h21,100.375,0
h1,h22,105.617,0
h1,h23,116.047,0
h1,h24,111.317,0
h1,h25,115.299,0
h1,h26,105.999,0
h1,h27,114.293,0
h1,h28,120.385,0
h1,h29,N/A,100
h1,h30,N/A,100
h1,h31,123.446,0
h1,h32,N/A,100
h1,h33,N/A,100
h1,h34,N/A,100
h1,h35,N/A,100
h1,h36,N/A,100
h1,h37,N/A,100
h1,h38,95.797,0
h1,h39,98.787,0
h1,h2,N/A,100
h1,h3,99.672,0
h1,h4,99.111,0
h1,h5,104.166,0
h1,h6,106.666,0
h1,h7,123.032,0
h1,h8,104.904,0
h1,h9,97.490,0
h1,h10,111.304,0
h1,h11,101.146,0
h1,h12,95.788,0
h1,h13,97.090,0
h1,h14,104.058,0
h1,h15,N/A,100
h1,h16,105.830,0
h1,h17,102.599,0
h1,h18,116.834,0
h1,h19,113.058,0
h1,h20,108.508,0
h1,h21,97.269,0
h1,h22,102.967,0
h1,h23,101.202,0
h1,h24,113.083,0
h1,h25,104.456,0
h1,h26,106.865,0
h1,h27,102.033,0
h1,h28,104.175,0
h1,h29,N/A,100
h1,h30,N/A,100
h1,h31,95.372,0
h1,h32,N/A,100
h1,h33,N/A,100
h1,h34,N/A,100
h1,h35,N/A,100
h1,h36,N/A,100
h1,h37,N/A,100
h1,h38,110.455,0
h1,h39,93.758,0
h1,h2,N/A,100
h1,h3,141.009,0
h1,h4,127.991,0
h1,h5,127.231,0
h1,h6,112.675,0
h1,h7,101.386,0
h1,h8,109.899,0
h1,h9,113.227,0
h1,h10,102.698,0
h1,h11,105.949,0
h1,h12,102.909,0
h1,h13,106.133,0
h1,h14,101.974,0
h1,h15,N/A,100
h1,h16,105.755,0
h1,h17,107.324,0
h1,h18,93.798,0
h1,h19,95.446,0
h1,h20,113.736,0
h1,h21,113.895,0
h1,h22,108.672,0
h1,h23,100.491,0
h1,h24,106.521,0
h1,h25,101.177,0
h1,h26,102.698,0
h1,h27,107.227,0
h1,h28,108.856,0
h1,h29,N/A,100
h1,h30,N/A,100
h1,h31,105.227,0
h1,h32,N/A,100
h1,h33,N/A,100
h1,h34,N/A,100
h1,h35,N/A,100
h1,h36,N/A,100
h1,h37,N/A,100
h1,h38,112.977,0
h1,h39,102.466,0
h1,h2,N/A,100
h1,h3,92.882,0
h1,h4,98.097,0
h1,h5,99.074,0
h1,h6,94.572,0
h1,h7,96.075,0
h1,h8,98.573,0
h1,h9,100.986,0
h1,h10,98.049,0
h1,h11,91.743,0
h1,h12,100.933,0
h1,h13,109.437,0
h1,h14,96.419,0
h1,h15,N/A,100
h1,h16,100.919,0
h1,h17,99.499,0
h1,h18,107.983,0
h1,h19,100.819,0
h1,h20,91.700,0
h1,h21,101.420,0
h1,h22,100.330,0
h1,h23,99.651,0
h1,h24,98.482,0
h1,h25,93.718,0
h1,h26,102.235,0
h1,h27,93.941,0
h1,h28,105.430,0
h1,h29,N/A,100
h1,h30,N/A,100
h1,h31,112.865,0
h1,h32,N/A,100
h1,h33,N/A,100
h1,h34,N/A,100
h1,h35,N/A,100
h1,h36,N/A,100
h1,h37,N/A,100
h1,h38,102.104,0
h1,h39,101.544,0
h1,h2,N/A,100
h1,h3,94.987,0
h1,h4,119.310,0
h1,h5,118.367,0
h1,h6,174.449,0
h1,h7,111.158,0
h1,h8,118.431,0
h1,h9,128.019,0
h1,h10,105.790,0
h1,h11,108.511,0
h1,h12,103.605,0
h1,h13,110.019,0
h1,h14,115.795,0
h1,h15,N/A,100
h1,h16,102.979,0
h1,h17,115.213,0
h1,h18,131.711,0
h1,h19,103.465,0
h1,h20,117.055,0
h1,h21,95.744,0
h1,h22,97.144,0
h1,h23,112.803,0
h1,h24,115.688,0
h1,h25,114.612,0
h1,h26,103.090,0
h1,h27,100.534,0
h1,h28,99.834,0
h1,h29,N/A,100
h1,h30,N/A,100
h1,h31,95.355,0
h1,h32,N/A,100
h1,h33,N/A,100
h1,h34,N/A,100
h1,h35,N/A,100
h1,h36,N/A,100
h1,h37,N/A,100
h1,h38,100.352,0
h1,h39,108.259,0
h1,h2,N/A,100
h1,h3,100.603,0
h1,h4,97.506,0
h1,h5,99.167,0
h1,h6,106.366,0
h1,h7,97.130,0
h1,h8,103.564,0
h1,h9,95.190,0
h1,h10,108.587,0
h1,h11,103.894,0
h1,h12,97.794,0
h1,h13,99.035,0
h1,h14,103.384,0
h1,h15,N/A,100
h1,h16,109.941,0
h1,h17,105.866,0
h1,h18,96.454,0
h1,h19,102.941,0
h1,h20,106.912,0
h1,h21,107.210,0
h1,h22,92.601,0
h1,h23,114.443,0
h1,h24,112.428,0
h1,h25,103.950,0
h1,h26,96.282,0
h1,h27,113.170,0
h1,h28,109.860,0
h1,h29,N/A,100
h1,h30,N/A,100
h1,h31,99.278,0
h1,h32,N/A,100
h1,h33,N/A,100
h1,h34,N/A,100
h1,h35,N/A,100
h1,h36,N/A,100
h1,h37,N/A,100
h1,h38,96.943,0
h1,h39,97.902,0
h1,h2,N/A,100
h1,h3,94.063,0
h1,h4,100.714,0
h1,h5,113.837,0
h1,h6,124.421,0
h1,h7,108.779,0
h1,h8,95.675,0
h1,h9,100.181,0
h1,h10,113.061,0
h1,h11,98.770,0
h1,h12,104.751,0
h1,h13,91.152,0
h1,h14,92.444,0
h1,h15,N/A,100
h1,h16,103.597,0
h1,h17,119.382,0
h1,h18,109.398,0
h1,h19,108.519,0
h1,h20,113.727,0
h1,h21,95.709,0
h1,h22,94.663,0
h1,h23,97.136,0
h1,h24,102.822,0
h1,h25,95.738,0
h1,h26,93.055,0
h1,h27,92.223,0
h1,h28,96.200,0
h1,h29,N/A,100
h1,h30,N/A,100
h1,h31,93.760,0
h1,h32,N/A,100
h1,h33,N/A,100
h1,h34,N/A,100
h1,h35,N/A,100
h1,h36,N/A,100
h1,h37,N/A,100
h1,h38,112.716,0
h1,h39,140.384,0
h1,h2,N/A,100
h1,h3,107.147,0
h1,h4,117.338,0
h1,h5,120.908,0
h1,h6,99.271,0
h1,h7,110.114,0
h1,h8,103.176,0
h1,h9,107.952,0
h1,h10,107.610,0
h1,h11,100.838,0
h1,h12,104.269,0
h1,h13,98.438,0
h1,h14,99.134,0
h1,h15,N/A,100
h1,h16,108.001,0
h1,h17,100.150,0
h1,h18,99.456,0
h1,h19,102.360,0
h1,h20,98.172,0
h1,h21,110.996,0
h1,h22,110.083,0
h1,h23,94.670,0
h1,h24,98.267,0
h1,h25,98.289,0
h1,h26,99.379,0
h1,h27,102.995,0
h1,h28,101.339,0
h1,h29,N/A,100
h1,h30,N/A,100
h1,h31,97.919,0
h1,h32,N/A,100
h1,h33,N/A,100
h1,h34,N/A,100
h1,h35,N/A,100
h1,h36,N/A,100
h1,h37,N/A,100
h1,h38,101.909,0
h1,h39,105.055,0
h1,h2,N/A,100
h1,h3,100.556,0
h1,h4,95.349,0
h1,h5,92.901,0
h1,h6,97.859,0
h1,h7,98.029,0
h1,h8,95.740,0
h1,h9,93.462,0
h1,h10,97.372,0
h1,h11,96.133,0
h1,h12,98.137,0
h1,h13,99.485,0
h1,h14,97.450,0
h1,h15,N/A,100
h1,h16,91.692,0
h1,h17,90.088,0
h1,h18,107.621,0
h1,h19,95.322,0
h1,h20,97.023,0
h1,h21,96.633,0
h1,h22,97.656,0
h1,h23,103.638,0
h1,h24,102.301,0
h1,h25,99.646,0
h1,h26,95.904,0
h1,h27,101.283,0
h1,h28,92.555,0
h1,h29,N/A,100
h1,h30,N/A,100
h1,h31,96.738,0
h1,h32,N/A,100
h1,h33,N/A,100
h1,h34,N/A,100
h1,h35,N/A,100
h1,h36,N/A,100
h1,h37,N/A,100
h1,h38,98.776,0
h1,h39,97.289,0
h1,h2,N/A,100
h1,h3,108.690,0
h1,h4,101.215,0
h1,h5,94.298,0
h1,h6,106.509,0
h1,h7,98.203,0
h1,h8,94.287,0
h1,h9,102.408,0
h1,h10,113.005,0
h1,h11,90.106,0
h1,h12,91.123,0
h1,h13,96.364,0
h1,h14,106.727,0
h1,h15,N/A,100
h1,h16,95.846,0
h1,h17,95.056,0
h1,h18,94.055,0
h1,h19,100.417,0
h1,h20,105.257,0
h1,h21,94.011,0
h1,h22,97.233,0
h1,h23,92.945,0
h1,h24,94.380,0
h1,h25,89.414,0
h1,h26,91.773,0
h1,h27,101.869,0
h1,h28,107.404,0
h1,h29,N/A,100
h1,h30,N/A,100
h1,h31,95.446,0
h1,h32,N/A,100
h1,h33,N/A,100
h1,h34,N/A,100
h1,h35,N/A,100
h1,h36,N/A,100
h1,h37,N/A,100
h1,h38,94.768,0
h1,h39,99.221,0
h1,h2,N/A,100
h1,h3,111.912,0
h1,h4,92.817,0
h1,h5,90.305,0
h1,h6,103.046,0
h1,h7,96.833,0
h1,h8,98.178,0
h1,h9,97.637,0
h1,h10,101.694,0
h1,h11,93.180,0
h1,h12,115.152,0
h1,h13,100.515,0
h1,h14,103.471,0
h1,h15,N/A,100
h1,h16,98.075,0
h1,h17,94.632,0
h1,h18,99.975,0
h1,h19,90.920,0
h1,h20,93.261,0
h1,h21,92.061,0
h1,h22,96.944,0
h1,h23,104.870,0
h1,h24,93.392,0
h1,h25,90.352,0
h1,h26,96.708,0
h1,h27,93.358,0
h1,h28,94.948,0
h1,h29,N/A,100
h1,h30,N/A,100
h1,h31,99.178,0
h1,h32,N/A,100
h1,h33,N/A,100
h1,h34,131.763,0
h1,h35,N/A,100
h1,h36,N/A,100
h1,h37,N/A,100
h1,h38,93.716,0
h1,h39,96.144,0
