step,h1-h30_score,h1-h30_kappa_f,h1-h30_r_f,h1-h30_phi_f,h1-h30_age,h1-h30_status,h1-h31_score,h1-h31_kappa_f,h1-h31_r_f,h1-h31_phi_f,h1-h31_age,h1-h31_status,h1-h32_score,h1-h32_kappa_f,h1-h32_r_f,h1-h32_phi_f,h1-h32_age,h1-h32_status,h1-h33_score,h1-h33_kappa_f,h1-h33_r_f,h1-h33_phi_f,h1-h33_age,h1-h33_status,h1-h34_score,h1-h34_kappa_f,h1-h34_r_f,h1-h34_phi_f,h1-h34_age,h1-h34_status,h1-h35_score,h1-h35_kappa_f,h1-h35_r_f,h1-h35_phi_f,h1-h35_age,h1-h35_status,h1-h36_score,h1-h36_kappa_f,h1-h36_r_f,h1-h36_phi_f,h1-h36_age,h1-h36_status,h1-h37_score,h1-h37_kappa_f,h1-h37_r_f,h1-h37_phi_f,h1-h37_age,h1-h37_status,h1-h38_score,h1-h38_kappa_f,h1-h38_r_f,h1-h38_phi_f,h1-h38_age,h1-h38_status,h1-h39_score,h1-h39_kappa_f,h1-h39_r_f,h1-h39_phi_f,h1-h39_age,h1-h39_status
0,2.2479,0.705,0.1111,1.0,6,BLOCKED,2.2,0.39,0.0556,1.0,9,BLOCKED,2.25,0.57,0.1111,1.0,4,BLOCKED,2.495,0.75,0.2778,1.0,2,SELECTED,2.3,0.66,0.1667,1.0,4,SELECTED,2.5325,0.795,0.2778,1.0,2,SELECTED,1.42,0.435,0.0,1.0,0,BLOCKED,2.1325,0.525,0.0556,1.0,9,BLOCKED,2.1425,0.615,0.1667,1.0,1,BLOCKED,1.905,0.48,0.1111,1.0,1,BLOCKED
6,2.2479,0.705,0.1111,1.0,6,BLOCKED,2.2,0.39,0.0556,1.0,9,BLOCKED,2.25,0.57,0.1111,1.0,4,SELECTED,2.46,0.75,0.2778,1.0,1,SELECTED,2.165,0.66,0.1667,1.0,1,BLOCKED,2.4975,0.795,0.2778,1.0,1,SELECTED,1.42,0.435,0.0,1.0,0,BLOCKED,2.1325,0.525,0.0556,1.0,9,BLOCKED,2.1425,0.615,0.1667,1.0,1,BLOCKED,1.905,0.48,0.1111,1.0,1,BLOCKED
12,2.2479,0.705,0.1111,1.0,6,SELECTED,2.2,0.39,0.0556,1.0,9,BLOCKED,2.03,0.57,0.1667,1.0,1,BLOCKED,2.495,0.75,0.3333,1.0,1,SELECTED,2.165,0.66,0.1667,1.0,1,BLOCKED,2.54,0.795,0.3333,1.0,1,SELECTED,1.42,0.435,0.0,1.0,0,BLOCKED,2.1325,0.525,0.0556,1.0,9,BLOCKED,2.1425,0.615,0.1667,1.0,1,BLOCKED,1.905,0.48,0.1111,1.0,1,BLOCKED
18,2.0975,0.705,0.1667,1.0,1,BLOCKED,2.2,0.39,0.0556,1.0,9,SELECTED,2.03,0.57,0.1667,1.0,1,BLOCKED,2.495,0.75,0.3333,1.0,1,SELECTED,2.165,0.66,0.1667,1.0,1,BLOCKED,2.54,0.795,0.3333,1.0,1,SELECTED,1.42,0.435,0.0,1.0,0,BLOCKED,2.1325,0.525,0.0556,1.0,9,BLOCKED,2.1425,0.615,0.1667,1.0,1,BLOCKED,1.905,0.48,0.1111,1.0,1,BLOCKED
24,2.0975,0.705,0.1667,1.0,1,BLOCKED,1.965,0.39,0.1111,1.0,1,BLOCKED,2.03,0.57,0.1667,1.0,1,BLOCKED,2.62,0.75,0.3889,1.0,1,SELECTED,2.165,0.66,0.1667,1.0,1,SELECTED,2.7625,0.795,0.3889,1.0,1,SELECTED,1.42,0.435,0.0,1.0,0,BLOCKED,2.1325,0.525,0.0556,1.0,9,BLOCKED,2.1425,0.615,0.1667,1.0,1,BLOCKED,1.905,0.48,0.1111,1.0,1,BLOCKED
30,2.215,0.705,0.2222,1.0,1,BLOCKED,2.03,0.39,0.1667,1.0,1,BLOCKED,2.125,0.57,0.2222,1.0,1,BLOCKED,2.835,0.75,0.4444,1.0,1,SELECTED,2.295,0.66,0.2778,1.0,1,SELECTED,2.805,0.795,0.4444,1.0,1,SELECTED,1.4925,0.435,0.0556,1.0,0,BLOCKED,2.22,0.525,0.1111,1.0,9,BLOCKED,2.245,0.615,0.2222,1.0,1,BLOCKED,1.985,0.48,0.1667,1.0,1,BLOCKED
36,2.153,0.705,0.1929,1.0,1,BLOCKED,1.9957,0.39,0.1374,1.0,1,BLOCKED,2.0749,0.57,0.1929,1.0,1,BLOCKED,2.783,0.75,0.4613,1.0,1,SELECTED,2.4185,0.66,0.2947,1.0,1,SELECTED,2.8676,0.795,0.4707,1.0,1,SELECTED,1.4421,0.435,0.0169,1.0,0,BLOCKED,2.1591,0.525,0.0725,1.0,9,BLOCKED,2.1737,0.615,0.1836,1.0,1,BLOCKED,1.9428,0.48,0.1374,1.0,1,BLOCKED
42,2.137,0.705,0.1853,1.0,1,BLOCKED,1.9869,0.39,0.1298,1.0,1,BLOCKED,2.0619,0.57,0.1853,1.0,1,BLOCKED,2.7719,0.75,0.4564,1.0,1,SELECTED,2.3187,0.66,0.2897,1.0,1,SELECTED,2.8495,0.795,0.4631,1.0,1,SELECTED,1.4356,0.435,0.012,1.0,0,BLOCKED,2.1513,0.525,0.0675,1.0,9,BLOCKED,2.1646,0.615,0.1786,1.0,1,BLOCKED,1.9319,0.48,0.1298,1.0,1,BLOCKED
48,1.7214,0.705,0.3513,0.6667,1,BLOCKED,1.4144,0.39,0.2958,0.6667,1,BLOCKED,1.5791,0.57,0.3513,0.6667,1,BLOCKED,2.2982,0.75,0.5466,0.6667,1,SELECTED,2.004,0.66,0.518,0.6667,1,BLOCKED,3.7085,0.795,0.8233,1.0,1,SELECTED,0.7142,0.435,0.0466,0.6667,0,BLOCKED,1.4393,0.525,0.1022,0.6667,9,BLOCKED,2.7389,0.615,0.4899,1.0,1,SELECTED,1.4042,0.48,0.2958,0.6667,1,BLOCKED
54,1.4178,0.705,0.4978,0.4,1,BLOCKED,0.9724,0.39,0.4422,0.4,1,BLOCKED,1.965,0.57,0.6667,0.6,1,BLOCKED,3.0269,0.75,0.9786,0.6,1,SELECTED,2.475,0.66,0.8333,0.6,1,SELECTED,2.4315,0.795,0.8287,0.4,1,SELECTED,0.502,0.435,0.354,0.4,0,BLOCKED,1.2703,0.525,0.3843,0.4,9,BLOCKED,1.5181,0.615,0.5762,0.4,1,BLOCKED,1.705,0.48,0.6111,0.6,1,BLOCKED
60,1.2796,0.705,0.3733,0.4,2,BLOCKED,0.9543,0.39,0.3199,0.4,2,BLOCKED,1.7093,0.57,0.444,0.6,2,BLOCKED,2.2878,0.75,0.6501,0.6,1,SELECTED,2.0942,0.66,0.5956,0.6,1,SELECTED,2.1301,0.795,0.65,0.4,2,SELECTED,0.7684,0.435,0.2057,0.6,0,BLOCKED,1.0731,0.525,0.2644,0.4,8,BLOCKED,1.8313,0.615,0.4289,0.6,2,BLOCKED,1.5094,0.48,0.3885,0.6,2,BLOCKED
66,1.0327,0.705,0.227,0.4,3,BLOCKED,1.4138,0.39,0.2661,0.6,3,BLOCKED,2.1515,0.57,0.3971,0.8,3,SELECTED,2.1645,0.75,0.5554,0.6,1,SELECTED,1.3645,0.66,0.5048,0.4,1,BLOCKED,2.2395,0.795,0.5554,0.6,1,SELECTED,0.174,0.435,0.1027,0.4,0,BLOCKED,1.4378,0.525,0.2105,0.6,7,BLOCKED,1.2664,0.615,0.3382,0.4,3,BLOCKED,1.9643,0.48,0.3415,0.8,3,BLOCKED
72,0.9919,0.705,0.19,0.4,4,BLOCKED,1.3984,0.39,0.2209,0.6,4,SELECTED,0.8749,0.57,0.2456,0.4,1,BLOCKED,2.0552,0.75,0.4512,0.6,2,SELECTED,1.3062,0.66,0.4122,0.4,2,BLOCKED,1.3976,0.795,0.3952,0.4,1,SELECTED,0.1014,0.435,0.047,0.4,0,BLOCKED,1.3533,0.525,0.1653,0.6,6,BLOCKED,1.2042,0.615,0.2841,0.4,4,BLOCKED,1.3798,0.48,0.229,0.6,4,BLOCKED
78,1.8352,0.705,0.3594,0.6,5,BLOCKED,1.6506,0.39,0.415,0.6,5,BLOCKED,0.9142,0.57,0.1954,0.4,2,BLOCKED,2.0988,0.75,0.5261,0.6,1,SELECTED,2.0542,0.66,0.5261,0.6,3,SELECTED,1.1861,0.795,0.3065,0.4,1,BLOCKED,0.6294,0.435,0.0992,0.6,0,BLOCKED,0.7478,0.525,0.0843,0.4,5,BLOCKED,2.0332,0.615,0.4706,0.6,5,SELECTED,1.4009,0.48,0.2263,0.6,5,BLOCKED
84,1.9491,0.705,0.2417,0.75,6,SELECTED,1.8578,0.39,0.2973,0.75,5,SELECTED,1.2449,0.57,0.2178,0.5,3,BLOCKED,2.0888,0.75,0.4084,0.75,1,SELECTED,1.2262,0.66,0.2733,0.5,1,BLOCKED,1.4619,0.795,0.2733,0.5,2,BLOCKED,0.3367,0.435,0.0511,0.5,0,BLOCKED,0.988,0.525,0.1067,0.5,4,BLOCKED,1.821,0.615,0.3528,0.75,1,BLOCKED,1.6759,0.48,0.1653,0.75,6,BLOCKED
90,1.1341,0.705,0.2124,0.5,1,BLOCKED,0.8452,0.39,0.2138,0.5,1,BLOCKED,1.2756,0.57,0.2138,0.5,4,BLOCKED,1.3261,0.75,0.3249,0.5,1,BLOCKED,1.2334,0.66,0.2138,0.5,2,BLOCKED,1.515,0.795,0.2694,0.5,3,SELECTED,0.3047,0.435,0.0266,0.5,0,BLOCKED,0.9443,0.525,0.1027,0.5,3,BLOCKED,1.7664,0.615,0.2555,0.75,2,SELECTED,1.677,0.48,0.1568,0.75,7,SELECTED
96,1.1029,0.705,0.1385,0.5,2,BLOCKED,0.8943,0.39,0.1489,0.5,2,BLOCKED,1.1897,0.57,0.1489,0.5,5,BLOCKED,1.3051,0.75,0.2601,0.5,2,BLOCKED,1.3747,0.66,0.2536,0.5,3,SELECTED,1.957,0.795,0.2923,0.75,1,SELECTED,0.9004,0.435,0.0425,0.75,0,BLOCKED,0.9445,0.525,0.1425,0.5,2,BLOCKED,1.4533,0.615,0.1536,0.75,1,SELECTED,0.8803,0.48,0.1981,0.5,1,BLOCKED
102,3.1975,0.705,0.5556,1.0,3,SELECTED,1.6769,0.39,0.4369,0.6667,3,BLOCKED,0.8446,0.57,0.1608,0.3333,6,BLOCKED,2.3988,0.75,0.548,0.6667,3,BLOCKED,2.0433,0.66,0.4924,0.6667,1,BLOCKED,3.4675,0.795,0.7222,1.0,1,SELECTED,0.0241,0.435,0.1053,0.3333,0,BLOCKED,2.62,0.525,0.5556,1.0,1,BLOCKED,1.8868,0.615,0.4924,0.6667,1,BLOCKED,2.67,0.48,0.5556,1.0,2,SELECTED
108,2.9566,0.705,0.4239,1.0,4,SELECTED,1.7747,0.39,0.3947,0.7143,4,BLOCKED,1.2959,0.57,0.2889,0.4286,7,BLOCKED,2.3259,0.75,0.4502,0.7143,4,SELECTED,2.0844,0.66,0.3947,0.7143,2,BLOCKED,2.2942,0.795,0.5058,0.7143,1,SELECTED,0.3574,0.435,0.1929,0.4286,0,BLOCKED,0.4095,0.525,0.1929,0.4286,0,BLOCKED,2.0436,0.615,0.4502,0.7143,2,BLOCKED,1.7462,0.48,0.3947,0.7143,1,BLOCKED
114,0.9285,0.705,0.2239,0.4,1,BLOCKED,1.3002,0.39,0.1925,0.6,5,BLOCKED,0.9395,0.57,0.1128,0.4,8,BLOCKED,0.9588,0.75,0.2239,0.4,1,BLOCKED,2.7371,0.66,0.3609,1.0,3,SELECTED,1.4671,0.795,0.4621,0.4,1,BLOCKED,1.746,0.435,0.2498,1.0,0,BLOCKED,1.8135,0.525,0.2498,1.0,0,SELECTED,1.4701,0.615,0.248,0.6,3,BLOCKED,2.4797,0.48,0.3609,1.0,2,SELECTED
120,1.381,0.705,0.27,0.5,2,BLOCKED,1.6887,0.39,0.2144,0.75,6,BLOCKED,1.2567,0.57,0.1589,0.5,9,BLOCKED,1.4175,0.75,0.27,0.5,2,BLOCKED,2.4357,0.66,0.3034,1.0,1,SELECTED,1.7755,0.795,0.4425,0.5,2,BLOCKED,1.5301,0.435,0.0844,1.0,0,BLOCKED,2.0609,0.525,0.2006,1.0,1,SELECTED,1.8998,0.615,0.2736,0.75,4,SELECTED,1.1523,0.48,0.387,0.5,1,BLOCKED
126,1.7477,0.705,0.2326,0.6667,3,BLOCKED,1.5314,0.39,0.2323,0.6667,7,BLOCKED,1.4878,0.57,0.0659,0.6667,10,BLOCKED,1.6541,0.75,0.177,0.6667,3,BLOCKED,1.7483,0.66,0.3434,0.6667,1,BLOCKED,2.098,0.795,0.3908,0.6667,3,SELECTED,0.8785,0.435,0.1726,0.6667,0,BLOCKED,2.1984,0.525,0.2879,1.0,1,SELECTED,2.3709,0.615,0.3392,1.0,1,SELECTED,1.5861,0.48,0.3353,0.6667,2,BLOCKED
132,2.8471,0.705,0.3721,1.0,4,BLOCKED,2.4559,0.39,0.3583,1.0,8,BLOCKED,2.5882,0.57,0.261,1.0,10,BLOCKED,2.8973,0.75,0.3721,1.0,4,SELECTED,2.8895,0.66,0.4694,1.0,2,SELECTED,3.0871,0.795,0.525,1.0,1,SELECTED,1.8049,0.435,0.2949,1.0,0,BLOCKED,2.5042,0.525,0.482,1.0,1,BLOCKED,2.6267,0.615,0.4291,1.0,1,BLOCKED,2.6066,0.48,0.4681,1.0,3,BLOCKED
138,2.7782,0.705,0.3278,1.0,5,SELECTED,2.4482,0.39,0.3446,1.0,9,BLOCKED,2.5123,0.57,0.2167,1.0,10,BLOCKED,2.7354,0.75,0.4002,1.0,1,SELECTED,2.5967,0.66,0.3847,1.0,1,BLOCKED,3.0827,0.795,0.5232,1.0,1,SELECTED,1.7877,0.435,0.2818,1.0,0,BLOCKED,2.6065,0.525,0.4676,1.0,2,BLOCKED,2.6698,0.615,0.3847,1.0,2,BLOCKED,2.5444,0.48,0.3989,1.0,4,BLOCKED
144,2.623,0.705,0.4151,1.0,1,BLOCKED,2.3382,0.39,0.2448,1.0,10,BLOCKED,2.4749,0.57,0.1948,1.0,10,BLOCKED,2.8858,0.75,0.4115,1.0,2,SELECTED,2.6577,0.66,0.3524,1.0,2,SELECTED,2.9489,0.795,0.467,1.0,1,SELECTED,1.7297,0.435,0.2374,1.0,0,BLOCKED,2.5863,0.525,0.4151,1.0,3,BLOCKED,2.5701,0.615,0.2968,1.0,3,BLOCKED,2.5057,0.48,0.3546,1.0,5,BLOCKED
150,2.4769,0.705,0.2869,1.0,2,BLOCKED,2.2404,0.39,0.1611,1.0,10,BLOCKED,2.3304,0.57,0.1103,1.0,10,BLOCKED,2.7601,0.75,0.3278,1.0,3,SELECTED,2.5041,0.66,0.3834,1.0,1,BLOCKED,2.6593,0.795,0.3834,1.0,1,SELECTED,1.6201,0.435,0.1533,1.0,0,BLOCKED,2.5094,0.525,0.3425,1.0,4,SELECTED,2.4748,0.615,0.2248,1.0,4,BLOCKED,2.403,0.48,0.2709,1.0,6,BLOCKED
156,2.5469,0.705,0.2905,1.0,3,SELECTED,2.2481,0.39,0.1678,1.0,10,BLOCKED,2.3221,0.57,0.1054,1.0,10,BLOCKED,2.6087,0.75,0.3839,1.0,1,SELECTED,2.5322,0.66,0.3345,1.0,2,BLOCKED,2.7552,0.795,0.3858,1.0,1,SELECTED,1.631,0.435,0.1617,1.0,0,BLOCKED,2.2718,0.525,0.3345,1.0,1,BLOCKED,2.4894,0.615,0.2192,1.0,5,BLOCKED,2.3463,0.48,0.2223,1.0,7,BLOCKED
162,2.1585,0.705,0.1955,1.0,1,BLOCKED,2.1505,0.39,0.0844,1.0,10,BLOCKED,2.2765,0.57,0.0788,1.0,10,BLOCKED,2.6746,0.75,0.3732,1.0,1,SELECTED,2.4296,0.66,0.251,1.0,3,BLOCKED,2.6064,0.795,0.3612,1.0,1,SELECTED,1.5226,0.435,0.0786,1.0,0,BLOCKED,2.2654,0.525,0.251,1.0,2,BLOCKED,2.4571,0.615,0.192,1.0,6,SELECTED,2.2367,0.48,0.1389,1.0,8,BLOCKED
168,2.3379,0.705,0.2212,1.0,2,BLOCKED,2.1807,0.39,0.1101,1.0,10,BLOCKED,2.2844,0.57,0.0834,1.0,10,BLOCKED,2.6357,0.75,0.3959,1.0,1,SELECTED,2.4081,0.66,0.2212,1.0,4,SELECTED,2.6702,0.795,0.3879,1.0,1,SELECTED,1.5584,0.435,0.106,1.0,0,BLOCKED,2.281,0.525,0.2212,1.0,3,BLOCKED,2.1519,0.615,0.2205,1.0,1,BLOCKED,2.2826,0.48,0.165,1.0,9,BLOCKED
174,2.2362,0.705,0.1436,1.0,3,SELECTED,2.0898,0.39,0.0325,1.0,10,BLOCKED,2.1612,0.57,0.0113,1.0,10,BLOCKED,2.4431,0.75,0.3103,1.0,1,SELECTED,2.1393,0.66,0.1991,1.0,1,BLOCKED,2.5245,0.795,0.2891,1.0,1,SELECTED,1.4578,0.435,0.029,1.0,0,BLOCKED,2.1962,0.525,0.1436,1.0,4,BLOCKED,2.1338,0.615,0.143,1.0,2,BLOCKED,2.0977,0.48,0.0319,1.0,10,BLOCKED
180,2.2637,0.705,0.2453,1.0,1,SELECTED,2.1383,0.39,0.0739,1.0,10,BLOCKED,2.2208,0.57,0.0462,1.0,10,BLOCKED,2.5469,0.75,0.3564,1.0,1,SELECTED,2.2363,0.66,0.185,1.0,2,BLOCKED,2.595,0.795,0.3564,1.0,1,SELECTED,1.5133,0.435,0.0715,1.0,0,BLOCKED,2.1989,0.525,0.1295,1.0,5,BLOCKED,2.1706,0.615,0.129,1.0,3,BLOCKED,2.1576,0.48,0.0735,1.0,10,BLOCKED
186,2.1671,0.705,0.1996,1.0,1,SELECTED,2.0788,0.39,0.023,1.0,10,BLOCKED,1.0312,0.57,0.023,0.5,10,BLOCKED,2.534,0.75,0.3107,1.0,1,SELECTED,2.2176,0.66,0.144,1.0,3,SELECTED,1.426,0.795,0.3107,0.5,1,BLOCKED,0.3034,0.435,0.0256,0.5,0,BLOCKED,2.1522,0.525,0.0885,1.0,6,BLOCKED,2.1656,0.615,0.106,1.0,4,BLOCKED,2.1245,0.48,0.0504,1.0,10,BLOCKED
192,2.2798,0.705,0.2529,1.0,1,SELECTED,2.0783,0.39,0.0226,1.0,10,BLOCKED,2.1795,0.57,0.0221,1.0,10,BLOCKED,2.4209,0.75,0.3004,1.0,1,SELECTED,2.2507,0.66,0.1417,1.0,4,BLOCKED,2.5631,0.795,0.2529,1.0,2,SELECTED,1.4488,0.435,0.0221,1.0,0,BLOCKED,2.162,0.525,0.0862,1.0,7,BLOCKED,2.1382,0.615,0.0776,1.0,5,BLOCKED,2.0836,0.48,0.0221,1.0,10,BLOCKED
198,2.315,0.705,0.2695,1.0,1,SELECTED,2.114,0.39,0.0532,1.0,10,BLOCKED,2.2067,0.57,0.038,1.0,10,BLOCKED,2.4896,0.75,0.3309,1.0,1,SELECTED,2.2953,0.66,0.1643,1.0,4,BLOCKED,2.4018,0.795,0.2754,1.0,1,SELECTED,1.4817,0.435,0.0473,1.0,0,BLOCKED,2.2079,0.525,0.1087,1.0,8,BLOCKED,2.2132,0.615,0.1086,1.0,6,BLOCKED,2.1282,0.48,0.053,1.0,10,BLOCKED
204,2.3896,0.705,0.3048,1.0,1,SELECTED,2.0834,0.39,0.027,1.0,10,BLOCKED,2.1875,0.57,0.0267,1.0,10,BLOCKED,2.4307,0.75,0.3048,1.0,1,SELECTED,2.2513,0.66,0.1421,1.0,4,BLOCKED,2.3488,0.795,0.2532,1.0,1,SELECTED,1.4548,0.435,0.0267,1.0,0,BLOCKED,2.1812,0.525,0.0865,1.0,9,BLOCKED,2.178,0.615,0.0823,1.0,7,BLOCKED,2.0903,0.48,0.0267,1.0,10,BLOCKED
210,2.4968,0.705,0.2964,1.0,2,SELECTED,2.0742,0.39,0.0191,1.0,10,BLOCKED,2.1745,0.57,0.0191,1.0,10,BLOCKED,2.4179,0.75,0.299,1.0,1,SELECTED,2.2321,0.66,0.1324,1.0,4,BLOCKED,2.3206,0.795,0.2414,1.0,1,SELECTED,1.444,0.435,0.0184,1.0,0,BLOCKED,2.0853,0.525,0.0213,1.0,10,BLOCKED,2.1743,0.615,0.0746,1.0,8,BLOCKED,2.0793,0.48,0.0191,1.0,10,BLOCKED
216,2.3604,0.705,0.291,1.0,1,SELECTED,2.0673,0.39,0.0132,1.0,10,BLOCKED,2.1645,0.57,0.0132,1.0,10,BLOCKED,2.4931,0.75,0.2925,1.0,1,SELECTED,2.2191,0.66,0.1258,1.0,4,BLOCKED,2.3957,0.795,0.2351,1.0,1,SELECTED,1.4366,0.435,0.0127,1.0,0,BLOCKED,2.075,0.525,0.0147,1.0,10,BLOCKED,2.1718,0.615,0.0687,1.0,9,BLOCKED,2.0708,0.48,0.0132,1.0,10,BLOCKED
222,2.4332,0.705,0.3254,1.0,1,SELECTED,2.1075,0.39,0.0476,1.0,10,BLOCKED,2.217,0.57,0.044,1.0,10,BLOCKED,2.4781,0.75,0.3258,1.0,1,SELECTED,2.1742,0.66,0.1032,1.0,4,BLOCKED,2.521,0.795,0.3254,1.0,1,SELECTED,1.4803,0.435,0.0462,1.0,0,BLOCKED,2.1268,0.525,0.0476,1.0,10,BLOCKED,2.1396,0.615,0.0476,1.0,10,BLOCKED,2.1203,0.48,0.0476,1.0,10,BLOCKED
228,2.3812,0.705,0.3008,1.0,1,SELECTED,2.0777,0.39,0.0221,1.0,10,BLOCKED,2.1795,0.57,0.022,1.0,10,BLOCKED,2.4218,0.75,0.3008,1.0,1,SELECTED,2.0881,0.66,0.0786,1.0,3,BLOCKED,2.55,0.795,0.2998,1.0,1,SELECTED,1.4487,0.435,0.022,1.0,0,BLOCKED,2.0881,0.525,0.023,1.0,10,BLOCKED,2.0924,0.615,0.022,1.0,10,BLOCKED,2.0835,0.48,0.022,1.0,10,BLOCKED
234,2.4911,0.705,0.2937,1.0,2,SELECTED,2.0726,0.39,0.0178,1.0,10,BLOCKED,2.1722,0.57,0.0178,1.0,10,BLOCKED,2.41,0.75,0.2955,1.0,1,SELECTED,2.0115,0.66,0.0714,1.0,2,BLOCKED,2.4499,0.795,0.2955,1.0,1,SELECTED,1.4399,0.435,0.0152,1.0,0,BLOCKED,2.0768,0.525,0.0159,1.0,10,BLOCKED,2.0846,0.615,0.0178,1.0,10,BLOCKED,2.0774,0.48,0.0178,1.0,10,BLOCKED
240,2.6123,0.705,0.3214,1.0,3,SELECTED,2.1029,0.39,0.0436,1.0,10,BLOCKED,2.2142,0.57,0.0424,1.0,10,BLOCKED,2.5553,0.75,0.3201,1.0,1,SELECTED,1.9414,0.66,0.0992,1.0,1,BLOCKED,2.6365,0.795,0.3214,1.0,2,SELECTED,1.4763,0.435,0.0431,1.0,0,BLOCKED,2.1205,0.525,0.0436,1.0,10,BLOCKED,2.1323,0.615,0.0436,1.0,10,BLOCKED,2.1146,0.48,0.0436,1.0,10,BLOCKED
246,2.4717,0.705,0.301,1.0,1,SELECTED,2.0791,0.39,0.0233,1.0,10,BLOCKED,2.1816,0.57,0.0233,1.0,10,BLOCKED,2.6374,0.75,0.301,1.0,2,SELECTED,1.4661,0.66,0.0233,1.0,0,BLOCKED,2.463,0.795,0.3011,1.0,1,SELECTED,1.4504,0.435,0.0233,1.0,0,BLOCKED,2.089,0.525,0.0236,1.0,10,BLOCKED,2.0947,0.615,0.0233,1.0,10,BLOCKED,2.0853,0.48,0.0233,1.0,10,BLOCKED
252,1.2625,0.705,0.3156,0.5,1,BLOCKED,0.9461,0.39,0.0378,0.5,10,BLOCKED,1.0089,0.57,0.01,0.5,10,BLOCKED,2.5451,0.75,0.3156,1.0,1,SELECTED,0.2905,0.66,0.0104,0.5,0,BLOCKED,2.4673,0.795,0.3029,1.0,1,SELECTED,0.2835,0.435,0.0104,0.5,0,BLOCKED,2.1114,0.525,0.0378,1.0,10,BLOCKED,2.1216,0.615,0.0378,1.0,10,SELECTED,2.1063,0.48,0.0378,1.0,10,BLOCKED
258,2.4137,0.705,0.2571,1.0,2,SELECTED,2.092,0.39,0.0343,1.0,10,BLOCKED,2.2005,0.57,0.0343,1.0,10,BLOCKED,2.4637,0.75,0.3194,1.0,1,SELECTED,1.4885,0.66,0.0346,1.0,0,BLOCKED,2.5069,0.795,0.3194,1.0,1,SELECTED,1.4652,0.435,0.0346,1.0,0,BLOCKED,2.1174,0.525,0.0417,1.0,10,BLOCKED,1.9244,0.615,0.0972,1.0,1,BLOCKED,2.1037,0.48,0.036,1.0,10,BLOCKED
264,2.2673,0.705,0.247,1.0,1,SELECTED,2.0805,0.39,0.0245,1.0,10,BLOCKED,2.1838,0.57,0.0245,1.0,10,BLOCKED,2.4373,0.75,0.3077,1.0,1,SELECTED,1.469,0.66,0.0247,1.0,0,BLOCKED,2.5688,0.795,0.3077,1.0,1,SELECTED,1.4523,0.435,0.0247,1.0,0,BLOCKED,2.0989,0.525,0.0299,1.0,10,BLOCKED,2.0277,0.615,0.0855,1.0,2,BLOCKED,2.0872,0.48,0.0245,1.0,10,BLOCKED
270,2.2928,0.705,0.259,1.0,1,SELECTED,2.0999,0.39,0.0411,1.0,10,BLOCKED,2.2052,0.57,0.0371,1.0,10,BLOCKED,2.4534,0.75,0.3149,1.0,1,SELECTED,1.4934,0.66,0.0371,1.0,0,BLOCKED,2.5955,0.795,0.3189,1.0,1,SELECTED,1.4684,0.435,0.0371,1.0,0,BLOCKED,2.1165,0.525,0.0411,1.0,10,BLOCKED,2.1029,0.615,0.0923,1.0,3,BLOCKED,2.111,0.48,0.0411,1.0,10,BLOCKED
276,2.2786,0.705,0.2523,1.0,1,SELECTED,2.0871,0.39,0.0301,1.0,10,BLOCKED,2.1933,0.57,0.0301,1.0,10,BLOCKED,2.4378,0.75,0.3079,1.0,1,SELECTED,1.4703,0.66,0.0254,1.0,0,BLOCKED,2.468,0.795,0.3032,1.0,1,SELECTED,1.4531,0.435,0.0254,1.0,0,BLOCKED,2.096,0.525,0.0281,1.0,10,BLOCKED,2.1281,0.615,0.0857,1.0,4,BLOCKED,2.0951,0.48,0.0301,1.0,10,BLOCKED
282,2.291,0.705,0.2582,1.0,1,SELECTED,2.0937,0.39,0.0358,1.0,10,BLOCKED,2.198,0.57,0.0329,1.0,10,BLOCKED,2.4506,0.75,0.3136,1.0,1,SELECTED,1.4911,0.66,0.0359,1.0,0,BLOCKED,2.5872,0.795,0.3154,1.0,1,SELECTED,1.4668,0.435,0.0359,1.0,0,BLOCKED,2.111,0.525,0.0376,1.0,10,BLOCKED,2.1669,0.615,0.0932,1.0,5,BLOCKED,2.1017,0.48,0.0347,1.0,10,BLOCKED
288,2.5175,0.705,0.3061,1.0,2,SELECTED,2.0865,0.39,0.0297,1.0,10,BLOCKED,2.1832,0.57,0.0242,1.0,10,BLOCKED,2.5268,0.75,0.3075,1.0,1,SELECTED,1.4761,0.66,0.0283,1.0,0,BLOCKED,2.4749,0.795,0.306,1.0,1,SELECTED,1.4569,0.435,0.0283,1.0,0,BLOCKED,2.0986,0.525,0.0297,1.0,10,BLOCKED,2.1675,0.615,0.0838,1.0,6,BLOCKED,2.0886,0.48,0.0255,1.0,10,BLOCKED
294,2.5956,0.705,0.3135,1.0,3,SELECTED,2.0915,0.39,0.0339,1.0,10,BLOCKED,2.2044,0.57,0.0366,1.0,10,BLOCKED,2.4464,0.75,0.3117,1.0,1,SELECTED,1.4925,0.66,0.0366,1.0,0,BLOCKED,2.5848,0.795,0.3144,1.0,1,SELECTED,1.4678,0.435,0.0366,1.0,0,BLOCKED,2.1067,0.525,0.0348,1.0,10,BLOCKED,2.193,0.615,0.0904,1.0,7,BLOCKED,2.1045,0.48,0.0366,1.0,10,BLOCKED
300,2.3879,0.705,0.304,1.0,1,SELECTED,2.084,0.39,0.0275,1.0,10,BLOCKED,2.1888,0.57,0.0275,1.0,10,BLOCKED,2.5568,0.75,0.3053,1.0,2,SELECTED,1.4719,0.66,0.0262,1.0,0,BLOCKED,2.5569,0.795,0.3027,1.0,1,SELECTED,1.4542,0.435,0.0262,1.0,0,BLOCKED,2.091,0.525,0.0249,1.0,10,BLOCKED,2.1898,0.615,0.083,1.0,8,BLOCKED,2.0895,0.48,0.0262,1.0,10,BLOCKED
306,2.4113,0.705,0.315,1.0,1,SELECTED,2.096,0.39,0.0378,1.0,10,BLOCKED,2.2031,0.57,0.0358,1.0,10,BLOCKED,2.5438,0.75,0.315,1.0,1,SELECTED,1.4938,0.66,0.0373,1.0,0,BLOCKED,2.4964,0.795,0.3151,1.0,1,SELECTED,1.4687,0.435,0.0373,1.0,0,BLOCKED,2.1113,0.525,0.0378,1.0,10,BLOCKED,2.2163,0.615,0.0928,1.0,9,BLOCKED,2.1041,0.48,0.0363,1.0,10,BLOCKED
312,2.4843,0.705,0.307,1.0,1,SELECTED,2.0849,0.39,0.0283,1.0,10,BLOCKED,2.1918,0.57,0.0292,1.0,10,BLOCKED,2.4351,0.75,0.3067,1.0,1,SELECTED,1.4779,0.66,0.0292,1.0,0,BLOCKED,2.4757,0.795,0.3064,1.0,1,SELECTED,1.4581,0.435,0.0292,1.0,0,BLOCKED,2.0969,0.525,0.0286,1.0,10,BLOCKED,2.1046,0.615,0.0286,1.0,10,BLOCKED,2.0939,0.48,0.0292,1.0,10,BLOCKED
318,1.2261,0.705,0.2984,0.5,1,BLOCKED,0.9251,0.39,0.0199,0.5,10,BLOCKED,1.0037,0.57,0.007,0.5,10,BLOCKED,2.4464,0.75,0.3117,1.0,1,SELECTED,0.2852,0.66,0.0076,0.5,0,BLOCKED,2.5713,0.795,0.3087,1.0,1,SELECTED,0.28,0.435,0.0076,0.5,0,BLOCKED,2.1053,0.525,0.034,1.0,10,BLOCKED,2.1145,0.615,0.034,1.0,10,SELECTED,2.0964,0.48,0.0309,1.0,10,BLOCKED
324,2.3874,0.705,0.2446,1.0,2,SELECTED,2.0809,0.39,0.0248,1.0,10,BLOCKED,2.1843,0.57,0.0248,1.0,10,BLOCKED,2.4259,0.75,0.3026,1.0,1,SELECTED,1.4653,0.66,0.0229,1.0,0,BLOCKED,2.6996,0.795,0.3101,1.0,2,SELECTED,1.4498,0.435,0.0229,1.0,0,BLOCKED,2.0997,0.525,0.0304,1.0,10,BLOCKED,1.9071,0.615,0.0879,1.0,1,BLOCKED,2.0984,0.48,0.0323,1.0,10,BLOCKED
330,2.3102,0.705,0.2672,1.0,1,SELECTED,2.1045,0.39,0.045,1.0,10,BLOCKED,2.2074,0.57,0.0384,1.0,10,BLOCKED,2.4571,0.75,0.3165,1.0,1,SELECTED,1.4967,0.66,0.0387,1.0,0,BLOCKED,2.5139,0.795,0.3224,1.0,1,SELECTED,1.4705,0.435,0.0387,1.0,0,BLOCKED,2.1227,0.525,0.045,1.0,10,BLOCKED,2.0548,0.615,0.1002,1.0,2,BLOCKED,2.1161,0.48,0.0446,1.0,10,BLOCKED
336,2.363,0.705,0.2496,1.0,1,SELECTED,2.0839,0.39,0.0274,1.0,10,BLOCKED,2.1891,0.57,0.0276,1.0,10,BLOCKED,2.5222,0.75,0.3054,1.0,1,SELECTED,1.4747,0.66,0.0276,1.0,0,BLOCKED,2.4729,0.795,0.3052,1.0,1,SELECTED,1.4561,0.435,0.0276,1.0,0,BLOCKED,2.1011,0.525,0.0313,1.0,10,BLOCKED,2.086,0.615,0.0832,1.0,3,BLOCKED,2.0916,0.48,0.0276,1.0,10,BLOCKED
342,2.2715,0.705,0.2489,1.0,1,SELECTED,2.0831,0.39,0.0267,1.0,10,BLOCKED,2.1875,0.57,0.0267,1.0,10,BLOCKED,2.4202,0.75,0.3001,1.0,1,SELECTED,1.4589,0.66,0.0197,1.0,0,BLOCKED,2.5612,0.795,0.3045,1.0,1,SELECTED,1.4457,0.435,0.0197,1.0,0,BLOCKED,2.087,0.525,0.0223,1.0,10,BLOCKED,2.1193,0.615,0.0809,1.0,4,BLOCKED,2.0884,0.48,0.0254,1.0,10,BLOCKED
348,2.3016,0.705,0.2631,1.0,1,SELECTED,2.1022,0.39,0.0431,1.0,10,BLOCKED,2.2116,0.57,0.0408,1.0,10,BLOCKED,2.5919,0.75,0.3209,1.0,2,SELECTED,1.501,0.66,0.0409,1.0,0,BLOCKED,2.5048,0.795,0.3186,1.0,1,SELECTED,1.4734,0.435,0.0409,1.0,0,BLOCKED,2.1197,0.525,0.0431,1.0,10,BLOCKED,2.1728,0.615,0.0964,1.0,5,BLOCKED,2.1106,0.48,0.0408,1.0,10,BLOCKED
354,2.3916,0.705,0.3057,1.0,1,SELECTED,2.0862,0.39,0.0294,1.0,10,BLOCKED,2.1895,0.57,0.0279,1.0,10,BLOCKED,2.6236,0.75,0.3072,1.0,3,SELECTED,1.5252,0.66,0.0532,1.0,0,BLOCKED,2.5771,0.795,0.3111,1.0,1,SELECTED,1.4894,0.435,0.0532,1.0,0,BLOCKED,2.1355,0.525,0.0532,1.0,10,BLOCKED,2.1769,0.615,0.0889,1.0,6,BLOCKED,2.0999,0.48,0.0334,1.0,10,BLOCKED
360,2.5108,0.72,0.3129,1.0,1,SELECTED,2.0918,0.39,0.0342,1.0,10,BLOCKED,2.2019,0.585,0.0343,1.0,10,BLOCKED,2.4536,0.66,0.3124,1.0,1,SELECTED,1.48,0.48,0.0417,1.0,0,BLOCKED,2.4058,0.705,0.3124,1.0,1,SELECTED,1.4744,0.435,0.0417,1.0,0,BLOCKED,2.1174,0.525,0.0417,1.0,10,BLOCKED,2.1764,0.555,0.0902,1.0,7,BLOCKED,2.1033,0.495,0.0346,1.0,10,BLOCKED
366,2.3967,0.72,0.3017,1.0,1,SELECTED,0.9296,0.39,0.0238,0.5,10,BLOCKED,0.9989,0.585,0.004,0.5,10,BLOCKED,1.1921,0.66,0.3015,0.5,1,BLOCKED,0.2746,0.48,0.0032,0.5,0,BLOCKED,2.3937,0.705,0.3067,1.0,1,SELECTED,0.2742,0.435,0.0032,0.5,0,BLOCKED,2.0974,0.525,0.0289,1.0,10,BLOCKED,2.1704,0.555,0.0803,1.0,8,SELECTED,2.0886,0.495,0.0248,1.0,10,BLOCKED
372,1.2675,0.72,0.3114,0.5,1,SELECTED,0.9317,0.39,0.0255,0.5,10,BLOCKED,1.0366,0.585,0.0255,0.5,10,BLOCKED,1.2106,0.66,0.2477,0.5,2,SELECTED,0.3121,0.48,0.0292,0.5,0,BLOCKED,1.2535,0.705,0.3114,0.5,1,SELECTED,0.3081,0.435,0.0292,0.5,0,BLOCKED,0.9547,0.525,0.0336,0.5,10,BLOCKED,0.7361,0.555,0.0848,0.5,1,BLOCKED,0.9564,0.495,0.0368,0.5,10,BLOCKED
378,2.5627,0.72,0.3207,1.0,2,SELECTED,2.102,0.39,0.0429,1.0,10,BLOCKED,2.2057,0.585,0.0364,1.0,10,BLOCKED,2.2689,0.66,0.2646,1.0,1,SELECTED,1.4724,0.48,0.0364,1.0,0,BLOCKED,2.4996,0.705,0.3142,1.0,1,SELECTED,1.4675,0.435,0.0364,1.0,0,BLOCKED,2.1194,0.525,0.0429,1.0,10,BLOCKED,2.0232,0.555,0.092,1.0,2,BLOCKED,2.1147,0.495,0.0424,1.0,10,BLOCKED
384,2.4073,0.72,0.3066,1.0,1,SELECTED,2.0856,0.39,0.0288,1.0,10,BLOCKED,2.1925,0.585,0.0289,1.0,10,BLOCKED,2.3321,0.66,0.2511,1.0,1,SELECTED,1.4642,0.48,0.0307,1.0,0,BLOCKED,2.3974,0.705,0.3085,1.0,1,SELECTED,1.4601,0.435,0.0307,1.0,0,BLOCKED,2.1035,0.525,0.0328,1.0,10,BLOCKED,2.0761,0.555,0.0862,1.0,3,BLOCKED,2.0947,0.495,0.0289,1.0,10,BLOCKED
390,2.4856,0.72,0.3012,1.0,1,SELECTED,2.0787,0.39,0.023,1.0,10,BLOCKED,2.1822,0.585,0.023,1.0,10,BLOCKED,2.2314,0.66,0.2457,1.0,1,SELECTED,1.4515,0.48,0.0219,1.0,0,BLOCKED,2.4721,0.705,0.3012,1.0,1,SELECTED,1.4486,0.435,0.0219,1.0,0,BLOCKED,2.0887,0.525,0.0234,1.0,10,BLOCKED,2.0989,0.555,0.0775,1.0,4,BLOCKED,2.0918,0.495,0.027,1.0,10,BLOCKED
396,2.5217,0.72,0.3179,1.0,1,SELECTED,2.1014,0.39,0.0424,1.0,10,BLOCKED,2.2122,0.585,0.0401,1.0,10,BLOCKED,2.3589,0.66,0.2646,1.0,1,SELECTED,1.4778,0.48,0.0401,1.0,0,BLOCKED,2.4221,0.705,0.3201,1.0,1,SELECTED,1.4724,0.435,0.0401,1.0,0,BLOCKED,2.1185,0.525,0.0424,1.0,10,BLOCKED,2.1543,0.555,0.0957,1.0,5,BLOCKED,2.1145,0.495,0.0422,1.0,10,BLOCKED
402,2.4923,0.72,0.3043,1.0,1,SELECTED,2.0828,0.39,0.0265,1.0,10,BLOCKED,2.1883,0.585,0.0265,1.0,10,BLOCKED,2.3475,0.66,0.3043,1.0,1,SELECTED,1.4591,0.48,0.0272,1.0,0,BLOCKED,2.3886,0.705,0.3043,1.0,1,SELECTED,1.4554,0.435,0.0272,1.0,0,BLOCKED,2.0958,0.525,0.0279,1.0,10,BLOCKED,2.1506,0.555,0.0827,1.0,6,BLOCKED,2.0912,0.495,0.0265,1.0,10,BLOCKED
408,2.6007,0.72,0.2966,1.0,2,SELECTED,2.0777,0.39,0.0221,1.0,10,BLOCKED,2.1806,0.585,0.0221,1.0,10,BLOCKED,2.3343,0.66,0.2976,1.0,1,SELECTED,1.4478,0.48,0.0193,1.0,0,BLOCKED,2.4634,0.705,0.2971,1.0,1,SELECTED,1.4452,0.435,0.0193,1.0,0,BLOCKED,2.0831,0.525,0.0199,1.0,10,BLOCKED,2.1509,0.555,0.0749,1.0,7,BLOCKED,2.0867,0.495,0.0235,1.0,10,BLOCKED
414,2.3789,0.72,0.2935,1.0,1,SELECTED,2.0702,0.39,0.0157,1.0,10,BLOCKED,2.1694,0.585,0.0157,1.0,10,BLOCKED,2.4161,0.66,0.2935,1.0,1,SELECTED,1.4397,0.48,0.0137,1.0,0,BLOCKED,2.3678,0.705,0.2945,1.0,1,SELECTED,1.4379,0.435,0.0137,1.0,0,BLOCKED,2.074,0.525,0.0141,1.0,10,BLOCKED,2.1519,0.555,0.0692,1.0,8,BLOCKED,2.0766,0.495,0.0167,1.0,10,BLOCKED
420,2.4434,0.72,0.3234,1.0,1,SELECTED,2.1058,0.39,0.0461,1.0,10,BLOCKED,2.2218,0.585,0.0456,1.0,10,BLOCKED,2.3852,0.66,0.3234,1.0,1,SELECTED,1.4856,0.48,0.0456,1.0,0,BLOCKED,2.5539,0.705,0.3234,1.0,2,SELECTED,1.4795,0.435,0.0456,1.0,0,BLOCKED,2.1245,0.525,0.0461,1.0,10,BLOCKED,2.2134,0.555,0.1011,1.0,9,BLOCKED,2.1202,0.495,0.0461,1.0,10,BLOCKED
426,2.4856,0.72,0.3012,1.0,1,SELECTED,2.0789,0.39,0.0231,1.0,10,BLOCKED,2.1824,0.585,0.0231,1.0,10,BLOCKED,2.4314,0.66,0.3012,1.0,1,SELECTED,1.4535,0.48,0.0233,1.0,0,BLOCKED,2.3814,0.705,0.3009,1.0,1,SELECTED,1.4504,0.435,0.0233,1.0,0,BLOCKED,2.0887,0.525,0.0234,1.0,10,BLOCKED,2.0905,0.555,0.0233,1.0,10,BLOCKED,2.0861,0.495,0.0231,1.0,10,BLOCKED
432,2.3804,0.72,0.2942,1.0,1,SELECTED,2.0748,0.39,0.0196,1.0,10,BLOCKED,2.1763,0.585,0.0196,1.0,10,BLOCKED,2.3339,0.66,0.2974,1.0,1,SELECTED,1.4438,0.48,0.0165,1.0,0,BLOCKED,2.3747,0.705,0.2977,1.0,1,SELECTED,1.4416,0.435,0.0165,1.0,0,BLOCKED,2.078,0.525,0.0166,1.0,10,BLOCKED,2.0793,0.555,0.0165,1.0,10,BLOCKED,2.0815,0.495,0.02,1.0,10,BLOCKED
438,2.4385,0.72,0.3211,1.0,1,SELECTED,2.1027,0.39,0.0435,1.0,10,BLOCKED,2.2178,0.585,0.0433,1.0,10,BLOCKED,2.471,0.66,0.3212,1.0,1,SELECTED,1.4823,0.48,0.0433,1.0,0,BLOCKED,2.4244,0.705,0.3212,1.0,1,SELECTED,1.4765,0.435,0.0433,1.0,0,BLOCKED,2.1203,0.525,0.0435,1.0,10,BLOCKED,2.1239,0.555,0.0433,1.0,10,BLOCKED,2.1163,0.495,0.0434,1.0,10,BLOCKED
444,2.398,0.72,0.3023,1.0,1,SELECTED,2.0805,0.39,0.0245,1.0,10,BLOCKED,2.1849,0.585,0.0245,1.0,10,BLOCKED,2.4338,0.66,0.3024,1.0,1,SELECTED,1.4554,0.48,0.0246,1.0,0,BLOCKED,2.4747,0.705,0.3024,1.0,1,SELECTED,1.4521,0.435,0.0246,1.0,0,BLOCKED,2.0907,0.525,0.0247,1.0,10,BLOCKED,2.0928,0.555,0.0246,1.0,10,BLOCKED,2.0883,0.495,0.0245,1.0,10,BLOCKED
450,2.3828,0.72,0.2953,1.0,1,SELECTED,2.0764,0.39,0.021,1.0,10,BLOCKED,2.1786,0.585,0.021,1.0,10,BLOCKED,2.3365,0.66,0.2987,1.0,1,SELECTED,1.4452,0.48,0.0175,1.0,0,BLOCKED,2.5846,0.705,0.2953,1.0,2,SELECTED,1.4428,0.435,0.0175,1.0,0,BLOCKED,2.0794,0.525,0.0175,1.0,10,BLOCKED,2.0809,0.555,0.0175,1.0,10,BLOCKED,2.0831,0.495,0.0211,1.0,10,BLOCKED
456,2.5269,0.72,0.3203,1.0,1,SELECTED,2.1016,0.39,0.0425,1.0,10,BLOCKED,2.2164,0.585,0.0425,1.0,10,BLOCKED,2.4692,0.66,0.3203,1.0,1,SELECTED,1.4812,0.48,0.0425,1.0,0,BLOCKED,2.4225,0.705,0.3203,1.0,1,SELECTED,1.4754,0.435,0.0425,1.0,0,BLOCKED,2.1188,0.525,0.0425,1.0,10,BLOCKED,2.1226,0.555,0.0425,1.0,10,BLOCKED,2.115,0.495,0.0425,1.0,10,BLOCKED
462,2.5581,0.72,0.3348,1.0,1,SELECTED,2.1185,0.39,0.057,1.0,10,BLOCKED,2.2684,0.585,0.0721,1.0,10,BLOCKED,2.6229,0.66,0.3348,1.0,2,SELECTED,1.5238,0.48,0.0721,1.0,0,BLOCKED,2.5431,0.705,0.3348,1.0,1,SELECTED,1.5141,0.435,0.0721,1.0,0,BLOCKED,2.1415,0.525,0.057,1.0,10,BLOCKED,2.1467,0.555,0.057,1.0,10,BLOCKED,2.1589,0.495,0.0721,1.0,10,BLOCKED
468,2.4261,0.72,0.3153,1.0,1,SELECTED,2.0958,0.39,0.0376,1.0,10,BLOCKED,2.2077,0.585,0.0376,1.0,10,BLOCKED,2.638,0.66,0.3109,1.0,3,SELECTED,1.4741,0.48,0.0376,1.0,0,BLOCKED,2.4119,0.705,0.3153,1.0,1,SELECTED,1.469,0.435,0.0376,1.0,0,BLOCKED,2.1179,0.525,0.0419,1.0,10,BLOCKED,2.1216,0.555,0.0419,1.0,10,BLOCKED,2.1076,0.495,0.0376,1.0,10,BLOCKED
474,2.5623,0.72,0.3205,1.0,2,SELECTED,2.0834,0.39,0.027,1.0,10,BLOCKED,2.2101,0.585,0.0389,1.0,10,BLOCKED,2.462,0.66,0.3167,1.0,1,SELECTED,1.476,0.48,0.0389,1.0,0,BLOCKED,2.3897,0.705,0.3048,1.0,1,SELECTED,1.4708,0.435,0.0389,1.0,0,BLOCKED,2.0944,0.525,0.027,1.0,10,BLOCKED,2.0946,0.555,0.0257,1.0,10,BLOCKED,2.1153,0.495,0.0427,1.0,10,BLOCKED
480,2.4207,0.72,0.3128,1.0,1,SELECTED,2.0928,0.39,0.035,1.0,10,BLOCKED,2.2033,0.585,0.035,1.0,10,BLOCKED,2.3643,0.66,0.3128,1.0,1,SELECTED,1.4396,0.48,0.0136,1.0,0,BLOCKED,2.5345,0.705,0.3142,1.0,2,SELECTED,1.4377,0.435,0.0136,1.0,0,BLOCKED,2.1092,0.525,0.0364,1.0,10,BLOCKED,2.1125,0.555,0.0364,1.0,10,BLOCKED,2.1038,0.495,0.035,1.0,10,BLOCKED
486,2.4813,0.72,0.3409,1.0,1,SELECTED,2.1227,0.39,0.0605,1.0,10,BLOCKED,2.2216,0.585,0.0454,1.0,10,BLOCKED,2.4149,0.66,0.3383,1.0,1,SELECTED,1.5091,0.48,0.0619,1.0,0,BLOCKED,2.5534,0.705,0.3397,1.0,1,SELECTED,1.5008,0.435,0.0619,1.0,0,BLOCKED,2.1493,0.525,0.0619,1.0,10,BLOCKED,2.1549,0.555,0.0619,1.0,10,BLOCKED,2.1456,0.495,0.0631,1.0,10,BLOCKED
492,2.4547,0.72,0.3286,1.0,1,SELECTED,2.1107,0.39,0.0503,1.0,10,BLOCKED,2.2301,0.585,0.0503,1.0,10,BLOCKED,2.4846,0.66,0.3281,1.0,1,SELECTED,1.4463,0.48,0.0183,1.0,0,BLOCKED,2.6549,0.705,0.3286,1.0,2,SELECTED,1.4438,0.435,0.0183,1.0,0,BLOCKED,2.1318,0.525,0.0508,1.0,10,BLOCKED,2.1169,0.555,0.0391,1.0,10,BLOCKED,2.1265,0.495,0.0503,1.0,10,BLOCKED
498,2.4695,0.72,0.3354,1.0,1,SELECTED,2.1146,0.39,0.0537,1.0,10,BLOCKED,2.1926,0.585,0.029,1.0,10,BLOCKED,2.4013,0.66,0.3315,1.0,1,SELECTED,0.314,0.48,0.0306,0.5,0,BLOCKED,2.7319,0.705,0.3354,1.0,3,SELECTED,0.3099,0.435,0.0306,0.5,0,BLOCKED,2.1364,0.525,0.0537,1.0,10,BLOCKED,2.1478,0.555,0.0576,1.0,10,BLOCKED,2.1158,0.495,0.0431,1.0,10,BLOCKED
504,2.4843,0.72,0.3423,1.0,1,SELECTED,2.1178,0.39,0.0564,1.0,10,BLOCKED,2.2168,0.585,0.0427,1.0,10,BLOCKED,2.5316,0.66,0.3341,1.0,2,SELECTED,1.5129,0.48,0.0645,1.0,0,BLOCKED,2.4689,0.705,0.3423,1.0,1,SELECTED,1.5042,0.435,0.0645,1.0,0,BLOCKED,2.1534,0.525,0.0645,1.0,10,BLOCKED,2.1592,0.555,0.0645,1.0,10,BLOCKED,2.1538,0.495,0.0687,1.0,10,BLOCKED
510,2.4391,0.72,0.3213,1.0,1,SELECTED,2.1028,0.39,0.0435,1.0,10,BLOCKED,2.2143,0.585,0.0413,1.0,10,BLOCKED,2.4714,0.66,0.3214,1.0,1,SELECTED,1.4795,0.48,0.0413,1.0,0,BLOCKED,2.5146,0.705,0.3213,1.0,1,SELECTED,1.4739,0.435,0.0413,1.0,0,BLOCKED,2.1219,0.525,0.0445,1.0,10,BLOCKED,2.1259,0.555,0.0445,1.0,10,BLOCKED,2.1132,0.495,0.0413,1.0,10,BLOCKED
0,1.42,0.705,0.0,1.0,0,SELECTED,1.42,0.39,0.0,1.0,0,SELECTED,1.42,0.57,0.0,1.0,0,SELECTED,1.42,0.75,0.0,1.0,0,BLOCKED,1.42,0.66,0.0,1.0,0,BLOCKED,1.42,0.795,0.0,1.0,0,BLOCKED,1.42,0.435,0.0,1.0,0,BLOCKED,1.42,0.525,0.0,1.0,0,BLOCKED,1.42,0.615,0.0,1.0,0,BLOCKED,1.42,0.48,0.0,1.0,0,BLOCKED
6,1.8625,0.705,0.0556,1.0,1,SELECTED,1.9,0.39,0.0556,1.0,1,SELECTED,1.84,0.57,0.0556,1.0,1,SELECTED,1.42,0.75,0.0,1.0,0,BLOCKED,1.42,0.66,0.0,1.0,0,BLOCKED,1.42,0.795,0.0,1.0,0,BLOCKED,1.42,0.435,0.0,1.0,0,BLOCKED,1.42,0.525,0.0,1.0,0,BLOCKED,1.42,0.615,0.0,1.0,0,BLOCKED,1.42,0.48,0.0,1.0,0,BLOCKED
12,1.98,0.705,0.1111,1.0,1,SELECTED,1.875,0.39,0.1111,1.0,1,SELECTED,2.025,0.57,0.1111,1.0,1,SELECTED,1.42,0.75,0.0,1.0,0,BLOCKED,1.42,0.66,0.0,1.0,0,BLOCKED,1.42,0.795,0.0,1.0,0,BLOCKED,1.42,0.435,0.0,1.0,0,BLOCKED,1.42,0.525,0.0,1.0,0,BLOCKED,1.42,0.615,0.0,1.0,0,BLOCKED,1.42,0.48,0.0,1.0,0,BLOCKED
18,2.0975,0.705,0.1667,1.0,1,SELECTED,2.03,0.39,0.1667,1.0,1,SELECTED,2.03,0.57,0.1667,1.0,1,SELECTED,1.42,0.75,0.0,1.0,0,BLOCKED,1.42,0.66,0.0,1.0,0,BLOCKED,1.42,0.795,0.0,1.0,0,BLOCKED,1.42,0.435,0.0,1.0,0,BLOCKED,1.42,0.525,0.0,1.0,0,BLOCKED,1.42,0.615,0.0,1.0,0,BLOCKED,1.42,0.48,0.0,1.0,0,BLOCKED
24,2.305,0.705,0.2222,1.0,1,SELECTED,2.095,0.39,0.2222,1.0,1,SELECTED,2.125,0.57,0.2222,1.0,1,SELECTED,1.42,0.75,0.0,1.0,0,BLOCKED,1.42,0.66,0.0,1.0,0,BLOCKED,1.42,0.795,0.0,1.0,0,BLOCKED,1.42,0.435,0.0,1.0,0,BLOCKED,1.42,0.525,0.0,1.0,0,BLOCKED,1.42,0.615,0.0,1.0,0,BLOCKED,1.42,0.48,0.0,1.0,0,BLOCKED
30,2.4225,0.705,0.2778,1.0,1,SELECTED,2.07,0.39,0.2778,1.0,1,SELECTED,2.22,0.57,0.2778,1.0,1,SELECTED,1.42,0.75,0.0,1.0,0,BLOCKED,1.42,0.66,0.0,1.0,0,BLOCKED,1.42,0.795,0.0,1.0,0,BLOCKED,1.42,0.435,0.0,1.0,0,BLOCKED,1.42,0.525,0.0,1.0,0,BLOCKED,1.42,0.615,0.0,1.0,0,BLOCKED,1.42,0.48,0.0,1.0,0,BLOCKED
36,2.45,0.705,0.3333,1.0,1,SELECTED,2.135,0.39,0.3333,1.0,1,SELECTED,2.405,0.57,0.3333,1.0,1,SELECTED,1.42,0.75,0.0,1.0,0,BLOCKED,1.42,0.66,0.0,1.0,0,BLOCKED,1.42,0.795,0.0,1.0,0,BLOCKED,1.42,0.435,0.0,1.0,0,BLOCKED,1.42,0.525,0.0,1.0,0,BLOCKED,1.42,0.615,0.0,1.0,0,BLOCKED,1.42,0.48,0.0,1.0,0,BLOCKED
42,2.6575,0.705,0.3889,1.0,1,SELECTED,2.2,0.39,0.3889,1.0,1,SELECTED,2.5,0.57,0.3889,1.0,1,SELECTED,1.42,0.75,0.0,1.0,0,BLOCKED,1.42,0.66,0.0,1.0,0,BLOCKED,1.42,0.795,0.0,1.0,0,BLOCKED,1.42,0.435,0.0,1.0,0,BLOCKED,1.42,0.525,0.0,1.0,0,BLOCKED,1.42,0.615,0.0,1.0,0,BLOCKED,1.42,0.48,0.0,1.0,0,BLOCKED
48,2.775,0.705,0.4444,1.0,1,SELECTED,2.265,0.39,0.4444,1.0,1,SELECTED,2.505,0.57,0.4444,1.0,1,SELECTED,1.42,0.75,0.0,1.0,0,BLOCKED,1.42,0.66,0.0,1.0,0,BLOCKED,1.42,0.795,0.0,1.0,0,BLOCKED,1.42,0.435,0.0,1.0,0,BLOCKED,1.42,0.525,0.0,1.0,0,BLOCKED,1.42,0.615,0.0,1.0,0,BLOCKED,1.42,0.48,0.0,1.0,0,BLOCKED
54,2.8925,0.705,0.5,1.0,1,SELECTED,2.455,0.39,0.5,1.0,2,SELECTED,2.69,0.57,0.5,1.0,1,SELECTED,1.42,0.75,0.0,1.0,0,BLOCKED,1.42,0.66,0.0,1.0,0,BLOCKED,1.42,0.795,0.0,1.0,0,BLOCKED,1.42,0.435,0.0,1.0,0,BLOCKED,1.42,0.525,0.0,1.0,0,BLOCKED,1.42,0.615,0.0,1.0,0,BLOCKED,1.42,0.48,0.0,1.0,0,BLOCKED
60,2.8025,0.705,0.5,1.0,1,SELECTED,2.33,0.39,0.5,1.0,1,SELECTED,2.69,0.57,0.5,1.0,1,SELECTED,1.42,0.75,0.0,1.0,0,BLOCKED,1.42,0.66,0.0,1.0,0,BLOCKED,1.42,0.795,0.0,1.0,0,BLOCKED,1.42,0.435,0.0,1.0,0,BLOCKED,1.42,0.525,0.0,1.0,0,BLOCKED,1.42,0.615,0.0,1.0,0,BLOCKED,1.42,0.48,0.0,1.0,0,BLOCKED
66,2.8025,0.705,0.5,1.0,1,SELECTED,2.33,0.39,0.5,1.0,1,SELECTED,2.6,0.57,0.5,1.0,1,SELECTED,1.42,0.75,0.0,1.0,0,BLOCKED,1.42,0.66,0.0,1.0,0,BLOCKED,1.42,0.795,0.0,1.0,0,BLOCKED,1.42,0.435,0.0,1.0,0,BLOCKED,1.42,0.525,0.0,1.0,0,BLOCKED,1.42,0.615,0.0,1.0,0,BLOCKED,1.42,0.48,0.0,1.0,0,BLOCKED
72,2.8025,0.705,0.5,1.0,1,SELECTED,2.33,0.39,0.5,1.0,1,SELECTED,2.6,0.57,0.5,1.0,1,SELECTED,1.42,0.75,0.0,1.0,0,BLOCKED,1.42,0.66,0.0,1.0,0,BLOCKED,1.42,0.795,0.0,1.0,0,BLOCKED,1.42,0.435,0.0,1.0,0,BLOCKED,1.42,0.525,0.0,1.0,0,BLOCKED,1.42,0.615,0.0,1.0,0,BLOCKED,1.42,0.48,0.0,1.0,0,BLOCKED
78,2.8025,0.705,0.5,1.0,1,SELECTED,2.33,0.39,0.5,1.0,1,SELECTED,2.6,0.57,0.5,1.0,1,SELECTED,1.42,0.75,0.0,1.0,0,BLOCKED,1.42,0.66,0.0,1.0,0,BLOCKED,1.42,0.795,0.0,1.0,0,BLOCKED,1.42,0.435,0.0,1.0,0,BLOCKED,1.42,0.525,0.0,1.0,0,BLOCKED,1.42,0.615,0.0,1.0,0,BLOCKED,1.42,0.48,0.0,1.0,0,BLOCKED
84,2.8025,0.705,0.5,1.0,1,SELECTED,2.455,0.39,0.5,1.0,2,SELECTED,2.6,0.57,0.5,1.0,1,SELECTED,1.42,0.75,0.0,1.0,0,BLOCKED,1.42,0.66,0.0,1.0,0,BLOCKED,1.42,0.795,0.0,1.0,0,BLOCKED,1.42,0.435,0.0,1.0,0,BLOCKED,1.42,0.525,0.0,1.0,0,BLOCKED,1.42,0.615,0.0,1.0,0,BLOCKED,1.42,0.48,0.0,1.0,0,BLOCKED
90,2.8025,0.705,0.5,1.0,1,SELECTED,2.33,0.39,0.5,1.0,1,SELECTED,2.6,0.57,0.5,1.0,1,SELECTED,1.42,0.75,0.0,1.0,0,BLOCKED,1.42,0.66,0.0,1.0,0,BLOCKED,1.42,0.795,0.0,1.0,0,BLOCKED,1.42,0.435,0.0,1.0,0,BLOCKED,1.42,0.525,0.0,1.0,0,BLOCKED,1.42,0.615,0.0,1.0,0,BLOCKED,1.42,0.48,0.0,1.0,0,BLOCKED
96,2.8025,0.705,0.5,1.0,1,SELECTED,2.42,0.39,0.5,1.0,1,SELECTED,2.6,0.57,0.5,1.0,1,SELECTED,1.42,0.75,0.0,1.0,0,BLOCKED,1.42,0.66,0.0,1.0,0,BLOCKED,1.42,0.795,0.0,1.0,0,BLOCKED,1.42,0.435,0.0,1.0,0,BLOCKED,1.42,0.525,0.0,1.0,0,BLOCKED,1.42,0.615,0.0,1.0,0,BLOCKED,1.42,0.48,0.0,1.0,0,BLOCKED
102,2.8925,0.705,0.5,1.0,1,SELECTED,2.42,0.39,0.5,1.0,1,SELECTED,2.6,0.57,0.5,1.0,1,SELECTED,1.42,0.75,0.0,1.0,0,BLOCKED,1.42,0.66,0.0,1.0,0,BLOCKED,1.42,0.795,0.0,1.0,0,BLOCKED,1.42,0.435,0.0,1.0,0,BLOCKED,1.42,0.525,0.0,1.0,0,BLOCKED,1.42,0.615,0.0,1.0,0,BLOCKED,1.42,0.48,0.0,1.0,0,BLOCKED
108,2.8925,0.705,0.5,1.0,1,SELECTED,2.33,0.39,0.5,1.0,1,SELECTED,2.69,0.57,0.5,1.0,1,SELECTED,1.42,0.75,0.0,1.0,0,BLOCKED,1.42,0.66,0.0,1.0,0,BLOCKED,1.42,0.795,0.0,1.0,0,BLOCKED,1.42,0.435,0.0,1.0,0,BLOCKED,1.42,0.525,0.0,1.0,0,BLOCKED,1.42,0.615,0.0,1.0,0,BLOCKED,1.42,0.48,0.0,1.0,0,BLOCKED
114,2.8025,0.705,0.5,1.0,1,SELECTED,2.42,0.39,0.5,1.0,1,SELECTED,2.69,0.57,0.5,1.0,1,SELECTED,1.42,0.75,0.0,1.0,0,BLOCKED,1.42,0.66,0.0,1.0,0,BLOCKED,1.42,0.795,0.0,1.0,0,BLOCKED,1.42,0.435,0.0,1.0,0,BLOCKED,1.42,0.525,0.0,1.0,0,BLOCKED,1.42,0.615,0.0,1.0,0,BLOCKED,1.42,0.48,0.0,1.0,0,BLOCKED
120,2.8025,0.705,0.5,1.0,1,SELECTED,2.33,0.39,0.5,1.0,1,SELECTED,2.6,0.57,0.5,1.0,1,SELECTED,1.42,0.75,0.0,1.0,0,BLOCKED,1.42,0.66,0.0,1.0,0,BLOCKED,1.42,0.795,0.0,1.0,0,BLOCKED,1.42,0.435,0.0,1.0,0,BLOCKED,1.42,0.525,0.0,1.0,0,BLOCKED,1.42,0.615,0.0,1.0,0,BLOCKED,1.42,0.48,0.0,1.0,0,BLOCKED
126,2.8025,0.705,0.5,1.0,1,SELECTED,2.33,0.39,0.5,1.0,1,SELECTED,2.69,0.57,0.5,1.0,1,SELECTED,1.42,0.75,0.0,1.0,0,BLOCKED,1.42,0.66,0.0,1.0,0,BLOCKED,1.42,0.795,0.0,1.0,0,BLOCKED,1.42,0.435,0.0,1.0,0,BLOCKED,1.42,0.525,0.0,1.0,0,BLOCKED,1.42,0.615,0.0,1.0,0,BLOCKED,1.42,0.48,0.0,1.0,0,BLOCKED
132,2.8025,0.705,0.5,1.0,1,SELECTED,2.42,0.39,0.5,1.0,1,SELECTED,2.6,0.57,0.5,1.0,1,SELECTED,1.42,0.75,0.0,1.0,0,BLOCKED,1.42,0.66,0.0,1.0,0,BLOCKED,1.42,0.795,0.0,1.0,0,BLOCKED,1.42,0.435,0.0,1.0,0,BLOCKED,1.42,0.525,0.0,1.0,0,BLOCKED,1.42,0.615,0.0,1.0,0,BLOCKED,1.42,0.48,0.0,1.0,0,BLOCKED
138,2.8025,0.705,0.5,1.0,1,SELECTED,2.42,0.39,0.5,1.0,1,SELECTED,2.69,0.57,0.5,1.0,1,SELECTED,1.42,0.75,0.0,1.0,0,BLOCKED,1.42,0.66,0.0,1.0,0,BLOCKED,1.42,0.795,0.0,1.0,0,BLOCKED,1.42,0.435,0.0,1.0,0,BLOCKED,1.42,0.525,0.0,1.0,0,BLOCKED,1.42,0.615,0.0,1.0,0,BLOCKED,1.42,0.48,0.0,1.0,0,BLOCKED
144,2.8025,0.705,0.5,1.0,1,SELECTED,2.33,0.39,0.5,1.0,1,SELECTED,2.6,0.57,0.5,1.0,1,SELECTED,1.42,0.75,0.0,1.0,0,BLOCKED,1.42,0.66,0.0,1.0,0,BLOCKED,1.42,0.795,0.0,1.0,0,BLOCKED,1.42,0.435,0.0,1.0,0,BLOCKED,1.42,0.525,0.0,1.0,0,BLOCKED,1.42,0.615,0.0,1.0,0,BLOCKED,1.42,0.48,0.0,1.0,0,BLOCKED
150,2.8025,0.705,0.5,1.0,1,SELECTED,2.33,0.39,0.5,1.0,1,SELECTED,2.69,0.57,0.5,1.0,1,SELECTED,1.42,0.75,0.0,1.0,0,BLOCKED,1.42,0.66,0.0,1.0,0,BLOCKED,1.42,0.795,0.0,1.0,0,BLOCKED,1.42,0.435,0.0,1.0,0,BLOCKED,1.42,0.525,0.0,1.0,0,BLOCKED,1.42,0.615,0.0,1.0,0,BLOCKED,1.42,0.48,0.0,1.0,0,BLOCKED
156,2.8025,0.705,0.5,1.0,1,SELECTED,2.42,0.39,0.5,1.0,1,SELECTED,2.6,0.57,0.5,1.0,1,SELECTED,1.42,0.75,0.0,1.0,0,BLOCKED,1.42,0.66,0.0,1.0,0,BLOCKED,1.42,0.795,0.0,1.0,0,BLOCKED,1.42,0.435,0.0,1.0,0,BLOCKED,1.42,0.525,0.0,1.0,0,BLOCKED,1.42,0.615,0.0,1.0,0,BLOCKED,1.42,0.48,0.0,1.0,0,BLOCKED
162,2.8025,0.705,0.5,1.0,1,SELECTED,2.33,0.39,0.5,1.0,1,SELECTED,2.6,0.57,0.5,1.0,1,SELECTED,1.42,0.75,0.0,1.0,0,BLOCKED,1.42,0.66,0.0,1.0,0,BLOCKED,1.42,0.795,0.0,1.0,0,BLOCKED,1.42,0.435,0.0,1.0,0,BLOCKED,1.42,0.525,0.0,1.0,0,BLOCKED,1.42,0.615,0.0,1.0,0,BLOCKED,1.42,0.48,0.0,1.0,0,BLOCKED
168,2.8025,0.705,0.5,1.0,1,SELECTED,2.33,0.39,0.5,1.0,1,SELECTED,2.69,0.57,0.5,1.0,1,SELECTED,1.42,0.75,0.0,1.0,0,BLOCKED,1.42,0.66,0.0,1.0,0,BLOCKED,1.42,0.795,0.0,1.0,0,BLOCKED,1.42,0.435,0.0,1.0,0,BLOCKED,1.42,0.525,0.0,1.0,0,BLOCKED,1.42,0.615,0.0,1.0,0,BLOCKED,1.42,0.48,0.0,1.0,0,BLOCKED
174,2.8025,0.705,0.5,1.0,1,SELECTED,2.42,0.39,0.5,1.0,1,SELECTED,2.69,0.57,0.5,1.0,1,SELECTED,1.42,0.75,0.0,1.0,0,BLOCKED,1.42,0.66,0.0,1.0,0,BLOCKED,1.42,0.795,0.0,1.0,0,BLOCKED,1.42,0.435,0.0,1.0,0,BLOCKED,1.42,0.525,0.0,1.0,0,BLOCKED,1.42,0.615,0.0,1.0,0,BLOCKED,1.42,0.48,0.0,1.0,0,BLOCKED
180,2.8025,0.705,0.5,1.0,1,SELECTED,2.42,0.39,0.5,1.0,1,SELECTED,2.815,0.57,0.5,1.0,2,SELECTED,1.42,0.75,0.0,1.0,0,BLOCKED,1.42,0.66,0.0,1.0,0,BLOCKED,1.42,0.795,0.0,1.0,0,BLOCKED,1.42,0.435,0.0,1.0,0,BLOCKED,1.42,0.525,0.0,1.0,0,BLOCKED,1.42,0.615,0.0,1.0,0,BLOCKED,1.42,0.48,0.0,1.0,0,BLOCKED
186,2.8925,0.705,0.5,1.0,1,SELECTED,2.33,0.39,0.5,1.0,1,SELECTED,2.6,0.57,0.5,1.0,1,SELECTED,1.42,0.75,0.0,1.0,0,BLOCKED,1.42,0.66,0.0,1.0,0,BLOCKED,1.42,0.795,0.0,1.0,0,BLOCKED,1.42,0.435,0.0,1.0,0,BLOCKED,1.42,0.525,0.0,1.0,0,BLOCKED,1.42,0.615,0.0,1.0,0,BLOCKED,1.42,0.48,0.0,1.0,0,BLOCKED
192,2.8025,0.705,0.5,1.0,1,SELECTED,2.33,0.39,0.5,1.0,1,SELECTED,2.6,0.57,0.5,1.0,1,SELECTED,1.42,0.75,0.0,1.0,0,BLOCKED,1.42,0.66,0.0,1.0,0,BLOCKED,1.42,0.795,0.0,1.0,0,BLOCKED,1.42,0.435,0.0,1.0,0,BLOCKED,1.42,0.525,0.0,1.0,0,BLOCKED,1.42,0.615,0.0,1.0,0,BLOCKED,1.42,0.48,0.0,1.0,0,BLOCKED
198,2.8025,0.705,0.5,1.0,1,SELECTED,2.33,0.39,0.5,1.0,1,SELECTED,2.6,0.57,0.5,1.0,1,SELECTED,1.42,0.75,0.0,1.0,0,BLOCKED,1.42,0.66,0.0,1.0,0,BLOCKED,1.42,0.795,0.0,1.0,0,BLOCKED,1.42,0.435,0.0,1.0,0,BLOCKED,1.42,0.525,0.0,1.0,0,BLOCKED,1.42,0.615,0.0,1.0,0,BLOCKED,1.42,0.48,0.0,1.0,0,BLOCKED
204,2.8025,0.705,0.5,1.0,1,SELECTED,2.42,0.39,0.5,1.0,1,SELECTED,2.6,0.57,0.5,1.0,1,SELECTED,1.42,0.75,0.0,1.0,0,BLOCKED,1.42,0.66,0.0,1.0,0,BLOCKED,1.42,0.795,0.0,1.0,0,BLOCKED,1.42,0.435,0.0,1.0,0,BLOCKED,1.42,0.525,0.0,1.0,0,BLOCKED,1.42,0.615,0.0,1.0,0,BLOCKED,1.42,0.48,0.0,1.0,0,BLOCKED
210,2.8025,0.705,0.5,1.0,1,SELECTED,2.42,0.39,0.5,1.0,1,SELECTED,2.6,0.57,0.5,1.0,1,SELECTED,1.42,0.75,0.0,1.0,0,BLOCKED,1.42,0.66,0.0,1.0,0,BLOCKED,1.42,0.795,0.0,1.0,0,BLOCKED,1.42,0.435,0.0,1.0,0,BLOCKED,1.42,0.525,0.0,1.0,0,BLOCKED,1.42,0.615,0.0,1.0,0,BLOCKED,1.42,0.48,0.0,1.0,0,BLOCKED
216,2.8025,0.705,0.5,1.0,1,SELECTED,2.42,0.39,0.5,1.0,1,SELECTED,2.69,0.57,0.5,1.0,1,SELECTED,1.42,0.75,0.0,1.0,0,BLOCKED,1.42,0.66,0.0,1.0,0,BLOCKED,1.42,0.795,0.0,1.0,0,BLOCKED,1.42,0.435,0.0,1.0,0,BLOCKED,1.42,0.525,0.0,1.0,0,BLOCKED,1.42,0.615,0.0,1.0,0,BLOCKED,1.42,0.48,0.0,1.0,0,BLOCKED
222,2.8025,0.705,0.5,1.0,1,SELECTED,2.42,0.39,0.5,1.0,1,SELECTED,2.69,0.57,0.5,1.0,1,SELECTED,1.42,0.75,0.0,1.0,0,BLOCKED,1.42,0.66,0.0,1.0,0,BLOCKED,1.42,0.795,0.0,1.0,0,BLOCKED,1.42,0.435,0.0,1.0,0,BLOCKED,1.42,0.525,0.0,1.0,0,BLOCKED,1.42,0.615,0.0,1.0,0,BLOCKED,1.42,0.48,0.0,1.0,0,BLOCKED
228,2.8925,0.705,0.5,1.0,1,SELECTED,2.42,0.39,0.5,1.0,1,SELECTED,2.6,0.57,0.5,1.0,1,SELECTED,1.42,0.75,0.0,1.0,0,BLOCKED,1.42,0.66,0.0,1.0,0,BLOCKED,1.42,0.795,0.0,1.0,0,BLOCKED,1.42,0.435,0.0,1.0,0,BLOCKED,1.42,0.525,0.0,1.0,0,BLOCKED,1.42,0.615,0.0,1.0,0,BLOCKED,1.42,0.48,0.0,1.0,0,BLOCKED
234,2.8025,0.705,0.5,1.0,1,SELECTED,2.42,0.39,0.5,1.0,1,SELECTED,2.69,0.57,0.5,1.0,1,SELECTED,1.42,0.75,0.0,1.0,0,BLOCKED,1.42,0.66,0.0,1.0,0,BLOCKED,1.42,0.795,0.0,1.0,0,BLOCKED,1.42,0.435,0.0,1.0,0,BLOCKED,1.42,0.525,0.0,1.0,0,BLOCKED,1.42,0.615,0.0,1.0,0,BLOCKED,1.42,0.48,0.0,1.0,0,BLOCKED
240,2.8025,0.705,0.5,1.0,1,SELECTED,2.33,0.39,0.5,1.0,1,SELECTED,2.6,0.57,0.5,1.0,1,SELECTED,1.42,0.75,0.0,1.0,0,BLOCKED,1.42,0.66,0.0,1.0,0,BLOCKED,1.42,0.795,0.0,1.0,0,BLOCKED,1.42,0.435,0.0,1.0,0,BLOCKED,1.42,0.525,0.0,1.0,0,BLOCKED,1.42,0.615,0.0,1.0,0,BLOCKED,1.42,0.48,0.0,1.0,0,BLOCKED
246,2.8025,0.705,0.5,1.0,1,SELECTED,2.33,0.39,0.5,1.0,1,SELECTED,2.69,0.57,0.5,1.0,1,SELECTED,1.42,0.75,0.0,1.0,0,BLOCKED,1.42,0.66,0.0,1.0,0,BLOCKED,1.42,0.795,0.0,1.0,0,BLOCKED,1.42,0.435,0.0,1.0,0,BLOCKED,1.42,0.525,0.0,1.0,0,BLOCKED,1.42,0.615,0.0,1.0,0,BLOCKED,1.42,0.48,0.0,1.0,0,BLOCKED
252,2.8925,0.705,0.5,1.0,1,SELECTED,2.455,0.39,0.5,1.0,2,SELECTED,2.6,0.57,0.5,1.0,1,SELECTED,1.42,0.75,0.0,1.0,0,BLOCKED,1.42,0.66,0.0,1.0,0,BLOCKED,1.42,0.795,0.0,1.0,0,BLOCKED,1.42,0.435,0.0,1.0,0,BLOCKED,1.42,0.525,0.0,1.0,0,BLOCKED,1.42,0.615,0.0,1.0,0,BLOCKED,1.42,0.48,0.0,1.0,0,BLOCKED
258,2.8025,0.705,0.5,1.0,1,SELECTED,2.42,0.39,0.5,1.0,1,SELECTED,2.69,0.57,0.5,1.0,1,SELECTED,1.42,0.75,0.0,1.0,0,BLOCKED,1.42,0.66,0.0,1.0,0,BLOCKED,1.42,0.795,0.0,1.0,0,BLOCKED,1.42,0.435,0.0,1.0,0,BLOCKED,1.42,0.525,0.0,1.0,0,BLOCKED,1.42,0.615,0.0,1.0,0,BLOCKED,1.42,0.48,0.0,1.0,0,BLOCKED
264,2.8025,0.705,0.5,1.0,1,SELECTED,2.33,0.39,0.5,1.0,1,SELECTED,2.69,0.57,0.5,1.0,1,SELECTED,1.42,0.75,0.0,1.0,0,BLOCKED,1.42,0.66,0.0,1.0,0,BLOCKED,1.42,0.795,0.0,1.0,0,BLOCKED,1.42,0.435,0.0,1.0,0,BLOCKED,1.42,0.525,0.0,1.0,0,BLOCKED,1.42,0.615,0.0,1.0,0,BLOCKED,1.42,0.48,0.0,1.0,0,BLOCKED
270,2.8025,0.705,0.5,1.0,1,SELECTED,2.33,0.39,0.5,1.0,1,SELECTED,2.6,0.57,0.5,1.0,1,SELECTED,1.42,0.75,0.0,1.0,0,BLOCKED,1.42,0.66,0.0,1.0,0,BLOCKED,1.42,0.795,0.0,1.0,0,BLOCKED,1.42,0.435,0.0,1.0,0,BLOCKED,1.42,0.525,0.0,1.0,0,BLOCKED,1.42,0.615,0.0,1.0,0,BLOCKED,1.42,0.48,0.0,1.0,0,BLOCKED
276,2.8925,0.705,0.5,1.0,1,SELECTED,2.33,0.39,0.5,1.0,1,SELECTED,2.69,0.57,0.5,1.0,1,SELECTED,1.42,0.75,0.0,1.0,0,BLOCKED,1.42,0.66,0.0,1.0,0,BLOCKED,1.42,0.795,0.0,1.0,0,BLOCKED,1.42,0.435,0.0,1.0,0,BLOCKED,1.42,0.525,0.0,1.0,0,BLOCKED,1.42,0.615,0.0,1.0,0,BLOCKED,1.42,0.48,0.0,1.0,0,BLOCKED
282,2.8025,0.705,0.5,1.0,1,SELECTED,2.33,0.39,0.5,1.0,1,SELECTED,2.69,0.57,0.5,1.0,1,SELECTED,1.42,0.75,0.0,1.0,0,BLOCKED,1.42,0.66,0.0,1.0,0,BLOCKED,1.42,0.795,0.0,1.0,0,BLOCKED,1.42,0.435,0.0,1.0,0,BLOCKED,1.42,0.525,0.0,1.0,0,BLOCKED,1.42,0.615,0.0,1.0,0,BLOCKED,1.42,0.48,0.0,1.0,0,BLOCKED
288,2.8025,0.705,0.5,1.0,1,SELECTED,2.33,0.39,0.5,1.0,1,SELECTED,2.69,0.57,0.5,1.0,1,SELECTED,1.42,0.75,0.0,1.0,0,BLOCKED,1.42,0.66,0.0,1.0,0,BLOCKED,1.42,0.795,0.0,1.0,0,BLOCKED,1.42,0.435,0.0,1.0,0,BLOCKED,1.42,0.525,0.0,1.0,0,BLOCKED,1.42,0.615,0.0,1.0,0,BLOCKED,1.42,0.48,0.0,1.0,0,BLOCKED
294,2.8025,0.705,0.5,1.0,1,SELECTED,2.33,0.39,0.5,1.0,1,SELECTED,2.69,0.57,0.5,1.0,1,SELECTED,1.42,0.75,0.0,1.0,0,BLOCKED,1.42,0.66,0.0,1.0,0,BLOCKED,1.42,0.795,0.0,1.0,0,BLOCKED,1.42,0.435,0.0,1.0,0,BLOCKED,1.42,0.525,0.0,1.0,0,BLOCKED,1.42,0.615,0.0,1.0,0,BLOCKED,1.42,0.48,0.0,1.0,0,BLOCKED
300,2.8025,0.705,0.5,1.0,1,SELECTED,2.33,0.39,0.5,1.0,1,SELECTED,2.815,0.57,0.5,1.0,2,SELECTED,1.42,0.75,0.0,1.0,0,BLOCKED,1.42,0.66,0.0,1.0,0,BLOCKED,1.42,0.795,0.0,1.0,0,BLOCKED,1.42,0.435,0.0,1.0,0,BLOCKED,1.42,0.525,0.0,1.0,0,BLOCKED,1.42,0.615,0.0,1.0,0,BLOCKED,1.42,0.48,0.0,1.0,0,BLOCKED
306,2.8025,0.705,0.5,1.0,1,SELECTED,2.33,0.39,0.5,1.0,1,SELECTED,2.69,0.57,0.5,1.0,1,SELECTED,1.42,0.75,0.0,1.0,0,BLOCKED,1.42,0.66,0.0,1.0,0,BLOCKED,1.42,0.795,0.0,1.0,0,BLOCKED,1.42,0.435,0.0,1.0,0,BLOCKED,1.42,0.525,0.0,1.0,0,BLOCKED,1.42,0.615,0.0,1.0,0,BLOCKED,1.42,0.48,0.0,1.0,0,BLOCKED
312,2.8025,0.705,0.5,1.0,1,SELECTED,2.33,0.39,0.5,1.0,1,SELECTED,2.69,0.57,0.5,1.0,1,SELECTED,1.42,0.75,0.0,1.0,0,BLOCKED,1.42,0.66,0.0,1.0,0,BLOCKED,1.42,0.795,0.0,1.0,0,BLOCKED,1.42,0.435,0.0,1.0,0,BLOCKED,1.42,0.525,0.0,1.0,0,BLOCKED,1.42,0.615,0.0,1.0,0,BLOCKED,1.42,0.48,0.0,1.0,0,BLOCKED
318,2.8025,0.705,0.5,1.0,1,SELECTED,2.42,0.39,0.5,1.0,1,SELECTED,2.69,0.57,0.5,1.0,1,SELECTED,1.42,0.75,0.0,1.0,0,BLOCKED,1.42,0.66,0.0,1.0,0,BLOCKED,1.42,0.795,0.0,1.0,0,BLOCKED,1.42,0.435,0.0,1.0,0,BLOCKED,1.42,0.525,0.0,1.0,0,BLOCKED,1.42,0.615,0.0,1.0,0,BLOCKED,1.42,0.48,0.0,1.0,0,BLOCKED
324,2.8925,0.705,0.5,1.0,1,SELECTED,2.33,0.39,0.5,1.0,1,SELECTED,2.6,0.57,0.5,1.0,1,SELECTED,1.42,0.75,0.0,1.0,0,BLOCKED,1.42,0.66,0.0,1.0,0,BLOCKED,1.42,0.795,0.0,1.0,0,BLOCKED,1.42,0.435,0.0,1.0,0,BLOCKED,1.42,0.525,0.0,1.0,0,BLOCKED,1.42,0.615,0.0,1.0,0,BLOCKED,1.42,0.48,0.0,1.0,0,BLOCKED
330,2.8025,0.705,0.5,1.0,1,SELECTED,2.42,0.39,0.5,1.0,1,SELECTED,2.6,0.57,0.5,1.0,1,SELECTED,1.42,0.75,0.0,1.0,0,BLOCKED,1.42,0.66,0.0,1.0,0,BLOCKED,1.42,0.795,0.0,1.0,0,BLOCKED,1.42,0.435,0.0,1.0,0,BLOCKED,1.42,0.525,0.0,1.0,0,BLOCKED,1.42,0.615,0.0,1.0,0,BLOCKED,1.42,0.48,0.0,1.0,0,BLOCKED
336,2.8025,0.705,0.5,1.0,1,SELECTED,2.33,0.39,0.5,1.0,1,SELECTED,2.69,0.57,0.5,1.0,1,SELECTED,1.42,0.75,0.0,1.0,0,BLOCKED,1.42,0.66,0.0,1.0,0,BLOCKED,1.42,0.795,0.0,1.0,0,BLOCKED,1.42,0.435,0.0,1.0,0,BLOCKED,1.42,0.525,0.0,1.0,0,BLOCKED,1.42,0.615,0.0,1.0,0,BLOCKED,1.42,0.48,0.0,1.0,0,BLOCKED
342,2.8925,0.705,0.5,1.0,1,SELECTED,2.42,0.39,0.5,1.0,1,SELECTED,2.6,0.57,0.5,1.0,1,SELECTED,1.42,0.75,0.0,1.0,0,BLOCKED,1.42,0.66,0.0,1.0,0,BLOCKED,1.42,0.795,0.0,1.0,0,BLOCKED,1.42,0.435,0.0,1.0,0,BLOCKED,1.42,0.525,0.0,1.0,0,BLOCKED,1.42,0.615,0.0,1.0,0,BLOCKED,1.42,0.48,0.0,1.0,0,BLOCKED
348,2.8025,0.705,0.5,1.0,1,SELECTED,2.42,0.39,0.5,1.0,1,SELECTED,2.69,0.57,0.5,1.0,1,SELECTED,1.42,0.75,0.0,1.0,0,BLOCKED,1.42,0.66,0.0,1.0,0,BLOCKED,1.42,0.795,0.0,1.0,0,BLOCKED,1.42,0.435,0.0,1.0,0,BLOCKED,1.42,0.525,0.0,1.0,0,BLOCKED,1.42,0.615,0.0,1.0,0,BLOCKED,1.42,0.48,0.0,1.0,0,BLOCKED
354,2.8925,0.705,0.5,1.0,1,SELECTED,2.33,0.39,0.5,1.0,1,SELECTED,2.6,0.57,0.5,1.0,1,SELECTED,1.42,0.75,0.0,1.0,0,BLOCKED,1.42,0.66,0.0,1.0,0,BLOCKED,1.42,0.795,0.0,1.0,0,BLOCKED,1.42,0.435,0.0,1.0,0,BLOCKED,1.42,0.525,0.0,1.0,0,BLOCKED,1.42,0.615,0.0,1.0,0,BLOCKED,1.42,0.48,0.0,1.0,0,BLOCKED
360,2.825,0.72,0.5,1.0,1,SELECTED,2.42,0.39,0.5,1.0,1,SELECTED,2.7125,0.585,0.5,1.0,1,SELECTED,1.42,0.66,0.0,1.0,0,BLOCKED,1.42,0.48,0.0,1.0,0,BLOCKED,1.42,0.705,0.0,1.0,0,BLOCKED,1.42,0.435,0.0,1.0,0,BLOCKED,1.42,0.525,0.0,1.0,0,BLOCKED,1.42,0.555,0.0,1.0,0,BLOCKED,1.42,0.495,0.0,1.0,0,BLOCKED
366,2.825,0.72,0.5,1.0,1,SELECTED,2.33,0.39,0.5,1.0,1,SELECTED,2.7125,0.585,0.5,1.0,1,SELECTED,1.42,0.66,0.0,1.0,0,BLOCKED,1.42,0.48,0.0,1.0,0,BLOCKED,1.42,0.705,0.0,1.0,0,BLOCKED,1.42,0.435,0.0,1.0,0,BLOCKED,1.42,0.525,0.0,1.0,0,BLOCKED,1.42,0.555,0.0,1.0,0,BLOCKED,1.42,0.495,0.0,1.0,0,BLOCKED
372,2.825,0.72,0.5,1.0,1,SELECTED,2.33,0.39,0.5,1.0,1,SELECTED,2.6225,0.585,0.5,1.0,1,SELECTED,1.42,0.66,0.0,1.0,0,BLOCKED,1.42,0.48,0.0,1.0,0,BLOCKED,1.42,0.705,0.0,1.0,0,BLOCKED,1.42,0.435,0.0,1.0,0,BLOCKED,1.42,0.525,0.0,1.0,0,BLOCKED,1.42,0.555,0.0,1.0,0,BLOCKED,1.42,0.495,0.0,1.0,0,BLOCKED
378,2.915,0.72,0.5,1.0,1,SELECTED,2.42,0.39,0.5,1.0,1,SELECTED,2.6225,0.585,0.5,1.0,1,SELECTED,1.42,0.66,0.0,1.0,0,BLOCKED,1.42,0.48,0.0,1.0,0,BLOCKED,1.42,0.705,0.0,1.0,0,BLOCKED,1.42,0.435,0.0,1.0,0,BLOCKED,1.42,0.525,0.0,1.0,0,BLOCKED,1.42,0.555,0.0,1.0,0,BLOCKED,1.42,0.495,0.0,1.0,0,BLOCKED
384,2.915,0.72,0.5,1.0,1,SELECTED,2.33,0.39,0.5,1.0,1,SELECTED,2.6225,0.585,0.5,1.0,1,SELECTED,1.42,0.66,0.0,1.0,0,BLOCKED,1.42,0.48,0.0,1.0,0,BLOCKED,1.42,0.705,0.0,1.0,0,BLOCKED,1.42,0.435,0.0,1.0,0,BLOCKED,1.42,0.525,0.0,1.0,0,BLOCKED,1.42,0.555,0.0,1.0,0,BLOCKED,1.42,0.495,0.0,1.0,0,BLOCKED
390,2.825,0.72,0.5,1.0,1,SELECTED,2.33,0.39,0.5,1.0,1,SELECTED,2.6225,0.585,0.5,1.0,1,SELECTED,1.42,0.66,0.0,1.0,0,BLOCKED,1.42,0.48,0.0,1.0,0,BLOCKED,1.42,0.705,0.0,1.0,0,BLOCKED,1.42,0.435,0.0,1.0,0,BLOCKED,1.42,0.525,0.0,1.0,0,BLOCKED,1.42,0.555,0.0,1.0,0,BLOCKED,1.42,0.495,0.0,1.0,0,BLOCKED
396,2.915,0.72,0.5,1.0,1,SELECTED,2.33,0.39,0.5,1.0,1,SELECTED,2.6225,0.585,0.5,1.0,1,SELECTED,1.42,0.66,0.0,1.0,0,BLOCKED,1.42,0.48,0.0,1.0,0,BLOCKED,1.42,0.705,0.0,1.0,0,BLOCKED,1.42,0.435,0.0,1.0,0,BLOCKED,1.42,0.525,0.0,1.0,0,BLOCKED,1.42,0.555,0.0,1.0,0,BLOCKED,1.42,0.495,0.0,1.0,0,BLOCKED
402,2.825,0.72,0.5,1.0,1,SELECTED,2.33,0.39,0.5,1.0,1,SELECTED,2.7125,0.585,0.5,1.0,1,SELECTED,1.42,0.66,0.0,1.0,0,BLOCKED,1.42,0.48,0.0,1.0,0,BLOCKED,1.42,0.705,0.0,1.0,0,BLOCKED,1.42,0.435,0.0,1.0,0,BLOCKED,1.42,0.525,0.0,1.0,0,BLOCKED,1.42,0.555,0.0,1.0,0,BLOCKED,1.42,0.495,0.0,1.0,0,BLOCKED
408,2.825,0.72,0.5,1.0,1,SELECTED,2.33,0.39,0.5,1.0,1,SELECTED,2.6225,0.585,0.5,1.0,1,SELECTED,1.42,0.66,0.0,1.0,0,BLOCKED,1.42,0.48,0.0,1.0,0,BLOCKED,1.42,0.705,0.0,1.0,0,BLOCKED,1.42,0.435,0.0,1.0,0,BLOCKED,1.42,0.525,0.0,1.0,0,BLOCKED,1.42,0.555,0.0,1.0,0,BLOCKED,1.42,0.495,0.0,1.0,0,BLOCKED
414,2.95,0.72,0.5,1.0,2,SELECTED,2.33,0.39,0.5,1.0,1,SELECTED,2.7125,0.585,0.5,1.0,1,SELECTED,1.42,0.66,0.0,1.0,0,BLOCKED,1.42,0.48,0.0,1.0,0,BLOCKED,1.42,0.705,0.0,1.0,0,BLOCKED,1.42,0.435,0.0,1.0,0,BLOCKED,1.42,0.525,0.0,1.0,0,BLOCKED,1.42,0.555,0.0,1.0,0,BLOCKED,1.42,0.495,0.0,1.0,0,BLOCKED
420,2.95,0.72,0.5,1.0,2,SELECTED,2.42,0.39,0.5,1.0,1,SELECTED,2.6225,0.585,0.5,1.0,1,SELECTED,1.42,0.66,0.0,1.0,0,BLOCKED,1.42,0.48,0.0,1.0,0,BLOCKED,1.42,0.705,0.0,1.0,0,BLOCKED,1.42,0.435,0.0,1.0,0,BLOCKED,1.42,0.525,0.0,1.0,0,BLOCKED,1.42,0.555,0.0,1.0,0,BLOCKED,1.42,0.495,0.0,1.0,0,BLOCKED
426,2.825,0.72,0.5,1.0,1,SELECTED,2.42,0.39,0.5,1.0,1,SELECTED,2.6225,0.585,0.5,1.0,1,SELECTED,1.42,0.66,0.0,1.0,0,BLOCKED,1.42,0.48,0.0,1.0,0,BLOCKED,1.42,0.705,0.0,1.0,0,BLOCKED,1.42,0.435,0.0,1.0,0,BLOCKED,1.42,0.525,0.0,1.0,0,BLOCKED,1.42,0.555,0.0,1.0,0,BLOCKED,1.42,0.495,0.0,1.0,0,BLOCKED
432,2.915,0.72,0.5,1.0,1,SELECTED,2.33,0.39,0.5,1.0,1,SELECTED,2.6225,0.585,0.5,1.0,1,SELECTED,1.42,0.66,0.0,1.0,0,BLOCKED,1.42,0.48,0.0,1.0,0,BLOCKED,1.42,0.705,0.0,1.0,0,BLOCKED,1.42,0.435,0.0,1.0,0,BLOCKED,1.42,0.525,0.0,1.0,0,BLOCKED,1.42,0.555,0.0,1.0,0,BLOCKED,1.42,0.495,0.0,1.0,0,BLOCKED
438,2.825,0.72,0.5,1.0,1,SELECTED,2.42,0.39,0.5,1.0,1,SELECTED,2.6225,0.585,0.5,1.0,1,SELECTED,1.42,0.66,0.0,1.0,0,BLOCKED,1.42,0.48,0.0,1.0,0,BLOCKED,1.42,0.705,0.0,1.0,0,BLOCKED,1.42,0.435,0.0,1.0,0,BLOCKED,1.42,0.525,0.0,1.0,0,BLOCKED,1.42,0.555,0.0,1.0,0,BLOCKED,1.42,0.495,0.0,1.0,0,BLOCKED
444,2.825,0.72,0.5,1.0,1,SELECTED,2.33,0.39,0.5,1.0,1,SELECTED,2.6225,0.585,0.5,1.0,1,SELECTED,1.42,0.66,0.0,1.0,0,BLOCKED,1.42,0.48,0.0,1.0,0,BLOCKED,1.42,0.705,0.0,1.0,0,BLOCKED,1.42,0.435,0.0,1.0,0,BLOCKED,1.42,0.525,0.0,1.0,0,BLOCKED,1.42,0.555,0.0,1.0,0,BLOCKED,1.42,0.495,0.0,1.0,0,BLOCKED
450,2.915,0.72,0.5,1.0,1,SELECTED,2.33,0.39,0.5,1.0,1,SELECTED,2.7125,0.585,0.5,1.0,1,SELECTED,1.42,0.66,0.0,1.0,0,BLOCKED,1.42,0.48,0.0,1.0,0,BLOCKED,1.42,0.705,0.0,1.0,0,BLOCKED,1.42,0.435,0.0,1.0,0,BLOCKED,1.42,0.525,0.0,1.0,0,BLOCKED,1.42,0.555,0.0,1.0,0,BLOCKED,1.42,0.495,0.0,1.0,0,BLOCKED
456,2.915,0.72,0.5,1.0,1,SELECTED,2.33,0.39,0.5,1.0,1,SELECTED,2.6225,0.585,0.5,1.0,1,SELECTED,1.42,0.66,0.0,1.0,0,BLOCKED,1.42,0.48,0.0,1.0,0,BLOCKED,1.42,0.705,0.0,1.0,0,BLOCKED,1.42,0.435,0.0,1.0,0,BLOCKED,1.42,0.525,0.0,1.0,0,BLOCKED,1.42,0.555,0.0,1.0,0,BLOCKED,1.42,0.495,0.0,1.0,0,BLOCKED
462,2.825,0.72,0.5,1.0,1,SELECTED,2.33,0.39,0.5,1.0,1,SELECTED,2.6225,0.585,0.5,1.0,1,SELECTED,1.42,0.66,0.0,1.0,0,BLOCKED,1.42,0.48,0.0,1.0,0,BLOCKED,1.42,0.705,0.0,1.0,0,BLOCKED,1.42,0.435,0.0,1.0,0,BLOCKED,1.42,0.525,0.0,1.0,0,BLOCKED,1.42,0.555,0.0,1.0,0,BLOCKED,1.42,0.495,0.0,1.0,0,BLOCKED
468,2.915,0.72,0.5,1.0,1,SELECTED,2.42,0.39,0.5,1.0,1,SELECTED,2.7125,0.585,0.5,1.0,1,SELECTED,1.42,0.66,0.0,1.0,0,BLOCKED,1.42,0.48,0.0,1.0,0,BLOCKED,1.42,0.705,0.0,1.0,0,BLOCKED,1.42,0.435,0.0,1.0,0,BLOCKED,1.42,0.525,0.0,1.0,0,BLOCKED,1.42,0.555,0.0,1.0,0,BLOCKED,1.42,0.495,0.0,1.0,0,BLOCKED
474,2.825,0.72,0.5,1.0,1,SELECTED,2.33,0.39,0.5,1.0,1,SELECTED,2.6225,0.585,0.5,1.0,1,SELECTED,1.42,0.66,0.0,1.0,0,BLOCKED,1.42,0.48,0.0,1.0,0,BLOCKED,1.42,0.705,0.0,1.0,0,BLOCKED,1.42,0.435,0.0,1.0,0,BLOCKED,1.42,0.525,0.0,1.0,0,BLOCKED,1.42,0.555,0.0,1.0,0,BLOCKED,1.42,0.495,0.0,1.0,0,BLOCKED
480,2.825,0.72,0.5,1.0,1,SELECTED,2.33,0.39,0.5,1.0,1,SELECTED,2.6225,0.585,0.5,1.0,1,SELECTED,1.42,0.66,0.0,1.0,0,BLOCKED,1.42,0.48,0.0,1.0,0,BLOCKED,1.42,0.705,0.0,1.0,0,BLOCKED,1.42,0.435,0.0,1.0,0,BLOCKED,1.42,0.525,0.0,1.0,0,BLOCKED,1.42,0.555,0.0,1.0,0,BLOCKED,1.42,0.495,0.0,1.0,0,BLOCKED
486,2.825,0.72,0.5,1.0,1,SELECTED,2.42,0.39,0.5,1.0,1,SELECTED,2.6225,0.585,0.5,1.0,1,SELECTED,1.42,0.66,0.0,1.0,0,BLOCKED,1.42,0.48,0.0,1.0,0,BLOCKED,1.42,0.705,0.0,1.0,0,BLOCKED,1.42,0.435,0.0,1.0,0,BLOCKED,1.42,0.525,0.0,1.0,0,BLOCKED,1.42,0.555,0.0,1.0,0,BLOCKED,1.42,0.495,0.0,1.0,0,BLOCKED
492,2.915,0.72,0.5,1.0,1,SELECTED,2.33,0.39,0.5,1.0,1,SELECTED,2.7125,0.585,0.5,1.0,1,SELECTED,1.42,0.66,0.0,1.0,0,BLOCKED,1.42,0.48,0.0,1.0,0,BLOCKED,1.42,0.705,0.0,1.0,0,BLOCKED,1.42,0.435,0.0,1.0,0,BLOCKED,1.42,0.525,0.0,1.0,0,BLOCKED,1.42,0.555,0.0,1.0,0,BLOCKED,1.42,0.495,0.0,1.0,0,BLOCKED
498,2.825,0.72,0.5,1.0,1,SELECTED,2.33,0.39,0.5,1.0,1,SELECTED,2.6225,0.585,0.5,1.0,1,SELECTED,1.42,0.66,0.0,1.0,0,BLOCKED,1.42,0.48,0.0,1.0,0,BLOCKED,1.42,0.705,0.0,1.0,0,BLOCKED,1.42,0.435,0.0,1.0,0,BLOCKED,1.42,0.525,0.0,1.0,0,BLOCKED,1.42,0.555,0.0,1.0,0,BLOCKED,1.42,0.495,0.0,1.0,0,BLOCKED
504,2.825,0.72,0.5,1.0,1,SELECTED,2.455,0.39,0.5,1.0,2,SELECTED,2.6225,0.585,0.5,1.0,1,SELECTED,1.42,0.66,0.0,1.0,0,BLOCKED,1.42,0.48,0.0,1.0,0,BLOCKED,1.42,0.705,0.0,1.0,0,BLOCKED,1.42,0.435,0.0,1.0,0,BLOCKED,1.42,0.525,0.0,1.0,0,BLOCKED,1.42,0.555,0.0,1.0,0,BLOCKED,1.42,0.495,0.0,1.0,0,BLOCKED
510,2.825,0.72,0.5,1.0,1,SELECTED,2.42,0.39,0.5,1.0,1,SELECTED,2.7125,0.585,0.5,1.0,1,SELECTED,1.42,0.66,0.0,1.0,0,BLOCKED,1.42,0.48,0.0,1.0,0,BLOCKED,1.42,0.705,0.0,1.0,0,BLOCKED,1.42,0.435,0.0,1.0,0,BLOCKED,1.42,0.525,0.0,1.0,0,BLOCKED,1.42,0.555,0.0,1.0,0,BLOCKED,1.42,0.495,0.0,1.0,0,BLOCKED
516,2.825,0.72,0.5,1.0,1,SELECTED,2.42,0.39,0.5,1.0,1,SELECTED,2.7125,0.585,0.5,1.0,1,SELECTED,1.42,0.66,0.0,1.0,0,BLOCKED,1.42,0.48,0.0,1.0,0,BLOCKED,1.42,0.705,0.0,1.0,0,BLOCKED,1.42,0.435,0.0,1.0,0,BLOCKED,1.42,0.525,0.0,1.0,0,BLOCKED,1.42,0.555,0.0,1.0,0,BLOCKED,1.42,0.495,0.0,1.0,0,BLOCKED
522,2.825,0.72,0.5,1.0,1,SELECTED,2.33,0.39,0.5,1.0,1,SELECTED,2.7125,0.585,0.5,1.0,1,SELECTED,1.42,0.66,0.0,1.0,0,BLOCKED,1.42,0.48,0.0,1.0,0,BLOCKED,1.42,0.705,0.0,1.0,0,BLOCKED,1.42,0.435,0.0,1.0,0,BLOCKED,1.42,0.525,0.0,1.0,0,BLOCKED,1.42,0.555,0.0,1.0,0,BLOCKED,1.42,0.495,0.0,1.0,0,BLOCKED
528,2.825,0.72,0.5,1.0,1,SELECTED,2.33,0.39,0.5,1.0,1,SELECTED,2.8375,0.585,0.5,1.0,2,SELECTED,1.42,0.66,0.0,1.0,0,BLOCKED,1.42,0.48,0.0,1.0,0,BLOCKED,1.42,0.705,0.0,1.0,0,BLOCKED,1.42,0.435,0.0,1.0,0,BLOCKED,1.42,0.525,0.0,1.0,0,BLOCKED,1.42,0.555,0.0,1.0,0,BLOCKED,1.42,0.495,0.0,1.0,0,BLOCKED
534,2.915,0.72,0.5,1.0,1,SELECTED,2.42,0.39,0.5,1.0,1,SELECTED,2.6225,0.585,0.5,1.0,1,SELECTED,1.42,0.66,0.0,1.0,0,BLOCKED,1.42,0.48,0.0,1.0,0,BLOCKED,1.42,0.705,0.0,1.0,0,BLOCKED,1.42,0.435,0.0,1.0,0,BLOCKED,1.42,0.525,0.0,1.0,0,BLOCKED,1.42,0.555,0.0,1.0,0,BLOCKED,1.42,0.495,0.0,1.0,0,BLOCKED
540,2.825,0.72,0.5,1.0,1,SELECTED,2.42,0.39,0.5,1.0,1,SELECTED,2.6225,0.585,0.5,1.0,1,SELECTED,1.42,0.66,0.0,1.0,0,BLOCKED,1.42,0.48,0.0,1.0,0,BLOCKED,1.42,0.705,0.0,1.0,0,BLOCKED,1.42,0.435,0.0,1.0,0,BLOCKED,1.42,0.525,0.0,1.0,0,BLOCKED,1.42,0.555,0.0,1.0,0,BLOCKED,1.42,0.495,0.0,1.0,0,BLOCKED
546,2.825,0.72,0.5,1.0,1,SELECTED,2.42,0.39,0.5,1.0,1,SELECTED,2.6225,0.585,0.5,1.0,1,SELECTED,1.42,0.66,0.0,1.0,0,BLOCKED,1.42,0.48,0.0,1.0,0,BLOCKED,1.42,0.705,0.0,1.0,0,BLOCKED,1.42,0.435,0.0,1.0,0,BLOCKED,1.42,0.525,0.0,1.0,0,BLOCKED,1.42,0.555,0.0,1.0,0,BLOCKED,1.42,0.495,0.0,1.0,0,BLOCKED
552,2.825,0.72,0.5,1.0,1,SELECTED,2.33,0.39,0.5,1.0,1,SELECTED,2.7125,0.585,0.5,1.0,1,SELECTED,1.42,0.66,0.0,1.0,0,BLOCKED,1.42,0.48,0.0,1.0,0,BLOCKED,1.42,0.705,0.0,1.0,0,BLOCKED,1.42,0.435,0.0,1.0,0,BLOCKED,1.42,0.525,0.0,1.0,0,BLOCKED,1.42,0.555,0.0,1.0,0,BLOCKED,1.42,0.495,0.0,1.0,0,BLOCKED
558,2.915,0.72,0.5,1.0,1,SELECTED,2.33,0.39,0.5,1.0,1,SELECTED,2.6225,0.585,0.5,1.0,1,SELECTED,1.42,0.66,0.0,1.0,0,BLOCKED,1.42,0.48,0.0,1.0,0,BLOCKED,1.42,0.705,0.0,1.0,0,BLOCKED,1.42,0.435,0.0,1.0,0,BLOCKED,1.42,0.525,0.0,1.0,0,BLOCKED,1.42,0.555,0.0,1.0,0,BLOCKED,1.42,0.495,0.0,1.0,0,BLOCKED
564,2.915,0.72,0.5,1.0,1,SELECTED,2.33,0.39,0.5,1.0,1,SELECTED,2.6225,0.585,0.5,1.0,1,SELECTED,1.42,0.66,0.0,1.0,0,BLOCKED,1.42,0.48,0.0,1.0,0,BLOCKED,1.42,0.705,0.0,1.0,0,BLOCKED,1.42,0.435,0.0,1.0,0,BLOCKED,1.42,0.525,0.0,1.0,0,BLOCKED,1.42,0.555,0.0,1.0,0,BLOCKED,1.42,0.495,0.0,1.0,0,BLOCKED
570,3.04,0.72,0.5,1.0,2,SELECTED,2.33,0.39,0.5,1.0,1,SELECTED,2.7125,0.585,0.5,1.0,1,SELECTED,1.42,0.66,0.0,1.0,0,BLOCKED,1.42,0.48,0.0,1.0,0,BLOCKED,1.42,0.705,0.0,1.0,0,BLOCKED,1.42,0.435,0.0,1.0,0,BLOCKED,1.42,0.525,0.0,1.0,0,BLOCKED,1.42,0.555,0.0,1.0,0,BLOCKED,1.42,0.495,0.0,1.0,0,BLOCKED
576,2.915,0.72,0.5,1.0,1,SELECTED,2.33,0.39,0.5,1.0,1,SELECTED,2.6225,0.585,0.5,1.0,1,SELECTED,1.42,0.66,0.0,1.0,0,BLOCKED,1.42,0.48,0.0,1.0,0,BLOCKED,1.42,0.705,0.0,1.0,0,BLOCKED,1.42,0.435,0.0,1.0,0,BLOCKED,1.42,0.525,0.0,1.0,0,BLOCKED,1.42,0.555,0.0,1.0,0,BLOCKED,1.42,0.495,0.0,1.0,0,BLOCKED
582,2.915,0.72,0.5,1.0,1,SELECTED,2.33,0.39,0.5,1.0,1,SELECTED,2.7125,0.585,0.5,1.0,1,SELECTED,1.42,0.66,0.0,1.0,0,BLOCKED,1.42,0.48,0.0,1.0,0,BLOCKED,1.42,0.705,0.0,1.0,0,BLOCKED,1.42,0.435,0.0,1.0,0,BLOCKED,1.42,0.525,0.0,1.0,0,BLOCKED,1.42,0.555,0.0,1.0,0,BLOCKED,1.42,0.495,0.0,1.0,0,BLOCKED
588,2.825,0.72,0.5,1.0,1,SELECTED,2.33,0.39,0.5,1.0,1,SELECTED,2.6225,0.585,0.5,1.0,1,SELECTED,1.42,0.66,0.0,1.0,0,BLOCKED,1.42,0.48,0.0,1.0,0,BLOCKED,1.42,0.705,0.0,1.0,0,BLOCKED,1.42,0.435,0.0,1.0,0,BLOCKED,1.42,0.525,0.0,1.0,0,BLOCKED,1.42,0.555,0.0,1.0,0,BLOCKED,1.42,0.495,0.0,1.0,0,BLOCKED
594,2.825,0.72,0.5,1.0,1,SELECTED,2.42,0.39,0.5,1.0,1,SELECTED,2.6225,0.585,0.5,1.0,1,SELECTED,1.42,0.66,0.0,1.0,0,BLOCKED,1.42,0.48,0.0,1.0,0,BLOCKED,1.42,0.705,0.0,1.0,0,BLOCKED,1.42,0.435,0.0,1.0,0,BLOCKED,1.42,0.525,0.0,1.0,0,BLOCKED,1.42,0.555,0.0,1.0,0,BLOCKED,1.42,0.495,0.0,1.0,0,BLOCKED
600,2.825,0.72,0.5,1.0,1,SELECTED,2.33,0.39,0.5,1.0,1,SELECTED,2.6225,0.585,0.5,1.0,1,SELECTED,1.42,0.66,0.0,1.0,0,BLOCKED,1.42,0.48,0.0,1.0,0,BLOCKED,1.42,0.705,0.0,1.0,0,BLOCKED,1.42,0.435,0.0,1.0,0,BLOCKED,1.42,0.525,0.0,1.0,0,BLOCKED,1.42,0.555,0.0,1.0,0,BLOCKED,1.42,0.495,0.0,1.0,0,BLOCKED
606,2.915,0.72,0.5,1.0,1,SELECTED,2.42,0.39,0.5,1.0,1,SELECTED,2.7125,0.585,0.5,1.0,1,SELECTED,1.42,0.66,0.0,1.0,0,BLOCKED,1.42,0.48,0.0,1.0,0,BLOCKED,1.42,0.705,0.0,1.0,0,BLOCKED,1.42,0.435,0.0,1.0,0,BLOCKED,1.42,0.525,0.0,1.0,0,BLOCKED,1.42,0.555,0.0,1.0,0,BLOCKED,1.42,0.495,0.0,1.0,0,BLOCKED
612,2.825,0.72,0.5,1.0,1,SELECTED,2.42,0.39,0.5,1.0,1,SELECTED,2.7125,0.585,0.5,1.0,1,SELECTED,1.42,0.66,0.0,1.0,0,BLOCKED,1.42,0.48,0.0,1.0,0,BLOCKED,1.42,0.705,0.0,1.0,0,BLOCKED,1.42,0.435,0.0,1.0,0,BLOCKED,1.42,0.525,0.0,1.0,0,BLOCKED,1.42,0.555,0.0,1.0,0,BLOCKED,1.42,0.495,0.0,1.0,0,BLOCKED
618,2.825,0.72,0.5,1.0,1,SELECTED,2.33,0.39,0.5,1.0,1,SELECTED,2.7125,0.585,0.5,1.0,1,SELECTED,1.42,0.66,0.0,1.0,0,BLOCKED,1.42,0.48,0.0,1.0,0,BLOCKED,1.42,0.705,0.0,1.0,0,BLOCKED,1.42,0.435,0.0,1.0,0,BLOCKED,1.42,0.525,0.0,1.0,0,BLOCKED,1.42,0.555,0.0,1.0,0,BLOCKED,1.42,0.495,0.0,1.0,0,BLOCKED
624,2.915,0.72,0.5,1.0,1,SELECTED,2.42,0.39,0.5,1.0,1,SELECTED,2.6225,0.585,0.5,1.0,1,SELECTED,1.42,0.66,0.0,1.0,0,BLOCKED,1.42,0.48,0.0,1.0,0,BLOCKED,1.42,0.705,0.0,1.0,0,BLOCKED,1.42,0.435,0.0,1.0,0,BLOCKED,1.42,0.525,0.0,1.0,0,BLOCKED,1.42,0.555,0.0,1.0,0,BLOCKED,1.42,0.495,0.0,1.0,0,BLOCKED
630,2.915,0.72,0.5,1.0,1,SELECTED,2.33,0.39,0.5,1.0,1,SELECTED,2.6225,0.585,0.5,1.0,1,SELECTED,1.42,0.66,0.0,1.0,0,BLOCKED,1.42,0.48,0.0,1.0,0,BLOCKED,1.42,0.705,0.0,1.0,0,BLOCKED,1.42,0.435,0.0,1.0,0,BLOCKED,1.42,0.525,0.0,1.0,0,BLOCKED,1.42,0.555,0.0,1.0,0,BLOCKED,1.42,0.495,0.0,1.0,0,BLOCKED
636,2.825,0.72,0.5,1.0,1,SELECTED,2.33,0.39,0.5,1.0,1,SELECTED,2.7475,0.585,0.5,1.0,2,SELECTED,1.42,0.66,0.0,1.0,0,BLOCKED,1.42,0.48,0.0,1.0,0,BLOCKED,1.42,0.705,0.0,1.0,0,BLOCKED,1.42,0.435,0.0,1.0,0,BLOCKED,1.42,0.525,0.0,1.0,0,BLOCKED,1.42,0.555,0.0,1.0,0,BLOCKED,1.42,0.495,0.0,1.0,0,BLOCKED
642,2.825,0.72,0.5,1.0,1,SELECTED,2.33,0.39,0.5,1.0,1,SELECTED,2.7125,0.585,0.5,1.0,1,SELECTED,1.42,0.66,0.0,1.0,0,BLOCKED,1.42,0.48,0.0,1.0,0,BLOCKED,1.42,0.705,0.0,1.0,0,BLOCKED,1.42,0.435,0.0,1.0,0,BLOCKED,1.42,0.525,0.0,1.0,0,BLOCKED,1.42,0.555,0.0,1.0,0,BLOCKED,1.42,0.495,0.0,1.0,0,BLOCKED
648,2.825,0.72,0.5,1.0,1,SELECTED,2.33,0.39,0.5,1.0,1,SELECTED,2.6225,0.585,0.5,1.0,1,SELECTED,1.42,0.66,0.0,1.0,0,BLOCKED,1.42,0.48,0.0,1.0,0,BLOCKED,1.42,0.705,0.0,1.0,0,BLOCKED,1.42,0.435,0.0,1.0,0,BLOCKED,1.42,0.525,0.0,1.0,0,BLOCKED,1.42,0.555,0.0,1.0,0,BLOCKED,1.42,0.495,0.0,1.0,0,BLOCKED
654,2.915,0.72,0.5,1.0,1,SELECTED,2.33,0.39,0.5,1.0,1,SELECTED,2.6225,0.585,0.5,1.0,1,SELECTED,1.42,0.66,0.0,1.0,0,BLOCKED,1.42,0.48,0.0,1.0,0,BLOCKED,1.42,0.705,0.0,1.0,0,BLOCKED,1.42,0.435,0.0,1.0,0,BLOCKED,1.42,0.525,0.0,1.0,0,BLOCKED,1.42,0.555,0.0,1.0,0,BLOCKED,1.42,0.495,0.0,1.0,0,BLOCKED
660,2.825,0.72,0.5,1.0,1,SELECTED,2.33,0.39,0.5,1.0,1,SELECTED,2.7125,0.585,0.5,1.0,1,SELECTED,1.42,0.66,0.0,1.0,0,BLOCKED,1.42,0.48,0.0,1.0,0,BLOCKED,1.42,0.705,0.0,1.0,0,BLOCKED,1.42,0.435,0.0,1.0,0,BLOCKED,1.42,0.525,0.0,1.0,0,BLOCKED,1.42,0.555,0.0,1.0,0,BLOCKED,1.42,0.495,0.0,1.0,0,BLOCKED
666,2.825,0.72,0.5,1.0,1,SELECTED,2.33,0.39,0.5,1.0,1,SELECTED,2.6225,0.585,0.5,1.0,1,SELECTED,1.42,0.66,0.0,1.0,0,BLOCKED,1.42,0.48,0.0,1.0,0,BLOCKED,1.42,0.705,0.0,1.0,0,BLOCKED,1.42,0.435,0.0,1.0,0,BLOCKED,1.42,0.525,0.0,1.0,0,BLOCKED,1.42,0.555,0.0,1.0,0,BLOCKED,1.42,0.495,0.0,1.0,0,BLOCKED
672,2.915,0.72,0.5,1.0,1,SELECTED,2.33,0.39,0.5,1.0,1,SELECTED,2.6225,0.585,0.5,1.0,1,SELECTED,1.42,0.66,0.0,1.0,0,BLOCKED,1.42,0.48,0.0,1.0,0,BLOCKED,1.42,0.705,0.0,1.0,0,BLOCKED,1.42,0.435,0.0,1.0,0,BLOCKED,1.42,0.525,0.0,1.0,0,BLOCKED,1.42,0.555,0.0,1.0,0,BLOCKED,1.42,0.495,0.0,1.0,0,BLOCKED
678,2.825,0.72,0.5,1.0,1,SELECTED,2.42,0.39,0.5,1.0,1,SELECTED,2.6225,0.585,0.5,1.0,1,SELECTED,1.42,0.66,0.0,1.0,0,BLOCKED,1.42,0.48,0.0,1.0,0,BLOCKED,1.42,0.705,0.0,1.0,0,BLOCKED,1.42,0.435,0.0,1.0,0,BLOCKED,1.42,0.525,0.0,1.0,0,BLOCKED,1.42,0.555,0.0,1.0,0,BLOCKED,1.42,0.495,0.0,1.0,0,BLOCKED
684,2.915,0.72,0.5,1.0,1,SELECTED,2.33,0.39,0.5,1.0,1,SELECTED,2.6225,0.585,0.5,1.0,1,SELECTED,1.42,0.66,0.0,1.0,0,BLOCKED,1.42,0.48,0.0,1.0,0,BLOCKED,1.42,0.705,0.0,1.0,0,BLOCKED,1.42,0.435,0.0,1.0,0,BLOCKED,1.42,0.525,0.0,1.0,0,BLOCKED,1.42,0.555,0.0,1.0,0,BLOCKED,1.42,0.495,0.0,1.0,0,BLOCKED
690,2.825,0.72,0.5,1.0,1,SELECTED,2.42,0.39,0.5,1.0,1,SELECTED,2.6225,0.585,0.5,1.0,1,SELECTED,1.42,0.66,0.0,1.0,0,BLOCKED,1.42,0.48,0.0,1.0,0,BLOCKED,1.42,0.705,0.0,1.0,0,BLOCKED,1.42,0.435,0.0,1.0,0,BLOCKED,1.42,0.525,0.0,1.0,0,BLOCKED,1.42,0.555,0.0,1.0,0,BLOCKED,1.42,0.495,0.0,1.0,0,BLOCKED
696,2.825,0.72,0.5,1.0,1,SELECTED,2.42,0.39,0.5,1.0,1,SELECTED,2.6225,0.585,0.5,1.0,1,SELECTED,1.42,0.66,0.0,1.0,0,BLOCKED,1.42,0.48,0.0,1.0,0,BLOCKED,1.42,0.705,0.0,1.0,0,BLOCKED,1.42,0.435,0.0,1.0,0,BLOCKED,1.42,0.525,0.0,1.0,0,BLOCKED,1.42,0.555,0.0,1.0,0,BLOCKED,1.42,0.495,0.0,1.0,0,BLOCKED
702,2.915,0.72,0.5,1.0,1,SELECTED,2.33,0.39,0.5,1.0,1,SELECTED,2.7125,0.585,0.5,1.0,1,SELECTED,1.42,0.66,0.0,1.0,0,BLOCKED,1.42,0.48,0.0,1.0,0,BLOCKED,1.42,0.705,0.0,1.0,0,BLOCKED,1.42,0.435,0.0,1.0,0,BLOCKED,1.42,0.525,0.0,1.0,0,BLOCKED,1.42,0.555,0.0,1.0,0,BLOCKED,1.42,0.495,0.0,1.0,0,BLOCKED
708,2.915,0.72,0.5,1.0,1,SELECTED,2.42,0.39,0.5,1.0,1,SELECTED,2.7125,0.585,0.5,1.0,1,SELECTED,1.42,0.66,0.0,1.0,0,BLOCKED,1.42,0.48,0.0,1.0,0,BLOCKED,1.42,0.705,0.0,1.0,0,BLOCKED,1.42,0.435,0.0,1.0,0,BLOCKED,1.42,0.525,0.0,1.0,0,BLOCKED,1.42,0.555,0.0,1.0,0,BLOCKED,1.42,0.495,0.0,1.0,0,BLOCKED
714,2.825,0.72,0.5,1.0,1,SELECTED,2.33,0.39,0.5,1.0,1,SELECTED,2.7125,0.585,0.5,1.0,1,SELECTED,1.42,0.66,0.0,1.0,0,BLOCKED,1.42,0.48,0.0,1.0,0,BLOCKED,1.42,0.705,0.0,1.0,0,BLOCKED,1.42,0.435,0.0,1.0,0,BLOCKED,1.42,0.525,0.0,1.0,0,BLOCKED,1.42,0.555,0.0,1.0,0,BLOCKED,1.42,0.495,0.0,1.0,0,BLOCKED
720,2.6,0.51,0.5,1.0,1,SELECTED,2.42,0.39,0.5,1.0,1,SELECTED,2.6225,0.585,0.5,1.0,1,SELECTED,1.42,0.66,0.0,1.0,0,BLOCKED,1.42,0.48,0.0,1.0,0,BLOCKED,1.42,0.705,0.0,1.0,0,BLOCKED,1.42,0.435,0.0,1.0,0,BLOCKED,1.42,0.54,0.0,1.0,0,BLOCKED,1.42,0.555,0.0,1.0,0,BLOCKED,1.42,0.495,0.0,1.0,0,BLOCKED
726,2.51,0.51,0.5,1.0,1,SELECTED,2.42,0.39,0.5,1.0,1,SELECTED,2.7125,0.585,0.5,1.0,1,SELECTED,1.42,0.66,0.0,1.0,0,BLOCKED,1.42,0.48,0.0,1.0,0,BLOCKED,1.42,0.705,0.0,1.0,0,BLOCKED,1.42,0.435,0.0,1.0,0,BLOCKED,1.42,0.54,0.0,1.0,0,BLOCKED,1.42,0.555,0.0,1.0,0,BLOCKED,1.42,0.495,0.0,1.0,0,BLOCKED
732,2.6,0.51,0.5,1.0,1,SELECTED,2.42,0.39,0.5,1.0,1,SELECTED,2.7125,0.585,0.5,1.0,1,SELECTED,1.42,0.66,0.0,1.0,0,BLOCKED,1.42,0.48,0.0,1.0,0,BLOCKED,1.42,0.705,0.0,1.0,0,BLOCKED,1.42,0.435,0.0,1.0,0,BLOCKED,1.42,0.54,0.0,1.0,0,BLOCKED,1.42,0.555,0.0,1.0,0,BLOCKED,1.42,0.495,0.0,1.0,0,BLOCKED
738,2.51,0.51,0.5,1.0,1,SELECTED,2.33,0.39,0.5,1.0,1,SELECTED,2.8375,0.585,0.5,1.0,2,SELECTED,1.42,0.66,0.0,1.0,0,BLOCKED,1.42,0.48,0.0,1.0,0,BLOCKED,1.42,0.705,0.0,1.0,0,BLOCKED,1.42,0.435,0.0,1.0,0,BLOCKED,1.42,0.54,0.0,1.0,0,BLOCKED,1.42,0.555,0.0,1.0,0,BLOCKED,1.42,0.495,0.0,1.0,0,BLOCKED
744,2.51,0.51,0.5,1.0,1,SELECTED,2.42,0.39,0.5,1.0,1,SELECTED,2.6225,0.585,0.5,1.0,1,SELECTED,1.42,0.66,0.0,1.0,0,BLOCKED,1.42,0.48,0.0,1.0,0,BLOCKED,1.42,0.705,0.0,1.0,0,BLOCKED,1.42,0.435,0.0,1.0,0,BLOCKED,1.42,0.54,0.0,1.0,0,BLOCKED,1.42,0.555,0.0,1.0,0,BLOCKED,1.42,0.495,0.0,1.0,0,BLOCKED
750,2.51,0.51,0.5,1.0,1,SELECTED,2.33,0.39,0.5,1.0,1,SELECTED,2.7125,0.585,0.5,1.0,1,SELECTED,1.42,0.66,0.0,1.0,0,BLOCKED,1.42,0.48,0.0,1.0,0,BLOCKED,1.42,0.705,0.0,1.0,0,BLOCKED,1.42,0.435,0.0,1.0,0,BLOCKED,1.42,0.54,0.0,1.0,0,BLOCKED,1.42,0.555,0.0,1.0,0,BLOCKED,1.42,0.495,0.0,1.0,0,BLOCKED
756,2.6,0.51,0.5,1.0,1,SELECTED,2.33,0.39,0.5,1.0,1,SELECTED,2.6225,0.585,0.5,1.0,1,SELECTED,1.42,0.66,0.0,1.0,0,BLOCKED,1.42,0.48,0.0,1.0,0,BLOCKED,1.42,0.705,0.0,1.0,0,BLOCKED,1.42,0.435,0.0,1.0,0,BLOCKED,1.42,0.54,0.0,1.0,0,BLOCKED,1.42,0.555,0.0,1.0,0,BLOCKED,1.42,0.495,0.0,1.0,0,BLOCKED
762,2.51,0.51,0.5,1.0,1,SELECTED,2.33,0.39,0.5,1.0,1,SELECTED,2.7125,0.585,0.5,1.0,1,SELECTED,1.42,0.66,0.0,1.0,0,BLOCKED,1.42,0.48,0.0,1.0,0,BLOCKED,1.42,0.705,0.0,1.0,0,BLOCKED,1.42,0.435,0.0,1.0,0,BLOCKED,1.42,0.54,0.0,1.0,0,BLOCKED,1.42,0.555,0.0,1.0,0,BLOCKED,1.42,0.495,0.0,1.0,0,BLOCKED
768,2.51,0.51,0.5,1.0,1,SELECTED,2.42,0.39,0.5,1.0,1,SELECTED,2.7125,0.585,0.5,1.0,1,SELECTED,1.42,0.66,0.0,1.0,0,BLOCKED,1.42,0.48,0.0,1.0,0,BLOCKED,1.42,0.705,0.0,1.0,0,BLOCKED,1.42,0.435,0.0,1.0,0,BLOCKED,1.42,0.54,0.0,1.0,0,BLOCKED,1.42,0.555,0.0,1.0,0,BLOCKED,1.42,0.495,0.0,1.0,0,BLOCKED
774,2.51,0.51,0.5,1.0,1,SELECTED,2.42,0.39,0.5,1.0,1,SELECTED,2.8375,0.585,0.5,1.0,2,SELECTED,1.42,0.66,0.0,1.0,0,BLOCKED,1.42,0.48,0.0,1.0,0,BLOCKED,1.42,0.705,0.0,1.0,0,BLOCKED,1.42,0.435,0.0,1.0,0,BLOCKED,1.42,0.54,0.0,1.0,0,BLOCKED,1.42,0.555,0.0,1.0,0,BLOCKED,1.42,0.495,0.0,1.0,0,BLOCKED
780,2.51,0.51,0.5,1.0,1,SELECTED,2.33,0.39,0.5,1.0,1,SELECTED,2.6225,0.585,0.5,1.0,1,SELECTED,1.42,0.66,0.0,1.0,0,BLOCKED,1.42,0.48,0.0,1.0,0,BLOCKED,1.42,0.705,0.0,1.0,0,BLOCKED,1.42,0.435,0.0,1.0,0,BLOCKED,1.42,0.54,0.0,1.0,0,BLOCKED,1.42,0.555,0.0,1.0,0,BLOCKED,1.42,0.495,0.0,1.0,0,BLOCKED
786,2.6,0.51,0.5,1.0,1,SELECTED,2.33,0.39,0.5,1.0,1,SELECTED,2.6225,0.585,0.5,1.0,1,SELECTED,1.42,0.66,0.0,1.0,0,BLOCKED,1.42,0.48,0.0,1.0,0,BLOCKED,1.42,0.705,0.0,1.0,0,BLOCKED,1.42,0.435,0.0,1.0,0,BLOCKED,1.42,0.54,0.0,1.0,0,BLOCKED,1.42,0.555,0.0,1.0,0,BLOCKED,1.42,0.495,0.0,1.0,0,BLOCKED
792,2.51,0.51,0.5,1.0,1,SELECTED,2.42,0.39,0.5,1.0,1,SELECTED,2.6225,0.585,0.5,1.0,1,SELECTED,1.42,0.66,0.0,1.0,0,BLOCKED,1.42,0.48,0.0,1.0,0,BLOCKED,1.42,0.705,0.0,1.0,0,BLOCKED,1.42,0.435,0.0,1.0,0,BLOCKED,1.42,0.54,0.0,1.0,0,BLOCKED,1.42,0.555,0.0,1.0,0,BLOCKED,1.42,0.495,0.0,1.0,0,BLOCKED
798,2.51,0.51,0.5,1.0,1,SELECTED,2.33,0.39,0.5,1.0,1,SELECTED,2.6225,0.585,0.5,1.0,1,SELECTED,1.42,0.66,0.0,1.0,0,BLOCKED,1.42,0.48,0.0,1.0,0,BLOCKED,1.42,0.705,0.0,1.0,0,BLOCKED,1.42,0.435,0.0,1.0,0,BLOCKED,1.42,0.54,0.0,1.0,0,BLOCKED,1.42,0.555,0.0,1.0,0,BLOCKED,1.42,0.495,0.0,1.0,0,BLOCKED
804,2.6,0.51,0.5,1.0,1,SELECTED,2.33,0.39,0.5,1.0,1,SELECTED,2.7125,0.585,0.5,1.0,1,SELECTED,1.42,0.66,0.0,1.0,0,BLOCKED,1.42,0.48,0.0,1.0,0,BLOCKED,1.42,0.705,0.0,1.0,0,BLOCKED,1.42,0.435,0.0,1.0,0,BLOCKED,1.42,0.54,0.0,1.0,0,BLOCKED,1.42,0.555,0.0,1.0,0,BLOCKED,1.42,0.495,0.0,1.0,0,BLOCKED
810,2.51,0.51,0.5,1.0,1,SELECTED,2.33,0.39,0.5,1.0,1,SELECTED,2.7125,0.585,0.5,1.0,1,SELECTED,1.42,0.66,0.0,1.0,0,BLOCKED,1.42,0.48,0.0,1.0,0,BLOCKED,1.42,0.705,0.0,1.0,0,BLOCKED,1.42,0.435,0.0,1.0,0,BLOCKED,1.42,0.54,0.0,1.0,0,BLOCKED,1.42,0.555,0.0,1.0,0,BLOCKED,1.42,0.495,0.0,1.0,0,BLOCKED
816,2.6,0.51,0.5,1.0,1,SELECTED,2.33,0.39,0.5,1.0,1,SELECTED,2.7125,0.585,0.5,1.0,1,SELECTED,1.42,0.66,0.0,1.0,0,BLOCKED,1.42,0.48,0.0,1.0,0,BLOCKED,1.42,0.705,0.0,1.0,0,BLOCKED,1.42,0.435,0.0,1.0,0,BLOCKED,1.42,0.54,0.0,1.0,0,BLOCKED,1.42,0.555,0.0,1.0,0,BLOCKED,1.42,0.495,0.0,1.0,0,BLOCKED
822,2.51,0.51,0.5,1.0,1,SELECTED,2.33,0.39,0.5,1.0,1,SELECTED,2.6225,0.585,0.5,1.0,1,SELECTED,1.42,0.66,0.0,1.0,0,BLOCKED,1.42,0.48,0.0,1.0,0,BLOCKED,1.42,0.705,0.0,1.0,0,BLOCKED,1.42,0.435,0.0,1.0,0,BLOCKED,1.42,0.54,0.0,1.0,0,BLOCKED,1.42,0.555,0.0,1.0,0,BLOCKED,1.42,0.495,0.0,1.0,0,BLOCKED
828,2.51,0.51,0.5,1.0,1,SELECTED,2.33,0.39,0.5,1.0,1,SELECTED,2.6225,0.585,0.5,1.0,1,SELECTED,1.42,0.66,0.0,1.0,0,BLOCKED,1.42,0.48,0.0,1.0,0,BLOCKED,1.42,0.705,0.0,1.0,0,BLOCKED,1.42,0.435,0.0,1.0,0,BLOCKED,1.42,0.54,0.0,1.0,0,BLOCKED,1.42,0.555,0.0,1.0,0,BLOCKED,1.42,0.495,0.0,1.0,0,BLOCKED
834,2.51,0.51,0.5,1.0,1,SELECTED,2.42,0.39,0.5,1.0,1,SELECTED,2.6225,0.585,0.5,1.0,1,SELECTED,1.42,0.66,0.0,1.0,0,BLOCKED,1.42,0.48,0.0,1.0,0,BLOCKED,1.42,0.705,0.0,1.0,0,BLOCKED,1.42,0.435,0.0,1.0,0,BLOCKED,1.42,0.54,0.0,1.0,0,BLOCKED,1.42,0.555,0.0,1.0,0,BLOCKED,1.42,0.495,0.0,1.0,0,BLOCKED
840,2.51,0.51,0.5,1.0,1,SELECTED,2.33,0.39,0.5,1.0,1,SELECTED,2.7125,0.585,0.5,1.0,1,SELECTED,1.42,0.66,0.0,1.0,0,BLOCKED,1.42,0.48,0.0,1.0,0,BLOCKED,1.42,0.705,0.0,1.0,0,BLOCKED,1.42,0.435,0.0,1.0,0,BLOCKED,1.42,0.54,0.0,1.0,0,BLOCKED,1.42,0.555,0.0,1.0,0,BLOCKED,1.42,0.495,0.0,1.0,0,BLOCKED
846,2.6,0.51,0.5,1.0,1,SELECTED,2.42,0.39,0.5,1.0,1,SELECTED,2.7125,0.585,0.5,1.0,1,SELECTED,1.42,0.66,0.0,1.0,0,BLOCKED,1.42,0.48,0.0,1.0,0,BLOCKED,1.42,0.705,0.0,1.0,0,BLOCKED,1.42,0.435,0.0,1.0,0,BLOCKED,1.42,0.54,0.0,1.0,0,BLOCKED,1.42,0.555,0.0,1.0,0,BLOCKED,1.42,0.495,0.0,1.0,0,BLOCKED
852,2.6,0.51,0.5,1.0,1,SELECTED,2.33,0.39,0.5,1.0,1,SELECTED,2.6225,0.585,0.5,1.0,1,SELECTED,1.42,0.66,0.0,1.0,0,BLOCKED,1.42,0.48,0.0,1.0,0,BLOCKED,1.42,0.705,0.0,1.0,0,BLOCKED,1.42,0.435,0.0,1.0,0,BLOCKED,1.42,0.54,0.0,1.0,0,BLOCKED,1.42,0.555,0.0,1.0,0,BLOCKED,1.42,0.495,0.0,1.0,0,BLOCKED
858,2.51,0.51,0.5,1.0,1,SELECTED,2.42,0.39,0.5,1.0,1,SELECTED,2.6225,0.585,0.5,1.0,1,SELECTED,1.42,0.66,0.0,1.0,0,BLOCKED,1.42,0.48,0.0,1.0,0,BLOCKED,1.42,0.705,0.0,1.0,0,BLOCKED,1.42,0.435,0.0,1.0,0,BLOCKED,1.42,0.54,0.0,1.0,0,BLOCKED,1.42,0.555,0.0,1.0,0,BLOCKED,1.42,0.495,0.0,1.0,0,BLOCKED
864,2.51,0.51,0.5,1.0,1,SELECTED,2.42,0.39,0.5,1.0,1,SELECTED,2.6225,0.585,0.5,1.0,1,SELECTED,1.42,0.66,0.0,1.0,0,BLOCKED,1.42,0.48,0.0,1.0,0,BLOCKED,1.42,0.705,0.0,1.0,0,BLOCKED,1.42,0.435,0.0,1.0,0,BLOCKED,1.42,0.54,0.0,1.0,0,BLOCKED,1.42,0.555,0.0,1.0,0,BLOCKED,1.42,0.495,0.0,1.0,0,BLOCKED
870,2.6,0.51,0.5,1.0,1,SELECTED,2.33,0.39,0.5,1.0,1,SELECTED,2.7125,0.585,0.5,1.0,1,SELECTED,1.42,0.66,0.0,1.0,0,BLOCKED,1.42,0.48,0.0,1.0,0,BLOCKED,1.42,0.705,0.0,1.0,0,BLOCKED,1.42,0.435,0.0,1.0,0,BLOCKED,1.42,0.54,0.0,1.0,0,BLOCKED,1.42,0.555,0.0,1.0,0,BLOCKED,1.42,0.495,0.0,1.0,0,BLOCKED
876,2.51,0.51,0.5,1.0,1,SELECTED,2.33,0.39,0.5,1.0,1,SELECTED,2.6225,0.585,0.5,1.0,1,SELECTED,1.42,0.66,0.0,1.0,0,BLOCKED,1.42,0.48,0.0,1.0,0,BLOCKED,1.42,0.705,0.0,1.0,0,BLOCKED,1.42,0.435,0.0,1.0,0,BLOCKED,1.42,0.54,0.0,1.0,0,BLOCKED,1.42,0.555,0.0,1.0,0,BLOCKED,1.42,0.495,0.0,1.0,0,BLOCKED
882,2.51,0.51,0.5,1.0,1,SELECTED,2.42,0.39,0.5,1.0,1,SELECTED,2.6225,0.585,0.5,1.0,1,SELECTED,1.42,0.66,0.0,1.0,0,BLOCKED,1.42,0.48,0.0,1.0,0,BLOCKED,1.42,0.705,0.0,1.0,0,BLOCKED,1.42,0.435,0.0,1.0,0,BLOCKED,1.42,0.54,0.0,1.0,0,BLOCKED,1.42,0.555,0.0,1.0,0,BLOCKED,1.42,0.495,0.0,1.0,0,BLOCKED
888,2.51,0.51,0.5,1.0,1,SELECTED,2.33,0.39,0.5,1.0,1,SELECTED,2.7125,0.585,0.5,1.0,1,SELECTED,1.42,0.66,0.0,1.0,0,BLOCKED,1.42,0.48,0.0,1.0,0,BLOCKED,1.42,0.705,0.0,1.0,0,BLOCKED,1.42,0.435,0.0,1.0,0,BLOCKED,1.42,0.54,0.0,1.0,0,BLOCKED,1.42,0.555,0.0,1.0,0,BLOCKED,1.42,0.495,0.0,1.0,0,BLOCKED
894,2.51,0.51,0.5,1.0,1,SELECTED,2.33,0.39,0.5,1.0,1,SELECTED,2.6225,0.585,0.5,1.0,1,SELECTED,1.42,0.66,0.0,1.0,0,BLOCKED,1.42,0.48,0.0,1.0,0,BLOCKED,1.42,0.705,0.0,1.0,0,BLOCKED,1.42,0.435,0.0,1.0,0,BLOCKED,1.42,0.54,0.0,1.0,0,BLOCKED,1.42,0.555,0.0,1.0,0,BLOCKED,1.42,0.495,0.0,1.0,0,BLOCKED
900,2.6,0.51,0.5,1.0,1,SELECTED,2.42,0.39,0.5,1.0,1,SELECTED,2.6225,0.585,0.5,1.0,1,SELECTED,1.42,0.66,0.0,1.0,0,BLOCKED,1.42,0.48,0.0,1.0,0,BLOCKED,1.42,0.705,0.0,1.0,0,BLOCKED,1.42,0.435,0.0,1.0,0,BLOCKED,1.42,0.54,0.0,1.0,0,BLOCKED,1.42,0.555,0.0,1.0,0,BLOCKED,1.42,0.495,0.0,1.0,0,BLOCKED
906,2.51,0.51,0.5,1.0,1,SELECTED,2.42,0.39,0.5,1.0,1,SELECTED,2.7125,0.585,0.5,1.0,1,SELECTED,1.42,0.66,0.0,1.0,0,BLOCKED,1.42,0.48,0.0,1.0,0,BLOCKED,1.42,0.705,0.0,1.0,0,BLOCKED,1.42,0.435,0.0,1.0,0,BLOCKED,1.42,0.54,0.0,1.0,0,BLOCKED,1.42,0.555,0.0,1.0,0,BLOCKED,1.42,0.495,0.0,1.0,0,BLOCKED
912,2.51,0.51,0.5,1.0,1,SELECTED,2.545,0.39,0.5,1.0,2,SELECTED,2.6225,0.585,0.5,1.0,1,SELECTED,1.42,0.66,0.0,1.0,0,BLOCKED,1.42,0.48,0.0,1.0,0,BLOCKED,1.42,0.705,0.0,1.0,0,BLOCKED,1.42,0.435,0.0,1.0,0,BLOCKED,1.42,0.54,0.0,1.0,0,BLOCKED,1.42,0.555,0.0,1.0,0,BLOCKED,1.42,0.495,0.0,1.0,0,BLOCKED
918,2.51,0.51,0.5,1.0,1,SELECTED,2.42,0.39,0.5,1.0,1,SELECTED,2.7125,0.585,0.5,1.0,1,SELECTED,1.42,0.66,0.0,1.0,0,BLOCKED,1.42,0.48,0.0,1.0,0,BLOCKED,1.42,0.705,0.0,1.0,0,BLOCKED,1.42,0.435,0.0,1.0,0,BLOCKED,1.42,0.54,0.0,1.0,0,BLOCKED,1.42,0.555,0.0,1.0,0,BLOCKED,1.42,0.495,0.0,1.0,0,BLOCKED
924,2.6,0.51,0.5,1.0,1,SELECTED,2.33,0.39,0.5,1.0,1,SELECTED,2.6225,0.585,0.5,1.0,1,SELECTED,1.42,0.66,0.0,1.0,0,BLOCKED,1.42,0.48,0.0,1.0,0,BLOCKED,1.42,0.705,0.0,1.0,0,BLOCKED,1.42,0.435,0.0,1.0,0,BLOCKED,1.42,0.54,0.0,1.0,0,BLOCKED,1.42,0.555,0.0,1.0,0,BLOCKED,1.42,0.495,0.0,1.0,0,BLOCKED
930,2.51,0.51,0.5,1.0,1,SELECTED,2.42,0.39,0.5,1.0,1,SELECTED,2.7125,0.585,0.5,1.0,1,SELECTED,1.42,0.66,0.0,1.0,0,BLOCKED,1.42,0.48,0.0,1.0,0,BLOCKED,1.42,0.705,0.0,1.0,0,BLOCKED,1.42,0.435,0.0,1.0,0,BLOCKED,1.42,0.54,0.0,1.0,0,BLOCKED,1.42,0.555,0.0,1.0,0,BLOCKED,1.42,0.495,0.0,1.0,0,BLOCKED
936,2.51,0.51,0.5,1.0,1,SELECTED,2.33,0.39,0.5,1.0,1,SELECTED,2.6225,0.585,0.5,1.0,1,SELECTED,1.42,0.66,0.0,1.0,0,BLOCKED,1.42,0.48,0.0,1.0,0,BLOCKED,1.42,0.705,0.0,1.0,0,BLOCKED,1.42,0.435,0.0,1.0,0,BLOCKED,1.42,0.54,0.0,1.0,0,BLOCKED,1.42,0.555,0.0,1.0,0,BLOCKED,1.42,0.495,0.0,1.0,0,BLOCKED
942,2.51,0.51,0.5,1.0,1,SELECTED,2.33,0.39,0.5,1.0,1,SELECTED,2.6225,0.585,0.5,1.0,1,SELECTED,1.42,0.66,0.0,1.0,0,BLOCKED,1.42,0.48,0.0,1.0,0,BLOCKED,1.42,0.705,0.0,1.0,0,BLOCKED,1.42,0.435,0.0,1.0,0,BLOCKED,1.42,0.54,0.0,1.0,0,BLOCKED,1.42,0.555,0.0,1.0,0,BLOCKED,1.42,0.495,0.0,1.0,0,BLOCKED
948,2.51,0.51,0.5,1.0,1,SELECTED,2.33,0.39,0.5,1.0,1,SELECTED,2.7125,0.585,0.5,1.0,1,SELECTED,1.42,0.66,0.0,1.0,0,BLOCKED,1.42,0.48,0.0,1.0,0,BLOCKED,1.42,0.705,0.0,1.0,0,BLOCKED,1.42,0.435,0.0,1.0,0,BLOCKED,1.42,0.54,0.0,1.0,0,BLOCKED,1.42,0.555,0.0,1.0,0,BLOCKED,1.42,0.495,0.0,1.0,0,BLOCKED
954,2.51,0.51,0.5,1.0,1,SELECTED,2.33,0.39,0.5,1.0,1,SELECTED,2.6225,0.585,0.5,1.0,1,SELECTED,1.42,0.66,0.0,1.0,0,BLOCKED,1.42,0.48,0.0,1.0,0,BLOCKED,1.42,0.705,0.0,1.0,0,BLOCKED,1.42,0.435,0.0,1.0,0,BLOCKED,1.42,0.54,0.0,1.0,0,BLOCKED,1.42,0.555,0.0,1.0,0,BLOCKED,1.42,0.495,0.0,1.0,0,BLOCKED
960,2.6,0.51,0.5,1.0,1,SELECTED,2.455,0.39,0.5,1.0,2,SELECTED,2.6225,0.585,0.5,1.0,1,SELECTED,1.42,0.66,0.0,1.0,0,BLOCKED,1.42,0.48,0.0,1.0,0,BLOCKED,1.42,0.705,0.0,1.0,0,BLOCKED,1.42,0.435,0.0,1.0,0,BLOCKED,1.42,0.54,0.0,1.0,0,BLOCKED,1.42,0.555,0.0,1.0,0,BLOCKED,1.42,0.495,0.0,1.0,0,BLOCKED
966,2.6,0.51,0.5,1.0,1,SELECTED,2.33,0.39,0.5,1.0,1,SELECTED,2.6225,0.585,0.5,1.0,1,SELECTED,1.42,0.66,0.0,1.0,0,BLOCKED,1.42,0.48,0.0,1.0,0,BLOCKED,1.42,0.705,0.0,1.0,0,BLOCKED,1.42,0.435,0.0,1.0,0,BLOCKED,1.42,0.54,0.0,1.0,0,BLOCKED,1.42,0.555,0.0,1.0,0,BLOCKED,1.42,0.495,0.0,1.0,0,BLOCKED
972,2.6,0.51,0.5,1.0,1,SELECTED,2.33,0.39,0.5,1.0,1,SELECTED,2.7125,0.585,0.5,1.0,1,SELECTED,1.42,0.66,0.0,1.0,0,BLOCKED,1.42,0.48,0.0,1.0,0,BLOCKED,1.42,0.705,0.0,1.0,0,BLOCKED,1.42,0.435,0.0,1.0,0,BLOCKED,1.42,0.54,0.0,1.0,0,BLOCKED,1.42,0.555,0.0,1.0,0,BLOCKED,1.42,0.495,0.0,1.0,0,BLOCKED
978,2.51,0.51,0.5,1.0,1,SELECTED,2.33,0.39,0.5,1.0,1,SELECTED,2.6225,0.585,0.5,1.0,1,SELECTED,1.42,0.66,0.0,1.0,0,BLOCKED,1.42,0.48,0.0,1.0,0,BLOCKED,1.42,0.705,0.0,1.0,0,BLOCKED,1.42,0.435,0.0,1.0,0,BLOCKED,1.42,0.54,0.0,1.0,0,BLOCKED,1.42,0.555,0.0,1.0,0,BLOCKED,1.42,0.495,0.0,1.0,0,BLOCKED
984,2.6,0.51,0.5,1.0,1,SELECTED,2.33,0.39,0.5,1.0,1,SELECTED,2.6225,0.585,0.5,1.0,1,SELECTED,1.42,0.66,0.0,1.0,0,BLOCKED,1.42,0.48,0.0,1.0,0,BLOCKED,1.42,0.705,0.0,1.0,0,BLOCKED,1.42,0.435,0.0,1.0,0,BLOCKED,1.42,0.54,0.0,1.0,0,BLOCKED,1.42,0.555,0.0,1.0,0,BLOCKED,1.42,0.495,0.0,1.0,0,BLOCKED
990,2.51,0.51,0.5,1.0,1,SELECTED,2.33,0.39,0.5,1.0,1,SELECTED,2.6225,0.585,0.5,1.0,1,SELECTED,1.42,0.66,0.0,1.0,0,BLOCKED,1.42,0.48,0.0,1.0,0,BLOCKED,1.42,0.705,0.0,1.0,0,BLOCKED,1.42,0.435,0.0,1.0,0,BLOCKED,1.42,0.54,0.0,1.0,0,BLOCKED,1.42,0.555,0.0,1.0,0,BLOCKED,1.42,0.495,0.0,1.0,0,BLOCKED
996,2.51,0.51,0.5,1.0,1,SELECTED,2.33,0.39,0.5,1.0,1,SELECTED,2.6225,0.585,0.5,1.0,1,SELECTED,1.42,0.66,0.0,1.0,0,BLOCKED,1.42,0.48,0.0,1.0,0,BLOCKED,1.42,0.705,0.0,1.0,0,BLOCKED,1.42,0.435,0.0,1.0,0,BLOCKED,1.42,0.54,0.0,1.0,0,BLOCKED,1.42,0.555,0.0,1.0,0,BLOCKED,1.42,0.495,0.0,1.0,0,BLOCKED
1002,2.6,0.51,0.5,1.0,1,SELECTED,2.42,0.39,0.5,1.0,1,SELECTED,2.7125,0.585,0.5,1.0,1,SELECTED,1.42,0.66,0.0,1.0,0,BLOCKED,1.42,0.48,0.0,1.0,0,BLOCKED,1.42,0.705,0.0,1.0,0,BLOCKED,1.42,0.435,0.0,1.0,0,BLOCKED,1.42,0.54,0.0,1.0,0,BLOCKED,1.42,0.555,0.0,1.0,0,BLOCKED,1.42,0.495,0.0,1.0,0,BLOCKED
1008,2.6,0.51,0.5,1.0,1,SELECTED,2.33,0.39,0.5,1.0,1,SELECTED,2.6225,0.585,0.5,1.0,1,SELECTED,1.42,0.66,0.0,1.0,0,BLOCKED,1.42,0.48,0.0,1.0,0,BLOCKED,1.42,0.705,0.0,1.0,0,BLOCKED,1.42,0.435,0.0,1.0,0,BLOCKED,1.42,0.54,0.0,1.0,0,BLOCKED,1.42,0.555,0.0,1.0,0,BLOCKED,1.42,0.495,0.0,1.0,0,BLOCKED
1014,2.51,0.51,0.5,1.0,1,SELECTED,2.33,0.39,0.5,1.0,1,SELECTED,2.7125,0.585,0.5,1.0,1,SELECTED,1.42,0.66,0.0,1.0,0,BLOCKED,1.42,0.48,0.0,1.0,0,BLOCKED,1.42,0.705,0.0,1.0,0,BLOCKED,1.42,0.435,0.0,1.0,0,BLOCKED,1.42,0.54,0.0,1.0,0,BLOCKED,1.42,0.555,0.0,1.0,0,BLOCKED,1.42,0.495,0.0,1.0,0,BLOCKED
1020,2.6,0.51,0.5,1.0,1,SELECTED,2.33,0.39,0.5,1.0,1,SELECTED,2.6225,0.585,0.5,1.0,1,SELECTED,1.42,0.66,0.0,1.0,0,BLOCKED,1.42,0.48,0.0,1.0,0,BLOCKED,1.42,0.705,0.0,1.0,0,BLOCKED,1.42,0.435,0.0,1.0,0,BLOCKED,1.42,0.54,0.0,1.0,0,BLOCKED,1.42,0.555,0.0,1.0,0,BLOCKED,1.42,0.495,0.0,1.0,0,BLOCKED
1026,2.6,0.51,0.5,1.0,1,SELECTED,2.33,0.39,0.5,1.0,1,SELECTED,2.7125,0.585,0.5,1.0,1,SELECTED,1.42,0.66,0.0,1.0,0,BLOCKED,1.42,0.48,0.0,1.0,0,BLOCKED,1.42,0.705,0.0,1.0,0,BLOCKED,1.42,0.435,0.0,1.0,0,BLOCKED,1.42,0.54,0.0,1.0,0,BLOCKED,1.42,0.555,0.0,1.0,0,BLOCKED,1.42,0.495,0.0,1.0,0,BLOCKED
1032,2.6,0.51,0.5,1.0,1,SELECTED,2.33,0.39,0.5,1.0,1,SELECTED,2.6225,0.585,0.5,1.0,1,SELECTED,1.42,0.66,0.0,1.0,0,BLOCKED,1.42,0.48,0.0,1.0,0,BLOCKED,1.42,0.705,0.0,1.0,0,BLOCKED,1.42,0.435,0.0,1.0,0,BLOCKED,1.42,0.54,0.0,1.0,0,BLOCKED,1.42,0.555,0.0,1.0,0,BLOCKED,1.42,0.495,0.0,1.0,0,BLOCKED
1038,2.6,0.51,0.5,1.0,1,SELECTED,2.33,0.39,0.5,1.0,1,SELECTED,2.6225,0.585,0.5,1.0,1,SELECTED,1.42,0.66,0.0,1.0,0,BLOCKED,1.42,0.48,0.0,1.0,0,BLOCKED,1.42,0.705,0.0,1.0,0,BLOCKED,1.42,0.435,0.0,1.0,0,BLOCKED,1.42,0.54,0.0,1.0,0,BLOCKED,1.42,0.555,0.0,1.0,0,BLOCKED,1.42,0.495,0.0,1.0,0,BLOCKED
1044,2.51,0.51,0.5,1.0,1,SELECTED,2.42,0.39,0.5,1.0,1,SELECTED,2.7125,0.585,0.5,1.0,1,SELECTED,1.42,0.66,0.0,1.0,0,BLOCKED,1.42,0.48,0.0,1.0,0,BLOCKED,1.42,0.705,0.0,1.0,0,BLOCKED,1.42,0.435,0.0,1.0,0,BLOCKED,1.42,0.54,0.0,1.0,0,BLOCKED,1.42,0.555,0.0,1.0,0,BLOCKED,1.42,0.495,0.0,1.0,0,BLOCKED
1050,2.51,0.51,0.5,1.0,1,SELECTED,2.33,0.39,0.5,1.0,1,SELECTED,2.7125,0.585,0.5,1.0,1,SELECTED,1.42,0.66,0.0,1.0,0,BLOCKED,1.42,0.48,0.0,1.0,0,BLOCKED,1.42,0.705,0.0,1.0,0,BLOCKED,1.42,0.435,0.0,1.0,0,BLOCKED,1.42,0.54,0.0,1.0,0,BLOCKED,1.42,0.555,0.0,1.0,0,BLOCKED,1.42,0.495,0.0,1.0,0,BLOCKED
1056,2.51,0.51,0.5,1.0,1,SELECTED,2.33,0.39,0.5,1.0,1,SELECTED,2.6225,0.585,0.5,1.0,1,SELECTED,1.42,0.66,0.0,1.0,0,BLOCKED,1.42,0.48,0.0,1.0,0,BLOCKED,1.42,0.705,0.0,1.0,0,BLOCKED,1.42,0.435,0.0,1.0,0,BLOCKED,1.42,0.54,0.0,1.0,0,BLOCKED,1.42,0.555,0.0,1.0,0,BLOCKED,1.42,0.495,0.0,1.0,0,BLOCKED
1062,2.6,0.51,0.5,1.0,1,SELECTED,2.33,0.39,0.5,1.0,1,SELECTED,2.6225,0.585,0.5,1.0,1,SELECTED,1.42,0.66,0.0,1.0,0,BLOCKED,1.42,0.48,0.0,1.0,0,BLOCKED,1.42,0.705,0.0,1.0,0,BLOCKED,1.42,0.435,0.0,1.0,0,BLOCKED,1.42,0.54,0.0,1.0,0,BLOCKED,1.42,0.555,0.0,1.0,0,BLOCKED,1.42,0.495,0.0,1.0,0,BLOCKED
1068,2.6,0.51,0.5,1.0,1,SELECTED,2.42,0.39,0.5,1.0,1,SELECTED,2.6225,0.585,0.5,1.0,1,SELECTED,1.42,0.66,0.0,1.0,0,BLOCKED,1.42,0.48,0.0,1.0,0,BLOCKED,1.42,0.705,0.0,1.0,0,BLOCKED,1.42,0.435,0.0,1.0,0,BLOCKED,1.42,0.54,0.0,1.0,0,BLOCKED,1.42,0.555,0.0,1.0,0,BLOCKED,1.42,0.495,0.0,1.0,0,BLOCKED
1074,2.51,0.51,0.5,1.0,1,SELECTED,2.33,0.39,0.5,1.0,1,SELECTED,2.6225,0.585,0.5,1.0,1,SELECTED,1.42,0.66,0.0,1.0,0,BLOCKED,1.42,0.48,0.0,1.0,0,BLOCKED,1.42,0.705,0.0,1.0,0,BLOCKED,1.42,0.435,0.0,1.0,0,BLOCKED,1.42,0.54,0.0,1.0,0,BLOCKED,1.42,0.555,0.0,1.0,0,BLOCKED,1.42,0.495,0.0,1.0,0,BLOCKED
1080,2.6,0.51,0.5,1.0,1,SELECTED,2.33,0.39,0.5,1.0,1,SELECTED,2.7125,0.585,0.5,1.0,1,SELECTED,1.42,0.615,0.0,1.0,0,BLOCKED,1.42,0.525,0.0,1.0,0,BLOCKED,1.42,0.57,0.0,1.0,0,BLOCKED,1.42,0.435,0.0,1.0,0,BLOCKED,1.42,0.48,0.0,1.0,0,BLOCKED,1.42,0.555,0.0,1.0,0,BLOCKED,1.42,0.465,0.0,1.0,0,BLOCKED
1086,2.6,0.51,0.5,1.0,1,SELECTED,2.42,0.39,0.5,1.0,1,SELECTED,2.6225,0.585,0.5,1.0,1,SELECTED,1.42,0.615,0.0,1.0,0,BLOCKED,1.42,0.525,0.0,1.0,0,BLOCKED,1.42,0.57,0.0,1.0,0,BLOCKED,1.42,0.435,0.0,1.0,0,BLOCKED,1.42,0.48,0.0,1.0,0,BLOCKED,1.42,0.555,0.0,1.0,0,BLOCKED,1.42,0.465,0.0,1.0,0,BLOCKED
1092,2.6,0.51,0.5,1.0,1,SELECTED,2.42,0.39,0.5,1.0,1,SELECTED,2.7125,0.585,0.5,1.0,1,SELECTED,1.42,0.615,0.0,1.0,0,BLOCKED,1.42,0.525,0.0,1.0,0,BLOCKED,1.42,0.57,0.0,1.0,0,BLOCKED,1.42,0.435,0.0,1.0,0,BLOCKED,1.42,0.48,0.0,1.0,0,BLOCKED,1.42,0.555,0.0,1.0,0,BLOCKED,1.42,0.465,0.0,1.0,0,BLOCKED
1098,2.6,0.51,0.5,1.0,1,SELECTED,2.33,0.39,0.5,1.0,1,SELECTED,2.6225,0.585,0.5,1.0,1,SELECTED,1.42,0.615,0.0,1.0,0,BLOCKED,1.42,0.525,0.0,1.0,0,BLOCKED,1.42,0.57,0.0,1.0,0,BLOCKED,1.42,0.435,0.0,1.0,0,BLOCKED,1.42,0.48,0.0,1.0,0,BLOCKED,1.42,0.555,0.0,1.0,0,BLOCKED,1.42,0.465,0.0,1.0,0,BLOCKED
1104,2.51,0.51,0.5,1.0,1,SELECTED,2.33,0.39,0.5,1.0,1,SELECTED,2.6225,0.585,0.5,1.0,1,SELECTED,1.42,0.615,0.0,1.0,0,BLOCKED,1.42,0.525,0.0,1.0,0,BLOCKED,1.42,0.57,0.0,1.0,0,BLOCKED,1.42,0.435,0.0,1.0,0,BLOCKED,1.42,0.48,0.0,1.0,0,BLOCKED,1.42,0.555,0.0,1.0,0,BLOCKED,1.42,0.465,0.0,1.0,0,BLOCKED
1110,2.6,0.51,0.5,1.0,1,SELECTED,2.33,0.39,0.5,1.0,1,SELECTED,2.6225,0.585,0.5,1.0,1,SELECTED,1.42,0.615,0.0,1.0,0,BLOCKED,1.42,0.525,0.0,1.0,0,BLOCKED,1.42,0.57,0.0,1.0,0,BLOCKED,1.42,0.435,0.0,1.0,0,BLOCKED,1.42,0.48,0.0,1.0,0,BLOCKED,1.42,0.555,0.0,1.0,0,BLOCKED,1.42,0.465,0.0,1.0,0,BLOCKED
1116,2.6,0.51,0.5,1.0,1,SELECTED,2.33,0.39,0.5,1.0,1,SELECTED,2.7125,0.585,0.5,1.0,1,SELECTED,1.42,0.615,0.0,1.0,0,BLOCKED,1.42,0.525,0.0,1.0,0,BLOCKED,1.42,0.57,0.0,1.0,0,BLOCKED,1.42,0.435,0.0,1.0,0,BLOCKED,1.42,0.48,0.0,1.0,0,BLOCKED,1.42,0.555,0.0,1.0,0,BLOCKED,1.42,0.465,0.0,1.0,0,BLOCKED
1122,2.6,0.51,0.5,1.0,1,SELECTED,2.33,0.39,0.5,1.0,1,SELECTED,2.7125,0.585,0.5,1.0,1,SELECTED,1.42,0.615,0.0,1.0,0,BLOCKED,1.42,0.525,0.0,1.0,0,BLOCKED,1.42,0.57,0.0,1.0,0,BLOCKED,1.42,0.435,0.0,1.0,0,BLOCKED,1.42,0.48,0.0,1.0,0,BLOCKED,1.42,0.555,0.0,1.0,0,BLOCKED,1.42,0.465,0.0,1.0,0,BLOCKED
1128,2.51,0.51,0.5,1.0,1,SELECTED,2.33,0.39,0.5,1.0,1,SELECTED,2.6225,0.585,0.5,1.0,1,SELECTED,1.42,0.615,0.0,1.0,0,BLOCKED,1.42,0.525,0.0,1.0,0,BLOCKED,1.42,0.57,0.0,1.0,0,BLOCKED,1.42,0.435,0.0,1.0,0,BLOCKED,1.42,0.48,0.0,1.0,0,BLOCKED,1.42,0.555,0.0,1.0,0,BLOCKED,1.42,0.465,0.0,1.0,0,BLOCKED
1134,2.6,0.51,0.5,1.0,1,SELECTED,2.42,0.39,0.5,1.0,1,SELECTED,2.6225,0.585,0.5,1.0,1,SELECTED,1.42,0.615,0.0,1.0,0,BLOCKED,1.42,0.525,0.0,1.0,0,BLOCKED,1.42,0.57,0.0,1.0,0,BLOCKED,1.42,0.435,0.0,1.0,0,BLOCKED,1.42,0.48,0.0,1.0,0,BLOCKED,1.42,0.555,0.0,1.0,0,BLOCKED,1.42,0.465,0.0,1.0,0,BLOCKED
1140,2.6,0.51,0.5,1.0,1,SELECTED,2.42,0.39,0.5,1.0,1,SELECTED,2.6225,0.585,0.5,1.0,1,SELECTED,1.42,0.615,0.0,1.0,0,BLOCKED,1.42,0.525,0.0,1.0,0,BLOCKED,1.42,0.57,0.0,1.0,0,BLOCKED,1.42,0.435,0.0,1.0,0,BLOCKED,1.42,0.48,0.0,1.0,0,BLOCKED,1.42,0.555,0.0,1.0,0,BLOCKED,1.42,0.465,0.0,1.0,0,BLOCKED
1146,2.51,0.51,0.5,1.0,1,SELECTED,2.33,0.39,0.5,1.0,1,SELECTED,2.6225,0.585,0.5,1.0,1,SELECTED,1.42,0.615,0.0,1.0,0,BLOCKED,1.42,0.525,0.0,1.0,0,BLOCKED,1.42,0.57,0.0,1.0,0,BLOCKED,1.42,0.435,0.0,1.0,0,BLOCKED,1.42,0.48,0.0,1.0,0,BLOCKED,1.42,0.555,0.0,1.0,0,BLOCKED,1.42,0.465,0.0,1.0,0,BLOCKED
1152,2.51,0.51,0.5,1.0,1,SELECTED,2.33,0.39,0.5,1.0,1,SELECTED,2.7125,0.585,0.5,1.0,1,SELECTED,1.42,0.615,0.0,1.0,0,BLOCKED,1.42,0.525,0.0,1.0,0,BLOCKED,1.42,0.57,0.0,1.0,0,BLOCKED,1.42,0.435,0.0,1.0,0,BLOCKED,1.42,0.48,0.0,1.0,0,BLOCKED,1.42,0.555,0.0,1.0,0,BLOCKED,1.42,0.465,0.0,1.0,0,BLOCKED
1158,2.6,0.51,0.5,1.0,1,SELECTED,2.33,0.39,0.5,1.0,1,SELECTED,2.6225,0.585,0.5,1.0,1,SELECTED,1.42,0.615,0.0,1.0,0,BLOCKED,1.42,0.525,0.0,1.0,0,BLOCKED,1.42,0.57,0.0,1.0,0,BLOCKED,1.42,0.435,0.0,1.0,0,BLOCKED,1.42,0.48,0.0,1.0,0,BLOCKED,1.42,0.555,0.0,1.0,0,BLOCKED,1.42,0.465,0.0,1.0,0,BLOCKED
1164,2.6,0.51,0.5,1.0,1,SELECTED,2.33,0.39,0.5,1.0,1,SELECTED,2.6225,0.585,0.5,1.0,1,SELECTED,1.42,0.615,0.0,1.0,0,BLOCKED,1.42,0.525,0.0,1.0,0,BLOCKED,1.42,0.57,0.0,1.0,0,BLOCKED,1.42,0.435,0.0,1.0,0,BLOCKED,1.42,0.48,0.0,1.0,0,BLOCKED,1.42,0.555,0.0,1.0,0,BLOCKED,1.42,0.465,0.0,1.0,0,BLOCKED
1170,2.6,0.51,0.5,1.0,1,SELECTED,2.42,0.39,0.5,1.0,1,SELECTED,2.6225,0.585,0.5,1.0,1,SELECTED,1.42,0.615,0.0,1.0,0,BLOCKED,1.42,0.525,0.0,1.0,0,BLOCKED,1.42,0.57,0.0,1.0,0,BLOCKED,1.42,0.435,0.0,1.0,0,BLOCKED,1.42,0.48,0.0,1.0,0,BLOCKED,1.42,0.555,0.0,1.0,0,BLOCKED,1.42,0.465,0.0,1.0,0,BLOCKED
1176,2.6,0.51,0.5,1.0,1,SELECTED,2.33,0.39,0.5,1.0,1,SELECTED,2.6225,0.585,0.5,1.0,1,SELECTED,1.42,0.615,0.0,1.0,0,BLOCKED,1.42,0.525,0.0,1.0,0,BLOCKED,1.42,0.57,0.0,1.0,0,BLOCKED,1.42,0.435,0.0,1.0,0,BLOCKED,1.42,0.48,0.0,1.0,0,BLOCKED,1.42,0.555,0.0,1.0,0,BLOCKED,1.42,0.465,0.0,1.0,0,BLOCKED
1182,2.51,0.51,0.5,1.0,1,SELECTED,2.42,0.39,0.5,1.0,1,SELECTED,2.7125,0.585,0.5,1.0,1,SELECTED,1.42,0.615,0.0,1.0,0,BLOCKED,1.42,0.525,0.0,1.0,0,BLOCKED,1.42,0.57,0.0,1.0,0,BLOCKED,1.42,0.435,0.0,1.0,0,BLOCKED,1.42,0.48,0.0,1.0,0,BLOCKED,1.42,0.555,0.0,1.0,0,BLOCKED,1.42,0.465,0.0,1.0,0,BLOCKED
1188,2.6,0.51,0.5,1.0,1,SELECTED,2.42,0.39,0.5,1.0,1,SELECTED,2.7125,0.585,0.5,1.0,1,SELECTED,1.42,0.615,0.0,1.0,0,BLOCKED,1.42,0.525,0.0,1.0,0,BLOCKED,1.42,0.57,0.0,1.0,0,BLOCKED,1.42,0.435,0.0,1.0,0,BLOCKED,1.42,0.48,0.0,1.0,0,BLOCKED,1.42,0.555,0.0,1.0,0,BLOCKED,1.42,0.465,0.0,1.0,0,BLOCKED
1194,2.51,0.51,0.5,1.0,1,SELECTED,2.33,0.39,0.5,1.0,1,SELECTED,2.7125,0.585,0.5,1.0,1,SELECTED,1.42,0.615,0.0,1.0,0,BLOCKED,1.42,0.525,0.0,1.0,0,BLOCKED,1.42,0.57,0.0,1.0,0,BLOCKED,1.42,0.435,0.0,1.0,0,BLOCKED,1.42,0.48,0.0,1.0,0,BLOCKED,1.42,0.555,0.0,1.0,0,BLOCKED,1.42,0.465,0.0,1.0,0,BLOCKED
1200,2.6,0.51,0.5,1.0,1,SELECTED,2.42,0.39,0.5,1.0,1,SELECTED,2.6225,0.585,0.5,1.0,1,SELECTED,1.42,0.615,0.0,1.0,0,BLOCKED,1.42,0.525,0.0,1.0,0,BLOCKED,1.42,0.57,0.0,1.0,0,BLOCKED,1.42,0.435,0.0,1.0,0,BLOCKED,1.42,0.48,0.0,1.0,0,BLOCKED,1.42,0.555,0.0,1.0,0,BLOCKED,1.42,0.465,0.0,1.0,0,BLOCKED
1206,2.6,0.51,0.5,1.0,1,SELECTED,2.42,0.39,0.5,1.0,1,SELECTED,2.7125,0.585,0.5,1.0,1,SELECTED,1.42,0.615,0.0,1.0,0,BLOCKED,1.42,0.525,0.0,1.0,0,BLOCKED,1.42,0.57,0.0,1.0,0,BLOCKED,1.42,0.435,0.0,1.0,0,BLOCKED,1.42,0.48,0.0,1.0,0,BLOCKED,1.42,0.555,0.0,1.0,0,BLOCKED,1.42,0.465,0.0,1.0,0,BLOCKED
1212,2.6,0.51,0.5,1.0,1,SELECTED,2.33,0.39,0.5,1.0,1,SELECTED,2.6225,0.585,0.5,1.0,1,SELECTED,1.42,0.615,0.0,1.0,0,BLOCKED,1.42,0.525,0.0,1.0,0,BLOCKED,1.42,0.57,0.0,1.0,0,BLOCKED,1.42,0.435,0.0,1.0,0,BLOCKED,1.42,0.48,0.0,1.0,0,BLOCKED,1.42,0.555,0.0,1.0,0,BLOCKED,1.42,0.465,0.0,1.0,0,BLOCKED
1218,2.51,0.51,0.5,1.0,1,SELECTED,2.42,0.39,0.5,1.0,1,SELECTED,2.6225,0.585,0.5,1.0,1,SELECTED,1.42,0.615,0.0,1.0,0,BLOCKED,1.42,0.525,0.0,1.0,0,BLOCKED,1.42,0.57,0.0,1.0,0,BLOCKED,1.42,0.435,0.0,1.0,0,BLOCKED,1.42,0.48,0.0,1.0,0,BLOCKED,1.42,0.555,0.0,1.0,0,BLOCKED,1.42,0.465,0.0,1.0,0,BLOCKED
1224,2.6,0.51,0.5,1.0,1,SELECTED,2.33,0.39,0.5,1.0,1,SELECTED,2.7125,0.585,0.5,1.0,1,SELECTED,1.42,0.615,0.0,1.0,0,BLOCKED,1.42,0.525,0.0,1.0,0,BLOCKED,1.42,0.57,0.0,1.0,0,BLOCKED,1.42,0.435,0.0,1.0,0,BLOCKED,1.42,0.48,0.0,1.0,0,BLOCKED,1.42,0.555,0.0,1.0,0,BLOCKED,1.42,0.465,0.0,1.0,0,BLOCKED
1230,2.51,0.51,0.5,1.0,1,SELECTED,2.33,0.39,0.5,1.0,1,SELECTED,2.7125,0.585,0.5,1.0,1,SELECTED,1.42,0.615,0.0,1.0,0,BLOCKED,1.42,0.525,0.0,1.0,0,BLOCKED,1.42,0.57,0.0,1.0,0,BLOCKED,1.42,0.435,0.0,1.0,0,BLOCKED,1.42,0.48,0.0,1.0,0,BLOCKED,1.42,0.555,0.0,1.0,0,BLOCKED,1.42,0.465,0.0,1.0,0,BLOCKED
1236,2.51,0.51,0.5,1.0,1,SELECTED,2.33,0.39,0.5,1.0,1,SELECTED,2.6225,0.585,0.5,1.0,1,SELECTED,1.42,0.615,0.0,1.0,0,BLOCKED,1.42,0.525,0.0,1.0,0,BLOCKED,1.42,0.57,0.0,1.0,0,BLOCKED,1.42,0.435,0.0,1.0,0,BLOCKED,1.42,0.48,0.0,1.0,0,BLOCKED,1.42,0.555,0.0,1.0,0,BLOCKED,1.42,0.465,0.0,1.0,0,BLOCKED
1242,2.51,0.51,0.5,1.0,1,SELECTED,2.33,0.39,0.5,1.0,1,SELECTED,2.6225,0.585,0.5,1.0,1,SELECTED,1.42,0.615,0.0,1.0,0,BLOCKED,1.42,0.525,0.0,1.0,0,BLOCKED,1.42,0.57,0.0,1.0,0,BLOCKED,1.42,0.435,0.0,1.0,0,BLOCKED,1.42,0.48,0.0,1.0,0,BLOCKED,1.42,0.555,0.0,1.0,0,BLOCKED,1.42,0.465,0.0,1.0,0,BLOCKED
1248,2.6,0.51,0.5,1.0,1,SELECTED,2.33,0.39,0.5,1.0,1,SELECTED,2.6225,0.585,0.5,1.0,1,SELECTED,1.42,0.615,0.0,1.0,0,BLOCKED,1.42,0.525,0.0,1.0,0,BLOCKED,1.42,0.57,0.0,1.0,0,BLOCKED,1.42,0.435,0.0,1.0,0,BLOCKED,1.42,0.48,0.0,1.0,0,BLOCKED,1.42,0.555,0.0,1.0,0,BLOCKED,1.42,0.465,0.0,1.0,0,BLOCKED
1254,2.6,0.51,0.5,1.0,1,SELECTED,2.33,0.39,0.5,1.0,1,SELECTED,2.7125,0.585,0.5,1.0,1,SELECTED,1.42,0.615,0.0,1.0,0,BLOCKED,1.42,0.525,0.0,1.0,0,BLOCKED,1.42,0.57,0.0,1.0,0,BLOCKED,1.42,0.435,0.0,1.0,0,BLOCKED,1.42,0.48,0.0,1.0,0,BLOCKED,1.42,0.555,0.0,1.0,0,BLOCKED,1.42,0.465,0.0,1.0,0,BLOCKED
1260,2.51,0.51,0.5,1.0,1,SELECTED,2.42,0.39,0.5,1.0,1,SELECTED,2.6225,0.585,0.5,1.0,1,SELECTED,1.42,0.615,0.0,1.0,0,BLOCKED,1.42,0.525,0.0,1.0,0,BLOCKED,1.42,0.57,0.0,1.0,0,BLOCKED,1.42,0.435,0.0,1.0,0,BLOCKED,1.42,0.48,0.0,1.0,0,BLOCKED,1.42,0.555,0.0,1.0,0,BLOCKED,1.42,0.465,0.0,1.0,0,BLOCKED
1266,2.6,0.51,0.5,1.0,1,SELECTED,2.33,0.39,0.5,1.0,1,SELECTED,2.7125,0.585,0.5,1.0,1,SELECTED,1.42,0.615,0.0,1.0,0,BLOCKED,1.42,0.525,0.0,1.0,0,BLOCKED,1.42,0.57,0.0,1.0,0,BLOCKED,1.42,0.435,0.0,1.0,0,BLOCKED,1.42,0.48,0.0,1.0,0,BLOCKED,1.42,0.555,0.0,1.0,0,BLOCKED,1.42,0.465,0.0,1.0,0,BLOCKED
1272,2.6,0.51,0.5,1.0,1,SELECTED,2.33,0.39,0.5,1.0,1,SELECTED,2.6225,0.585,0.5,1.0,1,SELECTED,1.42,0.615,0.0,1.0,0,BLOCKED,1.42,0.525,0.0,1.0,0,BLOCKED,1.42,0.57,0.0,1.0,0,BLOCKED,1.42,0.435,0.0,1.0,0,BLOCKED,1.42,0.48,0.0,1.0,0,BLOCKED,1.42,0.555,0.0,1.0,0,BLOCKED,1.42,0.465,0.0,1.0,0,BLOCKED
1278,2.6,0.51,0.5,1.0,1,SELECTED,2.42,0.39,0.5,1.0,1,SELECTED,2.6225,0.585,0.5,1.0,1,SELECTED,1.42,0.615,0.0,1.0,0,BLOCKED,1.42,0.525,0.0,1.0,0,BLOCKED,1.42,0.57,0.0,1.0,0,BLOCKED,1.42,0.435,0.0,1.0,0,BLOCKED,1.42,0.48,0.0,1.0,0,BLOCKED,1.42,0.555,0.0,1.0,0,BLOCKED,1.42,0.465,0.0,1.0,0,BLOCKED
1284,2.51,0.51,0.5,1.0,1,SELECTED,2.33,0.39,0.5,1.0,1,SELECTED,2.6225,0.585,0.5,1.0,1,SELECTED,1.42,0.615,0.0,1.0,0,BLOCKED,1.42,0.525,0.0,1.0,0,BLOCKED,1.42,0.57,0.0,1.0,0,BLOCKED,1.42,0.435,0.0,1.0,0,BLOCKED,1.42,0.48,0.0,1.0,0,BLOCKED,1.42,0.555,0.0,1.0,0,BLOCKED,1.42,0.465,0.0,1.0,0,BLOCKED
1290,2.51,0.51,0.5,1.0,1,SELECTED,2.33,0.39,0.5,1.0,1,SELECTED,2.6225,0.585,0.5,1.0,1,SELECTED,1.42,0.615,0.0,1.0,0,BLOCKED,1.42,0.525,0.0,1.0,0,BLOCKED,1.42,0.57,0.0,1.0,0,BLOCKED,1.42,0.435,0.0,1.0,0,BLOCKED,1.42,0.48,0.0,1.0,0,BLOCKED,1.42,0.555,0.0,1.0,0,BLOCKED,1.42,0.465,0.0,1.0,0,BLOCKED
1296,2.51,0.51,0.5,1.0,1,SELECTED,2.33,0.39,0.5,1.0,1,SELECTED,2.6225,0.585,0.5,1.0,1,SELECTED,1.42,0.615,0.0,1.0,0,BLOCKED,1.42,0.525,0.0,1.0,0,BLOCKED,1.42,0.57,0.0,1.0,0,BLOCKED,1.42,0.435,0.0,1.0,0,BLOCKED,1.42,0.48,0.0,1.0,0,BLOCKED,1.42,0.555,0.0,1.0,0,BLOCKED,1.42,0.465,0.0,1.0,0,BLOCKED
1302,2.51,0.51,0.5,1.0,1,SELECTED,2.33,0.39,0.5,1.0,1,SELECTED,2.6225,0.585,0.5,1.0,1,SELECTED,1.42,0.615,0.0,1.0,0,BLOCKED,1.42,0.525,0.0,1.0,0,BLOCKED,1.42,0.57,0.0,1.0,0,BLOCKED,1.42,0.435,0.0,1.0,0,BLOCKED,1.42,0.48,0.0,1.0,0,BLOCKED,1.42,0.555,0.0,1.0,0,BLOCKED,1.42,0.465,0.0,1.0,0,BLOCKED
1308,2.6,0.51,0.5,1.0,1,SELECTED,2.33,0.39,0.5,1.0,1,SELECTED,2.7125,0.585,0.5,1.0,1,SELECTED,1.42,0.615,0.0,1.0,0,BLOCKED,1.42,0.525,0.0,1.0,0,BLOCKED,1.42,0.57,0.0,1.0,0,BLOCKED,1.42,0.435,0.0,1.0,0,BLOCKED,1.42,0.48,0.0,1.0,0,BLOCKED,1.42,0.555,0.0,1.0,0,BLOCKED,1.42,0.465,0.0,1.0,0,BLOCKED
1314,2.51,0.51,0.5,1.0,1,SELECTED,2.33,0.39,0.5,1.0,1,SELECTED,2.6225,0.585,0.5,1.0,1,SELECTED,1.42,0.615,0.0,1.0,0,BLOCKED,1.42,0.525,0.0,1.0,0,BLOCKED,1.42,0.57,0.0,1.0,0,BLOCKED,1.42,0.435,0.0,1.0,0,BLOCKED,1.42,0.48,0.0,1.0,0,BLOCKED,1.42,0.555,0.0,1.0,0,BLOCKED,1.42,0.465,0.0,1.0,0,BLOCKED
1320,2.51,0.51,0.5,1.0,1,SELECTED,2.42,0.39,0.5,1.0,1,SELECTED,2.6225,0.585,0.5,1.0,1,SELECTED,1.42,0.615,0.0,1.0,0,BLOCKED,1.42,0.525,0.0,1.0,0,BLOCKED,1.42,0.57,0.0,1.0,0,BLOCKED,1.42,0.435,0.0,1.0,0,BLOCKED,1.42,0.48,0.0,1.0,0,BLOCKED,1.42,0.555,0.0,1.0,0,BLOCKED,1.42,0.465,0.0,1.0,0,BLOCKED
1326,2.6,0.51,0.5,1.0,1,SELECTED,2.42,0.39,0.5,1.0,1,SELECTED,2.7475,0.585,0.5,1.0,2,SELECTED,1.42,0.615,0.0,1.0,0,BLOCKED,1.42,0.525,0.0,1.0,0,BLOCKED,1.42,0.57,0.0,1.0,0,BLOCKED,1.42,0.435,0.0,1.0,0,BLOCKED,1.42,0.48,0.0,1.0,0,BLOCKED,1.42,0.555,0.0,1.0,0,BLOCKED,1.42,0.465,0.0,1.0,0,BLOCKED
1332,2.51,0.51,0.5,1.0,1,SELECTED,2.33,0.39,0.5,1.0,1,SELECTED,2.6225,0.585,0.5,1.0,1,SELECTED,1.42,0.615,0.0,1.0,0,BLOCKED,1.42,0.525,0.0,1.0,0,BLOCKED,1.42,0.57,0.0,1.0,0,BLOCKED,1.42,0.435,0.0,1.0,0,BLOCKED,1.42,0.48,0.0,1.0,0,BLOCKED,1.42,0.555,0.0,1.0,0,BLOCKED,1.42,0.465,0.0,1.0,0,BLOCKED
1338,2.6,0.51,0.5,1.0,1,SELECTED,2.33,0.39,0.5,1.0,1,SELECTED,2.7125,0.585,0.5,1.0,1,SELECTED,1.42,0.615,0.0,1.0,0,BLOCKED,1.42,0.525,0.0,1.0,0,BLOCKED,1.42,0.57,0.0,1.0,0,BLOCKED,1.42,0.435,0.0,1.0,0,BLOCKED,1.42,0.48,0.0,1.0,0,BLOCKED,1.42,0.555,0.0,1.0,0,BLOCKED,1.42,0.465,0.0,1.0,0,BLOCKED
1344,2.6,0.51,0.5,1.0,1,SELECTED,2.33,0.39,0.5,1.0,1,SELECTED,2.6225,0.585,0.5,1.0,1,SELECTED,1.42,0.615,0.0,1.0,0,BLOCKED,1.42,0.525,0.0,1.0,0,BLOCKED,1.42,0.57,0.0,1.0,0,BLOCKED,1.42,0.435,0.0,1.0,0,BLOCKED,1.42,0.48,0.0,1.0,0,BLOCKED,1.42,0.555,0.0,1.0,0,BLOCKED,1.42,0.465,0.0,1.0,0,BLOCKED
1350,2.6,0.51,0.5,1.0,1,SELECTED,2.33,0.39,0.5,1.0,1,SELECTED,2.6225,0.585,0.5,1.0,1,SELECTED,1.42,0.615,0.0,1.0,0,BLOCKED,1.42,0.525,0.0,1.0,0,BLOCKED,1.42,0.57,0.0,1.0,0,BLOCKED,1.42,0.435,0.0,1.0,0,BLOCKED,1.42,0.48,0.0,1.0,0,BLOCKED,1.42,0.555,0.0,1.0,0,BLOCKED,1.42,0.465,0.0,1.0,0,BLOCKED
1356,2.51,0.51,0.5,1.0,1,SELECTED,2.33,0.39,0.5,1.0,1,SELECTED,2.6225,0.585,0.5,1.0,1,SELECTED,1.42,0.615,0.0,1.0,0,BLOCKED,1.42,0.525,0.0,1.0,0,BLOCKED,1.42,0.57,0.0,1.0,0,BLOCKED,1.42,0.435,0.0,1.0,0,BLOCKED,1.42,0.48,0.0,1.0,0,BLOCKED,1.42,0.555,0.0,1.0,0,BLOCKED,1.42,0.465,0.0,1.0,0,BLOCKED
1362,2.6,0.51,0.5,1.0,1,SELECTED,2.42,0.39,0.5,1.0,1,SELECTED,2.6225,0.585,0.5,1.0,1,SELECTED,1.42,0.615,0.0,1.0,0,BLOCKED,1.42,0.525,0.0,1.0,0,BLOCKED,1.42,0.57,0.0,1.0,0,BLOCKED,1.42,0.435,0.0,1.0,0,BLOCKED,1.42,0.48,0.0,1.0,0,BLOCKED,1.42,0.555,0.0,1.0,0,BLOCKED,1.42,0.465,0.0,1.0,0,BLOCKED
1368,2.51,0.51,0.5,1.0,1,SELECTED,2.42,0.39,0.5,1.0,1,SELECTED,2.7475,0.585,0.5,1.0,2,SELECTED,1.42,0.615,0.0,1.0,0,BLOCKED,1.42,0.525,0.0,1.0,0,BLOCKED,1.42,0.57,0.0,1.0,0,BLOCKED,1.42,0.435,0.0,1.0,0,BLOCKED,1.42,0.48,0.0,1.0,0,BLOCKED,1.42,0.555,0.0,1.0,0,BLOCKED,1.42,0.465,0.0,1.0,0,BLOCKED
1374,2.51,0.51,0.5,1.0,1,SELECTED,2.33,0.39,0.5,1.0,1,SELECTED,2.7125,0.585,0.5,1.0,1,SELECTED,1.42,0.615,0.0,1.0,0,BLOCKED,1.42,0.525,0.0,1.0,0,BLOCKED,1.42,0.57,0.0,1.0,0,BLOCKED,1.42,0.435,0.0,1.0,0,BLOCKED,1.42,0.48,0.0,1.0,0,BLOCKED,1.42,0.555,0.0,1.0,0,BLOCKED,1.42,0.465,0.0,1.0,0,BLOCKED
1380,2.6,0.51,0.5,1.0,1,SELECTED,2.42,0.39,0.5,1.0,1,SELECTED,2.6225,0.585,0.5,1.0,1,SELECTED,1.42,0.615,0.0,1.0,0,BLOCKED,1.42,0.525,0.0,1.0,0,BLOCKED,1.42,0.57,0.0,1.0,0,BLOCKED,1.42,0.435,0.0,1.0,0,BLOCKED,1.42,0.48,0.0,1.0,0,BLOCKED,1.42,0.555,0.0,1.0,0,BLOCKED,1.42,0.465,0.0,1.0,0,BLOCKED
1386,2.6,0.51,0.5,1.0,1,SELECTED,2.33,0.39,0.5,1.0,1,SELECTED,2.7125,0.585,0.5,1.0,1,SELECTED,1.42,0.615,0.0,1.0,0,BLOCKED,1.42,0.525,0.0,1.0,0,BLOCKED,1.42,0.57,0.0,1.0,0,BLOCKED,1.42,0.435,0.0,1.0,0,BLOCKED,1.42,0.48,0.0,1.0,0,BLOCKED,1.42,0.555,0.0,1.0,0,BLOCKED,1.42,0.465,0.0,1.0,0,BLOCKED
1392,2.51,0.51,0.5,1.0,1,SELECTED,2.42,0.39,0.5,1.0,1,SELECTED,2.7125,0.585,0.5,1.0,1,SELECTED,1.42,0.615,0.0,1.0,0,BLOCKED,1.42,0.525,0.0,1.0,0,BLOCKED,1.42,0.57,0.0,1.0,0,BLOCKED,1.42,0.435,0.0,1.0,0,BLOCKED,1.42,0.48,0.0,1.0,0,BLOCKED,1.42,0.555,0.0,1.0,0,BLOCKED,1.42,0.465,0.0,1.0,0,BLOCKED
1398,2.51,0.51,0.5,1.0,1,SELECTED,2.33,0.39,0.5,1.0,1,SELECTED,2.7125,0.585,0.5,1.0,1,SELECTED,1.42,0.615,0.0,1.0,0,BLOCKED,1.42,0.525,0.0,1.0,0,BLOCKED,1.42,0.57,0.0,1.0,0,BLOCKED,1.42,0.435,0.0,1.0,0,BLOCKED,1.42,0.48,0.0,1.0,0,BLOCKED,1.42,0.555,0.0,1.0,0,BLOCKED,1.42,0.465,0.0,1.0,0,BLOCKED
1404,2.6,0.51,0.5,1.0,1,SELECTED,2.33,0.39,0.5,1.0,1,SELECTED,2.6225,0.585,0.5,1.0,1,SELECTED,1.42,0.615,0.0,1.0,0,BLOCKED,1.42,0.525,0.0,1.0,0,BLOCKED,1.42,0.57,0.0,1.0,0,BLOCKED,1.42,0.435,0.0,1.0,0,BLOCKED,1.42,0.48,0.0,1.0,0,BLOCKED,1.42,0.555,0.0,1.0,0,BLOCKED,1.42,0.465,0.0,1.0,0,BLOCKED
1410,2.6,0.51,0.5,1.0,1,SELECTED,2.33,0.39,0.5,1.0,1,SELECTED,2.7125,0.585,0.5,1.0,1,SELECTED,1.42,0.615,0.0,1.0,0,BLOCKED,1.42,0.525,0.0,1.0,0,BLOCKED,1.42,0.57,0.0,1.0,0,BLOCKED,1.42,0.435,0.0,1.0,0,BLOCKED,1.42,0.48,0.0,1.0,0,BLOCKED,1.42,0.555,0.0,1.0,0,BLOCKED,1.42,0.465,0.0,1.0,0,BLOCKED
1416,2.6,0.51,0.5,1.0,1,SELECTED,2.33,0.39,0.5,1.0,1,SELECTED,2.6225,0.585,0.5,1.0,1,SELECTED,1.42,0.615,0.0,1.0,0,BLOCKED,1.42,0.525,0.0,1.0,0,BLOCKED,1.42,0.57,0.0,1.0,0,BLOCKED,1.42,0.435,0.0,1.0,0,BLOCKED,1.42,0.48,0.0,1.0,0,BLOCKED,1.42,0.555,0.0,1.0,0,BLOCKED,1.42,0.465,0.0,1.0,0,BLOCKED
1422,2.51,0.51,0.5,1.0,1,SELECTED,2.42,0.39,0.5,1.0,1,SELECTED,2.6225,0.585,0.5,1.0,1,SELECTED,1.42,0.615,0.0,1.0,0,BLOCKED,1.42,0.525,0.0,1.0,0,BLOCKED,1.42,0.57,0.0,1.0,0,BLOCKED,1.42,0.435,0.0,1.0,0,BLOCKED,1.42,0.48,0.0,1.0,0,BLOCKED,1.42,0.555,0.0,1.0,0,BLOCKED,1.42,0.465,0.0,1.0,0,BLOCKED
1428,2.51,0.51,0.5,1.0,1,SELECTED,2.33,0.39,0.5,1.0,1,SELECTED,2.6225,0.585,0.5,1.0,1,SELECTED,1.42,0.615,0.0,1.0,0,BLOCKED,1.42,0.525,0.0,1.0,0,BLOCKED,1.42,0.57,0.0,1.0,0,BLOCKED,1.42,0.435,0.0,1.0,0,BLOCKED,1.42,0.48,0.0,1.0,0,BLOCKED,1.42,0.555,0.0,1.0,0,BLOCKED,1.42,0.465,0.0,1.0,0,BLOCKED
1434,2.51,0.51,0.5,1.0,1,SELECTED,2.33,0.39,0.5,1.0,1,SELECTED,2.6225,0.585,0.5,1.0,1,SELECTED,1.42,0.615,0.0,1.0,0,BLOCKED,1.42,0.525,0.0,1.0,0,BLOCKED,1.42,0.57,0.0,1.0,0,BLOCKED,1.42,0.435,0.0,1.0,0,BLOCKED,1.42,0.48,0.0,1.0,0,BLOCKED,1.42,0.555,0.0,1.0,0,BLOCKED,1.42,0.465,0.0,1.0,0,BLOCKED
1440,2.6675,0.555,0.5,1.0,1,SELECTED,2.33,0.39,0.5,1.0,1,SELECTED,2.6225,0.585,0.5,1.0,1,SELECTED,1.42,0.57,0.0,1.0,0,BLOCKED,1.42,0.525,0.0,1.0,0,BLOCKED,1.42,0.615,0.0,1.0,0,BLOCKED,1.42,0.435,0.0,1.0,0,BLOCKED,1.42,0.48,0.0,1.0,0,BLOCKED,1.42,0.6,0.0,1.0,0,BLOCKED,1.42,0.495,0.0,1.0,0,BLOCKED
1446,2.5775,0.555,0.5,1.0,1,SELECTED,2.33,0.39,0.5,1.0,1,SELECTED,2.7125,0.585,0.5,1.0,1,SELECTED,1.42,0.57,0.0,1.0,0,BLOCKED,1.42,0.525,0.0,1.0,0,BLOCKED,1.42,0.615,0.0,1.0,0,BLOCKED,1.42,0.435,0.0,1.0,0,BLOCKED,1.42,0.48,0.0,1.0,0,BLOCKED,1.42,0.6,0.0,1.0,0,BLOCKED,1.42,0.495,0.0,1.0,0,BLOCKED
1452,2.6675,0.555,0.5,1.0,1,SELECTED,2.33,0.39,0.5,1.0,1,SELECTED,2.6225,0.585,0.5,1.0,1,SELECTED,1.42,0.57,0.0,1.0,0,BLOCKED,1.42,0.525,0.0,1.0,0,BLOCKED,1.42,0.615,0.0,1.0,0,BLOCKED,1.42,0.435,0.0,1.0,0,BLOCKED,1.42,0.48,0.0,1.0,0,BLOCKED,1.42,0.6,0.0,1.0,0,BLOCKED,1.42,0.495,0.0,1.0,0,BLOCKED
1458,2.5775,0.555,0.5,1.0,1,SELECTED,2.42,0.39,0.5,1.0,1,SELECTED,2.6225,0.585,0.5,1.0,1,SELECTED,1.42,0.57,0.0,1.0,0,BLOCKED,1.42,0.525,0.0,1.0,0,BLOCKED,1.42,0.615,0.0,1.0,0,BLOCKED,1.42,0.435,0.0,1.0,0,BLOCKED,1.42,0.48,0.0,1.0,0,BLOCKED,1.42,0.6,0.0,1.0,0,BLOCKED,1.42,0.495,0.0,1.0,0,BLOCKED
1464,2.5775,0.555,0.5,1.0,1,SELECTED,2.33,0.39,0.5,1.0,1,SELECTED,2.7125,0.585,0.5,1.0,1,SELECTED,1.42,0.57,0.0,1.0,0,BLOCKED,1.42,0.525,0.0,1.0,0,BLOCKED,1.42,0.615,0.0,1.0,0,BLOCKED,1.42,0.435,0.0,1.0,0,BLOCKED,1.42,0.48,0.0,1.0,0,BLOCKED,1.42,0.6,0.0,1.0,0,BLOCKED,1.42,0.495,0.0,1.0,0,BLOCKED
1470,2.6675,0.555,0.5,1.0,1,SELECTED,2.33,0.39,0.5,1.0,1,SELECTED,2.7125,0.585,0.5,1.0,1,SELECTED,1.42,0.57,0.0,1.0,0,BLOCKED,1.42,0.525,0.0,1.0,0,BLOCKED,1.42,0.615,0.0,1.0,0,BLOCKED,1.42,0.435,0.0,1.0,0,BLOCKED,1.42,0.48,0.0,1.0,0,BLOCKED,1.42,0.6,0.0,1.0,0,BLOCKED,1.42,0.495,0.0,1.0,0,BLOCKED
1476,2.5775,0.555,0.5,1.0,1,SELECTED,2.33,0.39,0.5,1.0,1,SELECTED,2.7125,0.585,0.5,1.0,1,SELECTED,1.42,0.57,0.0,1.0,0,BLOCKED,1.42,0.525,0.0,1.0,0,BLOCKED,1.42,0.615,0.0,1.0,0,BLOCKED,1.42,0.435,0.0,1.0,0,BLOCKED,1.42,0.48,0.0,1.0,0,BLOCKED,1.42,0.6,0.0,1.0,0,BLOCKED,1.42,0.495,0.0,1.0,0,BLOCKED
1482,2.5775,0.555,0.5,1.0,1,SELECTED,2.42,0.39,0.5,1.0,1,SELECTED,2.6225,0.585,0.5,1.0,1,SELECTED,1.42,0.57,0.0,1.0,0,BLOCKED,1.42,0.525,0.0,1.0,0,BLOCKED,1.42,0.615,0.0,1.0,0,BLOCKED,1.42,0.435,0.0,1.0,0,BLOCKED,1.42,0.48,0.0,1.0,0,BLOCKED,1.42,0.6,0.0,1.0,0,BLOCKED,1.42,0.495,0.0,1.0,0,BLOCKED
1488,2.6675,0.555,0.5,1.0,1,SELECTED,2.33,0.39,0.5,1.0,1,SELECTED,2.7125,0.585,0.5,1.0,1,SELECTED,1.42,0.57,0.0,1.0,0,BLOCKED,1.42,0.525,0.0,1.0,0,BLOCKED,1.42,0.615,0.0,1.0,0,BLOCKED,1.42,0.435,0.0,1.0,0,BLOCKED,1.42,0.48,0.0,1.0,0,BLOCKED,1.42,0.6,0.0,1.0,0,BLOCKED,1.42,0.495,0.0,1.0,0,BLOCKED
1494,2.5775,0.555,0.5,1.0,1,SELECTED,2.42,0.39,0.5,1.0,1,SELECTED,2.7125,0.585,0.5,1.0,1,SELECTED,1.42,0.57,0.0,1.0,0,BLOCKED,1.42,0.525,0.0,1.0,0,BLOCKED,1.42,0.615,0.0,1.0,0,BLOCKED,1.42,0.435,0.0,1.0,0,BLOCKED,1.42,0.48,0.0,1.0,0,BLOCKED,1.42,0.6,0.0,1.0,0,BLOCKED,1.42,0.495,0.0,1.0,0,BLOCKED
1500,2.5775,0.555,0.5,1.0,1,SELECTED,2.33,0.39,0.5,1.0,1,SELECTED,2.6225,0.585,0.5,1.0,1,SELECTED,1.42,0.57,0.0,1.0,0,BLOCKED,1.42,0.525,0.0,1.0,0,BLOCKED,1.42,0.615,0.0,1.0,0,BLOCKED,1.42,0.435,0.0,1.0,0,BLOCKED,1.42,0.48,0.0,1.0,0,BLOCKED,1.42,0.6,0.0,1.0,0,BLOCKED,1.42,0.495,0.0,1.0,0,BLOCKED
1506,2.6675,0.555,0.5,1.0,1,SELECTED,2.33,0.39,0.5,1.0,1,SELECTED,2.6225,0.585,0.5,1.0,1,SELECTED,1.42,0.57,0.0,1.0,0,BLOCKED,1.42,0.525,0.0,1.0,0,BLOCKED,1.42,0.615,0.0,1.0,0,BLOCKED,1.42,0.435,0.0,1.0,0,BLOCKED,1.42,0.48,0.0,1.0,0,BLOCKED,1.42,0.6,0.0,1.0,0,BLOCKED,1.42,0.495,0.0,1.0,0,BLOCKED
1512,2.5775,0.555,0.5,1.0,1,SELECTED,2.33,0.39,0.5,1.0,1,SELECTED,2.6225,0.585,0.5,1.0,1,SELECTED,1.42,0.57,0.0,1.0,0,BLOCKED,1.42,0.525,0.0,1.0,0,BLOCKED,1.42,0.615,0.0,1.0,0,BLOCKED,1.42,0.435,0.0,1.0,0,BLOCKED,1.42,0.48,0.0,1.0,0,BLOCKED,1.42,0.6,0.0,1.0,0,BLOCKED,1.42,0.495,0.0,1.0,0,BLOCKED
1518,2.5775,0.555,0.5,1.0,1,SELECTED,2.33,0.39,0.5,1.0,1,SELECTED,2.7125,0.585,0.5,1.0,1,SELECTED,1.42,0.57,0.0,1.0,0,BLOCKED,1.42,0.525,0.0,1.0,0,BLOCKED,1.42,0.615,0.0,1.0,0,BLOCKED,1.42,0.435,0.0,1.0,0,BLOCKED,1.42,0.48,0.0,1.0,0,BLOCKED,1.42,0.6,0.0,1.0,0,BLOCKED,1.42,0.495,0.0,1.0,0,BLOCKED
1524,2.5775,0.555,0.5,1.0,1,SELECTED,2.42,0.39,0.5,1.0,1,SELECTED,2.6225,0.585,0.5,1.0,1,SELECTED,1.42,0.57,0.0,1.0,0,BLOCKED,1.42,0.525,0.0,1.0,0,BLOCKED,1.42,0.615,0.0,1.0,0,BLOCKED,1.42,0.435,0.0,1.0,0,BLOCKED,1.42,0.48,0.0,1.0,0,BLOCKED,1.42,0.6,0.0,1.0,0,BLOCKED,1.42,0.495,0.0,1.0,0,BLOCKED
1530,2.5775,0.555,0.5,1.0,1,SELECTED,2.33,0.39,0.5,1.0,1,SELECTED,2.6225,0.585,0.5,1.0,1,SELECTED,1.42,0.57,0.0,1.0,0,BLOCKED,1.42,0.525,0.0,1.0,0,BLOCKED,1.42,0.615,0.0,1.0,0,BLOCKED,1.42,0.435,0.0,1.0,0,BLOCKED,1.42,0.48,0.0,1.0,0,BLOCKED,1.42,0.6,0.0,1.0,0,BLOCKED,1.42,0.495,0.0,1.0,0,BLOCKED
1536,2.6675,0.555,0.5,1.0,1,SELECTED,2.33,0.39,0.5,1.0,1,SELECTED,2.7125,0.585,0.5,1.0,1,SELECTED,1.42,0.57,0.0,1.0,0,BLOCKED,1.42,0.525,0.0,1.0,0,BLOCKED,1.42,0.615,0.0,1.0,0,BLOCKED,1.42,0.435,0.0,1.0,0,BLOCKED,1.42,0.48,0.0,1.0,0,BLOCKED,1.42,0.6,0.0,1.0,0,BLOCKED,1.42,0.495,0.0,1.0,0,BLOCKED
1542,2.5775,0.555,0.5,1.0,1,SELECTED,2.33,0.39,0.5,1.0,1,SELECTED,2.6225,0.585,0.5,1.0,1,SELECTED,1.42,0.57,0.0,1.0,0,BLOCKED,1.42,0.525,0.0,1.0,0,BLOCKED,1.42,0.615,0.0,1.0,0,BLOCKED,1.42,0.435,0.0,1.0,0,BLOCKED,1.42,0.48,0.0,1.0,0,BLOCKED,1.42,0.6,0.0,1.0,0,BLOCKED,1.42,0.495,0.0,1.0,0,BLOCKED
1548,2.5775,0.555,0.5,1.0,1,SELECTED,2.33,0.39,0.5,1.0,1,SELECTED,2.7125,0.585,0.5,1.0,1,SELECTED,1.42,0.57,0.0,1.0,0,BLOCKED,1.42,0.525,0.0,1.0,0,BLOCKED,1.42,0.615,0.0,1.0,0,BLOCKED,1.42,0.435,0.0,1.0,0,BLOCKED,1.42,0.48,0.0,1.0,0,BLOCKED,1.42,0.6,0.0,1.0,0,BLOCKED,1.42,0.495,0.0,1.0,0,BLOCKED
1554,2.6675,0.555,0.5,1.0,1,SELECTED,2.33,0.39,0.5,1.0,1,SELECTED,2.6225,0.585,0.5,1.0,1,SELECTED,1.42,0.57,0.0,1.0,0,BLOCKED,1.42,0.525,0.0,1.0,0,BLOCKED,1.42,0.615,0.0,1.0,0,BLOCKED,1.42,0.435,0.0,1.0,0,BLOCKED,1.42,0.48,0.0,1.0,0,BLOCKED,1.42,0.6,0.0,1.0,0,BLOCKED,1.42,0.495,0.0,1.0,0,BLOCKED
1560,2.5775,0.555,0.5,1.0,1,SELECTED,2.42,0.39,0.5,1.0,1,SELECTED,2.6225,0.585,0.5,1.0,1,SELECTED,1.42,0.57,0.0,1.0,0,BLOCKED,1.42,0.525,0.0,1.0,0,BLOCKED,1.42,0.615,0.0,1.0,0,BLOCKED,1.42,0.435,0.0,1.0,0,BLOCKED,1.42,0.48,0.0,1.0,0,BLOCKED,1.42,0.6,0.0,1.0,0,BLOCKED,1.42,0.495,0.0,1.0,0,BLOCKED
1566,2.6675,0.555,0.5,1.0,1,SELECTED,2.33,0.39,0.5,1.0,1,SELECTED,2.6225,0.585,0.5,1.0,1,SELECTED,1.42,0.57,0.0,1.0,0,BLOCKED,1.42,0.525,0.0,1.0,0,BLOCKED,1.42,0.615,0.0,1.0,0,BLOCKED,1.42,0.435,0.0,1.0,0,BLOCKED,1.42,0.48,0.0,1.0,0,BLOCKED,1.42,0.6,0.0,1.0,0,BLOCKED,1.42,0.495,0.0,1.0,0,BLOCKED
1572,2.5775,0.555,0.5,1.0,1,SELECTED,2.33,0.39,0.5,1.0,1,SELECTED,2.6225,0.585,0.5,1.0,1,SELECTED,1.42,0.57,0.0,1.0,0,BLOCKED,1.42,0.525,0.0,1.0,0,BLOCKED,1.42,0.615,0.0,1.0,0,BLOCKED,1.42,0.435,0.0,1.0,0,BLOCKED,1.42,0.48,0.0,1.0,0,BLOCKED,1.42,0.6,0.0,1.0,0,BLOCKED,1.42,0.495,0.0,1.0,0,BLOCKED
1578,2.5775,0.555,0.5,1.0,1,SELECTED,2.33,0.39,0.5,1.0,1,SELECTED,2.6225,0.585,0.5,1.0,1,SELECTED,1.42,0.57,0.0,1.0,0,BLOCKED,1.42,0.525,0.0,1.0,0,BLOCKED,1.42,0.615,0.0,1.0,0,BLOCKED,1.42,0.435,0.0,1.0,0,BLOCKED,1.42,0.48,0.0,1.0,0,BLOCKED,1.42,0.6,0.0,1.0,0,BLOCKED,1.42,0.495,0.0,1.0,0,BLOCKED
1584,2.6675,0.555,0.5,1.0,1,SELECTED,2.33,0.39,0.5,1.0,1,SELECTED,2.7125,0.585,0.5,1.0,1,SELECTED,1.42,0.57,0.0,1.0,0,BLOCKED,1.42,0.525,0.0,1.0,0,BLOCKED,1.42,0.615,0.0,1.0,0,BLOCKED,1.42,0.435,0.0,1.0,0,BLOCKED,1.42,0.48,0.0,1.0,0,BLOCKED,1.42,0.6,0.0,1.0,0,BLOCKED,1.42,0.495,0.0,1.0,0,BLOCKED
1590,2.6675,0.555,0.5,1.0,1,SELECTED,2.33,0.39,0.5,1.0,1,SELECTED,2.6225,0.585,0.5,1.0,1,SELECTED,1.42,0.57,0.0,1.0,0,BLOCKED,1.42,0.525,0.0,1.0,0,BLOCKED,1.42,0.615,0.0,1.0,0,BLOCKED,1.42,0.435,0.0,1.0,0,BLOCKED,1.42,0.48,0.0,1.0,0,BLOCKED,1.42,0.6,0.0,1.0,0,BLOCKED,1.42,0.495,0.0,1.0,0,BLOCKED
1596,2.6675,0.555,0.5,1.0,1,SELECTED,2.42,0.39,0.5,1.0,1,SELECTED,2.7125,0.585,0.5,1.0,1,SELECTED,1.42,0.57,0.0,1.0,0,BLOCKED,1.42,0.525,0.0,1.0,0,BLOCKED,1.42,0.615,0.0,1.0,0,BLOCKED,1.42,0.435,0.0,1.0,0,BLOCKED,1.42,0.48,0.0,1.0,0,BLOCKED,1.42,0.6,0.0,1.0,0,BLOCKED,1.42,0.495,0.0,1.0,0,BLOCKED
1602,2.5775,0.555,0.5,1.0,1,SELECTED,2.33,0.39,0.5,1.0,1,SELECTED,2.6225,0.585,0.5,1.0,1,SELECTED,1.42,0.57,0.0,1.0,0,BLOCKED,1.42,0.525,0.0,1.0,0,BLOCKED,1.42,0.615,0.0,1.0,0,BLOCKED,1.42,0.435,0.0,1.0,0,BLOCKED,1.42,0.48,0.0,1.0,0,BLOCKED,1.42,0.6,0.0,1.0,0,BLOCKED,1.42,0.495,0.0,1.0,0,BLOCKED
1608,2.5775,0.555,0.5,1.0,1,SELECTED,2.33,0.39,0.5,1.0,1,SELECTED,2.6225,0.585,0.5,1.0,1,SELECTED,1.42,0.57,0.0,1.0,0,BLOCKED,1.42,0.525,0.0,1.0,0,BLOCKED,1.42,0.615,0.0,1.0,0,BLOCKED,1.42,0.435,0.0,1.0,0,BLOCKED,1.42,0.48,0.0,1.0,0,BLOCKED,1.42,0.6,0.0,1.0,0,BLOCKED,1.42,0.495,0.0,1.0,0,BLOCKED
1614,2.6675,0.555,0.5,1.0,1,SELECTED,2.33,0.39,0.5,1.0,1,SELECTED,2.6225,0.585,0.5,1.0,1,SELECTED,1.42,0.57,0.0,1.0,0,BLOCKED,1.42,0.525,0.0,1.0,0,BLOCKED,1.42,0.615,0.0,1.0,0,BLOCKED,1.42,0.435,0.0,1.0,0,BLOCKED,1.42,0.48,0.0,1.0,0,BLOCKED,1.42,0.6,0.0,1.0,0,BLOCKED,1.42,0.495,0.0,1.0,0,BLOCKED
1620,2.5775,0.555,0.5,1.0,1,SELECTED,2.33,0.39,0.5,1.0,1,SELECTED,2.7125,0.585,0.5,1.0,1,SELECTED,1.42,0.57,0.0,1.0,0,BLOCKED,1.42,0.525,0.0,1.0,0,BLOCKED,1.42,0.615,0.0,1.0,0,BLOCKED,1.42,0.435,0.0,1.0,0,BLOCKED,1.42,0.48,0.0,1.0,0,BLOCKED,1.42,0.6,0.0,1.0,0,BLOCKED,1.42,0.495,0.0,1.0,0,BLOCKED
1626,2.5775,0.555,0.5,1.0,1,SELECTED,2.33,0.39,0.5,1.0,1,SELECTED,2.7125,0.585,0.5,1.0,1,SELECTED,1.42,0.57,0.0,1.0,0,BLOCKED,1.42,0.525,0.0,1.0,0,BLOCKED,1.42,0.615,0.0,1.0,0,BLOCKED,1.42,0.435,0.0,1.0,0,BLOCKED,1.42,0.48,0.0,1.0,0,BLOCKED,1.42,0.6,0.0,1.0,0,BLOCKED,1.42,0.495,0.0,1.0,0,BLOCKED
1632,2.5775,0.555,0.5,1.0,1,SELECTED,2.33,0.39,0.5,1.0,1,SELECTED,2.6225,0.585,0.5,1.0,1,SELECTED,1.42,0.57,0.0,1.0,0,BLOCKED,1.42,0.525,0.0,1.0,0,BLOCKED,1.42,0.615,0.0,1.0,0,BLOCKED,1.42,0.435,0.0,1.0,0,BLOCKED,1.42,0.48,0.0,1.0,0,BLOCKED,1.42,0.6,0.0,1.0,0,BLOCKED,1.42,0.495,0.0,1.0,0,BLOCKED
1638,2.6675,0.555,0.5,1.0,1,SELECTED,2.33,0.39,0.5,1.0,1,SELECTED,2.6225,0.585,0.5,1.0,1,SELECTED,1.42,0.57,0.0,1.0,0,BLOCKED,1.42,0.525,0.0,1.0,0,BLOCKED,1.42,0.615,0.0,1.0,0,BLOCKED,1.42,0.435,0.0,1.0,0,BLOCKED,1.42,0.48,0.0,1.0,0,BLOCKED,1.42,0.6,0.0,1.0,0,BLOCKED,1.42,0.495,0.0,1.0,0,BLOCKED
1644,2.6675,0.555,0.5,1.0,1,SELECTED,2.42,0.39,0.5,1.0,1,SELECTED,2.7125,0.585,0.5,1.0,1,SELECTED,1.42,0.57,0.0,1.0,0,BLOCKED,1.42,0.525,0.0,1.0,0,BLOCKED,1.42,0.615,0.0,1.0,0,BLOCKED,1.42,0.435,0.0,1.0,0,BLOCKED,1.42,0.48,0.0,1.0,0,BLOCKED,1.42,0.6,0.0,1.0,0,BLOCKED,1.42,0.495,0.0,1.0,0,BLOCKED
1650,2.5775,0.555,0.5,1.0,1,SELECTED,2.42,0.39,0.5,1.0,1,SELECTED,2.6225,0.585,0.5,1.0,1,SELECTED,1.42,0.57,0.0,1.0,0,BLOCKED,1.42,0.525,0.0,1.0,0,BLOCKED,1.42,0.615,0.0,1.0,0,BLOCKED,1.42,0.435,0.0,1.0,0,BLOCKED,1.42,0.48,0.0,1.0,0,BLOCKED,1.42,0.6,0.0,1.0,0,BLOCKED,1.42,0.495,0.0,1.0,0,BLOCKED
1656,2.6675,0.555,0.5,1.0,1,SELECTED,2.33,0.39,0.5,1.0,1,SELECTED,2.7125,0.585,0.5,1.0,1,SELECTED,1.42,0.57,0.0,1.0,0,BLOCKED,1.42,0.525,0.0,1.0,0,BLOCKED,1.42,0.615,0.0,1.0,0,BLOCKED,1.42,0.435,0.0,1.0,0,BLOCKED,1.42,0.48,0.0,1.0,0,BLOCKED,1.42,0.6,0.0,1.0,0,BLOCKED,1.42,0.495,0.0,1.0,0,BLOCKED
1662,2.5775,0.555,0.5,1.0,1,SELECTED,2.33,0.39,0.5,1.0,1,SELECTED,2.6225,0.585,0.5,1.0,1,SELECTED,1.42,0.57,0.0,1.0,0,BLOCKED,1.42,0.525,0.0,1.0,0,BLOCKED,1.42,0.615,0.0,1.0,0,BLOCKED,1.42,0.435,0.0,1.0,0,BLOCKED,1.42,0.48,0.0,1.0,0,BLOCKED,1.42,0.6,0.0,1.0,0,BLOCKED,1.42,0.495,0.0,1.0,0,BLOCKED
1668,2.6675,0.555,0.5,1.0,1,SELECTED,2.42,0.39,0.5,1.0,1,SELECTED,2.6225,0.585,0.5,1.0,1,SELECTED,1.42,0.57,0.0,1.0,0,BLOCKED,1.42,0.525,0.0,1.0,0,BLOCKED,1.42,0.615,0.0,1.0,0,BLOCKED,1.42,0.435,0.0,1.0,0,BLOCKED,1.42,0.48,0.0,1.0,0,BLOCKED,1.42,0.6,0.0,1.0,0,BLOCKED,1.42,0.495,0.0,1.0,0,BLOCKED
1674,2.6675,0.555,0.5,1.0,1,SELECTED,2.33,0.39,0.5,1.0,1,SELECTED,2.6225,0.585,0.5,1.0,1,SELECTED,1.42,0.57,0.0,1.0,0,BLOCKED,1.42,0.525,0.0,1.0,0,BLOCKED,1.42,0.615,0.0,1.0,0,BLOCKED,1.42,0.435,0.0,1.0,0,BLOCKED,1.42,0.48,0.0,1.0,0,BLOCKED,1.42,0.6,0.0,1.0,0,BLOCKED,1.42,0.495,0.0,1.0,0,BLOCKED
1680,2.5775,0.555,0.5,1.0,1,SELECTED,2.42,0.39,0.5,1.0,1,SELECTED,2.7125,0.585,0.5,1.0,1,SELECTED,1.42,0.57,0.0,1.0,0,BLOCKED,1.42,0.525,0.0,1.0,0,BLOCKED,1.42,0.615,0.0,1.0,0,BLOCKED,1.42,0.435,0.0,1.0,0,BLOCKED,1.42,0.48,0.0,1.0,0,BLOCKED,1.42,0.6,0.0,1.0,0,BLOCKED,1.42,0.495,0.0,1.0,0,BLOCKED
1686,2.6675,0.555,0.5,1.0,1,SELECTED,2.42,0.39,0.5,1.0,1,SELECTED,2.7125,0.585,0.5,1.0,1,SELECTED,1.42,0.57,0.0,1.0,0,BLOCKED,1.42,0.525,0.0,1.0,0,BLOCKED,1.42,0.615,0.0,1.0,0,BLOCKED,1.42,0.435,0.0,1.0,0,BLOCKED,1.42,0.48,0.0,1.0,0,BLOCKED,1.42,0.6,0.0,1.0,0,BLOCKED,1.42,0.495,0.0,1.0,0,BLOCKED
1692,2.6675,0.555,0.5,1.0,1,SELECTED,2.33,0.39,0.5,1.0,1,SELECTED,2.7125,0.585,0.5,1.0,1,SELECTED,1.42,0.57,0.0,1.0,0,BLOCKED,1.42,0.525,0.0,1.0,0,BLOCKED,1.42,0.615,0.0,1.0,0,BLOCKED,1.42,0.435,0.0,1.0,0,BLOCKED,1.42,0.48,0.0,1.0,0,BLOCKED,1.42,0.6,0.0,1.0,0,BLOCKED,1.42,0.495,0.0,1.0,0,BLOCKED
1698,2.5775,0.555,0.5,1.0,1,SELECTED,2.33,0.39,0.5,1.0,1,SELECTED,2.7125,0.585,0.5,1.0,1,SELECTED,1.42,0.57,0.0,1.0,0,BLOCKED,1.42,0.525,0.0,1.0,0,BLOCKED,1.42,0.615,0.0,1.0,0,BLOCKED,1.42,0.435,0.0,1.0,0,BLOCKED,1.42,0.48,0.0,1.0,0,BLOCKED,1.42,0.6,0.0,1.0,0,BLOCKED,1.42,0.495,0.0,1.0,0,BLOCKED
1704,2.5775,0.555,0.5,1.0,1,SELECTED,2.33,0.39,0.5,1.0,1,SELECTED,2.6225,0.585,0.5,1.0,1,SELECTED,1.42,0.57,0.0,1.0,0,BLOCKED,1.42,0.525,0.0,1.0,0,BLOCKED,1.42,0.615,0.0,1.0,0,BLOCKED,1.42,0.435,0.0,1.0,0,BLOCKED,1.42,0.48,0.0,1.0,0,BLOCKED,1.42,0.6,0.0,1.0,0,BLOCKED,1.42,0.495,0.0,1.0,0,BLOCKED
1710,2.5775,0.555,0.5,1.0,1,SELECTED,2.42,0.39,0.5,1.0,1,SELECTED,2.6225,0.585,0.5,1.0,1,SELECTED,1.42,0.57,0.0,1.0,0,BLOCKED,1.42,0.525,0.0,1.0,0,BLOCKED,1.42,0.615,0.0,1.0,0,BLOCKED,1.42,0.435,0.0,1.0,0,BLOCKED,1.42,0.48,0.0,1.0,0,BLOCKED,1.42,0.6,0.0,1.0,0,BLOCKED,1.42,0.495,0.0,1.0,0,BLOCKED
1716,2.5775,0.555,0.5,1.0,1,SELECTED,2.33,0.39,0.5,1.0,1,SELECTED,2.7125,0.585,0.5,1.0,1,SELECTED,1.42,0.57,0.0,1.0,0,BLOCKED,1.42,0.525,0.0,1.0,0,BLOCKED,1.42,0.615,0.0,1.0,0,BLOCKED,1.42,0.435,0.0,1.0,0,BLOCKED,1.42,0.48,0.0,1.0,0,BLOCKED,1.42,0.6,0.0,1.0,0,BLOCKED,1.42,0.495,0.0,1.0,0,BLOCKED
1722,2.6675,0.555,0.5,1.0,1,SELECTED,2.42,0.39,0.5,1.0,1,SELECTED,2.7125,0.585,0.5,1.0,1,SELECTED,1.42,0.57,0.0,1.0,0,BLOCKED,1.42,0.525,0.0,1.0,0,BLOCKED,1.42,0.615,0.0,1.0,0,BLOCKED,1.42,0.435,0.0,1.0,0,BLOCKED,1.42,0.48,0.0,1.0,0,BLOCKED,1.42,0.6,0.0,1.0,0,BLOCKED,1.42,0.495,0.0,1.0,0,BLOCKED
1728,2.6675,0.555,0.5,1.0,1,SELECTED,2.33,0.39,0.5,1.0,1,SELECTED,2.6225,0.585,0.5,1.0,1,SELECTED,1.42,0.57,0.0,1.0,0,BLOCKED,1.42,0.525,0.0,1.0,0,BLOCKED,1.42,0.615,0.0,1.0,0,BLOCKED,1.42,0.435,0.0,1.0,0,BLOCKED,1.42,0.48,0.0,1.0,0,BLOCKED,1.42,0.6,0.0,1.0,0,BLOCKED,1.42,0.495,0.0,1.0,0,BLOCKED
1734,2.5775,0.555,0.5,1.0,1,SELECTED,2.33,0.39,0.5,1.0,1,SELECTED,2.7125,0.585,0.5,1.0,1,SELECTED,1.42,0.57,0.0,1.0,0,BLOCKED,1.42,0.525,0.0,1.0,0,BLOCKED,1.42,0.615,0.0,1.0,0,BLOCKED,1.42,0.435,0.0,1.0,0,BLOCKED,1.42,0.48,0.0,1.0,0,BLOCKED,1.42,0.6,0.0,1.0,0,BLOCKED,1.42,0.495,0.0,1.0,0,BLOCKED
1740,2.6675,0.555,0.5,1.0,1,SELECTED,2.33,0.39,0.5,1.0,1,SELECTED,2.6225,0.585,0.5,1.0,1,SELECTED,1.42,0.57,0.0,1.0,0,BLOCKED,1.42,0.525,0.0,1.0,0,BLOCKED,1.42,0.615,0.0,1.0,0,BLOCKED,1.42,0.435,0.0,1.0,0,BLOCKED,1.42,0.48,0.0,1.0,0,BLOCKED,1.42,0.6,0.0,1.0,0,BLOCKED,1.42,0.495,0.0,1.0,0,BLOCKED
1746,2.5775,0.555,0.5,1.0,1,SELECTED,2.42,0.39,0.5,1.0,1,SELECTED,2.6225,0.585,0.5,1.0,1,SELECTED,1.42,0.57,0.0,1.0,0,BLOCKED,1.42,0.525,0.0,1.0,0,BLOCKED,1.42,0.615,0.0,1.0,0,BLOCKED,1.42,0.435,0.0,1.0,0,BLOCKED,1.42,0.48,0.0,1.0,0,BLOCKED,1.42,0.6,0.0,1.0,0,BLOCKED,1.42,0.495,0.0,1.0,0,BLOCKED
1752,2.5775,0.555,0.5,1.0,1,SELECTED,2.33,0.39,0.5,1.0,1,SELECTED,2.6225,0.585,0.5,1.0,1,SELECTED,1.42,0.57,0.0,1.0,0,BLOCKED,1.42,0.525,0.0,1.0,0,BLOCKED,1.42,0.615,0.0,1.0,0,BLOCKED,1.42,0.435,0.0,1.0,0,BLOCKED,1.42,0.48,0.0,1.0,0,BLOCKED,1.42,0.6,0.0,1.0,0,BLOCKED,1.42,0.495,0.0,1.0,0,BLOCKED
1758,2.5775,0.555,0.5,1.0,1,SELECTED,2.42,0.39,0.5,1.0,1,SELECTED,2.6225,0.585,0.5,1.0,1,SELECTED,1.42,0.57,0.0,1.0,0,BLOCKED,1.42,0.525,0.0,1.0,0,BLOCKED,1.42,0.615,0.0,1.0,0,BLOCKED,1.42,0.435,0.0,1.0,0,BLOCKED,1.42,0.48,0.0,1.0,0,BLOCKED,1.42,0.6,0.0,1.0,0,BLOCKED,1.42,0.495,0.0,1.0,0,BLOCKED
1764,2.6675,0.555,0.5,1.0,1,SELECTED,2.33,0.39,0.5,1.0,1,SELECTED,2.6225,0.585,0.5,1.0,1,SELECTED,1.42,0.57,0.0,1.0,0,BLOCKED,1.42,0.525,0.0,1.0,0,BLOCKED,1.42,0.615,0.0,1.0,0,BLOCKED,1.42,0.435,0.0,1.0,0,BLOCKED,1.42,0.48,0.0,1.0,0,BLOCKED,1.42,0.6,0.0,1.0,0,BLOCKED,1.42,0.495,0.0,1.0,0,BLOCKED
1770,2.5775,0.555,0.5,1.0,1,SELECTED,2.42,0.39,0.5,1.0,1,SELECTED,2.7125,0.585,0.5,1.0,1,SELECTED,1.42,0.57,0.0,1.0,0,BLOCKED,1.42,0.525,0.0,1.0,0,BLOCKED,1.42,0.615,0.0,1.0,0,BLOCKED,1.42,0.435,0.0,1.0,0,BLOCKED,1.42,0.48,0.0,1.0,0,BLOCKED,1.42,0.6,0.0,1.0,0,BLOCKED,1.42,0.495,0.0,1.0,0,BLOCKED
1776,2.6675,0.555,0.5,1.0,1,SELECTED,2.33,0.39,0.5,1.0,1,SELECTED,2.7125,0.585,0.5,1.0,1,SELECTED,1.42,0.57,0.0,1.0,0,BLOCKED,1.42,0.525,0.0,1.0,0,BLOCKED,1.42,0.615,0.0,1.0,0,BLOCKED,1.42,0.435,0.0,1.0,0,BLOCKED,1.42,0.48,0.0,1.0,0,BLOCKED,1.42,0.6,0.0,1.0,0,BLOCKED,1.42,0.495,0.0,1.0,0,BLOCKED
1782,2.6675,0.555,0.5,1.0,1,SELECTED,2.33,0.39,0.5,1.0,1,SELECTED,2.6225,0.585,0.5,1.0,1,SELECTED,1.42,0.57,0.0,1.0,0,BLOCKED,1.42,0.525,0.0,1.0,0,BLOCKED,1.42,0.615,0.0,1.0,0,BLOCKED,1.42,0.435,0.0,1.0,0,BLOCKED,1.42,0.48,0.0,1.0,0,BLOCKED,1.42,0.6,0.0,1.0,0,BLOCKED,1.42,0.495,0.0,1.0,0,BLOCKED
1788,2.5775,0.555,0.5,1.0,1,SELECTED,2.42,0.39,0.5,1.0,1,SELECTED,2.6225,0.585,0.5,1.0,1,SELECTED,1.42,0.57,0.0,1.0,0,BLOCKED,1.42,0.525,0.0,1.0,0,BLOCKED,1.42,0.615,0.0,1.0,0,BLOCKED,1.42,0.435,0.0,1.0,0,BLOCKED,1.42,0.48,0.0,1.0,0,BLOCKED,1.42,0.6,0.0,1.0,0,BLOCKED,1.42,0.495,0.0,1.0,0,BLOCKED
1794,2.6675,0.555,0.5,1.0,1,SELECTED,2.33,0.39,0.5,1.0,1,SELECTED,2.6225,0.585,0.5,1.0,1,SELECTED,1.42,0.57,0.0,1.0,0,BLOCKED,1.42,0.525,0.0,1.0,0,BLOCKED,1.42,0.615,0.0,1.0,0,BLOCKED,1.42,0.435,0.0,1.0,0,BLOCKED,1.42,0.48,0.0,1.0,0,BLOCKED,1.42,0.6,0.0,1.0,0,BLOCKED,1.42,0.495,0.0,1.0,0,BLOCKED
1800,2.4425,0.465,0.5,1.0,1,SELECTED,2.42,0.39,0.5,1.0,1,SELECTED,2.7125,0.585,0.5,1.0,1,SELECTED,1.42,0.66,0.0,1.0,0,BLOCKED,1.42,0.48,0.0,1.0,0,BLOCKED,1.42,0.615,0.0,1.0,0,BLOCKED,1.42,0.435,0.0,1.0,0,BLOCKED,1.42,0.525,0.0,1.0,0,BLOCKED,1.42,0.555,0.0,1.0,0,BLOCKED,1.42,0.495,0.0,1.0,0,BLOCKED
1806,2.5325,0.465,0.5,1.0,1,SELECTED,2.33,0.39,0.5,1.0,1,SELECTED,2.6225,0.585,0.5,1.0,1,SELECTED,1.42,0.66,0.0,1.0,0,BLOCKED,1.42,0.48,0.0,1.0,0,BLOCKED,1.42,0.615,0.0,1.0,0,BLOCKED,1.42,0.435,0.0,1.0,0,BLOCKED,1.42,0.525,0.0,1.0,0,BLOCKED,1.42,0.555,0.0,1.0,0,BLOCKED,1.42,0.495,0.0,1.0,0,BLOCKED
1812,2.4425,0.465,0.5,1.0,1,SELECTED,2.33,0.39,0.5,1.0,1,SELECTED,2.6225,0.585,0.5,1.0,1,SELECTED,1.42,0.66,0.0,1.0,0,BLOCKED,1.42,0.48,0.0,1.0,0,BLOCKED,1.42,0.615,0.0,1.0,0,BLOCKED,1.42,0.435,0.0,1.0,0,BLOCKED,1.42,0.525,0.0,1.0,0,BLOCKED,1.42,0.555,0.0,1.0,0,BLOCKED,1.42,0.495,0.0,1.0,0,BLOCKED
1818,2.5325,0.465,0.5,1.0,1,SELECTED,2.42,0.39,0.5,1.0,1,SELECTED,2.6225,0.585,0.5,1.0,1,SELECTED,1.42,0.66,0.0,1.0,0,BLOCKED,1.42,0.48,0.0,1.0,0,BLOCKED,1.42,0.615,0.0,1.0,0,BLOCKED,1.42,0.435,0.0,1.0,0,BLOCKED,1.42,0.525,0.0,1.0,0,BLOCKED,1.42,0.555,0.0,1.0,0,BLOCKED,1.42,0.495,0.0,1.0,0,BLOCKED
1824,2.5325,0.465,0.5,1.0,1,SELECTED,2.33,0.39,0.5,1.0,1,SELECTED,2.7125,0.585,0.5,1.0,1,SELECTED,1.42,0.66,0.0,1.0,0,BLOCKED,1.42,0.48,0.0,1.0,0,BLOCKED,1.42,0.615,0.0,1.0,0,BLOCKED,1.42,0.435,0.0,1.0,0,BLOCKED,1.42,0.525,0.0,1.0,0,BLOCKED,1.42,0.555,0.0,1.0,0,BLOCKED,1.42,0.495,0.0,1.0,0,BLOCKED
1830,2.4425,0.465,0.5,1.0,1,SELECTED,2.42,0.39,0.5,1.0,1,SELECTED,2.7125,0.585,0.5,1.0,1,SELECTED,1.42,0.66,0.0,1.0,0,BLOCKED,1.42,0.48,0.0,1.0,0,BLOCKED,1.42,0.615,0.0,1.0,0,BLOCKED,1.42,0.435,0.0,1.0,0,BLOCKED,1.42,0.525,0.0,1.0,0,BLOCKED,1.42,0.555,0.0,1.0,0,BLOCKED,1.42,0.495,0.0,1.0,0,BLOCKED
1836,2.5325,0.465,0.5,1.0,1,SELECTED,2.33,0.39,0.5,1.0,1,SELECTED,2.6225,0.585,0.5,1.0,1,SELECTED,1.42,0.66,0.0,1.0,0,BLOCKED,1.42,0.48,0.0,1.0,0,BLOCKED,1.42,0.615,0.0,1.0,0,BLOCKED,1.42,0.435,0.0,1.0,0,BLOCKED,1.42,0.525,0.0,1.0,0,BLOCKED,1.42,0.555,0.0,1.0,0,BLOCKED,1.42,0.495,0.0,1.0,0,BLOCKED
1842,2.4425,0.465,0.5,1.0,1,SELECTED,2.33,0.39,0.5,1.0,1,SELECTED,2.7125,0.585,0.5,1.0,1,SELECTED,1.42,0.66,0.0,1.0,0,BLOCKED,1.42,0.48,0.0,1.0,0,BLOCKED,1.42,0.615,0.0,1.0,0,BLOCKED,1.42,0.435,0.0,1.0,0,BLOCKED,1.42,0.525,0.0,1.0,0,BLOCKED,1.42,0.555,0.0,1.0,0,BLOCKED,1.42,0.495,0.0,1.0,0,BLOCKED
1848,2.4425,0.465,0.5,1.0,1,SELECTED,2.33,0.39,0.5,1.0,1,SELECTED,2.7125,0.585,0.5,1.0,1,SELECTED,1.42,0.66,0.0,1.0,0,BLOCKED,1.42,0.48,0.0,1.0,0,BLOCKED,1.42,0.615,0.0,1.0,0,BLOCKED,1.42,0.435,0.0,1.0,0,BLOCKED,1.42,0.525,0.0,1.0,0,BLOCKED,1.42,0.555,0.0,1.0,0,BLOCKED,1.42,0.495,0.0,1.0,0,BLOCKED
1854,2.5325,0.465,0.5,1.0,1,SELECTED,2.33,0.39,0.5,1.0,1,SELECTED,2.6225,0.585,0.5,1.0,1,SELECTED,1.42,0.66,0.0,1.0,0,BLOCKED,1.42,0.48,0.0,1.0,0,BLOCKED,1.42,0.615,0.0,1.0,0,BLOCKED,1.42,0.435,0.0,1.0,0,BLOCKED,1.42,0.525,0.0,1.0,0,BLOCKED,1.42,0.555,0.0,1.0,0,BLOCKED,1.42,0.495,0.0,1.0,0,BLOCKED
1860,2.4425,0.465,0.5,1.0,1,SELECTED,2.42,0.39,0.5,1.0,1,SELECTED,2.6225,0.585,0.5,1.0,1,SELECTED,1.42,0.66,0.0,1.0,0,BLOCKED,1.42,0.48,0.0,1.0,0,BLOCKED,1.42,0.615,0.0,1.0,0,BLOCKED,1.42,0.435,0.0,1.0,0,BLOCKED,1.42,0.525,0.0,1.0,0,BLOCKED,1.42,0.555,0.0,1.0,0,BLOCKED,1.42,0.495,0.0,1.0,0,BLOCKED
1866,2.5325,0.465,0.5,1.0,1,SELECTED,2.42,0.39,0.5,1.0,1,SELECTED,2.6225,0.585,0.5,1.0,1,SELECTED,1.42,0.66,0.0,1.0,0,BLOCKED,1.42,0.48,0.0,1.0,0,BLOCKED,1.42,0.615,0.0,1.0,0,BLOCKED,1.42,0.435,0.0,1.0,0,BLOCKED,1.42,0.525,0.0,1.0,0,BLOCKED,1.42,0.555,0.0,1.0,0,BLOCKED,1.42,0.495,0.0,1.0,0,BLOCKED
1872,2.4425,0.465,0.5,1.0,1,SELECTED,2.33,0.39,0.5,1.0,1,SELECTED,2.7125,0.585,0.5,1.0,1,SELECTED,1.42,0.66,0.0,1.0,0,BLOCKED,1.42,0.48,0.0,1.0,0,BLOCKED,1.42,0.615,0.0,1.0,0,BLOCKED,1.42,0.435,0.0,1.0,0,BLOCKED,1.42,0.525,0.0,1.0,0,BLOCKED,1.42,0.555,0.0,1.0,0,BLOCKED,1.42,0.495,0.0,1.0,0,BLOCKED
1878,2.5325,0.465,0.5,1.0,1,SELECTED,2.33,0.39,0.5,1.0,1,SELECTED,2.7125,0.585,0.5,1.0,1,SELECTED,1.42,0.66,0.0,1.0,0,BLOCKED,1.42,0.48,0.0,1.0,0,BLOCKED,1.42,0.615,0.0,1.0,0,BLOCKED,1.42,0.435,0.0,1.0,0,BLOCKED,1.42,0.525,0.0,1.0,0,BLOCKED,1.42,0.555,0.0,1.0,0,BLOCKED,1.42,0.495,0.0,1.0,0,BLOCKED
1884,2.5325,0.465,0.5,1.0,1,SELECTED,2.33,0.39,0.5,1.0,1,SELECTED,2.7125,0.585,0.5,1.0,1,SELECTED,1.42,0.66,0.0,1.0,0,BLOCKED,1.42,0.48,0.0,1.0,0,BLOCKED,1.42,0.615,0.0,1.0,0,BLOCKED,1.42,0.435,0.0,1.0,0,BLOCKED,1.42,0.525,0.0,1.0,0,BLOCKED,1.42,0.555,0.0,1.0,0,BLOCKED,1.42,0.495,0.0,1.0,0,BLOCKED
1890,2.4425,0.465,0.5,1.0,1,SELECTED,2.33,0.39,0.5,1.0,1,SELECTED,2.6225,0.585,0.5,1.0,1,SELECTED,1.42,0.66,0.0,1.0,0,BLOCKED,1.42,0.48,0.0,1.0,0,BLOCKED,1.42,0.615,0.0,1.0,0,BLOCKED,1.42,0.435,0.0,1.0,0,BLOCKED,1.42,0.525,0.0,1.0,0,BLOCKED,1.42,0.555,0.0,1.0,0,BLOCKED,1.42,0.495,0.0,1.0,0,BLOCKED
1896,2.4425,0.465,0.5,1.0,1,SELECTED,2.42,0.39,0.5,1.0,1,SELECTED,2.7125,0.585,0.5,1.0,1,SELECTED,1.42,0.66,0.0,1.0,0,BLOCKED,1.42,0.48,0.0,1.0,0,BLOCKED,1.42,0.615,0.0,1.0,0,BLOCKED,1.42,0.435,0.0,1.0,0,BLOCKED,1.42,0.525,0.0,1.0,0,BLOCKED,1.42,0.555,0.0,1.0,0,BLOCKED,1.42,0.495,0.0,1.0,0,BLOCKED
1902,2.4425,0.465,0.5,1.0,1,SELECTED,2.33,0.39,0.5,1.0,1,SELECTED,2.6225,0.585,0.5,1.0,1,SELECTED,1.42,0.66,0.0,1.0,0,BLOCKED,1.42,0.48,0.0,1.0,0,BLOCKED,1.42,0.615,0.0,1.0,0,BLOCKED,1.42,0.435,0.0,1.0,0,BLOCKED,1.42,0.525,0.0,1.0,0,BLOCKED,1.42,0.555,0.0,1.0,0,BLOCKED,1.42,0.495,0.0,1.0,0,BLOCKED
1908,2.4425,0.465,0.5,1.0,1,SELECTED,2.42,0.39,0.5,1.0,1,SELECTED,2.6225,0.585,0.5,1.0,1,SELECTED,1.42,0.66,0.0,1.0,0,BLOCKED,1.42,0.48,0.0,1.0,0,BLOCKED,1.42,0.615,0.0,1.0,0,BLOCKED,1.42,0.435,0.0,1.0,0,BLOCKED,1.42,0.525,0.0,1.0,0,BLOCKED,1.42,0.555,0.0,1.0,0,BLOCKED,1.42,0.495,0.0,1.0,0,BLOCKED
1914,2.4425,0.465,0.5,1.0,1,SELECTED,2.42,0.39,0.5,1.0,1,SELECTED,2.6225,0.585,0.5,1.0,1,SELECTED,1.42,0.66,0.0,1.0,0,BLOCKED,1.42,0.48,0.0,1.0,0,BLOCKED,1.42,0.615,0.0,1.0,0,BLOCKED,1.42,0.435,0.0,1.0,0,BLOCKED,1.42,0.525,0.0,1.0,0,BLOCKED,1.42,0.555,0.0,1.0,0,BLOCKED,1.42,0.495,0.0,1.0,0,BLOCKED
1920,2.4425,0.465,0.5,1.0,1,SELECTED,2.42,0.39,0.5,1.0,1,SELECTED,2.6225,0.585,0.5,1.0,1,SELECTED,1.42,0.66,0.0,1.0,0,BLOCKED,1.42,0.48,0.0,1.0,0,BLOCKED,1.42,0.615,0.0,1.0,0,BLOCKED,1.42,0.435,0.0,1.0,0,BLOCKED,1.42,0.525,0.0,1.0,0,BLOCKED,1.42,0.555,0.0,1.0,0,BLOCKED,1.42,0.495,0.0,1.0,0,BLOCKED
1926,2.4425,0.465,0.5,1.0,1,SELECTED,2.33,0.39,0.5,1.0,1,SELECTED,2.6225,0.585,0.5,1.0,1,SELECTED,1.42,0.66,0.0,1.0,0,BLOCKED,1.42,0.48,0.0,1.0,0,BLOCKED,1.42,0.615,0.0,1.0,0,BLOCKED,1.42,0.435,0.0,1.0,0,BLOCKED,1.42,0.525,0.0,1.0,0,BLOCKED,1.42,0.555,0.0,1.0,0,BLOCKED,1.42,0.495,0.0,1.0,0,BLOCKED
1932,2.5325,0.465,0.5,1.0,1,SELECTED,2.33,0.39,0.5,1.0,1,SELECTED,2.7125,0.585,0.5,1.0,1,SELECTED,1.42,0.66,0.0,1.0,0,BLOCKED,1.42,0.48,0.0,1.0,0,BLOCKED,1.42,0.615,0.0,1.0,0,BLOCKED,1.42,0.435,0.0,1.0,0,BLOCKED,1.42,0.525,0.0,1.0,0,BLOCKED,1.42,0.555,0.0,1.0,0,BLOCKED,1.42,0.495,0.0,1.0,0,BLOCKED
1938,2.4425,0.465,0.5,1.0,1,SELECTED,2.42,0.39,0.5,1.0,1,SELECTED,2.6225,0.585,0.5,1.0,1,SELECTED,1.42,0.66,0.0,1.0,0,BLOCKED,1.42,0.48,0.0,1.0,0,BLOCKED,1.42,0.615,0.0,1.0,0,BLOCKED,1.42,0.435,0.0,1.0,0,BLOCKED,1.42,0.525,0.0,1.0,0,BLOCKED,1.42,0.555,0.0,1.0,0,BLOCKED,1.42,0.495,0.0,1.0,0,BLOCKED
1944,2.4425,0.465,0.5,1.0,1,SELECTED,2.33,0.39,0.5,1.0,1,SELECTED,2.6225,0.585,0.5,1.0,1,SELECTED,1.42,0.66,0.0,1.0,0,BLOCKED,1.42,0.48,0.0,1.0,0,BLOCKED,1.42,0.615,0.0,1.0,0,BLOCKED,1.42,0.435,0.0,1.0,0,BLOCKED,1.42,0.525,0.0,1.0,0,BLOCKED,1.42,0.555,0.0,1.0,0,BLOCKED,1.42,0.495,0.0,1.0,0,BLOCKED
1950,2.4425,0.465,0.5,1.0,1,SELECTED,2.33,0.39,0.5,1.0,1,SELECTED,2.6225,0.585,0.5,1.0,1,SELECTED,1.42,0.66,0.0,1.0,0,BLOCKED,1.42,0.48,0.0,1.0,0,BLOCKED,1.42,0.615,0.0,1.0,0,BLOCKED,1.42,0.435,0.0,1.0,0,BLOCKED,1.42,0.525,0.0,1.0,0,BLOCKED,1.42,0.555,0.0,1.0,0,BLOCKED,1.42,0.495,0.0,1.0,0,BLOCKED
1956,2.5325,0.465,0.5,1.0,1,SELECTED,2.42,0.39,0.5,1.0,1,SELECTED,2.7125,0.585,0.5,1.0,1,SELECTED,1.42,0.66,0.0,1.0,0,BLOCKED,1.42,0.48,0.0,1.0,0,BLOCKED,1.42,0.615,0.0,1.0,0,BLOCKED,1.42,0.435,0.0,1.0,0,BLOCKED,1.42,0.525,0.0,1.0,0,BLOCKED,1.42,0.555,0.0,1.0,0,BLOCKED,1.42,0.495,0.0,1.0,0,BLOCKED
1962,2.4425,0.465,0.5,1.0,1,SELECTED,2.42,0.39,0.5,1.0,1,SELECTED,2.6225,0.585,0.5,1.0,1,SELECTED,1.42,0.66,0.0,1.0,0,BLOCKED,1.42,0.48,0.0,1.0,0,BLOCKED,1.42,0.615,0.0,1.0,0,BLOCKED,1.42,0.435,0.0,1.0,0,BLOCKED,1.42,0.525,0.0,1.0,0,BLOCKED,1.42,0.555,0.0,1.0,0,BLOCKED,1.42,0.495,0.0,1.0,0,BLOCKED
1968,2.5325,0.465,0.5,1.0,1,SELECTED,2.33,0.39,0.5,1.0,1,SELECTED,2.7125,0.585,0.5,1.0,1,SELECTED,1.42,0.66,0.0,1.0,0,BLOCKED,1.42,0.48,0.0,1.0,0,BLOCKED,1.42,0.615,0.0,1.0,0,BLOCKED,1.42,0.435,0.0,1.0,0,BLOCKED,1.42,0.525,0.0,1.0,0,BLOCKED,1.42,0.555,0.0,1.0,0,BLOCKED,1.42,0.495,0.0,1.0,0,BLOCKED
1974,2.4425,0.465,0.5,1.0,1,SELECTED,2.33,0.39,0.5,1.0,1,SELECTED,2.6225,0.585,0.5,1.0,1,SELECTED,1.42,0.66,0.0,1.0,0,BLOCKED,1.42,0.48,0.0,1.0,0,BLOCKED,1.42,0.615,0.0,1.0,0,BLOCKED,1.42,0.435,0.0,1.0,0,BLOCKED,1.42,0.525,0.0,1.0,0,BLOCKED,1.42,0.555,0.0,1.0,0,BLOCKED,1.42,0.495,0.0,1.0,0,BLOCKED
1980,2.5325,0.465,0.5,1.0,1,SELECTED,2.42,0.39,0.5,1.0,1,SELECTED,2.6225,0.585,0.5,1.0,1,SELECTED,1.42,0.66,0.0,1.0,0,BLOCKED,1.42,0.48,0.0,1.0,0,BLOCKED,1.42,0.615,0.0,1.0,0,BLOCKED,1.42,0.435,0.0,1.0,0,BLOCKED,1.42,0.525,0.0,1.0,0,BLOCKED,1.42,0.555,0.0,1.0,0,BLOCKED,1.42,0.495,0.0,1.0,0,BLOCKED
1986,2.4425,0.465,0.5,1.0,1,SELECTED,2.33,0.39,0.5,1.0,1,SELECTED,2.6225,0.585,0.5,1.0,1,SELECTED,1.42,0.66,0.0,1.0,0,BLOCKED,1.42,0.48,0.0,1.0,0,BLOCKED,1.42,0.615,0.0,1.0,0,BLOCKED,1.42,0.435,0.0,1.0,0,BLOCKED,1.42,0.525,0.0,1.0,0,BLOCKED,1.42,0.555,0.0,1.0,0,BLOCKED,1.42,0.495,0.0,1.0,0,BLOCKED
1992,2.5325,0.465,0.5,1.0,1,SELECTED,2.33,0.39,0.5,1.0,1,SELECTED,2.7125,0.585,0.5,1.0,1,SELECTED,1.42,0.66,0.0,1.0,0,BLOCKED,1.42,0.48,0.0,1.0,0,BLOCKED,1.42,0.615,0.0,1.0,0,BLOCKED,1.42,0.435,0.0,1.0,0,BLOCKED,1.42,0.525,0.0,1.0,0,BLOCKED,1.42,0.555,0.0,1.0,0,BLOCKED,1.42,0.495,0.0,1.0,0,BLOCKED
1998,2.4425,0.465,0.5,1.0,1,SELECTED,2.42,0.39,0.5,1.0,1,SELECTED,2.6225,0.585,0.5,1.0,1,SELECTED,1.42,0.66,0.0,1.0,0,BLOCKED,1.42,0.48,0.0,1.0,0,BLOCKED,1.42,0.615,0.0,1.0,0,BLOCKED,1.42,0.435,0.0,1.0,0,BLOCKED,1.42,0.525,0.0,1.0,0,BLOCKED,1.42,0.555,0.0,1.0,0,BLOCKED,1.42,0.495,0.0,1.0,0,BLOCKED
2004,2.4425,0.465,0.5,1.0,1,SELECTED,2.33,0.39,0.5,1.0,1,SELECTED,2.7125,0.585,0.5,1.0,1,SELECTED,1.42,0.66,0.0,1.0,0,BLOCKED,1.42,0.48,0.0,1.0,0,BLOCKED,1.42,0.615,0.0,1.0,0,BLOCKED,1.42,0.435,0.0,1.0,0,BLOCKED,1.42,0.525,0.0,1.0,0,BLOCKED,1.42,0.555,0.0,1.0,0,BLOCKED,1.42,0.495,0.0,1.0,0,BLOCKED
2010,2.5325,0.465,0.5,1.0,1,SELECTED,2.42,0.39,0.5,1.0,1,SELECTED,2.6225,0.585,0.5,1.0,1,SELECTED,1.42,0.66,0.0,1.0,0,BLOCKED,1.42,0.48,0.0,1.0,0,BLOCKED,1.42,0.615,0.0,1.0,0,BLOCKED,1.42,0.435,0.0,1.0,0,BLOCKED,1.42,0.525,0.0,1.0,0,BLOCKED,1.42,0.555,0.0,1.0,0,BLOCKED,1.42,0.495,0.0,1.0,0,BLOCKED
2016,2.5325,0.465,0.5,1.0,1,SELECTED,2.42,0.39,0.5,1.0,1,SELECTED,2.7125,0.585,0.5,1.0,1,SELECTED,1.42,0.66,0.0,1.0,0,BLOCKED,1.42,0.48,0.0,1.0,0,BLOCKED,1.42,0.615,0.0,1.0,0,BLOCKED,1.42,0.435,0.0,1.0,0,BLOCKED,1.42,0.525,0.0,1.0,0,BLOCKED,1.42,0.555,0.0,1.0,0,BLOCKED,1.42,0.495,0.0,1.0,0,BLOCKED
2022,2.5325,0.465,0.5,1.0,1,SELECTED,2.33,0.39,0.5,1.0,1,SELECTED,2.7125,0.585,0.5,1.0,1,SELECTED,1.42,0.66,0.0,1.0,0,BLOCKED,1.42,0.48,0.0,1.0,0,BLOCKED,1.42,0.615,0.0,1.0,0,BLOCKED,1.42,0.435,0.0,1.0,0,BLOCKED,1.42,0.525,0.0,1.0,0,BLOCKED,1.42,0.555,0.0,1.0,0,BLOCKED,1.42,0.495,0.0,1.0,0,BLOCKED
2028,2.4425,0.465,0.5,1.0,1,SELECTED,2.33,0.39,0.5,1.0,1,SELECTED,2.6225,0.585,0.5,1.0,1,SELECTED,1.42,0.66,0.0,1.0,0,BLOCKED,1.42,0.48,0.0,1.0,0,BLOCKED,1.42,0.615,0.0,1.0,0,BLOCKED,1.42,0.435,0.0,1.0,0,BLOCKED,1.42,0.525,0.0,1.0,0,BLOCKED,1.42,0.555,0.0,1.0,0,BLOCKED,1.42,0.495,0.0,1.0,0,BLOCKED
2034,2.5325,0.465,0.5,1.0,1,SELECTED,2.33,0.39,0.5,1.0,1,SELECTED,2.6225,0.585,0.5,1.0,1,SELECTED,1.42,0.66,0.0,1.0,0,BLOCKED,1.42,0.48,0.0,1.0,0,BLOCKED,1.42,0.615,0.0,1.0,0,BLOCKED,1.42,0.435,0.0,1.0,0,BLOCKED,1.42,0.525,0.0,1.0,0,BLOCKED,1.42,0.555,0.0,1.0,0,BLOCKED,1.42,0.495,0.0,1.0,0,BLOCKED
2040,2.4425,0.465,0.5,1.0,1,SELECTED,2.33,0.39,0.5,1.0,1,SELECTED,2.7125,0.585,0.5,1.0,1,SELECTED,1.42,0.66,0.0,1.0,0,BLOCKED,1.42,0.48,0.0,1.0,0,BLOCKED,1.42,0.615,0.0,1.0,0,BLOCKED,1.42,0.435,0.0,1.0,0,BLOCKED,1.42,0.525,0.0,1.0,0,BLOCKED,1.42,0.555,0.0,1.0,0,BLOCKED,1.42,0.495,0.0,1.0,0,BLOCKED
2046,2.4425,0.465,0.5,1.0,1,SELECTED,2.42,0.39,0.5,1.0,1,SELECTED,2.6225,0.585,0.5,1.0,1,SELECTED,1.42,0.66,0.0,1.0,0,BLOCKED,1.42,0.48,0.0,1.0,0,BLOCKED,1.42,0.615,0.0,1.0,0,BLOCKED,1.42,0.435,0.0,1.0,0,BLOCKED,1.42,0.525,0.0,1.0,0,BLOCKED,1.42,0.555,0.0,1.0,0,BLOCKED,1.42,0.495,0.0,1.0,0,BLOCKED
2052,2.5325,0.465,0.5,1.0,1,SELECTED,2.33,0.39,0.5,1.0,1,SELECTED,2.6225,0.585,0.5,1.0,1,SELECTED,1.42,0.66,0.0,1.0,0,BLOCKED,1.42,0.48,0.0,1.0,0,BLOCKED,1.42,0.615,0.0,1.0,0,BLOCKED,1.42,0.435,0.0,1.0,0,BLOCKED,1.42,0.525,0.0,1.0,0,BLOCKED,1.42,0.555,0.0,1.0,0,BLOCKED,1.42,0.495,0.0,1.0,0,BLOCKED
2058,2.5325,0.465,0.5,1.0,1,SELECTED,2.33,0.39,0.5,1.0,1,SELECTED,2.7475,0.585,0.5,1.0,2,SELECTED,1.42,0.66,0.0,1.0,0,BLOCKED,1.42,0.48,0.0,1.0,0,BLOCKED,1.42,0.615,0.0,1.0,0,BLOCKED,1.42,0.435,0.0,1.0,0,BLOCKED,1.42,0.525,0.0,1.0,0,BLOCKED,1.42,0.555,0.0,1.0,0,BLOCKED,1.42,0.495,0.0,1.0,0,BLOCKED
2064,2.4425,0.465,0.5,1.0,1,SELECTED,2.33,0.39,0.5,1.0,1,SELECTED,2.7125,0.585,0.5,1.0,1,SELECTED,1.42,0.66,0.0,1.0,0,BLOCKED,1.42,0.48,0.0,1.0,0,BLOCKED,1.42,0.615,0.0,1.0,0,BLOCKED,1.42,0.435,0.0,1.0,0,BLOCKED,1.42,0.525,0.0,1.0,0,BLOCKED,1.42,0.555,0.0,1.0,0,BLOCKED,1.42,0.495,0.0,1.0,0,BLOCKED
2070,2.4425,0.465,0.5,1.0,1,SELECTED,2.33,0.39,0.5,1.0,1,SELECTED,2.6225,0.585,0.5,1.0,1,SELECTED,1.42,0.66,0.0,1.0,0,BLOCKED,1.42,0.48,0.0,1.0,0,BLOCKED,1.42,0.615,0.0,1.0,0,BLOCKED,1.42,0.435,0.0,1.0,0,BLOCKED,1.42,0.525,0.0,1.0,0,BLOCKED,1.42,0.555,0.0,1.0,0,BLOCKED,1.42,0.495,0.0,1.0,0,BLOCKED
2076,2.5325,0.465,0.5,1.0,1,SELECTED,2.33,0.39,0.5,1.0,1,SELECTED,2.6225,0.585,0.5,1.0,1,SELECTED,1.42,0.66,0.0,1.0,0,BLOCKED,1.42,0.48,0.0,1.0,0,BLOCKED,1.42,0.615,0.0,1.0,0,BLOCKED,1.42,0.435,0.0,1.0,0,BLOCKED,1.42,0.525,0.0,1.0,0,BLOCKED,1.42,0.555,0.0,1.0,0,BLOCKED,1.42,0.495,0.0,1.0,0,BLOCKED
2082,2.5325,0.465,0.5,1.0,1,SELECTED,2.42,0.39,0.5,1.0,1,SELECTED,2.6225,0.585,0.5,1.0,1,SELECTED,1.42,0.66,0.0,1.0,0,BLOCKED,1.42,0.48,0.0,1.0,0,BLOCKED,1.42,0.615,0.0,1.0,0,BLOCKED,1.42,0.435,0.0,1.0,0,BLOCKED,1.42,0.525,0.0,1.0,0,BLOCKED,1.42,0.555,0.0,1.0,0,BLOCKED,1.42,0.495,0.0,1.0,0,BLOCKED
2088,2.4425,0.465,0.5,1.0,1,SELECTED,2.33,0.39,0.5,1.0,1,SELECTED,2.7125,0.585,0.5,1.0,1,SELECTED,1.42,0.66,0.0,1.0,0,BLOCKED,1.42,0.48,0.0,1.0,0,BLOCKED,1.42,0.615,0.0,1.0,0,BLOCKED,1.42,0.435,0.0,1.0,0,BLOCKED,1.42,0.525,0.0,1.0,0,BLOCKED,1.42,0.555,0.0,1.0,0,BLOCKED,1.42,0.495,0.0,1.0,0,BLOCKED
2094,2.4425,0.465,0.5,1.0,1,SELECTED,2.33,0.39,0.5,1.0,1,SELECTED,2.6225,0.585,0.5,1.0,1,SELECTED,1.42,0.66,0.0,1.0,0,BLOCKED,1.42,0.48,0.0,1.0,0,BLOCKED,1.42,0.615,0.0,1.0,0,BLOCKED,1.42,0.435,0.0,1.0,0,BLOCKED,1.42,0.525,0.0,1.0,0,BLOCKED,1.42,0.555,0.0,1.0,0,BLOCKED,1.42,0.495,0.0,1.0,0,BLOCKED
2100,2.4425,0.465,0.5,1.0,1,SELECTED,2.33,0.39,0.5,1.0,1,SELECTED,2.6225,0.585,0.5,1.0,1,SELECTED,1.42,0.66,0.0,1.0,0,BLOCKED,1.42,0.48,0.0,1.0,0,BLOCKED,1.42,0.615,0.0,1.0,0,BLOCKED,1.42,0.435,0.0,1.0,0,BLOCKED,1.42,0.525,0.0,1.0,0,BLOCKED,1.42,0.555,0.0,1.0,0,BLOCKED,1.42,0.495,0.0,1.0,0,BLOCKED
2106,2.4425,0.465,0.5,1.0,1,SELECTED,2.42,0.39,0.5,1.0,1,SELECTED,2.6225,0.585,0.5,1.0,1,SELECTED,1.42,0.66,0.0,1.0,0,BLOCKED,1.42,0.48,0.0,1.0,0,BLOCKED,1.42,0.615,0.0,1.0,0,BLOCKED,1.42,0.435,0.0,1.0,0,BLOCKED,1.42,0.525,0.0,1.0,0,BLOCKED,1.42,0.555,0.0,1.0,0,BLOCKED,1.42,0.495,0.0,1.0,0,BLOCKED
2112,2.4425,0.465,0.5,1.0,1,SELECTED,2.42,0.39,0.5,1.0,1,SELECTED,2.6225,0.585,0.5,1.0,1,SELECTED,1.42,0.66,0.0,1.0,0,BLOCKED,1.42,0.48,0.0,1.0,0,BLOCKED,1.42,0.615,0.0,1.0,0,BLOCKED,1.42,0.435,0.0,1.0,0,BLOCKED,1.42,0.525,0.0,1.0,0,BLOCKED,1.42,0.555,0.0,1.0,0,BLOCKED,1.42,0.495,0.0,1.0,0,BLOCKED
2118,2.5675,0.465,0.5,1.0,2,SELECTED,2.42,0.39,0.5,1.0,1,SELECTED,2.6225,0.585,0.5,1.0,1,SELECTED,1.42,0.66,0.0,1.0,0,BLOCKED,1.42,0.48,0.0,1.0,0,BLOCKED,1.42,0.615,0.0,1.0,0,BLOCKED,1.42,0.435,0.0,1.0,0,BLOCKED,1.42,0.525,0.0,1.0,0,BLOCKED,1.42,0.555,0.0,1.0,0,BLOCKED,1.42,0.495,0.0,1.0,0,BLOCKED
2124,2.5325,0.465,0.5,1.0,1,SELECTED,2.42,0.39,0.5,1.0,1,SELECTED,2.7125,0.585,0.5,1.0,1,SELECTED,1.42,0.66,0.0,1.0,0,BLOCKED,1.42,0.48,0.0,1.0,0,BLOCKED,1.42,0.615,0.0,1.0,0,BLOCKED,1.42,0.435,0.0,1.0,0,BLOCKED,1.42,0.525,0.0,1.0,0,BLOCKED,1.42,0.555,0.0,1.0,0,BLOCKED,1.42,0.495,0.0,1.0,0,BLOCKED
2130,2.4425,0.465,0.5,1.0,1,SELECTED,2.545,0.39,0.5,1.0,2,SELECTED,2.6225,0.585,0.5,1.0,1,SELECTED,1.42,0.66,0.0,1.0,0,BLOCKED,1.42,0.48,0.0,1.0,0,BLOCKED,1.42,0.615,0.0,1.0,0,BLOCKED,1.42,0.435,0.0,1.0,0,BLOCKED,1.42,0.525,0.0,1.0,0,BLOCKED,1.42,0.555,0.0,1.0,0,BLOCKED,1.42,0.495,0.0,1.0,0,BLOCKED
2136,2.5325,0.465,0.5,1.0,1,SELECTED,2.33,0.39,0.5,1.0,1,SELECTED,2.6225,0.585,0.5,1.0,1,SELECTED,1.42,0.66,0.0,1.0,0,BLOCKED,1.42,0.48,0.0,1.0,0,BLOCKED,1.42,0.615,0.0,1.0,0,BLOCKED,1.42,0.435,0.0,1.0,0,BLOCKED,1.42,0.525,0.0,1.0,0,BLOCKED,1.42,0.555,0.0,1.0,0,BLOCKED,1.42,0.495,0.0,1.0,0,BLOCKED
2142,2.5325,0.465,0.5,1.0,1,SELECTED,2.33,0.39,0.5,1.0,1,SELECTED,2.7125,0.585,0.5,1.0,1,SELECTED,1.42,0.66,0.0,1.0,0,BLOCKED,1.42,0.48,0.0,1.0,0,BLOCKED,1.42,0.615,0.0,1.0,0,BLOCKED,1.42,0.435,0.0,1.0,0,BLOCKED,1.42,0.525,0.0,1.0,0,BLOCKED,1.42,0.555,0.0,1.0,0,BLOCKED,1.42,0.495,0.0,1.0,0,BLOCKED
2148,2.5325,0.465,0.5,1.0,1,SELECTED,2.33,0.39,0.5,1.0,1,SELECTED,2.7125,0.585,0.5,1.0,1,SELECTED,1.42,0.66,0.0,1.0,0,BLOCKED,1.42,0.48,0.0,1.0,0,BLOCKED,1.42,0.615,0.0,1.0,0,BLOCKED,1.42,0.435,0.0,1.0,0,BLOCKED,1.42,0.525,0.0,1.0,0,BLOCKED,1.42,0.555,0.0,1.0,0,BLOCKED,1.42,0.495,0.0,1.0,0,BLOCKED
2154,2.5325,0.465,0.5,1.0,1,SELECTED,2.42,0.39,0.5,1.0,1,SELECTED,2.6225,0.585,0.5,1.0,1,SELECTED,1.42,0.66,0.0,1.0,0,BLOCKED,1.42,0.48,0.0,1.0,0,BLOCKED,1.42,0.615,0.0,1.0,0,BLOCKED,1.42,0.435,0.0,1.0,0,BLOCKED,1.42,0.525,0.0,1.0,0,BLOCKED,1.42,0.555,0.0,1.0,0,BLOCKED,1.42,0.495,0.0,1.0,0,BLOCKED
2160,2.6675,0.615,0.5,1.0,1,SELECTED,2.33,0.39,0.5,1.0,1,SELECTED,2.7125,0.585,0.5,1.0,1,SELECTED,1.42,0.66,0.0,1.0,0,BLOCKED,1.42,0.57,0.0,1.0,0,BLOCKED,1.42,0.735,0.0,1.0,0,BLOCKED,1.42,0.435,0.0,1.0,0,BLOCKED,1.42,0.48,0.0,1.0,0,BLOCKED,1.42,0.555,0.0,1.0,0,BLOCKED,1.42,0.495,0.0,1.0,0,BLOCKED
2166,2.6675,0.615,0.5,1.0,1,SELECTED,2.33,0.39,0.5,1.0,1,SELECTED,2.6225,0.585,0.5,1.0,1,SELECTED,1.42,0.66,0.0,1.0,0,BLOCKED,1.42,0.57,0.0,1.0,0,BLOCKED,1.42,0.735,0.0,1.0,0,BLOCKED,1.42,0.435,0.0,1.0,0,BLOCKED,1.42,0.48,0.0,1.0,0,BLOCKED,1.42,0.555,0.0,1.0,0,BLOCKED,1.42,0.495,0.0,1.0,0,BLOCKED
2172,2.6675,0.615,0.5,1.0,1,SELECTED,2.42,0.39,0.5,1.0,1,SELECTED,2.6225,0.585,0.5,1.0,1,SELECTED,1.42,0.66,0.0,1.0,0,BLOCKED,1.42,0.57,0.0,1.0,0,BLOCKED,1.42,0.735,0.0,1.0,0,BLOCKED,1.42,0.435,0.0,1.0,0,BLOCKED,1.42,0.48,0.0,1.0,0,BLOCKED,1.42,0.555,0.0,1.0,0,BLOCKED,1.42,0.495,0.0,1.0,0,BLOCKED
2178,2.6675,0.615,0.5,1.0,1,SELECTED,2.42,0.39,0.5,1.0,1,SELECTED,2.7125,0.585,0.5,1.0,1,SELECTED,1.42,0.66,0.0,1.0,0,BLOCKED,1.42,0.57,0.0,1.0,0,BLOCKED,1.42,0.735,0.0,1.0,0,BLOCKED,1.42,0.435,0.0,1.0,0,BLOCKED,1.42,0.48,0.0,1.0,0,BLOCKED,1.42,0.555,0.0,1.0,0,BLOCKED,1.42,0.495,0.0,1.0,0,BLOCKED
2184,2.6675,0.615,0.5,1.0,1,SELECTED,2.33,0.39,0.5,1.0,1,SELECTED,2.6225,0.585,0.5,1.0,1,SELECTED,1.42,0.66,0.0,1.0,0,BLOCKED,1.42,0.57,0.0,1.0,0,BLOCKED,1.42,0.735,0.0,1.0,0,BLOCKED,1.42,0.435,0.0,1.0,0,BLOCKED,1.42,0.48,0.0,1.0,0,BLOCKED,1.42,0.555,0.0,1.0,0,BLOCKED,1.42,0.495,0.0,1.0,0,BLOCKED
2190,2.7575,0.615,0.5,1.0,1,SELECTED,2.33,0.39,0.5,1.0,1,SELECTED,2.6225,0.585,0.5,1.0,1,SELECTED,1.42,0.66,0.0,1.0,0,BLOCKED,1.42,0.57,0.0,1.0,0,BLOCKED,1.42,0.735,0.0,1.0,0,BLOCKED,1.42,0.435,0.0,1.0,0,BLOCKED,1.42,0.48,0.0,1.0,0,BLOCKED,1.42,0.555,0.0,1.0,0,BLOCKED,1.42,0.495,0.0,1.0,0,BLOCKED
2196,2.6675,0.615,0.5,1.0,1,SELECTED,2.33,0.39,0.5,1.0,1,SELECTED,2.6225,0.585,0.5,1.0,1,SELECTED,1.42,0.66,0.0,1.0,0,BLOCKED,1.42,0.57,0.0,1.0,0,BLOCKED,1.42,0.735,0.0,1.0,0,BLOCKED,1.42,0.435,0.0,1.0,0,BLOCKED,1.42,0.48,0.0,1.0,0,BLOCKED,1.42,0.555,0.0,1.0,0,BLOCKED,1.42,0.495,0.0,1.0,0,BLOCKED
2202,2.6675,0.615,0.5,1.0,1,SELECTED,2.42,0.39,0.5,1.0,1,SELECTED,2.6225,0.585,0.5,1.0,1,SELECTED,1.42,0.66,0.0,1.0,0,BLOCKED,1.42,0.57,0.0,1.0,0,BLOCKED,1.42,0.735,0.0,1.0,0,BLOCKED,1.42,0.435,0.0,1.0,0,BLOCKED,1.42,0.48,0.0,1.0,0,BLOCKED,1.42,0.555,0.0,1.0,0,BLOCKED,1.42,0.495,0.0,1.0,0,BLOCKED
2208,2.7575,0.615,0.5,1.0,1,SELECTED,2.33,0.39,0.5,1.0,1,SELECTED,2.6225,0.585,0.5,1.0,1,SELECTED,1.42,0.66,0.0,1.0,0,BLOCKED,1.42,0.57,0.0,1.0,0,BLOCKED,1.42,0.735,0.0,1.0,0,BLOCKED,1.42,0.435,0.0,1.0,0,BLOCKED,1.42,0.48,0.0,1.0,0,BLOCKED,1.42,0.555,0.0,1.0,0,BLOCKED,1.42,0.495,0.0,1.0,0,BLOCKED
2214,2.6675,0.615,0.5,1.0,1,SELECTED,2.33,0.39,0.5,1.0,1,SELECTED,2.6225,0.585,0.5,1.0,1,SELECTED,1.42,0.66,0.0,1.0,0,BLOCKED,1.42,0.57,0.0,1.0,0,BLOCKED,1.42,0.735,0.0,1.0,0,BLOCKED,1.42,0.435,0.0,1.0,0,BLOCKED,1.42,0.48,0.0,1.0,0,BLOCKED,1.42,0.555,0.0,1.0,0,BLOCKED,1.42,0.495,0.0,1.0,0,BLOCKED
2220,2.7575,0.615,0.5,1.0,1,SELECTED,2.42,0.39,0.5,1.0,1,SELECTED,2.6225,0.585,0.5,1.0,1,SELECTED,1.42,0.66,0.0,1.0,0,BLOCKED,1.42,0.57,0.0,1.0,0,BLOCKED,1.42,0.735,0.0,1.0,0,BLOCKED,1.42,0.435,0.0,1.0,0,BLOCKED,1.42,0.48,0.0,1.0,0,BLOCKED,1.42,0.555,0.0,1.0,0,BLOCKED,1.42,0.495,0.0,1.0,0,BLOCKED
2226,2.6675,0.615,0.5,1.0,1,SELECTED,2.33,0.39,0.5,1.0,1,SELECTED,2.6225,0.585,0.5,1.0,1,SELECTED,1.42,0.66,0.0,1.0,0,BLOCKED,1.42,0.57,0.0,1.0,0,BLOCKED,1.42,0.735,0.0,1.0,0,BLOCKED,1.42,0.435,0.0,1.0,0,BLOCKED,1.42,0.48,0.0,1.0,0,BLOCKED,1.42,0.555,0.0,1.0,0,BLOCKED,1.42,0.495,0.0,1.0,0,BLOCKED
2232,2.7575,0.615,0.5,1.0,1,SELECTED,2.42,0.39,0.5,1.0,1,SELECTED,2.7125,0.585,0.5,1.0,1,SELECTED,1.42,0.66,0.0,1.0,0,BLOCKED,1.42,0.57,0.0,1.0,0,BLOCKED,1.42,0.735,0.0,1.0,0,BLOCKED,1.42,0.435,0.0,1.0,0,BLOCKED,1.42,0.48,0.0,1.0,0,BLOCKED,1.42,0.555,0.0,1.0,0,BLOCKED,1.42,0.495,0.0,1.0,0,BLOCKED
2238,2.6675,0.615,0.5,1.0,1,SELECTED,2.42,0.39,0.5,1.0,1,SELECTED,2.6225,0.585,0.5,1.0,1,SELECTED,1.42,0.66,0.0,1.0,0,BLOCKED,1.42,0.57,0.0,1.0,0,BLOCKED,1.42,0.735,0.0,1.0,0,BLOCKED,1.42,0.435,0.0,1.0,0,BLOCKED,1.42,0.48,0.0,1.0,0,BLOCKED,1.42,0.555,0.0,1.0,0,BLOCKED,1.42,0.495,0.0,1.0,0,BLOCKED
2244,2.7575,0.615,0.5,1.0,1,SELECTED,2.33,0.39,0.5,1.0,1,SELECTED,2.6225,0.585,0.5,1.0,1,SELECTED,1.42,0.66,0.0,1.0,0,BLOCKED,1.42,0.57,0.0,1.0,0,BLOCKED,1.42,0.735,0.0,1.0,0,BLOCKED,1.42,0.435,0.0,1.0,0,BLOCKED,1.42,0.48,0.0,1.0,0,BLOCKED,1.42,0.555,0.0,1.0,0,BLOCKED,1.42,0.495,0.0,1.0,0,BLOCKED
2250,2.6675,0.615,0.5,1.0,1,SELECTED,2.42,0.39,0.5,1.0,1,SELECTED,2.6225,0.585,0.5,1.0,1,SELECTED,1.42,0.66,0.0,1.0,0,BLOCKED,1.42,0.57,0.0,1.0,0,BLOCKED,1.42,0.735,0.0,1.0,0,BLOCKED,1.42,0.435,0.0,1.0,0,BLOCKED,1.42,0.48,0.0,1.0,0,BLOCKED,1.42,0.555,0.0,1.0,0,BLOCKED,1.42,0.495,0.0,1.0,0,BLOCKED
2256,2.6675,0.615,0.5,1.0,1,SELECTED,2.42,0.39,0.5,1.0,1,SELECTED,2.7125,0.585,0.5,1.0,1,SELECTED,1.42,0.66,0.0,1.0,0,BLOCKED,1.42,0.57,0.0,1.0,0,BLOCKED,1.42,0.735,0.0,1.0,0,BLOCKED,1.42,0.435,0.0,1.0,0,BLOCKED,1.42,0.48,0.0,1.0,0,BLOCKED,1.42,0.555,0.0,1.0,0,BLOCKED,1.42,0.495,0.0,1.0,0,BLOCKED
2262,2.7575,0.615,0.5,1.0,1,SELECTED,2.42,0.39,0.5,1.0,1,SELECTED,2.7125,0.585,0.5,1.0,1,SELECTED,1.42,0.66,0.0,1.0,0,BLOCKED,1.42,0.57,0.0,1.0,0,BLOCKED,1.42,0.735,0.0,1.0,0,BLOCKED,1.42,0.435,0.0,1.0,0,BLOCKED,1.42,0.48,0.0,1.0,0,BLOCKED,1.42,0.555,0.0,1.0,0,BLOCKED,1.42,0.495,0.0,1.0,0,BLOCKED
2268,2.6675,0.615,0.5,1.0,1,SELECTED,2.33,0.39,0.5,1.0,1,SELECTED,2.7125,0.585,0.5,1.0,1,SELECTED,1.42,0.66,0.0,1.0,0,BLOCKED,1.42,0.57,0.0,1.0,0,BLOCKED,1.42,0.735,0.0,1.0,0,BLOCKED,1.42,0.435,0.0,1.0,0,BLOCKED,1.42,0.48,0.0,1.0,0,BLOCKED,1.42,0.555,0.0,1.0,0,BLOCKED,1.42,0.495,0.0,1.0,0,BLOCKED
2274,2.6675,0.615,0.5,1.0,1,SELECTED,2.33,0.39,0.5,1.0,1,SELECTED,2.6225,0.585,0.5,1.0,1,SELECTED,1.42,0.66,0.0,1.0,0,BLOCKED,1.42,0.57,0.0,1.0,0,BLOCKED,1.42,0.735,0.0,1.0,0,BLOCKED,1.42,0.435,0.0,1.0,0,BLOCKED,1.42,0.48,0.0,1.0,0,BLOCKED,1.42,0.555,0.0,1.0,0,BLOCKED,1.42,0.495,0.0,1.0,0,BLOCKED
2280,2.6675,0.615,0.5,1.0,1,SELECTED,2.33,0.39,0.5,1.0,1,SELECTED,2.7125,0.585,0.5,1.0,1,SELECTED,1.42,0.66,0.0,1.0,0,BLOCKED,1.42,0.57,0.0,1.0,0,BLOCKED,1.42,0.735,0.0,1.0,0,BLOCKED,1.42,0.435,0.0,1.0,0,BLOCKED,1.42,0.48,0.0,1.0,0,BLOCKED,1.42,0.555,0.0,1.0,0,BLOCKED,1.42,0.495,0.0,1.0,0,BLOCKED
2286,2.7575,0.615,0.5,1.0,1,SELECTED,2.33,0.39,0.5,1.0,1,SELECTED,2.6225,0.585,0.5,1.0,1,SELECTED,1.42,0.66,0.0,1.0,0,BLOCKED,1.42,0.57,0.0,1.0,0,BLOCKED,1.42,0.735,0.0,1.0,0,BLOCKED,1.42,0.435,0.0,1.0,0,BLOCKED,1.42,0.48,0.0,1.0,0,BLOCKED,1.42,0.555,0.0,1.0,0,BLOCKED,1.42,0.495,0.0,1.0,0,BLOCKED
2292,2.6675,0.615,0.5,1.0,1,SELECTED,2.33,0.39,0.5,1.0,1,SELECTED,2.6225,0.585,0.5,1.0,1,SELECTED,1.42,0.66,0.0,1.0,0,BLOCKED,1.42,0.57,0.0,1.0,0,BLOCKED,1.42,0.735,0.0,1.0,0,BLOCKED,1.42,0.435,0.0,1.0,0,BLOCKED,1.42,0.48,0.0,1.0,0,BLOCKED,1.42,0.555,0.0,1.0,0,BLOCKED,1.42,0.495,0.0,1.0,0,BLOCKED
2298,2.6675,0.615,0.5,1.0,1,SELECTED,2.42,0.39,0.5,1.0,1,SELECTED,2.7125,0.585,0.5,1.0,1,SELECTED,1.42,0.66,0.0,1.0,0,BLOCKED,1.42,0.57,0.0,1.0,0,BLOCKED,1.42,0.735,0.0,1.0,0,BLOCKED,1.42,0.435,0.0,1.0,0,BLOCKED,1.42,0.48,0.0,1.0,0,BLOCKED,1.42,0.555,0.0,1.0,0,BLOCKED,1.42,0.495,0.0,1.0,0,BLOCKED
2304,2.6675,0.615,0.5,1.0,1,SELECTED,2.33,0.39,0.5,1.0,1,SELECTED,2.6225,0.585,0.5,1.0,1,SELECTED,1.42,0.66,0.0,1.0,0,BLOCKED,1.42,0.57,0.0,1.0,0,BLOCKED,1.42,0.735,0.0,1.0,0,BLOCKED,1.42,0.435,0.0,1.0,0,BLOCKED,1.42,0.48,0.0,1.0,0,BLOCKED,1.42,0.555,0.0,1.0,0,BLOCKED,1.42,0.495,0.0,1.0,0,BLOCKED
2310,2.6675,0.615,0.5,1.0,1,SELECTED,2.42,0.39,0.5,1.0,1,SELECTED,2.6225,0.585,0.5,1.0,1,SELECTED,1.42,0.66,0.0,1.0,0,BLOCKED,1.42,0.57,0.0,1.0,0,BLOCKED,1.42,0.735,0.0,1.0,0,BLOCKED,1.42,0.435,0.0,1.0,0,BLOCKED,1.42,0.48,0.0,1.0,0,BLOCKED,1.42,0.555,0.0,1.0,0,BLOCKED,1.42,0.495,0.0,1.0,0,BLOCKED
2316,2.7575,0.615,0.5,1.0,1,SELECTED,2.42,0.39,0.5,1.0,1,SELECTED,2.6225,0.585,0.5,1.0,1,SELECTED,1.42,0.66,0.0,1.0,0,BLOCKED,1.42,0.57,0.0,1.0,0,BLOCKED,1.42,0.735,0.0,1.0,0,BLOCKED,1.42,0.435,0.0,1.0,0,BLOCKED,1.42,0.48,0.0,1.0,0,BLOCKED,1.42,0.555,0.0,1.0,0,BLOCKED,1.42,0.495,0.0,1.0,0,BLOCKED
2322,2.6675,0.615,0.5,1.0,1,SELECTED,2.42,0.39,0.5,1.0,1,SELECTED,2.7125,0.585,0.5,1.0,1,SELECTED,1.42,0.66,0.0,1.0,0,BLOCKED,1.42,0.57,0.0,1.0,0,BLOCKED,1.42,0.735,0.0,1.0,0,BLOCKED,1.42,0.435,0.0,1.0,0,BLOCKED,1.42,0.48,0.0,1.0,0,BLOCKED,1.42,0.555,0.0,1.0,0,BLOCKED,1.42,0.495,0.0,1.0,0,BLOCKED
2328,2.6675,0.615,0.5,1.0,1,SELECTED,2.33,0.39,0.5,1.0,1,SELECTED,2.6225,0.585,0.5,1.0,1,SELECTED,1.42,0.66,0.0,1.0,0,BLOCKED,1.42,0.57,0.0,1.0,0,BLOCKED,1.42,0.735,0.0,1.0,0,BLOCKED,1.42,0.435,0.0,1.0,0,BLOCKED,1.42,0.48,0.0,1.0,0,BLOCKED,1.42,0.555,0.0,1.0,0,BLOCKED,1.42,0.495,0.0,1.0,0,BLOCKED
2334,2.7575,0.615,0.5,1.0,1,SELECTED,2.33,0.39,0.5,1.0,1,SELECTED,2.6225,0.585,0.5,1.0,1,SELECTED,1.42,0.66,0.0,1.0,0,BLOCKED,1.42,0.57,0.0,1.0,0,BLOCKED,1.42,0.735,0.0,1.0,0,BLOCKED,1.42,0.435,0.0,1.0,0,BLOCKED,1.42,0.48,0.0,1.0,0,BLOCKED,1.42,0.555,0.0,1.0,0,BLOCKED,1.42,0.495,0.0,1.0,0,BLOCKED
2340,2.6675,0.615,0.5,1.0,1,SELECTED,2.42,0.39,0.5,1.0,1,SELECTED,2.6225,0.585,0.5,1.0,1,SELECTED,1.42,0.66,0.0,1.0,0,BLOCKED,1.42,0.57,0.0,1.0,0,BLOCKED,1.42,0.735,0.0,1.0,0,BLOCKED,1.42,0.435,0.0,1.0,0,BLOCKED,1.42,0.48,0.0,1.0,0,BLOCKED,1.42,0.555,0.0,1.0,0,BLOCKED,1.42,0.495,0.0,1.0,0,BLOCKED
2346,2.6675,0.615,0.5,1.0,1,SELECTED,2.33,0.39,0.5,1.0,1,SELECTED,2.6225,0.585,0.5,1.0,1,SELECTED,1.42,0.66,0.0,1.0,0,BLOCKED,1.42,0.57,0.0,1.0,0,BLOCKED,1.42,0.735,0.0,1.0,0,BLOCKED,1.42,0.435,0.0,1.0,0,BLOCKED,1.42,0.48,0.0,1.0,0,BLOCKED,1.42,0.555,0.0,1.0,0,BLOCKED,1.42,0.495,0.0,1.0,0,BLOCKED
2352,2.6675,0.615,0.5,1.0,1,SELECTED,2.33,0.39,0.5,1.0,1,SELECTED,2.6225,0.585,0.5,1.0,1,SELECTED,1.42,0.66,0.0,1.0,0,BLOCKED,1.42,0.57,0.0,1.0,0,BLOCKED,1.42,0.735,0.0,1.0,0,BLOCKED,1.42,0.435,0.0,1.0,0,BLOCKED,1.42,0.48,0.0,1.0,0,BLOCKED,1.42,0.555,0.0,1.0,0,BLOCKED,1.42,0.495,0.0,1.0,0,BLOCKED
2358,2.6675,0.615,0.5,1.0,1,SELECTED,2.455,0.39,0.5,1.0,2,SELECTED,2.6225,0.585,0.5,1.0,1,SELECTED,1.42,0.66,0.0,1.0,0,BLOCKED,1.42,0.57,0.0,1.0,0,BLOCKED,1.42,0.735,0.0,1.0,0,BLOCKED,1.42,0.435,0.0,1.0,0,BLOCKED,1.42,0.48,0.0,1.0,0,BLOCKED,1.42,0.555,0.0,1.0,0,BLOCKED,1.42,0.495,0.0,1.0,0,BLOCKED
2364,2.7575,0.615,0.5,1.0,1,SELECTED,2.33,0.39,0.5,1.0,1,SELECTED,2.6225,0.585,0.5,1.0,1,SELECTED,1.42,0.66,0.0,1.0,0,BLOCKED,1.42,0.57,0.0,1.0,0,BLOCKED,1.42,0.735,0.0,1.0,0,BLOCKED,1.42,0.435,0.0,1.0,0,BLOCKED,1.42,0.48,0.0,1.0,0,BLOCKED,1.42,0.555,0.0,1.0,0,BLOCKED,1.42,0.495,0.0,1.0,0,BLOCKED
2370,2.6675,0.615,0.5,1.0,1,SELECTED,2.33,0.39,0.5,1.0,1,SELECTED,2.7125,0.585,0.5,1.0,1,SELECTED,1.42,0.66,0.0,1.0,0,BLOCKED,1.42,0.57,0.0,1.0,0,BLOCKED,1.42,0.735,0.0,1.0,0,BLOCKED,1.42,0.435,0.0,1.0,0,BLOCKED,1.42,0.48,0.0,1.0,0,BLOCKED,1.42,0.555,0.0,1.0,0,BLOCKED,1.42,0.495,0.0,1.0,0,BLOCKED
2376,2.7575,0.615,0.5,1.0,1,SELECTED,2.33,0.39,0.5,1.0,1,SELECTED,2.7125,0.585,0.5,1.0,1,SELECTED,1.42,0.66,0.0,1.0,0,BLOCKED,1.42,0.57,0.0,1.0,0,BLOCKED,1.42,0.735,0.0,1.0,0,BLOCKED,1.42,0.435,0.0,1.0,0,BLOCKED,1.42,0.48,0.0,1.0,0,BLOCKED,1.42,0.555,0.0,1.0,0,BLOCKED,1.42,0.495,0.0,1.0,0,BLOCKED
2382,2.6675,0.615,0.5,1.0,1,SELECTED,2.33,0.39,0.5,1.0,1,SELECTED,2.7125,0.585,0.5,1.0,1,SELECTED,1.42,0.66,0.0,1.0,0,BLOCKED,1.42,0.57,0.0,1.0,0,BLOCKED,1.42,0.735,0.0,1.0,0,BLOCKED,1.42,0.435,0.0,1.0,0,BLOCKED,1.42,0.48,0.0,1.0,0,BLOCKED,1.42,0.555,0.0,1.0,0,BLOCKED,1.42,0.495,0.0,1.0,0,BLOCKED
2388,2.6675,0.615,0.5,1.0,1,SELECTED,2.33,0.39,0.5,1.0,1,SELECTED,2.6225,0.585,0.5,1.0,1,SELECTED,1.42,0.66,0.0,1.0,0,BLOCKED,1.42,0.57,0.0,1.0,0,BLOCKED,1.42,0.735,0.0,1.0,0,BLOCKED,1.42,0.435,0.0,1.0,0,BLOCKED,1.42,0.48,0.0,1.0,0,BLOCKED,1.42,0.555,0.0,1.0,0,BLOCKED,1.42,0.495,0.0,1.0,0,BLOCKED
2394,2.6675,0.615,0.5,1.0,1,SELECTED,2.33,0.39,0.5,1.0,1,SELECTED,2.7125,0.585,0.5,1.0,1,SELECTED,1.42,0.66,0.0,1.0,0,BLOCKED,1.42,0.57,0.0,1.0,0,BLOCKED,1.42,0.735,0.0,1.0,0,BLOCKED,1.42,0.435,0.0,1.0,0,BLOCKED,1.42,0.48,0.0,1.0,0,BLOCKED,1.42,0.555,0.0,1.0,0,BLOCKED,1.42,0.495,0.0,1.0,0,BLOCKED
2400,2.6675,0.615,0.5,1.0,1,SELECTED,2.42,0.39,0.5,1.0,1,SELECTED,2.6225,0.585,0.5,1.0,1,SELECTED,1.42,0.66,0.0,1.0,0,BLOCKED,1.42,0.57,0.0,1.0,0,BLOCKED,1.42,0.735,0.0,1.0,0,BLOCKED,1.42,0.435,0.0,1.0,0,BLOCKED,1.42,0.48,0.0,1.0,0,BLOCKED,1.42,0.555,0.0,1.0,0,BLOCKED,1.42,0.495,0.0,1.0,0,BLOCKED
2406,2.7575,0.615,0.5,1.0,1,SELECTED,2.42,0.39,0.5,1.0,1,SELECTED,2.7125,0.585,0.5,1.0,1,SELECTED,1.42,0.66,0.0,1.0,0,BLOCKED,1.42,0.57,0.0,1.0,0,BLOCKED,1.42,0.735,0.0,1.0,0,BLOCKED,1.42,0.435,0.0,1.0,0,BLOCKED,1.42,0.48,0.0,1.0,0,BLOCKED,1.42,0.555,0.0,1.0,0,BLOCKED,1.42,0.495,0.0,1.0,0,BLOCKED
2412,2.7575,0.615,0.5,1.0,1,SELECTED,2.42,0.39,0.5,1.0,1,SELECTED,2.7125,0.585,0.5,1.0,1,SELECTED,1.42,0.66,0.0,1.0,0,BLOCKED,1.42,0.57,0.0,1.0,0,BLOCKED,1.42,0.735,0.0,1.0,0,BLOCKED,1.42,0.435,0.0,1.0,0,BLOCKED,1.42,0.48,0.0,1.0,0,BLOCKED,1.42,0.555,0.0,1.0,0,BLOCKED,1.42,0.495,0.0,1.0,0,BLOCKED
2418,2.6675,0.615,0.5,1.0,1,SELECTED,2.33,0.39,0.5,1.0,1,SELECTED,2.7125,0.585,0.5,1.0,1,SELECTED,1.42,0.66,0.0,1.0,0,BLOCKED,1.42,0.57,0.0,1.0,0,BLOCKED,1.42,0.735,0.0,1.0,0,BLOCKED,1.42,0.435,0.0,1.0,0,BLOCKED,1.42,0.48,0.0,1.0,0,BLOCKED,1.42,0.555,0.0,1.0,0,BLOCKED,1.42,0.495,0.0,1.0,0,BLOCKED
2424,2.6675,0.615,0.5,1.0,1,SELECTED,2.33,0.39,0.5,1.0,1,SELECTED,2.6225,0.585,0.5,1.0,1,SELECTED,1.42,0.66,0.0,1.0,0,BLOCKED,1.42,0.57,0.0,1.0,0,BLOCKED,1.42,0.735,0.0,1.0,0,BLOCKED,1.42,0.435,0.0,1.0,0,BLOCKED,1.42,0.48,0.0,1.0,0,BLOCKED,1.42,0.555,0.0,1.0,0,BLOCKED,1.42,0.495,0.0,1.0,0,BLOCKED
2430,2.6675,0.615,0.5,1.0,1,SELECTED,2.42,0.39,0.5,1.0,1,SELECTED,2.6225,0.585,0.5,1.0,1,SELECTED,1.42,0.66,0.0,1.0,0,BLOCKED,1.42,0.57,0.0,1.0,0,BLOCKED,1.42,0.735,0.0,1.0,0,BLOCKED,1.42,0.435,0.0,1.0,0,BLOCKED,1.42,0.48,0.0,1.0,0,BLOCKED,1.42,0.555,0.0,1.0,0,BLOCKED,1.42,0.495,0.0,1.0,0,BLOCKED
2436,2.6675,0.615,0.5,1.0,1,SELECTED,2.33,0.39,0.5,1.0,1,SELECTED,2.7125,0.585,0.5,1.0,1,SELECTED,1.42,0.66,0.0,1.0,0,BLOCKED,1.42,0.57,0.0,1.0,0,BLOCKED,1.42,0.735,0.0,1.0,0,BLOCKED,1.42,0.435,0.0,1.0,0,BLOCKED,1.42,0.48,0.0,1.0,0,BLOCKED,1.42,0.555,0.0,1.0,0,BLOCKED,1.42,0.495,0.0,1.0,0,BLOCKED
2442,2.7575,0.615,0.5,1.0,1,SELECTED,2.33,0.39,0.5,1.0,1,SELECTED,2.6225,0.585,0.5,1.0,1,SELECTED,1.42,0.66,0.0,1.0,0,BLOCKED,1.42,0.57,0.0,1.0,0,BLOCKED,1.42,0.735,0.0,1.0,0,BLOCKED,1.42,0.435,0.0,1.0,0,BLOCKED,1.42,0.48,0.0,1.0,0,BLOCKED,1.42,0.555,0.0,1.0,0,BLOCKED,1.42,0.495,0.0,1.0,0,BLOCKED
2448,2.6675,0.615,0.5,1.0,1,SELECTED,2.33,0.39,0.5,1.0,1,SELECTED,2.6225,0.585,0.5,1.0,1,SELECTED,1.42,0.66,0.0,1.0,0,BLOCKED,1.42,0.57,0.0,1.0,0,BLOCKED,1.42,0.735,0.0,1.0,0,BLOCKED,1.42,0.435,0.0,1.0,0,BLOCKED,1.42,0.48,0.0,1.0,0,BLOCKED,1.42,0.555,0.0,1.0,0,BLOCKED,1.42,0.495,0.0,1.0,0,BLOCKED
2454,2.6675,0.615,0.5,1.0,1,SELECTED,2.42,0.39,0.5,1.0,1,SELECTED,2.6225,0.585,0.5,1.0,1,SELECTED,1.42,0.66,0.0,1.0,0,BLOCKED,1.42,0.57,0.0,1.0,0,BLOCKED,1.42,0.735,0.0,1.0,0,BLOCKED,1.42,0.435,0.0,1.0,0,BLOCKED,1.42,0.48,0.0,1.0,0,BLOCKED,1.42,0.555,0.0,1.0,0,BLOCKED,1.42,0.495,0.0,1.0,0,BLOCKED
2460,2.7575,0.615,0.5,1.0,1,SELECTED,2.33,0.39,0.5,1.0,1,SELECTED,2.6225,0.585,0.5,1.0,1,SELECTED,1.42,0.66,0.0,1.0,0,BLOCKED,1.42,0.57,0.0,1.0,0,BLOCKED,1.42,0.735,0.0,1.0,0,BLOCKED,1.42,0.435,0.0,1.0,0,BLOCKED,1.42,0.48,0.0,1.0,0,BLOCKED,1.42,0.555,0.0,1.0,0,BLOCKED,1.42,0.495,0.0,1.0,0,BLOCKED
2466,2.6675,0.615,0.5,1.0,1,SELECTED,2.42,0.39,0.5,1.0,1,SELECTED,2.7125,0.585,0.5,1.0,1,SELECTED,1.42,0.66,0.0,1.0,0,BLOCKED,1.42,0.57,0.0,1.0,0,BLOCKED,1.42,0.735,0.0,1.0,0,BLOCKED,1.42,0.435,0.0,1.0,0,BLOCKED,1.42,0.48,0.0,1.0,0,BLOCKED,1.42,0.555,0.0,1.0,0,BLOCKED,1.42,0.495,0.0,1.0,0,BLOCKED
2472,2.6675,0.615,0.5,1.0,1,SELECTED,2.33,0.39,0.5,1.0,1,SELECTED,2.6225,0.585,0.5,1.0,1,SELECTED,1.42,0.66,0.0,1.0,0,BLOCKED,1.42,0.57,0.0,1.0,0,BLOCKED,1.42,0.735,0.0,1.0,0,BLOCKED,1.42,0.435,0.0,1.0,0,BLOCKED,1.42,0.48,0.0,1.0,0,BLOCKED,1.42,0.555,0.0,1.0,0,BLOCKED,1.42,0.495,0.0,1.0,0,BLOCKED
2478,2.7925,0.615,0.5,1.0,2,SELECTED,2.42,0.39,0.5,1.0,1,SELECTED,2.7125,0.585,0.5,1.0,1,SELECTED,1.42,0.66,0.0,1.0,0,BLOCKED,1.42,0.57,0.0,1.0,0,BLOCKED,1.42,0.735,0.0,1.0,0,BLOCKED,1.42,0.435,0.0,1.0,0,BLOCKED,1.42,0.48,0.0,1.0,0,BLOCKED,1.42,0.555,0.0,1.0,0,BLOCKED,1.42,0.495,0.0,1.0,0,BLOCKED
2484,2.6675,0.615,0.5,1.0,1,SELECTED,2.33,0.39,0.5,1.0,1,SELECTED,2.7125,0.585,0.5,1.0,1,SELECTED,1.42,0.66,0.0,1.0,0,BLOCKED,1.42,0.57,0.0,1.0,0,BLOCKED,1.42,0.735,0.0,1.0,0,BLOCKED,1.42,0.435,0.0,1.0,0,BLOCKED,1.42,0.48,0.0,1.0,0,BLOCKED,1.42,0.555,0.0,1.0,0,BLOCKED,1.42,0.495,0.0,1.0,0,BLOCKED
2490,2.7575,0.615,0.5,1.0,1,SELECTED,2.33,0.39,0.5,1.0,1,SELECTED,2.6225,0.585,0.5,1.0,1,SELECTED,1.42,0.66,0.0,1.0,0,BLOCKED,1.42,0.57,0.0,1.0,0,BLOCKED,1.42,0.735,0.0,1.0,0,BLOCKED,1.42,0.435,0.0,1.0,0,BLOCKED,1.42,0.48,0.0,1.0,0,BLOCKED,1.42,0.555,0.0,1.0,0,BLOCKED,1.42,0.495,0.0,1.0,0,BLOCKED
2496,2.7575,0.615,0.5,1.0,1,SELECTED,2.33,0.39,0.5,1.0,1,SELECTED,2.6225,0.585,0.5,1.0,1,SELECTED,1.42,0.66,0.0,1.0,0,BLOCKED,1.42,0.57,0.0,1.0,0,BLOCKED,1.42,0.735,0.0,1.0,0,BLOCKED,1.42,0.435,0.0,1.0,0,BLOCKED,1.42,0.48,0.0,1.0,0,BLOCKED,1.42,0.555,0.0,1.0,0,BLOCKED,1.42,0.495,0.0,1.0,0,BLOCKED
2502,2.6675,0.615,0.5,1.0,1,SELECTED,2.33,0.39,0.5,1.0,1,SELECTED,2.6225,0.585,0.5,1.0,1,SELECTED,1.42,0.66,0.0,1.0,0,BLOCKED,1.42,0.57,0.0,1.0,0,BLOCKED,1.42,0.735,0.0,1.0,0,BLOCKED,1.42,0.435,0.0,1.0,0,BLOCKED,1.42,0.48,0.0,1.0,0,BLOCKED,1.42,0.555,0.0,1.0,0,BLOCKED,1.42,0.495,0.0,1.0,0,BLOCKED
2508,2.6675,0.615,0.5,1.0,1,SELECTED,2.33,0.39,0.5,1.0,1,SELECTED,2.7475,0.585,0.5,1.0,2,SELECTED,1.42,0.66,0.0,1.0,0,BLOCKED,1.42,0.57,0.0,1.0,0,BLOCKED,1.42,0.735,0.0,1.0,0,BLOCKED,1.42,0.435,0.0,1.0,0,BLOCKED,1.42,0.48,0.0,1.0,0,BLOCKED,1.42,0.555,0.0,1.0,0,BLOCKED,1.42,0.495,0.0,1.0,0,BLOCKED
2514,2.6675,0.615,0.5,1.0,1,SELECTED,2.42,0.39,0.5,1.0,1,SELECTED,2.7475,0.585,0.5,1.0,2,SELECTED,1.42,0.66,0.0,1.0,0,BLOCKED,1.42,0.57,0.0,1.0,0,BLOCKED,1.42,0.735,0.0,1.0,0,BLOCKED,1.42,0.435,0.0,1.0,0,BLOCKED,1.42,0.48,0.0,1.0,0,BLOCKED,1.42,0.555,0.0,1.0,0,BLOCKED,1.42,0.495,0.0,1.0,0,BLOCKED
2520,2.915,0.72,0.5,1.0,1,SELECTED,2.42,0.39,0.5,1.0,1,SELECTED,2.6225,0.585,0.5,1.0,1,SELECTED,1.42,0.66,0.0,1.0,0,BLOCKED,1.42,0.57,0.0,1.0,0,BLOCKED,1.42,0.69,0.0,1.0,0,BLOCKED,1.42,0.45,0.0,1.0,0,BLOCKED,1.42,0.54,0.0,1.0,0,BLOCKED,1.42,0.51,0.0,1.0,0,BLOCKED,1.42,0.435,0.0,1.0,0,BLOCKED
2526,2.825,0.72,0.5,1.0,1,SELECTED,2.33,0.39,0.5,1.0,1,SELECTED,2.7125,0.585,0.5,1.0,1,SELECTED,1.42,0.66,0.0,1.0,0,BLOCKED,1.42,0.57,0.0,1.0,0,BLOCKED,1.42,0.69,0.0,1.0,0,BLOCKED,1.42,0.45,0.0,1.0,0,BLOCKED,1.42,0.54,0.0,1.0,0,BLOCKED,1.42,0.51,0.0,1.0,0,BLOCKED,1.42,0.435,0.0,1.0,0,BLOCKED
2532,2.915,0.72,0.5,1.0,1,SELECTED,2.33,0.39,0.5,1.0,1,SELECTED,2.6225,0.585,0.5,1.0,1,SELECTED,1.42,0.66,0.0,1.0,0,BLOCKED,1.42,0.57,0.0,1.0,0,BLOCKED,1.42,0.69,0.0,1.0,0,BLOCKED,1.42,0.45,0.0,1.0,0,BLOCKED,1.42,0.54,0.0,1.0,0,BLOCKED,1.42,0.51,0.0,1.0,0,BLOCKED,1.42,0.435,0.0,1.0,0,BLOCKED
2538,2.915,0.72,0.5,1.0,1,SELECTED,2.33,0.39,0.5,1.0,1,SELECTED,2.6225,0.585,0.5,1.0,1,SELECTED,1.42,0.66,0.0,1.0,0,BLOCKED,1.42,0.57,0.0,1.0,0,BLOCKED,1.42,0.69,0.0,1.0,0,BLOCKED,1.42,0.45,0.0,1.0,0,BLOCKED,1.42,0.54,0.0,1.0,0,BLOCKED,1.42,0.51,0.0,1.0,0,BLOCKED,1.42,0.435,0.0,1.0,0,BLOCKED
2544,2.825,0.72,0.5,1.0,1,SELECTED,2.33,0.39,0.5,1.0,1,SELECTED,2.6225,0.585,0.5,1.0,1,SELECTED,1.42,0.66,0.0,1.0,0,BLOCKED,1.42,0.57,0.0,1.0,0,BLOCKED,1.42,0.69,0.0,1.0,0,BLOCKED,1.42,0.45,0.0,1.0,0,BLOCKED,1.42,0.54,0.0,1.0,0,BLOCKED,1.42,0.51,0.0,1.0,0,BLOCKED,1.42,0.435,0.0,1.0,0,BLOCKED
2550,2.825,0.72,0.5,1.0,1,SELECTED,2.33,0.39,0.5,1.0,1,SELECTED,2.7125,0.585,0.5,1.0,1,SELECTED,1.42,0.66,0.0,1.0,0,BLOCKED,1.42,0.57,0.0,1.0,0,BLOCKED,1.42,0.69,0.0,1.0,0,BLOCKED,1.42,0.45,0.0,1.0,0,BLOCKED,1.42,0.54,0.0,1.0,0,BLOCKED,1.42,0.51,0.0,1.0,0,BLOCKED,1.42,0.435,0.0,1.0,0,BLOCKED
2556,2.825,0.72,0.5,1.0,1,SELECTED,2.33,0.39,0.5,1.0,1,SELECTED,2.7125,0.585,0.5,1.0,1,SELECTED,1.42,0.66,0.0,1.0,0,BLOCKED,1.42,0.57,0.0,1.0,0,BLOCKED,1.42,0.69,0.0,1.0,0,BLOCKED,1.42,0.45,0.0,1.0,0,BLOCKED,1.42,0.54,0.0,1.0,0,BLOCKED,1.42,0.51,0.0,1.0,0,BLOCKED,1.42,0.435,0.0,1.0,0,BLOCKED
2562,2.825,0.72,0.5,1.0,1,SELECTED,2.33,0.39,0.5,1.0,1,SELECTED,2.6225,0.585,0.5,1.0,1,SELECTED,1.42,0.66,0.0,1.0,0,BLOCKED,1.42,0.57,0.0,1.0,0,BLOCKED,1.42,0.69,0.0,1.0,0,BLOCKED,1.42,0.45,0.0,1.0,0,BLOCKED,1.42,0.54,0.0,1.0,0,BLOCKED,1.42,0.51,0.0,1.0,0,BLOCKED,1.42,0.435,0.0,1.0,0,BLOCKED
2568,2.825,0.72,0.5,1.0,1,SELECTED,2.42,0.39,0.5,1.0,1,SELECTED,2.7125,0.585,0.5,1.0,1,SELECTED,1.42,0.66,0.0,1.0,0,BLOCKED,1.42,0.57,0.0,1.0,0,BLOCKED,1.42,0.69,0.0,1.0,0,BLOCKED,1.42,0.45,0.0,1.0,0,BLOCKED,1.42,0.54,0.0,1.0,0,BLOCKED,1.42,0.51,0.0,1.0,0,BLOCKED,1.42,0.435,0.0,1.0,0,BLOCKED
2574,2.825,0.72,0.5,1.0,1,SELECTED,2.42,0.39,0.5,1.0,1,SELECTED,2.6225,0.585,0.5,1.0,1,SELECTED,1.42,0.66,0.0,1.0,0,BLOCKED,1.42,0.57,0.0,1.0,0,BLOCKED,1.42,0.69,0.0,1.0,0,BLOCKED,1.42,0.45,0.0,1.0,0,BLOCKED,1.42,0.54,0.0,1.0,0,BLOCKED,1.42,0.51,0.0,1.0,0,BLOCKED,1.42,0.435,0.0,1.0,0,BLOCKED
2580,2.915,0.72,0.5,1.0,1,SELECTED,2.33,0.39,0.5,1.0,1,SELECTED,2.6225,0.585,0.5,1.0,1,SELECTED,1.42,0.66,0.0,1.0,0,BLOCKED,1.42,0.57,0.0,1.0,0,BLOCKED,1.42,0.69,0.0,1.0,0,BLOCKED,1.42,0.45,0.0,1.0,0,BLOCKED,1.42,0.54,0.0,1.0,0,BLOCKED,1.42,0.51,0.0,1.0,0,BLOCKED,1.42,0.435,0.0,1.0,0,BLOCKED
2586,2.825,0.72,0.5,1.0,1,SELECTED,2.33,0.39,0.5,1.0,1,SELECTED,2.7125,0.585,0.5,1.0,1,SELECTED,1.42,0.66,0.0,1.0,0,BLOCKED,1.42,0.57,0.0,1.0,0,BLOCKED,1.42,0.69,0.0,1.0,0,BLOCKED,1.42,0.45,0.0,1.0,0,BLOCKED,1.42,0.54,0.0,1.0,0,BLOCKED,1.42,0.51,0.0,1.0,0,BLOCKED,1.42,0.435,0.0,1.0,0,BLOCKED
2592,2.825,0.72,0.5,1.0,1,SELECTED,2.42,0.39,0.5,1.0,1,SELECTED,2.6225,0.585,0.5,1.0,1,SELECTED,1.42,0.66,0.0,1.0,0,BLOCKED,1.42,0.57,0.0,1.0,0,BLOCKED,1.42,0.69,0.0,1.0,0,BLOCKED,1.42,0.45,0.0,1.0,0,BLOCKED,1.42,0.54,0.0,1.0,0,BLOCKED,1.42,0.51,0.0,1.0,0,BLOCKED,1.42,0.435,0.0,1.0,0,BLOCKED
2598,2.825,0.72,0.5,1.0,1,SELECTED,2.33,0.39,0.5,1.0,1,SELECTED,2.6225,0.585,0.5,1.0,1,SELECTED,1.42,0.66,0.0,1.0,0,BLOCKED,1.42,0.57,0.0,1.0,0,BLOCKED,1.42,0.69,0.0,1.0,0,BLOCKED,1.42,0.45,0.0,1.0,0,BLOCKED,1.42,0.54,0.0,1.0,0,BLOCKED,1.42,0.51,0.0,1.0,0,BLOCKED,1.42,0.435,0.0,1.0,0,BLOCKED
2604,2.825,0.72,0.5,1.0,1,SELECTED,2.33,0.39,0.5,1.0,1,SELECTED,2.6225,0.585,0.5,1.0,1,SELECTED,1.42,0.66,0.0,1.0,0,BLOCKED,1.42,0.57,0.0,1.0,0,BLOCKED,1.42,0.69,0.0,1.0,0,BLOCKED,1.42,0.45,0.0,1.0,0,BLOCKED,1.42,0.54,0.0,1.0,0,BLOCKED,1.42,0.51,0.0,1.0,0,BLOCKED,1.42,0.435,0.0,1.0,0,BLOCKED
2610,2.825,0.72,0.5,1.0,1,SELECTED,2.33,0.39,0.5,1.0,1,SELECTED,2.6225,0.585,0.5,1.0,1,SELECTED,1.42,0.66,0.0,1.0,0,BLOCKED,1.42,0.57,0.0,1.0,0,BLOCKED,1.42,0.69,0.0,1.0,0,BLOCKED,1.42,0.45,0.0,1.0,0,BLOCKED,1.42,0.54,0.0,1.0,0,BLOCKED,1.42,0.51,0.0,1.0,0,BLOCKED,1.42,0.435,0.0,1.0,0,BLOCKED
2616,2.915,0.72,0.5,1.0,1,SELECTED,2.33,0.39,0.5,1.0,1,SELECTED,2.6225,0.585,0.5,1.0,1,SELECTED,1.42,0.66,0.0,1.0,0,BLOCKED,1.42,0.57,0.0,1.0,0,BLOCKED,1.42,0.69,0.0,1.0,0,BLOCKED,1.42,0.45,0.0,1.0,0,BLOCKED,1.42,0.54,0.0,1.0,0,BLOCKED,1.42,0.51,0.0,1.0,0,BLOCKED,1.42,0.435,0.0,1.0,0,BLOCKED
2622,2.825,0.72,0.5,1.0,1,SELECTED,2.33,0.39,0.5,1.0,1,SELECTED,2.6225,0.585,0.5,1.0,1,SELECTED,1.42,0.66,0.0,1.0,0,BLOCKED,1.42,0.57,0.0,1.0,0,BLOCKED,1.42,0.69,0.0,1.0,0,BLOCKED,1.42,0.45,0.0,1.0,0,BLOCKED,1.42,0.54,0.0,1.0,0,BLOCKED,1.42,0.51,0.0,1.0,0,BLOCKED,1.42,0.435,0.0,1.0,0,BLOCKED
2628,2.915,0.72,0.5,1.0,1,SELECTED,2.42,0.39,0.5,1.0,1,SELECTED,2.6225,0.585,0.5,1.0,1,SELECTED,1.42,0.66,0.0,1.0,0,BLOCKED,1.42,0.57,0.0,1.0,0,BLOCKED,1.42,0.69,0.0,1.0,0,BLOCKED,1.42,0.45,0.0,1.0,0,BLOCKED,1.42,0.54,0.0,1.0,0,BLOCKED,1.42,0.51,0.0,1.0,0,BLOCKED,1.42,0.435,0.0,1.0,0,BLOCKED
2634,2.915,0.72,0.5,1.0,1,SELECTED,2.33,0.39,0.5,1.0,1,SELECTED,2.7125,0.585,0.5,1.0,1,SELECTED,1.42,0.66,0.0,1.0,0,BLOCKED,1.42,0.57,0.0,1.0,0,BLOCKED,1.42,0.69,0.0,1.0,0,BLOCKED,1.42,0.45,0.0,1.0,0,BLOCKED,1.42,0.54,0.0,1.0,0,BLOCKED,1.42,0.51,0.0,1.0,0,BLOCKED,1.42,0.435,0.0,1.0,0,BLOCKED
2640,2.915,0.72,0.5,1.0,1,SELECTED,2.33,0.39,0.5,1.0,1,SELECTED,2.6225,0.585,0.5,1.0,1,SELECTED,1.42,0.66,0.0,1.0,0,BLOCKED,1.42,0.57,0.0,1.0,0,BLOCKED,1.42,0.69,0.0,1.0,0,BLOCKED,1.42,0.45,0.0,1.0,0,BLOCKED,1.42,0.54,0.0,1.0,0,BLOCKED,1.42,0.51,0.0,1.0,0,BLOCKED,1.42,0.435,0.0,1.0,0,BLOCKED
2646,2.915,0.72,0.5,1.0,1,SELECTED,2.42,0.39,0.5,1.0,1,SELECTED,2.6225,0.585,0.5,1.0,1,SELECTED,1.42,0.66,0.0,1.0,0,BLOCKED,1.42,0.57,0.0,1.0,0,BLOCKED,1.42,0.69,0.0,1.0,0,BLOCKED,1.42,0.45,0.0,1.0,0,BLOCKED,1.42,0.54,0.0,1.0,0,BLOCKED,1.42,0.51,0.0,1.0,0,BLOCKED,1.42,0.435,0.0,1.0,0,BLOCKED
2652,2.825,0.72,0.5,1.0,1,SELECTED,2.42,0.39,0.5,1.0,1,SELECTED,2.7125,0.585,0.5,1.0,1,SELECTED,1.42,0.66,0.0,1.0,0,BLOCKED,1.42,0.57,0.0,1.0,0,BLOCKED,1.42,0.69,0.0,1.0,0,BLOCKED,1.42,0.45,0.0,1.0,0,BLOCKED,1.42,0.54,0.0,1.0,0,BLOCKED,1.42,0.51,0.0,1.0,0,BLOCKED,1.42,0.435,0.0,1.0,0,BLOCKED
2658,2.825,0.72,0.5,1.0,1,SELECTED,2.42,0.39,0.5,1.0,1,SELECTED,2.6225,0.585,0.5,1.0,1,SELECTED,1.42,0.66,0.0,1.0,0,BLOCKED,1.42,0.57,0.0,1.0,0,BLOCKED,1.42,0.69,0.0,1.0,0,BLOCKED,1.42,0.45,0.0,1.0,0,BLOCKED,1.42,0.54,0.0,1.0,0,BLOCKED,1.42,0.51,0.0,1.0,0,BLOCKED,1.42,0.435,0.0,1.0,0,BLOCKED
2664,2.825,0.72,0.5,1.0,1,SELECTED,2.33,0.39,0.5,1.0,1,SELECTED,2.6225,0.585,0.5,1.0,1,SELECTED,1.42,0.66,0.0,1.0,0,BLOCKED,1.42,0.57,0.0,1.0,0,BLOCKED,1.42,0.69,0.0,1.0,0,BLOCKED,1.42,0.45,0.0,1.0,0,BLOCKED,1.42,0.54,0.0,1.0,0,BLOCKED,1.42,0.51,0.0,1.0,0,BLOCKED,1.42,0.435,0.0,1.0,0,BLOCKED
2670,2.825,0.72,0.5,1.0,1,SELECTED,2.33,0.39,0.5,1.0,1,SELECTED,2.7125,0.585,0.5,1.0,1,SELECTED,1.42,0.66,0.0,1.0,0,BLOCKED,1.42,0.57,0.0,1.0,0,BLOCKED,1.42,0.69,0.0,1.0,0,BLOCKED,1.42,0.45,0.0,1.0,0,BLOCKED,1.42,0.54,0.0,1.0,0,BLOCKED,1.42,0.51,0.0,1.0,0,BLOCKED,1.42,0.435,0.0,1.0,0,BLOCKED
2676,2.915,0.72,0.5,1.0,1,SELECTED,2.33,0.39,0.5,1.0,1,SELECTED,2.6225,0.585,0.5,1.0,1,SELECTED,1.42,0.66,0.0,1.0,0,BLOCKED,1.42,0.57,0.0,1.0,0,BLOCKED,1.42,0.69,0.0,1.0,0,BLOCKED,1.42,0.45,0.0,1.0,0,BLOCKED,1.42,0.54,0.0,1.0,0,BLOCKED,1.42,0.51,0.0,1.0,0,BLOCKED,1.42,0.435,0.0,1.0,0,BLOCKED
2682,2.825,0.72,0.5,1.0,1,SELECTED,2.42,0.39,0.5,1.0,1,SELECTED,2.7125,0.585,0.5,1.0,1,SELECTED,1.42,0.66,0.0,1.0,0,BLOCKED,1.42,0.57,0.0,1.0,0,BLOCKED,1.42,0.69,0.0,1.0,0,BLOCKED,1.42,0.45,0.0,1.0,0,BLOCKED,1.42,0.54,0.0,1.0,0,BLOCKED,1.42,0.51,0.0,1.0,0,BLOCKED,1.42,0.435,0.0,1.0,0,BLOCKED
2688,2.915,0.72,0.5,1.0,1,SELECTED,2.42,0.39,0.5,1.0,1,SELECTED,2.6225,0.585,0.5,1.0,1,SELECTED,1.42,0.66,0.0,1.0,0,BLOCKED,1.42,0.57,0.0,1.0,0,BLOCKED,1.42,0.69,0.0,1.0,0,BLOCKED,1.42,0.45,0.0,1.0,0,BLOCKED,1.42,0.54,0.0,1.0,0,BLOCKED,1.42,0.51,0.0,1.0,0,BLOCKED,1.42,0.435,0.0,1.0,0,BLOCKED
2694,2.825,0.72,0.5,1.0,1,SELECTED,2.33,0.39,0.5,1.0,1,SELECTED,2.6225,0.585,0.5,1.0,1,SELECTED,1.42,0.66,0.0,1.0,0,BLOCKED,1.42,0.57,0.0,1.0,0,BLOCKED,1.42,0.69,0.0,1.0,0,BLOCKED,1.42,0.45,0.0,1.0,0,BLOCKED,1.42,0.54,0.0,1.0,0,BLOCKED,1.42,0.51,0.0,1.0,0,BLOCKED,1.42,0.435,0.0,1.0,0,BLOCKED
2700,2.915,0.72,0.5,1.0,1,SELECTED,2.42,0.39,0.5,1.0,1,SELECTED,2.6225,0.585,0.5,1.0,1,SELECTED,1.42,0.66,0.0,1.0,0,BLOCKED,1.42,0.57,0.0,1.0,0,BLOCKED,1.42,0.69,0.0,1.0,0,BLOCKED,1.42,0.45,0.0,1.0,0,BLOCKED,1.42,0.54,0.0,1.0,0,BLOCKED,1.42,0.51,0.0,1.0,0,BLOCKED,1.42,0.435,0.0,1.0,0,BLOCKED
2706,2.825,0.72,0.5,1.0,1,SELECTED,2.33,0.39,0.5,1.0,1,SELECTED,2.6225,0.585,0.5,1.0,1,SELECTED,1.42,0.66,0.0,1.0,0,BLOCKED,1.42,0.57,0.0,1.0,0,BLOCKED,1.42,0.69,0.0,1.0,0,BLOCKED,1.42,0.45,0.0,1.0,0,BLOCKED,1.42,0.54,0.0,1.0,0,BLOCKED,1.42,0.51,0.0,1.0,0,BLOCKED,1.42,0.435,0.0,1.0,0,BLOCKED
2712,2.825,0.72,0.5,1.0,1,SELECTED,2.33,0.39,0.5,1.0,1,SELECTED,2.6225,0.585,0.5,1.0,1,SELECTED,1.42,0.66,0.0,1.0,0,BLOCKED,1.42,0.57,0.0,1.0,0,BLOCKED,1.42,0.69,0.0,1.0,0,BLOCKED,1.42,0.45,0.0,1.0,0,BLOCKED,1.42,0.54,0.0,1.0,0,BLOCKED,1.42,0.51,0.0,1.0,0,BLOCKED,1.42,0.435,0.0,1.0,0,BLOCKED
2718,2.825,0.72,0.5,1.0,1,SELECTED,2.33,0.39,0.5,1.0,1,SELECTED,2.6225,0.585,0.5,1.0,1,SELECTED,1.42,0.66,0.0,1.0,0,BLOCKED,1.42,0.57,0.0,1.0,0,BLOCKED,1.42,0.69,0.0,1.0,0,BLOCKED,1.42,0.45,0.0,1.0,0,BLOCKED,1.42,0.54,0.0,1.0,0,BLOCKED,1.42,0.51,0.0,1.0,0,BLOCKED,1.42,0.435,0.0,1.0,0,BLOCKED
2724,2.825,0.72,0.5,1.0,1,SELECTED,2.42,0.39,0.5,1.0,1,SELECTED,2.6225,0.585,0.5,1.0,1,SELECTED,1.42,0.66,0.0,1.0,0,BLOCKED,1.42,0.57,0.0,1.0,0,BLOCKED,1.42,0.69,0.0,1.0,0,BLOCKED,1.42,0.45,0.0,1.0,0,BLOCKED,1.42,0.54,0.0,1.0,0,BLOCKED,1.42,0.51,0.0,1.0,0,BLOCKED,1.42,0.435,0.0,1.0,0,BLOCKED
2730,2.825,0.72,0.5,1.0,1,SELECTED,2.33,0.39,0.5,1.0,1,SELECTED,2.6225,0.585,0.5,1.0,1,SELECTED,1.42,0.66,0.0,1.0,0,BLOCKED,1.42,0.57,0.0,1.0,0,BLOCKED,1.42,0.69,0.0,1.0,0,BLOCKED,1.42,0.45,0.0,1.0,0,BLOCKED,1.42,0.54,0.0,1.0,0,BLOCKED,1.42,0.51,0.0,1.0,0,BLOCKED,1.42,0.435,0.0,1.0,0,BLOCKED
2736,2.915,0.72,0.5,1.0,1,SELECTED,2.33,0.39,0.5,1.0,1,SELECTED,2.7125,0.585,0.5,1.0,1,SELECTED,1.42,0.66,0.0,1.0,0,BLOCKED,1.42,0.57,0.0,1.0,0,BLOCKED,1.42,0.69,0.0,1.0,0,BLOCKED,1.42,0.45,0.0,1.0,0,BLOCKED,1.42,0.54,0.0,1.0,0,BLOCKED,1.42,0.51,0.0,1.0,0,BLOCKED,1.42,0.435,0.0,1.0,0,BLOCKED
2742,2.825,0.72,0.5,1.0,1,SELECTED,2.455,0.39,0.5,1.0,2,SELECTED,2.7125,0.585,0.5,1.0,1,SELECTED,1.42,0.66,0.0,1.0,0,BLOCKED,1.42,0.57,0.0,1.0,0,BLOCKED,1.42,0.69,0.0,1.0,0,BLOCKED,1.42,0.45,0.0,1.0,0,BLOCKED,1.42,0.54,0.0,1.0,0,BLOCKED,1.42,0.51,0.0,1.0,0,BLOCKED,1.42,0.435,0.0,1.0,0,BLOCKED
2748,2.825,0.72,0.5,1.0,1,SELECTED,2.33,0.39,0.5,1.0,1,SELECTED,2.6225,0.585,0.5,1.0,1,SELECTED,1.42,0.66,0.0,1.0,0,BLOCKED,1.42,0.57,0.0,1.0,0,BLOCKED,1.42,0.69,0.0,1.0,0,BLOCKED,1.42,0.45,0.0,1.0,0,BLOCKED,1.42,0.54,0.0,1.0,0,BLOCKED,1.42,0.51,0.0,1.0,0,BLOCKED,1.42,0.435,0.0,1.0,0,BLOCKED
2754,2.825,0.72,0.5,1.0,1,SELECTED,2.42,0.39,0.5,1.0,1,SELECTED,2.6225,0.585,0.5,1.0,1,SELECTED,1.42,0.66,0.0,1.0,0,BLOCKED,1.42,0.57,0.0,1.0,0,BLOCKED,1.42,0.69,0.0,1.0,0,BLOCKED,1.42,0.45,0.0,1.0,0,BLOCKED,1.42,0.54,0.0,1.0,0,BLOCKED,1.42,0.51,0.0,1.0,0,BLOCKED,1.42,0.435,0.0,1.0,0,BLOCKED
2760,2.825,0.72,0.5,1.0,1,SELECTED,2.42,0.39,0.5,1.0,1,SELECTED,2.7125,0.585,0.5,1.0,1,SELECTED,1.42,0.66,0.0,1.0,0,BLOCKED,1.42,0.57,0.0,1.0,0,BLOCKED,1.42,0.69,0.0,1.0,0,BLOCKED,1.42,0.45,0.0,1.0,0,BLOCKED,1.42,0.54,0.0,1.0,0,BLOCKED,1.42,0.51,0.0,1.0,0,BLOCKED,1.42,0.435,0.0,1.0,0,BLOCKED
2766,2.915,0.72,0.5,1.0,1,SELECTED,2.33,0.39,0.5,1.0,1,SELECTED,2.6225,0.585,0.5,1.0,1,SELECTED,1.42,0.66,0.0,1.0,0,BLOCKED,1.42,0.57,0.0,1.0,0,BLOCKED,1.42,0.69,0.0,1.0,0,BLOCKED,1.42,0.45,0.0,1.0,0,BLOCKED,1.42,0.54,0.0,1.0,0,BLOCKED,1.42,0.51,0.0,1.0,0,BLOCKED,1.42,0.435,0.0,1.0,0,BLOCKED
2772,2.825,0.72,0.5,1.0,1,SELECTED,2.33,0.39,0.5,1.0,1,SELECTED,2.6225,0.585,0.5,1.0,1,SELECTED,1.42,0.66,0.0,1.0,0,BLOCKED,1.42,0.57,0.0,1.0,0,BLOCKED,1.42,0.69,0.0,1.0,0,BLOCKED,1.42,0.45,0.0,1.0,0,BLOCKED,1.42,0.54,0.0,1.0,0,BLOCKED,1.42,0.51,0.0,1.0,0,BLOCKED,1.42,0.435,0.0,1.0,0,BLOCKED
2778,2.825,0.72,0.5,1.0,1,SELECTED,2.42,0.39,0.5,1.0,1,SELECTED,2.6225,0.585,0.5,1.0,1,SELECTED,1.42,0.66,0.0,1.0,0,BLOCKED,1.42,0.57,0.0,1.0,0,BLOCKED,1.42,0.69,0.0,1.0,0,BLOCKED,1.42,0.45,0.0,1.0,0,BLOCKED,1.42,0.54,0.0,1.0,0,BLOCKED,1.42,0.51,0.0,1.0,0,BLOCKED,1.42,0.435,0.0,1.0,0,BLOCKED
2784,2.825,0.72,0.5,1.0,1,SELECTED,2.33,0.39,0.5,1.0,1,SELECTED,2.7125,0.585,0.5,1.0,1,SELECTED,1.42,0.66,0.0,1.0,0,BLOCKED,1.42,0.57,0.0,1.0,0,BLOCKED,1.42,0.69,0.0,1.0,0,BLOCKED,1.42,0.45,0.0,1.0,0,BLOCKED,1.42,0.54,0.0,1.0,0,BLOCKED,1.42,0.51,0.0,1.0,0,BLOCKED,1.42,0.435,0.0,1.0,0,BLOCKED
2790,2.915,0.72,0.5,1.0,1,SELECTED,2.42,0.39,0.5,1.0,1,SELECTED,2.6225,0.585,0.5,1.0,1,SELECTED,1.42,0.66,0.0,1.0,0,BLOCKED,1.42,0.57,0.0,1.0,0,BLOCKED,1.42,0.69,0.0,1.0,0,BLOCKED,1.42,0.45,0.0,1.0,0,BLOCKED,1.42,0.54,0.0,1.0,0,BLOCKED,1.42,0.51,0.0,1.0,0,BLOCKED,1.42,0.435,0.0,1.0,0,BLOCKED
2796,2.825,0.72,0.5,1.0,1,SELECTED,2.33,0.39,0.5,1.0,1,SELECTED,2.7125,0.585,0.5,1.0,1,SELECTED,1.42,0.66,0.0,1.0,0,BLOCKED,1.42,0.57,0.0,1.0,0,BLOCKED,1.42,0.69,0.0,1.0,0,BLOCKED,1.42,0.45,0.0,1.0,0,BLOCKED,1.42,0.54,0.0,1.0,0,BLOCKED,1.42,0.51,0.0,1.0,0,BLOCKED,1.42,0.435,0.0,1.0,0,BLOCKED
2802,2.915,0.72,0.5,1.0,1,SELECTED,2.42,0.39,0.5,1.0,1,SELECTED,2.6225,0.585,0.5,1.0,1,SELECTED,1.42,0.66,0.0,1.0,0,BLOCKED,1.42,0.57,0.0,1.0,0,BLOCKED,1.42,0.69,0.0,1.0,0,BLOCKED,1.42,0.45,0.0,1.0,0,BLOCKED,1.42,0.54,0.0,1.0,0,BLOCKED,1.42,0.51,0.0,1.0,0,BLOCKED,1.42,0.435,0.0,1.0,0,BLOCKED
2808,2.825,0.72,0.5,1.0,1,SELECTED,2.33,0.39,0.5,1.0,1,SELECTED,2.6225,0.585,0.5,1.0,1,SELECTED,1.42,0.66,0.0,1.0,0,BLOCKED,1.42,0.57,0.0,1.0,0,BLOCKED,1.42,0.69,0.0,1.0,0,BLOCKED,1.42,0.45,0.0,1.0,0,BLOCKED,1.42,0.54,0.0,1.0,0,BLOCKED,1.42,0.51,0.0,1.0,0,BLOCKED,1.42,0.435,0.0,1.0,0,BLOCKED
2814,2.825,0.72,0.5,1.0,1,SELECTED,2.33,0.39,0.5,1.0,1,SELECTED,2.7125,0.585,0.5,1.0,1,SELECTED,1.42,0.66,0.0,1.0,0,BLOCKED,1.42,0.57,0.0,1.0,0,BLOCKED,1.42,0.69,0.0,1.0,0,BLOCKED,1.42,0.45,0.0,1.0,0,BLOCKED,1.42,0.54,0.0,1.0,0,BLOCKED,1.42,0.51,0.0,1.0,0,BLOCKED,1.42,0.435,0.0,1.0,0,BLOCKED
2820,2.825,0.72,0.5,1.0,1,SELECTED,2.33,0.39,0.5,1.0,1,SELECTED,2.6225,0.585,0.5,1.0,1,SELECTED,1.42,0.66,0.0,1.0,0,BLOCKED,1.42,0.57,0.0,1.0,0,BLOCKED,1.42,0.69,0.0,1.0,0,BLOCKED,1.42,0.45,0.0,1.0,0,BLOCKED,1.42,0.54,0.0,1.0,0,BLOCKED,1.42,0.51,0.0,1.0,0,BLOCKED,1.42,0.435,0.0,1.0,0,BLOCKED
2826,2.915,0.72,0.5,1.0,1,SELECTED,2.33,0.39,0.5,1.0,1,SELECTED,2.6225,0.585,0.5,1.0,1,SELECTED,1.42,0.66,0.0,1.0,0,BLOCKED,1.42,0.57,0.0,1.0,0,BLOCKED,1.42,0.69,0.0,1.0,0,BLOCKED,1.42,0.45,0.0,1.0,0,BLOCKED,1.42,0.54,0.0,1.0,0,BLOCKED,1.42,0.51,0.0,1.0,0,BLOCKED,1.42,0.435,0.0,1.0,0,BLOCKED
2832,2.915,0.72,0.5,1.0,1,SELECTED,2.42,0.39,0.5,1.0,1,SELECTED,2.6225,0.585,0.5,1.0,1,SELECTED,1.42,0.66,0.0,1.0,0,BLOCKED,1.42,0.57,0.0,1.0,0,BLOCKED,1.42,0.69,0.0,1.0,0,BLOCKED,1.42,0.45,0.0,1.0,0,BLOCKED,1.42,0.54,0.0,1.0,0,BLOCKED,1.42,0.51,0.0,1.0,0,BLOCKED,1.42,0.435,0.0,1.0,0,BLOCKED
2838,3.04,0.72,0.5,1.0,2,SELECTED,2.42,0.39,0.5,1.0,1,SELECTED,2.7475,0.585,0.5,1.0,2,SELECTED,1.42,0.66,0.0,1.0,0,BLOCKED,1.42,0.57,0.0,1.0,0,BLOCKED,1.42,0.69,0.0,1.0,0,BLOCKED,1.42,0.45,0.0,1.0,0,BLOCKED,1.42,0.54,0.0,1.0,0,BLOCKED,1.42,0.51,0.0,1.0,0,BLOCKED,1.42,0.435,0.0,1.0,0,BLOCKED
2844,3.04,0.72,0.5,1.0,2,SELECTED,2.42,0.39,0.5,1.0,1,SELECTED,2.6225,0.585,0.5,1.0,1,SELECTED,1.42,0.66,0.0,1.0,0,BLOCKED,1.42,0.57,0.0,1.0,0,BLOCKED,1.42,0.69,0.0,1.0,0,BLOCKED,1.42,0.45,0.0,1.0,0,BLOCKED,1.42,0.54,0.0,1.0,0,BLOCKED,1.42,0.51,0.0,1.0,0,BLOCKED,1.42,0.435,0.0,1.0,0,BLOCKED
2850,3.1025,0.72,0.5,1.0,3,SELECTED,2.42,0.39,0.5,1.0,1,SELECTED,2.6225,0.585,0.5,1.0,1,SELECTED,1.42,0.66,0.0,1.0,0,BLOCKED,1.42,0.57,0.0,1.0,0,BLOCKED,1.42,0.69,0.0,1.0,0,BLOCKED,1.42,0.45,0.0,1.0,0,BLOCKED,1.42,0.54,0.0,1.0,0,BLOCKED,1.42,0.51,0.0,1.0,0,BLOCKED,1.42,0.435,0.0,1.0,0,BLOCKED
2856,2.825,0.72,0.5,1.0,1,SELECTED,2.33,0.39,0.5,1.0,1,SELECTED,2.6225,0.585,0.5,1.0,1,SELECTED,1.42,0.66,0.0,1.0,0,BLOCKED,1.42,0.57,0.0,1.0,0,BLOCKED,1.42,0.69,0.0,1.0,0,BLOCKED,1.42,0.45,0.0,1.0,0,BLOCKED,1.42,0.54,0.0,1.0,0,BLOCKED,1.42,0.51,0.0,1.0,0,BLOCKED,1.42,0.435,0.0,1.0,0,BLOCKED
2862,2.915,0.72,0.5,1.0,1,SELECTED,2.33,0.39,0.5,1.0,1,SELECTED,2.6225,0.585,0.5,1.0,1,SELECTED,1.42,0.66,0.0,1.0,0,BLOCKED,1.42,0.57,0.0,1.0,0,BLOCKED,1.42,0.69,0.0,1.0,0,BLOCKED,1.42,0.45,0.0,1.0,0,BLOCKED,1.42,0.54,0.0,1.0,0,BLOCKED,1.42,0.51,0.0,1.0,0,BLOCKED,1.42,0.435,0.0,1.0,0,BLOCKED
2868,2.915,0.72,0.5,1.0,1,SELECTED,2.33,0.39,0.5,1.0,1,SELECTED,2.6225,0.585,0.5,1.0,1,SELECTED,1.42,0.66,0.0,1.0,0,BLOCKED,1.42,0.57,0.0,1.0,0,BLOCKED,1.42,0.69,0.0,1.0,0,BLOCKED,1.42,0.45,0.0,1.0,0,BLOCKED,1.42,0.54,0.0,1.0,0,BLOCKED,1.42,0.51,0.0,1.0,0,BLOCKED,1.42,0.435,0.0,1.0,0,BLOCKED
2874,3.04,0.72,0.5,1.0,2,SELECTED,2.42,0.39,0.5,1.0,1,SELECTED,2.7125,0.585,0.5,1.0,1,SELECTED,1.42,0.66,0.0,1.0,0,BLOCKED,1.42,0.57,0.0,1.0,0,BLOCKED,1.42,0.69,0.0,1.0,0,BLOCKED,1.42,0.45,0.0,1.0,0,BLOCKED,1.42,0.54,0.0,1.0,0,BLOCKED,1.42,0.51,0.0,1.0,0,BLOCKED,1.42,0.435,0.0,1.0,0,BLOCKED
2880,2.8025,0.705,0.5,1.0,1,SELECTED,2.42,0.39,0.5,1.0,1,SELECTED,2.6,0.57,0.5,1.0,1,SELECTED,1.42,0.75,0.0,1.0,0,BLOCKED,1.42,0.66,0.0,1.0,0,BLOCKED,1.42,0.795,0.0,1.0,0,BLOCKED,1.42,0.435,0.0,1.0,0,BLOCKED,1.42,0.525,0.0,1.0,0,BLOCKED,1.42,0.615,0.0,1.0,0,BLOCKED,1.42,0.48,0.0,1.0,0,BLOCKED
2886,2.8025,0.705,0.5,1.0,1,SELECTED,2.42,0.39,0.5,1.0,1,SELECTED,2.6,0.57,0.5,1.0,1,SELECTED,1.42,0.75,0.0,1.0,0,BLOCKED,1.42,0.66,0.0,1.0,0,BLOCKED,1.42,0.795,0.0,1.0,0,BLOCKED,1.42,0.435,0.0,1.0,0,BLOCKED,1.42,0.525,0.0,1.0,0,BLOCKED,1.42,0.615,0.0,1.0,0,BLOCKED,1.42,0.48,0.0,1.0,0,BLOCKED
2892,2.8025,0.705,0.5,1.0,1,SELECTED,2.33,0.39,0.5,1.0,1,SELECTED,2.6,0.57,0.5,1.0,1,SELECTED,1.42,0.75,0.0,1.0,0,BLOCKED,1.42,0.66,0.0,1.0,0,BLOCKED,1.42,0.795,0.0,1.0,0,BLOCKED,1.42,0.435,0.0,1.0,0,BLOCKED,1.42,0.525,0.0,1.0,0,BLOCKED,1.42,0.615,0.0,1.0,0,BLOCKED,1.42,0.48,0.0,1.0,0,BLOCKED
2898,2.9275,0.705,0.5,1.0,2,SELECTED,2.33,0.39,0.5,1.0,1,SELECTED,2.6,0.57,0.5,1.0,1,SELECTED,1.42,0.75,0.0,1.0,0,BLOCKED,1.42,0.66,0.0,1.0,0,BLOCKED,1.42,0.795,0.0,1.0,0,BLOCKED,1.42,0.435,0.0,1.0,0,BLOCKED,1.42,0.525,0.0,1.0,0,BLOCKED,1.42,0.615,0.0,1.0,0,BLOCKED,1.42,0.48,0.0,1.0,0,BLOCKED
2904,2.8025,0.705,0.5,1.0,1,SELECTED,2.33,0.39,0.5,1.0,1,SELECTED,2.6,0.57,0.5,1.0,1,SELECTED,1.42,0.75,0.0,1.0,0,BLOCKED,1.42,0.66,0.0,1.0,0,BLOCKED,1.42,0.795,0.0,1.0,0,BLOCKED,1.42,0.435,0.0,1.0,0,BLOCKED,1.42,0.525,0.0,1.0,0,BLOCKED,1.42,0.615,0.0,1.0,0,BLOCKED,1.42,0.48,0.0,1.0,0,BLOCKED
2910,2.8025,0.705,0.5,1.0,1,SELECTED,2.33,0.39,0.5,1.0,1,SELECTED,2.6,0.57,0.5,1.0,1,SELECTED,1.42,0.75,0.0,1.0,0,BLOCKED,1.42,0.66,0.0,1.0,0,BLOCKED,1.42,0.795,0.0,1.0,0,BLOCKED,1.42,0.435,0.0,1.0,0,BLOCKED,1.42,0.525,0.0,1.0,0,BLOCKED,1.42,0.615,0.0,1.0,0,BLOCKED,1.42,0.48,0.0,1.0,0,BLOCKED
2916,2.8925,0.705,0.5,1.0,1,SELECTED,2.33,0.39,0.5,1.0,1,SELECTED,2.69,0.57,0.5,1.0,1,SELECTED,1.42,0.75,0.0,1.0,0,BLOCKED,1.42,0.66,0.0,1.0,0,BLOCKED,1.42,0.795,0.0,1.0,0,BLOCKED,1.42,0.435,0.0,1.0,0,BLOCKED,1.42,0.525,0.0,1.0,0,BLOCKED,1.42,0.615,0.0,1.0,0,BLOCKED,1.42,0.48,0.0,1.0,0,BLOCKED
2922,2.8025,0.705,0.5,1.0,1,SELECTED,2.42,0.39,0.5,1.0,1,SELECTED,2.6,0.57,0.5,1.0,1,SELECTED,1.42,0.75,0.0,1.0,0,BLOCKED,1.42,0.66,0.0,1.0,0,BLOCKED,1.42,0.795,0.0,1.0,0,BLOCKED,1.42,0.435,0.0,1.0,0,BLOCKED,1.42,0.525,0.0,1.0,0,BLOCKED,1.42,0.615,0.0,1.0,0,BLOCKED,1.42,0.48,0.0,1.0,0,BLOCKED
2928,2.8025,0.705,0.5,1.0,1,SELECTED,2.42,0.39,0.5,1.0,1,SELECTED,2.69,0.57,0.5,1.0,1,SELECTED,1.42,0.75,0.0,1.0,0,BLOCKED,1.42,0.66,0.0,1.0,0,BLOCKED,1.42,0.795,0.0,1.0,0,BLOCKED,1.42,0.435,0.0,1.0,0,BLOCKED,1.42,0.525,0.0,1.0,0,BLOCKED,1.42,0.615,0.0,1.0,0,BLOCKED,1.42,0.48,0.0,1.0,0,BLOCKED
2934,2.9275,0.705,0.5,1.0,2,SELECTED,2.33,0.39,0.5,1.0,1,SELECTED,2.69,0.57,0.5,1.0,1,SELECTED,1.42,0.75,0.0,1.0,0,BLOCKED,1.42,0.66,0.0,1.0,0,BLOCKED,1.42,0.795,0.0,1.0,0,BLOCKED,1.42,0.435,0.0,1.0,0,BLOCKED,1.42,0.525,0.0,1.0,0,BLOCKED,1.42,0.615,0.0,1.0,0,BLOCKED,1.42,0.48,0.0,1.0,0,BLOCKED
2940,2.9275,0.705,0.5,1.0,2,SELECTED,2.42,0.39,0.5,1.0,1,SELECTED,2.69,0.57,0.5,1.0,1,SELECTED,1.42,0.75,0.0,1.0,0,BLOCKED,1.42,0.66,0.0,1.0,0,BLOCKED,1.42,0.795,0.0,1.0,0,BLOCKED,1.42,0.435,0.0,1.0,0,BLOCKED,1.42,0.525,0.0,1.0,0,BLOCKED,1.42,0.615,0.0,1.0,0,BLOCKED,1.42,0.48,0.0,1.0,0,BLOCKED
2946,2.99,0.705,0.5,1.0,3,SELECTED,2.33,0.39,0.5,1.0,1,SELECTED,2.6,0.57,0.5,1.0,1,SELECTED,1.42,0.75,0.0,1.0,0,BLOCKED,1.42,0.66,0.0,1.0,0,BLOCKED,1.42,0.795,0.0,1.0,0,BLOCKED,1.42,0.435,0.0,1.0,0,BLOCKED,1.42,0.525,0.0,1.0,0,BLOCKED,1.42,0.615,0.0,1.0,0,BLOCKED,1.42,0.48,0.0,1.0,0,BLOCKED
2952,2.8025,0.705,0.5,1.0,1,SELECTED,2.42,0.39,0.5,1.0,1,SELECTED,2.69,0.57,0.5,1.0,1,SELECTED,1.42,0.75,0.0,1.0,0,BLOCKED,1.42,0.66,0.0,1.0,0,BLOCKED,1.42,0.795,0.0,1.0,0,BLOCKED,1.42,0.435,0.0,1.0,0,BLOCKED,1.42,0.525,0.0,1.0,0,BLOCKED,1.42,0.615,0.0,1.0,0,BLOCKED,1.42,0.48,0.0,1.0,0,BLOCKED
2958,2.8025,0.705,0.5,1.0,1,SELECTED,2.33,0.39,0.5,1.0,1,SELECTED,2.6,0.57,0.5,1.0,1,SELECTED,1.42,0.75,0.0,1.0,0,BLOCKED,1.42,0.66,0.0,1.0,0,BLOCKED,1.42,0.795,0.0,1.0,0,BLOCKED,1.42,0.435,0.0,1.0,0,BLOCKED,1.42,0.525,0.0,1.0,0,BLOCKED,1.42,0.615,0.0,1.0,0,BLOCKED,1.42,0.48,0.0,1.0,0,BLOCKED
2964,2.8025,0.705,0.5,1.0,1,SELECTED,2.33,0.39,0.5,1.0,1,SELECTED,2.6,0.57,0.5,1.0,1,SELECTED,1.42,0.75,0.0,1.0,0,BLOCKED,1.42,0.66,0.0,1.0,0,BLOCKED,1.42,0.795,0.0,1.0,0,BLOCKED,1.42,0.435,0.0,1.0,0,BLOCKED,1.42,0.525,0.0,1.0,0,BLOCKED,1.42,0.615,0.0,1.0,0,BLOCKED,1.42,0.48,0.0,1.0,0,BLOCKED
2970,2.8025,0.705,0.5,1.0,1,SELECTED,2.33,0.39,0.5,1.0,1,SELECTED,2.69,0.57,0.5,1.0,1,SELECTED,1.42,0.75,0.0,1.0,0,BLOCKED,1.42,0.66,0.0,1.0,0,BLOCKED,1.42,0.795,0.0,1.0,0,BLOCKED,1.42,0.435,0.0,1.0,0,BLOCKED,1.42,0.525,0.0,1.0,0,BLOCKED,1.42,0.615,0.0,1.0,0,BLOCKED,1.42,0.48,0.0,1.0,0,BLOCKED
2976,2.8025,0.705,0.5,1.0,1,SELECTED,2.42,0.39,0.5,1.0,1,SELECTED,2.69,0.57,0.5,1.0,1,SELECTED,1.42,0.75,0.0,1.0,0,BLOCKED,1.42,0.66,0.0,1.0,0,BLOCKED,1.42,0.795,0.0,1.0,0,BLOCKED,1.42,0.435,0.0,1.0,0,BLOCKED,1.42,0.525,0.0,1.0,0,BLOCKED,1.42,0.615,0.0,1.0,0,BLOCKED,1.42,0.48,0.0,1.0,0,BLOCKED
2982,2.8025,0.705,0.5,1.0,1,SELECTED,2.33,0.39,0.5,1.0,1,SELECTED,2.69,0.57,0.5,1.0,1,SELECTED,1.42,0.75,0.0,1.0,0,BLOCKED,1.42,0.66,0.0,1.0,0,BLOCKED,1.42,0.795,0.0,1.0,0,BLOCKED,1.42,0.435,0.0,1.0,0,BLOCKED,1.42,0.525,0.0,1.0,0,BLOCKED,1.42,0.615,0.0,1.0,0,BLOCKED,1.42,0.48,0.0,1.0,0,BLOCKED
2988,2.8025,0.705,0.5,1.0,1,SELECTED,2.33,0.39,0.5,1.0,1,SELECTED,2.6,0.57,0.5,1.0,1,SELECTED,1.42,0.75,0.0,1.0,0,BLOCKED,1.42,0.66,0.0,1.0,0,BLOCKED,1.42,0.795,0.0,1.0,0,BLOCKED,1.42,0.435,0.0,1.0,0,BLOCKED,1.42,0.525,0.0,1.0,0,BLOCKED,1.42,0.615,0.0,1.0,0,BLOCKED,1.42,0.48,0.0,1.0,0,BLOCKED
2994,2.8925,0.705,0.5,1.0,1,SELECTED,2.42,0.39,0.5,1.0,1,SELECTED,2.6,0.57,0.5,1.0,1,SELECTED,1.42,0.75,0.0,1.0,0,BLOCKED,1.42,0.66,0.0,1.0,0,BLOCKED,1.42,0.795,0.0,1.0,0,BLOCKED,1.42,0.435,0.0,1.0,0,BLOCKED,1.42,0.525,0.0,1.0,0,BLOCKED,1.42,0.615,0.0,1.0,0,BLOCKED,1.42,0.48,0.0,1.0,0,BLOCKED
3000,2.8025,0.705,0.5,1.0,1,SELECTED,2.42,0.39,0.5,1.0,1,SELECTED,2.69,0.57,0.5,1.0,1,SELECTED,1.42,0.75,0.0,1.0,0,BLOCKED,1.42,0.66,0.0,1.0,0,BLOCKED,1.42,0.795,0.0,1.0,0,BLOCKED,1.42,0.435,0.0,1.0,0,BLOCKED,1.42,0.525,0.0,1.0,0,BLOCKED,1.42,0.615,0.0,1.0,0,BLOCKED,1.42,0.48,0.0,1.0,0,BLOCKED
3006,2.8025,0.705,0.5,1.0,1,SELECTED,2.42,0.39,0.5,1.0,1,SELECTED,2.69,0.57,0.5,1.0,1,SELECTED,1.42,0.75,0.0,1.0,0,BLOCKED,1.42,0.66,0.0,1.0,0,BLOCKED,1.42,0.795,0.0,1.0,0,BLOCKED,1.42,0.435,0.0,1.0,0,BLOCKED,1.42,0.525,0.0,1.0,0,BLOCKED,1.42,0.615,0.0,1.0,0,BLOCKED,1.42,0.48,0.0,1.0,0,BLOCKED
3012,2.8925,0.705,0.5,1.0,1,SELECTED,2.42,0.39,0.5,1.0,1,SELECTED,2.69,0.57,0.5,1.0,1,SELECTED,1.42,0.75,0.0,1.0,0,BLOCKED,1.42,0.66,0.0,1.0,0,BLOCKED,1.42,0.795,0.0,1.0,0,BLOCKED,1.42,0.435,0.0,1.0,0,BLOCKED,1.42,0.525,0.0,1.0,0,BLOCKED,1.42,0.615,0.0,1.0,0,BLOCKED,1.42,0.48,0.0,1.0,0,BLOCKED
3018,2.8025,0.705,0.5,1.0,1,SELECTED,2.33,0.39,0.5,1.0,1,SELECTED,2.6,0.57,0.5,1.0,1,SELECTED,1.42,0.75,0.0,1.0,0,BLOCKED,1.42,0.66,0.0,1.0,0,BLOCKED,1.42,0.795,0.0,1.0,0,BLOCKED,1.42,0.435,0.0,1.0,0,BLOCKED,1.42,0.525,0.0,1.0,0,BLOCKED,1.42,0.615,0.0,1.0,0,BLOCKED,1.42,0.48,0.0,1.0,0,BLOCKED
3024,2.8025,0.705,0.5,1.0,1,SELECTED,2.42,0.39,0.5,1.0,1,SELECTED,2.69,0.57,0.5,1.0,1,SELECTED,1.42,0.75,0.0,1.0,0,BLOCKED,1.42,0.66,0.0,1.0,0,BLOCKED,1.42,0.795,0.0,1.0,0,BLOCKED,1.42,0.435,0.0,1.0,0,BLOCKED,1.42,0.525,0.0,1.0,0,BLOCKED,1.42,0.615,0.0,1.0,0,BLOCKED,1.42,0.48,0.0,1.0,0,BLOCKED
3030,2.8025,0.705,0.5,1.0,1,SELECTED,2.33,0.39,0.5,1.0,1,SELECTED,2.6,0.57,0.5,1.0,1,SELECTED,1.42,0.75,0.0,1.0,0,BLOCKED,1.42,0.66,0.0,1.0,0,BLOCKED,1.42,0.795,0.0,1.0,0,BLOCKED,1.42,0.435,0.0,1.0,0,BLOCKED,1.42,0.525,0.0,1.0,0,BLOCKED,1.42,0.615,0.0,1.0,0,BLOCKED,1.42,0.48,0.0,1.0,0,BLOCKED
3036,2.8025,0.705,0.5,1.0,1,SELECTED,2.33,0.39,0.5,1.0,1,SELECTED,2.6,0.57,0.5,1.0,1,SELECTED,1.42,0.75,0.0,1.0,0,BLOCKED,1.42,0.66,0.0,1.0,0,BLOCKED,1.42,0.795,0.0,1.0,0,BLOCKED,1.42,0.435,0.0,1.0,0,BLOCKED,1.42,0.525,0.0,1.0,0,BLOCKED,1.42,0.615,0.0,1.0,0,BLOCKED,1.42,0.48,0.0,1.0,0,BLOCKED
3042,2.8025,0.705,0.5,1.0,1,SELECTED,2.33,0.39,0.5,1.0,1,SELECTED,2.6,0.57,0.5,1.0,1,SELECTED,1.42,0.75,0.0,1.0,0,BLOCKED,1.42,0.66,0.0,1.0,0,BLOCKED,1.42,0.795,0.0,1.0,0,BLOCKED,1.42,0.435,0.0,1.0,0,BLOCKED,1.42,0.525,0.0,1.0,0,BLOCKED,1.42,0.615,0.0,1.0,0,BLOCKED,1.42,0.48,0.0,1.0,0,BLOCKED
3048,2.8925,0.705,0.5,1.0,1,SELECTED,2.33,0.39,0.5,1.0,1,SELECTED,2.6,0.57,0.5,1.0,1,SELECTED,1.42,0.75,0.0,1.0,0,BLOCKED,1.42,0.66,0.0,1.0,0,BLOCKED,1.42,0.795,0.0,1.0,0,BLOCKED,1.42,0.435,0.0,1.0,0,BLOCKED,1.42,0.525,0.0,1.0,0,BLOCKED,1.42,0.615,0.0,1.0,0,BLOCKED,1.42,0.48,0.0,1.0,0,BLOCKED
3054,2.8925,0.705,0.5,1.0,1,SELECTED,2.33,0.39,0.5,1.0,1,SELECTED,2.6,0.57,0.5,1.0,1,SELECTED,1.42,0.75,0.0,1.0,0,BLOCKED,1.42,0.66,0.0,1.0,0,BLOCKED,1.42,0.795,0.0,1.0,0,BLOCKED,1.42,0.435,0.0,1.0,0,BLOCKED,1.42,0.525,0.0,1.0,0,BLOCKED,1.42,0.615,0.0,1.0,0,BLOCKED,1.42,0.48,0.0,1.0,0,BLOCKED
3060,2.8025,0.705,0.5,1.0,1,SELECTED,2.42,0.39,0.5,1.0,1,SELECTED,2.69,0.57,0.5,1.0,1,SELECTED,1.42,0.75,0.0,1.0,0,BLOCKED,1.42,0.66,0.0,1.0,0,BLOCKED,1.42,0.795,0.0,1.0,0,BLOCKED,1.42,0.435,0.0,1.0,0,BLOCKED,1.42,0.525,0.0,1.0,0,BLOCKED,1.42,0.615,0.0,1.0,0,BLOCKED,1.42,0.48,0.0,1.0,0,BLOCKED
3066,2.8025,0.705,0.5,1.0,1,SELECTED,2.33,0.39,0.5,1.0,1,SELECTED,2.6,0.57,0.5,1.0,1,SELECTED,1.42,0.75,0.0,1.0,0,BLOCKED,1.42,0.66,0.0,1.0,0,BLOCKED,1.42,0.795,0.0,1.0,0,BLOCKED,1.42,0.435,0.0,1.0,0,BLOCKED,1.42,0.525,0.0,1.0,0,BLOCKED,1.42,0.615,0.0,1.0,0,BLOCKED,1.42,0.48,0.0,1.0,0,BLOCKED
3072,2.8025,0.705,0.5,1.0,1,SELECTED,2.42,0.39,0.5,1.0,1,SELECTED,2.6,0.57,0.5,1.0,1,SELECTED,1.42,0.75,0.0,1.0,0,BLOCKED,1.42,0.66,0.0,1.0,0,BLOCKED,1.42,0.795,0.0,1.0,0,BLOCKED,1.42,0.435,0.0,1.0,0,BLOCKED,1.42,0.525,0.0,1.0,0,BLOCKED,1.42,0.615,0.0,1.0,0,BLOCKED,1.42,0.48,0.0,1.0,0,BLOCKED
3078,2.8025,0.705,0.5,1.0,1,SELECTED,2.33,0.39,0.5,1.0,1,SELECTED,2.6,0.57,0.5,1.0,1,SELECTED,1.42,0.75,0.0,1.0,0,BLOCKED,1.42,0.66,0.0,1.0,0,BLOCKED,1.42,0.795,0.0,1.0,0,BLOCKED,1.42,0.435,0.0,1.0,0,BLOCKED,1.42,0.525,0.0,1.0,0,BLOCKED,1.42,0.615,0.0,1.0,0,BLOCKED,1.42,0.48,0.0,1.0,0,BLOCKED
3084,2.8025,0.705,0.5,1.0,1,SELECTED,2.33,0.39,0.5,1.0,1,SELECTED,2.6,0.57,0.5,1.0,1,SELECTED,1.42,0.75,0.0,1.0,0,BLOCKED,1.42,0.66,0.0,1.0,0,BLOCKED,1.42,0.795,0.0,1.0,0,BLOCKED,1.42,0.435,0.0,1.0,0,BLOCKED,1.42,0.525,0.0,1.0,0,BLOCKED,1.42,0.615,0.0,1.0,0,BLOCKED,1.42,0.48,0.0,1.0,0,BLOCKED
3090,2.8025,0.705,0.5,1.0,1,SELECTED,2.42,0.39,0.5,1.0,1,SELECTED,2.69,0.57,0.5,1.0,1,SELECTED,1.42,0.75,0.0,1.0,0,BLOCKED,1.42,0.66,0.0,1.0,0,BLOCKED,1.42,0.795,0.0,1.0,0,BLOCKED,1.42,0.435,0.0,1.0,0,BLOCKED,1.42,0.525,0.0,1.0,0,BLOCKED,1.42,0.615,0.0,1.0,0,BLOCKED,1.42,0.48,0.0,1.0,0,BLOCKED
3096,2.8925,0.705,0.5,1.0,1,SELECTED,2.33,0.39,0.5,1.0,1,SELECTED,2.6,0.57,0.5,1.0,1,SELECTED,1.42,0.75,0.0,1.0,0,BLOCKED,1.42,0.66,0.0,1.0,0,BLOCKED,1.42,0.795,0.0,1.0,0,BLOCKED,1.42,0.435,0.0,1.0,0,BLOCKED,1.42,0.525,0.0,1.0,0,BLOCKED,1.42,0.615,0.0,1.0,0,BLOCKED,1.42,0.48,0.0,1.0,0,BLOCKED
3102,2.8025,0.705,0.5,1.0,1,SELECTED,2.33,0.39,0.5,1.0,1,SELECTED,2.6,0.57,0.5,1.0,1,SELECTED,1.42,0.75,0.0,1.0,0,BLOCKED,1.42,0.66,0.0,1.0,0,BLOCKED,1.42,0.795,0.0,1.0,0,BLOCKED,1.42,0.435,0.0,1.0,0,BLOCKED,1.42,0.525,0.0,1.0,0,BLOCKED,1.42,0.615,0.0,1.0,0,BLOCKED,1.42,0.48,0.0,1.0,0,BLOCKED
3108,2.8925,0.705,0.5,1.0,1,SELECTED,2.33,0.39,0.5,1.0,1,SELECTED,2.6,0.57,0.5,1.0,1,SELECTED,1.42,0.75,0.0,1.0,0,BLOCKED,1.42,0.66,0.0,1.0,0,BLOCKED,1.42,0.795,0.0,1.0,0,BLOCKED,1.42,0.435,0.0,1.0,0,BLOCKED,1.42,0.525,0.0,1.0,0,BLOCKED,1.42,0.615,0.0,1.0,0,BLOCKED,1.42,0.48,0.0,1.0,0,BLOCKED
3114,2.8025,0.705,0.5,1.0,1,SELECTED,2.33,0.39,0.5,1.0,1,SELECTED,2.6,0.57,0.5,1.0,1,SELECTED,1.42,0.75,0.0,1.0,0,BLOCKED,1.42,0.66,0.0,1.0,0,BLOCKED,1.42,0.795,0.0,1.0,0,BLOCKED,1.42,0.435,0.0,1.0,0,BLOCKED,1.42,0.525,0.0,1.0,0,BLOCKED,1.42,0.615,0.0,1.0,0,BLOCKED,1.42,0.48,0.0,1.0,0,BLOCKED
3120,2.8925,0.705,0.5,1.0,1,SELECTED,2.42,0.39,0.5,1.0,1,SELECTED,2.6,0.57,0.5,1.0,1,SELECTED,1.42,0.75,0.0,1.0,0,BLOCKED,1.42,0.66,0.0,1.0,0,BLOCKED,1.42,0.795,0.0,1.0,0,BLOCKED,1.42,0.435,0.0,1.0,0,BLOCKED,1.42,0.525,0.0,1.0,0,BLOCKED,1.42,0.615,0.0,1.0,0,BLOCKED,1.42,0.48,0.0,1.0,0,BLOCKED
3126,2.8025,0.705,0.5,1.0,1,SELECTED,2.42,0.39,0.5,1.0,1,SELECTED,2.6,0.57,0.5,1.0,1,SELECTED,1.42,0.75,0.0,1.0,0,BLOCKED,1.42,0.66,0.0,1.0,0,BLOCKED,1.42,0.795,0.0,1.0,0,BLOCKED,1.42,0.435,0.0,1.0,0,BLOCKED,1.42,0.525,0.0,1.0,0,BLOCKED,1.42,0.615,0.0,1.0,0,BLOCKED,1.42,0.48,0.0,1.0,0,BLOCKED
3132,2.8025,0.705,0.5,1.0,1,SELECTED,2.42,0.39,0.5,1.0,1,SELECTED,2.69,0.57,0.5,1.0,1,SELECTED,1.42,0.75,0.0,1.0,0,BLOCKED,1.42,0.66,0.0,1.0,0,BLOCKED,1.42,0.795,0.0,1.0,0,BLOCKED,1.42,0.435,0.0,1.0,0,BLOCKED,1.42,0.525,0.0,1.0,0,BLOCKED,1.42,0.615,0.0,1.0,0,BLOCKED,1.42,0.48,0.0,1.0,0,BLOCKED
3138,2.8925,0.705,0.5,1.0,1,SELECTED,2.33,0.39,0.5,1.0,1,SELECTED,2.69,0.57,0.5,1.0,1,SELECTED,1.42,0.75,0.0,1.0,0,BLOCKED,1.42,0.66,0.0,1.0,0,BLOCKED,1.42,0.795,0.0,1.0,0,BLOCKED,1.42,0.435,0.0,1.0,0,BLOCKED,1.42,0.525,0.0,1.0,0,BLOCKED,1.42,0.615,0.0,1.0,0,BLOCKED,1.42,0.48,0.0,1.0,0,BLOCKED
3144,2.8025,0.705,0.5,1.0,1,SELECTED,2.33,0.39,0.5,1.0,1,SELECTED,2.6,0.57,0.5,1.0,1,SELECTED,1.42,0.75,0.0,1.0,0,BLOCKED,1.42,0.66,0.0,1.0,0,BLOCKED,1.42,0.795,0.0,1.0,0,BLOCKED,1.42,0.435,0.0,1.0,0,BLOCKED,1.42,0.525,0.0,1.0,0,BLOCKED,1.42,0.615,0.0,1.0,0,BLOCKED,1.42,0.48,0.0,1.0,0,BLOCKED
3150,2.8925,0.705,0.5,1.0,1,SELECTED,2.42,0.39,0.5,1.0,1,SELECTED,2.6,0.57,0.5,1.0,1,SELECTED,1.42,0.75,0.0,1.0,0,BLOCKED,1.42,0.66,0.0,1.0,0,BLOCKED,1.42,0.795,0.0,1.0,0,BLOCKED,1.42,0.435,0.0,1.0,0,BLOCKED,1.42,0.525,0.0,1.0,0,BLOCKED,1.42,0.615,0.0,1.0,0,BLOCKED,1.42,0.48,0.0,1.0,0,BLOCKED
3156,2.8925,0.705,0.5,1.0,1,SELECTED,2.42,0.39,0.5,1.0,1,SELECTED,2.6,0.57,0.5,1.0,1,SELECTED,1.42,0.75,0.0,1.0,0,BLOCKED,1.42,0.66,0.0,1.0,0,BLOCKED,1.42,0.795,0.0,1.0,0,BLOCKED,1.42,0.435,0.0,1.0,0,BLOCKED,1.42,0.525,0.0,1.0,0,BLOCKED,1.42,0.615,0.0,1.0,0,BLOCKED,1.42,0.48,0.0,1.0,0,BLOCKED
3162,2.8025,0.705,0.5,1.0,1,SELECTED,2.33,0.39,0.5,1.0,1,SELECTED,2.69,0.57,0.5,1.0,1,SELECTED,1.42,0.75,0.0,1.0,0,BLOCKED,1.42,0.66,0.0,1.0,0,BLOCKED,1.42,0.795,0.0,1.0,0,BLOCKED,1.42,0.435,0.0,1.0,0,BLOCKED,1.42,0.525,0.0,1.0,0,BLOCKED,1.42,0.615,0.0,1.0,0,BLOCKED,1.42,0.48,0.0,1.0,0,BLOCKED
3168,2.8925,0.705,0.5,1.0,1,SELECTED,2.42,0.39,0.5,1.0,1,SELECTED,2.69,0.57,0.5,1.0,1,SELECTED,1.42,0.75,0.0,1.0,0,BLOCKED,1.42,0.66,0.0,1.0,0,BLOCKED,1.42,0.795,0.0,1.0,0,BLOCKED,1.42,0.435,0.0,1.0,0,BLOCKED,1.42,0.525,0.0,1.0,0,BLOCKED,1.42,0.615,0.0,1.0,0,BLOCKED,1.42,0.48,0.0,1.0,0,BLOCKED
3174,2.8925,0.705,0.5,1.0,1,SELECTED,2.33,0.39,0.5,1.0,1,SELECTED,2.69,0.57,0.5,1.0,1,SELECTED,1.42,0.75,0.0,1.0,0,BLOCKED,1.42,0.66,0.0,1.0,0,BLOCKED,1.42,0.795,0.0,1.0,0,BLOCKED,1.42,0.435,0.0,1.0,0,BLOCKED,1.42,0.525,0.0,1.0,0,BLOCKED,1.42,0.615,0.0,1.0,0,BLOCKED,1.42,0.48,0.0,1.0,0,BLOCKED
3180,2.8025,0.705,0.5,1.0,1,SELECTED,2.33,0.39,0.5,1.0,1,SELECTED,2.69,0.57,0.5,1.0,1,SELECTED,1.42,0.75,0.0,1.0,0,BLOCKED,1.42,0.66,0.0,1.0,0,BLOCKED,1.42,0.795,0.0,1.0,0,BLOCKED,1.42,0.435,0.0,1.0,0,BLOCKED,1.42,0.525,0.0,1.0,0,BLOCKED,1.42,0.615,0.0,1.0,0,BLOCKED,1.42,0.48,0.0,1.0,0,BLOCKED
3186,2.8025,0.705,0.5,1.0,1,SELECTED,2.33,0.39,0.5,1.0,1,SELECTED,2.6,0.57,0.5,1.0,1,SELECTED,1.42,0.75,0.0,1.0,0,BLOCKED,1.42,0.66,0.0,1.0,0,BLOCKED,1.42,0.795,0.0,1.0,0,BLOCKED,1.42,0.435,0.0,1.0,0,BLOCKED,1.42,0.525,0.0,1.0,0,BLOCKED,1.42,0.615,0.0,1.0,0,BLOCKED,1.42,0.48,0.0,1.0,0,BLOCKED
3192,2.8925,0.705,0.5,1.0,1,SELECTED,2.42,0.39,0.5,1.0,1,SELECTED,2.69,0.57,0.5,1.0,1,SELECTED,1.42,0.75,0.0,1.0,0,BLOCKED,1.42,0.66,0.0,1.0,0,BLOCKED,1.42,0.795,0.0,1.0,0,BLOCKED,1.42,0.435,0.0,1.0,0,BLOCKED,1.42,0.525,0.0,1.0,0,BLOCKED,1.42,0.615,0.0,1.0,0,BLOCKED,1.42,0.48,0.0,1.0,0,BLOCKED
3198,2.8925,0.705,0.5,1.0,1,SELECTED,2.42,0.39,0.5,1.0,1,SELECTED,2.69,0.57,0.5,1.0,1,SELECTED,1.42,0.75,0.0,1.0,0,BLOCKED,1.42,0.66,0.0,1.0,0,BLOCKED,1.42,0.795,0.0,1.0,0,BLOCKED,1.42,0.435,0.0,1.0,0,BLOCKED,1.42,0.525,0.0,1.0,0,BLOCKED,1.42,0.615,0.0,1.0,0,BLOCKED,1.42,0.48,0.0,1.0,0,BLOCKED
3204,2.8025,0.705,0.5,1.0,1,SELECTED,2.33,0.39,0.5,1.0,1,SELECTED,2.6,0.57,0.5,1.0,1,SELECTED,1.42,0.75,0.0,1.0,0,BLOCKED,1.42,0.66,0.0,1.0,0,BLOCKED,1.42,0.795,0.0,1.0,0,BLOCKED,1.42,0.435,0.0,1.0,0,BLOCKED,1.42,0.525,0.0,1.0,0,BLOCKED,1.42,0.615,0.0,1.0,0,BLOCKED,1.42,0.48,0.0,1.0,0,BLOCKED
3210,2.8025,0.705,0.5,1.0,1,SELECTED,2.42,0.39,0.5,1.0,1,SELECTED,2.69,0.57,0.5,1.0,1,SELECTED,1.42,0.75,0.0,1.0,0,BLOCKED,1.42,0.66,0.0,1.0,0,BLOCKED,1.42,0.795,0.0,1.0,0,BLOCKED,1.42,0.435,0.0,1.0,0,BLOCKED,1.42,0.525,0.0,1.0,0,BLOCKED,1.42,0.615,0.0,1.0,0,BLOCKED,1.42,0.48,0.0,1.0,0,BLOCKED
3216,2.8925,0.705,0.5,1.0,1,SELECTED,2.33,0.39,0.5,1.0,1,SELECTED,2.69,0.57,0.5,1.0,1,SELECTED,1.42,0.75,0.0,1.0,0,BLOCKED,1.42,0.66,0.0,1.0,0,BLOCKED,1.42,0.795,0.0,1.0,0,BLOCKED,1.42,0.435,0.0,1.0,0,BLOCKED,1.42,0.525,0.0,1.0,0,BLOCKED,1.42,0.615,0.0,1.0,0,BLOCKED,1.42,0.48,0.0,1.0,0,BLOCKED
3222,2.8025,0.705,0.5,1.0,1,SELECTED,2.42,0.39,0.5,1.0,1,SELECTED,2.6,0.57,0.5,1.0,1,SELECTED,1.42,0.75,0.0,1.0,0,BLOCKED,1.42,0.66,0.0,1.0,0,BLOCKED,1.42,0.795,0.0,1.0,0,BLOCKED,1.42,0.435,0.0,1.0,0,BLOCKED,1.42,0.525,0.0,1.0,0,BLOCKED,1.42,0.615,0.0,1.0,0,BLOCKED,1.42,0.48,0.0,1.0,0,BLOCKED
3228,2.8025,0.705,0.5,1.0,1,SELECTED,2.42,0.39,0.5,1.0,1,SELECTED,2.6,0.57,0.5,1.0,1,SELECTED,1.42,0.75,0.0,1.0,0,BLOCKED,1.42,0.66,0.0,1.0,0,BLOCKED,1.42,0.795,0.0,1.0,0,BLOCKED,1.42,0.435,0.0,1.0,0,BLOCKED,1.42,0.525,0.0,1.0,0,BLOCKED,1.42,0.615,0.0,1.0,0,BLOCKED,1.42,0.48,0.0,1.0,0,BLOCKED
3234,2.8025,0.705,0.5,1.0,1,SELECTED,2.545,0.39,0.5,1.0,2,SELECTED,2.69,0.57,0.5,1.0,1,SELECTED,1.42,0.75,0.0,1.0,0,BLOCKED,1.42,0.66,0.0,1.0,0,BLOCKED,1.42,0.795,0.0,1.0,0,BLOCKED,1.42,0.435,0.0,1.0,0,BLOCKED,1.42,0.525,0.0,1.0,0,BLOCKED,1.42,0.615,0.0,1.0,0,BLOCKED,1.42,0.48,0.0,1.0,0,BLOCKED
3240,2.825,0.72,0.5,1.0,1,SELECTED,2.33,0.39,0.5,1.0,1,SELECTED,2.6225,0.585,0.5,1.0,1,SELECTED,1.42,0.66,0.0,1.0,0,BLOCKED,1.42,0.48,0.0,1.0,0,BLOCKED,1.42,0.705,0.0,1.0,0,BLOCKED,1.42,0.435,0.0,1.0,0,BLOCKED,1.42,0.525,0.0,1.0,0,BLOCKED,1.42,0.555,0.0,1.0,0,BLOCKED,1.42,0.495,0.0,1.0,0,BLOCKED
3246,2.915,0.72,0.5,1.0,1,SELECTED,2.33,0.39,0.5,1.0,1,SELECTED,2.7125,0.585,0.5,1.0,1,SELECTED,1.42,0.66,0.0,1.0,0,BLOCKED,1.42,0.48,0.0,1.0,0,BLOCKED,1.42,0.705,0.0,1.0,0,BLOCKED,1.42,0.435,0.0,1.0,0,BLOCKED,1.42,0.525,0.0,1.0,0,BLOCKED,1.42,0.555,0.0,1.0,0,BLOCKED,1.42,0.495,0.0,1.0,0,BLOCKED
3252,2.825,0.72,0.5,1.0,1,SELECTED,2.33,0.39,0.5,1.0,1,SELECTED,2.6225,0.585,0.5,1.0,1,SELECTED,1.42,0.66,0.0,1.0,0,BLOCKED,1.42,0.48,0.0,1.0,0,BLOCKED,1.42,0.705,0.0,1.0,0,BLOCKED,1.42,0.435,0.0,1.0,0,BLOCKED,1.42,0.525,0.0,1.0,0,BLOCKED,1.42,0.555,0.0,1.0,0,BLOCKED,1.42,0.495,0.0,1.0,0,BLOCKED
3258,2.825,0.72,0.5,1.0,1,SELECTED,2.33,0.39,0.5,1.0,1,SELECTED,2.6225,0.585,0.5,1.0,1,SELECTED,1.42,0.66,0.0,1.0,0,BLOCKED,1.42,0.48,0.0,1.0,0,BLOCKED,1.42,0.705,0.0,1.0,0,BLOCKED,1.42,0.435,0.0,1.0,0,BLOCKED,1.42,0.525,0.0,1.0,0,BLOCKED,1.42,0.555,0.0,1.0,0,BLOCKED,1.42,0.495,0.0,1.0,0,BLOCKED
3264,2.825,0.72,0.5,1.0,1,SELECTED,2.33,0.39,0.5,1.0,1,SELECTED,2.6225,0.585,0.5,1.0,1,SELECTED,1.42,0.66,0.0,1.0,0,BLOCKED,1.42,0.48,0.0,1.0,0,BLOCKED,1.42,0.705,0.0,1.0,0,BLOCKED,1.42,0.435,0.0,1.0,0,BLOCKED,1.42,0.525,0.0,1.0,0,BLOCKED,1.42,0.555,0.0,1.0,0,BLOCKED,1.42,0.495,0.0,1.0,0,BLOCKED
3270,2.825,0.72,0.5,1.0,1,SELECTED,2.33,0.39,0.5,1.0,1,SELECTED,2.7125,0.585,0.5,1.0,1,SELECTED,1.42,0.66,0.0,1.0,0,BLOCKED,1.42,0.48,0.0,1.0,0,BLOCKED,1.42,0.705,0.0,1.0,0,BLOCKED,1.42,0.435,0.0,1.0,0,BLOCKED,1.42,0.525,0.0,1.0,0,BLOCKED,1.42,0.555,0.0,1.0,0,BLOCKED,1.42,0.495,0.0,1.0,0,BLOCKED
3276,2.915,0.72,0.5,1.0,1,SELECTED,2.33,0.39,0.5,1.0,1,SELECTED,2.7125,0.585,0.5,1.0,1,SELECTED,1.42,0.66,0.0,1.0,0,BLOCKED,1.42,0.48,0.0,1.0,0,BLOCKED,1.42,0.705,0.0,1.0,0,BLOCKED,1.42,0.435,0.0,1.0,0,BLOCKED,1.42,0.525,0.0,1.0,0,BLOCKED,1.42,0.555,0.0,1.0,0,BLOCKED,1.42,0.495,0.0,1.0,0,BLOCKED
3282,2.915,0.72,0.5,1.0,1,SELECTED,2.33,0.39,0.5,1.0,1,SELECTED,2.6225,0.585,0.5,1.0,1,SELECTED,1.42,0.66,0.0,1.0,0,BLOCKED,1.42,0.48,0.0,1.0,0,BLOCKED,1.42,0.705,0.0,1.0,0,BLOCKED,1.42,0.435,0.0,1.0,0,BLOCKED,1.42,0.525,0.0,1.0,0,BLOCKED,1.42,0.555,0.0,1.0,0,BLOCKED,1.42,0.495,0.0,1.0,0,BLOCKED
3288,2.825,0.72,0.5,1.0,1,SELECTED,2.33,0.39,0.5,1.0,1,SELECTED,2.6225,0.585,0.5,1.0,1,SELECTED,1.42,0.66,0.0,1.0,0,BLOCKED,1.42,0.48,0.0,1.0,0,BLOCKED,1.42,0.705,0.0,1.0,0,BLOCKED,1.42,0.435,0.0,1.0,0,BLOCKED,1.42,0.525,0.0,1.0,0,BLOCKED,1.42,0.555,0.0,1.0,0,BLOCKED,1.42,0.495,0.0,1.0,0,BLOCKED
3294,2.915,0.72,0.5,1.0,1,SELECTED,2.33,0.39,0.5,1.0,1,SELECTED,2.6225,0.585,0.5,1.0,1,SELECTED,1.42,0.66,0.0,1.0,0,BLOCKED,1.42,0.48,0.0,1.0,0,BLOCKED,1.42,0.705,0.0,1.0,0,BLOCKED,1.42,0.435,0.0,1.0,0,BLOCKED,1.42,0.525,0.0,1.0,0,BLOCKED,1.42,0.555,0.0,1.0,0,BLOCKED,1.42,0.495,0.0,1.0,0,BLOCKED
3300,2.825,0.72,0.5,1.0,1,SELECTED,2.33,0.39,0.5,1.0,1,SELECTED,2.6225,0.585,0.5,1.0,1,SELECTED,1.42,0.66,0.0,1.0,0,BLOCKED,1.42,0.48,0.0,1.0,0,BLOCKED,1.42,0.705,0.0,1.0,0,BLOCKED,1.42,0.435,0.0,1.0,0,BLOCKED,1.42,0.525,0.0,1.0,0,BLOCKED,1.42,0.555,0.0,1.0,0,BLOCKED,1.42,0.495,0.0,1.0,0,BLOCKED
3306,2.825,0.72,0.5,1.0,1,SELECTED,2.33,0.39,0.5,1.0,1,SELECTED,2.6225,0.585,0.5,1.0,1,SELECTED,1.42,0.66,0.0,1.0,0,BLOCKED,1.42,0.48,0.0,1.0,0,BLOCKED,1.42,0.705,0.0,1.0,0,BLOCKED,1.42,0.435,0.0,1.0,0,BLOCKED,1.42,0.525,0.0,1.0,0,BLOCKED,1.42,0.555,0.0,1.0,0,BLOCKED,1.42,0.495,0.0,1.0,0,BLOCKED
3312,2.915,0.72,0.5,1.0,1,SELECTED,2.42,0.39,0.5,1.0,1,SELECTED,2.7125,0.585,0.5,1.0,1,SELECTED,1.42,0.66,0.0,1.0,0,BLOCKED,1.42,0.48,0.0,1.0,0,BLOCKED,1.42,0.705,0.0,1.0,0,BLOCKED,1.42,0.435,0.0,1.0,0,BLOCKED,1.42,0.525,0.0,1.0,0,BLOCKED,1.42,0.555,0.0,1.0,0,BLOCKED,1.42,0.495,0.0,1.0,0,BLOCKED
3318,2.825,0.72,0.5,1.0,1,SELECTED,2.42,0.39,0.5,1.0,1,SELECTED,2.6225,0.585,0.5,1.0,1,SELECTED,1.42,0.66,0.0,1.0,0,BLOCKED,1.42,0.48,0.0,1.0,0,BLOCKED,1.42,0.705,0.0,1.0,0,BLOCKED,1.42,0.435,0.0,1.0,0,BLOCKED,1.42,0.525,0.0,1.0,0,BLOCKED,1.42,0.555,0.0,1.0,0,BLOCKED,1.42,0.495,0.0,1.0,0,BLOCKED
3324,2.825,0.72,0.5,1.0,1,SELECTED,2.42,0.39,0.5,1.0,1,SELECTED,2.7125,0.585,0.5,1.0,1,SELECTED,1.42,0.66,0.0,1.0,0,BLOCKED,1.42,0.48,0.0,1.0,0,BLOCKED,1.42,0.705,0.0,1.0,0,BLOCKED,1.42,0.435,0.0,1.0,0,BLOCKED,1.42,0.525,0.0,1.0,0,BLOCKED,1.42,0.555,0.0,1.0,0,BLOCKED,1.42,0.495,0.0,1.0,0,BLOCKED
3330,2.825,0.72,0.5,1.0,1,SELECTED,2.42,0.39,0.5,1.0,1,SELECTED,2.6225,0.585,0.5,1.0,1,SELECTED,1.42,0.66,0.0,1.0,0,BLOCKED,1.42,0.48,0.0,1.0,0,BLOCKED,1.42,0.705,0.0,1.0,0,BLOCKED,1.42,0.435,0.0,1.0,0,BLOCKED,1.42,0.525,0.0,1.0,0,BLOCKED,1.42,0.555,0.0,1.0,0,BLOCKED,1.42,0.495,0.0,1.0,0,BLOCKED
3336,2.915,0.72,0.5,1.0,1,SELECTED,2.42,0.39,0.5,1.0,1,SELECTED,2.6225,0.585,0.5,1.0,1,SELECTED,1.42,0.66,0.0,1.0,0,BLOCKED,1.42,0.48,0.0,1.0,0,BLOCKED,1.42,0.705,0.0,1.0,0,BLOCKED,1.42,0.435,0.0,1.0,0,BLOCKED,1.42,0.525,0.0,1.0,0,BLOCKED,1.42,0.555,0.0,1.0,0,BLOCKED,1.42,0.495,0.0,1.0,0,BLOCKED
3342,2.825,0.72,0.5,1.0,1,SELECTED,2.33,0.39,0.5,1.0,1,SELECTED,2.7125,0.585,0.5,1.0,1,SELECTED,1.42,0.66,0.0,1.0,0,BLOCKED,1.42,0.48,0.0,1.0,0,BLOCKED,1.42,0.705,0.0,1.0,0,BLOCKED,1.42,0.435,0.0,1.0,0,BLOCKED,1.42,0.525,0.0,1.0,0,BLOCKED,1.42,0.555,0.0,1.0,0,BLOCKED,1.42,0.495,0.0,1.0,0,BLOCKED
3348,2.825,0.72,0.5,1.0,1,SELECTED,2.42,0.39,0.5,1.0,1,SELECTED,2.6225,0.585,0.5,1.0,1,SELECTED,1.42,0.66,0.0,1.0,0,BLOCKED,1.42,0.48,0.0,1.0,0,BLOCKED,1.42,0.705,0.0,1.0,0,BLOCKED,1.42,0.435,0.0,1.0,0,BLOCKED,1.42,0.525,0.0,1.0,0,BLOCKED,1.42,0.555,0.0,1.0,0,BLOCKED,1.42,0.495,0.0,1.0,0,BLOCKED
3354,2.915,0.72,0.5,1.0,1,SELECTED,2.42,0.39,0.5,1.0,1,SELECTED,2.6225,0.585,0.5,1.0,1,SELECTED,1.42,0.66,0.0,1.0,0,BLOCKED,1.42,0.48,0.0,1.0,0,BLOCKED,1.42,0.705,0.0,1.0,0,BLOCKED,1.42,0.435,0.0,1.0,0,BLOCKED,1.42,0.525,0.0,1.0,0,BLOCKED,1.42,0.555,0.0,1.0,0,BLOCKED,1.42,0.495,0.0,1.0,0,BLOCKED
3360,2.915,0.72,0.5,1.0,1,SELECTED,2.42,0.39,0.5,1.0,1,SELECTED,2.6225,0.585,0.5,1.0,1,SELECTED,1.42,0.66,0.0,1.0,0,BLOCKED,1.42,0.48,0.0,1.0,0,BLOCKED,1.42,0.705,0.0,1.0,0,BLOCKED,1.42,0.435,0.0,1.0,0,BLOCKED,1.42,0.525,0.0,1.0,0,BLOCKED,1.42,0.555,0.0,1.0,0,BLOCKED,1.42,0.495,0.0,1.0,0,BLOCKED
3366,2.825,0.72,0.5,1.0,1,SELECTED,2.42,0.39,0.5,1.0,1,SELECTED,2.6225,0.585,0.5,1.0,1,SELECTED,1.42,0.66,0.0,1.0,0,BLOCKED,1.42,0.48,0.0,1.0,0,BLOCKED,1.42,0.705,0.0,1.0,0,BLOCKED,1.42,0.435,0.0,1.0,0,BLOCKED,1.42,0.525,0.0,1.0,0,BLOCKED,1.42,0.555,0.0,1.0,0,BLOCKED,1.42,0.495,0.0,1.0,0,BLOCKED
3372,2.825,0.72,0.5,1.0,1,SELECTED,2.33,0.39,0.5,1.0,1,SELECTED,2.7125,0.585,0.5,1.0,1,SELECTED,1.42,0.66,0.0,1.0,0,BLOCKED,1.42,0.48,0.0,1.0,0,BLOCKED,1.42,0.705,0.0,1.0,0,BLOCKED,1.42,0.435,0.0,1.0,0,BLOCKED,1.42,0.525,0.0,1.0,0,BLOCKED,1.42,0.555,0.0,1.0,0,BLOCKED,1.42,0.495,0.0,1.0,0,BLOCKED
3378,2.915,0.72,0.5,1.0,1,SELECTED,2.42,0.39,0.5,1.0,1,SELECTED,2.6225,0.585,0.5,1.0,1,SELECTED,1.42,0.66,0.0,1.0,0,BLOCKED,1.42,0.48,0.0,1.0,0,BLOCKED,1.42,0.705,0.0,1.0,0,BLOCKED,1.42,0.435,0.0,1.0,0,BLOCKED,1.42,0.525,0.0,1.0,0,BLOCKED,1.42,0.555,0.0,1.0,0,BLOCKED,1.42,0.495,0.0,1.0,0,BLOCKED
3384,2.915,0.72,0.5,1.0,1,SELECTED,2.33,0.39,0.5,1.0,1,SELECTED,2.7125,0.585,0.5,1.0,1,SELECTED,1.42,0.66,0.0,1.0,0,BLOCKED,1.42,0.48,0.0,1.0,0,BLOCKED,1.42,0.705,0.0,1.0,0,BLOCKED,1.42,0.435,0.0,1.0,0,BLOCKED,1.42,0.525,0.0,1.0,0,BLOCKED,1.42,0.555,0.0,1.0,0,BLOCKED,1.42,0.495,0.0,1.0,0,BLOCKED
3390,3.04,0.72,0.5,1.0,2,SELECTED,2.42,0.39,0.5,1.0,1,SELECTED,2.7125,0.585,0.5,1.0,1,SELECTED,1.42,0.66,0.0,1.0,0,BLOCKED,1.42,0.48,0.0,1.0,0,BLOCKED,1.42,0.705,0.0,1.0,0,BLOCKED,1.42,0.435,0.0,1.0,0,BLOCKED,1.42,0.525,0.0,1.0,0,BLOCKED,1.42,0.555,0.0,1.0,0,BLOCKED,1.42,0.495,0.0,1.0,0,BLOCKED
3396,3.04,0.72,0.5,1.0,2,SELECTED,2.33,0.39,0.5,1.0,1,SELECTED,2.6225,0.585,0.5,1.0,1,SELECTED,1.42,0.66,0.0,1.0,0,BLOCKED,1.42,0.48,0.0,1.0,0,BLOCKED,1.42,0.705,0.0,1.0,0,BLOCKED,1.42,0.435,0.0,1.0,0,BLOCKED,1.42,0.525,0.0,1.0,0,BLOCKED,1.42,0.555,0.0,1.0,0,BLOCKED,1.42,0.495,0.0,1.0,0,BLOCKED
3402,2.915,0.72,0.5,1.0,1,SELECTED,2.42,0.39,0.5,1.0,1,SELECTED,2.6225,0.585,0.5,1.0,1,SELECTED,1.42,0.66,0.0,1.0,0,BLOCKED,1.42,0.48,0.0,1.0,0,BLOCKED,1.42,0.705,0.0,1.0,0,BLOCKED,1.42,0.435,0.0,1.0,0,BLOCKED,1.42,0.525,0.0,1.0,0,BLOCKED,1.42,0.555,0.0,1.0,0,BLOCKED,1.42,0.495,0.0,1.0,0,BLOCKED
3408,2.825,0.72,0.5,1.0,1,SELECTED,2.42,0.39,0.5,1.0,1,SELECTED,2.6225,0.585,0.5,1.0,1,SELECTED,1.42,0.66,0.0,1.0,0,BLOCKED,1.42,0.48,0.0,1.0,0,BLOCKED,1.42,0.705,0.0,1.0,0,BLOCKED,1.42,0.435,0.0,1.0,0,BLOCKED,1.42,0.525,0.0,1.0,0,BLOCKED,1.42,0.555,0.0,1.0,0,BLOCKED,1.42,0.495,0.0,1.0,0,BLOCKED
3414,2.825,0.72,0.5,1.0,1,SELECTED,2.33,0.39,0.5,1.0,1,SELECTED,2.7125,0.585,0.5,1.0,1,SELECTED,1.42,0.66,0.0,1.0,0,BLOCKED,1.42,0.48,0.0,1.0,0,BLOCKED,1.42,0.705,0.0,1.0,0,BLOCKED,1.42,0.435,0.0,1.0,0,BLOCKED,1.42,0.525,0.0,1.0,0,BLOCKED,1.42,0.555,0.0,1.0,0,BLOCKED,1.42,0.495,0.0,1.0,0,BLOCKED
3420,2.915,0.72,0.5,1.0,1,SELECTED,2.33,0.39,0.5,1.0,1,SELECTED,2.7125,0.585,0.5,1.0,1,SELECTED,1.42,0.66,0.0,1.0,0,BLOCKED,1.42,0.48,0.0,1.0,0,BLOCKED,1.42,0.705,0.0,1.0,0,BLOCKED,1.42,0.435,0.0,1.0,0,BLOCKED,1.42,0.525,0.0,1.0,0,BLOCKED,1.42,0.555,0.0,1.0,0,BLOCKED,1.42,0.495,0.0,1.0,0,BLOCKED
3426,2.915,0.72,0.5,1.0,1,SELECTED,2.42,0.39,0.5,1.0,1,SELECTED,2.8375,0.585,0.5,1.0,2,SELECTED,1.42,0.66,0.0,1.0,0,BLOCKED,1.42,0.48,0.0,1.0,0,BLOCKED,1.42,0.705,0.0,1.0,0,BLOCKED,1.42,0.435,0.0,1.0,0,BLOCKED,1.42,0.525,0.0,1.0,0,BLOCKED,1.42,0.555,0.0,1.0,0,BLOCKED,1.42,0.495,0.0,1.0,0,BLOCKED
3432,2.825,0.72,0.5,1.0,1,SELECTED,2.42,0.39,0.5,1.0,1,SELECTED,2.6225,0.585,0.5,1.0,1,SELECTED,1.42,0.66,0.0,1.0,0,BLOCKED,1.42,0.48,0.0,1.0,0,BLOCKED,1.42,0.705,0.0,1.0,0,BLOCKED,1.42,0.435,0.0,1.0,0,BLOCKED,1.42,0.525,0.0,1.0,0,BLOCKED,1.42,0.555,0.0,1.0,0,BLOCKED,1.42,0.495,0.0,1.0,0,BLOCKED
3438,2.825,0.72,0.5,1.0,1,SELECTED,2.42,0.39,0.5,1.0,1,SELECTED,2.6225,0.585,0.5,1.0,1,SELECTED,1.42,0.66,0.0,1.0,0,BLOCKED,1.42,0.48,0.0,1.0,0,BLOCKED,1.42,0.705,0.0,1.0,0,BLOCKED,1.42,0.435,0.0,1.0,0,BLOCKED,1.42,0.525,0.0,1.0,0,BLOCKED,1.42,0.555,0.0,1.0,0,BLOCKED,1.42,0.495,0.0,1.0,0,BLOCKED
3444,2.825,0.72,0.5,1.0,1,SELECTED,2.33,0.39,0.5,1.0,1,SELECTED,2.6225,0.585,0.5,1.0,1,SELECTED,1.42,0.66,0.0,1.0,0,BLOCKED,1.42,0.48,0.0,1.0,0,BLOCKED,1.42,0.705,0.0,1.0,0,BLOCKED,1.42,0.435,0.0,1.0,0,BLOCKED,1.42,0.525,0.0,1.0,0,BLOCKED,1.42,0.555,0.0,1.0,0,BLOCKED,1.42,0.495,0.0,1.0,0,BLOCKED
3450,2.915,0.72,0.5,1.0,1,SELECTED,2.42,0.39,0.5,1.0,1,SELECTED,2.6225,0.585,0.5,1.0,1,SELECTED,1.42,0.66,0.0,1.0,0,BLOCKED,1.42,0.48,0.0,1.0,0,BLOCKED,1.42,0.705,0.0,1.0,0,BLOCKED,1.42,0.435,0.0,1.0,0,BLOCKED,1.42,0.525,0.0,1.0,0,BLOCKED,1.42,0.555,0.0,1.0,0,BLOCKED,1.42,0.495,0.0,1.0,0,BLOCKED
3456,2.825,0.72,0.5,1.0,1,SELECTED,2.42,0.39,0.5,1.0,1,SELECTED,2.7125,0.585,0.5,1.0,1,SELECTED,1.42,0.66,0.0,1.0,0,BLOCKED,1.42,0.48,0.0,1.0,0,BLOCKED,1.42,0.705,0.0,1.0,0,BLOCKED,1.42,0.435,0.0,1.0,0,BLOCKED,1.42,0.525,0.0,1.0,0,BLOCKED,1.42,0.555,0.0,1.0,0,BLOCKED,1.42,0.495,0.0,1.0,0,BLOCKED
3462,2.825,0.72,0.5,1.0,1,SELECTED,2.33,0.39,0.5,1.0,1,SELECTED,2.7125,0.585,0.5,1.0,1,SELECTED,1.42,0.66,0.0,1.0,0,BLOCKED,1.42,0.48,0.0,1.0,0,BLOCKED,1.42,0.705,0.0,1.0,0,BLOCKED,1.42,0.435,0.0,1.0,0,BLOCKED,1.42,0.525,0.0,1.0,0,BLOCKED,1.42,0.555,0.0,1.0,0,BLOCKED,1.42,0.495,0.0,1.0,0,BLOCKED
3468,2.825,0.72,0.5,1.0,1,SELECTED,2.42,0.39,0.5,1.0,1,SELECTED,2.6225,0.585,0.5,1.0,1,SELECTED,1.42,0.66,0.0,1.0,0,BLOCKED,1.42,0.48,0.0,1.0,0,BLOCKED,1.42,0.705,0.0,1.0,0,BLOCKED,1.42,0.435,0.0,1.0,0,BLOCKED,1.42,0.525,0.0,1.0,0,BLOCKED,1.42,0.555,0.0,1.0,0,BLOCKED,1.42,0.495,0.0,1.0,0,BLOCKED
3474,2.825,0.72,0.5,1.0,1,SELECTED,2.42,0.39,0.5,1.0,1,SELECTED,2.6225,0.585,0.5,1.0,1,SELECTED,1.42,0.66,0.0,1.0,0,BLOCKED,1.42,0.48,0.0,1.0,0,BLOCKED,1.42,0.705,0.0,1.0,0,BLOCKED,1.42,0.435,0.0,1.0,0,BLOCKED,1.42,0.525,0.0,1.0,0,BLOCKED,1.42,0.555,0.0,1.0,0,BLOCKED,1.42,0.495,0.0,1.0,0,BLOCKED
3480,2.825,0.72,0.5,1.0,1,SELECTED,2.33,0.39,0.5,1.0,1,SELECTED,2.6225,0.585,0.5,1.0,1,SELECTED,1.42,0.66,0.0,1.0,0,BLOCKED,1.42,0.48,0.0,1.0,0,BLOCKED,1.42,0.705,0.0,1.0,0,BLOCKED,1.42,0.435,0.0,1.0,0,BLOCKED,1.42,0.525,0.0,1.0,0,BLOCKED,1.42,0.555,0.0,1.0,0,BLOCKED,1.42,0.495,0.0,1.0,0,BLOCKED
3486,2.915,0.72,0.5,1.0,1,SELECTED,2.33,0.39,0.5,1.0,1,SELECTED,2.6225,0.585,0.5,1.0,1,SELECTED,1.42,0.66,0.0,1.0,0,BLOCKED,1.42,0.48,0.0,1.0,0,BLOCKED,1.42,0.705,0.0,1.0,0,BLOCKED,1.42,0.435,0.0,1.0,0,BLOCKED,1.42,0.525,0.0,1.0,0,BLOCKED,1.42,0.555,0.0,1.0,0,BLOCKED,1.42,0.495,0.0,1.0,0,BLOCKED
3492,2.825,0.72,0.5,1.0,1,SELECTED,2.33,0.39,0.5,1.0,1,SELECTED,2.6225,0.585,0.5,1.0,1,SELECTED,1.42,0.66,0.0,1.0,0,BLOCKED,1.42,0.48,0.0,1.0,0,BLOCKED,1.42,0.705,0.0,1.0,0,BLOCKED,1.42,0.435,0.0,1.0,0,BLOCKED,1.42,0.525,0.0,1.0,0,BLOCKED,1.42,0.555,0.0,1.0,0,BLOCKED,1.42,0.495,0.0,1.0,0,BLOCKED
3498,2.825,0.72,0.5,1.0,1,SELECTED,2.42,0.39,0.5,1.0,1,SELECTED,2.7125,0.585,0.5,1.0,1,SELECTED,1.42,0.66,0.0,1.0,0,BLOCKED,1.42,0.48,0.0,1.0,0,BLOCKED,1.42,0.705,0.0,1.0,0,BLOCKED,1.42,0.435,0.0,1.0,0,BLOCKED,1.42,0.525,0.0,1.0,0,BLOCKED,1.42,0.555,0.0,1.0,0,BLOCKED,1.42,0.495,0.0,1.0,0,BLOCKED
3504,2.915,0.72,0.5,1.0,1,SELECTED,2.33,0.39,0.5,1.0,1,SELECTED,2.6225,0.585,0.5,1.0,1,SELECTED,1.42,0.66,0.0,1.0,0,BLOCKED,1.42,0.48,0.0,1.0,0,BLOCKED,1.42,0.705,0.0,1.0,0,BLOCKED,1.42,0.435,0.0,1.0,0,BLOCKED,1.42,0.525,0.0,1.0,0,BLOCKED,1.42,0.555,0.0,1.0,0,BLOCKED,1.42,0.495,0.0,1.0,0,BLOCKED
3510,2.825,0.72,0.5,1.0,1,SELECTED,2.42,0.39,0.5,1.0,1,SELECTED,2.7125,0.585,0.5,1.0,1,SELECTED,1.42,0.66,0.0,1.0,0,BLOCKED,1.42,0.48,0.0,1.0,0,BLOCKED,1.42,0.705,0.0,1.0,0,BLOCKED,1.42,0.435,0.0,1.0,0,BLOCKED,1.42,0.525,0.0,1.0,0,BLOCKED,1.42,0.555,0.0,1.0,0,BLOCKED,1.42,0.495,0.0,1.0,0,BLOCKED
3516,2.825,0.72,0.5,1.0,1,SELECTED,2.42,0.39,0.5,1.0,1,SELECTED,2.6225,0.585,0.5,1.0,1,SELECTED,1.42,0.66,0.0,1.0,0,BLOCKED,1.42,0.48,0.0,1.0,0,BLOCKED,1.42,0.705,0.0,1.0,0,BLOCKED,1.42,0.435,0.0,1.0,0,BLOCKED,1.42,0.525,0.0,1.0,0,BLOCKED,1.42,0.555,0.0,1.0,0,BLOCKED,1.42,0.495,0.0,1.0,0,BLOCKED
3522,2.915,0.72,0.5,1.0,1,SELECTED,2.42,0.39,0.5,1.0,1,SELECTED,2.6225,0.585,0.5,1.0,1,SELECTED,1.42,0.66,0.0,1.0,0,BLOCKED,1.42,0.48,0.0,1.0,0,BLOCKED,1.42,0.705,0.0,1.0,0,BLOCKED,1.42,0.435,0.0,1.0,0,BLOCKED,1.42,0.525,0.0,1.0,0,BLOCKED,1.42,0.555,0.0,1.0,0,BLOCKED,1.42,0.495,0.0,1.0,0,BLOCKED
3528,2.915,0.72,0.5,1.0,1,SELECTED,2.33,0.39,0.5,1.0,1,SELECTED,2.6225,0.585,0.5,1.0,1,SELECTED,1.42,0.66,0.0,1.0,0,BLOCKED,1.42,0.48,0.0,1.0,0,BLOCKED,1.42,0.705,0.0,1.0,0,BLOCKED,1.42,0.435,0.0,1.0,0,BLOCKED,1.42,0.525,0.0,1.0,0,BLOCKED,1.42,0.555,0.0,1.0,0,BLOCKED,1.42,0.495,0.0,1.0,0,BLOCKED
3534,2.915,0.72,0.5,1.0,1,SELECTED,2.33,0.39,0.5,1.0,1,SELECTED,2.6225,0.585,0.5,1.0,1,SELECTED,1.42,0.66,0.0,1.0,0,BLOCKED,1.42,0.48,0.0,1.0,0,BLOCKED,1.42,0.705,0.0,1.0,0,BLOCKED,1.42,0.435,0.0,1.0,0,BLOCKED,1.42,0.525,0.0,1.0,0,BLOCKED,1.42,0.555,0.0,1.0,0,BLOCKED,1.42,0.495,0.0,1.0,0,BLOCKED
3540,2.825,0.72,0.5,1.0,1,SELECTED,2.33,0.39,0.5,1.0,1,SELECTED,2.6225,0.585,0.5,1.0,1,SELECTED,1.42,0.66,0.0,1.0,0,BLOCKED,1.42,0.48,0.0,1.0,0,BLOCKED,1.42,0.705,0.0,1.0,0,BLOCKED,1.42,0.435,0.0,1.0,0,BLOCKED,1.42,0.525,0.0,1.0,0,BLOCKED,1.42,0.555,0.0,1.0,0,BLOCKED,1.42,0.495,0.0,1.0,0,BLOCKED
3546,2.825,0.72,0.5,1.0,1,SELECTED,2.33,0.39,0.5,1.0,1,SELECTED,2.6225,0.585,0.5,1.0,1,SELECTED,1.42,0.66,0.0,1.0,0,BLOCKED,1.42,0.48,0.0,1.0,0,BLOCKED,1.42,0.705,0.0,1.0,0,BLOCKED,1.42,0.435,0.0,1.0,0,BLOCKED,1.42,0.525,0.0,1.0,0,BLOCKED,1.42,0.555,0.0,1.0,0,BLOCKED,1.42,0.495,0.0,1.0,0,BLOCKED
3552,2.95,0.72,0.5,1.0,2,SELECTED,2.33,0.39,0.5,1.0,1,SELECTED,2.7125,0.585,0.5,1.0,1,SELECTED,1.42,0.66,0.0,1.0,0,BLOCKED,1.42,0.48,0.0,1.0,0,BLOCKED,1.42,0.705,0.0,1.0,0,BLOCKED,1.42,0.435,0.0,1.0,0,BLOCKED,1.42,0.525,0.0,1.0,0,BLOCKED,1.42,0.555,0.0,1.0,0,BLOCKED,1.42,0.495,0.0,1.0,0,BLOCKED
3558,2.825,0.72,0.5,1.0,1,SELECTED,2.33,0.39,0.5,1.0,1,SELECTED,2.6225,0.585,0.5,1.0,1,SELECTED,1.42,0.66,0.0,1.0,0,BLOCKED,1.42,0.48,0.0,1.0,0,BLOCKED,1.42,0.705,0.0,1.0,0,BLOCKED,1.42,0.435,0.0,1.0,0,BLOCKED,1.42,0.525,0.0,1.0,0,BLOCKED,1.42,0.555,0.0,1.0,0,BLOCKED,1.42,0.495,0.0,1.0,0,BLOCKED
3564,2.825,0.72,0.5,1.0,1,SELECTED,2.33,0.39,0.5,1.0,1,SELECTED,2.7125,0.585,0.5,1.0,1,SELECTED,1.42,0.66,0.0,1.0,0,BLOCKED,1.42,0.48,0.0,1.0,0,BLOCKED,1.42,0.705,0.0,1.0,0,BLOCKED,1.42,0.435,0.0,1.0,0,BLOCKED,1.42,0.525,0.0,1.0,0,BLOCKED,1.42,0.555,0.0,1.0,0,BLOCKED,1.42,0.495,0.0,1.0,0,BLOCKED
3570,2.825,0.72,0.5,1.0,1,SELECTED,2.42,0.39,0.5,1.0,1,SELECTED,2.6225,0.585,0.5,1.0,1,SELECTED,1.42,0.66,0.0,1.0,0,BLOCKED,1.42,0.48,0.0,1.0,0,BLOCKED,1.42,0.705,0.0,1.0,0,BLOCKED,1.42,0.435,0.0,1.0,0,BLOCKED,1.42,0.525,0.0,1.0,0,BLOCKED,1.42,0.555,0.0,1.0,0,BLOCKED,1.42,0.495,0.0,1.0,0,BLOCKED
3576,2.915,0.72,0.5,1.0,1,SELECTED,2.33,0.39,0.5,1.0,1,SELECTED,2.6225,0.585,0.5,1.0,1,SELECTED,1.42,0.66,0.0,1.0,0,BLOCKED,1.42,0.48,0.0,1.0,0,BLOCKED,1.42,0.705,0.0,1.0,0,BLOCKED,1.42,0.435,0.0,1.0,0,BLOCKED,1.42,0.525,0.0,1.0,0,BLOCKED,1.42,0.555,0.0,1.0,0,BLOCKED,1.42,0.495,0.0,1.0,0,BLOCKED
3582,2.825,0.72,0.5,1.0,1,SELECTED,2.33,0.39,0.5,1.0,1,SELECTED,2.7125,0.585,0.5,1.0,1,SELECTED,1.42,0.66,0.0,1.0,0,BLOCKED,1.42,0.48,0.0,1.0,0,BLOCKED,1.42,0.705,0.0,1.0,0,BLOCKED,1.42,0.435,0.0,1.0,0,BLOCKED,1.42,0.525,0.0,1.0,0,BLOCKED,1.42,0.555,0.0,1.0,0,BLOCKED,1.42,0.495,0.0,1.0,0,BLOCKED
3588,2.915,0.72,0.5,1.0,1,SELECTED,2.42,0.39,0.5,1.0,1,SELECTED,2.6225,0.585,0.5,1.0,1,SELECTED,1.42,0.66,0.0,1.0,0,BLOCKED,1.42,0.48,0.0,1.0,0,BLOCKED,1.42,0.705,0.0,1.0,0,BLOCKED,1.42,0.435,0.0,1.0,0,BLOCKED,1.42,0.525,0.0,1.0,0,BLOCKED,1.42,0.555,0.0,1.0,0,BLOCKED,1.42,0.495,0.0,1.0,0,BLOCKED
3594,2.915,0.72,0.5,1.0,1,SELECTED,2.42,0.39,0.5,1.0,1,SELECTED,2.7125,0.585,0.5,1.0,1,SELECTED,1.42,0.66,0.0,1.0,0,BLOCKED,1.42,0.48,0.0,1.0,0,BLOCKED,1.42,0.705,0.0,1.0,0,BLOCKED,1.42,0.435,0.0,1.0,0,BLOCKED,1.42,0.525,0.0,1.0,0,BLOCKED,1.42,0.555,0.0,1.0,0,BLOCKED,1.42,0.495,0.0,1.0,0,BLOCKED
3600,2.6,0.51,0.5,1.0,1,SELECTED,2.33,0.39,0.5,1.0,1,SELECTED,2.6225,0.585,0.5,1.0,1,SELECTED,1.42,0.66,0.0,1.0,0,BLOCKED,1.42,0.48,0.0,1.0,0,BLOCKED,1.42,0.705,0.0,1.0,0,BLOCKED,1.42,0.435,0.0,1.0,0,BLOCKED,1.42,0.54,0.0,1.0,0,BLOCKED,1.42,0.555,0.0,1.0,0,BLOCKED,1.42,0.495,0.0,1.0,0,BLOCKED
3606,2.51,0.51,0.5,1.0,1,SELECTED,2.33,0.39,0.5,1.0,1,SELECTED,2.6225,0.585,0.5,1.0,1,SELECTED,1.42,0.66,0.0,1.0,0,BLOCKED,1.42,0.48,0.0,1.0,0,BLOCKED,1.42,0.705,0.0,1.0,0,BLOCKED,1.42,0.435,0.0,1.0,0,BLOCKED,1.42,0.54,0.0,1.0,0,BLOCKED,1.42,0.555,0.0,1.0,0,BLOCKED,1.42,0.495,0.0,1.0,0,BLOCKED
3612,2.51,0.51,0.5,1.0,1,SELECTED,2.33,0.39,0.5,1.0,1,SELECTED,2.7125,0.585,0.5,1.0,1,SELECTED,1.42,0.66,0.0,1.0,0,BLOCKED,1.42,0.48,0.0,1.0,0,BLOCKED,1.42,0.705,0.0,1.0,0,BLOCKED,1.42,0.435,0.0,1.0,0,BLOCKED,1.42,0.54,0.0,1.0,0,BLOCKED,1.42,0.555,0.0,1.0,0,BLOCKED,1.42,0.495,0.0,1.0,0,BLOCKED
3618,2.51,0.51,0.5,1.0,1,SELECTED,2.33,0.39,0.5,1.0,1,SELECTED,2.6225,0.585,0.5,1.0,1,SELECTED,1.42,0.66,0.0,1.0,0,BLOCKED,1.42,0.48,0.0,1.0,0,BLOCKED,1.42,0.705,0.0,1.0,0,BLOCKED,1.42,0.435,0.0,1.0,0,BLOCKED,1.42,0.54,0.0,1.0,0,BLOCKED,1.42,0.555,0.0,1.0,0,BLOCKED,1.42,0.495,0.0,1.0,0,BLOCKED
3624,2.51,0.51,0.5,1.0,1,SELECTED,2.33,0.39,0.5,1.0,1,SELECTED,2.7125,0.585,0.5,1.0,1,SELECTED,1.42,0.66,0.0,1.0,0,BLOCKED,1.42,0.48,0.0,1.0,0,BLOCKED,1.42,0.705,0.0,1.0,0,BLOCKED,1.42,0.435,0.0,1.0,0,BLOCKED,1.42,0.54,0.0,1.0,0,BLOCKED,1.42,0.555,0.0,1.0,0,BLOCKED,1.42,0.495,0.0,1.0,0,BLOCKED
3630,2.51,0.51,0.5,1.0,1,SELECTED,2.33,0.39,0.5,1.0,1,SELECTED,2.6225,0.585,0.5,1.0,1,SELECTED,1.42,0.66,0.0,1.0,0,BLOCKED,1.42,0.48,0.0,1.0,0,BLOCKED,1.42,0.705,0.0,1.0,0,BLOCKED,1.42,0.435,0.0,1.0,0,BLOCKED,1.42,0.54,0.0,1.0,0,BLOCKED,1.42,0.555,0.0,1.0,0,BLOCKED,1.42,0.495,0.0,1.0,0,BLOCKED
3636,2.51,0.51,0.5,1.0,1,SELECTED,2.33,0.39,0.5,1.0,1,SELECTED,2.7125,0.585,0.5,1.0,1,SELECTED,1.42,0.66,0.0,1.0,0,BLOCKED,1.42,0.48,0.0,1.0,0,BLOCKED,1.42,0.705,0.0,1.0,0,BLOCKED,1.42,0.435,0.0,1.0,0,BLOCKED,1.42,0.54,0.0,1.0,0,BLOCKED,1.42,0.555,0.0,1.0,0,BLOCKED,1.42,0.495,0.0,1.0,0,BLOCKED
3642,2.51,0.51,0.5,1.0,1,SELECTED,2.33,0.39,0.5,1.0,1,SELECTED,2.6225,0.585,0.5,1.0,1,SELECTED,1.42,0.66,0.0,1.0,0,BLOCKED,1.42,0.48,0.0,1.0,0,BLOCKED,1.42,0.705,0.0,1.0,0,BLOCKED,1.42,0.435,0.0,1.0,0,BLOCKED,1.42,0.54,0.0,1.0,0,BLOCKED,1.42,0.555,0.0,1.0,0,BLOCKED,1.42,0.495,0.0,1.0,0,BLOCKED
3648,2.6,0.51,0.5,1.0,1,SELECTED,2.33,0.39,0.5,1.0,1,SELECTED,2.6225,0.585,0.5,1.0,1,SELECTED,1.42,0.66,0.0,1.0,0,BLOCKED,1.42,0.48,0.0,1.0,0,BLOCKED,1.42,0.705,0.0,1.0,0,BLOCKED,1.42,0.435,0.0,1.0,0,BLOCKED,1.42,0.54,0.0,1.0,0,BLOCKED,1.42,0.555,0.0,1.0,0,BLOCKED,1.42,0.495,0.0,1.0,0,BLOCKED
3654,2.6,0.51,0.5,1.0,1,SELECTED,2.33,0.39,0.5,1.0,1,SELECTED,2.6225,0.585,0.5,1.0,1,SELECTED,1.42,0.66,0.0,1.0,0,BLOCKED,1.42,0.48,0.0,1.0,0,BLOCKED,1.42,0.705,0.0,1.0,0,BLOCKED,1.42,0.435,0.0,1.0,0,BLOCKED,1.42,0.54,0.0,1.0,0,BLOCKED,1.42,0.555,0.0,1.0,0,BLOCKED,1.42,0.495,0.0,1.0,0,BLOCKED
3660,2.51,0.51,0.5,1.0,1,SELECTED,2.42,0.39,0.5,1.0,1,SELECTED,2.7125,0.585,0.5,1.0,1,SELECTED,1.42,0.66,0.0,1.0,0,BLOCKED,1.42,0.48,0.0,1.0,0,BLOCKED,1.42,0.705,0.0,1.0,0,BLOCKED,1.42,0.435,0.0,1.0,0,BLOCKED,1.42,0.54,0.0,1.0,0,BLOCKED,1.42,0.555,0.0,1.0,0,BLOCKED,1.42,0.495,0.0,1.0,0,BLOCKED
3666,2.6,0.51,0.5,1.0,1,SELECTED,2.42,0.39,0.5,1.0,1,SELECTED,2.6225,0.585,0.5,1.0,1,SELECTED,1.42,0.66,0.0,1.0,0,BLOCKED,1.42,0.48,0.0,1.0,0,BLOCKED,1.42,0.705,0.0,1.0,0,BLOCKED,1.42,0.435,0.0,1.0,0,BLOCKED,1.42,0.54,0.0,1.0,0,BLOCKED,1.42,0.555,0.0,1.0,0,BLOCKED,1.42,0.495,0.0,1.0,0,BLOCKED
3672,2.6,0.51,0.5,1.0,1,SELECTED,2.42,0.39,0.5,1.0,1,SELECTED,2.6225,0.585,0.5,1.0,1,SELECTED,1.42,0.66,0.0,1.0,0,BLOCKED,1.42,0.48,0.0,1.0,0,BLOCKED,1.42,0.705,0.0,1.0,0,BLOCKED,1.42,0.435,0.0,1.0,0,BLOCKED,1.42,0.54,0.0,1.0,0,BLOCKED,1.42,0.555,0.0,1.0,0,BLOCKED,1.42,0.495,0.0,1.0,0,BLOCKED
3678,2.51,0.51,0.5,1.0,1,SELECTED,2.33,0.39,0.5,1.0,1,SELECTED,2.6225,0.585,0.5,1.0,1,SELECTED,1.42,0.66,0.0,1.0,0,BLOCKED,1.42,0.48,0.0,1.0,0,BLOCKED,1.42,0.705,0.0,1.0,0,BLOCKED,1.42,0.435,0.0,1.0,0,BLOCKED,1.42,0.54,0.0,1.0,0,BLOCKED,1.42,0.555,0.0,1.0,0,BLOCKED,1.42,0.495,0.0,1.0,0,BLOCKED
3684,2.51,0.51,0.5,1.0,1,SELECTED,2.42,0.39,0.5,1.0,1,SELECTED,2.6225,0.585,0.5,1.0,1,SELECTED,1.42,0.66,0.0,1.0,0,BLOCKED,1.42,0.48,0.0,1.0,0,BLOCKED,1.42,0.705,0.0,1.0,0,BLOCKED,1.42,0.435,0.0,1.0,0,BLOCKED,1.42,0.54,0.0,1.0,0,BLOCKED,1.42,0.555,0.0,1.0,0,BLOCKED,1.42,0.495,0.0,1.0,0,BLOCKED
3690,2.6,0.51,0.5,1.0,1,SELECTED,2.42,0.39,0.5,1.0,1,SELECTED,2.7125,0.585,0.5,1.0,1,SELECTED,1.42,0.66,0.0,1.0,0,BLOCKED,1.42,0.48,0.0,1.0,0,BLOCKED,1.42,0.705,0.0,1.0,0,BLOCKED,1.42,0.435,0.0,1.0,0,BLOCKED,1.42,0.54,0.0,1.0,0,BLOCKED,1.42,0.555,0.0,1.0,0,BLOCKED,1.42,0.495,0.0,1.0,0,BLOCKED
3696,2.6,0.51,0.5,1.0,1,SELECTED,2.33,0.39,0.5,1.0,1,SELECTED,2.6225,0.585,0.5,1.0,1,SELECTED,1.42,0.66,0.0,1.0,0,BLOCKED,1.42,0.48,0.0,1.0,0,BLOCKED,1.42,0.705,0.0,1.0,0,BLOCKED,1.42,0.435,0.0,1.0,0,BLOCKED,1.42,0.54,0.0,1.0,0,BLOCKED,1.42,0.555,0.0,1.0,0,BLOCKED,1.42,0.495,0.0,1.0,0,BLOCKED
3702,2.51,0.51,0.5,1.0,1,SELECTED,2.33,0.39,0.5,1.0,1,SELECTED,2.6225,0.585,0.5,1.0,1,SELECTED,1.42,0.66,0.0,1.0,0,BLOCKED,1.42,0.48,0.0,1.0,0,BLOCKED,1.42,0.705,0.0,1.0,0,BLOCKED,1.42,0.435,0.0,1.0,0,BLOCKED,1.42,0.54,0.0,1.0,0,BLOCKED,1.42,0.555,0.0,1.0,0,BLOCKED,1.42,0.495,0.0,1.0,0,BLOCKED
3708,2.6,0.51,0.5,1.0,1,SELECTED,2.33,0.39,0.5,1.0,1,SELECTED,2.6225,0.585,0.5,1.0,1,SELECTED,1.42,0.66,0.0,1.0,0,BLOCKED,1.42,0.48,0.0,1.0,0,BLOCKED,1.42,0.705,0.0,1.0,0,BLOCKED,1.42,0.435,0.0,1.0,0,BLOCKED,1.42,0.54,0.0,1.0,0,BLOCKED,1.42,0.555,0.0,1.0,0,BLOCKED,1.42,0.495,0.0,1.0,0,BLOCKED
3714,2.51,0.51,0.5,1.0,1,SELECTED,2.42,0.39,0.5,1.0,1,SELECTED,2.6225,0.585,0.5,1.0,1,SELECTED,1.42,0.66,0.0,1.0,0,BLOCKED,1.42,0.48,0.0,1.0,0,BLOCKED,1.42,0.705,0.0,1.0,0,BLOCKED,1.42,0.435,0.0,1.0,0,BLOCKED,1.42,0.54,0.0,1.0,0,BLOCKED,1.42,0.555,0.0,1.0,0,BLOCKED,1.42,0.495,0.0,1.0,0,BLOCKED
3720,2.6,0.51,0.5,1.0,1,SELECTED,2.33,0.39,0.5,1.0,1,SELECTED,2.6225,0.585,0.5,1.0,1,SELECTED,1.42,0.66,0.0,1.0,0,BLOCKED,1.42,0.48,0.0,1.0,0,BLOCKED,1.42,0.705,0.0,1.0,0,BLOCKED,1.42,0.435,0.0,1.0,0,BLOCKED,1.42,0.54,0.0,1.0,0,BLOCKED,1.42,0.555,0.0,1.0,0,BLOCKED,1.42,0.495,0.0,1.0,0,BLOCKED
3726,2.51,0.51,0.5,1.0,1,SELECTED,2.33,0.39,0.5,1.0,1,SELECTED,2.6225,0.585,0.5,1.0,1,SELECTED,1.42,0.66,0.0,1.0,0,BLOCKED,1.42,0.48,0.0,1.0,0,BLOCKED,1.42,0.705,0.0,1.0,0,BLOCKED,1.42,0.435,0.0,1.0,0,BLOCKED,1.42,0.54,0.0,1.0,0,BLOCKED,1.42,0.555,0.0,1.0,0,BLOCKED,1.42,0.495,0.0,1.0,0,BLOCKED
3732,2.51,0.51,0.5,1.0,1,SELECTED,2.33,0.39,0.5,1.0,1,SELECTED,2.6225,0.585,0.5,1.0,1,SELECTED,1.42,0.66,0.0,1.0,0,BLOCKED,1.42,0.48,0.0,1.0,0,BLOCKED,1.42,0.705,0.0,1.0,0,BLOCKED,1.42,0.435,0.0,1.0,0,BLOCKED,1.42,0.54,0.0,1.0,0,BLOCKED,1.42,0.555,0.0,1.0,0,BLOCKED,1.42,0.495,0.0,1.0,0,BLOCKED
3738,2.6,0.51,0.5,1.0,1,SELECTED,2.42,0.39,0.5,1.0,1,SELECTED,2.7125,0.585,0.5,1.0,1,SELECTED,1.42,0.66,0.0,1.0,0,BLOCKED,1.42,0.48,0.0,1.0,0,BLOCKED,1.42,0.705,0.0,1.0,0,BLOCKED,1.42,0.435,0.0,1.0,0,BLOCKED,1.42,0.54,0.0,1.0,0,BLOCKED,1.42,0.555,0.0,1.0,0,BLOCKED,1.42,0.495,0.0,1.0,0,BLOCKED
3744,2.51,0.51,0.5,1.0,1,SELECTED,2.33,0.39,0.5,1.0,1,SELECTED,2.6225,0.585,0.5,1.0,1,SELECTED,1.42,0.66,0.0,1.0,0,BLOCKED,1.42,0.48,0.0,1.0,0,BLOCKED,1.42,0.705,0.0,1.0,0,BLOCKED,1.42,0.435,0.0,1.0,0,BLOCKED,1.42,0.54,0.0,1.0,0,BLOCKED,1.42,0.555,0.0,1.0,0,BLOCKED,1.42,0.495,0.0,1.0,0,BLOCKED
3750,2.6,0.51,0.5,1.0,1,SELECTED,2.33,0.39,0.5,1.0,1,SELECTED,2.6225,0.585,0.5,1.0,1,SELECTED,1.42,0.66,0.0,1.0,0,BLOCKED,1.42,0.48,0.0,1.0,0,BLOCKED,1.42,0.705,0.0,1.0,0,BLOCKED,1.42,0.435,0.0,1.0,0,BLOCKED,1.42,0.54,0.0,1.0,0,BLOCKED,1.42,0.555,0.0,1.0,0,BLOCKED,1.42,0.495,0.0,1.0,0,BLOCKED
3756,2.6,0.51,0.5,1.0,1,SELECTED,2.42,0.39,0.5,1.0,1,SELECTED,2.6225,0.585,0.5,1.0,1,SELECTED,1.42,0.66,0.0,1.0,0,BLOCKED,1.42,0.48,0.0,1.0,0,BLOCKED,1.42,0.705,0.0,1.0,0,BLOCKED,1.42,0.435,0.0,1.0,0,BLOCKED,1.42,0.54,0.0,1.0,0,BLOCKED,1.42,0.555,0.0,1.0,0,BLOCKED,1.42,0.495,0.0,1.0,0,BLOCKED
3762,2.51,0.51,0.5,1.0,1,SELECTED,2.42,0.39,0.5,1.0,1,SELECTED,2.6225,0.585,0.5,1.0,1,SELECTED,1.42,0.66,0.0,1.0,0,BLOCKED,1.42,0.48,0.0,1.0,0,BLOCKED,1.42,0.705,0.0,1.0,0,BLOCKED,1.42,0.435,0.0,1.0,0,BLOCKED,1.42,0.54,0.0,1.0,0,BLOCKED,1.42,0.555,0.0,1.0,0,BLOCKED,1.42,0.495,0.0,1.0,0,BLOCKED
3768,2.51,0.51,0.5,1.0,1,SELECTED,2.33,0.39,0.5,1.0,1,SELECTED,2.7125,0.585,0.5,1.0,1,SELECTED,1.42,0.66,0.0,1.0,0,BLOCKED,1.42,0.48,0.0,1.0,0,BLOCKED,1.42,0.705,0.0,1.0,0,BLOCKED,1.42,0.435,0.0,1.0,0,BLOCKED,1.42,0.54,0.0,1.0,0,BLOCKED,1.42,0.555,0.0,1.0,0,BLOCKED,1.42,0.495,0.0,1.0,0,BLOCKED
3774,2.51,0.51,0.5,1.0,1,SELECTED,2.33,0.39,0.5,1.0,1,SELECTED,2.6225,0.585,0.5,1.0,1,SELECTED,1.42,0.66,0.0,1.0,0,BLOCKED,1.42,0.48,0.0,1.0,0,BLOCKED,1.42,0.705,0.0,1.0,0,BLOCKED,1.42,0.435,0.0,1.0,0,BLOCKED,1.42,0.54,0.0,1.0,0,BLOCKED,1.42,0.555,0.0,1.0,0,BLOCKED,1.42,0.495,0.0,1.0,0,BLOCKED
3780,2.51,0.51,0.5,1.0,1,SELECTED,2.42,0.39,0.5,1.0,1,SELECTED,2.6225,0.585,0.5,1.0,1,SELECTED,1.42,0.66,0.0,1.0,0,BLOCKED,1.42,0.48,0.0,1.0,0,BLOCKED,1.42,0.705,0.0,1.0,0,BLOCKED,1.42,0.435,0.0,1.0,0,BLOCKED,1.42,0.54,0.0,1.0,0,BLOCKED,1.42,0.555,0.0,1.0,0,BLOCKED,1.42,0.495,0.0,1.0,0,BLOCKED
3786,2.51,0.51,0.5,1.0,1,SELECTED,2.42,0.39,0.5,1.0,1,SELECTED,2.6225,0.585,0.5,1.0,1,SELECTED,1.42,0.66,0.0,1.0,0,BLOCKED,1.42,0.48,0.0,1.0,0,BLOCKED,1.42,0.705,0.0,1.0,0,BLOCKED,1.42,0.435,0.0,1.0,0,BLOCKED,1.42,0.54,0.0,1.0,0,BLOCKED,1.42,0.555,0.0,1.0,0,BLOCKED,1.42,0.495,0.0,1.0,0,BLOCKED
3792,2.6,0.51,0.5,1.0,1,SELECTED,2.33,0.39,0.5,1.0,1,SELECTED,2.6225,0.585,0.5,1.0,1,SELECTED,1.42,0.66,0.0,1.0,0,BLOCKED,1.42,0.48,0.0,1.0,0,BLOCKED,1.42,0.705,0.0,1.0,0,BLOCKED,1.42,0.435,0.0,1.0,0,BLOCKED,1.42,0.54,0.0,1.0,0,BLOCKED,1.42,0.555,0.0,1.0,0,BLOCKED,1.42,0.495,0.0,1.0,0,BLOCKED
3798,2.6,0.51,0.5,1.0,1,SELECTED,2.33,0.39,0.5,1.0,1,SELECTED,2.6225,0.585,0.5,1.0,1,SELECTED,1.42,0.66,0.0,1.0,0,BLOCKED,1.42,0.48,0.0,1.0,0,BLOCKED,1.42,0.705,0.0,1.0,0,BLOCKED,1.42,0.435,0.0,1.0,0,BLOCKED,1.42,0.54,0.0,1.0,0,BLOCKED,1.42,0.555,0.0,1.0,0,BLOCKED,1.42,0.495,0.0,1.0,0,BLOCKED
3804,2.6,0.51,0.5,1.0,1,SELECTED,2.42,0.39,0.5,1.0,1,SELECTED,2.7125,0.585,0.5,1.0,1,SELECTED,1.42,0.66,0.0,1.0,0,BLOCKED,1.42,0.48,0.0,1.0,0,BLOCKED,1.42,0.705,0.0,1.0,0,BLOCKED,1.42,0.435,0.0,1.0,0,BLOCKED,1.42,0.54,0.0,1.0,0,BLOCKED,1.42,0.555,0.0,1.0,0,BLOCKED,1.42,0.495,0.0,1.0,0,BLOCKED
3810,2.51,0.51,0.5,1.0,1,SELECTED,2.42,0.39,0.5,1.0,1,SELECTED,2.7125,0.585,0.5,1.0,1,SELECTED,1.42,0.66,0.0,1.0,0,BLOCKED,1.42,0.48,0.0,1.0,0,BLOCKED,1.42,0.705,0.0,1.0,0,BLOCKED,1.42,0.435,0.0,1.0,0,BLOCKED,1.42,0.54,0.0,1.0,0,BLOCKED,1.42,0.555,0.0,1.0,0,BLOCKED,1.42,0.495,0.0,1.0,0,BLOCKED
3816,2.51,0.51,0.5,1.0,1,SELECTED,2.33,0.39,0.5,1.0,1,SELECTED,2.6225,0.585,0.5,1.0,1,SELECTED,1.42,0.66,0.0,1.0,0,BLOCKED,1.42,0.48,0.0,1.0,0,BLOCKED,1.42,0.705,0.0,1.0,0,BLOCKED,1.42,0.435,0.0,1.0,0,BLOCKED,1.42,0.54,0.0,1.0,0,BLOCKED,1.42,0.555,0.0,1.0,0,BLOCKED,1.42,0.495,0.0,1.0,0,BLOCKED
3822,2.6,0.51,0.5,1.0,1,SELECTED,2.42,0.39,0.5,1.0,1,SELECTED,2.7125,0.585,0.5,1.0,1,SELECTED,1.42,0.66,0.0,1.0,0,BLOCKED,1.42,0.48,0.0,1.0,0,BLOCKED,1.42,0.705,0.0,1.0,0,BLOCKED,1.42,0.435,0.0,1.0,0,BLOCKED,1.42,0.54,0.0,1.0,0,BLOCKED,1.42,0.555,0.0,1.0,0,BLOCKED,1.42,0.495,0.0,1.0,0,BLOCKED
3828,2.51,0.51,0.5,1.0,1,SELECTED,2.33,0.39,0.5,1.0,1,SELECTED,2.6225,0.585,0.5,1.0,1,SELECTED,1.42,0.66,0.0,1.0,0,BLOCKED,1.42,0.48,0.0,1.0,0,BLOCKED,1.42,0.705,0.0,1.0,0,BLOCKED,1.42,0.435,0.0,1.0,0,BLOCKED,1.42,0.54,0.0,1.0,0,BLOCKED,1.42,0.555,0.0,1.0,0,BLOCKED,1.42,0.495,0.0,1.0,0,BLOCKED
3834,2.51,0.51,0.5,1.0,1,SELECTED,2.33,0.39,0.5,1.0,1,SELECTED,2.6225,0.585,0.5,1.0,1,SELECTED,1.42,0.66,0.0,1.0,0,BLOCKED,1.42,0.48,0.0,1.0,0,BLOCKED,1.42,0.705,0.0,1.0,0,BLOCKED,1.42,0.435,0.0,1.0,0,BLOCKED,1.42,0.54,0.0,1.0,0,BLOCKED,1.42,0.555,0.0,1.0,0,BLOCKED,1.42,0.495,0.0,1.0,0,BLOCKED
3840,2.51,0.51,0.5,1.0,1,SELECTED,2.33,0.39,0.5,1.0,1,SELECTED,2.6225,0.585,0.5,1.0,1,SELECTED,1.42,0.66,0.0,1.0,0,BLOCKED,1.42,0.48,0.0,1.0,0,BLOCKED,1.42,0.705,0.0,1.0,0,BLOCKED,1.42,0.435,0.0,1.0,0,BLOCKED,1.42,0.54,0.0,1.0,0,BLOCKED,1.42,0.555,0.0,1.0,0,BLOCKED,1.42,0.495,0.0,1.0,0,BLOCKED
3846,2.6,0.51,0.5,1.0,1,SELECTED,2.33,0.39,0.5,1.0,1,SELECTED,2.6225,0.585,0.5,1.0,1,SELECTED,1.42,0.66,0.0,1.0,0,BLOCKED,1.42,0.48,0.0,1.0,0,BLOCKED,1.42,0.705,0.0,1.0,0,BLOCKED,1.42,0.435,0.0,1.0,0,BLOCKED,1.42,0.54,0.0,1.0,0,BLOCKED,1.42,0.555,0.0,1.0,0,BLOCKED,1.42,0.495,0.0,1.0,0,BLOCKED
3852,2.51,0.51,0.5,1.0,1,SELECTED,2.33,0.39,0.5,1.0,1,SELECTED,2.7125,0.585,0.5,1.0,1,SELECTED,1.42,0.66,0.0,1.0,0,BLOCKED,1.42,0.48,0.0,1.0,0,BLOCKED,1.42,0.705,0.0,1.0,0,BLOCKED,1.42,0.435,0.0,1.0,0,BLOCKED,1.42,0.54,0.0,1.0,0,BLOCKED,1.42,0.555,0.0,1.0,0,BLOCKED,1.42,0.495,0.0,1.0,0,BLOCKED
3858,2.51,0.51,0.5,1.0,1,SELECTED,2.42,0.39,0.5,1.0,1,SELECTED,2.6225,0.585,0.5,1.0,1,SELECTED,1.42,0.66,0.0,1.0,0,BLOCKED,1.42,0.48,0.0,1.0,0,BLOCKED,1.42,0.705,0.0,1.0,0,BLOCKED,1.42,0.435,0.0,1.0,0,BLOCKED,1.42,0.54,0.0,1.0,0,BLOCKED,1.42,0.555,0.0,1.0,0,BLOCKED,1.42,0.495,0.0,1.0,0,BLOCKED
3864,2.6,0.51,0.5,1.0,1,SELECTED,2.42,0.39,0.5,1.0,1,SELECTED,2.7125,0.585,0.5,1.0,1,SELECTED,1.42,0.66,0.0,1.0,0,BLOCKED,1.42,0.48,0.0,1.0,0,BLOCKED,1.42,0.705,0.0,1.0,0,BLOCKED,1.42,0.435,0.0,1.0,0,BLOCKED,1.42,0.54,0.0,1.0,0,BLOCKED,1.42,0.555,0.0,1.0,0,BLOCKED,1.42,0.495,0.0,1.0,0,BLOCKED
3870,2.51,0.51,0.5,1.0,1,SELECTED,2.33,0.39,0.5,1.0,1,SELECTED,2.7125,0.585,0.5,1.0,1,SELECTED,1.42,0.66,0.0,1.0,0,BLOCKED,1.42,0.48,0.0,1.0,0,BLOCKED,1.42,0.705,0.0,1.0,0,BLOCKED,1.42,0.435,0.0,1.0,0,BLOCKED,1.42,0.54,0.0,1.0,0,BLOCKED,1.42,0.555,0.0,1.0,0,BLOCKED,1.42,0.495,0.0,1.0,0,BLOCKED
3876,2.6,0.51,0.5,1.0,1,SELECTED,2.33,0.39,0.5,1.0,1,SELECTED,2.6225,0.585,0.5,1.0,1,SELECTED,1.42,0.66,0.0,1.0,0,BLOCKED,1.42,0.48,0.0,1.0,0,BLOCKED,1.42,0.705,0.0,1.0,0,BLOCKED,1.42,0.435,0.0,1.0,0,BLOCKED,1.42,0.54,0.0,1.0,0,BLOCKED,1.42,0.555,0.0,1.0,0,BLOCKED,1.42,0.495,0.0,1.0,0,BLOCKED
3882,2.51,0.51,0.5,1.0,1,SELECTED,2.42,0.39,0.5,1.0,1,SELECTED,2.6225,0.585,0.5,1.0,1,SELECTED,1.42,0.66,0.0,1.0,0,BLOCKED,1.42,0.48,0.0,1.0,0,BLOCKED,1.42,0.705,0.0,1.0,0,BLOCKED,1.42,0.435,0.0,1.0,0,BLOCKED,1.42,0.54,0.0,1.0,0,BLOCKED,1.42,0.555,0.0,1.0,0,BLOCKED,1.42,0.495,0.0,1.0,0,BLOCKED
3888,2.51,0.51,0.5,1.0,1,SELECTED,2.42,0.39,0.5,1.0,1,SELECTED,2.7125,0.585,0.5,1.0,1,SELECTED,1.42,0.66,0.0,1.0,0,BLOCKED,1.42,0.48,0.0,1.0,0,BLOCKED,1.42,0.705,0.0,1.0,0,BLOCKED,1.42,0.435,0.0,1.0,0,BLOCKED,1.42,0.54,0.0,1.0,0,BLOCKED,1.42,0.555,0.0,1.0,0,BLOCKED,1.42,0.495,0.0,1.0,0,BLOCKED
3894,2.51,0.51,0.5,1.0,1,SELECTED,2.42,0.39,0.5,1.0,1,SELECTED,2.6225,0.585,0.5,1.0,1,SELECTED,1.42,0.66,0.0,1.0,0,BLOCKED,1.42,0.48,0.0,1.0,0,BLOCKED,1.42,0.705,0.0,1.0,0,BLOCKED,1.42,0.435,0.0,1.0,0,BLOCKED,1.42,0.54,0.0,1.0,0,BLOCKED,1.42,0.555,0.0,1.0,0,BLOCKED,1.42,0.495,0.0,1.0,0,BLOCKED
3900,2.51,0.51,0.5,1.0,1,SELECTED,2.33,0.39,0.5,1.0,1,SELECTED,2.7125,0.585,0.5,1.0,1,SELECTED,1.42,0.66,0.0,1.0,0,BLOCKED,1.42,0.48,0.0,1.0,0,BLOCKED,1.42,0.705,0.0,1.0,0,BLOCKED,1.42,0.435,0.0,1.0,0,BLOCKED,1.42,0.54,0.0,1.0,0,BLOCKED,1.42,0.555,0.0,1.0,0,BLOCKED,1.42,0.495,0.0,1.0,0,BLOCKED
3906,2.6,0.51,0.5,1.0,1,SELECTED,2.33,0.39,0.5,1.0,1,SELECTED,2.7125,0.585,0.5,1.0,1,SELECTED,1.42,0.66,0.0,1.0,0,BLOCKED,1.42,0.48,0.0,1.0,0,BLOCKED,1.42,0.705,0.0,1.0,0,BLOCKED,1.42,0.435,0.0,1.0,0,BLOCKED,1.42,0.54,0.0,1.0,0,BLOCKED,1.42,0.555,0.0,1.0,0,BLOCKED,1.42,0.495,0.0,1.0,0,BLOCKED
3912,2.6,0.51,0.5,1.0,1,SELECTED,2.33,0.39,0.5,1.0,1,SELECTED,2.6225,0.585,0.5,1.0,1,SELECTED,1.42,0.66,0.0,1.0,0,BLOCKED,1.42,0.48,0.0,1.0,0,BLOCKED,1.42,0.705,0.0,1.0,0,BLOCKED,1.42,0.435,0.0,1.0,0,BLOCKED,1.42,0.54,0.0,1.0,0,BLOCKED,1.42,0.555,0.0,1.0,0,BLOCKED,1.42,0.495,0.0,1.0,0,BLOCKED
3918,2.6,0.51,0.5,1.0,1,SELECTED,2.42,0.39,0.5,1.0,1,SELECTED,2.6225,0.585,0.5,1.0,1,SELECTED,1.42,0.66,0.0,1.0,0,BLOCKED,1.42,0.48,0.0,1.0,0,BLOCKED,1.42,0.705,0.0,1.0,0,BLOCKED,1.42,0.435,0.0,1.0,0,BLOCKED,1.42,0.54,0.0,1.0,0,BLOCKED,1.42,0.555,0.0,1.0,0,BLOCKED,1.42,0.495,0.0,1.0,0,BLOCKED
3924,2.51,0.51,0.5,1.0,1,SELECTED,2.33,0.39,0.5,1.0,1,SELECTED,2.7125,0.585,0.5,1.0,1,SELECTED,1.42,0.66,0.0,1.0,0,BLOCKED,1.42,0.48,0.0,1.0,0,BLOCKED,1.42,0.705,0.0,1.0,0,BLOCKED,1.42,0.435,0.0,1.0,0,BLOCKED,1.42,0.54,0.0,1.0,0,BLOCKED,1.42,0.555,0.0,1.0,0,BLOCKED,1.42,0.495,0.0,1.0,0,BLOCKED
3930,2.51,0.51,0.5,1.0,1,SELECTED,2.33,0.39,0.5,1.0,1,SELECTED,2.6225,0.585,0.5,1.0,1,SELECTED,1.42,0.66,0.0,1.0,0,BLOCKED,1.42,0.48,0.0,1.0,0,BLOCKED,1.42,0.705,0.0,1.0,0,BLOCKED,1.42,0.435,0.0,1.0,0,BLOCKED,1.42,0.54,0.0,1.0,0,BLOCKED,1.42,0.555,0.0,1.0,0,BLOCKED,1.42,0.495,0.0,1.0,0,BLOCKED
3936,2.51,0.51,0.5,1.0,1,SELECTED,2.33,0.39,0.5,1.0,1,SELECTED,2.6225,0.585,0.5,1.0,1,SELECTED,1.42,0.66,0.0,1.0,0,BLOCKED,1.42,0.48,0.0,1.0,0,BLOCKED,1.42,0.705,0.0,1.0,0,BLOCKED,1.42,0.435,0.0,1.0,0,BLOCKED,1.42,0.54,0.0,1.0,0,BLOCKED,1.42,0.555,0.0,1.0,0,BLOCKED,1.42,0.495,0.0,1.0,0,BLOCKED
3942,2.51,0.51,0.5,1.0,1,SELECTED,2.33,0.39,0.5,1.0,1,SELECTED,2.6225,0.585,0.5,1.0,1,SELECTED,1.42,0.66,0.0,1.0,0,BLOCKED,1.42,0.48,0.0,1.0,0,BLOCKED,1.42,0.705,0.0,1.0,0,BLOCKED,1.42,0.435,0.0,1.0,0,BLOCKED,1.42,0.54,0.0,1.0,0,BLOCKED,1.42,0.555,0.0,1.0,0,BLOCKED,1.42,0.495,0.0,1.0,0,BLOCKED
3948,2.51,0.51,0.5,1.0,1,SELECTED,2.42,0.39,0.5,1.0,1,SELECTED,2.6225,0.585,0.5,1.0,1,SELECTED,1.42,0.66,0.0,1.0,0,BLOCKED,1.42,0.48,0.0,1.0,0,BLOCKED,1.42,0.705,0.0,1.0,0,BLOCKED,1.42,0.435,0.0,1.0,0,BLOCKED,1.42,0.54,0.0,1.0,0,BLOCKED,1.42,0.555,0.0,1.0,0,BLOCKED,1.42,0.495,0.0,1.0,0,BLOCKED
3954,2.51,0.51,0.5,1.0,1,SELECTED,2.33,0.39,0.5,1.0,1,SELECTED,2.6225,0.585,0.5,1.0,1,SELECTED,1.42,0.66,0.0,1.0,0,BLOCKED,1.42,0.48,0.0,1.0,0,BLOCKED,1.42,0.705,0.0,1.0,0,BLOCKED,1.42,0.435,0.0,1.0,0,BLOCKED,1.42,0.54,0.0,1.0,0,BLOCKED,1.42,0.555,0.0,1.0,0,BLOCKED,1.42,0.495,0.0,1.0,0,BLOCKED
3960,2.6,0.51,0.5,1.0,1,SELECTED,2.42,0.39,0.5,1.0,1,SELECTED,2.7475,0.585,0.5,1.0,2,SELECTED,1.42,0.615,0.0,1.0,0,BLOCKED,1.42,0.525,0.0,1.0,0,BLOCKED,1.42,0.57,0.0,1.0,0,BLOCKED,1.42,0.435,0.0,1.0,0,BLOCKED,1.42,0.48,0.0,1.0,0,BLOCKED,1.42,0.555,0.0,1.0,0,BLOCKED,1.42,0.465,0.0,1.0,0,BLOCKED
3966,2.6,0.51,0.5,1.0,1,SELECTED,2.42,0.39,0.5,1.0,1,SELECTED,2.6225,0.585,0.5,1.0,1,SELECTED,1.42,0.615,0.0,1.0,0,BLOCKED,1.42,0.525,0.0,1.0,0,BLOCKED,1.42,0.57,0.0,1.0,0,BLOCKED,1.42,0.435,0.0,1.0,0,BLOCKED,1.42,0.48,0.0,1.0,0,BLOCKED,1.42,0.555,0.0,1.0,0,BLOCKED,1.42,0.465,0.0,1.0,0,BLOCKED
3972,2.6,0.51,0.5,1.0,1,SELECTED,2.33,0.39,0.5,1.0,1,SELECTED,2.7125,0.585,0.5,1.0,1,SELECTED,1.42,0.615,0.0,1.0,0,BLOCKED,1.42,0.525,0.0,1.0,0,BLOCKED,1.42,0.57,0.0,1.0,0,BLOCKED,1.42,0.435,0.0,1.0,0,BLOCKED,1.42,0.48,0.0,1.0,0,BLOCKED,1.42,0.555,0.0,1.0,0,BLOCKED,1.42,0.465,0.0,1.0,0,BLOCKED
3978,2.6,0.51,0.5,1.0,1,SELECTED,2.33,0.39,0.5,1.0,1,SELECTED,2.7125,0.585,0.5,1.0,1,SELECTED,1.42,0.615,0.0,1.0,0,BLOCKED,1.42,0.525,0.0,1.0,0,BLOCKED,1.42,0.57,0.0,1.0,0,BLOCKED,1.42,0.435,0.0,1.0,0,BLOCKED,1.42,0.48,0.0,1.0,0,BLOCKED,1.42,0.555,0.0,1.0,0,BLOCKED,1.42,0.465,0.0,1.0,0,BLOCKED
3984,2.51,0.51,0.5,1.0,1,SELECTED,2.42,0.39,0.5,1.0,1,SELECTED,2.7125,0.585,0.5,1.0,1,SELECTED,1.42,0.615,0.0,1.0,0,BLOCKED,1.42,0.525,0.0,1.0,0,BLOCKED,1.42,0.57,0.0,1.0,0,BLOCKED,1.42,0.435,0.0,1.0,0,BLOCKED,1.42,0.48,0.0,1.0,0,BLOCKED,1.42,0.555,0.0,1.0,0,BLOCKED,1.42,0.465,0.0,1.0,0,BLOCKED
3990,2.6,0.51,0.5,1.0,1,SELECTED,2.33,0.39,0.5,1.0,1,SELECTED,2.6225,0.585,0.5,1.0,1,SELECTED,1.42,0.615,0.0,1.0,0,BLOCKED,1.42,0.525,0.0,1.0,0,BLOCKED,1.42,0.57,0.0,1.0,0,BLOCKED,1.42,0.435,0.0,1.0,0,BLOCKED,1.42,0.48,0.0,1.0,0,BLOCKED,1.42,0.555,0.0,1.0,0,BLOCKED,1.42,0.465,0.0,1.0,0,BLOCKED
3996,2.6,0.51,0.5,1.0,1,SELECTED,2.33,0.39,0.5,1.0,1,SELECTED,2.7125,0.585,0.5,1.0,1,SELECTED,1.42,0.615,0.0,1.0,0,BLOCKED,1.42,0.525,0.0,1.0,0,BLOCKED,1.42,0.57,0.0,1.0,0,BLOCKED,1.42,0.435,0.0,1.0,0,BLOCKED,1.42,0.48,0.0,1.0,0,BLOCKED,1.42,0.555,0.0,1.0,0,BLOCKED,1.42,0.465,0.0,1.0,0,BLOCKED
4002,2.51,0.51,0.5,1.0,1,SELECTED,2.33,0.39,0.5,1.0,1,SELECTED,2.7125,0.585,0.5,1.0,1,SELECTED,1.42,0.615,0.0,1.0,0,BLOCKED,1.42,0.525,0.0,1.0,0,BLOCKED,1.42,0.57,0.0,1.0,0,BLOCKED,1.42,0.435,0.0,1.0,0,BLOCKED,1.42,0.48,0.0,1.0,0,BLOCKED,1.42,0.555,0.0,1.0,0,BLOCKED,1.42,0.465,0.0,1.0,0,BLOCKED
4008,2.51,0.51,0.5,1.0,1,SELECTED,2.33,0.39,0.5,1.0,1,SELECTED,2.6225,0.585,0.5,1.0,1,SELECTED,1.42,0.615,0.0,1.0,0,BLOCKED,1.42,0.525,0.0,1.0,0,BLOCKED,1.42,0.57,0.0,1.0,0,BLOCKED,1.42,0.435,0.0,1.0,0,BLOCKED,1.42,0.48,0.0,1.0,0,BLOCKED,1.42,0.555,0.0,1.0,0,BLOCKED,1.42,0.465,0.0,1.0,0,BLOCKED
4014,2.51,0.51,0.5,1.0,1,SELECTED,2.42,0.39,0.5,1.0,1,SELECTED,2.6225,0.585,0.5,1.0,1,SELECTED,1.42,0.615,0.0,1.0,0,BLOCKED,1.42,0.525,0.0,1.0,0,BLOCKED,1.42,0.57,0.0,1.0,0,BLOCKED,1.42,0.435,0.0,1.0,0,BLOCKED,1.42,0.48,0.0,1.0,0,BLOCKED,1.42,0.555,0.0,1.0,0,BLOCKED,1.42,0.465,0.0,1.0,0,BLOCKED
4020,2.51,0.51,0.5,1.0,1,SELECTED,2.33,0.39,0.5,1.0,1,SELECTED,2.6225,0.585,0.5,1.0,1,SELECTED,1.42,0.615,0.0,1.0,0,BLOCKED,1.42,0.525,0.0,1.0,0,BLOCKED,1.42,0.57,0.0,1.0,0,BLOCKED,1.42,0.435,0.0,1.0,0,BLOCKED,1.42,0.48,0.0,1.0,0,BLOCKED,1.42,0.555,0.0,1.0,0,BLOCKED,1.42,0.465,0.0,1.0,0,BLOCKED
4026,2.6,0.51,0.5,1.0,1,SELECTED,2.42,0.39,0.5,1.0,1,SELECTED,2.6225,0.585,0.5,1.0,1,SELECTED,1.42,0.615,0.0,1.0,0,BLOCKED,1.42,0.525,0.0,1.0,0,BLOCKED,1.42,0.57,0.0,1.0,0,BLOCKED,1.42,0.435,0.0,1.0,0,BLOCKED,1.42,0.48,0.0,1.0,0,BLOCKED,1.42,0.555,0.0,1.0,0,BLOCKED,1.42,0.465,0.0,1.0,0,BLOCKED
4032,2.51,0.51,0.5,1.0,1,SELECTED,2.42,0.39,0.5,1.0,1,SELECTED,2.7125,0.585,0.5,1.0,1,SELECTED,1.42,0.615,0.0,1.0,0,BLOCKED,1.42,0.525,0.0,1.0,0,BLOCKED,1.42,0.57,0.0,1.0,0,BLOCKED,1.42,0.435,0.0,1.0,0,BLOCKED,1.42,0.48,0.0,1.0,0,BLOCKED,1.42,0.555,0.0,1.0,0,BLOCKED,1.42,0.465,0.0,1.0,0,BLOCKED
4038,2.51,0.51,0.5,1.0,1,SELECTED,2.33,0.39,0.5,1.0,1,SELECTED,2.6225,0.585,0.5,1.0,1,SELECTED,1.42,0.615,0.0,1.0,0,BLOCKED,1.42,0.525,0.0,1.0,0,BLOCKED,1.42,0.57,0.0,1.0,0,BLOCKED,1.42,0.435,0.0,1.0,0,BLOCKED,1.42,0.48,0.0,1.0,0,BLOCKED,1.42,0.555,0.0,1.0,0,BLOCKED,1.42,0.465,0.0,1.0,0,BLOCKED
4044,2.51,0.51,0.5,1.0,1,SELECTED,2.42,0.39,0.5,1.0,1,SELECTED,2.6225,0.585,0.5,1.0,1,SELECTED,1.42,0.615,0.0,1.0,0,BLOCKED,1.42,0.525,0.0,1.0,0,BLOCKED,1.42,0.57,0.0,1.0,0,BLOCKED,1.42,0.435,0.0,1.0,0,BLOCKED,1.42,0.48,0.0,1.0,0,BLOCKED,1.42,0.555,0.0,1.0,0,BLOCKED,1.42,0.465,0.0,1.0,0,BLOCKED
4050,2.51,0.51,0.5,1.0,1,SELECTED,2.42,0.39,0.5,1.0,1,SELECTED,2.7125,0.585,0.5,1.0,1,SELECTED,1.42,0.615,0.0,1.0,0,BLOCKED,1.42,0.525,0.0,1.0,0,BLOCKED,1.42,0.57,0.0,1.0,0,BLOCKED,1.42,0.435,0.0,1.0,0,BLOCKED,1.42,0.48,0.0,1.0,0,BLOCKED,1.42,0.555,0.0,1.0,0,BLOCKED,1.42,0.465,0.0,1.0,0,BLOCKED
4056,2.635,0.51,0.5,1.0,2,SELECTED,2.33,0.39,0.5,1.0,1,SELECTED,2.6225,0.585,0.5,1.0,1,SELECTED,1.42,0.615,0.0,1.0,0,BLOCKED,1.42,0.525,0.0,1.0,0,BLOCKED,1.42,0.57,0.0,1.0,0,BLOCKED,1.42,0.435,0.0,1.0,0,BLOCKED,1.42,0.48,0.0,1.0,0,BLOCKED,1.42,0.555,0.0,1.0,0,BLOCKED,1.42,0.465,0.0,1.0,0,BLOCKED
4062,2.6,0.51,0.5,1.0,1,SELECTED,2.42,0.39,0.5,1.0,1,SELECTED,2.6225,0.585,0.5,1.0,1,SELECTED,1.42,0.615,0.0,1.0,0,BLOCKED,1.42,0.525,0.0,1.0,0,BLOCKED,1.42,0.57,0.0,1.0,0,BLOCKED,1.42,0.435,0.0,1.0,0,BLOCKED,1.42,0.48,0.0,1.0,0,BLOCKED,1.42,0.555,0.0,1.0,0,BLOCKED,1.42,0.465,0.0,1.0,0,BLOCKED
4068,2.51,0.51,0.5,1.0,1,SELECTED,2.33,0.39,0.5,1.0,1,SELECTED,2.6225,0.585,0.5,1.0,1,SELECTED,1.42,0.615,0.0,1.0,0,BLOCKED,1.42,0.525,0.0,1.0,0,BLOCKED,1.42,0.57,0.0,1.0,0,BLOCKED,1.42,0.435,0.0,1.0,0,BLOCKED,1.42,0.48,0.0,1.0,0,BLOCKED,1.42,0.555,0.0,1.0,0,BLOCKED,1.42,0.465,0.0,1.0,0,BLOCKED
4074,2.51,0.51,0.5,1.0,1,SELECTED,2.33,0.39,0.5,1.0,1,SELECTED,2.7125,0.585,0.5,1.0,1,SELECTED,1.42,0.615,0.0,1.0,0,BLOCKED,1.42,0.525,0.0,1.0,0,BLOCKED,1.42,0.57,0.0,1.0,0,BLOCKED,1.42,0.435,0.0,1.0,0,BLOCKED,1.42,0.48,0.0,1.0,0,BLOCKED,1.42,0.555,0.0,1.0,0,BLOCKED,1.42,0.465,0.0,1.0,0,BLOCKED
4080,2.51,0.51,0.5,1.0,1,SELECTED,2.33,0.39,0.5,1.0,1,SELECTED,2.6225,0.585,0.5,1.0,1,SELECTED,1.42,0.615,0.0,1.0,0,BLOCKED,1.42,0.525,0.0,1.0,0,BLOCKED,1.42,0.57,0.0,1.0,0,BLOCKED,1.42,0.435,0.0,1.0,0,BLOCKED,1.42,0.48,0.0,1.0,0,BLOCKED,1.42,0.555,0.0,1.0,0,BLOCKED,1.42,0.465,0.0,1.0,0,BLOCKED
4086,2.51,0.51,0.5,1.0,1,SELECTED,2.42,0.39,0.5,1.0,1,SELECTED,2.6225,0.585,0.5,1.0,1,SELECTED,1.42,0.615,0.0,1.0,0,BLOCKED,1.42,0.525,0.0,1.0,0,BLOCKED,1.42,0.57,0.0,1.0,0,BLOCKED,1.42,0.435,0.0,1.0,0,BLOCKED,1.42,0.48,0.0,1.0,0,BLOCKED,1.42,0.555,0.0,1.0,0,BLOCKED,1.42,0.465,0.0,1.0,0,BLOCKED
4092,2.6,0.51,0.5,1.0,1,SELECTED,2.42,0.39,0.5,1.0,1,SELECTED,2.6225,0.585,0.5,1.0,1,SELECTED,1.42,0.615,0.0,1.0,0,BLOCKED,1.42,0.525,0.0,1.0,0,BLOCKED,1.42,0.57,0.0,1.0,0,BLOCKED,1.42,0.435,0.0,1.0,0,BLOCKED,1.42,0.48,0.0,1.0,0,BLOCKED,1.42,0.555,0.0,1.0,0,BLOCKED,1.42,0.465,0.0,1.0,0,BLOCKED
4098,2.51,0.51,0.5,1.0,1,SELECTED,2.33,0.39,0.5,1.0,1,SELECTED,2.7125,0.585,0.5,1.0,1,SELECTED,1.42,0.615,0.0,1.0,0,BLOCKED,1.42,0.525,0.0,1.0,0,BLOCKED,1.42,0.57,0.0,1.0,0,BLOCKED,1.42,0.435,0.0,1.0,0,BLOCKED,1.42,0.48,0.0,1.0,0,BLOCKED,1.42,0.555,0.0,1.0,0,BLOCKED,1.42,0.465,0.0,1.0,0,BLOCKED
4104,2.51,0.51,0.5,1.0,1,SELECTED,2.42,0.39,0.5,1.0,1,SELECTED,2.6225,0.585,0.5,1.0,1,SELECTED,1.42,0.615,0.0,1.0,0,BLOCKED,1.42,0.525,0.0,1.0,0,BLOCKED,1.42,0.57,0.0,1.0,0,BLOCKED,1.42,0.435,0.0,1.0,0,BLOCKED,1.42,0.48,0.0,1.0,0,BLOCKED,1.42,0.555,0.0,1.0,0,BLOCKED,1.42,0.465,0.0,1.0,0,BLOCKED
4110,2.6,0.51,0.5,1.0,1,SELECTED,2.33,0.39,0.5,1.0,1,SELECTED,2.6225,0.585,0.5,1.0,1,SELECTED,1.42,0.615,0.0,1.0,0,BLOCKED,1.42,0.525,0.0,1.0,0,BLOCKED,1.42,0.57,0.0,1.0,0,BLOCKED,1.42,0.435,0.0,1.0,0,BLOCKED,1.42,0.48,0.0,1.0,0,BLOCKED,1.42,0.555,0.0,1.0,0,BLOCKED,1.42,0.465,0.0,1.0,0,BLOCKED
4116,2.51,0.51,0.5,1.0,1,SELECTED,2.33,0.39,0.5,1.0,1,SELECTED,2.7125,0.585,0.5,1.0,1,SELECTED,1.42,0.615,0.0,1.0,0,BLOCKED,1.42,0.525,0.0,1.0,0,BLOCKED,1.42,0.57,0.0,1.0,0,BLOCKED,1.42,0.435,0.0,1.0,0,BLOCKED,1.42,0.48,0.0,1.0,0,BLOCKED,1.42,0.555,0.0,1.0,0,BLOCKED,1.42,0.465,0.0,1.0,0,BLOCKED
4122,2.6,0.51,0.5,1.0,1,SELECTED,2.42,0.39,0.5,1.0,1,SELECTED,2.6225,0.585,0.5,1.0,1,SELECTED,1.42,0.615,0.0,1.0,0,BLOCKED,1.42,0.525,0.0,1.0,0,BLOCKED,1.42,0.57,0.0,1.0,0,BLOCKED,1.42,0.435,0.0,1.0,0,BLOCKED,1.42,0.48,0.0,1.0,0,BLOCKED,1.42,0.555,0.0,1.0,0,BLOCKED,1.42,0.465,0.0,1.0,0,BLOCKED
4128,2.51,0.51,0.5,1.0,1,SELECTED,2.33,0.39,0.5,1.0,1,SELECTED,2.7125,0.585,0.5,1.0,1,SELECTED,1.42,0.615,0.0,1.0,0,BLOCKED,1.42,0.525,0.0,1.0,0,BLOCKED,1.42,0.57,0.0,1.0,0,BLOCKED,1.42,0.435,0.0,1.0,0,BLOCKED,1.42,0.48,0.0,1.0,0,BLOCKED,1.42,0.555,0.0,1.0,0,BLOCKED,1.42,0.465,0.0,1.0,0,BLOCKED
4134,2.51,0.51,0.5,1.0,1,SELECTED,2.42,0.39,0.5,1.0,1,SELECTED,2.7125,0.585,0.5,1.0,1,SELECTED,1.42,0.615,0.0,1.0,0,BLOCKED,1.42,0.525,0.0,1.0,0,BLOCKED,1.42,0.57,0.0,1.0,0,BLOCKED,1.42,0.435,0.0,1.0,0,BLOCKED,1.42,0.48,0.0,1.0,0,BLOCKED,1.42,0.555,0.0,1.0,0,BLOCKED,1.42,0.465,0.0,1.0,0,BLOCKED
4140,2.51,0.51,0.5,1.0,1,SELECTED,2.33,0.39,0.5,1.0,1,SELECTED,2.7125,0.585,0.5,1.0,1,SELECTED,1.42,0.615,0.0,1.0,0,BLOCKED,1.42,0.525,0.0,1.0,0,BLOCKED,1.42,0.57,0.0,1.0,0,BLOCKED,1.42,0.435,0.0,1.0,0,BLOCKED,1.42,0.48,0.0,1.0,0,BLOCKED,1.42,0.555,0.0,1.0,0,BLOCKED,1.42,0.465,0.0,1.0,0,BLOCKED
4146,2.6,0.51,0.5,1.0,1,SELECTED,2.42,0.39,0.5,1.0,1,SELECTED,2.7125,0.585,0.5,1.0,1,SELECTED,1.42,0.615,0.0,1.0,0,BLOCKED,1.42,0.525,0.0,1.0,0,BLOCKED,1.42,0.57,0.0,1.0,0,BLOCKED,1.42,0.435,0.0,1.0,0,BLOCKED,1.42,0.48,0.0,1.0,0,BLOCKED,1.42,0.555,0.0,1.0,0,BLOCKED,1.42,0.465,0.0,1.0,0,BLOCKED
4152,2.6,0.51,0.5,1.0,1,SELECTED,2.42,0.39,0.5,1.0,1,SELECTED,2.6225,0.585,0.5,1.0,1,SELECTED,1.42,0.615,0.0,1.0,0,BLOCKED,1.42,0.525,0.0,1.0,0,BLOCKED,1.42,0.57,0.0,1.0,0,BLOCKED,1.42,0.435,0.0,1.0,0,BLOCKED,1.42,0.48,0.0,1.0,0,BLOCKED,1.42,0.555,0.0,1.0,0,BLOCKED,1.42,0.465,0.0,1.0,0,BLOCKED
4158,2.6,0.51,0.5,1.0,1,SELECTED,2.33,0.39,0.5,1.0,1,SELECTED,2.7125,0.585,0.5,1.0,1,SELECTED,1.42,0.615,0.0,1.0,0,BLOCKED,1.42,0.525,0.0,1.0,0,BLOCKED,1.42,0.57,0.0,1.0,0,BLOCKED,1.42,0.435,0.0,1.0,0,BLOCKED,1.42,0.48,0.0,1.0,0,BLOCKED,1.42,0.555,0.0,1.0,0,BLOCKED,1.42,0.465,0.0,1.0,0,BLOCKED
4164,2.51,0.51,0.5,1.0,1,SELECTED,2.33,0.39,0.5,1.0,1,SELECTED,2.6225,0.585,0.5,1.0,1,SELECTED,1.42,0.615,0.0,1.0,0,BLOCKED,1.42,0.525,0.0,1.0,0,BLOCKED,1.42,0.57,0.0,1.0,0,BLOCKED,1.42,0.435,0.0,1.0,0,BLOCKED,1.42,0.48,0.0,1.0,0,BLOCKED,1.42,0.555,0.0,1.0,0,BLOCKED,1.42,0.465,0.0,1.0,0,BLOCKED
4170,2.6,0.51,0.5,1.0,1,SELECTED,2.42,0.39,0.5,1.0,1,SELECTED,2.6225,0.585,0.5,1.0,1,SELECTED,1.42,0.615,0.0,1.0,0,BLOCKED,1.42,0.525,0.0,1.0,0,BLOCKED,1.42,0.57,0.0,1.0,0,BLOCKED,1.42,0.435,0.0,1.0,0,BLOCKED,1.42,0.48,0.0,1.0,0,BLOCKED,1.42,0.555,0.0,1.0,0,BLOCKED,1.42,0.465,0.0,1.0,0,BLOCKED
4176,2.51,0.51,0.5,1.0,1,SELECTED,2.42,0.39,0.5,1.0,1,SELECTED,2.6225,0.585,0.5,1.0,1,SELECTED,1.42,0.615,0.0,1.0,0,BLOCKED,1.42,0.525,0.0,1.0,0,BLOCKED,1.42,0.57,0.0,1.0,0,BLOCKED,1.42,0.435,0.0,1.0,0,BLOCKED,1.42,0.48,0.0,1.0,0,BLOCKED,1.42,0.555,0.0,1.0,0,BLOCKED,1.42,0.465,0.0,1.0,0,BLOCKED
4182,2.6,0.51,0.5,1.0,1,SELECTED,2.33,0.39,0.5,1.0,1,SELECTED,2.6225,0.585,0.5,1.0,1,SELECTED,1.42,0.615,0.0,1.0,0,BLOCKED,1.42,0.525,0.0,1.0,0,BLOCKED,1.42,0.57,0.0,1.0,0,BLOCKED,1.42,0.435,0.0,1.0,0,BLOCKED,1.42,0.48,0.0,1.0,0,BLOCKED,1.42,0.555,0.0,1.0,0,BLOCKED,1.42,0.465,0.0,1.0,0,BLOCKED
4188,2.6,0.51,0.5,1.0,1,SELECTED,2.42,0.39,0.5,1.0,1,SELECTED,2.7125,0.585,0.5,1.0,1,SELECTED,1.42,0.615,0.0,1.0,0,BLOCKED,1.42,0.525,0.0,1.0,0,BLOCKED,1.42,0.57,0.0,1.0,0,BLOCKED,1.42,0.435,0.0,1.0,0,BLOCKED,1.42,0.48,0.0,1.0,0,BLOCKED,1.42,0.555,0.0,1.0,0,BLOCKED,1.42,0.465,0.0,1.0,0,BLOCKED
4194,2.51,0.51,0.5,1.0,1,SELECTED,2.42,0.39,0.5,1.0,1,SELECTED,2.7125,0.585,0.5,1.0,1,SELECTED,1.42,0.615,0.0,1.0,0,BLOCKED,1.42,0.525,0.0,1.0,0,BLOCKED,1.42,0.57,0.0,1.0,0,BLOCKED,1.42,0.435,0.0,1.0,0,BLOCKED,1.42,0.48,0.0,1.0,0,BLOCKED,1.42,0.555,0.0,1.0,0,BLOCKED,1.42,0.465,0.0,1.0,0,BLOCKED
4200,2.51,0.51,0.5,1.0,1,SELECTED,2.42,0.39,0.5,1.0,1,SELECTED,2.6225,0.585,0.5,1.0,1,SELECTED,1.42,0.615,0.0,1.0,0,BLOCKED,1.42,0.525,0.0,1.0,0,BLOCKED,1.42,0.57,0.0,1.0,0,BLOCKED,1.42,0.435,0.0,1.0,0,BLOCKED,1.42,0.48,0.0,1.0,0,BLOCKED,1.42,0.555,0.0,1.0,0,BLOCKED,1.42,0.465,0.0,1.0,0,BLOCKED
4206,2.635,0.51,0.5,1.0,2,SELECTED,2.33,0.39,0.5,1.0,1,SELECTED,2.7125,0.585,0.5,1.0,1,SELECTED,1.42,0.615,0.0,1.0,0,BLOCKED,1.42,0.525,0.0,1.0,0,BLOCKED,1.42,0.57,0.0,1.0,0,BLOCKED,1.42,0.435,0.0,1.0,0,BLOCKED,1.42,0.48,0.0,1.0,0,BLOCKED,1.42,0.555,0.0,1.0,0,BLOCKED,1.42,0.465,0.0,1.0,0,BLOCKED
4212,2.6,0.51,0.5,1.0,1,SELECTED,2.33,0.39,0.5,1.0,1,SELECTED,2.7125,0.585,0.5,1.0,1,SELECTED,1.42,0.615,0.0,1.0,0,BLOCKED,1.42,0.525,0.0,1.0,0,BLOCKED,1.42,0.57,0.0,1.0,0,BLOCKED,1.42,0.435,0.0,1.0,0,BLOCKED,1.42,0.48,0.0,1.0,0,BLOCKED,1.42,0.555,0.0,1.0,0,BLOCKED,1.42,0.465,0.0,1.0,0,BLOCKED
4218,2.51,0.51,0.5,1.0,1,SELECTED,2.33,0.39,0.5,1.0,1,SELECTED,2.7125,0.585,0.5,1.0,1,SELECTED,1.42,0.615,0.0,1.0,0,BLOCKED,1.42,0.525,0.0,1.0,0,BLOCKED,1.42,0.57,0.0,1.0,0,BLOCKED,1.42,0.435,0.0,1.0,0,BLOCKED,1.42,0.48,0.0,1.0,0,BLOCKED,1.42,0.555,0.0,1.0,0,BLOCKED,1.42,0.465,0.0,1.0,0,BLOCKED
4224,2.51,0.51,0.5,1.0,1,SELECTED,2.42,0.39,0.5,1.0,1,SELECTED,2.6225,0.585,0.5,1.0,1,SELECTED,1.42,0.615,0.0,1.0,0,BLOCKED,1.42,0.525,0.0,1.0,0,BLOCKED,1.42,0.57,0.0,1.0,0,BLOCKED,1.42,0.435,0.0,1.0,0,BLOCKED,1.42,0.48,0.0,1.0,0,BLOCKED,1.42,0.555,0.0,1.0,0,BLOCKED,1.42,0.465,0.0,1.0,0,BLOCKED
4230,2.6,0.51,0.5,1.0,1,SELECTED,2.33,0.39,0.5,1.0,1,SELECTED,2.7125,0.585,0.5,1.0,1,SELECTED,1.42,0.615,0.0,1.0,0,BLOCKED,1.42,0.525,0.0,1.0,0,BLOCKED,1.42,0.57,0.0,1.0,0,BLOCKED,1.42,0.435,0.0,1.0,0,BLOCKED,1.42,0.48,0.0,1.0,0,BLOCKED,1.42,0.555,0.0,1.0,0,BLOCKED,1.42,0.465,0.0,1.0,0,BLOCKED
4236,2.51,0.51,0.5,1.0,1,SELECTED,2.33,0.39,0.5,1.0,1,SELECTED,2.7125,0.585,0.5,1.0,1,SELECTED,1.42,0.615,0.0,1.0,0,BLOCKED,1.42,0.525,0.0,1.0,0,BLOCKED,1.42,0.57,0.0,1.0,0,BLOCKED,1.42,0.435,0.0,1.0,0,BLOCKED,1.42,0.48,0.0,1.0,0,BLOCKED,1.42,0.555,0.0,1.0,0,BLOCKED,1.42,0.465,0.0,1.0,0,BLOCKED
4242,2.6,0.51,0.5,1.0,1,SELECTED,2.33,0.39,0.5,1.0,1,SELECTED,2.8375,0.585,0.5,1.0,2,SELECTED,1.42,0.615,0.0,1.0,0,BLOCKED,1.42,0.525,0.0,1.0,0,BLOCKED,1.42,0.57,0.0,1.0,0,BLOCKED,1.42,0.435,0.0,1.0,0,BLOCKED,1.42,0.48,0.0,1.0,0,BLOCKED,1.42,0.555,0.0,1.0,0,BLOCKED,1.42,0.465,0.0,1.0,0,BLOCKED
4248,2.6,0.51,0.5,1.0,1,SELECTED,2.42,0.39,0.5,1.0,1,SELECTED,2.7125,0.585,0.5,1.0,1,SELECTED,1.42,0.615,0.0,1.0,0,BLOCKED,1.42,0.525,0.0,1.0,0,BLOCKED,1.42,0.57,0.0,1.0,0,BLOCKED,1.42,0.435,0.0,1.0,0,BLOCKED,1.42,0.48,0.0,1.0,0,BLOCKED,1.42,0.555,0.0,1.0,0,BLOCKED,1.42,0.465,0.0,1.0,0,BLOCKED
4254,2.6,0.51,0.5,1.0,1,SELECTED,2.42,0.39,0.5,1.0,1,SELECTED,2.6225,0.585,0.5,1.0,1,SELECTED,1.42,0.615,0.0,1.0,0,BLOCKED,1.42,0.525,0.0,1.0,0,BLOCKED,1.42,0.57,0.0,1.0,0,BLOCKED,1.42,0.435,0.0,1.0,0,BLOCKED,1.42,0.48,0.0,1.0,0,BLOCKED,1.42,0.555,0.0,1.0,0,BLOCKED,1.42,0.465,0.0,1.0,0,BLOCKED
4260,2.51,0.51,0.5,1.0,1,SELECTED,2.42,0.39,0.5,1.0,1,SELECTED,2.6225,0.585,0.5,1.0,1,SELECTED,1.42,0.615,0.0,1.0,0,BLOCKED,1.42,0.525,0.0,1.0,0,BLOCKED,1.42,0.57,0.0,1.0,0,BLOCKED,1.42,0.435,0.0,1.0,0,BLOCKED,1.42,0.48,0.0,1.0,0,BLOCKED,1.42,0.555,0.0,1.0,0,BLOCKED,1.42,0.465,0.0,1.0,0,BLOCKED
4266,2.6,0.51,0.5,1.0,1,SELECTED,2.33,0.39,0.5,1.0,1,SELECTED,2.6225,0.585,0.5,1.0,1,SELECTED,1.42,0.615,0.0,1.0,0,BLOCKED,1.42,0.525,0.0,1.0,0,BLOCKED,1.42,0.57,0.0,1.0,0,BLOCKED,1.42,0.435,0.0,1.0,0,BLOCKED,1.42,0.48,0.0,1.0,0,BLOCKED,1.42,0.555,0.0,1.0,0,BLOCKED,1.42,0.465,0.0,1.0,0,BLOCKED
4272,2.51,0.51,0.5,1.0,1,SELECTED,2.42,0.39,0.5,1.0,1,SELECTED,2.7125,0.585,0.5,1.0,1,SELECTED,1.42,0.615,0.0,1.0,0,BLOCKED,1.42,0.525,0.0,1.0,0,BLOCKED,1.42,0.57,0.0,1.0,0,BLOCKED,1.42,0.435,0.0,1.0,0,BLOCKED,1.42,0.48,0.0,1.0,0,BLOCKED,1.42,0.555,0.0,1.0,0,BLOCKED,1.42,0.465,0.0,1.0,0,BLOCKED
4278,2.51,0.51,0.5,1.0,1,SELECTED,2.33,0.39,0.5,1.0,1,SELECTED,2.7125,0.585,0.5,1.0,1,SELECTED,1.42,0.615,0.0,1.0,0,BLOCKED,1.42,0.525,0.0,1.0,0,BLOCKED,1.42,0.57,0.0,1.0,0,BLOCKED,1.42,0.435,0.0,1.0,0,BLOCKED,1.42,0.48,0.0,1.0,0,BLOCKED,1.42,0.555,0.0,1.0,0,BLOCKED,1.42,0.465,0.0,1.0,0,BLOCKED
4284,2.51,0.51,0.5,1.0,1,SELECTED,2.33,0.39,0.5,1.0,1,SELECTED,2.6225,0.585,0.5,1.0,1,SELECTED,1.42,0.615,0.0,1.0,0,BLOCKED,1.42,0.525,0.0,1.0,0,BLOCKED,1.42,0.57,0.0,1.0,0,BLOCKED,1.42,0.435,0.0,1.0,0,BLOCKED,1.42,0.48,0.0,1.0,0,BLOCKED,1.42,0.555,0.0,1.0,0,BLOCKED,1.42,0.465,0.0,1.0,0,BLOCKED
4290,2.51,0.51,0.5,1.0,1,SELECTED,2.33,0.39,0.5,1.0,1,SELECTED,2.6225,0.585,0.5,1.0,1,SELECTED,1.42,0.615,0.0,1.0,0,BLOCKED,1.42,0.525,0.0,1.0,0,BLOCKED,1.42,0.57,0.0,1.0,0,BLOCKED,1.42,0.435,0.0,1.0,0,BLOCKED,1.42,0.48,0.0,1.0,0,BLOCKED,1.42,0.555,0.0,1.0,0,BLOCKED,1.42,0.465,0.0,1.0,0,BLOCKED
4296,2.51,0.51,0.5,1.0,1,SELECTED,2.33,0.39,0.5,1.0,1,SELECTED,2.7125,0.585,0.5,1.0,1,SELECTED,1.42,0.615,0.0,1.0,0,BLOCKED,1.42,0.525,0.0,1.0,0,BLOCKED,1.42,0.57,0.0,1.0,0,BLOCKED,1.42,0.435,0.0,1.0,0,BLOCKED,1.42,0.48,0.0,1.0,0,BLOCKED,1.42,0.555,0.0,1.0,0,BLOCKED,1.42,0.465,0.0,1.0,0,BLOCKED
4302,2.51,0.51,0.5,1.0,1,SELECTED,2.33,0.39,0.5,1.0,1,SELECTED,2.6225,0.585,0.5,1.0,1,SELECTED,1.42,0.615,0.0,1.0,0,BLOCKED,1.42,0.525,0.0,1.0,0,BLOCKED,1.42,0.57,0.0,1.0,0,BLOCKED,1.42,0.435,0.0,1.0,0,BLOCKED,1.42,0.48,0.0,1.0,0,BLOCKED,1.42,0.555,0.0,1.0,0,BLOCKED,1.42,0.465,0.0,1.0,0,BLOCKED
4308,2.51,0.51,0.5,1.0,1,SELECTED,2.33,0.39,0.5,1.0,1,SELECTED,2.6225,0.585,0.5,1.0,1,SELECTED,1.42,0.615,0.0,1.0,0,BLOCKED,1.42,0.525,0.0,1.0,0,BLOCKED,1.42,0.57,0.0,1.0,0,BLOCKED,1.42,0.435,0.0,1.0,0,BLOCKED,1.42,0.48,0.0,1.0,0,BLOCKED,1.42,0.555,0.0,1.0,0,BLOCKED,1.42,0.465,0.0,1.0,0,BLOCKED
4314,2.51,0.51,0.5,1.0,1,SELECTED,2.33,0.39,0.5,1.0,1,SELECTED,2.7125,0.585,0.5,1.0,1,SELECTED,1.42,0.615,0.0,1.0,0,BLOCKED,1.42,0.525,0.0,1.0,0,BLOCKED,1.42,0.57,0.0,1.0,0,BLOCKED,1.42,0.435,0.0,1.0,0,BLOCKED,1.42,0.48,0.0,1.0,0,BLOCKED,1.42,0.555,0.0,1.0,0,BLOCKED,1.42,0.465,0.0,1.0,0,BLOCKED
4320,2.5775,0.555,0.5,1.0,1,SELECTED,2.33,0.39,0.5,1.0,1,SELECTED,2.6225,0.585,0.5,1.0,1,SELECTED,1.42,0.57,0.0,1.0,0,BLOCKED,1.42,0.525,0.0,1.0,0,BLOCKED,1.42,0.615,0.0,1.0,0,BLOCKED,1.42,0.435,0.0,1.0,0,BLOCKED,1.42,0.48,0.0,1.0,0,BLOCKED,1.42,0.6,0.0,1.0,0,BLOCKED,1.42,0.495,0.0,1.0,0,BLOCKED
4326,2.5775,0.555,0.5,1.0,1,SELECTED,2.33,0.39,0.5,1.0,1,SELECTED,2.7125,0.585,0.5,1.0,1,SELECTED,1.42,0.57,0.0,1.0,0,BLOCKED,1.42,0.525,0.0,1.0,0,BLOCKED,1.42,0.615,0.0,1.0,0,BLOCKED,1.42,0.435,0.0,1.0,0,BLOCKED,1.42,0.48,0.0,1.0,0,BLOCKED,1.42,0.6,0.0,1.0,0,BLOCKED,1.42,0.495,0.0,1.0,0,BLOCKED
4332,2.6675,0.555,0.5,1.0,1,SELECTED,2.33,0.39,0.5,1.0,1,SELECTED,2.7125,0.585,0.5,1.0,1,SELECTED,1.42,0.57,0.0,1.0,0,BLOCKED,1.42,0.525,0.0,1.0,0,BLOCKED,1.42,0.615,0.0,1.0,0,BLOCKED,1.42,0.435,0.0,1.0,0,BLOCKED,1.42,0.48,0.0,1.0,0,BLOCKED,1.42,0.6,0.0,1.0,0,BLOCKED,1.42,0.495,0.0,1.0,0,BLOCKED
4338,2.6675,0.555,0.5,1.0,1,SELECTED,2.33,0.39,0.5,1.0,1,SELECTED,2.6225,0.585,0.5,1.0,1,SELECTED,1.42,0.57,0.0,1.0,0,BLOCKED,1.42,0.525,0.0,1.0,0,BLOCKED,1.42,0.615,0.0,1.0,0,BLOCKED,1.42,0.435,0.0,1.0,0,BLOCKED,1.42,0.48,0.0,1.0,0,BLOCKED,1.42,0.6,0.0,1.0,0,BLOCKED,1.42,0.495,0.0,1.0,0,BLOCKED
4344,2.5775,0.555,0.5,1.0,1,SELECTED,2.42,0.39,0.5,1.0,1,SELECTED,2.6225,0.585,0.5,1.0,1,SELECTED,1.42,0.57,0.0,1.0,0,BLOCKED,1.42,0.525,0.0,1.0,0,BLOCKED,1.42,0.615,0.0,1.0,0,BLOCKED,1.42,0.435,0.0,1.0,0,BLOCKED,1.42,0.48,0.0,1.0,0,BLOCKED,1.42,0.6,0.0,1.0,0,BLOCKED,1.42,0.495,0.0,1.0,0,BLOCKED
4350,2.5775,0.555,0.5,1.0,1,SELECTED,2.42,0.39,0.5,1.0,1,SELECTED,2.7125,0.585,0.5,1.0,1,SELECTED,1.42,0.57,0.0,1.0,0,BLOCKED,1.42,0.525,0.0,1.0,0,BLOCKED,1.42,0.615,0.0,1.0,0,BLOCKED,1.42,0.435,0.0,1.0,0,BLOCKED,1.42,0.48,0.0,1.0,0,BLOCKED,1.42,0.6,0.0,1.0,0,BLOCKED,1.42,0.495,0.0,1.0,0,BLOCKED
4356,2.5775,0.555,0.5,1.0,1,SELECTED,2.42,0.39,0.5,1.0,1,SELECTED,2.6225,0.585,0.5,1.0,1,SELECTED,1.42,0.57,0.0,1.0,0,BLOCKED,1.42,0.525,0.0,1.0,0,BLOCKED,1.42,0.615,0.0,1.0,0,BLOCKED,1.42,0.435,0.0,1.0,0,BLOCKED,1.42,0.48,0.0,1.0,0,BLOCKED,1.42,0.6,0.0,1.0,0,BLOCKED,1.42,0.495,0.0,1.0,0,BLOCKED
4362,2.5775,0.555,0.5,1.0,1,SELECTED,2.33,0.39,0.5,1.0,1,SELECTED,2.6225,0.585,0.5,1.0,1,SELECTED,1.42,0.57,0.0,1.0,0,BLOCKED,1.42,0.525,0.0,1.0,0,BLOCKED,1.42,0.615,0.0,1.0,0,BLOCKED,1.42,0.435,0.0,1.0,0,BLOCKED,1.42,0.48,0.0,1.0,0,BLOCKED,1.42,0.6,0.0,1.0,0,BLOCKED,1.42,0.495,0.0,1.0,0,BLOCKED
4368,2.5775,0.555,0.5,1.0,1,SELECTED,2.33,0.39,0.5,1.0,1,SELECTED,2.7125,0.585,0.5,1.0,1,SELECTED,1.42,0.57,0.0,1.0,0,BLOCKED,1.42,0.525,0.0,1.0,0,BLOCKED,1.42,0.615,0.0,1.0,0,BLOCKED,1.42,0.435,0.0,1.0,0,BLOCKED,1.42,0.48,0.0,1.0,0,BLOCKED,1.42,0.6,0.0,1.0,0,BLOCKED,1.42,0.495,0.0,1.0,0,BLOCKED
4374,2.5775,0.555,0.5,1.0,1,SELECTED,2.33,0.39,0.5,1.0,1,SELECTED,2.6225,0.585,0.5,1.0,1,SELECTED,1.42,0.57,0.0,1.0,0,BLOCKED,1.42,0.525,0.0,1.0,0,BLOCKED,1.42,0.615,0.0,1.0,0,BLOCKED,1.42,0.435,0.0,1.0,0,BLOCKED,1.42,0.48,0.0,1.0,0,BLOCKED,1.42,0.6,0.0,1.0,0,BLOCKED,1.42,0.495,0.0,1.0,0,BLOCKED
4380,2.5775,0.555,0.5,1.0,1,SELECTED,2.33,0.39,0.5,1.0,1,SELECTED,2.6225,0.585,0.5,1.0,1,SELECTED,1.42,0.57,0.0,1.0,0,BLOCKED,1.42,0.525,0.0,1.0,0,BLOCKED,1.42,0.615,0.0,1.0,0,BLOCKED,1.42,0.435,0.0,1.0,0,BLOCKED,1.42,0.48,0.0,1.0,0,BLOCKED,1.42,0.6,0.0,1.0,0,BLOCKED,1.42,0.495,0.0,1.0,0,BLOCKED
4386,2.5775,0.555,0.5,1.0,1,SELECTED,2.455,0.39,0.5,1.0,2,SELECTED,2.6225,0.585,0.5,1.0,1,SELECTED,1.42,0.57,0.0,1.0,0,BLOCKED,1.42,0.525,0.0,1.0,0,BLOCKED,1.42,0.615,0.0,1.0,0,BLOCKED,1.42,0.435,0.0,1.0,0,BLOCKED,1.42,0.48,0.0,1.0,0,BLOCKED,1.42,0.6,0.0,1.0,0,BLOCKED,1.42,0.495,0.0,1.0,0,BLOCKED
4392,2.6675,0.555,0.5,1.0,1,SELECTED,2.33,0.39,0.5,1.0,1,SELECTED,2.6225,0.585,0.5,1.0,1,SELECTED,1.42,0.57,0.0,1.0,0,BLOCKED,1.42,0.525,0.0,1.0,0,BLOCKED,1.42,0.615,0.0,1.0,0,BLOCKED,1.42,0.435,0.0,1.0,0,BLOCKED,1.42,0.48,0.0,1.0,0,BLOCKED,1.42,0.6,0.0,1.0,0,BLOCKED,1.42,0.495,0.0,1.0,0,BLOCKED
4398,2.6675,0.555,0.5,1.0,1,SELECTED,2.33,0.39,0.5,1.0,1,SELECTED,2.7125,0.585,0.5,1.0,1,SELECTED,1.42,0.57,0.0,1.0,0,BLOCKED,1.42,0.525,0.0,1.0,0,BLOCKED,1.42,0.615,0.0,1.0,0,BLOCKED,1.42,0.435,0.0,1.0,0,BLOCKED,1.42,0.48,0.0,1.0,0,BLOCKED,1.42,0.6,0.0,1.0,0,BLOCKED,1.42,0.495,0.0,1.0,0,BLOCKED
4404,2.5775,0.555,0.5,1.0,1,SELECTED,2.42,0.39,0.5,1.0,1,SELECTED,2.6225,0.585,0.5,1.0,1,SELECTED,1.42,0.57,0.0,1.0,0,BLOCKED,1.42,0.525,0.0,1.0,0,BLOCKED,1.42,0.615,0.0,1.0,0,BLOCKED,1.42,0.435,0.0,1.0,0,BLOCKED,1.42,0.48,0.0,1.0,0,BLOCKED,1.42,0.6,0.0,1.0,0,BLOCKED,1.42,0.495,0.0,1.0,0,BLOCKED
4410,2.5775,0.555,0.5,1.0,1,SELECTED,2.42,0.39,0.5,1.0,1,SELECTED,2.7125,0.585,0.5,1.0,1,SELECTED,1.42,0.57,0.0,1.0,0,BLOCKED,1.42,0.525,0.0,1.0,0,BLOCKED,1.42,0.615,0.0,1.0,0,BLOCKED,1.42,0.435,0.0,1.0,0,BLOCKED,1.42,0.48,0.0,1.0,0,BLOCKED,1.42,0.6,0.0,1.0,0,BLOCKED,1.42,0.495,0.0,1.0,0,BLOCKED
4416,2.5775,0.555,0.5,1.0,1,SELECTED,2.33,0.39,0.5,1.0,1,SELECTED,2.6225,0.585,0.5,1.0,1,SELECTED,1.42,0.57,0.0,1.0,0,BLOCKED,1.42,0.525,0.0,1.0,0,BLOCKED,1.42,0.615,0.0,1.0,0,BLOCKED,1.42,0.435,0.0,1.0,0,BLOCKED,1.42,0.48,0.0,1.0,0,BLOCKED,1.42,0.6,0.0,1.0,0,BLOCKED,1.42,0.495,0.0,1.0,0,BLOCKED
4422,2.5775,0.555,0.5,1.0,1,SELECTED,2.42,0.39,0.5,1.0,1,SELECTED,2.6225,0.585,0.5,1.0,1,SELECTED,1.42,0.57,0.0,1.0,0,BLOCKED,1.42,0.525,0.0,1.0,0,BLOCKED,1.42,0.615,0.0,1.0,0,BLOCKED,1.42,0.435,0.0,1.0,0,BLOCKED,1.42,0.48,0.0,1.0,0,BLOCKED,1.42,0.6,0.0,1.0,0,BLOCKED,1.42,0.495,0.0,1.0,0,BLOCKED
4428,2.5775,0.555,0.5,1.0,1,SELECTED,2.33,0.39,0.5,1.0,1,SELECTED,2.6225,0.585,0.5,1.0,1,SELECTED,1.42,0.57,0.0,1.0,0,BLOCKED,1.42,0.525,0.0,1.0,0,BLOCKED,1.42,0.615,0.0,1.0,0,BLOCKED,1.42,0.435,0.0,1.0,0,BLOCKED,1.42,0.48,0.0,1.0,0,BLOCKED,1.42,0.6,0.0,1.0,0,BLOCKED,1.42,0.495,0.0,1.0,0,BLOCKED
4434,2.5775,0.555,0.5,1.0,1,SELECTED,2.42,0.39,0.5,1.0,1,SELECTED,2.6225,0.585,0.5,1.0,1,SELECTED,1.42,0.57,0.0,1.0,0,BLOCKED,1.42,0.525,0.0,1.0,0,BLOCKED,1.42,0.615,0.0,1.0,0,BLOCKED,1.42,0.435,0.0,1.0,0,BLOCKED,1.42,0.48,0.0,1.0,0,BLOCKED,1.42,0.6,0.0,1.0,0,BLOCKED,1.42,0.495,0.0,1.0,0,BLOCKED
4440,2.5775,0.555,0.5,1.0,1,SELECTED,2.33,0.39,0.5,1.0,1,SELECTED,2.6225,0.585,0.5,1.0,1,SELECTED,1.42,0.57,0.0,1.0,0,BLOCKED,1.42,0.525,0.0,1.0,0,BLOCKED,1.42,0.615,0.0,1.0,0,BLOCKED,1.42,0.435,0.0,1.0,0,BLOCKED,1.42,0.48,0.0,1.0,0,BLOCKED,1.42,0.6,0.0,1.0,0,BLOCKED,1.42,0.495,0.0,1.0,0,BLOCKED
4446,2.6675,0.555,0.5,1.0,1,SELECTED,2.33,0.39,0.5,1.0,1,SELECTED,2.7125,0.585,0.5,1.0,1,SELECTED,1.42,0.57,0.0,1.0,0,BLOCKED,1.42,0.525,0.0,1.0,0,BLOCKED,1.42,0.615,0.0,1.0,0,BLOCKED,1.42,0.435,0.0,1.0,0,BLOCKED,1.42,0.48,0.0,1.0,0,BLOCKED,1.42,0.6,0.0,1.0,0,BLOCKED,1.42,0.495,0.0,1.0,0,BLOCKED
4452,2.6675,0.555,0.5,1.0,1,SELECTED,2.42,0.39,0.5,1.0,1,SELECTED,2.6225,0.585,0.5,1.0,1,SELECTED,1.42,0.57,0.0,1.0,0,BLOCKED,1.42,0.525,0.0,1.0,0,BLOCKED,1.42,0.615,0.0,1.0,0,BLOCKED,1.42,0.435,0.0,1.0,0,BLOCKED,1.42,0.48,0.0,1.0,0,BLOCKED,1.42,0.6,0.0,1.0,0,BLOCKED,1.42,0.495,0.0,1.0,0,BLOCKED
4458,2.5775,0.555,0.5,1.0,1,SELECTED,2.42,0.39,0.5,1.0,1,SELECTED,2.7125,0.585,0.5,1.0,1,SELECTED,1.42,0.57,0.0,1.0,0,BLOCKED,1.42,0.525,0.0,1.0,0,BLOCKED,1.42,0.615,0.0,1.0,0,BLOCKED,1.42,0.435,0.0,1.0,0,BLOCKED,1.42,0.48,0.0,1.0,0,BLOCKED,1.42,0.6,0.0,1.0,0,BLOCKED,1.42,0.495,0.0,1.0,0,BLOCKED
4464,2.6675,0.555,0.5,1.0,1,SELECTED,2.42,0.39,0.5,1.0,1,SELECTED,2.6225,0.585,0.5,1.0,1,SELECTED,1.42,0.57,0.0,1.0,0,BLOCKED,1.42,0.525,0.0,1.0,0,BLOCKED,1.42,0.615,0.0,1.0,0,BLOCKED,1.42,0.435,0.0,1.0,0,BLOCKED,1.42,0.48,0.0,1.0,0,BLOCKED,1.42,0.6,0.0,1.0,0,BLOCKED,1.42,0.495,0.0,1.0,0,BLOCKED
4470,2.5775,0.555,0.5,1.0,1,SELECTED,2.42,0.39,0.5,1.0,1,SELECTED,2.6225,0.585,0.5,1.0,1,SELECTED,1.42,0.57,0.0,1.0,0,BLOCKED,1.42,0.525,0.0,1.0,0,BLOCKED,1.42,0.615,0.0,1.0,0,BLOCKED,1.42,0.435,0.0,1.0,0,BLOCKED,1.42,0.48,0.0,1.0,0,BLOCKED,1.42,0.6,0.0,1.0,0,BLOCKED,1.42,0.495,0.0,1.0,0,BLOCKED
4476,2.6675,0.555,0.5,1.0,1,SELECTED,2.33,0.39,0.5,1.0,1,SELECTED,2.6225,0.585,0.5,1.0,1,SELECTED,1.42,0.57,0.0,1.0,0,BLOCKED,1.42,0.525,0.0,1.0,0,BLOCKED,1.42,0.615,0.0,1.0,0,BLOCKED,1.42,0.435,0.0,1.0,0,BLOCKED,1.42,0.48,0.0,1.0,0,BLOCKED,1.42,0.6,0.0,1.0,0,BLOCKED,1.42,0.495,0.0,1.0,0,BLOCKED
4482,2.6675,0.555,0.5,1.0,1,SELECTED,2.42,0.39,0.5,1.0,1,SELECTED,2.6225,0.585,0.5,1.0,1,SELECTED,1.42,0.57,0.0,1.0,0,BLOCKED,1.42,0.525,0.0,1.0,0,BLOCKED,1.42,0.615,0.0,1.0,0,BLOCKED,1.42,0.435,0.0,1.0,0,BLOCKED,1.42,0.48,0.0,1.0,0,BLOCKED,1.42,0.6,0.0,1.0,0,BLOCKED,1.42,0.495,0.0,1.0,0,BLOCKED
4488,2.6675,0.555,0.5,1.0,1,SELECTED,2.33,0.39,0.5,1.0,1,SELECTED,2.6225,0.585,0.5,1.0,1,SELECTED,1.42,0.57,0.0,1.0,0,BLOCKED,1.42,0.525,0.0,1.0,0,BLOCKED,1.42,0.615,0.0,1.0,0,BLOCKED,1.42,0.435,0.0,1.0,0,BLOCKED,1.42,0.48,0.0,1.0,0,BLOCKED,1.42,0.6,0.0,1.0,0,BLOCKED,1.42,0.495,0.0,1.0,0,BLOCKED
4494,2.5775,0.555,0.5,1.0,1,SELECTED,2.33,0.39,0.5,1.0,1,SELECTED,2.6225,0.585,0.5,1.0,1,SELECTED,1.42,0.57,0.0,1.0,0,BLOCKED,1.42,0.525,0.0,1.0,0,BLOCKED,1.42,0.615,0.0,1.0,0,BLOCKED,1.42,0.435,0.0,1.0,0,BLOCKED,1.42,0.48,0.0,1.0,0,BLOCKED,1.42,0.6,0.0,1.0,0,BLOCKED,1.42,0.495,0.0,1.0,0,BLOCKED
4500,2.5775,0.555,0.5,1.0,1,SELECTED,2.455,0.39,0.5,1.0,2,SELECTED,2.6225,0.585,0.5,1.0,1,SELECTED,1.42,0.57,0.0,1.0,0,BLOCKED,1.42,0.525,0.0,1.0,0,BLOCKED,1.42,0.615,0.0,1.0,0,BLOCKED,1.42,0.435,0.0,1.0,0,BLOCKED,1.42,0.48,0.0,1.0,0,BLOCKED,1.42,0.6,0.0,1.0,0,BLOCKED,1.42,0.495,0.0,1.0,0,BLOCKED
4506,2.6675,0.555,0.5,1.0,1,SELECTED,2.33,0.39,0.5,1.0,1,SELECTED,2.6225,0.585,0.5,1.0,1,SELECTED,1.42,0.57,0.0,1.0,0,BLOCKED,1.42,0.525,0.0,1.0,0,BLOCKED,1.42,0.615,0.0,1.0,0,BLOCKED,1.42,0.435,0.0,1.0,0,BLOCKED,1.42,0.48,0.0,1.0,0,BLOCKED,1.42,0.6,0.0,1.0,0,BLOCKED,1.42,0.495,0.0,1.0,0,BLOCKED
4512,2.5775,0.555,0.5,1.0,1,SELECTED,2.33,0.39,0.5,1.0,1,SELECTED,2.6225,0.585,0.5,1.0,1,SELECTED,1.42,0.57,0.0,1.0,0,BLOCKED,1.42,0.525,0.0,1.0,0,BLOCKED,1.42,0.615,0.0,1.0,0,BLOCKED,1.42,0.435,0.0,1.0,0,BLOCKED,1.42,0.48,0.0,1.0,0,BLOCKED,1.42,0.6,0.0,1.0,0,BLOCKED,1.42,0.495,0.0,1.0,0,BLOCKED
4518,2.6675,0.555,0.5,1.0,1,SELECTED,2.33,0.39,0.5,1.0,1,SELECTED,2.6225,0.585,0.5,1.0,1,SELECTED,1.42,0.57,0.0,1.0,0,BLOCKED,1.42,0.525,0.0,1.0,0,BLOCKED,1.42,0.615,0.0,1.0,0,BLOCKED,1.42,0.435,0.0,1.0,0,BLOCKED,1.42,0.48,0.0,1.0,0,BLOCKED,1.42,0.6,0.0,1.0,0,BLOCKED,1.42,0.495,0.0,1.0,0,BLOCKED
4524,2.6675,0.555,0.5,1.0,1,SELECTED,2.42,0.39,0.5,1.0,1,SELECTED,2.7125,0.585,0.5,1.0,1,SELECTED,1.42,0.57,0.0,1.0,0,BLOCKED,1.42,0.525,0.0,1.0,0,BLOCKED,1.42,0.615,0.0,1.0,0,BLOCKED,1.42,0.435,0.0,1.0,0,BLOCKED,1.42,0.48,0.0,1.0,0,BLOCKED,1.42,0.6,0.0,1.0,0,BLOCKED,1.42,0.495,0.0,1.0,0,BLOCKED
4530,2.5775,0.555,0.5,1.0,1,SELECTED,2.33,0.39,0.5,1.0,1,SELECTED,2.7125,0.585,0.5,1.0,1,SELECTED,1.42,0.57,0.0,1.0,0,BLOCKED,1.42,0.525,0.0,1.0,0,BLOCKED,1.42,0.615,0.0,1.0,0,BLOCKED,1.42,0.435,0.0,1.0,0,BLOCKED,1.42,0.48,0.0,1.0,0,BLOCKED,1.42,0.6,0.0,1.0,0,BLOCKED,1.42,0.495,0.0,1.0,0,BLOCKED
4536,2.6675,0.555,0.5,1.0,1,SELECTED,2.33,0.39,0.5,1.0,1,SELECTED,2.6225,0.585,0.5,1.0,1,SELECTED,1.42,0.57,0.0,1.0,0,BLOCKED,1.42,0.525,0.0,1.0,0,BLOCKED,1.42,0.615,0.0,1.0,0,BLOCKED,1.42,0.435,0.0,1.0,0,BLOCKED,1.42,0.48,0.0,1.0,0,BLOCKED,1.42,0.6,0.0,1.0,0,BLOCKED,1.42,0.495,0.0,1.0,0,BLOCKED
4542,2.6675,0.555,0.5,1.0,1,SELECTED,2.42,0.39,0.5,1.0,1,SELECTED,2.6225,0.585,0.5,1.0,1,SELECTED,1.42,0.57,0.0,1.0,0,BLOCKED,1.42,0.525,0.0,1.0,0,BLOCKED,1.42,0.615,0.0,1.0,0,BLOCKED,1.42,0.435,0.0,1.0,0,BLOCKED,1.42,0.48,0.0,1.0,0,BLOCKED,1.42,0.6,0.0,1.0,0,BLOCKED,1.42,0.495,0.0,1.0,0,BLOCKED
4548,2.5775,0.555,0.5,1.0,1,SELECTED,2.42,0.39,0.5,1.0,1,SELECTED,2.7125,0.585,0.5,1.0,1,SELECTED,1.42,0.57,0.0,1.0,0,BLOCKED,1.42,0.525,0.0,1.0,0,BLOCKED,1.42,0.615,0.0,1.0,0,BLOCKED,1.42,0.435,0.0,1.0,0,BLOCKED,1.42,0.48,0.0,1.0,0,BLOCKED,1.42,0.6,0.0,1.0,0,BLOCKED,1.42,0.495,0.0,1.0,0,BLOCKED
4554,2.5775,0.555,0.5,1.0,1,SELECTED,2.33,0.39,0.5,1.0,1,SELECTED,2.6225,0.585,0.5,1.0,1,SELECTED,1.42,0.57,0.0,1.0,0,BLOCKED,1.42,0.525,0.0,1.0,0,BLOCKED,1.42,0.615,0.0,1.0,0,BLOCKED,1.42,0.435,0.0,1.0,0,BLOCKED,1.42,0.48,0.0,1.0,0,BLOCKED,1.42,0.6,0.0,1.0,0,BLOCKED,1.42,0.495,0.0,1.0,0,BLOCKED
4560,2.6675,0.555,0.5,1.0,1,SELECTED,2.42,0.39,0.5,1.0,1,SELECTED,2.7125,0.585,0.5,1.0,1,SELECTED,1.42,0.57,0.0,1.0,0,BLOCKED,1.42,0.525,0.0,1.0,0,BLOCKED,1.42,0.615,0.0,1.0,0,BLOCKED,1.42,0.435,0.0,1.0,0,BLOCKED,1.42,0.48,0.0,1.0,0,BLOCKED,1.42,0.6,0.0,1.0,0,BLOCKED,1.42,0.495,0.0,1.0,0,BLOCKED
4566,2.5775,0.555,0.5,1.0,1,SELECTED,2.42,0.39,0.5,1.0,1,SELECTED,2.6225,0.585,0.5,1.0,1,SELECTED,1.42,0.57,0.0,1.0,0,BLOCKED,1.42,0.525,0.0,1.0,0,BLOCKED,1.42,0.615,0.0,1.0,0,BLOCKED,1.42,0.435,0.0,1.0,0,BLOCKED,1.42,0.48,0.0,1.0,0,BLOCKED,1.42,0.6,0.0,1.0,0,BLOCKED,1.42,0.495,0.0,1.0,0,BLOCKED
4572,2.5775,0.555,0.5,1.0,1,SELECTED,2.33,0.39,0.5,1.0,1,SELECTED,2.6225,0.585,0.5,1.0,1,SELECTED,1.42,0.57,0.0,1.0,0,BLOCKED,1.42,0.525,0.0,1.0,0,BLOCKED,1.42,0.615,0.0,1.0,0,BLOCKED,1.42,0.435,0.0,1.0,0,BLOCKED,1.42,0.48,0.0,1.0,0,BLOCKED,1.42,0.6,0.0,1.0,0,BLOCKED,1.42,0.495,0.0,1.0,0,BLOCKED
4578,2.5775,0.555,0.5,1.0,1,SELECTED,2.33,0.39,0.5,1.0,1,SELECTED,2.6225,0.585,0.5,1.0,1,SELECTED,1.42,0.57,0.0,1.0,0,BLOCKED,1.42,0.525,0.0,1.0,0,BLOCKED,1.42,0.615,0.0,1.0,0,BLOCKED,1.42,0.435,0.0,1.0,0,BLOCKED,1.42,0.48,0.0,1.0,0,BLOCKED,1.42,0.6,0.0,1.0,0,BLOCKED,1.42,0.495,0.0,1.0,0,BLOCKED
4584,2.5775,0.555,0.5,1.0,1,SELECTED,2.455,0.39,0.5,1.0,2,SELECTED,2.6225,0.585,0.5,1.0,1,SELECTED,1.42,0.57,0.0,1.0,0,BLOCKED,1.42,0.525,0.0,1.0,0,BLOCKED,1.42,0.615,0.0,1.0,0,BLOCKED,1.42,0.435,0.0,1.0,0,BLOCKED,1.42,0.48,0.0,1.0,0,BLOCKED,1.42,0.6,0.0,1.0,0,BLOCKED,1.42,0.495,0.0,1.0,0,BLOCKED
4590,2.5775,0.555,0.5,1.0,1,SELECTED,2.33,0.39,0.5,1.0,1,SELECTED,2.6225,0.585,0.5,1.0,1,SELECTED,1.42,0.57,0.0,1.0,0,BLOCKED,1.42,0.525,0.0,1.0,0,BLOCKED,1.42,0.615,0.0,1.0,0,BLOCKED,1.42,0.435,0.0,1.0,0,BLOCKED,1.42,0.48,0.0,1.0,0,BLOCKED,1.42,0.6,0.0,1.0,0,BLOCKED,1.42,0.495,0.0,1.0,0,BLOCKED
4596,2.5775,0.555,0.5,1.0,1,SELECTED,2.42,0.39,0.5,1.0,1,SELECTED,2.6225,0.585,0.5,1.0,1,SELECTED,1.42,0.57,0.0,1.0,0,BLOCKED,1.42,0.525,0.0,1.0,0,BLOCKED,1.42,0.615,0.0,1.0,0,BLOCKED,1.42,0.435,0.0,1.0,0,BLOCKED,1.42,0.48,0.0,1.0,0,BLOCKED,1.42,0.6,0.0,1.0,0,BLOCKED,1.42,0.495,0.0,1.0,0,BLOCKED
4602,2.6675,0.555,0.5,1.0,1,SELECTED,2.42,0.39,0.5,1.0,1,SELECTED,2.6225,0.585,0.5,1.0,1,SELECTED,1.42,0.57,0.0,1.0,0,BLOCKED,1.42,0.525,0.0,1.0,0,BLOCKED,1.42,0.615,0.0,1.0,0,BLOCKED,1.42,0.435,0.0,1.0,0,BLOCKED,1.42,0.48,0.0,1.0,0,BLOCKED,1.42,0.6,0.0,1.0,0,BLOCKED,1.42,0.495,0.0,1.0,0,BLOCKED
4608,2.5775,0.555,0.5,1.0,1,SELECTED,2.42,0.39,0.5,1.0,1,SELECTED,2.7125,0.585,0.5,1.0,1,SELECTED,1.42,0.57,0.0,1.0,0,BLOCKED,1.42,0.525,0.0,1.0,0,BLOCKED,1.42,0.615,0.0,1.0,0,BLOCKED,1.42,0.435,0.0,1.0,0,BLOCKED,1.42,0.48,0.0,1.0,0,BLOCKED,1.42,0.6,0.0,1.0,0,BLOCKED,1.42,0.495,0.0,1.0,0,BLOCKED
4614,2.6675,0.555,0.5,1.0,1,SELECTED,2.33,0.39,0.5,1.0,1,SELECTED,2.6225,0.585,0.5,1.0,1,SELECTED,1.42,0.57,0.0,1.0,0,BLOCKED,1.42,0.525,0.0,1.0,0,BLOCKED,1.42,0.615,0.0,1.0,0,BLOCKED,1.42,0.435,0.0,1.0,0,BLOCKED,1.42,0.48,0.0,1.0,0,BLOCKED,1.42,0.6,0.0,1.0,0,BLOCKED,1.42,0.495,0.0,1.0,0,BLOCKED
4620,2.5775,0.555,0.5,1.0,1,SELECTED,2.33,0.39,0.5,1.0,1,SELECTED,2.6225,0.585,0.5,1.0,1,SELECTED,1.42,0.57,0.0,1.0,0,BLOCKED,1.42,0.525,0.0,1.0,0,BLOCKED,1.42,0.615,0.0,1.0,0,BLOCKED,1.42,0.435,0.0,1.0,0,BLOCKED,1.42,0.48,0.0,1.0,0,BLOCKED,1.42,0.6,0.0,1.0,0,BLOCKED,1.42,0.495,0.0,1.0,0,BLOCKED
4626,2.6675,0.555,0.5,1.0,1,SELECTED,2.42,0.39,0.5,1.0,1,SELECTED,2.6225,0.585,0.5,1.0,1,SELECTED,1.42,0.57,0.0,1.0,0,BLOCKED,1.42,0.525,0.0,1.0,0,BLOCKED,1.42,0.615,0.0,1.0,0,BLOCKED,1.42,0.435,0.0,1.0,0,BLOCKED,1.42,0.48,0.0,1.0,0,BLOCKED,1.42,0.6,0.0,1.0,0,BLOCKED,1.42,0.495,0.0,1.0,0,BLOCKED
4632,2.5775,0.555,0.5,1.0,1,SELECTED,2.33,0.39,0.5,1.0,1,SELECTED,2.6225,0.585,0.5,1.0,1,SELECTED,1.42,0.57,0.0,1.0,0,BLOCKED,1.42,0.525,0.0,1.0,0,BLOCKED,1.42,0.615,0.0,1.0,0,BLOCKED,1.42,0.435,0.0,1.0,0,BLOCKED,1.42,0.48,0.0,1.0,0,BLOCKED,1.42,0.6,0.0,1.0,0,BLOCKED,1.42,0.495,0.0,1.0,0,BLOCKED
4638,2.6675,0.555,0.5,1.0,1,SELECTED,2.33,0.39,0.5,1.0,1,SELECTED,2.7125,0.585,0.5,1.0,1,SELECTED,1.42,0.57,0.0,1.0,0,BLOCKED,1.42,0.525,0.0,1.0,0,BLOCKED,1.42,0.615,0.0,1.0,0,BLOCKED,1.42,0.435,0.0,1.0,0,BLOCKED,1.42,0.48,0.0,1.0,0,BLOCKED,1.42,0.6,0.0,1.0,0,BLOCKED,1.42,0.495,0.0,1.0,0,BLOCKED
4644,2.6675,0.555,0.5,1.0,1,SELECTED,2.42,0.39,0.5,1.0,1,SELECTED,2.7125,0.585,0.5,1.0,1,SELECTED,1.42,0.57,0.0,1.0,0,BLOCKED,1.42,0.525,0.0,1.0,0,BLOCKED,1.42,0.615,0.0,1.0,0,BLOCKED,1.42,0.435,0.0,1.0,0,BLOCKED,1.42,0.48,0.0,1.0,0,BLOCKED,1.42,0.6,0.0,1.0,0,BLOCKED,1.42,0.495,0.0,1.0,0,BLOCKED
4650,2.5775,0.555,0.5,1.0,1,SELECTED,2.42,0.39,0.5,1.0,1,SELECTED,2.6225,0.585,0.5,1.0,1,SELECTED,1.42,0.57,0.0,1.0,0,BLOCKED,1.42,0.525,0.0,1.0,0,BLOCKED,1.42,0.615,0.0,1.0,0,BLOCKED,1.42,0.435,0.0,1.0,0,BLOCKED,1.42,0.48,0.0,1.0,0,BLOCKED,1.42,0.6,0.0,1.0,0,BLOCKED,1.42,0.495,0.0,1.0,0,BLOCKED
4656,2.6675,0.555,0.5,1.0,1,SELECTED,2.33,0.39,0.5,1.0,1,SELECTED,2.6225,0.585,0.5,1.0,1,SELECTED,1.42,0.57,0.0,1.0,0,BLOCKED,1.42,0.525,0.0,1.0,0,BLOCKED,1.42,0.615,0.0,1.0,0,BLOCKED,1.42,0.435,0.0,1.0,0,BLOCKED,1.42,0.48,0.0,1.0,0,BLOCKED,1.42,0.6,0.0,1.0,0,BLOCKED,1.42,0.495,0.0,1.0,0,BLOCKED
4662,2.5775,0.555,0.5,1.0,1,SELECTED,2.33,0.39,0.5,1.0,1,SELECTED,2.7125,0.585,0.5,1.0,1,SELECTED,1.42,0.57,0.0,1.0,0,BLOCKED,1.42,0.525,0.0,1.0,0,BLOCKED,1.42,0.615,0.0,1.0,0,BLOCKED,1.42,0.435,0.0,1.0,0,BLOCKED,1.42,0.48,0.0,1.0,0,BLOCKED,1.42,0.6,0.0,1.0,0,BLOCKED,1.42,0.495,0.0,1.0,0,BLOCKED
4668,2.5775,0.555,0.5,1.0,1,SELECTED,2.33,0.39,0.5,1.0,1,SELECTED,2.6225,0.585,0.5,1.0,1,SELECTED,1.42,0.57,0.0,1.0,0,BLOCKED,1.42,0.525,0.0,1.0,0,BLOCKED,1.42,0.615,0.0,1.0,0,BLOCKED,1.42,0.435,0.0,1.0,0,BLOCKED,1.42,0.48,0.0,1.0,0,BLOCKED,1.42,0.6,0.0,1.0,0,BLOCKED,1.42,0.495,0.0,1.0,0,BLOCKED
4674,2.6675,0.555,0.5,1.0,1,SELECTED,2.42,0.39,0.5,1.0,1,SELECTED,2.6225,0.585,0.5,1.0,1,SELECTED,1.42,0.57,0.0,1.0,0,BLOCKED,1.42,0.525,0.0,1.0,0,BLOCKED,1.42,0.615,0.0,1.0,0,BLOCKED,1.42,0.435,0.0,1.0,0,BLOCKED,1.42,0.48,0.0,1.0,0,BLOCKED,1.42,0.6,0.0,1.0,0,BLOCKED,1.42,0.495,0.0,1.0,0,BLOCKED
4680,2.4425,0.465,0.5,1.0,1,SELECTED,2.33,0.39,0.5,1.0,1,SELECTED,2.7125,0.585,0.5,1.0,1,SELECTED,1.42,0.66,0.0,1.0,0,BLOCKED,1.42,0.48,0.0,1.0,0,BLOCKED,1.42,0.615,0.0,1.0,0,BLOCKED,1.42,0.435,0.0,1.0,0,BLOCKED,1.42,0.525,0.0,1.0,0,BLOCKED,1.42,0.555,0.0,1.0,0,BLOCKED,1.42,0.495,0.0,1.0,0,BLOCKED
4686,2.5325,0.465,0.5,1.0,1,SELECTED,2.42,0.39,0.5,1.0,1,SELECTED,2.7125,0.585,0.5,1.0,1,SELECTED,1.42,0.66,0.0,1.0,0,BLOCKED,1.42,0.48,0.0,1.0,0,BLOCKED,1.42,0.615,0.0,1.0,0,BLOCKED,1.42,0.435,0.0,1.0,0,BLOCKED,1.42,0.525,0.0,1.0,0,BLOCKED,1.42,0.555,0.0,1.0,0,BLOCKED,1.42,0.495,0.0,1.0,0,BLOCKED
4692,2.4425,0.465,0.5,1.0,1,SELECTED,2.42,0.39,0.5,1.0,1,SELECTED,2.8375,0.585,0.5,1.0,2,SELECTED,1.42,0.66,0.0,1.0,0,BLOCKED,1.42,0.48,0.0,1.0,0,BLOCKED,1.42,0.615,0.0,1.0,0,BLOCKED,1.42,0.435,0.0,1.0,0,BLOCKED,1.42,0.525,0.0,1.0,0,BLOCKED,1.42,0.555,0.0,1.0,0,BLOCKED,1.42,0.495,0.0,1.0,0,BLOCKED
4698,2.4425,0.465,0.5,1.0,1,SELECTED,2.33,0.39,0.5,1.0,1,SELECTED,2.8375,0.585,0.5,1.0,2,SELECTED,1.42,0.66,0.0,1.0,0,BLOCKED,1.42,0.48,0.0,1.0,0,BLOCKED,1.42,0.615,0.0,1.0,0,BLOCKED,1.42,0.435,0.0,1.0,0,BLOCKED,1.42,0.525,0.0,1.0,0,BLOCKED,1.42,0.555,0.0,1.0,0,BLOCKED,1.42,0.495,0.0,1.0,0,BLOCKED
4704,2.4425,0.465,0.5,1.0,1,SELECTED,2.42,0.39,0.5,1.0,1,SELECTED,2.6225,0.585,0.5,1.0,1,SELECTED,1.42,0.66,0.0,1.0,0,BLOCKED,1.42,0.48,0.0,1.0,0,BLOCKED,1.42,0.615,0.0,1.0,0,BLOCKED,1.42,0.435,0.0,1.0,0,BLOCKED,1.42,0.525,0.0,1.0,0,BLOCKED,1.42,0.555,0.0,1.0,0,BLOCKED,1.42,0.495,0.0,1.0,0,BLOCKED
4710,2.5325,0.465,0.5,1.0,1,SELECTED,2.33,0.39,0.5,1.0,1,SELECTED,2.6225,0.585,0.5,1.0,1,SELECTED,1.42,0.66,0.0,1.0,0,BLOCKED,1.42,0.48,0.0,1.0,0,BLOCKED,1.42,0.615,0.0,1.0,0,BLOCKED,1.42,0.435,0.0,1.0,0,BLOCKED,1.42,0.525,0.0,1.0,0,BLOCKED,1.42,0.555,0.0,1.0,0,BLOCKED,1.42,0.495,0.0,1.0,0,BLOCKED
4716,2.4425,0.465,0.5,1.0,1,SELECTED,2.33,0.39,0.5,1.0,1,SELECTED,2.7125,0.585,0.5,1.0,1,SELECTED,1.42,0.66,0.0,1.0,0,BLOCKED,1.42,0.48,0.0,1.0,0,BLOCKED,1.42,0.615,0.0,1.0,0,BLOCKED,1.42,0.435,0.0,1.0,0,BLOCKED,1.42,0.525,0.0,1.0,0,BLOCKED,1.42,0.555,0.0,1.0,0,BLOCKED,1.42,0.495,0.0,1.0,0,BLOCKED
4722,2.4425,0.465,0.5,1.0,1,SELECTED,2.42,0.39,0.5,1.0,1,SELECTED,2.6225,0.585,0.5,1.0,1,SELECTED,1.42,0.66,0.0,1.0,0,BLOCKED,1.42,0.48,0.0,1.0,0,BLOCKED,1.42,0.615,0.0,1.0,0,BLOCKED,1.42,0.435,0.0,1.0,0,BLOCKED,1.42,0.525,0.0,1.0,0,BLOCKED,1.42,0.555,0.0,1.0,0,BLOCKED,1.42,0.495,0.0,1.0,0,BLOCKED
4728,2.4425,0.465,0.5,1.0,1,SELECTED,2.33,0.39,0.5,1.0,1,SELECTED,2.6225,0.585,0.5,1.0,1,SELECTED,1.42,0.66,0.0,1.0,0,BLOCKED,1.42,0.48,0.0,1.0,0,BLOCKED,1.42,0.615,0.0,1.0,0,BLOCKED,1.42,0.435,0.0,1.0,0,BLOCKED,1.42,0.525,0.0,1.0,0,BLOCKED,1.42,0.555,0.0,1.0,0,BLOCKED,1.42,0.495,0.0,1.0,0,BLOCKED
4734,2.5675,0.465,0.5,1.0,2,SELECTED,2.33,0.39,0.5,1.0,1,SELECTED,2.7125,0.585,0.5,1.0,1,SELECTED,1.42,0.66,0.0,1.0,0,BLOCKED,1.42,0.48,0.0,1.0,0,BLOCKED,1.42,0.615,0.0,1.0,0,BLOCKED,1.42,0.435,0.0,1.0,0,BLOCKED,1.42,0.525,0.0,1.0,0,BLOCKED,1.42,0.555,0.0,1.0,0,BLOCKED,1.42,0.495,0.0,1.0,0,BLOCKED
4740,2.5325,0.465,0.5,1.0,1,SELECTED,2.33,0.39,0.5,1.0,1,SELECTED,2.6225,0.585,0.5,1.0,1,SELECTED,1.42,0.66,0.0,1.0,0,BLOCKED,1.42,0.48,0.0,1.0,0,BLOCKED,1.42,0.615,0.0,1.0,0,BLOCKED,1.42,0.435,0.0,1.0,0,BLOCKED,1.42,0.525,0.0,1.0,0,BLOCKED,1.42,0.555,0.0,1.0,0,BLOCKED,1.42,0.495,0.0,1.0,0,BLOCKED
4746,2.4425,0.465,0.5,1.0,1,SELECTED,2.33,0.39,0.5,1.0,1,SELECTED,2.6225,0.585,0.5,1.0,1,SELECTED,1.42,0.66,0.0,1.0,0,BLOCKED,1.42,0.48,0.0,1.0,0,BLOCKED,1.42,0.615,0.0,1.0,0,BLOCKED,1.42,0.435,0.0,1.0,0,BLOCKED,1.42,0.525,0.0,1.0,0,BLOCKED,1.42,0.555,0.0,1.0,0,BLOCKED,1.42,0.495,0.0,1.0,0,BLOCKED
4752,2.4425,0.465,0.5,1.0,1,SELECTED,2.455,0.39,0.5,1.0,2,SELECTED,2.7125,0.585,0.5,1.0,1,SELECTED,1.42,0.66,0.0,1.0,0,BLOCKED,1.42,0.48,0.0,1.0,0,BLOCKED,1.42,0.615,0.0,1.0,0,BLOCKED,1.42,0.435,0.0,1.0,0,BLOCKED,1.42,0.525,0.0,1.0,0,BLOCKED,1.42,0.555,0.0,1.0,0,BLOCKED,1.42,0.495,0.0,1.0,0,BLOCKED
4758,2.4425,0.465,0.5,1.0,1,SELECTED,2.33,0.39,0.5,1.0,1,SELECTED,2.6225,0.585,0.5,1.0,1,SELECTED,1.42,0.66,0.0,1.0,0,BLOCKED,1.42,0.48,0.0,1.0,0,BLOCKED,1.42,0.615,0.0,1.0,0,BLOCKED,1.42,0.435,0.0,1.0,0,BLOCKED,1.42,0.525,0.0,1.0,0,BLOCKED,1.42,0.555,0.0,1.0,0,BLOCKED,1.42,0.495,0.0,1.0,0,BLOCKED
4764,2.4425,0.465,0.5,1.0,1,SELECTED,2.33,0.39,0.5,1.0,1,SELECTED,2.6225,0.585,0.5,1.0,1,SELECTED,1.42,0.66,0.0,1.0,0,BLOCKED,1.42,0.48,0.0,1.0,0,BLOCKED,1.42,0.615,0.0,1.0,0,BLOCKED,1.42,0.435,0.0,1.0,0,BLOCKED,1.42,0.525,0.0,1.0,0,BLOCKED,1.42,0.555,0.0,1.0,0,BLOCKED,1.42,0.495,0.0,1.0,0,BLOCKED
4770,2.4425,0.465,0.5,1.0,1,SELECTED,2.33,0.39,0.5,1.0,1,SELECTED,2.7125,0.585,0.5,1.0,1,SELECTED,1.42,0.66,0.0,1.0,0,BLOCKED,1.42,0.48,0.0,1.0,0,BLOCKED,1.42,0.615,0.0,1.0,0,BLOCKED,1.42,0.435,0.0,1.0,0,BLOCKED,1.42,0.525,0.0,1.0,0,BLOCKED,1.42,0.555,0.0,1.0,0,BLOCKED,1.42,0.495,0.0,1.0,0,BLOCKED
4776,2.4425,0.465,0.5,1.0,1,SELECTED,2.42,0.39,0.5,1.0,1,SELECTED,2.6225,0.585,0.5,1.0,1,SELECTED,1.42,0.66,0.0,1.0,0,BLOCKED,1.42,0.48,0.0,1.0,0,BLOCKED,1.42,0.615,0.0,1.0,0,BLOCKED,1.42,0.435,0.0,1.0,0,BLOCKED,1.42,0.525,0.0,1.0,0,BLOCKED,1.42,0.555,0.0,1.0,0,BLOCKED,1.42,0.495,0.0,1.0,0,BLOCKED
4782,2.4425,0.465,0.5,1.0,1,SELECTED,2.33,0.39,0.5,1.0,1,SELECTED,2.6225,0.585,0.5,1.0,1,SELECTED,1.42,0.66,0.0,1.0,0,BLOCKED,1.42,0.48,0.0,1.0,0,BLOCKED,1.42,0.615,0.0,1.0,0,BLOCKED,1.42,0.435,0.0,1.0,0,BLOCKED,1.42,0.525,0.0,1.0,0,BLOCKED,1.42,0.555,0.0,1.0,0,BLOCKED,1.42,0.495,0.0,1.0,0,BLOCKED
4788,2.5325,0.465,0.5,1.0,1,SELECTED,2.33,0.39,0.5,1.0,1,SELECTED,2.6225,0.585,0.5,1.0,1,SELECTED,1.42,0.66,0.0,1.0,0,BLOCKED,1.42,0.48,0.0,1.0,0,BLOCKED,1.42,0.615,0.0,1.0,0,BLOCKED,1.42,0.435,0.0,1.0,0,BLOCKED,1.42,0.525,0.0,1.0,0,BLOCKED,1.42,0.555,0.0,1.0,0,BLOCKED,1.42,0.495,0.0,1.0,0,BLOCKED
4794,2.4425,0.465,0.5,1.0,1,SELECTED,2.33,0.39,0.5,1.0,1,SELECTED,2.7125,0.585,0.5,1.0,1,SELECTED,1.42,0.66,0.0,1.0,0,BLOCKED,1.42,0.48,0.0,1.0,0,BLOCKED,1.42,0.615,0.0,1.0,0,BLOCKED,1.42,0.435,0.0,1.0,0,BLOCKED,1.42,0.525,0.0,1.0,0,BLOCKED,1.42,0.555,0.0,1.0,0,BLOCKED,1.42,0.495,0.0,1.0,0,BLOCKED
4800,2.5325,0.465,0.5,1.0,1,SELECTED,2.33,0.39,0.5,1.0,1,SELECTED,2.6225,0.585,0.5,1.0,1,SELECTED,1.42,0.66,0.0,1.0,0,BLOCKED,1.42,0.48,0.0,1.0,0,BLOCKED,1.42,0.615,0.0,1.0,0,BLOCKED,1.42,0.435,0.0,1.0,0,BLOCKED,1.42,0.525,0.0,1.0,0,BLOCKED,1.42,0.555,0.0,1.0,0,BLOCKED,1.42,0.495,0.0,1.0,0,BLOCKED
4806,2.5325,0.465,0.5,1.0,1,SELECTED,2.33,0.39,0.5,1.0,1,SELECTED,2.7125,0.585,0.5,1.0,1,SELECTED,1.42,0.66,0.0,1.0,0,BLOCKED,1.42,0.48,0.0,1.0,0,BLOCKED,1.42,0.615,0.0,1.0,0,BLOCKED,1.42,0.435,0.0,1.0,0,BLOCKED,1.42,0.525,0.0,1.0,0,BLOCKED,1.42,0.555,0.0,1.0,0,BLOCKED,1.42,0.495,0.0,1.0,0,BLOCKED
4812,2.4425,0.465,0.5,1.0,1,SELECTED,2.455,0.39,0.5,1.0,2,SELECTED,2.6225,0.585,0.5,1.0,1,SELECTED,1.42,0.66,0.0,1.0,0,BLOCKED,1.42,0.48,0.0,1.0,0,BLOCKED,1.42,0.615,0.0,1.0,0,BLOCKED,1.42,0.435,0.0,1.0,0,BLOCKED,1.42,0.525,0.0,1.0,0,BLOCKED,1.42,0.555,0.0,1.0,0,BLOCKED,1.42,0.495,0.0,1.0,0,BLOCKED
4818,2.4425,0.465,0.5,1.0,1,SELECTED,2.42,0.39,0.5,1.0,1,SELECTED,2.7125,0.585,0.5,1.0,1,SELECTED,1.42,0.66,0.0,1.0,0,BLOCKED,1.42,0.48,0.0,1.0,0,BLOCKED,1.42,0.615,0.0,1.0,0,BLOCKED,1.42,0.435,0.0,1.0,0,BLOCKED,1.42,0.525,0.0,1.0,0,BLOCKED,1.42,0.555,0.0,1.0,0,BLOCKED,1.42,0.495,0.0,1.0,0,BLOCKED
4824,2.4425,0.465,0.5,1.0,1,SELECTED,2.33,0.39,0.5,1.0,1,SELECTED,2.7125,0.585,0.5,1.0,1,SELECTED,1.42,0.66,0.0,1.0,0,BLOCKED,1.42,0.48,0.0,1.0,0,BLOCKED,1.42,0.615,0.0,1.0,0,BLOCKED,1.42,0.435,0.0,1.0,0,BLOCKED,1.42,0.525,0.0,1.0,0,BLOCKED,1.42,0.555,0.0,1.0,0,BLOCKED,1.42,0.495,0.0,1.0,0,BLOCKED
4830,2.5325,0.465,0.5,1.0,1,SELECTED,2.33,0.39,0.5,1.0,1,SELECTED,2.6225,0.585,0.5,1.0,1,SELECTED,1.42,0.66,0.0,1.0,0,BLOCKED,1.42,0.48,0.0,1.0,0,BLOCKED,1.42,0.615,0.0,1.0,0,BLOCKED,1.42,0.435,0.0,1.0,0,BLOCKED,1.42,0.525,0.0,1.0,0,BLOCKED,1.42,0.555,0.0,1.0,0,BLOCKED,1.42,0.495,0.0,1.0,0,BLOCKED
4836,2.5325,0.465,0.5,1.0,1,SELECTED,2.42,0.39,0.5,1.0,1,SELECTED,2.7125,0.585,0.5,1.0,1,SELECTED,1.42,0.66,0.0,1.0,0,BLOCKED,1.42,0.48,0.0,1.0,0,BLOCKED,1.42,0.615,0.0,1.0,0,BLOCKED,1.42,0.435,0.0,1.0,0,BLOCKED,1.42,0.525,0.0,1.0,0,BLOCKED,1.42,0.555,0.0,1.0,0,BLOCKED,1.42,0.495,0.0,1.0,0,BLOCKED
4842,2.4425,0.465,0.5,1.0,1,SELECTED,2.33,0.39,0.5,1.0,1,SELECTED,2.7125,0.585,0.5,1.0,1,SELECTED,1.42,0.66,0.0,1.0,0,BLOCKED,1.42,0.48,0.0,1.0,0,BLOCKED,1.42,0.615,0.0,1.0,0,BLOCKED,1.42,0.435,0.0,1.0,0,BLOCKED,1.42,0.525,0.0,1.0,0,BLOCKED,1.42,0.555,0.0,1.0,0,BLOCKED,1.42,0.495,0.0,1.0,0,BLOCKED
4848,2.5325,0.465,0.5,1.0,1,SELECTED,2.33,0.39,0.5,1.0,1,SELECTED,2.6225,0.585,0.5,1.0,1,SELECTED,1.42,0.66,0.0,1.0,0,BLOCKED,1.42,0.48,0.0,1.0,0,BLOCKED,1.42,0.615,0.0,1.0,0,BLOCKED,1.42,0.435,0.0,1.0,0,BLOCKED,1.42,0.525,0.0,1.0,0,BLOCKED,1.42,0.555,0.0,1.0,0,BLOCKED,1.42,0.495,0.0,1.0,0,BLOCKED
4854,2.4425,0.465,0.5,1.0,1,SELECTED,2.33,0.39,0.5,1.0,1,SELECTED,2.7125,0.585,0.5,1.0,1,SELECTED,1.42,0.66,0.0,1.0,0,BLOCKED,1.42,0.48,0.0,1.0,0,BLOCKED,1.42,0.615,0.0,1.0,0,BLOCKED,1.42,0.435,0.0,1.0,0,BLOCKED,1.42,0.525,0.0,1.0,0,BLOCKED,1.42,0.555,0.0,1.0,0,BLOCKED,1.42,0.495,0.0,1.0,0,BLOCKED
4860,2.5325,0.465,0.5,1.0,1,SELECTED,2.33,0.39,0.5,1.0,1,SELECTED,2.6225,0.585,0.5,1.0,1,SELECTED,1.42,0.66,0.0,1.0,0,BLOCKED,1.42,0.48,0.0,1.0,0,BLOCKED,1.42,0.615,0.0,1.0,0,BLOCKED,1.42,0.435,0.0,1.0,0,BLOCKED,1.42,0.525,0.0,1.0,0,BLOCKED,1.42,0.555,0.0,1.0,0,BLOCKED,1.42,0.495,0.0,1.0,0,BLOCKED
4866,2.5325,0.465,0.5,1.0,1,SELECTED,2.33,0.39,0.5,1.0,1,SELECTED,2.6225,0.585,0.5,1.0,1,SELECTED,1.42,0.66,0.0,1.0,0,BLOCKED,1.42,0.48,0.0,1.0,0,BLOCKED,1.42,0.615,0.0,1.0,0,BLOCKED,1.42,0.435,0.0,1.0,0,BLOCKED,1.42,0.525,0.0,1.0,0,BLOCKED,1.42,0.555,0.0,1.0,0,BLOCKED,1.42,0.495,0.0,1.0,0,BLOCKED
4872,2.5325,0.465,0.5,1.0,1,SELECTED,2.33,0.39,0.5,1.0,1,SELECTED,2.6225,0.585,0.5,1.0,1,SELECTED,1.42,0.66,0.0,1.0,0,BLOCKED,1.42,0.48,0.0,1.0,0,BLOCKED,1.42,0.615,0.0,1.0,0,BLOCKED,1.42,0.435,0.0,1.0,0,BLOCKED,1.42,0.525,0.0,1.0,0,BLOCKED,1.42,0.555,0.0,1.0,0,BLOCKED,1.42,0.495,0.0,1.0,0,BLOCKED
4878,2.5325,0.465,0.5,1.0,1,SELECTED,2.33,0.39,0.5,1.0,1,SELECTED,2.6225,0.585,0.5,1.0,1,SELECTED,1.42,0.66,0.0,1.0,0,BLOCKED,1.42,0.48,0.0,1.0,0,BLOCKED,1.42,0.615,0.0,1.0,0,BLOCKED,1.42,0.435,0.0,1.0,0,BLOCKED,1.42,0.525,0.0,1.0,0,BLOCKED,1.42,0.555,0.0,1.0,0,BLOCKED,1.42,0.495,0.0,1.0,0,BLOCKED
4884,2.5325,0.465,0.5,1.0,1,SELECTED,2.42,0.39,0.5,1.0,1,SELECTED,2.6225,0.585,0.5,1.0,1,SELECTED,1.42,0.66,0.0,1.0,0,BLOCKED,1.42,0.48,0.0,1.0,0,BLOCKED,1.42,0.615,0.0,1.0,0,BLOCKED,1.42,0.435,0.0,1.0,0,BLOCKED,1.42,0.525,0.0,1.0,0,BLOCKED,1.42,0.555,0.0,1.0,0,BLOCKED,1.42,0.495,0.0,1.0,0,BLOCKED
4890,2.4425,0.465,0.5,1.0,1,SELECTED,2.42,0.39,0.5,1.0,1,SELECTED,2.6225,0.585,0.5,1.0,1,SELECTED,1.42,0.66,0.0,1.0,0,BLOCKED,1.42,0.48,0.0,1.0,0,BLOCKED,1.42,0.615,0.0,1.0,0,BLOCKED,1.42,0.435,0.0,1.0,0,BLOCKED,1.42,0.525,0.0,1.0,0,BLOCKED,1.42,0.555,0.0,1.0,0,BLOCKED,1.42,0.495,0.0,1.0,0,BLOCKED
4896,2.4425,0.465,0.5,1.0,1,SELECTED,2.33,0.39,0.5,1.0,1,SELECTED,2.6225,0.585,0.5,1.0,1,SELECTED,1.42,0.66,0.0,1.0,0,BLOCKED,1.42,0.48,0.0,1.0,0,BLOCKED,1.42,0.615,0.0,1.0,0,BLOCKED,1.42,0.435,0.0,1.0,0,BLOCKED,1.42,0.525,0.0,1.0,0,BLOCKED,1.42,0.555,0.0,1.0,0,BLOCKED,1.42,0.495,0.0,1.0,0,BLOCKED
4902,2.5675,0.465,0.5,1.0,2,SELECTED,2.42,0.39,0.5,1.0,1,SELECTED,2.6225,0.585,0.5,1.0,1,SELECTED,1.42,0.66,0.0,1.0,0,BLOCKED,1.42,0.48,0.0,1.0,0,BLOCKED,1.42,0.615,0.0,1.0,0,BLOCKED,1.42,0.435,0.0,1.0,0,BLOCKED,1.42,0.525,0.0,1.0,0,BLOCKED,1.42,0.555,0.0,1.0,0,BLOCKED,1.42,0.495,0.0,1.0,0,BLOCKED
4908,2.5325,0.465,0.5,1.0,1,SELECTED,2.33,0.39,0.5,1.0,1,SELECTED,2.7475,0.585,0.5,1.0,2,SELECTED,1.42,0.66,0.0,1.0,0,BLOCKED,1.42,0.48,0.0,1.0,0,BLOCKED,1.42,0.615,0.0,1.0,0,BLOCKED,1.42,0.435,0.0,1.0,0,BLOCKED,1.42,0.525,0.0,1.0,0,BLOCKED,1.42,0.555,0.0,1.0,0,BLOCKED,1.42,0.495,0.0,1.0,0,BLOCKED
4914,2.4425,0.465,0.5,1.0,1,SELECTED,2.33,0.39,0.5,1.0,1,SELECTED,2.6225,0.585,0.5,1.0,1,SELECTED,1.42,0.66,0.0,1.0,0,BLOCKED,1.42,0.48,0.0,1.0,0,BLOCKED,1.42,0.615,0.0,1.0,0,BLOCKED,1.42,0.435,0.0,1.0,0,BLOCKED,1.42,0.525,0.0,1.0,0,BLOCKED,1.42,0.555,0.0,1.0,0,BLOCKED,1.42,0.495,0.0,1.0,0,BLOCKED
4920,2.5325,0.465,0.5,1.0,1,SELECTED,2.33,0.39,0.5,1.0,1,SELECTED,2.6225,0.585,0.5,1.0,1,SELECTED,1.42,0.66,0.0,1.0,0,BLOCKED,1.42,0.48,0.0,1.0,0,BLOCKED,1.42,0.615,0.0,1.0,0,BLOCKED,1.42,0.435,0.0,1.0,0,BLOCKED,1.42,0.525,0.0,1.0,0,BLOCKED,1.42,0.555,0.0,1.0,0,BLOCKED,1.42,0.495,0.0,1.0,0,BLOCKED
4926,2.5325,0.465,0.5,1.0,1,SELECTED,2.42,0.39,0.5,1.0,1,SELECTED,2.7125,0.585,0.5,1.0,1,SELECTED,1.42,0.66,0.0,1.0,0,BLOCKED,1.42,0.48,0.0,1.0,0,BLOCKED,1.42,0.615,0.0,1.0,0,BLOCKED,1.42,0.435,0.0,1.0,0,BLOCKED,1.42,0.525,0.0,1.0,0,BLOCKED,1.42,0.555,0.0,1.0,0,BLOCKED,1.42,0.495,0.0,1.0,0,BLOCKED
4932,2.5325,0.465,0.5,1.0,1,SELECTED,2.33,0.39,0.5,1.0,1,SELECTED,2.7125,0.585,0.5,1.0,1,SELECTED,1.42,0.66,0.0,1.0,0,BLOCKED,1.42,0.48,0.0,1.0,0,BLOCKED,1.42,0.615,0.0,1.0,0,BLOCKED,1.42,0.435,0.0,1.0,0,BLOCKED,1.42,0.525,0.0,1.0,0,BLOCKED,1.42,0.555,0.0,1.0,0,BLOCKED,1.42,0.495,0.0,1.0,0,BLOCKED
4938,2.4425,0.465,0.5,1.0,1,SELECTED,2.42,0.39,0.5,1.0,1,SELECTED,2.6225,0.585,0.5,1.0,1,SELECTED,1.42,0.66,0.0,1.0,0,BLOCKED,1.42,0.48,0.0,1.0,0,BLOCKED,1.42,0.615,0.0,1.0,0,BLOCKED,1.42,0.435,0.0,1.0,0,BLOCKED,1.42,0.525,0.0,1.0,0,BLOCKED,1.42,0.555,0.0,1.0,0,BLOCKED,1.42,0.495,0.0,1.0,0,BLOCKED
4944,2.4425,0.465,0.5,1.0,1,SELECTED,2.33,0.39,0.5,1.0,1,SELECTED,2.6225,0.585,0.5,1.0,1,SELECTED,1.42,0.66,0.0,1.0,0,BLOCKED,1.42,0.48,0.0,1.0,0,BLOCKED,1.42,0.615,0.0,1.0,0,BLOCKED,1.42,0.435,0.0,1.0,0,BLOCKED,1.42,0.525,0.0,1.0,0,BLOCKED,1.42,0.555,0.0,1.0,0,BLOCKED,1.42,0.495,0.0,1.0,0,BLOCKED
4950,2.5325,0.465,0.5,1.0,1,SELECTED,2.33,0.39,0.5,1.0,1,SELECTED,2.6225,0.585,0.5,1.0,1,SELECTED,1.42,0.66,0.0,1.0,0,BLOCKED,1.42,0.48,0.0,1.0,0,BLOCKED,1.42,0.615,0.0,1.0,0,BLOCKED,1.42,0.435,0.0,1.0,0,BLOCKED,1.42,0.525,0.0,1.0,0,BLOCKED,1.42,0.555,0.0,1.0,0,BLOCKED,1.42,0.495,0.0,1.0,0,BLOCKED
4956,2.4425,0.465,0.5,1.0,1,SELECTED,2.42,0.39,0.5,1.0,1,SELECTED,2.7125,0.585,0.5,1.0,1,SELECTED,1.42,0.66,0.0,1.0,0,BLOCKED,1.42,0.48,0.0,1.0,0,BLOCKED,1.42,0.615,0.0,1.0,0,BLOCKED,1.42,0.435,0.0,1.0,0,BLOCKED,1.42,0.525,0.0,1.0,0,BLOCKED,1.42,0.555,0.0,1.0,0,BLOCKED,1.42,0.495,0.0,1.0,0,BLOCKED
4962,2.4425,0.465,0.5,1.0,1,SELECTED,2.42,0.39,0.5,1.0,1,SELECTED,2.7125,0.585,0.5,1.0,1,SELECTED,1.42,0.66,0.0,1.0,0,BLOCKED,1.42,0.48,0.0,1.0,0,BLOCKED,1.42,0.615,0.0,1.0,0,BLOCKED,1.42,0.435,0.0,1.0,0,BLOCKED,1.42,0.525,0.0,1.0,0,BLOCKED,1.42,0.555,0.0,1.0,0,BLOCKED,1.42,0.495,0.0,1.0,0,BLOCKED
4968,2.4425,0.465,0.5,1.0,1,SELECTED,2.42,0.39,0.5,1.0,1,SELECTED,2.7125,0.585,0.5,1.0,1,SELECTED,1.42,0.66,0.0,1.0,0,BLOCKED,1.42,0.48,0.0,1.0,0,BLOCKED,1.42,0.615,0.0,1.0,0,BLOCKED,1.42,0.435,0.0,1.0,0,BLOCKED,1.42,0.525,0.0,1.0,0,BLOCKED,1.42,0.555,0.0,1.0,0,BLOCKED,1.42,0.495,0.0,1.0,0,BLOCKED
4974,2.5325,0.465,0.5,1.0,1,SELECTED,2.42,0.39,0.5,1.0,1,SELECTED,2.7125,0.585,0.5,1.0,1,SELECTED,1.42,0.66,0.0,1.0,0,BLOCKED,1.42,0.48,0.0,1.0,0,BLOCKED,1.42,0.615,0.0,1.0,0,BLOCKED,1.42,0.435,0.0,1.0,0,BLOCKED,1.42,0.525,0.0,1.0,0,BLOCKED,1.42,0.555,0.0,1.0,0,BLOCKED,1.42,0.495,0.0,1.0,0,BLOCKED
4980,2.4425,0.465,0.5,1.0,1,SELECTED,2.33,0.39,0.5,1.0,1,SELECTED,2.6225,0.585,0.5,1.0,1,SELECTED,1.42,0.66,0.0,1.0,0,BLOCKED,1.42,0.48,0.0,1.0,0,BLOCKED,1.42,0.615,0.0,1.0,0,BLOCKED,1.42,0.435,0.0,1.0,0,BLOCKED,1.42,0.525,0.0,1.0,0,BLOCKED,1.42,0.555,0.0,1.0,0,BLOCKED,1.42,0.495,0.0,1.0,0,BLOCKED
4986,2.4425,0.465,0.5,1.0,1,SELECTED,2.33,0.39,0.5,1.0,1,SELECTED,2.6225,0.585,0.5,1.0,1,SELECTED,1.42,0.66,0.0,1.0,0,BLOCKED,1.42,0.48,0.0,1.0,0,BLOCKED,1.42,0.615,0.0,1.0,0,BLOCKED,1.42,0.435,0.0,1.0,0,BLOCKED,1.42,0.525,0.0,1.0,0,BLOCKED,1.42,0.555,0.0,1.0,0,BLOCKED,1.42,0.495,0.0,1.0,0,BLOCKED
4992,2.4425,0.465,0.5,1.0,1,SELECTED,2.42,0.39,0.5,1.0,1,SELECTED,2.6225,0.585,0.5,1.0,1,SELECTED,1.42,0.66,0.0,1.0,0,BLOCKED,1.42,0.48,0.0,1.0,0,BLOCKED,1.42,0.615,0.0,1.0,0,BLOCKED,1.42,0.435,0.0,1.0,0,BLOCKED,1.42,0.525,0.0,1.0,0,BLOCKED,1.42,0.555,0.0,1.0,0,BLOCKED,1.42,0.495,0.0,1.0,0,BLOCKED
4998,2.5325,0.465,0.5,1.0,1,SELECTED,2.33,0.39,0.5,1.0,1,SELECTED,2.7125,0.585,0.5,1.0,1,SELECTED,1.42,0.66,0.0,1.0,0,BLOCKED,1.42,0.48,0.0,1.0,0,BLOCKED,1.42,0.615,0.0,1.0,0,BLOCKED,1.42,0.435,0.0,1.0,0,BLOCKED,1.42,0.525,0.0,1.0,0,BLOCKED,1.42,0.555,0.0,1.0,0,BLOCKED,1.42,0.495,0.0,1.0,0,BLOCKED
5004,2.4425,0.465,0.5,1.0,1,SELECTED,2.33,0.39,0.5,1.0,1,SELECTED,2.6225,0.585,0.5,1.0,1,SELECTED,1.42,0.66,0.0,1.0,0,BLOCKED,1.42,0.48,0.0,1.0,0,BLOCKED,1.42,0.615,0.0,1.0,0,BLOCKED,1.42,0.435,0.0,1.0,0,BLOCKED,1.42,0.525,0.0,1.0,0,BLOCKED,1.42,0.555,0.0,1.0,0,BLOCKED,1.42,0.495,0.0,1.0,0,BLOCKED
5010,2.4425,0.465,0.5,1.0,1,SELECTED,2.455,0.39,0.5,1.0,2,SELECTED,2.6225,0.585,0.5,1.0,1,SELECTED,1.42,0.66,0.0,1.0,0,BLOCKED,1.42,0.48,0.0,1.0,0,BLOCKED,1.42,0.615,0.0,1.0,0,BLOCKED,1.42,0.435,0.0,1.0,0,BLOCKED,1.42,0.525,0.0,1.0,0,BLOCKED,1.42,0.555,0.0,1.0,0,BLOCKED,1.42,0.495,0.0,1.0,0,BLOCKED
5016,2.5325,0.465,0.5,1.0,1,SELECTED,2.42,0.39,0.5,1.0,1,SELECTED,2.6225,0.585,0.5,1.0,1,SELECTED,1.42,0.66,0.0,1.0,0,BLOCKED,1.42,0.48,0.0,1.0,0,BLOCKED,1.42,0.615,0.0,1.0,0,BLOCKED,1.42,0.435,0.0,1.0,0,BLOCKED,1.42,0.525,0.0,1.0,0,BLOCKED,1.42,0.555,0.0,1.0,0,BLOCKED,1.42,0.495,0.0,1.0,0,BLOCKED
5022,2.4425,0.465,0.5,1.0,1,SELECTED,2.33,0.39,0.5,1.0,1,SELECTED,2.6225,0.585,0.5,1.0,1,SELECTED,1.42,0.66,0.0,1.0,0,BLOCKED,1.42,0.48,0.0,1.0,0,BLOCKED,1.42,0.615,0.0,1.0,0,BLOCKED,1.42,0.435,0.0,1.0,0,BLOCKED,1.42,0.525,0.0,1.0,0,BLOCKED,1.42,0.555,0.0,1.0,0,BLOCKED,1.42,0.495,0.0,1.0,0,BLOCKED
5028,2.5325,0.465,0.5,1.0,1,SELECTED,2.33,0.39,0.5,1.0,1,SELECTED,2.6225,0.585,0.5,1.0,1,SELECTED,1.42,0.66,0.0,1.0,0,BLOCKED,1.42,0.48,0.0,1.0,0,BLOCKED,1.42,0.615,0.0,1.0,0,BLOCKED,1.42,0.435,0.0,1.0,0,BLOCKED,1.42,0.525,0.0,1.0,0,BLOCKED,1.42,0.555,0.0,1.0,0,BLOCKED,1.42,0.495,0.0,1.0,0,BLOCKED
5034,2.5325,0.465,0.5,1.0,1,SELECTED,2.33,0.39,0.5,1.0,1,SELECTED,2.6225,0.585,0.5,1.0,1,SELECTED,1.42,0.66,0.0,1.0,0,BLOCKED,1.42,0.48,0.0,1.0,0,BLOCKED,1.42,0.615,0.0,1.0,0,BLOCKED,1.42,0.435,0.0,1.0,0,BLOCKED,1.42,0.525,0.0,1.0,0,BLOCKED,1.42,0.555,0.0,1.0,0,BLOCKED,1.42,0.495,0.0,1.0,0,BLOCKED
5040,2.6675,0.615,0.5,1.0,1,SELECTED,2.455,0.39,0.5,1.0,2,SELECTED,2.6225,0.585,0.5,1.0,1,SELECTED,1.42,0.66,0.0,1.0,0,BLOCKED,1.42,0.57,0.0,1.0,0,BLOCKED,1.42,0.735,0.0,1.0,0,BLOCKED,1.42,0.435,0.0,1.0,0,BLOCKED,1.42,0.48,0.0,1.0,0,BLOCKED,1.42,0.555,0.0,1.0,0,BLOCKED,1.42,0.495,0.0,1.0,0,BLOCKED
5046,2.7575,0.615,0.5,1.0,1,SELECTED,2.42,0.39,0.5,1.0,1,SELECTED,2.6225,0.585,0.5,1.0,1,SELECTED,1.42,0.66,0.0,1.0,0,BLOCKED,1.42,0.57,0.0,1.0,0,BLOCKED,1.42,0.735,0.0,1.0,0,BLOCKED,1.42,0.435,0.0,1.0,0,BLOCKED,1.42,0.48,0.0,1.0,0,BLOCKED,1.42,0.555,0.0,1.0,0,BLOCKED,1.42,0.495,0.0,1.0,0,BLOCKED
5052,2.7575,0.615,0.5,1.0,1,SELECTED,2.33,0.39,0.5,1.0,1,SELECTED,2.7125,0.585,0.5,1.0,1,SELECTED,1.42,0.66,0.0,1.0,0,BLOCKED,1.42,0.57,0.0,1.0,0,BLOCKED,1.42,0.735,0.0,1.0,0,BLOCKED,1.42,0.435,0.0,1.0,0,BLOCKED,1.42,0.48,0.0,1.0,0,BLOCKED,1.42,0.555,0.0,1.0,0,BLOCKED,1.42,0.495,0.0,1.0,0,BLOCKED
5058,2.6675,0.615,0.5,1.0,1,SELECTED,2.42,0.39,0.5,1.0,1,SELECTED,2.6225,0.585,0.5,1.0,1,SELECTED,1.42,0.66,0.0,1.0,0,BLOCKED,1.42,0.57,0.0,1.0,0,BLOCKED,1.42,0.735,0.0,1.0,0,BLOCKED,1.42,0.435,0.0,1.0,0,BLOCKED,1.42,0.48,0.0,1.0,0,BLOCKED,1.42,0.555,0.0,1.0,0,BLOCKED,1.42,0.495,0.0,1.0,0,BLOCKED
5064,2.7575,0.615,0.5,1.0,1,SELECTED,2.33,0.39,0.5,1.0,1,SELECTED,2.6225,0.585,0.5,1.0,1,SELECTED,1.42,0.66,0.0,1.0,0,BLOCKED,1.42,0.57,0.0,1.0,0,BLOCKED,1.42,0.735,0.0,1.0,0,BLOCKED,1.42,0.435,0.0,1.0,0,BLOCKED,1.42,0.48,0.0,1.0,0,BLOCKED,1.42,0.555,0.0,1.0,0,BLOCKED,1.42,0.495,0.0,1.0,0,BLOCKED
5070,2.6675,0.615,0.5,1.0,1,SELECTED,2.33,0.39,0.5,1.0,1,SELECTED,2.6225,0.585,0.5,1.0,1,SELECTED,1.42,0.66,0.0,1.0,0,BLOCKED,1.42,0.57,0.0,1.0,0,BLOCKED,1.42,0.735,0.0,1.0,0,BLOCKED,1.42,0.435,0.0,1.0,0,BLOCKED,1.42,0.48,0.0,1.0,0,BLOCKED,1.42,0.555,0.0,1.0,0,BLOCKED,1.42,0.495,0.0,1.0,0,BLOCKED
5076,2.6675,0.615,0.5,1.0,1,SELECTED,2.42,0.39,0.5,1.0,1,SELECTED,2.6225,0.585,0.5,1.0,1,SELECTED,1.42,0.66,0.0,1.0,0,BLOCKED,1.42,0.57,0.0,1.0,0,BLOCKED,1.42,0.735,0.0,1.0,0,BLOCKED,1.42,0.435,0.0,1.0,0,BLOCKED,1.42,0.48,0.0,1.0,0,BLOCKED,1.42,0.555,0.0,1.0,0,BLOCKED,1.42,0.495,0.0,1.0,0,BLOCKED
5082,2.7575,0.615,0.5,1.0,1,SELECTED,2.33,0.39,0.5,1.0,1,SELECTED,2.6225,0.585,0.5,1.0,1,SELECTED,1.42,0.66,0.0,1.0,0,BLOCKED,1.42,0.57,0.0,1.0,0,BLOCKED,1.42,0.735,0.0,1.0,0,BLOCKED,1.42,0.435,0.0,1.0,0,BLOCKED,1.42,0.48,0.0,1.0,0,BLOCKED,1.42,0.555,0.0,1.0,0,BLOCKED,1.42,0.495,0.0,1.0,0,BLOCKED
5088,2.7575,0.615,0.5,1.0,1,SELECTED,2.33,0.39,0.5,1.0,1,SELECTED,2.6225,0.585,0.5,1.0,1,SELECTED,1.42,0.66,0.0,1.0,0,BLOCKED,1.42,0.57,0.0,1.0,0,BLOCKED,1.42,0.735,0.0,1.0,0,BLOCKED,1.42,0.435,0.0,1.0,0,BLOCKED,1.42,0.48,0.0,1.0,0,BLOCKED,1.42,0.555,0.0,1.0,0,BLOCKED,1.42,0.495,0.0,1.0,0,BLOCKED
5094,2.6675,0.615,0.5,1.0,1,SELECTED,2.42,0.39,0.5,1.0,1,SELECTED,2.6225,0.585,0.5,1.0,1,SELECTED,1.42,0.66,0.0,1.0,0,BLOCKED,1.42,0.57,0.0,1.0,0,BLOCKED,1.42,0.735,0.0,1.0,0,BLOCKED,1.42,0.435,0.0,1.0,0,BLOCKED,1.42,0.48,0.0,1.0,0,BLOCKED,1.42,0.555,0.0,1.0,0,BLOCKED,1.42,0.495,0.0,1.0,0,BLOCKED
5100,2.6675,0.615,0.5,1.0,1,SELECTED,2.33,0.39,0.5,1.0,1,SELECTED,2.6225,0.585,0.5,1.0,1,SELECTED,1.42,0.66,0.0,1.0,0,BLOCKED,1.42,0.57,0.0,1.0,0,BLOCKED,1.42,0.735,0.0,1.0,0,BLOCKED,1.42,0.435,0.0,1.0,0,BLOCKED,1.42,0.48,0.0,1.0,0,BLOCKED,1.42,0.555,0.0,1.0,0,BLOCKED,1.42,0.495,0.0,1.0,0,BLOCKED
5106,2.6675,0.615,0.5,1.0,1,SELECTED,2.42,0.39,0.5,1.0,1,SELECTED,2.7125,0.585,0.5,1.0,1,SELECTED,1.42,0.66,0.0,1.0,0,BLOCKED,1.42,0.57,0.0,1.0,0,BLOCKED,1.42,0.735,0.0,1.0,0,BLOCKED,1.42,0.435,0.0,1.0,0,BLOCKED,1.42,0.48,0.0,1.0,0,BLOCKED,1.42,0.555,0.0,1.0,0,BLOCKED,1.42,0.495,0.0,1.0,0,BLOCKED
5112,2.7575,0.615,0.5,1.0,1,SELECTED,2.42,0.39,0.5,1.0,1,SELECTED,2.6225,0.585,0.5,1.0,1,SELECTED,1.42,0.66,0.0,1.0,0,BLOCKED,1.42,0.57,0.0,1.0,0,BLOCKED,1.42,0.735,0.0,1.0,0,BLOCKED,1.42,0.435,0.0,1.0,0,BLOCKED,1.42,0.48,0.0,1.0,0,BLOCKED,1.42,0.555,0.0,1.0,0,BLOCKED,1.42,0.495,0.0,1.0,0,BLOCKED
5118,2.6675,0.615,0.5,1.0,1,SELECTED,2.42,0.39,0.5,1.0,1,SELECTED,2.6225,0.585,0.5,1.0,1,SELECTED,1.42,0.66,0.0,1.0,0,BLOCKED,1.42,0.57,0.0,1.0,0,BLOCKED,1.42,0.735,0.0,1.0,0,BLOCKED,1.42,0.435,0.0,1.0,0,BLOCKED,1.42,0.48,0.0,1.0,0,BLOCKED,1.42,0.555,0.0,1.0,0,BLOCKED,1.42,0.495,0.0,1.0,0,BLOCKED
5124,2.7575,0.615,0.5,1.0,1,SELECTED,2.33,0.39,0.5,1.0,1,SELECTED,2.6225,0.585,0.5,1.0,1,SELECTED,1.42,0.66,0.0,1.0,0,BLOCKED,1.42,0.57,0.0,1.0,0,BLOCKED,1.42,0.735,0.0,1.0,0,BLOCKED,1.42,0.435,0.0,1.0,0,BLOCKED,1.42,0.48,0.0,1.0,0,BLOCKED,1.42,0.555,0.0,1.0,0,BLOCKED,1.42,0.495,0.0,1.0,0,BLOCKED
5130,2.7575,0.615,0.5,1.0,1,SELECTED,2.33,0.39,0.5,1.0,1,SELECTED,2.7125,0.585,0.5,1.0,1,SELECTED,1.42,0.66,0.0,1.0,0,BLOCKED,1.42,0.57,0.0,1.0,0,BLOCKED,1.42,0.735,0.0,1.0,0,BLOCKED,1.42,0.435,0.0,1.0,0,BLOCKED,1.42,0.48,0.0,1.0,0,BLOCKED,1.42,0.555,0.0,1.0,0,BLOCKED,1.42,0.495,0.0,1.0,0,BLOCKED
5136,2.8825,0.615,0.5,1.0,2,SELECTED,2.33,0.39,0.5,1.0,1,SELECTED,2.6225,0.585,0.5,1.0,1,SELECTED,1.42,0.66,0.0,1.0,0,BLOCKED,1.42,0.57,0.0,1.0,0,BLOCKED,1.42,0.735,0.0,1.0,0,BLOCKED,1.42,0.435,0.0,1.0,0,BLOCKED,1.42,0.48,0.0,1.0,0,BLOCKED,1.42,0.555,0.0,1.0,0,BLOCKED,1.42,0.495,0.0,1.0,0,BLOCKED
5142,2.7575,0.615,0.5,1.0,1,SELECTED,2.42,0.39,0.5,1.0,1,SELECTED,2.6225,0.585,0.5,1.0,1,SELECTED,1.42,0.66,0.0,1.0,0,BLOCKED,1.42,0.57,0.0,1.0,0,BLOCKED,1.42,0.735,0.0,1.0,0,BLOCKED,1.42,0.435,0.0,1.0,0,BLOCKED,1.42,0.48,0.0,1.0,0,BLOCKED,1.42,0.555,0.0,1.0,0,BLOCKED,1.42,0.495,0.0,1.0,0,BLOCKED
5148,2.6675,0.615,0.5,1.0,1,SELECTED,2.33,0.39,0.5,1.0,1,SELECTED,2.6225,0.585,0.5,1.0,1,SELECTED,1.42,0.66,0.0,1.0,0,BLOCKED,1.42,0.57,0.0,1.0,0,BLOCKED,1.42,0.735,0.0,1.0,0,BLOCKED,1.42,0.435,0.0,1.0,0,BLOCKED,1.42,0.48,0.0,1.0,0,BLOCKED,1.42,0.555,0.0,1.0,0,BLOCKED,1.42,0.495,0.0,1.0,0,BLOCKED
5154,2.6675,0.615,0.5,1.0,1,SELECTED,2.33,0.39,0.5,1.0,1,SELECTED,2.6225,0.585,0.5,1.0,1,SELECTED,1.42,0.66,0.0,1.0,0,BLOCKED,1.42,0.57,0.0,1.0,0,BLOCKED,1.42,0.735,0.0,1.0,0,BLOCKED,1.42,0.435,0.0,1.0,0,BLOCKED,1.42,0.48,0.0,1.0,0,BLOCKED,1.42,0.555,0.0,1.0,0,BLOCKED,1.42,0.495,0.0,1.0,0,BLOCKED
5160,2.7575,0.615,0.5,1.0,1,SELECTED,2.33,0.39,0.5,1.0,1,SELECTED,2.6225,0.585,0.5,1.0,1,SELECTED,1.42,0.66,0.0,1.0,0,BLOCKED,1.42,0.57,0.0,1.0,0,BLOCKED,1.42,0.735,0.0,1.0,0,BLOCKED,1.42,0.435,0.0,1.0,0,BLOCKED,1.42,0.48,0.0,1.0,0,BLOCKED,1.42,0.555,0.0,1.0,0,BLOCKED,1.42,0.495,0.0,1.0,0,BLOCKED
5166,2.6675,0.615,0.5,1.0,1,SELECTED,2.42,0.39,0.5,1.0,1,SELECTED,2.7125,0.585,0.5,1.0,1,SELECTED,1.42,0.66,0.0,1.0,0,BLOCKED,1.42,0.57,0.0,1.0,0,BLOCKED,1.42,0.735,0.0,1.0,0,BLOCKED,1.42,0.435,0.0,1.0,0,BLOCKED,1.42,0.48,0.0,1.0,0,BLOCKED,1.42,0.555,0.0,1.0,0,BLOCKED,1.42,0.495,0.0,1.0,0,BLOCKED
5172,2.6675,0.615,0.5,1.0,1,SELECTED,2.33,0.39,0.5,1.0,1,SELECTED,2.6225,0.585,0.5,1.0,1,SELECTED,1.42,0.66,0.0,1.0,0,BLOCKED,1.42,0.57,0.0,1.0,0,BLOCKED,1.42,0.735,0.0,1.0,0,BLOCKED,1.42,0.435,0.0,1.0,0,BLOCKED,1.42,0.48,0.0,1.0,0,BLOCKED,1.42,0.555,0.0,1.0,0,BLOCKED,1.42,0.495,0.0,1.0,0,BLOCKED
5178,2.6675,0.615,0.5,1.0,1,SELECTED,2.42,0.39,0.5,1.0,1,SELECTED,2.7125,0.585,0.5,1.0,1,SELECTED,1.42,0.66,0.0,1.0,0,BLOCKED,1.42,0.57,0.0,1.0,0,BLOCKED,1.42,0.735,0.0,1.0,0,BLOCKED,1.42,0.435,0.0,1.0,0,BLOCKED,1.42,0.48,0.0,1.0,0,BLOCKED,1.42,0.555,0.0,1.0,0,BLOCKED,1.42,0.495,0.0,1.0,0,BLOCKED
5184,2.6675,0.615,0.5,1.0,1,SELECTED,2.42,0.39,0.5,1.0,1,SELECTED,2.7125,0.585,0.5,1.0,1,SELECTED,1.42,0.66,0.0,1.0,0,BLOCKED,1.42,0.57,0.0,1.0,0,BLOCKED,1.42,0.735,0.0,1.0,0,BLOCKED,1.42,0.435,0.0,1.0,0,BLOCKED,1.42,0.48,0.0,1.0,0,BLOCKED,1.42,0.555,0.0,1.0,0,BLOCKED,1.42,0.495,0.0,1.0,0,BLOCKED
5190,2.6675,0.615,0.5,1.0,1,SELECTED,2.33,0.39,0.5,1.0,1,SELECTED,2.6225,0.585,0.5,1.0,1,SELECTED,1.42,0.66,0.0,1.0,0,BLOCKED,1.42,0.57,0.0,1.0,0,BLOCKED,1.42,0.735,0.0,1.0,0,BLOCKED,1.42,0.435,0.0,1.0,0,BLOCKED,1.42,0.48,0.0,1.0,0,BLOCKED,1.42,0.555,0.0,1.0,0,BLOCKED,1.42,0.495,0.0,1.0,0,BLOCKED
5196,2.6675,0.615,0.5,1.0,1,SELECTED,2.33,0.39,0.5,1.0,1,SELECTED,2.7125,0.585,0.5,1.0,1,SELECTED,1.42,0.66,0.0,1.0,0,BLOCKED,1.42,0.57,0.0,1.0,0,BLOCKED,1.42,0.735,0.0,1.0,0,BLOCKED,1.42,0.435,0.0,1.0,0,BLOCKED,1.42,0.48,0.0,1.0,0,BLOCKED,1.42,0.555,0.0,1.0,0,BLOCKED,1.42,0.495,0.0,1.0,0,BLOCKED
5202,2.7575,0.615,0.5,1.0,1,SELECTED,2.42,0.39,0.5,1.0,1,SELECTED,2.6225,0.585,0.5,1.0,1,SELECTED,1.42,0.66,0.0,1.0,0,BLOCKED,1.42,0.57,0.0,1.0,0,BLOCKED,1.42,0.735,0.0,1.0,0,BLOCKED,1.42,0.435,0.0,1.0,0,BLOCKED,1.42,0.48,0.0,1.0,0,BLOCKED,1.42,0.555,0.0,1.0,0,BLOCKED,1.42,0.495,0.0,1.0,0,BLOCKED
5208,2.6675,0.615,0.5,1.0,1,SELECTED,2.42,0.39,0.5,1.0,1,SELECTED,2.6225,0.585,0.5,1.0,1,SELECTED,1.42,0.66,0.0,1.0,0,BLOCKED,1.42,0.57,0.0,1.0,0,BLOCKED,1.42,0.735,0.0,1.0,0,BLOCKED,1.42,0.435,0.0,1.0,0,BLOCKED,1.42,0.48,0.0,1.0,0,BLOCKED,1.42,0.555,0.0,1.0,0,BLOCKED,1.42,0.495,0.0,1.0,0,BLOCKED
5214,2.7575,0.615,0.5,1.0,1,SELECTED,2.33,0.39,0.5,1.0,1,SELECTED,2.6225,0.585,0.5,1.0,1,SELECTED,1.42,0.66,0.0,1.0,0,BLOCKED,1.42,0.57,0.0,1.0,0,BLOCKED,1.42,0.735,0.0,1.0,0,BLOCKED,1.42,0.435,0.0,1.0,0,BLOCKED,1.42,0.48,0.0,1.0,0,BLOCKED,1.42,0.555,0.0,1.0,0,BLOCKED,1.42,0.495,0.0,1.0,0,BLOCKED
5220,2.6675,0.615,0.5,1.0,1,SELECTED,2.42,0.39,0.5,1.0,1,SELECTED,2.7125,0.585,0.5,1.0,1,SELECTED,1.42,0.66,0.0,1.0,0,BLOCKED,1.42,0.57,0.0,1.0,0,BLOCKED,1.42,0.735,0.0,1.0,0,BLOCKED,1.42,0.435,0.0,1.0,0,BLOCKED,1.42,0.48,0.0,1.0,0,BLOCKED,1.42,0.555,0.0,1.0,0,BLOCKED,1.42,0.495,0.0,1.0,0,BLOCKED
5226,2.6675,0.615,0.5,1.0,1,SELECTED,2.33,0.39,0.5,1.0,1,SELECTED,2.6225,0.585,0.5,1.0,1,SELECTED,1.42,0.66,0.0,1.0,0,BLOCKED,1.42,0.57,0.0,1.0,0,BLOCKED,1.42,0.735,0.0,1.0,0,BLOCKED,1.42,0.435,0.0,1.0,0,BLOCKED,1.42,0.48,0.0,1.0,0,BLOCKED,1.42,0.555,0.0,1.0,0,BLOCKED,1.42,0.495,0.0,1.0,0,BLOCKED
5232,2.6675,0.615,0.5,1.0,1,SELECTED,2.33,0.39,0.5,1.0,1,SELECTED,2.7125,0.585,0.5,1.0,1,SELECTED,1.42,0.66,0.0,1.0,0,BLOCKED,1.42,0.57,0.0,1.0,0,BLOCKED,1.42,0.735,0.0,1.0,0,BLOCKED,1.42,0.435,0.0,1.0,0,BLOCKED,1.42,0.48,0.0,1.0,0,BLOCKED,1.42,0.555,0.0,1.0,0,BLOCKED,1.42,0.495,0.0,1.0,0,BLOCKED
                                                                                                                                                                                                                                                                                                           