snapshot_id,src,dst,current_option,route_exposure,link_usage,link_monitor,current_hop_count,hop_penalty,route_grid_priority,max_flow_overlap,overlap_pressure,path,route_capable,latency_ok,frequency_ok,teacher_p_route,teacher_score,teacher_benefit,teacher_cost,teacher_hop_cost,selected_route_label
1,h1,h24,0,0.06666666666666667,0.001,0.00125,2.0,0.0,0.0,0.0,0.0,"of:0000000000000005:1 -> of:000000000000000c:5, of:000000000000000c:1 -> of:0000000000000001:2",1,1,1,0.0007750000000000001,-0.050069,3.1e-05,0.05,0.0001,0
1,h10,h24,0,1.0,0.0019066666666666668,0.0023833333333333332,3.0,0.0,0.0,0.0,0.0,"of:0000000000000003:1 -> of:000000000000000b:5, of:000000000000000b:2 -> of:000000000000000c:2, of:000000000000000c:5 -> of:0000000000000005:1",1,1,1,0.0014776666666666666,-0.049213400000000004,0.0008866,0.05,0.0001,0
1,h10,h29,0,1.0,0.0019066666666666668,0.0023833333333333332,3.0,0.0,0.0,0.0,0.0,"of:0000000000000003:1 -> of:000000000000000b:5, of:000000000000000b:3 -> of:000000000000000d:2, of:000000000000000d:4 -> of:0000000000000006:1",1,1,1,0.0014776666666666666,-0.049213400000000004,0.0008866,0.05,0.0001,0
1,h11,h24,0,1.0,0.0019066666666666668,0.0023833333333333332,3.0,0.0,0.0,0.0,0.0,"of:0000000000000003:1 -> of:000000000000000b:5, of:000000000000000b:2 -> of:000000000000000c:2, of:000000000000000c:5 -> of:0000000000000005:1",1,1,1,0.0014776666666666666,-0.049213400000000004,0.0008866,0.05,0.0001,0
1,h11,h29,0,1.0,0.0019066666666666668,0.0023833333333333332,3.0,0.0,0.0,0.0,0.0,"of:0000000000000003:1 -> of:000000000000000b:5, of:000000000000000b:3 -> of:000000000000000d:2, of:000000000000000d:4 -> of:0000000000000006:1",1,1,1,0.0014776666666666666,-0.049213400000000004,0.0008866,0.05,0.0001,0
1,h12,h24,0,1.0,0.0019066666666666668,0.0023833333333333332,3.0,0.0,0.0,0.0,0.0,"of:0000000000000003:1 -> of:000000000000000b:5, of:000000000000000b:2 -> of:000000000000000c:2, of:000000000000000c:5 -> of:0000000000000005:1",1,1,1,0.0014776666666666666,-0.049213400000000004,0.0008866,0.05,0.0001,0
1,h12,h29,0,1.0,0.0019066666666666668,0.0023833333333333332,3.0,0.0,0.0,0.0,0.0,"of:0000000000000003:1 -> of:000000000000000b:5, of:000000000000000b:3 -> of:000000000000000d:2, of:000000000000000d:4 -> of:0000000000000006:1",1,1,1,0.0014776666666666666,-0.049213400000000004,0.0008866,0.05,0.0001,0
1,h13,h24,0,1.0,0.0019066666666666668,0.0023833333333333332,3.0,0.0,0.0,0.0,0.0,"of:0000000000000003:1 -> of:000000000000000b:5, of:000000000000000b:2 -> of:000000000000000c:2, of:000000000000000c:5 -> of:0000000000000005:1",1,1,1,0.0014776666666666666,-0.049213400000000004,0.0008866,0.05,0.0001,0
1,h13,h29,0,1.0,0.0019066666666666668,0.0023833333333333332,3.0,0.0,0.0,0.0,0.0,"of:0000000000000003:1 -> of:000000000000000b:5, of:000000000000000b:3 -> of:000000000000000d:2, of:000000000000000d:4 -> of:0000000000000006:1",1,1,1,0.0014776666666666666,-0.049213400000000004,0.0008866,0.05,0.0001,0
1,h14,h24,0,1.0,0.0019066666666666668,0.0023833333333333332,3.0,0.0,0.0,0.0,0.0,"of:0000000000000003:1 -> of:000000000000000b:5, of:000000000000000b:2 -> of:000000000000000c:2, of:000000000000000c:5 -> of:0000000000000005:1",1,1,1,0.0014776666666666666,-0.049213400000000004,0.0008866,0.05,0.0001,0
1,h14,h29,0,1.0,0.0019066666666666668,0.0023833333333333332,3.0,0.0,0.0,0.0,0.0,"of:0000000000000003:1 -> of:000000000000000b:5, of:000000000000000b:3 -> of:000000000000000d:2, of:000000000000000d:4 -> of:0000000000000006:1",1,1,1,0.0014776666666666666,-0.049213400000000004,0.0008866,0.05,0.0001,0
1,h15,h24,0,1.0,0.0019066666666666668,0.0023833333333333332,3.0,0.0,0.0,0.0,0.0,"of:0000000000000003:1 -> of:000000000000000b:5, of:000000000000000b:2 -> of:000000000000000c:2, of:000000000000000c:5 -> of:0000000000000005:1",1,1,1,0.0014776666666666666,-0.049213400000000004,0.0008866,0.05,0.0001,0
1,h15,h29,0,1.0,0.0019066666666666668,0.0023833333333333332,3.0,0.0,0.0,0.0,0.0,"of:0000000000000003:1 -> of:000000000000000b:5, of:000000000000000b:3 -> of:000000000000000d:2, of:000000000000000d:4 -> of:0000000000000006:1",1,1,1,0.0014776666666666666,-0.049213400000000004,0.0008866,0.05,0.0001,0
1,h16,h24,0,1.0,0.001,0.00125,2.0,0.0,0.0,0.0,0.0,"of:0000000000000004:2 -> of:0000000000000009:2, of:0000000000000009:3 -> of:0000000000000005:2",1,1,1,0.0007750000000000001,-0.049635000000000006,0.000465,0.05,0.0001,0
1,h17,h24,0,1.0,0.001,0.00125,2.0,0.0,0.0,0.0,0.0,"of:0000000000000004:2 -> of:0000000000000009:2, of:0000000000000009:3 -> of:0000000000000005:2",1,1,1,0.0007750000000000001,-0.049635000000000006,0.000465,0.05,0.0001,0
1,h18,h24,0,1.0,0.001,0.00125,2.0,0.0,0.0,0.0,0.0,"of:0000000000000004:2 -> of:0000000000000009:2, of:0000000000000009:3 -> of:0000000000000005:2",1,1,1,0.0007750000000000001,-0.049635000000000006,0.000465,0.05,0.0001,0
1,h19,h24,0,1.0,0.001,0.00125,2.0,0.0,0.0,0.0,0.0,"of:0000000000000004:2 -> of:0000000000000009:2, of:0000000000000009:3 -> of:0000000000000005:2",1,1,1,0.0007750000000000001,-0.049635000000000006,0.000465,0.05,0.0001,0
1,h2,h24,0,1.0,0.001,0.00125,3.0,0.0,0.0,0.0,0.0,"of:0000000000000002:1 -> of:000000000000000b:4, of:000000000000000b:2 -> of:000000000000000c:2, of:000000000000000c:5 -> of:0000000000000005:1",1,1,1,0.0007750000000000001,-0.049635000000000006,0.000465,0.05,0.0001,0
1,h20,h24,0,1.0,0.001,0.00125,2.0,0.0,0.0,0.0,0.0,"of:0000000000000004:2 -> of:0000000000000009:2, of:0000000000000009:3 -> of:0000000000000005:2",1,1,1,0.0007750000000000001,-0.049635000000000006,0.000465,0.05,0.0001,0
1,h21,h24,0,1.0,0.001,0.00125,2.0,0.0,0.0,0.0,0.0,"of:0000000000000004:2 -> of:0000000000000009:2, of:0000000000000009:3 -> of:0000000000000005:2",1,1,1,0.0007750000000000001,-0.049635000000000006,0.000465,0.05,0.0001,0
1,h22,h29,0,1.0,0.001,0.00125,3.0,0.0,0.0,0.0,0.0,"of:0000000000000005:1 -> of:000000000000000c:5, of:000000000000000c:3 -> of:000000000000000d:3, of:000000000000000d:4 -> of:0000000000000006:1",1,1,1,0.0007750000000000001,-0.049635000000000006,0.000465,0.05,0.0001,0
1,h23,h29,0,1.0,0.001,0.00125,3.0,0.0,0.0,0.0,0.0,"of:0000000000000005:1 -> of:000000000000000c:5, of:000000000000000c:3 -> of:000000000000000d:3, of:000000000000000d:4 -> of:0000000000000006:1",1,1,1,0.0007750000000000001,-0.049635000000000006,0.000465,0.05,0.0001,0
1,h23,h30,0,1.0,0.001,0.00125,3.0,0.0,0.7777777777777778,0.0,0.0,"of:0000000000000005:1 -> of:000000000000000c:5, of:000000000000000c:3 -> of:000000000000000d:3, of:000000000000000d:4 -> of:0000000000000006:1",1,1,1,0.07855277777777778,-0.0029683333333333406,0.04713166666666666,0.05,0.0001,0
1,h23,h31,0,1.0,0.001,0.00125,3.0,0.0,0.0,0.0,0.0,"of:0000000000000005:1 -> of:000000000000000c:5, of:000000000000000c:3 -> of:000000000000000d:3, of:000000000000000d:4 -> of:0000000000000006:1",1,1,1,0.0007750000000000001,-0.049635000000000006,0.000465,0.05,0.0001,0
1,h23,h32,0,1.0,0.001,0.00125,3.0,0.0,0.4444444444444444,0.0,0.0,"of:0000000000000005:1 -> of:000000000000000c:5, of:000000000000000c:3 -> of:000000000000000d:3, of:000000000000000d:4 -> of:0000000000000006:1",1,1,1,0.045219444444444444,-0.022968333333333337,0.027131666666666665,0.05,0.0001,0
1,h23,h33,0,1.0,0.001,0.00125,3.0,0.0,0.8888888888888888,0.0,0.0,"of:0000000000000005:1 -> of:000000000000000c:5, of:000000000000000c:3 -> of:000000000000000d:3, of:000000000000000d:4 -> of:0000000000000006:1",1,1,1,0.08966388888888889,0.0036983333333333273,0.05379833333333333,0.05,0.0001,1
1,h23,h34,0,1.0,0.001,0.00125,3.0,0.0,0.6666666666666667,0.0,0.0,"of:0000000000000005:1 -> of:000000000000000c:5, of:000000000000000c:3 -> of:000000000000000d:3, of:000000000000000d:5 -> of:0000000000000007:1",1,1,1,0.06744166666666668,-0.009634999999999994,0.04046500000000001,0.05,0.0001,0
1,h23,h35,0,0.06666666666666667,0.001,0.00125,3.0,0.0,1.0,0.0,0.0,"of:0000000000000005:1 -> of:000000000000000c:5, of:000000000000000c:3 -> of:000000000000000d:3, of:000000000000000d:5 -> of:0000000000000007:1",1,1,1,0.100775,-0.046069000000000006,0.004031,0.05,0.0001,0
1,h23,h36,0,1.0,0.001,0.00125,3.0,0.0,0.11111111111111116,0.0,0.0,"of:0000000000000005:1 -> of:000000000000000c:5, of:000000000000000c:3 -> of:000000000000000d:3, of:000000000000000d:5 -> of:0000000000000007:1",1,1,1,0.011886111111111116,-0.04296833333333334,0.00713166666666667,0.05,0.0001,0
1,h23,h37,0,1.0,0.001,0.00125,3.0,0.0,0.33333333333333337,0.0,0.0,"of:0000000000000005:1 -> of:000000000000000c:5, of:000000000000000c:3 -> of:000000000000000d:3, of:000000000000000d:5 -> of:0000000000000007:1",1,1,1,0.03410833333333334,-0.029635,0.020465,0.05,0.0001,0
1,h23,h38,0,1.0,0.001,0.00125,3.0,0.0,0.5555555555555556,0.0,0.0,"of:0000000000000005:1 -> of:000000000000000c:5, of:000000000000000c:3 -> of:000000000000000d:3, of:000000000000000d:5 -> of:0000000000000007:1",1,1,1,0.05633055555555556,-0.01630166666666667,0.03379833333333333,0.05,0.0001,0
1,h23,h39,0,1.0,0.001,0.00125,3.0,0.0,0.2222222222222222,0.0,0.0,"of:0000000000000005:1 -> of:000000000000000c:5, of:000000000000000c:3 -> of:000000000000000d:3, of:000000000000000d:5 -> of:0000000000000007:1",1,1,1,0.022997222222222224,-0.03630166666666667,0.013798333333333334,0.05,0.0001,0
1,h23,h40,0,1.0,0.001,0.00125,3.0,0.0,0.0,0.0,0.0,"of:0000000000000005:1 -> of:000000000000000c:5, of:000000000000000c:3 -> of:000000000000000d:3, of:000000000000000d:5 -> of:0000000000000007:1",1,1,1,0.0007750000000000001,-0.049635000000000006,0.000465,0.05,0.0001,0
1,h24,h28,0,1.0,0.001,0.00125,3.0,0.0,0.0,0.0,0.0,"of:0000000000000005:1 -> of:000000000000000c:5, of:000000000000000c:3 -> of:000000000000000d:3, of:000000000000000d:4 -> of:0000000000000006:1",1,1,1,0.0007750000000000001,-0.049635000000000006,0.000465,0.05,0.0001,0
1,h24,h29,0,1.0,0.001,0.00125,3.0,0.0,0.0,0.0,0.0,"of:0000000000000005:1 -> of:000000000000000c:5, of:000000000000000c:3 -> of:000000000000000d:3, of:000000000000000d:4 -> of:0000000000000006:1",1,1,1,0.0007750000000000001,-0.049635000000000006,0.000465,0.05,0.0001,0
1,h3,h24,0,1.0,0.001,0.00125,3.0,0.0,0.0,0.0,0.0,"of:0000000000000002:1 -> of:000000000000000b:4, of:000000000000000b:2 -> of:000000000000000c:2, of:000000000000000c:5 -> of:0000000000000005:1",1,1,1,0.0007750000000000001,-0.049635000000000006,0.000465,0.05,0.0001,0
1,h3,h29,0,1.0,0.001,0.00125,3.0,0.0,0.0,0.0,0.0,"of:0000000000000002:1 -> of:000000000000000b:4, of:000000000000000b:3 -> of:000000000000000d:2, of:000000000000000d:4 -> of:0000000000000006:1",1,1,1,0.0007750000000000001,-0.049635000000000006,0.000465,0.05,0.0001,0
1,h4,h24,0,1.0,0.001,0.00125,3.0,0.0,0.0,0.0,0.0,"of:0000000000000002:1 -> of:000000000000000b:4, of:000000000000000b:2 -> of:000000000000000c:2, of:000000000000000c:5 -> of:0000000000000005:1",1,1,1,0.0007750000000000001,-0.049635000000000006,0.000465,0.05,0.0001,0
1,h4,h29,0,1.0,0.001,0.00125,3.0,0.0,0.0,0.0,0.0,"of:0000000000000002:1 -> of:000000000000000b:4, of:000000000000000b:3 -> of:000000000000000d:2, of:000000000000000d:4 -> of:0000000000000006:1",1,1,1,0.0007750000000000001,-0.049635000000000006,0.000465,0.05,0.0001,0
1,h5,h24,0,1.0,0.001,0.00125,3.0,0.0,0.0,0.0,0.0,"of:0000000000000002:1 -> of:000000000000000b:4, of:000000000000000b:2 -> of:000000000000000c:2, of:000000000000000c:5 -> of:0000000000000005:1",1,1,1,0.0007750000000000001,-0.049635000000000006,0.000465,0.05,0.0001,0
1,h5,h29,0,1.0,0.001,0.00125,3.0,0.0,0.0,0.0,0.0,"of:0000000000000002:1 -> of:000000000000000b:4, of:000000000000000b:3 -> of:000000000000000d:2, of:000000000000000d:4 -> of:0000000000000006:1",1,1,1,0.0007750000000000001,-0.049635000000000006,0.000465,0.05,0.0001,0
1,h6,h24,0,1.0,0.001,0.00125,3.0,0.0,0.0,0.0,0.0,"of:0000000000000002:1 -> of:000000000000000b:4, of:000000000000000b:2 -> of:000000000000000c:2, of:000000000000000c:5 -> of:0000000000000005:1",1,1,1,0.0007750000000000001,-0.049635000000000006,0.000465,0.05,0.0001,0
1,h6,h29,0,1.0,0.001,0.00125,3.0,0.0,0.0,0.0,0.0,"of:0000000000000002:1 -> of:000000000000000b:4, of:000000000000000b:3 -> of:000000000000000d:2, of:000000000000000d:4 -> of:0000000000000006:1",1,1,1,0.0007750000000000001,-0.049635000000000006,0.000465,0.05,0.0001,0
1,h7,h24,0,1.0,0.001,0.00125,3.0,0.0,0.0,0.0,0.0,"of:0000000000000002:1 -> of:000000000000000b:4, of:000000000000000b:2 -> of:000000000000000c:2, of:000000000000000c:5 -> of:0000000000000005:1",1,1,1,0.0007750000000000001,-0.049635000000000006,0.000465,0.05,0.0001,0
1,h7,h29,0,1.0,0.001,0.00125,3.0,0.0,0.0,0.0,0.0,"of:0000000000000002:1 -> of:000000000000000b:4, of:000000000000000b:3 -> of:000000000000000d:2, of:000000000000000d:4 -> of:0000000000000006:1",1,1,1,0.0007750000000000001,-0.049635000000000006,0.000465,0.05,0.0001,0
1,h8,h24,0,1.0,0.001,0.00125,3.0,0.0,0.0,0.0,0.0,"of:0000000000000002:1 -> of:000000000000000b:4, of:000000000000000b:2 -> of:000000000000000c:2, of:000000000000000c:5 -> of:0000000000000005:1",1,1,1,0.0007750000000000001,-0.049635000000000006,0.000465,0.05,0.0001,0
1,h8,h29,0,1.0,0.001,0.00125,3.0,0.0,0.0,0.0,0.0,"of:0000000000000002:1 -> of:000000000000000b:4, of:000000000000000b:3 -> of:000000000000000d:2, of:000000000000000d:4 -> of:0000000000000006:1",1,1,1,0.0007750000000000001,-0.049635000000000006,0.000465,0.05,0.0001,0
1,h9,h24,0,1.0,0.0019066666666666668,0.0023833333333333332,3.0,0.0,0.0,0.0,0.0,"of:0000000000000003:1 -> of:000000000000000b:5, of:000000000000000b:2 -> of:000000000000000c:2, of:000000000000000c:5 -> of:0000000000000005:1",1,1,1,0.0014776666666666666,-0.049213400000000004,0.0008866,0.05,0.0001,0
1,h9,h29,0,1.0,0.0019066666666666668,0.0023833333333333332,3.0,0.0,0.0,0.0,0.0,"of:0000000000000003:1 -> of:000000000000000b:5, of:000000000000000b:3 -> of:000000000000000d:2, of:000000000000000d:4 -> of:0000000000000006:1",1,1,1,0.0014776666666666666,-0.049213400000000004,0.0008866,0.05,0.0001,0
2,h10,h27,0,1.0,0.0019066666666666668,0.0023833333333333332,3.0,0.0,0.0,0.0,0.0,"of:0000000000000003:1 -> of:000000000000000b:5, of:000000000000000b:2 -> of:000000000000000c:2, of:000000000000000c:5 -> of:0000000000000005:1",1,1,1,0.0014776666666666666,-0.049213400000000004,0.0008866,0.05,0.0001,0
2,h10,h29,0,1.0,0.0019066666666666668,0.0023833333333333332,3.0,0.0,0.0,0.0,0.0,"of:0000000000000003:1 -> of:000000000000000b:5, of:000000000000000b:3 -> of:000000000000000d:2, of:000000000000000d:4 -> of:0000000000000006:1",1,1,1,0.0014776666666666666,-0.049213400000000004,0.0008866,0.05,0.0001,0
2,h11,h27,0,0.06666666666666667,0.0019066666666666668,0.0023833333333333332,3.0,0.0,0.0,0.0,0.0,"of:0000000000000003:1 -> of:000000000000000b:5, of:000000000000000b:2 -> of:000000000000000c:2, of:000000000000000c:5 -> of:0000000000000005:1",1,1,1,0.0014776666666666666,-0.050040893333333336,5.910666666666666e-05,0.05,0.0001,0
2,h11,h29,0,1.0,0.0019066666666666668,0.0023833333333333332,3.0,0.0,0.0,0.0,0.0,"of:0000000000000003:1 -> of:000000000000000b:5, of:000000000000000b:3 -> of:000000000000000d:2, of:000000000000000d:4 -> of:0000000000000006:1",1,1,1,0.0014776666666666666,-0.049213400000000004,0.0008866,0.05,0.0001,0
2,h12,h27,0,1.0,0.0019066666666666668,0.0023833333333333332,3.0,0.0,0.0,0.0,0.0,"of:0000000000000003:1 -> of:000000000000000b:5, of:000000000000000b:2 -> of:000000000000000c:2, of:000000000000000c:5 -> of:0000000000000005:1",1,1,1,0.0014776666666666666,-0.049213400000000004,0.0008866,0.05,0.0001,0
2,h12,h29,0,1.0,0.0019066666666666668,0.0023833333333333332,3.0,0.0,0.0,0.0,0.0,"of:0000000000000003:1 -> of:000000000000000b:5, of:000000000000000b:3 -> of:000000000000000d:2, of:000000000000000d:4 -> of:0000000000000006:1",1,1,1,0.0014776666666666666,-0.049213400000000004,0.0008866,0.05,0.0001,0
2,h13,h27,0,1.0,0.0019066666666666668,0.0023833333333333332,3.0,0.0,0.0,0.0,0.0,"of:0000000000000003:1 -> of:000000000000000b:5, of:000000000000000b:2 -> of:000000000000000c:2, of:000000000000000c:5 -> of:0000000000000005:1",1,1,1,0.0014776666666666666,-0.049213400000000004,0.0008866,0.05,0.0001,0
2,h13,h29,0,1.0,0.0019066666666666668,0.0023833333333333332,3.0,0.0,0.0,0.0,0.0,"of:0000000000000003:1 -> of:000000000000000b:5, of:000000000000000b:3 -> of:000000000000000d:2, of:000000000000000d:4 -> of:0000000000000006:1",1,1,1,0.0014776666666666666,-0.049213400000000004,0.0008866,0.05,0.0001,0
2,h14,h27,0,1.0,0.0019066666666666668,0.0023833333333333332,3.0,0.0,0.0,0.0,0.0,"of:0000000000000003:1 -> of:000000000000000b:5, of:000000000000000b:2 -> of:000000000000000c:2, of:000000000000000c:5 -> of:0000000000000005:1",1,1,1,0.0014776666666666666,-0.049213400000000004,0.0008866,0.05,0.0001,0
2,h14,h29,0,1.0,0.0019066666666666668,0.0023833333333333332,3.0,0.0,0.0,0.0,0.0,"of:0000000000000003:1 -> of:000000000000000b:5, of:000000000000000b:3 -> of:000000000000000d:2, of:000000000000000d:4 -> of:0000000000000006:1",1,1,1,0.0014776666666666666,-0.049213400000000004,0.0008866,0.05,0.0001,0
2,h15,h29,0,1.0,0.0019066666666666668,0.0023833333333333332,3.0,0.0,0.0,0.0,0.0,"of:0000000000000003:1 -> of:000000000000000b:5, of:000000000000000b:3 -> of:000000000000000d:2, of:000000000000000d:4 -> of:0000000000000006:1",1,1,1,0.0014776666666666666,-0.049213400000000004,0.0008866,0.05,0.0001,0
2,h2,h27,0,1.0,0.001,0.00125,3.0,0.0,0.0,0.0,0.0,"of:0000000000000002:1 -> of:000000000000000b:4, of:000000000000000b:2 -> of:000000000000000c:2, of:000000000000000c:5 -> of:0000000000000005:1",1,1,1,0.0007750000000000001,-0.049635000000000006,0.000465,0.05,0.0001,0
2,h22,h29,0,1.0,0.001,0.00125,3.0,0.0,0.0,0.0,0.0,"of:0000000000000005:1 -> of:000000000000000c:5, of:000000000000000c:3 -> of:000000000000000d:3, of:000000000000000d:4 -> of:0000000000000006:1",1,1,1,0.0007750000000000001,-0.049635000000000006,0.000465,0.05,0.0001,0
2,h23,h29,0,1.0,0.001,0.00125,3.0,0.0,0.0,0.0,0.0,"of:0000000000000005:1 -> of:000000000000000c:5, of:000000000000000c:3 -> of:000000000000000d:3, of:000000000000000d:4 -> of:0000000000000006:1",1,1,1,0.0007750000000000001,-0.049635000000000006,0.000465,0.05,0.0001,0
2,h24,h29,0,1.0,0.001,0.00125,3.0,0.0,0.0,0.0,0.0,"of:0000000000000005:1 -> of:000000000000000c:5, of:000000000000000c:3 -> of:000000000000000d:3, of:000000000000000d:4 -> of:0000000000000006:1",1,1,1,0.0007750000000000001,-0.049635000000000006,0.000465,0.05,0.0001,0
2,h25,h29,0,1.0,0.001,0.00125,3.0,0.0,0.0,0.0,0.0,"of:0000000000000005:1 -> of:000000000000000c:5, of:000000000000000c:3 -> of:000000000000000d:3, of:000000000000000d:4 -> of:0000000000000006:1",1,1,1,0.0007750000000000001,-0.049635000000000006,0.000465,0.05,0.0001,0
2,h26,h28,0,1.0,0.001,0.00125,3.0,0.0,0.0,0.0,0.0,"of:0000000000000005:1 -> of:000000000000000c:5, of:000000000000000c:3 -> of:000000000000000d:3, of:000000000000000d:4 -> of:0000000000000006:1",1,1,1,0.0007750000000000001,-0.049635000000000006,0.000465,0.05,0.0001,0
2,h26,h29,0,1.0,0.001,0.00125,3.0,0.0,0.0,0.0,0.0,"of:0000000000000005:1 -> of:000000000000000c:5, of:000000000000000c:3 -> of:000000000000000d:3, of:000000000000000d:4 -> of:0000000000000006:1",1,1,1,0.0007750000000000001,-0.049635000000000006,0.000465,0.05,0.0001,0
2,h26,h30,0,1.0,0.001,0.00125,3.0,0.0,0.7777777777777778,0.0,0.0,"of:0000000000000005:1 -> of:000000000000000c:5, of:000000000000000c:3 -> of:000000000000000d:3, of:000000000000000d:4 -> of:0000000000000006:1",1,1,1,0.07855277777777778,-0.0029683333333333406,0.04713166666666666,0.05,0.0001,1
2,h26,h31,0,1.0,0.001,0.00125,3.0,0.0,0.0,0.0,0.0,"of:0000000000000005:1 -> of:000000000000000c:5, of:000000000000000c:3 -> of:000000000000000d:3, of:000000000000000d:4 -> of:0000000000000006:1",1,1,1,0.0007750000000000001,-0.049635000000000006,0.000465,0.05,0.0001,0
2,h3,h27,0,1.0,0.001,0.00125,3.0,0.0,0.0,0.0,0.0,"of:0000000000000002:1 -> of:000000000000000b:4, of:000000000000000b:2 -> of:000000000000000c:2, of:000000000000000c:5 -> of:0000000000000005:1",1,1,1,0.0007750000000000001,-0.049635000000000006,0.000465,0.05,0.0001,0
2,h3,h29,0,1.0,0.001,0.00125,3.0,0.0,0.0,0.0,0.0,"of:0000000000000002:1 -> of:000000000000000b:4, of:000000000000000b:3 -> of:000000000000000d:2, of:000000000000000d:4 -> of:0000000000000006:1",1,1,1,0.0007750000000000001,-0.049635000000000006,0.000465,0.05,0.0001,0
2,h4,h27,0,1.0,0.001,0.00125,3.0,0.0,0.0,0.0,0.0,"of:0000000000000002:1 -> of:000000000000000b:4, of:000000000000000b:2 -> of:000000000000000c:2, of:000000000000000c:5 -> of:0000000000000005:1",1,1,1,0.0007750000000000001,-0.049635000000000006,0.000465,0.05,0.0001,0
2,h4,h29,0,1.0,0.001,0.00125,3.0,0.0,0.0,0.0,0.0,"of:0000000000000002:1 -> of:000000000000000b:4, of:000000000000000b:3 -> of:000000000000000d:2, of:000000000000000d:4 -> of:0000000000000006:1",1,1,1,0.0007750000000000001,-0.049635000000000006,0.000465,0.05,0.0001,0
2,h5,h27,0,1.0,0.001,0.00125,3.0,0.0,0.0,0.0,0.0,"of:0000000000000002:1 -> of:000000000000000b:4, of:000000000000000b:2 -> of:000000000000000c:2, of:000000000000000c:5 -> of:0000000000000005:1",1,1,1,0.0007750000000000001,-0.049635000000000006,0.000465,0.05,0.0001,0
2,h5,h29,0,1.0,0.001,0.00125,3.0,0.0,0.0,0.0,0.0,"of:0000000000000002:1 -> of:000000000000000b:4, of:000000000000000b:3 -> of:000000000000000d:2, of:000000000000000d:4 -> of:0000000000000006:1",1,1,1,0.0007750000000000001,-0.049635000000000006,0.000465,0.05,0.0001,0
2,h6,h27,0,1.0,0.001,0.00125,3.0,0.0,0.0,0.0,0.0,"of:0000000000000002:1 -> of:000000000000000b:4, of:000000000000000b:2 -> of:000000000000000c:2, of:000000000000000c:5 -> of:0000000000000005:1",1,1,1,0.0007750000000000001,-0.049635000000000006,0.000465,0.05,0.0001,0
2,h6,h29,0,1.0,0.001,0.00125,3.0,0.0,0.0,0.0,0.0,"of:0000000000000002:1 -> of:000000000000000b:4, of:000000000000000b:3 -> of:000000000000000d:2, of:000000000000000d:4 -> of:0000000000000006:1",1,1,1,0.0007750000000000001,-0.049635000000000006,0.000465,0.05,0.0001,0
2,h7,h27,0,1.0,0.001,0.00125,3.0,0.0,0.0,0.0,0.0,"of:0000000000000002:1 -> of:000000000000000b:4, of:000000000000000b:2 -> of:000000000000000c:2, of:000000000000000c:5 -> of:0000000000000005:1",1,1,1,0.0007750000000000001,-0.049635000000000006,0.000465,0.05,0.0001,0
2,h7,h29,0,1.0,0.001,0.00125,3.0,0.0,0.0,0.0,0.0,"of:0000000000000002:1 -> of:000000000000000b:4, of:000000000000000b:3 -> of:000000000000000d:2, of:000000000000000d:4 -> of:0000000000000006:1",1,1,1,0.0007750000000000001,-0.049635000000000006,0.000465,0.05,0.0001,0
2,h8,h27,0,1.0,0.001,0.00125,3.0,0.0,0.0,0.0,0.0,"of:0000000000000002:1 -> of:000000000000000b:4, of:000000000000000b:2 -> of:000000000000000c:2, of:000000000000000c:5 -> of:0000000000000005:1",1,1,1,0.0007750000000000001,-0.049635000000000006,0.000465,0.05,0.0001,0
2,h8,h29,0,1.0,0.001,0.00125,3.0,0.0,0.0,0.0,0.0,"of:0000000000000002:1 -> of:000000000000000b:4, of:000000000000000b:3 -> of:000000000000000d:2, of:000000000000000d:4 -> of:0000000000000006:1",1,1,1,0.0007750000000000001,-0.049635000000000006,0.000465,0.05,0.0001,0
2,h9,h27,0,1.0,0.0019066666666666668,0.0023833333333333332,3.0,0.0,0.0,0.0,0.0,"of:0000000000000003:1 -> of:000000000000000b:5, of:000000000000000b:2 -> of:000000000000000c:2, of:000000000000000c:5 -> of:0000000000000005:1",1,1,1,0.0014776666666666666,-0.049213400000000004,0.0008866,0.05,0.0001,0
2,h9,h29,0,1.0,0.0019066666666666668,0.0023833333333333332,3.0,0.0,0.0,0.0,0.0,"of:0000000000000003:1 -> of:000000000000000b:5, of:000000000000000b:3 -> of:000000000000000d:2, of:000000000000000d:4 -> of:0000000000000006:1",1,1,1,0.0014776666666666666,-0.049213400000000004,0.0008866,0.05,0.0001,0
3,h1,h10,0,0.13333333333333333,0.0019066666666666668,0.0023833333333333332,2.0,0.0,0.0,0.0,0.0,"of:0000000000000003:1 -> of:000000000000000b:5, of:000000000000000b:1 -> of:0000000000000001:1",1,1,1,0.0014776666666666666,-0.049981786666666674,0.00011821333333333332,0.05,0.0001,0
3,h1,h2,0,0.06666666666666667,0.001,0.00125,2.0,0.0,0.0,0.0,0.0,"of:0000000000000002:1 -> of:000000000000000b:4, of:000000000000000b:1 -> of:0000000000000001:1",1,1,1,0.0007750000000000001,-0.050069,3.1e-05,0.05,0.0001,0
3,h1,h3,0,0.06666666666666667,0.001,0.00125,2.0,0.0,0.0,0.0,0.0,"of:0000000000000002:1 -> of:000000000000000b:4, of:000000000000000b:1 -> of:0000000000000001:1",1,1,1,0.0007750000000000001,-0.050069,3.1e-05,0.05,0.0001,0
3,h1,h4,0,0.06666666666666667,0.001,0.00125,2.0,0.0,0.0,0.0,0.0,"of:0000000000000002:1 -> of:000000000000000b:4, of:000000000000000b:1 -> of:0000000000000001:1",1,1,1,0.0007750000000000001,-0.050069,3.1e-05,0.05,0.0001,0
3,h1,h40,0,1.0,0.001,0.00125,2.0,0.0,0.0,0.0,0.0,"of:0000000000000007:1 -> of:000000000000000d:5, of:000000000000000d:1 -> of:0000000000000001:3",1,1,1,0.0007750000000000001,-0.049635000000000006,0.000465,0.05,0.0001,0
3,h1,h5,0,0.06666666666666667,0.001,0.00125,2.0,0.0,0.0,0.0,0.0,"of:0000000000000002:1 -> of:000000000000000b:4, of:000000000000000b:1 -> of:0000000000000001:1",1,1,1,0.0007750000000000001,-0.050069,3.1e-05,0.05,0.0001,0
3,h1,h6,0,0.06666666666666667,0.001,0.00125,2.0,0.0,0.0,0.0,0.0,"of:0000000000000002:1 -> of:000000000000000b:4, of:000000000000000b:1 -> of:0000000000000001:1",1,1,1,0.0007750000000000001,-0.050069,3.1e-05,0.05,0.0001,0
3,h1,h7,0,0.2,0.001,0.00125,2.0,0.0,0.0,0.0,0.0,"of:0000000000000002:1 -> of:000000000000000b:4, of:000000000000000b:1 -> of:0000000000000001:1",1,1,1,0.0007750000000000001,-0.050007,9.300000000000001e-05,0.05,0.0001,0
3,h1,h8,0,0.06666666666666667,0.001,0.00125,2.0,0.0,0.0,0.0,0.0,"of:0000000000000002:1 -> of:000000000000000b:4, of:000000000000000b:1 -> of:0000000000000001:1",1,1,1,0.0007750000000000001,-0.050069,3.1e-05,0.05,0.0001,0
3,h1,h9,0,0.06666666666666667,0.0019066666666666668,0.0023833333333333332,2.0,0.0,0.0,0.0,0.0,"of:0000000000000003:1 -> of:000000000000000b:5, of:000000000000000b:1 -> of:0000000000000001:1",1,1,1,0.0014776666666666666,-0.050040893333333336,5.910666666666666e-05,0.05,0.0001,0
3,h10,h29,0,1.0,0.0019066666666666668,0.0023833333333333332,3.0,0.0,0.0,0.0,0.0,"of:0000000000000003:1 -> of:000000000000000b:5, of:000000000000000b:3 -> of:000000000000000d:2, of:000000000000000d:4 -> of:0000000000000006:1",1,1,1,0.0014776666666666666,-0.049213400000000004,0.0008866,0.05,0.0001,0
3,h10,h40,0,1.0,0.0019066666666666668,0.0023833333333333332,3.0,0.0,0.0,0.0,0.0,"of:0000000000000003:1 -> of:000000000000000b:5, of:000000000000000b:3 -> of:000000000000000d:2, of:000000000000000d:5 -> of:0000000000000007:1",1,1,1,0.0014776666666666666,-0.049213400000000004,0.0008866,0.05,0.0001,0
3,h11,h29,0,1.0,0.0019066666666666668,0.0023833333333333332,3.0,0.0,0.0,0.0,0.0,"of:0000000000000003:1 -> of:000000000000000b:5, of:000000000000000b:3 -> of:000000000000000d:2, of:000000000000000d:4 -> of:0000000000000006:1",1,1,1,0.0014776666666666666,-0.049213400000000004,0.0008866,0.05,0.0001,0
3,h11,h40,0,1.0,0.0019066666666666668,0.0023833333333333332,3.0,0.0,0.0,0.0,0.0,"of:0000000000000003:1 -> of:000000000000000b:5, of:000000000000000b:3 -> of:000000000000000d:2, of:000000000000000d:5 -> of:0000000000000007:1",1,1,1,0.0014776666666666666,-0.049213400000000004,0.0008866,0.05,0.0001,0
3,h12,h29,0,1.0,0.0019066666666666668,0.0023833333333333332,3.0,0.0,0.0,0.0,0.0,"of:0000000000000003:1 -> of:000000000000000b:5, of:000000000000000b:3 -> of:000000000000000d:2, of:000000000000000d:4 -> of:0000000000000006:1",1,1,1,0.0014776666666666666,-0.049213400000000004,0.0008866,0.05,0.0001,0
3,h12,h39,0,1.0,0.0019066666666666668,0.0023833333333333332,3.0,0.0,0.2222222222222222,0.0,0.0,"of:0000000000000003:1 -> of:000000000000000b:5, of:000000000000000b:3 -> of:000000000000000d:2, of:000000000000000d:5 -> of:0000000000000007:1",1,1,1,0.02369988888888889,-0.035880066666666675,0.014219933333333332,0.05,0.0001,0
3,h12,h40,0,1.0,0.0019066666666666668,0.0023833333333333332,3.0,0.0,0.0,0.0,0.0,"of:0000000000000003:1 -> of:000000000000000b:5, of:000000000000000b:3 -> of:000000000000000d:2, of:000000000000000d:5 -> of:0000000000000007:1",1,1,1,0.0014776666666666666,-0.049213400000000004,0.0008866,0.05,0.0001,0
3,h13,h29,0,1.0,0.0019066666666666668,0.0023833333333333332,3.0,0.0,0.0,0.0,0.0,"of:0000000000000003:1 -> of:000000000000000b:5, of:000000000000000b:3 -> of:000000000000000d:2, of:000000000000000d:4 -> of:0000000000000006:1",1,1,1,0.0014776666666666666,-0.049213400000000004,0.0008866,0.05,0.0001,0
3,h13,h39,0,1.0,0.0019066666666666668,0.0023833333333333332,3.0,0.0,0.2222222222222222,0.0,0.0,"of:0000000000000003:1 -> of:000000000000000b:5, of:000000000000000b:3 -> of:000000000000000d:2, of:000000000000000d:5 -> of:0000000000000007:1",1,1,1,0.02369988888888889,-0.035880066666666675,0.014219933333333332,0.05,0.0001,0
3,h13,h40,0,1.0,0.0019066666666666668,0.0023833333333333332,3.0,0.0,0.0,0.0,0.0,"of:0000000000000003:1 -> of:000000000000000b:5, of:000000000000000b:3 -> of:000000000000000d:2, of:000000000000000d:5 -> of:0000000000000007:1",1,1,1,0.0014776666666666666,-0.049213400000000004,0.0008866,0.05,0.0001,0
3,h14,h29,0,1.0,0.0019066666666666668,0.0023833333333333332,3.0,0.0,0.0,0.0,0.0,"of:0000000000000003:1 -> of:000000000000000b:5, of:000000000000000b:3 -> of:000000000000000d:2, of:000000000000000d:4 -> of:0000000000000006:1",1,1,1,0.0014776666666666666,-0.049213400000000004,0.0008866,0.05,0.0001,0
3,h14,h39,0,1.0,0.0019066666666666668,0.0023833333333333332,3.0,0.0,0.2222222222222222,0.0,0.0,"of:0000000000000003:1 -> of:000000000000000b:5, of:000000000000000b:3 -> of:000000000000000d:2, of:000000000000000d:5 -> of:0000000000000007:1",1,1,1,0.02369988888888889,-0.035880066666666675,0.014219933333333332,0.05,0.0001,0
3,h14,h40,0,1.0,0.0019066666666666668,0.0023833333333333332,3.0,0.0,0.0,0.0,0.0,"of:0000000000000003:1 -> of:000000000000000b:5, of:000000000000000b:3 -> of:000000000000000d:2, of:000000000000000d:5 -> of:0000000000000007:1",1,1,1,0.0014776666666666666,-0.049213400000000004,0.0008866,0.05,0.0001,0
3,h15,h29,0,1.0,0.0019066666666666668,0.0023833333333333332,3.0,0.0,0.0,0.0,0.0,"of:0000000000000003:1 -> of:000000000000000b:5, of:000000000000000b:3 -> of:000000000000000d:2, of:000000000000000d:4 -> of:0000000000000006:1",1,1,1,0.0014776666666666666,-0.049213400000000004,0.0008866,0.05,0.0001,0
3,h15,h39,0,1.0,0.0019066666666666668,0.0023833333333333332,3.0,0.0,0.2222222222222222,0.0,0.0,"of:0000000000000003:1 -> of:000000000000000b:5, of:000000000000000b:3 -> of:000000000000000d:2, of:000000000000000d:5 -> of:0000000000000007:1",1,1,1,0.02369988888888889,-0.035880066666666675,0.014219933333333332,0.05,0.0001,0
3,h15,h40,0,1.0,0.0019066666666666668,0.0023833333333333332,3.0,0.0,0.0,0.0,0.0,"of:0000000000000003:1 -> of:000000000000000b:5, of:000000000000000b:3 -> of:000000000000000d:2, of:000000000000000d:5 -> of:0000000000000007:1",1,1,1,0.0014776666666666666,-0.049213400000000004,0.0008866,0.05,0.0001,0
3,h16,h39,0,1.0,0.001,0.00125,3.0,0.0,0.2222222222222222,0.0,0.0,"of:0000000000000004:1 -> of:000000000000000c:4, of:000000000000000c:3 -> of:000000000000000d:3, of:000000000000000d:5 -> of:0000000000000007:1",1,1,1,0.022997222222222224,-0.03630166666666667,0.013798333333333334,0.05,0.0001,0
3,h16,h40,0,1.0,0.001,0.00125,3.0,0.0,0.0,0.0,0.0,"of:0000000000000004:1 -> of:000000000000000c:4, of:000000000000000c:3 -> of:000000000000000d:3, of:000000000000000d:5 -> of:0000000000000007:1",1,1,1,0.0007750000000000001,-0.049635000000000006,0.000465,0.05,0.0001,0
3,h17,h39,0,1.0,0.001,0.00125,3.0,0.0,0.2222222222222222,0.0,0.0,"of:0000000000000004:1 -> of:000000000000000c:4, of:000000000000000c:3 -> of:000000000000000d:3, of:000000000000000d:5 -> of:0000000000000007:1",1,1,1,0.022997222222222224,-0.03630166666666667,0.013798333333333334,0.05,0.0001,0
3,h17,h40,0,1.0,0.001,0.00125,3.0,0.0,0.0,0.0,0.0,"of:0000000000000004:1 -> of:000000000000000c:4, of:000000000000000c:3 -> of:000000000000000d:3, of:000000000000000d:5 -> of:0000000000000007:1",1,1,1,0.0007750000000000001,-0.049635000000000006,0.000465,0.05,0.0001,0
3,h18,h39,0,1.0,0.001,0.00125,3.0,0.0,0.2222222222222222,0.0,0.0,"of:0000000000000004:1 -> of:000000000000000c:4, of:000000000000000c:3 -> of:000000000000000d:3, of:000000000000000d:5 -> of:0000000000000007:1",1,1,1,0.022997222222222224,-0.03630166666666667,0.013798333333333334,0.05,0.0001,0
3,h18,h40,0,1.0,0.001,0.00125,3.0,0.0,0.0,0.0,0.0,"of:0000000000000004:1 -> of:000000000000000c:4, of:000000000000000c:3 -> of:000000000000000d:3, of:000000000000000d:5 -> of:0000000000000007:1",1,1,1,0.0007750000000000001,-0.049635000000000006,0.000465,0.05,0.0001,0
3,h19,h39,0,1.0,0.001,0.00125,3.0,0.0,0.2222222222222222,0.0,0.0,"of:0000000000000004:1 -> of:000000000000000c:4, of:000000000000000c:3 -> of:000000000000000d:3, of:000000000000000d:5 -> of:0000000000000007:1",1,1,1,0.022997222222222224,-0.03630166666666667,0.013798333333333334,0.05,0.0001,0
3,h19,h40,0,1.0,0.001,0.00125,3.0,0.0,0.0,0.0,0.0,"of:0000000000000004:1 -> of:000000000000000c:4, of:000000000000000c:3 -> of:000000000000000d:3, of:000000000000000d:5 -> of:0000000000000007:1",1,1,1,0.0007750000000000001,-0.049635000000000006,0.000465,0.05,0.0001,0
3,h2,h40,0,1.0,0.001,0.00125,3.0,0.0,0.0,0.0,0.0,"of:0000000000000002:1 -> of:000000000000000b:4, of:000000000000000b:3 -> of:000000000000000d:2, of:000000000000000d:5 -> of:0000000000000007:1",1,1,1,0.0007750000000000001,-0.049635000000000006,0.000465,0.05,0.0001,0
3,h20,h39,0,1.0,0.001,0.00125,3.0,0.0,0.2222222222222222,0.0,0.0,"of:0000000000000004:1 -> of:000000000000000c:4, of:000000000000000c:3 -> of:000000000000000d:3, of:000000000000000d:5 -> of:0000000000000007:1",1,1,1,0.022997222222222224,-0.03630166666666667,0.013798333333333334,0.05,0.0001,0
3,h20,h40,0,1.0,0.001,0.00125,3.0,0.0,0.0,0.0,0.0,"of:0000000000000004:1 -> of:000000000000000c:4, of:000000000000000c:3 -> of:000000000000000d:3, of:000000000000000d:5 -> of:0000000000000007:1",1,1,1,0.0007750000000000001,-0.049635000000000006,0.000465,0.05,0.0001,0
3,h21,h39,0,1.0,0.001,0.00125,3.0,0.0,0.2222222222222222,0.0,0.0,"of:0000000000000004:1 -> of:000000000000000c:4, of:000000000000000c:3 -> of:000000000000000d:3, of:000000000000000d:5 -> of:0000000000000007:1",1,1,1,0.022997222222222224,-0.03630166666666667,0.013798333333333334,0.05,0.0001,0
3,h21,h40,0,1.0,0.001,0.00125,3.0,0.0,0.0,0.0,0.0,"of:0000000000000004:1 -> of:000000000000000c:4, of:000000000000000c:3 -> of:000000000000000d:3, of:000000000000000d:5 -> of:0000000000000007:1",1,1,1,0.0007750000000000001,-0.049635000000000006,0.000465,0.05,0.0001,0
3,h22,h29,0,1.0,0.001,0.00125,3.0,0.0,0.0,0.0,0.0,"of:0000000000000005:1 -> of:000000000000000c:5, of:000000000000000c:3 -> of:000000000000000d:3, of:000000000000000d:4 -> of:0000000000000006:1",1,1,1,0.0007750000000000001,-0.049635000000000006,0.000465,0.05,0.0001,0
3,h22,h39,0,1.0,0.001,0.00125,3.0,0.0,0.2222222222222222,0.0,0.0,"of:0000000000000005:1 -> of:000000000000000c:5, of:000000000000000c:3 -> of:000000000000000d:3, of:000000000000000d:5 -> of:0000000000000007:1",1,1,1,0.022997222222222224,-0.03630166666666667,0.013798333333333334,0.05,0.0001,0
3,h22,h40,0,1.0,0.001,0.00125,3.0,0.0,0.0,0.0,0.0,"of:0000000000000005:1 -> of:000000000000000c:5, of:000000000000000c:3 -> of:000000000000000d:3, of:000000000000000d:5 -> of:0000000000000007:1",1,1,1,0.0007750000000000001,-0.049635000000000006,0.000465,0.05,0.0001,0
3,h23,h29,0,1.0,0.001,0.00125,3.0,0.0,0.0,0.0,0.0,"of:0000000000000005:1 -> of:000000000000000c:5, of:000000000000000c:3 -> of:000000000000000d:3, of:000000000000000d:4 -> of:0000000000000006:1",1,1,1,0.0007750000000000001,-0.049635000000000006,0.000465,0.05,0.0001,0
3,h23,h39,0,1.0,0.001,0.00125,3.0,0.0,0.2222222222222222,0.0,0.0,"of:0000000000000005:1 -> of:000000000000000c:5, of:000000000000000c:3 -> of:000000000000000d:3, of:000000000000000d:5 -> of:0000000000000007:1",1,1,1,0.022997222222222224,-0.03630166666666667,0.013798333333333334,0.05,0.0001,0
3,h23,h40,0,1.0,0.001,0.00125,3.0,0.0,0.0,0.0,0.0,"of:0000000000000005:1 -> of:000000000000000c:5, of:000000000000000c:3 -> of:000000000000000d:3, of:000000000000000d:5 -> of:0000000000000007:1",1,1,1,0.0007750000000000001,-0.049635000000000006,0.000465,0.05,0.0001,0
3,h24,h29,0,1.0,0.001,0.00125,3.0,0.0,0.0,0.0,0.0,"of:0000000000000005:1 -> of:000000000000000c:5, of:000000000000000c:3 -> of:000000000000000d:3, of:000000000000000d:4 -> of:0000000000000006:1",1,1,1,0.0007750000000000001,-0.049635000000000006,0.000465,0.05,0.0001,0
3,h24,h39,0,1.0,0.001,0.00125,3.0,0.0,0.2222222222222222,0.0,0.0,"of:0000000000000005:1 -> of:000000000000000c:5, of:000000000000000c:3 -> of:000000000000000d:3, of:000000000000000d:5 -> of:0000000000000007:1",1,1,1,0.022997222222222224,-0.03630166666666667,0.013798333333333334,0.05,0.0001,0
3,h24,h40,0,1.0,0.001,0.00125,3.0,0.0,0.0,0.0,0.0,"of:0000000000000005:1 -> of:000000000000000c:5, of:000000000000000c:3 -> of:000000000000000d:3, of:000000000000000d:5 -> of:0000000000000007:1",1,1,1,0.0007750000000000001,-0.049635000000000006,0.000465,0.05,0.0001,0
3,h25,h29,0,1.0,0.001,0.00125,3.0,0.0,0.0,0.0,0.0,"of:0000000000000005:1 -> of:000000000000000c:5, of:000000000000000c:3 -> of:000000000000000d:3, of:000000000000000d:4 -> of:0000000000000006:1",1,1,1,0.0007750000000000001,-0.049635000000000006,0.000465,0.05,0.0001,0
3,h25,h39,0,1.0,0.001,0.00125,3.0,0.0,0.2222222222222222,0.0,0.0,"of:0000000000000005:1 -> of:000000000000000c:5, of:000000000000000c:3 -> of:000000000000000d:3, of:000000000000000d:5 -> of:0000000000000007:1",1,1,1,0.022997222222222224,-0.03630166666666667,0.013798333333333334,0.05,0.0001,0
3,h25,h40,0,1.0,0.001,0.00125,3.0,0.0,0.0,0.0,0.0,"of:0000000000000005:1 -> of:000000000000000c:5, of:000000000000000c:3 -> of:000000000000000d:3, of:000000000000000d:5 -> of:0000000000000007:1",1,1,1,0.0007750000000000001,-0.049635000000000006,0.000465,0.05,0.0001,0
3,h26,h29,0,1.0,0.001,0.00125,3.0,0.0,0.0,0.0,0.0,"of:0000000000000005:1 -> of:000000000000000c:5, of:000000000000000c:3 -> of:000000000000000d:3, of:000000000000000d:4 -> of:0000000000000006:1",1,1,1,0.0007750000000000001,-0.049635000000000006,0.000465,0.05,0.0001,0
3,h26,h39,0,1.0,0.001,0.00125,3.0,0.0,0.2222222222222222,0.0,0.0,"of:0000000000000005:1 -> of:000000000000000c:5, of:000000000000000c:3 -> of:000000000000000d:3, of:000000000000000d:5 -> of:0000000000000007:1",1,1,1,0.022997222222222224,-0.03630166666666667,0.013798333333333334,0.05,0.0001,0
3,h26,h40,0,1.0,0.001,0.00125,3.0,0.0,0.0,0.0,0.0,"of:0000000000000005:1 -> of:000000000000000c:5, of:000000000000000c:3 -> of:000000000000000d:3, of:000000000000000d:5 -> of:0000000000000007:1",1,1,1,0.0007750000000000001,-0.049635000000000006,0.000465,0.05,0.0001,0
3,h27,h29,0,1.0,0.001,0.00125,3.0,0.0,0.0,0.0,0.0,"of:0000000000000005:1 -> of:000000000000000c:5, of:000000000000000c:3 -> of:000000000000000d:3, of:000000000000000d:4 -> of:0000000000000006:1",1,1,1,0.0007750000000000001,-0.049635000000000006,0.000465,0.05,0.0001,0
3,h27,h39,0,1.0,0.001,0.00125,3.0,0.0,0.2222222222222222,0.0,0.0,"of:0000000000000005:1 -> of:000000000000000c:5, of:000000000000000c:3 -> of:000000000000000d:3, of:000000000000000d:5 -> of:0000000000000007:1",1,1,1,0.022997222222222224,-0.03630166666666667,0.013798333333333334,0.05,0.0001,0
3,h27,h40,0,1.0,0.001,0.00125,3.0,0.0,0.0,0.0,0.0,"of:0000000000000005:1 -> of:000000000000000c:5, of:000000000000000c:3 -> of:000000000000000d:3, of:000000000000000d:5 -> of:0000000000000007:1",1,1,1,0.0007750000000000001,-0.049635000000000006,0.000465,0.05,0.0001,0
3,h28,h39,0,1.0,0.001,0.00125,2.0,0.0,0.2222222222222222,0.0,0.0,"of:0000000000000006:1 -> of:000000000000000d:4, of:000000000000000d:5 -> of:0000000000000007:1",1,1,1,0.022997222222222224,-0.03630166666666667,0.013798333333333334,0.05,0.0001,0
3,h28,h40,0,1.0,0.001,0.00125,2.0,0.0,0.0,0.0,0.0,"of:0000000000000006:1 -> of:000000000000000d:4, of:000000000000000d:5 -> of:0000000000000007:1",1,1,1,0.0007750000000000001,-0.049635000000000006,0.000465,0.05,0.0001,0
3,h29,h39,0,1.0,0.001,0.00125,2.0,0.0,0.2222222222222222,0.0,0.0,"of:0000000000000006:1 -> of:000000000000000d:4, of:000000000000000d:5 -> of:0000000000000007:1",1,1,1,0.022997222222222224,-0.03630166666666667,0.013798333333333334,0.05,0.0001,0
3,h29,h40,0,1.0,0.001,0.00125,2.0,0.0,0.0,0.0,0.0,"of:0000000000000006:1 -> of:000000000000000d:4, of:000000000000000d:5 -> of:0000000000000007:1",1,1,1,0.0007750000000000001,-0.049635000000000006,0.000465,0.05,0.0001,0
3,h3,h29,0,1.0,0.001,0.00125,3.0,0.0,0.0,0.0,0.0,"of:0000000000000002:1 -> of:000000000000000b:4, of:000000000000000b:3 -> of:000000000000000d:2, of:000000000000000d:4 -> of:0000000000000006:1",1,1,1,0.0007750000000000001,-0.049635000000000006,0.000465,0.05,0.0001,0
3,h3,h40,0,1.0,0.001,0.00125,3.0,0.0,0.0,0.0,0.0,"of:0000000000000002:1 -> of:000000000000000b:4, of:000000000000000b:3 -> of:000000000000000d:2, of:000000000000000d:5 -> of:0000000000000007:1",1,1,1,0.0007750000000000001,-0.049635000000000006,0.000465,0.05,0.0001,0
3,h30,h39,0,1.0,0.001,0.00125,2.0,0.0,0.7777777777777778,0.0,0.0,"of:0000000000000006:1 -> of:000000000000000d:4, of:000000000000000d:5 -> of:0000000000000007:1",1,1,1,0.07855277777777778,-0.0029683333333333406,0.04713166666666666,0.05,0.0001,0
3,h30,h40,0,1.0,0.001,0.00125,2.0,0.0,0.7777777777777778,0.0,0.0,"of:0000000000000006:1 -> of:000000000000000d:4, of:000000000000000d:5 -> of:0000000000000007:1",1,1,1,0.07855277777777778,-0.0029683333333333406,0.04713166666666666,0.05,0.0001,0
3,h31,h39,0,1.0,0.001,0.00125,2.0,0.0,0.2222222222222222,0.0,0.0,"of:0000000000000006:1 -> of:000000000000000d:4, of:000000000000000d:5 -> of:0000000000000007:1",1,1,1,0.022997222222222224,-0.03630166666666667,0.013798333333333334,0.05,0.0001,0
3,h31,h40,0,1.0,0.001,0.00125,2.0,0.0,0.0,0.0,0.0,"of:0000000000000006:1 -> of:000000000000000d:4, of:000000000000000d:5 -> of:0000000000000007:1",1,1,1,0.0007750000000000001,-0.049635000000000006,0.000465,0.05,0.0001,0
3,h32,h39,0,1.0,0.001,0.00125,2.0,0.0,0.4444444444444444,0.0,0.0,"of:0000000000000006:1 -> of:000000000000000d:4, of:000000000000000d:5 -> of:0000000000000007:1",1,1,1,0.045219444444444444,-0.022968333333333337,0.027131666666666665,0.05,0.0001,0
3,h32,h40,0,1.0,0.001,0.00125,2.0,0.0,0.4444444444444444,0.0,0.0,"of:0000000000000006:1 -> of:000000000000000d:4, of:000000000000000d:5 -> of:0000000000000007:1",1,1,1,0.045219444444444444,-0.022968333333333337,0.027131666666666665,0.05,0.0001,0
3,h33,h39,0,1.0,0.001,0.00125,2.0,0.0,0.8888888888888888,0.0,0.0,"of:0000000000000006:1 -> of:000000000000000d:4, of:000000000000000d:5 -> of:0000000000000007:1",1,1,1,0.08966388888888889,0.0036983333333333273,0.05379833333333333,0.05,0.0001,1
3,h33,h40,0,1.0,0.001,0.00125,2.0,0.0,0.8888888888888888,0.0,0.0,"of:0000000000000006:1 -> of:000000000000000d:4, of:000000000000000d:5 -> of:0000000000000007:1",1,1,1,0.08966388888888889,0.0036983333333333273,0.05379833333333333,0.05,0.0001,1
3,h4,h29,0,1.0,0.001,0.00125,3.0,0.0,0.0,0.0,0.0,"of:0000000000000002:1 -> of:000000000000000b:4, of:000000000000000b:3 -> of:000000000000000d:2, of:000000000000000d:4 -> of:0000000000000006:1",1,1,1,0.0007750000000000001,-0.049635000000000006,0.000465,0.05,0.0001,0
3,h4,h39,0,1.0,0.001,0.00125,3.0,0.0,0.2222222222222222,0.0,0.0,"of:0000000000000002:1 -> of:000000000000000b:4, of:000000000000000b:3 -> of:000000000000000d:2, of:000000000000000d:5 -> of:0000000000000007:1",1,1,1,0.022997222222222224,-0.03630166666666667,0.013798333333333334,0.05,0.0001,0
3,h4,h40,0,1.0,0.001,0.00125,3.0,0.0,0.0,0.0,0.0,"of:0000000000000002:1 -> of:000000000000000b:4, of:000000000000000b:3 -> of:000000000000000d:2, of:000000000000000d:5 -> of:0000000000000007:1",1,1,1,0.0007750000000000001,-0.049635000000000006,0.000465,0.05,0.0001,0
3,h5,h29,0,1.0,0.001,0.00125,3.0,0.0,0.0,0.0,0.0,"of:0000000000000002:1 -> of:000000000000000b:4, of:000000000000000b:3 -> of:000000000000000d:2, of:000000000000000d:4 -> of:0000000000000006:1",1,1,1,0.0007750000000000001,-0.049635000000000006,0.000465,0.05,0.0001,0
3,h5,h39,0,1.0,0.001,0.00125,3.0,0.0,0.2222222222222222,0.0,0.0,"of:0000000000000002:1 -> of:000000000000000b:4, of:000000000000000b:3 -> of:000000000000000d:2, of:000000000000000d:5 -> of:0000000000000007:1",1,1,1,0.022997222222222224,-0.03630166666666667,0.013798333333333334,0.05,0.0001,0
3,h5,h40,0,1.0,0.001,0.00125,3.0,0.0,0.0,0.0,0.0,"of:0000000000000002:1 -> of:000000000000000b:4, of:000000000000000b:3 -> of:000000000000000d:2, of:000000000000000d:5 -> of:0000000000000007:1",1,1,1,0.0007750000000000001,-0.049635000000000006,0.000465,0.05,0.0001,0
3,h6,h29,0,1.0,0.001,0.00125,3.0,0.0,0.0,0.0,0.0,"of:0000000000000002:1 -> of:000000000000000b:4, of:000000000000000b:3 -> of:000000000000000d:2, of:000000000000000d:4 -> of:0000000000000006:1",1,1,1,0.0007750000000000001,-0.049635000000000006,0.000465,0.05,0.0001,0
3,h6,h39,0,1.0,0.001,0.00125,3.0,0.0,0.2222222222222222,0.0,0.0,"of:0000000000000002:1 -> of:000000000000000b:4, of:000000000000000b:3 -> of:000000000000000d:2, of:000000000000000d:5 -> of:0000000000000007:1",1,1,1,0.022997222222222224,-0.03630166666666667,0.013798333333333334,0.05,0.0001,0
3,h6,h40,0,1.0,0.001,0.00125,3.0,0.0,0.0,0.0,0.0,"of:0000000000000002:1 -> of:000000000000000b:4, of:000000000000000b:3 -> of:000000000000000d:2, of:000000000000000d:5 -> of:0000000000000007:1",1,1,1,0.0007750000000000001,-0.049635000000000006,0.000465,0.05,0.0001,0
3,h7,h29,0,1.0,0.001,0.00125,3.0,0.0,0.0,0.0,0.0,"of:0000000000000002:1 -> of:000000000000000b:4, of:000000000000000b:3 -> of:000000000000000d:2, of:000000000000000d:4 -> of:0000000000000006:1",1,1,1,0.0007750000000000001,-0.049635000000000006,0.000465,0.05,0.0001,0
3,h7,h39,0,1.0,0.001,0.00125,3.0,0.0,0.2222222222222222,0.0,0.0,"of:0000000000000002:1 -> of:000000000000000b:4, of:000000000000000b:3 -> of:000000000000000d:2, of:000000000000000d:5 -> of:0000000000000007:1",1,1,1,0.022997222222222224,-0.03630166666666667,0.013798333333333334,0.05,0.0001,0
3,h7,h40,0,1.0,0.001,0.00125,3.0,0.0,0.0,0.0,0.0,"of:0000000000000002:1 -> of:000000000000000b:4, of:000000000000000b:3 -> of:000000000000000d:2, of:000000000000000d:5 -> of:0000000000000007:1",1,1,1,0.0007750000000000001,-0.049635000000000006,0.000465,0.05,0.0001,0
3,h8,h29,0,1.0,0.001,0.00125,3.0,0.0,0.0,0.0,0.0,"of:0000000000000002:1 -> of:000000000000000b:4, of:000000000000000b:3 -> of:000000000000000d:2, of:000000000000000d:4 -> of:0000000000000006:1",1,1,1,0.0007750000000000001,-0.049635000000000006,0.000465,0.05,0.0001,0
3,h8,h39,0,1.0,0.001,0.00125,3.0,0.0,0.2222222222222222,0.0,0.0,"of:0000000000000002:1 -> of:000000000000000b:4, of:000000000000000b:3 -> of:000000000000000d:2, of:000000000000000d:5 -> of:0000000000000007:1",1,1,1,0.022997222222222224,-0.03630166666666667,0.013798333333333334,0.05,0.0001,0
3,h8,h40,0,1.0,0.001,0.00125,3.0,0.0,0.0,0.0,0.0,"of:0000000000000002:1 -> of:000000000000000b:4, of:000000000000000b:3 -> of:000000000000000d:2, of:000000000000000d:5 -> of:0000000000000007:1",1,1,1,0.0007750000000000001,-0.049635000000000006,0.000465,0.05,0.0001,0
3,h9,h29,0,1.0,0.0019066666666666668,0.0023833333333333332,3.0,0.0,0.0,0.0,0.0,"of:0000000000000003:1 -> of:000000000000000b:5, of:000000000000000b:3 -> of:000000000000000d:2, of:000000000000000d:4 -> of:0000000000000006:1",1,1,1,0.0014776666666666666,-0.049213400000000004,0.0008866,0.05,0.0001,0
3,h9,h40,0,1.0,0.0019066666666666668,0.0023833333333333332,3.0,0.0,0.0,0.0,0.0,"of:0000000000000003:1 -> of:000000000000000b:5, of:000000000000000b:3 -> of:000000000000000d:2, of:000000000000000d:5 -> of:0000000000000007:1",1,1,1,0.0014776666666666666,-0.049213400000000004,0.0008866,0.05,0.0001,0
4,h1,h10,0,0.13333333333333333,0.0019066666666666668,0.0023833333333333332,2.0,0.0,0.0,0.0,0.0,"of:0000000000000003:1 -> of:000000000000000b:5, of:000000000000000b:1 -> of:0000000000000001:1",1,1,1,0.0014776666666666666,-0.049981786666666674,0.00011821333333333332,0.05,0.0001,1
4,h1,h2,0,0.06666666666666667,0.001,0.00125,2.0,0.0,0.0,0.0,0.0,"of:0000000000000002:1 -> of:000000000000000b:4, of:000000000000000b:1 -> of:0000000000000001:1",1,1,1,0.0007750000000000001,-0.050069,3.1e-05,0.05,0.0001,0
4,h1,h3,0,0.06666666666666667,0.001,0.00125,2.0,0.0,0.0,0.0,0.0,"of:0000000000000002:1 -> of:000000000000000b:4, of:000000000000000b:1 -> of:0000000000000001:1",1,1,1,0.0007750000000000001,-0.050069,3.1e-05,0.05,0.0001,0
4,h1,h4,0,0.06666666666666667,0.001,0.00125,2.0,0.0,0.0,0.0,0.0,"of:0000000000000002:1 -> of:000000000000000b:4, of:000000000000000b:1 -> of:0000000000000001:1",1,1,1,0.0007750000000000001,-0.050069,3.1e-05,0.05,0.0001,0
4,h1,h5,0,0.06666666666666667,0.001,0.00125,2.0,0.0,0.0,0.0,0.0,"of:0000000000000002:1 -> of:000000000000000b:4, of:000000000000000b:1 -> of:0000000000000001:1",1,1,1,0.0007750000000000001,-0.050069,3.1e-05,0.05,0.0001,0
4,h1,h6,0,0.06666666666666667,0.001,0.00125,2.0,0.0,0.0,0.0,0.0,"of:0000000000000002:1 -> of:000000000000000b:4, of:000000000000000b:1 -> of:0000000000000001:1",1,1,1,0.0007750000000000001,-0.050069,3.1e-05,0.05,0.0001,0
4,h1,h7,0,0.2,0.001,0.00125,2.0,0.0,0.0,0.0,0.0,"of:0000000000000002:1 -> of:000000000000000b:4, of:000000000000000b:1 -> of:0000000000000001:1",1,1,1,0.0007750000000000001,-0.050007,9.300000000000001e-05,0.05,0.0001,0
4,h1,h8,0,0.06666666666666667,0.001,0.00125,2.0,0.0,0.0,0.0,0.0,"of:0000000000000002:1 -> of:000000000000000b:4, of:000000000000000b:1 -> of:0000000000000001:1",1,1,1,0.0007750000000000001,-0.050069,3.1e-05,0.05,0.0001,0
4,h1,h9,0,0.06666666666666667,0.0019066666666666668,0.0023833333333333332,2.0,0.0,0.0,0.0,0.0,"of:0000000000000003:1 -> of:000000000000000b:5, of:000000000000000b:1 -> of:0000000000000001:1",1,1,1,0.0014776666666666666,-0.050040893333333336,5.910666666666666e-05,0.05,0.0001,0
5,h1,h10,8,0.06666666666666667,0.001,0.00125,4.0,0.6666666666666666,0.0,0.0,0.0,"of:0000000000000003:2 -> of:0000000000000008:3, of:0000000000000008:1 -> of:000000000000000b:6, of:000000000000000b:3 -> of:000000000000000d:2, of:000000000000000d:1 -> of:0000000000000001:3",1,1,1,0.0007750000000000001,-0.050069,3.1e-05,0.05,0.0001,0
5,h1,h2,0,0.06666666666666667,0.001,0.00125,2.0,0.0,0.0,0.0,0.0,"of:0000000000000002:1 -> of:000000000000000b:4, of:000000000000000b:1 -> of:0000000000000001:1",1,1,1,0.0007750000000000001,-0.050069,3.1e-05,0.05,0.0001,0
5,h1,h3,0,0.06666666666666667,0.001,0.00125,2.0,0.0,0.0,0.0,0.0,"of:0000000000000002:1 -> of:000000000000000b:4, of:000000000000000b:1 -> of:0000000000000001:1",1,1,1,0.0007750000000000001,-0.050069,3.1e-05,0.05,0.0001,0
5,h1,h4,0,0.06666666666666667,0.001,0.00125,2.0,0.0,0.0,0.0,0.0,"of:0000000000000002:1 -> of:000000000000000b:4, of:000000000000000b:1 -> of:0000000000000001:1",1,1,1,0.0007750000000000001,-0.050069,3.1e-05,0.05,0.0001,0
5,h1,h5,0,0.06666666666666667,0.001,0.00125,2.0,0.0,0.0,0.0,0.0,"of:0000000000000002:1 -> of:000000000000000b:4, of:000000000000000b:1 -> of:0000000000000001:1",1,1,1,0.0007750000000000001,-0.050069,3.1e-05,0.05,0.0001,0
5,h1,h6,0,0.06666666666666667,0.001,0.00125,2.0,0.0,0.0,0.0,0.0,"of:0000000000000002:1 -> of:000000000000000b:4, of:000000000000000b:1 -> of:0000000000000001:1",1,1,1,0.0007750000000000001,-0.050069,3.1e-05,0.05,0.0001,0
5,h1,h7,0,0.2,0.001,0.00125,2.0,0.0,0.0,0.0,0.0,"of:0000000000000002:1 -> of:000000000000000b:4, of:000000000000000b:1 -> of:0000000000000001:1",1,1,1,0.0007750000000000001,-0.050007,9.300000000000001e-05,0.05,0.0001,1
5,h1,h8,0,0.06666666666666667,0.001,0.00125,2.0,0.0,0.0,0.0,0.0,"of:0000000000000002:1 -> of:000000000000000b:4, of:000000000000000b:1 -> of:0000000000000001:1",1,1,1,0.0007750000000000001,-0.050069,3.1e-05,0.05,0.0001,0
5,h1,h9,0,0.06666666666666667,0.0019066666666666668,0.0023833333333333332,2.0,0.0,0.0,0.0,0.0,"of:0000000000000003:1 -> of:000000000000000b:5, of:000000000000000b:1 -> of:0000000000000001:1",1,1,1,0.0014776666666666666,-0.050040893333333336,5.910666666666666e-05,0.05,0.0001,0
6,h1,h10,8,0.06666666666666667,0.001,0.00125,4.0,0.6666666666666666,0.0,0.0,0.0,"of:0000000000000003:2 -> of:0000000000000008:3, of:0000000000000008:1 -> of:000000000000000b:6, of:000000000000000b:3 -> of:000000000000000d:2, of:000000000000000d:1 -> of:0000000000000001:3",1,1,1,0.0007750000000000001,-0.050069,3.1e-05,0.05,0.0001,0
6,h1,h2,0,0.06666666666666667,0.001,0.00125,2.0,0.0,0.0,0.0,0.0,"of:0000000000000002:1 -> of:000000000000000b:4, of:000000000000000b:1 -> of:0000000000000001:1",1,1,1,0.0007750000000000001,-0.050069,3.1e-05,0.05,0.0001,0
6,h1,h3,0,0.06666666666666667,0.001,0.00125,2.0,0.0,0.0,0.0,0.0,"of:0000000000000002:1 -> of:000000000000000b:4, of:000000000000000b:1 -> of:0000000000000001:1",1,1,1,0.0007750000000000001,-0.050069,3.1e-05,0.05,0.0001,0
6,h1,h4,0,0.06666666666666667,0.001,0.00125,2.0,0.0,0.0,0.0,0.0,"of:0000000000000002:1 -> of:000000000000000b:4, of:000000000000000b:1 -> of:0000000000000001:1",1,1,1,0.0007750000000000001,-0.050069,3.1e-05,0.05,0.0001,0
6,h1,h5,0,0.06666666666666667,0.001,0.00125,2.0,0.0,0.0,0.0,0.0,"of:0000000000000002:1 -> of:000000000000000b:4, of:000000000000000b:1 -> of:0000000000000001:1",1,1,1,0.0007750000000000001,-0.050069,3.1e-05,0.05,0.0001,0
6,h1,h6,0,0.06666666666666667,0.001,0.00125,2.0,0.0,0.0,0.0,0.0,"of:0000000000000002:1 -> of:000000000000000b:4, of:000000000000000b:1 -> of:0000000000000001:1",1,1,1,0.0007750000000000001,-0.050069,3.1e-05,0.05,0.0001,0
6,h1,h7,8,0.06666666666666667,0.001,0.00125,4.0,0.6666666666666666,0.0,0.0,0.0,"of:0000000000000002:2 -> of:0000000000000008:2, of:0000000000000008:1 -> of:000000000000000b:6, of:000000000000000b:3 -> of:000000000000000d:2, of:000000000000000d:1 -> of:0000000000000001:3",1,1,1,0.0007750000000000001,-0.050069,3.1e-05,0.05,0.0001,0
6,h1,h8,0,0.06666666666666667,0.001,0.00125,2.0,0.0,0.0,0.0,0.0,"of:0000000000000002:1 -> of:000000000000000b:4, of:000000000000000b:1 -> of:0000000000000001:1",1,1,1,0.0007750000000000001,-0.050069,3.1e-05,0.05,0.0001,0
6,h1,h9,0,0.06666666666666667,0.0019066666666666668,0.0023833333333333332,2.0,0.0,0.0,0.0,0.0,"of:0000000000000003:1 -> of:000000000000000b:5, of:000000000000000b:1 -> of:0000000000000001:1",1,1,1,0.0014776666666666666,-0.050040893333333336,5.910666666666666e-05,0.05,0.0001,1
7,h1,h10,8,0.06666666666666667,0.001,0.00125,4.0,0.6666666666666666,0.0,0.0,0.0,"of:0000000000000003:2 -> of:0000000000000008:3, of:0000000000000008:1 -> of:000000000000000b:6, of:000000000000000b:3 -> of:000000000000000d:2, of:000000000000000d:1 -> of:0000000000000001:3",1,1,1,0.0007750000000000001,-0.050069,3.1e-05,0.05,0.0001,0
7,h1,h2,0,0.06666666666666667,0.001,0.00125,2.0,0.0,0.0,0.0,0.0,"of:0000000000000002:1 -> of:000000000000000b:4, of:000000000000000b:1 -> of:0000000000000001:1",1,1,1,0.0007750000000000001,-0.050069,3.1e-05,0.05,0.0001,0
7,h1,h3,0,0.06666666666666667,0.001,0.00125,2.0,0.0,0.0,0.0,0.0,"of:0000000000000002:1 -> of:000000000000000b:4, of:000000000000000b:1 -> of:0000000000000001:1",1,1,1,0.0007750000000000001,-0.050069,3.1e-05,0.05,0.0001,0
7,h1,h4,0,0.06666666666666667,0.001,0.00125,2.0,0.0,0.0,0.0,0.0,"of:0000000000000002:1 -> of:000000000000000b:4, of:000000000000000b:1 -> of:0000000000000001:1",1,1,1,0.0007750000000000001,-0.050069,3.1e-05,0.05,0.0001,0
7,h1,h5,0,0.06666666666666667,0.001,0.00125,2.0,0.0,0.0,0.0,0.0,"of:0000000000000002:1 -> of:000000000000000b:4, of:000000000000000b:1 -> of:0000000000000001:1",1,1,1,0.0007750000000000001,-0.050069,3.1e-05,0.05,0.0001,0
7,h1,h6,0,0.06666666666666667,0.001,0.00125,2.0,0.0,0.0,0.0,0.0,"of:0000000000000002:1 -> of:000000000000000b:4, of:000000000000000b:1 -> of:0000000000000001:1",1,1,1,0.0007750000000000001,-0.050069,3.1e-05,0.05,0.0001,0
7,h1,h7,8,0.06666666666666667,0.001,0.00125,4.0,0.6666666666666666,0.0,0.0,0.0,"of:0000000000000002:2 -> of:0000000000000008:2, of:0000000000000008:1 -> of:000000000000000b:6, of:000000000000000b:3 -> of:000000000000000d:2, of:000000000000000d:1 -> of:0000000000000001:3",1,1,1,0.0007750000000000001,-0.050069,3.1e-05,0.05,0.0001,0
7,h1,h8,0,0.06666666666666667,0.001,0.00125,2.0,0.0,0.0,0.0,0.0,"of:0000000000000002:1 -> of:000000000000000b:4, of:000000000000000b:1 -> of:0000000000000001:1",1,1,1,0.0007750000000000001,-0.050069,3.1e-05,0.05,0.0001,0
7,h1,h9,3,0.06666666666666667,0.0019066666666666668,0.0023833333333333332,3.0,0.3333333333333333,0.0,0.0,0.0,"of:0000000000000003:1 -> of:000000000000000b:5, of:000000000000000b:3 -> of:000000000000000d:2, of:000000000000000d:1 -> of:0000000000000001:3",1,1,1,0.0014776666666666666,-0.050040893333333336,5.910666666666666e-05,0.05,0.0001,1
8,h1,h10,0,0.2,0.0019066666666666668,0.0023833333333333332,2.0,0.0,0.0,0.0,0.0,"of:0000000000000003:1 -> of:000000000000000b:5, of:000000000000000b:1 -> of:0000000000000001:1",1,1,1,0.0014776666666666666,-0.049922680000000004,0.00017732,0.05,0.0001,1
8,h1,h2,0,0.06666666666666667,0.001,0.00125,2.0,0.0,0.0,0.0,0.0,"of:0000000000000002:1 -> of:000000000000000b:4, of:000000000000000b:1 -> of:0000000000000001:1",1,1,1,0.0007750000000000001,-0.050069,3.1e-05,0.05,0.0001,0
8,h1,h3,0,0.06666666666666667,0.001,0.00125,2.0,0.0,0.0,0.0,0.0,"of:0000000000000002:1 -> of:000000000000000b:4, of:000000000000000b:1 -> of:0000000000000001:1",1,1,1,0.0007750000000000001,-0.050069,3.1e-05,0.05,0.0001,0
8,h1,h4,0,0.06666666666666667,0.001,0.00125,2.0,0.0,0.0,0.0,0.0,"of:0000000000000002:1 -> of:000000000000000b:4, of:000000000000000b:1 -> of:0000000000000001:1",1,1,1,0.0007750000000000001,-0.050069,3.1e-05,0.05,0.0001,0
8,h1,h5,0,0.06666666666666667,0.001,0.00125,2.0,0.0,0.0,0.0,0.0,"of:0000000000000002:1 -> of:000000000000000b:4, of:000000000000000b:1 -> of:0000000000000001:1",1,1,1,0.0007750000000000001,-0.050069,3.1e-05,0.05,0.0001,0
8,h1,h6,0,0.06666666666666667,0.001,0.00125,2.0,0.0,0.0,0.0,0.0,"of:0000000000000002:1 -> of:000000000000000b:4, of:000000000000000b:1 -> of:0000000000000001:1",1,1,1,0.0007750000000000001,-0.050069,3.1e-05,0.05,0.0001,0
8,h1,h7,0,0.26666666666666666,0.001,0.00125,2.0,0.0,0.0,0.0,0.0,"of:0000000000000002:1 -> of:000000000000000b:4, of:000000000000000b:1 -> of:0000000000000001:1",1,1,1,0.0007750000000000001,-0.049976000000000007,0.000124,0.05,0.0001,0
8,h1,h8,0,0.06666666666666667,0.001,0.00125,2.0,0.0,0.0,0.0,0.0,"of:0000000000000002:1 -> of:000000000000000b:4, of:000000000000000b:1 -> of:0000000000000001:1",1,1,1,0.0007750000000000001,-0.050069,3.1e-05,0.05,0.0001,0
8,h1,h9,0,0.06666666666666667,0.0019066666666666668,0.0023833333333333332,2.0,0.0,0.0,0.0,0.0,"of:0000000000000003:1 -> of:000000000000000b:5, of:000000000000000b:1 -> of:0000000000000001:1",1,1,1,0.0014776666666666666,-0.050040893333333336,5.910666666666666e-05,0.05,0.0001,0
9,h1,h10,8,0.06666666666666667,0.001,0.00125,4.0,0.6666666666666666,0.0,0.0,0.0,"of:0000000000000003:2 -> of:0000000000000008:3, of:0000000000000008:1 -> of:000000000000000b:6, of:000000000000000b:3 -> of:000000000000000d:2, of:000000000000000d:1 -> of:0000000000000001:3",1,1,1,0.0007750000000000001,-0.050069,3.1e-05,0.05,0.0001,0
9,h1,h2,0,0.06666666666666667,0.001,0.00125,2.0,0.0,0.0,0.0,0.0,"of:0000000000000002:1 -> of:000000000000000b:4, of:000000000000000b:1 -> of:0000000000000001:1",1,1,1,0.0007750000000000001,-0.050069,3.1e-05,0.05,0.0001,0
9,h1,h3,0,0.06666666666666667,0.001,0.00125,2.0,0.0,0.0,0.0,0.0,"of:0000000000000002:1 -> of:000000000000000b:4, of:000000000000000b:1 -> of:0000000000000001:1",1,1,1,0.0007750000000000001,-0.050069,3.1e-05,0.05,0.0001,0
9,h1,h4,0,0.06666666666666667,0.001,0.00125,2.0,0.0,0.0,0.0,0.0,"of:0000000000000002:1 -> of:000000000000000b:4, of:000000000000000b:1 -> of:0000000000000001:1",1,1,1,0.0007750000000000001,-0.050069,3.1e-05,0.05,0.0001,0
9,h1,h5,0,0.06666666666666667,0.001,0.00125,2.0,0.0,0.0,0.0,0.0,"of:0000000000000002:1 -> of:000000000000000b:4, of:000000000000000b:1 -> of:0000000000000001:1",1,1,1,0.0007750000000000001,-0.050069,3.1e-05,0.05,0.0001,0
9,h1,h6,0,0.06666666666666667,0.001,0.00125,2.0,0.0,0.0,0.0,0.0,"of:0000000000000002:1 -> of:000000000000000b:4, of:000000000000000b:1 -> of:0000000000000001:1",1,1,1,0.0007750000000000001,-0.050069,3.1e-05,0.05,0.0001,0
9,h1,h7,0,0.26666666666666666,0.001,0.00125,2.0,0.0,0.0,0.0,0.0,"of:0000000000000002:1 -> of:000000000000000b:4, of:000000000000000b:1 -> of:0000000000000001:1",1,1,1,0.0007750000000000001,-0.049976000000000007,0.000124,0.05,0.0001,1
9,h1,h8,0,0.06666666666666667,0.001,0.00125,2.0,0.0,0.0,0.0,0.0,"of:0000000000000002:1 -> of:000000000000000b:4, of:000000000000000b:1 -> of:0000000000000001:1",1,1,1,0.0007750000000000001,-0.050069,3.1e-05,0.05,0.0001,0
9,h1,h9,0,0.06666666666666667,0.0019066666666666668,0.0023833333333333332,2.0,0.0,0.0,0.0,0.0,"of:0000000000000003:1 -> of:000000000000000b:5, of:000000000000000b:1 -> of:0000000000000001:1",1,1,1,0.0014776666666666666,-0.050040893333333336,5.910666666666666e-05,0.05,0.0001,0
10,h1,h10,8,0.06666666666666667,0.001,0.00125,4.0,0.6666666666666666,0.0,0.0,0.0,"of:0000000000000003:2 -> of:0000000000000008:3, of:0000000000000008:1 -> of:000000000000000b:6, of:000000000000000b:3 -> of:000000000000000d:2, of:000000000000000d:1 -> of:0000000000000001:3",1,1,1,0.0007750000000000001,-0.050069,3.1e-05,0.05,0.0001,0
10,h1,h2,0,0.06666666666666667,0.001,0.00125,2.0,0.0,0.0,0.0,0.0,"of:0000000000000002:1 -> of:000000000000000b:4, of:000000000000000b:1 -> of:0000000000000001:1",1,1,1,0.0007750000000000001,-0.050069,3.1e-05,0.05,0.0001,0
10,h1,h3,0,0.06666666666666667,0.001,0.00125,2.0,0.0,0.0,0.0,0.0,"of:0000000000000002:1 -> of:000000000000000b:4, of:000000000000000b:1 -> of:0000000000000001:1",1,1,1,0.0007750000000000001,-0.050069,3.1e-05,0.05,0.0001,0
10,h1,h4,0,0.06666666666666667,0.001,0.00125,2.0,0.0,0.0,0.0,0.0,"of:0000000000000002:1 -> of:000000000000000b:4, of:000000000000000b:1 -> of:0000000000000001:1",1,1,1,0.0007750000000000001,-0.050069,3.1e-05,0.05,0.0001,0
10,h1,h5,0,0.06666666666666667,0.001,0.00125,2.0,0.0,0.0,0.0,0.0,"of:0000000000000002:1 -> of:000000000000000b:4, of:000000000000000b:1 -> of:0000000000000001:1",1,1,1,0.0007750000000000001,-0.050069,3.1e-05,0.05,0.0001,0
10,h1,h6,0,0.06666666666666667,0.001,0.00125,2.0,0.0,0.0,0.0,0.0,"of:0000000000000002:1 -> of:000000000000000b:4, of:000000000000000b:1 -> of:0000000000000001:1",1,1,1,0.0007750000000000001,-0.050069,3.1e-05,0.05,0.0001,0
10,h1,h7,8,0.06666666666666667,0.001,0.00125,4.0,0.6666666666666666,0.0,0.0,0.0,"of:0000000000000002:2 -> of:0000000000000008:2, of:0000000000000008:1 -> of:000000000000000b:6, of:000000000000000b:3 -> of:000000000000000d:2, of:000000000000000d:1 -> of:0000000000000001:3",1,1,1,0.0007750000000000001,-0.050069,3.1e-05,0.05,0.0001,0
10,h1,h8,0,0.06666666666666667,0.001,0.00125,2.0,0.0,0.0,0.0,0.0,"of:0000000000000002:1 -> of:000000000000000b:4, of:000000000000000b:1 -> of:0000000000000001:1",1,1,1,0.0007750000000000001,-0.050069,3.1e-05,0.05,0.0001,0
10,h1,h9,0,0.06666666666666667,0.0019066666666666668,0.0023833333333333332,2.0,0.0,0.0,0.0,0.0,"of:0000000000000003:1 -> of:000000000000000b:5, of:000000000000000b:1 -> of:0000000000000001:1",1,1,1,0.0014776666666666666,-0.050040893333333336,5.910666666666666e-05,0.05,0.0001,1
13,h1,h39,0,0.06666666666666667,0.001,0.00125,2.0,0.0,0.2222222222222222,0.0,0.0,"of:0000000000000007:1 -> of:000000000000000d:5, of:000000000000000d:1 -> of:0000000000000001:3",1,1,1,0.022997222222222224,-0.04918011111111112,0.0009198888888888889,0.05,0.0001,0
13,h1,h40,0,1.0,0.001,0.00125,2.0,0.0,0.0,0.0,0.0,"of:0000000000000007:1 -> of:000000000000000d:5, of:000000000000000d:1 -> of:0000000000000001:3",1,1,1,0.0007750000000000001,-0.049635000000000006,0.000465,0.05,0.0001,0
13,h10,h39,0,1.0,0.0019066666666666668,0.0023833333333333332,3.0,0.0,0.2222222222222222,0.0,0.0,"of:0000000000000003:1 -> of:000000000000000b:5, of:000000000000000b:3 -> of:000000000000000d:2, of:000000000000000d:5 -> of:0000000000000007:1",1,1,1,0.02369988888888889,-0.035880066666666675,0.014219933333333332,0.05,0.0001,0
13,h10,h40,0,1.0,0.0019066666666666668,0.0023833333333333332,3.0,0.0,0.0,0.0,0.0,"of:0000000000000003:1 -> of:000000000000000b:5, of:000000000000000b:3 -> of:000000000000000d:2, of:000000000000000d:5 -> of:0000000000000007:1",1,1,1,0.0014776666666666666,-0.049213400000000004,0.0008866,0.05,0.0001,0
13,h11,h39,0,1.0,0.0019066666666666668,0.0023833333333333332,3.0,0.0,0.2222222222222222,0.0,0.0,"of:0000000000000003:1 -> of:000000000000000b:5, of:000000000000000b:3 -> of:000000000000000d:2, of:000000000000000d:5 -> of:0000000000000007:1",1,1,1,0.02369988888888889,-0.035880066666666675,0.014219933333333332,0.05,0.0001,0
13,h11,h40,0,1.0,0.0019066666666666668,0.0023833333333333332,3.0,0.0,0.0,0.0,0.0,"of:0000000000000003:1 -> of:000000000000000b:5, of:000000000000000b:3 -> of:000000000000000d:2, of:000000000000000d:5 -> of:0000000000000007:1",1,1,1,0.0014776666666666666,-0.049213400000000004,0.0008866,0.05,0.0001,0
13,h12,h39,0,1.0,0.0019066666666666668,0.0023833333333333332,3.0,0.0,0.2222222222222222,0.0,0.0,"of:0000000000000003:1 -> of:000000000000000b:5, of:000000000000000b:3 -> of:000000000000000d:2, of:000000000000000d:5 -> of:0000000000000007:1",1,1,1,0.02369988888888889,-0.035880066666666675,0.014219933333333332,0.05,0.0001,0
13,h12,h40,0,1.0,0.0019066666666666668,0.0023833333333333332,3.0,0.0,0.0,0.0,0.0,"of:0000000000000003:1 -> of:000000000000000b:5, of:000000000000000b:3 -> of:000000000000000d:2, of:000000000000000d:5 -> of:0000000000000007:1",1,1,1,0.0014776666666666666,-0.049213400000000004,0.0008866,0.05,0.0001,0
13,h13,h39,0,1.0,0.0019066666666666668,0.0023833333333333332,3.0,0.0,0.2222222222222222,0.0,0.0,"of:0000000000000003:1 -> of:000000000000000b:5, of:000000000000000b:3 -> of:000000000000000d:2, of:000000000000000d:5 -> of:0000000000000007:1",1,1,1,0.02369988888888889,-0.035880066666666675,0.014219933333333332,0.05,0.0001,0
13,h13,h40,0,1.0,0.0019066666666666668,0.0023833333333333332,3.0,0.0,0.0,0.0,0.0,"of:0000000000000003:1 -> of:000000000000000b:5, of:000000000000000b:3 -> of:000000000000000d:2, of:000000000000000d:5 -> of:0000000000000007:1",1,1,1,0.0014776666666666666,-0.049213400000000004,0.0008866,0.05,0.0001,0
13,h14,h39,0,1.0,0.0019066666666666668,0.0023833333333333332,3.0,0.0,0.2222222222222222,0.0,0.0,"of:0000000000000003:1 -> of:000000000000000b:5, of:000000000000000b:3 -> of:000000000000000d:2, of:000000000000000d:5 -> of:0000000000000007:1",1,1,1,0.02369988888888889,-0.035880066666666675,0.014219933333333332,0.05,0.0001,0
13,h14,h40,0,1.0,0.0019066666666666668,0.0023833333333333332,3.0,0.0,0.0,0.0,0.0,"of:0000000000000003:1 -> of:000000000000000b:5, of:000000000000000b:3 -> of:000000000000000d:2, of:000000000000000d:5 -> of:0000000000000007:1",1,1,1,0.0014776666666666666,-0.049213400000000004,0.0008866,0.05,0.0001,0
13,h15,h39,0,1.0,0.0019066666666666668,0.0023833333333333332,3.0,0.0,0.2222222222222222,0.0,0.0,"of:0000000000000003:1 -> of:000000000000000b:5, of:000000000000000b:3 -> of:000000000000000d:2, of:000000000000000d:5 -> of:0000000000000007:1",1,1,1,0.02369988888888889,-0.035880066666666675,0.014219933333333332,0.05,0.0001,0
13,h15,h40,0,1.0,0.0019066666666666668,0.0023833333333333332,3.0,0.0,0.0,0.0,0.0,"of:0000000000000003:1 -> of:000000000000000b:5, of:000000000000000b:3 -> of:000000000000000d:2, of:000000000000000d:5 -> of:0000000000000007:1",1,1,1,0.0014776666666666666,-0.049213400000000004,0.0008866,0.05,0.0001,0
13,h16,h39,0,1.0,0.001,0.00125,3.0,0.0,0.2222222222222222,0.0,0.0,"of:0000000000000004:1 -> of:000000000000000c:4, of:000000000000000c:3 -> of:000000000000000d:3, of:000000000000000d:5 -> of:0000000000000007:1",1,1,1,0.022997222222222224,-0.03630166666666667,0.013798333333333334,0.05,0.0001,0
13,h16,h40,0,1.0,0.001,0.00125,3.0,0.0,0.0,0.0,0.0,"of:0000000000000004:1 -> of:000000000000000c:4, of:000000000000000c:3 -> of:000000000000000d:3, of:000000000000000d:5 -> of:0000000000000007:1",1,1,1,0.0007750000000000001,-0.049635000000000006,0.000465,0.05,0.0001,0
13,h17,h39,0,1.0,0.001,0.00125,3.0,0.0,0.2222222222222222,0.0,0.0,"of:0000000000000004:1 -> of:000000000000000c:4, of:000000000000000c:3 -> of:000000000000000d:3, of:000000000000000d:5 -> of:0000000000000007:1",1,1,1,0.022997222222222224,-0.03630166666666667,0.013798333333333334,0.05,0.0001,0
13,h17,h40,0,1.0,0.001,0.00125,3.0,0.0,0.0,0.0,0.0,"of:0000000000000004:1 -> of:000000000000000c:4, of:000000000000000c:3 -> of:000000000000000d:3, of:000000000000000d:5 -> of:0000000000000007:1",1,1,1,0.0007750000000000001,-0.049635000000000006,0.000465,0.05,0.0001,0
13,h18,h39,0,1.0,0.001,0.00125,3.0,0.0,0.2222222222222222,0.0,0.0,"of:0000000000000004:1 -> of:000000000000000c:4, of:000000000000000c:3 -> of:000000000000000d:3, of:000000000000000d:5 -> of:0000000000000007:1",1,1,1,0.022997222222222224,-0.03630166666666667,0.013798333333333334,0.05,0.0001,0
13,h18,h40,0,1.0,0.001,0.00125,3.0,0.0,0.0,0.0,0.0,"of:0000000000000004:1 -> of:000000000000000c:4, of:000000000000000c:3 -> of:000000000000000d:3, of:000000000000000d:5 -> of:0000000000000007:1",1,1,1,0.0007750000000000001,-0.049635000000000006,0.000465,0.05,0.0001,0
13,h19,h39,0,1.0,0.001,0.00125,3.0,0.0,0.2222222222222222,0.0,0.0,"of:0000000000000004:1 -> of:000000000000000c:4, of:000000000000000c:3 -> of:000000000000000d:3, of:000000000000000d:5 -> of:0000000000000007:1",1,1,1,0.022997222222222224,-0.03630166666666667,0.013798333333333334,0.05,0.0001,0
13,h19,h40,0,1.0,0.001,0.00125,3.0,0.0,0.0,0.0,0.0,"of:0000000000000004:1 -> of:000000000000000c:4, of:000000000000000c:3 -> of:000000000000000d:3, of:000000000000000d:5 -> of:0000000000000007:1",1,1,1,0.0007750000000000001,-0.049635000000000006,0.000465,0.05,0.0001,0
13,h2,h39,0,1.0,0.001,0.00125,3.0,0.0,0.2222222222222222,0.0,0.0,"of:0000000000000002:1 -> of:000000000000000b:4, of:000000000000000b:3 -> of:000000000000000d:2, of:000000000000000d:5 -> of:0000000000000007:1",1,1,1,0.022997222222222224,-0.03630166666666667,0.013798333333333334,0.05,0.0001,0
13,h2,h40,0,1.0,0.001,0.00125,3.0,0.0,0.0,0.0,0.0,"of:0000000000000002:1 -> of:000000000000000b:4, of:000000000000000b:3 -> of:000000000000000d:2, of:000000000000000d:5 -> of:0000000000000007:1",1,1,1,0.0007750000000000001,-0.049635000000000006,0.000465,0.05,0.0001,0
13,h20,h39,0,1.0,0.001,0.00125,3.0,0.0,0.2222222222222222,0.0,0.0,"of:0000000000000004:1 -> of:000000000000000c:4, of:000000000000000c:3 -> of:000000000000000d:3, of:000000000000000d:5 -> of:0000000000000007:1",1,1,1,0.022997222222222224,-0.03630166666666667,0.013798333333333334,0.05,0.0001,0
13,h20,h40,0,1.0,0.001,0.00125,3.0,0.0,0.0,0.0,0.0,"of:0000000000000004:1 -> of:000000000000000c:4, of:000000000000000c:3 -> of:000000000000000d:3, of:000000000000000d:5 -> of:0000000000000007:1",1,1,1,0.0007750000000000001,-0.049635000000000006,0.000465,0.05,0.0001,0
13,h21,h39,0,1.0,0.001,0.00125,3.0,0.0,0.2222222222222222,0.0,0.0,"of:0000000000000004:1 -> of:000000000000000c:4, of:000000000000000c:3 -> of:000000000000000d:3, of:000000000000000d:5 -> of:0000000000000007:1",1,1,1,0.022997222222222224,-0.03630166666666667,0.013798333333333334,0.05,0.0001,0
13,h21,h40,0,1.0,0.001,0.00125,3.0,0.0,0.0,0.0,0.0,"of:0000000000000004:1 -> of:000000000000000c:4, of:000000000000000c:3 -> of:000000000000000d:3, of:000000000000000d:5 -> of:0000000000000007:1",1,1,1,0.0007750000000000001,-0.049635000000000006,0.000465,0.05,0.0001,0
13,h22,h39,0,1.0,0.001,0.00125,3.0,0.0,0.2222222222222222,0.0,0.0,"of:0000000000000005:1 -> of:000000000000000c:5, of:000000000000000c:3 -> of:000000000000000d:3, of:000000000000000d:5 -> of:0000000000000007:1",1,1,1,0.022997222222222224,-0.03630166666666667,0.013798333333333334,0.05,0.0001,0
13,h22,h40,0,1.0,0.001,0.00125,3.0,0.0,0.0,0.0,0.0,"of:0000000000000005:1 -> of:000000000000000c:5, of:000000000000000c:3 -> of:000000000000000d:3, of:000000000000000d:5 -> of:0000000000000007:1",1,1,1,0.0007750000000000001,-0.049635000000000006,0.000465,0.05,0.0001,0
13,h23,h39,0,1.0,0.001,0.00125,3.0,0.0,0.2222222222222222,0.0,0.0,"of:0000000000000005:1 -> of:000000000000000c:5, of:000000000000000c:3 -> of:000000000000000d:3, of:000000000000000d:5 -> of:0000000000000007:1",1,1,1,0.022997222222222224,-0.03630166666666667,0.013798333333333334,0.05,0.0001,0
13,h23,h40,0,1.0,0.001,0.00125,3.0,0.0,0.0,0.0,0.0,"of:0000000000000005:1 -> of:000000000000000c:5, of:000000000000000c:3 -> of:000000000000000d:3, of:000000000000000d:5 -> of:0000000000000007:1",1,1,1,0.0007750000000000001,-0.049635000000000006,0.000465,0.05,0.0001,0
13,h24,h39,0,1.0,0.001,0.00125,3.0,0.0,0.2222222222222222,0.0,0.0,"of:0000000000000005:1 -> of:000000000000000c:5, of:000000000000000c:3 -> of:000000000000000d:3, of:000000000000000d:5 -> of:0000000000000007:1",1,1,1,0.022997222222222224,-0.03630166666666667,0.013798333333333334,0.05,0.0001,0
13,h24,h40,0,1.0,0.001,0.00125,3.0,0.0,0.0,0.0,0.0,"of:0000000000000005:1 -> of:000000000000000c:5, of:000000000000000c:3 -> of:000000000000000d:3, of:000000000000000d:5 -> of:0000000000000007:1",1,1,1,0.0007750000000000001,-0.049635000000000006,0.000465,0.05,0.0001,0
13,h25,h39,0,1.0,0.001,0.00125,3.0,0.0,0.2222222222222222,0.0,0.0,"of:0000000000000005:1 -> of:000000000000000c:5, of:000000000000000c:3 -> of:000000000000000d:3, of:000000000000000d:5 -> of:0000000000000007:1",1,1,1,0.022997222222222224,-0.03630166666666667,0.013798333333333334,0.05,0.0001,0
13,h25,h40,0,1.0,0.001,0.00125,3.0,0.0,0.0,0.0,0.0,"of:0000000000000005:1 -> of:000000000000000c:5, of:000000000000000c:3 -> of:000000000000000d:3, of:000000000000000d:5 -> of:0000000000000007:1",1,1,1,0.0007750000000000001,-0.049635000000000006,0.000465,0.05,0.0001,0
13,h26,h39,0,1.0,0.001,0.00125,3.0,0.0,0.2222222222222222,0.0,0.0,"of:0000000000000005:1 -> of:000000000000000c:5, of:000000000000000c:3 -> of:000000000000000d:3, of:000000000000000d:5 -> of:0000000000000007:1",1,1,1,0.022997222222222224,-0.03630166666666667,0.013798333333333334,0.05,0.0001,0
13,h26,h40,0,1.0,0.001,0.00125,3.0,0.0,0.0,0.0,0.0,"of:0000000000000005:1 -> of:000000000000000c:5, of:000000000000000c:3 -> of:000000000000000d:3, of:000000000000000d:5 -> of:0000000000000007:1",1,1,1,0.0007750000000000001,-0.049635000000000006,0.000465,0.05,0.0001,0
13,h27,h39,0,1.0,0.001,0.00125,3.0,0.0,0.2222222222222222,0.0,0.0,"of:0000000000000005:1 -> of:000000000000000c:5, of:000000000000000c:3 -> of:000000000000000d:3, of:000000000000000d:5 -> of:0000000000000007:1",1,1,1,0.022997222222222224,-0.03630166666666667,0.013798333333333334,0.05,0.0001,0
13,h27,h40,0,1.0,0.001,0.00125,3.0,0.0,0.0,0.0,0.0,"of:0000000000000005:1 -> of:000000000000000c:5, of:000000000000000c:3 -> of:000000000000000d:3, of:000000000000000d:5 -> of:0000000000000007:1",1,1,1,0.0007750000000000001,-0.049635000000000006,0.000465,0.05,0.0001,0
13,h28,h38,0,1.0,0.001,0.00125,2.0,0.0,0.5555555555555556,0.0,0.0,"of:0000000000000006:1 -> of:000000000000000d:4, of:000000000000000d:5 -> of:0000000000000007:1",1,1,1,0.05633055555555556,-0.01630166666666667,0.03379833333333333,0.05,0.0001,0
13,h28,h39,0,1.0,0.001,0.00125,2.0,0.0,0.2222222222222222,0.0,0.0,"of:0000000000000006:1 -> of:000000000000000d:4, of:000000000000000d:5 -> of:0000000000000007:1",1,1,1,0.022997222222222224,-0.03630166666666667,0.013798333333333334,0.05,0.0001,0
13,h28,h40,0,1.0,0.001,0.00125,2.0,0.0,0.0,0.0,0.0,"of:0000000000000006:1 -> of:000000000000000d:4, of:000000000000000d:5 -> of:0000000000000007:1",1,1,1,0.0007750000000000001,-0.049635000000000006,0.000465,0.05,0.0001,0
13,h29,h38,0,1.0,0.001,0.00125,2.0,0.0,0.5555555555555556,0.0,0.0,"of:0000000000000006:1 -> of:000000000000000d:4, of:000000000000000d:5 -> of:0000000000000007:1",1,1,1,0.05633055555555556,-0.01630166666666667,0.03379833333333333,0.05,0.0001,0
13,h29,h39,0,1.0,0.001,0.00125,2.0,0.0,0.2222222222222222,0.0,0.0,"of:0000000000000006:1 -> of:000000000000000d:4, of:000000000000000d:5 -> of:0000000000000007:1",1,1,1,0.022997222222222224,-0.03630166666666667,0.013798333333333334,0.05,0.0001,0
13,h29,h40,0,1.0,0.001,0.00125,2.0,0.0,0.0,0.0,0.0,"of:0000000000000006:1 -> of:000000000000000d:4, of:000000000000000d:5 -> of:0000000000000007:1",1,1,1,0.0007750000000000001,-0.049635000000000006,0.000465,0.05,0.0001,0
13,h3,h39,0,1.0,0.001,0.00125,3.0,0.0,0.2222222222222222,0.0,0.0,"of:0000000000000002:1 -> of:000000000000000b:4, of:000000000000000b:3 -> of:000000000000000d:2, of:000000000000000d:5 -> of:0000000000000007:1",1,1,1,0.022997222222222224,-0.03630166666666667,0.013798333333333334,0.05,0.0001,0
13,h3,h40,0,1.0,0.001,0.00125,3.0,0.0,0.0,0.0,0.0,"of:0000000000000002:1 -> of:000000000000000b:4, of:000000000000000b:3 -> of:000000000000000d:2, of:000000000000000d:5 -> of:0000000000000007:1",1,1,1,0.0007750000000000001,-0.049635000000000006,0.000465,0.05,0.0001,0
13,h30,h38,0,1.0,0.001,0.00125,2.0,0.0,0.7777777777777778,0.0,0.0,"of:0000000000000006:1 -> of:000000000000000d:4, of:000000000000000d:5 -> of:0000000000000007:1",1,1,1,0.07855277777777778,-0.0029683333333333406,0.04713166666666666,0.05,0.0001,0
13,h30,h39,0,1.0,0.001,0.00125,2.0,0.0,0.7777777777777778,0.0,0.0,"of:0000000000000006:1 -> of:000000000000000d:4, of:000000000000000d:5 -> of:0000000000000007:1",1,1,1,0.07855277777777778,-0.0029683333333333406,0.04713166666666666,0.05,0.0001,0
13,h30,h40,0,1.0,0.001,0.00125,2.0,0.0,0.7777777777777778,0.0,0.0,"of:0000000000000006:1 -> of:000000000000000d:4, of:000000000000000d:5 -> of:0000000000000007:1",1,1,1,0.07855277777777778,-0.0029683333333333406,0.04713166666666666,0.05,0.0001,0
13,h31,h38,0,1.0,0.001,0.00125,2.0,0.0,0.5555555555555556,0.0,0.0,"of:0000000000000006:1 -> of:000000000000000d:4, of:000000000000000d:5 -> of:0000000000000007:1",1,1,1,0.05633055555555556,-0.01630166666666667,0.03379833333333333,0.05,0.0001,0
13,h31,h39,0,1.0,0.001,0.00125,2.0,0.0,0.2222222222222222,0.0,0.0,"of:0000000000000006:1 -> of:000000000000000d:4, of:000000000000000d:5 -> of:0000000000000007:1",1,1,1,0.022997222222222224,-0.03630166666666667,0.013798333333333334,0.05,0.0001,0
13,h31,h40,0,1.0,0.001,0.00125,2.0,0.0,0.0,0.0,0.0,"of:0000000000000006:1 -> of:000000000000000d:4, of:000000000000000d:5 -> of:0000000000000007:1",1,1,1,0.0007750000000000001,-0.049635000000000006,0.000465,0.05,0.0001,0
13,h32,h38,0,1.0,0.001,0.00125,2.0,0.0,0.5555555555555556,0.0,0.0,"of:0000000000000006:1 -> of:000000000000000d:4, of:000000000000000d:5 -> of:0000000000000007:1",1,1,1,0.05633055555555556,-0.01630166666666667,0.03379833333333333,0.05,0.0001,0
13,h32,h39,0,1.0,0.001,0.00125,2.0,0.0,0.4444444444444444,0.0,0.0,"of:0000000000000006:1 -> of:000000000000000d:4, of:000000000000000d:5 -> of:0000000000000007:1",1,1,1,0.045219444444444444,-0.022968333333333337,0.027131666666666665,0.05,0.0001,0
13,h32,h40,0,1.0,0.001,0.00125,2.0,0.0,0.4444444444444444,0.0,0.0,"of:0000000000000006:1 -> of:000000000000000d:4, of:000000000000000d:5 -> of:0000000000000007:1",1,1,1,0.045219444444444444,-0.022968333333333337,0.027131666666666665,0.05,0.0001,0
13,h33,h38,0,1.0,0.001,0.00125,2.0,0.0,0.8888888888888888,0.0,0.0,"of:0000000000000006:1 -> of:000000000000000d:4, of:000000000000000d:5 -> of:0000000000000007:1",1,1,1,0.08966388888888889,0.0036983333333333273,0.05379833333333333,0.05,0.0001,1
13,h33,h39,0,1.0,0.001,0.00125,2.0,0.0,0.8888888888888888,0.0,0.0,"of:0000000000000006:1 -> of:000000000000000d:4, of:000000000000000d:5 -> of:0000000000000007:1",1,1,1,0.08966388888888889,0.0036983333333333273,0.05379833333333333,0.05,0.0001,1
13,h33,h40,0,1.0,0.001,0.00125,2.0,0.0,0.8888888888888888,0.0,0.0,"of:0000000000000006:1 -> of:000000000000000d:4, of:000000000000000d:5 -> of:0000000000000007:1",1,1,1,0.08966388888888889,0.0036983333333333273,0.05379833333333333,0.05,0.0001,1
13,h4,h39,0,1.0,0.001,0.00125,3.0,0.0,0.2222222222222222,0.0,0.0,"of:0000000000000002:1 -> of:000000000000000b:4, of:000000000000000b:3 -> of:000000000000000d:2, of:000000000000000d:5 -> of:0000000000000007:1",1,1,1,0.022997222222222224,-0.03630166666666667,0.013798333333333334,0.05,0.0001,0
13,h4,h40,0,1.0,0.001,0.00125,3.0,0.0,0.0,0.0,0.0,"of:0000000000000002:1 -> of:000000000000000b:4, of:000000000000000b:3 -> of:000000000000000d:2, of:000000000000000d:5 -> of:0000000000000007:1",1,1,1,0.0007750000000000001,-0.049635000000000006,0.000465,0.05,0.0001,0
13,h5,h39,0,1.0,0.001,0.00125,3.0,0.0,0.2222222222222222,0.0,0.0,"of:0000000000000002:1 -> of:000000000000000b:4, of:000000000000000b:3 -> of:000000000000000d:2, of:000000000000000d:5 -> of:0000000000000007:1",1,1,1,0.022997222222222224,-0.03630166666666667,0.013798333333333334,0.05,0.0001,0
13,h5,h40,0,1.0,0.001,0.00125,3.0,0.0,0.0,0.0,0.0,"of:0000000000000002:1 -> of:000000000000000b:4, of:000000000000000b:3 -> of:000000000000000d:2, of:000000000000000d:5 -> of:0000000000000007:1",1,1,1,0.0007750000000000001,-0.049635000000000006,0.000465,0.05,0.0001,0
13,h6,h39,0,1.0,0.001,0.00125,3.0,0.0,0.2222222222222222,0.0,0.0,"of:0000000000000002:1 -> of:000000000000000b:4, of:000000000000000b:3 -> of:000000000000000d:2, of:000000000000000d:5 -> of:0000000000000007:1",1,1,1,0.022997222222222224,-0.03630166666666667,0.013798333333333334,0.05,0.0001,0
13,h6,h40,0,1.0,0.001,0.00125,3.0,0.0,0.0,0.0,0.0,"of:0000000000000002:1 -> of:000000000000000b:4, of:000000000000000b:3 -> of:000000000000000d:2, of:000000000000000d:5 -> of:0000000000000007:1",1,1,1,0.0007750000000000001,-0.049635000000000006,0.000465,0.05,0.0001,0
13,h7,h39,0,1.0,0.001,0.00125,3.0,0.0,0.2222222222222222,0.0,0.0,"of:0000000000000002:1 -> of:000000000000000b:4, of:000000000000000b:3 -> of:000000000000000d:2, of:000000000000000d:5 -> of:0000000000000007:1",1,1,1,0.022997222222222224,-0.03630166666666667,0.013798333333333334,0.05,0.0001,0
13,h7,h40,0,1.0,0.001,0.00125,3.0,0.0,0.0,0.0,0.0,"of:0000000000000002:1 -> of:000000000000000b:4, of:000000000000000b:3 -> of:000000000000000d:2, of:000000000000000d:5 -> of:0000000000000007:1",1,1,1,0.0007750000000000001,-0.049635000000000006,0.000465,0.05,0.0001,0
13,h8,h39,0,1.0,0.001,0.00125,3.0,0.0,0.2222222222222222,0.0,0.0,"of:0000000000000002:1 -> of:000000000000000b:4, of:000000000000000b:3 -> of:000000000000000d:2, of:000000000000000d:5 -> of:0000000000000007:1",1,1,1,0.022997222222222224,-0.03630166666666667,0.013798333333333334,0.05,0.0001,0
13,h8,h40,0,1.0,0.001,0.00125,3.0,0.0,0.0,0.0,0.0,"of:0000000000000002:1 -> of:000000000000000b:4, of:000000000000000b:3 -> of:000000000000000d:2, of:000000000000000d:5 -> of:0000000000000007:1",1,1,1,0.0007750000000000001,-0.049635000000000006,0.000465,0.05,0.0001,0
13,h9,h39,0,1.0,0.0019066666666666668,0.0023833333333333332,3.0,0.0,0.2222222222222222,0.0,0.0,"of:0000000000000003:1 -> of:000000000000000b:5, of:000000000000000b:3 -> of:000000000000000d:2, of:000000000000000d:5 -> of:0000000000000007:1",1,1,1,0.02369988888888889,-0.035880066666666675,0.014219933333333332,0.05,0.0001,0
13,h9,h40,0,1.0,0.0019066666666666668,0.0023833333333333332,3.0,0.0,0.0,0.0,0.0,"of:0000000000000003:1 -> of:000000000000000b:5, of:000000000000000b:3 -> of:000000000000000d:2, of:000000000000000d:5 -> of:0000000000000007:1",1,1,1,0.0014776666666666666,-0.049213400000000004,0.0008866,0.05,0.0001,0
14,h1,h2,0,0.06666666666666667,0.001,0.00125,2.0,0.0,0.0,0.0,0.0,"of:0000000000000002:1 -> of:000000000000000b:4, of:000000000000000b:1 -> of:0000000000000001:1",1,1,1,0.0007750000000000001,-0.050069,3.1e-05,0.05,0.0001,0
14,h1,h3,0,0.06666666666666667,0.001,0.00125,2.0,0.0,0.0,0.0,0.0,"of:0000000000000002:1 -> of:000000000000000b:4, of:000000000000000b:1 -> of:0000000000000001:1",1,1,1,0.0007750000000000001,-0.050069,3.1e-05,0.05,0.0001,0
14,h1,h4,0,0.06666666666666667,0.001,0.00125,2.0,0.0,0.0,0.0,0.0,"of:0000000000000002:1 -> of:000000000000000b:4, of:000000000000000b:1 -> of:0000000000000001:1",1,1,1,0.0007750000000000001,-0.050069,3.1e-05,0.05,0.0001,0
14,h2,h16,0,1.0,0.001,0.00125,3.0,0.0,0.0,0.0,0.0,"of:0000000000000002:1 -> of:000000000000000b:4, of:000000000000000b:2 -> of:000000000000000c:2, of:000000000000000c:4 -> of:0000000000000004:1",1,1,1,0.0007750000000000001,-0.049635000000000006,0.000465,0.05,0.0001,0
14,h2,h17,0,1.0,0.001,0.00125,3.0,0.0,0.0,0.0,0.0,"of:0000000000000002:1 -> of:000000000000000b:4, of:000000000000000b:2 -> of:000000000000000c:2, of:000000000000000c:4 -> of:0000000000000004:1",1,1,1,0.0007750000000000001,-0.049635000000000006,0.000465,0.05,0.0001,0
14,h2,h18,0,1.0,0.001,0.00125,3.0,0.0,0.0,0.0,0.0,"of:0000000000000002:1 -> of:000000000000000b:4, of:000000000000000b:2 -> of:000000000000000c:2, of:000000000000000c:4 -> of:0000000000000004:1",1,1,1,0.0007750000000000001,-0.049635000000000006,0.000465,0.05,0.0001,0
14,h2,h19,0,1.0,0.001,0.00125,3.0,0.0,0.0,0.0,0.0,"of:0000000000000002:1 -> of:000000000000000b:4, of:000000000000000b:2 -> of:000000000000000c:2, of:000000000000000c:4 -> of:0000000000000004:1",1,1,1,0.0007750000000000001,-0.049635000000000006,0.000465,0.05,0.0001,0
14,h2,h20,0,1.0,0.001,0.00125,3.0,0.0,0.0,0.0,0.0,"of:0000000000000002:1 -> of:000000000000000b:4, of:000000000000000b:2 -> of:000000000000000c:2, of:000000000000000c:4 -> of:0000000000000004:1",1,1,1,0.0007750000000000001,-0.049635000000000006,0.000465,0.05,0.0001,0
14,h2,h21,0,1.0,0.001,0.00125,3.0,0.0,0.0,0.0,0.0,"of:0000000000000002:1 -> of:000000000000000b:4, of:000000000000000b:2 -> of:000000000000000c:2, of:000000000000000c:4 -> of:0000000000000004:1",1,1,1,0.0007750000000000001,-0.049635000000000006,0.000465,0.05,0.0001,0
14,h2,h22,0,1.0,0.001,0.00125,3.0,0.0,0.0,0.0,0.0,"of:0000000000000002:1 -> of:000000000000000b:4, of:000000000000000b:2 -> of:000000000000000c:2, of:000000000000000c:5 -> of:0000000000000005:1",1,1,1,0.0007750000000000001,-0.049635000000000006,0.000465,0.05,0.0001,0
14,h2,h23,0,1.0,0.001,0.00125,3.0,0.0,0.0,0.0,0.0,"of:0000000000000002:1 -> of:000000000000000b:4, of:000000000000000b:2 -> of:000000000000000c:2, of:000000000000000c:5 -> of:0000000000000005:1",1,1,1,0.0007750000000000001,-0.049635000000000006,0.000465,0.05,0.0001,0
14,h2,h24,0,1.0,0.001,0.00125,3.0,0.0,0.0,0.0,0.0,"of:0000000000000002:1 -> of:000000000000000b:4, of:000000000000000b:2 -> of:000000000000000c:2, of:000000000000000c:5 -> of:0000000000000005:1",1,1,1,0.0007750000000000001,-0.049635000000000006,0.000465,0.05,0.0001,0
14,h2,h25,0,1.0,0.001,0.00125,3.0,0.0,0.0,0.0,0.0,"of:0000000000000002:1 -> of:000000000000000b:4, of:000000000000000b:2 -> of:000000000000000c:2, of:000000000000000c:5 -> of:0000000000000005:1",1,1,1,0.0007750000000000001,-0.049635000000000006,0.000465,0.05,0.0001,0
14,h2,h26,0,1.0,0.001,0.00125,3.0,0.0,0.0,0.0,0.0,"of:0000000000000002:1 -> of:000000000000000b:4, of:000000000000000b:2 -> of:000000000000000c:2, of:000000000000000c:5 -> of:0000000000000005:1",1,1,1,0.0007750000000000001,-0.049635000000000006,0.000465,0.05,0.0001,0
14,h2,h27,0,1.0,0.001,0.00125,3.0,0.0,0.0,0.0,0.0,"of:0000000000000002:1 -> of:000000000000000b:4, of:000000000000000b:2 -> of:000000000000000c:2, of:000000000000000c:5 -> of:0000000000000005:1",1,1,1,0.0007750000000000001,-0.049635000000000006,0.000465,0.05,0.0001,0
14,h2,h28,0,1.0,0.001,0.00125,3.0,0.0,0.0,0.0,0.0,"of:0000000000000002:1 -> of:000000000000000b:4, of:000000000000000b:3 -> of:000000000000000d:2, of:000000000000000d:4 -> of:0000000000000006:1",1,1,1,0.0007750000000000001,-0.049635000000000006,0.000465,0.05,0.0001,0
14,h2,h29,0,1.0,0.001,0.00125,3.0,0.0,0.0,0.0,0.0,"of:0000000000000002:1 -> of:000000000000000b:4, of:000000000000000b:3 -> of:000000000000000d:2, of:000000000000000d:4 -> of:0000000000000006:1",1,1,1,0.0007750000000000001,-0.049635000000000006,0.000465,0.05,0.0001,0
14,h2,h30,0,1.0,0.001,0.00125,3.0,0.0,0.7777777777777778,0.0,0.0,"of:0000000000000002:1 -> of:000000000000000b:4, of:000000000000000b:3 -> of:000000000000000d:2, of:000000000000000d:4 -> of:0000000000000006:1",1,1,1,0.07855277777777778,-0.0029683333333333406,0.04713166666666666,0.05,0.0001,0
14,h2,h31,0,1.0,0.001,0.00125,3.0,0.0,0.0,0.0,0.0,"of:0000000000000002:1 -> of:000000000000000b:4, of:000000000000000b:3 -> of:000000000000000d:2, of:000000000000000d:4 -> of:0000000000000006:1",1,1,1,0.0007750000000000001,-0.049635000000000006,0.000465,0.05,0.0001,0
14,h2,h32,0,1.0,0.001,0.00125,3.0,0.0,0.4444444444444444,0.0,0.0,"of:0000000000000002:1 -> of:000000000000000b:4, of:000000000000000b:3 -> of:000000000000000d:2, of:000000000000000d:4 -> of:0000000000000006:1",1,1,1,0.045219444444444444,-0.022968333333333337,0.027131666666666665,0.05,0.0001,0
14,h2,h33,0,1.0,0.001,0.00125,3.0,0.0,0.8888888888888888,0.0,0.0,"of:0000000000000002:1 -> of:000000000000000b:4, of:000000000000000b:3 -> of:000000000000000d:2, of:000000000000000d:4 -> of:0000000000000006:1",1,1,1,0.08966388888888889,0.0036983333333333273,0.05379833333333333,0.05,0.0001,1
14,h2,h34,0,1.0,0.001,0.00125,3.0,0.0,0.6666666666666667,0.0,0.0,"of:0000000000000002:1 -> of:000000000000000b:4, of:000000000000000b:3 -> of:000000000000000d:2, of:000000000000000d:5 -> of:0000000000000007:1",1,1,1,0.06744166666666668,-0.009634999999999994,0.04046500000000001,0.05,0.0001,0
14,h2,h35,0,1.0,0.001,0.00125,3.0,0.0,1.0,0.0,0.0,"of:0000000000000002:1 -> of:000000000000000b:4, of:000000000000000b:3 -> of:000000000000000d:2, of:000000000000000d:5 -> of:0000000000000007:1",1,1,1,0.100775,0.010364999999999996,0.060465,0.05,0.0001,1
14,h2,h36,0,1.0,0.001,0.00125,3.0,0.0,0.11111111111111116,0.0,0.0,"of:0000000000000002:1 -> of:000000000000000b:4, of:000000000000000b:3 -> of:000000000000000d:2, of:000000000000000d:5 -> of:0000000000000007:1",1,1,1,0.011886111111111116,-0.04296833333333334,0.00713166666666667,0.05,0.0001,0
14,h2,h37,0,1.0,0.001,0.00125,3.0,0.0,0.33333333333333337,0.0,0.0,"of:0000000000000002:1 -> of:000000000000000b:4, of:000000000000000b:3 -> of:000000000000000d:2, of:000000000000000d:5 -> of:0000000000000007:1",1,1,1,0.03410833333333334,-0.029635,0.020465,0.05,0.0001,0
14,h2,h38,0,1.0,0.001,0.00125,3.0,0.0,0.5555555555555556,0.0,0.0,"of:0000000000000002:1 -> of:000000000000000b:4, of:000000000000000b:3 -> of:000000000000000d:2, of:000000000000000d:5 -> of:0000000000000007:1",1,1,1,0.05633055555555556,-0.01630166666666667,0.03379833333333333,0.05,0.0001,0
14,h2,h39,0,1.0,0.001,0.00125,3.0,0.0,0.2222222222222222,0.0,0.0,"of:0000000000000002:1 -> of:000000000000000b:4, of:000000000000000b:3 -> of:000000000000000d:2, of:000000000000000d:5 -> of:0000000000000007:1",1,1,1,0.022997222222222224,-0.03630166666666667,0.013798333333333334,0.05,0.0001,0
14,h2,h40,0,1.0,0.001,0.00125,3.0,0.0,0.0,0.0,0.0,"of:0000000000000002:1 -> of:000000000000000b:4, of:000000000000000b:3 -> of:000000000000000d:2, of:000000000000000d:5 -> of:0000000000000007:1",1,1,1,0.0007750000000000001,-0.049635000000000006,0.000465,0.05,0.0001,0
14,h3,h10,0,1.0,0.0019066666666666668,0.0023833333333333332,2.0,0.0,0.0,0.0,0.0,"of:0000000000000002:1 -> of:000000000000000b:4, of:000000000000000b:5 -> of:0000000000000003:1",1,1,1,0.0014776666666666666,-0.049213400000000004,0.0008866,0.05,0.0001,0
14,h3,h11,0,1.0,0.0019066666666666668,0.0023833333333333332,2.0,0.0,0.0,0.0,0.0,"of:0000000000000002:1 -> of:000000000000000b:4, of:000000000000000b:5 -> of:0000000000000003:1",1,1,1,0.0014776666666666666,-0.049213400000000004,0.0008866,0.05,0.0001,0
14,h3,h12,0,1.0,0.0019066666666666668,0.0023833333333333332,2.0,0.0,0.0,0.0,0.0,"of:0000000000000002:1 -> of:000000000000000b:4, of:000000000000000b:5 -> of:0000000000000003:1",1,1,1,0.0014776666666666666,-0.049213400000000004,0.0008866,0.05,0.0001,0
14,h3,h13,0,1.0,0.0019066666666666668,0.0023833333333333332,2.0,0.0,0.0,0.0,0.0,"of:0000000000000002:1 -> of:000000000000000b:4, of:000000000000000b:5 -> of:0000000000000003:1",1,1,1,0.0014776666666666666,-0.049213400000000004,0.0008866,0.05,0.0001,0
14,h3,h14,0,1.0,0.0019066666666666668,0.0023833333333333332,2.0,0.0,0.0,0.0,0.0,"of:0000000000000002:1 -> of:000000000000000b:4, of:000000000000000b:5 -> of:0000000000000003:1",1,1,1,0.0014776666666666666,-0.049213400000000004,0.0008866,0.05,0.0001,0
14,h3,h15,0,1.0,0.0019066666666666668,0.0023833333333333332,2.0,0.0,0.0,0.0,0.0,"of:0000000000000002:1 -> of:000000000000000b:4, of:000000000000000b:5 -> of:0000000000000003:1",1,1,1,0.0014776666666666666,-0.049213400000000004,0.0008866,0.05,0.0001,0
14,h3,h16,0,1.0,0.001,0.00125,3.0,0.0,0.0,0.0,0.0,"of:0000000000000002:1 -> of:000000000000000b:4, of:000000000000000b:2 -> of:000000000000000c:2, of:000000000000000c:4 -> of:0000000000000004:1",1,1,1,0.0007750000000000001,-0.049635000000000006,0.000465,0.05,0.0001,0
14,h3,h17,0,1.0,0.001,0.00125,3.0,0.0,0.0,0.0,0.0,"of:0000000000000002:1 -> of:000000000000000b:4, of:000000000000000b:2 -> of:000000000000000c:2, of:000000000000000c:4 -> of:0000000000000004:1",1,1,1,0.0007750000000000001,-0.049635000000000006,0.000465,0.05,0.0001,0
14,h3,h18,0,1.0,0.001,0.00125,3.0,0.0,0.0,0.0,0.0,"of:0000000000000002:1 -> of:000000000000000b:4, of:000000000000000b:2 -> of:000000000000000c:2, of:000000000000000c:4 -> of:0000000000000004:1",1,1,1,0.0007750000000000001,-0.049635000000000006,0.000465,0.05,0.0001,0
14,h3,h19,0,1.0,0.001,0.00125,3.0,0.0,0.0,0.0,0.0,"of:0000000000000002:1 -> of:000000000000000b:4, of:000000000000000b:2 -> of:000000000000000c:2, of:000000000000000c:4 -> of:0000000000000004:1",1,1,1,0.0007750000000000001,-0.049635000000000006,0.000465,0.05,0.0001,0
14,h3,h20,0,1.0,0.001,0.00125,3.0,0.0,0.0,0.0,0.0,"of:0000000000000002:1 -> of:000000000000000b:4, of:000000000000000b:2 -> of:000000000000000c:2, of:000000000000000c:4 -> of:0000000000000004:1",1,1,1,0.0007750000000000001,-0.049635000000000006,0.000465,0.05,0.0001,0
14,h3,h21,0,1.0,0.001,0.00125,3.0,0.0,0.0,0.0,0.0,"of:0000000000000002:1 -> of:000000000000000b:4, of:000000000000000b:2 -> of:000000000000000c:2, of:000000000000000c:4 -> of:0000000000000004:1",1,1,1,0.0007750000000000001,-0.049635000000000006,0.000465,0.05,0.0001,0
14,h3,h22,0,1.0,0.001,0.00125,3.0,0.0,0.0,0.0,0.0,"of:0000000000000002:1 -> of:000000000000000b:4, of:000000000000000b:2 -> of:000000000000000c:2, of:000000000000000c:5 -> of:0000000000000005:1",1,1,1,0.0007750000000000001,-0.049635000000000006,0.000465,0.05,0.0001,0
14,h3,h23,0,1.0,0.001,0.00125,3.0,0.0,0.0,0.0,0.0,"of:0000000000000002:1 -> of:000000000000000b:4, of:000000000000000b:2 -> of:000000000000000c:2, of:000000000000000c:5 -> of:0000000000000005:1",1,1,1,0.0007750000000000001,-0.049635000000000006,0.000465,0.05,0.0001,0
14,h3,h24,0,1.0,0.001,0.00125,3.0,0.0,0.0,0.0,0.0,"of:0000000000000002:1 -> of:000000000000000b:4, of:000000000000000b:2 -> of:000000000000000c:2, of:000000000000000c:5 -> of:0000000000000005:1",1,1,1,0.0007750000000000001,-0.049635000000000006,0.000465,0.05,0.0001,0
14,h3,h25,0,1.0,0.001,0.00125,3.0,0.0,0.0,0.0,0.0,"of:0000000000000002:1 -> of:000000000000000b:4, of:000000000000000b:2 -> of:000000000000000c:2, of:000000000000000c:5 -> of:0000000000000005:1",1,1,1,0.0007750000000000001,-0.049635000000000006,0.000465,0.05,0.0001,0
14,h3,h26,0,1.0,0.001,0.00125,3.0,0.0,0.0,0.0,0.0,"of:0000000000000002:1 -> of:000000000000000b:4, of:000000000000000b:2 -> of:000000000000000c:2, of:000000000000000c:5 -> of:0000000000000005:1",1,1,1,0.0007750000000000001,-0.049635000000000006,0.000465,0.05,0.0001,0
14,h3,h27,0,1.0,0.001,0.00125,3.0,0.0,0.0,0.0,0.0,"of:0000000000000002:1 -> of:000000000000000b:4, of:000000000000000b:2 -> of:000000000000000c:2, of:000000000000000c:5 -> of:0000000000000005:1",1,1,1,0.0007750000000000001,-0.049635000000000006,0.000465,0.05,0.0001,0
14,h3,h28,0,1.0,0.001,0.00125,3.0,0.0,0.0,0.0,0.0,"of:0000000000000002:1 -> of:000000000000000b:4, of:000000000000000b:3 -> of:000000000000000d:2, of:000000000000000d:4 -> of:0000000000000006:1",1,1,1,0.0007750000000000001,-0.049635000000000006,0.000465,0.05,0.0001,0
14,h3,h29,0,1.0,0.001,0.00125,3.0,0.0,0.0,0.0,0.0,"of:0000000000000002:1 -> of:000000000000000b:4, of:000000000000000b:3 -> of:000000000000000d:2, of:000000000000000d:4 -> of:0000000000000006:1",1,1,1,0.0007750000000000001,-0.049635000000000006,0.000465,0.05,0.0001,0
14,h3,h30,0,1.0,0.001,0.00125,3.0,0.0,0.7777777777777778,0.0,0.0,"of:0000000000000002:1 -> of:000000000000000b:4, of:000000000000000b:3 -> of:000000000000000d:2, of:000000000000000d:4 -> of:0000000000000006:1",1,1,1,0.07855277777777778,-0.0029683333333333406,0.04713166666666666,0.05,0.0001,0
14,h3,h31,0,1.0,0.001,0.00125,3.0,0.0,0.0,0.0,0.0,"of:0000000000000002:1 -> of:000000000000000b:4, of:000000000000000b:3 -> of:000000000000000d:2, of:000000000000000d:4 -> of:0000000000000006:1",1,1,1,0.0007750000000000001,-0.049635000000000006,0.000465,0.05,0.0001,0
14,h3,h32,0,1.0,0.001,0.00125,3.0,0.0,0.4444444444444444,0.0,0.0,"of:0000000000000002:1 -> of:000000000000000b:4, of:000000000000000b:3 -> of:000000000000000d:2, of:000000000000000d:4 -> of:0000000000000006:1",1,1,1,0.045219444444444444,-0.022968333333333337,0.027131666666666665,0.05,0.0001,0
14,h3,h33,0,1.0,0.001,0.00125,3.0,0.0,0.8888888888888888,0.0,0.0,"of:0000000000000002:1 -> of:000000000000000b:4, of:000000000000000b:3 -> of:000000000000000d:2, of:000000000000000d:4 -> of:0000000000000006:1",1,1,1,0.08966388888888889,0.0036983333333333273,0.05379833333333333,0.05,0.0001,1
14,h3,h34,0,1.0,0.001,0.00125,3.0,0.0,0.6666666666666667,0.0,0.0,"of:0000000000000002:1 -> of:000000000000000b:4, of:000000000000000b:3 -> of:000000000000000d:2, of:000000000000000d:5 -> of:0000000000000007:1",1,1,1,0.06744166666666668,-0.009634999999999994,0.04046500000000001,0.05,0.0001,0
14,h3,h35,0,1.0,0.001,0.00125,3.0,0.0,1.0,0.0,0.0,"of:0000000000000002:1 -> of:000000000000000b:4, of:000000000000000b:3 -> of:000000000000000d:2, of:000000000000000d:5 -> of:0000000000000007:1",1,1,1,0.100775,0.010364999999999996,0.060465,0.05,0.0001,1
14,h3,h36,0,1.0,0.001,0.00125,3.0,0.0,0.11111111111111116,0.0,0.0,"of:0000000000000002:1 -> of:000000000000000b:4, of:000000000000000b:3 -> of:000000000000000d:2, of:000000000000000d:5 -> of:0000000000000007:1",1,1,1,0.011886111111111116,-0.04296833333333334,0.00713166666666667,0.05,0.0001,0
14,h3,h37,0,1.0,0.001,0.00125,3.0,0.0,0.33333333333333337,0.0,0.0,"of:0000000000000002:1 -> of:000000000000000b:4, of:000000000000000b:3 -> of:000000000000000d:2, of:000000000000000d:5 -> of:0000000000000007:1",1,1,1,0.03410833333333334,-0.029635,0.020465,0.05,0.0001,0
14,h3,h38,0,1.0,0.001,0.00125,3.0,0.0,0.5555555555555556,0.0,0.0,"of:0000000000000002:1 -> of:000000000000000b:4, of:000000000000000b:3 -> of:000000000000000d:2, of:000000000000000d:5 -> of:0000000000000007:1",1,1,1,0.05633055555555556,-0.01630166666666667,0.03379833333333333,0.05,0.0001,0
14,h3,h39,0,1.0,0.001,0.00125,3.0,0.0,0.2222222222222222,0.0,0.0,"of:0000000000000002:1 -> of:000000000000000b:4, of:000000000000000b:3 -> of:000000000000000d:2, of:000000000000000d:5 -> of:0000000000000007:1",1,1,1,0.022997222222222224,-0.03630166666666667,0.013798333333333334,0.05,0.0001,0
14,h3,h40,0,1.0,0.001,0.00125,3.0,0.0,0.0,0.0,0.0,"of:0000000000000002:1 -> of:000000000000000b:4, of:000000000000000b:3 -> of:000000000000000d:2, of:000000000000000d:5 -> of:0000000000000007:1",1,1,1,0.0007750000000000001,-0.049635000000000006,0.000465,0.05,0.0001,0
14,h3,h9,0,1.0,0.0019066666666666668,0.0023833333333333332,2.0,0.0,0.0,0.0,0.0,"of:0000000000000002:1 -> of:000000000000000b:4, of:000000000000000b:5 -> of:0000000000000003:1",1,1,1,0.0014776666666666666,-0.049213400000000004,0.0008866,0.05,0.0001,0
14,h4,h10,0,1.0,0.0019066666666666668,0.0023833333333333332,2.0,0.0,0.0,0.0,0.0,"of:0000000000000002:1 -> of:000000000000000b:4, of:000000000000000b:5 -> of:0000000000000003:1",1,1,1,0.0014776666666666666,-0.049213400000000004,0.0008866,0.05,0.0001,0
14,h4,h11,0,1.0,0.0019066666666666668,0.0023833333333333332,2.0,0.0,0.0,0.0,0.0,"of:0000000000000002:1 -> of:000000000000000b:4, of:000000000000000b:5 -> of:0000000000000003:1",1,1,1,0.0014776666666666666,-0.049213400000000004,0.0008866,0.05,0.0001,0
14,h4,h12,0,1.0,0.0019066666666666668,0.0023833333333333332,2.0,0.0,0.0,0.0,0.0,"of:0000000000000002:1 -> of:000000000000000b:4, of:000000000000000b:5 -> of:0000000000000003:1",1,1,1,0.0014776666666666666,-0.049213400000000004,0.0008866,0.05,0.0001,0
14,h4,h13,0,1.0,0.0019066666666666668,0.0023833333333333332,2.0,0.0,0.0,0.0,0.0,"of:0000000000000002:1 -> of:000000000000000b:4, of:000000000000000b:5 -> of:0000000000000003:1",1,1,1,0.0014776666666666666,-0.049213400000000004,0.0008866,0.05,0.0001,0
14,h4,h14,0,1.0,0.0019066666666666668,0.0023833333333333332,2.0,0.0,0.0,0.0,0.0,"of:0000000000000002:1 -> of:000000000000000b:4, of:000000000000000b:5 -> of:0000000000000003:1",1,1,1,0.0014776666666666666,-0.049213400000000004,0.0008866,0.05,0.0001,0
14,h4,h15,0,1.0,0.0019066666666666668,0.0023833333333333332,2.0,0.0,0.0,0.0,0.0,"of:0000000000000002:1 -> of:000000000000000b:4, of:000000000000000b:5 -> of:0000000000000003:1",1,1,1,0.0014776666666666666,-0.049213400000000004,0.0008866,0.05,0.0001,0
14,h4,h16,0,1.0,0.001,0.00125,3.0,0.0,0.0,0.0,0.0,"of:0000000000000002:1 -> of:000000000000000b:4, of:000000000000000b:2 -> of:000000000000000c:2, of:000000000000000c:4 -> of:0000000000000004:1",1,1,1,0.0007750000000000001,-0.049635000000000006,0.000465,0.05,0.0001,0
14,h4,h17,0,1.0,0.001,0.00125,3.0,0.0,0.0,0.0,0.0,"of:0000000000000002:1 -> of:000000000000000b:4, of:000000000000000b:2 -> of:000000000000000c:2, of:000000000000000c:4 -> of:0000000000000004:1",1,1,1,0.0007750000000000001,-0.049635000000000006,0.000465,0.05,0.0001,0
14,h4,h18,0,1.0,0.001,0.00125,3.0,0.0,0.0,0.0,0.0,"of:0000000000000002:1 -> of:000000000000000b:4, of:000000000000000b:2 -> of:000000000000000c:2, of:000000000000000c:4 -> of:0000000000000004:1",1,1,1,0.0007750000000000001,-0.049635000000000006,0.000465,0.05,0.0001,0
14,h4,h19,0,1.0,0.001,0.00125,3.0,0.0,0.0,0.0,0.0,"of:0000000000000002:1 -> of:000000000000000b:4, of:000000000000000b:2 -> of:000000000000000c:2, of:000000000000000c:4 -> of:0000000000000004:1",1,1,1,0.0007750000000000001,-0.049635000000000006,0.000465,0.05,0.0001,0
14,h4,h20,0,1.0,0.001,0.00125,3.0,0.0,0.0,0.0,0.0,"of:0000000000000002:1 -> of:000000000000000b:4, of:000000000000000b:2 -> of:000000000000000c:2, of:000000000000000c:4 -> of:0000000000000004:1",1,1,1,0.0007750000000000001,-0.049635000000000006,0.000465,0.05,0.0001,0
14,h4,h21,0,1.0,0.001,0.00125,3.0,0.0,0.0,0.0,0.0,"of:0000000000000002:1 -> of:000000000000000b:4, of:000000000000000b:2 -> of:000000000000000c:2, of:000000000000000c:4 -> of:0000000000000004:1",1,1,1,0.0007750000000000001,-0.049635000000000006,0.000465,0.05,0.0001,0
14,h4,h22,0,1.0,0.001,0.00125,3.0,0.0,0.0,0.0,0.0,"of:0000000000000002:1 -> of:000000000000000b:4, of:000000000000000b:2 -> of:000000000000000c:2, of:000000000000000c:5 -> of:0000000000000005:1",1,1,1,0.0007750000000000001,-0.049635000000000006,0.000465,0.05,0.0001,0
14,h4,h23,0,1.0,0.001,0.00125,3.0,0.0,0.0,0.0,0.0,"of:0000000000000002:1 -> of:000000000000000b:4, of:000000000000000b:2 -> of:000000000000000c:2, of:000000000000000c:5 -> of:0000000000000005:1",1,1,1,0.0007750000000000001,-0.049635000000000006,0.000465,0.05,0.0001,0
14,h4,h24,0,1.0,0.001,0.00125,3.0,0.0,0.0,0.0,0.0,"of:0000000000000002:1 -> of:000000000000000b:4, of:000000000000000b:2 -> of:000000000000000c:2, of:000000000000000c:5 -> of:0000000000000005:1",1,1,1,0.0007750000000000001,-0.049635000000000006,0.000465,0.05,0.0001,0
14,h4,h25,0,1.0,0.001,0.00125,3.0,0.0,0.0,0.0,0.0,"of:0000000000000002:1 -> of:000000000000000b:4, of:000000000000000b:2 -> of:000000000000000c:2, of:000000000000000c:5 -> of:0000000000000005:1",1,1,1,0.0007750000000000001,-0.049635000000000006,0.000465,0.05,0.0001,0
14,h4,h26,0,1.0,0.001,0.00125,3.0,0.0,0.0,0.0,0.0,"of:0000000000000002:1 -> of:000000000000000b:4, of:000000000000000b:2 -> of:000000000000000c:2, of:000000000000000c:5 -> of:0000000000000005:1",1,1,1,0.0007750000000000001,-0.049635000000000006,0.000465,0.05,0.0001,0
14,h4,h27,0,1.0,0.001,0.00125,3.0,0.0,0.0,0.0,0.0,"of:0000000000000002:1 -> of:000000000000000b:4, of:000000000000000b:2 -> of:000000000000000c:2, of:000000000000000c:5 -> of:0000000000000005:1",1,1,1,0.0007750000000000001,-0.049635000000000006,0.000465,0.05,0.0001,0
14,h4,h28,0,1.0,0.001,0.00125,3.0,0.0,0.0,0.0,0.0,"of:0000000000000002:1 -> of:000000000000000b:4, of:000000000000000b:3 -> of:000000000000000d:2, of:000000000000000d:4 -> of:0000000000000006:1",1,1,1,0.0007750000000000001,-0.049635000000000006,0.000465,0.05,0.0001,0
14,h4,h29,0,1.0,0.001,0.00125,3.0,0.0,0.0,0.0,0.0,"of:0000000000000002:1 -> of:000000000000000b:4, of:000000000000000b:3 -> of:000000000000000d:2, of:000000000000000d:4 -> of:0000000000000006:1",1,1,1,0.0007750000000000001,-0.049635000000000006,0.000465,0.05,0.0001,0
14,h4,h30,0,1.0,0.001,0.00125,3.0,0.0,0.7777777777777778,0.0,0.0,"of:0000000000000002:1 -> of:000000000000000b:4, of:000000000000000b:3 -> of:000000000000000d:2, of:000000000000000d:4 -> of:0000000000000006:1",1,1,1,0.07855277777777778,-0.0029683333333333406,0.04713166666666666,0.05,0.0001,0
14,h4,h31,0,1.0,0.001,0.00125,3.0,0.0,0.0,0.0,0.0,"of:0000000000000002:1 -> of:000000000000000b:4, of:000000000000000b:3 -> of:000000000000000d:2, of:000000000000000d:4 -> of:0000000000000006:1",1,1,1,0.0007750000000000001,-0.049635000000000006,0.000465,0.05,0.0001,0
14,h4,h32,0,1.0,0.001,0.00125,3.0,0.0,0.4444444444444444,0.0,0.0,"of:0000000000000002:1 -> of:000000000000000b:4, of:000000000000000b:3 -> of:000000000000000d:2, of:000000000000000d:4 -> of:0000000000000006:1",1,1,1,0.045219444444444444,-0.022968333333333337,0.027131666666666665,0.05,0.0001,0
14,h4,h33,0,1.0,0.001,0.00125,3.0,0.0,0.8888888888888888,0.0,0.0,"of:0000000000000002:1 -> of:000000000000000b:4, of:000000000000000b:3 -> of:000000000000000d:2, of:000000000000000d:4 -> of:0000000000000006:1",1,1,1,0.08966388888888889,0.0036983333333333273,0.05379833333333333,0.05,0.0001,1
14,h4,h34,0,1.0,0.001,0.00125,3.0,0.0,0.6666666666666667,0.0,0.0,"of:0000000000000002:1 -> of:000000000000000b:4, of:000000000000000b:3 -> of:000000000000000d:2, of:000000000000000d:5 -> of:0000000000000007:1",1,1,1,0.06744166666666668,-0.009634999999999994,0.04046500000000001,0.05,0.0001,0
14,h4,h35,0,1.0,0.001,0.00125,3.0,0.0,1.0,0.0,0.0,"of:0000000000000002:1 -> of:000000000000000b:4, of:000000000000000b:3 -> of:000000000000000d:2, of:000000000000000d:5 -> of:0000000000000007:1",1,1,1,0.100775,0.010364999999999996,0.060465,0.05,0.0001,1
14,h4,h36,0,1.0,0.001,0.00125,3.0,0.0,0.11111111111111116,0.0,0.0,"of:0000000000000002:1 -> of:000000000000000b:4, of:000000000000000b:3 -> of:000000000000000d:2, of:000000000000000d:5 -> of:0000000000000007:1",1,1,1,0.011886111111111116,-0.04296833333333334,0.00713166666666667,0.05,0.0001,0
14,h4,h37,0,1.0,0.001,0.00125,3.0,0.0,0.33333333333333337,0.0,0.0,"of:0000000000000002:1 -> of:000000000000000b:4, of:000000000000000b:3 -> of:000000000000000d:2, of:000000000000000d:5 -> of:0000000000000007:1",1,1,1,0.03410833333333334,-0.029635,0.020465,0.05,0.0001,0
14,h4,h38,0,1.0,0.001,0.00125,3.0,0.0,0.5555555555555556,0.0,0.0,"of:0000000000000002:1 -> of:000000000000000b:4, of:000000000000000b:3 -> of:000000000000000d:2, of:000000000000000d:5 -> of:0000000000000007:1",1,1,1,0.05633055555555556,-0.01630166666666667,0.03379833333333333,0.05,0.0001,0
14,h4,h39,0,1.0,0.001,0.00125,3.0,0.0,0.2222222222222222,0.0,0.0,"of:0000000000000002:1 -> of:000000000000000b:4, of:000000000000000b:3 -> of:000000000000000d:2, of:000000000000000d:5 -> of:0000000000000007:1",1,1,1,0.022997222222222224,-0.03630166666666667,0.013798333333333334,0.05,0.0001,0
14,h4,h40,0,1.0,0.001,0.00125,3.0,0.0,0.0,0.0,0.0,"of:0000000000000002:1 -> of:000000000000000b:4, of:000000000000000b:3 -> of:000000000000000d:2, of:000000000000000d:5 -> of:0000000000000007:1",1,1,1,0.0007750000000000001,-0.049635000000000006,0.000465,0.05,0.0001,0
14,h4,h9,0,1.0,0.0019066666666666668,0.0023833333333333332,2.0,0.0,0.0,0.0,0.0,"of:0000000000000002:1 -> of:000000000000000b:4, of:000000000000000b:5 -> of:0000000000000003:1",1,1,1,0.0014776666666666666,-0.049213400000000004,0.0008866,0.05,0.0001,0
15,h1,h10,8,0.06666666666666667,0.001,0.00125,4.0,0.6666666666666666,0.0,0.0,0.0,"of:0000000000000003:2 -> of:0000000000000008:3, of:0000000000000008:1 -> of:000000000000000b:6, of:000000000000000b:3 -> of:000000000000000d:2, of:000000000000000d:1 -> of:0000000000000001:3",1,1,1,0.0007750000000000001,-0.050069,3.1e-05,0.05,0.0001,0
15,h1,h11,0,0.2,0.0019066666666666668,0.0023833333333333332,2.0,0.0,0.0,0.0,0.0,"of:0000000000000003:1 -> of:000000000000000b:5, of:000000000000000b:1 -> of:0000000000000001:1",1,1,1,0.0014776666666666666,-0.049922680000000004,0.00017732,0.05,0.0001,0
15,h10,h16,0,1.0,0.0019066666666666668,0.0023833333333333332,3.0,0.0,0.0,0.0,0.0,"of:0000000000000003:1 -> of:000000000000000b:5, of:000000000000000b:2 -> of:000000000000000c:2, of:000000000000000c:4 -> of:0000000000000004:1",1,1,1,0.0014776666666666666,-0.049213400000000004,0.0008866,0.05,0.0001,0
15,h10,h17,0,1.0,0.0019066666666666668,0.0023833333333333332,3.0,0.0,0.0,0.0,0.0,"of:0000000000000003:1 -> of:000000000000000b:5, of:000000000000000b:2 -> of:000000000000000c:2, of:000000000000000c:4 -> of:0000000000000004:1",1,1,1,0.0014776666666666666,-0.049213400000000004,0.0008866,0.05,0.0001,0
15,h10,h18,0,1.0,0.0019066666666666668,0.0023833333333333332,3.0,0.0,0.0,0.0,0.0,"of:0000000000000003:1 -> of:000000000000000b:5, of:000000000000000b:2 -> of:000000000000000c:2, of:000000000000000c:4 -> of:0000000000000004:1",1,1,1,0.0014776666666666666,-0.049213400000000004,0.0008866,0.05,0.0001,0
15,h10,h19,0,1.0,0.0019066666666666668,0.0023833333333333332,3.0,0.0,0.0,0.0,0.0,"of:0000000000000003:1 -> of:000000000000000b:5, of:000000000000000b:2 -> of:000000000000000c:2, of:000000000000000c:4 -> of:0000000000000004:1",1,1,1,0.0014776666666666666,-0.049213400000000004,0.0008866,0.05,0.0001,0
15,h10,h20,0,1.0,0.0019066666666666668,0.0023833333333333332,3.0,0.0,0.0,0.0,0.0,"of:0000000000000003:1 -> of:000000000000000b:5, of:000000000000000b:2 -> of:000000000000000c:2, of:000000000000000c:4 -> of:0000000000000004:1",1,1,1,0.0014776666666666666,-0.049213400000000004,0.0008866,0.05,0.0001,0
15,h10,h21,0,1.0,0.0019066666666666668,0.0023833333333333332,3.0,0.0,0.0,0.0,0.0,"of:0000000000000003:1 -> of:000000000000000b:5, of:000000000000000b:2 -> of:000000000000000c:2, of:000000000000000c:4 -> of:0000000000000004:1",1,1,1,0.0014776666666666666,-0.049213400000000004,0.0008866,0.05,0.0001,0
15,h10,h22,0,1.0,0.0019066666666666668,0.0023833333333333332,3.0,0.0,0.0,0.0,0.0,"of:0000000000000003:1 -> of:000000000000000b:5, of:000000000000000b:2 -> of:000000000000000c:2, of:000000000000000c:5 -> of:0000000000000005:1",1,1,1,0.0014776666666666666,-0.049213400000000004,0.0008866,0.05,0.0001,0
15,h10,h23,0,1.0,0.0019066666666666668,0.0023833333333333332,3.0,0.0,0.0,0.0,0.0,"of:0000000000000003:1 -> of:000000000000000b:5, of:000000000000000b:2 -> of:000000000000000c:2, of:000000000000000c:5 -> of:0000000000000005:1",1,1,1,0.0014776666666666666,-0.049213400000000004,0.0008866,0.05,0.0001,0
15,h10,h24,0,1.0,0.0019066666666666668,0.0023833333333333332,3.0,0.0,0.0,0.0,0.0,"of:0000000000000003:1 -> of:000000000000000b:5, of:000000000000000b:2 -> of:000000000000000c:2, of:000000000000000c:5 -> of:0000000000000005:1",1,1,1,0.0014776666666666666,-0.049213400000000004,0.0008866,0.05,0.0001,0
15,h10,h25,0,1.0,0.0019066666666666668,0.0023833333333333332,3.0,0.0,0.0,0.0,0.0,"of:0000000000000003:1 -> of:000000000000000b:5, of:000000000000000b:2 -> of:000000000000000c:2, of:000000000000000c:5 -> of:0000000000000005:1",1,1,1,0.0014776666666666666,-0.049213400000000004,0.0008866,0.05,0.0001,0
15,h10,h26,0,1.0,0.0019066666666666668,0.0023833333333333332,3.0,0.0,0.0,0.0,0.0,"of:0000000000000003:1 -> of:000000000000000b:5, of:000000000000000b:2 -> of:000000000000000c:2, of:000000000000000c:5 -> of:0000000000000005:1",1,1,1,0.0014776666666666666,-0.049213400000000004,0.0008866,0.05,0.0001,0
15,h10,h27,0,1.0,0.0019066666666666668,0.0023833333333333332,3.0,0.0,0.0,0.0,0.0,"of:0000000000000003:1 -> of:000000000000000b:5, of:000000000000000b:2 -> of:000000000000000c:2, of:000000000000000c:5 -> of:0000000000000005:1",1,1,1,0.0014776666666666666,-0.049213400000000004,0.0008866,0.05,0.0001,0
15,h10,h28,0,1.0,0.0019066666666666668,0.0023833333333333332,3.0,0.0,0.0,0.0,0.0,"of:0000000000000003:1 -> of:000000000000000b:5, of:000000000000000b:3 -> of:000000000000000d:2, of:000000000000000d:4 -> of:0000000000000006:1",1,1,1,0.0014776666666666666,-0.049213400000000004,0.0008866,0.05,0.0001,0
15,h10,h29,0,1.0,0.0019066666666666668,0.0023833333333333332,3.0,0.0,0.0,0.0,0.0,"of:0000000000000003:1 -> of:000000000000000b:5, of:000000000000000b:3 -> of:000000000000000d:2, of:000000000000000d:4 -> of:0000000000000006:1",1,1,1,0.0014776666666666666,-0.049213400000000004,0.0008866,0.05,0.0001,0
15,h10,h30,0,1.0,0.0019066666666666668,0.0023833333333333332,3.0,0.0,0.7777777777777778,0.0,0.0,"of:0000000000000003:1 -> of:000000000000000b:5, of:000000000000000b:3 -> of:000000000000000d:2, of:000000000000000d:4 -> of:0000000000000006:1",1,1,1,0.07925544444444445,-0.0025467333333333325,0.04755326666666667,0.05,0.0001,0
15,h10,h31,0,1.0,0.0019066666666666668,0.0023833333333333332,3.0,0.0,0.0,0.0,0.0,"of:0000000000000003:1 -> of:000000000000000b:5, of:000000000000000b:3 -> of:000000000000000d:2, of:000000000000000d:4 -> of:0000000000000006:1",1,1,1,0.0014776666666666666,-0.049213400000000004,0.0008866,0.05,0.0001,0
15,h10,h32,0,1.0,0.0019066666666666668,0.0023833333333333332,3.0,0.0,0.4444444444444444,0.0,0.0,"of:0000000000000003:1 -> of:000000000000000b:5, of:000000000000000b:3 -> of:000000000000000d:2, of:000000000000000d:4 -> of:0000000000000006:1",1,1,1,0.045922111111111115,-0.022546733333333333,0.02755326666666667,0.05,0.0001,0
15,h10,h33,0,1.0,0.0019066666666666668,0.0023833333333333332,3.0,0.0,0.8888888888888888,0.0,0.0,"of:0000000000000003:1 -> of:000000000000000b:5, of:000000000000000b:3 -> of:000000000000000d:2, of:000000000000000d:4 -> of:0000000000000006:1",1,1,1,0.09036655555555556,0.004119933333333335,0.05421993333333334,0.05,0.0001,1
15,h10,h34,0,1.0,0.0019066666666666668,0.0023833333333333332,3.0,0.0,0.6666666666666667,0.0,0.0,"of:0000000000000003:1 -> of:000000000000000b:5, of:000000000000000b:3 -> of:000000000000000d:2, of:000000000000000d:5 -> of:0000000000000007:1",1,1,1,0.06814433333333335,-0.009213399999999993,0.04088660000000001,0.05,0.0001,0
15,h10,h35,0,1.0,0.0019066666666666668,0.0023833333333333332,3.0,0.0,1.0,0.0,0.0,"of:0000000000000003:1 -> of:000000000000000b:5, of:000000000000000b:3 -> of:000000000000000d:2, of:000000000000000d:5 -> of:0000000000000007:1",1,1,1,0.10147766666666667,0.010786599999999997,0.0608866,0.05,0.0001,1
15,h10,h36,0,1.0,0.0019066666666666668,0.0023833333333333332,3.0,0.0,0.11111111111111116,0.0,0.0,"of:0000000000000003:1 -> of:000000000000000b:5, of:000000000000000b:3 -> of:000000000000000d:2, of:000000000000000d:5 -> of:0000000000000007:1",1,1,1,0.012588777777777784,-0.042546733333333336,0.00755326666666667,0.05,0.0001,0
15,h10,h37,0,1.0,0.0019066666666666668,0.0023833333333333332,3.0,0.0,0.33333333333333337,0.0,0.0,"of:0000000000000003:1 -> of:000000000000000b:5, of:000000000000000b:3 -> of:000000000000000d:2, of:000000000000000d:5 -> of:0000000000000007:1",1,1,1,0.03481100000000001,-0.029213399999999997,0.020886600000000005,0.05,0.0001,0
15,h10,h38,0,1.0,0.0019066666666666668,0.0023833333333333332,3.0,0.0,0.5555555555555556,0.0,0.0,"of:0000000000000003:1 -> of:000000000000000b:5, of:000000000000000b:3 -> of:000000000000000d:2, of:000000000000000d:5 -> of:0000000000000007:1",1,1,1,0.05703322222222223,-0.015880066666666668,0.034219933333333334,0.05,0.0001,0
15,h10,h39,0,1.0,0.0019066666666666668,0.0023833333333333332,3.0,0.0,0.2222222222222222,0.0,0.0,"of:0000000000000003:1 -> of:000000000000000b:5, of:000000000000000b:3 -> of:000000000000000d:2, of:000000000000000d:5 -> of:0000000000000007:1",1,1,1,0.02369988888888889,-0.035880066666666675,0.014219933333333332,0.05,0.0001,0
15,h10,h40,0,1.0,0.0019066666666666668,0.0023833333333333332,3.0,0.0,0.0,0.0,0.0,"of:0000000000000003:1 -> of:000000000000000b:5, of:000000000000000b:3 -> of:000000000000000d:2, of:000000000000000d:5 -> of:0000000000000007:1",1,1,1,0.0014776666666666666,-0.049213400000000004,0.0008866,0.05,0.0001,0
15,h11,h16,0,1.0,0.0019066666666666668,0.0023833333333333332,3.0,0.0,0.0,0.0,0.0,"of:0000000000000003:1 -> of:000000000000000b:5, of:000000000000000b:2 -> of:000000000000000c:2, of:000000000000000c:4 -> of:0000000000000004:1",1,1,1,0.0014776666666666666,-0.049213400000000004,0.0008866,0.05,0.0001,0
15,h11,h17,0,1.0,0.0019066666666666668,0.0023833333333333332,3.0,0.0,0.0,0.0,0.0,"of:0000000000000003:1 -> of:000000000000000b:5, of:000000000000000b:2 -> of:000000000000000c:2, of:000000000000000c:4 -> of:0000000000000004:1",1,1,1,0.0014776666666666666,-0.049213400000000004,0.0008866,0.05,0.0001,0
15,h11,h18,0,1.0,0.0019066666666666668,0.0023833333333333332,3.0,0.0,0.0,0.0,0.0,"of:0000000000000003:1 -> of:000000000000000b:5, of:000000000000000b:2 -> of:000000000000000c:2, of:000000000000000c:4 -> of:0000000000000004:1",1,1,1,0.0014776666666666666,-0.049213400000000004,0.0008866,0.05,0.0001,0
15,h11,h22,0,1.0,0.0019066666666666668,0.0023833333333333332,3.0,0.0,0.0,0.0,0.0,"of:0000000000000003:1 -> of:000000000000000b:5, of:000000000000000b:2 -> of:000000000000000c:2, of:000000000000000c:5 -> of:0000000000000005:1",1,1,1,0.0014776666666666666,-0.049213400000000004,0.0008866,0.05,0.0001,0
15,h11,h23,0,1.0,0.0019066666666666668,0.0023833333333333332,3.0,0.0,0.0,0.0,0.0,"of:0000000000000003:1 -> of:000000000000000b:5, of:000000000000000b:2 -> of:000000000000000c:2, of:000000000000000c:5 -> of:0000000000000005:1",1,1,1,0.0014776666666666666,-0.049213400000000004,0.0008866,0.05,0.0001,0
15,h2,h10,0,1.0,0.0019066666666666668,0.0023833333333333332,2.0,0.0,0.0,0.0,0.0,"of:0000000000000002:1 -> of:000000000000000b:4, of:000000000000000b:5 -> of:0000000000000003:1",1,1,1,0.0014776666666666666,-0.049213400000000004,0.0008866,0.05,0.0001,0
15,h2,h11,0,1.0,0.0019066666666666668,0.0023833333333333332,2.0,0.0,0.0,0.0,0.0,"of:0000000000000002:1 -> of:000000000000000b:4, of:000000000000000b:5 -> of:0000000000000003:1",1,1,1,0.0014776666666666666,-0.049213400000000004,0.0008866,0.05,0.0001,0
15,h3,h10,0,1.0,0.0019066666666666668,0.0023833333333333332,2.0,0.0,0.0,0.0,0.0,"of:0000000000000002:1 -> of:000000000000000b:4, of:000000000000000b:5 -> of:0000000000000003:1",1,1,1,0.0014776666666666666,-0.049213400000000004,0.0008866,0.05,0.0001,0
15,h3,h11,0,1.0,0.0019066666666666668,0.0023833333333333332,2.0,0.0,0.0,0.0,0.0,"of:0000000000000002:1 -> of:000000000000000b:4, of:000000000000000b:5 -> of:0000000000000003:1",1,1,1,0.0014776666666666666,-0.049213400000000004,0.0008866,0.05,0.0001,0
15,h4,h10,0,1.0,0.0019066666666666668,0.0023833333333333332,2.0,0.0,0.0,0.0,0.0,"of:0000000000000002:1 -> of:000000000000000b:4, of:000000000000000b:5 -> of:0000000000000003:1",1,1,1,0.0014776666666666666,-0.049213400000000004,0.0008866,0.05,0.0001,0
15,h4,h11,0,1.0,0.0019066666666666668,0.0023833333333333332,2.0,0.0,0.0,0.0,0.0,"of:0000000000000002:1 -> of:000000000000000b:4, of:000000000000000b:5 -> of:0000000000000003:1",1,1,1,0.0014776666666666666,-0.049213400000000004,0.0008866,0.05,0.0001,0
15,h5,h10,0,1.0,0.0019066666666666668,0.0023833333333333332,2.0,0.0,0.0,0.0,0.0,"of:0000000000000002:1 -> of:000000000000000b:4, of:000000000000000b:5 -> of:0000000000000003:1",1,1,1,0.0014776666666666666,-0.049213400000000004,0.0008866,0.05,0.0001,0
15,h5,h11,0,1.0,0.0019066666666666668,0.0023833333333333332,2.0,0.0,0.0,0.0,0.0,"of:0000000000000002:1 -> of:000000000000000b:4, of:000000000000000b:5 -> of:0000000000000003:1",1,1,1,0.0014776666666666666,-0.049213400000000004,0.0008866,0.05,0.0001,0
15,h6,h10,0,1.0,0.0019066666666666668,0.0023833333333333332,2.0,0.0,0.0,0.0,0.0,"of:0000000000000002:1 -> of:000000000000000b:4, of:000000000000000b:5 -> of:0000000000000003:1",1,1,1,0.0014776666666666666,-0.049213400000000004,0.0008866,0.05,0.0001,0
15,h6,h11,0,1.0,0.0019066666666666668,0.0023833333333333332,2.0,0.0,0.0,0.0,0.0,"of:0000000000000002:1 -> of:000000000000000b:4, of:000000000000000b:5 -> of:0000000000000003:1",1,1,1,0.0014776666666666666,-0.049213400000000004,0.0008866,0.05,0.0001,0
15,h7,h10,0,1.0,0.0019066666666666668,0.0023833333333333332,2.0,0.0,0.0,0.0,0.0,"of:0000000000000002:1 -> of:000000000000000b:4, of:000000000000000b:5 -> of:0000000000000003:1",1,1,1,0.0014776666666666666,-0.049213400000000004,0.0008866,0.05,0.0001,0
15,h7,h11,0,1.0,0.0019066666666666668,0.0023833333333333332,2.0,0.0,0.0,0.0,0.0,"of:0000000000000002:1 -> of:000000000000000b:4, of:000000000000000b:5 -> of:0000000000000003:1",1,1,1,0.0014776666666666666,-0.049213400000000004,0.0008866,0.05,0.0001,0
15,h7,h9,0,1.0,0.0019066666666666668,0.0023833333333333332,2.0,0.0,0.0,0.0,0.0,"of:0000000000000002:1 -> of:000000000000000b:4, of:000000000000000b:5 -> of:0000000000000003:1",1,1,1,0.0014776666666666666,-0.049213400000000004,0.0008866,0.05,0.0001,0
15,h8,h10,0,1.0,0.0019066666666666668,0.0023833333333333332,2.0,0.0,0.0,0.0,0.0,"of:0000000000000002:1 -> of:000000000000000b:4, of:000000000000000b:5 -> of:0000000000000003:1",1,1,1,0.0014776666666666666,-0.049213400000000004,0.0008866,0.05,0.0001,0
15,h8,h11,0,1.0,0.0019066666666666668,0.0023833333333333332,2.0,0.0,0.0,0.0,0.0,"of:0000000000000002:1 -> of:000000000000000b:4, of:000000000000000b:5 -> of:0000000000000003:1",1,1,1,0.0014776666666666666,-0.049213400000000004,0.0008866,0.05,0.0001,0
15,h8,h9,0,1.0,0.0019066666666666668,0.0023833333333333332,2.0,0.0,0.0,0.0,0.0,"of:0000000000000002:1 -> of:000000000000000b:4, of:000000000000000b:5 -> of:0000000000000003:1",1,1,1,0.0014776666666666666,-0.049213400000000004,0.0008866,0.05,0.0001,0
15,h9,h16,0,1.0,0.0019066666666666668,0.0023833333333333332,3.0,0.0,0.0,0.0,0.0,"of:0000000000000003:1 -> of:000000000000000b:5, of:000000000000000b:2 -> of:000000000000000c:2, of:000000000000000c:4 -> of:0000000000000004:1",1,1,1,0.0014776666666666666,-0.049213400000000004,0.0008866,0.05,0.0001,0
15,h9,h17,0,1.0,0.0019066666666666668,0.0023833333333333332,3.0,0.0,0.0,0.0,0.0,"of:0000000000000003:1 -> of:000000000000000b:5, of:000000000000000b:2 -> of:000000000000000c:2, of:000000000000000c:4 -> of:0000000000000004:1",1,1,1,0.0014776666666666666,-0.049213400000000004,0.0008866,0.05,0.0001,0
15,h9,h18,0,1.0,0.0019066666666666668,0.0023833333333333332,3.0,0.0,0.0,0.0,0.0,"of:0000000000000003:1 -> of:000000000000000b:5, of:000000000000000b:2 -> of:000000000000000c:2, of:000000000000000c:4 -> of:0000000000000004:1",1,1,1,0.0014776666666666666,-0.049213400000000004,0.0008866,0.05,0.0001,0
15,h9,h19,0,1.0,0.0019066666666666668,0.0023833333333333332,3.0,0.0,0.0,0.0,0.0,"of:0000000000000003:1 -> of:000000000000000b:5, of:000000000000000b:2 -> of:000000000000000c:2, of:000000000000000c:4 -> of:0000000000000004:1",1,1,1,0.0014776666666666666,-0.049213400000000004,0.0008866,0.05,0.0001,0
15,h9,h20,0,1.0,0.0019066666666666668,0.0023833333333333332,3.0,0.0,0.0,0.0,0.0,"of:0000000000000003:1 -> of:000000000000000b:5, of:000000000000000b:2 -> of:000000000000000c:2, of:000000000000000c:4 -> of:0000000000000004:1",1,1,1,0.0014776666666666666,-0.049213400000000004,0.0008866,0.05,0.0001,0
15,h9,h21,0,1.0,0.0019066666666666668,0.0023833333333333332,3.0,0.0,0.0,0.0,0.0,"of:0000000000000003:1 -> of:000000000000000b:5, of:000000000000000b:2 -> of:000000000000000c:2, of:000000000000000c:4 -> of:0000000000000004:1",1,1,1,0.0014776666666666666,-0.049213400000000004,0.0008866,0.05,0.0001,0
15,h9,h22,0,1.0,0.0019066666666666668,0.0023833333333333332,3.0,0.0,0.0,0.0,0.0,"of:0000000000000003:1 -> of:000000000000000b:5, of:000000000000000b:2 -> of:000000000000000c:2, of:000000000000000c:5 -> of:0000000000000005:1",1,1,1,0.0014776666666666666,-0.049213400000000004,0.0008866,0.05,0.0001,0
15,h9,h23,0,1.0,0.0019066666666666668,0.0023833333333333332,3.0,0.0,0.0,0.0,0.0,"of:0000000000000003:1 -> of:000000000000000b:5, of:000000000000000b:2 -> of:000000000000000c:2, of:000000000000000c:5 -> of:0000000000000005:1",1,1,1,0.0014776666666666666,-0.049213400000000004,0.0008866,0.05,0.0001,0
15,h9,h24,0,1.0,0.0019066666666666668,0.0023833333333333332,3.0,0.0,0.0,0.0,0.0,"of:0000000000000003:1 -> of:000000000000000b:5, of:000000000000000b:2 -> of:000000000000000c:2, of:000000000000000c:5 -> of:0000000000000005:1",1,1,1,0.0014776666666666666,-0.049213400000000004,0.0008866,0.05,0.0001,0
15,h9,h25,0,1.0,0.0019066666666666668,0.0023833333333333332,3.0,0.0,0.0,0.0,0.0,"of:0000000000000003:1 -> of:000000000000000b:5, of:000000000000000b:2 -> of:000000000000000c:2, of:000000000000000c:5 -> of:0000000000000005:1",1,1,1,0.0014776666666666666,-0.049213400000000004,0.0008866,0.05,0.0001,0
15,h9,h26,0,1.0,0.0019066666666666668,0.0023833333333333332,3.0,0.0,0.0,0.0,0.0,"of:0000000000000003:1 -> of:000000000000000b:5, of:000000000000000b:2 -> of:000000000000000c:2, of:000000000000000c:5 -> of:0000000000000005:1",1,1,1,0.0014776666666666666,-0.049213400000000004,0.0008866,0.05,0.0001,0
15,h9,h27,0,1.0,0.0019066666666666668,0.0023833333333333332,3.0,0.0,0.0,0.0,0.0,"of:0000000000000003:1 -> of:000000000000000b:5, of:000000000000000b:2 -> of:000000000000000c:2, of:000000000000000c:5 -> of:0000000000000005:1",1,1,1,0.0014776666666666666,-0.049213400000000004,0.0008866,0.05,0.0001,0
15,h9,h28,0,1.0,0.0019066666666666668,0.0023833333333333332,3.0,0.0,0.0,0.0,0.0,"of:0000000000000003:1 -> of:000000000000000b:5, of:000000000000000b:3 -> of:000000000000000d:2, of:000000000000000d:4 -> of:0000000000000006:1",1,1,1,0.0014776666666666666,-0.049213400000000004,0.0008866,0.05,0.0001,0
15,h9,h29,0,1.0,0.0019066666666666668,0.0023833333333333332,3.0,0.0,0.0,0.0,0.0,"of:0000000000000003:1 -> of:000000000000000b:5, of:000000000000000b:3 -> of:000000000000000d:2, of:000000000000000d:4 -> of:0000000000000006:1",1,1,1,0.0014776666666666666,-0.049213400000000004,0.0008866,0.05,0.0001,0
15,h9,h30,0,1.0,0.0019066666666666668,0.0023833333333333332,3.0,0.0,0.7777777777777778,0.0,0.0,"of:0000000000000003:1 -> of:000000000000000b:5, of:000000000000000b:3 -> of:000000000000000d:2, of:000000000000000d:4 -> of:0000000000000006:1",1,1,1,0.07925544444444445,-0.0025467333333333325,0.04755326666666667,0.05,0.0001,0
15,h9,h31,0,1.0,0.0019066666666666668,0.0023833333333333332,3.0,0.0,0.0,0.0,0.0,"of:0000000000000003:1 -> of:000000000000000b:5, of:000000000000000b:3 -> of:000000000000000d:2, of:000000000000000d:4 -> of:0000000000000006:1",1,1,1,0.0014776666666666666,-0.049213400000000004,0.0008866,0.05,0.0001,0
15,h9,h32,0,1.0,0.0019066666666666668,0.0023833333333333332,3.0,0.0,0.4444444444444444,0.0,0.0,"of:0000000000000003:1 -> of:000000000000000b:5, of:000000000000000b:3 -> of:000000000000000d:2, of:000000000000000d:4 -> of:0000000000000006:1",1,1,1,0.045922111111111115,-0.022546733333333333,0.02755326666666667,0.05,0.0001,0
15,h9,h33,0,1.0,0.0019066666666666668,0.0023833333333333332,3.0,0.0,0.8888888888888888,0.0,0.0,"of:0000000000000003:1 -> of:000000000000000b:5, of:000000000000000b:3 -> of:000000000000000d:2, of:000000000000000d:4 -> of:0000000000000006:1",1,1,1,0.09036655555555556,0.004119933333333335,0.05421993333333334,0.05,0.0001,1
15,h9,h34,0,1.0,0.0019066666666666668,0.0023833333333333332,3.0,0.0,0.6666666666666667,0.0,0.0,"of:0000000000000003:1 -> of:000000000000000b:5, of:000000000000000b:3 -> of:000000000000000d:2, of:000000000000000d:5 -> of:0000000000000007:1",1,1,1,0.06814433333333335,-0.009213399999999993,0.04088660000000001,0.05,0.0001,0
15,h9,h35,0,1.0,0.0019066666666666668,0.0023833333333333332,3.0,0.0,1.0,0.0,0.0,"of:0000000000000003:1 -> of:000000000000000b:5, of:000000000000000b:3 -> of:000000000000000d:2, of:000000000000000d:5 -> of:0000000000000007:1",1,1,1,0.10147766666666667,0.010786599999999997,0.0608866,0.05,0.0001,1
15,h9,h36,0,1.0,0.0019066666666666668,0.0023833333333333332,3.0,0.0,0.11111111111111116,0.0,0.0,"of:0000000000000003:1 -> of:000000000000000b:5, of:000000000000000b:3 -> of:000000000000000d:2, of:000000000000000d:5 -> of:0000000000000007:1",1,1,1,0.012588777777777784,-0.042546733333333336,0.00755326666666667,0.05,0.0001,0
15,h9,h37,0,1.0,0.0019066666666666668,0.0023833333333333332,3.0,0.0,0.33333333333333337,0.0,0.0,"of:0000000000000003:1 -> of:000000000000000b:5, of:000000000000000b:3 -> of:000000000000000d:2, of:000000000000000d:5 -> of:0000000000000007:1",1,1,1,0.03481100000000001,-0.029213399999999997,0.020886600000000005,0.05,0.0001,0
15,h9,h38,0,1.0,0.0019066666666666668,0.0023833333333333332,3.0,0.0,0.5555555555555556,0.0,0.0,"of:0000000000000003:1 -> of:000000000000000b:5, of:000000000000000b:3 -> of:000000000000000d:2, of:000000000000000d:5 -> of:0000000000000007:1",1,1,1,0.05703322222222223,-0.015880066666666668,0.034219933333333334,0.05,0.0001,0
15,h9,h39,0,1.0,0.0019066666666666668,0.0023833333333333332,3.0,0.0,0.2222222222222222,0.0,0.0,"of:0000000000000003:1 -> of:000000000000000b:5, of:000000000000000b:3 -> of:000000000000000d:2, of:000000000000000d:5 -> of:0000000000000007:1",1,1,1,0.02369988888888889,-0.035880066666666675,0.014219933333333332,0.05,0.0001,0
15,h9,h40,0,1.0,0.0019066666666666668,0.0023833333333333332,3.0,0.0,0.0,0.0,0.0,"of:0000000000000003:1 -> of:000000000000000b:5, of:000000000000000b:3 -> of:000000000000000d:2, of:000000000000000d:5 -> of:0000000000000007:1",1,1,1,0.0014776666666666666,-0.049213400000000004,0.0008866,0.05,0.0001,0
16,h1,h16,0,0.06666666666666667,0.001,0.00125,2.0,0.0,0.0,0.0,0.0,"of:0000000000000004:1 -> of:000000000000000c:4, of:000000000000000c:1 -> of:0000000000000001:2",1,1,1,0.0007750000000000001,-0.050069,3.1e-05,0.05,0.0001,0
16,h1,h17,0,0.5333333333333333,0.001,0.00125,2.0,0.0,0.0,0.0,0.0,"of:0000000000000004:1 -> of:000000000000000c:4, of:000000000000000c:1 -> of:0000000000000001:2",1,1,1,0.0007750000000000001,-0.04985200000000001,0.000248,0.05,0.0001,0
16,h10,h16,0,1.0,0.0019066666666666668,0.0023833333333333332,3.0,0.0,0.0,0.0,0.0,"of:0000000000000003:1 -> of:000000000000000b:5, of:000000000000000b:2 -> of:000000000000000c:2, of:000000000000000c:4 -> of:0000000000000004:1",1,1,1,0.0014776666666666666,-0.049213400000000004,0.0008866,0.05,0.0001,0
16,h10,h17,0,1.0,0.0019066666666666668,0.0023833333333333332,3.0,0.0,0.0,0.0,0.0,"of:0000000000000003:1 -> of:000000000000000b:5, of:000000000000000b:2 -> of:000000000000000c:2, of:000000000000000c:4 -> of:0000000000000004:1",1,1,1,0.0014776666666666666,-0.049213400000000004,0.0008866,0.05,0.0001,0
16,h11,h16,0,1.0,0.0019066666666666668,0.0023833333333333332,3.0,0.0,0.0,0.0,0.0,"of:0000000000000003:1 -> of:000000000000000b:5, of:000000000000000b:2 -> of:000000000000000c:2, of:000000000000000c:4 -> of:0000000000000004:1",1,1,1,0.0014776666666666666,-0.049213400000000004,0.0008866,0.05,0.0001,0
16,h11,h17,0,1.0,0.0019066666666666668,0.0023833333333333332,3.0,0.0,0.0,0.0,0.0,"of:0000000000000003:1 -> of:000000000000000b:5, of:000000000000000b:2 -> of:000000000000000c:2, of:000000000000000c:4 -> of:0000000000000004:1",1,1,1,0.0014776666666666666,-0.049213400000000004,0.0008866,0.05,0.0001,0
16,h12,h16,0,1.0,0.0019066666666666668,0.0023833333333333332,3.0,0.0,0.0,0.0,0.0,"of:0000000000000003:1 -> of:000000000000000b:5, of:000000000000000b:2 -> of:000000000000000c:2, of:000000000000000c:4 -> of:0000000000000004:1",1,1,1,0.0014776666666666666,-0.049213400000000004,0.0008866,0.05,0.0001,0
16,h12,h17,0,1.0,0.0019066666666666668,0.0023833333333333332,3.0,0.0,0.0,0.0,0.0,"of:0000000000000003:1 -> of:000000000000000b:5, of:000000000000000b:2 -> of:000000000000000c:2, of:000000000000000c:4 -> of:0000000000000004:1",1,1,1,0.0014776666666666666,-0.049213400000000004,0.0008866,0.05,0.0001,0
16,h13,h16,0,1.0,0.0019066666666666668,0.0023833333333333332,3.0,0.0,0.0,0.0,0.0,"of:0000000000000003:1 -> of:000000000000000b:5, of:000000000000000b:2 -> of:000000000000000c:2, of:000000000000000c:4 -> of:0000000000000004:1",1,1,1,0.0014776666666666666,-0.049213400000000004,0.0008866,0.05,0.0001,0
16,h13,h17,0,1.0,0.0019066666666666668,0.0023833333333333332,3.0,0.0,0.0,0.0,0.0,"of:0000000000000003:1 -> of:000000000000000b:5, of:000000000000000b:2 -> of:000000000000000c:2, of:000000000000000c:4 -> of:0000000000000004:1",1,1,1,0.0014776666666666666,-0.049213400000000004,0.0008866,0.05,0.0001,0
16,h14,h16,0,1.0,0.0019066666666666668,0.0023833333333333332,3.0,0.0,0.0,0.0,0.0,"of:0000000000000003:1 -> of:000000000000000b:5, of:000000000000000b:2 -> of:000000000000000c:2, of:000000000000000c:4 -> of:0000000000000004:1",1,1,1,0.0014776666666666666,-0.049213400000000004,0.0008866,0.05,0.0001,0
16,h14,h17,0,1.0,0.0019066666666666668,0.0023833333333333332,3.0,0.0,0.0,0.0,0.0,"of:0000000000000003:1 -> of:000000000000000b:5, of:000000000000000b:2 -> of:000000000000000c:2, of:000000000000000c:4 -> of:0000000000000004:1",1,1,1,0.0014776666666666666,-0.049213400000000004,0.0008866,0.05,0.0001,0
16,h15,h16,0,1.0,0.0019066666666666668,0.0023833333333333332,3.0,0.0,0.0,0.0,0.0,"of:0000000000000003:1 -> of:000000000000000b:5, of:000000000000000b:2 -> of:000000000000000c:2, of:000000000000000c:4 -> of:0000000000000004:1",1,1,1,0.0014776666666666666,-0.049213400000000004,0.0008866,0.05,0.0001,0
16,h15,h17,0,1.0,0.0019066666666666668,0.0023833333333333332,3.0,0.0,0.0,0.0,0.0,"of:0000000000000003:1 -> of:000000000000000b:5, of:000000000000000b:2 -> of:000000000000000c:2, of:000000000000000c:4 -> of:0000000000000004:1",1,1,1,0.0014776666666666666,-0.049213400000000004,0.0008866,0.05,0.0001,0
16,h15,h18,0,1.0,0.0019066666666666668,0.0023833333333333332,3.0,0.0,0.0,0.0,0.0,"of:0000000000000003:1 -> of:000000000000000b:5, of:000000000000000b:2 -> of:000000000000000c:2, of:000000000000000c:4 -> of:0000000000000004:1",1,1,1,0.0014776666666666666,-0.049213400000000004,0.0008866,0.05,0.0001,0
16,h15,h19,0,1.0,0.0019066666666666668,0.0023833333333333332,3.0,0.0,0.0,0.0,0.0,"of:0000000000000003:1 -> of:000000000000000b:5, of:000000000000000b:2 -> of:000000000000000c:2, of:000000000000000c:4 -> of:0000000000000004:1",1,1,1,0.0014776666666666666,-0.049213400000000004,0.0008866,0.05,0.0001,0
16,h15,h20,0,1.0,0.0019066666666666668,0.0023833333333333332,3.0,0.0,0.0,0.0,0.0,"of:0000000000000003:1 -> of:000000000000000b:5, of:000000000000000b:2 -> of:000000000000000c:2, of:000000000000000c:4 -> of:0000000000000004:1",1,1,1,0.0014776666666666666,-0.049213400000000004,0.0008866,0.05,0.0001,0
16,h15,h21,0,1.0,0.0019066666666666668,0.0023833333333333332,3.0,0.0,0.0,0.0,0.0,"of:0000000000000003:1 -> of:000000000000000b:5, of:000000000000000b:2 -> of:000000000000000c:2, of:000000000000000c:4 -> of:0000000000000004:1",1,1,1,0.0014776666666666666,-0.049213400000000004,0.0008866,0.05,0.0001,0
16,h15,h22,0,1.0,0.0019066666666666668,0.0023833333333333332,3.0,0.0,0.0,0.0,0.0,"of:0000000000000003:1 -> of:000000000000000b:5, of:000000000000000b:2 -> of:000000000000000c:2, of:000000000000000c:5 -> of:0000000000000005:1",1,1,1,0.0014776666666666666,-0.049213400000000004,0.0008866,0.05,0.0001,0
16,h15,h23,0,1.0,0.0019066666666666668,0.0023833333333333332,3.0,0.0,0.0,0.0,0.0,"of:0000000000000003:1 -> of:000000000000000b:5, of:000000000000000b:2 -> of:000000000000000c:2, of:000000000000000c:5 -> of:0000000000000005:1",1,1,1,0.0014776666666666666,-0.049213400000000004,0.0008866,0.05,0.0001,0
16,h15,h24,0,1.0,0.0019066666666666668,0.0023833333333333332,3.0,0.0,0.0,0.0,0.0,"of:0000000000000003:1 -> of:000000000000000b:5, of:000000000000000b:2 -> of:000000000000000c:2, of:000000000000000c:5 -> of:0000000000000005:1",1,1,1,0.0014776666666666666,-0.049213400000000004,0.0008866,0.05,0.0001,0
16,h15,h25,0,1.0,0.0019066666666666668,0.0023833333333333332,3.0,0.0,0.0,0.0,0.0,"of:0000000000000003:1 -> of:000000000000000b:5, of:000000000000000b:2 -> of:000000000000000c:2, of:000000000000000c:5 -> of:0000000000000005:1",1,1,1,0.0014776666666666666,-0.049213400000000004,0.0008866,0.05,0.0001,0
16,h15,h26,0,1.0,0.0019066666666666668,0.0023833333333333332,3.0,0.0,0.0,0.0,0.0,"of:0000000000000003:1 -> of:000000000000000b:5, of:000000000000000b:2 -> of:000000000000000c:2, of:000000000000000c:5 -> of:0000000000000005:1",1,1,1,0.0014776666666666666,-0.049213400000000004,0.0008866,0.05,0.0001,0
16,h15,h27,0,1.0,0.0019066666666666668,0.0023833333333333332,3.0,0.0,0.0,0.0,0.0,"of:0000000000000003:1 -> of:000000000000000b:5, of:000000000000000b:2 -> of:000000000000000c:2, of:000000000000000c:5 -> of:0000000000000005:1",1,1,1,0.0014776666666666666,-0.049213400000000004,0.0008866,0.05,0.0001,0
16,h15,h28,0,1.0,0.0019066666666666668,0.0023833333333333332,3.0,0.0,0.0,0.0,0.0,"of:0000000000000003:1 -> of:000000000000000b:5, of:000000000000000b:3 -> of:000000000000000d:2, of:000000000000000d:4 -> of:0000000000000006:1",1,1,1,0.0014776666666666666,-0.049213400000000004,0.0008866,0.05,0.0001,0
16,h15,h29,0,1.0,0.0019066666666666668,0.0023833333333333332,3.0,0.0,0.0,0.0,0.0,"of:0000000000000003:1 -> of:000000000000000b:5, of:000000000000000b:3 -> of:000000000000000d:2, of:000000000000000d:4 -> of:0000000000000006:1",1,1,1,0.0014776666666666666,-0.049213400000000004,0.0008866,0.05,0.0001,0
16,h15,h30,0,1.0,0.0019066666666666668,0.0023833333333333332,3.0,0.0,0.7777777777777778,0.0,0.0,"of:0000000000000003:1 -> of:000000000000000b:5, of:000000000000000b:3 -> of:000000000000000d:2, of:000000000000000d:4 -> of:0000000000000006:1",1,1,1,0.07925544444444445,-0.0025467333333333325,0.04755326666666667,0.05,0.0001,0
16,h15,h31,0,1.0,0.0019066666666666668,0.0023833333333333332,3.0,0.0,0.0,0.0,0.0,"of:0000000000000003:1 -> of:000000000000000b:5, of:000000000000000b:3 -> of:000000000000000d:2, of:000000000000000d:4 -> of:0000000000000006:1",1,1,1,0.0014776666666666666,-0.049213400000000004,0.0008866,0.05,0.0001,0
16,h15,h32,0,1.0,0.0019066666666666668,0.0023833333333333332,3.0,0.0,0.4444444444444444,0.0,0.0,"of:0000000000000003:1 -> of:000000000000000b:5, of:000000000000000b:3 -> of:000000000000000d:2, of:000000000000000d:4 -> of:0000000000000006:1",1,1,1,0.045922111111111115,-0.022546733333333333,0.02755326666666667,0.05,0.0001,0
16,h15,h33,0,0.06666666666666667,0.0019066666666666668,0.0023833333333333332,3.0,0.0,0.8888888888888888,0.0,0.0,"of:0000000000000003:1 -> of:000000000000000b:5, of:000000000000000b:3 -> of:000000000000000d:2, of:000000000000000d:4 -> of:0000000000000006:1",1,1,1,0.09036655555555556,-0.04648533777777778,0.0036146622222222222,0.05,0.0001,0
16,h15,h34,0,1.0,0.0019066666666666668,0.0023833333333333332,3.0,0.0,0.6666666666666667,0.0,0.0,"of:0000000000000003:1 -> of:000000000000000b:5, of:000000000000000b:3 -> of:000000000000000d:2, of:000000000000000d:5 -> of:0000000000000007:1",1,1,1,0.06814433333333335,-0.009213399999999993,0.04088660000000001,0.05,0.0001,0
16,h15,h35,0,1.0,0.0019066666666666668,0.0023833333333333332,3.0,0.0,1.0,0.0,0.0,"of:0000000000000003:1 -> of:000000000000000b:5, of:000000000000000b:3 -> of:000000000000000d:2, of:000000000000000d:5 -> of:0000000000000007:1",1,1,1,0.10147766666666667,0.010786599999999997,0.0608866,0.05,0.0001,1
16,h15,h36,0,1.0,0.0019066666666666668,0.0023833333333333332,3.0,0.0,0.11111111111111116,0.0,0.0,"of:0000000000000003:1 -> of:000000000000000b:5, of:000000000000000b:3 -> of:000000000000000d:2, of:000000000000000d:5 -> of:0000000000000007:1",1,1,1,0.012588777777777784,-0.042546733333333336,0.00755326666666667,0.05,0.0001,0
16,h15,h37,0,1.0,0.0019066666666666668,0.0023833333333333332,3.0,0.0,0.33333333333333337,0.0,0.0,"of:0000000000000003:1 -> of:000000000000000b:5, of:000000000000000b:3 -> of:000000000000000d:2, of:000000000000000d:5 -> of:0000000000000007:1",1,1,1,0.03481100000000001,-0.029213399999999997,0.020886600000000005,0.05,0.0001,0
16,h15,h38,0,1.0,0.0019066666666666668,0.0023833333333333332,3.0,0.0,0.5555555555555556,0.0,0.0,"of:0000000000000003:1 -> of:000000000000000b:5, of:000000000000000b:3 -> of:000000000000000d:2, of:000000000000000d:5 -> of:0000000000000007:1",1,1,1,0.05703322222222223,-0.015880066666666668,0.034219933333333334,0.05,0.0001,0
16,h15,h39,0,1.0,0.0019066666666666668,0.0023833333333333332,3.0,0.0,0.2222222222222222,0.0,0.0,"of:0000000000000003:1 -> of:000000000000000b:5, of:000000000000000b:3 -> of:000000000000000d:2, of:000000000000000d:5 -> of:0000000000000007:1",1,1,1,0.02369988888888889,-0.035880066666666675,0.014219933333333332,0.05,0.0001,0
16,h15,h40,0,1.0,0.0019066666666666668,0.0023833333333333332,3.0,0.0,0.0,0.0,0.0,"of:0000000000000003:1 -> of:000000000000000b:5, of:000000000000000b:3 -> of:000000000000000d:2, of:000000000000000d:5 -> of:0000000000000007:1",1,1,1,0.0014776666666666666,-0.049213400000000004,0.0008866,0.05,0.0001,0
16,h16,h22,0,1.0,0.001,0.00125,2.0,0.0,0.0,0.0,0.0,"of:0000000000000004:2 -> of:0000000000000009:2, of:0000000000000009:3 -> of:0000000000000005:2",1,1,1,0.0007750000000000001,-0.049635000000000006,0.000465,0.05,0.0001,0
16,h16,h23,0,1.0,0.001,0.00125,2.0,0.0,0.0,0.0,0.0,"of:0000000000000004:2 -> of:0000000000000009:2, of:0000000000000009:3 -> of:0000000000000005:2",1,1,1,0.0007750000000000001,-0.049635000000000006,0.000465,0.05,0.0001,0
16,h16,h24,0,1.0,0.001,0.00125,2.0,0.0,0.0,0.0,0.0,"of:0000000000000004:2 -> of:0000000000000009:2, of:0000000000000009:3 -> of:0000000000000005:2",1,1,1,0.0007750000000000001,-0.049635000000000006,0.000465,0.05,0.0001,0
16,h16,h25,0,1.0,0.001,0.00125,2.0,0.0,0.0,0.0,0.0,"of:0000000000000004:2 -> of:0000000000000009:2, of:0000000000000009:3 -> of:0000000000000005:2",1,1,1,0.0007750000000000001,-0.049635000000000006,0.000465,0.05,0.0001,0
16,h16,h26,0,1.0,0.001,0.00125,2.0,0.0,0.0,0.0,0.0,"of:0000000000000004:2 -> of:0000000000000009:2, of:0000000000000009:3 -> of:0000000000000005:2",1,1,1,0.0007750000000000001,-0.049635000000000006,0.000465,0.05,0.0001,0
16,h16,h27,0,1.0,0.001,0.00125,2.0,0.0,0.0,0.0,0.0,"of:0000000000000004:2 -> of:0000000000000009:2, of:0000000000000009:3 -> of:0000000000000005:2",1,1,1,0.0007750000000000001,-0.049635000000000006,0.000465,0.05,0.0001,0
16,h16,h28,0,1.0,0.001,0.00125,3.0,0.0,0.0,0.0,0.0,"of:0000000000000004:1 -> of:000000000000000c:4, of:000000000000000c:3 -> of:000000000000000d:3, of:000000000000000d:4 -> of:0000000000000006:1",1,1,1,0.0007750000000000001,-0.049635000000000006,0.000465,0.05,0.0001,0
16,h16,h29,0,1.0,0.001,0.00125,3.0,0.0,0.0,0.0,0.0,"of:0000000000000004:1 -> of:000000000000000c:4, of:000000000000000c:3 -> of:000000000000000d:3, of:000000000000000d:4 -> of:0000000000000006:1",1,1,1,0.0007750000000000001,-0.049635000000000006,0.000465,0.05,0.0001,0
16,h16,h30,0,1.0,0.001,0.00125,3.0,0.0,0.7777777777777778,0.0,0.0,"of:0000000000000004:1 -> of:000000000000000c:4, of:000000000000000c:3 -> of:000000000000000d:3, of:000000000000000d:4 -> of:0000000000000006:1",1,1,1,0.07855277777777778,-0.0029683333333333406,0.04713166666666666,0.05,0.0001,0
16,h16,h31,0,1.0,0.001,0.00125,3.0,0.0,0.0,0.0,0.0,"of:0000000000000004:1 -> of:000000000000000c:4, of:000000000000000c:3 -> of:000000000000000d:3, of:000000000000000d:4 -> of:0000000000000006:1",1,1,1,0.0007750000000000001,-0.049635000000000006,0.000465,0.05,0.0001,0
16,h16,h32,0,1.0,0.001,0.00125,3.0,0.0,0.4444444444444444,0.0,0.0,"of:0000000000000004:1 -> of:000000000000000c:4, of:000000000000000c:3 -> of:000000000000000d:3, of:000000000000000d:4 -> of:0000000000000006:1",1,1,1,0.045219444444444444,-0.022968333333333337,0.027131666666666665,0.05,0.0001,0
16,h16,h33,0,1.0,0.001,0.00125,3.0,0.0,0.8888888888888888,0.0,0.0,"of:0000000000000004:1 -> of:000000000000000c:4, of:000000000000000c:3 -> of:000000000000000d:3, of:000000000000000d:4 -> of:0000000000000006:1",1,1,1,0.08966388888888889,0.0036983333333333273,0.05379833333333333,0.05,0.0001,1
16,h16,h34,0,1.0,0.001,0.00125,3.0,0.0,0.6666666666666667,0.0,0.0,"of:0000000000000004:1 -> of:000000000000000c:4, of:000000000000000c:3 -> of:000000000000000d:3, of:000000000000000d:5 -> of:0000000000000007:1",1,1,1,0.06744166666666668,-0.009634999999999994,0.04046500000000001,0.05,0.0001,0
16,h16,h35,0,1.0,0.001,0.00125,3.0,0.0,1.0,0.0,0.0,"of:0000000000000004:1 -> of:000000000000000c:4, of:000000000000000c:3 -> of:000000000000000d:3, of:000000000000000d:5 -> of:0000000000000007:1",1,1,1,0.100775,0.010364999999999996,0.060465,0.05,0.0001,1
16,h16,h36,0,1.0,0.001,0.00125,3.0,0.0,0.11111111111111116,0.0,0.0,"of:0000000000000004:1 -> of:000000000000000c:4, of:000000000000000c:3 -> of:000000000000000d:3, of:000000000000000d:5 -> of:0000000000000007:1",1,1,1,0.011886111111111116,-0.04296833333333334,0.00713166666666667,0.05,0.0001,0
16,h16,h37,0,1.0,0.001,0.00125,3.0,0.0,0.33333333333333337,0.0,0.0,"of:0000000000000004:1 -> of:000000000000000c:4, of:000000000000000c:3 -> of:000000000000000d:3, of:000000000000000d:5 -> of:0000000000000007:1",1,1,1,0.03410833333333334,-0.029635,0.020465,0.05,0.0001,0
16,h16,h38,0,1.0,0.001,0.00125,3.0,0.0,0.5555555555555556,0.0,0.0,"of:0000000000000004:1 -> of:000000000000000c:4, of:000000000000000c:3 -> of:000000000000000d:3, of:000000000000000d:5 -> of:0000000000000007:1",1,1,1,0.05633055555555556,-0.01630166666666667,0.03379833333333333,0.05,0.0001,0
16,h16,h39,0,1.0,0.001,0.00125,3.0,0.0,0.2222222222222222,0.0,0.0,"of:0000000000000004:1 -> of:000000000000000c:4, of:000000000000000c:3 -> of:000000000000000d:3, of:000000000000000d:5 -> of:0000000000000007:1",1,1,1,0.022997222222222224,-0.03630166666666667,0.013798333333333334,0.05,0.0001,0
16,h16,h40,0,1.0,0.001,0.00125,3.0,0.0,0.0,0.0,0.0,"of:0000000000000004:1 -> of:000000000000000c:4, of:000000000000000c:3 -> of:000000000000000d:3, of:000000000000000d:5 -> of:0000000000000007:1",1,1,1,0.0007750000000000001,-0.049635000000000006,0.000465,0.05,0.0001,0
16,h17,h22,0,1.0,0.001,0.00125,2.0,0.0,0.0,0.0,0.0,"of:0000000000000004:2 -> of:0000000000000009:2, of:0000000000000009:3 -> of:0000000000000005:2",1,1,1,0.0007750000000000001,-0.049635000000000006,0.000465,0.05,0.0001,0
16,h17,h23,0,1.0,0.001,0.00125,2.0,0.0,0.0,0.0,0.0,"of:0000000000000004:2 -> of:0000000000000009:2, of:0000000000000009:3 -> of:0000000000000005:2",1,1,1,0.0007750000000000001,-0.049635000000000006,0.000465,0.05,0.0001,0
16,h17,h24,0,1.0,0.001,0.00125,2.0,0.0,0.0,0.0,0.0,"of:0000000000000004:2 -> of:0000000000000009:2, of:0000000000000009:3 -> of:0000000000000005:2",1,1,1,0.0007750000000000001,-0.049635000000000006,0.000465,0.05,0.0001,0
16,h17,h25,0,1.0,0.001,0.00125,2.0,0.0,0.0,0.0,0.0,"of:0000000000000004:2 -> of:0000000000000009:2, of:0000000000000009:3 -> of:0000000000000005:2",1,1,1,0.0007750000000000001,-0.049635000000000006,0.000465,0.05,0.0001,0
16,h17,h26,0,1.0,0.001,0.00125,2.0,0.0,0.0,0.0,0.0,"of:0000000000000004:2 -> of:0000000000000009:2, of:0000000000000009:3 -> of:0000000000000005:2",1,1,1,0.0007750000000000001,-0.049635000000000006,0.000465,0.05,0.0001,0
16,h17,h27,0,1.0,0.001,0.00125,2.0,0.0,0.0,0.0,0.0,"of:0000000000000004:2 -> of:0000000000000009:2, of:0000000000000009:3 -> of:0000000000000005:2",1,1,1,0.0007750000000000001,-0.049635000000000006,0.000465,0.05,0.0001,0
16,h2,h16,0,1.0,0.001,0.00125,3.0,0.0,0.0,0.0,0.0,"of:0000000000000002:1 -> of:000000000000000b:4, of:000000000000000b:2 -> of:000000000000000c:2, of:000000000000000c:4 -> of:0000000000000004:1",1,1,1,0.0007750000000000001,-0.049635000000000006,0.000465,0.05,0.0001,0
16,h2,h17,0,1.0,0.001,0.00125,3.0,0.0,0.0,0.0,0.0,"of:0000000000000002:1 -> of:000000000000000b:4, of:000000000000000b:2 -> of:000000000000000c:2, of:000000000000000c:4 -> of:0000000000000004:1",1,1,1,0.0007750000000000001,-0.049635000000000006,0.000465,0.05,0.0001,0
16,h3,h16,0,1.0,0.001,0.00125,3.0,0.0,0.0,0.0,0.0,"of:0000000000000002:1 -> of:000000000000000b:4, of:000000000000000b:2 -> of:000000000000000c:2, of:000000000000000c:4 -> of:0000000000000004:1",1,1,1,0.0007750000000000001,-0.049635000000000006,0.000465,0.05,0.0001,0
16,h3,h17,0,1.0,0.001,0.00125,3.0,0.0,0.0,0.0,0.0,"of:0000000000000002:1 -> of:000000000000000b:4, of:000000000000000b:2 -> of:000000000000000c:2, of:000000000000000c:4 -> of:0000000000000004:1",1,1,1,0.0007750000000000001,-0.049635000000000006,0.000465,0.05,0.0001,0
16,h4,h16,0,1.0,0.001,0.00125,3.0,0.0,0.0,0.0,0.0,"of:0000000000000002:1 -> of:000000000000000b:4, of:000000000000000b:2 -> of:000000000000000c:2, of:000000000000000c:4 -> of:0000000000000004:1",1,1,1,0.0007750000000000001,-0.049635000000000006,0.000465,0.05,0.0001,0
16,h4,h17,0,1.0,0.001,0.00125,3.0,0.0,0.0,0.0,0.0,"of:0000000000000002:1 -> of:000000000000000b:4, of:000000000000000b:2 -> of:000000000000000c:2, of:000000000000000c:4 -> of:0000000000000004:1",1,1,1,0.0007750000000000001,-0.049635000000000006,0.000465,0.05,0.0001,0
16,h5,h16,0,1.0,0.001,0.00125,3.0,0.0,0.0,0.0,0.0,"of:0000000000000002:1 -> of:000000000000000b:4, of:000000000000000b:2 -> of:000000000000000c:2, of:000000000000000c:4 -> of:0000000000000004:1",1,1,1,0.0007750000000000001,-0.049635000000000006,0.000465,0.05,0.0001,0
16,h5,h17,0,1.0,0.001,0.00125,3.0,0.0,0.0,0.0,0.0,"of:0000000000000002:1 -> of:000000000000000b:4, of:000000000000000b:2 -> of:000000000000000c:2, of:000000000000000c:4 -> of:0000000000000004:1",1,1,1,0.0007750000000000001,-0.049635000000000006,0.000465,0.05,0.0001,0
16,h6,h16,0,1.0,0.001,0.00125,3.0,0.0,0.0,0.0,0.0,"of:0000000000000002:1 -> of:000000000000000b:4, of:000000000000000b:2 -> of:000000000000000c:2, of:000000000000000c:4 -> of:0000000000000004:1",1,1,1,0.0007750000000000001,-0.049635000000000006,0.000465,0.05,0.0001,0
16,h6,h17,0,1.0,0.001,0.00125,3.0,0.0,0.0,0.0,0.0,"of:0000000000000002:1 -> of:000000000000000b:4, of:000000000000000b:2 -> of:000000000000000c:2, of:000000000000000c:4 -> of:0000000000000004:1",1,1,1,0.0007750000000000001,-0.049635000000000006,0.000465,0.05,0.0001,0
16,h7,h16,0,1.0,0.001,0.00125,3.0,0.0,0.0,0.0,0.0,"of:0000000000000002:1 -> of:000000000000000b:4, of:000000000000000b:2 -> of:000000000000000c:2, of:000000000000000c:4 -> of:0000000000000004:1",1,1,1,0.0007750000000000001,-0.049635000000000006,0.000465,0.05,0.0001,0
16,h7,h17,0,1.0,0.001,0.00125,3.0,0.0,0.0,0.0,0.0,"of:0000000000000002:1 -> of:000000000000000b:4, of:000000000000000b:2 -> of:000000000000000c:2, of:000000000000000c:4 -> of:0000000000000004:1",1,1,1,0.0007750000000000001,-0.049635000000000006,0.000465,0.05,0.0001,0
16,h8,h16,0,1.0,0.001,0.00125,3.0,0.0,0.0,0.0,0.0,"of:0000000000000002:1 -> of:000000000000000b:4, of:000000000000000b:2 -> of:000000000000000c:2, of:000000000000000c:4 -> of:0000000000000004:1",1,1,1,0.0007750000000000001,-0.049635000000000006,0.000465,0.05,0.0001,0
16,h8,h17,0,1.0,0.001,0.00125,3.0,0.0,0.0,0.0,0.0,"of:0000000000000002:1 -> of:000000000000000b:4, of:000000000000000b:2 -> of:000000000000000c:2, of:000000000000000c:4 -> of:0000000000000004:1",1,1,1,0.0007750000000000001,-0.049635000000000006,0.000465,0.05,0.0001,0
16,h9,h16,0,1.0,0.0019066666666666668,0.0023833333333333332,3.0,0.0,0.0,0.0,0.0,"of:0000000000000003:1 -> of:000000000000000b:5, of:000000000000000b:2 -> of:000000000000000c:2, of:000000000000000c:4 -> of:0000000000000004:1",1,1,1,0.0014776666666666666,-0.049213400000000004,0.0008866,0.05,0.0001,0
16,h9,h17,0,1.0,0.0019066666666666668,0.0023833333333333332,3.0,0.0,0.0,0.0,0.0,"of:0000000000000003:1 -> of:000000000000000b:5, of:000000000000000b:2 -> of:000000000000000c:2, of:000000000000000c:4 -> of:0000000000000004:1",1,1,1,0.0014776666666666666,-0.049213400000000004,0.0008866,0.05,0.0001,0
17,h1,h21,0,0.13333333333333333,0.001,0.00125,2.0,0.0,0.0,0.0,0.0,"of:0000000000000004:1 -> of:000000000000000c:4, of:000000000000000c:1 -> of:0000000000000001:2",1,1,1,0.0007750000000000001,-0.050038000000000006,6.2e-05,0.05,0.0001,0
17,h1,h22,0,0.13333333333333333,0.001,0.00125,2.0,0.0,0.0,0.0,0.0,"of:0000000000000005:1 -> of:000000000000000c:5, of:000000000000000c:1 -> of:0000000000000001:2",1,1,1,0.0007750000000000001,-0.050038000000000006,6.2e-05,0.05,0.0001,0
17,h1,h23,0,0.06666666666666667,0.001,0.00125,2.0,0.0,0.0,0.0,0.0,"of:0000000000000005:1 -> of:000000000000000c:5, of:000000000000000c:1 -> of:0000000000000001:2",1,1,1,0.0007750000000000001,-0.050069,3.1e-05,0.05,0.0001,0
17,h10,h21,0,1.0,0.0019066666666666668,0.0023833333333333332,3.0,0.0,0.0,0.0,0.0,"of:0000000000000003:1 -> of:000000000000000b:5, of:000000000000000b:2 -> of:000000000000000c:2, of:000000000000000c:4 -> of:0000000000000004:1",1,1,1,0.0014776666666666666,-0.049213400000000004,0.0008866,0.05,0.0001,0
17,h10,h22,0,1.0,0.0019066666666666668,0.0023833333333333332,3.0,0.0,0.0,0.0,0.0,"of:0000000000000003:1 -> of:000000000000000b:5, of:000000000000000b:2 -> of:000000000000000c:2, of:000000000000000c:5 -> of:0000000000000005:1",1,1,1,0.0014776666666666666,-0.049213400000000004,0.0008866,0.05,0.0001,0
17,h10,h23,0,1.0,0.0019066666666666668,0.0023833333333333332,3.0,0.0,0.0,0.0,0.0,"of:0000000000000003:1 -> of:000000000000000b:5, of:000000000000000b:2 -> of:000000000000000c:2, of:000000000000000c:5 -> of:0000000000000005:1",1,1,1,0.0014776666666666666,-0.049213400000000004,0.0008866,0.05,0.0001,0
17,h11,h21,0,1.0,0.0019066666666666668,0.0023833333333333332,3.0,0.0,0.0,0.0,0.0,"of:0000000000000003:1 -> of:000000000000000b:5, of:000000000000000b:2 -> of:000000000000000c:2, of:000000000000000c:4 -> of:0000000000000004:1",1,1,1,0.0014776666666666666,-0.049213400000000004,0.0008866,0.05,0.0001,0
17,h11,h22,0,1.0,0.0019066666666666668,0.0023833333333333332,3.0,0.0,0.0,0.0,0.0,"of:0000000000000003:1 -> of:000000000000000b:5, of:000000000000000b:2 -> of:000000000000000c:2, of:000000000000000c:5 -> of:0000000000000005:1",1,1,1,0.0014776666666666666,-0.049213400000000004,0.0008866,0.05,0.0001,0
17,h11,h23,0,1.0,0.0019066666666666668,0.0023833333333333332,3.0,0.0,0.0,0.0,0.0,"of:0000000000000003:1 -> of:000000000000000b:5, of:000000000000000b:2 -> of:000000000000000c:2, of:000000000000000c:5 -> of:0000000000000005:1",1,1,1,0.0014776666666666666,-0.049213400000000004,0.0008866,0.05,0.0001,0
17,h12,h21,0,1.0,0.0019066666666666668,0.0023833333333333332,3.0,0.0,0.0,0.0,0.0,"of:0000000000000003:1 -> of:000000000000000b:5, of:000000000000000b:2 -> of:000000000000000c:2, of:000000000000000c:4 -> of:0000000000000004:1",1,1,1,0.0014776666666666666,-0.049213400000000004,0.0008866,0.05,0.0001,0
17,h12,h22,0,1.0,0.0019066666666666668,0.0023833333333333332,3.0,0.0,0.0,0.0,0.0,"of:0000000000000003:1 -> of:000000000000000b:5, of:000000000000000b:2 -> of:000000000000000c:2, of:000000000000000c:5 -> of:0000000000000005:1",1,1,1,0.0014776666666666666,-0.049213400000000004,0.0008866,0.05,0.0001,0
17,h12,h23,0,1.0,0.0019066666666666668,0.0023833333333333332,3.0,0.0,0.0,0.0,0.0,"of:0000000000000003:1 -> of:000000000000000b:5, of:000000000000000b:2 -> of:000000000000000c:2, of:000000000000000c:5 -> of:0000000000000005:1",1,1,1,0.0014776666666666666,-0.049213400000000004,0.0008866,0.05,0.0001,0
17,h13,h21,0,1.0,0.0019066666666666668,0.0023833333333333332,3.0,0.0,0.0,0.0,0.0,"of:0000000000000003:1 -> of:000000000000000b:5, of:000000000000000b:2 -> of:000000000000000c:2, of:000000000000000c:4 -> of:0000000000000004:1",1,1,1,0.0014776666666666666,-0.049213400000000004,0.0008866,0.05,0.0001,0
17,h13,h22,0,1.0,0.0019066666666666668,0.0023833333333333332,3.0,0.0,0.0,0.0,0.0,"of:0000000000000003:1 -> of:000000000000000b:5, of:000000000000000b:2 -> of:000000000000000c:2, of:000000000000000c:5 -> of:0000000000000005:1",1,1,1,0.0014776666666666666,-0.049213400000000004,0.0008866,0.05,0.0001,0
17,h13,h23,0,1.0,0.0019066666666666668,0.0023833333333333332,3.0,0.0,0.0,0.0,0.0,"of:0000000000000003:1 -> of:000000000000000b:5, of:000000000000000b:2 -> of:000000000000000c:2, of:000000000000000c:5 -> of:0000000000000005:1",1,1,1,0.0014776666666666666,-0.049213400000000004,0.0008866,0.05,0.0001,0
17,h14,h21,0,1.0,0.0019066666666666668,0.0023833333333333332,3.0,0.0,0.0,0.0,0.0,"of:0000000000000003:1 -> of:000000000000000b:5, of:000000000000000b:2 -> of:000000000000000c:2, of:000000000000000c:4 -> of:0000000000000004:1",1,1,1,0.0014776666666666666,-0.049213400000000004,0.0008866,0.05,0.0001,0
17,h14,h22,0,1.0,0.0019066666666666668,0.0023833333333333332,3.0,0.0,0.0,0.0,0.0,"of:0000000000000003:1 -> of:000000000000000b:5, of:000000000000000b:2 -> of:000000000000000c:2, of:000000000000000c:5 -> of:0000000000000005:1",1,1,1,0.0014776666666666666,-0.049213400000000004,0.0008866,0.05,0.0001,0
17,h14,h23,0,1.0,0.0019066666666666668,0.0023833333333333332,3.0,0.0,0.0,0.0,0.0,"of:0000000000000003:1 -> of:000000000000000b:5, of:000000000000000b:2 -> of:000000000000000c:2, of:000000000000000c:5 -> of:0000000000000005:1",1,1,1,0.0014776666666666666,-0.049213400000000004,0.0008866,0.05,0.0001,0
17,h15,h21,0,1.0,0.0019066666666666668,0.0023833333333333332,3.0,0.0,0.0,0.0,0.0,"of:0000000000000003:1 -> of:000000000000000b:5, of:000000000000000b:2 -> of:000000000000000c:2, of:000000000000000c:4 -> of:0000000000000004:1",1,1,1,0.0014776666666666666,-0.049213400000000004,0.0008866,0.05,0.0001,0
17,h15,h22,0,1.0,0.0019066666666666668,0.0023833333333333332,3.0,0.0,0.0,0.0,0.0,"of:0000000000000003:1 -> of:000000000000000b:5, of:000000000000000b:2 -> of:000000000000000c:2, of:000000000000000c:5 -> of:0000000000000005:1",1,1,1,0.0014776666666666666,-0.049213400000000004,0.0008866,0.05,0.0001,0
17,h15,h23,0,1.0,0.0019066666666666668,0.0023833333333333332,3.0,0.0,0.0,0.0,0.0,"of:0000000000000003:1 -> of:000000000000000b:5, of:000000000000000b:2 -> of:000000000000000c:2, of:000000000000000c:5 -> of:0000000000000005:1",1,1,1,0.0014776666666666666,-0.049213400000000004,0.0008866,0.05,0.0001,0
17,h16,h22,0,1.0,0.001,0.00125,2.0,0.0,0.0,0.0,0.0,"of:0000000000000004:2 -> of:0000000000000009:2, of:0000000000000009:3 -> of:0000000000000005:2",1,1,1,0.0007750000000000001,-0.049635000000000006,0.000465,0.05,0.0001,0
17,h16,h23,0,1.0,0.001,0.00125,2.0,0.0,0.0,0.0,0.0,"of:0000000000000004:2 -> of:0000000000000009:2, of:0000000000000009:3 -> of:0000000000000005:2",1,1,1,0.0007750000000000001,-0.049635000000000006,0.000465,0.05,0.0001,0
17,h17,h22,0,1.0,0.001,0.00125,2.0,0.0,0.0,0.0,0.0,"of:0000000000000004:2 -> of:0000000000000009:2, of:0000000000000009:3 -> of:0000000000000005:2",1,1,1,0.0007750000000000001,-0.049635000000000006,0.000465,0.05,0.0001,0
17,h17,h23,0,1.0,0.001,0.00125,2.0,0.0,0.0,0.0,0.0,"of:0000000000000004:2 -> of:0000000000000009:2, of:0000000000000009:3 -> of:0000000000000005:2",1,1,1,0.0007750000000000001,-0.049635000000000006,0.000465,0.05,0.0001,0
17,h18,h22,0,1.0,0.001,0.00125,2.0,0.0,0.0,0.0,0.0,"of:0000000000000004:2 -> of:0000000000000009:2, of:0000000000000009:3 -> of:0000000000000005:2",1,1,1,0.0007750000000000001,-0.049635000000000006,0.000465,0.05,0.0001,0
17,h18,h23,0,1.0,0.001,0.00125,2.0,0.0,0.0,0.0,0.0,"of:0000000000000004:2 -> of:0000000000000009:2, of:0000000000000009:3 -> of:0000000000000005:2",1,1,1,0.0007750000000000001,-0.049635000000000006,0.000465,0.05,0.0001,0
17,h19,h22,0,1.0,0.001,0.00125,2.0,0.0,0.0,0.0,0.0,"of:0000000000000004:2 -> of:0000000000000009:2, of:0000000000000009:3 -> of:0000000000000005:2",1,1,1,0.0007750000000000001,-0.049635000000000006,0.000465,0.05,0.0001,0
17,h19,h23,0,1.0,0.001,0.00125,2.0,0.0,0.0,0.0,0.0,"of:0000000000000004:2 -> of:0000000000000009:2, of:0000000000000009:3 -> of:0000000000000005:2",1,1,1,0.0007750000000000001,-0.049635000000000006,0.000465,0.05,0.0001,0
17,h2,h21,0,1.0,0.001,0.00125,3.0,0.0,0.0,0.0,0.0,"of:0000000000000002:1 -> of:000000000000000b:4, of:000000000000000b:2 -> of:000000000000000c:2, of:000000000000000c:4 -> of:0000000000000004:1",1,1,1,0.0007750000000000001,-0.049635000000000006,0.000465,0.05,0.0001,0
17,h2,h22,0,1.0,0.001,0.00125,3.0,0.0,0.0,0.0,0.0,"of:0000000000000002:1 -> of:000000000000000b:4, of:000000000000000b:2 -> of:000000000000000c:2, of:000000000000000c:5 -> of:0000000000000005:1",1,1,1,0.0007750000000000001,-0.049635000000000006,0.000465,0.05,0.0001,0
17,h2,h23,0,1.0,0.001,0.00125,3.0,0.0,0.0,0.0,0.0,"of:0000000000000002:1 -> of:000000000000000b:4, of:000000000000000b:2 -> of:000000000000000c:2, of:000000000000000c:5 -> of:0000000000000005:1",1,1,1,0.0007750000000000001,-0.049635000000000006,0.000465,0.05,0.0001,0
17,h20,h22,0,1.0,0.001,0.00125,2.0,0.0,0.0,0.0,0.0,"of:0000000000000004:2 -> of:0000000000000009:2, of:0000000000000009:3 -> of:0000000000000005:2",1,1,1,0.0007750000000000001,-0.049635000000000006,0.000465,0.05,0.0001,0
17,h20,h23,0,1.0,0.001,0.00125,2.0,0.0,0.0,0.0,0.0,"of:0000000000000004:2 -> of:0000000000000009:2, of:0000000000000009:3 -> of:0000000000000005:2",1,1,1,0.0007750000000000001,-0.049635000000000006,0.000465,0.05,0.0001,0
17,h20,h24,0,1.0,0.001,0.00125,2.0,0.0,0.0,0.0,0.0,"of:0000000000000004:2 -> of:0000000000000009:2, of:0000000000000009:3 -> of:0000000000000005:2",1,1,1,0.0007750000000000001,-0.049635000000000006,0.000465,0.05,0.0001,0
17,h20,h25,0,1.0,0.001,0.00125,2.0,0.0,0.0,0.0,0.0,"of:0000000000000004:2 -> of:0000000000000009:2, of:0000000000000009:3 -> of:0000000000000005:2",1,1,1,0.0007750000000000001,-0.049635000000000006,0.000465,0.05,0.0001,0
17,h20,h26,0,1.0,0.001,0.00125,2.0,0.0,0.0,0.0,0.0,"of:0000000000000004:2 -> of:0000000000000009:2, of:0000000000000009:3 -> of:0000000000000005:2",1,1,1,0.0007750000000000001,-0.049635000000000006,0.000465,0.05,0.0001,0
17,h20,h27,0,1.0,0.001,0.00125,2.0,0.0,0.0,0.0,0.0,"of:0000000000000004:2 -> of:0000000000000009:2, of:0000000000000009:3 -> of:0000000000000005:2",1,1,1,0.0007750000000000001,-0.049635000000000006,0.000465,0.05,0.0001,0
17,h20,h28,0,1.0,0.001,0.00125,3.0,0.0,0.0,0.0,0.0,"of:0000000000000004:1 -> of:000000000000000c:4, of:000000000000000c:3 -> of:000000000000000d:3, of:000000000000000d:4 -> of:0000000000000006:1",1,1,1,0.0007750000000000001,-0.049635000000000006,0.000465,0.05,0.0001,0
17,h20,h29,0,1.0,0.001,0.00125,3.0,0.0,0.0,0.0,0.0,"of:0000000000000004:1 -> of:000000000000000c:4, of:000000000000000c:3 -> of:000000000000000d:3, of:000000000000000d:4 -> of:0000000000000006:1",1,1,1,0.0007750000000000001,-0.049635000000000006,0.000465,0.05,0.0001,0
17,h20,h30,0,0.06666666666666667,0.001,0.00125,3.0,0.0,0.7777777777777778,0.0,0.0,"of:0000000000000004:1 -> of:000000000000000c:4, of:000000000000000c:3 -> of:000000000000000d:3, of:000000000000000d:4 -> of:0000000000000006:1",1,1,1,0.07855277777777778,-0.046957888888888896,0.003142111111111111,0.05,0.0001,0
17,h20,h31,0,1.0,0.001,0.00125,3.0,0.0,0.0,0.0,0.0,"of:0000000000000004:1 -> of:000000000000000c:4, of:000000000000000c:3 -> of:000000000000000d:3, of:000000000000000d:4 -> of:0000000000000006:1",1,1,1,0.0007750000000000001,-0.049635000000000006,0.000465,0.05,0.0001,0
17,h20,h32,0,1.0,0.001,0.00125,3.0,0.0,0.4444444444444444,0.0,0.0,"of:0000000000000004:1 -> of:000000000000000c:4, of:000000000000000c:3 -> of:000000000000000d:3, of:000000000000000d:4 -> of:0000000000000006:1",1,1,1,0.045219444444444444,-0.022968333333333337,0.027131666666666665,0.05,0.0001,0
17,h20,h33,0,1.0,0.001,0.00125,3.0,0.0,0.8888888888888888,0.0,0.0,"of:0000000000000004:1 -> of:000000000000000c:4, of:000000000000000c:3 -> of:000000000000000d:3, of:000000000000000d:4 -> of:0000000000000006:1",1,1,1,0.08966388888888889,0.0036983333333333273,0.05379833333333333,0.05,0.0001,1
17,h20,h34,0,1.0,0.001,0.00125,3.0,0.0,0.6666666666666667,0.0,0.0,"of:0000000000000004:1 -> of:000000000000000c:4, of:000000000000000c:3 -> of:000000000000000d:3, of:000000000000000d:5 -> of:0000000000000007:1",1,1,1,0.06744166666666668,-0.009634999999999994,0.04046500000000001,0.05,0.0001,0
17,h20,h35,0,1.0,0.001,0.00125,3.0,0.0,1.0,0.0,0.0,"of:0000000000000004:1 -> of:000000000000000c:4, of:000000000000000c:3 -> of:000000000000000d:3, of:000000000000000d:5 -> of:0000000000000007:1",1,1,1,0.100775,0.010364999999999996,0.060465,0.05,0.0001,1
17,h20,h36,0,1.0,0.001,0.00125,3.0,0.0,0.11111111111111116,0.0,0.0,"of:0000000000000004:1 -> of:000000000000000c:4, of:000000000000000c:3 -> of:000000000000000d:3, of:000000000000000d:5 -> of:0000000000000007:1",1,1,1,0.011886111111111116,-0.04296833333333334,0.00713166666666667,0.05,0.0001,0
17,h20,h37,0,1.0,0.001,0.00125,3.0,0.0,0.33333333333333337,0.0,0.0,"of:0000000000000004:1 -> of:000000000000000c:4, of:000000000000000c:3 -> of:000000000000000d:3, of:000000000000000d:5 -> of:0000000000000007:1",1,1,1,0.03410833333333334,-0.029635,0.020465,0.05,0.0001,0
17,h20,h38,0,1.0,0.001,0.00125,3.0,0.0,0.5555555555555556,0.0,0.0,"of:0000000000000004:1 -> of:000000000000000c:4, of:000000000000000c:3 -> of:000000000000000d:3, of:000000000000000d:5 -> of:0000000000000007:1",1,1,1,0.05633055555555556,-0.01630166666666667,0.03379833333333333,0.05,0.0001,0
17,h20,h39,0,1.0,0.001,0.00125,3.0,0.0,0.2222222222222222,0.0,0.0,"of:0000000000000004:1 -> of:000000000000000c:4, of:000000000000000c:3 -> of:000000000000000d:3, of:000000000000000d:5 -> of:0000000000000007:1",1,1,1,0.022997222222222224,-0.03630166666666667,0.013798333333333334,0.05,0.0001,0
17,h20,h40,0,1.0,0.001,0.00125,3.0,0.0,0.0,0.0,0.0,"of:0000000000000004:1 -> of:000000000000000c:4, of:000000000000000c:3 -> of:000000000000000d:3, of:000000000000000d:5 -> of:0000000000000007:1",1,1,1,0.0007750000000000001,-0.049635000000000006,0.000465,0.05,0.0001,0
17,h21,h22,0,1.0,0.001,0.00125,2.0,0.0,0.0,0.0,0.0,"of:0000000000000004:2 -> of:0000000000000009:2, of:0000000000000009:3 -> of:0000000000000005:2",1,1,1,0.0007750000000000001,-0.049635000000000006,0.000465,0.05,0.0001,0
17,h21,h23,0,1.0,0.001,0.00125,2.0,0.0,0.0,0.0,0.0,"of:0000000000000004:2 -> of:0000000000000009:2, of:0000000000000009:3 -> of:0000000000000005:2",1,1,1,0.0007750000000000001,-0.049635000000000006,0.000465,0.05,0.0001,0
17,h21,h24,0,1.0,0.001,0.00125,2.0,0.0,0.0,0.0,0.0,"of:0000000000000004:2 -> of:0000000000000009:2, of:0000000000000009:3 -> of:0000000000000005:2",1,1,1,0.0007750000000000001,-0.049635000000000006,0.000465,0.05,0.0001,0
17,h21,h25,0,1.0,0.001,0.00125,2.0,0.0,0.0,0.0,0.0,"of:0000000000000004:2 -> of:0000000000000009:2, of:0000000000000009:3 -> of:0000000000000005:2",1,1,1,0.0007750000000000001,-0.049635000000000006,0.000465,0.05,0.0001,0
17,h21,h26,0,1.0,0.001,0.00125,2.0,0.0,0.0,0.0,0.0,"of:0000000000000004:2 -> of:0000000000000009:2, of:0000000000000009:3 -> of:0000000000000005:2",1,1,1,0.0007750000000000001,-0.049635000000000006,0.000465,0.05,0.0001,0
17,h21,h27,0,1.0,0.001,0.00125,2.0,0.0,0.0,0.0,0.0,"of:0000000000000004:2 -> of:0000000000000009:2, of:0000000000000009:3 -> of:0000000000000005:2",1,1,1,0.0007750000000000001,-0.049635000000000006,0.000465,0.05,0.0001,0
17,h21,h28,0,1.0,0.001,0.00125,3.0,0.0,0.0,0.0,0.0,"of:0000000000000004:1 -> of:000000000000000c:4, of:000000000000000c:3 -> of:000000000000000d:3, of:000000000000000d:4 -> of:0000000000000006:1",1,1,1,0.0007750000000000001,-0.049635000000000006,0.000465,0.05,0.0001,0
17,h21,h29,0,1.0,0.001,0.00125,3.0,0.0,0.0,0.0,0.0,"of:0000000000000004:1 -> of:000000000000000c:4, of:000000000000000c:3 -> of:000000000000000d:3, of:000000000000000d:4 -> of:0000000000000006:1",1,1,1,0.0007750000000000001,-0.049635000000000006,0.000465,0.05,0.0001,0
17,h21,h30,0,1.0,0.001,0.00125,3.0,0.0,0.7777777777777778,0.0,0.0,"of:0000000000000004:1 -> of:000000000000000c:4, of:000000000000000c:3 -> of:000000000000000d:3, of:000000000000000d:4 -> of:0000000000000006:1",1,1,1,0.07855277777777778,-0.0029683333333333406,0.04713166666666666,0.05,0.0001,0
17,h21,h31,0,1.0,0.001,0.00125,3.0,0.0,0.0,0.0,0.0,"of:0000000000000004:1 -> of:000000000000000c:4, of:000000000000000c:3 -> of:000000000000000d:3, of:000000000000000d:4 -> of:0000000000000006:1",1,1,1,0.0007750000000000001,-0.049635000000000006,0.000465,0.05,0.0001,0
17,h21,h32,0,1.0,0.001,0.00125,3.0,0.0,0.4444444444444444,0.0,0.0,"of:0000000000000004:1 -> of:000000000000000c:4, of:000000000000000c:3 -> of:000000000000000d:3, of:000000000000000d:4 -> of:0000000000000006:1",1,1,1,0.045219444444444444,-0.022968333333333337,0.027131666666666665,0.05,0.0001,0
17,h21,h33,0,1.0,0.001,0.00125,3.0,0.0,0.8888888888888888,0.0,0.0,"of:0000000000000004:1 -> of:000000000000000c:4, of:000000000000000c:3 -> of:000000000000000d:3, of:000000000000000d:4 -> of:0000000000000006:1",1,1,1,0.08966388888888889,0.0036983333333333273,0.05379833333333333,0.05,0.0001,1
17,h21,h34,0,1.0,0.001,0.00125,3.0,0.0,0.6666666666666667,0.0,0.0,"of:0000000000000004:1 -> of:000000000000000c:4, of:000000000000000c:3 -> of:000000000000000d:3, of:000000000000000d:5 -> of:0000000000000007:1",1,1,1,0.06744166666666668,-0.009634999999999994,0.04046500000000001,0.05,0.0001,0
17,h21,h35,0,1.0,0.001,0.00125,3.0,0.0,1.0,0.0,0.0,"of:0000000000000004:1 -> of:000000000000000c:4, of:000000000000000c:3 -> of:000000000000000d:3, of:000000000000000d:5 -> of:0000000000000007:1",1,1,1,0.100775,0.010364999999999996,0.060465,0.05,0.0001,1
17,h21,h36,0,1.0,0.001,0.00125,3.0,0.0,0.11111111111111116,0.0,0.0,"of:0000000000000004:1 -> of:000000000000000c:4, of:000000000000000c:3 -> of:000000000000000d:3, of:000000000000000d:5 -> of:0000000000000007:1",1,1,1,0.011886111111111116,-0.04296833333333334,0.00713166666666667,0.05,0.0001,0
17,h21,h37,0,1.0,0.001,0.00125,3.0,0.0,0.33333333333333337,0.0,0.0,"of:0000000000000004:1 -> of:000000000000000c:4, of:000000000000000c:3 -> of:000000000000000d:3, of:000000000000000d:5 -> of:0000000000000007:1",1,1,1,0.03410833333333334,-0.029635,0.020465,0.05,0.0001,0
17,h21,h38,0,1.0,0.001,0.00125,3.0,0.0,0.5555555555555556,0.0,0.0,"of:0000000000000004:1 -> of:000000000000000c:4, of:000000000000000c:3 -> of:000000000000000d:3, of:000000000000000d:5 -> of:0000000000000007:1",1,1,1,0.05633055555555556,-0.01630166666666667,0.03379833333333333,0.05,0.0001,0
17,h21,h39,0,1.0,0.001,0.00125,3.0,0.0,0.2222222222222222,0.0,0.0,"of:0000000000000004:1 -> of:000000000000000c:4, of:000000000000000c:3 -> of:000000000000000d:3, of:000000000000000d:5 -> of:0000000000000007:1",1,1,1,0.022997222222222224,-0.03630166666666667,0.013798333333333334,0.05,0.0001,0
17,h21,h40,0,1.0,0.001,0.00125,3.0,0.0,0.0,0.0,0.0,"of:0000000000000004:1 -> of:000000000000000c:4, of:000000000000000c:3 -> of:000000000000000d:3, of:000000000000000d:5 -> of:0000000000000007:1",1,1,1,0.0007750000000000001,-0.049635000000000006,0.000465,0.05,0.0001,0
17,h22,h28,0,1.0,0.001,0.00125,3.0,0.0,0.0,0.0,0.0,"of:0000000000000005:1 -> of:000000000000000c:5, of:000000000000000c:3 -> of:000000000000000d:3, of:000000000000000d:4 -> of:0000000000000006:1",1,1,1,0.0007750000000000001,-0.049635000000000006,0.000465,0.05,0.0001,0
17,h22,h29,0,1.0,0.001,0.00125,3.0,0.0,0.0,0.0,0.0,"of:0000000000000005:1 -> of:000000000000000c:5, of:000000000000000c:3 -> of:000000000000000d:3, of:000000000000000d:4 -> of:0000000000000006:1",1,1,1,0.0007750000000000001,-0.049635000000000006,0.000465,0.05,0.0001,0
17,h22,h30,0,1.0,0.001,0.00125,3.0,0.0,0.7777777777777778,0.0,0.0,"of:0000000000000005:1 -> of:000000000000000c:5, of:000000000000000c:3 -> of:000000000000000d:3, of:000000000000000d:4 -> of:0000000000000006:1",1,1,1,0.07855277777777778,-0.0029683333333333406,0.04713166666666666,0.05,0.0001,0
17,h22,h31,0,1.0,0.001,0.00125,3.0,0.0,0.0,0.0,0.0,"of:0000000000000005:1 -> of:000000000000000c:5, of:000000000000000c:3 -> of:000000000000000d:3, of:000000000000000d:4 -> of:0000000000000006:1",1,1,1,0.0007750000000000001,-0.049635000000000006,0.000465,0.05,0.0001,0
17,h22,h32,0,1.0,0.001,0.00125,3.0,0.0,0.4444444444444444,0.0,0.0,"of:0000000000000005:1 -> of:000000000000000c:5, of:000000000000000c:3 -> of:000000000000000d:3, of:000000000000000d:4 -> of:0000000000000006:1",1,1,1,0.045219444444444444,-0.022968333333333337,0.027131666666666665,0.05,0.0001,0
17,h22,h33,0,1.0,0.001,0.00125,3.0,0.0,0.8888888888888888,0.0,0.0,"of:0000000000000005:1 -> of:000000000000000c:5, of:000000000000000c:3 -> of:000000000000000d:3, of:000000000000000d:4 -> of:0000000000000006:1",1,1,1,0.08966388888888889,0.0036983333333333273,0.05379833333333333,0.05,0.0001,1
17,h22,h34,0,1.0,0.001,0.00125,3.0,0.0,0.6666666666666667,0.0,0.0,"of:0000000000000005:1 -> of:000000000000000c:5, of:000000000000000c:3 -> of:000000000000000d:3, of:000000000000000d:5 -> of:0000000000000007:1",1,1,1,0.06744166666666668,-0.009634999999999994,0.04046500000000001,0.05,0.0001,0
17,h22,h35,0,1.0,0.001,0.00125,3.0,0.0,1.0,0.0,0.0,"of:0000000000000005:1 -> of:000000000000000c:5, of:000000000000000c:3 -> of:000000000000000d:3, of:000000000000000d:5 -> of:0000000000000007:1",1,1,1,0.100775,0.010364999999999996,0.060465,0.05,0.0001,1
17,h22,h36,0,1.0,0.001,0.00125,3.0,0.0,0.11111111111111116,0.0,0.0,"of:0000000000000005:1 -> of:000000000000000c:5, of:000000000000000c:3 -> of:000000000000000d:3, of:000000000000000d:5 -> of:0000000000000007:1",1,1,1,0.011886111111111116,-0.04296833333333334,0.00713166666666667,0.05,0.0001,0
17,h22,h37,0,1.0,0.001,0.00125,3.0,0.0,0.33333333333333337,0.0,0.0,"of:0000000000000005:1 -> of:000000000000000c:5, of:000000000000000c:3 -> of:000000000000000d:3, of:000000000000000d:5 -> of:0000000000000007:1",1,1,1,0.03410833333333334,-0.029635,0.020465,0.05,0.0001,0
17,h22,h38,0,1.0,0.001,0.00125,3.0,0.0,0.5555555555555556,0.0,0.0,"of:0000000000000005:1 -> of:000000000000000c:5, of:000000000000000c:3 -> of:000000000000000d:3, of:000000000000000d:5 -> of:0000000000000007:1",1,1,1,0.05633055555555556,-0.01630166666666667,0.03379833333333333,0.05,0.0001,0
17,h22,h39,0,1.0,0.001,0.00125,3.0,0.0,0.2222222222222222,0.0,0.0,"of:0000000000000005:1 -> of:000000000000000c:5, of:000000000000000c:3 -> of:000000000000000d:3, of:000000000000000d:5 -> of:0000000000000007:1",1,1,1,0.022997222222222224,-0.03630166666666667,0.013798333333333334,0.05,0.0001,0
17,h22,h40,0,1.0,0.001,0.00125,3.0,0.0,0.0,0.0,0.0,"of:0000000000000005:1 -> of:000000000000000c:5, of:000000000000000c:3 -> of:000000000000000d:3, of:000000000000000d:5 -> of:0000000000000007:1",1,1,1,0.0007750000000000001,-0.049635000000000006,0.000465,0.05,0.0001,0
17,h23,h28,0,1.0,0.001,0.00125,3.0,0.0,0.0,0.0,0.0,"of:0000000000000005:1 -> of:000000000000000c:5, of:000000000000000c:3 -> of:000000000000000d:3, of:000000000000000d:4 -> of:0000000000000006:1",1,1,1,0.0007750000000000001,-0.049635000000000006,0.000465,0.05,0.0001,0
17,h23,h29,0,1.0,0.001,0.00125,3.0,0.0,0.0,0.0,0.0,"of:0000000000000005:1 -> of:000000000000000c:5, of:000000000000000c:3 -> of:000000000000000d:3, of:000000000000000d:4 -> of:0000000000000006:1",1,1,1,0.0007750000000000001,-0.049635000000000006,0.000465,0.05,0.0001,0
17,h23,h30,0,1.0,0.001,0.00125,3.0,0.0,0.7777777777777778,0.0,0.0,"of:0000000000000005:1 -> of:000000000000000c:5, of:000000000000000c:3 -> of:000000000000000d:3, of:000000000000000d:4 -> of:0000000000000006:1",1,1,1,0.07855277777777778,-0.0029683333333333406,0.04713166666666666,0.05,0.0001,0
17,h23,h31,0,1.0,0.001,0.00125,3.0,0.0,0.0,0.0,0.0,"of:0000000000000005:1 -> of:000000000000000c:5, of:000000000000000c:3 -> of:000000000000000d:3, of:000000000000000d:4 -> of:0000000000000006:1",1,1,1,0.0007750000000000001,-0.049635000000000006,0.000465,0.05,0.0001,0
17,h3,h21,0,1.0,0.001,0.00125,3.0,0.0,0.0,0.0,0.0,"of:0000000000000002:1 -> of:000000000000000b:4, of:000000000000000b:2 -> of:000000000000000c:2, of:000000000000000c:4 -> of:0000000000000004:1",1,1,1,0.0007750000000000001,-0.049635000000000006,0.000465,0.05,0.0001,0
17,h3,h22,0,1.0,0.001,0.00125,3.0,0.0,0.0,0.0,0.0,"of:0000000000000002:1 -> of:000000000000000b:4, of:000000000000000b:2 -> of:000000000000000c:2, of:000000000000000c:5 -> of:0000000000000005:1",1,1,1,0.0007750000000000001,-0.049635000000000006,0.000465,0.05,0.0001,0
17,h3,h23,0,1.0,0.001,0.00125,3.0,0.0,0.0,0.0,0.0,"of:0000000000000002:1 -> of:000000000000000b:4, of:000000000000000b:2 -> of:000000000000000c:2, of:000000000000000c:5 -> of:0000000000000005:1",1,1,1,0.0007750000000000001,-0.049635000000000006,0.000465,0.05,0.0001,0
17,h4,h21,0,1.0,0.001,0.00125,3.0,0.0,0.0,0.0,0.0,"of:0000000000000002:1 -> of:000000000000000b:4, of:000000000000000b:2 -> of:000000000000000c:2, of:000000000000000c:4 -> of:0000000000000004:1",1,1,1,0.0007750000000000001,-0.049635000000000006,0.000465,0.05,0.0001,0
17,h4,h22,0,1.0,0.001,0.00125,3.0,0.0,0.0,0.0,0.0,"of:0000000000000002:1 -> of:000000000000000b:4, of:000000000000000b:2 -> of:000000000000000c:2, of:000000000000000c:5 -> of:0000000000000005:1",1,1,1,0.0007750000000000001,-0.049635000000000006,0.000465,0.05,0.0001,0
17,h4,h23,0,1.0,0.001,0.00125,3.0,0.0,0.0,0.0,0.0,"of:0000000000000002:1 -> of:000000000000000b:4, of:000000000000000b:2 -> of:000000000000000c:2, of:000000000000000c:5 -> of:0000000000000005:1",1,1,1,0.0007750000000000001,-0.049635000000000006,0.000465,0.05,0.0001,0
17,h5,h21,0,1.0,0.001,0.00125,3.0,0.0,0.0,0.0,0.0,"of:0000000000000002:1 -> of:000000000000000b:4, of:000000000000000b:2 -> of:000000000000000c:2, of:000000000000000c:4 -> of:0000000000000004:1",1,1,1,0.0007750000000000001,-0.049635000000000006,0.000465,0.05,0.0001,0
17,h5,h22,0,1.0,0.001,0.00125,3.0,0.0,0.0,0.0,0.0,"of:0000000000000002:1 -> of:000000000000000b:4, of:000000000000000b:2 -> of:000000000000000c:2, of:000000000000000c:5 -> of:0000000000000005:1",1,1,1,0.0007750000000000001,-0.049635000000000006,0.000465,0.05,0.0001,0
17,h5,h23,0,1.0,0.001,0.00125,3.0,0.0,0.0,0.0,0.0,"of:0000000000000002:1 -> of:000000000000000b:4, of:000000000000000b:2 -> of:000000000000000c:2, of:000000000000000c:5 -> of:0000000000000005:1",1,1,1,0.0007750000000000001,-0.049635000000000006,0.000465,0.05,0.0001,0
17,h6,h21,0,1.0,0.001,0.00125,3.0,0.0,0.0,0.0,0.0,"of:0000000000000002:1 -> of:000000000000000b:4, of:000000000000000b:2 -> of:000000000000000c:2, of:000000000000000c:4 -> of:0000000000000004:1",1,1,1,0.0007750000000000001,-0.049635000000000006,0.000465,0.05,0.0001,0
17,h6,h22,0,1.0,0.001,0.00125,3.0,0.0,0.0,0.0,0.0,"of:0000000000000002:1 -> of:000000000000000b:4, of:000000000000000b:2 -> of:000000000000000c:2, of:000000000000000c:5 -> of:0000000000000005:1",1,1,1,0.0007750000000000001,-0.049635000000000006,0.000465,0.05,0.0001,0
17,h6,h23,0,1.0,0.001,0.00125,3.0,0.0,0.0,0.0,0.0,"of:0000000000000002:1 -> of:000000000000000b:4, of:000000000000000b:2 -> of:000000000000000c:2, of:000000000000000c:5 -> of:0000000000000005:1",1,1,1,0.0007750000000000001,-0.049635000000000006,0.000465,0.05,0.0001,0
17,h7,h21,0,1.0,0.001,0.00125,3.0,0.0,0.0,0.0,0.0,"of:0000000000000002:1 -> of:000000000000000b:4, of:000000000000000b:2 -> of:000000000000000c:2, of:000000000000000c:4 -> of:0000000000000004:1",1,1,1,0.0007750000000000001,-0.049635000000000006,0.000465,0.05,0.0001,0
17,h7,h22,0,1.0,0.001,0.00125,3.0,0.0,0.0,0.0,0.0,"of:0000000000000002:1 -> of:000000000000000b:4, of:000000000000000b:2 -> of:000000000000000c:2, of:000000000000000c:5 -> of:0000000000000005:1",1,1,1,0.0007750000000000001,-0.049635000000000006,0.000465,0.05,0.0001,0
17,h7,h23,0,1.0,0.001,0.00125,3.0,0.0,0.0,0.0,0.0,"of:0000000000000002:1 -> of:000000000000000b:4, of:000000000000000b:2 -> of:000000000000000c:2, of:000000000000000c:5 -> of:0000000000000005:1",1,1,1,0.0007750000000000001,-0.049635000000000006,0.000465,0.05,0.0001,0
17,h8,h21,0,1.0,0.001,0.00125,3.0,0.0,0.0,0.0,0.0,"of:0000000000000002:1 -> of:000000000000000b:4, of:000000000000000b:2 -> of:000000000000000c:2, of:000000000000000c:4 -> of:0000000000000004:1",1,1,1,0.0007750000000000001,-0.049635000000000006,0.000465,0.05,0.0001,0
17,h8,h22,0,1.0,0.001,0.00125,3.0,0.0,0.0,0.0,0.0,"of:0000000000000002:1 -> of:000000000000000b:4, of:000000000000000b:2 -> of:000000000000000c:2, of:000000000000000c:5 -> of:0000000000000005:1",1,1,1,0.0007750000000000001,-0.049635000000000006,0.000465,0.05,0.0001,0
17,h8,h23,0,1.0,0.001,0.00125,3.0,0.0,0.0,0.0,0.0,"of:0000000000000002:1 -> of:000000000000000b:4, of:000000000000000b:2 -> of:000000000000000c:2, of:000000000000000c:5 -> of:0000000000000005:1",1,1,1,0.0007750000000000001,-0.049635000000000006,0.000465,0.05,0.0001,0
17,h9,h21,0,1.0,0.0019066666666666668,0.0023833333333333332,3.0,0.0,0.0,0.0,0.0,"of:0000000000000003:1 -> of:000000000000000b:5, of:000000000000000b:2 -> of:000000000000000c:2, of:000000000000000c:4 -> of:0000000000000004:1",1,1,1,0.0014776666666666666,-0.049213400000000004,0.0008866,0.05,0.0001,0
17,h9,h22,0,1.0,0.0019066666666666668,0.0023833333333333332,3.0,0.0,0.0,0.0,0.0,"of:0000000000000003:1 -> of:000000000000000b:5, of:000000000000000b:2 -> of:000000000000000c:2, of:000000000000000c:5 -> of:0000000000000005:1",1,1,1,0.0014776666666666666,-0.049213400000000004,0.0008866,0.05,0.0001,0
17,h9,h23,0,1.0,0.0019066666666666668,0.0023833333333333332,3.0,0.0,0.0,0.0,0.0,"of:0000000000000003:1 -> of:000000000000000b:5, of:000000000000000b:2 -> of:000000000000000c:2, of:000000000000000c:5 -> of:0000000000000005:1",1,1,1,0.0014776666666666666,-0.049213400000000004,0.0008866,0.05,0.0001,0
