file,mode,src,dst,pair,time_sec,throughput_mbps,jitter_ms,lost_packets,total_packets,loss_pct
capture_test12_qos_h3_to_h38_MTD.txt,MTD,h3,h38,h3_to_h38,0.5,6.23,0.833,0,538,0.0
capture_test12_qos_h3_to_h38_MTD.txt,MTD,h3,h38,h3_to_h38,1.5,6.99,0.898,0,603,0.0
capture_test12_qos_h3_to_h38_MTD.txt,MTD,h3,h38,h3_to_h38,2.5,7.01,0.954,0,605,0.0
capture_test12_qos_h3_to_h38_MTD.txt,MTD,h3,h38,h3_to_h38,3.5,7.01,1.026,0,606,0.0
capture_test12_qos_h3_to_h38_MTD.txt,MTD,h3,h38,h3_to_h38,4.5,6.99,1.056,0,602,0.0
capture_test12_qos_h3_to_h38_MTD.txt,MTD,h3,h38,h3_to_h38,5.5,6.95,1.242,0,600,0.0
capture_test12_qos_h3_to_h38_MTD.txt,MTD,h3,h38,h3_to_h38,6.5,7.04,1.194,0,608,0.0
capture_test12_qos_h3_to_h38_MTD.txt,MTD,h3,h38,h3_to_h38,7.5,6.99,1.681,0,603,0.0
capture_test12_qos_h3_to_h38_MTD.txt,MTD,h3,h38,h3_to_h38,8.5,7.03,0.869,0,607,0.0
capture_test12_qos_h3_to_h38_MTD.txt,MTD,h3,h38,h3_to_h38,9.5,6.98,1.81,0,603,0.0
capture_test12_qos_h3_to_h38_MTD.txt,MTD,h3,h38,h3_to_h38,10.5,6.99,1.302,0,603,0.0
capture_test12_qos_h3_to_h38_MTD.txt,MTD,h3,h38,h3_to_h38,11.5,7.02,1.711,0,606,0.0
capture_test12_qos_h3_to_h38_MTD.txt,MTD,h3,h38,h3_to_h38,12.5,7.0,1.349,0,604,0.0
capture_test12_qos_h3_to_h38_MTD.txt,MTD,h3,h38,h3_to_h38,13.5,7.02,1.054,0,606,0.0
capture_test12_qos_h3_to_h38_MTD.txt,MTD,h3,h38,h3_to_h38,14.5,6.98,0.855,0,603,0.0
capture_test12_qos_h3_to_h38_MTD.txt,MTD,h3,h38,h3_to_h38,15.615,3.88,33.301,0,410,0.0
capture_test12_qos_h3_to_h38_MTD.txt,MTD,h3,h38,h3_to_h38,16.615000000000002,8.86,0.912,0,592,0.0
capture_test12_qos_h3_to_h38_MTD.txt,MTD,h3,h38,h3_to_h38,17.5,8.89,1.031,0,768,0.0
capture_test12_qos_h3_to_h38_MTD.txt,MTD,h3,h38,h3_to_h38,18.5,7.52,0.877,0,649,0.0
capture_test12_qos_h3_to_h38_MTD.txt,MTD,h3,h38,h3_to_h38,19.5,6.3,5.67,0,544,0.0
capture_test12_qos_h3_to_h38_MTD.txt,MTD,h3,h38,h3_to_h38,20.5,7.67,1.237,0,662,0.0
capture_test12_qos_h3_to_h38_MTD.txt,MTD,h3,h38,h3_to_h38,21.5,6.98,1.175,0,603,0.0
capture_test12_qos_h3_to_h38_MTD.txt,MTD,h3,h38,h3_to_h38,22.5,6.99,1.417,0,604,0.0
capture_test12_qos_h3_to_h38_MTD.txt,MTD,h3,h38,h3_to_h38,23.5,7.04,1.153,0,607,0.0
capture_test12_qos_h3_to_h38_MTD.txt,MTD,h3,h38,h3_to_h38,24.5,6.99,1.316,0,604,0.0
capture_test12_qos_h3_to_h38_MTD.txt,MTD,h3,h38,h3_to_h38,25.5,7.0,1.154,0,604,0.0
capture_test12_qos_h3_to_h38_MTD.txt,MTD,h3,h38,h3_to_h38,26.5,6.97,1.949,0,602,0.0
capture_test12_qos_h3_to_h38_MTD.txt,MTD,h3,h38,h3_to_h38,27.5,7.02,1.187,0,606,0.0
capture_test12_qos_h3_to_h38_MTD.txt,MTD,h3,h38,h3_to_h38,28.5,7.0,0.99,0,605,0.0
capture_test12_qos_h3_to_h38_MTD.txt,MTD,h3,h38,h3_to_h38,29.5,7.0,1.193,0,604,0.0
capture_test12_qos_h3_to_h38_MTD.txt,MTD,h3,h38,h3_to_h38,30.509999999999998,6.96,2.059,0,611,0.0
capture_test12_qos_h3_to_h38_MTD.txt,MTD,h3,h38,h3_to_h38,31.509999999999998,6.91,1.561,0,587,0.0
capture_test12_qos_h3_to_h38_MTD.txt,MTD,h3,h38,h3_to_h38,32.5,7.09,1.141,0,612,0.0
capture_test12_qos_h3_to_h38_MTD.txt,MTD,h3,h38,h3_to_h38,33.5,7.02,0.869,0,607,0.0
capture_test12_qos_h3_to_h38_MTD.txt,MTD,h3,h38,h3_to_h38,34.5,7.0,0.7,0,604,0.0
capture_test12_qos_h3_to_h38_MTD.txt,MTD,h3,h38,h3_to_h38,35.5,7.02,0.793,0,606,0.0
capture_test12_qos_h3_to_h38_MTD.txt,MTD,h3,h38,h3_to_h38,36.5,7.0,0.918,0,604,0.0
capture_test12_qos_h3_to_h38_MTD.txt,MTD,h3,h38,h3_to_h38,37.5,7.0,1.061,0,604,0.0
capture_test12_qos_h3_to_h38_MTD.txt,MTD,h3,h38,h3_to_h38,38.5,7.0,0.936,0,604,0.0
capture_test12_qos_h3_to_h38_MTD.txt,MTD,h3,h38,h3_to_h38,39.5,7.02,0.921,0,607,0.0
capture_test12_qos_h3_to_h38_MTD.txt,MTD,h3,h38,h3_to_h38,40.5,6.96,1.366,0,601,0.0
capture_test12_qos_h3_to_h38_MTD.txt,MTD,h3,h38,h3_to_h38,41.5,6.99,1.311,0,603,0.0
capture_test12_qos_h3_to_h38_MTD.txt,MTD,h3,h38,h3_to_h38,42.5,7.04,1.11,0,607,0.0
capture_test12_qos_h3_to_h38_MTD.txt,MTD,h3,h38,h3_to_h38,43.5,6.97,1.236,0,602,0.0
capture_test12_qos_h3_to_h38_MTD.txt,MTD,h3,h38,h3_to_h38,44.5,7.02,1.126,0,605,0.0
capture_test12_qos_h3_to_h38_MTD.txt,MTD,h3,h38,h3_to_h38,45.5,6.95,1.322,0,601,0.0
capture_test12_qos_h3_to_h38_MTD.txt,MTD,h3,h38,h3_to_h38,46.5,7.05,1.155,0,608,0.0
capture_test12_qos_h3_to_h38_MTD.txt,MTD,h3,h38,h3_to_h38,47.5,6.98,1.129,0,602,0.0
capture_test12_qos_h3_to_h38_MTD.txt,MTD,h3,h38,h3_to_h38,48.5,7.03,1.017,0,607,0.0
capture_test12_qos_h3_to_h38_MTD.txt,MTD,h3,h38,h3_to_h38,49.5,6.98,0.894,0,602,0.0
capture_test12_qos_h3_to_h38_MTD.txt,MTD,h3,h38,h3_to_h38,50.5,7.02,0.805,0,607,0.0
capture_test12_qos_h3_to_h38_MTD.txt,MTD,h3,h38,h3_to_h38,51.5,6.99,1.119,0,603,0.0
capture_test12_qos_h3_to_h38_MTD.txt,MTD,h3,h38,h3_to_h38,52.5,5.28,1.787,0,456,0.0
capture_test12_qos_h3_to_h38_MTD.txt,MTD,h3,h38,h3_to_h38,53.5,6.68,1.107,0,577,0.0
capture_test12_qos_h3_to_h38_MTD.txt,MTD,h3,h38,h3_to_h38,54.5,9.05,1.53,0,781,0.0
capture_test12_qos_h3_to_h38_MTD.txt,MTD,h3,h38,h3_to_h38,55.5,6.99,0.986,0,604,0.0
capture_test12_qos_h3_to_h38_MTD.txt,MTD,h3,h38,h3_to_h38,56.5,7.0,1.325,0,603,0.0
capture_test12_qos_h3_to_h38_MTD.txt,MTD,h3,h38,h3_to_h38,57.5,7.0,0.924,0,605,0.0
capture_test12_qos_h3_to_h38_MTD.txt,MTD,h3,h38,h3_to_h38,58.5,7.0,1.032,0,604,0.0
capture_test12_qos_h3_to_h38_MTD.txt,MTD,h3,h38,h3_to_h38,59.5,7.0,1.349,0,604,0.0
capture_test12_qos_h3_to_h38_MTD.txt,MTD,h3,h38,h3_to_h38,60.5,7.02,0.932,0,606,0.0
capture_test12_qos_h3_to_h38_MTD.txt,MTD,h3,h38,h3_to_h38,61.5,6.99,0.942,0,604,0.0
capture_test12_qos_h3_to_h38_MTD.txt,MTD,h3,h38,h3_to_h38,62.5,6.98,1.059,0,603,0.0
capture_test12_qos_h3_to_h38_MTD.txt,MTD,h3,h38,h3_to_h38,63.5,7.02,1.156,0,605,0.0
capture_test12_qos_h3_to_h38_MTD.txt,MTD,h3,h38,h3_to_h38,64.5,7.0,0.943,0,604,0.0
capture_test12_qos_h3_to_h38_MTD.txt,MTD,h3,h38,h3_to_h38,65.5,3.2,1.579,0,276,0.0
capture_test12_qos_h3_to_h38_MTD.txt,MTD,h3,h38,h3_to_h38,66.5,9.52,1.284,0,822,0.0
capture_test12_qos_h3_to_h38_MTD.txt,MTD,h3,h38,h3_to_h38,67.5,8.3,0.869,0,717,0.0
capture_test12_qos_h3_to_h38_MTD.txt,MTD,h3,h38,h3_to_h38,68.5,6.98,0.966,0,602,0.0
capture_test12_qos_h3_to_h38_MTD.txt,MTD,h3,h38,h3_to_h38,69.5,7.0,1.203,0,604,0.0
capture_test12_qos_h3_to_h38_MTD.txt,MTD,h3,h38,h3_to_h38,70.5,6.99,1.023,0,604,0.0
capture_test12_qos_h3_to_h38_MTD.txt,MTD,h3,h38,h3_to_h38,71.5,6.96,1.629,0,601,0.0
capture_test12_qos_h3_to_h38_MTD.txt,MTD,h3,h38,h3_to_h38,72.5,7.01,1.865,0,606,0.0
capture_test12_qos_h3_to_h38_MTD.txt,MTD,h3,h38,h3_to_h38,73.5,7.04,1.428,0,607,0.0
capture_test12_qos_h3_to_h38_MTD.txt,MTD,h3,h38,h3_to_h38,74.5,7.01,0.781,0,605,0.0
capture_test12_qos_h3_to_h38_MTD.txt,MTD,h3,h38,h3_to_h38,75.63,3.14,1.471,0,342,0.0
capture_test12_qos_h3_to_h38_MTD.txt,MTD,h3,h38,h3_to_h38,76.63,8.94,1.538,0,569,0.0
capture_test12_qos_h3_to_h38_MTD.txt,MTD,h3,h38,h3_to_h38,77.5,9.45,1.585,0,816,0.0
capture_test12_qos_h3_to_h38_MTD.txt,MTD,h3,h38,h3_to_h38,78.5,7.98,1.106,0,689,0.0
capture_test12_qos_h3_to_h38_MTD.txt,MTD,h3,h38,h3_to_h38,79.5,6.98,0.79,0,603,0.0
capture_test12_qos_h3_to_h38_MTD.txt,MTD,h3,h38,h3_to_h38,80.5,7.02,0.792,0,606,0.0
capture_test12_qos_h3_to_h38_MTD.txt,MTD,h3,h38,h3_to_h38,81.5,7.0,1.403,0,604,0.0
capture_test12_qos_h3_to_h38_MTD.txt,MTD,h3,h38,h3_to_h38,82.5,7.0,1.111,0,604,0.0
capture_test12_qos_h3_to_h38_MTD.txt,MTD,h3,h38,h3_to_h38,83.5,7.0,1.197,0,604,0.0
capture_test12_qos_h3_to_h38_MTD.txt,MTD,h3,h38,h3_to_h38,84.5,7.0,0.887,0,605,0.0
capture_test12_qos_h3_to_h38_MTD.txt,MTD,h3,h38,h3_to_h38,85.64,5.29,1.38,0,583,0.0
capture_test12_qos_h3_to_h38_MTD.txt,MTD,h3,h38,h3_to_h38,86.64,9.08,1.079,0,567,0.0
capture_test12_qos_h3_to_h38_MTD.txt,MTD,h3,h38,h3_to_h38,87.5,7.68,0.86,0,663,0.0
capture_test12_qos_h3_to_h38_MTD.txt,MTD,h3,h38,h3_to_h38,88.5,6.99,0.879,0,603,0.0
capture_test12_qos_h3_to_h38_MTD.txt,MTD,h3,h38,h3_to_h38,89.5,7.01,0.974,0,605,0.0
capture_test12_qos_h3_to_h38_MTD.txt,MTD,h3,h38,h3_to_h38,90.555,4.59,4.368,0,441,0.0
capture_test12_qos_h3_to_h38_MTD.txt,MTD,h3,h38,h3_to_h38,91.555,9.58,1.258,0,735,0.0
capture_test12_qos_h3_to_h38_MTD.txt,MTD,h3,h38,h3_to_h38,92.5,7.37,0.762,0,636,0.0
capture_test12_qos_h3_to_h38_MTD.txt,MTD,h3,h38,h3_to_h38,93.5,7.0,1.03,0,604,0.0
capture_test12_qos_h3_to_h38_MTD.txt,MTD,h3,h38,h3_to_h38,94.5,7.03,1.097,0,607,0.0
capture_test12_qos_h3_to_h38_MTD.txt,MTD,h3,h38,h3_to_h38,95.5,6.97,1.374,0,602,0.0
capture_test12_qos_h3_to_h38_MTD.txt,MTD,h3,h38,h3_to_h38,96.5,2.93,1.392,0,253,0.0
capture_test12_qos_h3_to_h38_MTD.txt,MTD,h3,h38,h3_to_h38,97.63499999999999,0.757,9.084,0,83,0.0
capture_test12_qos_h3_to_h38_MTD.txt,MTD,h3,h38,h3_to_h38,98.775,0.622,3.897,0,54,0.0
capture_test12_qos_h3_to_h38_MTD.txt,MTD,h3,h38,h3_to_h38,99.78,5.66,24.979,0,490,0.0
capture_test12_qos_h3_to_h38_MTD.txt,MTD,h3,h38,h3_to_h38,100.775,1.42,1.282,0,122,0.0
capture_test12_qos_h3_to_h38_MTD.txt,MTD,h3,h38,h3_to_h38,101.775,2.26,1.377,0,196,0.0
capture_test12_qos_h3_to_h38_MTD.txt,MTD,h3,h38,h3_to_h38,102.78,6.38,19.529,595,1145,51.96506550218341
capture_test12_qos_h3_to_h38_MTD.txt,MTD,h3,h38,h3_to_h38,103.64,9.49,1.043,992,1585,62.58675078864353
capture_test12_qos_h3_to_h38_MTD.txt,MTD,h3,h38,h3_to_h38,104.5,9.58,0.817,58,885,6.553672316384181
capture_test12_qos_h3_to_h38_MTD.txt,MTD,h3,h38,h3_to_h38,105.5,9.6,1.172,0,829,0.0
capture_test12_qos_h3_to_h38_MTD.txt,MTD,h3,h38,h3_to_h38,106.5,9.56,0.987,0,826,0.0
capture_test12_qos_h3_to_h38_MTD.txt,MTD,h3,h38,h3_to_h38,107.5,9.09,0.984,0,785,0.0
capture_test12_qos_h3_to_h38_MTD.txt,MTD,h3,h38,h3_to_h38,108.5,7.0,1.097,0,604,0.0
capture_test12_qos_h3_to_h38_MTD.txt,MTD,h3,h38,h3_to_h38,109.5,7.01,1.097,0,605,0.0
capture_test12_qos_h3_to_h38_MTD.txt,MTD,h3,h38,h3_to_h38,110.5,6.1,1.306,0,526,0.0
capture_test12_qos_h3_to_h38_MTD.txt,MTD,h3,h38,h3_to_h38,111.5,7.89,1.3,0,682,0.0
capture_test12_qos_h3_to_h38_MTD.txt,MTD,h3,h38,h3_to_h38,112.5,7.01,0.904,0,604,0.0
capture_test12_qos_h3_to_h38_MTD.txt,MTD,h3,h38,h3_to_h38,113.5,6.99,1.054,0,604,0.0
capture_test12_qos_h3_to_h38_MTD.txt,MTD,h3,h38,h3_to_h38,114.5,6.99,1.38,0,604,0.0
capture_test12_qos_h3_to_h38_MTD.txt,MTD,h3,h38,h3_to_h38,115.5,7.0,0.993,0,604,0.0
capture_test12_qos_h3_to_h38_MTD.txt,MTD,h3,h38,h3_to_h38,116.5,7.0,1.014,0,605,0.0
capture_test12_qos_h3_to_h38_MTD.txt,MTD,h3,h38,h3_to_h38,117.5,7.0,1.104,0,604,0.0
capture_test12_qos_h3_to_h38_MTD.txt,MTD,h3,h38,h3_to_h38,118.5,7.01,1.251,0,605,0.0
capture_test12_qos_h3_to_h38_MTD.txt,MTD,h3,h38,h3_to_h38,119.5,6.98,1.218,0,603,0.0
capture_test12_qos_h3_to_h38_MTD.txt,MTD,h3,h38,h3_to_h38,120.5,7.02,0.988,0,606,0.0
capture_test12_qos_h3_to_h38_MTD.txt,MTD,h3,h38,h3_to_h38,121.5,6.99,1.171,0,603,0.0
capture_test12_qos_h3_to_h38_MTD.txt,MTD,h3,h38,h3_to_h38,122.5,7.01,1.171,0,605,0.0
capture_test12_qos_h3_to_h38_MTD.txt,MTD,h3,h38,h3_to_h38,123.5,7.0,0.975,0,604,0.0
capture_test12_qos_h3_to_h38_MTD.txt,MTD,h3,h38,h3_to_h38,124.5,6.98,1.289,0,602,0.0
capture_test12_qos_h3_to_h38_MTD.txt,MTD,h3,h38,h3_to_h38,125.5,7.02,0.892,0,606,0.0
capture_test12_qos_h3_to_h38_MTD.txt,MTD,h3,h38,h3_to_h38,126.5,6.99,1.196,0,603,0.0
capture_test12_qos_h3_to_h38_MTD.txt,MTD,h3,h38,h3_to_h38,127.5,7.02,1.27,0,606,0.0
capture_test12_qos_h3_to_h38_MTD.txt,MTD,h3,h38,h3_to_h38,128.5,6.34,1.634,0,547,0.0
capture_test12_qos_h3_to_h38_MTD.txt,MTD,h3,h38,h3_to_h38,129.5,6.47,1.405,0,559,0.0
capture_test12_qos_h3_to_h38_MTD.txt,MTD,h3,h38,h3_to_h38,130.65,5.44,19.32,0,609,0.0
capture_test12_qos_h3_to_h38_MTD.txt,MTD,h3,h38,h3_to_h38,131.65,9.27,1.347,0,563,0.0
capture_test12_qos_h3_to_h38_MTD.txt,MTD,h3,h38,h3_to_h38,132.5,8.62,0.734,0,744,0.0
capture_test12_qos_h3_to_h38_MTD.txt,MTD,h3,h38,h3_to_h38,133.5,6.99,0.914,0,604,0.0
capture_test12_qos_h3_to_h38_MTD.txt,MTD,h3,h38,h3_to_h38,134.5,6.98,1.2,0,603,0.0
capture_test12_qos_h3_to_h38_MTD.txt,MTD,h3,h38,h3_to_h38,135.5,7.01,0.808,0,605,0.0
capture_test12_qos_h3_to_h38_MTD.txt,MTD,h3,h38,h3_to_h38,136.5,7.01,1.037,0,606,0.0
capture_test12_qos_h3_to_h38_MTD.txt,MTD,h3,h38,h3_to_h38,137.5,6.98,1.522,0,603,0.0
capture_test12_qos_h3_to_h38_MTD.txt,MTD,h3,h38,h3_to_h38,138.5,7.01,1.292,0,605,0.0
capture_test12_qos_h3_to_h38_MTD.txt,MTD,h3,h38,h3_to_h38,139.5,6.97,1.411,0,601,0.0
capture_test12_qos_h3_to_h38_MTD.txt,MTD,h3,h38,h3_to_h38,140.5,7.0,1.629,0,605,0.0
capture_test12_qos_h3_to_h38_MTD.txt,MTD,h3,h38,h3_to_h38,141.5,5.88,1.491,0,508,0.0
capture_test12_qos_h3_to_h38_MTD.txt,MTD,h3,h38,h3_to_h38,142.5,8.04,84.637,2,696,0.28735632183908044
capture_test12_qos_h3_to_h38_MTD.txt,MTD,h3,h38,h3_to_h38,143.5,7.01,1.621,18446744073709551614,603,3.0591615379286154e+18
capture_test12_qos_h3_to_h38_MTD.txt,MTD,h3,h38,h3_to_h38,144.5,7.09,1.236,0,611,0.0
capture_test12_qos_h3_to_h38_MTD.txt,MTD,h3,h38,h3_to_h38,145.5,6.99,1.512,0,603,0.0
capture_test12_qos_h3_to_h38_MTD.txt,MTD,h3,h38,h3_to_h38,146.5,7.0,1.044,0,605,0.0
capture_test12_qos_h3_to_h38_MTD.txt,MTD,h3,h38,h3_to_h38,147.5,6.99,1.565,0,604,0.0
capture_test12_qos_h3_to_h38_MTD.txt,MTD,h3,h38,h3_to_h38,148.5,7.01,0.78,0,605,0.0
capture_test12_qos_h3_to_h38_MTD.txt,MTD,h3,h38,h3_to_h38,149.5,7.02,1.095,0,605,0.0
capture_test12_qos_h3_to_h38_MTD.txt,MTD,h3,h38,h3_to_h38,150.5,5.75,1.42,0,497,0.0
capture_test12_qos_h3_to_h38_MTD.txt,MTD,h3,h38,h3_to_h38,151.5,8.25,1.187,0,712,0.0
capture_test12_qos_h3_to_h38_MTD.txt,MTD,h3,h38,h3_to_h38,152.5,6.99,1.499,0,603,0.0
capture_test12_qos_h3_to_h38_MTD.txt,MTD,h3,h38,h3_to_h38,153.5,7.01,0.88,0,605,0.0
capture_test12_qos_h3_to_h38_MTD.txt,MTD,h3,h38,h3_to_h38,154.5,7.0,1.005,0,605,0.0
capture_test12_qos_h3_to_h38_MTD.txt,MTD,h3,h38,h3_to_h38,155.5,6.99,1.009,0,603,0.0
capture_test12_qos_h3_to_h38_MTD.txt,MTD,h3,h38,h3_to_h38,156.5,7.0,1.482,0,605,0.0
capture_test12_qos_h3_to_h38_MTD.txt,MTD,h3,h38,h3_to_h38,157.5,6.98,1.162,0,603,0.0
capture_test12_qos_h3_to_h38_MTD.txt,MTD,h3,h38,h3_to_h38,158.5,7.01,1.006,0,605,0.0
capture_test12_qos_h3_to_h38_MTD.txt,MTD,h3,h38,h3_to_h38,159.5,7.0,1.154,0,604,0.0
capture_test12_qos_h3_to_h38_MTD.txt,MTD,h3,h38,h3_to_h38,160.5,6.99,2.195,0,603,0.0
capture_test12_qos_h3_to_h38_MTD.txt,MTD,h3,h38,h3_to_h38,161.5,7.01,1.403,0,606,0.0
capture_test12_qos_h3_to_h38_MTD.txt,MTD,h3,h38,h3_to_h38,162.5,6.98,1.368,0,602,0.0
capture_test12_qos_h3_to_h38_MTD.txt,MTD,h3,h38,h3_to_h38,163.5,7.02,0.986,0,606,0.0
capture_test12_qos_h3_to_h38_MTD.txt,MTD,h3,h38,h3_to_h38,164.5,7.02,1.597,0,606,0.0
capture_test12_qos_h3_to_h38_MTD.txt,MTD,h3,h38,h3_to_h38,165.5,6.98,1.043,0,603,0.0
capture_test12_qos_h3_to_h38_MTD.txt,MTD,h3,h38,h3_to_h38,166.5,7.02,0.937,0,606,0.0
capture_test12_qos_h3_to_h38_MTD.txt,MTD,h3,h38,h3_to_h38,167.5,6.99,1.02,0,603,0.0
capture_test12_qos_h3_to_h38_MTD.txt,MTD,h3,h38,h3_to_h38,168.5,6.99,1.38,0,604,0.0
capture_test12_qos_h3_to_h38_MTD.txt,MTD,h3,h38,h3_to_h38,169.5,6.99,1.134,0,603,0.0
capture_test12_qos_h3_to_h38_MTD.txt,MTD,h3,h38,h3_to_h38,170.57999999999998,5.39,11.917,0,537,0.0
capture_test12_qos_h3_to_h38_MTD.txt,MTD,h3,h38,h3_to_h38,171.57999999999998,9.13,0.977,0,666,0.0
capture_test12_qos_h3_to_h38_MTD.txt,MTD,h3,h38,h3_to_h38,172.5,7.07,0.69,0,611,0.0
capture_test12_qos_h3_to_h38_MTD.txt,MTD,h3,h38,h3_to_h38,173.67000000000002,1.92,22.384,0,221,0.0
capture_test12_qos_h3_to_h38_MTD.txt,MTD,h3,h38,h3_to_h38,174.67000000000002,9.29,1.158,0,531,0.0
capture_test12_qos_h3_to_h38_MTD.txt,MTD,h3,h38,h3_to_h38,175.5,9.49,0.932,0,819,0.0
capture_test12_qos_h3_to_h38_MTD.txt,MTD,h3,h38,h3_to_h38,176.5,9.39,1.085,0,811,0.0
capture_test12_qos_h3_to_h38_MTD.txt,MTD,h3,h38,h3_to_h38,177.5,7.41,1.007,0,640,0.0
capture_test12_qos_h3_to_h38_MTD.txt,MTD,h3,h38,h3_to_h38,178.5,7.01,1.358,0,605,0.0
capture_test12_qos_h3_to_h38_MTD.txt,MTD,h3,h38,h3_to_h38,179.5,6.99,1.34,0,603,0.0
capture_test12_qos_h3_to_h38_MTD.txt,MTD,h3,h38,h3_to_h38,180.5,7.01,0.985,0,605,0.0
capture_test12_qos_h3_to_h38_MTD.txt,MTD,h3,h38,h3_to_h38,181.5,7.01,1.118,0,605,0.0
capture_test12_qos_h3_to_h38_MTD.txt,MTD,h3,h38,h3_to_h38,182.5,7.0,1.014,0,605,0.0
capture_test12_qos_h3_to_h38_MTD.txt,MTD,h3,h38,h3_to_h38,183.5,6.97,1.137,0,602,0.0
capture_test12_qos_h3_to_h38_MTD.txt,MTD,h3,h38,h3_to_h38,184.5,6.98,1.765,0,603,0.0
capture_test12_qos_h3_to_h38_MTD.txt,MTD,h3,h38,h3_to_h38,185.5,7.03,1.1,0,607,0.0
capture_test12_qos_h3_to_h38_MTD.txt,MTD,h3,h38,h3_to_h38,186.5,6.99,1.472,0,603,0.0
capture_test12_qos_h3_to_h38_MTD.txt,MTD,h3,h38,h3_to_h38,187.5,6.94,25.565,6,605,0.9917355371900827
capture_test12_qos_h3_to_h38_MTD.txt,MTD,h3,h38,h3_to_h38,188.5,3.52,8.03,18446744073709551610,298,6.19018257507032e+18
capture_test12_qos_h3_to_h38_MTD.txt,MTD,h3,h38,h3_to_h38,189.5,9.59,1.184,0,828,0.0
capture_test12_qos_h3_to_h38_MTD.txt,MTD,h3,h38,h3_to_h38,190.5,7.92,1.112,0,685,0.0
capture_test12_qos_h3_to_h38_MTD.txt,MTD,h3,h38,h3_to_h38,191.5,7.04,0.961,0,607,0.0
capture_test12_qos_h3_to_h38_MTD.txt,MTD,h3,h38,h3_to_h38,192.5,6.99,0.774,0,604,0.0
capture_test12_qos_h3_to_h38_MTD.txt,MTD,h3,h38,h3_to_h38,193.5,7.01,0.932,0,604,0.0
capture_test12_qos_h3_to_h38_MTD.txt,MTD,h3,h38,h3_to_h38,194.5,7.0,1.078,0,604,0.0
capture_test12_qos_h3_to_h38_MTD.txt,MTD,h3,h38,h3_to_h38,195.5,7.01,0.994,0,605,0.0
capture_test12_qos_h3_to_h38_MTD.txt,MTD,h3,h38,h3_to_h38,196.5,6.99,1.255,0,604,0.0
capture_test12_qos_h3_to_h38_MTD.txt,MTD,h3,h38,h3_to_h38,197.5,6.97,1.377,0,602,0.0
capture_test12_qos_h3_to_h38_MTD.txt,MTD,h3,h38,h3_to_h38,198.5,7.02,0.883,0,606,0.0
capture_test12_qos_h3_to_h38_MTD.txt,MTD,h3,h38,h3_to_h38,199.5,7.01,1.143,0,605,0.0
capture_test12_qos_h3_to_h38_MTD.txt,MTD,h3,h38,h3_to_h38,200.5,7.01,0.721,0,605,0.0
capture_test12_qos_h3_to_h38_MTD.txt,MTD,h3,h38,h3_to_h38,201.5,7.01,1.095,0,605,0.0
capture_test12_qos_h3_to_h38_MTD.txt,MTD,h3,h38,h3_to_h38,202.5,6.98,0.781,0,603,0.0
capture_test12_qos_h3_to_h38_MTD.txt,MTD,h3,h38,h3_to_h38,203.5,6.98,1.184,0,602,0.0
capture_test12_qos_h3_to_h38_MTD.txt,MTD,h3,h38,h3_to_h38,204.5,7.02,1.282,0,607,0.0
capture_test12_qos_h3_to_h38_MTD.txt,MTD,h3,h38,h3_to_h38,205.5,6.99,1.191,0,603,0.0
capture_test12_qos_h3_to_h38_MTD.txt,MTD,h3,h38,h3_to_h38,206.5,6.99,1.038,0,604,0.0
capture_test12_qos_h3_to_h38_MTD.txt,MTD,h3,h38,h3_to_h38,207.5,7.02,0.883,0,606,0.0
capture_test12_qos_h3_to_h38_MTD.txt,MTD,h3,h38,h3_to_h38,208.5,6.99,1.018,0,603,0.0
capture_test12_qos_h3_to_h38_MTD.txt,MTD,h3,h38,h3_to_h38,209.5,6.97,1.363,0,601,0.0
capture_test12_qos_h3_to_h38_MTD.txt,MTD,h3,h38,h3_to_h38,210.525,5.15,11.58,0,467,0.0
capture_test12_qos_h3_to_h38_MTD.txt,MTD,h3,h38,h3_to_h38,211.525,9.08,1.203,0,745,0.0
capture_test12_qos_h3_to_h38_MTD.txt,MTD,h3,h38,h3_to_h38,212.5,6.34,5.175,0,548,0.0
capture_test12_qos_h3_to_h38_MTD.txt,MTD,h3,h38,h3_to_h38,213.5,7.64,1.543,0,659,0.0
capture_test12_qos_h3_to_h38_MTD.txt,MTD,h3,h38,h3_to_h38,214.5,7.01,1.397,0,606,0.0
capture_test12_qos_h3_to_h38_MTD.txt,MTD,h3,h38,h3_to_h38,215.5,7.0,1.678,0,604,0.0
capture_test12_qos_h3_to_h38_MTD.txt,MTD,h3,h38,h3_to_h38,216.5,7.0,1.572,0,604,0.0
capture_test12_qos_h3_to_h38_MTD.txt,MTD,h3,h38,h3_to_h38,217.5,6.99,1.711,0,603,0.0
capture_test12_qos_h3_to_h38_MTD.txt,MTD,h3,h38,h3_to_h38,218.69,1.78,1.79,0,212,0.0
capture_test12_qos_h3_to_h38_MTD.txt,MTD,h3,h38,h3_to_h38,219.69,9.29,1.247,0,499,0.0
capture_test12_qos_h3_to_h38_MTD.txt,MTD,h3,h38,h3_to_h38,220.5,9.51,1.012,0,821,0.0
capture_test12_qos_h3_to_h38_MTD.txt,MTD,h3,h38,h3_to_h38,221.5,9.4,1.08,0,811,0.0
capture_test12_qos_h3_to_h38_MTD.txt,MTD,h3,h38,h3_to_h38,222.5,7.87,1.081,0,680,0.0
capture_test12_qos_h3_to_h38_MTD.txt,MTD,h3,h38,h3_to_h38,223.5,6.98,1.18,0,603,0.0
capture_test12_qos_h3_to_h38_MTD.txt,MTD,h3,h38,h3_to_h38,224.5,6.99,1.783,0,603,0.0
capture_test12_qos_h3_to_h38_MTD.txt,MTD,h3,h38,h3_to_h38,225.5,7.02,1.453,0,606,0.0
capture_test12_qos_h3_to_h38_MTD.txt,MTD,h3,h38,h3_to_h38,226.5,7.01,1.122,0,605,0.0
capture_test12_qos_h3_to_h38_MTD.txt,MTD,h3,h38,h3_to_h38,227.5,6.98,1.444,0,603,0.0
capture_test12_qos_h3_to_h38_MTD.txt,MTD,h3,h38,h3_to_h38,228.5,7.0,1.084,0,604,0.0
capture_test12_qos_h3_to_h38_MTD.txt,MTD,h3,h38,h3_to_h38,229.685,2.4,1.636,0,283,0.0
capture_test12_qos_h3_to_h38_MTD.txt,MTD,h3,h38,h3_to_h38,230.685,8.68,1.174,0,476,0.0
capture_test12_qos_h3_to_h38_MTD.txt,MTD,h3,h38,h3_to_h38,231.5,9.6,0.912,0,829,0.0
capture_test12_qos_h3_to_h38_MTD.txt,MTD,h3,h38,h3_to_h38,232.5,9.63,1.056,0,831,0.0
capture_test12_qos_h3_to_h38_MTD.txt,MTD,h3,h38,h3_to_h38,233.5,6.99,1.234,0,603,0.0
capture_test12_qos_h3_to_h38_MTD.txt,MTD,h3,h38,h3_to_h38,234.5,7.01,1.207,0,606,0.0
capture_test12_qos_h3_to_h38_MTD.txt,MTD,h3,h38,h3_to_h38,235.5,7.0,0.876,0,604,0.0
capture_test12_qos_h3_to_h38_MTD.txt,MTD,h3,h38,h3_to_h38,236.5,7.01,0.757,0,605,0.0
capture_test12_qos_h3_to_h38_MTD.txt,MTD,h3,h38,h3_to_h38,237.5,6.99,0.93,0,604,0.0
capture_test12_qos_h3_to_h38_MTD.txt,MTD,h3,h38,h3_to_h38,238.5,7.0,1.189,0,604,0.0
capture_test12_qos_h3_to_h38_MTD.txt,MTD,h3,h38,h3_to_h38,239.5,6.98,0.836,0,603,0.0
capture_test12_qos_h3_to_h38_MTD.txt,MTD,h3,h38,h3_to_h38,240.5,7.01,0.791,0,605,0.0
capture_test12_qos_h3_to_h38_MTD.txt,MTD,h3,h38,h3_to_h38,241.5,7.0,0.965,0,604,0.0
capture_test12_qos_h3_to_h38_MTD.txt,MTD,h3,h38,h3_to_h38,242.5,7.0,1.037,0,604,0.0
capture_test12_qos_h3_to_h38_MTD.txt,MTD,h3,h38,h3_to_h38,243.5,6.98,1.251,0,603,0.0
capture_test12_qos_h3_to_h38_MTD.txt,MTD,h3,h38,h3_to_h38,244.5,7.02,1.146,0,607,0.0
capture_test12_qos_h3_to_h38_MTD.txt,MTD,h3,h38,h3_to_h38,245.5,7.0,0.817,0,603,0.0
capture_test12_qos_h3_to_h38_MTD.txt,MTD,h3,h38,h3_to_h38,246.695,2.14,0.756,0,256,0.0
capture_test12_qos_h3_to_h38_MTD.txt,MTD,h3,h38,h3_to_h38,247.695,7.19,1.398,0,381,0.0
capture_test12_qos_h3_to_h38_MTD.txt,MTD,h3,h38,h3_to_h38,248.5,4.89,3.593,0,422,0.0
capture_test12_qos_h3_to_h38_MTD.txt,MTD,h3,h38,h3_to_h38,249.5,4.56,180.781,132,526,25.09505703422053
capture_test12_qos_h3_to_h38_MTD.txt,MTD,h3,h38,h3_to_h38,250.69,1.4,126.9,18446744073709551484,34,5.42551296285575e+19
capture_test12_qos_h3_to_h38_MTD.txt,MTD,h3,h38,h3_to_h38,251.69,9.04,1.482,0,487,0.0
capture_test12_qos_h3_to_h38_MTD.txt,MTD,h3,h38,h3_to_h38,252.5,6.32,4.511,0,546,0.0
capture_test12_qos_h3_to_h38_MTD.txt,MTD,h3,h38,h3_to_h38,253.5,8.81,0.997,426,1187,35.888795282224095
capture_test12_qos_h3_to_h38_MTD.txt,MTD,h3,h38,h3_to_h38,254.5,5.99,3.743,0,517,0.0
capture_test12_qos_h3_to_h38_MTD.txt,MTD,h3,h38,h3_to_h38,255.69,3.62,1.057,0,431,0.0
capture_test12_qos_h3_to_h38_MTD.txt,MTD,h3,h38,h3_to_h38,256.69,9.18,1.069,0,492,0.0
capture_test12_qos_h3_to_h38_MTD.txt,MTD,h3,h38,h3_to_h38,257.5,9.54,2.626,277,1100,25.181818181818183
capture_test12_qos_h3_to_h38_MTD.txt,MTD,h3,h38,h3_to_h38,258.5,9.62,1.122,0,830,0.0
capture_test12_qos_h3_to_h38_MTD.txt,MTD,h3,h38,h3_to_h38,259.5,9.36,1.125,0,809,0.0
capture_test12_qos_h3_to_h38_MTD.txt,MTD,h3,h38,h3_to_h38,260.5,9.66,0.911,0,833,0.0
capture_test12_qos_h3_to_h38_MTD.txt,MTD,h3,h38,h3_to_h38,261.5,9.34,1.017,0,806,0.0
capture_test12_qos_h3_to_h38_MTD.txt,MTD,h3,h38,h3_to_h38,262.5,6.99,1.26,0,603,0.0
capture_test12_qos_h3_to_h38_MTD.txt,MTD,h3,h38,h3_to_h38,263.5,6.98,1.197,0,603,0.0
capture_test12_qos_h3_to_h38_MTD.txt,MTD,h3,h38,h3_to_h38,264.5,7.01,1.088,0,606,0.0
capture_test12_qos_h3_to_h38_MTD.txt,MTD,h3,h38,h3_to_h38,265.5,6.99,1.133,0,603,0.0
capture_test12_qos_h3_to_h38_MTD.txt,MTD,h3,h38,h3_to_h38,266.5,7.0,1.078,0,604,0.0
capture_test12_qos_h3_to_h38_MTD.txt,MTD,h3,h38,h3_to_h38,267.5,7.02,0.979,0,607,0.0
capture_test12_qos_h3_to_h38_MTD.txt,MTD,h3,h38,h3_to_h38,268.5,7.0,1.303,0,604,0.0
capture_test12_qos_h3_to_h38_MTD.txt,MTD,h3,h38,h3_to_h38,269.5,6.98,1.48,0,603,0.0
capture_test12_qos_h3_to_h38_MTD.txt,MTD,h3,h38,h3_to_h38,270.5,7.01,1.06,0,605,0.0
capture_test12_qos_h3_to_h38_MTD.txt,MTD,h3,h38,h3_to_h38,271.5,7.01,1.028,0,605,0.0
capture_test12_qos_h3_to_h38_MTD.txt,MTD,h3,h38,h3_to_h38,272.51,6.55,1.146,0,574,0.0
capture_test12_qos_h3_to_h38_MTD.txt,MTD,h3,h38,h3_to_h38,273.51,7.43,1.599,0,631,0.0
capture_test12_qos_h3_to_h38_MTD.txt,MTD,h3,h38,h3_to_h38,274.5,6.33,1.341,0,547,0.0
capture_test12_qos_h3_to_h38_MTD.txt,MTD,h3,h38,h3_to_h38,275.5,7.69,1.139,0,664,0.0
capture_test12_qos_h3_to_h38_MTD.txt,MTD,h3,h38,h3_to_h38,276.5,7.0,1.037,0,605,0.0
capture_test12_qos_h3_to_h38_MTD.txt,MTD,h3,h38,h3_to_h38,277.5,6.97,2.001,0,601,0.0
capture_test12_qos_h3_to_h38_MTD.txt,MTD,h3,h38,h3_to_h38,278.5,7.0,1.024,0,604,0.0
capture_test12_qos_h3_to_h38_MTD.txt,MTD,h3,h38,h3_to_h38,279.5,7.01,0.906,0,606,0.0
capture_test12_qos_h3_to_h38_MTD.txt,MTD,h3,h38,h3_to_h38,280.5,7.0,1.317,0,604,0.0
capture_test12_qos_h3_to_h38_MTD.txt,MTD,h3,h38,h3_to_h38,281.5,7.0,1.285,0,604,0.0
capture_test12_qos_h3_to_h38_MTD.txt,MTD,h3,h38,h3_to_h38,282.5,7.01,1.117,0,605,0.0
capture_test12_qos_h3_to_h38_MTD.txt,MTD,h3,h38,h3_to_h38,283.5,6.98,1.582,0,602,0.0
capture_test12_qos_h3_to_h38_MTD.txt,MTD,h3,h38,h3_to_h38,284.5,7.03,1.056,0,607,0.0
capture_test12_qos_h3_to_h38_MTD.txt,MTD,h3,h38,h3_to_h38,285.5,7.0,0.875,0,605,0.0
capture_test12_qos_h3_to_h38_MTD.txt,MTD,h3,h38,h3_to_h38,286.5,6.98,1.47,0,602,0.0
capture_test12_qos_h3_to_h38_MTD.txt,MTD,h3,h38,h3_to_h38,287.5,7.02,1.293,0,606,0.0
capture_test12_qos_h3_to_h38_MTD.txt,MTD,h3,h38,h3_to_h38,288.5,7.02,1.335,0,606,0.0
capture_test12_qos_h3_to_h38_MTD.txt,MTD,h3,h38,h3_to_h38,289.5,6.96,1.045,0,602,0.0
capture_test12_qos_h3_to_h38_MTD.txt,MTD,h3,h38,h3_to_h38,290.5,7.03,1.285,0,607,0.0
capture_test12_qos_h3_to_h38_MTD.txt,MTD,h3,h38,h3_to_h38,291.5,7.0,0.97,0,604,0.0
capture_test12_qos_h3_to_h38_MTD.txt,MTD,h3,h38,h3_to_h38,292.5,2.78,1.592,0,240,0.0
capture_test12_qos_h3_to_h38_MTD.txt,MTD,h3,h38,h3_to_h38,293.505,9.29,1.432,0,806,0.0
capture_test12_qos_h3_to_h38_MTD.txt,MTD,h3,h38,h3_to_h38,294.505,8.9,1.631,0,764,0.0
capture_test12_qos_h3_to_h38_MTD.txt,MTD,h3,h38,h3_to_h38,295.5,6.97,1.251,0,602,0.0
capture_test12_qos_h3_to_h38_MTD.txt,MTD,h3,h38,h3_to_h38,296.5,4.38,1.682,0,378,0.0
capture_test12_qos_h3_to_h38_MTD.txt,MTD,h3,h38,h3_to_h38,297.5,5.11,1.2,0,441,0.0
capture_test12_qos_h3_to_h38_MTD.txt,MTD,h3,h38,h3_to_h38,298.5,9.65,1.175,0,833,0.0
capture_test12_qos_h3_to_h38_MTD.txt,MTD,h3,h38,h3_to_h38,299.5,8.89,1.008,0,769,0.0
capture_test12_qos_h3_to_h38_MTD.txt,MTD,h3,h38,h3_to_h38,300.5,0.765,20.07,0,66,0.0
capture_test12_qos_h3_to_h38_MTD.txt,MTD,h3,h38,h3_to_h38,301.20500000000004,0.4,31.481,0,14,0.0
capture_test15_qos_h3_to_h38_no_MTD.txt,no_MTD,h3,h38,h3_to_h38,0.5,2.15,1.204,0,186,0.0
capture_test15_qos_h3_to_h38_no_MTD.txt,no_MTD,h3,h38,h3_to_h38,1.5,9.51,0.938,0,822,0.0
capture_test15_qos_h3_to_h38_no_MTD.txt,no_MTD,h3,h38,h3_to_h38,2.5,8.51,1.343,0,735,0.0
capture_test15_qos_h3_to_h38_no_MTD.txt,no_MTD,h3,h38,h3_to_h38,3.5,7.02,1.086,0,606,0.0
capture_test15_qos_h3_to_h38_no_MTD.txt,no_MTD,h3,h38,h3_to_h38,4.5,7.01,0.942,0,605,0.0
capture_test15_qos_h3_to_h38_no_MTD.txt,no_MTD,h3,h38,h3_to_h38,5.5,7.0,0.717,0,605,0.0
capture_test15_qos_h3_to_h38_no_MTD.txt,no_MTD,h3,h38,h3_to_h38,6.5,6.99,1.3,0,603,0.0
capture_test15_qos_h3_to_h38_no_MTD.txt,no_MTD,h3,h38,h3_to_h38,7.85,0.654,54.414,0,96,0.0
capture_test15_qos_h3_to_h38_no_MTD.txt,no_MTD,h3,h38,h3_to_h38,9.2,1.24,46.003,0,107,0.0
capture_test15_qos_h3_to_h38_no_MTD.txt,no_MTD,h3,h38,h3_to_h38,9.86,5.49,5.771,0,150,0.0
capture_test15_qos_h3_to_h38_no_MTD.txt,no_MTD,h3,h38,h3_to_h38,10.86,0.676,1.684,0,98,0.0
capture_test15_qos_h3_to_h38_no_MTD.txt,no_MTD,h3,h38,h3_to_h38,11.87,5.11,7.061,0,152,0.0
capture_test15_qos_h3_to_h38_no_MTD.txt,no_MTD,h3,h38,h3_to_h38,12.625,1.57,2.51,0,158,0.0
capture_test15_qos_h3_to_h38_no_MTD.txt,no_MTD,h3,h38,h3_to_h38,13.955,0.778,1.984,0,100,0.0
capture_test15_qos_h3_to_h38_no_MTD.txt,no_MTD,h3,h38,h3_to_h38,14.85,8.58,2.02,0,225,0.0
capture_test15_qos_h3_to_h38_no_MTD.txt,no_MTD,h3,h38,h3_to_h38,15.5,9.53,19.538,2248,3071,73.20091175512863
capture_test15_qos_h3_to_h38_no_MTD.txt,no_MTD,h3,h38,h3_to_h38,16.5,9.58,1.078,530,1358,39.0279823269514
capture_test15_qos_h3_to_h38_no_MTD.txt,no_MTD,h3,h38,h3_to_h38,17.5,9.55,0.869,0,823,0.0
capture_test15_qos_h3_to_h38_no_MTD.txt,no_MTD,h3,h38,h3_to_h38,18.5,6.16,8.53,0,532,0.0
capture_test15_qos_h3_to_h38_no_MTD.txt,no_MTD,h3,h38,h3_to_h38,19.5,7.97,1.097,0,688,0.0
capture_test15_qos_h3_to_h38_no_MTD.txt,no_MTD,h3,h38,h3_to_h38,20.5,9.39,0.826,0,811,0.0
capture_test15_qos_h3_to_h38_no_MTD.txt,no_MTD,h3,h38,h3_to_h38,21.85,2.79,59.851,0,408,0.0
capture_test15_qos_h3_to_h38_no_MTD.txt,no_MTD,h3,h38,h3_to_h38,22.85,8.25,12.75,0,218,0.0
capture_test15_qos_h3_to_h38_no_MTD.txt,no_MTD,h3,h38,h3_to_h38,23.5,9.52,1.295,0,823,0.0
capture_test15_qos_h3_to_h38_no_MTD.txt,no_MTD,h3,h38,h3_to_h38,24.5,9.48,1.011,0,817,0.0
capture_test15_qos_h3_to_h38_no_MTD.txt,no_MTD,h3,h38,h3_to_h38,25.5,9.53,1.078,0,824,0.0
capture_test15_qos_h3_to_h38_no_MTD.txt,no_MTD,h3,h38,h3_to_h38,26.5,7.27,1.236,0,627,0.0
capture_test15_qos_h3_to_h38_no_MTD.txt,no_MTD,h3,h38,h3_to_h38,27.5,7.0,1.299,0,604,0.0
capture_test15_qos_h3_to_h38_no_MTD.txt,no_MTD,h3,h38,h3_to_h38,28.5,6.99,1.292,0,603,0.0
capture_test15_qos_h3_to_h38_no_MTD.txt,no_MTD,h3,h38,h3_to_h38,29.5,7.0,0.701,0,605,0.0
capture_test15_qos_h3_to_h38_no_MTD.txt,no_MTD,h3,h38,h3_to_h38,30.5,7.0,1.512,0,604,0.0
capture_test15_qos_h3_to_h38_no_MTD.txt,no_MTD,h3,h38,h3_to_h38,31.5,7.01,1.041,0,605,0.0
capture_test15_qos_h3_to_h38_no_MTD.txt,no_MTD,h3,h38,h3_to_h38,32.5,7.0,1.04,0,604,0.0
capture_test15_qos_h3_to_h38_no_MTD.txt,no_MTD,h3,h38,h3_to_h38,33.5,6.98,1.522,0,602,0.0
capture_test15_qos_h3_to_h38_no_MTD.txt,no_MTD,h3,h38,h3_to_h38,34.5,7.02,0.979,0,606,0.0
capture_test15_qos_h3_to_h38_no_MTD.txt,no_MTD,h3,h38,h3_to_h38,35.5,7.02,0.732,0,606,0.0
capture_test15_qos_h3_to_h38_no_MTD.txt,no_MTD,h3,h38,h3_to_h38,36.5,6.95,1.067,0,601,0.0
capture_test15_qos_h3_to_h38_no_MTD.txt,no_MTD,h3,h38,h3_to_h38,37.5,7.02,1.127,0,605,0.0
capture_test15_qos_h3_to_h38_no_MTD.txt,no_MTD,h3,h38,h3_to_h38,38.5,7.0,1.372,0,605,0.0
capture_test15_qos_h3_to_h38_no_MTD.txt,no_MTD,h3,h38,h3_to_h38,39.5,6.63,2.346,0,571,0.0
capture_test15_qos_h3_to_h38_no_MTD.txt,no_MTD,h3,h38,h3_to_h38,40.5,2.69,1.234,0,232,0.0
capture_test15_qos_h3_to_h38_no_MTD.txt,no_MTD,h3,h38,h3_to_h38,41.5,9.5,1.214,0,820,0.0
capture_test15_qos_h3_to_h38_no_MTD.txt,no_MTD,h3,h38,h3_to_h38,42.5,9.19,1.562,0,794,0.0
capture_test15_qos_h3_to_h38_no_MTD.txt,no_MTD,h3,h38,h3_to_h38,43.5,6.98,1.47,0,603,0.0
capture_test15_qos_h3_to_h38_no_MTD.txt,no_MTD,h3,h38,h3_to_h38,44.5,7.01,1.326,0,605,0.0
capture_test15_qos_h3_to_h38_no_MTD.txt,no_MTD,h3,h38,h3_to_h38,45.5,4.82,2.591,0,416,0.0
capture_test15_qos_h3_to_h38_no_MTD.txt,no_MTD,h3,h38,h3_to_h38,46.5,2.21,1.233,0,191,0.0
capture_test15_qos_h3_to_h38_no_MTD.txt,no_MTD,h3,h38,h3_to_h38,47.5,9.47,0.949,0,817,0.0
capture_test15_qos_h3_to_h38_no_MTD.txt,no_MTD,h3,h38,h3_to_h38,48.5,9.47,0.912,0,818,0.0
capture_test15_qos_h3_to_h38_no_MTD.txt,no_MTD,h3,h38,h3_to_h38,49.5,9.05,1.058,0,781,0.0
capture_test15_qos_h3_to_h38_no_MTD.txt,no_MTD,h3,h38,h3_to_h38,50.5,6.99,1.171,0,603,0.0
capture_test15_qos_h3_to_h38_no_MTD.txt,no_MTD,h3,h38,h3_to_h38,51.5,7.01,1.02,0,605,0.0
capture_test15_qos_h3_to_h38_no_MTD.txt,no_MTD,h3,h38,h3_to_h38,52.5,4.82,1.357,0,416,0.0
capture_test15_qos_h3_to_h38_no_MTD.txt,no_MTD,h3,h38,h3_to_h38,53.5,8.88,1.803,0,767,0.0
capture_test15_qos_h3_to_h38_no_MTD.txt,no_MTD,h3,h38,h3_to_h38,54.5,7.28,1.423,0,628,0.0
capture_test15_qos_h3_to_h38_no_MTD.txt,no_MTD,h3,h38,h3_to_h38,55.5,7.01,0.676,0,605,0.0
capture_test15_qos_h3_to_h38_no_MTD.txt,no_MTD,h3,h38,h3_to_h38,56.5,7.01,1.056,0,605,0.0
capture_test15_qos_h3_to_h38_no_MTD.txt,no_MTD,h3,h38,h3_to_h38,57.5,7.0,1.093,0,605,0.0
capture_test15_qos_h3_to_h38_no_MTD.txt,no_MTD,h3,h38,h3_to_h38,58.5,6.56,1.835,0,566,0.0
capture_test15_qos_h3_to_h38_no_MTD.txt,no_MTD,h3,h38,h3_to_h38,59.5,7.45,0.946,0,643,0.0
capture_test15_qos_h3_to_h38_no_MTD.txt,no_MTD,h3,h38,h3_to_h38,60.5,6.99,1.137,0,604,0.0
capture_test15_qos_h3_to_h38_no_MTD.txt,no_MTD,h3,h38,h3_to_h38,61.5,6.98,1.532,0,603,0.0
capture_test15_qos_h3_to_h38_no_MTD.txt,no_MTD,h3,h38,h3_to_h38,62.5,7.01,1.271,0,605,0.0
capture_test15_qos_h3_to_h38_no_MTD.txt,no_MTD,h3,h38,h3_to_h38,63.5,5.95,1.222,0,514,0.0
capture_test15_qos_h3_to_h38_no_MTD.txt,no_MTD,h3,h38,h3_to_h38,64.5,8.03,1.427,0,693,0.0
capture_test15_qos_h3_to_h38_no_MTD.txt,no_MTD,h3,h38,h3_to_h38,65.5,7.02,0.855,0,606,0.0
capture_test15_qos_h3_to_h38_no_MTD.txt,no_MTD,h3,h38,h3_to_h38,66.505,5.63,7.175,0,490,0.0
capture_test15_qos_h3_to_h38_no_MTD.txt,no_MTD,h3,h38,h3_to_h38,67.505,2.75,1.621,0,236,0.0
capture_test15_qos_h3_to_h38_no_MTD.txt,no_MTD,h3,h38,h3_to_h38,68.5,9.33,1.389,0,806,0.0
capture_test15_qos_h3_to_h38_no_MTD.txt,no_MTD,h3,h38,h3_to_h38,69.5,9.5,1.136,0,819,0.0
capture_test15_qos_h3_to_h38_no_MTD.txt,no_MTD,h3,h38,h3_to_h38,70.5,7.76,1.156,0,671,0.0
capture_test15_qos_h3_to_h38_no_MTD.txt,no_MTD,h3,h38,h3_to_h38,71.5,7.0,1.054,0,604,0.0
capture_test15_qos_h3_to_h38_no_MTD.txt,no_MTD,h3,h38,h3_to_h38,72.5,6.8,1.097,0,587,0.0
capture_test15_qos_h3_to_h38_no_MTD.txt,no_MTD,h3,h38,h3_to_h38,73.5,7.18,0.927,0,620,0.0
capture_test15_qos_h3_to_h38_no_MTD.txt,no_MTD,h3,h38,h3_to_h38,74.5,7.03,1.336,0,606,0.0
capture_test15_qos_h3_to_h38_no_MTD.txt,no_MTD,h3,h38,h3_to_h38,75.5,5.54,1.041,0,478,0.0
capture_test15_qos_h3_to_h38_no_MTD.txt,no_MTD,h3,h38,h3_to_h38,76.5,8.42,1.461,0,728,0.0
capture_test15_qos_h3_to_h38_no_MTD.txt,no_MTD,h3,h38,h3_to_h38,77.5,2.0,11.345,0,172,0.0
capture_test15_qos_h3_to_h38_no_MTD.txt,no_MTD,h3,h38,h3_to_h38,78.5,9.57,0.91,0,826,0.0
capture_test15_qos_h3_to_h38_no_MTD.txt,no_MTD,h3,h38,h3_to_h38,79.5,9.47,1.06,0,818,0.0
capture_test15_qos_h3_to_h38_no_MTD.txt,no_MTD,h3,h38,h3_to_h38,80.5,3.51,1.156,0,303,0.0
capture_test15_qos_h3_to_h38_no_MTD.txt,no_MTD,h3,h38,h3_to_h38,81.5,9.4,1.629,0,811,0.0
capture_test15_qos_h3_to_h38_no_MTD.txt,no_MTD,h3,h38,h3_to_h38,82.5,8.08,0.712,0,698,0.0
capture_test15_qos_h3_to_h38_no_MTD.txt,no_MTD,h3,h38,h3_to_h38,83.5,7.0,1.153,0,605,0.0
capture_test15_qos_h3_to_h38_no_MTD.txt,no_MTD,h3,h38,h3_to_h38,84.5,7.02,0.588,0,605,0.0
capture_test15_qos_h3_to_h38_no_MTD.txt,no_MTD,h3,h38,h3_to_h38,85.5,7.0,0.66,0,604,0.0
capture_test15_qos_h3_to_h38_no_MTD.txt,no_MTD,h3,h38,h3_to_h38,86.5,7.0,1.144,0,604,0.0
capture_test15_qos_h3_to_h38_no_MTD.txt,no_MTD,h3,h38,h3_to_h38,87.5,6.99,0.83,0,604,0.0
capture_test15_qos_h3_to_h38_no_MTD.txt,no_MTD,h3,h38,h3_to_h38,88.5,7.01,0.74,0,605,0.0
capture_test15_qos_h3_to_h38_no_MTD.txt,no_MTD,h3,h38,h3_to_h38,89.5,6.99,1.224,0,603,0.0
capture_test15_qos_h3_to_h38_no_MTD.txt,no_MTD,h3,h38,h3_to_h38,90.5,7.0,1.099,0,604,0.0
capture_test15_qos_h3_to_h38_no_MTD.txt,no_MTD,h3,h38,h3_to_h38,91.5,7.01,1.091,0,605,0.0
capture_test15_qos_h3_to_h38_no_MTD.txt,no_MTD,h3,h38,h3_to_h38,92.5,6.99,1.033,0,604,0.0
capture_test15_qos_h3_to_h38_no_MTD.txt,no_MTD,h3,h38,h3_to_h38,93.5,7.0,0.698,0,604,0.0
capture_test15_qos_h3_to_h38_no_MTD.txt,no_MTD,h3,h38,h3_to_h38,94.5,6.99,0.952,0,604,0.0
capture_test15_qos_h3_to_h38_no_MTD.txt,no_MTD,h3,h38,h3_to_h38,95.5,7.0,1.125,0,605,0.0
capture_test15_qos_h3_to_h38_no_MTD.txt,no_MTD,h3,h38,h3_to_h38,96.5,7.0,0.687,0,604,0.0
capture_test15_qos_h3_to_h38_no_MTD.txt,no_MTD,h3,h38,h3_to_h38,97.5,6.97,1.094,0,603,0.0
capture_test15_qos_h3_to_h38_no_MTD.txt,no_MTD,h3,h38,h3_to_h38,98.5,6.17,1.087,0,532,0.0
capture_test15_qos_h3_to_h38_no_MTD.txt,no_MTD,h3,h38,h3_to_h38,99.5,7.85,0.723,0,679,0.0
capture_test15_qos_h3_to_h38_no_MTD.txt,no_MTD,h3,h38,h3_to_h38,100.5,5.27,2.094,0,454,0.0
capture_test15_qos_h3_to_h38_no_MTD.txt,no_MTD,h3,h38,h3_to_h38,101.5,8.74,1.503,0,755,0.0
capture_test15_qos_h3_to_h38_no_MTD.txt,no_MTD,h3,h38,h3_to_h38,102.5,6.97,1.483,0,601,0.0
capture_test15_qos_h3_to_h38_no_MTD.txt,no_MTD,h3,h38,h3_to_h38,103.5,3.07,1.273,0,265,0.0
capture_test15_qos_h3_to_h38_no_MTD.txt,no_MTD,h3,h38,h3_to_h38,104.5,3.71,1.329,0,320,0.0
capture_test15_qos_h3_to_h38_no_MTD.txt,no_MTD,h3,h38,h3_to_h38,105.5,9.62,1.333,0,830,0.0
capture_test15_qos_h3_to_h38_no_MTD.txt,no_MTD,h3,h38,h3_to_h38,106.5,9.61,1.015,0,830,0.0
capture_test15_qos_h3_to_h38_no_MTD.txt,no_MTD,h3,h38,h3_to_h38,107.5,9.02,1.331,0,779,0.0
capture_test15_qos_h3_to_h38_no_MTD.txt,no_MTD,h3,h38,h3_to_h38,108.5,6.97,0.867,0,602,0.0
capture_test15_qos_h3_to_h38_no_MTD.txt,no_MTD,h3,h38,h3_to_h38,109.5,6.91,0.935,0,596,0.0
capture_test15_qos_h3_to_h38_no_MTD.txt,no_MTD,h3,h38,h3_to_h38,110.5,7.11,0.586,0,614,0.0
capture_test15_qos_h3_to_h38_no_MTD.txt,no_MTD,h3,h38,h3_to_h38,111.5,6.99,0.974,0,603,0.0
capture_test15_qos_h3_to_h38_no_MTD.txt,no_MTD,h3,h38,h3_to_h38,112.5,7.0,0.927,0,605,0.0
capture_test15_qos_h3_to_h38_no_MTD.txt,no_MTD,h3,h38,h3_to_h38,113.5,7.0,1.641,0,603,0.0
capture_test15_qos_h3_to_h38_no_MTD.txt,no_MTD,h3,h38,h3_to_h38,114.5,7.03,1.094,0,607,0.0
capture_test15_qos_h3_to_h38_no_MTD.txt,no_MTD,h3,h38,h3_to_h38,115.5,6.96,1.637,0,601,0.0
capture_test15_qos_h3_to_h38_no_MTD.txt,no_MTD,h3,h38,h3_to_h38,116.5,3.74,1.196,0,323,0.0
capture_test15_qos_h3_to_h38_no_MTD.txt,no_MTD,h3,h38,h3_to_h38,117.5,9.5,1.06,0,820,0.0
capture_test15_qos_h3_to_h38_no_MTD.txt,no_MTD,h3,h38,h3_to_h38,118.53,5.02,8.205,0,458,0.0
capture_test15_qos_h3_to_h38_no_MTD.txt,no_MTD,h3,h38,h3_to_h38,119.53,9.35,0.936,0,761,0.0
capture_test15_qos_h3_to_h38_no_MTD.txt,no_MTD,h3,h38,h3_to_h38,120.5,7.67,1.436,0,663,0.0
capture_test15_qos_h3_to_h38_no_MTD.txt,no_MTD,h3,h38,h3_to_h38,121.5,6.97,1.188,0,602,0.0
capture_test15_qos_h3_to_h38_no_MTD.txt,no_MTD,h3,h38,h3_to_h38,122.5,7.03,0.966,0,606,0.0
capture_test15_qos_h3_to_h38_no_MTD.txt,no_MTD,h3,h38,h3_to_h38,123.84,2.16,60.843,0,312,0.0
capture_test15_qos_h3_to_h38_no_MTD.txt,no_MTD,h3,h38,h3_to_h38,124.84,8.68,1.222,0,244,0.0
capture_test15_qos_h3_to_h38_no_MTD.txt,no_MTD,h3,h38,h3_to_h38,125.5,9.32,1.1,0,804,0.0
capture_test15_qos_h3_to_h38_no_MTD.txt,no_MTD,h3,h38,h3_to_h38,126.83500000000001,3.8,2.506,0,550,0.0
capture_test15_qos_h3_to_h38_no_MTD.txt,no_MTD,h3,h38,h3_to_h38,127.83500000000001,8.88,7.545,0,250,0.0
capture_test15_qos_h3_to_h38_no_MTD.txt,no_MTD,h3,h38,h3_to_h38,128.5,9.56,1.086,0,825,0.0
capture_test15_qos_h3_to_h38_no_MTD.txt,no_MTD,h3,h38,h3_to_h38,129.5,9.36,1.605,0,807,0.0
capture_test15_qos_h3_to_h38_no_MTD.txt,no_MTD,h3,h38,h3_to_h38,130.5,9.44,1.166,0,815,0.0
capture_test15_qos_h3_to_h38_no_MTD.txt,no_MTD,h3,h38,h3_to_h38,131.5,9.48,1.421,0,819,0.0
capture_test15_qos_h3_to_h38_no_MTD.txt,no_MTD,h3,h38,h3_to_h38,132.5,7.11,1.104,0,614,0.0
capture_test15_qos_h3_to_h38_no_MTD.txt,no_MTD,h3,h38,h3_to_h38,133.5,6.97,1.683,0,601,0.0
capture_test15_qos_h3_to_h38_no_MTD.txt,no_MTD,h3,h38,h3_to_h38,134.5,7.06,1.035,0,610,0.0
capture_test15_qos_h3_to_h38_no_MTD.txt,no_MTD,h3,h38,h3_to_h38,135.5,6.98,1.471,0,602,0.0
capture_test15_qos_h3_to_h38_no_MTD.txt,no_MTD,h3,h38,h3_to_h38,136.5,6.99,1.239,0,604,0.0
capture_test15_qos_h3_to_h38_no_MTD.txt,no_MTD,h3,h38,h3_to_h38,137.5,7.01,1.335,0,606,0.0
capture_test15_qos_h3_to_h38_no_MTD.txt,no_MTD,h3,h38,h3_to_h38,138.5,6.94,1.256,0,598,0.0
capture_test15_qos_h3_to_h38_no_MTD.txt,no_MTD,h3,h38,h3_to_h38,139.84,0.809,37.987,0,117,0.0
capture_test15_qos_h3_to_h38_no_MTD.txt,no_MTD,h3,h38,h3_to_h38,140.84,7.62,9.445,0,214,0.0
capture_test15_qos_h3_to_h38_no_MTD.txt,no_MTD,h3,h38,h3_to_h38,141.5,9.51,1.549,0,821,0.0
capture_test15_qos_h3_to_h38_no_MTD.txt,no_MTD,h3,h38,h3_to_h38,142.82999999999998,2.43,4.038,0,349,0.0
capture_test15_qos_h3_to_h38_no_MTD.txt,no_MTD,h3,h38,h3_to_h38,143.82999999999998,8.81,0.773,0,257,0.0
capture_test15_qos_h3_to_h38_no_MTD.txt,no_MTD,h3,h38,h3_to_h38,144.5,9.52,1.792,313,1135,27.57709251101322
capture_test15_qos_h3_to_h38_no_MTD.txt,no_MTD,h3,h38,h3_to_h38,145.5,8.99,1.148,0,776,0.0
capture_test15_qos_h3_to_h38_no_MTD.txt,no_MTD,h3,h38,h3_to_h38,146.5,9.51,1.292,0,821,0.0
capture_test15_qos_h3_to_h38_no_MTD.txt,no_MTD,h3,h38,h3_to_h38,147.5,9.59,1.313,0,827,0.0
capture_test15_qos_h3_to_h38_no_MTD.txt,no_MTD,h3,h38,h3_to_h38,148.5,8.47,1.242,0,732,0.0
capture_test15_qos_h3_to_h38_no_MTD.txt,no_MTD,h3,h38,h3_to_h38,149.5,7.01,1.07,0,606,0.0
capture_test15_qos_h3_to_h38_no_MTD.txt,no_MTD,h3,h38,h3_to_h38,150.525,6.19,2.233,2,564,0.3546099290780142
capture_test15_qos_h3_to_h38_no_MTD.txt,no_MTD,h3,h38,h3_to_h38,151.525,7.87,1.386,18446744073709551614,641,2.8778071877862016e+18
capture_test15_qos_h3_to_h38_no_MTD.txt,no_MTD,h3,h38,h3_to_h38,152.84,2.86,1.705,0,415,0.0
capture_test15_qos_h3_to_h38_no_MTD.txt,no_MTD,h3,h38,h3_to_h38,153.84,7.72,1.21,0,213,0.0
capture_test15_qos_h3_to_h38_no_MTD.txt,no_MTD,h3,h38,h3_to_h38,154.5,9.58,0.829,0,826,0.0
capture_test15_qos_h3_to_h38_no_MTD.txt,no_MTD,h3,h38,h3_to_h38,155.5,9.63,0.894,0,832,0.0
capture_test15_qos_h3_to_h38_no_MTD.txt,no_MTD,h3,h38,h3_to_h38,156.5,8.55,1.074,0,738,0.0
capture_test15_qos_h3_to_h38_no_MTD.txt,no_MTD,h3,h38,h3_to_h38,157.5,6.97,1.15,0,602,0.0
capture_test15_qos_h3_to_h38_no_MTD.txt,no_MTD,h3,h38,h3_to_h38,158.5,6.19,2.484,0,534,0.0
capture_test15_qos_h3_to_h38_no_MTD.txt,no_MTD,h3,h38,h3_to_h38,159.5,7.35,1.054,0,635,0.0
capture_test15_qos_h3_to_h38_no_MTD.txt,no_MTD,h3,h38,h3_to_h38,160.5,7.46,1.482,0,644,0.0
capture_test15_qos_h3_to_h38_no_MTD.txt,no_MTD,h3,h38,h3_to_h38,161.5,4.93,2.024,0,425,0.0
capture_test15_qos_h3_to_h38_no_MTD.txt,no_MTD,h3,h38,h3_to_h38,162.84,2.14,63.935,0,310,0.0
capture_test15_qos_h3_to_h38_no_MTD.txt,no_MTD,h3,h38,h3_to_h38,163.84,8.99,0.976,0,250,0.0
capture_test15_qos_h3_to_h38_no_MTD.txt,no_MTD,h3,h38,h3_to_h38,164.5,9.52,0.748,0,822,0.0
capture_test15_qos_h3_to_h38_no_MTD.txt,no_MTD,h3,h38,h3_to_h38,165.5,9.56,1.151,0,825,0.0
capture_test15_qos_h3_to_h38_no_MTD.txt,no_MTD,h3,h38,h3_to_h38,166.5,9.58,0.861,0,827,0.0
capture_test15_qos_h3_to_h38_no_MTD.txt,no_MTD,h3,h38,h3_to_h38,167.5,8.94,0.999,0,772,0.0
capture_test15_qos_h3_to_h38_no_MTD.txt,no_MTD,h3,h38,h3_to_h38,168.5,7.0,1.108,0,604,0.0
capture_test15_qos_h3_to_h38_no_MTD.txt,no_MTD,h3,h38,h3_to_h38,169.5,7.02,1.018,0,606,0.0
capture_test15_qos_h3_to_h38_no_MTD.txt,no_MTD,h3,h38,h3_to_h38,170.5,7.01,0.998,0,605,0.0
capture_test15_qos_h3_to_h38_no_MTD.txt,no_MTD,h3,h38,h3_to_h38,171.5,6.98,0.78,0,603,0.0
capture_test15_qos_h3_to_h38_no_MTD.txt,no_MTD,h3,h38,h3_to_h38,172.5,7.02,1.116,0,605,0.0
capture_test15_qos_h3_to_h38_no_MTD.txt,no_MTD,h3,h38,h3_to_h38,173.5,6.99,1.507,0,604,0.0
capture_test15_qos_h3_to_h38_no_MTD.txt,no_MTD,h3,h38,h3_to_h38,174.5,2.99,1.171,0,258,0.0
capture_test15_qos_h3_to_h38_no_MTD.txt,no_MTD,h3,h38,h3_to_h38,175.5,7.35,1.57,0,634,0.0
capture_test15_qos_h3_to_h38_no_MTD.txt,no_MTD,h3,h38,h3_to_h38,176.5,7.2,2.961,0,622,0.0
capture_test15_qos_h3_to_h38_no_MTD.txt,no_MTD,h3,h38,h3_to_h38,177.5,9.44,1.092,0,815,0.0
capture_test15_qos_h3_to_h38_no_MTD.txt,no_MTD,h3,h38,h3_to_h38,178.83499999999998,2.84,60.92,0,411,0.0
capture_test15_qos_h3_to_h38_no_MTD.txt,no_MTD,h3,h38,h3_to_h38,179.83999999999997,7.02,8.344,0,202,0.0
capture_test15_qos_h3_to_h38_no_MTD.txt,no_MTD,h3,h38,h3_to_h38,180.505,3.72,1.225,0,319,0.0
capture_test15_qos_h3_to_h38_no_MTD.txt,no_MTD,h3,h38,h3_to_h38,181.5,9.59,1.555,24,852,2.8169014084507045
capture_test15_qos_h3_to_h38_no_MTD.txt,no_MTD,h3,h38,h3_to_h38,182.5,7.93,1.202,0,685,0.0
capture_test15_qos_h3_to_h38_no_MTD.txt,no_MTD,h3,h38,h3_to_h38,183.5,9.49,0.95,0,819,0.0
capture_test15_qos_h3_to_h38_no_MTD.txt,no_MTD,h3,h38,h3_to_h38,184.5,9.53,1.022,0,822,0.0
capture_test15_qos_h3_to_h38_no_MTD.txt,no_MTD,h3,h38,h3_to_h38,185.5,9.4,1.685,0,811,0.0
capture_test15_qos_h3_to_h38_no_MTD.txt,no_MTD,h3,h38,h3_to_h38,186.84,2.51,2.5,0,364,0.0
capture_test15_qos_h3_to_h38_no_MTD.txt,no_MTD,h3,h38,h3_to_h38,188.16,1.31,11.858,0,109,0.0
capture_test15_qos_h3_to_h38_no_MTD.txt,no_MTD,h3,h38,h3_to_h38,188.82,8.97,1.208,0,281,0.0
capture_test15_qos_h3_to_h38_no_MTD.txt,no_MTD,h3,h38,h3_to_h38,189.5,9.58,1.97,113,939,12.034078807241746
capture_test15_qos_h3_to_h38_no_MTD.txt,no_MTD,h3,h38,h3_to_h38,190.5,9.65,1.737,0,834,0.0
capture_test15_qos_h3_to_h38_no_MTD.txt,no_MTD,h3,h38,h3_to_h38,191.5,9.57,0.968,0,826,0.0
capture_test15_qos_h3_to_h38_no_MTD.txt,no_MTD,h3,h38,h3_to_h38,192.5,9.59,1.264,0,828,0.0
capture_test15_qos_h3_to_h38_no_MTD.txt,no_MTD,h3,h38,h3_to_h38,193.81,3.35,30.772,0,468,0.0
capture_test15_qos_h3_to_h38_no_MTD.txt,no_MTD,h3,h38,h3_to_h38,194.81,3.73,1.393,0,123,0.0
capture_test15_qos_h3_to_h38_no_MTD.txt,no_MTD,h3,h38,h3_to_h38,195.82999999999998,0.469,4.892,0,67,0.0
capture_test15_qos_h3_to_h38_no_MTD.txt,no_MTD,h3,h38,h3_to_h38,196.82999999999998,8.27,1.162,0,246,0.0
capture_test15_qos_h3_to_h38_no_MTD.txt,no_MTD,h3,h38,h3_to_h38,197.65,4.8,35.912,0,540,0.0
capture_test15_qos_h3_to_h38_no_MTD.txt,no_MTD,h3,h38,h3_to_h38,198.705,4.68,2.539,601,925,64.97297297297297
capture_test15_qos_h3_to_h38_no_MTD.txt,no_MTD,h3,h38,h3_to_h38,199.555,7.66,2.124,0,592,0.0
capture_test15_qos_h3_to_h38_no_MTD.txt,no_MTD,h3,h38,h3_to_h38,200.5,9.46,1.269,385,1202,32.02995008319468
capture_test15_qos_h3_to_h38_no_MTD.txt,no_MTD,h3,h38,h3_to_h38,201.5,9.42,1.351,0,814,0.0
capture_test15_qos_h3_to_h38_no_MTD.txt,no_MTD,h3,h38,h3_to_h38,202.5,9.41,1.538,0,811,0.0
capture_test15_qos_h3_to_h38_no_MTD.txt,no_MTD,h3,h38,h3_to_h38,203.5,9.39,1.261,0,810,0.0
capture_test15_qos_h3_to_h38_no_MTD.txt,no_MTD,h3,h38,h3_to_h38,204.5,8.15,1.181,0,704,0.0
capture_test15_qos_h3_to_h38_no_MTD.txt,no_MTD,h3,h38,h3_to_h38,205.5,6.96,1.06,0,602,0.0
capture_test15_qos_h3_to_h38_no_MTD.txt,no_MTD,h3,h38,h3_to_h38,206.5,7.04,0.987,0,606,0.0
capture_test15_qos_h3_to_h38_no_MTD.txt,no_MTD,h3,h38,h3_to_h38,207.5,7.0,0.615,0,604,0.0
capture_test15_qos_h3_to_h38_no_MTD.txt,no_MTD,h3,h38,h3_to_h38,208.5,7.0,1.008,0,605,0.0
capture_test15_qos_h3_to_h38_no_MTD.txt,no_MTD,h3,h38,h3_to_h38,209.5,7.01,1.14,0,604,0.0
capture_test15_qos_h3_to_h38_no_MTD.txt,no_MTD,h3,h38,h3_to_h38,210.5,7.0,1.171,0,604,0.0
capture_test15_qos_h3_to_h38_no_MTD.txt,no_MTD,h3,h38,h3_to_h38,211.5,6.99,1.053,0,604,0.0
capture_test15_qos_h3_to_h38_no_MTD.txt,no_MTD,h3,h38,h3_to_h38,212.5,7.0,1.066,0,605,0.0
capture_test15_qos_h3_to_h38_no_MTD.txt,no_MTD,h3,h38,h3_to_h38,213.5,6.99,1.297,0,603,0.0
capture_test15_qos_h3_to_h38_no_MTD.txt,no_MTD,h3,h38,h3_to_h38,214.5,7.0,1.105,0,605,0.0
capture_test15_qos_h3_to_h38_no_MTD.txt,no_MTD,h3,h38,h3_to_h38,215.5,6.99,1.419,0,604,0.0
capture_test15_qos_h3_to_h38_no_MTD.txt,no_MTD,h3,h38,h3_to_h38,216.5,7.01,1.102,0,604,0.0
capture_test15_qos_h3_to_h38_no_MTD.txt,no_MTD,h3,h38,h3_to_h38,217.5,6.99,1.141,0,604,0.0
capture_test15_qos_h3_to_h38_no_MTD.txt,no_MTD,h3,h38,h3_to_h38,218.5,7.03,0.879,0,607,0.0
capture_test15_qos_h3_to_h38_no_MTD.txt,no_MTD,h3,h38,h3_to_h38,219.57999999999998,4.31,4.266,0,430,0.0
capture_test15_qos_h3_to_h38_no_MTD.txt,no_MTD,h3,h38,h3_to_h38,220.87,0.561,36.179,0,69,0.0
capture_test15_qos_h3_to_h38_no_MTD.txt,no_MTD,h3,h38,h3_to_h38,222.125,0.997,30.636,0,94,0.0
capture_test15_qos_h3_to_h38_no_MTD.txt,no_MTD,h3,h38,h3_to_h38,223.17,0.467,51.784,0,40,0.0
capture_test15_qos_h3_to_h38_no_MTD.txt,no_MTD,h3,h38,h3_to_h38,223.83499999999998,8.78,1.162,0,254,0.0
capture_test15_qos_h3_to_h38_no_MTD.txt,no_MTD,h3,h38,h3_to_h38,224.5,9.55,5.223,1181,2006,58.87337986041874
capture_test15_qos_h3_to_h38_no_MTD.txt,no_MTD,h3,h38,h3_to_h38,225.5,9.48,1.276,0,819,0.0
capture_test15_qos_h3_to_h38_no_MTD.txt,no_MTD,h3,h38,h3_to_h38,226.5,8.48,2.107,0,733,0.0
capture_test15_qos_h3_to_h38_no_MTD.txt,no_MTD,h3,h38,h3_to_h38,227.515,2.54,2.229,0,226,0.0
capture_test15_qos_h3_to_h38_no_MTD.txt,no_MTD,h3,h38,h3_to_h38,228.58499999999998,0.642,10.215,0,61,0.0
capture_test15_qos_h3_to_h38_no_MTD.txt,no_MTD,h3,h38,h3_to_h38,229.57,3.71,1.275,0,277,0.0
capture_test15_qos_h3_to_h38_no_MTD.txt,no_MTD,h3,h38,h3_to_h38,230.5,9.65,2.571,679,1511,44.93712772998015
capture_test15_qos_h3_to_h38_no_MTD.txt,no_MTD,h3,h38,h3_to_h38,231.5,9.52,0.862,0,823,0.0
capture_test15_qos_h3_to_h38_no_MTD.txt,no_MTD,h3,h38,h3_to_h38,232.5,9.54,1.592,0,823,0.0
capture_test15_qos_h3_to_h38_no_MTD.txt,no_MTD,h3,h38,h3_to_h38,233.5,9.51,1.221,0,821,0.0
capture_test15_qos_h3_to_h38_no_MTD.txt,no_MTD,h3,h38,h3_to_h38,234.5,7.89,0.987,0,682,0.0
capture_test15_qos_h3_to_h38_no_MTD.txt,no_MTD,h3,h38,h3_to_h38,235.5,6.96,1.763,0,600,0.0
capture_test15_qos_h3_to_h38_no_MTD.txt,no_MTD,h3,h38,h3_to_h38,236.5,7.02,1.184,0,606,0.0
capture_test15_qos_h3_to_h38_no_MTD.txt,no_MTD,h3,h38,h3_to_h38,237.5,6.96,1.19,0,601,0.0
capture_test15_qos_h3_to_h38_no_MTD.txt,no_MTD,h3,h38,h3_to_h38,238.5,7.04,1.269,0,608,0.0
capture_test15_qos_h3_to_h38_no_MTD.txt,no_MTD,h3,h38,h3_to_h38,239.5,6.97,1.654,0,602,0.0
capture_test15_qos_h3_to_h38_no_MTD.txt,no_MTD,h3,h38,h3_to_h38,240.5,6.47,1.03,0,559,0.0
capture_test15_qos_h3_to_h38_no_MTD.txt,no_MTD,h3,h38,h3_to_h38,241.5,7.56,1.131,0,652,0.0
capture_test15_qos_h3_to_h38_no_MTD.txt,no_MTD,h3,h38,h3_to_h38,242.5,6.99,1.287,0,603,0.0
capture_test15_qos_h3_to_h38_no_MTD.txt,no_MTD,h3,h38,h3_to_h38,243.5,7.02,0.818,0,606,0.0
capture_test15_qos_h3_to_h38_no_MTD.txt,no_MTD,h3,h38,h3_to_h38,244.84,2.74,45.557,0,397,0.0
capture_test15_qos_h3_to_h38_no_MTD.txt,no_MTD,h3,h38,h3_to_h38,246.175,1.96,2.535,0,168,0.0
capture_test15_qos_h3_to_h38_no_MTD.txt,no_MTD,h3,h38,h3_to_h38,247.17,0.96,3.437,0,83,0.0
capture_test15_qos_h3_to_h38_no_MTD.txt,no_MTD,h3,h38,h3_to_h38,248.17,0.579,3.808,0,50,0.0
capture_test15_qos_h3_to_h38_no_MTD.txt,no_MTD,h3,h38,h3_to_h38,248.83499999999998,7.67,1.78,0,218,0.0
capture_test15_qos_h3_to_h38_no_MTD.txt,no_MTD,h3,h38,h3_to_h38,249.5,9.5,39.963,593,1413,41.967445152158525
capture_test15_qos_h3_to_h38_no_MTD.txt,no_MTD,h3,h38,h3_to_h38,250.5,6.1,1.066,542,1069,50.701590271281574
capture_test15_qos_h3_to_h38_no_MTD.txt,no_MTD,h3,h38,h3_to_h38,251.84,1.67,22.531,0,242,0.0
capture_test15_qos_h3_to_h38_no_MTD.txt,no_MTD,h3,h38,h3_to_h38,252.84,8.29,11.231,0,229,0.0
capture_test15_qos_h3_to_h38_no_MTD.txt,no_MTD,h3,h38,h3_to_h38,253.5,9.55,20.073,596,1420,41.971830985915496
capture_test15_qos_h3_to_h38_no_MTD.txt,no_MTD,h3,h38,h3_to_h38,254.5,9.6,1.05,10,839,1.1918951132300357
capture_test15_qos_h3_to_h38_no_MTD.txt,no_MTD,h3,h38,h3_to_h38,255.5,9.55,1.1,0,825,0.0
capture_test15_qos_h3_to_h38_no_MTD.txt,no_MTD,h3,h38,h3_to_h38,256.5,9.55,1.119,0,824,0.0
capture_test15_qos_h3_to_h38_no_MTD.txt,no_MTD,h3,h38,h3_to_h38,257.5,7.9,1.47,0,681,0.0
capture_test15_qos_h3_to_h38_no_MTD.txt,no_MTD,h3,h38,h3_to_h38,258.5,6.99,1.2,0,604,0.0
capture_test15_qos_h3_to_h38_no_MTD.txt,no_MTD,h3,h38,h3_to_h38,259.84000000000003,1.83,8.973,0,265,0.0
capture_test15_qos_h3_to_h38_no_MTD.txt,no_MTD,h3,h38,h3_to_h38,260.84000000000003,7.84,8.085,0,221,0.0
capture_test15_qos_h3_to_h38_no_MTD.txt,no_MTD,h3,h38,h3_to_h38,261.84000000000003,0.753,4.962,0,109,0.0
capture_test15_qos_h3_to_h38_no_MTD.txt,no_MTD,h3,h38,h3_to_h38,263.185,1.63,2.634,0,142,0.0
capture_test15_qos_h3_to_h38_no_MTD.txt,no_MTD,h3,h38,h3_to_h38,264.18,1.57,46.261,0,133,0.0
capture_test15_qos_h3_to_h38_no_MTD.txt,no_MTD,h3,h38,h3_to_h38,264.83500000000004,9.21,2.04,0,265,0.0
capture_test15_qos_h3_to_h38_no_MTD.txt,no_MTD,h3,h38,h3_to_h38,265.5,9.56,2.469,1549,2374,65.24852569502949
capture_test15_qos_h3_to_h38_no_MTD.txt,no_MTD,h3,h38,h3_to_h38,266.5,9.48,1.562,0,819,0.0
capture_test15_qos_h3_to_h38_no_MTD.txt,no_MTD,h3,h38,h3_to_h38,267.5,9.56,0.915,0,825,0.0
capture_test15_qos_h3_to_h38_no_MTD.txt,no_MTD,h3,h38,h3_to_h38,268.5,9.59,1.047,0,828,0.0
capture_test15_qos_h3_to_h38_no_MTD.txt,no_MTD,h3,h38,h3_to_h38,269.5,7.73,0.99,0,668,0.0
capture_test15_qos_h3_to_h38_no_MTD.txt,no_MTD,h3,h38,h3_to_h38,270.5,6.98,1.18,0,602,0.0
capture_test15_qos_h3_to_h38_no_MTD.txt,no_MTD,h3,h38,h3_to_h38,271.5,7.03,0.878,0,607,0.0
capture_test15_qos_h3_to_h38_no_MTD.txt,no_MTD,h3,h38,h3_to_h38,272.5,6.99,1.027,0,604,0.0
capture_test15_qos_h3_to_h38_no_MTD.txt,no_MTD,h3,h38,h3_to_h38,273.5,6.98,1.199,0,602,0.0
capture_test15_qos_h3_to_h38_no_MTD.txt,no_MTD,h3,h38,h3_to_h38,274.5,7.03,1.056,0,607,0.0
capture_test15_qos_h3_to_h38_no_MTD.txt,no_MTD,h3,h38,h3_to_h38,275.5,6.99,0.978,0,603,0.0
capture_test15_qos_h3_to_h38_no_MTD.txt,no_MTD,h3,h38,h3_to_h38,276.5,7.0,1.288,0,604,0.0
capture_test15_qos_h3_to_h38_no_MTD.txt,no_MTD,h3,h38,h3_to_h38,277.5,6.99,1.438,0,604,0.0
capture_test15_qos_h3_to_h38_no_MTD.txt,no_MTD,h3,h38,h3_to_h38,278.5,7.01,0.902,0,605,0.0
capture_test15_qos_h3_to_h38_no_MTD.txt,no_MTD,h3,h38,h3_to_h38,279.5,6.99,1.685,0,603,0.0
capture_test15_qos_h3_to_h38_no_MTD.txt,no_MTD,h3,h38,h3_to_h38,280.5,5.2,1.003,0,449,0.0
capture_test15_qos_h3_to_h38_no_MTD.txt,no_MTD,h3,h38,h3_to_h38,281.5,2.93,2.657,0,253,0.0
capture_test15_qos_h3_to_h38_no_MTD.txt,no_MTD,h3,h38,h3_to_h38,282.5,9.34,1.152,0,805,0.0
capture_test15_qos_h3_to_h38_no_MTD.txt,no_MTD,h3,h38,h3_to_h38,283.5,9.58,0.842,0,827,0.0
capture_test15_qos_h3_to_h38_no_MTD.txt,no_MTD,h3,h38,h3_to_h38,284.5,7.98,1.158,0,689,0.0
capture_test15_qos_h3_to_h38_no_MTD.txt,no_MTD,h3,h38,h3_to_h38,285.83500000000004,1.24,8.238,0,179,0.0
capture_test15_qos_h3_to_h38_no_MTD.txt,no_MTD,h3,h38,h3_to_h38,287.165,1.2,1.398,0,103,0.0
capture_test15_qos_h3_to_h38_no_MTD.txt,no_MTD,h3,h38,h3_to_h38,287.83000000000004,8.74,1.687,0,257,0.0
capture_test15_qos_h3_to_h38_no_MTD.txt,no_MTD,h3,h38,h3_to_h38,288.5,9.53,1.744,315,1138,27.680140597539545
capture_test15_qos_h3_to_h38_no_MTD.txt,no_MTD,h3,h38,h3_to_h38,289.5,9.47,0.95,0,817,0.0
capture_test15_qos_h3_to_h38_no_MTD.txt,no_MTD,h3,h38,h3_to_h38,290.5,9.48,1.939,0,818,0.0
capture_test15_qos_h3_to_h38_no_MTD.txt,no_MTD,h3,h38,h3_to_h38,291.5,9.4,0.91,0,812,0.0
capture_test15_qos_h3_to_h38_no_MTD.txt,no_MTD,h3,h38,h3_to_h38,292.5,5.84,1.194,0,504,0.0
capture_test15_qos_h3_to_h38_no_MTD.txt,no_MTD,h3,h38,h3_to_h38,293.5,9.41,0.936,0,812,0.0
capture_test15_qos_h3_to_h38_no_MTD.txt,no_MTD,h3,h38,h3_to_h38,294.5,7.0,0.672,0,604,0.0
capture_test15_qos_h3_to_h38_no_MTD.txt,no_MTD,h3,h38,h3_to_h38,295.5,6.98,1.207,0,603,0.0
capture_test15_qos_h3_to_h38_no_MTD.txt,no_MTD,h3,h38,h3_to_h38,296.5,7.0,1.084,0,603,0.0
capture_test15_qos_h3_to_h38_no_MTD.txt,no_MTD,h3,h38,h3_to_h38,297.5,7.0,0.976,0,605,0.0
capture_test15_qos_h3_to_h38_no_MTD.txt,no_MTD,h3,h38,h3_to_h38,298.5,7.0,1.507,0,604,0.0
capture_test15_qos_h3_to_h38_no_MTD.txt,no_MTD,h3,h38,h3_to_h38,299.5,6.99,1.349,0,604,0.0
capture_test15_qos_h3_to_h38_no_MTD.txt,no_MTD,h3,h38,h3_to_h38,300.105,3.81,2.843,0,70,0.0
capture_test14_qos_h39_to_h2_MTD.txt,MTD,h39,h2,h39_to_h2,0.5,6.08,0.756,0,525,0.0
capture_test14_qos_h39_to_h2_MTD.txt,MTD,h39,h2,h39_to_h2,1.5,7.01,1.179,0,605,0.0
capture_test14_qos_h39_to_h2_MTD.txt,MTD,h39,h2,h39_to_h2,2.5,6.99,1.22,0,604,0.0
capture_test14_qos_h39_to_h2_MTD.txt,MTD,h39,h2,h39_to_h2,3.5,7.01,1.136,0,605,0.0
capture_test14_qos_h39_to_h2_MTD.txt,MTD,h39,h2,h39_to_h2,4.5,7.01,0.909,0,605,0.0
capture_test14_qos_h39_to_h2_MTD.txt,MTD,h39,h2,h39_to_h2,5.5,6.98,1.131,0,604,0.0
capture_test14_qos_h39_to_h2_MTD.txt,MTD,h39,h2,h39_to_h2,6.5600000000000005,5.69,10.777,0,548,0.0
capture_test14_qos_h39_to_h2_MTD.txt,MTD,h39,h2,h39_to_h2,7.5600000000000005,8.61,1.217,0,658,0.0
capture_test14_qos_h39_to_h2_MTD.txt,MTD,h39,h2,h39_to_h2,8.5,6.66,1.792,0,574,0.0
capture_test14_qos_h39_to_h2_MTD.txt,MTD,h39,h2,h39_to_h2,9.5,7.38,1.34,0,637,0.0
capture_test14_qos_h39_to_h2_MTD.txt,MTD,h39,h2,h39_to_h2,10.559999999999999,3.69,1.032,0,355,0.0
capture_test14_qos_h39_to_h2_MTD.txt,MTD,h39,h2,h39_to_h2,11.64,0.956,22.287,0,86,0.0
capture_test14_qos_h39_to_h2_MTD.txt,MTD,h39,h2,h39_to_h2,12.645,4.43,28.591,0,372,0.0
capture_test14_qos_h39_to_h2_MTD.txt,MTD,h39,h2,h39_to_h2,13.565000000000001,9.29,1.007,0,698,0.0
capture_test14_qos_h39_to_h2_MTD.txt,MTD,h39,h2,h39_to_h2,14.5,9.61,0.819,71,901,7.880133185349611
capture_test14_qos_h39_to_h2_MTD.txt,MTD,h39,h2,h39_to_h2,15.5,9.63,0.951,0,831,0.0
capture_test14_qos_h39_to_h2_MTD.txt,MTD,h39,h2,h39_to_h2,16.5,9.6,0.906,0,828,0.0
capture_test14_qos_h39_to_h2_MTD.txt,MTD,h39,h2,h39_to_h2,17.5,8.84,1.467,0,764,0.0
capture_test14_qos_h39_to_h2_MTD.txt,MTD,h39,h2,h39_to_h2,18.5,6.93,1.925,0,598,0.0
capture_test14_qos_h39_to_h2_MTD.txt,MTD,h39,h2,h39_to_h2,19.5,7.07,0.827,0,611,0.0
capture_test14_qos_h39_to_h2_MTD.txt,MTD,h39,h2,h39_to_h2,20.5,7.0,0.54,0,604,0.0
capture_test14_qos_h39_to_h2_MTD.txt,MTD,h39,h2,h39_to_h2,21.5,1.8,0.987,0,155,0.0
capture_test14_qos_h39_to_h2_MTD.txt,MTD,h39,h2,h39_to_h2,22.5,7.72,2.024,0,667,0.0
capture_test14_qos_h39_to_h2_MTD.txt,MTD,h39,h2,h39_to_h2,23.5,9.43,1.265,0,814,0.0
capture_test14_qos_h39_to_h2_MTD.txt,MTD,h39,h2,h39_to_h2,24.5,9.02,0.962,0,778,0.0
capture_test14_qos_h39_to_h2_MTD.txt,MTD,h39,h2,h39_to_h2,25.5,7.01,1.181,0,605,0.0
capture_test14_qos_h39_to_h2_MTD.txt,MTD,h39,h2,h39_to_h2,26.5,5.16,1.853,0,445,0.0
capture_test14_qos_h39_to_h2_MTD.txt,MTD,h39,h2,h39_to_h2,27.5,7.76,1.15,0,671,0.0
capture_test14_qos_h39_to_h2_MTD.txt,MTD,h39,h2,h39_to_h2,28.5,8.11,1.08,0,699,0.0
capture_test14_qos_h39_to_h2_MTD.txt,MTD,h39,h2,h39_to_h2,29.5,6.95,1.108,0,601,0.0
capture_test14_qos_h39_to_h2_MTD.txt,MTD,h39,h2,h39_to_h2,30.560000000000002,4.14,26.33,0,398,0.0
capture_test14_qos_h39_to_h2_MTD.txt,MTD,h39,h2,h39_to_h2,31.560000000000002,9.36,1.102,0,715,0.0
capture_test14_qos_h39_to_h2_MTD.txt,MTD,h39,h2,h39_to_h2,32.565,1.61,41.515,0,156,0.0
capture_test14_qos_h39_to_h2_MTD.txt,MTD,h39,h2,h39_to_h2,33.565,9.09,2.561,0,687,0.0
capture_test14_qos_h39_to_h2_MTD.txt,MTD,h39,h2,h39_to_h2,34.5,8.43,1.134,0,728,0.0
capture_test14_qos_h39_to_h2_MTD.txt,MTD,h39,h2,h39_to_h2,35.5,9.42,1.307,0,813,0.0
capture_test14_qos_h39_to_h2_MTD.txt,MTD,h39,h2,h39_to_h2,36.5,8.47,1.712,0,731,0.0
capture_test14_qos_h39_to_h2_MTD.txt,MTD,h39,h2,h39_to_h2,37.5,7.07,1.007,0,610,0.0
capture_test14_qos_h39_to_h2_MTD.txt,MTD,h39,h2,h39_to_h2,38.5,7.0,0.955,0,604,0.0
capture_test14_qos_h39_to_h2_MTD.txt,MTD,h39,h2,h39_to_h2,39.5,6.95,1.744,0,601,0.0
capture_test14_qos_h39_to_h2_MTD.txt,MTD,h39,h2,h39_to_h2,40.5,7.02,1.072,0,606,0.0
capture_test14_qos_h39_to_h2_MTD.txt,MTD,h39,h2,h39_to_h2,41.5,7.02,1.143,0,605,0.0
capture_test14_qos_h39_to_h2_MTD.txt,MTD,h39,h2,h39_to_h2,42.5,7.0,1.178,0,604,0.0
capture_test14_qos_h39_to_h2_MTD.txt,MTD,h39,h2,h39_to_h2,43.5,7.01,1.051,0,605,0.0
capture_test14_qos_h39_to_h2_MTD.txt,MTD,h39,h2,h39_to_h2,44.5,6.99,1.129,0,604,0.0
capture_test14_qos_h39_to_h2_MTD.txt,MTD,h39,h2,h39_to_h2,45.5,6.99,1.372,0,604,0.0
capture_test14_qos_h39_to_h2_MTD.txt,MTD,h39,h2,h39_to_h2,46.5,5.59,1.29,0,482,0.0
capture_test14_qos_h39_to_h2_MTD.txt,MTD,h39,h2,h39_to_h2,47.5,8.41,1.137,0,727,0.0
capture_test14_qos_h39_to_h2_MTD.txt,MTD,h39,h2,h39_to_h2,48.5,6.99,1.108,0,603,0.0
capture_test14_qos_h39_to_h2_MTD.txt,MTD,h39,h2,h39_to_h2,49.5,6.99,1.462,0,603,0.0
capture_test14_qos_h39_to_h2_MTD.txt,MTD,h39,h2,h39_to_h2,50.58,4.5,21.557,0,451,0.0
capture_test14_qos_h39_to_h2_MTD.txt,MTD,h39,h2,h39_to_h2,51.58,9.41,0.825,0,683,0.0
capture_test14_qos_h39_to_h2_MTD.txt,MTD,h39,h2,h39_to_h2,52.5,7.88,1.136,0,680,0.0
capture_test14_qos_h39_to_h2_MTD.txt,MTD,h39,h2,h39_to_h2,53.5,7.02,1.219,0,606,0.0
capture_test14_qos_h39_to_h2_MTD.txt,MTD,h39,h2,h39_to_h2,54.5,6.99,0.863,0,604,0.0
capture_test14_qos_h39_to_h2_MTD.txt,MTD,h39,h2,h39_to_h2,55.5,7.01,0.778,0,605,0.0
capture_test14_qos_h39_to_h2_MTD.txt,MTD,h39,h2,h39_to_h2,56.5,7.0,0.641,0,604,0.0
capture_test14_qos_h39_to_h2_MTD.txt,MTD,h39,h2,h39_to_h2,57.5,7.0,1.044,0,605,0.0
capture_test14_qos_h39_to_h2_MTD.txt,MTD,h39,h2,h39_to_h2,58.58,3.48,2.523,0,347,0.0
capture_test14_qos_h39_to_h2_MTD.txt,MTD,h39,h2,h39_to_h2,59.66,0.52,55.796,0,45,0.0
capture_test14_qos_h39_to_h2_MTD.txt,MTD,h39,h2,h39_to_h2,60.58,9.0,1.203,0,654,0.0
capture_test14_qos_h39_to_h2_MTD.txt,MTD,h39,h2,h39_to_h2,61.5,9.61,0.911,0,829,0.0
capture_test14_qos_h39_to_h2_MTD.txt,MTD,h39,h2,h39_to_h2,62.5,3.6,1.223,0,311,0.0
capture_test14_qos_h39_to_h2_MTD.txt,MTD,h39,h2,h39_to_h2,63.575,5.06,38.691,0,503,0.0
capture_test14_qos_h39_to_h2_MTD.txt,MTD,h39,h2,h39_to_h2,64.665,1.05,16.925,0,93,0.0
capture_test14_qos_h39_to_h2_MTD.txt,MTD,h39,h2,h39_to_h2,65.67,6.28,12.151,0,532,0.0
capture_test14_qos_h39_to_h2_MTD.txt,MTD,h39,h2,h39_to_h2,66.655,0.493,2.687,0,42,0.0
capture_test14_qos_h39_to_h2_MTD.txt,MTD,h39,h2,h39_to_h2,67.64500000000001,1.09,52.13,0,94,0.0
capture_test14_qos_h39_to_h2_MTD.txt,MTD,h39,h2,h39_to_h2,68.64500000000001,1.29,47.903,0,112,0.0
capture_test14_qos_h39_to_h2_MTD.txt,MTD,h39,h2,h39_to_h2,69.65,1.06,1.386,0,91,0.0
capture_test14_qos_h39_to_h2_MTD.txt,MTD,h39,h2,h39_to_h2,70.575,9.45,1.211,545,1242,43.88083735909823
capture_test14_qos_h39_to_h2_MTD.txt,MTD,h39,h2,h39_to_h2,71.575,7.62,13.575,2124,2882,73.69882026370576
capture_test14_qos_h39_to_h2_MTD.txt,MTD,h39,h2,h39_to_h2,72.65,0.128,7.615,0,11,0.0
capture_test14_qos_h39_to_h2_MTD.txt,MTD,h39,h2,h39_to_h2,73.58000000000001,1.77,9.446,0,132,0.0
capture_test14_qos_h39_to_h2_MTD.txt,MTD,h39,h2,h39_to_h2,74.58000000000001,0.919,2.56,0,90,0.0
capture_test14_qos_h39_to_h2_MTD.txt,MTD,h39,h2,h39_to_h2,75.575,4.8,1.102,0,354,0.0
capture_test14_qos_h39_to_h2_MTD.txt,MTD,h39,h2,h39_to_h2,76.5,9.56,3.21,1339,2163,61.904761904761905
capture_test14_qos_h39_to_h2_MTD.txt,MTD,h39,h2,h39_to_h2,77.5,9.6,0.999,202,1031,19.59262851600388
capture_test14_qos_h39_to_h2_MTD.txt,MTD,h39,h2,h39_to_h2,78.575,4.35,2.29,0,431,0.0
capture_test14_qos_h39_to_h2_MTD.txt,MTD,h39,h2,h39_to_h2,79.655,0.696,3.478,0,61,0.0
capture_test14_qos_h39_to_h2_MTD.txt,MTD,h39,h2,h39_to_h2,80.58,9.45,1.168,0,682,0.0
capture_test14_qos_h39_to_h2_MTD.txt,MTD,h39,h2,h39_to_h2,81.5,9.67,0.742,327,1161,28.165374677002585
capture_test14_qos_h39_to_h2_MTD.txt,MTD,h39,h2,h39_to_h2,82.59,3.02,38.107,0,308,0.0
capture_test14_qos_h39_to_h2_MTD.txt,MTD,h39,h2,h39_to_h2,83.59,9.51,1.245,0,673,0.0
capture_test14_qos_h39_to_h2_MTD.txt,MTD,h39,h2,h39_to_h2,84.5,2.68,1.202,0,231,0.0
capture_test14_qos_h39_to_h2_MTD.txt,MTD,h39,h2,h39_to_h2,85.5,7.81,1.022,8,683,1.171303074670571
capture_test14_qos_h39_to_h2_MTD.txt,MTD,h39,h2,h39_to_h2,86.5,9.56,1.344,287,1112,25.809352517985612
capture_test14_qos_h39_to_h2_MTD.txt,MTD,h39,h2,h39_to_h2,87.5,9.52,1.063,0,822,0.0
capture_test14_qos_h39_to_h2_MTD.txt,MTD,h39,h2,h39_to_h2,88.5,9.6,1.492,0,829,0.0
capture_test14_qos_h39_to_h2_MTD.txt,MTD,h39,h2,h39_to_h2,89.5,9.05,1.356,0,781,0.0
capture_test14_qos_h39_to_h2_MTD.txt,MTD,h39,h2,h39_to_h2,90.5,7.03,1.021,0,607,0.0
capture_test14_qos_h39_to_h2_MTD.txt,MTD,h39,h2,h39_to_h2,91.5,7.0,1.083,0,605,0.0
capture_test14_qos_h39_to_h2_MTD.txt,MTD,h39,h2,h39_to_h2,92.58,4.19,28.833,0,421,0.0
capture_test14_qos_h39_to_h2_MTD.txt,MTD,h39,h2,h39_to_h2,93.66,0.221,66.171,0,19,0.0
capture_test14_qos_h39_to_h2_MTD.txt,MTD,h39,h2,h39_to_h2,94.66499999999999,1.43,1.292,0,125,0.0
capture_test14_qos_h39_to_h2_MTD.txt,MTD,h39,h2,h39_to_h2,95.6,4.25,6.868,12,327,3.669724770642202
capture_test14_qos_h39_to_h2_MTD.txt,MTD,h39,h2,h39_to_h2,96.515,0.143,25.073,18446744073709551604,0,0.0
capture_test14_qos_h39_to_h2_MTD.txt,MTD,h39,h2,h39_to_h2,97.5,5.87,1021.191,906,1414,64.07355021216408
capture_test14_qos_h39_to_h2_MTD.txt,MTD,h39,h2,h39_to_h2,98.5,6.19,361.691,18446744073709551204,123,1.4997352905454918e+19
capture_test14_qos_h39_to_h2_MTD.txt,MTD,h39,h2,h39_to_h2,99.5,8.34,2.567,18446744073709551486,588,3.1372013730798556e+18
capture_test14_qos_h39_to_h2_MTD.txt,MTD,h39,h2,h39_to_h2,100.58500000000001,2.6,58.535,0,262,0.0
capture_test14_qos_h39_to_h2_MTD.txt,MTD,h39,h2,h39_to_h2,101.66499999999999,1.05,1.913,0,90,0.0
capture_test14_qos_h39_to_h2_MTD.txt,MTD,h39,h2,h39_to_h2,102.66,1.16,2.675,72,172,41.86046511627907
capture_test14_qos_h39_to_h2_MTD.txt,MTD,h39,h2,h39_to_h2,103.66499999999999,0.852,42.518,5,79,6.329113924050633
capture_test14_qos_h39_to_h2_MTD.txt,MTD,h39,h2,h39_to_h2,104.58500000000001,7.75,1.251,325,881,36.88989784335982
capture_test14_qos_h39_to_h2_MTD.txt,MTD,h39,h2,h39_to_h2,105.5,7.78,1.302,0,672,0.0
capture_test14_qos_h39_to_h2_MTD.txt,MTD,h39,h2,h39_to_h2,106.58,2.78,7.146,1357,1636,82.94621026894865
capture_test14_qos_h39_to_h2_MTD.txt,MTD,h39,h2,h39_to_h2,107.66499999999999,5.35,32.685,564,1026,54.97076023391813
capture_test14_qos_h39_to_h2_MTD.txt,MTD,h39,h2,h39_to_h2,108.66499999999999,0.513,3.384,0,44,0.0
capture_test14_qos_h39_to_h2_MTD.txt,MTD,h39,h2,h39_to_h2,109.58,1.78,2.391,24,153,15.686274509803921
capture_test14_qos_h39_to_h2_MTD.txt,MTD,h39,h2,h39_to_h2,110.5,7.64,1.012,0,660,0.0
capture_test14_qos_h39_to_h2_MTD.txt,MTD,h39,h2,h39_to_h2,111.5,5.33,1.219,265,725,36.55172413793103
capture_test14_qos_h39_to_h2_MTD.txt,MTD,h39,h2,h39_to_h2,112.5,8.06,1.261,1181,1877,62.919552477357485
capture_test14_qos_h39_to_h2_MTD.txt,MTD,h39,h2,h39_to_h2,113.5,9.62,1.157,0,831,0.0
capture_test14_qos_h39_to_h2_MTD.txt,MTD,h39,h2,h39_to_h2,114.58500000000001,7.81,12.333,84,872,9.63302752293578
capture_test14_qos_h39_to_h2_MTD.txt,MTD,h39,h2,h39_to_h2,115.58500000000001,5.37,0.888,0,386,0.0
capture_test14_qos_h39_to_h2_MTD.txt,MTD,h39,h2,h39_to_h2,116.58500000000001,1.58,1.854,0,160,0.0
capture_test14_qos_h39_to_h2_MTD.txt,MTD,h39,h2,h39_to_h2,117.67,5.7,1.468,0,491,0.0
capture_test14_qos_h39_to_h2_MTD.txt,MTD,h39,h2,h39_to_h2,118.58500000000001,9.65,2.174,0,692,0.0
capture_test14_qos_h39_to_h2_MTD.txt,MTD,h39,h2,h39_to_h2,119.58500000000001,1.43,1.356,0,144,0.0
capture_test14_qos_h39_to_h2_MTD.txt,MTD,h39,h2,h39_to_h2,120.58500000000001,9.35,1.206,178,848,20.99056603773585
capture_test14_qos_h39_to_h2_MTD.txt,MTD,h39,h2,h39_to_h2,121.5,9.65,1.172,116,949,12.223393045310853
capture_test14_qos_h39_to_h2_MTD.txt,MTD,h39,h2,h39_to_h2,122.5,9.64,1.015,376,1208,31.125827814569533
capture_test14_qos_h39_to_h2_MTD.txt,MTD,h39,h2,h39_to_h2,123.5,9.67,0.7,0,835,0.0
capture_test14_qos_h39_to_h2_MTD.txt,MTD,h39,h2,h39_to_h2,124.5,9.63,0.806,0,831,0.0
capture_test14_qos_h39_to_h2_MTD.txt,MTD,h39,h2,h39_to_h2,125.5,9.67,0.946,0,834,0.0
capture_test14_qos_h39_to_h2_MTD.txt,MTD,h39,h2,h39_to_h2,126.5,8.92,0.853,0,770,0.0
capture_test14_qos_h39_to_h2_MTD.txt,MTD,h39,h2,h39_to_h2,127.5,7.03,1.586,0,607,0.0
capture_test14_qos_h39_to_h2_MTD.txt,MTD,h39,h2,h39_to_h2,128.5,7.01,1.399,0,605,0.0
capture_test14_qos_h39_to_h2_MTD.txt,MTD,h39,h2,h39_to_h2,129.595,5.07,14.07,0,519,0.0
capture_test14_qos_h39_to_h2_MTD.txt,MTD,h39,h2,h39_to_h2,130.595,1.95,1.309,0,137,0.0
capture_test14_qos_h39_to_h2_MTD.txt,MTD,h39,h2,h39_to_h2,131.58499999999998,5.24,1.172,0,530,0.0
capture_test14_qos_h39_to_h2_MTD.txt,MTD,h39,h2,h39_to_h2,132.67,0.104,16.494,0,9,0.0
capture_test14_qos_h39_to_h2_MTD.txt,MTD,h39,h2,h39_to_h2,133.675,1.1,52.606,0,96,0.0
capture_test14_qos_h39_to_h2_MTD.txt,MTD,h39,h2,h39_to_h2,134.59,2.06,1.087,0,145,0.0
capture_test14_qos_h39_to_h2_MTD.txt,MTD,h39,h2,h39_to_h2,135.5,6.0,1.184,0,518,0.0
capture_test14_qos_h39_to_h2_MTD.txt,MTD,h39,h2,h39_to_h2,136.5,9.64,1.005,1282,2114,60.64333017975402
capture_test14_qos_h39_to_h2_MTD.txt,MTD,h39,h2,h39_to_h2,137.58499999999998,0.485,4.203,0,49,0.0
capture_test14_qos_h39_to_h2_MTD.txt,MTD,h39,h2,h39_to_h2,138.675,1.02,2.239,12,101,11.881188118811881
capture_test14_qos_h39_to_h2_MTD.txt,MTD,h39,h2,h39_to_h2,139.68,0.371,9.02,0,32,0.0
capture_test14_qos_h39_to_h2_MTD.txt,MTD,h39,h2,h39_to_h2,140.675,1.03,52.231,0,88,0.0
capture_test14_qos_h39_to_h2_MTD.txt,MTD,h39,h2,h39_to_h2,141.58499999999998,2.67,2.466,0,191,0.0
capture_test14_qos_h39_to_h2_MTD.txt,MTD,h39,h2,h39_to_h2,142.59,0.373,5.536,0,38,0.0
capture_test14_qos_h39_to_h2_MTD.txt,MTD,h39,h2,h39_to_h2,143.68,6.85,16.96,0,590,0.0
capture_test14_qos_h39_to_h2_MTD.txt,MTD,h39,h2,h39_to_h2,144.595,9.54,1.104,2998,3681,81.44525944036947
capture_test14_qos_h39_to_h2_MTD.txt,MTD,h39,h2,h39_to_h2,145.58499999999998,0.22,4.428,0,22,0.0
capture_test14_qos_h39_to_h2_MTD.txt,MTD,h39,h2,h39_to_h2,146.57999999999998,9.58,0.871,0,693,0.0
capture_test14_qos_h39_to_h2_MTD.txt,MTD,h39,h2,h39_to_h2,147.5,9.65,1.007,494,1327,37.226827430293895
capture_test14_qos_h39_to_h2_MTD.txt,MTD,h39,h2,h39_to_h2,148.5,9.64,0.948,0,832,0.0
capture_test14_qos_h39_to_h2_MTD.txt,MTD,h39,h2,h39_to_h2,149.5,9.67,1.095,0,835,0.0
capture_test14_qos_h39_to_h2_MTD.txt,MTD,h39,h2,h39_to_h2,150.5,7.8,5.716,0,673,0.0
capture_test14_qos_h39_to_h2_MTD.txt,MTD,h39,h2,h39_to_h2,151.58499999999998,4.36,19.47,0,441,0.0
capture_test14_qos_h39_to_h2_MTD.txt,MTD,h39,h2,h39_to_h2,152.67,0.175,8.336,0,15,0.0
capture_test14_qos_h39_to_h2_MTD.txt,MTD,h39,h2,h39_to_h2,153.58499999999998,9.38,1.155,0,676,0.0
capture_test14_qos_h39_to_h2_MTD.txt,MTD,h39,h2,h39_to_h2,154.5,9.61,1.072,0,830,0.0
capture_test14_qos_h39_to_h2_MTD.txt,MTD,h39,h2,h39_to_h2,155.5,9.62,0.835,0,830,0.0
capture_test14_qos_h39_to_h2_MTD.txt,MTD,h39,h2,h39_to_h2,156.58499999999998,2.67,24.858,0,269,0.0
capture_test14_qos_h39_to_h2_MTD.txt,MTD,h39,h2,h39_to_h2,157.665,1.57,1.74,0,135,0.0
capture_test14_qos_h39_to_h2_MTD.txt,MTD,h39,h2,h39_to_h2,158.57999999999998,8.96,1.188,0,646,0.0
capture_test14_qos_h39_to_h2_MTD.txt,MTD,h39,h2,h39_to_h2,159.595,5.01,22.817,201,715,28.11188811188811
capture_test14_qos_h39_to_h2_MTD.txt,MTD,h39,h2,h39_to_h2,160.68,3.31,3.769,0,280,0.0
capture_test14_qos_h39_to_h2_MTD.txt,MTD,h39,h2,h39_to_h2,161.58499999999998,9.45,1.188,0,680,0.0
capture_test14_qos_h39_to_h2_MTD.txt,MTD,h39,h2,h39_to_h2,162.5,9.58,0.714,368,1195,30.794979079497907
capture_test14_qos_h39_to_h2_MTD.txt,MTD,h39,h2,h39_to_h2,163.58499999999998,0.764,58.989,0,77,0.0
capture_test14_qos_h39_to_h2_MTD.txt,MTD,h39,h2,h39_to_h2,164.58499999999998,9.52,43.626,0,684,0.0
capture_test14_qos_h39_to_h2_MTD.txt,MTD,h39,h2,h39_to_h2,165.5,9.63,0.844,229,1060,21.60377358490566
capture_test14_qos_h39_to_h2_MTD.txt,MTD,h39,h2,h39_to_h2,166.5,9.64,0.825,0,832,0.0
capture_test14_qos_h39_to_h2_MTD.txt,MTD,h39,h2,h39_to_h2,167.575,6.41,1.32,0,639,0.0
capture_test14_qos_h39_to_h2_MTD.txt,MTD,h39,h2,h39_to_h2,168.575,9.59,0.959,0,700,0.0
capture_test14_qos_h39_to_h2_MTD.txt,MTD,h39,h2,h39_to_h2,169.57999999999998,7.78,0.738,0,781,0.0
capture_test14_qos_h39_to_h2_MTD.txt,MTD,h39,h2,h39_to_h2,170.57999999999998,9.32,0.825,0,674,0.0
capture_test14_qos_h39_to_h2_MTD.txt,MTD,h39,h2,h39_to_h2,171.5,7.03,1.121,0,607,0.0
capture_test14_qos_h39_to_h2_MTD.txt,MTD,h39,h2,h39_to_h2,172.5,7.0,0.904,0,604,0.0
capture_test14_qos_h39_to_h2_MTD.txt,MTD,h39,h2,h39_to_h2,173.5,7.0,0.688,0,605,0.0
capture_test14_qos_h39_to_h2_MTD.txt,MTD,h39,h2,h39_to_h2,174.5,7.01,0.809,0,605,0.0
capture_test14_qos_h39_to_h2_MTD.txt,MTD,h39,h2,h39_to_h2,175.5,6.98,1.334,0,603,0.0
capture_test14_qos_h39_to_h2_MTD.txt,MTD,h39,h2,h39_to_h2,176.5,7.0,0.9,0,604,0.0
capture_test14_qos_h39_to_h2_MTD.txt,MTD,h39,h2,h39_to_h2,177.5,7.0,1.437,0,604,0.0
capture_test14_qos_h39_to_h2_MTD.txt,MTD,h39,h2,h39_to_h2,178.5,7.01,1.253,0,605,0.0
capture_test14_qos_h39_to_h2_MTD.txt,MTD,h39,h2,h39_to_h2,179.5,6.99,0.606,0,604,0.0
capture_test14_qos_h39_to_h2_MTD.txt,MTD,h39,h2,h39_to_h2,180.5,7.0,1.521,0,604,0.0
capture_test14_qos_h39_to_h2_MTD.txt,MTD,h39,h2,h39_to_h2,181.5,6.99,1.058,0,604,0.0
capture_test14_qos_h39_to_h2_MTD.txt,MTD,h39,h2,h39_to_h2,182.5,7.02,0.833,0,605,0.0
capture_test14_qos_h39_to_h2_MTD.txt,MTD,h39,h2,h39_to_h2,183.5,6.98,1.1,0,603,0.0
capture_test14_qos_h39_to_h2_MTD.txt,MTD,h39,h2,h39_to_h2,184.5,6.99,1.326,0,604,0.0
capture_test14_qos_h39_to_h2_MTD.txt,MTD,h39,h2,h39_to_h2,185.5,7.03,0.848,0,606,0.0
capture_test14_qos_h39_to_h2_MTD.txt,MTD,h39,h2,h39_to_h2,186.5,7.0,0.874,0,605,0.0
capture_test14_qos_h39_to_h2_MTD.txt,MTD,h39,h2,h39_to_h2,187.5,6.99,0.734,0,604,0.0
capture_test14_qos_h39_to_h2_MTD.txt,MTD,h39,h2,h39_to_h2,188.5,6.96,1.4,0,600,0.0
capture_test14_qos_h39_to_h2_MTD.txt,MTD,h39,h2,h39_to_h2,189.5,7.03,1.14,0,608,0.0
capture_test14_qos_h39_to_h2_MTD.txt,MTD,h39,h2,h39_to_h2,190.5,7.01,1.193,0,604,0.0
capture_test14_qos_h39_to_h2_MTD.txt,MTD,h39,h2,h39_to_h2,191.5,7.0,0.871,0,604,0.0
capture_test14_qos_h39_to_h2_MTD.txt,MTD,h39,h2,h39_to_h2,192.5,7.0,1.028,0,605,0.0
capture_test14_qos_h39_to_h2_MTD.txt,MTD,h39,h2,h39_to_h2,193.5,6.96,1.096,0,601,0.0
capture_test14_qos_h39_to_h2_MTD.txt,MTD,h39,h2,h39_to_h2,194.5,7.03,1.21,0,607,0.0
capture_test14_qos_h39_to_h2_MTD.txt,MTD,h39,h2,h39_to_h2,195.5,6.98,1.295,0,603,0.0
capture_test14_qos_h39_to_h2_MTD.txt,MTD,h39,h2,h39_to_h2,196.5,7.0,0.996,0,604,0.0
capture_test14_qos_h39_to_h2_MTD.txt,MTD,h39,h2,h39_to_h2,197.5,7.03,1.354,0,607,0.0
capture_test14_qos_h39_to_h2_MTD.txt,MTD,h39,h2,h39_to_h2,198.5,6.99,1.099,0,603,0.0
capture_test14_qos_h39_to_h2_MTD.txt,MTD,h39,h2,h39_to_h2,199.5,6.99,1.131,0,604,0.0
capture_test14_qos_h39_to_h2_MTD.txt,MTD,h39,h2,h39_to_h2,200.5,7.0,1.099,0,604,0.0
capture_test14_qos_h39_to_h2_MTD.txt,MTD,h39,h2,h39_to_h2,201.5,6.97,1.56,0,602,0.0
capture_test14_qos_h39_to_h2_MTD.txt,MTD,h39,h2,h39_to_h2,202.57999999999998,1.45,43.267,0,145,0.0
capture_test14_qos_h39_to_h2_MTD.txt,MTD,h39,h2,h39_to_h2,203.655,0.466,46.772,0,40,0.0
capture_test14_qos_h39_to_h2_MTD.txt,MTD,h39,h2,h39_to_h2,204.64499999999998,0.945,2.175,0,81,0.0
capture_test14_qos_h39_to_h2_MTD.txt,MTD,h39,h2,h39_to_h2,205.57,9.08,1.176,0,671,0.0
capture_test14_qos_h39_to_h2_MTD.txt,MTD,h39,h2,h39_to_h2,206.5,9.56,1.18,625,1451,43.07374224672639
capture_test14_qos_h39_to_h2_MTD.txt,MTD,h39,h2,h39_to_h2,207.5,9.51,1.016,0,820,0.0
capture_test14_qos_h39_to_h2_MTD.txt,MTD,h39,h2,h39_to_h2,208.54000000000002,5.04,2.45,0,470,0.0
capture_test14_qos_h39_to_h2_MTD.txt,MTD,h39,h2,h39_to_h2,209.54000000000002,9.57,0.723,0,760,0.0
capture_test14_qos_h39_to_h2_MTD.txt,MTD,h39,h2,h39_to_h2,210.5,9.62,0.811,0,831,0.0
capture_test14_qos_h39_to_h2_MTD.txt,MTD,h39,h2,h39_to_h2,211.5,9.0,1.026,0,777,0.0
capture_test14_qos_h39_to_h2_MTD.txt,MTD,h39,h2,h39_to_h2,212.5,6.97,1.783,0,602,0.0
capture_test14_qos_h39_to_h2_MTD.txt,MTD,h39,h2,h39_to_h2,213.5,7.04,1.209,0,607,0.0
capture_test14_qos_h39_to_h2_MTD.txt,MTD,h39,h2,h39_to_h2,214.5,3.29,305.352,311,596,52.18120805369127
capture_test14_qos_h39_to_h2_MTD.txt,MTD,h39,h2,h39_to_h2,215.5,7.68,546.827,18446744073709551310,357,5.167155202719762e+18
capture_test14_qos_h39_to_h2_MTD.txt,MTD,h39,h2,h39_to_h2,216.51,5.9,2.373,18446744073709551611,513,3.5958565445827584e+18
capture_test14_qos_h39_to_h2_MTD.txt,MTD,h39,h2,h39_to_h2,217.51,9.42,0.77,0,799,0.0
capture_test14_qos_h39_to_h2_MTD.txt,MTD,h39,h2,h39_to_h2,218.5,8.84,0.811,0,763,0.0
capture_test14_qos_h39_to_h2_MTD.txt,MTD,h39,h2,h39_to_h2,219.5,6.98,1.246,0,603,0.0
capture_test14_qos_h39_to_h2_MTD.txt,MTD,h39,h2,h39_to_h2,220.5,1.01,0.903,0,87,0.0
capture_test14_qos_h39_to_h2_MTD.txt,MTD,h39,h2,h39_to_h2,221.5,7.6,2.019,0,656,0.0
capture_test14_qos_h39_to_h2_MTD.txt,MTD,h39,h2,h39_to_h2,222.5,3.64,1.132,0,314,0.0
capture_test14_qos_h39_to_h2_MTD.txt,MTD,h39,h2,h39_to_h2,223.57999999999998,4.88,15.849,0,487,0.0
capture_test14_qos_h39_to_h2_MTD.txt,MTD,h39,h2,h39_to_h2,224.64499999999998,0.379,3.154,0,32,0.0
capture_test14_qos_h39_to_h2_MTD.txt,MTD,h39,h2,h39_to_h2,225.635,1.05,30.358,0,91,0.0
capture_test14_qos_h39_to_h2_MTD.txt,MTD,h39,h2,h39_to_h2,226.64,4.12,19.111,0,356,0.0
capture_test14_qos_h39_to_h2_MTD.txt,MTD,h39,h2,h39_to_h2,227.63,0.201,7.594,0,17,0.0
capture_test14_qos_h39_to_h2_MTD.txt,MTD,h39,h2,h39_to_h2,228.56,9.11,5.063,1047,1735,60.345821325648416
capture_test14_qos_h39_to_h2_MTD.txt,MTD,h39,h2,h39_to_h2,229.56,4.47,2.747,829,1263,65.63737133808392
capture_test14_qos_h39_to_h2_MTD.txt,MTD,h39,h2,h39_to_h2,230.56,9.57,0.987,0,724,0.0
capture_test14_qos_h39_to_h2_MTD.txt,MTD,h39,h2,h39_to_h2,231.5,9.62,0.763,71,903,7.862679955703211
capture_test14_qos_h39_to_h2_MTD.txt,MTD,h39,h2,h39_to_h2,232.5,9.38,0.981,0,809,0.0
capture_test14_qos_h39_to_h2_MTD.txt,MTD,h39,h2,h39_to_h2,233.565,2.86,2.369,0,278,0.0
capture_test14_qos_h39_to_h2_MTD.txt,MTD,h39,h2,h39_to_h2,234.63,0.797,3.09,0,69,0.0
capture_test14_qos_h39_to_h2_MTD.txt,MTD,h39,h2,h39_to_h2,235.63,0.853,1.986,0,74,0.0
capture_test14_qos_h39_to_h2_MTD.txt,MTD,h39,h2,h39_to_h2,236.625,1.49,48.302,0,127,0.0
capture_test14_qos_h39_to_h2_MTD.txt,MTD,h39,h2,h39_to_h2,237.56,8.99,1.486,0,682,0.0
capture_test14_qos_h39_to_h2_MTD.txt,MTD,h39,h2,h39_to_h2,238.565,4.55,28.402,1312,1756,74.71526195899773
capture_test14_qos_h39_to_h2_MTD.txt,MTD,h39,h2,h39_to_h2,239.565,6.47,0.765,0,485,0.0
capture_test14_qos_h39_to_h2_MTD.txt,MTD,h39,h2,h39_to_h2,240.56,0.58,55.694,0,56,0.0
capture_test14_qos_h39_to_h2_MTD.txt,MTD,h39,h2,h39_to_h2,241.62,0.462,54.624,0,40,0.0
capture_test14_qos_h39_to_h2_MTD.txt,MTD,h39,h2,h39_to_h2,242.56,9.25,1.332,87,789,11.02661596958175
capture_test14_qos_h39_to_h2_MTD.txt,MTD,h39,h2,h39_to_h2,243.5,1.87,4.188,0,161,0.0
capture_test14_qos_h39_to_h2_MTD.txt,MTD,h39,h2,h39_to_h2,244.56,0.703,54.243,0,68,0.0
capture_test14_qos_h39_to_h2_MTD.txt,MTD,h39,h2,h39_to_h2,245.62,5.73,22.749,1228,1724,71.22969837587007
capture_test14_qos_h39_to_h2_MTD.txt,MTD,h39,h2,h39_to_h2,246.56,9.57,0.882,886,1611,54.99689633767846
capture_test14_qos_h39_to_h2_MTD.txt,MTD,h39,h2,h39_to_h2,247.5,9.56,1.003,109,935,11.657754010695188
capture_test14_qos_h39_to_h2_MTD.txt,MTD,h39,h2,h39_to_h2,248.5,9.27,2.211,0,800,0.0
capture_test14_qos_h39_to_h2_MTD.txt,MTD,h39,h2,h39_to_h2,249.5,9.64,0.878,0,832,0.0
capture_test14_qos_h39_to_h2_MTD.txt,MTD,h39,h2,h39_to_h2,250.5,8.94,1.021,0,773,0.0
capture_test14_qos_h39_to_h2_MTD.txt,MTD,h39,h2,h39_to_h2,251.5,6.98,1.537,0,603,0.0
capture_test14_qos_h39_to_h2_MTD.txt,MTD,h39,h2,h39_to_h2,252.5,7.02,1.021,0,605,0.0
capture_test14_qos_h39_to_h2_MTD.txt,MTD,h39,h2,h39_to_h2,253.5,7.0,0.509,0,604,0.0
capture_test14_qos_h39_to_h2_MTD.txt,MTD,h39,h2,h39_to_h2,254.5,6.49,2.17,0,560,0.0
capture_test14_qos_h39_to_h2_MTD.txt,MTD,h39,h2,h39_to_h2,255.5,7.51,1.304,0,649,0.0
capture_test14_qos_h39_to_h2_MTD.txt,MTD,h39,h2,h39_to_h2,256.5,7.01,1.223,0,605,0.0
capture_test14_qos_h39_to_h2_MTD.txt,MTD,h39,h2,h39_to_h2,257.5,6.99,1.122,0,603,0.0
capture_test14_qos_h39_to_h2_MTD.txt,MTD,h39,h2,h39_to_h2,258.5,7.0,0.675,0,604,0.0
capture_test14_qos_h39_to_h2_MTD.txt,MTD,h39,h2,h39_to_h2,259.5,7.0,1.051,0,605,0.0
capture_test14_qos_h39_to_h2_MTD.txt,MTD,h39,h2,h39_to_h2,260.5,7.0,1.193,0,605,0.0
capture_test14_qos_h39_to_h2_MTD.txt,MTD,h39,h2,h39_to_h2,261.5,7.0,0.94,0,604,0.0
capture_test14_qos_h39_to_h2_MTD.txt,MTD,h39,h2,h39_to_h2,262.5,7.0,1.373,0,604,0.0
capture_test14_qos_h39_to_h2_MTD.txt,MTD,h39,h2,h39_to_h2,263.555,6.2,7.758,0,594,0.0
capture_test14_qos_h39_to_h2_MTD.txt,MTD,h39,h2,h39_to_h2,264.62,0.193,32.412,0,17,0.0
capture_test14_qos_h39_to_h2_MTD.txt,MTD,h39,h2,h39_to_h2,265.565,9.38,1.19,0,704,0.0
capture_test14_qos_h39_to_h2_MTD.txt,MTD,h39,h2,h39_to_h2,266.5,9.52,1.235,0,822,0.0
capture_test14_qos_h39_to_h2_MTD.txt,MTD,h39,h2,h39_to_h2,267.555,0.795,2.371,0,76,0.0
capture_test14_qos_h39_to_h2_MTD.txt,MTD,h39,h2,h39_to_h2,268.61,1.01,53.028,0,87,0.0
capture_test14_qos_h39_to_h2_MTD.txt,MTD,h39,h2,h39_to_h2,269.555,5.42,1.185,0,417,0.0
capture_test14_qos_h39_to_h2_MTD.txt,MTD,h39,h2,h39_to_h2,270.5,9.56,1.361,593,1419,41.78999295278365
capture_test14_qos_h39_to_h2_MTD.txt,MTD,h39,h2,h39_to_h2,271.5,6.49,1.391,0,561,0.0
capture_test14_qos_h39_to_h2_MTD.txt,MTD,h39,h2,h39_to_h2,272.5,9.59,1.013,0,827,0.0
capture_test14_qos_h39_to_h2_MTD.txt,MTD,h39,h2,h39_to_h2,273.5,9.6,0.876,0,829,0.0
capture_test14_qos_h39_to_h2_MTD.txt,MTD,h39,h2,h39_to_h2,274.5,9.62,0.793,0,832,0.0
capture_test14_qos_h39_to_h2_MTD.txt,MTD,h39,h2,h39_to_h2,275.5,7.78,0.888,0,670,0.0
capture_test14_qos_h39_to_h2_MTD.txt,MTD,h39,h2,h39_to_h2,276.5,7.0,0.964,0,604,0.0
capture_test14_qos_h39_to_h2_MTD.txt,MTD,h39,h2,h39_to_h2,277.5,7.01,0.905,0,605,0.0
capture_test14_qos_h39_to_h2_MTD.txt,MTD,h39,h2,h39_to_h2,278.5,5.62,1.551,0,485,0.0
capture_test14_qos_h39_to_h2_MTD.txt,MTD,h39,h2,h39_to_h2,279.5,5.53,1.522,0,477,0.0
capture_test14_qos_h39_to_h2_MTD.txt,MTD,h39,h2,h39_to_h2,280.5,8.5,1.111,0,735,0.0
capture_test14_qos_h39_to_h2_MTD.txt,MTD,h39,h2,h39_to_h2,281.5,8.36,0.657,0,721,0.0
capture_test14_qos_h39_to_h2_MTD.txt,MTD,h39,h2,h39_to_h2,282.5,7.01,0.975,0,605,0.0
capture_test14_qos_h39_to_h2_MTD.txt,MTD,h39,h2,h39_to_h2,283.5,6.97,1.347,0,602,0.0
capture_test14_qos_h39_to_h2_MTD.txt,MTD,h39,h2,h39_to_h2,284.5,7.02,0.899,0,606,0.0
capture_test14_qos_h39_to_h2_MTD.txt,MTD,h39,h2,h39_to_h2,285.5,6.56,1.625,0,566,0.0
capture_test14_qos_h39_to_h2_MTD.txt,MTD,h39,h2,h39_to_h2,286.57,0.306,41.95,0,30,0.0
capture_test14_qos_h39_to_h2_MTD.txt,MTD,h39,h2,h39_to_h2,287.57,9.12,1.2,0,681,0.0
capture_test14_qos_h39_to_h2_MTD.txt,MTD,h39,h2,h39_to_h2,288.5,9.65,0.789,0,833,0.0
capture_test14_qos_h39_to_h2_MTD.txt,MTD,h39,h2,h39_to_h2,289.5,9.67,0.763,0,834,0.0
capture_test14_qos_h39_to_h2_MTD.txt,MTD,h39,h2,h39_to_h2,290.5,7.88,0.865,0,680,0.0
capture_test14_qos_h39_to_h2_MTD.txt,MTD,h39,h2,h39_to_h2,291.5,6.99,1.107,0,604,0.0
capture_test14_qos_h39_to_h2_MTD.txt,MTD,h39,h2,h39_to_h2,292.5,7.02,0.739,0,606,0.0
capture_test14_qos_h39_to_h2_MTD.txt,MTD,h39,h2,h39_to_h2,293.5,6.98,1.122,0,602,0.0
capture_test14_qos_h39_to_h2_MTD.txt,MTD,h39,h2,h39_to_h2,294.5,7.03,0.708,0,607,0.0
capture_test14_qos_h39_to_h2_MTD.txt,MTD,h39,h2,h39_to_h2,295.5,6.98,0.861,0,603,0.0
capture_test14_qos_h39_to_h2_MTD.txt,MTD,h39,h2,h39_to_h2,296.5,6.98,1.017,0,602,0.0
capture_test14_qos_h39_to_h2_MTD.txt,MTD,h39,h2,h39_to_h2,297.5,7.01,1.477,0,605,0.0
capture_test14_qos_h39_to_h2_MTD.txt,MTD,h39,h2,h39_to_h2,298.5,7.01,1.426,0,606,0.0
capture_test14_qos_h39_to_h2_MTD.txt,MTD,h39,h2,h39_to_h2,299.5,7.0,1.691,0,604,0.0
capture_test14_qos_h39_to_h2_MTD.txt,MTD,h39,h2,h39_to_h2,300.58000000000004,0.48,4.712,0,48,0.0
capture_test14_qos_h39_to_h2_MTD.txt,MTD,h39,h2,h39_to_h2,301.18,6.03,17.271,0,24,0.0
capture_test11_qos_h39_to_h2_no_MTD.txt,no_MTD,h39,h2,h39_to_h2,0.5,0.703,32.13,0,61,0.0
capture_test11_qos_h39_to_h2_no_MTD.txt,no_MTD,h39,h2,h39_to_h2,1.5,9.47,1.038,0,815,0.0
capture_test11_qos_h39_to_h2_no_MTD.txt,no_MTD,h39,h2,h39_to_h2,2.5,9.59,0.989,0,827,0.0
capture_test11_qos_h39_to_h2_no_MTD.txt,no_MTD,h39,h2,h39_to_h2,3.5,3.51,24.289,0,303,0.0
capture_test11_qos_h39_to_h2_no_MTD.txt,no_MTD,h39,h2,h39_to_h2,4.96,1.35,4.24,0,223,0.0
capture_test11_qos_h39_to_h2_no_MTD.txt,no_MTD,h39,h2,h39_to_h2,5.965,7.69,2.421,0,64,0.0
capture_test11_qos_h39_to_h2_no_MTD.txt,no_MTD,h39,h2,h39_to_h2,6.505,5.18,5.581,0,442,0.0
capture_test11_qos_h39_to_h2_no_MTD.txt,no_MTD,h39,h2,h39_to_h2,7.5,0.382,10.684,0,33,0.0
capture_test11_qos_h39_to_h2_no_MTD.txt,no_MTD,h39,h2,h39_to_h2,8.504999999999999,0.698,5.382,0,61,0.0
capture_test11_qos_h39_to_h2_no_MTD.txt,no_MTD,h39,h2,h39_to_h2,9.504999999999999,9.17,1.2,266,1048,25.38167938931298
capture_test11_qos_h39_to_h2_no_MTD.txt,no_MTD,h39,h2,h39_to_h2,10.5,9.64,1.021,1288,2121,60.726072607260726
capture_test11_qos_h39_to_h2_no_MTD.txt,no_MTD,h39,h2,h39_to_h2,11.5,9.67,1.235,0,834,0.0
capture_test11_qos_h39_to_h2_no_MTD.txt,no_MTD,h39,h2,h39_to_h2,12.5,9.65,1.037,0,834,0.0
capture_test11_qos_h39_to_h2_no_MTD.txt,no_MTD,h39,h2,h39_to_h2,13.969999999999999,2.38,27.859,0,398,0.0
capture_test11_qos_h39_to_h2_no_MTD.txt,no_MTD,h39,h2,h39_to_h2,14.969999999999999,6.39,12.648,0,36,0.0
capture_test11_qos_h39_to_h2_no_MTD.txt,no_MTD,h39,h2,h39_to_h2,15.5,1.55,3.267,0,134,0.0
capture_test11_qos_h39_to_h2_no_MTD.txt,no_MTD,h39,h2,h39_to_h2,16.5,9.41,2.078,0,811,0.0
capture_test11_qos_h39_to_h2_no_MTD.txt,no_MTD,h39,h2,h39_to_h2,17.96,4.71,1.502,357,1136,31.426056338028168
capture_test11_qos_h39_to_h2_no_MTD.txt,no_MTD,h39,h2,h39_to_h2,18.965000000000003,8.42,3.022,0,64,0.0
capture_test11_qos_h39_to_h2_no_MTD.txt,no_MTD,h39,h2,h39_to_h2,19.505000000000003,9.36,1.178,0,805,0.0
capture_test11_qos_h39_to_h2_no_MTD.txt,no_MTD,h39,h2,h39_to_h2,20.5,1.98,2.199,0,171,0.0
capture_test11_qos_h39_to_h2_no_MTD.txt,no_MTD,h39,h2,h39_to_h2,21.5,9.36,1.96,173,981,17.635066258919473
capture_test11_qos_h39_to_h2_no_MTD.txt,no_MTD,h39,h2,h39_to_h2,22.5,9.64,0.958,217,1051,20.647002854424358
capture_test11_qos_h39_to_h2_no_MTD.txt,no_MTD,h39,h2,h39_to_h2,23.5,6.97,1.192,0,601,0.0
capture_test11_qos_h39_to_h2_no_MTD.txt,no_MTD,h39,h2,h39_to_h2,24.5,6.12,4.07,0,528,0.0
capture_test11_qos_h39_to_h2_no_MTD.txt,no_MTD,h39,h2,h39_to_h2,25.5,8.87,1.106,0,766,0.0
capture_test11_qos_h39_to_h2_no_MTD.txt,no_MTD,h39,h2,h39_to_h2,26.965,2.88,7.905,0,479,0.0
capture_test11_qos_h39_to_h2_no_MTD.txt,no_MTD,h39,h2,h39_to_h2,27.965,7.5,5.757,0,46,0.0
capture_test11_qos_h39_to_h2_no_MTD.txt,no_MTD,h39,h2,h39_to_h2,28.5,1.32,4.547,0,114,0.0
capture_test11_qos_h39_to_h2_no_MTD.txt,no_MTD,h39,h2,h39_to_h2,29.5,9.54,1.219,0,825,0.0
capture_test11_qos_h39_to_h2_no_MTD.txt,no_MTD,h39,h2,h39_to_h2,30.5,9.58,1.076,648,1475,43.93220338983051
capture_test11_qos_h39_to_h2_no_MTD.txt,no_MTD,h39,h2,h39_to_h2,31.5,9.55,1.001,0,824,0.0
capture_test11_qos_h39_to_h2_no_MTD.txt,no_MTD,h39,h2,h39_to_h2,32.5,9.42,2.474,0,813,0.0
capture_test11_qos_h39_to_h2_no_MTD.txt,no_MTD,h39,h2,h39_to_h2,33.5,8.73,0.917,0,753,0.0
capture_test11_qos_h39_to_h2_no_MTD.txt,no_MTD,h39,h2,h39_to_h2,34.5,6.99,0.834,0,604,0.0
capture_test11_qos_h39_to_h2_no_MTD.txt,no_MTD,h39,h2,h39_to_h2,35.5,7.01,1.018,0,605,0.0
capture_test11_qos_h39_to_h2_no_MTD.txt,no_MTD,h39,h2,h39_to_h2,36.5,7.0,0.784,0,604,0.0
capture_test11_qos_h39_to_h2_no_MTD.txt,no_MTD,h39,h2,h39_to_h2,37.5,6.97,0.931,0,602,0.0
capture_test11_qos_h39_to_h2_no_MTD.txt,no_MTD,h39,h2,h39_to_h2,38.5,6.7,4.152,0,578,0.0
capture_test11_qos_h39_to_h2_no_MTD.txt,no_MTD,h39,h2,h39_to_h2,39.5,7.29,1.318,0,629,0.0
capture_test11_qos_h39_to_h2_no_MTD.txt,no_MTD,h39,h2,h39_to_h2,40.5,7.03,1.111,0,607,0.0
capture_test11_qos_h39_to_h2_no_MTD.txt,no_MTD,h39,h2,h39_to_h2,41.5,6.99,1.329,0,604,0.0
capture_test11_qos_h39_to_h2_no_MTD.txt,no_MTD,h39,h2,h39_to_h2,42.5,7.01,1.549,0,605,0.0
capture_test11_qos_h39_to_h2_no_MTD.txt,no_MTD,h39,h2,h39_to_h2,43.5,7.0,0.955,0,604,0.0
capture_test11_qos_h39_to_h2_no_MTD.txt,no_MTD,h39,h2,h39_to_h2,44.504999999999995,0.746,52.793,0,65,0.0
capture_test11_qos_h39_to_h2_no_MTD.txt,no_MTD,h39,h2,h39_to_h2,45.504999999999995,9.36,0.941,0,801,0.0
capture_test11_qos_h39_to_h2_no_MTD.txt,no_MTD,h39,h2,h39_to_h2,46.5,9.65,0.746,0,832,0.0
capture_test11_qos_h39_to_h2_no_MTD.txt,no_MTD,h39,h2,h39_to_h2,47.5,8.33,0.772,0,720,0.0
capture_test11_qos_h39_to_h2_no_MTD.txt,no_MTD,h39,h2,h39_to_h2,48.5,1.04,8.166,0,90,0.0
capture_test11_qos_h39_to_h2_no_MTD.txt,no_MTD,h39,h2,h39_to_h2,49.5,6.7,2.959,0,579,0.0
capture_test11_qos_h39_to_h2_no_MTD.txt,no_MTD,h39,h2,h39_to_h2,50.5,8.71,1.746,0,752,0.0
capture_test11_qos_h39_to_h2_no_MTD.txt,no_MTD,h39,h2,h39_to_h2,51.5,9.06,0.839,0,783,0.0
capture_test11_qos_h39_to_h2_no_MTD.txt,no_MTD,h39,h2,h39_to_h2,52.5,9.49,0.58,0,818,0.0
capture_test11_qos_h39_to_h2_no_MTD.txt,no_MTD,h39,h2,h39_to_h2,53.5,4.92,10.713,0,425,0.0
capture_test11_qos_h39_to_h2_no_MTD.txt,no_MTD,h39,h2,h39_to_h2,54.5,8.45,1.326,0,729,0.0
capture_test11_qos_h39_to_h2_no_MTD.txt,no_MTD,h39,h2,h39_to_h2,55.5,7.63,0.962,0,658,0.0
capture_test11_qos_h39_to_h2_no_MTD.txt,no_MTD,h39,h2,h39_to_h2,56.5,6.99,1.208,0,603,0.0
capture_test11_qos_h39_to_h2_no_MTD.txt,no_MTD,h39,h2,h39_to_h2,57.5,7.03,0.866,0,607,0.0
capture_test11_qos_h39_to_h2_no_MTD.txt,no_MTD,h39,h2,h39_to_h2,58.5,6.98,0.969,0,603,0.0
capture_test11_qos_h39_to_h2_no_MTD.txt,no_MTD,h39,h2,h39_to_h2,59.5,7.01,1.307,0,606,0.0
capture_test11_qos_h39_to_h2_no_MTD.txt,no_MTD,h39,h2,h39_to_h2,60.5,3.64,8.148,0,314,0.0
capture_test11_qos_h39_to_h2_no_MTD.txt,no_MTD,h39,h2,h39_to_h2,61.5,0.545,11.834,0,47,0.0
capture_test11_qos_h39_to_h2_no_MTD.txt,no_MTD,h39,h2,h39_to_h2,62.5,9.36,1.165,0,808,0.0
capture_test11_qos_h39_to_h2_no_MTD.txt,no_MTD,h39,h2,h39_to_h2,63.5,9.43,1.146,0,814,0.0
capture_test11_qos_h39_to_h2_no_MTD.txt,no_MTD,h39,h2,h39_to_h2,64.5,9.39,1.204,0,811,0.0
capture_test11_qos_h39_to_h2_no_MTD.txt,no_MTD,h39,h2,h39_to_h2,65.5,9.4,1.127,0,812,0.0
capture_test11_qos_h39_to_h2_no_MTD.txt,no_MTD,h39,h2,h39_to_h2,66.5,7.22,0.977,0,624,0.0
capture_test11_qos_h39_to_h2_no_MTD.txt,no_MTD,h39,h2,h39_to_h2,67.975,3.22,3.228,0,542,0.0
capture_test11_qos_h39_to_h2_no_MTD.txt,no_MTD,h39,h2,h39_to_h2,68.975,7.64,12.746,0,32,0.0
capture_test11_qos_h39_to_h2_no_MTD.txt,no_MTD,h39,h2,h39_to_h2,69.5,9.54,0.93,0,823,0.0
capture_test11_qos_h39_to_h2_no_MTD.txt,no_MTD,h39,h2,h39_to_h2,70.505,9.1,1.689,0,792,0.0
capture_test11_qos_h39_to_h2_no_MTD.txt,no_MTD,h39,h2,h39_to_h2,71.505,5.08,5.157,0,436,0.0
capture_test11_qos_h39_to_h2_no_MTD.txt,no_MTD,h39,h2,h39_to_h2,72.5,9.54,0.826,0,822,0.0
capture_test11_qos_h39_to_h2_no_MTD.txt,no_MTD,h39,h2,h39_to_h2,73.5,0.973,7.77,0,84,0.0
capture_test11_qos_h39_to_h2_no_MTD.txt,no_MTD,h39,h2,h39_to_h2,74.5,0.925,7.311,0,80,0.0
capture_test11_qos_h39_to_h2_no_MTD.txt,no_MTD,h39,h2,h39_to_h2,75.505,3.43,5.07,0,299,0.0
capture_test11_qos_h39_to_h2_no_MTD.txt,no_MTD,h39,h2,h39_to_h2,76.505,9.52,1.777,220,1033,21.297192642787994
capture_test11_qos_h39_to_h2_no_MTD.txt,no_MTD,h39,h2,h39_to_h2,77.5,9.57,1.416,307,1133,27.09620476610768
capture_test11_qos_h39_to_h2_no_MTD.txt,no_MTD,h39,h2,h39_to_h2,78.5,9.56,1.295,0,827,0.0
capture_test11_qos_h39_to_h2_no_MTD.txt,no_MTD,h39,h2,h39_to_h2,79.5,9.51,1.068,0,820,0.0
capture_test11_qos_h39_to_h2_no_MTD.txt,no_MTD,h39,h2,h39_to_h2,80.505,8.48,1.338,0,736,0.0
capture_test11_qos_h39_to_h2_no_MTD.txt,no_MTD,h39,h2,h39_to_h2,81.505,7.01,0.968,0,603,0.0
capture_test11_qos_h39_to_h2_no_MTD.txt,no_MTD,h39,h2,h39_to_h2,82.5,7.01,1.118,0,605,0.0
capture_test11_qos_h39_to_h2_no_MTD.txt,no_MTD,h39,h2,h39_to_h2,83.5,6.95,1.03,0,600,0.0
capture_test11_qos_h39_to_h2_no_MTD.txt,no_MTD,h39,h2,h39_to_h2,84.5,3.96,5.989,0,342,0.0
capture_test11_qos_h39_to_h2_no_MTD.txt,no_MTD,h39,h2,h39_to_h2,85.5,1.55,15.644,0,134,0.0
capture_test11_qos_h39_to_h2_no_MTD.txt,no_MTD,h39,h2,h39_to_h2,86.5,0.405,23.919,0,35,0.0
capture_test11_qos_h39_to_h2_no_MTD.txt,no_MTD,h39,h2,h39_to_h2,87.5,9.35,2.679,0,806,0.0
capture_test11_qos_h39_to_h2_no_MTD.txt,no_MTD,h39,h2,h39_to_h2,88.5,9.5,1.472,306,1126,27.175843694493786
capture_test11_qos_h39_to_h2_no_MTD.txt,no_MTD,h39,h2,h39_to_h2,89.5,2.43,12.024,0,210,0.0
capture_test11_qos_h39_to_h2_no_MTD.txt,no_MTD,h39,h2,h39_to_h2,90.5,9.46,1.171,0,817,0.0
capture_test11_qos_h39_to_h2_no_MTD.txt,no_MTD,h39,h2,h39_to_h2,91.5,9.55,1.003,0,825,0.0
capture_test11_qos_h39_to_h2_no_MTD.txt,no_MTD,h39,h2,h39_to_h2,92.5,9.49,1.784,0,819,0.0
capture_test11_qos_h39_to_h2_no_MTD.txt,no_MTD,h39,h2,h39_to_h2,93.5,9.51,1.592,0,821,0.0
capture_test11_qos_h39_to_h2_no_MTD.txt,no_MTD,h39,h2,h39_to_h2,94.5,3.3,35.697,0,285,0.0
capture_test11_qos_h39_to_h2_no_MTD.txt,no_MTD,h39,h2,h39_to_h2,95.505,0.494,8.073,0,43,0.0
capture_test11_qos_h39_to_h2_no_MTD.txt,no_MTD,h39,h2,h39_to_h2,96.505,1.76,11.78,0,151,0.0
capture_test11_qos_h39_to_h2_no_MTD.txt,no_MTD,h39,h2,h39_to_h2,97.5,9.39,1.252,0,810,0.0
capture_test11_qos_h39_to_h2_no_MTD.txt,no_MTD,h39,h2,h39_to_h2,98.5,9.38,1.172,444,1254,35.406698564593306
capture_test11_qos_h39_to_h2_no_MTD.txt,no_MTD,h39,h2,h39_to_h2,99.5,0.729,26.339,0,63,0.0
capture_test11_qos_h39_to_h2_no_MTD.txt,no_MTD,h39,h2,h39_to_h2,100.505,0.739,28.378,0,64,0.0
capture_test11_qos_h39_to_h2_no_MTD.txt,no_MTD,h39,h2,h39_to_h2,101.505,9.19,1.173,0,789,0.0
capture_test11_qos_h39_to_h2_no_MTD.txt,no_MTD,h39,h2,h39_to_h2,102.5,0.97,19.275,0,84,0.0
capture_test11_qos_h39_to_h2_no_MTD.txt,no_MTD,h39,h2,h39_to_h2,103.5,9.0,1.359,673,1448,46.47790055248619
capture_test11_qos_h39_to_h2_no_MTD.txt,no_MTD,h39,h2,h39_to_h2,104.5,9.55,1.103,355,1179,30.110262934690418
capture_test11_qos_h39_to_h2_no_MTD.txt,no_MTD,h39,h2,h39_to_h2,105.5,3.53,16.54,0,305,0.0
capture_test11_qos_h39_to_h2_no_MTD.txt,no_MTD,h39,h2,h39_to_h2,106.5,0.614,16.621,0,53,0.0
capture_test11_qos_h39_to_h2_no_MTD.txt,no_MTD,h39,h2,h39_to_h2,107.5,9.39,1.154,0,810,0.0
capture_test11_qos_h39_to_h2_no_MTD.txt,no_MTD,h39,h2,h39_to_h2,108.5,9.55,0.991,430,1255,34.26294820717131
capture_test11_qos_h39_to_h2_no_MTD.txt,no_MTD,h39,h2,h39_to_h2,109.5,9.59,0.915,0,827,0.0
capture_test11_qos_h39_to_h2_no_MTD.txt,no_MTD,h39,h2,h39_to_h2,110.5,1.86,18.136,0,161,0.0
capture_test11_qos_h39_to_h2_no_MTD.txt,no_MTD,h39,h2,h39_to_h2,111.50999999999999,1.21,19.633,0,106,0.0
capture_test11_qos_h39_to_h2_no_MTD.txt,no_MTD,h39,h2,h39_to_h2,112.515,4.08,8.696,0,349,0.0
capture_test11_qos_h39_to_h2_no_MTD.txt,no_MTD,h39,h2,h39_to_h2,113.505,0.362,20.826,0,31,0.0
capture_test11_qos_h39_to_h2_no_MTD.txt,no_MTD,h39,h2,h39_to_h2,114.5,9.35,1.053,298,1106,26.94394213381555
capture_test11_qos_h39_to_h2_no_MTD.txt,no_MTD,h39,h2,h39_to_h2,115.50999999999999,1.2,9.599,0,105,0.0
capture_test11_qos_h39_to_h2_no_MTD.txt,no_MTD,h39,h2,h39_to_h2,116.50999999999999,9.41,34.891,818,1617,50.58750773036488
capture_test11_qos_h39_to_h2_no_MTD.txt,no_MTD,h39,h2,h39_to_h2,117.5,9.61,0.96,306,1135,26.96035242290749
capture_test11_qos_h39_to_h2_no_MTD.txt,no_MTD,h39,h2,h39_to_h2,118.99000000000001,4.07,49.983,0,697,0.0
capture_test11_qos_h39_to_h2_no_MTD.txt,no_MTD,h39,h2,h39_to_h2,119.99000000000001,5.97,28.903,0,9,0.0
capture_test11_qos_h39_to_h2_no_MTD.txt,no_MTD,h39,h2,h39_to_h2,120.505,0.928,19.168,0,81,0.0
capture_test11_qos_h39_to_h2_no_MTD.txt,no_MTD,h39,h2,h39_to_h2,121.505,9.06,1.181,0,773,0.0
capture_test11_qos_h39_to_h2_no_MTD.txt,no_MTD,h39,h2,h39_to_h2,122.5,9.66,1.134,620,1454,42.64099037138927
capture_test11_qos_h39_to_h2_no_MTD.txt,no_MTD,h39,h2,h39_to_h2,123.5,9.63,1.133,0,832,0.0
capture_test11_qos_h39_to_h2_no_MTD.txt,no_MTD,h39,h2,h39_to_h2,124.5,9.63,0.956,0,831,0.0
capture_test11_qos_h39_to_h2_no_MTD.txt,no_MTD,h39,h2,h39_to_h2,125.5,8.59,1.15,0,742,0.0
capture_test11_qos_h39_to_h2_no_MTD.txt,no_MTD,h39,h2,h39_to_h2,126.5,6.99,1.2,0,603,0.0
capture_test11_qos_h39_to_h2_no_MTD.txt,no_MTD,h39,h2,h39_to_h2,127.5,6.98,0.935,0,604,0.0
capture_test11_qos_h39_to_h2_no_MTD.txt,no_MTD,h39,h2,h39_to_h2,128.5,7.02,1.316,0,605,0.0
capture_test11_qos_h39_to_h2_no_MTD.txt,no_MTD,h39,h2,h39_to_h2,129.5,6.99,0.997,0,604,0.0
capture_test11_qos_h39_to_h2_no_MTD.txt,no_MTD,h39,h2,h39_to_h2,130.5,7.0,1.035,0,604,0.0
capture_test11_qos_h39_to_h2_no_MTD.txt,no_MTD,h39,h2,h39_to_h2,131.5,7.02,0.874,0,606,0.0
capture_test11_qos_h39_to_h2_no_MTD.txt,no_MTD,h39,h2,h39_to_h2,132.5,6.99,1.034,0,604,0.0
capture_test11_qos_h39_to_h2_no_MTD.txt,no_MTD,h39,h2,h39_to_h2,133.5,6.99,0.707,0,604,0.0
capture_test11_qos_h39_to_h2_no_MTD.txt,no_MTD,h39,h2,h39_to_h2,134.5,7.03,0.994,0,606,0.0
capture_test11_qos_h39_to_h2_no_MTD.txt,no_MTD,h39,h2,h39_to_h2,135.5,6.99,0.834,0,603,0.0
capture_test11_qos_h39_to_h2_no_MTD.txt,no_MTD,h39,h2,h39_to_h2,136.5,7.0,1.021,0,604,0.0
capture_test11_qos_h39_to_h2_no_MTD.txt,no_MTD,h39,h2,h39_to_h2,137.5,7.0,0.894,0,605,0.0
capture_test11_qos_h39_to_h2_no_MTD.txt,no_MTD,h39,h2,h39_to_h2,138.5,6.98,1.014,0,603,0.0
capture_test11_qos_h39_to_h2_no_MTD.txt,no_MTD,h39,h2,h39_to_h2,139.5,7.01,0.775,0,605,0.0
capture_test11_qos_h39_to_h2_no_MTD.txt,no_MTD,h39,h2,h39_to_h2,140.5,6.98,1.074,0,603,0.0
capture_test11_qos_h39_to_h2_no_MTD.txt,no_MTD,h39,h2,h39_to_h2,141.5,1.91,25.575,0,165,0.0
capture_test11_qos_h39_to_h2_no_MTD.txt,no_MTD,h39,h2,h39_to_h2,142.5,9.12,1.171,0,787,0.0
capture_test11_qos_h39_to_h2_no_MTD.txt,no_MTD,h39,h2,h39_to_h2,143.5,9.48,1.076,0,819,0.0
capture_test11_qos_h39_to_h2_no_MTD.txt,no_MTD,h39,h2,h39_to_h2,144.5,7.48,1.105,0,646,0.0
capture_test11_qos_h39_to_h2_no_MTD.txt,no_MTD,h39,h2,h39_to_h2,145.5,7.0,1.372,0,604,0.0
capture_test11_qos_h39_to_h2_no_MTD.txt,no_MTD,h39,h2,h39_to_h2,146.5,7.02,1.003,0,606,0.0
capture_test11_qos_h39_to_h2_no_MTD.txt,no_MTD,h39,h2,h39_to_h2,147.5,6.98,1.479,0,604,0.0
capture_test11_qos_h39_to_h2_no_MTD.txt,no_MTD,h39,h2,h39_to_h2,148.5,0.197,24.848,0,17,0.0
capture_test11_qos_h39_to_h2_no_MTD.txt,no_MTD,h39,h2,h39_to_h2,149.5,8.21,1.962,0,708,0.0
capture_test11_qos_h39_to_h2_no_MTD.txt,no_MTD,h39,h2,h39_to_h2,150.5,9.61,0.76,0,829,0.0
capture_test11_qos_h39_to_h2_no_MTD.txt,no_MTD,h39,h2,h39_to_h2,151.5,9.53,0.943,0,823,0.0
capture_test11_qos_h39_to_h2_no_MTD.txt,no_MTD,h39,h2,h39_to_h2,152.5,7.48,0.742,0,645,0.0
capture_test11_qos_h39_to_h2_no_MTD.txt,no_MTD,h39,h2,h39_to_h2,153.5,6.99,1.065,0,604,0.0
capture_test11_qos_h39_to_h2_no_MTD.txt,no_MTD,h39,h2,h39_to_h2,154.5,6.93,1.404,0,598,0.0
capture_test11_qos_h39_to_h2_no_MTD.txt,no_MTD,h39,h2,h39_to_h2,155.5,7.06,0.937,0,611,0.0
capture_test11_qos_h39_to_h2_no_MTD.txt,no_MTD,h39,h2,h39_to_h2,156.5,6.99,1.034,0,603,0.0
capture_test11_qos_h39_to_h2_no_MTD.txt,no_MTD,h39,h2,h39_to_h2,157.5,5.51,10.73,0,475,0.0
capture_test11_qos_h39_to_h2_no_MTD.txt,no_MTD,h39,h2,h39_to_h2,158.5,0.127,48.059,0,11,0.0
capture_test11_qos_h39_to_h2_no_MTD.txt,no_MTD,h39,h2,h39_to_h2,159.5,9.14,1.784,0,788,0.0
capture_test11_qos_h39_to_h2_no_MTD.txt,no_MTD,h39,h2,h39_to_h2,160.5,9.62,1.1,0,830,0.0
capture_test11_qos_h39_to_h2_no_MTD.txt,no_MTD,h39,h2,h39_to_h2,161.5,9.55,1.054,0,824,0.0
capture_test11_qos_h39_to_h2_no_MTD.txt,no_MTD,h39,h2,h39_to_h2,162.5,8.08,1.133,0,698,0.0
capture_test11_qos_h39_to_h2_no_MTD.txt,no_MTD,h39,h2,h39_to_h2,163.5,7.02,0.994,0,606,0.0
capture_test11_qos_h39_to_h2_no_MTD.txt,no_MTD,h39,h2,h39_to_h2,164.5,6.98,1.27,0,602,0.0
capture_test11_qos_h39_to_h2_no_MTD.txt,no_MTD,h39,h2,h39_to_h2,165.5,7.02,1.057,0,607,0.0
capture_test11_qos_h39_to_h2_no_MTD.txt,no_MTD,h39,h2,h39_to_h2,166.5,6.98,1.139,0,602,0.0
capture_test11_qos_h39_to_h2_no_MTD.txt,no_MTD,h39,h2,h39_to_h2,167.5,7.0,1.072,0,604,0.0
capture_test11_qos_h39_to_h2_no_MTD.txt,no_MTD,h39,h2,h39_to_h2,168.5,7.01,0.943,0,605,0.0
capture_test11_qos_h39_to_h2_no_MTD.txt,no_MTD,h39,h2,h39_to_h2,169.5,7.02,0.943,0,606,0.0
capture_test11_qos_h39_to_h2_no_MTD.txt,no_MTD,h39,h2,h39_to_h2,170.5,6.97,1.017,0,602,0.0
capture_test11_qos_h39_to_h2_no_MTD.txt,no_MTD,h39,h2,h39_to_h2,171.51,2.23,32.412,0,196,0.0
capture_test11_qos_h39_to_h2_no_MTD.txt,no_MTD,h39,h2,h39_to_h2,172.51,2.01,30.715,0,171,0.0
capture_test11_qos_h39_to_h2_no_MTD.txt,no_MTD,h39,h2,h39_to_h2,173.5,9.26,1.235,0,797,0.0
capture_test11_qos_h39_to_h2_no_MTD.txt,no_MTD,h39,h2,h39_to_h2,174.5,0.127,58.862,0,11,0.0
capture_test11_qos_h39_to_h2_no_MTD.txt,no_MTD,h39,h2,h39_to_h2,175.5,1.61,37.096,0,140,0.0
capture_test11_qos_h39_to_h2_no_MTD.txt,no_MTD,h39,h2,h39_to_h2,176.505,7.5,9.213,0,649,0.0
capture_test11_qos_h39_to_h2_no_MTD.txt,no_MTD,h39,h2,h39_to_h2,177.51,0.416,29.58,0,36,0.0
capture_test11_qos_h39_to_h2_no_MTD.txt,no_MTD,h39,h2,h39_to_h2,178.505,3.28,3.068,232,514,45.13618677042802
capture_test11_qos_h39_to_h2_no_MTD.txt,no_MTD,h39,h2,h39_to_h2,179.5,9.44,1.77,1004,1816,55.2863436123348
capture_test11_qos_h39_to_h2_no_MTD.txt,no_MTD,h39,h2,h39_to_h2,180.5,9.61,1.112,310,1139,27.216856892010536
capture_test11_qos_h39_to_h2_no_MTD.txt,no_MTD,h39,h2,h39_to_h2,181.5,9.47,1.463,0,818,0.0
capture_test11_qos_h39_to_h2_no_MTD.txt,no_MTD,h39,h2,h39_to_h2,182.5,9.51,1.179,0,821,0.0
capture_test11_qos_h39_to_h2_no_MTD.txt,no_MTD,h39,h2,h39_to_h2,183.5,8.66,1.037,0,749,0.0
capture_test11_qos_h39_to_h2_no_MTD.txt,no_MTD,h39,h2,h39_to_h2,184.5,7.01,1.115,0,604,0.0
capture_test11_qos_h39_to_h2_no_MTD.txt,no_MTD,h39,h2,h39_to_h2,185.5,6.97,0.841,0,601,0.0
capture_test11_qos_h39_to_h2_no_MTD.txt,no_MTD,h39,h2,h39_to_h2,186.5,7.03,0.913,0,607,0.0
capture_test11_qos_h39_to_h2_no_MTD.txt,no_MTD,h39,h2,h39_to_h2,187.5,7.01,1.023,0,605,0.0
capture_test11_qos_h39_to_h2_no_MTD.txt,no_MTD,h39,h2,h39_to_h2,188.5,6.98,1.044,0,604,0.0
capture_test11_qos_h39_to_h2_no_MTD.txt,no_MTD,h39,h2,h39_to_h2,189.5,7.0,0.936,0,603,0.0
capture_test11_qos_h39_to_h2_no_MTD.txt,no_MTD,h39,h2,h39_to_h2,190.5,7.01,1.012,0,605,0.0
capture_test11_qos_h39_to_h2_no_MTD.txt,no_MTD,h39,h2,h39_to_h2,191.5,6.99,1.38,0,605,0.0
capture_test11_qos_h39_to_h2_no_MTD.txt,no_MTD,h39,h2,h39_to_h2,192.5,7.01,0.951,0,604,0.0
capture_test11_qos_h39_to_h2_no_MTD.txt,no_MTD,h39,h2,h39_to_h2,193.5,6.98,0.628,0,603,0.0
capture_test11_qos_h39_to_h2_no_MTD.txt,no_MTD,h39,h2,h39_to_h2,194.5,7.02,0.84,0,606,0.0
capture_test11_qos_h39_to_h2_no_MTD.txt,no_MTD,h39,h2,h39_to_h2,195.5,6.99,0.9,0,604,0.0
capture_test11_qos_h39_to_h2_no_MTD.txt,no_MTD,h39,h2,h39_to_h2,196.5,6.98,1.458,0,603,0.0
capture_test11_qos_h39_to_h2_no_MTD.txt,no_MTD,h39,h2,h39_to_h2,197.5,7.01,1.105,0,606,0.0
capture_test11_qos_h39_to_h2_no_MTD.txt,no_MTD,h39,h2,h39_to_h2,198.5,7.01,1.121,0,605,0.0
capture_test11_qos_h39_to_h2_no_MTD.txt,no_MTD,h39,h2,h39_to_h2,199.5,6.99,1.227,0,603,0.0
capture_test11_qos_h39_to_h2_no_MTD.txt,no_MTD,h39,h2,h39_to_h2,200.5,6.99,1.422,0,603,0.0
capture_test11_qos_h39_to_h2_no_MTD.txt,no_MTD,h39,h2,h39_to_h2,201.5,7.0,1.025,0,604,0.0
capture_test11_qos_h39_to_h2_no_MTD.txt,no_MTD,h39,h2,h39_to_h2,202.5,7.02,0.904,0,606,0.0
capture_test11_qos_h39_to_h2_no_MTD.txt,no_MTD,h39,h2,h39_to_h2,203.5,7.01,1.076,0,605,0.0
capture_test11_qos_h39_to_h2_no_MTD.txt,no_MTD,h39,h2,h39_to_h2,204.5,6.96,1.41,0,602,0.0
capture_test11_qos_h39_to_h2_no_MTD.txt,no_MTD,h39,h2,h39_to_h2,205.5,7.02,1.284,0,605,0.0
capture_test11_qos_h39_to_h2_no_MTD.txt,no_MTD,h39,h2,h39_to_h2,206.5,2.32,1.314,0,200,0.0
capture_test11_qos_h39_to_h2_no_MTD.txt,no_MTD,h39,h2,h39_to_h2,207.51,9.05,1.541,0,795,0.0
capture_test11_qos_h39_to_h2_no_MTD.txt,no_MTD,h39,h2,h39_to_h2,208.51,9.57,1.247,0,811,0.0
capture_test11_qos_h39_to_h2_no_MTD.txt,no_MTD,h39,h2,h39_to_h2,209.5,7.08,1.376,0,611,0.0
capture_test11_qos_h39_to_h2_no_MTD.txt,no_MTD,h39,h2,h39_to_h2,210.5,6.96,1.354,0,601,0.0
capture_test11_qos_h39_to_h2_no_MTD.txt,no_MTD,h39,h2,h39_to_h2,211.5,7.03,1.197,0,608,0.0
capture_test11_qos_h39_to_h2_no_MTD.txt,no_MTD,h39,h2,h39_to_h2,212.5,7.0,1.132,0,604,0.0
capture_test11_qos_h39_to_h2_no_MTD.txt,no_MTD,h39,h2,h39_to_h2,213.5,7.02,0.938,0,605,0.0
capture_test11_qos_h39_to_h2_no_MTD.txt,no_MTD,h39,h2,h39_to_h2,214.5,6.99,1.188,0,603,0.0
capture_test11_qos_h39_to_h2_no_MTD.txt,no_MTD,h39,h2,h39_to_h2,215.5,3.21,1.236,0,277,0.0
capture_test11_qos_h39_to_h2_no_MTD.txt,no_MTD,h39,h2,h39_to_h2,216.5,8.95,1.236,0,773,0.0
capture_test11_qos_h39_to_h2_no_MTD.txt,no_MTD,h39,h2,h39_to_h2,217.5,8.84,1.151,0,764,0.0
capture_test11_qos_h39_to_h2_no_MTD.txt,no_MTD,h39,h2,h39_to_h2,218.5,6.99,0.914,0,603,0.0
capture_test11_qos_h39_to_h2_no_MTD.txt,no_MTD,h39,h2,h39_to_h2,219.515,3.54,27.917,2,317,0.6309148264984227
capture_test11_qos_h39_to_h2_no_MTD.txt,no_MTD,h39,h2,h39_to_h2,220.515,9.25,0.957,18446744073709551614,773,2.3863834506739395e+18
capture_test11_qos_h39_to_h2_no_MTD.txt,no_MTD,h39,h2,h39_to_h2,221.51,0.319,1.126,0,28,0.0
capture_test11_qos_h39_to_h2_no_MTD.txt,no_MTD,h39,h2,h39_to_h2,222.54500000000002,0.709,12.421,0,64,0.0
capture_test11_qos_h39_to_h2_no_MTD.txt,no_MTD,h39,h2,h39_to_h2,223.54500000000002,1.08,40.889,0,89,0.0
capture_test11_qos_h39_to_h2_no_MTD.txt,no_MTD,h39,h2,h39_to_h2,224.53500000000003,0.339,39.886,0,30,0.0
capture_test11_qos_h39_to_h2_no_MTD.txt,no_MTD,h39,h2,h39_to_h2,225.525,9.39,1.209,0,775,0.0
capture_test11_qos_h39_to_h2_no_MTD.txt,no_MTD,h39,h2,h39_to_h2,226.5,9.65,0.766,1350,2183,61.84150251946862
capture_test11_qos_h39_to_h2_no_MTD.txt,no_MTD,h39,h2,h39_to_h2,227.5,9.66,0.718,0,835,0.0
capture_test11_qos_h39_to_h2_no_MTD.txt,no_MTD,h39,h2,h39_to_h2,228.5,9.61,0.601,0,829,0.0
capture_test11_qos_h39_to_h2_no_MTD.txt,no_MTD,h39,h2,h39_to_h2,229.5,8.37,1.118,0,723,0.0
capture_test11_qos_h39_to_h2_no_MTD.txt,no_MTD,h39,h2,h39_to_h2,230.5,7.03,0.92,0,607,0.0
capture_test11_qos_h39_to_h2_no_MTD.txt,no_MTD,h39,h2,h39_to_h2,231.5,7.01,1.059,0,605,0.0
capture_test11_qos_h39_to_h2_no_MTD.txt,no_MTD,h39,h2,h39_to_h2,232.5,7.0,1.131,0,604,0.0
capture_test11_qos_h39_to_h2_no_MTD.txt,no_MTD,h39,h2,h39_to_h2,233.5,7.0,0.775,0,604,0.0
capture_test11_qos_h39_to_h2_no_MTD.txt,no_MTD,h39,h2,h39_to_h2,234.5,7.01,0.475,0,605,0.0
capture_test11_qos_h39_to_h2_no_MTD.txt,no_MTD,h39,h2,h39_to_h2,235.5,6.98,1.032,0,603,0.0
capture_test11_qos_h39_to_h2_no_MTD.txt,no_MTD,h39,h2,h39_to_h2,236.5,7.0,1.072,0,605,0.0
capture_test11_qos_h39_to_h2_no_MTD.txt,no_MTD,h39,h2,h39_to_h2,237.5,7.0,0.937,0,604,0.0
capture_test11_qos_h39_to_h2_no_MTD.txt,no_MTD,h39,h2,h39_to_h2,238.5,6.96,1.022,0,602,0.0
capture_test11_qos_h39_to_h2_no_MTD.txt,no_MTD,h39,h2,h39_to_h2,239.5,7.02,1.023,0,605,0.0
capture_test11_qos_h39_to_h2_no_MTD.txt,no_MTD,h39,h2,h39_to_h2,240.5,7.03,0.963,0,607,0.0
capture_test11_qos_h39_to_h2_no_MTD.txt,no_MTD,h39,h2,h39_to_h2,241.5,7.0,0.944,0,604,0.0
capture_test11_qos_h39_to_h2_no_MTD.txt,no_MTD,h39,h2,h39_to_h2,242.5,7.0,1.052,0,604,0.0
capture_test11_qos_h39_to_h2_no_MTD.txt,no_MTD,h39,h2,h39_to_h2,243.5,7.01,0.608,0,605,0.0
capture_test11_qos_h39_to_h2_no_MTD.txt,no_MTD,h39,h2,h39_to_h2,244.5,7.0,0.454,0,604,0.0
capture_test11_qos_h39_to_h2_no_MTD.txt,no_MTD,h39,h2,h39_to_h2,245.5,6.99,0.825,0,604,0.0
capture_test11_qos_h39_to_h2_no_MTD.txt,no_MTD,h39,h2,h39_to_h2,246.5,7.0,0.856,0,605,0.0
capture_test11_qos_h39_to_h2_no_MTD.txt,no_MTD,h39,h2,h39_to_h2,247.5,6.98,0.942,0,602,0.0
capture_test11_qos_h39_to_h2_no_MTD.txt,no_MTD,h39,h2,h39_to_h2,248.5,7.02,0.907,0,606,0.0
capture_test11_qos_h39_to_h2_no_MTD.txt,no_MTD,h39,h2,h39_to_h2,249.5,6.99,1.052,0,603,0.0
capture_test11_qos_h39_to_h2_no_MTD.txt,no_MTD,h39,h2,h39_to_h2,250.5,7.0,0.934,0,605,0.0
capture_test11_qos_h39_to_h2_no_MTD.txt,no_MTD,h39,h2,h39_to_h2,251.5,6.99,0.946,0,603,0.0
capture_test11_qos_h39_to_h2_no_MTD.txt,no_MTD,h39,h2,h39_to_h2,252.5,7.02,0.848,0,606,0.0
capture_test11_qos_h39_to_h2_no_MTD.txt,no_MTD,h39,h2,h39_to_h2,253.5,7.01,0.767,0,605,0.0
capture_test11_qos_h39_to_h2_no_MTD.txt,no_MTD,h39,h2,h39_to_h2,254.5,6.98,0.858,0,603,0.0
capture_test11_qos_h39_to_h2_no_MTD.txt,no_MTD,h39,h2,h39_to_h2,255.5,7.0,0.975,0,604,0.0
capture_test11_qos_h39_to_h2_no_MTD.txt,no_MTD,h39,h2,h39_to_h2,256.5,6.99,1.072,0,604,0.0
capture_test11_qos_h39_to_h2_no_MTD.txt,no_MTD,h39,h2,h39_to_h2,257.5,7.01,0.893,0,605,0.0
capture_test11_qos_h39_to_h2_no_MTD.txt,no_MTD,h39,h2,h39_to_h2,258.5,6.99,0.72,0,603,0.0
capture_test11_qos_h39_to_h2_no_MTD.txt,no_MTD,h39,h2,h39_to_h2,259.5,7.01,0.727,0,605,0.0
capture_test11_qos_h39_to_h2_no_MTD.txt,no_MTD,h39,h2,h39_to_h2,260.5,6.99,1.184,0,604,0.0
capture_test11_qos_h39_to_h2_no_MTD.txt,no_MTD,h39,h2,h39_to_h2,261.5,7.01,1.18,0,606,0.0
capture_test11_qos_h39_to_h2_no_MTD.txt,no_MTD,h39,h2,h39_to_h2,262.5,7.0,0.729,0,603,0.0
capture_test11_qos_h39_to_h2_no_MTD.txt,no_MTD,h39,h2,h39_to_h2,263.5,6.98,1.117,0,603,0.0
capture_test11_qos_h39_to_h2_no_MTD.txt,no_MTD,h39,h2,h39_to_h2,264.5,7.03,0.755,0,606,0.0
capture_test11_qos_h39_to_h2_no_MTD.txt,no_MTD,h39,h2,h39_to_h2,265.5,6.99,1.225,0,604,0.0
capture_test11_qos_h39_to_h2_no_MTD.txt,no_MTD,h39,h2,h39_to_h2,266.5,7.0,1.077,0,604,0.0
capture_test11_qos_h39_to_h2_no_MTD.txt,no_MTD,h39,h2,h39_to_h2,267.5,7.0,1.251,0,605,0.0
capture_test11_qos_h39_to_h2_no_MTD.txt,no_MTD,h39,h2,h39_to_h2,268.5,6.97,1.277,0,602,0.0
capture_test11_qos_h39_to_h2_no_MTD.txt,no_MTD,h39,h2,h39_to_h2,269.5,7.02,1.132,0,606,0.0
capture_test11_qos_h39_to_h2_no_MTD.txt,no_MTD,h39,h2,h39_to_h2,270.5,6.99,0.935,0,604,0.0
capture_test11_qos_h39_to_h2_no_MTD.txt,no_MTD,h39,h2,h39_to_h2,271.5,6.98,0.978,0,603,0.0
capture_test11_qos_h39_to_h2_no_MTD.txt,no_MTD,h39,h2,h39_to_h2,272.5,6.96,1.324,0,602,0.0
capture_test11_qos_h39_to_h2_no_MTD.txt,no_MTD,h39,h2,h39_to_h2,273.5,7.03,0.78,0,607,0.0
capture_test11_qos_h39_to_h2_no_MTD.txt,no_MTD,h39,h2,h39_to_h2,274.5,7.01,1.369,0,605,0.0
capture_test11_qos_h39_to_h2_no_MTD.txt,no_MTD,h39,h2,h39_to_h2,275.5,6.98,1.227,0,603,0.0
capture_test11_qos_h39_to_h2_no_MTD.txt,no_MTD,h39,h2,h39_to_h2,276.5,7.01,1.402,0,605,0.0
capture_test11_qos_h39_to_h2_no_MTD.txt,no_MTD,h39,h2,h39_to_h2,277.5,7.01,0.985,0,606,0.0
capture_test11_qos_h39_to_h2_no_MTD.txt,no_MTD,h39,h2,h39_to_h2,278.5,6.97,1.088,0,603,0.0
capture_test11_qos_h39_to_h2_no_MTD.txt,no_MTD,h39,h2,h39_to_h2,279.5,7.0,1.103,0,603,0.0
capture_test11_qos_h39_to_h2_no_MTD.txt,no_MTD,h39,h2,h39_to_h2,280.5,7.03,0.637,0,606,0.0
capture_test11_qos_h39_to_h2_no_MTD.txt,no_MTD,h39,h2,h39_to_h2,281.5,7.0,0.832,0,605,0.0
capture_test11_qos_h39_to_h2_no_MTD.txt,no_MTD,h39,h2,h39_to_h2,282.5,6.99,0.771,0,603,0.0
capture_test11_qos_h39_to_h2_no_MTD.txt,no_MTD,h39,h2,h39_to_h2,283.5,7.01,0.891,0,605,0.0
capture_test11_qos_h39_to_h2_no_MTD.txt,no_MTD,h39,h2,h39_to_h2,284.5,5.29,2.657,0,457,0.0
capture_test11_qos_h39_to_h2_no_MTD.txt,no_MTD,h39,h2,h39_to_h2,285.5,4.97,1.212,0,429,0.0
capture_test11_qos_h39_to_h2_no_MTD.txt,no_MTD,h39,h2,h39_to_h2,286.53999999999996,6.11,1.172,0,570,0.0
capture_test11_qos_h39_to_h2_no_MTD.txt,no_MTD,h39,h2,h39_to_h2,287.575,1.21,2.094,0,103,0.0
capture_test11_qos_h39_to_h2_no_MTD.txt,no_MTD,h39,h2,h39_to_h2,288.53499999999997,0.112,5.386,0,9,0.0
capture_test11_qos_h39_to_h2_no_MTD.txt,no_MTD,h39,h2,h39_to_h2,289.53499999999997,1.9,16.732,0,175,0.0
capture_test11_qos_h39_to_h2_no_MTD.txt,no_MTD,h39,h2,h39_to_h2,290.575,0.436,7.169,0,38,0.0
capture_test11_qos_h39_to_h2_no_MTD.txt,no_MTD,h39,h2,h39_to_h2,291.53999999999996,8.86,1.555,0,704,0.0
capture_test11_qos_h39_to_h2_no_MTD.txt,no_MTD,h39,h2,h39_to_h2,292.5,9.54,1.042,1509,2333,64.68066866695243
capture_test11_qos_h39_to_h2_no_MTD.txt,no_MTD,h39,h2,h39_to_h2,293.5,9.6,1.067,0,829,0.0
capture_test11_qos_h39_to_h2_no_MTD.txt,no_MTD,h39,h2,h39_to_h2,294.5,9.6,1.117,0,828,0.0
capture_test11_qos_h39_to_h2_no_MTD.txt,no_MTD,h39,h2,h39_to_h2,295.5,8.79,1.69,0,759,0.0
capture_test11_qos_h39_to_h2_no_MTD.txt,no_MTD,h39,h2,h39_to_h2,296.5,7.2,0.971,0,622,0.0
capture_test11_qos_h39_to_h2_no_MTD.txt,no_MTD,h39,h2,h39_to_h2,297.5,6.98,1.599,0,603,0.0
capture_test11_qos_h39_to_h2_no_MTD.txt,no_MTD,h39,h2,h39_to_h2,298.5,7.01,1.517,0,604,0.0
capture_test11_qos_h39_to_h2_no_MTD.txt,no_MTD,h39,h2,h39_to_h2,299.5,7.0,1.108,0,605,0.0
capture_test11_qos_h39_to_h2_no_MTD.txt,no_MTD,h39,h2,h39_to_h2,300.06,6.63,1.097,0,68,0.0
capture_test14_qos_h3_to_h38_MTD.txt,MTD,h3,h38,h3_to_h38,0.635,1.81,2.811,0,199,0.0
capture_test14_qos_h3_to_h38_MTD.txt,MTD,h3,h38,h3_to_h38,1.635,9.5,1.009,0,599,0.0
capture_test14_qos_h3_to_h38_MTD.txt,MTD,h3,h38,h3_to_h38,2.5,9.54,1.053,0,824,0.0
capture_test14_qos_h3_to_h38_MTD.txt,MTD,h3,h38,h3_to_h38,3.5,8.15,1.121,0,704,0.0
capture_test14_qos_h3_to_h38_MTD.txt,MTD,h3,h38,h3_to_h38,4.5,6.98,1.353,0,602,0.0
capture_test14_qos_h3_to_h38_MTD.txt,MTD,h3,h38,h3_to_h38,5.5,7.04,1.014,0,608,0.0
capture_test14_qos_h3_to_h38_MTD.txt,MTD,h3,h38,h3_to_h38,6.5,6.99,0.973,0,603,0.0
capture_test14_qos_h3_to_h38_MTD.txt,MTD,h3,h38,h3_to_h38,7.5,7.0,0.954,0,604,0.0
capture_test14_qos_h3_to_h38_MTD.txt,MTD,h3,h38,h3_to_h38,8.5,7.0,1.298,0,605,0.0
capture_test14_qos_h3_to_h38_MTD.txt,MTD,h3,h38,h3_to_h38,9.5,7.02,1.148,0,605,0.0
capture_test14_qos_h3_to_h38_MTD.txt,MTD,h3,h38,h3_to_h38,10.5,6.79,1.752,0,586,0.0
capture_test14_qos_h3_to_h38_MTD.txt,MTD,h3,h38,h3_to_h38,11.5,6.77,2.421,0,585,0.0
capture_test14_qos_h3_to_h38_MTD.txt,MTD,h3,h38,h3_to_h38,12.5,7.38,1.079,0,637,0.0
capture_test14_qos_h3_to_h38_MTD.txt,MTD,h3,h38,h3_to_h38,13.629999999999999,4.13,1.076,0,449,0.0
capture_test14_qos_h3_to_h38_MTD.txt,MTD,h3,h38,h3_to_h38,14.629999999999999,0.8,27.2,0,51,0.0
capture_test14_qos_h3_to_h38_MTD.txt,MTD,h3,h38,h3_to_h38,15.54,3.78,19.773,0,354,0.0
capture_test14_qos_h3_to_h38_MTD.txt,MTD,h3,h38,h3_to_h38,16.54,7.45,1.235,0,589,0.0
capture_test14_qos_h3_to_h38_MTD.txt,MTD,h3,h38,h3_to_h38,17.5,9.62,1.087,108,939,11.501597444089457
capture_test14_qos_h3_to_h38_MTD.txt,MTD,h3,h38,h3_to_h38,18.5,9.63,0.769,0,832,0.0
capture_test14_qos_h3_to_h38_MTD.txt,MTD,h3,h38,h3_to_h38,19.5,9.66,1.099,0,834,0.0
capture_test14_qos_h3_to_h38_MTD.txt,MTD,h3,h38,h3_to_h38,20.5,9.16,0.807,0,791,0.0
capture_test14_qos_h3_to_h38_MTD.txt,MTD,h3,h38,h3_to_h38,21.5,7.01,0.892,0,604,0.0
capture_test14_qos_h3_to_h38_MTD.txt,MTD,h3,h38,h3_to_h38,22.5,6.99,0.999,0,604,0.0
capture_test14_qos_h3_to_h38_MTD.txt,MTD,h3,h38,h3_to_h38,23.5,7.0,0.891,0,604,0.0
capture_test14_qos_h3_to_h38_MTD.txt,MTD,h3,h38,h3_to_h38,24.5,2.83,1.117,0,244,0.0
capture_test14_qos_h3_to_h38_MTD.txt,MTD,h3,h38,h3_to_h38,25.5,6.69,2.134,0,578,0.0
capture_test14_qos_h3_to_h38_MTD.txt,MTD,h3,h38,h3_to_h38,26.5,9.42,0.85,0,815,0.0
capture_test14_qos_h3_to_h38_MTD.txt,MTD,h3,h38,h3_to_h38,27.5,9.04,1.264,0,779,0.0
capture_test14_qos_h3_to_h38_MTD.txt,MTD,h3,h38,h3_to_h38,28.5,6.99,1.044,0,603,0.0
capture_test14_qos_h3_to_h38_MTD.txt,MTD,h3,h38,h3_to_h38,29.5,6.19,1.542,0,535,0.0
capture_test14_qos_h3_to_h38_MTD.txt,MTD,h3,h38,h3_to_h38,30.5,6.46,0.995,0,558,0.0
capture_test14_qos_h3_to_h38_MTD.txt,MTD,h3,h38,h3_to_h38,31.5,8.36,0.904,0,722,0.0
capture_test14_qos_h3_to_h38_MTD.txt,MTD,h3,h38,h3_to_h38,32.5,7.0,1.15,0,604,0.0
capture_test14_qos_h3_to_h38_MTD.txt,MTD,h3,h38,h3_to_h38,33.629999999999995,4.39,2.726,0,478,0.0
capture_test14_qos_h3_to_h38_MTD.txt,MTD,h3,h38,h3_to_h38,34.629999999999995,9.36,1.02,0,596,0.0
capture_test14_qos_h3_to_h38_MTD.txt,MTD,h3,h38,h3_to_h38,35.5,3.08,1.695,0,266,0.0
capture_test14_qos_h3_to_h38_MTD.txt,MTD,h3,h38,h3_to_h38,36.5,6.73,1.164,0,581,0.0
capture_test14_qos_h3_to_h38_MTD.txt,MTD,h3,h38,h3_to_h38,37.5,8.51,1.074,0,735,0.0
capture_test14_qos_h3_to_h38_MTD.txt,MTD,h3,h38,h3_to_h38,38.5,9.4,0.885,0,811,0.0
capture_test14_qos_h3_to_h38_MTD.txt,MTD,h3,h38,h3_to_h38,39.5,8.85,0.902,0,764,0.0
capture_test14_qos_h3_to_h38_MTD.txt,MTD,h3,h38,h3_to_h38,40.5,7.0,1.133,0,605,0.0
capture_test14_qos_h3_to_h38_MTD.txt,MTD,h3,h38,h3_to_h38,41.5,7.0,0.849,0,604,0.0
capture_test14_qos_h3_to_h38_MTD.txt,MTD,h3,h38,h3_to_h38,42.5,6.99,1.118,0,604,0.0
capture_test14_qos_h3_to_h38_MTD.txt,MTD,h3,h38,h3_to_h38,43.5,7.0,1.149,0,603,0.0
capture_test14_qos_h3_to_h38_MTD.txt,MTD,h3,h38,h3_to_h38,44.5,6.99,1.531,0,604,0.0
capture_test14_qos_h3_to_h38_MTD.txt,MTD,h3,h38,h3_to_h38,45.5,7.02,0.981,0,606,0.0
capture_test14_qos_h3_to_h38_MTD.txt,MTD,h3,h38,h3_to_h38,46.5,7.0,1.186,0,605,0.0
capture_test14_qos_h3_to_h38_MTD.txt,MTD,h3,h38,h3_to_h38,47.5,7.0,0.822,0,603,0.0
capture_test14_qos_h3_to_h38_MTD.txt,MTD,h3,h38,h3_to_h38,48.5,6.97,1.057,0,602,0.0
capture_test14_qos_h3_to_h38_MTD.txt,MTD,h3,h38,h3_to_h38,49.5,5.25,1.336,0,454,0.0
capture_test14_qos_h3_to_h38_MTD.txt,MTD,h3,h38,h3_to_h38,50.5,8.77,0.691,0,758,0.0
capture_test14_qos_h3_to_h38_MTD.txt,MTD,h3,h38,h3_to_h38,51.5,6.98,0.732,0,602,0.0
capture_test14_qos_h3_to_h38_MTD.txt,MTD,h3,h38,h3_to_h38,52.5,7.02,1.091,0,606,0.0
capture_test14_qos_h3_to_h38_MTD.txt,MTD,h3,h38,h3_to_h38,53.644999999999996,4.78,3.86,0,534,0.0
capture_test14_qos_h3_to_h38_MTD.txt,MTD,h3,h38,h3_to_h38,54.644999999999996,9.05,1.213,0,552,0.0
capture_test14_qos_h3_to_h38_MTD.txt,MTD,h3,h38,h3_to_h38,55.5,8.38,1.276,0,724,0.0
capture_test14_qos_h3_to_h38_MTD.txt,MTD,h3,h38,h3_to_h38,56.5,7.0,1.722,0,604,0.0
capture_test14_qos_h3_to_h38_MTD.txt,MTD,h3,h38,h3_to_h38,57.5,6.99,1.259,0,605,0.0
capture_test14_qos_h3_to_h38_MTD.txt,MTD,h3,h38,h3_to_h38,58.5,7.04,0.936,0,606,0.0
capture_test14_qos_h3_to_h38_MTD.txt,MTD,h3,h38,h3_to_h38,59.5,7.02,0.806,0,606,0.0
capture_test14_qos_h3_to_h38_MTD.txt,MTD,h3,h38,h3_to_h38,60.5,6.99,0.762,0,603,0.0
capture_test14_qos_h3_to_h38_MTD.txt,MTD,h3,h38,h3_to_h38,61.655,3.86,2.459,0,435,0.0
capture_test14_qos_h3_to_h38_MTD.txt,MTD,h3,h38,h3_to_h38,62.81,0.371,7.729,0,32,0.0
capture_test14_qos_h3_to_h38_MTD.txt,MTD,h3,h38,h3_to_h38,63.655,8.48,1.298,0,509,0.0
capture_test14_qos_h3_to_h38_MTD.txt,MTD,h3,h38,h3_to_h38,64.5,9.62,1.384,0,830,0.0
capture_test14_qos_h3_to_h38_MTD.txt,MTD,h3,h38,h3_to_h38,65.65,3.83,0.902,0,431,0.0
capture_test14_qos_h3_to_h38_MTD.txt,MTD,h3,h38,h3_to_h38,66.8,5.74,1.049,0,494,0.0
capture_test14_qos_h3_to_h38_MTD.txt,MTD,h3,h38,h3_to_h38,67.8,0.613,93.81,0,53,0.0
capture_test14_qos_h3_to_h38_MTD.txt,MTD,h3,h38,h3_to_h38,68.65,8.52,2.252,0,513,0.0
capture_test14_qos_h3_to_h38_MTD.txt,MTD,h3,h38,h3_to_h38,69.65,0.448,4.311,0,50,0.0
capture_test14_qos_h3_to_h38_MTD.txt,MTD,h3,h38,h3_to_h38,70.795,0.874,3.103,0,75,0.0
capture_test14_qos_h3_to_h38_MTD.txt,MTD,h3,h38,h3_to_h38,71.64500000000001,1.63,1.759,0,100,0.0
capture_test14_qos_h3_to_h38_MTD.txt,MTD,h3,h38,h3_to_h38,72.65,0.714,53.612,0,80,0.0
capture_test14_qos_h3_to_h38_MTD.txt,MTD,h3,h38,h3_to_h38,73.65,9.04,1.189,627,1176,53.316326530612244
capture_test14_qos_h3_to_h38_MTD.txt,MTD,h3,h38,h3_to_h38,74.5,9.46,1.068,2194,3011,72.86615742278313
capture_test14_qos_h3_to_h38_MTD.txt,MTD,h3,h38,h3_to_h38,75.65,0.64,41.395,0,72,0.0
capture_test14_qos_h3_to_h38_MTD.txt,MTD,h3,h38,h3_to_h38,76.71000000000001,1.39,2.544,0,98,0.0
capture_test14_qos_h3_to_h38_MTD.txt,MTD,h3,h38,h3_to_h38,77.71000000000001,1.01,60.553,0,103,0.0
capture_test14_qos_h3_to_h38_MTD.txt,MTD,h3,h38,h3_to_h38,78.65,3.67,1.812,0,223,0.0
capture_test14_qos_h3_to_h38_MTD.txt,MTD,h3,h38,h3_to_h38,79.5,9.57,2.008,772,1598,48.310387984981226
capture_test14_qos_h3_to_h38_MTD.txt,MTD,h3,h38,h3_to_h38,80.5,9.62,0.906,813,1643,49.48265368228849
capture_test14_qos_h3_to_h38_MTD.txt,MTD,h3,h38,h3_to_h38,81.655,4.9,31.549,0,553,0.0
capture_test14_qos_h3_to_h38_MTD.txt,MTD,h3,h38,h3_to_h38,82.815,0.674,3.67,0,59,0.0
capture_test14_qos_h3_to_h38_MTD.txt,MTD,h3,h38,h3_to_h38,83.66,9.27,1.199,0,543,0.0
capture_test14_qos_h3_to_h38_MTD.txt,MTD,h3,h38,h3_to_h38,84.5,9.64,1.078,342,1174,29.131175468483818
capture_test14_qos_h3_to_h38_MTD.txt,MTD,h3,h38,h3_to_h38,85.66,3.71,1.115,0,424,0.0
capture_test14_qos_h3_to_h38_MTD.txt,MTD,h3,h38,h3_to_h38,86.66,9.61,1.046,0,561,0.0
capture_test14_qos_h3_to_h38_MTD.txt,MTD,h3,h38,h3_to_h38,87.5,4.08,1.191,0,352,0.0
capture_test14_qos_h3_to_h38_MTD.txt,MTD,h3,h38,h3_to_h38,88.5,6.23,1.22,6,545,1.1009174311926606
capture_test14_qos_h3_to_h38_MTD.txt,MTD,h3,h38,h3_to_h38,89.5,9.51,1.032,302,1124,26.868327402135233
capture_test14_qos_h3_to_h38_MTD.txt,MTD,h3,h38,h3_to_h38,90.5,9.54,0.941,0,821,0.0
capture_test14_qos_h3_to_h38_MTD.txt,MTD,h3,h38,h3_to_h38,91.5,9.58,1.133,0,827,0.0
capture_test14_qos_h3_to_h38_MTD.txt,MTD,h3,h38,h3_to_h38,92.5,9.57,1.06,0,826,0.0
capture_test14_qos_h3_to_h38_MTD.txt,MTD,h3,h38,h3_to_h38,93.5,7.02,1.348,0,606,0.0
capture_test14_qos_h3_to_h38_MTD.txt,MTD,h3,h38,h3_to_h38,94.5,7.0,1.237,0,604,0.0
capture_test14_qos_h3_to_h38_MTD.txt,MTD,h3,h38,h3_to_h38,95.655,4.48,1.335,0,507,0.0
capture_test14_qos_h3_to_h38_MTD.txt,MTD,h3,h38,h3_to_h38,96.805,0.21,11.59,0,18,0.0
capture_test14_qos_h3_to_h38_MTD.txt,MTD,h3,h38,h3_to_h38,97.805,1.23,1.586,0,106,0.0
capture_test14_qos_h3_to_h38_MTD.txt,MTD,h3,h38,h3_to_h38,98.74000000000001,4.04,13.16,0,302,0.0
capture_test14_qos_h3_to_h38_MTD.txt,MTD,h3,h38,h3_to_h38,99.58500000000001,3.38,539.13,470,712,66.01123595505618
capture_test14_qos_h3_to_h38_MTD.txt,MTD,h3,h38,h3_to_h38,100.515,6.84,213.542,126,733,17.189631650750343
capture_test14_qos_h3_to_h38_MTD.txt,MTD,h3,h38,h3_to_h38,101.515,3.48,51.748,18446744073709551433,109,1.6923618416247296e+19
capture_test14_qos_h3_to_h38_MTD.txt,MTD,h3,h38,h3_to_h38,102.5,9.13,2.192,18446744073709551605,778,2.371046796106626e+18
capture_test14_qos_h3_to_h38_MTD.txt,MTD,h3,h38,h3_to_h38,103.66,2.6,39.173,42,339,12.389380530973451
capture_test14_qos_h3_to_h38_MTD.txt,MTD,h3,h38,h3_to_h38,104.815,0.861,2.794,11,84,13.095238095238097
capture_test14_qos_h3_to_h38_MTD.txt,MTD,h3,h38,h3_to_h38,105.815,0.937,5.629,70,152,46.05263157894737
capture_test14_qos_h3_to_h38_MTD.txt,MTD,h3,h38,h3_to_h38,106.815,0.722,49.891,93,155,60.0
capture_test14_qos_h3_to_h38_MTD.txt,MTD,h3,h38,h3_to_h38,107.655,9.44,1.809,139,698,19.91404011461318
capture_test14_qos_h3_to_h38_MTD.txt,MTD,h3,h38,h3_to_h38,108.5,6.59,1.281,0,569,0.0
capture_test14_qos_h3_to_h38_MTD.txt,MTD,h3,h38,h3_to_h38,109.67,3.47,1.995,1925,2325,82.79569892473118
capture_test14_qos_h3_to_h38_MTD.txt,MTD,h3,h38,h3_to_h38,110.825,5.47,1.656,0,459,0.0
capture_test14_qos_h3_to_h38_MTD.txt,MTD,h3,h38,h3_to_h38,111.81,0.546,3.43,32,79,40.50632911392405
capture_test14_qos_h3_to_h38_MTD.txt,MTD,h3,h38,h3_to_h38,112.655,1.9,1.369,0,114,0.0
capture_test14_qos_h3_to_h38_MTD.txt,MTD,h3,h38,h3_to_h38,113.5,6.5,1.365,0,561,0.0
capture_test14_qos_h3_to_h38_MTD.txt,MTD,h3,h38,h3_to_h38,114.5,6.72,11.474,276,856,32.242990654205606
capture_test14_qos_h3_to_h38_MTD.txt,MTD,h3,h38,h3_to_h38,115.5,6.65,1.256,1208,1783,67.75098149186763
capture_test14_qos_h3_to_h38_MTD.txt,MTD,h3,h38,h3_to_h38,116.5,9.53,2.216,63,885,7.118644067796611
capture_test14_qos_h3_to_h38_MTD.txt,MTD,h3,h38,h3_to_h38,117.5,9.6,1.117,2,831,0.24067388688327318
capture_test14_qos_h3_to_h38_MTD.txt,MTD,h3,h38,h3_to_h38,118.5,3.84,2.858,0,332,0.0
capture_test14_qos_h3_to_h38_MTD.txt,MTD,h3,h38,h3_to_h38,119.67,2.57,26.309,0,296,0.0
capture_test14_qos_h3_to_h38_MTD.txt,MTD,h3,h38,h3_to_h38,120.83,5.62,25.05,0,476,0.0
capture_test14_qos_h3_to_h38_MTD.txt,MTD,h3,h38,h3_to_h38,121.66,9.56,2.029,0,563,0.0
capture_test14_qos_h3_to_h38_MTD.txt,MTD,h3,h38,h3_to_h38,122.66499999999999,2.31,1.38,0,264,0.0
capture_test14_qos_h3_to_h38_MTD.txt,MTD,h3,h38,h3_to_h38,123.66499999999999,9.27,1.196,198,737,26.865671641791046
capture_test14_qos_h3_to_h38_MTD.txt,MTD,h3,h38,h3_to_h38,124.5,9.67,1.174,116,951,12.197686645636173
capture_test14_qos_h3_to_h38_MTD.txt,MTD,h3,h38,h3_to_h38,125.5,9.67,0.888,394,1229,32.05858421480879
capture_test14_qos_h3_to_h38_MTD.txt,MTD,h3,h38,h3_to_h38,126.5,9.63,0.897,0,831,0.0
capture_test14_qos_h3_to_h38_MTD.txt,MTD,h3,h38,h3_to_h38,127.5,9.63,0.975,0,832,0.0
capture_test14_qos_h3_to_h38_MTD.txt,MTD,h3,h38,h3_to_h38,128.5,9.65,0.929,0,833,0.0
capture_test14_qos_h3_to_h38_MTD.txt,MTD,h3,h38,h3_to_h38,129.5,7.12,2.331,0,615,0.0
capture_test14_qos_h3_to_h38_MTD.txt,MTD,h3,h38,h3_to_h38,130.5,7.4,1.465,0,639,0.0
capture_test14_qos_h3_to_h38_MTD.txt,MTD,h3,h38,h3_to_h38,131.5,7.03,0.932,0,606,0.0
capture_test14_qos_h3_to_h38_MTD.txt,MTD,h3,h38,h3_to_h38,132.66500000000002,5.24,20.507,0,600,0.0
capture_test14_qos_h3_to_h38_MTD.txt,MTD,h3,h38,h3_to_h38,133.66500000000002,2.39,1.364,0,139,0.0
capture_test14_qos_h3_to_h38_MTD.txt,MTD,h3,h38,h3_to_h38,134.66,4.55,1.243,0,518,0.0
capture_test14_qos_h3_to_h38_MTD.txt,MTD,h3,h38,h3_to_h38,135.82,0.104,16.524,0,9,0.0
capture_test14_qos_h3_to_h38_MTD.txt,MTD,h3,h38,h3_to_h38,136.825,0.74,2.975,0,64,0.0
capture_test14_qos_h3_to_h38_MTD.txt,MTD,h3,h38,h3_to_h38,137.66500000000002,2.34,2.614,0,136,0.0
capture_test14_qos_h3_to_h38_MTD.txt,MTD,h3,h38,h3_to_h38,138.5,4.47,2.113,0,387,0.0
capture_test14_qos_h3_to_h38_MTD.txt,MTD,h3,h38,h3_to_h38,139.5,9.58,1.172,1338,2162,61.88714153561518
capture_test14_qos_h3_to_h38_MTD.txt,MTD,h3,h38,h3_to_h38,140.66,1.55,49.097,0,177,0.0
capture_test14_qos_h3_to_h38_MTD.txt,MTD,h3,h38,h3_to_h38,141.82,1.17,52.219,16,117,13.675213675213676
capture_test14_qos_h3_to_h38_MTD.txt,MTD,h3,h38,h3_to_h38,142.82,0.442,61.554,0,38,0.0
capture_test14_qos_h3_to_h38_MTD.txt,MTD,h3,h38,h3_to_h38,143.82,1.2,51.735,0,104,0.0
capture_test14_qos_h3_to_h38_MTD.txt,MTD,h3,h38,h3_to_h38,144.66,3.67,2.353,0,215,0.0
capture_test14_qos_h3_to_h38_MTD.txt,MTD,h3,h38,h3_to_h38,145.66,0.544,3.219,0,62,0.0
capture_test14_qos_h3_to_h38_MTD.txt,MTD,h3,h38,h3_to_h38,146.66,9.58,2.164,407,969,42.00206398348813
capture_test14_qos_h3_to_h38_MTD.txt,MTD,h3,h38,h3_to_h38,147.5,7.11,1.033,2495,3109,80.2508845287874
capture_test14_qos_h3_to_h38_MTD.txt,MTD,h3,h38,h3_to_h38,148.66,1.23,4.236,0,140,0.0
capture_test14_qos_h3_to_h38_MTD.txt,MTD,h3,h38,h3_to_h38,149.66,9.58,1.012,0,566,0.0
capture_test14_qos_h3_to_h38_MTD.txt,MTD,h3,h38,h3_to_h38,150.5,9.65,0.686,496,1328,37.34939759036144
capture_test14_qos_h3_to_h38_MTD.txt,MTD,h3,h38,h3_to_h38,151.5,9.63,0.917,0,831,0.0
capture_test14_qos_h3_to_h38_MTD.txt,MTD,h3,h38,h3_to_h38,152.5,9.7,0.975,0,837,0.0
capture_test14_qos_h3_to_h38_MTD.txt,MTD,h3,h38,h3_to_h38,153.5,9.12,1.069,0,787,0.0
capture_test14_qos_h3_to_h38_MTD.txt,MTD,h3,h38,h3_to_h38,154.655,3.97,1.488,0,450,0.0
capture_test14_qos_h3_to_h38_MTD.txt,MTD,h3,h38,h3_to_h38,155.815,0.218,11.101,0,19,0.0
capture_test14_qos_h3_to_h38_MTD.txt,MTD,h3,h38,h3_to_h38,156.66,9.38,1.21,0,549,0.0
capture_test14_qos_h3_to_h38_MTD.txt,MTD,h3,h38,h3_to_h38,157.5,9.63,0.985,0,830,0.0
capture_test14_qos_h3_to_h38_MTD.txt,MTD,h3,h38,h3_to_h38,158.5,9.62,1.353,0,831,0.0
capture_test14_qos_h3_to_h38_MTD.txt,MTD,h3,h38,h3_to_h38,159.5,4.48,3.482,0,387,0.0
capture_test14_qos_h3_to_h38_MTD.txt,MTD,h3,h38,h3_to_h38,160.655,1.21,1.84,0,137,0.0
capture_test14_qos_h3_to_h38_MTD.txt,MTD,h3,h38,h3_to_h38,161.655,9.0,1.897,0,536,0.0
capture_test14_qos_h3_to_h38_MTD.txt,MTD,h3,h38,h3_to_h38,162.67000000000002,5.53,12.982,195,833,23.409363745498197
capture_test14_qos_h3_to_h38_MTD.txt,MTD,h3,h38,h3_to_h38,163.825,3.2,2.14,0,270,0.0
capture_test14_qos_h3_to_h38_MTD.txt,MTD,h3,h38,h3_to_h38,164.655,9.09,2.84,0,539,0.0
capture_test14_qos_h3_to_h38_MTD.txt,MTD,h3,h38,h3_to_h38,165.5,9.59,1.134,385,1212,31.765676567656765
capture_test14_qos_h3_to_h38_MTD.txt,MTD,h3,h38,h3_to_h38,166.655,1.7,5.211,0,193,0.0
capture_test14_qos_h3_to_h38_MTD.txt,MTD,h3,h38,h3_to_h38,167.655,9.07,0.866,0,539,0.0
capture_test14_qos_h3_to_h38_MTD.txt,MTD,h3,h38,h3_to_h38,168.5,9.62,0.898,250,1081,23.12673450508788
capture_test14_qos_h3_to_h38_MTD.txt,MTD,h3,h38,h3_to_h38,169.5,9.64,1.156,0,832,0.0
capture_test14_qos_h3_to_h38_MTD.txt,MTD,h3,h38,h3_to_h38,170.655,6.87,16.86,0,774,0.0
capture_test14_qos_h3_to_h38_MTD.txt,MTD,h3,h38,h3_to_h38,171.655,9.41,1.227,0,564,0.0
capture_test14_qos_h3_to_h38_MTD.txt,MTD,h3,h38,h3_to_h38,172.5,9.64,0.949,0,833,0.0
capture_test14_qos_h3_to_h38_MTD.txt,MTD,h3,h38,h3_to_h38,173.5,7.27,1.184,0,627,0.0
capture_test14_qos_h3_to_h38_MTD.txt,MTD,h3,h38,h3_to_h38,174.5,7.57,1.248,0,654,0.0
capture_test14_qos_h3_to_h38_MTD.txt,MTD,h3,h38,h3_to_h38,175.5,6.99,0.949,0,602,0.0
capture_test14_qos_h3_to_h38_MTD.txt,MTD,h3,h38,h3_to_h38,176.5,7.01,1.445,0,605,0.0
capture_test14_qos_h3_to_h38_MTD.txt,MTD,h3,h38,h3_to_h38,177.5,7.0,0.924,0,606,0.0
capture_test14_qos_h3_to_h38_MTD.txt,MTD,h3,h38,h3_to_h38,178.5,6.99,1.151,0,603,0.0
capture_test14_qos_h3_to_h38_MTD.txt,MTD,h3,h38,h3_to_h38,179.5,6.99,1.34,0,604,0.0
capture_test14_qos_h3_to_h38_MTD.txt,MTD,h3,h38,h3_to_h38,180.5,7.01,0.973,0,604,0.0
capture_test14_qos_h3_to_h38_MTD.txt,MTD,h3,h38,h3_to_h38,181.5,7.01,0.564,0,605,0.0
capture_test14_qos_h3_to_h38_MTD.txt,MTD,h3,h38,h3_to_h38,182.5,7.0,0.957,0,604,0.0
capture_test14_qos_h3_to_h38_MTD.txt,MTD,h3,h38,h3_to_h38,183.5,7.0,1.501,0,604,0.0
capture_test14_qos_h3_to_h38_MTD.txt,MTD,h3,h38,h3_to_h38,184.5,7.0,1.375,0,604,0.0
capture_test14_qos_h3_to_h38_MTD.txt,MTD,h3,h38,h3_to_h38,185.5,7.0,0.992,0,605,0.0
capture_test14_qos_h3_to_h38_MTD.txt,MTD,h3,h38,h3_to_h38,186.5,7.0,0.903,0,604,0.0
capture_test14_qos_h3_to_h38_MTD.txt,MTD,h3,h38,h3_to_h38,187.5,6.99,1.144,0,604,0.0
capture_test14_qos_h3_to_h38_MTD.txt,MTD,h3,h38,h3_to_h38,188.5,7.01,0.803,0,605,0.0
capture_test14_qos_h3_to_h38_MTD.txt,MTD,h3,h38,h3_to_h38,189.5,6.99,2.199,0,605,0.0
capture_test14_qos_h3_to_h38_MTD.txt,MTD,h3,h38,h3_to_h38,190.5,7.0,1.708,0,603,0.0
capture_test14_qos_h3_to_h38_MTD.txt,MTD,h3,h38,h3_to_h38,191.5,7.0,1.529,0,604,0.0
capture_test14_qos_h3_to_h38_MTD.txt,MTD,h3,h38,h3_to_h38,192.5,7.0,1.316,0,604,0.0
capture_test14_qos_h3_to_h38_MTD.txt,MTD,h3,h38,h3_to_h38,193.5,6.98,1.102,0,603,0.0
capture_test14_qos_h3_to_h38_MTD.txt,MTD,h3,h38,h3_to_h38,194.5,7.04,0.898,0,607,0.0
capture_test14_qos_h3_to_h38_MTD.txt,MTD,h3,h38,h3_to_h38,195.5,6.98,1.143,0,603,0.0
capture_test14_qos_h3_to_h38_MTD.txt,MTD,h3,h38,h3_to_h38,196.5,7.01,0.789,0,604,0.0
capture_test14_qos_h3_to_h38_MTD.txt,MTD,h3,h38,h3_to_h38,197.5,7.0,1.242,0,604,0.0
capture_test14_qos_h3_to_h38_MTD.txt,MTD,h3,h38,h3_to_h38,198.5,6.98,1.298,0,603,0.0
capture_test14_qos_h3_to_h38_MTD.txt,MTD,h3,h38,h3_to_h38,199.5,7.02,1.673,0,606,0.0
capture_test14_qos_h3_to_h38_MTD.txt,MTD,h3,h38,h3_to_h38,200.5,6.98,1.501,0,603,0.0
capture_test14_qos_h3_to_h38_MTD.txt,MTD,h3,h38,h3_to_h38,201.5,6.99,0.7,0,605,0.0
capture_test14_qos_h3_to_h38_MTD.txt,MTD,h3,h38,h3_to_h38,202.5,7.04,0.905,0,607,0.0
capture_test14_qos_h3_to_h38_MTD.txt,MTD,h3,h38,h3_to_h38,203.5,6.97,1.094,0,602,0.0
capture_test14_qos_h3_to_h38_MTD.txt,MTD,h3,h38,h3_to_h38,204.5,7.01,1.184,0,605,0.0
capture_test14_qos_h3_to_h38_MTD.txt,MTD,h3,h38,h3_to_h38,205.65,1.98,1.58,0,222,0.0
capture_test14_qos_h3_to_h38_MTD.txt,MTD,h3,h38,h3_to_h38,206.8,0.497,6.605,0,43,0.0
capture_test14_qos_h3_to_h38_MTD.txt,MTD,h3,h38,h3_to_h38,207.79500000000002,0.572,8.71,0,49,0.0
capture_test14_qos_h3_to_h38_MTD.txt,MTD,h3,h38,h3_to_h38,208.64499999999998,8.73,1.188,0,533,0.0
capture_test14_qos_h3_to_h38_MTD.txt,MTD,h3,h38,h3_to_h38,209.5,9.57,0.85,679,1506,45.0863213811421
capture_test14_qos_h3_to_h38_MTD.txt,MTD,h3,h38,h3_to_h38,210.5,9.55,0.992,0,824,0.0
capture_test14_qos_h3_to_h38_MTD.txt,MTD,h3,h38,h3_to_h38,211.615,5.64,2.385,0,597,0.0
capture_test14_qos_h3_to_h38_MTD.txt,MTD,h3,h38,h3_to_h38,212.615,9.56,1.188,0,639,0.0
capture_test14_qos_h3_to_h38_MTD.txt,MTD,h3,h38,h3_to_h38,213.5,9.63,1.159,0,831,0.0
capture_test14_qos_h3_to_h38_MTD.txt,MTD,h3,h38,h3_to_h38,214.5,9.24,0.919,0,798,0.0
capture_test14_qos_h3_to_h38_MTD.txt,MTD,h3,h38,h3_to_h38,215.5,7.02,0.997,0,606,0.0
capture_test14_qos_h3_to_h38_MTD.txt,MTD,h3,h38,h3_to_h38,216.5,7.0,1.311,0,604,0.0
capture_test14_qos_h3_to_h38_MTD.txt,MTD,h3,h38,h3_to_h38,217.5,2.79,16.409,0,241,0.0
capture_test14_qos_h3_to_h38_MTD.txt,MTD,h3,h38,h3_to_h38,218.5,7.41,27.514,248,887,27.959413754227736
capture_test14_qos_h3_to_h38_MTD.txt,MTD,h3,h38,h3_to_h38,219.57999999999998,6.23,3.114,18446744073709551368,377,4.893035563318183e+18
capture_test14_qos_h3_to_h38_MTD.txt,MTD,h3,h38,h3_to_h38,220.57999999999998,9.35,0.993,0,677,0.0
capture_test14_qos_h3_to_h38_MTD.txt,MTD,h3,h38,h3_to_h38,221.5,9.62,1.085,0,830,0.0
capture_test14_qos_h3_to_h38_MTD.txt,MTD,h3,h38,h3_to_h38,222.5,7.25,0.772,0,626,0.0
capture_test14_qos_h3_to_h38_MTD.txt,MTD,h3,h38,h3_to_h38,223.5,2.02,0.871,0,174,0.0
capture_test14_qos_h3_to_h38_MTD.txt,MTD,h3,h38,h3_to_h38,224.5,6.28,1.209,0,542,0.0
capture_test14_qos_h3_to_h38_MTD.txt,MTD,h3,h38,h3_to_h38,225.5,5.05,1.146,0,436,0.0
capture_test14_qos_h3_to_h38_MTD.txt,MTD,h3,h38,h3_to_h38,226.64499999999998,4.37,25.028,0,486,0.0
capture_test14_qos_h3_to_h38_MTD.txt,MTD,h3,h38,h3_to_h38,227.79500000000002,0.319,5.454,0,28,0.0
capture_test14_qos_h3_to_h38_MTD.txt,MTD,h3,h38,h3_to_h38,228.78500000000003,0.741,2.507,0,62,0.0
capture_test14_qos_h3_to_h38_MTD.txt,MTD,h3,h38,h3_to_h38,229.77,4.19,32.171,0,360,0.0
capture_test14_qos_h3_to_h38_MTD.txt,MTD,h3,h38,h3_to_h38,230.775,0.49,31.347,0,44,0.0
capture_test14_qos_h3_to_h38_MTD.txt,MTD,h3,h38,h3_to_h38,231.64,9.05,9.273,0,559,0.0
capture_test14_qos_h3_to_h38_MTD.txt,MTD,h3,h38,h3_to_h38,232.64,5.03,2.874,1877,2431,77.2110242698478
capture_test14_qos_h3_to_h38_MTD.txt,MTD,h3,h38,h3_to_h38,233.64,9.57,0.761,0,599,0.0
capture_test14_qos_h3_to_h38_MTD.txt,MTD,h3,h38,h3_to_h38,234.5,9.64,0.687,80,911,8.781558726673985
capture_test14_qos_h3_to_h38_MTD.txt,MTD,h3,h38,h3_to_h38,235.5,9.42,0.82,0,814,0.0
capture_test14_qos_h3_to_h38_MTD.txt,MTD,h3,h38,h3_to_h38,236.64,3.54,35.784,0,391,0.0
capture_test14_qos_h3_to_h38_MTD.txt,MTD,h3,h38,h3_to_h38,237.775,0.642,2.469,0,55,0.0
capture_test14_qos_h3_to_h38_MTD.txt,MTD,h3,h38,h3_to_h38,238.775,0.85,38.05,0,74,0.0
capture_test14_qos_h3_to_h38_MTD.txt,MTD,h3,h38,h3_to_h38,239.64,1.95,1.514,0,121,0.0
capture_test14_qos_h3_to_h38_MTD.txt,MTD,h3,h38,h3_to_h38,240.5,6.47,1.237,0,559,0.0
capture_test14_qos_h3_to_h38_MTD.txt,MTD,h3,h38,h3_to_h38,241.64,5.14,22.765,1340,1907,70.26743576297851
capture_test14_qos_h3_to_h38_MTD.txt,MTD,h3,h38,h3_to_h38,242.64,7.93,0.935,0,494,0.0
capture_test14_qos_h3_to_h38_MTD.txt,MTD,h3,h38,h3_to_h38,243.635,0.502,1.845,0,55,0.0
capture_test14_qos_h3_to_h38_MTD.txt,MTD,h3,h38,h3_to_h38,244.77,0.372,9.466,0,32,0.0
capture_test14_qos_h3_to_h38_MTD.txt,MTD,h3,h38,h3_to_h38,245.635,8.76,1.117,89,645,13.798449612403102
capture_test14_qos_h3_to_h38_MTD.txt,MTD,h3,h38,h3_to_h38,246.5,3.26,10.605,0,281,0.0
capture_test14_qos_h3_to_h38_MTD.txt,MTD,h3,h38,h3_to_h38,247.635,0.448,5.904,0,49,0.0
capture_test14_qos_h3_to_h38_MTD.txt,MTD,h3,h38,h3_to_h38,248.77,5.7,1.166,1242,1734,71.62629757785467
capture_test14_qos_h3_to_h38_MTD.txt,MTD,h3,h38,h3_to_h38,249.635,9.55,2.792,910,1515,60.066006600660074
capture_test14_qos_h3_to_h38_MTD.txt,MTD,h3,h38,h3_to_h38,250.5,9.64,1.045,105,937,11.205976520811099
capture_test14_qos_h3_to_h38_MTD.txt,MTD,h3,h38,h3_to_h38,251.5,9.23,0.934,0,797,0.0
capture_test14_qos_h3_to_h38_MTD.txt,MTD,h3,h38,h3_to_h38,252.5,9.63,0.892,0,831,0.0
capture_test14_qos_h3_to_h38_MTD.txt,MTD,h3,h38,h3_to_h38,253.5,9.38,0.908,0,810,0.0
capture_test14_qos_h3_to_h38_MTD.txt,MTD,h3,h38,h3_to_h38,254.5,6.99,0.687,0,604,0.0
capture_test14_qos_h3_to_h38_MTD.txt,MTD,h3,h38,h3_to_h38,255.5,6.99,0.983,0,604,0.0
capture_test14_qos_h3_to_h38_MTD.txt,MTD,h3,h38,h3_to_h38,256.5,7.0,0.793,0,604,0.0
capture_test14_qos_h3_to_h38_MTD.txt,MTD,h3,h38,h3_to_h38,257.5,7.01,0.874,0,605,0.0
capture_test14_qos_h3_to_h38_MTD.txt,MTD,h3,h38,h3_to_h38,258.5,6.99,1.507,0,603,0.0
capture_test14_qos_h3_to_h38_MTD.txt,MTD,h3,h38,h3_to_h38,259.5,7.02,0.991,0,606,0.0
capture_test14_qos_h3_to_h38_MTD.txt,MTD,h3,h38,h3_to_h38,260.5,6.96,1.107,0,602,0.0
capture_test14_qos_h3_to_h38_MTD.txt,MTD,h3,h38,h3_to_h38,261.5,7.02,0.872,0,605,0.0
capture_test14_qos_h3_to_h38_MTD.txt,MTD,h3,h38,h3_to_h38,262.5,7.0,1.099,0,605,0.0
capture_test14_qos_h3_to_h38_MTD.txt,MTD,h3,h38,h3_to_h38,263.5,7.02,0.615,0,606,0.0
capture_test14_qos_h3_to_h38_MTD.txt,MTD,h3,h38,h3_to_h38,264.5,6.98,0.81,0,603,0.0
capture_test14_qos_h3_to_h38_MTD.txt,MTD,h3,h38,h3_to_h38,265.5,6.99,0.503,0,604,0.0
capture_test14_qos_h3_to_h38_MTD.txt,MTD,h3,h38,h3_to_h38,266.5,7.0,1.039,0,604,0.0
capture_test14_qos_h3_to_h38_MTD.txt,MTD,h3,h38,h3_to_h38,267.63,0.767,6.564,0,83,0.0
capture_test14_qos_h3_to_h38_MTD.txt,MTD,h3,h38,h3_to_h38,268.63,9.0,1.211,0,579,0.0
capture_test14_qos_h3_to_h38_MTD.txt,MTD,h3,h38,h3_to_h38,269.5,9.6,0.996,0,829,0.0
capture_test14_qos_h3_to_h38_MTD.txt,MTD,h3,h38,h3_to_h38,270.625,1.85,59.757,0,200,0.0
capture_test14_qos_h3_to_h38_MTD.txt,MTD,h3,h38,h3_to_h38,271.755,0.875,1.84,0,76,0.0
capture_test14_qos_h3_to_h38_MTD.txt,MTD,h3,h38,h3_to_h38,272.63,4.29,5.656,0,275,0.0
capture_test14_qos_h3_to_h38_MTD.txt,MTD,h3,h38,h3_to_h38,273.5,9.5,16.606,399,1219,32.73174733388023
capture_test14_qos_h3_to_h38_MTD.txt,MTD,h3,h38,h3_to_h38,274.5,6.5,0.986,224,786,28.498727735368956
capture_test14_qos_h3_to_h38_MTD.txt,MTD,h3,h38,h3_to_h38,275.5,9.6,1.227,0,829,0.0
capture_test14_qos_h3_to_h38_MTD.txt,MTD,h3,h38,h3_to_h38,276.5,9.66,0.948,0,833,0.0
capture_test14_qos_h3_to_h38_MTD.txt,MTD,h3,h38,h3_to_h38,277.5,9.65,0.959,0,834,0.0
capture_test14_qos_h3_to_h38_MTD.txt,MTD,h3,h38,h3_to_h38,278.5,8.22,0.722,0,709,0.0
capture_test14_qos_h3_to_h38_MTD.txt,MTD,h3,h38,h3_to_h38,279.5,6.99,1.442,0,604,0.0
capture_test14_qos_h3_to_h38_MTD.txt,MTD,h3,h38,h3_to_h38,280.5,6.99,1.771,0,603,0.0
capture_test14_qos_h3_to_h38_MTD.txt,MTD,h3,h38,h3_to_h38,281.5,6.65,1.899,0,574,0.0
capture_test14_qos_h3_to_h38_MTD.txt,MTD,h3,h38,h3_to_h38,282.5,5.55,1.328,0,479,0.0
capture_test14_qos_h3_to_h38_MTD.txt,MTD,h3,h38,h3_to_h38,283.5,7.12,1.575,0,615,0.0
capture_test14_qos_h3_to_h38_MTD.txt,MTD,h3,h38,h3_to_h38,284.5,8.7,0.418,0,751,0.0
capture_test14_qos_h3_to_h38_MTD.txt,MTD,h3,h38,h3_to_h38,285.5,7.0,0.878,0,604,0.0
capture_test14_qos_h3_to_h38_MTD.txt,MTD,h3,h38,h3_to_h38,286.5,7.01,0.558,0,606,0.0
capture_test14_qos_h3_to_h38_MTD.txt,MTD,h3,h38,h3_to_h38,287.5,6.97,0.818,0,601,0.0
capture_test14_qos_h3_to_h38_MTD.txt,MTD,h3,h38,h3_to_h38,288.5,7.02,0.637,0,606,0.0
capture_test14_qos_h3_to_h38_MTD.txt,MTD,h3,h38,h3_to_h38,289.635,0.659,60.085,0,72,0.0
capture_test14_qos_h3_to_h38_MTD.txt,MTD,h3,h38,h3_to_h38,290.635,9.25,1.28,0,587,0.0
capture_test14_qos_h3_to_h38_MTD.txt,MTD,h3,h38,h3_to_h38,291.5,9.64,0.949,0,832,0.0
capture_test14_qos_h3_to_h38_MTD.txt,MTD,h3,h38,h3_to_h38,292.5,9.61,1.069,0,830,0.0
capture_test14_qos_h3_to_h38_MTD.txt,MTD,h3,h38,h3_to_h38,293.5,8.08,0.867,0,697,0.0
capture_test14_qos_h3_to_h38_MTD.txt,MTD,h3,h38,h3_to_h38,294.5,7.03,1.321,0,607,0.0
capture_test14_qos_h3_to_h38_MTD.txt,MTD,h3,h38,h3_to_h38,295.5,7.0,1.167,0,604,0.0
capture_test14_qos_h3_to_h38_MTD.txt,MTD,h3,h38,h3_to_h38,296.5,7.0,1.084,0,605,0.0
capture_test14_qos_h3_to_h38_MTD.txt,MTD,h3,h38,h3_to_h38,297.5,6.98,1.052,0,603,0.0
capture_test14_qos_h3_to_h38_MTD.txt,MTD,h3,h38,h3_to_h38,298.5,7.03,0.534,0,606,0.0
capture_test14_qos_h3_to_h38_MTD.txt,MTD,h3,h38,h3_to_h38,299.5,7.0,0.7,0,605,0.0
capture_test14_qos_h3_to_h38_MTD.txt,MTD,h3,h38,h3_to_h38,300.065,6.77,1.126,0,77,0.0
capture_test11_qos_h39_to_h2_MTD.txt,MTD,h39,h2,h39_to_h2,0.505,2.6,1.449,0,228,0.0
capture_test11_qos_h39_to_h2_MTD.txt,MTD,h39,h2,h39_to_h2,1.505,9.24,1.531,0,786,0.0
capture_test11_qos_h39_to_h2_MTD.txt,MTD,h39,h2,h39_to_h2,2.5,8.51,1.487,0,734,0.0
capture_test11_qos_h39_to_h2_MTD.txt,MTD,h39,h2,h39_to_h2,3.5,6.13,1.332,0,529,0.0
capture_test11_qos_h39_to_h2_MTD.txt,MTD,h39,h2,h39_to_h2,4.5,7.87,0.552,0,679,0.0
capture_test11_qos_h39_to_h2_MTD.txt,MTD,h39,h2,h39_to_h2,5.5,7.01,0.721,0,605,0.0
capture_test11_qos_h39_to_h2_MTD.txt,MTD,h39,h2,h39_to_h2,6.5,6.96,1.13,0,602,0.0
capture_test11_qos_h39_to_h2_MTD.txt,MTD,h39,h2,h39_to_h2,7.5,7.02,1.192,0,606,0.0
capture_test11_qos_h39_to_h2_MTD.txt,MTD,h39,h2,h39_to_h2,8.5,6.97,1.299,0,601,0.0
capture_test11_qos_h39_to_h2_MTD.txt,MTD,h39,h2,h39_to_h2,9.5,7.02,1.087,0,607,0.0
capture_test11_qos_h39_to_h2_MTD.txt,MTD,h39,h2,h39_to_h2,10.5,7.01,1.127,0,605,0.0
capture_test11_qos_h39_to_h2_MTD.txt,MTD,h39,h2,h39_to_h2,11.5,6.97,1.737,0,602,0.0
capture_test11_qos_h39_to_h2_MTD.txt,MTD,h39,h2,h39_to_h2,12.5,7.0,1.512,0,605,0.0
capture_test11_qos_h39_to_h2_MTD.txt,MTD,h39,h2,h39_to_h2,13.5,7.0,1.228,0,603,0.0
capture_test11_qos_h39_to_h2_MTD.txt,MTD,h39,h2,h39_to_h2,14.5,6.55,0.921,0,565,0.0
capture_test11_qos_h39_to_h2_MTD.txt,MTD,h39,h2,h39_to_h2,15.5,7.48,0.992,0,646,0.0
capture_test11_qos_h39_to_h2_MTD.txt,MTD,h39,h2,h39_to_h2,16.5,7.0,1.058,0,604,0.0
capture_test11_qos_h39_to_h2_MTD.txt,MTD,h39,h2,h39_to_h2,17.5,7.0,1.035,0,604,0.0
capture_test11_qos_h39_to_h2_MTD.txt,MTD,h39,h2,h39_to_h2,18.5,7.02,0.705,0,606,0.0
capture_test11_qos_h39_to_h2_MTD.txt,MTD,h39,h2,h39_to_h2,19.5,6.98,1.089,0,603,0.0
capture_test11_qos_h39_to_h2_MTD.txt,MTD,h39,h2,h39_to_h2,20.5,7.01,0.64,0,605,0.0
capture_test11_qos_h39_to_h2_MTD.txt,MTD,h39,h2,h39_to_h2,21.5,6.99,0.791,0,603,0.0
capture_test11_qos_h39_to_h2_MTD.txt,MTD,h39,h2,h39_to_h2,22.53,0.535,33.414,0,49,0.0
capture_test11_qos_h39_to_h2_MTD.txt,MTD,h39,h2,h39_to_h2,23.53,9.21,0.811,0,746,0.0
capture_test11_qos_h39_to_h2_MTD.txt,MTD,h39,h2,h39_to_h2,24.5,9.62,0.966,0,831,0.0
capture_test11_qos_h39_to_h2_MTD.txt,MTD,h39,h2,h39_to_h2,25.525,3.67,1.664,0,333,0.0
capture_test11_qos_h39_to_h2_MTD.txt,MTD,h39,h2,h39_to_h2,26.525,9.5,1.241,0,779,0.0
capture_test11_qos_h39_to_h2_MTD.txt,MTD,h39,h2,h39_to_h2,27.525,0.717,37.969,0,65,0.0
capture_test11_qos_h39_to_h2_MTD.txt,MTD,h39,h2,h39_to_h2,28.555,7.24,11.225,0,630,0.0
capture_test11_qos_h39_to_h2_MTD.txt,MTD,h39,h2,h39_to_h2,29.549999999999997,0.518,1.822,0,44,0.0
capture_test11_qos_h39_to_h2_MTD.txt,MTD,h39,h2,h39_to_h2,30.545,5.57,0.966,0,483,0.0
capture_test11_qos_h39_to_h2_MTD.txt,MTD,h39,h2,h39_to_h2,31.555,1.87,1.415,0,163,0.0
capture_test11_qos_h39_to_h2_MTD.txt,MTD,h39,h2,h39_to_h2,32.555,0.895,3.096,0,77,0.0
capture_test11_qos_h39_to_h2_MTD.txt,MTD,h39,h2,h39_to_h2,33.525,9.36,1.348,371,1135,32.68722466960352
capture_test11_qos_h39_to_h2_MTD.txt,MTD,h39,h2,h39_to_h2,34.525,6.29,3.128,1110,1679,66.11078022632519
capture_test11_qos_h39_to_h2_MTD.txt,MTD,h39,h2,h39_to_h2,35.55,0.313,4.464,0,27,0.0
capture_test11_qos_h39_to_h2_MTD.txt,MTD,h39,h2,h39_to_h2,36.525,9.37,1.926,0,770,0.0
capture_test11_qos_h39_to_h2_MTD.txt,MTD,h39,h2,h39_to_h2,37.5,5.78,1.104,437,936,46.68803418803419
capture_test11_qos_h39_to_h2_MTD.txt,MTD,h39,h2,h39_to_h2,38.5,9.57,1.405,0,826,0.0
capture_test11_qos_h39_to_h2_MTD.txt,MTD,h39,h2,h39_to_h2,39.5,9.57,0.978,0,826,0.0
capture_test11_qos_h39_to_h2_MTD.txt,MTD,h39,h2,h39_to_h2,40.5,9.6,1.03,0,829,0.0
capture_test11_qos_h39_to_h2_MTD.txt,MTD,h39,h2,h39_to_h2,41.5,9.59,0.936,0,828,0.0
capture_test11_qos_h39_to_h2_MTD.txt,MTD,h39,h2,h39_to_h2,42.5,7.35,1.633,0,635,0.0
capture_test11_qos_h39_to_h2_MTD.txt,MTD,h39,h2,h39_to_h2,43.5,7.01,0.739,0,605,0.0
capture_test11_qos_h39_to_h2_MTD.txt,MTD,h39,h2,h39_to_h2,44.5,6.99,0.863,0,603,0.0
capture_test11_qos_h39_to_h2_MTD.txt,MTD,h39,h2,h39_to_h2,45.5,7.0,0.723,0,604,0.0
capture_test11_qos_h39_to_h2_MTD.txt,MTD,h39,h2,h39_to_h2,46.5,7.0,1.299,0,604,0.0
capture_test11_qos_h39_to_h2_MTD.txt,MTD,h39,h2,h39_to_h2,47.5,7.01,0.557,0,605,0.0
capture_test11_qos_h39_to_h2_MTD.txt,MTD,h39,h2,h39_to_h2,48.525,0.638,1.83,0,58,0.0
capture_test11_qos_h39_to_h2_MTD.txt,MTD,h39,h2,h39_to_h2,49.525,5.03,1.236,0,411,0.0
capture_test11_qos_h39_to_h2_MTD.txt,MTD,h39,h2,h39_to_h2,50.5,9.54,1.014,0,824,0.0
capture_test11_qos_h39_to_h2_MTD.txt,MTD,h39,h2,h39_to_h2,51.535,7.06,16.321,0,651,0.0
capture_test11_qos_h39_to_h2_MTD.txt,MTD,h39,h2,h39_to_h2,52.535,9.44,0.882,0,761,0.0
capture_test11_qos_h39_to_h2_MTD.txt,MTD,h39,h2,h39_to_h2,53.5,9.45,1.238,0,814,0.0
capture_test11_qos_h39_to_h2_MTD.txt,MTD,h39,h2,h39_to_h2,54.5,8.24,1.077,0,712,0.0
capture_test11_qos_h39_to_h2_MTD.txt,MTD,h39,h2,h39_to_h2,55.5,7.0,0.86,0,604,0.0
capture_test11_qos_h39_to_h2_MTD.txt,MTD,h39,h2,h39_to_h2,56.5,6.99,1.208,0,603,0.0
capture_test11_qos_h39_to_h2_MTD.txt,MTD,h39,h2,h39_to_h2,57.5,7.0,1.118,0,604,0.0
capture_test11_qos_h39_to_h2_MTD.txt,MTD,h39,h2,h39_to_h2,58.5,7.01,1.152,0,605,0.0
capture_test11_qos_h39_to_h2_MTD.txt,MTD,h39,h2,h39_to_h2,59.5,6.98,0.911,0,602,0.0
capture_test11_qos_h39_to_h2_MTD.txt,MTD,h39,h2,h39_to_h2,60.5,7.01,1.175,0,606,0.0
capture_test11_qos_h39_to_h2_MTD.txt,MTD,h39,h2,h39_to_h2,61.535,2.16,33.012,0,200,0.0
capture_test11_qos_h39_to_h2_MTD.txt,MTD,h39,h2,h39_to_h2,62.535,8.9,1.231,0,713,0.0
capture_test11_qos_h39_to_h2_MTD.txt,MTD,h39,h2,h39_to_h2,63.5,9.41,1.298,0,812,0.0
capture_test11_qos_h39_to_h2_MTD.txt,MTD,h39,h2,h39_to_h2,64.5,7.99,1.876,0,690,0.0
capture_test11_qos_h39_to_h2_MTD.txt,MTD,h39,h2,h39_to_h2,65.505,6.97,1.827,0,606,0.0
capture_test11_qos_h39_to_h2_MTD.txt,MTD,h39,h2,h39_to_h2,66.505,7.08,0.776,0,607,0.0
capture_test11_qos_h39_to_h2_MTD.txt,MTD,h39,h2,h39_to_h2,67.5,6.97,1.0,0,603,0.0
capture_test11_qos_h39_to_h2_MTD.txt,MTD,h39,h2,h39_to_h2,68.5,7.02,0.998,0,605,0.0
capture_test11_qos_h39_to_h2_MTD.txt,MTD,h39,h2,h39_to_h2,69.5,6.99,0.857,0,603,0.0
capture_test11_qos_h39_to_h2_MTD.txt,MTD,h39,h2,h39_to_h2,70.5,7.0,0.966,0,604,0.0
capture_test11_qos_h39_to_h2_MTD.txt,MTD,h39,h2,h39_to_h2,71.5,6.99,1.137,0,604,0.0
capture_test11_qos_h39_to_h2_MTD.txt,MTD,h39,h2,h39_to_h2,72.5,7.01,1.102,0,605,0.0
capture_test11_qos_h39_to_h2_MTD.txt,MTD,h39,h2,h39_to_h2,73.5,7.01,0.966,0,605,0.0
capture_test11_qos_h39_to_h2_MTD.txt,MTD,h39,h2,h39_to_h2,74.5,6.97,1.223,0,602,0.0
capture_test11_qos_h39_to_h2_MTD.txt,MTD,h39,h2,h39_to_h2,75.535,4.47,1.294,0,411,0.0
capture_test11_qos_h39_to_h2_MTD.txt,MTD,h39,h2,h39_to_h2,76.57499999999999,0.402,4.888,0,35,0.0
capture_test11_qos_h39_to_h2_MTD.txt,MTD,h39,h2,h39_to_h2,77.53999999999999,9.08,1.204,0,724,0.0
capture_test11_qos_h39_to_h2_MTD.txt,MTD,h39,h2,h39_to_h2,78.5,9.62,0.839,0,831,0.0
capture_test11_qos_h39_to_h2_MTD.txt,MTD,h39,h2,h39_to_h2,79.5,9.62,0.654,0,830,0.0
capture_test11_qos_h39_to_h2_MTD.txt,MTD,h39,h2,h39_to_h2,80.5,9.22,1.332,0,796,0.0
capture_test11_qos_h39_to_h2_MTD.txt,MTD,h39,h2,h39_to_h2,81.5,7.02,0.87,0,606,0.0
capture_test11_qos_h39_to_h2_MTD.txt,MTD,h39,h2,h39_to_h2,82.525,1.18,0.976,0,107,0.0
capture_test11_qos_h39_to_h2_MTD.txt,MTD,h39,h2,h39_to_h2,83.525,8.51,0.993,0,700,0.0
capture_test11_qos_h39_to_h2_MTD.txt,MTD,h39,h2,h39_to_h2,84.5,9.61,0.774,0,830,0.0
capture_test11_qos_h39_to_h2_MTD.txt,MTD,h39,h2,h39_to_h2,85.5,5.83,394.708,135,639,21.12676056338028
capture_test11_qos_h39_to_h2_MTD.txt,MTD,h39,h2,h39_to_h2,86.535,3.82,710.353,18446744073709551521,257,7.17772142945897e+18
capture_test11_qos_h39_to_h2_MTD.txt,MTD,h39,h2,h39_to_h2,87.535,4.88,1.195,18446744073709551576,352,5.240552293667487e+18
capture_test11_qos_h39_to_h2_MTD.txt,MTD,h39,h2,h39_to_h2,88.5,9.59,1.557,0,827,0.0
capture_test11_qos_h39_to_h2_MTD.txt,MTD,h39,h2,h39_to_h2,89.5,9.58,0.941,0,827,0.0
capture_test11_qos_h39_to_h2_MTD.txt,MTD,h39,h2,h39_to_h2,90.5,5.4,1.374,0,466,0.0
capture_test11_qos_h39_to_h2_MTD.txt,MTD,h39,h2,h39_to_h2,91.5,9.53,1.049,0,823,0.0
capture_test11_qos_h39_to_h2_MTD.txt,MTD,h39,h2,h39_to_h2,92.5,9.41,1.096,0,812,0.0
capture_test11_qos_h39_to_h2_MTD.txt,MTD,h39,h2,h39_to_h2,93.5,6.98,1.063,0,603,0.0
capture_test11_qos_h39_to_h2_MTD.txt,MTD,h39,h2,h39_to_h2,94.5,5.03,1.268,0,434,0.0
capture_test11_qos_h39_to_h2_MTD.txt,MTD,h39,h2,h39_to_h2,95.535,2.33,2.115,0,216,0.0
capture_test11_qos_h39_to_h2_MTD.txt,MTD,h39,h2,h39_to_h2,96.58,0.81,1.931,0,71,0.0
capture_test11_qos_h39_to_h2_MTD.txt,MTD,h39,h2,h39_to_h2,97.6,1.19,41.197,0,105,0.0
capture_test11_qos_h39_to_h2_MTD.txt,MTD,h39,h2,h39_to_h2,98.555,9.36,1.195,0,718,0.0
capture_test11_qos_h39_to_h2_MTD.txt,MTD,h39,h2,h39_to_h2,99.5,9.64,0.983,648,1480,43.78378378378379
capture_test11_qos_h39_to_h2_MTD.txt,MTD,h39,h2,h39_to_h2,100.5,9.62,0.842,0,830,0.0
capture_test11_qos_h39_to_h2_MTD.txt,MTD,h39,h2,h39_to_h2,101.53999999999999,8.49,1.351,0,791,0.0
capture_test11_qos_h39_to_h2_MTD.txt,MTD,h39,h2,h39_to_h2,102.58,0.196,4.083,0,17,0.0
capture_test11_qos_h39_to_h2_MTD.txt,MTD,h39,h2,h39_to_h2,103.595,0.633,42.712,0,56,0.0
capture_test11_qos_h39_to_h2_MTD.txt,MTD,h39,h2,h39_to_h2,104.555,8.8,1.173,0,677,0.0
capture_test11_qos_h39_to_h2_MTD.txt,MTD,h39,h2,h39_to_h2,105.5,9.51,0.916,417,1238,33.68336025848142
capture_test11_qos_h39_to_h2_MTD.txt,MTD,h39,h2,h39_to_h2,106.5,9.27,1.158,0,800,0.0
capture_test11_qos_h39_to_h2_MTD.txt,MTD,h39,h2,h39_to_h2,107.5,9.62,1.14,0,831,0.0
capture_test11_qos_h39_to_h2_MTD.txt,MTD,h39,h2,h39_to_h2,108.5,9.29,1.057,0,801,0.0
capture_test11_qos_h39_to_h2_MTD.txt,MTD,h39,h2,h39_to_h2,109.5,7.01,0.582,0,605,0.0
capture_test11_qos_h39_to_h2_MTD.txt,MTD,h39,h2,h39_to_h2,110.5,6.98,0.798,0,603,0.0
capture_test11_qos_h39_to_h2_MTD.txt,MTD,h39,h2,h39_to_h2,111.5,7.01,1.176,0,605,0.0
capture_test11_qos_h39_to_h2_MTD.txt,MTD,h39,h2,h39_to_h2,112.5,7.0,0.736,0,604,0.0
capture_test11_qos_h39_to_h2_MTD.txt,MTD,h39,h2,h39_to_h2,113.5,7.01,0.495,0,607,0.0
capture_test11_qos_h39_to_h2_MTD.txt,MTD,h39,h2,h39_to_h2,114.5,7.0,0.589,0,603,0.0
capture_test11_qos_h39_to_h2_MTD.txt,MTD,h39,h2,h39_to_h2,115.5,6.95,1.342,0,599,0.0
capture_test11_qos_h39_to_h2_MTD.txt,MTD,h39,h2,h39_to_h2,116.55,5.93,1.709,0,565,0.0
capture_test11_qos_h39_to_h2_MTD.txt,MTD,h39,h2,h39_to_h2,117.6,7.22,1.376,0,622,0.0
capture_test11_qos_h39_to_h2_MTD.txt,MTD,h39,h2,h39_to_h2,118.55,0.155,5.928,0,12,0.0
capture_test11_qos_h39_to_h2_MTD.txt,MTD,h39,h2,h39_to_h2,119.555,0.707,51.311,0,68,0.0
capture_test11_qos_h39_to_h2_MTD.txt,MTD,h39,h2,h39_to_h2,120.61,6.96,1.353,0,595,0.0
capture_test11_qos_h39_to_h2_MTD.txt,MTD,h39,h2,h39_to_h2,121.61,0.311,4.549,0,27,0.0
capture_test11_qos_h39_to_h2_MTD.txt,MTD,h39,h2,h39_to_h2,122.61,1.13,2.15,0,97,0.0
capture_test11_qos_h39_to_h2_MTD.txt,MTD,h39,h2,h39_to_h2,123.555,1.9,1.35,0,147,0.0
capture_test11_qos_h39_to_h2_MTD.txt,MTD,h39,h2,h39_to_h2,124.5,7.85,1.934,218,896,24.330357142857142
capture_test11_qos_h39_to_h2_MTD.txt,MTD,h39,h2,h39_to_h2,125.5,9.37,1.328,1543,2352,65.60374149659864
capture_test11_qos_h39_to_h2_MTD.txt,MTD,h39,h2,h39_to_h2,126.5,8.56,2.039,0,739,0.0
capture_test11_qos_h39_to_h2_MTD.txt,MTD,h39,h2,h39_to_h2,127.5,9.59,0.848,0,828,0.0
capture_test11_qos_h39_to_h2_MTD.txt,MTD,h39,h2,h39_to_h2,128.5,9.55,1.037,0,825,0.0
capture_test11_qos_h39_to_h2_MTD.txt,MTD,h39,h2,h39_to_h2,129.5,8.0,0.893,0,690,0.0
capture_test11_qos_h39_to_h2_MTD.txt,MTD,h39,h2,h39_to_h2,130.5,7.01,1.153,0,605,0.0
capture_test11_qos_h39_to_h2_MTD.txt,MTD,h39,h2,h39_to_h2,131.5,7.01,0.978,0,605,0.0
capture_test11_qos_h39_to_h2_MTD.txt,MTD,h39,h2,h39_to_h2,132.5,6.98,1.115,0,602,0.0
capture_test11_qos_h39_to_h2_MTD.txt,MTD,h39,h2,h39_to_h2,133.56,4.41,24.019,0,426,0.0
capture_test11_qos_h39_to_h2_MTD.txt,MTD,h39,h2,h39_to_h2,134.56,8.68,1.073,0,660,0.0
capture_test11_qos_h39_to_h2_MTD.txt,MTD,h39,h2,h39_to_h2,135.5,8.42,1.115,0,727,0.0
capture_test11_qos_h39_to_h2_MTD.txt,MTD,h39,h2,h39_to_h2,136.5,7.0,0.972,0,605,0.0
capture_test11_qos_h39_to_h2_MTD.txt,MTD,h39,h2,h39_to_h2,137.5,6.98,1.262,0,602,0.0
capture_test11_qos_h39_to_h2_MTD.txt,MTD,h39,h2,h39_to_h2,138.5,7.05,1.03,0,609,0.0
capture_test11_qos_h39_to_h2_MTD.txt,MTD,h39,h2,h39_to_h2,139.5,6.99,0.813,0,603,0.0
capture_test11_qos_h39_to_h2_MTD.txt,MTD,h39,h2,h39_to_h2,140.5,6.98,1.057,0,603,0.0
capture_test11_qos_h39_to_h2_MTD.txt,MTD,h39,h2,h39_to_h2,141.5,7.01,0.87,0,605,0.0
capture_test11_qos_h39_to_h2_MTD.txt,MTD,h39,h2,h39_to_h2,142.5,7.01,1.131,0,604,0.0
capture_test11_qos_h39_to_h2_MTD.txt,MTD,h39,h2,h39_to_h2,143.5,7.0,0.639,0,605,0.0
capture_test11_qos_h39_to_h2_MTD.txt,MTD,h39,h2,h39_to_h2,144.5,7.01,0.8,0,605,0.0
capture_test11_qos_h39_to_h2_MTD.txt,MTD,h39,h2,h39_to_h2,145.5,6.99,0.731,0,604,0.0
capture_test11_qos_h39_to_h2_MTD.txt,MTD,h39,h2,h39_to_h2,146.5,7.0,0.809,0,603,0.0
capture_test11_qos_h39_to_h2_MTD.txt,MTD,h39,h2,h39_to_h2,147.5,7.0,0.723,0,605,0.0
capture_test11_qos_h39_to_h2_MTD.txt,MTD,h39,h2,h39_to_h2,148.5,7.0,1.186,0,604,0.0
capture_test11_qos_h39_to_h2_MTD.txt,MTD,h39,h2,h39_to_h2,149.5,7.01,1.126,0,605,0.0
capture_test11_qos_h39_to_h2_MTD.txt,MTD,h39,h2,h39_to_h2,150.575,3.44,27.661,0,341,0.0
capture_test11_qos_h39_to_h2_MTD.txt,MTD,h39,h2,h39_to_h2,151.65,7.04,1.664,0,606,0.0
capture_test11_qos_h39_to_h2_MTD.txt,MTD,h39,h2,h39_to_h2,152.575,5.77,61.587,121,547,22.120658135283364
capture_test11_qos_h39_to_h2_MTD.txt,MTD,h39,h2,h39_to_h2,153.57,3.61,3.571,18446744073709551495,235,7.849678329238107e+18
capture_test11_qos_h39_to_h2_MTD.txt,MTD,h39,h2,h39_to_h2,154.57,9.06,1.175,0,671,0.0
capture_test11_qos_h39_to_h2_MTD.txt,MTD,h39,h2,h39_to_h2,155.5,8.19,0.896,0,707,0.0
capture_test11_qos_h39_to_h2_MTD.txt,MTD,h39,h2,h39_to_h2,156.5,9.61,0.939,0,829,0.0
capture_test11_qos_h39_to_h2_MTD.txt,MTD,h39,h2,h39_to_h2,157.5,9.67,0.952,0,835,0.0
capture_test11_qos_h39_to_h2_MTD.txt,MTD,h39,h2,h39_to_h2,158.5,7.78,0.597,0,672,0.0
capture_test11_qos_h39_to_h2_MTD.txt,MTD,h39,h2,h39_to_h2,159.5,7.02,0.985,0,606,0.0
capture_test11_qos_h39_to_h2_MTD.txt,MTD,h39,h2,h39_to_h2,160.5,7.0,1.043,0,604,0.0
capture_test11_qos_h39_to_h2_MTD.txt,MTD,h39,h2,h39_to_h2,161.5,7.01,1.005,0,605,0.0
capture_test11_qos_h39_to_h2_MTD.txt,MTD,h39,h2,h39_to_h2,162.5,6.96,1.178,0,601,0.0
capture_test11_qos_h39_to_h2_MTD.txt,MTD,h39,h2,h39_to_h2,163.5,7.04,1.167,0,608,0.0
capture_test11_qos_h39_to_h2_MTD.txt,MTD,h39,h2,h39_to_h2,164.5,6.97,0.848,0,601,0.0
capture_test11_qos_h39_to_h2_MTD.txt,MTD,h39,h2,h39_to_h2,165.5,7.0,1.278,0,605,0.0
capture_test11_qos_h39_to_h2_MTD.txt,MTD,h39,h2,h39_to_h2,166.5,7.03,0.948,0,606,0.0
capture_test11_qos_h39_to_h2_MTD.txt,MTD,h39,h2,h39_to_h2,167.5,7.01,0.782,0,605,0.0
capture_test11_qos_h39_to_h2_MTD.txt,MTD,h39,h2,h39_to_h2,168.5,6.98,1.447,0,603,0.0
capture_test11_qos_h39_to_h2_MTD.txt,MTD,h39,h2,h39_to_h2,169.5,7.01,0.996,0,605,0.0
capture_test11_qos_h39_to_h2_MTD.txt,MTD,h39,h2,h39_to_h2,170.5,6.99,0.58,0,604,0.0
capture_test11_qos_h39_to_h2_MTD.txt,MTD,h39,h2,h39_to_h2,171.5,7.0,0.776,0,604,0.0
capture_test11_qos_h39_to_h2_MTD.txt,MTD,h39,h2,h39_to_h2,172.5,7.0,1.169,0,605,0.0
capture_test11_qos_h39_to_h2_MTD.txt,MTD,h39,h2,h39_to_h2,173.5,7.0,1.209,0,604,0.0
capture_test11_qos_h39_to_h2_MTD.txt,MTD,h39,h2,h39_to_h2,174.54000000000002,6.23,2.32,0,579,0.0
capture_test11_qos_h39_to_h2_MTD.txt,MTD,h39,h2,h39_to_h2,175.54000000000002,7.89,0.866,0,629,0.0
capture_test11_qos_h39_to_h2_MTD.txt,MTD,h39,h2,h39_to_h2,176.5,7.0,1.38,0,605,0.0
capture_test11_qos_h39_to_h2_MTD.txt,MTD,h39,h2,h39_to_h2,177.5,6.99,1.069,0,603,0.0
capture_test11_qos_h39_to_h2_MTD.txt,MTD,h39,h2,h39_to_h2,178.5,7.02,1.061,0,605,0.0
capture_test11_qos_h39_to_h2_MTD.txt,MTD,h39,h2,h39_to_h2,179.5,6.99,0.968,0,603,0.0
capture_test11_qos_h39_to_h2_MTD.txt,MTD,h39,h2,h39_to_h2,180.5,7.02,0.946,0,606,0.0
capture_test11_qos_h39_to_h2_MTD.txt,MTD,h39,h2,h39_to_h2,181.5,6.99,1.02,0,603,0.0
capture_test11_qos_h39_to_h2_MTD.txt,MTD,h39,h2,h39_to_h2,182.5,7.01,0.722,0,605,0.0
capture_test11_qos_h39_to_h2_MTD.txt,MTD,h39,h2,h39_to_h2,183.5,7.01,0.921,0,605,0.0
capture_test11_qos_h39_to_h2_MTD.txt,MTD,h39,h2,h39_to_h2,184.5,7.01,0.822,0,605,0.0
capture_test11_qos_h39_to_h2_MTD.txt,MTD,h39,h2,h39_to_h2,185.5,4.19,1.026,0,362,0.0
capture_test11_qos_h39_to_h2_MTD.txt,MTD,h39,h2,h39_to_h2,186.5,4.73,4.387,0,410,0.0
capture_test11_qos_h39_to_h2_MTD.txt,MTD,h39,h2,h39_to_h2,187.5,4.9,1.188,0,422,0.0
capture_test11_qos_h39_to_h2_MTD.txt,MTD,h39,h2,h39_to_h2,188.5,9.11,2.95,0,786,0.0
capture_test11_qos_h39_to_h2_MTD.txt,MTD,h39,h2,h39_to_h2,189.5,9.63,1.267,0,831,0.0
capture_test11_qos_h39_to_h2_MTD.txt,MTD,h39,h2,h39_to_h2,190.5,9.42,0.686,0,814,0.0
capture_test11_qos_h39_to_h2_MTD.txt,MTD,h39,h2,h39_to_h2,191.5,6.98,1.108,0,603,0.0
capture_test11_qos_h39_to_h2_MTD.txt,MTD,h39,h2,h39_to_h2,192.5,7.01,0.816,0,605,0.0
capture_test11_qos_h39_to_h2_MTD.txt,MTD,h39,h2,h39_to_h2,193.5,7.0,0.997,0,604,0.0
capture_test11_qos_h39_to_h2_MTD.txt,MTD,h39,h2,h39_to_h2,194.5,6.97,0.869,0,602,0.0
capture_test11_qos_h39_to_h2_MTD.txt,MTD,h39,h2,h39_to_h2,195.5,7.01,1.301,0,606,0.0
capture_test11_qos_h39_to_h2_MTD.txt,MTD,h39,h2,h39_to_h2,196.5,7.01,0.953,0,605,0.0
capture_test11_qos_h39_to_h2_MTD.txt,MTD,h39,h2,h39_to_h2,197.5,6.99,0.698,0,604,0.0
capture_test11_qos_h39_to_h2_MTD.txt,MTD,h39,h2,h39_to_h2,198.5,7.01,0.89,0,605,0.0
capture_test11_qos_h39_to_h2_MTD.txt,MTD,h39,h2,h39_to_h2,199.5,7.0,1.065,0,604,0.0
capture_test11_qos_h39_to_h2_MTD.txt,MTD,h39,h2,h39_to_h2,200.5,6.99,0.938,0,604,0.0
capture_test11_qos_h39_to_h2_MTD.txt,MTD,h39,h2,h39_to_h2,201.5,7.01,0.803,0,605,0.0
capture_test11_qos_h39_to_h2_MTD.txt,MTD,h39,h2,h39_to_h2,202.5,6.98,1.147,0,603,0.0
capture_test11_qos_h39_to_h2_MTD.txt,MTD,h39,h2,h39_to_h2,203.5,7.01,0.893,0,605,0.0
capture_test11_qos_h39_to_h2_MTD.txt,MTD,h39,h2,h39_to_h2,204.5,6.98,1.014,0,603,0.0
capture_test11_qos_h39_to_h2_MTD.txt,MTD,h39,h2,h39_to_h2,205.59,2.61,1.141,0,265,0.0
capture_test11_qos_h39_to_h2_MTD.txt,MTD,h39,h2,h39_to_h2,206.68,0.474,78.014,0,41,0.0
capture_test11_qos_h39_to_h2_MTD.txt,MTD,h39,h2,h39_to_h2,207.685,1.53,1.706,0,133,0.0
capture_test11_qos_h39_to_h2_MTD.txt,MTD,h39,h2,h39_to_h2,208.595,9.48,1.19,0,668,0.0
capture_test11_qos_h39_to_h2_MTD.txt,MTD,h39,h2,h39_to_h2,209.595,5.94,0.968,478,1085,44.055299539170505
capture_test11_qos_h39_to_h2_MTD.txt,MTD,h39,h2,h39_to_h2,210.69,0.753,54.853,0,65,0.0
capture_test11_qos_h39_to_h2_MTD.txt,MTD,h39,h2,h39_to_h2,211.595,9.44,7.904,0,664,0.0
capture_test11_qos_h39_to_h2_MTD.txt,MTD,h39,h2,h39_to_h2,212.5,9.6,1.373,472,1301,36.27978478093774
capture_test11_qos_h39_to_h2_MTD.txt,MTD,h39,h2,h39_to_h2,213.5,7.54,5.192,0,651,0.0
capture_test11_qos_h39_to_h2_MTD.txt,MTD,h39,h2,h39_to_h2,214.595,0.722,233.341,309,383,80.67885117493474
capture_test11_qos_h39_to_h2_MTD.txt,MTD,h39,h2,h39_to_h2,215.595,8.8,685.054,18446744073709551468,469,3.9332076916225055e+18
capture_test11_qos_h39_to_h2_MTD.txt,MTD,h39,h2,h39_to_h2,216.5,9.17,1.265,18446744073709551455,630,2.928054614874532e+18
capture_test11_qos_h39_to_h2_MTD.txt,MTD,h39,h2,h39_to_h2,217.5,9.21,1.618,0,795,0.0
capture_test11_qos_h39_to_h2_MTD.txt,MTD,h39,h2,h39_to_h2,218.5,9.66,1.13,0,834,0.0
capture_test11_qos_h39_to_h2_MTD.txt,MTD,h39,h2,h39_to_h2,219.5,9.44,1.104,0,815,0.0
capture_test11_qos_h39_to_h2_MTD.txt,MTD,h39,h2,h39_to_h2,220.595,0.796,50.184,0,82,0.0
capture_test11_qos_h39_to_h2_MTD.txt,MTD,h39,h2,h39_to_h2,221.595,9.46,1.187,0,659,0.0
capture_test11_qos_h39_to_h2_MTD.txt,MTD,h39,h2,h39_to_h2,222.6,7.56,1.16,0,781,0.0
capture_test11_qos_h39_to_h2_MTD.txt,MTD,h39,h2,h39_to_h2,223.69,7.46,10.453,0,635,0.0
capture_test11_qos_h39_to_h2_MTD.txt,MTD,h39,h2,h39_to_h2,224.59,9.61,1.412,0,677,0.0
capture_test11_qos_h39_to_h2_MTD.txt,MTD,h39,h2,h39_to_h2,225.5,9.63,1.265,0,832,0.0
capture_test11_qos_h39_to_h2_MTD.txt,MTD,h39,h2,h39_to_h2,226.5,9.56,0.885,0,824,0.0
capture_test11_qos_h39_to_h2_MTD.txt,MTD,h39,h2,h39_to_h2,227.5,4.28,1.306,0,369,0.0
capture_test11_qos_h39_to_h2_MTD.txt,MTD,h39,h2,h39_to_h2,228.595,0.845,53.653,0,87,0.0
capture_test11_qos_h39_to_h2_MTD.txt,MTD,h39,h2,h39_to_h2,229.695,2.21,29.667,0,193,0.0
capture_test11_qos_h39_to_h2_MTD.txt,MTD,h39,h2,h39_to_h2,230.7,0.676,2.731,0,58,0.0
capture_test11_qos_h39_to_h2_MTD.txt,MTD,h39,h2,h39_to_h2,231.6,9.55,2.584,0,661,0.0
capture_test11_qos_h39_to_h2_MTD.txt,MTD,h39,h2,h39_to_h2,232.60500000000002,2.92,25.43,0,306,0.0
capture_test11_qos_h39_to_h2_MTD.txt,MTD,h39,h2,h39_to_h2,233.60500000000002,9.47,0.844,812,1456,55.769230769230774
capture_test11_qos_h39_to_h2_MTD.txt,MTD,h39,h2,h39_to_h2,234.595,1.72,9.236,0,177,0.0
capture_test11_qos_h39_to_h2_MTD.txt,MTD,h39,h2,h39_to_h2,235.69,4.18,1.432,253,615,41.13821138211382
capture_test11_qos_h39_to_h2_MTD.txt,MTD,h39,h2,h39_to_h2,236.595,9.24,1.176,0,643,0.0
capture_test11_qos_h39_to_h2_MTD.txt,MTD,h39,h2,h39_to_h2,237.5,9.63,1.214,623,1455,42.81786941580756
capture_test11_qos_h39_to_h2_MTD.txt,MTD,h39,h2,h39_to_h2,238.5,9.63,0.726,0,831,0.0
capture_test11_qos_h39_to_h2_MTD.txt,MTD,h39,h2,h39_to_h2,239.5,9.65,0.915,0,833,0.0
capture_test11_qos_h39_to_h2_MTD.txt,MTD,h39,h2,h39_to_h2,240.5,9.01,0.422,0,778,0.0
capture_test11_qos_h39_to_h2_MTD.txt,MTD,h39,h2,h39_to_h2,241.5,6.97,0.797,0,602,0.0
capture_test11_qos_h39_to_h2_MTD.txt,MTD,h39,h2,h39_to_h2,242.5,7.0,0.865,0,604,0.0
capture_test11_qos_h39_to_h2_MTD.txt,MTD,h39,h2,h39_to_h2,243.5,7.0,1.015,0,605,0.0
capture_test11_qos_h39_to_h2_MTD.txt,MTD,h39,h2,h39_to_h2,244.5,7.01,0.699,0,605,0.0
capture_test11_qos_h39_to_h2_MTD.txt,MTD,h39,h2,h39_to_h2,245.5,7.0,1.058,0,604,0.0
capture_test11_qos_h39_to_h2_MTD.txt,MTD,h39,h2,h39_to_h2,246.5,6.98,1.094,0,603,0.0
capture_test11_qos_h39_to_h2_MTD.txt,MTD,h39,h2,h39_to_h2,247.5,6.99,1.094,0,604,0.0
capture_test11_qos_h39_to_h2_MTD.txt,MTD,h39,h2,h39_to_h2,248.5,7.02,0.611,0,606,0.0
capture_test11_qos_h39_to_h2_MTD.txt,MTD,h39,h2,h39_to_h2,249.5,7.0,0.855,0,604,0.0
capture_test11_qos_h39_to_h2_MTD.txt,MTD,h39,h2,h39_to_h2,250.5,7.0,1.153,0,604,0.0
capture_test11_qos_h39_to_h2_MTD.txt,MTD,h39,h2,h39_to_h2,251.5,7.0,0.874,0,604,0.0
capture_test11_qos_h39_to_h2_MTD.txt,MTD,h39,h2,h39_to_h2,252.5,7.0,1.063,0,604,0.0
capture_test11_qos_h39_to_h2_MTD.txt,MTD,h39,h2,h39_to_h2,253.5,6.98,1.447,0,603,0.0
capture_test11_qos_h39_to_h2_MTD.txt,MTD,h39,h2,h39_to_h2,254.5,7.02,0.69,0,606,0.0
capture_test11_qos_h39_to_h2_MTD.txt,MTD,h39,h2,h39_to_h2,255.565,5.74,11.124,0,562,0.0
capture_test11_qos_h39_to_h2_MTD.txt,MTD,h39,h2,h39_to_h2,256.565,8.65,1.101,0,646,0.0
capture_test11_qos_h39_to_h2_MTD.txt,MTD,h39,h2,h39_to_h2,257.5,7.02,0.704,0,607,0.0
capture_test11_qos_h39_to_h2_MTD.txt,MTD,h39,h2,h39_to_h2,258.5,6.99,0.829,0,603,0.0
capture_test11_qos_h39_to_h2_MTD.txt,MTD,h39,h2,h39_to_h2,259.5,6.99,0.829,0,603,0.0
capture_test11_qos_h39_to_h2_MTD.txt,MTD,h39,h2,h39_to_h2,260.5,6.99,1.099,0,604,0.0
capture_test11_qos_h39_to_h2_MTD.txt,MTD,h39,h2,h39_to_h2,261.605,3.8,1.277,0,396,0.0
capture_test11_qos_h39_to_h2_MTD.txt,MTD,h39,h2,h39_to_h2,262.605,9.36,1.043,0,641,0.0
capture_test11_qos_h39_to_h2_MTD.txt,MTD,h39,h2,h39_to_h2,263.5,6.69,1.496,0,577,0.0
capture_test11_qos_h39_to_h2_MTD.txt,MTD,h39,h2,h39_to_h2,264.5,9.31,1.193,0,804,0.0
capture_test11_qos_h39_to_h2_MTD.txt,MTD,h39,h2,h39_to_h2,265.5,6.98,1.367,0,603,0.0
capture_test11_qos_h39_to_h2_MTD.txt,MTD,h39,h2,h39_to_h2,266.5,7.01,0.788,0,605,0.0
capture_test11_qos_h39_to_h2_MTD.txt,MTD,h39,h2,h39_to_h2,267.5,6.99,1.028,0,604,0.0
capture_test11_qos_h39_to_h2_MTD.txt,MTD,h39,h2,h39_to_h2,268.5,7.0,1.662,0,604,0.0
capture_test11_qos_h39_to_h2_MTD.txt,MTD,h39,h2,h39_to_h2,269.5,7.01,1.245,0,605,0.0
capture_test11_qos_h39_to_h2_MTD.txt,MTD,h39,h2,h39_to_h2,270.5,7.0,0.981,0,604,0.0
capture_test11_qos_h39_to_h2_MTD.txt,MTD,h39,h2,h39_to_h2,271.5,7.0,1.128,0,605,0.0
capture_test11_qos_h39_to_h2_MTD.txt,MTD,h39,h2,h39_to_h2,272.5,6.99,1.198,0,603,0.0
capture_test11_qos_h39_to_h2_MTD.txt,MTD,h39,h2,h39_to_h2,273.5,7.03,1.125,0,607,0.0
capture_test11_qos_h39_to_h2_MTD.txt,MTD,h39,h2,h39_to_h2,274.5,6.98,0.893,0,603,0.0
capture_test11_qos_h39_to_h2_MTD.txt,MTD,h39,h2,h39_to_h2,275.5,7.0,0.935,0,604,0.0
capture_test11_qos_h39_to_h2_MTD.txt,MTD,h39,h2,h39_to_h2,276.5,6.99,1.135,0,604,0.0
capture_test11_qos_h39_to_h2_MTD.txt,MTD,h39,h2,h39_to_h2,277.61,3.2,42.667,0,337,0.0
capture_test11_qos_h39_to_h2_MTD.txt,MTD,h39,h2,h39_to_h2,278.61,9.05,1.155,0,608,0.0
capture_test11_qos_h39_to_h2_MTD.txt,MTD,h39,h2,h39_to_h2,279.5,8.38,0.875,0,723,0.0
capture_test11_qos_h39_to_h2_MTD.txt,MTD,h39,h2,h39_to_h2,280.61,2.3,2.621,0,243,0.0
capture_test11_qos_h39_to_h2_MTD.txt,MTD,h39,h2,h39_to_h2,281.71500000000003,2.28,1.809,0,195,0.0
capture_test11_qos_h39_to_h2_MTD.txt,MTD,h39,h2,h39_to_h2,282.72,1.24,29.777,0,109,0.0
capture_test11_qos_h39_to_h2_MTD.txt,MTD,h39,h2,h39_to_h2,283.615,9.13,1.493,0,603,0.0
capture_test11_qos_h39_to_h2_MTD.txt,MTD,h39,h2,h39_to_h2,284.615,1.86,51.829,0,197,0.0
capture_test11_qos_h39_to_h2_MTD.txt,MTD,h39,h2,h39_to_h2,285.725,2.11,1.923,31,212,14.622641509433961
capture_test11_qos_h39_to_h2_MTD.txt,MTD,h39,h2,h39_to_h2,286.61,9.54,1.396,503,1144,43.96853146853147
capture_test11_qos_h39_to_h2_MTD.txt,MTD,h39,h2,h39_to_h2,287.5,9.64,1.068,819,1652,49.57627118644068
capture_test11_qos_h39_to_h2_MTD.txt,MTD,h39,h2,h39_to_h2,288.615,3.54,0.961,0,375,0.0
capture_test11_qos_h39_to_h2_MTD.txt,MTD,h39,h2,h39_to_h2,289.615,9.27,2.291,0,619,0.0
capture_test11_qos_h39_to_h2_MTD.txt,MTD,h39,h2,h39_to_h2,290.5,9.66,1.078,0,834,0.0
capture_test11_qos_h39_to_h2_MTD.txt,MTD,h39,h2,h39_to_h2,291.5,9.59,0.978,0,827,0.0
capture_test11_qos_h39_to_h2_MTD.txt,MTD,h39,h2,h39_to_h2,292.5,8.49,0.872,0,733,0.0
capture_test11_qos_h39_to_h2_MTD.txt,MTD,h39,h2,h39_to_h2,293.5,9.64,0.798,0,833,0.0
capture_test11_qos_h39_to_h2_MTD.txt,MTD,h39,h2,h39_to_h2,294.5,7.35,0.934,0,635,0.0
capture_test11_qos_h39_to_h2_MTD.txt,MTD,h39,h2,h39_to_h2,295.5,6.99,0.893,0,603,0.0
capture_test11_qos_h39_to_h2_MTD.txt,MTD,h39,h2,h39_to_h2,296.5,6.63,0.979,0,573,0.0
capture_test11_qos_h39_to_h2_MTD.txt,MTD,h39,h2,h39_to_h2,297.5,7.37,0.962,0,636,0.0
capture_test11_qos_h39_to_h2_MTD.txt,MTD,h39,h2,h39_to_h2,298.5,6.99,1.066,0,604,0.0
capture_test11_qos_h39_to_h2_MTD.txt,MTD,h39,h2,h39_to_h2,299.5,7.0,1.082,0,604,0.0
capture_test11_qos_h39_to_h2_MTD.txt,MTD,h39,h2,h39_to_h2,300.06,6.86,1.354,0,72,0.0
capture_test11_qos_h3_to_h38_MTD.txt,MTD,h3,h38,h3_to_h38,0.5,5.96,0.811,0,516,0.0
capture_test11_qos_h3_to_h38_MTD.txt,MTD,h3,h38,h3_to_h38,1.66,4.4,1.575,0,501,0.0
capture_test11_qos_h3_to_h38_MTD.txt,MTD,h3,h38,h3_to_h38,2.66,8.77,1.021,0,516,0.0
capture_test11_qos_h3_to_h38_MTD.txt,MTD,h3,h38,h3_to_h38,3.5,9.4,0.807,0,812,0.0
capture_test11_qos_h3_to_h38_MTD.txt,MTD,h3,h38,h3_to_h38,4.5,7.06,1.027,0,610,0.0
capture_test11_qos_h3_to_h38_MTD.txt,MTD,h3,h38,h3_to_h38,5.5,7.03,0.996,0,606,0.0
capture_test11_qos_h3_to_h38_MTD.txt,MTD,h3,h38,h3_to_h38,6.5,7.02,0.644,0,606,0.0
capture_test11_qos_h3_to_h38_MTD.txt,MTD,h3,h38,h3_to_h38,7.5,6.98,0.966,0,602,0.0
capture_test11_qos_h3_to_h38_MTD.txt,MTD,h3,h38,h3_to_h38,8.5,6.99,1.622,0,603,0.0
capture_test11_qos_h3_to_h38_MTD.txt,MTD,h3,h38,h3_to_h38,9.5,7.0,1.296,0,604,0.0
capture_test11_qos_h3_to_h38_MTD.txt,MTD,h3,h38,h3_to_h38,10.5,7.02,1.044,0,606,0.0
capture_test11_qos_h3_to_h38_MTD.txt,MTD,h3,h38,h3_to_h38,11.5,6.99,1.398,0,603,0.0
capture_test11_qos_h3_to_h38_MTD.txt,MTD,h3,h38,h3_to_h38,12.5,6.7,1.294,0,579,0.0
capture_test11_qos_h3_to_h38_MTD.txt,MTD,h3,h38,h3_to_h38,13.5,7.32,0.78,0,632,0.0
capture_test11_qos_h3_to_h38_MTD.txt,MTD,h3,h38,h3_to_h38,14.5,7.0,1.008,0,604,0.0
capture_test11_qos_h3_to_h38_MTD.txt,MTD,h3,h38,h3_to_h38,15.515,5.91,8.146,0,528,0.0
capture_test11_qos_h3_to_h38_MTD.txt,MTD,h3,h38,h3_to_h38,16.515,8.15,0.978,0,680,0.0
capture_test11_qos_h3_to_h38_MTD.txt,MTD,h3,h38,h3_to_h38,17.5,7.02,0.766,0,605,0.0
capture_test11_qos_h3_to_h38_MTD.txt,MTD,h3,h38,h3_to_h38,18.5,6.98,0.966,0,604,0.0
capture_test11_qos_h3_to_h38_MTD.txt,MTD,h3,h38,h3_to_h38,19.5,7.0,0.774,0,604,0.0
capture_test11_qos_h3_to_h38_MTD.txt,MTD,h3,h38,h3_to_h38,20.5,6.99,1.22,0,604,0.0
capture_test11_qos_h3_to_h38_MTD.txt,MTD,h3,h38,h3_to_h38,21.5,7.03,0.904,0,606,0.0
capture_test11_qos_h3_to_h38_MTD.txt,MTD,h3,h38,h3_to_h38,22.5,6.98,0.712,0,603,0.0
capture_test11_qos_h3_to_h38_MTD.txt,MTD,h3,h38,h3_to_h38,23.675,1.9,0.93,0,221,0.0
capture_test11_qos_h3_to_h38_MTD.txt,MTD,h3,h38,h3_to_h38,24.675,8.62,1.231,0,485,0.0
capture_test11_qos_h3_to_h38_MTD.txt,MTD,h3,h38,h3_to_h38,25.5,9.57,1.061,0,825,0.0
capture_test11_qos_h3_to_h38_MTD.txt,MTD,h3,h38,h3_to_h38,26.685000000000002,5.0,27.474,0,589,0.0
capture_test11_qos_h3_to_h38_MTD.txt,MTD,h3,h38,h3_to_h38,27.685000000000002,9.58,1.197,0,525,0.0
capture_test11_qos_h3_to_h38_MTD.txt,MTD,h3,h38,h3_to_h38,28.675,2.65,1.016,0,308,0.0
capture_test11_qos_h3_to_h38_MTD.txt,MTD,h3,h38,h3_to_h38,29.675,9.04,1.225,0,510,0.0
capture_test11_qos_h3_to_h38_MTD.txt,MTD,h3,h38,h3_to_h38,30.675,1.23,2.907,0,143,0.0
capture_test11_qos_h3_to_h38_MTD.txt,MTD,h3,h38,h3_to_h38,31.85,5.49,1.153,0,474,0.0
capture_test11_qos_h3_to_h38_MTD.txt,MTD,h3,h38,h3_to_h38,32.85,2.04,47.12,0,176,0.0
capture_test11_qos_h3_to_h38_MTD.txt,MTD,h3,h38,h3_to_h38,33.85,1.17,7.006,0,101,0.0
capture_test11_qos_h3_to_h38_MTD.txt,MTD,h3,h38,h3_to_h38,34.675,9.4,0.93,434,965,44.97409326424871
capture_test11_qos_h3_to_h38_MTD.txt,MTD,h3,h38,h3_to_h38,35.525,8.77,1.198,1056,1848,57.14285714285714
capture_test11_qos_h3_to_h38_MTD.txt,MTD,h3,h38,h3_to_h38,36.709999999999994,0.551,39.939,0,63,0.0
capture_test11_qos_h3_to_h38_MTD.txt,MTD,h3,h38,h3_to_h38,37.685,9.35,0.838,0,508,0.0
capture_test11_qos_h3_to_h38_MTD.txt,MTD,h3,h38,h3_to_h38,38.5,5.66,1.817,0,489,0.0
capture_test11_qos_h3_to_h38_MTD.txt,MTD,h3,h38,h3_to_h38,39.5,9.47,1.238,445,1262,35.26148969889065
capture_test11_qos_h3_to_h38_MTD.txt,MTD,h3,h38,h3_to_h38,40.5,9.51,0.986,0,822,0.0
capture_test11_qos_h3_to_h38_MTD.txt,MTD,h3,h38,h3_to_h38,41.5,9.55,0.998,0,823,0.0
capture_test11_qos_h3_to_h38_MTD.txt,MTD,h3,h38,h3_to_h38,42.5,9.52,1.126,0,822,0.0
capture_test11_qos_h3_to_h38_MTD.txt,MTD,h3,h38,h3_to_h38,43.5,8.45,0.83,0,730,0.0
capture_test11_qos_h3_to_h38_MTD.txt,MTD,h3,h38,h3_to_h38,44.5,7.0,1.108,0,604,0.0
capture_test11_qos_h3_to_h38_MTD.txt,MTD,h3,h38,h3_to_h38,45.5,7.01,1.231,0,605,0.0
capture_test11_qos_h3_to_h38_MTD.txt,MTD,h3,h38,h3_to_h38,46.5,7.01,0.855,0,605,0.0
capture_test11_qos_h3_to_h38_MTD.txt,MTD,h3,h38,h3_to_h38,47.5,7.01,0.693,0,605,0.0
capture_test11_qos_h3_to_h38_MTD.txt,MTD,h3,h38,h3_to_h38,48.5,7.0,0.925,0,604,0.0
capture_test11_qos_h3_to_h38_MTD.txt,MTD,h3,h38,h3_to_h38,49.68,2.11,43.613,0,247,0.0
capture_test11_qos_h3_to_h38_MTD.txt,MTD,h3,h38,h3_to_h38,50.68,3.14,1.734,0,174,0.0
capture_test11_qos_h3_to_h38_MTD.txt,MTD,h3,h38,h3_to_h38,51.5,9.5,1.014,0,821,0.0
capture_test11_qos_h3_to_h38_MTD.txt,MTD,h3,h38,h3_to_h38,52.5,9.55,1.336,0,824,0.0
capture_test11_qos_h3_to_h38_MTD.txt,MTD,h3,h38,h3_to_h38,53.5,6.96,1.161,0,601,0.0
capture_test11_qos_h3_to_h38_MTD.txt,MTD,h3,h38,h3_to_h38,54.5,9.48,1.158,0,818,0.0
capture_test11_qos_h3_to_h38_MTD.txt,MTD,h3,h38,h3_to_h38,55.5,8.6,1.516,0,743,0.0
capture_test11_qos_h3_to_h38_MTD.txt,MTD,h3,h38,h3_to_h38,56.5,7.02,0.847,0,606,0.0
capture_test11_qos_h3_to_h38_MTD.txt,MTD,h3,h38,h3_to_h38,57.5,7.0,0.69,0,604,0.0
capture_test11_qos_h3_to_h38_MTD.txt,MTD,h3,h38,h3_to_h38,58.5,6.97,1.128,0,602,0.0
capture_test11_qos_h3_to_h38_MTD.txt,MTD,h3,h38,h3_to_h38,59.5,7.02,1.731,0,606,0.0
capture_test11_qos_h3_to_h38_MTD.txt,MTD,h3,h38,h3_to_h38,60.5,6.99,0.965,0,604,0.0
capture_test11_qos_h3_to_h38_MTD.txt,MTD,h3,h38,h3_to_h38,61.5,7.01,1.409,0,605,0.0
capture_test11_qos_h3_to_h38_MTD.txt,MTD,h3,h38,h3_to_h38,62.685,3.17,1.614,0,375,0.0
capture_test11_qos_h3_to_h38_MTD.txt,MTD,h3,h38,h3_to_h38,63.685,8.83,1.222,0,481,0.0
capture_test11_qos_h3_to_h38_MTD.txt,MTD,h3,h38,h3_to_h38,64.5,9.37,1.481,0,809,0.0
capture_test11_qos_h3_to_h38_MTD.txt,MTD,h3,h38,h3_to_h38,65.5,8.69,1.339,0,750,0.0
capture_test11_qos_h3_to_h38_MTD.txt,MTD,h3,h38,h3_to_h38,66.5,7.02,0.856,0,606,0.0
capture_test11_qos_h3_to_h38_MTD.txt,MTD,h3,h38,h3_to_h38,67.5,7.02,0.946,0,606,0.0
capture_test11_qos_h3_to_h38_MTD.txt,MTD,h3,h38,h3_to_h38,68.5,6.55,1.291,0,565,0.0
capture_test11_qos_h3_to_h38_MTD.txt,MTD,h3,h38,h3_to_h38,69.5,7.44,1.182,0,642,0.0
capture_test11_qos_h3_to_h38_MTD.txt,MTD,h3,h38,h3_to_h38,70.5,6.97,1.025,0,602,0.0
capture_test11_qos_h3_to_h38_MTD.txt,MTD,h3,h38,h3_to_h38,71.5,6.99,0.947,0,605,0.0
capture_test11_qos_h3_to_h38_MTD.txt,MTD,h3,h38,h3_to_h38,72.5,7.01,0.844,0,605,0.0
capture_test11_qos_h3_to_h38_MTD.txt,MTD,h3,h38,h3_to_h38,73.5,7.01,0.959,0,605,0.0
capture_test11_qos_h3_to_h38_MTD.txt,MTD,h3,h38,h3_to_h38,74.5,7.0,1.029,0,604,0.0
capture_test11_qos_h3_to_h38_MTD.txt,MTD,h3,h38,h3_to_h38,75.5,7.01,0.985,0,605,0.0
capture_test11_qos_h3_to_h38_MTD.txt,MTD,h3,h38,h3_to_h38,76.685,5.0,1.765,0,592,0.0
capture_test11_qos_h3_to_h38_MTD.txt,MTD,h3,h38,h3_to_h38,77.875,0.543,70.771,0,47,0.0
capture_test11_qos_h3_to_h38_MTD.txt,MTD,h3,h38,h3_to_h38,78.69,9.18,1.191,0,495,0.0
capture_test11_qos_h3_to_h38_MTD.txt,MTD,h3,h38,h3_to_h38,79.5,9.59,0.871,0,829,0.0
capture_test11_qos_h3_to_h38_MTD.txt,MTD,h3,h38,h3_to_h38,80.5,9.62,0.839,0,830,0.0
capture_test11_qos_h3_to_h38_MTD.txt,MTD,h3,h38,h3_to_h38,81.5,9.6,0.858,0,829,0.0
capture_test11_qos_h3_to_h38_MTD.txt,MTD,h3,h38,h3_to_h38,82.5,7.04,1.016,0,607,0.0
capture_test11_qos_h3_to_h38_MTD.txt,MTD,h3,h38,h3_to_h38,83.68,2.54,40.63,0,298,0.0
capture_test11_qos_h3_to_h38_MTD.txt,MTD,h3,h38,h3_to_h38,84.68,8.01,1.308,0,444,0.0
capture_test11_qos_h3_to_h38_MTD.txt,MTD,h3,h38,h3_to_h38,85.5,9.62,0.816,0,830,0.0
capture_test11_qos_h3_to_h38_MTD.txt,MTD,h3,h38,h3_to_h38,86.5,5.5,278.383,248,723,34.3015214384509
capture_test11_qos_h3_to_h38_MTD.txt,MTD,h3,h38,h3_to_h38,87.69,5.04,534.701,18446744073709551449,432,4.2700796466920253e+18
capture_test11_qos_h3_to_h38_MTD.txt,MTD,h3,h38,h3_to_h38,88.69,3.4,807.209,18446744073709551543,110,1.6769767339735955e+19
capture_test11_qos_h3_to_h38_MTD.txt,MTD,h3,h38,h3_to_h38,89.5,9.0,1.199,18446744073709551608,769,2.39879636849279e+18
capture_test11_qos_h3_to_h38_MTD.txt,MTD,h3,h38,h3_to_h38,90.5,9.61,0.883,0,830,0.0
capture_test11_qos_h3_to_h38_MTD.txt,MTD,h3,h38,h3_to_h38,91.58,6.22,16.447,0,622,0.0
capture_test11_qos_h3_to_h38_MTD.txt,MTD,h3,h38,h3_to_h38,92.58,9.51,1.199,0,690,0.0
capture_test11_qos_h3_to_h38_MTD.txt,MTD,h3,h38,h3_to_h38,93.5,9.64,0.917,0,832,0.0
capture_test11_qos_h3_to_h38_MTD.txt,MTD,h3,h38,h3_to_h38,94.5,7.64,0.738,0,659,0.0
capture_test11_qos_h3_to_h38_MTD.txt,MTD,h3,h38,h3_to_h38,95.5,4.35,12.647,0,376,0.0
capture_test11_qos_h3_to_h38_MTD.txt,MTD,h3,h38,h3_to_h38,96.69,3.76,48.509,0,447,0.0
capture_test11_qos_h3_to_h38_MTD.txt,MTD,h3,h38,h3_to_h38,97.88499999999999,0.795,52.329,0,69,0.0
capture_test11_qos_h3_to_h38_MTD.txt,MTD,h3,h38,h3_to_h38,98.905,0.863,28.129,0,77,0.0
capture_test11_qos_h3_to_h38_MTD.txt,MTD,h3,h38,h3_to_h38,99.71000000000001,9.15,1.167,0,459,0.0
capture_test11_qos_h3_to_h38_MTD.txt,MTD,h3,h38,h3_to_h38,100.5,9.64,1.039,697,1529,45.58534990189666
capture_test11_qos_h3_to_h38_MTD.txt,MTD,h3,h38,h3_to_h38,101.5,9.6,0.987,0,829,0.0
capture_test11_qos_h3_to_h38_MTD.txt,MTD,h3,h38,h3_to_h38,102.5,9.67,0.811,0,835,0.0
capture_test11_qos_h3_to_h38_MTD.txt,MTD,h3,h38,h3_to_h38,103.695,1.91,3.739,0,229,0.0
capture_test11_qos_h3_to_h38_MTD.txt,MTD,h3,h38,h3_to_h38,104.89,0.945,47.901,0,82,0.0
capture_test11_qos_h3_to_h38_MTD.txt,MTD,h3,h38,h3_to_h38,105.695,9.06,1.151,0,475,0.0
capture_test11_qos_h3_to_h38_MTD.txt,MTD,h3,h38,h3_to_h38,106.5,9.53,1.064,336,1160,28.965517241379313
capture_test11_qos_h3_to_h38_MTD.txt,MTD,h3,h38,h3_to_h38,107.5,9.38,1.082,0,809,0.0
capture_test11_qos_h3_to_h38_MTD.txt,MTD,h3,h38,h3_to_h38,108.5,9.42,1.19,0,813,0.0
capture_test11_qos_h3_to_h38_MTD.txt,MTD,h3,h38,h3_to_h38,109.5,9.66,1.142,0,834,0.0
capture_test11_qos_h3_to_h38_MTD.txt,MTD,h3,h38,h3_to_h38,110.5,7.47,1.162,0,645,0.0
capture_test11_qos_h3_to_h38_MTD.txt,MTD,h3,h38,h3_to_h38,111.5,7.03,0.901,0,607,0.0
capture_test11_qos_h3_to_h38_MTD.txt,MTD,h3,h38,h3_to_h38,112.5,6.98,1.088,0,603,0.0
capture_test11_qos_h3_to_h38_MTD.txt,MTD,h3,h38,h3_to_h38,113.5,7.01,0.979,0,605,0.0
capture_test11_qos_h3_to_h38_MTD.txt,MTD,h3,h38,h3_to_h38,114.5,6.98,0.936,0,602,0.0
capture_test11_qos_h3_to_h38_MTD.txt,MTD,h3,h38,h3_to_h38,115.5,7.01,1.391,0,605,0.0
capture_test11_qos_h3_to_h38_MTD.txt,MTD,h3,h38,h3_to_h38,116.5,6.99,1.036,0,604,0.0
capture_test11_qos_h3_to_h38_MTD.txt,MTD,h3,h38,h3_to_h38,117.5,7.0,1.034,0,604,0.0
capture_test11_qos_h3_to_h38_MTD.txt,MTD,h3,h38,h3_to_h38,118.5,7.0,1.315,0,604,0.0
capture_test11_qos_h3_to_h38_MTD.txt,MTD,h3,h38,h3_to_h38,119.5,1.96,5.986,0,169,0.0
capture_test11_qos_h3_to_h38_MTD.txt,MTD,h3,h38,h3_to_h38,120.71000000000001,0.384,11.09,0,47,0.0
capture_test11_qos_h3_to_h38_MTD.txt,MTD,h3,h38,h3_to_h38,121.71000000000001,8.81,1.215,0,444,0.0
capture_test11_qos_h3_to_h38_MTD.txt,MTD,h3,h38,h3_to_h38,122.705,1.44,2.754,0,175,0.0
capture_test11_qos_h3_to_h38_MTD.txt,MTD,h3,h38,h3_to_h38,123.91499999999999,1.3,44.415,2,115,1.7391304347826086
capture_test11_qos_h3_to_h38_MTD.txt,MTD,h3,h38,h3_to_h38,124.935,1.86,15.441,18446744073709551614,164,1.124801467909119e+19
capture_test11_qos_h3_to_h38_MTD.txt,MTD,h3,h38,h3_to_h38,125.725,8.89,1.108,254,678,37.46312684365782
capture_test11_qos_h3_to_h38_MTD.txt,MTD,h3,h38,h3_to_h38,126.5,9.47,1.31,1516,2333,64.9807115302186
capture_test11_qos_h3_to_h38_MTD.txt,MTD,h3,h38,h3_to_h38,127.5,8.56,1.022,0,739,0.0
capture_test11_qos_h3_to_h38_MTD.txt,MTD,h3,h38,h3_to_h38,128.5,9.63,1.166,0,832,0.0
capture_test11_qos_h3_to_h38_MTD.txt,MTD,h3,h38,h3_to_h38,129.5,9.6,1.122,0,828,0.0
capture_test11_qos_h3_to_h38_MTD.txt,MTD,h3,h38,h3_to_h38,130.5,8.42,0.891,0,728,0.0
capture_test11_qos_h3_to_h38_MTD.txt,MTD,h3,h38,h3_to_h38,131.5,7.02,1.162,0,605,0.0
capture_test11_qos_h3_to_h38_MTD.txt,MTD,h3,h38,h3_to_h38,132.5,6.99,0.797,0,604,0.0
capture_test11_qos_h3_to_h38_MTD.txt,MTD,h3,h38,h3_to_h38,133.5,7.0,0.759,0,604,0.0
capture_test11_qos_h3_to_h38_MTD.txt,MTD,h3,h38,h3_to_h38,134.5,6.94,1.823,0,599,0.0
capture_test11_qos_h3_to_h38_MTD.txt,MTD,h3,h38,h3_to_h38,135.5,5.29,0.897,0,457,0.0
capture_test11_qos_h3_to_h38_MTD.txt,MTD,h3,h38,h3_to_h38,136.5,8.75,1.379,0,755,0.0
capture_test11_qos_h3_to_h38_MTD.txt,MTD,h3,h38,h3_to_h38,137.5,7.01,0.955,0,605,0.0
capture_test11_qos_h3_to_h38_MTD.txt,MTD,h3,h38,h3_to_h38,138.5,7.0,1.411,0,604,0.0
capture_test11_qos_h3_to_h38_MTD.txt,MTD,h3,h38,h3_to_h38,139.5,7.03,0.643,0,607,0.0
capture_test11_qos_h3_to_h38_MTD.txt,MTD,h3,h38,h3_to_h38,140.5,6.98,1.019,0,603,0.0
capture_test11_qos_h3_to_h38_MTD.txt,MTD,h3,h38,h3_to_h38,141.5,7.01,0.778,0,605,0.0
capture_test11_qos_h3_to_h38_MTD.txt,MTD,h3,h38,h3_to_h38,142.5,7.0,0.735,0,604,0.0
capture_test11_qos_h3_to_h38_MTD.txt,MTD,h3,h38,h3_to_h38,143.5,7.02,1.09,0,605,0.0
capture_test11_qos_h3_to_h38_MTD.txt,MTD,h3,h38,h3_to_h38,144.5,7.0,0.677,0,605,0.0
capture_test11_qos_h3_to_h38_MTD.txt,MTD,h3,h38,h3_to_h38,145.5,6.99,1.151,0,603,0.0
capture_test11_qos_h3_to_h38_MTD.txt,MTD,h3,h38,h3_to_h38,146.5,7.0,0.681,0,604,0.0
capture_test11_qos_h3_to_h38_MTD.txt,MTD,h3,h38,h3_to_h38,147.5,7.0,1.296,0,605,0.0
capture_test11_qos_h3_to_h38_MTD.txt,MTD,h3,h38,h3_to_h38,148.5,7.01,1.053,0,604,0.0
capture_test11_qos_h3_to_h38_MTD.txt,MTD,h3,h38,h3_to_h38,149.5,6.99,1.093,0,604,0.0
capture_test11_qos_h3_to_h38_MTD.txt,MTD,h3,h38,h3_to_h38,150.5,7.01,1.489,0,604,0.0
capture_test11_qos_h3_to_h38_MTD.txt,MTD,h3,h38,h3_to_h38,151.725,4.19,27.914,0,525,0.0
capture_test11_qos_h3_to_h38_MTD.txt,MTD,h3,h38,h3_to_h38,152.725,9.05,1.329,0,429,0.0
capture_test11_qos_h3_to_h38_MTD.txt,MTD,h3,h38,h3_to_h38,153.5,5.81,4.815,17,518,3.2818532818532815
capture_test11_qos_h3_to_h38_MTD.txt,MTD,h3,h38,h3_to_h38,154.725,3.81,26.58,18446744073709551599,461,4.001462922713569e+18
capture_test11_qos_h3_to_h38_MTD.txt,MTD,h3,h38,h3_to_h38,155.725,9.04,9.932,0,426,0.0
capture_test11_qos_h3_to_h38_MTD.txt,MTD,h3,h38,h3_to_h38,156.5,8.2,1.07,0,708,0.0
capture_test11_qos_h3_to_h38_MTD.txt,MTD,h3,h38,h3_to_h38,157.5,9.49,0.95,0,819,0.0
capture_test11_qos_h3_to_h38_MTD.txt,MTD,h3,h38,h3_to_h38,158.5,9.67,0.89,0,835,0.0
capture_test11_qos_h3_to_h38_MTD.txt,MTD,h3,h38,h3_to_h38,159.5,8.31,1.241,0,718,0.0
capture_test11_qos_h3_to_h38_MTD.txt,MTD,h3,h38,h3_to_h38,160.5,6.99,0.762,0,604,0.0
capture_test11_qos_h3_to_h38_MTD.txt,MTD,h3,h38,h3_to_h38,161.5,7.0,1.07,0,604,0.0
capture_test11_qos_h3_to_h38_MTD.txt,MTD,h3,h38,h3_to_h38,162.5,7.0,1.06,0,605,0.0
capture_test11_qos_h3_to_h38_MTD.txt,MTD,h3,h38,h3_to_h38,163.5,7.0,1.351,0,605,0.0
capture_test11_qos_h3_to_h38_MTD.txt,MTD,h3,h38,h3_to_h38,164.5,7.0,0.881,0,603,0.0
capture_test11_qos_h3_to_h38_MTD.txt,MTD,h3,h38,h3_to_h38,165.5,6.99,0.884,0,604,0.0
capture_test11_qos_h3_to_h38_MTD.txt,MTD,h3,h38,h3_to_h38,166.5,7.01,1.081,0,605,0.0
capture_test11_qos_h3_to_h38_MTD.txt,MTD,h3,h38,h3_to_h38,167.5,7.01,0.999,0,605,0.0
capture_test11_qos_h3_to_h38_MTD.txt,MTD,h3,h38,h3_to_h38,168.5,6.97,1.349,0,602,0.0
capture_test11_qos_h3_to_h38_MTD.txt,MTD,h3,h38,h3_to_h38,169.5,7.0,1.011,0,604,0.0
capture_test11_qos_h3_to_h38_MTD.txt,MTD,h3,h38,h3_to_h38,170.5,6.99,1.452,0,604,0.0
capture_test11_qos_h3_to_h38_MTD.txt,MTD,h3,h38,h3_to_h38,171.5,7.02,1.149,0,606,0.0
capture_test11_qos_h3_to_h38_MTD.txt,MTD,h3,h38,h3_to_h38,172.5,6.99,0.748,0,604,0.0
capture_test11_qos_h3_to_h38_MTD.txt,MTD,h3,h38,h3_to_h38,173.5,7.02,1.414,0,606,0.0
capture_test11_qos_h3_to_h38_MTD.txt,MTD,h3,h38,h3_to_h38,174.5,7.0,1.235,0,604,0.0
capture_test11_qos_h3_to_h38_MTD.txt,MTD,h3,h38,h3_to_h38,175.5,6.99,1.117,0,603,0.0
capture_test11_qos_h3_to_h38_MTD.txt,MTD,h3,h38,h3_to_h38,176.5,7.01,1.089,0,605,0.0
capture_test11_qos_h3_to_h38_MTD.txt,MTD,h3,h38,h3_to_h38,177.5,6.98,1.484,0,603,0.0
capture_test11_qos_h3_to_h38_MTD.txt,MTD,h3,h38,h3_to_h38,178.5,7.0,1.148,0,604,0.0
capture_test11_qos_h3_to_h38_MTD.txt,MTD,h3,h38,h3_to_h38,179.5,7.01,1.076,0,605,0.0
capture_test11_qos_h3_to_h38_MTD.txt,MTD,h3,h38,h3_to_h38,180.5,7.0,0.811,0,605,0.0
capture_test11_qos_h3_to_h38_MTD.txt,MTD,h3,h38,h3_to_h38,181.5,7.01,1.168,0,606,0.0
capture_test11_qos_h3_to_h38_MTD.txt,MTD,h3,h38,h3_to_h38,182.5,7.0,1.012,0,603,0.0
capture_test11_qos_h3_to_h38_MTD.txt,MTD,h3,h38,h3_to_h38,183.5,6.99,0.752,0,603,0.0
capture_test11_qos_h3_to_h38_MTD.txt,MTD,h3,h38,h3_to_h38,184.5,7.0,1.126,0,605,0.0
capture_test11_qos_h3_to_h38_MTD.txt,MTD,h3,h38,h3_to_h38,185.5,7.02,0.849,0,606,0.0
capture_test11_qos_h3_to_h38_MTD.txt,MTD,h3,h38,h3_to_h38,186.735,4.34,31.772,0,550,0.0
capture_test11_qos_h3_to_h38_MTD.txt,MTD,h3,h38,h3_to_h38,187.735,8.01,2.054,0,366,0.0
capture_test11_qos_h3_to_h38_MTD.txt,MTD,h3,h38,h3_to_h38,188.54000000000002,2.74,2.082,0,255,0.0
capture_test11_qos_h3_to_h38_MTD.txt,MTD,h3,h38,h3_to_h38,189.54000000000002,8.93,1.161,0,712,0.0
capture_test11_qos_h3_to_h38_MTD.txt,MTD,h3,h38,h3_to_h38,190.5,9.6,0.725,0,829,0.0
capture_test11_qos_h3_to_h38_MTD.txt,MTD,h3,h38,h3_to_h38,191.5,9.68,1.029,0,835,0.0
capture_test11_qos_h3_to_h38_MTD.txt,MTD,h3,h38,h3_to_h38,192.5,7.87,1.112,0,680,0.0
capture_test11_qos_h3_to_h38_MTD.txt,MTD,h3,h38,h3_to_h38,193.5,7.0,1.318,0,604,0.0
capture_test11_qos_h3_to_h38_MTD.txt,MTD,h3,h38,h3_to_h38,194.5,7.02,0.638,0,606,0.0
capture_test11_qos_h3_to_h38_MTD.txt,MTD,h3,h38,h3_to_h38,195.5,6.99,1.136,0,604,0.0
capture_test11_qos_h3_to_h38_MTD.txt,MTD,h3,h38,h3_to_h38,196.5,7.0,1.047,0,604,0.0
capture_test11_qos_h3_to_h38_MTD.txt,MTD,h3,h38,h3_to_h38,197.5,6.96,0.905,0,603,0.0
capture_test11_qos_h3_to_h38_MTD.txt,MTD,h3,h38,h3_to_h38,198.5,7.02,1.098,0,606,0.0
capture_test11_qos_h3_to_h38_MTD.txt,MTD,h3,h38,h3_to_h38,199.5,7.01,0.965,0,605,0.0
capture_test11_qos_h3_to_h38_MTD.txt,MTD,h3,h38,h3_to_h38,200.5,6.99,1.058,0,604,0.0
capture_test11_qos_h3_to_h38_MTD.txt,MTD,h3,h38,h3_to_h38,201.5,7.0,1.069,0,604,0.0
capture_test11_qos_h3_to_h38_MTD.txt,MTD,h3,h38,h3_to_h38,202.5,6.99,1.066,0,603,0.0
capture_test11_qos_h3_to_h38_MTD.txt,MTD,h3,h38,h3_to_h38,203.5,7.01,0.918,0,605,0.0
capture_test11_qos_h3_to_h38_MTD.txt,MTD,h3,h38,h3_to_h38,204.5,6.99,1.239,0,604,0.0
capture_test11_qos_h3_to_h38_MTD.txt,MTD,h3,h38,h3_to_h38,205.5,7.02,0.936,0,606,0.0
capture_test11_qos_h3_to_h38_MTD.txt,MTD,h3,h38,h3_to_h38,206.74,3.49,1.016,0,446,0.0
capture_test11_qos_h3_to_h38_MTD.txt,MTD,h3,h38,h3_to_h38,207.99,0.477,34.893,0,42,0.0
capture_test11_qos_h3_to_h38_MTD.txt,MTD,h3,h38,h3_to_h38,208.995,0.794,3.608,0,68,0.0
capture_test11_qos_h3_to_h38_MTD.txt,MTD,h3,h38,h3_to_h38,209.745,8.95,1.181,0,391,0.0
capture_test11_qos_h3_to_h38_MTD.txt,MTD,h3,h38,h3_to_h38,210.5,9.49,1.019,553,1372,40.30612244897959
capture_test11_qos_h3_to_h38_MTD.txt,MTD,h3,h38,h3_to_h38,211.745,0.81,1.944,0,104,0.0
capture_test11_qos_h3_to_h38_MTD.txt,MTD,h3,h38,h3_to_h38,212.745,8.59,0.99,0,380,0.0
capture_test11_qos_h3_to_h38_MTD.txt,MTD,h3,h38,h3_to_h38,213.5,9.63,0.855,502,1333,37.65941485371343
capture_test11_qos_h3_to_h38_MTD.txt,MTD,h3,h38,h3_to_h38,214.5,9.53,1.373,0,824,0.0
capture_test11_qos_h3_to_h38_MTD.txt,MTD,h3,h38,h3_to_h38,215.75,0.681,30.949,0,88,0.0
capture_test11_qos_h3_to_h38_MTD.txt,MTD,h3,h38,h3_to_h38,216.75,2.35,287.068,525,627,83.73205741626795
capture_test11_qos_h3_to_h38_MTD.txt,MTD,h3,h38,h3_to_h38,217.5,9.15,546.515,18446744073709551129,301,6.128486403225765e+18
capture_test11_qos_h3_to_h38_MTD.txt,MTD,h3,h38,h3_to_h38,218.5,9.23,1.415,18446744073709551578,759,2.430401063729849e+18
capture_test11_qos_h3_to_h38_MTD.txt,MTD,h3,h38,h3_to_h38,219.5,9.67,1.446,0,834,0.0
capture_test11_qos_h3_to_h38_MTD.txt,MTD,h3,h38,h3_to_h38,220.5,9.43,1.869,0,814,0.0
capture_test11_qos_h3_to_h38_MTD.txt,MTD,h3,h38,h3_to_h38,221.75,2.57,40.133,0,333,0.0
capture_test11_qos_h3_to_h38_MTD.txt,MTD,h3,h38,h3_to_h38,222.75,9.55,1.066,0,410,0.0
capture_test11_qos_h3_to_h38_MTD.txt,MTD,h3,h38,h3_to_h38,223.5,9.62,1.152,0,830,0.0
capture_test11_qos_h3_to_h38_MTD.txt,MTD,h3,h38,h3_to_h38,224.5,7.16,1.002,0,618,0.0
capture_test11_qos_h3_to_h38_MTD.txt,MTD,h3,h38,h3_to_h38,225.5,7.48,1.202,0,646,0.0
capture_test11_qos_h3_to_h38_MTD.txt,MTD,h3,h38,h3_to_h38,226.5,9.63,1.304,0,831,0.0
capture_test11_qos_h3_to_h38_MTD.txt,MTD,h3,h38,h3_to_h38,227.5,9.65,0.943,0,834,0.0
capture_test11_qos_h3_to_h38_MTD.txt,MTD,h3,h38,h3_to_h38,228.75,5.88,28.666,0,760,0.0
capture_test11_qos_h3_to_h38_MTD.txt,MTD,h3,h38,h3_to_h38,230.0,1.2,1.109,0,104,0.0
capture_test11_qos_h3_to_h38_MTD.txt,MTD,h3,h38,h3_to_h38,231.0,2.12,43.429,0,183,0.0
capture_test11_qos_h3_to_h38_MTD.txt,MTD,h3,h38,h3_to_h38,231.75,1.42,2.952,0,61,0.0
capture_test11_qos_h3_to_h38_MTD.txt,MTD,h3,h38,h3_to_h38,232.5,4.59,2.249,0,396,0.0
capture_test11_qos_h3_to_h38_MTD.txt,MTD,h3,h38,h3_to_h38,233.75,4.23,1.976,0,547,0.0
capture_test11_qos_h3_to_h38_MTD.txt,MTD,h3,h38,h3_to_h38,234.75,9.49,0.923,863,1275,67.68627450980392
capture_test11_qos_h3_to_h38_MTD.txt,MTD,h3,h38,h3_to_h38,235.745,3.33,2.107,0,429,0.0
capture_test11_qos_h3_to_h38_MTD.txt,MTD,h3,h38,h3_to_h38,236.995,4.06,33.721,0,353,0.0
capture_test11_qos_h3_to_h38_MTD.txt,MTD,h3,h38,h3_to_h38,237.75,9.0,1.256,257,645,39.84496124031008
capture_test11_qos_h3_to_h38_MTD.txt,MTD,h3,h38,h3_to_h38,238.5,9.53,1.617,644,1467,43.89911383776414
capture_test11_qos_h3_to_h38_MTD.txt,MTD,h3,h38,h3_to_h38,239.5,9.59,0.821,3,831,0.36101083032490977
capture_test11_qos_h3_to_h38_MTD.txt,MTD,h3,h38,h3_to_h38,240.5,9.63,0.887,0,832,0.0
capture_test11_qos_h3_to_h38_MTD.txt,MTD,h3,h38,h3_to_h38,241.5,9.68,0.876,0,835,0.0
capture_test11_qos_h3_to_h38_MTD.txt,MTD,h3,h38,h3_to_h38,242.5,8.73,1.038,0,754,0.0
capture_test11_qos_h3_to_h38_MTD.txt,MTD,h3,h38,h3_to_h38,243.5,7.02,1.011,0,606,0.0
capture_test11_qos_h3_to_h38_MTD.txt,MTD,h3,h38,h3_to_h38,244.5,7.0,0.979,0,604,0.0
capture_test11_qos_h3_to_h38_MTD.txt,MTD,h3,h38,h3_to_h38,245.5,6.98,1.19,0,603,0.0
capture_test11_qos_h3_to_h38_MTD.txt,MTD,h3,h38,h3_to_h38,246.5,7.0,0.777,0,604,0.0
capture_test11_qos_h3_to_h38_MTD.txt,MTD,h3,h38,h3_to_h38,247.5,6.97,1.612,0,604,0.0
capture_test11_qos_h3_to_h38_MTD.txt,MTD,h3,h38,h3_to_h38,248.5,7.01,0.976,0,604,0.0
capture_test11_qos_h3_to_h38_MTD.txt,MTD,h3,h38,h3_to_h38,249.5,7.03,0.835,0,607,0.0
capture_test11_qos_h3_to_h38_MTD.txt,MTD,h3,h38,h3_to_h38,250.5,6.95,1.108,0,600,0.0
capture_test11_qos_h3_to_h38_MTD.txt,MTD,h3,h38,h3_to_h38,251.5,7.02,0.996,0,607,0.0
capture_test11_qos_h3_to_h38_MTD.txt,MTD,h3,h38,h3_to_h38,252.5,6.99,1.15,0,602,0.0
capture_test11_qos_h3_to_h38_MTD.txt,MTD,h3,h38,h3_to_h38,253.5,7.02,0.956,0,606,0.0
capture_test11_qos_h3_to_h38_MTD.txt,MTD,h3,h38,h3_to_h38,254.5,6.98,1.031,0,603,0.0
capture_test11_qos_h3_to_h38_MTD.txt,MTD,h3,h38,h3_to_h38,255.5,7.01,0.885,0,605,0.0
capture_test11_qos_h3_to_h38_MTD.txt,MTD,h3,h38,h3_to_h38,256.5,7.01,1.231,0,605,0.0
capture_test11_qos_h3_to_h38_MTD.txt,MTD,h3,h38,h3_to_h38,257.5,6.69,0.677,0,577,0.0
capture_test11_qos_h3_to_h38_MTD.txt,MTD,h3,h38,h3_to_h38,258.5,7.31,0.955,0,631,0.0
capture_test11_qos_h3_to_h38_MTD.txt,MTD,h3,h38,h3_to_h38,259.5,7.02,1.0,0,606,0.0
capture_test11_qos_h3_to_h38_MTD.txt,MTD,h3,h38,h3_to_h38,260.5,6.99,1.005,0,603,0.0
capture_test11_qos_h3_to_h38_MTD.txt,MTD,h3,h38,h3_to_h38,261.5,7.0,0.858,0,605,0.0
capture_test11_qos_h3_to_h38_MTD.txt,MTD,h3,h38,h3_to_h38,262.76,4.45,24.86,0,585,0.0
capture_test11_qos_h3_to_h38_MTD.txt,MTD,h3,h38,h3_to_h38,263.76,9.01,1.279,0,371,0.0
capture_test11_qos_h3_to_h38_MTD.txt,MTD,h3,h38,h3_to_h38,264.505,6.75,1.52,0,588,0.0
capture_test11_qos_h3_to_h38_MTD.txt,MTD,h3,h38,h3_to_h38,265.505,9.35,1.298,0,800,0.0
capture_test11_qos_h3_to_h38_MTD.txt,MTD,h3,h38,h3_to_h38,266.5,7.82,1.276,0,676,0.0
capture_test11_qos_h3_to_h38_MTD.txt,MTD,h3,h38,h3_to_h38,267.5,7.01,1.182,0,605,0.0
capture_test11_qos_h3_to_h38_MTD.txt,MTD,h3,h38,h3_to_h38,268.5,6.99,1.124,0,603,0.0
capture_test11_qos_h3_to_h38_MTD.txt,MTD,h3,h38,h3_to_h38,269.5,7.01,1.12,0,605,0.0
capture_test11_qos_h3_to_h38_MTD.txt,MTD,h3,h38,h3_to_h38,270.5,6.98,1.374,0,603,0.0
capture_test11_qos_h3_to_h38_MTD.txt,MTD,h3,h38,h3_to_h38,271.5,7.02,1.05,0,606,0.0
capture_test11_qos_h3_to_h38_MTD.txt,MTD,h3,h38,h3_to_h38,272.5,6.99,1.011,0,604,0.0
capture_test11_qos_h3_to_h38_MTD.txt,MTD,h3,h38,h3_to_h38,273.5,6.99,1.295,0,603,0.0
capture_test11_qos_h3_to_h38_MTD.txt,MTD,h3,h38,h3_to_h38,274.5,7.03,0.992,0,607,0.0
capture_test11_qos_h3_to_h38_MTD.txt,MTD,h3,h38,h3_to_h38,275.5,6.96,0.965,0,601,0.0
capture_test11_qos_h3_to_h38_MTD.txt,MTD,h3,h38,h3_to_h38,276.5,7.02,1.152,0,606,0.0
capture_test11_qos_h3_to_h38_MTD.txt,MTD,h3,h38,h3_to_h38,277.5,6.99,1.411,0,604,0.0
capture_test11_qos_h3_to_h38_MTD.txt,MTD,h3,h38,h3_to_h38,278.765,3.96,40.113,0,522,0.0
capture_test11_qos_h3_to_h38_MTD.txt,MTD,h3,h38,h3_to_h38,279.765,8.47,1.172,0,345,0.0
capture_test11_qos_h3_to_h38_MTD.txt,MTD,h3,h38,h3_to_h38,280.5,8.32,1.638,0,718,0.0
capture_test11_qos_h3_to_h38_MTD.txt,MTD,h3,h38,h3_to_h38,281.77,3.68,3.196,0,488,0.0
capture_test11_qos_h3_to_h38_MTD.txt,MTD,h3,h38,h3_to_h38,283.045,2.33,14.132,0,203,0.0
capture_test11_qos_h3_to_h38_MTD.txt,MTD,h3,h38,h3_to_h38,284.03499999999997,0.784,13.487,0,66,0.0
capture_test11_qos_h3_to_h38_MTD.txt,MTD,h3,h38,h3_to_h38,284.76,8.14,1.201,0,336,0.0
capture_test11_qos_h3_to_h38_MTD.txt,MTD,h3,h38,h3_to_h38,285.76,3.36,1.173,0,442,0.0
capture_test11_qos_h3_to_h38_MTD.txt,MTD,h3,h38,h3_to_h38,287.025,2.0,1.134,0,173,0.0
capture_test11_qos_h3_to_h38_MTD.txt,MTD,h3,h38,h3_to_h38,287.765,9.37,1.022,608,992,61.29032258064516
capture_test11_qos_h3_to_h38_MTD.txt,MTD,h3,h38,h3_to_h38,288.5,9.65,1.018,835,1668,50.0599520383693
capture_test11_qos_h3_to_h38_MTD.txt,MTD,h3,h38,h3_to_h38,289.765,4.75,0.77,0,627,0.0
capture_test11_qos_h3_to_h38_MTD.txt,MTD,h3,h38,h3_to_h38,290.765,9.07,0.877,0,369,0.0
capture_test11_qos_h3_to_h38_MTD.txt,MTD,h3,h38,h3_to_h38,291.5,9.65,0.84,0,833,0.0
capture_test11_qos_h3_to_h38_MTD.txt,MTD,h3,h38,h3_to_h38,292.5,9.57,1.203,0,827,0.0
capture_test11_qos_h3_to_h38_MTD.txt,MTD,h3,h38,h3_to_h38,293.5,8.47,1.467,0,730,0.0
capture_test11_qos_h3_to_h38_MTD.txt,MTD,h3,h38,h3_to_h38,294.5,9.58,1.184,0,827,0.0
capture_test11_qos_h3_to_h38_MTD.txt,MTD,h3,h38,h3_to_h38,295.5,8.26,0.766,0,713,0.0
capture_test11_qos_h3_to_h38_MTD.txt,MTD,h3,h38,h3_to_h38,296.5,6.97,1.208,0,602,0.0
capture_test11_qos_h3_to_h38_MTD.txt,MTD,h3,h38,h3_to_h38,297.5,6.19,2.065,0,534,0.0
capture_test11_qos_h3_to_h38_MTD.txt,MTD,h3,h38,h3_to_h38,298.5,7.84,0.842,0,677,0.0
capture_test11_qos_h3_to_h38_MTD.txt,MTD,h3,h38,h3_to_h38,299.5,7.0,1.017,0,604,0.0
capture_test11_qos_h3_to_h38_MTD.txt,MTD,h3,h38,h3_to_h38,300.065,6.88,1.214,0,77,0.0
capture_test13_qos_h39_to_h2_MTD.txt,MTD,h39,h2,h39_to_h2,0.5,6.2,0.758,0,537,0.0
capture_test13_qos_h39_to_h2_MTD.txt,MTD,h39,h2,h39_to_h2,1.5,7.01,1.251,0,604,0.0
capture_test13_qos_h39_to_h2_MTD.txt,MTD,h39,h2,h39_to_h2,2.5,7.0,1.206,0,604,0.0
capture_test13_qos_h39_to_h2_MTD.txt,MTD,h39,h2,h39_to_h2,3.5,6.99,0.992,0,603,0.0
capture_test13_qos_h39_to_h2_MTD.txt,MTD,h39,h2,h39_to_h2,4.5,7.01,1.013,0,605,0.0
capture_test13_qos_h39_to_h2_MTD.txt,MTD,h39,h2,h39_to_h2,5.595000000000001,0.709,50.523,0,73,0.0
capture_test13_qos_h39_to_h2_MTD.txt,MTD,h39,h2,h39_to_h2,6.595000000000001,9.22,1.187,0,643,0.0
capture_test13_qos_h39_to_h2_MTD.txt,MTD,h39,h2,h39_to_h2,7.5,9.49,1.144,0,820,0.0
capture_test13_qos_h39_to_h2_MTD.txt,MTD,h39,h2,h39_to_h2,8.5,6.27,2.035,0,541,0.0
capture_test13_qos_h39_to_h2_MTD.txt,MTD,h39,h2,h39_to_h2,9.594999999999999,3.29,38.968,0,338,0.0
capture_test13_qos_h39_to_h2_MTD.txt,MTD,h39,h2,h39_to_h2,10.695,0.773,58.606,0,67,0.0
capture_test13_qos_h39_to_h2_MTD.txt,MTD,h39,h2,h39_to_h2,11.6,9.29,1.222,0,646,0.0
capture_test13_qos_h39_to_h2_MTD.txt,MTD,h39,h2,h39_to_h2,12.5,9.6,0.883,261,1090,23.94495412844037
capture_test13_qos_h39_to_h2_MTD.txt,MTD,h39,h2,h39_to_h2,13.5,9.63,0.98,0,832,0.0
capture_test13_qos_h39_to_h2_MTD.txt,MTD,h39,h2,h39_to_h2,14.5,9.62,1.01,0,830,0.0
capture_test13_qos_h39_to_h2_MTD.txt,MTD,h39,h2,h39_to_h2,15.5,8.91,0.797,0,769,0.0
capture_test13_qos_h39_to_h2_MTD.txt,MTD,h39,h2,h39_to_h2,16.5,6.97,1.145,0,602,0.0
capture_test13_qos_h39_to_h2_MTD.txt,MTD,h39,h2,h39_to_h2,17.5,6.98,1.234,0,604,0.0
capture_test13_qos_h39_to_h2_MTD.txt,MTD,h39,h2,h39_to_h2,18.5,7.02,1.221,0,605,0.0
capture_test13_qos_h39_to_h2_MTD.txt,MTD,h39,h2,h39_to_h2,19.5,7.0,0.957,0,604,0.0
capture_test13_qos_h39_to_h2_MTD.txt,MTD,h39,h2,h39_to_h2,20.5,5.84,1.459,0,504,0.0
capture_test13_qos_h39_to_h2_MTD.txt,MTD,h39,h2,h39_to_h2,21.5,8.18,0.705,0,706,0.0
capture_test13_qos_h39_to_h2_MTD.txt,MTD,h39,h2,h39_to_h2,22.5,7.01,0.843,0,605,0.0
capture_test13_qos_h39_to_h2_MTD.txt,MTD,h39,h2,h39_to_h2,23.5,6.99,1.008,0,604,0.0
capture_test13_qos_h39_to_h2_MTD.txt,MTD,h39,h2,h39_to_h2,24.5,6.99,1.519,0,603,0.0
capture_test13_qos_h39_to_h2_MTD.txt,MTD,h39,h2,h39_to_h2,25.5,7.0,0.993,0,604,0.0
capture_test13_qos_h39_to_h2_MTD.txt,MTD,h39,h2,h39_to_h2,26.5,5.1,0.52,0,441,0.0
capture_test13_qos_h39_to_h2_MTD.txt,MTD,h39,h2,h39_to_h2,27.5,1.17,1.65,0,101,0.0
capture_test13_qos_h39_to_h2_MTD.txt,MTD,h39,h2,h39_to_h2,28.5,7.32,1.201,0,633,0.0
capture_test13_qos_h39_to_h2_MTD.txt,MTD,h39,h2,h39_to_h2,29.5,7.93,1.217,0,684,0.0
capture_test13_qos_h39_to_h2_MTD.txt,MTD,h39,h2,h39_to_h2,30.5,9.57,1.117,0,827,0.0
capture_test13_qos_h39_to_h2_MTD.txt,MTD,h39,h2,h39_to_h2,31.5,9.48,0.971,0,817,0.0
capture_test13_qos_h39_to_h2_MTD.txt,MTD,h39,h2,h39_to_h2,32.61,2.42,1.124,0,254,0.0
capture_test13_qos_h39_to_h2_MTD.txt,MTD,h39,h2,h39_to_h2,33.61,9.26,1.208,0,628,0.0
capture_test13_qos_h39_to_h2_MTD.txt,MTD,h39,h2,h39_to_h2,34.5,9.6,1.245,0,829,0.0
capture_test13_qos_h39_to_h2_MTD.txt,MTD,h39,h2,h39_to_h2,35.61,1.93,1.503,0,203,0.0
capture_test13_qos_h39_to_h2_MTD.txt,MTD,h39,h2,h39_to_h2,36.72,0.67,53.629,0,58,0.0
capture_test13_qos_h39_to_h2_MTD.txt,MTD,h39,h2,h39_to_h2,37.72,2.15,7.475,0,186,0.0
capture_test13_qos_h39_to_h2_MTD.txt,MTD,h39,h2,h39_to_h2,38.715,0.945,52.851,0,81,0.0
capture_test13_qos_h39_to_h2_MTD.txt,MTD,h39,h2,h39_to_h2,39.605000000000004,9.09,1.317,0,617,0.0
capture_test13_qos_h39_to_h2_MTD.txt,MTD,h39,h2,h39_to_h2,40.5,9.58,1.121,1236,2064,59.883720930232556
capture_test13_qos_h39_to_h2_MTD.txt,MTD,h39,h2,h39_to_h2,41.605000000000004,7.46,0.939,0,781,0.0
capture_test13_qos_h39_to_h2_MTD.txt,MTD,h39,h2,h39_to_h2,42.715,0.241,6.207,0,21,0.0
capture_test13_qos_h39_to_h2_MTD.txt,MTD,h39,h2,h39_to_h2,43.72,0.946,1.937,0,81,0.0
capture_test13_qos_h39_to_h2_MTD.txt,MTD,h39,h2,h39_to_h2,44.61,8.99,2.146,0,608,0.0
capture_test13_qos_h39_to_h2_MTD.txt,MTD,h39,h2,h39_to_h2,45.5,9.44,0.724,705,1520,46.381578947368425
capture_test13_qos_h39_to_h2_MTD.txt,MTD,h39,h2,h39_to_h2,46.5,9.62,0.937,0,830,0.0
capture_test13_qos_h39_to_h2_MTD.txt,MTD,h39,h2,h39_to_h2,47.5,9.6,1.236,0,829,0.0
capture_test13_qos_h39_to_h2_MTD.txt,MTD,h39,h2,h39_to_h2,48.5,9.34,0.857,0,806,0.0
capture_test13_qos_h39_to_h2_MTD.txt,MTD,h39,h2,h39_to_h2,49.5,7.01,0.813,0,605,0.0
capture_test13_qos_h39_to_h2_MTD.txt,MTD,h39,h2,h39_to_h2,50.5,6.98,1.055,0,603,0.0
capture_test13_qos_h39_to_h2_MTD.txt,MTD,h39,h2,h39_to_h2,51.5,6.99,1.093,0,603,0.0
capture_test13_qos_h39_to_h2_MTD.txt,MTD,h39,h2,h39_to_h2,52.5,3.33,1.207,0,287,0.0
capture_test13_qos_h39_to_h2_MTD.txt,MTD,h39,h2,h39_to_h2,53.5,6.99,1.17,0,604,0.0
capture_test13_qos_h39_to_h2_MTD.txt,MTD,h39,h2,h39_to_h2,54.5,9.52,1.035,0,822,0.0
capture_test13_qos_h39_to_h2_MTD.txt,MTD,h39,h2,h39_to_h2,55.5,8.18,0.802,0,707,0.0
capture_test13_qos_h39_to_h2_MTD.txt,MTD,h39,h2,h39_to_h2,56.5,7.01,0.87,0,605,0.0
capture_test13_qos_h39_to_h2_MTD.txt,MTD,h39,h2,h39_to_h2,57.5,7.01,0.862,0,604,0.0
capture_test13_qos_h39_to_h2_MTD.txt,MTD,h39,h2,h39_to_h2,58.5,6.98,0.965,0,603,0.0
capture_test13_qos_h39_to_h2_MTD.txt,MTD,h39,h2,h39_to_h2,59.605000000000004,5.78,0.944,0,603,0.0
capture_test13_qos_h39_to_h2_MTD.txt,MTD,h39,h2,h39_to_h2,60.71,0.174,63.981,0,15,0.0
capture_test13_qos_h39_to_h2_MTD.txt,MTD,h39,h2,h39_to_h2,61.605000000000004,0.044,52.847,0,3,0.0
capture_test13_qos_h39_to_h2_MTD.txt,MTD,h39,h2,h39_to_h2,62.61,0.597,3.972,0,63,0.0
capture_test13_qos_h39_to_h2_MTD.txt,MTD,h39,h2,h39_to_h2,63.61,9.32,1.164,0,626,0.0
capture_test13_qos_h39_to_h2_MTD.txt,MTD,h39,h2,h39_to_h2,64.60499999999999,4.97,1.172,862,1383,62.328271872740416
capture_test13_qos_h39_to_h2_MTD.txt,MTD,h39,h2,h39_to_h2,65.60499999999999,9.55,0.847,0,648,0.0
capture_test13_qos_h39_to_h2_MTD.txt,MTD,h39,h2,h39_to_h2,66.61500000000001,4.54,30.762,54,537,10.05586592178771
capture_test13_qos_h39_to_h2_MTD.txt,MTD,h39,h2,h39_to_h2,67.725,2.95,1.593,0,251,0.0
capture_test13_qos_h39_to_h2_MTD.txt,MTD,h39,h2,h39_to_h2,68.61,9.3,1.13,0,627,0.0
capture_test13_qos_h39_to_h2_MTD.txt,MTD,h39,h2,h39_to_h2,69.5,9.54,1.256,434,1259,34.47180301826847
capture_test13_qos_h39_to_h2_MTD.txt,MTD,h39,h2,h39_to_h2,70.61,5.93,0.989,0,623,0.0
capture_test13_qos_h39_to_h2_MTD.txt,MTD,h39,h2,h39_to_h2,71.61,9.47,1.183,0,639,0.0
capture_test13_qos_h39_to_h2_MTD.txt,MTD,h39,h2,h39_to_h2,72.5,9.55,0.968,0,824,0.0
capture_test13_qos_h39_to_h2_MTD.txt,MTD,h39,h2,h39_to_h2,73.62,1.24,56.155,0,133,0.0
capture_test13_qos_h39_to_h2_MTD.txt,MTD,h39,h2,h39_to_h2,74.62,9.43,1.223,0,616,0.0
capture_test13_qos_h39_to_h2_MTD.txt,MTD,h39,h2,h39_to_h2,75.5,8.73,0.936,0,755,0.0
capture_test13_qos_h39_to_h2_MTD.txt,MTD,h39,h2,h39_to_h2,76.625,7.18,0.912,0,771,0.0
capture_test13_qos_h39_to_h2_MTD.txt,MTD,h39,h2,h39_to_h2,77.625,9.38,1.147,0,611,0.0
capture_test13_qos_h39_to_h2_MTD.txt,MTD,h39,h2,h39_to_h2,78.5,9.6,1.639,0,829,0.0
capture_test13_qos_h39_to_h2_MTD.txt,MTD,h39,h2,h39_to_h2,79.5,9.54,1.466,0,823,0.0
capture_test13_qos_h39_to_h2_MTD.txt,MTD,h39,h2,h39_to_h2,80.5,7.58,1.947,0,655,0.0
capture_test13_qos_h39_to_h2_MTD.txt,MTD,h39,h2,h39_to_h2,81.62,4.75,24.185,0,508,0.0
capture_test13_qos_h39_to_h2_MTD.txt,MTD,h39,h2,h39_to_h2,82.62,9.17,1.182,0,604,0.0
capture_test13_qos_h39_to_h2_MTD.txt,MTD,h39,h2,h39_to_h2,83.625,4.54,0.987,0,489,0.0
capture_test13_qos_h39_to_h2_MTD.txt,MTD,h39,h2,h39_to_h2,84.75,0.232,11.941,0,20,0.0
capture_test13_qos_h39_to_h2_MTD.txt,MTD,h39,h2,h39_to_h2,85.625,8.68,1.19,0,565,0.0
capture_test13_qos_h39_to_h2_MTD.txt,MTD,h39,h2,h39_to_h2,86.5,9.54,1.127,0,823,0.0
capture_test13_qos_h39_to_h2_MTD.txt,MTD,h39,h2,h39_to_h2,87.5,9.6,1.115,0,829,0.0
capture_test13_qos_h39_to_h2_MTD.txt,MTD,h39,h2,h39_to_h2,88.5,9.47,0.9,0,817,0.0
capture_test13_qos_h39_to_h2_MTD.txt,MTD,h39,h2,h39_to_h2,89.5,9.07,1.425,0,783,0.0
capture_test13_qos_h39_to_h2_MTD.txt,MTD,h39,h2,h39_to_h2,90.5,7.03,0.809,0,607,0.0
capture_test13_qos_h39_to_h2_MTD.txt,MTD,h39,h2,h39_to_h2,91.63,1.31,44.819,0,142,0.0
capture_test13_qos_h39_to_h2_MTD.txt,MTD,h39,h2,h39_to_h2,92.63,8.91,1.194,0,570,0.0
capture_test13_qos_h39_to_h2_MTD.txt,MTD,h39,h2,h39_to_h2,93.62,4.19,1.097,0,449,0.0
capture_test13_qos_h39_to_h2_MTD.txt,MTD,h39,h2,h39_to_h2,94.62,9.52,1.181,0,625,0.0
capture_test13_qos_h39_to_h2_MTD.txt,MTD,h39,h2,h39_to_h2,95.5,7.27,0.917,0,628,0.0
capture_test13_qos_h39_to_h2_MTD.txt,MTD,h39,h2,h39_to_h2,96.625,1.94,2.018,0,210,0.0
capture_test13_qos_h39_to_h2_MTD.txt,MTD,h39,h2,h39_to_h2,97.755,4.26,0.994,0,369,0.0
capture_test13_qos_h39_to_h2_MTD.txt,MTD,h39,h2,h39_to_h2,98.755,1.91,46.583,0,164,0.0
capture_test13_qos_h39_to_h2_MTD.txt,MTD,h39,h2,h39_to_h2,99.625,9.31,1.604,140,744,18.817204301075268
capture_test13_qos_h39_to_h2_MTD.txt,MTD,h39,h2,h39_to_h2,100.5,9.51,1.124,675,1496,45.12032085561498
capture_test13_qos_h39_to_h2_MTD.txt,MTD,h39,h2,h39_to_h2,101.625,3.71,1.526,0,399,0.0
capture_test13_qos_h39_to_h2_MTD.txt,MTD,h39,h2,h39_to_h2,102.625,9.32,8.453,0,606,0.0
capture_test13_qos_h39_to_h2_MTD.txt,MTD,h39,h2,h39_to_h2,103.5,9.45,1.288,0,816,0.0
capture_test13_qos_h39_to_h2_MTD.txt,MTD,h39,h2,h39_to_h2,104.5,9.55,1.889,0,825,0.0
capture_test13_qos_h39_to_h2_MTD.txt,MTD,h39,h2,h39_to_h2,105.5,9.49,0.972,0,819,0.0
capture_test13_qos_h39_to_h2_MTD.txt,MTD,h39,h2,h39_to_h2,106.63,2.64,35.348,0,287,0.0
capture_test13_qos_h39_to_h2_MTD.txt,MTD,h39,h2,h39_to_h2,107.63,9.43,1.188,0,605,0.0
capture_test13_qos_h39_to_h2_MTD.txt,MTD,h39,h2,h39_to_h2,108.5,9.63,0.909,0,832,0.0
capture_test13_qos_h39_to_h2_MTD.txt,MTD,h39,h2,h39_to_h2,109.5,8.04,1.412,0,694,0.0
capture_test13_qos_h39_to_h2_MTD.txt,MTD,h39,h2,h39_to_h2,110.5,9.01,50.238,12,792,1.5151515151515151
capture_test13_qos_h39_to_h2_MTD.txt,MTD,h39,h2,h39_to_h2,111.5,7.31,0.856,18446744073709551604,617,2.98974782393996e+18
capture_test13_qos_h39_to_h2_MTD.txt,MTD,h39,h2,h39_to_h2,112.625,0.593,52.438,0,64,0.0
capture_test13_qos_h39_to_h2_MTD.txt,MTD,h39,h2,h39_to_h2,113.75999999999999,0.809,24.909,0,71,0.0
capture_test13_qos_h39_to_h2_MTD.txt,MTD,h39,h2,h39_to_h2,114.755,3.77,1.186,0,315,0.0
capture_test13_qos_h39_to_h2_MTD.txt,MTD,h39,h2,h39_to_h2,115.75,0.727,36.18,0,64,0.0
capture_test13_qos_h39_to_h2_MTD.txt,MTD,h39,h2,h39_to_h2,116.63,9.4,1.184,0,604,0.0
capture_test13_qos_h39_to_h2_MTD.txt,MTD,h39,h2,h39_to_h2,117.57,0.659,5.65,0,65,0.0
capture_test13_qos_h39_to_h2_MTD.txt,MTD,h39,h2,h39_to_h2,118.57,8.99,1.065,1042,1706,61.07854630715123
capture_test13_qos_h39_to_h2_MTD.txt,MTD,h39,h2,h39_to_h2,119.5,9.54,1.275,491,1315,37.338403041825096
capture_test13_qos_h39_to_h2_MTD.txt,MTD,h39,h2,h39_to_h2,120.5,8.16,1.125,0,704,0.0
capture_test13_qos_h39_to_h2_MTD.txt,MTD,h39,h2,h39_to_h2,121.5,7.25,1.211,0,626,0.0
capture_test13_qos_h39_to_h2_MTD.txt,MTD,h39,h2,h39_to_h2,122.5,9.29,0.927,0,802,0.0
capture_test13_qos_h39_to_h2_MTD.txt,MTD,h39,h2,h39_to_h2,123.5,9.59,1.03,0,828,0.0
capture_test13_qos_h39_to_h2_MTD.txt,MTD,h39,h2,h39_to_h2,124.5,8.01,1.094,0,692,0.0
capture_test13_qos_h39_to_h2_MTD.txt,MTD,h39,h2,h39_to_h2,125.62,1.51,1.555,0,161,0.0
capture_test13_qos_h39_to_h2_MTD.txt,MTD,h39,h2,h39_to_h2,126.62,9.09,1.166,0,598,0.0
capture_test13_qos_h39_to_h2_MTD.txt,MTD,h39,h2,h39_to_h2,127.5,9.55,0.964,0,824,0.0
capture_test13_qos_h39_to_h2_MTD.txt,MTD,h39,h2,h39_to_h2,128.62,2.46,1.299,0,263,0.0
capture_test13_qos_h39_to_h2_MTD.txt,MTD,h39,h2,h39_to_h2,129.62,9.14,1.211,0,601,0.0
capture_test13_qos_h39_to_h2_MTD.txt,MTD,h39,h2,h39_to_h2,130.62,4.75,4.537,0,509,0.0
capture_test13_qos_h39_to_h2_MTD.txt,MTD,h39,h2,h39_to_h2,131.745,0.378,4.68,0,33,0.0
capture_test13_qos_h39_to_h2_MTD.txt,MTD,h39,h2,h39_to_h2,132.625,9.48,22.837,0,610,0.0
capture_test13_qos_h39_to_h2_MTD.txt,MTD,h39,h2,h39_to_h2,133.615,3.7,1.158,0,393,0.0
capture_test13_qos_h39_to_h2_MTD.txt,MTD,h39,h2,h39_to_h2,134.735,0.85,2.573,377,451,83.5920177383592
capture_test13_qos_h39_to_h2_MTD.txt,MTD,h39,h2,h39_to_h2,135.62,9.6,0.916,0,632,0.0
capture_test13_qos_h39_to_h2_MTD.txt,MTD,h39,h2,h39_to_h2,136.5,9.35,0.93,727,1535,47.361563517915314
capture_test13_qos_h39_to_h2_MTD.txt,MTD,h39,h2,h39_to_h2,137.5,9.49,1.658,0,819,0.0
capture_test13_qos_h39_to_h2_MTD.txt,MTD,h39,h2,h39_to_h2,138.5,9.53,1.217,0,823,0.0
capture_test13_qos_h39_to_h2_MTD.txt,MTD,h39,h2,h39_to_h2,139.5,9.37,0.743,0,809,0.0
capture_test13_qos_h39_to_h2_MTD.txt,MTD,h39,h2,h39_to_h2,140.5,7.01,1.046,0,606,0.0
capture_test13_qos_h39_to_h2_MTD.txt,MTD,h39,h2,h39_to_h2,141.5,7.01,0.954,0,605,0.0
capture_test13_qos_h39_to_h2_MTD.txt,MTD,h39,h2,h39_to_h2,142.62,4.41,23.117,0,470,0.0
capture_test13_qos_h39_to_h2_MTD.txt,MTD,h39,h2,h39_to_h2,143.74,0.255,7.011,0,22,0.0
capture_test13_qos_h39_to_h2_MTD.txt,MTD,h39,h2,h39_to_h2,144.62,8.46,1.18,0,558,0.0
capture_test13_qos_h39_to_h2_MTD.txt,MTD,h39,h2,h39_to_h2,145.62,5.66,22.358,0,607,0.0
capture_test13_qos_h39_to_h2_MTD.txt,MTD,h39,h2,h39_to_h2,146.745,2.78,20.923,0,242,0.0
capture_test13_qos_h39_to_h2_MTD.txt,MTD,h39,h2,h39_to_h2,147.755,0.469,36.075,0,47,0.0
capture_test13_qos_h39_to_h2_MTD.txt,MTD,h39,h2,h39_to_h2,148.63,8.96,1.232,0,572,0.0
capture_test13_qos_h39_to_h2_MTD.txt,MTD,h39,h2,h39_to_h2,149.62,3.62,2.075,0,387,0.0
capture_test13_qos_h39_to_h2_MTD.txt,MTD,h39,h2,h39_to_h2,150.735,5.06,2.043,834,1269,65.72104018912529
capture_test13_qos_h39_to_h2_MTD.txt,MTD,h39,h2,h39_to_h2,151.735,4.31,1.888,0,376,0.0
capture_test13_qos_h39_to_h2_MTD.txt,MTD,h39,h2,h39_to_h2,152.74,0.498,61.157,0,43,0.0
capture_test13_qos_h39_to_h2_MTD.txt,MTD,h39,h2,h39_to_h2,153.74,6.32,2.087,227,769,29.518855656697006
capture_test13_qos_h39_to_h2_MTD.txt,MTD,h39,h2,h39_to_h2,154.735,0.441,4.02,0,38,0.0
capture_test13_qos_h39_to_h2_MTD.txt,MTD,h39,h2,h39_to_h2,155.74,1.91,43.019,169,337,50.14836795252226
capture_test13_qos_h39_to_h2_MTD.txt,MTD,h39,h2,h39_to_h2,156.625,9.31,0.977,795,1398,56.866952789699575
capture_test13_qos_h39_to_h2_MTD.txt,MTD,h39,h2,h39_to_h2,157.5,9.51,1.163,1074,1896,56.64556962025317
capture_test13_qos_h39_to_h2_MTD.txt,MTD,h39,h2,h39_to_h2,158.5,9.52,0.957,0,821,0.0
capture_test13_qos_h39_to_h2_MTD.txt,MTD,h39,h2,h39_to_h2,159.5,9.31,0.703,0,804,0.0
capture_test13_qos_h39_to_h2_MTD.txt,MTD,h39,h2,h39_to_h2,160.5,9.55,0.545,0,825,0.0
capture_test13_qos_h39_to_h2_MTD.txt,MTD,h39,h2,h39_to_h2,161.5,6.98,1.179,0,603,0.0
capture_test13_qos_h39_to_h2_MTD.txt,MTD,h39,h2,h39_to_h2,162.5,7.0,1.227,0,605,0.0
capture_test13_qos_h39_to_h2_MTD.txt,MTD,h39,h2,h39_to_h2,163.5,7.01,1.325,0,604,0.0
capture_test13_qos_h39_to_h2_MTD.txt,MTD,h39,h2,h39_to_h2,164.5,7.01,1.304,0,605,0.0
capture_test13_qos_h39_to_h2_MTD.txt,MTD,h39,h2,h39_to_h2,165.5,6.98,1.174,0,603,0.0
capture_test13_qos_h39_to_h2_MTD.txt,MTD,h39,h2,h39_to_h2,166.5,7.03,0.996,0,607,0.0
capture_test13_qos_h39_to_h2_MTD.txt,MTD,h39,h2,h39_to_h2,167.5,7.0,0.626,0,604,0.0
capture_test13_qos_h39_to_h2_MTD.txt,MTD,h39,h2,h39_to_h2,168.5,6.99,1.022,0,604,0.0
capture_test13_qos_h39_to_h2_MTD.txt,MTD,h39,h2,h39_to_h2,169.62,1.44,0.923,0,155,0.0
capture_test13_qos_h39_to_h2_MTD.txt,MTD,h39,h2,h39_to_h2,170.62,1.42,3.761,0,93,0.0
capture_test13_qos_h39_to_h2_MTD.txt,MTD,h39,h2,h39_to_h2,171.5,6.55,2.3,0,566,0.0
capture_test13_qos_h39_to_h2_MTD.txt,MTD,h39,h2,h39_to_h2,172.5,4.64,17.332,13,414,3.140096618357488
capture_test13_qos_h39_to_h2_MTD.txt,MTD,h39,h2,h39_to_h2,173.63,5.08,1.729,18446744073709551603,538,3.4287628389794703e+18
capture_test13_qos_h39_to_h2_MTD.txt,MTD,h39,h2,h39_to_h2,174.63,5.64,1.355,8,369,2.168021680216802
capture_test13_qos_h39_to_h2_MTD.txt,MTD,h39,h2,h39_to_h2,175.5,7.12,2.784,163,778,20.95115681233933
capture_test13_qos_h39_to_h2_MTD.txt,MTD,h39,h2,h39_to_h2,176.63,2.03,1.818,229,449,51.00222717149221
capture_test13_qos_h39_to_h2_MTD.txt,MTD,h39,h2,h39_to_h2,177.63,8.72,1.225,213,773,27.55498059508409
capture_test13_qos_h39_to_h2_MTD.txt,MTD,h39,h2,h39_to_h2,178.62,0.44,5.273,0,47,0.0
capture_test13_qos_h39_to_h2_MTD.txt,MTD,h39,h2,h39_to_h2,179.62,9.43,0.94,388,1008,38.492063492063494
capture_test13_qos_h39_to_h2_MTD.txt,MTD,h39,h2,h39_to_h2,180.5,9.66,0.904,589,1422,41.42053445850914
capture_test13_qos_h39_to_h2_MTD.txt,MTD,h39,h2,h39_to_h2,181.62,5.68,4.778,0,609,0.0
capture_test13_qos_h39_to_h2_MTD.txt,MTD,h39,h2,h39_to_h2,182.745,2.63,26.719,0,229,0.0
capture_test13_qos_h39_to_h2_MTD.txt,MTD,h39,h2,h39_to_h2,183.625,4.47,3.216,0,290,0.0
capture_test13_qos_h39_to_h2_MTD.txt,MTD,h39,h2,h39_to_h2,184.5,9.58,2.145,136,963,14.122533748701974
capture_test13_qos_h39_to_h2_MTD.txt,MTD,h39,h2,h39_to_h2,185.625,5.4,1.208,208,792,26.262626262626267
capture_test13_qos_h39_to_h2_MTD.txt,MTD,h39,h2,h39_to_h2,186.625,9.37,1.608,0,605,0.0
capture_test13_qos_h39_to_h2_MTD.txt,MTD,h39,h2,h39_to_h2,187.625,4.25,28.413,0,458,0.0
capture_test13_qos_h39_to_h2_MTD.txt,MTD,h39,h2,h39_to_h2,188.625,1.34,1.61,0,87,0.0
capture_test13_qos_h39_to_h2_MTD.txt,MTD,h39,h2,h39_to_h2,189.5,6.68,1.036,0,577,0.0
capture_test13_qos_h39_to_h2_MTD.txt,MTD,h39,h2,h39_to_h2,190.61,3.32,1.181,0,351,0.0
capture_test13_qos_h39_to_h2_MTD.txt,MTD,h39,h2,h39_to_h2,191.61,9.16,1.006,575,1189,48.359966358284275
capture_test13_qos_h39_to_h2_MTD.txt,MTD,h39,h2,h39_to_h2,192.5,9.57,0.997,260,1086,23.941068139963168
capture_test13_qos_h39_to_h2_MTD.txt,MTD,h39,h2,h39_to_h2,193.5,9.62,1.224,0,830,0.0
capture_test13_qos_h39_to_h2_MTD.txt,MTD,h39,h2,h39_to_h2,194.5,9.65,1.378,0,833,0.0
capture_test13_qos_h39_to_h2_MTD.txt,MTD,h39,h2,h39_to_h2,195.62,7.34,0.951,0,789,0.0
capture_test13_qos_h39_to_h2_MTD.txt,MTD,h39,h2,h39_to_h2,196.62,9.07,1.149,0,592,0.0
capture_test13_qos_h39_to_h2_MTD.txt,MTD,h39,h2,h39_to_h2,197.5,7.26,1.176,0,626,0.0
capture_test13_qos_h39_to_h2_MTD.txt,MTD,h39,h2,h39_to_h2,198.5,6.93,1.701,0,599,0.0
capture_test13_qos_h39_to_h2_MTD.txt,MTD,h39,h2,h39_to_h2,199.5,7.06,1.163,0,609,0.0
capture_test13_qos_h39_to_h2_MTD.txt,MTD,h39,h2,h39_to_h2,200.5,6.96,1.275,0,603,0.0
capture_test13_qos_h39_to_h2_MTD.txt,MTD,h39,h2,h39_to_h2,201.5,6.22,4.548,0,535,0.0
capture_test13_qos_h39_to_h2_MTD.txt,MTD,h39,h2,h39_to_h2,202.5,7.79,1.28,0,673,0.0
capture_test13_qos_h39_to_h2_MTD.txt,MTD,h39,h2,h39_to_h2,203.5,7.01,1.06,0,605,0.0
capture_test13_qos_h39_to_h2_MTD.txt,MTD,h39,h2,h39_to_h2,204.5,7.01,0.963,0,605,0.0
capture_test13_qos_h39_to_h2_MTD.txt,MTD,h39,h2,h39_to_h2,205.5,7.01,0.714,0,605,0.0
capture_test13_qos_h39_to_h2_MTD.txt,MTD,h39,h2,h39_to_h2,206.5,6.96,1.601,0,601,0.0
capture_test13_qos_h39_to_h2_MTD.txt,MTD,h39,h2,h39_to_h2,207.5,7.01,1.34,0,606,0.0
capture_test13_qos_h39_to_h2_MTD.txt,MTD,h39,h2,h39_to_h2,208.5,7.0,1.115,0,604,0.0
capture_test13_qos_h39_to_h2_MTD.txt,MTD,h39,h2,h39_to_h2,209.5,7.01,1.031,0,605,0.0
capture_test13_qos_h39_to_h2_MTD.txt,MTD,h39,h2,h39_to_h2,210.5,7.0,1.056,0,605,0.0
capture_test13_qos_h39_to_h2_MTD.txt,MTD,h39,h2,h39_to_h2,211.5,6.98,1.241,0,602,0.0
capture_test13_qos_h39_to_h2_MTD.txt,MTD,h39,h2,h39_to_h2,212.5,7.03,0.775,0,608,0.0
capture_test13_qos_h39_to_h2_MTD.txt,MTD,h39,h2,h39_to_h2,213.5,5.66,210.108,114,602,18.93687707641196
capture_test13_qos_h39_to_h2_MTD.txt,MTD,h39,h2,h39_to_h2,214.5,7.4,6.925,18446744073709551502,525,3.513665537849438e+18
capture_test13_qos_h39_to_h2_MTD.txt,MTD,h39,h2,h39_to_h2,215.5,8.0,0.892,0,690,0.0
capture_test13_qos_h39_to_h2_MTD.txt,MTD,h39,h2,h39_to_h2,216.5,6.99,0.879,0,604,0.0
capture_test13_qos_h39_to_h2_MTD.txt,MTD,h39,h2,h39_to_h2,217.5,7.01,1.029,0,605,0.0
capture_test13_qos_h39_to_h2_MTD.txt,MTD,h39,h2,h39_to_h2,218.5,7.0,0.883,0,604,0.0
capture_test13_qos_h39_to_h2_MTD.txt,MTD,h39,h2,h39_to_h2,219.5,7.0,0.715,0,605,0.0
capture_test13_qos_h39_to_h2_MTD.txt,MTD,h39,h2,h39_to_h2,220.535,4.99,1.857,0,461,0.0
capture_test13_qos_h39_to_h2_MTD.txt,MTD,h39,h2,h39_to_h2,221.535,8.62,1.107,0,691,0.0
capture_test13_qos_h39_to_h2_MTD.txt,MTD,h39,h2,h39_to_h2,222.5,7.65,1.054,0,660,0.0
capture_test13_qos_h39_to_h2_MTD.txt,MTD,h39,h2,h39_to_h2,223.5,6.99,1.374,0,603,0.0
capture_test13_qos_h39_to_h2_MTD.txt,MTD,h39,h2,h39_to_h2,224.5,7.0,1.033,0,604,0.0
capture_test13_qos_h39_to_h2_MTD.txt,MTD,h39,h2,h39_to_h2,225.5,7.03,0.995,0,607,0.0
capture_test13_qos_h39_to_h2_MTD.txt,MTD,h39,h2,h39_to_h2,226.5,6.99,1.035,0,603,0.0
capture_test13_qos_h39_to_h2_MTD.txt,MTD,h39,h2,h39_to_h2,227.5,7.01,1.201,0,605,0.0
capture_test13_qos_h39_to_h2_MTD.txt,MTD,h39,h2,h39_to_h2,228.5,2.09,1.788,0,180,0.0
capture_test13_qos_h39_to_h2_MTD.txt,MTD,h39,h2,h39_to_h2,229.5,6.88,1.185,0,594,0.0
capture_test13_qos_h39_to_h2_MTD.txt,MTD,h39,h2,h39_to_h2,230.5,9.58,0.804,0,827,0.0
capture_test13_qos_h39_to_h2_MTD.txt,MTD,h39,h2,h39_to_h2,231.5,9.45,1.196,0,815,0.0
capture_test13_qos_h39_to_h2_MTD.txt,MTD,h39,h2,h39_to_h2,232.5,7.02,1.155,0,606,0.0
capture_test13_qos_h39_to_h2_MTD.txt,MTD,h39,h2,h39_to_h2,233.5,6.98,0.848,0,603,0.0
capture_test13_qos_h39_to_h2_MTD.txt,MTD,h39,h2,h39_to_h2,234.5,7.01,1.125,0,605,0.0
capture_test13_qos_h39_to_h2_MTD.txt,MTD,h39,h2,h39_to_h2,235.5,6.98,0.917,0,603,0.0
capture_test13_qos_h39_to_h2_MTD.txt,MTD,h39,h2,h39_to_h2,236.5,6.99,0.652,0,604,0.0
capture_test13_qos_h39_to_h2_MTD.txt,MTD,h39,h2,h39_to_h2,237.5,7.01,1.328,0,607,0.0
capture_test13_qos_h39_to_h2_MTD.txt,MTD,h39,h2,h39_to_h2,238.5,6.99,0.728,0,602,0.0
capture_test13_qos_h39_to_h2_MTD.txt,MTD,h39,h2,h39_to_h2,239.5,7.02,1.203,0,605,0.0
capture_test13_qos_h39_to_h2_MTD.txt,MTD,h39,h2,h39_to_h2,240.5,6.99,0.965,0,604,0.0
capture_test13_qos_h39_to_h2_MTD.txt,MTD,h39,h2,h39_to_h2,241.5,6.98,0.995,0,602,0.0
capture_test13_qos_h39_to_h2_MTD.txt,MTD,h39,h2,h39_to_h2,242.5,4.45,1.216,0,384,0.0
capture_test13_qos_h39_to_h2_MTD.txt,MTD,h39,h2,h39_to_h2,243.5,6.75,1.039,0,583,0.0
capture_test13_qos_h39_to_h2_MTD.txt,MTD,h39,h2,h39_to_h2,244.5,9.61,0.805,0,830,0.0
capture_test13_qos_h39_to_h2_MTD.txt,MTD,h39,h2,h39_to_h2,245.5,7.21,0.849,0,623,0.0
capture_test13_qos_h39_to_h2_MTD.txt,MTD,h39,h2,h39_to_h2,246.5,7.0,1.42,0,604,0.0
capture_test13_qos_h39_to_h2_MTD.txt,MTD,h39,h2,h39_to_h2,247.5,7.0,0.981,0,604,0.0
capture_test13_qos_h39_to_h2_MTD.txt,MTD,h39,h2,h39_to_h2,248.5,6.99,1.129,0,604,0.0
capture_test13_qos_h39_to_h2_MTD.txt,MTD,h39,h2,h39_to_h2,249.5,7.0,1.142,0,604,0.0
capture_test13_qos_h39_to_h2_MTD.txt,MTD,h39,h2,h39_to_h2,250.635,3.11,1.833,0,340,0.0
capture_test13_qos_h39_to_h2_MTD.txt,MTD,h39,h2,h39_to_h2,251.775,0.606,56.147,0,53,0.0
capture_test13_qos_h39_to_h2_MTD.txt,MTD,h39,h2,h39_to_h2,252.775,2.06,21.707,0,176,0.0
capture_test13_qos_h39_to_h2_MTD.txt,MTD,h39,h2,h39_to_h2,253.77,0.6,3.004,0,53,0.0
capture_test13_qos_h39_to_h2_MTD.txt,MTD,h39,h2,h39_to_h2,254.77,4.44,1.965,0,383,0.0
capture_test13_qos_h39_to_h2_MTD.txt,MTD,h39,h2,h39_to_h2,255.635,1.92,1.303,0,121,0.0
capture_test13_qos_h39_to_h2_MTD.txt,MTD,h39,h2,h39_to_h2,256.5,5.86,189.468,437,944,46.29237288135593
capture_test13_qos_h39_to_h2_MTD.txt,MTD,h39,h2,h39_to_h2,257.635,2.97,6.656,513,838,61.217183770883054
capture_test13_qos_h39_to_h2_MTD.txt,MTD,h39,h2,h39_to_h2,258.77,1.14,1.777,223,321,69.47040498442367
capture_test13_qos_h39_to_h2_MTD.txt,MTD,h39,h2,h39_to_h2,259.77,1.84,44.532,483,643,75.11664074650078
capture_test13_qos_h39_to_h2_MTD.txt,MTD,h39,h2,h39_to_h2,260.77,6.57,1.976,0,566,0.0
capture_test13_qos_h39_to_h2_MTD.txt,MTD,h39,h2,h39_to_h2,261.635,9.27,1.176,1282,1868,68.62955032119913
capture_test13_qos_h39_to_h2_MTD.txt,MTD,h39,h2,h39_to_h2,262.5,9.56,0.942,46,872,5.275229357798166
capture_test13_qos_h39_to_h2_MTD.txt,MTD,h39,h2,h39_to_h2,263.5,9.59,1.041,0,827,0.0
capture_test13_qos_h39_to_h2_MTD.txt,MTD,h39,h2,h39_to_h2,264.5,9.64,0.877,0,832,0.0
capture_test13_qos_h39_to_h2_MTD.txt,MTD,h39,h2,h39_to_h2,265.5,9.57,1.033,0,826,0.0
capture_test13_qos_h39_to_h2_MTD.txt,MTD,h39,h2,h39_to_h2,266.635,2.18,1.56,0,238,0.0
capture_test13_qos_h39_to_h2_MTD.txt,MTD,h39,h2,h39_to_h2,267.635,1.21,8.574,0,77,0.0
capture_test13_qos_h39_to_h2_MTD.txt,MTD,h39,h2,h39_to_h2,268.5,6.3,2.285,0,544,0.0
capture_test13_qos_h39_to_h2_MTD.txt,MTD,h39,h2,h39_to_h2,269.5,9.45,1.175,81,897,9.03010033444816
capture_test13_qos_h39_to_h2_MTD.txt,MTD,h39,h2,h39_to_h2,270.5,9.32,1.635,0,805,0.0
capture_test13_qos_h39_to_h2_MTD.txt,MTD,h39,h2,h39_to_h2,271.63,5.01,4.455,0,545,0.0
capture_test13_qos_h39_to_h2_MTD.txt,MTD,h39,h2,h39_to_h2,272.63,9.46,1.642,0,603,0.0
capture_test13_qos_h39_to_h2_MTD.txt,MTD,h39,h2,h39_to_h2,273.5,9.45,1.26,0,816,0.0
capture_test13_qos_h39_to_h2_MTD.txt,MTD,h39,h2,h39_to_h2,274.5,9.15,1.928,0,790,0.0
capture_test13_qos_h39_to_h2_MTD.txt,MTD,h39,h2,h39_to_h2,275.5,6.82,0.919,0,589,0.0
capture_test13_qos_h39_to_h2_MTD.txt,MTD,h39,h2,h39_to_h2,276.5,8.68,1.204,0,750,0.0
capture_test13_qos_h39_to_h2_MTD.txt,MTD,h39,h2,h39_to_h2,277.5,7.0,1.095,0,604,0.0
capture_test13_qos_h39_to_h2_MTD.txt,MTD,h39,h2,h39_to_h2,278.5,7.0,0.845,0,604,0.0
capture_test13_qos_h39_to_h2_MTD.txt,MTD,h39,h2,h39_to_h2,279.5,6.98,1.06,0,604,0.0
capture_test13_qos_h39_to_h2_MTD.txt,MTD,h39,h2,h39_to_h2,280.635,1.1,4.008,0,120,0.0
capture_test13_qos_h39_to_h2_MTD.txt,MTD,h39,h2,h39_to_h2,281.635,8.71,1.241,0,552,0.0
capture_test13_qos_h39_to_h2_MTD.txt,MTD,h39,h2,h39_to_h2,282.5,9.55,1.119,0,824,0.0
capture_test13_qos_h39_to_h2_MTD.txt,MTD,h39,h2,h39_to_h2,283.63,6.28,26.19,0,682,0.0
capture_test13_qos_h39_to_h2_MTD.txt,MTD,h39,h2,h39_to_h2,284.76,4.11,33.374,0,355,0.0
capture_test13_qos_h39_to_h2_MTD.txt,MTD,h39,h2,h39_to_h2,285.76,0.614,57.171,0,53,0.0
capture_test13_qos_h39_to_h2_MTD.txt,MTD,h39,h2,h39_to_h2,286.76,1.45,1.968,0,125,0.0
capture_test13_qos_h39_to_h2_MTD.txt,MTD,h39,h2,h39_to_h2,287.63,9.46,1.737,0,607,0.0
capture_test13_qos_h39_to_h2_MTD.txt,MTD,h39,h2,h39_to_h2,288.63,1.96,1.907,0,213,0.0
capture_test13_qos_h39_to_h2_MTD.txt,MTD,h39,h2,h39_to_h2,289.63,9.33,0.755,661,1259,52.50198570293884
capture_test13_qos_h39_to_h2_MTD.txt,MTD,h39,h2,h39_to_h2,290.5,9.56,0.814,394,1220,32.295081967213115
capture_test13_qos_h39_to_h2_MTD.txt,MTD,h39,h2,h39_to_h2,291.5,8.94,1.501,0,772,0.0
capture_test13_qos_h39_to_h2_MTD.txt,MTD,h39,h2,h39_to_h2,292.63,1.78,60.095,0,193,0.0
capture_test13_qos_h39_to_h2_MTD.txt,MTD,h39,h2,h39_to_h2,293.63,9.47,1.206,0,608,0.0
capture_test13_qos_h39_to_h2_MTD.txt,MTD,h39,h2,h39_to_h2,294.63,2.17,1.786,0,235,0.0
capture_test13_qos_h39_to_h2_MTD.txt,MTD,h39,h2,h39_to_h2,295.78,0.951,21.95,0,86,0.0
capture_test13_qos_h39_to_h2_MTD.txt,MTD,h39,h2,h39_to_h2,296.65,9.33,1.134,18,580,3.103448275862069
capture_test13_qos_h39_to_h2_MTD.txt,MTD,h39,h2,h39_to_h2,297.5,3.74,1.217,0,322,0.0
capture_test13_qos_h39_to_h2_MTD.txt,MTD,h39,h2,h39_to_h2,298.5,6.79,1.489,919,1506,61.02257636122178
capture_test13_qos_h39_to_h2_MTD.txt,MTD,h39,h2,h39_to_h2,299.63,2.59,3.638,0,282,0.0
capture_test13_qos_h39_to_h2_MTD.txt,MTD,h39,h2,h39_to_h2,300.63,8.78,0.959,294,854,34.42622950819672
capture_test13_qos_h39_to_h2_MTD.txt,MTD,h39,h2,h39_to_h2,301.175,9.32,1.498,0,278,0.0
capture_test11_qos_h3_to_h38_no_MTD.txt,no_MTD,h3,h38,h3_to_h38,0.5,3.44,1.212,0,297,0.0
capture_test11_qos_h3_to_h38_no_MTD.txt,no_MTD,h3,h38,h3_to_h38,1.505,2.35,1.258,0,205,0.0
capture_test11_qos_h3_to_h38_no_MTD.txt,no_MTD,h3,h38,h3_to_h38,2.505,9.26,1.662,0,790,0.0
capture_test11_qos_h3_to_h38_no_MTD.txt,no_MTD,h3,h38,h3_to_h38,3.5,9.58,1.513,0,827,0.0
capture_test11_qos_h3_to_h38_no_MTD.txt,no_MTD,h3,h38,h3_to_h38,4.5,4.47,1.095,0,386,0.0
capture_test11_qos_h3_to_h38_no_MTD.txt,no_MTD,h3,h38,h3_to_h38,5.52,2.63,1.497,0,236,0.0
capture_test11_qos_h3_to_h38_no_MTD.txt,no_MTD,h3,h38,h3_to_h38,6.529999999999999,0.604,3.067,0,51,0.0
capture_test11_qos_h3_to_h38_no_MTD.txt,no_MTD,h3,h38,h3_to_h38,7.52,5.44,1.463,0,471,0.0
capture_test11_qos_h3_to_h38_no_MTD.txt,no_MTD,h3,h38,h3_to_h38,8.52,0.426,3.751,0,37,0.0
capture_test11_qos_h3_to_h38_no_MTD.txt,no_MTD,h3,h38,h3_to_h38,9.52,0.731,2.55,0,63,0.0
capture_test11_qos_h3_to_h38_no_MTD.txt,no_MTD,h3,h38,h3_to_h38,10.51,9.09,1.294,381,1149,33.15926892950392
capture_test11_qos_h3_to_h38_no_MTD.txt,no_MTD,h3,h38,h3_to_h38,11.5,9.65,0.948,1248,2081,59.97116770783278
capture_test11_qos_h3_to_h38_no_MTD.txt,no_MTD,h3,h38,h3_to_h38,12.5,9.65,1.008,0,833,0.0
capture_test11_qos_h3_to_h38_no_MTD.txt,no_MTD,h3,h38,h3_to_h38,13.5,9.61,0.998,0,830,0.0
capture_test11_qos_h3_to_h38_no_MTD.txt,no_MTD,h3,h38,h3_to_h38,14.515,5.02,0.987,0,445,0.0
capture_test11_qos_h3_to_h38_no_MTD.txt,no_MTD,h3,h38,h3_to_h38,15.524999999999999,0.314,7.059,0,27,0.0
capture_test11_qos_h3_to_h38_no_MTD.txt,no_MTD,h3,h38,h3_to_h38,16.509999999999998,1.62,1.411,0,136,0.0
capture_test11_qos_h3_to_h38_no_MTD.txt,no_MTD,h3,h38,h3_to_h38,17.5,8.82,1.174,0,762,0.0
capture_test11_qos_h3_to_h38_no_MTD.txt,no_MTD,h3,h38,h3_to_h38,18.5,9.66,0.707,356,1190,29.915966386554622
capture_test11_qos_h3_to_h38_no_MTD.txt,no_MTD,h3,h38,h3_to_h38,19.515,0.415,52.102,0,37,0.0
capture_test11_qos_h3_to_h38_no_MTD.txt,no_MTD,h3,h38,h3_to_h38,20.515,9.28,1.202,0,775,0.0
capture_test11_qos_h3_to_h38_no_MTD.txt,no_MTD,h3,h38,h3_to_h38,21.509999999999998,2.18,1.762,0,192,0.0
capture_test11_qos_h3_to_h38_no_MTD.txt,no_MTD,h3,h38,h3_to_h38,22.509999999999998,9.15,1.321,179,954,18.763102725366878
capture_test11_qos_h3_to_h38_no_MTD.txt,no_MTD,h3,h38,h3_to_h38,23.5,9.59,1.123,243,1071,22.689075630252102
capture_test11_qos_h3_to_h38_no_MTD.txt,no_MTD,h3,h38,h3_to_h38,24.5,7.15,1.59,0,617,0.0
capture_test11_qos_h3_to_h38_no_MTD.txt,no_MTD,h3,h38,h3_to_h38,25.509999999999998,6.7,5.944,0,591,0.0
capture_test11_qos_h3_to_h38_no_MTD.txt,no_MTD,h3,h38,h3_to_h38,26.509999999999998,8.45,2.365,0,713,0.0
capture_test11_qos_h3_to_h38_no_MTD.txt,no_MTD,h3,h38,h3_to_h38,27.515,6.26,4.075,0,555,0.0
capture_test11_qos_h3_to_h38_no_MTD.txt,no_MTD,h3,h38,h3_to_h38,28.54,0.284,35.878,0,25,0.0
capture_test11_qos_h3_to_h38_no_MTD.txt,no_MTD,h3,h38,h3_to_h38,29.54,1.17,2.817,0,100,0.0
capture_test11_qos_h3_to_h38_no_MTD.txt,no_MTD,h3,h38,h3_to_h38,30.515,9.03,1.169,0,754,0.0
capture_test11_qos_h3_to_h38_no_MTD.txt,no_MTD,h3,h38,h3_to_h38,31.5,9.62,0.859,638,1468,43.46049046321526
capture_test11_qos_h3_to_h38_no_MTD.txt,no_MTD,h3,h38,h3_to_h38,32.5,9.59,1.116,0,828,0.0
capture_test11_qos_h3_to_h38_no_MTD.txt,no_MTD,h3,h38,h3_to_h38,33.5,9.6,1.008,0,829,0.0
capture_test11_qos_h3_to_h38_no_MTD.txt,no_MTD,h3,h38,h3_to_h38,34.5,8.82,1.184,0,761,0.0
capture_test11_qos_h3_to_h38_no_MTD.txt,no_MTD,h3,h38,h3_to_h38,35.5,6.98,0.851,0,603,0.0
capture_test11_qos_h3_to_h38_no_MTD.txt,no_MTD,h3,h38,h3_to_h38,36.5,7.03,1.063,0,607,0.0
capture_test11_qos_h3_to_h38_no_MTD.txt,no_MTD,h3,h38,h3_to_h38,37.5,6.96,0.977,0,601,0.0
capture_test11_qos_h3_to_h38_no_MTD.txt,no_MTD,h3,h38,h3_to_h38,38.5,6.99,1.573,0,604,0.0
capture_test11_qos_h3_to_h38_no_MTD.txt,no_MTD,h3,h38,h3_to_h38,39.525,6.69,1.356,0,606,0.0
capture_test11_qos_h3_to_h38_no_MTD.txt,no_MTD,h3,h38,h3_to_h38,40.525,7.37,1.249,0,605,0.0
capture_test11_qos_h3_to_h38_no_MTD.txt,no_MTD,h3,h38,h3_to_h38,41.5,6.98,1.298,0,603,0.0
capture_test11_qos_h3_to_h38_no_MTD.txt,no_MTD,h3,h38,h3_to_h38,42.5,7.0,1.738,0,604,0.0
capture_test11_qos_h3_to_h38_no_MTD.txt,no_MTD,h3,h38,h3_to_h38,43.5,6.99,1.035,0,603,0.0
capture_test11_qos_h3_to_h38_no_MTD.txt,no_MTD,h3,h38,h3_to_h38,44.5,7.02,1.239,0,606,0.0
capture_test11_qos_h3_to_h38_no_MTD.txt,no_MTD,h3,h38,h3_to_h38,45.5,1.03,1.441,0,89,0.0
capture_test11_qos_h3_to_h38_no_MTD.txt,no_MTD,h3,h38,h3_to_h38,46.5,8.47,0.962,0,732,0.0
capture_test11_qos_h3_to_h38_no_MTD.txt,no_MTD,h3,h38,h3_to_h38,47.5,9.66,0.815,0,834,0.0
capture_test11_qos_h3_to_h38_no_MTD.txt,no_MTD,h3,h38,h3_to_h38,48.5,8.83,0.901,0,762,0.0
capture_test11_qos_h3_to_h38_no_MTD.txt,no_MTD,h3,h38,h3_to_h38,49.519999999999996,1.26,6.019,0,113,0.0
capture_test11_qos_h3_to_h38_no_MTD.txt,no_MTD,h3,h38,h3_to_h38,50.54,6.51,1.682,0,564,0.0
capture_test11_qos_h3_to_h38_no_MTD.txt,no_MTD,h3,h38,h3_to_h38,51.519999999999996,8.8,1.149,0,727,0.0
capture_test11_qos_h3_to_h38_no_MTD.txt,no_MTD,h3,h38,h3_to_h38,52.5,8.99,0.962,0,776,0.0
capture_test11_qos_h3_to_h38_no_MTD.txt,no_MTD,h3,h38,h3_to_h38,53.5,9.6,1.165,0,829,0.0
capture_test11_qos_h3_to_h38_no_MTD.txt,no_MTD,h3,h38,h3_to_h38,54.525,5.47,3.431,0,495,0.0
capture_test11_qos_h3_to_h38_no_MTD.txt,no_MTD,h3,h38,h3_to_h38,55.525,7.79,1.242,0,639,0.0
capture_test11_qos_h3_to_h38_no_MTD.txt,no_MTD,h3,h38,h3_to_h38,56.5,8.01,1.27,0,692,0.0
capture_test11_qos_h3_to_h38_no_MTD.txt,no_MTD,h3,h38,h3_to_h38,57.5,7.01,1.095,0,605,0.0
capture_test11_qos_h3_to_h38_no_MTD.txt,no_MTD,h3,h38,h3_to_h38,58.5,7.01,0.916,0,605,0.0
capture_test11_qos_h3_to_h38_no_MTD.txt,no_MTD,h3,h38,h3_to_h38,59.5,6.97,1.342,0,602,0.0
capture_test11_qos_h3_to_h38_no_MTD.txt,no_MTD,h3,h38,h3_to_h38,60.5,7.01,1.162,0,605,0.0
capture_test11_qos_h3_to_h38_no_MTD.txt,no_MTD,h3,h38,h3_to_h38,61.525,3.91,1.978,0,353,0.0
capture_test11_qos_h3_to_h38_no_MTD.txt,no_MTD,h3,h38,h3_to_h38,62.55,0.522,24.324,0,45,0.0
capture_test11_qos_h3_to_h38_no_MTD.txt,no_MTD,h3,h38,h3_to_h38,63.525,9.46,1.214,0,780,0.0
capture_test11_qos_h3_to_h38_no_MTD.txt,no_MTD,h3,h38,h3_to_h38,64.5,9.49,1.239,0,820,0.0
capture_test11_qos_h3_to_h38_no_MTD.txt,no_MTD,h3,h38,h3_to_h38,65.5,9.53,0.797,0,821,0.0
capture_test11_qos_h3_to_h38_no_MTD.txt,no_MTD,h3,h38,h3_to_h38,66.5,9.33,1.317,0,806,0.0
capture_test11_qos_h3_to_h38_no_MTD.txt,no_MTD,h3,h38,h3_to_h38,67.5,7.0,0.965,0,605,0.0
capture_test11_qos_h3_to_h38_no_MTD.txt,no_MTD,h3,h38,h3_to_h38,68.525,6.7,4.149,0,604,0.0
capture_test11_qos_h3_to_h38_no_MTD.txt,no_MTD,h3,h38,h3_to_h38,69.55,0.045899999999999996,3.401,0,4,0.0
capture_test11_qos_h3_to_h38_no_MTD.txt,no_MTD,h3,h38,h3_to_h38,70.525,9.28,1.224,0,758,0.0
capture_test11_qos_h3_to_h38_no_MTD.txt,no_MTD,h3,h38,h3_to_h38,71.5,9.63,1.087,0,831,0.0
capture_test11_qos_h3_to_h38_no_MTD.txt,no_MTD,h3,h38,h3_to_h38,72.525,5.1,1.377,0,464,0.0
capture_test11_qos_h3_to_h38_no_MTD.txt,no_MTD,h3,h38,h3_to_h38,73.525,9.29,1.197,0,759,0.0
capture_test11_qos_h3_to_h38_no_MTD.txt,no_MTD,h3,h38,h3_to_h38,74.53,1.48,1.085,0,135,0.0
capture_test11_qos_h3_to_h38_no_MTD.txt,no_MTD,h3,h38,h3_to_h38,75.56,0.753,2.276,0,65,0.0
capture_test11_qos_h3_to_h38_no_MTD.txt,no_MTD,h3,h38,h3_to_h38,76.56,3.34,2.213,0,287,0.0
capture_test11_qos_h3_to_h38_no_MTD.txt,no_MTD,h3,h38,h3_to_h38,77.53,9.26,1.183,0,755,0.0
capture_test11_qos_h3_to_h38_no_MTD.txt,no_MTD,h3,h38,h3_to_h38,78.5,9.56,0.822,566,1392,40.660919540229884
capture_test11_qos_h3_to_h38_no_MTD.txt,no_MTD,h3,h38,h3_to_h38,79.5,9.57,0.944,0,825,0.0
capture_test11_qos_h3_to_h38_no_MTD.txt,no_MTD,h3,h38,h3_to_h38,80.5,9.5,0.94,0,821,0.0
capture_test11_qos_h3_to_h38_no_MTD.txt,no_MTD,h3,h38,h3_to_h38,81.5,8.81,0.95,0,762,0.0
capture_test11_qos_h3_to_h38_no_MTD.txt,no_MTD,h3,h38,h3_to_h38,82.5,6.99,1.11,0,602,0.0
capture_test11_qos_h3_to_h38_no_MTD.txt,no_MTD,h3,h38,h3_to_h38,83.5,7.0,0.772,0,604,0.0
capture_test11_qos_h3_to_h38_no_MTD.txt,no_MTD,h3,h38,h3_to_h38,84.5,7.01,0.446,0,606,0.0
capture_test11_qos_h3_to_h38_no_MTD.txt,no_MTD,h3,h38,h3_to_h38,85.53,4.04,1.209,0,370,0.0
capture_test11_qos_h3_to_h38_no_MTD.txt,no_MTD,h3,h38,h3_to_h38,86.57,1.76,26.198,0,154,0.0
capture_test11_qos_h3_to_h38_no_MTD.txt,no_MTD,h3,h38,h3_to_h38,87.58,0.53,37.663,0,46,0.0
capture_test11_qos_h3_to_h38_no_MTD.txt,no_MTD,h3,h38,h3_to_h38,88.53999999999999,9.44,60.862,0,748,0.0
capture_test11_qos_h3_to_h38_no_MTD.txt,no_MTD,h3,h38,h3_to_h38,89.5,9.54,0.925,287,1111,25.83258325832583
capture_test11_qos_h3_to_h38_no_MTD.txt,no_MTD,h3,h38,h3_to_h38,90.5,3.15,0.925,0,272,0.0
capture_test11_qos_h3_to_h38_no_MTD.txt,no_MTD,h3,h38,h3_to_h38,91.5,8.83,1.185,0,764,0.0
capture_test11_qos_h3_to_h38_no_MTD.txt,no_MTD,h3,h38,h3_to_h38,92.5,9.54,1.139,0,822,0.0
capture_test11_qos_h3_to_h38_no_MTD.txt,no_MTD,h3,h38,h3_to_h38,93.5,9.58,0.715,0,826,0.0
capture_test11_qos_h3_to_h38_no_MTD.txt,no_MTD,h3,h38,h3_to_h38,94.5,9.52,0.829,0,822,0.0
capture_test11_qos_h3_to_h38_no_MTD.txt,no_MTD,h3,h38,h3_to_h38,95.53999999999999,3.99,24.96,0,371,0.0
capture_test11_qos_h3_to_h38_no_MTD.txt,no_MTD,h3,h38,h3_to_h38,96.57,0.0354,20.636,0,3,0.0
capture_test11_qos_h3_to_h38_no_MTD.txt,no_MTD,h3,h38,h3_to_h38,97.57,2.1,41.762,0,184,0.0
capture_test11_qos_h3_to_h38_no_MTD.txt,no_MTD,h3,h38,h3_to_h38,98.53999999999999,9.48,1.267,0,757,0.0
capture_test11_qos_h3_to_h38_no_MTD.txt,no_MTD,h3,h38,h3_to_h38,99.5,9.53,0.722,397,1219,32.56767842493847
capture_test11_qos_h3_to_h38_no_MTD.txt,no_MTD,h3,h38,h3_to_h38,100.535,1.46,54.216,0,135,0.0
capture_test11_qos_h3_to_h38_no_MTD.txt,no_MTD,h3,h38,h3_to_h38,101.565,1.16,1.596,0,100,0.0
capture_test11_qos_h3_to_h38_no_MTD.txt,no_MTD,h3,h38,h3_to_h38,102.53,9.03,1.196,0,730,0.0
capture_test11_qos_h3_to_h38_no_MTD.txt,no_MTD,h3,h38,h3_to_h38,103.53,1.64,1.508,0,151,0.0
capture_test11_qos_h3_to_h38_no_MTD.txt,no_MTD,h3,h38,h3_to_h38,104.53,9.18,0.957,605,1347,44.91462509279881
capture_test11_qos_h3_to_h38_no_MTD.txt,no_MTD,h3,h38,h3_to_h38,105.5,9.56,1.145,322,1148,28.04878048780488
capture_test11_qos_h3_to_h38_no_MTD.txt,no_MTD,h3,h38,h3_to_h38,106.53999999999999,4.02,35.275,0,373,0.0
capture_test11_qos_h3_to_h38_no_MTD.txt,no_MTD,h3,h38,h3_to_h38,107.57499999999999,0.534,3.375,0,46,0.0
capture_test11_qos_h3_to_h38_no_MTD.txt,no_MTD,h3,h38,h3_to_h38,108.535,9.01,1.189,0,720,0.0
capture_test11_qos_h3_to_h38_no_MTD.txt,no_MTD,h3,h38,h3_to_h38,109.5,9.61,1.215,456,1286,35.45878693623639
capture_test11_qos_h3_to_h38_no_MTD.txt,no_MTD,h3,h38,h3_to_h38,110.5,9.58,1.059,0,827,0.0
capture_test11_qos_h3_to_h38_no_MTD.txt,no_MTD,h3,h38,h3_to_h38,111.535,2.5,0.799,0,230,0.0
capture_test11_qos_h3_to_h38_no_MTD.txt,no_MTD,h3,h38,h3_to_h38,112.57499999999999,1.17,2.566,0,102,0.0
capture_test11_qos_h3_to_h38_no_MTD.txt,no_MTD,h3,h38,h3_to_h38,113.57499999999999,3.81,31.236,0,328,0.0
capture_test11_qos_h3_to_h38_no_MTD.txt,no_MTD,h3,h38,h3_to_h38,114.535,0.401,5.705,0,32,0.0
capture_test11_qos_h3_to_h38_no_MTD.txt,no_MTD,h3,h38,h3_to_h38,115.5,8.41,1.733,321,1047,30.659025787965614
capture_test11_qos_h3_to_h38_no_MTD.txt,no_MTD,h3,h38,h3_to_h38,116.545,1.77,30.372,0,166,0.0
capture_test11_qos_h3_to_h38_no_MTD.txt,no_MTD,h3,h38,h3_to_h38,117.545,9.08,1.142,821,1536,53.450520833333336
capture_test11_qos_h3_to_h38_no_MTD.txt,no_MTD,h3,h38,h3_to_h38,118.5,9.62,1.146,332,1162,28.57142857142857
capture_test11_qos_h3_to_h38_no_MTD.txt,no_MTD,h3,h38,h3_to_h38,119.53999999999999,8.27,9.808,0,771,0.0
capture_test11_qos_h3_to_h38_no_MTD.txt,no_MTD,h3,h38,h3_to_h38,120.58500000000001,0.184,46.12,0,16,0.0
capture_test11_qos_h3_to_h38_no_MTD.txt,no_MTD,h3,h38,h3_to_h38,121.58,0.81,2.93,0,69,0.0
capture_test11_qos_h3_to_h38_no_MTD.txt,no_MTD,h3,h38,h3_to_h38,122.535,9.05,1.184,0,726,0.0
capture_test11_qos_h3_to_h38_no_MTD.txt,no_MTD,h3,h38,h3_to_h38,123.5,9.65,0.851,607,1440,42.15277777777778
capture_test11_qos_h3_to_h38_no_MTD.txt,no_MTD,h3,h38,h3_to_h38,124.5,9.66,0.989,0,833,0.0
capture_test11_qos_h3_to_h38_no_MTD.txt,no_MTD,h3,h38,h3_to_h38,125.5,9.61,0.859,0,830,0.0
capture_test11_qos_h3_to_h38_no_MTD.txt,no_MTD,h3,h38,h3_to_h38,126.5,8.79,0.829,0,759,0.0
capture_test11_qos_h3_to_h38_no_MTD.txt,no_MTD,h3,h38,h3_to_h38,127.5,7.0,1.149,0,604,0.0
capture_test11_qos_h3_to_h38_no_MTD.txt,no_MTD,h3,h38,h3_to_h38,128.5,6.97,1.063,0,603,0.0
capture_test11_qos_h3_to_h38_no_MTD.txt,no_MTD,h3,h38,h3_to_h38,129.5,7.02,1.33,0,605,0.0
capture_test11_qos_h3_to_h38_no_MTD.txt,no_MTD,h3,h38,h3_to_h38,130.5,7.0,0.772,0,604,0.0
capture_test11_qos_h3_to_h38_no_MTD.txt,no_MTD,h3,h38,h3_to_h38,131.5,6.99,1.416,0,604,0.0
capture_test11_qos_h3_to_h38_no_MTD.txt,no_MTD,h3,h38,h3_to_h38,132.5,7.01,0.702,0,606,0.0
capture_test11_qos_h3_to_h38_no_MTD.txt,no_MTD,h3,h38,h3_to_h38,133.5,7.0,0.889,0,604,0.0
capture_test11_qos_h3_to_h38_no_MTD.txt,no_MTD,h3,h38,h3_to_h38,134.5,7.0,0.93,0,605,0.0
capture_test11_qos_h3_to_h38_no_MTD.txt,no_MTD,h3,h38,h3_to_h38,135.5,6.99,0.906,0,603,0.0
capture_test11_qos_h3_to_h38_no_MTD.txt,no_MTD,h3,h38,h3_to_h38,136.5,7.01,1.148,0,605,0.0
capture_test11_qos_h3_to_h38_no_MTD.txt,no_MTD,h3,h38,h3_to_h38,137.5,7.0,1.013,0,604,0.0
capture_test11_qos_h3_to_h38_no_MTD.txt,no_MTD,h3,h38,h3_to_h38,138.5,6.98,0.978,0,603,0.0
capture_test11_qos_h3_to_h38_no_MTD.txt,no_MTD,h3,h38,h3_to_h38,139.5,7.01,0.912,0,605,0.0
capture_test11_qos_h3_to_h38_no_MTD.txt,no_MTD,h3,h38,h3_to_h38,140.5,7.0,0.906,0,604,0.0
capture_test11_qos_h3_to_h38_no_MTD.txt,no_MTD,h3,h38,h3_to_h38,141.5,7.01,0.982,0,605,0.0
capture_test11_qos_h3_to_h38_no_MTD.txt,no_MTD,h3,h38,h3_to_h38,142.54500000000002,2.3,1.205,0,216,0.0
capture_test11_qos_h3_to_h38_no_MTD.txt,no_MTD,h3,h38,h3_to_h38,143.54500000000002,9.02,1.147,0,710,0.0
capture_test11_qos_h3_to_h38_no_MTD.txt,no_MTD,h3,h38,h3_to_h38,144.5,9.56,1.095,0,826,0.0
capture_test11_qos_h3_to_h38_no_MTD.txt,no_MTD,h3,h38,h3_to_h38,145.5,7.7,1.397,0,664,0.0
capture_test11_qos_h3_to_h38_no_MTD.txt,no_MTD,h3,h38,h3_to_h38,146.5,6.99,1.518,0,603,0.0
capture_test11_qos_h3_to_h38_no_MTD.txt,no_MTD,h3,h38,h3_to_h38,147.5,7.04,1.048,0,608,0.0
capture_test11_qos_h3_to_h38_no_MTD.txt,no_MTD,h3,h38,h3_to_h38,148.5,6.98,0.951,0,602,0.0
capture_test11_qos_h3_to_h38_no_MTD.txt,no_MTD,h3,h38,h3_to_h38,149.5,0.753,1.728,0,65,0.0
capture_test11_qos_h3_to_h38_no_MTD.txt,no_MTD,h3,h38,h3_to_h38,150.5,7.17,1.214,0,619,0.0
capture_test11_qos_h3_to_h38_no_MTD.txt,no_MTD,h3,h38,h3_to_h38,151.5,9.56,1.038,0,825,0.0
capture_test11_qos_h3_to_h38_no_MTD.txt,no_MTD,h3,h38,h3_to_h38,152.5,9.55,0.845,0,824,0.0
capture_test11_qos_h3_to_h38_no_MTD.txt,no_MTD,h3,h38,h3_to_h38,153.5,7.99,0.911,0,690,0.0
capture_test11_qos_h3_to_h38_no_MTD.txt,no_MTD,h3,h38,h3_to_h38,154.5,7.0,0.641,0,605,0.0
capture_test11_qos_h3_to_h38_no_MTD.txt,no_MTD,h3,h38,h3_to_h38,155.5,6.96,0.827,0,601,0.0
capture_test11_qos_h3_to_h38_no_MTD.txt,no_MTD,h3,h38,h3_to_h38,156.5,7.02,0.996,0,606,0.0
capture_test11_qos_h3_to_h38_no_MTD.txt,no_MTD,h3,h38,h3_to_h38,157.5,7.0,1.052,0,604,0.0
capture_test11_qos_h3_to_h38_no_MTD.txt,no_MTD,h3,h38,h3_to_h38,158.55,5.63,13.227,0,534,0.0
capture_test11_qos_h3_to_h38_no_MTD.txt,no_MTD,h3,h38,h3_to_h38,159.595,0.0814,8.514,0,8,0.0
capture_test11_qos_h3_to_h38_no_MTD.txt,no_MTD,h3,h38,h3_to_h38,160.54500000000002,9.16,1.213,0,716,0.0
capture_test11_qos_h3_to_h38_no_MTD.txt,no_MTD,h3,h38,h3_to_h38,161.5,9.59,0.843,0,829,0.0
capture_test11_qos_h3_to_h38_no_MTD.txt,no_MTD,h3,h38,h3_to_h38,162.5,9.54,0.83,0,823,0.0
capture_test11_qos_h3_to_h38_no_MTD.txt,no_MTD,h3,h38,h3_to_h38,163.5,8.3,0.977,0,716,0.0
capture_test11_qos_h3_to_h38_no_MTD.txt,no_MTD,h3,h38,h3_to_h38,164.5,6.97,0.867,0,602,0.0
capture_test11_qos_h3_to_h38_no_MTD.txt,no_MTD,h3,h38,h3_to_h38,165.5,7.03,1.489,0,607,0.0
capture_test11_qos_h3_to_h38_no_MTD.txt,no_MTD,h3,h38,h3_to_h38,166.5,6.98,1.278,0,603,0.0
capture_test11_qos_h3_to_h38_no_MTD.txt,no_MTD,h3,h38,h3_to_h38,167.5,7.0,1.2,0,604,0.0
capture_test11_qos_h3_to_h38_no_MTD.txt,no_MTD,h3,h38,h3_to_h38,168.5,7.04,0.844,0,607,0.0
capture_test11_qos_h3_to_h38_no_MTD.txt,no_MTD,h3,h38,h3_to_h38,169.5,6.97,1.008,0,602,0.0
capture_test11_qos_h3_to_h38_no_MTD.txt,no_MTD,h3,h38,h3_to_h38,170.5,7.01,0.898,0,605,0.0
capture_test11_qos_h3_to_h38_no_MTD.txt,no_MTD,h3,h38,h3_to_h38,171.5,7.01,0.935,0,605,0.0
capture_test11_qos_h3_to_h38_no_MTD.txt,no_MTD,h3,h38,h3_to_h38,172.55,2.65,1.671,0,252,0.0
capture_test11_qos_h3_to_h38_no_MTD.txt,no_MTD,h3,h38,h3_to_h38,173.6,2.1,1.202,0,180,0.0
capture_test11_qos_h3_to_h38_no_MTD.txt,no_MTD,h3,h38,h3_to_h38,174.55,9.08,1.161,0,708,0.0
capture_test11_qos_h3_to_h38_no_MTD.txt,no_MTD,h3,h38,h3_to_h38,175.55,1.05,58.777,0,100,0.0
capture_test11_qos_h3_to_h38_no_MTD.txt,no_MTD,h3,h38,h3_to_h38,176.6,1.38,39.735,0,119,0.0
capture_test11_qos_h3_to_h38_no_MTD.txt,no_MTD,h3,h38,h3_to_h38,177.6,7.55,11.56,0,650,0.0
capture_test11_qos_h3_to_h38_no_MTD.txt,no_MTD,h3,h38,h3_to_h38,178.6,0.36,2.584,0,31,0.0
capture_test11_qos_h3_to_h38_no_MTD.txt,no_MTD,h3,h38,h3_to_h38,179.60500000000002,3.35,2.466,246,537,45.81005586592179
capture_test11_qos_h3_to_h38_no_MTD.txt,no_MTD,h3,h38,h3_to_h38,180.555,9.35,10.433,473,1194,39.61474036850921
capture_test11_qos_h3_to_h38_no_MTD.txt,no_MTD,h3,h38,h3_to_h38,181.5,9.56,0.8,839,1665,50.390390390390394
capture_test11_qos_h3_to_h38_no_MTD.txt,no_MTD,h3,h38,h3_to_h38,182.5,9.48,0.865,0,818,0.0
capture_test11_qos_h3_to_h38_no_MTD.txt,no_MTD,h3,h38,h3_to_h38,183.5,9.48,1.145,0,818,0.0
capture_test11_qos_h3_to_h38_no_MTD.txt,no_MTD,h3,h38,h3_to_h38,184.5,9.06,0.921,0,783,0.0
capture_test11_qos_h3_to_h38_no_MTD.txt,no_MTD,h3,h38,h3_to_h38,185.5,7.02,1.015,0,605,0.0
capture_test11_qos_h3_to_h38_no_MTD.txt,no_MTD,h3,h38,h3_to_h38,186.5,6.98,0.875,0,603,0.0
capture_test11_qos_h3_to_h38_no_MTD.txt,no_MTD,h3,h38,h3_to_h38,187.5,7.0,0.931,0,604,0.0
capture_test11_qos_h3_to_h38_no_MTD.txt,no_MTD,h3,h38,h3_to_h38,188.5,7.0,0.867,0,605,0.0
capture_test11_qos_h3_to_h38_no_MTD.txt,no_MTD,h3,h38,h3_to_h38,189.5,6.99,1.611,0,603,0.0
capture_test11_qos_h3_to_h38_no_MTD.txt,no_MTD,h3,h38,h3_to_h38,190.5,7.02,0.906,0,606,0.0
capture_test11_qos_h3_to_h38_no_MTD.txt,no_MTD,h3,h38,h3_to_h38,191.5,6.99,1.302,0,604,0.0
capture_test11_qos_h3_to_h38_no_MTD.txt,no_MTD,h3,h38,h3_to_h38,192.5,7.01,0.932,0,606,0.0
capture_test11_qos_h3_to_h38_no_MTD.txt,no_MTD,h3,h38,h3_to_h38,193.5,6.99,0.989,0,603,0.0
capture_test11_qos_h3_to_h38_no_MTD.txt,no_MTD,h3,h38,h3_to_h38,194.5,6.99,0.933,0,603,0.0
capture_test11_qos_h3_to_h38_no_MTD.txt,no_MTD,h3,h38,h3_to_h38,195.5,7.02,1.09,0,606,0.0
capture_test11_qos_h3_to_h38_no_MTD.txt,no_MTD,h3,h38,h3_to_h38,196.5,6.97,1.316,0,602,0.0
capture_test11_qos_h3_to_h38_no_MTD.txt,no_MTD,h3,h38,h3_to_h38,197.5,7.02,1.165,0,605,0.0
capture_test11_qos_h3_to_h38_no_MTD.txt,no_MTD,h3,h38,h3_to_h38,198.5,6.99,1.065,0,603,0.0
capture_test11_qos_h3_to_h38_no_MTD.txt,no_MTD,h3,h38,h3_to_h38,199.5,7.01,1.201,0,605,0.0
capture_test11_qos_h3_to_h38_no_MTD.txt,no_MTD,h3,h38,h3_to_h38,200.5,7.02,1.025,0,606,0.0
capture_test11_qos_h3_to_h38_no_MTD.txt,no_MTD,h3,h38,h3_to_h38,201.5,7.01,1.031,0,605,0.0
capture_test11_qos_h3_to_h38_no_MTD.txt,no_MTD,h3,h38,h3_to_h38,202.5,7.0,0.907,0,604,0.0
capture_test11_qos_h3_to_h38_no_MTD.txt,no_MTD,h3,h38,h3_to_h38,203.5,6.99,0.983,0,604,0.0
capture_test11_qos_h3_to_h38_no_MTD.txt,no_MTD,h3,h38,h3_to_h38,204.5,6.99,1.076,0,604,0.0
capture_test11_qos_h3_to_h38_no_MTD.txt,no_MTD,h3,h38,h3_to_h38,205.5,7.02,1.234,0,605,0.0
capture_test11_qos_h3_to_h38_no_MTD.txt,no_MTD,h3,h38,h3_to_h38,206.5,6.98,1.152,0,603,0.0
capture_test11_qos_h3_to_h38_no_MTD.txt,no_MTD,h3,h38,h3_to_h38,207.5,2.2,4.926,0,190,0.0
capture_test11_qos_h3_to_h38_no_MTD.txt,no_MTD,h3,h38,h3_to_h38,208.5,9.45,1.002,0,816,0.0
capture_test11_qos_h3_to_h38_no_MTD.txt,no_MTD,h3,h38,h3_to_h38,209.5,9.16,0.926,0,790,0.0
capture_test11_qos_h3_to_h38_no_MTD.txt,no_MTD,h3,h38,h3_to_h38,210.5,7.2,1.053,0,622,0.0
capture_test11_qos_h3_to_h38_no_MTD.txt,no_MTD,h3,h38,h3_to_h38,211.5,6.77,1.553,0,584,0.0
capture_test11_qos_h3_to_h38_no_MTD.txt,no_MTD,h3,h38,h3_to_h38,212.5,7.21,1.369,0,623,0.0
capture_test11_qos_h3_to_h38_no_MTD.txt,no_MTD,h3,h38,h3_to_h38,213.5,7.01,1.083,0,605,0.0
capture_test11_qos_h3_to_h38_no_MTD.txt,no_MTD,h3,h38,h3_to_h38,214.5,7.0,1.164,0,604,0.0
capture_test11_qos_h3_to_h38_no_MTD.txt,no_MTD,h3,h38,h3_to_h38,215.5,7.0,0.947,0,604,0.0
capture_test11_qos_h3_to_h38_no_MTD.txt,no_MTD,h3,h38,h3_to_h38,216.56,3.59,23.132,0,348,0.0
capture_test11_qos_h3_to_h38_no_MTD.txt,no_MTD,h3,h38,h3_to_h38,217.56,9.13,1.198,0,690,0.0
capture_test11_qos_h3_to_h38_no_MTD.txt,no_MTD,h3,h38,h3_to_h38,218.5,8.99,0.855,0,776,0.0
capture_test11_qos_h3_to_h38_no_MTD.txt,no_MTD,h3,h38,h3_to_h38,219.5,7.0,1.169,0,604,0.0
capture_test11_qos_h3_to_h38_no_MTD.txt,no_MTD,h3,h38,h3_to_h38,220.565,3.85,1.26,0,374,0.0
capture_test11_qos_h3_to_h38_no_MTD.txt,no_MTD,h3,h38,h3_to_h38,221.565,9.41,0.912,0,711,0.0
capture_test11_qos_h3_to_h38_no_MTD.txt,no_MTD,h3,h38,h3_to_h38,222.565,1.17,1.41,0,114,0.0
capture_test11_qos_h3_to_h38_no_MTD.txt,no_MTD,h3,h38,h3_to_h38,223.565,0.318,16.149,0,24,0.0
capture_test11_qos_h3_to_h38_no_MTD.txt,no_MTD,h3,h38,h3_to_h38,224.565,0.834,2.429,0,81,0.0
capture_test11_qos_h3_to_h38_no_MTD.txt,no_MTD,h3,h38,h3_to_h38,225.63,0.104,32.775,0,9,0.0
capture_test11_qos_h3_to_h38_no_MTD.txt,no_MTD,h3,h38,h3_to_h38,226.565,9.28,2.436,0,697,0.0
capture_test11_qos_h3_to_h38_no_MTD.txt,no_MTD,h3,h38,h3_to_h38,227.5,9.59,0.726,1394,2222,62.736273627362735
capture_test11_qos_h3_to_h38_no_MTD.txt,no_MTD,h3,h38,h3_to_h38,228.5,9.68,1.011,0,836,0.0
capture_test11_qos_h3_to_h38_no_MTD.txt,no_MTD,h3,h38,h3_to_h38,229.5,9.63,0.969,0,832,0.0
capture_test11_qos_h3_to_h38_no_MTD.txt,no_MTD,h3,h38,h3_to_h38,230.5,8.66,0.965,0,747,0.0
capture_test11_qos_h3_to_h38_no_MTD.txt,no_MTD,h3,h38,h3_to_h38,231.5,6.98,1.046,0,603,0.0
capture_test11_qos_h3_to_h38_no_MTD.txt,no_MTD,h3,h38,h3_to_h38,232.5,7.02,0.958,0,606,0.0
capture_test11_qos_h3_to_h38_no_MTD.txt,no_MTD,h3,h38,h3_to_h38,233.5,6.99,0.452,0,604,0.0
capture_test11_qos_h3_to_h38_no_MTD.txt,no_MTD,h3,h38,h3_to_h38,234.5,7.03,0.779,0,606,0.0
capture_test11_qos_h3_to_h38_no_MTD.txt,no_MTD,h3,h38,h3_to_h38,235.5,6.97,0.942,0,602,0.0
capture_test11_qos_h3_to_h38_no_MTD.txt,no_MTD,h3,h38,h3_to_h38,236.5,7.01,0.938,0,605,0.0
capture_test11_qos_h3_to_h38_no_MTD.txt,no_MTD,h3,h38,h3_to_h38,237.5,7.01,0.655,0,606,0.0
capture_test11_qos_h3_to_h38_no_MTD.txt,no_MTD,h3,h38,h3_to_h38,238.5,7.0,0.58,0,604,0.0
capture_test11_qos_h3_to_h38_no_MTD.txt,no_MTD,h3,h38,h3_to_h38,239.5,7.01,0.777,0,604,0.0
capture_test11_qos_h3_to_h38_no_MTD.txt,no_MTD,h3,h38,h3_to_h38,240.5,7.0,0.862,0,605,0.0
capture_test11_qos_h3_to_h38_no_MTD.txt,no_MTD,h3,h38,h3_to_h38,241.5,6.99,0.74,0,603,0.0
capture_test11_qos_h3_to_h38_no_MTD.txt,no_MTD,h3,h38,h3_to_h38,242.5,7.0,0.837,0,604,0.0
capture_test11_qos_h3_to_h38_no_MTD.txt,no_MTD,h3,h38,h3_to_h38,243.5,7.01,0.533,0,605,0.0
capture_test11_qos_h3_to_h38_no_MTD.txt,no_MTD,h3,h38,h3_to_h38,244.5,7.0,0.851,0,604,0.0
capture_test11_qos_h3_to_h38_no_MTD.txt,no_MTD,h3,h38,h3_to_h38,245.5,6.99,0.779,0,604,0.0
capture_test11_qos_h3_to_h38_no_MTD.txt,no_MTD,h3,h38,h3_to_h38,246.5,7.01,0.815,0,604,0.0
capture_test11_qos_h3_to_h38_no_MTD.txt,no_MTD,h3,h38,h3_to_h38,247.5,6.98,0.811,0,603,0.0
capture_test11_qos_h3_to_h38_no_MTD.txt,no_MTD,h3,h38,h3_to_h38,248.5,7.0,1.123,0,604,0.0
capture_test11_qos_h3_to_h38_no_MTD.txt,no_MTD,h3,h38,h3_to_h38,249.5,7.01,0.898,0,606,0.0
capture_test11_qos_h3_to_h38_no_MTD.txt,no_MTD,h3,h38,h3_to_h38,250.5,7.0,1.039,0,604,0.0
capture_test11_qos_h3_to_h38_no_MTD.txt,no_MTD,h3,h38,h3_to_h38,251.5,7.0,0.968,0,605,0.0
capture_test11_qos_h3_to_h38_no_MTD.txt,no_MTD,h3,h38,h3_to_h38,252.5,7.0,0.887,0,604,0.0
capture_test11_qos_h3_to_h38_no_MTD.txt,no_MTD,h3,h38,h3_to_h38,253.5,6.99,1.257,0,603,0.0
capture_test11_qos_h3_to_h38_no_MTD.txt,no_MTD,h3,h38,h3_to_h38,254.5,7.0,0.494,0,605,0.0
capture_test11_qos_h3_to_h38_no_MTD.txt,no_MTD,h3,h38,h3_to_h38,255.5,7.01,0.87,0,605,0.0
capture_test11_qos_h3_to_h38_no_MTD.txt,no_MTD,h3,h38,h3_to_h38,256.5,6.99,0.694,0,603,0.0
capture_test11_qos_h3_to_h38_no_MTD.txt,no_MTD,h3,h38,h3_to_h38,257.5,7.02,0.9,0,606,0.0
capture_test11_qos_h3_to_h38_no_MTD.txt,no_MTD,h3,h38,h3_to_h38,258.5,6.99,1.093,0,603,0.0
capture_test11_qos_h3_to_h38_no_MTD.txt,no_MTD,h3,h38,h3_to_h38,259.5,7.0,0.982,0,605,0.0
capture_test11_qos_h3_to_h38_no_MTD.txt,no_MTD,h3,h38,h3_to_h38,260.5,6.98,1.171,0,602,0.0
capture_test11_qos_h3_to_h38_no_MTD.txt,no_MTD,h3,h38,h3_to_h38,261.5,7.01,1.221,0,606,0.0
capture_test11_qos_h3_to_h38_no_MTD.txt,no_MTD,h3,h38,h3_to_h38,262.5,7.0,1.331,0,605,0.0
capture_test11_qos_h3_to_h38_no_MTD.txt,no_MTD,h3,h38,h3_to_h38,263.5,7.02,1.127,0,604,0.0
capture_test11_qos_h3_to_h38_no_MTD.txt,no_MTD,h3,h38,h3_to_h38,264.5,6.99,0.609,0,604,0.0
capture_test11_qos_h3_to_h38_no_MTD.txt,no_MTD,h3,h38,h3_to_h38,265.5,7.01,0.647,0,605,0.0
capture_test11_qos_h3_to_h38_no_MTD.txt,no_MTD,h3,h38,h3_to_h38,266.5,6.98,0.536,0,603,0.0
capture_test11_qos_h3_to_h38_no_MTD.txt,no_MTD,h3,h38,h3_to_h38,267.5,7.01,0.626,0,605,0.0
capture_test11_qos_h3_to_h38_no_MTD.txt,no_MTD,h3,h38,h3_to_h38,268.5,6.99,0.744,0,604,0.0
capture_test11_qos_h3_to_h38_no_MTD.txt,no_MTD,h3,h38,h3_to_h38,269.5,7.0,1.28,0,604,0.0
capture_test11_qos_h3_to_h38_no_MTD.txt,no_MTD,h3,h38,h3_to_h38,270.5,6.99,1.397,0,603,0.0
capture_test11_qos_h3_to_h38_no_MTD.txt,no_MTD,h3,h38,h3_to_h38,271.5,7.03,1.054,0,607,0.0
capture_test11_qos_h3_to_h38_no_MTD.txt,no_MTD,h3,h38,h3_to_h38,272.5,6.98,1.133,0,603,0.0
capture_test11_qos_h3_to_h38_no_MTD.txt,no_MTD,h3,h38,h3_to_h38,273.5,6.99,1.072,0,603,0.0
capture_test11_qos_h3_to_h38_no_MTD.txt,no_MTD,h3,h38,h3_to_h38,274.5,7.0,1.202,0,604,0.0
capture_test11_qos_h3_to_h38_no_MTD.txt,no_MTD,h3,h38,h3_to_h38,275.5,7.02,1.001,0,606,0.0
capture_test11_qos_h3_to_h38_no_MTD.txt,no_MTD,h3,h38,h3_to_h38,276.5,6.99,0.787,0,604,0.0
capture_test11_qos_h3_to_h38_no_MTD.txt,no_MTD,h3,h38,h3_to_h38,277.5,7.01,0.915,0,605,0.0
capture_test11_qos_h3_to_h38_no_MTD.txt,no_MTD,h3,h38,h3_to_h38,278.5,7.01,0.882,0,604,0.0
capture_test11_qos_h3_to_h38_no_MTD.txt,no_MTD,h3,h38,h3_to_h38,279.5,6.98,1.408,0,603,0.0
capture_test11_qos_h3_to_h38_no_MTD.txt,no_MTD,h3,h38,h3_to_h38,280.5,7.02,0.621,0,606,0.0
capture_test11_qos_h3_to_h38_no_MTD.txt,no_MTD,h3,h38,h3_to_h38,281.5,6.98,0.859,0,603,0.0
capture_test11_qos_h3_to_h38_no_MTD.txt,no_MTD,h3,h38,h3_to_h38,282.5,7.01,0.827,0,605,0.0
capture_test11_qos_h3_to_h38_no_MTD.txt,no_MTD,h3,h38,h3_to_h38,283.5,6.99,0.95,0,603,0.0
capture_test11_qos_h3_to_h38_no_MTD.txt,no_MTD,h3,h38,h3_to_h38,284.5,7.02,0.908,0,606,0.0
capture_test11_qos_h3_to_h38_no_MTD.txt,no_MTD,h3,h38,h3_to_h38,285.5,5.57,3.11,0,481,0.0
capture_test11_qos_h3_to_h38_no_MTD.txt,no_MTD,h3,h38,h3_to_h38,286.5,4.59,5.222,0,396,0.0
capture_test11_qos_h3_to_h38_no_MTD.txt,no_MTD,h3,h38,h3_to_h38,287.595,6.45,12.916,0,660,0.0
capture_test11_qos_h3_to_h38_no_MTD.txt,no_MTD,h3,h38,h3_to_h38,288.595,0.696,11.222,0,49,0.0
capture_test11_qos_h3_to_h38_no_MTD.txt,no_MTD,h3,h38,h3_to_h38,289.5,0.847,6.191,0,73,0.0
capture_test11_qos_h3_to_h38_no_MTD.txt,no_MTD,h3,h38,h3_to_h38,290.59000000000003,2.01,1.575,0,204,0.0
capture_test11_qos_h3_to_h38_no_MTD.txt,no_MTD,h3,h38,h3_to_h38,291.68,0.486,4.608,0,42,0.0
capture_test11_qos_h3_to_h38_no_MTD.txt,no_MTD,h3,h38,h3_to_h38,292.59000000000003,9.3,55.593,0,661,0.0
capture_test11_qos_h3_to_h38_no_MTD.txt,no_MTD,h3,h38,h3_to_h38,293.5,9.51,0.849,1414,2235,63.2662192393736
capture_test11_qos_h3_to_h38_no_MTD.txt,no_MTD,h3,h38,h3_to_h38,294.5,9.63,0.873,0,832,0.0
capture_test11_qos_h3_to_h38_no_MTD.txt,no_MTD,h3,h38,h3_to_h38,295.5,9.62,1.088,0,829,0.0
capture_test11_qos_h3_to_h38_no_MTD.txt,no_MTD,h3,h38,h3_to_h38,296.5,8.76,2.051,0,757,0.0
capture_test11_qos_h3_to_h38_no_MTD.txt,no_MTD,h3,h38,h3_to_h38,297.5,7.36,1.086,0,636,0.0
capture_test11_qos_h3_to_h38_no_MTD.txt,no_MTD,h3,h38,h3_to_h38,298.5,7.0,1.313,0,603,0.0
capture_test11_qos_h3_to_h38_no_MTD.txt,no_MTD,h3,h38,h3_to_h38,299.5,6.98,0.848,0,602,0.0
capture_test11_qos_h3_to_h38_no_MTD.txt,no_MTD,h3,h38,h3_to_h38,300.055,6.96,1.249,0,67,0.0
capture_test12_qos_h39_to_h2_MTD.txt,MTD,h39,h2,h39_to_h2,0.5,6.1,1.108,0,527,0.0
capture_test12_qos_h39_to_h2_MTD.txt,MTD,h39,h2,h39_to_h2,1.5,7.01,1.163,0,605,0.0
capture_test12_qos_h39_to_h2_MTD.txt,MTD,h39,h2,h39_to_h2,2.5,6.98,0.818,0,602,0.0
capture_test12_qos_h39_to_h2_MTD.txt,MTD,h39,h2,h39_to_h2,3.5,7.02,0.921,0,606,0.0
capture_test12_qos_h39_to_h2_MTD.txt,MTD,h39,h2,h39_to_h2,4.5,6.98,1.504,0,602,0.0
capture_test12_qos_h39_to_h2_MTD.txt,MTD,h39,h2,h39_to_h2,5.5,7.02,0.906,0,606,0.0
capture_test12_qos_h39_to_h2_MTD.txt,MTD,h39,h2,h39_to_h2,6.5,7.01,1.163,0,605,0.0
capture_test12_qos_h39_to_h2_MTD.txt,MTD,h39,h2,h39_to_h2,7.5,7.0,1.021,0,604,0.0
capture_test12_qos_h39_to_h2_MTD.txt,MTD,h39,h2,h39_to_h2,8.5,7.0,1.187,0,604,0.0
capture_test12_qos_h39_to_h2_MTD.txt,MTD,h39,h2,h39_to_h2,9.5,6.99,1.227,0,603,0.0
capture_test12_qos_h39_to_h2_MTD.txt,MTD,h39,h2,h39_to_h2,10.5,6.99,1.619,0,604,0.0
capture_test12_qos_h39_to_h2_MTD.txt,MTD,h39,h2,h39_to_h2,11.5,7.01,1.27,0,605,0.0
capture_test12_qos_h39_to_h2_MTD.txt,MTD,h39,h2,h39_to_h2,12.5,7.01,1.273,0,605,0.0
capture_test12_qos_h39_to_h2_MTD.txt,MTD,h39,h2,h39_to_h2,13.5,6.99,1.284,0,604,0.0
capture_test12_qos_h39_to_h2_MTD.txt,MTD,h39,h2,h39_to_h2,14.5,3.02,1.369,0,262,0.0
capture_test12_qos_h39_to_h2_MTD.txt,MTD,h39,h2,h39_to_h2,15.5,8.84,1.23,0,760,0.0
capture_test12_qos_h39_to_h2_MTD.txt,MTD,h39,h2,h39_to_h2,16.5,9.17,1.355,0,792,0.0
capture_test12_qos_h39_to_h2_MTD.txt,MTD,h39,h2,h39_to_h2,17.5,7.0,1.12,0,604,0.0
capture_test12_qos_h39_to_h2_MTD.txt,MTD,h39,h2,h39_to_h2,18.5,6.92,1.304,0,597,0.0
capture_test12_qos_h39_to_h2_MTD.txt,MTD,h39,h2,h39_to_h2,19.5,7.09,1.1,0,612,0.0
capture_test12_qos_h39_to_h2_MTD.txt,MTD,h39,h2,h39_to_h2,20.5,6.99,1.173,0,604,0.0
capture_test12_qos_h39_to_h2_MTD.txt,MTD,h39,h2,h39_to_h2,21.5,7.01,0.946,0,605,0.0
capture_test12_qos_h39_to_h2_MTD.txt,MTD,h39,h2,h39_to_h2,22.5,7.0,1.058,0,604,0.0
capture_test12_qos_h39_to_h2_MTD.txt,MTD,h39,h2,h39_to_h2,23.5,6.99,0.904,0,603,0.0
capture_test12_qos_h39_to_h2_MTD.txt,MTD,h39,h2,h39_to_h2,24.5,6.99,1.262,0,604,0.0
capture_test12_qos_h39_to_h2_MTD.txt,MTD,h39,h2,h39_to_h2,25.5,7.01,1.025,0,605,0.0
capture_test12_qos_h39_to_h2_MTD.txt,MTD,h39,h2,h39_to_h2,26.5,6.98,1.165,0,603,0.0
capture_test12_qos_h39_to_h2_MTD.txt,MTD,h39,h2,h39_to_h2,27.5,7.03,0.834,0,606,0.0
capture_test12_qos_h39_to_h2_MTD.txt,MTD,h39,h2,h39_to_h2,28.5,7.0,1.199,0,604,0.0
capture_test12_qos_h39_to_h2_MTD.txt,MTD,h39,h2,h39_to_h2,29.5,6.99,1.304,0,603,0.0
capture_test12_qos_h39_to_h2_MTD.txt,MTD,h39,h2,h39_to_h2,30.5,6.44,1.504,0,556,0.0
capture_test12_qos_h39_to_h2_MTD.txt,MTD,h39,h2,h39_to_h2,31.5,7.55,1.4,0,653,0.0
capture_test12_qos_h39_to_h2_MTD.txt,MTD,h39,h2,h39_to_h2,32.5,7.03,1.024,0,606,0.0
capture_test12_qos_h39_to_h2_MTD.txt,MTD,h39,h2,h39_to_h2,33.5,6.99,0.884,0,603,0.0
capture_test12_qos_h39_to_h2_MTD.txt,MTD,h39,h2,h39_to_h2,34.5,6.98,1.3,0,603,0.0
capture_test12_qos_h39_to_h2_MTD.txt,MTD,h39,h2,h39_to_h2,35.5,7.01,1.683,0,605,0.0
capture_test12_qos_h39_to_h2_MTD.txt,MTD,h39,h2,h39_to_h2,36.5,7.03,0.929,0,606,0.0
capture_test12_qos_h39_to_h2_MTD.txt,MTD,h39,h2,h39_to_h2,37.5,6.99,1.091,0,604,0.0
capture_test12_qos_h39_to_h2_MTD.txt,MTD,h39,h2,h39_to_h2,38.5,6.98,1.157,0,602,0.0
capture_test12_qos_h39_to_h2_MTD.txt,MTD,h39,h2,h39_to_h2,39.5,7.0,1.486,0,604,0.0
capture_test12_qos_h39_to_h2_MTD.txt,MTD,h39,h2,h39_to_h2,40.5,7.01,1.761,0,605,0.0
capture_test12_qos_h39_to_h2_MTD.txt,MTD,h39,h2,h39_to_h2,41.5,7.02,0.861,0,606,0.0
capture_test12_qos_h39_to_h2_MTD.txt,MTD,h39,h2,h39_to_h2,42.5,6.99,1.228,0,603,0.0
capture_test12_qos_h39_to_h2_MTD.txt,MTD,h39,h2,h39_to_h2,43.5,6.99,1.369,0,604,0.0
capture_test12_qos_h39_to_h2_MTD.txt,MTD,h39,h2,h39_to_h2,44.5,7.0,0.662,0,605,0.0
capture_test12_qos_h39_to_h2_MTD.txt,MTD,h39,h2,h39_to_h2,45.5,7.01,0.983,0,605,0.0
capture_test12_qos_h39_to_h2_MTD.txt,MTD,h39,h2,h39_to_h2,46.5,6.97,1.128,0,601,0.0
capture_test12_qos_h39_to_h2_MTD.txt,MTD,h39,h2,h39_to_h2,47.5,7.03,1.005,0,608,0.0
capture_test12_qos_h39_to_h2_MTD.txt,MTD,h39,h2,h39_to_h2,48.504999999999995,6.76,2.857,0,589,0.0
capture_test12_qos_h39_to_h2_MTD.txt,MTD,h39,h2,h39_to_h2,49.504999999999995,7.25,0.94,0,620,0.0
capture_test12_qos_h39_to_h2_MTD.txt,MTD,h39,h2,h39_to_h2,50.5,6.97,0.811,0,602,0.0
capture_test12_qos_h39_to_h2_MTD.txt,MTD,h39,h2,h39_to_h2,51.504999999999995,3.62,29.899,0,314,0.0
capture_test12_qos_h39_to_h2_MTD.txt,MTD,h39,h2,h39_to_h2,52.504999999999995,9.04,1.115,0,777,0.0
capture_test12_qos_h39_to_h2_MTD.txt,MTD,h39,h2,h39_to_h2,53.5,8.36,0.768,0,723,0.0
capture_test12_qos_h39_to_h2_MTD.txt,MTD,h39,h2,h39_to_h2,54.5,7.02,1.244,0,605,0.0
capture_test12_qos_h39_to_h2_MTD.txt,MTD,h39,h2,h39_to_h2,55.5,6.94,1.514,0,599,0.0
capture_test12_qos_h39_to_h2_MTD.txt,MTD,h39,h2,h39_to_h2,56.5,7.08,0.687,0,611,0.0
capture_test12_qos_h39_to_h2_MTD.txt,MTD,h39,h2,h39_to_h2,57.5,6.99,1.205,0,603,0.0
capture_test12_qos_h39_to_h2_MTD.txt,MTD,h39,h2,h39_to_h2,58.5,6.99,1.566,0,603,0.0
capture_test12_qos_h39_to_h2_MTD.txt,MTD,h39,h2,h39_to_h2,59.5,7.0,1.457,0,605,0.0
capture_test12_qos_h39_to_h2_MTD.txt,MTD,h39,h2,h39_to_h2,60.5,6.99,1.131,0,603,0.0
capture_test12_qos_h39_to_h2_MTD.txt,MTD,h39,h2,h39_to_h2,61.5,7.01,1.225,0,605,0.0
capture_test12_qos_h39_to_h2_MTD.txt,MTD,h39,h2,h39_to_h2,62.5,7.0,1.307,0,604,0.0
capture_test12_qos_h39_to_h2_MTD.txt,MTD,h39,h2,h39_to_h2,63.5,7.01,1.043,0,605,0.0
capture_test12_qos_h39_to_h2_MTD.txt,MTD,h39,h2,h39_to_h2,64.5,3.79,1.181,0,327,0.0
capture_test12_qos_h39_to_h2_MTD.txt,MTD,h39,h2,h39_to_h2,65.5,9.53,1.069,0,823,0.0
capture_test12_qos_h39_to_h2_MTD.txt,MTD,h39,h2,h39_to_h2,66.5,7.66,1.248,0,662,0.0
capture_test12_qos_h39_to_h2_MTD.txt,MTD,h39,h2,h39_to_h2,67.5,6.65,1.623,0,573,0.0
capture_test12_qos_h39_to_h2_MTD.txt,MTD,h39,h2,h39_to_h2,68.5,7.38,1.072,0,638,0.0
capture_test12_qos_h39_to_h2_MTD.txt,MTD,h39,h2,h39_to_h2,69.5,6.98,1.415,0,603,0.0
capture_test12_qos_h39_to_h2_MTD.txt,MTD,h39,h2,h39_to_h2,70.5,6.99,1.469,0,602,0.0
capture_test12_qos_h39_to_h2_MTD.txt,MTD,h39,h2,h39_to_h2,71.5,6.98,1.452,0,604,0.0
capture_test12_qos_h39_to_h2_MTD.txt,MTD,h39,h2,h39_to_h2,72.5,6.99,1.398,0,605,0.0
capture_test12_qos_h39_to_h2_MTD.txt,MTD,h39,h2,h39_to_h2,73.5,7.01,1.01,0,604,0.0
capture_test12_qos_h39_to_h2_MTD.txt,MTD,h39,h2,h39_to_h2,74.50999999999999,2.25,1.421,0,198,0.0
capture_test12_qos_h39_to_h2_MTD.txt,MTD,h39,h2,h39_to_h2,75.50999999999999,9.06,1.592,0,766,0.0
capture_test12_qos_h39_to_h2_MTD.txt,MTD,h39,h2,h39_to_h2,76.5,9.59,1.647,0,828,0.0
capture_test12_qos_h39_to_h2_MTD.txt,MTD,h39,h2,h39_to_h2,77.5,7.25,1.422,0,626,0.0
capture_test12_qos_h39_to_h2_MTD.txt,MTD,h39,h2,h39_to_h2,78.5,7.01,1.165,0,605,0.0
capture_test12_qos_h39_to_h2_MTD.txt,MTD,h39,h2,h39_to_h2,79.5,6.98,1.478,0,602,0.0
capture_test12_qos_h39_to_h2_MTD.txt,MTD,h39,h2,h39_to_h2,80.5,7.03,0.984,0,607,0.0
capture_test12_qos_h39_to_h2_MTD.txt,MTD,h39,h2,h39_to_h2,81.5,6.9,1.857,0,597,0.0
capture_test12_qos_h39_to_h2_MTD.txt,MTD,h39,h2,h39_to_h2,82.5,7.09,1.363,0,611,0.0
capture_test12_qos_h39_to_h2_MTD.txt,MTD,h39,h2,h39_to_h2,83.5,7.0,0.978,0,604,0.0
capture_test12_qos_h39_to_h2_MTD.txt,MTD,h39,h2,h39_to_h2,84.515,4.94,17.021,0,441,0.0
capture_test12_qos_h39_to_h2_MTD.txt,MTD,h39,h2,h39_to_h2,85.515,9.12,1.118,0,761,0.0
capture_test12_qos_h39_to_h2_MTD.txt,MTD,h39,h2,h39_to_h2,86.5,7.1,0.868,0,612,0.0
capture_test12_qos_h39_to_h2_MTD.txt,MTD,h39,h2,h39_to_h2,87.5,6.98,1.259,0,603,0.0
capture_test12_qos_h39_to_h2_MTD.txt,MTD,h39,h2,h39_to_h2,88.5,7.02,0.939,0,606,0.0
capture_test12_qos_h39_to_h2_MTD.txt,MTD,h39,h2,h39_to_h2,89.5,4.65,1.878,0,402,0.0
capture_test12_qos_h39_to_h2_MTD.txt,MTD,h39,h2,h39_to_h2,90.5,9.32,1.163,0,805,0.0
capture_test12_qos_h39_to_h2_MTD.txt,MTD,h39,h2,h39_to_h2,91.5,7.0,0.942,0,604,0.0
capture_test12_qos_h39_to_h2_MTD.txt,MTD,h39,h2,h39_to_h2,92.5,7.0,0.895,0,605,0.0
capture_test12_qos_h39_to_h2_MTD.txt,MTD,h39,h2,h39_to_h2,93.5,7.01,1.179,0,604,0.0
capture_test12_qos_h39_to_h2_MTD.txt,MTD,h39,h2,h39_to_h2,94.5,6.98,1.172,0,604,0.0
capture_test12_qos_h39_to_h2_MTD.txt,MTD,h39,h2,h39_to_h2,95.515,1.26,47.699,0,112,0.0
capture_test12_qos_h39_to_h2_MTD.txt,MTD,h39,h2,h39_to_h2,96.525,0.733,12.093,0,63,0.0
capture_test12_qos_h39_to_h2_MTD.txt,MTD,h39,h2,h39_to_h2,97.525,0.837,51.87,0,73,0.0
capture_test12_qos_h39_to_h2_MTD.txt,MTD,h39,h2,h39_to_h2,98.535,5.76,1.605,0,499,0.0
capture_test12_qos_h39_to_h2_MTD.txt,MTD,h39,h2,h39_to_h2,99.535,1.49,1.138,0,128,0.0
capture_test12_qos_h39_to_h2_MTD.txt,MTD,h39,h2,h39_to_h2,100.535,2.2,39.956,0,191,0.0
capture_test12_qos_h39_to_h2_MTD.txt,MTD,h39,h2,h39_to_h2,101.54,6.31,18.315,575,1121,51.293487957181085
capture_test12_qos_h39_to_h2_MTD.txt,MTD,h39,h2,h39_to_h2,102.52000000000001,9.61,1.028,992,1788,55.48098434004475
capture_test12_qos_h39_to_h2_MTD.txt,MTD,h39,h2,h39_to_h2,103.5,9.6,1.024,56,884,6.334841628959276
capture_test12_qos_h39_to_h2_MTD.txt,MTD,h39,h2,h39_to_h2,104.5,9.59,1.373,0,829,0.0
capture_test12_qos_h39_to_h2_MTD.txt,MTD,h39,h2,h39_to_h2,105.5,9.66,1.115,0,833,0.0
capture_test12_qos_h39_to_h2_MTD.txt,MTD,h39,h2,h39_to_h2,106.5,8.47,1.196,0,731,0.0
capture_test12_qos_h39_to_h2_MTD.txt,MTD,h39,h2,h39_to_h2,107.5,7.01,1.231,0,605,0.0
capture_test12_qos_h39_to_h2_MTD.txt,MTD,h39,h2,h39_to_h2,108.5,7.0,1.124,0,604,0.0
capture_test12_qos_h39_to_h2_MTD.txt,MTD,h39,h2,h39_to_h2,109.5,6.67,1.082,0,576,0.0
capture_test12_qos_h39_to_h2_MTD.txt,MTD,h39,h2,h39_to_h2,110.5,7.33,1.359,0,633,0.0
capture_test12_qos_h39_to_h2_MTD.txt,MTD,h39,h2,h39_to_h2,111.5,6.98,0.992,0,603,0.0
capture_test12_qos_h39_to_h2_MTD.txt,MTD,h39,h2,h39_to_h2,112.5,7.03,1.278,0,606,0.0
capture_test12_qos_h39_to_h2_MTD.txt,MTD,h39,h2,h39_to_h2,113.5,6.97,1.102,0,602,0.0
capture_test12_qos_h39_to_h2_MTD.txt,MTD,h39,h2,h39_to_h2,114.5,7.0,0.629,0,605,0.0
capture_test12_qos_h39_to_h2_MTD.txt,MTD,h39,h2,h39_to_h2,115.5,6.98,1.12,0,602,0.0
capture_test12_qos_h39_to_h2_MTD.txt,MTD,h39,h2,h39_to_h2,116.5,7.02,1.133,0,607,0.0
capture_test12_qos_h39_to_h2_MTD.txt,MTD,h39,h2,h39_to_h2,117.5,7.0,1.247,0,604,0.0
capture_test12_qos_h39_to_h2_MTD.txt,MTD,h39,h2,h39_to_h2,118.52000000000001,6.26,7.716,0,560,0.0
capture_test12_qos_h39_to_h2_MTD.txt,MTD,h39,h2,h39_to_h2,119.52000000000001,7.81,1.396,0,650,0.0
capture_test12_qos_h39_to_h2_MTD.txt,MTD,h39,h2,h39_to_h2,120.5,6.99,0.931,0,604,0.0
capture_test12_qos_h39_to_h2_MTD.txt,MTD,h39,h2,h39_to_h2,121.5,6.99,0.993,0,603,0.0
capture_test12_qos_h39_to_h2_MTD.txt,MTD,h39,h2,h39_to_h2,122.5,7.01,1.544,0,605,0.0
capture_test12_qos_h39_to_h2_MTD.txt,MTD,h39,h2,h39_to_h2,123.5,7.0,0.766,0,604,0.0
capture_test12_qos_h39_to_h2_MTD.txt,MTD,h39,h2,h39_to_h2,124.5,7.0,1.021,0,604,0.0
capture_test12_qos_h39_to_h2_MTD.txt,MTD,h39,h2,h39_to_h2,125.5,7.01,0.902,0,605,0.0
capture_test12_qos_h39_to_h2_MTD.txt,MTD,h39,h2,h39_to_h2,126.5,7.01,0.698,0,605,0.0
capture_test12_qos_h39_to_h2_MTD.txt,MTD,h39,h2,h39_to_h2,127.525,4.43,22.226,0,403,0.0
capture_test12_qos_h39_to_h2_MTD.txt,MTD,h39,h2,h39_to_h2,128.525,9.32,1.52,0,762,0.0
capture_test12_qos_h39_to_h2_MTD.txt,MTD,h39,h2,h39_to_h2,129.525,4.42,24.974,2,401,0.4987531172069825
capture_test12_qos_h39_to_h2_MTD.txt,MTD,h39,h2,h39_to_h2,130.525,9.17,1.073,18446744073709551614,753,2.4497668092575764e+18
capture_test12_qos_h39_to_h2_MTD.txt,MTD,h39,h2,h39_to_h2,131.5,8.11,1.114,0,701,0.0
capture_test12_qos_h39_to_h2_MTD.txt,MTD,h39,h2,h39_to_h2,132.5,7.02,0.818,0,606,0.0
capture_test12_qos_h39_to_h2_MTD.txt,MTD,h39,h2,h39_to_h2,133.5,6.98,1.241,0,602,0.0
capture_test12_qos_h39_to_h2_MTD.txt,MTD,h39,h2,h39_to_h2,134.5,6.98,1.167,0,604,0.0
capture_test12_qos_h39_to_h2_MTD.txt,MTD,h39,h2,h39_to_h2,135.5,7.03,1.153,0,606,0.0
capture_test12_qos_h39_to_h2_MTD.txt,MTD,h39,h2,h39_to_h2,136.5,7.0,1.098,0,604,0.0
capture_test12_qos_h39_to_h2_MTD.txt,MTD,h39,h2,h39_to_h2,137.5,7.0,1.628,0,603,0.0
capture_test12_qos_h39_to_h2_MTD.txt,MTD,h39,h2,h39_to_h2,138.5,6.98,1.775,0,604,0.0
capture_test12_qos_h39_to_h2_MTD.txt,MTD,h39,h2,h39_to_h2,139.53,5.14,14.096,0,470,0.0
capture_test12_qos_h39_to_h2_MTD.txt,MTD,h39,h2,h39_to_h2,140.53,8.35,1.024,0,679,0.0
capture_test12_qos_h39_to_h2_MTD.txt,MTD,h39,h2,h39_to_h2,141.5,6.47,56.851,0,558,0.0
capture_test12_qos_h39_to_h2_MTD.txt,MTD,h39,h2,h39_to_h2,142.5,8.31,1.213,0,718,0.0
capture_test12_qos_h39_to_h2_MTD.txt,MTD,h39,h2,h39_to_h2,143.5,7.01,0.776,0,606,0.0
capture_test12_qos_h39_to_h2_MTD.txt,MTD,h39,h2,h39_to_h2,144.5,6.98,1.446,0,602,0.0
capture_test12_qos_h39_to_h2_MTD.txt,MTD,h39,h2,h39_to_h2,145.5,6.98,1.338,0,603,0.0
capture_test12_qos_h39_to_h2_MTD.txt,MTD,h39,h2,h39_to_h2,146.5,7.03,1.082,0,606,0.0
capture_test12_qos_h39_to_h2_MTD.txt,MTD,h39,h2,h39_to_h2,147.5,7.0,1.171,0,604,0.0
capture_test12_qos_h39_to_h2_MTD.txt,MTD,h39,h2,h39_to_h2,148.51,5.75,2.76,0,507,0.0
capture_test12_qos_h39_to_h2_MTD.txt,MTD,h39,h2,h39_to_h2,149.51,7.64,0.984,0,646,0.0
capture_test12_qos_h39_to_h2_MTD.txt,MTD,h39,h2,h39_to_h2,150.5,7.65,1.527,0,659,0.0
capture_test12_qos_h39_to_h2_MTD.txt,MTD,h39,h2,h39_to_h2,151.5,6.99,1.15,0,604,0.0
capture_test12_qos_h39_to_h2_MTD.txt,MTD,h39,h2,h39_to_h2,152.5,7.02,1.059,0,606,0.0
capture_test12_qos_h39_to_h2_MTD.txt,MTD,h39,h2,h39_to_h2,153.5,6.98,1.173,0,603,0.0
capture_test12_qos_h39_to_h2_MTD.txt,MTD,h39,h2,h39_to_h2,154.5,7.01,1.205,0,605,0.0
capture_test12_qos_h39_to_h2_MTD.txt,MTD,h39,h2,h39_to_h2,155.5,6.97,1.079,0,602,0.0
capture_test12_qos_h39_to_h2_MTD.txt,MTD,h39,h2,h39_to_h2,156.5,6.99,1.309,0,604,0.0
capture_test12_qos_h39_to_h2_MTD.txt,MTD,h39,h2,h39_to_h2,157.5,7.02,1.079,0,606,0.0
capture_test12_qos_h39_to_h2_MTD.txt,MTD,h39,h2,h39_to_h2,158.5,7.02,0.952,0,606,0.0
capture_test12_qos_h39_to_h2_MTD.txt,MTD,h39,h2,h39_to_h2,159.5,6.99,1.097,0,604,0.0
capture_test12_qos_h39_to_h2_MTD.txt,MTD,h39,h2,h39_to_h2,160.5,6.99,1.183,0,603,0.0
capture_test12_qos_h39_to_h2_MTD.txt,MTD,h39,h2,h39_to_h2,161.5,6.98,1.353,0,603,0.0
capture_test12_qos_h39_to_h2_MTD.txt,MTD,h39,h2,h39_to_h2,162.5,7.03,1.307,0,606,0.0
capture_test12_qos_h39_to_h2_MTD.txt,MTD,h39,h2,h39_to_h2,163.5,6.99,1.448,0,604,0.0
capture_test12_qos_h39_to_h2_MTD.txt,MTD,h39,h2,h39_to_h2,164.5,7.02,1.503,0,606,0.0
capture_test12_qos_h39_to_h2_MTD.txt,MTD,h39,h2,h39_to_h2,165.5,6.98,1.175,0,603,0.0
capture_test12_qos_h39_to_h2_MTD.txt,MTD,h39,h2,h39_to_h2,166.5,6.99,1.147,0,603,0.0
capture_test12_qos_h39_to_h2_MTD.txt,MTD,h39,h2,h39_to_h2,167.5,7.0,1.209,0,605,0.0
capture_test12_qos_h39_to_h2_MTD.txt,MTD,h39,h2,h39_to_h2,168.5,7.0,0.906,0,604,0.0
capture_test12_qos_h39_to_h2_MTD.txt,MTD,h39,h2,h39_to_h2,169.5,5.23,2.161,0,451,0.0
capture_test12_qos_h39_to_h2_MTD.txt,MTD,h39,h2,h39_to_h2,170.5,8.8,1.179,0,759,0.0
capture_test12_qos_h39_to_h2_MTD.txt,MTD,h39,h2,h39_to_h2,171.5,6.99,0.851,0,604,0.0
capture_test12_qos_h39_to_h2_MTD.txt,MTD,h39,h2,h39_to_h2,172.5,0.707,11.67,0,61,0.0
capture_test12_qos_h39_to_h2_MTD.txt,MTD,h39,h2,h39_to_h2,173.5,8.39,1.423,0,725,0.0
capture_test12_qos_h39_to_h2_MTD.txt,MTD,h39,h2,h39_to_h2,174.5,9.41,1.402,0,812,0.0
capture_test12_qos_h39_to_h2_MTD.txt,MTD,h39,h2,h39_to_h2,175.5,9.42,1.037,0,813,0.0
capture_test12_qos_h39_to_h2_MTD.txt,MTD,h39,h2,h39_to_h2,176.5,7.06,0.761,0,610,0.0
capture_test12_qos_h39_to_h2_MTD.txt,MTD,h39,h2,h39_to_h2,177.5,7.01,1.171,0,605,0.0
capture_test12_qos_h39_to_h2_MTD.txt,MTD,h39,h2,h39_to_h2,178.5,6.97,0.9,0,602,0.0
capture_test12_qos_h39_to_h2_MTD.txt,MTD,h39,h2,h39_to_h2,179.5,7.01,0.932,0,605,0.0
capture_test12_qos_h39_to_h2_MTD.txt,MTD,h39,h2,h39_to_h2,180.5,7.01,1.109,0,605,0.0
capture_test12_qos_h39_to_h2_MTD.txt,MTD,h39,h2,h39_to_h2,181.5,7.0,1.319,0,605,0.0
capture_test12_qos_h39_to_h2_MTD.txt,MTD,h39,h2,h39_to_h2,182.5,7.0,1.069,0,604,0.0
capture_test12_qos_h39_to_h2_MTD.txt,MTD,h39,h2,h39_to_h2,183.5,7.0,0.983,0,605,0.0
capture_test12_qos_h39_to_h2_MTD.txt,MTD,h39,h2,h39_to_h2,184.5,6.95,1.582,0,599,0.0
capture_test12_qos_h39_to_h2_MTD.txt,MTD,h39,h2,h39_to_h2,185.5,7.05,1.685,0,609,0.0
capture_test12_qos_h39_to_h2_MTD.txt,MTD,h39,h2,h39_to_h2,186.54500000000002,3.95,34.957,14,386,3.6269430051813467
capture_test12_qos_h39_to_h2_MTD.txt,MTD,h39,h2,h39_to_h2,187.54500000000002,5.66,1.303,18446744073709551602,430,4.289940482258035e+18
capture_test12_qos_h39_to_h2_MTD.txt,MTD,h39,h2,h39_to_h2,188.5,9.6,1.082,0,829,0.0
capture_test12_qos_h39_to_h2_MTD.txt,MTD,h39,h2,h39_to_h2,189.5,8.79,1.231,0,759,0.0
capture_test12_qos_h39_to_h2_MTD.txt,MTD,h39,h2,h39_to_h2,190.5,7.01,0.859,0,605,0.0
capture_test12_qos_h39_to_h2_MTD.txt,MTD,h39,h2,h39_to_h2,191.5,7.0,1.208,0,604,0.0
capture_test12_qos_h39_to_h2_MTD.txt,MTD,h39,h2,h39_to_h2,192.5,7.0,1.263,0,604,0.0
capture_test12_qos_h39_to_h2_MTD.txt,MTD,h39,h2,h39_to_h2,193.5,7.0,1.155,0,605,0.0
capture_test12_qos_h39_to_h2_MTD.txt,MTD,h39,h2,h39_to_h2,194.5,6.97,1.191,0,601,0.0
capture_test12_qos_h39_to_h2_MTD.txt,MTD,h39,h2,h39_to_h2,195.5,7.02,1.114,0,606,0.0
capture_test12_qos_h39_to_h2_MTD.txt,MTD,h39,h2,h39_to_h2,196.5,7.0,1.339,0,604,0.0
capture_test12_qos_h39_to_h2_MTD.txt,MTD,h39,h2,h39_to_h2,197.5,7.0,1.141,0,605,0.0
capture_test12_qos_h39_to_h2_MTD.txt,MTD,h39,h2,h39_to_h2,198.5,7.01,1.154,0,605,0.0
capture_test12_qos_h39_to_h2_MTD.txt,MTD,h39,h2,h39_to_h2,199.5,6.99,1.445,0,603,0.0
capture_test12_qos_h39_to_h2_MTD.txt,MTD,h39,h2,h39_to_h2,200.5,7.02,1.249,0,606,0.0
capture_test12_qos_h39_to_h2_MTD.txt,MTD,h39,h2,h39_to_h2,201.5,6.97,1.096,0,603,0.0
capture_test12_qos_h39_to_h2_MTD.txt,MTD,h39,h2,h39_to_h2,202.5,7.04,0.94,0,607,0.0
capture_test12_qos_h39_to_h2_MTD.txt,MTD,h39,h2,h39_to_h2,203.5,6.97,1.067,0,602,0.0
capture_test12_qos_h39_to_h2_MTD.txt,MTD,h39,h2,h39_to_h2,204.5,7.01,1.192,0,605,0.0
capture_test12_qos_h39_to_h2_MTD.txt,MTD,h39,h2,h39_to_h2,205.5,6.97,1.357,0,602,0.0
capture_test12_qos_h39_to_h2_MTD.txt,MTD,h39,h2,h39_to_h2,206.5,7.03,1.395,0,607,0.0
capture_test12_qos_h39_to_h2_MTD.txt,MTD,h39,h2,h39_to_h2,207.5,7.0,1.099,0,604,0.0
capture_test12_qos_h39_to_h2_MTD.txt,MTD,h39,h2,h39_to_h2,208.5,6.99,1.401,0,604,0.0
capture_test12_qos_h39_to_h2_MTD.txt,MTD,h39,h2,h39_to_h2,209.5,5.21,6.59,0,449,0.0
capture_test12_qos_h39_to_h2_MTD.txt,MTD,h39,h2,h39_to_h2,210.5,7.6,8.135,0,656,0.0
capture_test12_qos_h39_to_h2_MTD.txt,MTD,h39,h2,h39_to_h2,211.5,7.8,1.125,0,673,0.0
capture_test12_qos_h39_to_h2_MTD.txt,MTD,h39,h2,h39_to_h2,212.5,7.4,1.418,0,639,0.0
capture_test12_qos_h39_to_h2_MTD.txt,MTD,h39,h2,h39_to_h2,213.5,6.97,1.194,0,602,0.0
capture_test12_qos_h39_to_h2_MTD.txt,MTD,h39,h2,h39_to_h2,214.5,7.01,1.273,0,605,0.0
capture_test12_qos_h39_to_h2_MTD.txt,MTD,h39,h2,h39_to_h2,215.5,7.02,1.324,0,605,0.0
capture_test12_qos_h39_to_h2_MTD.txt,MTD,h39,h2,h39_to_h2,216.5,7.0,1.221,0,604,0.0
capture_test12_qos_h39_to_h2_MTD.txt,MTD,h39,h2,h39_to_h2,217.575,0.717,47.835,0,71,0.0
capture_test12_qos_h39_to_h2_MTD.txt,MTD,h39,h2,h39_to_h2,218.575,8.97,1.182,0,660,0.0
capture_test12_qos_h39_to_h2_MTD.txt,MTD,h39,h2,h39_to_h2,219.5,9.58,1.138,0,827,0.0
capture_test12_qos_h39_to_h2_MTD.txt,MTD,h39,h2,h39_to_h2,220.5,9.61,1.075,0,829,0.0
capture_test12_qos_h39_to_h2_MTD.txt,MTD,h39,h2,h39_to_h2,221.5,7.35,1.26,0,635,0.0
capture_test12_qos_h39_to_h2_MTD.txt,MTD,h39,h2,h39_to_h2,222.5,6.99,1.632,0,604,0.0
capture_test12_qos_h39_to_h2_MTD.txt,MTD,h39,h2,h39_to_h2,223.5,6.99,1.269,0,603,0.0
capture_test12_qos_h39_to_h2_MTD.txt,MTD,h39,h2,h39_to_h2,224.5,7.0,1.568,0,604,0.0
capture_test12_qos_h39_to_h2_MTD.txt,MTD,h39,h2,h39_to_h2,225.5,7.02,1.047,0,606,0.0
capture_test12_qos_h39_to_h2_MTD.txt,MTD,h39,h2,h39_to_h2,226.5,7.0,0.816,0,604,0.0
capture_test12_qos_h39_to_h2_MTD.txt,MTD,h39,h2,h39_to_h2,227.5,6.98,1.369,0,603,0.0
capture_test12_qos_h39_to_h2_MTD.txt,MTD,h39,h2,h39_to_h2,228.565,1.4,1.436,0,137,0.0
capture_test12_qos_h39_to_h2_MTD.txt,MTD,h39,h2,h39_to_h2,229.565,9.19,1.163,0,688,0.0
capture_test12_qos_h39_to_h2_MTD.txt,MTD,h39,h2,h39_to_h2,230.5,9.61,1.266,0,830,0.0
capture_test12_qos_h39_to_h2_MTD.txt,MTD,h39,h2,h39_to_h2,231.5,8.85,1.195,0,764,0.0
capture_test12_qos_h39_to_h2_MTD.txt,MTD,h39,h2,h39_to_h2,232.5,7.01,0.6,0,605,0.0
capture_test12_qos_h39_to_h2_MTD.txt,MTD,h39,h2,h39_to_h2,233.5,6.99,1.075,0,604,0.0
capture_test12_qos_h39_to_h2_MTD.txt,MTD,h39,h2,h39_to_h2,234.5,6.99,1.194,0,603,0.0
capture_test12_qos_h39_to_h2_MTD.txt,MTD,h39,h2,h39_to_h2,235.5,7.01,1.303,0,605,0.0
capture_test12_qos_h39_to_h2_MTD.txt,MTD,h39,h2,h39_to_h2,236.5,7.0,1.182,0,604,0.0
capture_test12_qos_h39_to_h2_MTD.txt,MTD,h39,h2,h39_to_h2,237.5,7.0,1.493,0,604,0.0
capture_test12_qos_h39_to_h2_MTD.txt,MTD,h39,h2,h39_to_h2,238.5,7.01,1.105,0,605,0.0
capture_test12_qos_h39_to_h2_MTD.txt,MTD,h39,h2,h39_to_h2,239.5,6.98,1.266,0,603,0.0
capture_test12_qos_h39_to_h2_MTD.txt,MTD,h39,h2,h39_to_h2,240.5,7.01,1.077,0,605,0.0
capture_test12_qos_h39_to_h2_MTD.txt,MTD,h39,h2,h39_to_h2,241.5,6.97,1.335,0,603,0.0
capture_test12_qos_h39_to_h2_MTD.txt,MTD,h39,h2,h39_to_h2,242.5,7.02,1.212,0,605,0.0
capture_test12_qos_h39_to_h2_MTD.txt,MTD,h39,h2,h39_to_h2,243.5,7.01,1.273,0,605,0.0
capture_test12_qos_h39_to_h2_MTD.txt,MTD,h39,h2,h39_to_h2,244.5,7.01,1.235,0,605,0.0
capture_test12_qos_h39_to_h2_MTD.txt,MTD,h39,h2,h39_to_h2,245.5,1.26,0.929,0,109,0.0
capture_test12_qos_h39_to_h2_MTD.txt,MTD,h39,h2,h39_to_h2,246.5,4.52,1.403,0,390,0.0
capture_test12_qos_h39_to_h2_MTD.txt,MTD,h39,h2,h39_to_h2,247.5,5.66,20.702,3,493,0.6085192697768762
capture_test12_qos_h39_to_h2_MTD.txt,MTD,h39,h2,h39_to_h2,248.5,7.25,2.254,18446744073709551613,621,2.9704901890031483e+18
capture_test12_qos_h39_to_h2_MTD.txt,MTD,h39,h2,h39_to_h2,249.57,0.449,5.696,0,44,0.0
capture_test12_qos_h39_to_h2_MTD.txt,MTD,h39,h2,h39_to_h2,250.57,9.43,2.25,0,705,0.0
capture_test12_qos_h39_to_h2_MTD.txt,MTD,h39,h2,h39_to_h2,251.5,5.45,3.042,349,820,42.5609756097561
capture_test12_qos_h39_to_h2_MTD.txt,MTD,h39,h2,h39_to_h2,252.57999999999998,6.54,13.153,0,656,0.0
capture_test12_qos_h39_to_h2_MTD.txt,MTD,h39,h2,h39_to_h2,253.57999999999998,9.48,1.109,0,685,0.0
capture_test12_qos_h39_to_h2_MTD.txt,MTD,h39,h2,h39_to_h2,254.57,2.36,20.337,0,232,0.0
capture_test12_qos_h39_to_h2_MTD.txt,MTD,h39,h2,h39_to_h2,255.57,9.11,0.89,0,678,0.0
capture_test12_qos_h39_to_h2_MTD.txt,MTD,h39,h2,h39_to_h2,256.5,9.6,1.042,281,1110,25.315315315315317
capture_test12_qos_h39_to_h2_MTD.txt,MTD,h39,h2,h39_to_h2,257.5,9.39,1.257,0,810,0.0
capture_test12_qos_h39_to_h2_MTD.txt,MTD,h39,h2,h39_to_h2,258.5,9.65,1.036,0,833,0.0
capture_test12_qos_h39_to_h2_MTD.txt,MTD,h39,h2,h39_to_h2,259.5,9.6,1.222,0,828,0.0
capture_test12_qos_h39_to_h2_MTD.txt,MTD,h39,h2,h39_to_h2,260.5,7.66,0.862,0,661,0.0
capture_test12_qos_h39_to_h2_MTD.txt,MTD,h39,h2,h39_to_h2,261.5,6.98,1.027,0,603,0.0
capture_test12_qos_h39_to_h2_MTD.txt,MTD,h39,h2,h39_to_h2,262.5,7.01,0.899,0,605,0.0
capture_test12_qos_h39_to_h2_MTD.txt,MTD,h39,h2,h39_to_h2,263.5,7.0,0.97,0,604,0.0
capture_test12_qos_h39_to_h2_MTD.txt,MTD,h39,h2,h39_to_h2,264.5,6.99,0.981,0,604,0.0
capture_test12_qos_h39_to_h2_MTD.txt,MTD,h39,h2,h39_to_h2,265.5,7.01,0.779,0,605,0.0
capture_test12_qos_h39_to_h2_MTD.txt,MTD,h39,h2,h39_to_h2,266.5,7.0,1.134,0,605,0.0
capture_test12_qos_h39_to_h2_MTD.txt,MTD,h39,h2,h39_to_h2,267.5,7.0,1.263,0,604,0.0
capture_test12_qos_h39_to_h2_MTD.txt,MTD,h39,h2,h39_to_h2,268.5,7.0,0.896,0,604,0.0
capture_test12_qos_h39_to_h2_MTD.txt,MTD,h39,h2,h39_to_h2,269.5,6.99,1.081,0,604,0.0
capture_test12_qos_h39_to_h2_MTD.txt,MTD,h39,h2,h39_to_h2,270.5,6.98,0.886,0,603,0.0
capture_test12_qos_h39_to_h2_MTD.txt,MTD,h39,h2,h39_to_h2,271.5,6.9,1.502,0,595,0.0
capture_test12_qos_h39_to_h2_MTD.txt,MTD,h39,h2,h39_to_h2,272.5,7.11,1.592,0,613,0.0
capture_test12_qos_h39_to_h2_MTD.txt,MTD,h39,h2,h39_to_h2,273.5,6.94,1.106,0,600,0.0
capture_test12_qos_h39_to_h2_MTD.txt,MTD,h39,h2,h39_to_h2,274.5,7.07,1.198,0,610,0.0
capture_test12_qos_h39_to_h2_MTD.txt,MTD,h39,h2,h39_to_h2,275.5,7.0,1.837,0,605,0.0
capture_test12_qos_h39_to_h2_MTD.txt,MTD,h39,h2,h39_to_h2,276.5,6.96,1.171,0,600,0.0
capture_test12_qos_h39_to_h2_MTD.txt,MTD,h39,h2,h39_to_h2,277.5,7.05,1.033,0,609,0.0
capture_test12_qos_h39_to_h2_MTD.txt,MTD,h39,h2,h39_to_h2,278.5,6.97,1.665,0,601,0.0
capture_test12_qos_h39_to_h2_MTD.txt,MTD,h39,h2,h39_to_h2,279.5,7.02,1.207,0,607,0.0
capture_test12_qos_h39_to_h2_MTD.txt,MTD,h39,h2,h39_to_h2,280.5,6.97,1.387,0,601,0.0
capture_test12_qos_h39_to_h2_MTD.txt,MTD,h39,h2,h39_to_h2,281.5,7.04,1.201,0,608,0.0
capture_test12_qos_h39_to_h2_MTD.txt,MTD,h39,h2,h39_to_h2,282.5,6.98,0.892,0,603,0.0
capture_test12_qos_h39_to_h2_MTD.txt,MTD,h39,h2,h39_to_h2,283.5,7.01,1.76,0,604,0.0
capture_test12_qos_h39_to_h2_MTD.txt,MTD,h39,h2,h39_to_h2,284.5,6.96,1.171,0,601,0.0
capture_test12_qos_h39_to_h2_MTD.txt,MTD,h39,h2,h39_to_h2,285.5,7.05,0.878,0,609,0.0
capture_test12_qos_h39_to_h2_MTD.txt,MTD,h39,h2,h39_to_h2,286.5,6.99,0.917,0,603,0.0
capture_test12_qos_h39_to_h2_MTD.txt,MTD,h39,h2,h39_to_h2,287.5,6.99,1.519,0,603,0.0
capture_test12_qos_h39_to_h2_MTD.txt,MTD,h39,h2,h39_to_h2,288.5,7.04,0.969,0,608,0.0
capture_test12_qos_h39_to_h2_MTD.txt,MTD,h39,h2,h39_to_h2,289.5,6.96,1.471,0,601,0.0
capture_test12_qos_h39_to_h2_MTD.txt,MTD,h39,h2,h39_to_h2,290.58000000000004,5.86,1.967,0,584,0.0
capture_test12_qos_h39_to_h2_MTD.txt,MTD,h39,h2,h39_to_h2,291.58000000000004,4.05,1.203,0,295,0.0
capture_test12_qos_h39_to_h2_MTD.txt,MTD,h39,h2,h39_to_h2,292.5,9.39,0.937,0,811,0.0
capture_test12_qos_h39_to_h2_MTD.txt,MTD,h39,h2,h39_to_h2,293.5,8.45,1.136,0,729,0.0
capture_test12_qos_h39_to_h2_MTD.txt,MTD,h39,h2,h39_to_h2,294.5,6.99,1.234,0,603,0.0
capture_test12_qos_h39_to_h2_MTD.txt,MTD,h39,h2,h39_to_h2,295.5,2.64,1.576,0,228,0.0
capture_test12_qos_h39_to_h2_MTD.txt,MTD,h39,h2,h39_to_h2,296.5,7.63,1.019,0,659,0.0
capture_test12_qos_h39_to_h2_MTD.txt,MTD,h39,h2,h39_to_h2,297.5,9.63,1.0,0,831,0.0
capture_test12_qos_h39_to_h2_MTD.txt,MTD,h39,h2,h39_to_h2,298.58500000000004,5.89,1.617,0,593,0.0
capture_test12_qos_h39_to_h2_MTD.txt,MTD,h39,h2,h39_to_h2,299.665,0.491,10.212,0,42,0.0
capture_test12_qos_h39_to_h2_MTD.txt,MTD,h39,h2,h39_to_h2,300.66,0.15,26.283,0,13,0.0
capture_test12_qos_h39_to_h2_MTD.txt,MTD,h39,h2,h39_to_h2,301.555,8.28,25.173,0,563,0.0
capture_test13_qos_h3_to_h38_MTD.txt,MTD,h3,h38,h3_to_h38,0.5,6.24,1.125,0,539,0.0
capture_test13_qos_h3_to_h38_MTD.txt,MTD,h3,h38,h3_to_h38,1.5,7.01,1.228,0,605,0.0
capture_test13_qos_h3_to_h38_MTD.txt,MTD,h3,h38,h3_to_h38,2.5,6.98,0.859,0,603,0.0
capture_test13_qos_h3_to_h38_MTD.txt,MTD,h3,h38,h3_to_h38,3.5,7.02,1.153,0,606,0.0
capture_test13_qos_h3_to_h38_MTD.txt,MTD,h3,h38,h3_to_h38,4.5,7.01,1.206,0,605,0.0
capture_test13_qos_h3_to_h38_MTD.txt,MTD,h3,h38,h3_to_h38,5.9350000000000005,3.01,50.328,0,487,0.0
capture_test13_qos_h3_to_h38_MTD.txt,MTD,h3,h38,h3_to_h38,6.9350000000000005,7.18,60.017,0,78,0.0
capture_test13_qos_h3_to_h38_MTD.txt,MTD,h3,h38,h3_to_h38,7.5,9.48,1.645,0,819,0.0
capture_test13_qos_h3_to_h38_MTD.txt,MTD,h3,h38,h3_to_h38,8.504999999999999,9.21,1.122,0,801,0.0
capture_test13_qos_h3_to_h38_MTD.txt,MTD,h3,h38,h3_to_h38,9.504999999999999,6.45,1.966,0,552,0.0
capture_test13_qos_h3_to_h38_MTD.txt,MTD,h3,h38,h3_to_h38,10.940000000000001,0.968,1.9,0,157,0.0
capture_test13_qos_h3_to_h38_MTD.txt,MTD,h3,h38,h3_to_h38,11.940000000000001,8.25,1.518,0,87,0.0
capture_test13_qos_h3_to_h38_MTD.txt,MTD,h3,h38,h3_to_h38,12.5,9.56,1.29,0,825,0.0
capture_test13_qos_h3_to_h38_MTD.txt,MTD,h3,h38,h3_to_h38,13.5,9.61,1.196,251,1080,23.24074074074074
capture_test13_qos_h3_to_h38_MTD.txt,MTD,h3,h38,h3_to_h38,14.5,9.62,0.96,0,831,0.0
capture_test13_qos_h3_to_h38_MTD.txt,MTD,h3,h38,h3_to_h38,15.5,9.6,1.227,0,828,0.0
capture_test13_qos_h3_to_h38_MTD.txt,MTD,h3,h38,h3_to_h38,16.5,8.15,0.916,0,705,0.0
capture_test13_qos_h3_to_h38_MTD.txt,MTD,h3,h38,h3_to_h38,17.5,7.02,0.927,0,606,0.0
capture_test13_qos_h3_to_h38_MTD.txt,MTD,h3,h38,h3_to_h38,18.5,7.0,0.832,0,603,0.0
capture_test13_qos_h3_to_h38_MTD.txt,MTD,h3,h38,h3_to_h38,19.5,7.01,0.974,0,605,0.0
capture_test13_qos_h3_to_h38_MTD.txt,MTD,h3,h38,h3_to_h38,20.5,6.98,0.8,0,602,0.0
capture_test13_qos_h3_to_h38_MTD.txt,MTD,h3,h38,h3_to_h38,21.5,6.73,0.953,0,582,0.0
capture_test13_qos_h3_to_h38_MTD.txt,MTD,h3,h38,h3_to_h38,22.5,7.28,0.839,0,628,0.0
capture_test13_qos_h3_to_h38_MTD.txt,MTD,h3,h38,h3_to_h38,23.5,7.01,0.726,0,605,0.0
capture_test13_qos_h3_to_h38_MTD.txt,MTD,h3,h38,h3_to_h38,24.5,7.0,0.755,0,604,0.0
capture_test13_qos_h3_to_h38_MTD.txt,MTD,h3,h38,h3_to_h38,25.5,7.01,0.797,0,605,0.0
capture_test13_qos_h3_to_h38_MTD.txt,MTD,h3,h38,h3_to_h38,26.5,6.98,1.153,0,603,0.0
capture_test13_qos_h3_to_h38_MTD.txt,MTD,h3,h38,h3_to_h38,27.5,3.58,8.06,0,309,0.0
capture_test13_qos_h3_to_h38_MTD.txt,MTD,h3,h38,h3_to_h38,28.5,1.41,1.47,0,122,0.0
capture_test13_qos_h3_to_h38_MTD.txt,MTD,h3,h38,h3_to_h38,29.5,9.46,1.157,0,816,0.0
capture_test13_qos_h3_to_h38_MTD.txt,MTD,h3,h38,h3_to_h38,30.5,7.9,1.185,0,682,0.0
capture_test13_qos_h3_to_h38_MTD.txt,MTD,h3,h38,h3_to_h38,31.5,9.55,0.839,0,827,0.0
capture_test13_qos_h3_to_h38_MTD.txt,MTD,h3,h38,h3_to_h38,32.5,9.45,1.154,0,816,0.0
capture_test13_qos_h3_to_h38_MTD.txt,MTD,h3,h38,h3_to_h38,33.5,0.941,1.572,0,81,0.0
capture_test13_qos_h3_to_h38_MTD.txt,MTD,h3,h38,h3_to_h38,34.5,9.49,1.031,0,820,0.0
capture_test13_qos_h3_to_h38_MTD.txt,MTD,h3,h38,h3_to_h38,35.955,4.71,37.598,0,776,0.0
capture_test13_qos_h3_to_h38_MTD.txt,MTD,h3,h38,h3_to_h38,37.405,0.537,4.019,0,46,0.0
capture_test13_qos_h3_to_h38_MTD.txt,MTD,h3,h38,h3_to_h38,37.95,6.84,5.806,1,58,1.7241379310344827
capture_test13_qos_h3_to_h38_MTD.txt,MTD,h3,h38,h3_to_h38,38.5,2.09,3.335,18446744073709551615,180,1.0248191152060862e+19
capture_test13_qos_h3_to_h38_MTD.txt,MTD,h3,h38,h3_to_h38,39.5,0.846,2.718,0,73,0.0
capture_test13_qos_h3_to_h38_MTD.txt,MTD,h3,h38,h3_to_h38,40.5,9.39,1.808,290,1100,26.36363636363636
capture_test13_qos_h3_to_h38_MTD.txt,MTD,h3,h38,h3_to_h38,41.5,9.57,1.19,960,1787,53.72132064913262
capture_test13_qos_h3_to_h38_MTD.txt,MTD,h3,h38,h3_to_h38,42.965,3.36,26.452,0,560,0.0
capture_test13_qos_h3_to_h38_MTD.txt,MTD,h3,h38,h3_to_h38,43.965,7.91,2.629,0,45,0.0
capture_test13_qos_h3_to_h38_MTD.txt,MTD,h3,h38,h3_to_h38,44.5,1.11,3.051,0,96,0.0
capture_test13_qos_h3_to_h38_MTD.txt,MTD,h3,h38,h3_to_h38,45.5,9.31,1.154,0,803,0.0
capture_test13_qos_h3_to_h38_MTD.txt,MTD,h3,h38,h3_to_h38,46.5,9.49,0.992,684,1503,45.50898203592814
capture_test13_qos_h3_to_h38_MTD.txt,MTD,h3,h38,h3_to_h38,47.5,9.62,1.036,0,831,0.0
capture_test13_qos_h3_to_h38_MTD.txt,MTD,h3,h38,h3_to_h38,48.5,9.63,1.138,0,830,0.0
capture_test13_qos_h3_to_h38_MTD.txt,MTD,h3,h38,h3_to_h38,49.5,8.54,0.994,0,737,0.0
capture_test13_qos_h3_to_h38_MTD.txt,MTD,h3,h38,h3_to_h38,50.5,7.0,1.561,0,604,0.0
capture_test13_qos_h3_to_h38_MTD.txt,MTD,h3,h38,h3_to_h38,51.5,7.02,0.612,0,606,0.0
capture_test13_qos_h3_to_h38_MTD.txt,MTD,h3,h38,h3_to_h38,52.5,7.0,1.182,0,604,0.0
capture_test13_qos_h3_to_h38_MTD.txt,MTD,h3,h38,h3_to_h38,53.5,1.69,18.923,0,146,0.0
capture_test13_qos_h3_to_h38_MTD.txt,MTD,h3,h38,h3_to_h38,54.5,9.46,1.037,0,814,0.0
capture_test13_qos_h3_to_h38_MTD.txt,MTD,h3,h38,h3_to_h38,55.5,9.48,1.086,0,819,0.0
capture_test13_qos_h3_to_h38_MTD.txt,MTD,h3,h38,h3_to_h38,56.5,7.38,0.811,0,637,0.0
capture_test13_qos_h3_to_h38_MTD.txt,MTD,h3,h38,h3_to_h38,57.5,7.0,1.334,0,604,0.0
capture_test13_qos_h3_to_h38_MTD.txt,MTD,h3,h38,h3_to_h38,58.5,7.03,1.095,0,607,0.0
capture_test13_qos_h3_to_h38_MTD.txt,MTD,h3,h38,h3_to_h38,59.5,6.97,1.062,0,602,0.0
capture_test13_qos_h3_to_h38_MTD.txt,MTD,h3,h38,h3_to_h38,60.95,2.6,7.443,0,426,0.0
capture_test13_qos_h3_to_h38_MTD.txt,MTD,h3,h38,h3_to_h38,62.405,0.023,64.032,0,2,0.0
capture_test13_qos_h3_to_h38_MTD.txt,MTD,h3,h38,h3_to_h38,62.955,4.72,16.853,0,38,0.0
capture_test13_qos_h3_to_h38_MTD.txt,MTD,h3,h38,h3_to_h38,63.5,0.475,8.121,0,41,0.0
capture_test13_qos_h3_to_h38_MTD.txt,MTD,h3,h38,h3_to_h38,64.5,9.43,1.181,0,814,0.0
capture_test13_qos_h3_to_h38_MTD.txt,MTD,h3,h38,h3_to_h38,65.5,3.91,1.703,909,1247,72.89494787489976
capture_test13_qos_h3_to_h38_MTD.txt,MTD,h3,h38,h3_to_h38,66.5,9.58,1.181,0,827,0.0
capture_test13_qos_h3_to_h38_MTD.txt,MTD,h3,h38,h3_to_h38,67.5,3.35,2.226,67,356,18.820224719101123
capture_test13_qos_h3_to_h38_MTD.txt,MTD,h3,h38,h3_to_h38,68.5,2.69,4.524,0,232,0.0
capture_test13_qos_h3_to_h38_MTD.txt,MTD,h3,h38,h3_to_h38,69.5,9.37,1.765,87,896,9.709821428571429
capture_test13_qos_h3_to_h38_MTD.txt,MTD,h3,h38,h3_to_h38,70.5,9.51,1.505,375,1196,31.354515050167226
capture_test13_qos_h3_to_h38_MTD.txt,MTD,h3,h38,h3_to_h38,71.5,5.05,1.938,0,436,0.0
capture_test13_qos_h3_to_h38_MTD.txt,MTD,h3,h38,h3_to_h38,72.5,9.59,0.995,0,828,0.0
capture_test13_qos_h3_to_h38_MTD.txt,MTD,h3,h38,h3_to_h38,73.965,4.18,1.346,0,697,0.0
capture_test13_qos_h3_to_h38_MTD.txt,MTD,h3,h38,h3_to_h38,74.965,9.19,3.781,0,54,0.0
capture_test13_qos_h3_to_h38_MTD.txt,MTD,h3,h38,h3_to_h38,75.5,9.0,1.243,0,777,0.0
capture_test13_qos_h3_to_h38_MTD.txt,MTD,h3,h38,h3_to_h38,76.5,9.56,1.172,0,825,0.0
capture_test13_qos_h3_to_h38_MTD.txt,MTD,h3,h38,h3_to_h38,77.5,6.58,2.6,0,568,0.0
capture_test13_qos_h3_to_h38_MTD.txt,MTD,h3,h38,h3_to_h38,78.5,9.5,1.259,0,820,0.0
capture_test13_qos_h3_to_h38_MTD.txt,MTD,h3,h38,h3_to_h38,79.5,9.47,1.058,0,818,0.0
capture_test13_qos_h3_to_h38_MTD.txt,MTD,h3,h38,h3_to_h38,80.5,9.16,1.19,0,791,0.0
capture_test13_qos_h3_to_h38_MTD.txt,MTD,h3,h38,h3_to_h38,81.5,7.01,1.201,0,607,0.0
capture_test13_qos_h3_to_h38_MTD.txt,MTD,h3,h38,h3_to_h38,82.5,4.0,7.451,0,344,0.0
capture_test13_qos_h3_to_h38_MTD.txt,MTD,h3,h38,h3_to_h38,83.5,9.53,1.193,0,824,0.0
capture_test13_qos_h3_to_h38_MTD.txt,MTD,h3,h38,h3_to_h38,84.96000000000001,1.57,12.733,0,261,0.0
capture_test13_qos_h3_to_h38_MTD.txt,MTD,h3,h38,h3_to_h38,85.96000000000001,7.41,9.044,0,48,0.0
capture_test13_qos_h3_to_h38_MTD.txt,MTD,h3,h38,h3_to_h38,86.5,9.34,1.198,0,807,0.0
capture_test13_qos_h3_to_h38_MTD.txt,MTD,h3,h38,h3_to_h38,87.5,9.57,0.852,0,826,0.0
capture_test13_qos_h3_to_h38_MTD.txt,MTD,h3,h38,h3_to_h38,88.5,9.54,1.028,0,823,0.0
capture_test13_qos_h3_to_h38_MTD.txt,MTD,h3,h38,h3_to_h38,89.5,9.49,0.831,0,819,0.0
capture_test13_qos_h3_to_h38_MTD.txt,MTD,h3,h38,h3_to_h38,90.5,7.93,1.22,0,686,0.0
capture_test13_qos_h3_to_h38_MTD.txt,MTD,h3,h38,h3_to_h38,91.975,3.27,2.223,0,550,0.0
capture_test13_qos_h3_to_h38_MTD.txt,MTD,h3,h38,h3_to_h38,93.0,6.43,48.016,0,52,0.0
capture_test13_qos_h3_to_h38_MTD.txt,MTD,h3,h38,h3_to_h38,93.525,9.44,1.095,0,778,0.0
capture_test13_qos_h3_to_h38_MTD.txt,MTD,h3,h38,h3_to_h38,94.5,2.8,2.777,0,242,0.0
capture_test13_qos_h3_to_h38_MTD.txt,MTD,h3,h38,h3_to_h38,95.5,7.14,3.018,0,616,0.0
capture_test13_qos_h3_to_h38_MTD.txt,MTD,h3,h38,h3_to_h38,96.97,4.65,1.372,0,779,0.0
capture_test13_qos_h3_to_h38_MTD.txt,MTD,h3,h38,h3_to_h38,97.97,3.58,21.35,0,20,0.0
capture_test13_qos_h3_to_h38_MTD.txt,MTD,h3,h38,h3_to_h38,98.5,4.17,3.712,0,359,0.0
capture_test13_qos_h3_to_h38_MTD.txt,MTD,h3,h38,h3_to_h38,99.5,2.02,3.467,0,174,0.0
capture_test13_qos_h3_to_h38_MTD.txt,MTD,h3,h38,h3_to_h38,100.5,9.46,1.77,192,1009,19.028741328047573
capture_test13_qos_h3_to_h38_MTD.txt,MTD,h3,h38,h3_to_h38,101.5,9.57,1.124,670,1496,44.786096256684495
capture_test13_qos_h3_to_h38_MTD.txt,MTD,h3,h38,h3_to_h38,102.505,2.14,4.729,0,186,0.0
capture_test13_qos_h3_to_h38_MTD.txt,MTD,h3,h38,h3_to_h38,103.505,9.09,1.151,0,779,0.0
capture_test13_qos_h3_to_h38_MTD.txt,MTD,h3,h38,h3_to_h38,104.5,9.5,1.288,5,825,0.6060606060606061
capture_test13_qos_h3_to_h38_MTD.txt,MTD,h3,h38,h3_to_h38,105.5,9.44,1.245,0,815,0.0
capture_test13_qos_h3_to_h38_MTD.txt,MTD,h3,h38,h3_to_h38,106.5,9.5,1.176,0,820,0.0
capture_test13_qos_h3_to_h38_MTD.txt,MTD,h3,h38,h3_to_h38,107.5,0.567,9.211,0,49,0.0
capture_test13_qos_h3_to_h38_MTD.txt,MTD,h3,h38,h3_to_h38,108.5,9.44,0.845,0,815,0.0
capture_test13_qos_h3_to_h38_MTD.txt,MTD,h3,h38,h3_to_h38,109.5,9.49,1.148,0,819,0.0
capture_test13_qos_h3_to_h38_MTD.txt,MTD,h3,h38,h3_to_h38,110.5,8.15,1.121,0,704,0.0
capture_test13_qos_h3_to_h38_MTD.txt,MTD,h3,h38,h3_to_h38,111.5,8.67,263.56,2,750,0.26666666666666666
capture_test13_qos_h3_to_h38_MTD.txt,MTD,h3,h38,h3_to_h38,112.965,3.15,8.679,18446744073709551614,522,3.533859017952021e+18
capture_test13_qos_h3_to_h38_MTD.txt,MTD,h3,h38,h3_to_h38,113.965,4.07,16.925,0,25,0.0
capture_test13_qos_h3_to_h38_MTD.txt,MTD,h3,h38,h3_to_h38,114.5,0.509,12.138,0,44,0.0
capture_test13_qos_h3_to_h38_MTD.txt,MTD,h3,h38,h3_to_h38,115.5,3.89,3.158,0,335,0.0
capture_test13_qos_h3_to_h38_MTD.txt,MTD,h3,h38,h3_to_h38,116.505,0.484,8.795,0,42,0.0
capture_test13_qos_h3_to_h38_MTD.txt,MTD,h3,h38,h3_to_h38,117.92500000000001,3.89,38.082,0,617,0.0
capture_test13_qos_h3_to_h38_MTD.txt,MTD,h3,h38,h3_to_h38,118.92,7.55,1.459,273,383,71.27937336814621
capture_test13_qos_h3_to_h38_MTD.txt,MTD,h3,h38,h3_to_h38,119.5,9.53,1.349,837,1659,50.45207956600362
capture_test13_qos_h3_to_h38_MTD.txt,MTD,h3,h38,h3_to_h38,120.5,9.57,1.021,482,1308,36.850152905198776
capture_test13_qos_h3_to_h38_MTD.txt,MTD,h3,h38,h3_to_h38,121.5,5.83,1.831,0,503,0.0
capture_test13_qos_h3_to_h38_MTD.txt,MTD,h3,h38,h3_to_h38,122.5,9.57,1.371,0,827,0.0
capture_test13_qos_h3_to_h38_MTD.txt,MTD,h3,h38,h3_to_h38,123.5,9.19,1.319,0,793,0.0
capture_test13_qos_h3_to_h38_MTD.txt,MTD,h3,h38,h3_to_h38,124.5,9.44,1.041,0,815,0.0
capture_test13_qos_h3_to_h38_MTD.txt,MTD,h3,h38,h3_to_h38,125.965,3.7,58.172,0,615,0.0
capture_test13_qos_h3_to_h38_MTD.txt,MTD,h3,h38,h3_to_h38,126.965,5.01,64.916,0,33,0.0
capture_test13_qos_h3_to_h38_MTD.txt,MTD,h3,h38,h3_to_h38,127.5,9.5,1.02,0,820,0.0
capture_test13_qos_h3_to_h38_MTD.txt,MTD,h3,h38,h3_to_h38,128.5,9.5,1.527,0,820,0.0
capture_test13_qos_h3_to_h38_MTD.txt,MTD,h3,h38,h3_to_h38,129.5,0.763,3.018,0,66,0.0
capture_test13_qos_h3_to_h38_MTD.txt,MTD,h3,h38,h3_to_h38,130.5,9.53,1.233,0,821,0.0
capture_test13_qos_h3_to_h38_MTD.txt,MTD,h3,h38,h3_to_h38,131.965,1.81,50.829,0,303,0.0
capture_test13_qos_h3_to_h38_MTD.txt,MTD,h3,h38,h3_to_h38,132.965,7.76,4.684,0,45,0.0
capture_test13_qos_h3_to_h38_MTD.txt,MTD,h3,h38,h3_to_h38,133.5,9.46,3.74,0,816,0.0
capture_test13_qos_h3_to_h38_MTD.txt,MTD,h3,h38,h3_to_h38,134.5,2.14,3.465,0,186,0.0
capture_test13_qos_h3_to_h38_MTD.txt,MTD,h3,h38,h3_to_h38,135.5,0.788,3.222,337,405,83.20987654320989
capture_test13_qos_h3_to_h38_MTD.txt,MTD,h3,h38,h3_to_h38,136.5,9.53,1.173,0,824,0.0
capture_test13_qos_h3_to_h38_MTD.txt,MTD,h3,h38,h3_to_h38,137.5,9.45,1.458,758,1573,48.188175460902734
capture_test13_qos_h3_to_h38_MTD.txt,MTD,h3,h38,h3_to_h38,138.5,9.47,1.358,0,817,0.0
capture_test13_qos_h3_to_h38_MTD.txt,MTD,h3,h38,h3_to_h38,139.5,9.57,1.071,0,826,0.0
capture_test13_qos_h3_to_h38_MTD.txt,MTD,h3,h38,h3_to_h38,140.5,8.48,1.283,0,733,0.0
capture_test13_qos_h3_to_h38_MTD.txt,MTD,h3,h38,h3_to_h38,141.5,6.98,0.912,0,602,0.0
capture_test13_qos_h3_to_h38_MTD.txt,MTD,h3,h38,h3_to_h38,142.5,7.01,1.202,0,606,0.0
capture_test13_qos_h3_to_h38_MTD.txt,MTD,h3,h38,h3_to_h38,143.95999999999998,1.87,5.958,0,309,0.0
capture_test13_qos_h3_to_h38_MTD.txt,MTD,h3,h38,h3_to_h38,144.95999999999998,7.8,4.025,0,58,0.0
capture_test13_qos_h3_to_h38_MTD.txt,MTD,h3,h38,h3_to_h38,145.5,9.34,1.163,0,806,0.0
capture_test13_qos_h3_to_h38_MTD.txt,MTD,h3,h38,h3_to_h38,146.5,4.54,2.967,1,394,0.25380710659898476
capture_test13_qos_h3_to_h38_MTD.txt,MTD,h3,h38,h3_to_h38,147.975,1.37,54.293,18446744073709551615,229,8.055346757078406e+18
capture_test13_qos_h3_to_h38_MTD.txt,MTD,h3,h38,h3_to_h38,148.98,5.9,8.519,0,32,0.0
capture_test13_qos_h3_to_h38_MTD.txt,MTD,h3,h38,h3_to_h38,149.505,9.28,6.658,0,793,0.0
capture_test13_qos_h3_to_h38_MTD.txt,MTD,h3,h38,h3_to_h38,150.5,2.01,3.149,1,175,0.5714285714285714
capture_test13_qos_h3_to_h38_MTD.txt,MTD,h3,h38,h3_to_h38,151.5,4.96,2.198,810,1238,65.4281098546042
capture_test13_qos_h3_to_h38_MTD.txt,MTD,h3,h38,h3_to_h38,152.5,4.3,9.484,0,371,0.0
capture_test13_qos_h3_to_h38_MTD.txt,MTD,h3,h38,h3_to_h38,153.5,0.531,4.913,0,46,0.0
capture_test13_qos_h3_to_h38_MTD.txt,MTD,h3,h38,h3_to_h38,154.965,3.29,72.72,231,777,29.72972972972973
capture_test13_qos_h3_to_h38_MTD.txt,MTD,h3,h38,h3_to_h38,155.965,7.59,4.789,178,229,77.72925764192141
capture_test13_qos_h3_to_h38_MTD.txt,MTD,h3,h38,h3_to_h38,156.5,2.13,4.006,0,183,0.0
capture_test13_qos_h3_to_h38_MTD.txt,MTD,h3,h38,h3_to_h38,157.5,9.53,15.185,1390,2213,62.81066425666516
capture_test13_qos_h3_to_h38_MTD.txt,MTD,h3,h38,h3_to_h38,158.5,9.58,1.102,428,1255,34.103585657370516
capture_test13_qos_h3_to_h38_MTD.txt,MTD,h3,h38,h3_to_h38,159.5,9.33,1.321,0,805,0.0
capture_test13_qos_h3_to_h38_MTD.txt,MTD,h3,h38,h3_to_h38,160.5,9.6,1.208,0,829,0.0
capture_test13_qos_h3_to_h38_MTD.txt,MTD,h3,h38,h3_to_h38,161.5,8.56,1.166,0,739,0.0
capture_test13_qos_h3_to_h38_MTD.txt,MTD,h3,h38,h3_to_h38,162.5,7.01,1.088,0,605,0.0
capture_test13_qos_h3_to_h38_MTD.txt,MTD,h3,h38,h3_to_h38,163.5,7.01,1.162,0,605,0.0
capture_test13_qos_h3_to_h38_MTD.txt,MTD,h3,h38,h3_to_h38,164.5,7.0,1.328,0,604,0.0
capture_test13_qos_h3_to_h38_MTD.txt,MTD,h3,h38,h3_to_h38,165.5,7.01,1.158,0,606,0.0
capture_test13_qos_h3_to_h38_MTD.txt,MTD,h3,h38,h3_to_h38,166.5,7.0,0.966,0,604,0.0
capture_test13_qos_h3_to_h38_MTD.txt,MTD,h3,h38,h3_to_h38,167.5,7.0,1.591,0,603,0.0
capture_test13_qos_h3_to_h38_MTD.txt,MTD,h3,h38,h3_to_h38,168.5,7.0,0.943,0,604,0.0
capture_test13_qos_h3_to_h38_MTD.txt,MTD,h3,h38,h3_to_h38,169.965,3.42,0.954,0,571,0.0
capture_test13_qos_h3_to_h38_MTD.txt,MTD,h3,h38,h3_to_h38,170.965,5.19,11.559,0,31,0.0
capture_test13_qos_h3_to_h38_MTD.txt,MTD,h3,h38,h3_to_h38,171.5,2.04,1.59,0,176,0.0
capture_test13_qos_h3_to_h38_MTD.txt,MTD,h3,h38,h3_to_h38,172.54500000000002,6.88,7.502,0,643,0.0
capture_test13_qos_h3_to_h38_MTD.txt,MTD,h3,h38,h3_to_h38,173.54500000000002,3.7,239.856,264,556,47.482014388489205
capture_test13_qos_h3_to_h38_MTD.txt,MTD,h3,h38,h3_to_h38,174.5,5.0,3.057,18446744073709551390,206,8.954730132868713e+18
capture_test13_qos_h3_to_h38_MTD.txt,MTD,h3,h38,h3_to_h38,175.5,4.64,2.983,11,412,2.669902912621359
capture_test13_qos_h3_to_h38_MTD.txt,MTD,h3,h38,h3_to_h38,176.97,4.66,2.614,321,1102,29.128856624319422
capture_test13_qos_h3_to_h38_MTD.txt,MTD,h3,h38,h3_to_h38,177.97,8.85,6.176,0,43,0.0
capture_test13_qos_h3_to_h38_MTD.txt,MTD,h3,h38,h3_to_h38,178.965,3.52,6.547,212,796,26.633165829145728
capture_test13_qos_h3_to_h38_MTD.txt,MTD,h3,h38,h3_to_h38,179.965,7.0,5.137,0,47,0.0
capture_test13_qos_h3_to_h38_MTD.txt,MTD,h3,h38,h3_to_h38,180.5,9.57,0.857,373,1197,31.161236424394318
capture_test13_qos_h3_to_h38_MTD.txt,MTD,h3,h38,h3_to_h38,181.5,9.58,1.049,579,1406,41.180654338549076
capture_test13_qos_h3_to_h38_MTD.txt,MTD,h3,h38,h3_to_h38,182.5,4.78,2.456,0,413,0.0
capture_test13_qos_h3_to_h38_MTD.txt,MTD,h3,h38,h3_to_h38,183.5,2.47,7.936,0,214,0.0
capture_test13_qos_h3_to_h38_MTD.txt,MTD,h3,h38,h3_to_h38,184.5,5.69,1.257,0,489,0.0
capture_test13_qos_h3_to_h38_MTD.txt,MTD,h3,h38,h3_to_h38,185.5,9.61,1.01,382,1212,31.51815181518152
capture_test13_qos_h3_to_h38_MTD.txt,MTD,h3,h38,h3_to_h38,186.5,4.29,3.488,0,370,0.0
capture_test13_qos_h3_to_h38_MTD.txt,MTD,h3,h38,h3_to_h38,187.5,9.55,1.225,0,825,0.0
capture_test13_qos_h3_to_h38_MTD.txt,MTD,h3,h38,h3_to_h38,188.505,2.89,2.667,0,251,0.0
capture_test13_qos_h3_to_h38_MTD.txt,MTD,h3,h38,h3_to_h38,189.505,1.2,3.511,0,103,0.0
capture_test13_qos_h3_to_h38_MTD.txt,MTD,h3,h38,h3_to_h38,190.5,9.3,1.261,0,803,0.0
capture_test13_qos_h3_to_h38_MTD.txt,MTD,h3,h38,h3_to_h38,191.5,1.63,5.391,0,141,0.0
capture_test13_qos_h3_to_h38_MTD.txt,MTD,h3,h38,h3_to_h38,192.5,9.48,1.062,546,1362,40.08810572687225
capture_test13_qos_h3_to_h38_MTD.txt,MTD,h3,h38,h3_to_h38,193.5,9.62,0.974,267,1097,24.339106654512307
capture_test13_qos_h3_to_h38_MTD.txt,MTD,h3,h38,h3_to_h38,194.5,9.63,1.114,0,832,0.0
capture_test13_qos_h3_to_h38_MTD.txt,MTD,h3,h38,h3_to_h38,195.5,9.65,0.813,0,833,0.0
capture_test13_qos_h3_to_h38_MTD.txt,MTD,h3,h38,h3_to_h38,196.5,7.11,1.847,0,614,0.0
capture_test13_qos_h3_to_h38_MTD.txt,MTD,h3,h38,h3_to_h38,197.5,8.86,1.367,0,765,0.0
capture_test13_qos_h3_to_h38_MTD.txt,MTD,h3,h38,h3_to_h38,198.5,7.02,0.748,0,605,0.0
capture_test13_qos_h3_to_h38_MTD.txt,MTD,h3,h38,h3_to_h38,199.5,7.02,1.493,0,606,0.0
capture_test13_qos_h3_to_h38_MTD.txt,MTD,h3,h38,h3_to_h38,200.5,6.98,1.235,0,602,0.0
capture_test13_qos_h3_to_h38_MTD.txt,MTD,h3,h38,h3_to_h38,201.5,6.98,1.231,0,603,0.0
capture_test13_qos_h3_to_h38_MTD.txt,MTD,h3,h38,h3_to_h38,202.55,5.72,10.058,0,540,0.0
capture_test13_qos_h3_to_h38_MTD.txt,MTD,h3,h38,h3_to_h38,203.55,8.61,1.328,0,673,0.0
capture_test13_qos_h3_to_h38_MTD.txt,MTD,h3,h38,h3_to_h38,204.5,6.97,1.682,0,602,0.0
capture_test13_qos_h3_to_h38_MTD.txt,MTD,h3,h38,h3_to_h38,205.5,6.99,1.358,0,604,0.0
capture_test13_qos_h3_to_h38_MTD.txt,MTD,h3,h38,h3_to_h38,206.5,7.03,1.028,0,606,0.0
capture_test13_qos_h3_to_h38_MTD.txt,MTD,h3,h38,h3_to_h38,207.5,6.96,1.204,0,601,0.0
capture_test13_qos_h3_to_h38_MTD.txt,MTD,h3,h38,h3_to_h38,208.5,6.99,1.369,0,604,0.0
capture_test13_qos_h3_to_h38_MTD.txt,MTD,h3,h38,h3_to_h38,209.5,7.01,1.378,0,606,0.0
capture_test13_qos_h3_to_h38_MTD.txt,MTD,h3,h38,h3_to_h38,210.5,7.03,1.365,0,605,0.0
capture_test13_qos_h3_to_h38_MTD.txt,MTD,h3,h38,h3_to_h38,211.5,6.98,1.163,0,603,0.0
capture_test13_qos_h3_to_h38_MTD.txt,MTD,h3,h38,h3_to_h38,212.5,7.03,1.142,0,607,0.0
capture_test13_qos_h3_to_h38_MTD.txt,MTD,h3,h38,h3_to_h38,213.5,6.91,2.299,0,597,0.0
capture_test13_qos_h3_to_h38_MTD.txt,MTD,h3,h38,h3_to_h38,214.5,3.4,30.97,185,479,38.62212943632568
capture_test13_qos_h3_to_h38_MTD.txt,MTD,h3,h38,h3_to_h38,215.5,8.26,1.327,18446744073709551431,526,3.506985565344021e+18
capture_test13_qos_h3_to_h38_MTD.txt,MTD,h3,h38,h3_to_h38,216.5,9.56,0.925,0,826,0.0
capture_test13_qos_h3_to_h38_MTD.txt,MTD,h3,h38,h3_to_h38,217.5,7.01,0.971,0,605,0.0
capture_test13_qos_h3_to_h38_MTD.txt,MTD,h3,h38,h3_to_h38,218.5,6.99,1.135,0,605,0.0
capture_test13_qos_h3_to_h38_MTD.txt,MTD,h3,h38,h3_to_h38,219.5,7.01,0.974,0,604,0.0
capture_test13_qos_h3_to_h38_MTD.txt,MTD,h3,h38,h3_to_h38,220.5,6.99,1.22,0,604,0.0
capture_test13_qos_h3_to_h38_MTD.txt,MTD,h3,h38,h3_to_h38,221.5,4.86,1.239,0,420,0.0
capture_test13_qos_h3_to_h38_MTD.txt,MTD,h3,h38,h3_to_h38,222.5,9.14,0.917,0,789,0.0
capture_test13_qos_h3_to_h38_MTD.txt,MTD,h3,h38,h3_to_h38,223.5,6.99,1.449,0,603,0.0
capture_test13_qos_h3_to_h38_MTD.txt,MTD,h3,h38,h3_to_h38,224.5,6.99,0.865,0,604,0.0
capture_test13_qos_h3_to_h38_MTD.txt,MTD,h3,h38,h3_to_h38,225.5,7.01,1.197,0,605,0.0
capture_test13_qos_h3_to_h38_MTD.txt,MTD,h3,h38,h3_to_h38,226.5,7.01,1.153,0,605,0.0
capture_test13_qos_h3_to_h38_MTD.txt,MTD,h3,h38,h3_to_h38,227.5,7.0,1.15,0,604,0.0
capture_test13_qos_h3_to_h38_MTD.txt,MTD,h3,h38,h3_to_h38,228.5,6.57,3.327,0,567,0.0
capture_test13_qos_h3_to_h38_MTD.txt,MTD,h3,h38,h3_to_h38,229.51,0.715,8.292,0,63,0.0
capture_test13_qos_h3_to_h38_MTD.txt,MTD,h3,h38,h3_to_h38,230.51,9.56,1.033,0,809,0.0
capture_test13_qos_h3_to_h38_MTD.txt,MTD,h3,h38,h3_to_h38,231.5,9.64,1.029,0,833,0.0
capture_test13_qos_h3_to_h38_MTD.txt,MTD,h3,h38,h3_to_h38,232.5,8.66,1.366,0,747,0.0
capture_test13_qos_h3_to_h38_MTD.txt,MTD,h3,h38,h3_to_h38,233.5,7.04,0.676,0,608,0.0
capture_test13_qos_h3_to_h38_MTD.txt,MTD,h3,h38,h3_to_h38,234.5,7.0,0.703,0,604,0.0
capture_test13_qos_h3_to_h38_MTD.txt,MTD,h3,h38,h3_to_h38,235.5,6.98,0.887,0,603,0.0
capture_test13_qos_h3_to_h38_MTD.txt,MTD,h3,h38,h3_to_h38,236.5,6.99,1.05,0,603,0.0
capture_test13_qos_h3_to_h38_MTD.txt,MTD,h3,h38,h3_to_h38,237.5,7.02,0.872,0,606,0.0
capture_test13_qos_h3_to_h38_MTD.txt,MTD,h3,h38,h3_to_h38,238.5,6.99,0.835,0,604,0.0
capture_test13_qos_h3_to_h38_MTD.txt,MTD,h3,h38,h3_to_h38,239.5,7.01,0.798,0,605,0.0
capture_test13_qos_h3_to_h38_MTD.txt,MTD,h3,h38,h3_to_h38,240.5,6.99,1.022,0,603,0.0
capture_test13_qos_h3_to_h38_MTD.txt,MTD,h3,h38,h3_to_h38,241.5,7.0,0.888,0,604,0.0
capture_test13_qos_h3_to_h38_MTD.txt,MTD,h3,h38,h3_to_h38,242.5,7.0,1.06,0,605,0.0
capture_test13_qos_h3_to_h38_MTD.txt,MTD,h3,h38,h3_to_h38,243.5,2.6,7.596,0,224,0.0
capture_test13_qos_h3_to_h38_MTD.txt,MTD,h3,h38,h3_to_h38,244.5,9.42,0.977,0,813,0.0
capture_test13_qos_h3_to_h38_MTD.txt,MTD,h3,h38,h3_to_h38,245.5,8.98,1.096,0,775,0.0
capture_test13_qos_h3_to_h38_MTD.txt,MTD,h3,h38,h3_to_h38,246.5,7.0,1.074,0,605,0.0
capture_test13_qos_h3_to_h38_MTD.txt,MTD,h3,h38,h3_to_h38,247.5,7.0,1.051,0,604,0.0
capture_test13_qos_h3_to_h38_MTD.txt,MTD,h3,h38,h3_to_h38,248.5,7.0,1.389,0,604,0.0
capture_test13_qos_h3_to_h38_MTD.txt,MTD,h3,h38,h3_to_h38,249.5,6.99,1.012,0,604,0.0
capture_test13_qos_h3_to_h38_MTD.txt,MTD,h3,h38,h3_to_h38,250.5,7.01,1.024,0,605,0.0
capture_test13_qos_h3_to_h38_MTD.txt,MTD,h3,h38,h3_to_h38,251.5,1.87,22.402,0,162,0.0
capture_test13_qos_h3_to_h38_MTD.txt,MTD,h3,h38,h3_to_h38,252.5,0.313,77.89,0,27,0.0
capture_test13_qos_h3_to_h38_MTD.txt,MTD,h3,h38,h3_to_h38,253.5,1.37,7.139,0,118,0.0
capture_test13_qos_h3_to_h38_MTD.txt,MTD,h3,h38,h3_to_h38,254.5,0.475,16.134,0,41,0.0
capture_test13_qos_h3_to_h38_MTD.txt,MTD,h3,h38,h3_to_h38,255.5,4.28,7.171,0,369,0.0
capture_test13_qos_h3_to_h38_MTD.txt,MTD,h3,h38,h3_to_h38,256.505,1.37,11.377,0,119,0.0
capture_test13_qos_h3_to_h38_MTD.txt,MTD,h3,h38,h3_to_h38,257.505,8.32,11.759,1074,1788,60.06711409395973
capture_test13_qos_h3_to_h38_MTD.txt,MTD,h3,h38,h3_to_h38,258.5,1.17,11.107,0,101,0.0
capture_test13_qos_h3_to_h38_MTD.txt,MTD,h3,h38,h3_to_h38,259.5,1.04,8.934,225,315,71.42857142857143
capture_test13_qos_h3_to_h38_MTD.txt,MTD,h3,h38,h3_to_h38,260.5,1.71,11.152,485,633,76.61927330173775
capture_test13_qos_h3_to_h38_MTD.txt,MTD,h3,h38,h3_to_h38,261.5,6.6,4.46,0,570,0.0
capture_test13_qos_h3_to_h38_MTD.txt,MTD,h3,h38,h3_to_h38,262.5,9.53,1.131,1322,2145,61.63170163170163
capture_test13_qos_h3_to_h38_MTD.txt,MTD,h3,h38,h3_to_h38,263.5,9.61,0.964,41,871,4.707233065442021
capture_test13_qos_h3_to_h38_MTD.txt,MTD,h3,h38,h3_to_h38,264.5,9.61,0.875,0,829,0.0
capture_test13_qos_h3_to_h38_MTD.txt,MTD,h3,h38,h3_to_h38,265.5,9.58,1.136,0,827,0.0
capture_test13_qos_h3_to_h38_MTD.txt,MTD,h3,h38,h3_to_h38,266.5,8.73,0.574,0,754,0.0
capture_test13_qos_h3_to_h38_MTD.txt,MTD,h3,h38,h3_to_h38,267.505,0.904,8.53,0,79,0.0
capture_test13_qos_h3_to_h38_MTD.txt,MTD,h3,h38,h3_to_h38,268.505,1.08,12.051,0,92,0.0
capture_test13_qos_h3_to_h38_MTD.txt,MTD,h3,h38,h3_to_h38,269.5,9.4,1.176,0,809,0.0
capture_test13_qos_h3_to_h38_MTD.txt,MTD,h3,h38,h3_to_h38,270.5,9.47,1.545,25,843,2.965599051008304
capture_test13_qos_h3_to_h38_MTD.txt,MTD,h3,h38,h3_to_h38,271.5,9.42,1.084,0,813,0.0
capture_test13_qos_h3_to_h38_MTD.txt,MTD,h3,h38,h3_to_h38,272.5,3.92,2.495,0,338,0.0
capture_test13_qos_h3_to_h38_MTD.txt,MTD,h3,h38,h3_to_h38,273.5,9.56,1.18,0,826,0.0
capture_test13_qos_h3_to_h38_MTD.txt,MTD,h3,h38,h3_to_h38,274.5,9.52,1.056,0,821,0.0
capture_test13_qos_h3_to_h38_MTD.txt,MTD,h3,h38,h3_to_h38,275.505,6.53,4.468,0,568,0.0
capture_test13_qos_h3_to_h38_MTD.txt,MTD,h3,h38,h3_to_h38,276.505,9.52,1.185,0,817,0.0
capture_test13_qos_h3_to_h38_MTD.txt,MTD,h3,h38,h3_to_h38,277.5,7.43,1.036,0,641,0.0
capture_test13_qos_h3_to_h38_MTD.txt,MTD,h3,h38,h3_to_h38,278.5,6.99,0.864,0,604,0.0
capture_test13_qos_h3_to_h38_MTD.txt,MTD,h3,h38,h3_to_h38,279.5,7.01,1.055,0,605,0.0
capture_test13_qos_h3_to_h38_MTD.txt,MTD,h3,h38,h3_to_h38,280.975,3.18,3.68,0,536,0.0
capture_test13_qos_h3_to_h38_MTD.txt,MTD,h3,h38,h3_to_h38,281.975,6.21,17.68,0,26,0.0
capture_test13_qos_h3_to_h38_MTD.txt,MTD,h3,h38,h3_to_h38,282.5,9.44,0.821,0,815,0.0
capture_test13_qos_h3_to_h38_MTD.txt,MTD,h3,h38,h3_to_h38,283.5,9.48,1.377,0,819,0.0
capture_test13_qos_h3_to_h38_MTD.txt,MTD,h3,h38,h3_to_h38,284.5,5.46,2.897,0,471,0.0
capture_test13_qos_h3_to_h38_MTD.txt,MTD,h3,h38,h3_to_h38,285.5,4.21,3.058,0,364,0.0
capture_test13_qos_h3_to_h38_MTD.txt,MTD,h3,h38,h3_to_h38,286.5,0.382,13.132,0,33,0.0
capture_test13_qos_h3_to_h38_MTD.txt,MTD,h3,h38,h3_to_h38,287.5,1.65,4.731,0,142,0.0
capture_test13_qos_h3_to_h38_MTD.txt,MTD,h3,h38,h3_to_h38,288.975,4.59,59.538,0,770,0.0
capture_test13_qos_h3_to_h38_MTD.txt,MTD,h3,h38,h3_to_h38,289.975,7.52,7.568,0,36,0.0
capture_test13_qos_h3_to_h38_MTD.txt,MTD,h3,h38,h3_to_h38,290.5,9.38,53.639,627,1436,43.66295264623955
capture_test13_qos_h3_to_h38_MTD.txt,MTD,h3,h38,h3_to_h38,291.5,9.64,1.418,403,1235,32.631578947368425
capture_test13_qos_h3_to_h38_MTD.txt,MTD,h3,h38,h3_to_h38,292.97,4.19,2.957,0,703,0.0
capture_test13_qos_h3_to_h38_MTD.txt,MTD,h3,h38,h3_to_h38,293.975,7.22,9.185,0,40,0.0
capture_test13_qos_h3_to_h38_MTD.txt,MTD,h3,h38,h3_to_h38,294.975,4.76,1.736,0,795,0.0
capture_test13_qos_h3_to_h38_MTD.txt,MTD,h3,h38,h3_to_h38,295.975,8.66,3.763,0,51,0.0
capture_test13_qos_h3_to_h38_MTD.txt,MTD,h3,h38,h3_to_h38,296.505,0.901,4.478,0,77,0.0
capture_test13_qos_h3_to_h38_MTD.txt,MTD,h3,h38,h3_to_h38,297.5,9.39,1.236,34,845,4.023668639053255
capture_test13_qos_h3_to_h38_MTD.txt,MTD,h3,h38,h3_to_h38,298.5,1.18,6.48,0,102,0.0
capture_test13_qos_h3_to_h38_MTD.txt,MTD,h3,h38,h3_to_h38,299.5,9.48,4.513,885,1703,51.96711685261304
capture_test13_qos_h3_to_h38_MTD.txt,MTD,h3,h38,h3_to_h38,300.505,0.906,2.644,1,80,1.25
capture_test13_qos_h3_to_h38_MTD.txt,MTD,h3,h38,h3_to_h38,301.5,9.16,1.692,286,1060,26.9811320754717
capture_test15_qos_h39_to_h2_no_MTD.txt,no_MTD,h39,h2,h39_to_h2,0.51,1.86,26.424,0,164,0.0
capture_test15_qos_h39_to_h2_no_MTD.txt,no_MTD,h39,h2,h39_to_h2,1.51,0.426,5.436,0,36,0.0
capture_test15_qos_h39_to_h2_no_MTD.txt,no_MTD,h39,h2,h39_to_h2,2.505,1.29,29.994,0,112,0.0
capture_test15_qos_h39_to_h2_no_MTD.txt,no_MTD,h39,h2,h39_to_h2,3.51,1.41,3.366,0,121,0.0
capture_test15_qos_h39_to_h2_no_MTD.txt,no_MTD,h39,h2,h39_to_h2,4.535,0.772,37.079,0,70,0.0
capture_test15_qos_h39_to_h2_no_MTD.txt,no_MTD,h39,h2,h39_to_h2,5.529999999999999,1.99,16.424,0,162,0.0
capture_test15_qos_h39_to_h2_no_MTD.txt,no_MTD,h39,h2,h39_to_h2,6.5,1.36,28.828,0,117,0.0
capture_test15_qos_h39_to_h2_no_MTD.txt,no_MTD,h39,h2,h39_to_h2,7.51,0.698,46.468,0,61,0.0
capture_test15_qos_h39_to_h2_no_MTD.txt,no_MTD,h39,h2,h39_to_h2,8.51,9.08,2.717,1482,2254,65.74977817213842
capture_test15_qos_h39_to_h2_no_MTD.txt,no_MTD,h39,h2,h39_to_h2,9.5,9.56,1.195,1466,2291,63.989524225229154
capture_test15_qos_h39_to_h2_no_MTD.txt,no_MTD,h39,h2,h39_to_h2,10.5,9.61,0.975,0,830,0.0
capture_test15_qos_h39_to_h2_no_MTD.txt,no_MTD,h39,h2,h39_to_h2,11.504999999999999,7.92,7.477,0,687,0.0
capture_test15_qos_h39_to_h2_no_MTD.txt,no_MTD,h39,h2,h39_to_h2,12.504999999999999,6.51,1.237,0,559,0.0
capture_test15_qos_h39_to_h2_no_MTD.txt,no_MTD,h39,h2,h39_to_h2,13.5,9.26,0.98,0,799,0.0
capture_test15_qos_h39_to_h2_no_MTD.txt,no_MTD,h39,h2,h39_to_h2,14.5,6.72,12.283,0,581,0.0
capture_test15_qos_h39_to_h2_no_MTD.txt,no_MTD,h39,h2,h39_to_h2,15.505,0.746,20.393,0,65,0.0
capture_test15_qos_h39_to_h2_no_MTD.txt,no_MTD,h39,h2,h39_to_h2,16.505000000000003,9.36,2.691,0,800,0.0
capture_test15_qos_h39_to_h2_no_MTD.txt,no_MTD,h39,h2,h39_to_h2,17.5,9.57,1.09,0,828,0.0
capture_test15_qos_h39_to_h2_no_MTD.txt,no_MTD,h39,h2,h39_to_h2,18.5,9.5,1.438,0,819,0.0
capture_test15_qos_h39_to_h2_no_MTD.txt,no_MTD,h39,h2,h39_to_h2,19.5,7.69,1.272,0,664,0.0
capture_test15_qos_h39_to_h2_no_MTD.txt,no_MTD,h39,h2,h39_to_h2,20.5,7.02,1.054,0,606,0.0
capture_test15_qos_h39_to_h2_no_MTD.txt,no_MTD,h39,h2,h39_to_h2,21.5,6.97,0.978,0,601,0.0
capture_test15_qos_h39_to_h2_no_MTD.txt,no_MTD,h39,h2,h39_to_h2,22.5,7.0,1.633,0,605,0.0
capture_test15_qos_h39_to_h2_no_MTD.txt,no_MTD,h39,h2,h39_to_h2,23.5,7.03,1.028,0,606,0.0
capture_test15_qos_h39_to_h2_no_MTD.txt,no_MTD,h39,h2,h39_to_h2,24.5,6.99,1.415,0,604,0.0
capture_test15_qos_h39_to_h2_no_MTD.txt,no_MTD,h39,h2,h39_to_h2,25.5,7.0,1.093,0,605,0.0
capture_test15_qos_h39_to_h2_no_MTD.txt,no_MTD,h39,h2,h39_to_h2,26.5,7.0,0.848,0,604,0.0
capture_test15_qos_h39_to_h2_no_MTD.txt,no_MTD,h39,h2,h39_to_h2,27.5,6.99,1.343,0,604,0.0
capture_test15_qos_h39_to_h2_no_MTD.txt,no_MTD,h39,h2,h39_to_h2,28.5,7.0,0.845,0,605,0.0
capture_test15_qos_h39_to_h2_no_MTD.txt,no_MTD,h39,h2,h39_to_h2,29.5,7.01,1.172,0,604,0.0
capture_test15_qos_h39_to_h2_no_MTD.txt,no_MTD,h39,h2,h39_to_h2,30.5,6.98,1.291,0,603,0.0
capture_test15_qos_h39_to_h2_no_MTD.txt,no_MTD,h39,h2,h39_to_h2,31.5,6.96,1.528,0,601,0.0
capture_test15_qos_h39_to_h2_no_MTD.txt,no_MTD,h39,h2,h39_to_h2,32.5,7.05,0.985,0,609,0.0
capture_test15_qos_h39_to_h2_no_MTD.txt,no_MTD,h39,h2,h39_to_h2,33.5,1.86,18.364,0,161,0.0
capture_test15_qos_h39_to_h2_no_MTD.txt,no_MTD,h39,h2,h39_to_h2,34.5,9.16,0.906,0,788,0.0
capture_test15_qos_h39_to_h2_no_MTD.txt,no_MTD,h39,h2,h39_to_h2,35.5,9.56,0.809,0,826,0.0
capture_test15_qos_h39_to_h2_no_MTD.txt,no_MTD,h39,h2,h39_to_h2,36.5,7.43,0.733,0,642,0.0
capture_test15_qos_h39_to_h2_no_MTD.txt,no_MTD,h39,h2,h39_to_h2,37.5,6.61,3.132,0,570,0.0
capture_test15_qos_h39_to_h2_no_MTD.txt,no_MTD,h39,h2,h39_to_h2,38.504999999999995,7.26,2.452,0,631,0.0
capture_test15_qos_h39_to_h2_no_MTD.txt,no_MTD,h39,h2,h39_to_h2,39.51,0.185,25.765,0,16,0.0
capture_test15_qos_h39_to_h2_no_MTD.txt,no_MTD,h39,h2,h39_to_h2,40.504999999999995,9.22,1.195,0,790,0.0
capture_test15_qos_h39_to_h2_no_MTD.txt,no_MTD,h39,h2,h39_to_h2,41.5,9.5,1.389,0,821,0.0
capture_test15_qos_h39_to_h2_no_MTD.txt,no_MTD,h39,h2,h39_to_h2,42.5,9.25,1.137,0,798,0.0
capture_test15_qos_h39_to_h2_no_MTD.txt,no_MTD,h39,h2,h39_to_h2,43.5,6.92,1.855,0,598,0.0
capture_test15_qos_h39_to_h2_no_MTD.txt,no_MTD,h39,h2,h39_to_h2,44.5,7.08,1.159,0,610,0.0
capture_test15_qos_h39_to_h2_no_MTD.txt,no_MTD,h39,h2,h39_to_h2,45.5,4.31,11.868,0,373,0.0
capture_test15_qos_h39_to_h2_no_MTD.txt,no_MTD,h39,h2,h39_to_h2,46.5,8.91,1.443,0,769,0.0
capture_test15_qos_h39_to_h2_no_MTD.txt,no_MTD,h39,h2,h39_to_h2,47.5,7.78,1.298,0,671,0.0
capture_test15_qos_h39_to_h2_no_MTD.txt,no_MTD,h39,h2,h39_to_h2,48.5,6.97,1.071,0,602,0.0
capture_test15_qos_h39_to_h2_no_MTD.txt,no_MTD,h39,h2,h39_to_h2,49.5,7.01,1.322,0,605,0.0
capture_test15_qos_h39_to_h2_no_MTD.txt,no_MTD,h39,h2,h39_to_h2,50.5,7.0,1.285,0,604,0.0
capture_test15_qos_h39_to_h2_no_MTD.txt,no_MTD,h39,h2,h39_to_h2,51.5,7.01,1.346,0,605,0.0
capture_test15_qos_h39_to_h2_no_MTD.txt,no_MTD,h39,h2,h39_to_h2,52.5,6.88,2.409,0,595,0.0
capture_test15_qos_h39_to_h2_no_MTD.txt,no_MTD,h39,h2,h39_to_h2,53.5,7.12,0.936,0,615,0.0
capture_test15_qos_h39_to_h2_no_MTD.txt,no_MTD,h39,h2,h39_to_h2,54.5,7.01,1.363,0,604,0.0
capture_test15_qos_h39_to_h2_no_MTD.txt,no_MTD,h39,h2,h39_to_h2,55.5,7.01,1.294,0,605,0.0
capture_test15_qos_h39_to_h2_no_MTD.txt,no_MTD,h39,h2,h39_to_h2,56.5,5.39,5.378,0,467,0.0
capture_test15_qos_h39_to_h2_no_MTD.txt,no_MTD,h39,h2,h39_to_h2,57.5,8.59,0.996,0,740,0.0
capture_test15_qos_h39_to_h2_no_MTD.txt,no_MTD,h39,h2,h39_to_h2,58.5,7.01,1.514,0,604,0.0
capture_test15_qos_h39_to_h2_no_MTD.txt,no_MTD,h39,h2,h39_to_h2,59.5,6.82,1.909,0,589,0.0
capture_test15_qos_h39_to_h2_no_MTD.txt,no_MTD,h39,h2,h39_to_h2,60.504999999999995,1.56,15.088,0,135,0.0
capture_test15_qos_h39_to_h2_no_MTD.txt,no_MTD,h39,h2,h39_to_h2,61.504999999999995,9.41,1.092,0,808,0.0
capture_test15_qos_h39_to_h2_no_MTD.txt,no_MTD,h39,h2,h39_to_h2,62.5,9.56,1.522,0,826,0.0
capture_test15_qos_h39_to_h2_no_MTD.txt,no_MTD,h39,h2,h39_to_h2,63.5,7.68,0.987,0,664,0.0
capture_test15_qos_h39_to_h2_no_MTD.txt,no_MTD,h39,h2,h39_to_h2,64.5,7.02,0.975,0,605,0.0
capture_test15_qos_h39_to_h2_no_MTD.txt,no_MTD,h39,h2,h39_to_h2,65.5,6.11,6.001,0,527,0.0
capture_test15_qos_h39_to_h2_no_MTD.txt,no_MTD,h39,h2,h39_to_h2,66.5,7.87,0.817,0,680,0.0
capture_test15_qos_h39_to_h2_no_MTD.txt,no_MTD,h39,h2,h39_to_h2,67.5,6.98,0.963,0,603,0.0
capture_test15_qos_h39_to_h2_no_MTD.txt,no_MTD,h39,h2,h39_to_h2,68.5,4.89,1.222,0,422,0.0
capture_test15_qos_h39_to_h2_no_MTD.txt,no_MTD,h39,h2,h39_to_h2,69.5,9.13,1.114,0,787,0.0
capture_test15_qos_h39_to_h2_no_MTD.txt,no_MTD,h39,h2,h39_to_h2,70.505,2.55,16.958,0,222,0.0
capture_test15_qos_h39_to_h2_no_MTD.txt,no_MTD,h39,h2,h39_to_h2,71.505,8.52,0.981,0,729,0.0
capture_test15_qos_h39_to_h2_no_MTD.txt,no_MTD,h39,h2,h39_to_h2,72.5,9.64,0.936,0,832,0.0
capture_test15_qos_h39_to_h2_no_MTD.txt,no_MTD,h39,h2,h39_to_h2,73.5,3.39,12.955,0,293,0.0
capture_test15_qos_h39_to_h2_no_MTD.txt,no_MTD,h39,h2,h39_to_h2,74.5,9.15,1.494,0,790,0.0
capture_test15_qos_h39_to_h2_no_MTD.txt,no_MTD,h39,h2,h39_to_h2,75.5,8.84,1.038,0,763,0.0
capture_test15_qos_h39_to_h2_no_MTD.txt,no_MTD,h39,h2,h39_to_h2,76.5,6.98,1.031,0,603,0.0
capture_test15_qos_h39_to_h2_no_MTD.txt,no_MTD,h39,h2,h39_to_h2,77.5,7.03,0.643,0,606,0.0
capture_test15_qos_h39_to_h2_no_MTD.txt,no_MTD,h39,h2,h39_to_h2,78.5,6.97,1.002,0,602,0.0
capture_test15_qos_h39_to_h2_no_MTD.txt,no_MTD,h39,h2,h39_to_h2,79.5,6.99,1.154,0,604,0.0
capture_test15_qos_h39_to_h2_no_MTD.txt,no_MTD,h39,h2,h39_to_h2,80.5,6.98,1.561,0,603,0.0
capture_test15_qos_h39_to_h2_no_MTD.txt,no_MTD,h39,h2,h39_to_h2,81.5,7.03,1.369,0,607,0.0
capture_test15_qos_h39_to_h2_no_MTD.txt,no_MTD,h39,h2,h39_to_h2,82.5,6.99,1.25,0,603,0.0
capture_test15_qos_h39_to_h2_no_MTD.txt,no_MTD,h39,h2,h39_to_h2,83.5,6.99,1.261,0,604,0.0
capture_test15_qos_h39_to_h2_no_MTD.txt,no_MTD,h39,h2,h39_to_h2,84.5,7.02,1.103,0,606,0.0
capture_test15_qos_h39_to_h2_no_MTD.txt,no_MTD,h39,h2,h39_to_h2,85.5,6.99,1.043,0,603,0.0
capture_test15_qos_h39_to_h2_no_MTD.txt,no_MTD,h39,h2,h39_to_h2,86.5,7.01,0.745,0,605,0.0
capture_test15_qos_h39_to_h2_no_MTD.txt,no_MTD,h39,h2,h39_to_h2,87.5,6.98,0.952,0,603,0.0
capture_test15_qos_h39_to_h2_no_MTD.txt,no_MTD,h39,h2,h39_to_h2,88.5,7.0,0.966,0,604,0.0
capture_test15_qos_h39_to_h2_no_MTD.txt,no_MTD,h39,h2,h39_to_h2,89.5,7.0,1.45,0,605,0.0
capture_test15_qos_h39_to_h2_no_MTD.txt,no_MTD,h39,h2,h39_to_h2,90.5,7.02,1.668,0,605,0.0
capture_test15_qos_h39_to_h2_no_MTD.txt,no_MTD,h39,h2,h39_to_h2,91.5,7.0,1.438,0,604,0.0
capture_test15_qos_h39_to_h2_no_MTD.txt,no_MTD,h39,h2,h39_to_h2,92.5,7.0,0.686,0,605,0.0
capture_test15_qos_h39_to_h2_no_MTD.txt,no_MTD,h39,h2,h39_to_h2,93.5,4.74,13.785,0,408,0.0
capture_test15_qos_h39_to_h2_no_MTD.txt,no_MTD,h39,h2,h39_to_h2,94.5,9.28,0.946,0,801,0.0
capture_test15_qos_h39_to_h2_no_MTD.txt,no_MTD,h39,h2,h39_to_h2,95.5,7.0,0.886,0,604,0.0
capture_test15_qos_h39_to_h2_no_MTD.txt,no_MTD,h39,h2,h39_to_h2,96.5,2.44,13.103,0,211,0.0
capture_test15_qos_h39_to_h2_no_MTD.txt,no_MTD,h39,h2,h39_to_h2,97.5,3.72,7.841,0,321,0.0
capture_test15_qos_h39_to_h2_no_MTD.txt,no_MTD,h39,h2,h39_to_h2,98.5,9.54,0.958,0,823,0.0
capture_test15_qos_h39_to_h2_no_MTD.txt,no_MTD,h39,h2,h39_to_h2,99.5,9.65,0.829,0,833,0.0
capture_test15_qos_h39_to_h2_no_MTD.txt,no_MTD,h39,h2,h39_to_h2,100.5,9.61,1.073,0,829,0.0
capture_test15_qos_h39_to_h2_no_MTD.txt,no_MTD,h39,h2,h39_to_h2,101.5,7.02,1.104,0,606,0.0
capture_test15_qos_h39_to_h2_no_MTD.txt,no_MTD,h39,h2,h39_to_h2,102.5,7.02,1.176,0,606,0.0
capture_test15_qos_h39_to_h2_no_MTD.txt,no_MTD,h39,h2,h39_to_h2,103.5,7.02,0.87,0,606,0.0
capture_test15_qos_h39_to_h2_no_MTD.txt,no_MTD,h39,h2,h39_to_h2,104.5,6.99,1.162,0,603,0.0
capture_test15_qos_h39_to_h2_no_MTD.txt,no_MTD,h39,h2,h39_to_h2,105.5,7.01,1.16,0,605,0.0
capture_test15_qos_h39_to_h2_no_MTD.txt,no_MTD,h39,h2,h39_to_h2,106.5,6.98,1.287,0,603,0.0
capture_test15_qos_h39_to_h2_no_MTD.txt,no_MTD,h39,h2,h39_to_h2,107.5,6.99,1.229,0,603,0.0
capture_test15_qos_h39_to_h2_no_MTD.txt,no_MTD,h39,h2,h39_to_h2,108.5,7.01,1.215,0,606,0.0
capture_test15_qos_h39_to_h2_no_MTD.txt,no_MTD,h39,h2,h39_to_h2,109.5,3.18,7.686,0,275,0.0
capture_test15_qos_h39_to_h2_no_MTD.txt,no_MTD,h39,h2,h39_to_h2,110.5,9.33,1.122,0,802,0.0
capture_test15_qos_h39_to_h2_no_MTD.txt,no_MTD,h39,h2,h39_to_h2,111.5,7.02,4.907,0,606,0.0
capture_test15_qos_h39_to_h2_no_MTD.txt,no_MTD,h39,h2,h39_to_h2,112.5,7.32,0.802,0,632,0.0
capture_test15_qos_h39_to_h2_no_MTD.txt,no_MTD,h39,h2,h39_to_h2,113.5,8.19,0.826,0,707,0.0
capture_test15_qos_h39_to_h2_no_MTD.txt,no_MTD,h39,h2,h39_to_h2,114.5,6.99,1.123,0,603,0.0
capture_test15_qos_h39_to_h2_no_MTD.txt,no_MTD,h39,h2,h39_to_h2,115.5,6.98,1.169,0,604,0.0
capture_test15_qos_h39_to_h2_no_MTD.txt,no_MTD,h39,h2,h39_to_h2,116.985,2.86,62.814,0,486,0.0
capture_test15_qos_h39_to_h2_no_MTD.txt,no_MTD,h39,h2,h39_to_h2,117.99000000000001,4.09,33.368,0,13,0.0
capture_test15_qos_h39_to_h2_no_MTD.txt,no_MTD,h39,h2,h39_to_h2,118.505,9.3,2.06,0,798,0.0
capture_test15_qos_h39_to_h2_no_MTD.txt,no_MTD,h39,h2,h39_to_h2,119.5,7.84,4.611,0,680,0.0
capture_test15_qos_h39_to_h2_no_MTD.txt,no_MTD,h39,h2,h39_to_h2,120.5,1.36,27.1,2,119,1.680672268907563
capture_test15_qos_h39_to_h2_no_MTD.txt,no_MTD,h39,h2,h39_to_h2,121.5,9.45,1.208,18446744073709551614,814,2.266184775639994e+18
capture_test15_qos_h39_to_h2_no_MTD.txt,no_MTD,h39,h2,h39_to_h2,122.5,9.53,1.237,0,823,0.0
capture_test15_qos_h39_to_h2_no_MTD.txt,no_MTD,h39,h2,h39_to_h2,123.5,9.43,0.951,0,814,0.0
capture_test15_qos_h39_to_h2_no_MTD.txt,no_MTD,h39,h2,h39_to_h2,124.5,9.5,1.063,0,821,0.0
capture_test15_qos_h39_to_h2_no_MTD.txt,no_MTD,h39,h2,h39_to_h2,125.5,7.85,0.807,0,677,0.0
capture_test15_qos_h39_to_h2_no_MTD.txt,no_MTD,h39,h2,h39_to_h2,126.5,6.97,0.916,0,602,0.0
capture_test15_qos_h39_to_h2_no_MTD.txt,no_MTD,h39,h2,h39_to_h2,127.5,7.0,0.911,0,605,0.0
capture_test15_qos_h39_to_h2_no_MTD.txt,no_MTD,h39,h2,h39_to_h2,128.5,7.02,1.276,0,605,0.0
capture_test15_qos_h39_to_h2_no_MTD.txt,no_MTD,h39,h2,h39_to_h2,129.5,7.0,1.232,0,604,0.0
capture_test15_qos_h39_to_h2_no_MTD.txt,no_MTD,h39,h2,h39_to_h2,130.5,6.99,1.303,0,603,0.0
capture_test15_qos_h39_to_h2_no_MTD.txt,no_MTD,h39,h2,h39_to_h2,131.5,7.03,0.956,0,607,0.0
capture_test15_qos_h39_to_h2_no_MTD.txt,no_MTD,h39,h2,h39_to_h2,132.625,2.33,9.488,0,251,0.0
capture_test15_qos_h39_to_h2_no_MTD.txt,no_MTD,h39,h2,h39_to_h2,133.625,0.524,18.554,0,34,0.0
capture_test15_qos_h39_to_h2_no_MTD.txt,no_MTD,h39,h2,h39_to_h2,134.5,9.08,1.198,0,782,0.0
capture_test15_qos_h39_to_h2_no_MTD.txt,no_MTD,h39,h2,h39_to_h2,135.985,3.45,54.766,0,585,0.0
capture_test15_qos_h39_to_h2_no_MTD.txt,no_MTD,h39,h2,h39_to_h2,136.99,7.23,11.441,0,26,0.0
capture_test15_qos_h39_to_h2_no_MTD.txt,no_MTD,h39,h2,h39_to_h2,137.505,9.21,10.075,0,790,0.0
capture_test15_qos_h39_to_h2_no_MTD.txt,no_MTD,h39,h2,h39_to_h2,138.5,9.1,0.875,347,1133,30.62665489849956
capture_test15_qos_h39_to_h2_no_MTD.txt,no_MTD,h39,h2,h39_to_h2,139.5,9.49,1.367,0,820,0.0
capture_test15_qos_h39_to_h2_no_MTD.txt,no_MTD,h39,h2,h39_to_h2,140.5,9.64,0.944,0,832,0.0
capture_test15_qos_h39_to_h2_no_MTD.txt,no_MTD,h39,h2,h39_to_h2,141.5,9.11,1.204,0,786,0.0
capture_test15_qos_h39_to_h2_no_MTD.txt,no_MTD,h39,h2,h39_to_h2,142.5,6.99,1.189,0,604,0.0
capture_test15_qos_h39_to_h2_no_MTD.txt,no_MTD,h39,h2,h39_to_h2,143.5,7.02,0.998,0,606,0.0
capture_test15_qos_h39_to_h2_no_MTD.txt,no_MTD,h39,h2,h39_to_h2,144.5,6.9,0.935,0,595,0.0
capture_test15_qos_h39_to_h2_no_MTD.txt,no_MTD,h39,h2,h39_to_h2,145.99,3.52,0.922,0,601,0.0
capture_test15_qos_h39_to_h2_no_MTD.txt,no_MTD,h39,h2,h39_to_h2,146.99,5.99,30.798,0,13,0.0
capture_test15_qos_h39_to_h2_no_MTD.txt,no_MTD,h39,h2,h39_to_h2,147.5,9.36,1.049,0,807,0.0
capture_test15_qos_h39_to_h2_no_MTD.txt,no_MTD,h39,h2,h39_to_h2,148.5,9.6,0.998,0,828,0.0
capture_test15_qos_h39_to_h2_no_MTD.txt,no_MTD,h39,h2,h39_to_h2,149.5,9.04,0.841,0,783,0.0
capture_test15_qos_h39_to_h2_no_MTD.txt,no_MTD,h39,h2,h39_to_h2,150.5,6.99,1.355,0,603,0.0
capture_test15_qos_h39_to_h2_no_MTD.txt,no_MTD,h39,h2,h39_to_h2,151.5,7.0,0.951,0,604,0.0
capture_test15_qos_h39_to_h2_no_MTD.txt,no_MTD,h39,h2,h39_to_h2,152.5,5.79,1.029,0,500,0.0
capture_test15_qos_h39_to_h2_no_MTD.txt,no_MTD,h39,h2,h39_to_h2,153.5,8.23,0.908,0,711,0.0
capture_test15_qos_h39_to_h2_no_MTD.txt,no_MTD,h39,h2,h39_to_h2,154.5,6.87,1.58,0,592,0.0
capture_test15_qos_h39_to_h2_no_MTD.txt,no_MTD,h39,h2,h39_to_h2,155.985,1.93,1.398,0,328,0.0
capture_test15_qos_h39_to_h2_no_MTD.txt,no_MTD,h39,h2,h39_to_h2,156.99,7.76,15.489,0,24,0.0
capture_test15_qos_h39_to_h2_no_MTD.txt,no_MTD,h39,h2,h39_to_h2,157.505,9.41,1.499,0,806,0.0
capture_test15_qos_h39_to_h2_no_MTD.txt,no_MTD,h39,h2,h39_to_h2,158.5,9.58,0.825,0,827,0.0
capture_test15_qos_h39_to_h2_no_MTD.txt,no_MTD,h39,h2,h39_to_h2,159.5,9.58,1.58,0,827,0.0
capture_test15_qos_h39_to_h2_no_MTD.txt,no_MTD,h39,h2,h39_to_h2,160.5,9.56,1.154,0,826,0.0
capture_test15_qos_h39_to_h2_no_MTD.txt,no_MTD,h39,h2,h39_to_h2,161.5,6.99,1.14,0,603,0.0
capture_test15_qos_h39_to_h2_no_MTD.txt,no_MTD,h39,h2,h39_to_h2,162.5,6.99,1.114,0,604,0.0
capture_test15_qos_h39_to_h2_no_MTD.txt,no_MTD,h39,h2,h39_to_h2,163.5,6.99,0.983,0,603,0.0
capture_test15_qos_h39_to_h2_no_MTD.txt,no_MTD,h39,h2,h39_to_h2,164.5,7.02,1.158,0,606,0.0
capture_test15_qos_h39_to_h2_no_MTD.txt,no_MTD,h39,h2,h39_to_h2,165.5,7.0,1.144,0,604,0.0
capture_test15_qos_h39_to_h2_no_MTD.txt,no_MTD,h39,h2,h39_to_h2,166.5,7.0,1.098,0,604,0.0
capture_test15_qos_h39_to_h2_no_MTD.txt,no_MTD,h39,h2,h39_to_h2,167.505,2.71,10.341,0,236,0.0
capture_test15_qos_h39_to_h2_no_MTD.txt,no_MTD,h39,h2,h39_to_h2,168.505,7.06,4.365,2,607,0.3294892915980231
capture_test15_qos_h39_to_h2_no_MTD.txt,no_MTD,h39,h2,h39_to_h2,169.5,7.34,3.826,18446744073709551614,630,2.928054614874532e+18
capture_test15_qos_h39_to_h2_no_MTD.txt,no_MTD,h39,h2,h39_to_h2,170.5,9.51,0.83,0,821,0.0
capture_test15_qos_h39_to_h2_no_MTD.txt,no_MTD,h39,h2,h39_to_h2,171.5,6.77,6.334,0,585,0.0
capture_test15_qos_h39_to_h2_no_MTD.txt,no_MTD,h39,h2,h39_to_h2,172.505,0.415,36.578,0,36,0.0
capture_test15_qos_h39_to_h2_no_MTD.txt,no_MTD,h39,h2,h39_to_h2,173.505,2.74,7.547,0,236,0.0
capture_test15_qos_h39_to_h2_no_MTD.txt,no_MTD,h39,h2,h39_to_h2,174.5,9.55,1.532,0,822,0.0
capture_test15_qos_h39_to_h2_no_MTD.txt,no_MTD,h39,h2,h39_to_h2,175.5,7.91,2.777,71,757,9.379128137384413
capture_test15_qos_h39_to_h2_no_MTD.txt,no_MTD,h39,h2,h39_to_h2,176.5,9.45,1.397,0,813,0.0
capture_test15_qos_h39_to_h2_no_MTD.txt,no_MTD,h39,h2,h39_to_h2,177.5,9.58,1.016,0,826,0.0
capture_test15_qos_h39_to_h2_no_MTD.txt,no_MTD,h39,h2,h39_to_h2,178.5,9.6,0.801,0,829,0.0
capture_test15_qos_h39_to_h2_no_MTD.txt,no_MTD,h39,h2,h39_to_h2,179.99,3.54,38.994,0,605,0.0
capture_test15_qos_h39_to_h2_no_MTD.txt,no_MTD,h39,h2,h39_to_h2,180.99,9.48,14.864,0,18,0.0
capture_test15_qos_h39_to_h2_no_MTD.txt,no_MTD,h39,h2,h39_to_h2,181.5,1.92,2.863,0,166,0.0
capture_test15_qos_h39_to_h2_no_MTD.txt,no_MTD,h39,h2,h39_to_h2,182.5,9.35,1.168,0,807,0.0
capture_test15_qos_h39_to_h2_no_MTD.txt,no_MTD,h39,h2,h39_to_h2,183.5,9.54,0.852,81,906,8.940397350993377
capture_test15_qos_h39_to_h2_no_MTD.txt,no_MTD,h39,h2,h39_to_h2,184.5,9.5,0.856,0,819,0.0
capture_test15_qos_h39_to_h2_no_MTD.txt,no_MTD,h39,h2,h39_to_h2,185.5,9.54,1.395,0,824,0.0
capture_test15_qos_h39_to_h2_no_MTD.txt,no_MTD,h39,h2,h39_to_h2,186.5,6.8,1.238,0,587,0.0
capture_test15_qos_h39_to_h2_no_MTD.txt,no_MTD,h39,h2,h39_to_h2,187.5,2.33,2.65,0,201,0.0
capture_test15_qos_h39_to_h2_no_MTD.txt,no_MTD,h39,h2,h39_to_h2,188.505,1.0,12.398,0,87,0.0
capture_test15_qos_h39_to_h2_no_MTD.txt,no_MTD,h39,h2,h39_to_h2,189.51,0.67,18.835,0,58,0.0
capture_test15_qos_h39_to_h2_no_MTD.txt,no_MTD,h39,h2,h39_to_h2,190.805,5.39,38.379,0,741,0.0
capture_test15_qos_h39_to_h2_no_MTD.txt,no_MTD,h39,h2,h39_to_h2,191.8,8.85,5.636,632,937,67.44930629669157
capture_test15_qos_h39_to_h2_no_MTD.txt,no_MTD,h39,h2,h39_to_h2,192.5,4.19,1.742,5,367,1.3623978201634876
capture_test15_qos_h39_to_h2_no_MTD.txt,no_MTD,h39,h2,h39_to_h2,193.5,9.33,1.526,370,1176,31.462585034013607
capture_test15_qos_h39_to_h2_no_MTD.txt,no_MTD,h39,h2,h39_to_h2,194.5,9.44,0.982,27,841,3.2104637336504163
capture_test15_qos_h39_to_h2_no_MTD.txt,no_MTD,h39,h2,h39_to_h2,195.5,9.4,1.243,0,812,0.0
capture_test15_qos_h39_to_h2_no_MTD.txt,no_MTD,h39,h2,h39_to_h2,196.5,9.28,1.133,0,801,0.0
capture_test15_qos_h39_to_h2_no_MTD.txt,no_MTD,h39,h2,h39_to_h2,197.5,9.04,1.565,0,781,0.0
capture_test15_qos_h39_to_h2_no_MTD.txt,no_MTD,h39,h2,h39_to_h2,198.5,7.0,0.93,0,604,0.0
capture_test15_qos_h39_to_h2_no_MTD.txt,no_MTD,h39,h2,h39_to_h2,199.5,7.02,0.864,0,606,0.0
capture_test15_qos_h39_to_h2_no_MTD.txt,no_MTD,h39,h2,h39_to_h2,200.5,7.0,0.817,0,604,0.0
capture_test15_qos_h39_to_h2_no_MTD.txt,no_MTD,h39,h2,h39_to_h2,201.5,7.01,0.789,0,605,0.0
capture_test15_qos_h39_to_h2_no_MTD.txt,no_MTD,h39,h2,h39_to_h2,202.5,6.98,1.231,0,603,0.0
capture_test15_qos_h39_to_h2_no_MTD.txt,no_MTD,h39,h2,h39_to_h2,203.5,7.0,1.439,0,604,0.0
capture_test15_qos_h39_to_h2_no_MTD.txt,no_MTD,h39,h2,h39_to_h2,204.5,6.98,0.981,0,604,0.0
capture_test15_qos_h39_to_h2_no_MTD.txt,no_MTD,h39,h2,h39_to_h2,205.5,7.02,0.72,0,605,0.0
capture_test15_qos_h39_to_h2_no_MTD.txt,no_MTD,h39,h2,h39_to_h2,206.5,6.71,2.274,0,579,0.0
capture_test15_qos_h39_to_h2_no_MTD.txt,no_MTD,h39,h2,h39_to_h2,207.5,7.29,1.111,0,629,0.0
capture_test15_qos_h39_to_h2_no_MTD.txt,no_MTD,h39,h2,h39_to_h2,208.5,7.02,1.474,0,606,0.0
capture_test15_qos_h39_to_h2_no_MTD.txt,no_MTD,h39,h2,h39_to_h2,209.505,6.95,1.483,0,604,0.0
capture_test15_qos_h39_to_h2_no_MTD.txt,no_MTD,h39,h2,h39_to_h2,210.505,7.04,1.14,0,604,0.0
capture_test15_qos_h39_to_h2_no_MTD.txt,no_MTD,h39,h2,h39_to_h2,211.5,6.92,1.866,0,598,0.0
capture_test15_qos_h39_to_h2_no_MTD.txt,no_MTD,h39,h2,h39_to_h2,212.5,6.73,2.1,0,580,0.0
capture_test15_qos_h39_to_h2_no_MTD.txt,no_MTD,h39,h2,h39_to_h2,213.5,1.1,7.093,0,95,0.0
capture_test15_qos_h39_to_h2_no_MTD.txt,no_MTD,h39,h2,h39_to_h2,214.5,1.43,2.371,0,124,0.0
capture_test15_qos_h39_to_h2_no_MTD.txt,no_MTD,h39,h2,h39_to_h2,215.5,0.996,6.965,0,86,0.0
capture_test15_qos_h39_to_h2_no_MTD.txt,no_MTD,h39,h2,h39_to_h2,216.5,0.763,21.912,0,66,0.0
capture_test15_qos_h39_to_h2_no_MTD.txt,no_MTD,h39,h2,h39_to_h2,217.5,9.5,1.781,15,832,1.8028846153846152
capture_test15_qos_h39_to_h2_no_MTD.txt,no_MTD,h39,h2,h39_to_h2,218.5,9.52,1.337,1064,1886,56.415694591728524
capture_test15_qos_h39_to_h2_no_MTD.txt,no_MTD,h39,h2,h39_to_h2,219.5,9.52,1.485,0,821,0.0
capture_test15_qos_h39_to_h2_no_MTD.txt,no_MTD,h39,h2,h39_to_h2,220.5,3.53,2.293,0,305,0.0
capture_test15_qos_h39_to_h2_no_MTD.txt,no_MTD,h39,h2,h39_to_h2,221.715,0.829,12.788,0,102,0.0
capture_test15_qos_h39_to_h2_no_MTD.txt,no_MTD,h39,h2,h39_to_h2,222.72500000000002,1.17,5.842,2,62,3.225806451612903
capture_test15_qos_h39_to_h2_no_MTD.txt,no_MTD,h39,h2,h39_to_h2,223.51,9.47,1.223,18446744073709551614,798,2.3116220643746304e+18
capture_test15_qos_h39_to_h2_no_MTD.txt,no_MTD,h39,h2,h39_to_h2,224.5,9.63,0.986,707,1538,45.96879063719116
capture_test15_qos_h39_to_h2_no_MTD.txt,no_MTD,h39,h2,h39_to_h2,225.5,9.58,0.885,0,827,0.0
capture_test15_qos_h39_to_h2_no_MTD.txt,no_MTD,h39,h2,h39_to_h2,226.5,9.56,0.86,0,827,0.0
capture_test15_qos_h39_to_h2_no_MTD.txt,no_MTD,h39,h2,h39_to_h2,227.5,8.41,1.169,0,725,0.0
capture_test15_qos_h39_to_h2_no_MTD.txt,no_MTD,h39,h2,h39_to_h2,228.5,7.01,1.031,0,605,0.0
capture_test15_qos_h39_to_h2_no_MTD.txt,no_MTD,h39,h2,h39_to_h2,229.5,7.0,1.179,0,605,0.0
capture_test15_qos_h39_to_h2_no_MTD.txt,no_MTD,h39,h2,h39_to_h2,230.5,7.01,1.191,0,604,0.0
capture_test15_qos_h39_to_h2_no_MTD.txt,no_MTD,h39,h2,h39_to_h2,231.5,6.98,0.95,0,603,0.0
capture_test15_qos_h39_to_h2_no_MTD.txt,no_MTD,h39,h2,h39_to_h2,232.5,7.01,0.914,0,605,0.0
capture_test15_qos_h39_to_h2_no_MTD.txt,no_MTD,h39,h2,h39_to_h2,233.515,5.96,4.965,0,530,0.0
capture_test15_qos_h39_to_h2_no_MTD.txt,no_MTD,h39,h2,h39_to_h2,234.515,8.08,1.106,0,679,0.0
capture_test15_qos_h39_to_h2_no_MTD.txt,no_MTD,h39,h2,h39_to_h2,235.5,6.97,0.963,0,602,0.0
capture_test15_qos_h39_to_h2_no_MTD.txt,no_MTD,h39,h2,h39_to_h2,236.5,6.99,0.823,0,605,0.0
capture_test15_qos_h39_to_h2_no_MTD.txt,no_MTD,h39,h2,h39_to_h2,237.505,6.53,3.002,0,567,0.0
capture_test15_qos_h39_to_h2_no_MTD.txt,no_MTD,h39,h2,h39_to_h2,238.505,0.396,15.712,0,34,0.0
capture_test15_qos_h39_to_h2_no_MTD.txt,no_MTD,h39,h2,h39_to_h2,239.505,2.21,9.478,0,192,0.0
capture_test15_qos_h39_to_h2_no_MTD.txt,no_MTD,h39,h2,h39_to_h2,240.505,1.51,22.999,0,130,0.0
capture_test15_qos_h39_to_h2_no_MTD.txt,no_MTD,h39,h2,h39_to_h2,241.5,0.93,26.747,0,80,0.0
capture_test15_qos_h39_to_h2_no_MTD.txt,no_MTD,h39,h2,h39_to_h2,242.5,9.49,1.196,0,819,0.0
capture_test15_qos_h39_to_h2_no_MTD.txt,no_MTD,h39,h2,h39_to_h2,243.5,6.14,6.925,997,1527,65.29142108709888
capture_test15_qos_h39_to_h2_no_MTD.txt,no_MTD,h39,h2,h39_to_h2,244.985,2.89,16.851,0,491,0.0
capture_test15_qos_h39_to_h2_no_MTD.txt,no_MTD,h39,h2,h39_to_h2,245.985,9.1,16.134,0,27,0.0
capture_test15_qos_h39_to_h2_no_MTD.txt,no_MTD,h39,h2,h39_to_h2,246.5,9.39,1.786,0,811,0.0
capture_test15_qos_h39_to_h2_no_MTD.txt,no_MTD,h39,h2,h39_to_h2,247.5,9.59,0.965,563,1391,40.4744787922358
capture_test15_qos_h39_to_h2_no_MTD.txt,no_MTD,h39,h2,h39_to_h2,248.5,9.56,0.839,0,825,0.0
capture_test15_qos_h39_to_h2_no_MTD.txt,no_MTD,h39,h2,h39_to_h2,249.5,9.53,1.217,0,822,0.0
capture_test15_qos_h39_to_h2_no_MTD.txt,no_MTD,h39,h2,h39_to_h2,250.5,8.63,0.956,0,745,0.0
capture_test15_qos_h39_to_h2_no_MTD.txt,no_MTD,h39,h2,h39_to_h2,251.5,7.0,1.266,0,605,0.0
capture_test15_qos_h39_to_h2_no_MTD.txt,no_MTD,h39,h2,h39_to_h2,252.995,2.6,48.999,0,446,0.0
capture_test15_qos_h39_to_h2_no_MTD.txt,no_MTD,h39,h2,h39_to_h2,253.995,2.65,41.582,0,3,0.0
capture_test15_qos_h39_to_h2_no_MTD.txt,no_MTD,h39,h2,h39_to_h2,254.505,3.05,12.951,0,264,0.0
capture_test15_qos_h39_to_h2_no_MTD.txt,no_MTD,h39,h2,h39_to_h2,255.505,0.477,15.103,0,41,0.0
capture_test15_qos_h39_to_h2_no_MTD.txt,no_MTD,h39,h2,h39_to_h2,256.505,1.92,2.303,0,168,0.0
capture_test15_qos_h39_to_h2_no_MTD.txt,no_MTD,h39,h2,h39_to_h2,257.505,1.96,10.338,0,167,0.0
capture_test15_qos_h39_to_h2_no_MTD.txt,no_MTD,h39,h2,h39_to_h2,258.5,9.56,2.198,655,1479,44.28668018931711
capture_test15_qos_h39_to_h2_no_MTD.txt,no_MTD,h39,h2,h39_to_h2,259.5,9.61,1.293,879,1708,51.46370023419203
capture_test15_qos_h39_to_h2_no_MTD.txt,no_MTD,h39,h2,h39_to_h2,260.5,9.53,1.025,0,823,0.0
capture_test15_qos_h39_to_h2_no_MTD.txt,no_MTD,h39,h2,h39_to_h2,261.5,9.61,1.066,0,829,0.0
capture_test15_qos_h39_to_h2_no_MTD.txt,no_MTD,h39,h2,h39_to_h2,262.5,8.33,0.861,0,719,0.0
capture_test15_qos_h39_to_h2_no_MTD.txt,no_MTD,h39,h2,h39_to_h2,263.5,6.99,1.29,0,604,0.0
capture_test15_qos_h39_to_h2_no_MTD.txt,no_MTD,h39,h2,h39_to_h2,264.5,6.99,1.05,0,604,0.0
capture_test15_qos_h39_to_h2_no_MTD.txt,no_MTD,h39,h2,h39_to_h2,265.5,7.0,0.821,0,603,0.0
capture_test15_qos_h39_to_h2_no_MTD.txt,no_MTD,h39,h2,h39_to_h2,266.5,7.02,0.794,0,606,0.0
capture_test15_qos_h39_to_h2_no_MTD.txt,no_MTD,h39,h2,h39_to_h2,267.5,6.99,0.941,0,603,0.0
capture_test15_qos_h39_to_h2_no_MTD.txt,no_MTD,h39,h2,h39_to_h2,268.5,7.01,1.141,0,606,0.0
capture_test15_qos_h39_to_h2_no_MTD.txt,no_MTD,h39,h2,h39_to_h2,269.5,7.0,1.071,0,604,0.0
capture_test15_qos_h39_to_h2_no_MTD.txt,no_MTD,h39,h2,h39_to_h2,270.5,6.97,1.213,0,602,0.0
capture_test15_qos_h39_to_h2_no_MTD.txt,no_MTD,h39,h2,h39_to_h2,271.5,7.01,1.005,0,605,0.0
capture_test15_qos_h39_to_h2_no_MTD.txt,no_MTD,h39,h2,h39_to_h2,272.5,7.0,1.277,0,604,0.0
capture_test15_qos_h39_to_h2_no_MTD.txt,no_MTD,h39,h2,h39_to_h2,273.5,4.48,2.25,0,387,0.0
capture_test15_qos_h39_to_h2_no_MTD.txt,no_MTD,h39,h2,h39_to_h2,274.505,3.22,9.208,0,279,0.0
capture_test15_qos_h39_to_h2_no_MTD.txt,no_MTD,h39,h2,h39_to_h2,275.505,9.41,0.979,0,809,0.0
capture_test15_qos_h39_to_h2_no_MTD.txt,no_MTD,h39,h2,h39_to_h2,276.5,9.48,0.783,0,817,0.0
capture_test15_qos_h39_to_h2_no_MTD.txt,no_MTD,h39,h2,h39_to_h2,277.5,8.46,1.25,0,730,0.0
capture_test15_qos_h39_to_h2_no_MTD.txt,no_MTD,h39,h2,h39_to_h2,278.5,4.14,7.26,0,358,0.0
capture_test15_qos_h39_to_h2_no_MTD.txt,no_MTD,h39,h2,h39_to_h2,279.5,0.232,41.339,0,20,0.0
capture_test15_qos_h39_to_h2_no_MTD.txt,no_MTD,h39,h2,h39_to_h2,280.5,1.78,5.787,0,154,0.0
capture_test15_qos_h39_to_h2_no_MTD.txt,no_MTD,h39,h2,h39_to_h2,281.5,9.31,40.195,0,804,0.0
capture_test15_qos_h39_to_h2_no_MTD.txt,no_MTD,h39,h2,h39_to_h2,282.5,9.55,1.113,281,1105,25.429864253393664
capture_test15_qos_h39_to_h2_no_MTD.txt,no_MTD,h39,h2,h39_to_h2,283.5,9.43,0.999,0,814,0.0
capture_test15_qos_h39_to_h2_no_MTD.txt,no_MTD,h39,h2,h39_to_h2,284.5,9.42,1.273,0,813,0.0
capture_test15_qos_h39_to_h2_no_MTD.txt,no_MTD,h39,h2,h39_to_h2,285.5,5.97,3.884,0,515,0.0
capture_test15_qos_h39_to_h2_no_MTD.txt,no_MTD,h39,h2,h39_to_h2,286.5,9.52,0.938,0,822,0.0
capture_test15_qos_h39_to_h2_no_MTD.txt,no_MTD,h39,h2,h39_to_h2,287.5,7.38,1.187,0,638,0.0
capture_test15_qos_h39_to_h2_no_MTD.txt,no_MTD,h39,h2,h39_to_h2,288.5,7.01,1.176,0,605,0.0
capture_test15_qos_h39_to_h2_no_MTD.txt,no_MTD,h39,h2,h39_to_h2,289.5,6.98,1.159,0,602,0.0
capture_test15_qos_h39_to_h2_no_MTD.txt,no_MTD,h39,h2,h39_to_h2,290.5,7.01,0.929,0,605,0.0
capture_test15_qos_h39_to_h2_no_MTD.txt,no_MTD,h39,h2,h39_to_h2,291.5,7.02,0.872,0,606,0.0
capture_test15_qos_h39_to_h2_no_MTD.txt,no_MTD,h39,h2,h39_to_h2,292.5,6.98,1.251,0,603,0.0
capture_test15_qos_h39_to_h2_no_MTD.txt,no_MTD,h39,h2,h39_to_h2,293.5,7.0,1.362,0,604,0.0
capture_test15_qos_h39_to_h2_no_MTD.txt,no_MTD,h39,h2,h39_to_h2,294.5,6.99,1.519,0,603,0.0
capture_test15_qos_h39_to_h2_no_MTD.txt,no_MTD,h39,h2,h39_to_h2,295.5,6.98,1.783,0,603,0.0
capture_test15_qos_h39_to_h2_no_MTD.txt,no_MTD,h39,h2,h39_to_h2,296.5,6.99,1.444,0,603,0.0
capture_test15_qos_h39_to_h2_no_MTD.txt,no_MTD,h39,h2,h39_to_h2,297.5,7.03,1.392,0,610,0.0
capture_test15_qos_h39_to_h2_no_MTD.txt,no_MTD,h39,h2,h39_to_h2,298.5,6.96,1.451,0,600,0.0
capture_test15_qos_h39_to_h2_no_MTD.txt,no_MTD,h39,h2,h39_to_h2,299.5,7.02,1.557,0,606,0.0
capture_test15_qos_h39_to_h2_no_MTD.txt,no_MTD,h39,h2,h39_to_h2,300.495,0.786,11.129,0,67,0.0
capture_test10_qos_h39_to_h2_MTD.txt,MTD,h39,h2,h39_to_h2,0.5,2.93,2.177,29,282,10.28368794326241
capture_test10_qos_h39_to_h2_MTD.txt,MTD,h39,h2,h39_to_h2,1.5,3.61,3.239,17,329,5.167173252279635
capture_test10_qos_h39_to_h2_MTD.txt,MTD,h39,h2,h39_to_h2,2.63,5.6,2.303,11,617,1.7828200972447326
capture_test10_qos_h39_to_h2_MTD.txt,MTD,h39,h2,h39_to_h2,3.63,6.19,1.548,0,399,0.0
capture_test10_qos_h39_to_h2_MTD.txt,MTD,h39,h2,h39_to_h2,4.5,7.05,1.924,4,611,0.6546644844517185
capture_test10_qos_h39_to_h2_MTD.txt,MTD,h39,h2,h39_to_h2,5.5,7.64,0.983,2,661,0.30257186081694404
capture_test10_qos_h39_to_h2_MTD.txt,MTD,h39,h2,h39_to_h2,6.5,6.25,1.791,0,540,0.0
capture_test10_qos_h39_to_h2_MTD.txt,MTD,h39,h2,h39_to_h2,7.5,5.62,3.388,0,487,0.0
capture_test10_qos_h39_to_h2_MTD.txt,MTD,h39,h2,h39_to_h2,8.5,6.13,2.149,0,527,0.0
capture_test10_qos_h39_to_h2_MTD.txt,MTD,h39,h2,h39_to_h2,9.5,1.2,5.96,0,104,0.0
capture_test10_qos_h39_to_h2_MTD.txt,MTD,h39,h2,h39_to_h2,10.629999999999999,0.101,34.212,0,11,0.0
capture_test10_qos_h39_to_h2_MTD.txt,MTD,h39,h2,h39_to_h2,11.66,0.0434,82.877,0,3,0.0
capture_test10_qos_h39_to_h2_MTD.txt,MTD,h39,h2,h39_to_h2,12.530000000000001,6.16,1.506,0,500,0.0
capture_test10_qos_h39_to_h2_MTD.txt,MTD,h39,h2,h39_to_h2,13.5,7.21,1.658,0,622,0.0
capture_test10_qos_h39_to_h2_MTD.txt,MTD,h39,h2,h39_to_h2,14.5,7.57,1.438,508,1161,43.75538329026701
capture_test10_qos_h39_to_h2_MTD.txt,MTD,h39,h2,h39_to_h2,15.5,7.21,2.143,11,633,1.7377567140600316
capture_test10_qos_h39_to_h2_MTD.txt,MTD,h39,h2,h39_to_h2,16.5,7.69,1.757,7,672,1.0416666666666665
capture_test10_qos_h39_to_h2_MTD.txt,MTD,h39,h2,h39_to_h2,17.5,8.59,1.346,9,750,1.2
capture_test10_qos_h39_to_h2_MTD.txt,MTD,h39,h2,h39_to_h2,18.5,7.53,2.08,0,650,0.0
capture_test10_qos_h39_to_h2_MTD.txt,MTD,h39,h2,h39_to_h2,19.5,6.96,2.174,0,601,0.0
capture_test10_qos_h39_to_h2_MTD.txt,MTD,h39,h2,h39_to_h2,20.5,6.67,1.253,0,575,0.0
capture_test10_qos_h39_to_h2_MTD.txt,MTD,h39,h2,h39_to_h2,21.5,6.1,2.057,0,527,0.0
capture_test10_qos_h39_to_h2_MTD.txt,MTD,h39,h2,h39_to_h2,22.5,5.85,1.922,0,505,0.0
capture_test10_qos_h39_to_h2_MTD.txt,MTD,h39,h2,h39_to_h2,23.5,6.02,1.092,0,520,0.0
capture_test10_qos_h39_to_h2_MTD.txt,MTD,h39,h2,h39_to_h2,24.5,2.23,40.688,36,228,15.789473684210526
capture_test10_qos_h39_to_h2_MTD.txt,MTD,h39,h2,h39_to_h2,25.5,6.54,517.929,288,855,33.68421052631579
capture_test10_qos_h39_to_h2_MTD.txt,MTD,h39,h2,h39_to_h2,26.5,8.38,851.873,18446744073709551421,525,3.513665537849438e+18
capture_test10_qos_h39_to_h2_MTD.txt,MTD,h39,h2,h39_to_h2,27.509999999999998,7.31,2.065,18446744073709551487,511,3.609930347105587e+18
capture_test10_qos_h39_to_h2_MTD.txt,MTD,h39,h2,h39_to_h2,28.509999999999998,0.318,42.349,0,27,0.0
capture_test10_qos_h39_to_h2_MTD.txt,MTD,h39,h2,h39_to_h2,29.64,0.145,30.242,0,16,0.0
capture_test10_qos_h39_to_h2_MTD.txt,MTD,h39,h2,h39_to_h2,30.785,0.127,99.657,0,11,0.0
capture_test10_qos_h39_to_h2_MTD.txt,MTD,h39,h2,h39_to_h2,31.79,0.345,23.881,0,30,0.0
capture_test10_qos_h39_to_h2_MTD.txt,MTD,h39,h2,h39_to_h2,32.79,0.105,48.384,0,9,0.0
capture_test10_qos_h39_to_h2_MTD.txt,MTD,h39,h2,h39_to_h2,33.644999999999996,0.114,72.759,0,7,0.0
capture_test10_qos_h39_to_h2_MTD.txt,MTD,h39,h2,h39_to_h2,34.5,2.31,2.006,0,199,0.0
capture_test10_qos_h39_to_h2_MTD.txt,MTD,h39,h2,h39_to_h2,35.5,6.01,1.344,0,519,0.0
capture_test10_qos_h39_to_h2_MTD.txt,MTD,h39,h2,h39_to_h2,36.5,5.1,2.785,2175,2615,83.17399617590823
capture_test10_qos_h39_to_h2_MTD.txt,MTD,h39,h2,h39_to_h2,37.5,5.65,1.943,305,793,38.46153846153847
capture_test10_qos_h39_to_h2_MTD.txt,MTD,h39,h2,h39_to_h2,38.5,7.67,2.601,68,730,9.315068493150685
capture_test10_qos_h39_to_h2_MTD.txt,MTD,h39,h2,h39_to_h2,39.5,8.52,1.482,0,736,0.0
capture_test10_qos_h39_to_h2_MTD.txt,MTD,h39,h2,h39_to_h2,40.5,8.2,1.539,0,707,0.0
capture_test10_qos_h39_to_h2_MTD.txt,MTD,h39,h2,h39_to_h2,41.5,5.61,1.646,0,485,0.0
capture_test10_qos_h39_to_h2_MTD.txt,MTD,h39,h2,h39_to_h2,42.504999999999995,5.73,2.832,0,500,0.0
capture_test10_qos_h39_to_h2_MTD.txt,MTD,h39,h2,h39_to_h2,43.655,0.641,64.14,0,71,0.0
capture_test10_qos_h39_to_h2_MTD.txt,MTD,h39,h2,h39_to_h2,44.795,0.373,15.494,0,32,0.0
capture_test10_qos_h39_to_h2_MTD.txt,MTD,h39,h2,h39_to_h2,45.79,0.74,4.491,0,64,0.0
capture_test10_qos_h39_to_h2_MTD.txt,MTD,h39,h2,h39_to_h2,46.79,0.0465,103.333,0,4,0.0
capture_test10_qos_h39_to_h2_MTD.txt,MTD,h39,h2,h39_to_h2,47.79,0.0347,85.568,0,3,0.0
capture_test10_qos_h39_to_h2_MTD.txt,MTD,h39,h2,h39_to_h2,48.785,0.08170000000000001,97.995,0,7,0.0
capture_test10_qos_h39_to_h2_MTD.txt,MTD,h39,h2,h39_to_h2,49.785,0.115,87.883,0,10,0.0
capture_test10_qos_h39_to_h2_MTD.txt,MTD,h39,h2,h39_to_h2,50.79,0.219,47.147,0,19,0.0
capture_test10_qos_h39_to_h2_MTD.txt,MTD,h39,h2,h39_to_h2,51.75,0.165,50.056,0,13,0.0
capture_test10_qos_h39_to_h2_MTD.txt,MTD,h39,h2,h39_to_h2,52.605000000000004,4.49,10.06,0,308,0.0
capture_test10_qos_h39_to_h2_MTD.txt,MTD,h39,h2,h39_to_h2,53.5,7.37,2.263,488,1124,43.41637010676156
capture_test10_qos_h39_to_h2_MTD.txt,MTD,h39,h2,h39_to_h2,54.5,9.29,1.021,3597,4399,81.76858376903841
capture_test10_qos_h39_to_h2_MTD.txt,MTD,h39,h2,h39_to_h2,55.5,7.95,2.349,0,687,0.0
capture_test10_qos_h39_to_h2_MTD.txt,MTD,h39,h2,h39_to_h2,56.5,8.55,1.202,0,738,0.0
capture_test10_qos_h39_to_h2_MTD.txt,MTD,h39,h2,h39_to_h2,57.64,0.703,10.241,0,78,0.0
capture_test10_qos_h39_to_h2_MTD.txt,MTD,h39,h2,h39_to_h2,58.79,0.16,32.319,0,14,0.0
capture_test10_qos_h39_to_h2_MTD.txt,MTD,h39,h2,h39_to_h2,59.795,0.14,46.185,0,12,0.0
capture_test10_qos_h39_to_h2_MTD.txt,MTD,h39,h2,h39_to_h2,60.79,0.196,39.08,0,17,0.0
capture_test10_qos_h39_to_h2_MTD.txt,MTD,h39,h2,h39_to_h2,61.795,0.346,65.274,0,30,0.0
capture_test10_qos_h39_to_h2_MTD.txt,MTD,h39,h2,h39_to_h2,62.795,0.163,27.344,0,14,0.0
capture_test10_qos_h39_to_h2_MTD.txt,MTD,h39,h2,h39_to_h2,63.655,0.09490000000000001,105.237,0,6,0.0
capture_test10_qos_h39_to_h2_MTD.txt,MTD,h39,h2,h39_to_h2,64.50999999999999,9.51,1.303,0,805,0.0
capture_test10_qos_h39_to_h2_MTD.txt,MTD,h39,h2,h39_to_h2,65.5,9.67,0.963,2589,3424,75.61331775700934
capture_test10_qos_h39_to_h2_MTD.txt,MTD,h39,h2,h39_to_h2,66.5,9.67,1.068,0,836,0.0
capture_test10_qos_h39_to_h2_MTD.txt,MTD,h39,h2,h39_to_h2,67.5,7.31,1.1,0,631,0.0
capture_test10_qos_h39_to_h2_MTD.txt,MTD,h39,h2,h39_to_h2,68.5,6.01,1.187,0,519,0.0
capture_test10_qos_h39_to_h2_MTD.txt,MTD,h39,h2,h39_to_h2,69.64500000000001,2.75,1.518,0,306,0.0
capture_test10_qos_h39_to_h2_MTD.txt,MTD,h39,h2,h39_to_h2,70.64500000000001,6.34,1.348,0,389,0.0
capture_test10_qos_h39_to_h2_MTD.txt,MTD,h39,h2,h39_to_h2,71.5,7.09,1.535,0,612,0.0
capture_test10_qos_h39_to_h2_MTD.txt,MTD,h39,h2,h39_to_h2,72.5,7.5,2.283,0,647,0.0
capture_test10_qos_h39_to_h2_MTD.txt,MTD,h39,h2,h39_to_h2,73.5,7.03,1.505,0,607,0.0
capture_test10_qos_h39_to_h2_MTD.txt,MTD,h39,h2,h39_to_h2,74.64500000000001,4.62,3.052,0,514,0.0
capture_test10_qos_h39_to_h2_MTD.txt,MTD,h39,h2,h39_to_h2,75.65,6.73,2.204,0,416,0.0
capture_test10_qos_h39_to_h2_MTD.txt,MTD,h39,h2,h39_to_h2,76.505,7.08,1.657,0,609,0.0
capture_test10_qos_h39_to_h2_MTD.txt,MTD,h39,h2,h39_to_h2,77.5,6.35,2.241,0,548,0.0
capture_test10_qos_h39_to_h2_MTD.txt,MTD,h39,h2,h39_to_h2,78.5,6.1,1.531,0,527,0.0
capture_test10_qos_h39_to_h2_MTD.txt,MTD,h39,h2,h39_to_h2,79.5,6.01,1.939,0,519,0.0
capture_test10_qos_h39_to_h2_MTD.txt,MTD,h39,h2,h39_to_h2,80.5,4.07,2.461,0,351,0.0
capture_test10_qos_h39_to_h2_MTD.txt,MTD,h39,h2,h39_to_h2,81.5,6.62,1.846,0,574,0.0
capture_test10_qos_h39_to_h2_MTD.txt,MTD,h39,h2,h39_to_h2,82.5,7.36,0.953,0,633,0.0
capture_test10_qos_h39_to_h2_MTD.txt,MTD,h39,h2,h39_to_h2,83.5,6.0,0.882,0,517,0.0
capture_test10_qos_h39_to_h2_MTD.txt,MTD,h39,h2,h39_to_h2,84.5,6.0,0.613,0,518,0.0
capture_test10_qos_h39_to_h2_MTD.txt,MTD,h39,h2,h39_to_h2,85.5,6.0,0.954,0,518,0.0
capture_test10_qos_h39_to_h2_MTD.txt,MTD,h39,h2,h39_to_h2,86.5,5.99,0.738,0,517,0.0
capture_test10_qos_h39_to_h2_MTD.txt,MTD,h39,h2,h39_to_h2,87.5,6.01,0.76,0,519,0.0
capture_test10_qos_h39_to_h2_MTD.txt,MTD,h39,h2,h39_to_h2,88.5,6.0,0.639,0,518,0.0
capture_test10_qos_h39_to_h2_MTD.txt,MTD,h39,h2,h39_to_h2,89.5,5.99,0.668,0,517,0.0
capture_test10_qos_h39_to_h2_MTD.txt,MTD,h39,h2,h39_to_h2,90.5,6.0,0.941,0,518,0.0
capture_test10_qos_h39_to_h2_MTD.txt,MTD,h39,h2,h39_to_h2,91.5,6.0,0.865,0,518,0.0
capture_test10_qos_h39_to_h2_MTD.txt,MTD,h39,h2,h39_to_h2,92.5,6.0,0.921,0,518,0.0
capture_test10_qos_h39_to_h2_MTD.txt,MTD,h39,h2,h39_to_h2,93.5,5.99,0.908,0,517,0.0
capture_test10_qos_h39_to_h2_MTD.txt,MTD,h39,h2,h39_to_h2,94.5,4.5,2.41,0,388,0.0
capture_test10_qos_h39_to_h2_MTD.txt,MTD,h39,h2,h39_to_h2,95.5,5.61,2.097,0,485,0.0
capture_test10_qos_h39_to_h2_MTD.txt,MTD,h39,h2,h39_to_h2,96.505,7.74,2.486,0,671,0.0
capture_test10_qos_h39_to_h2_MTD.txt,MTD,h39,h2,h39_to_h2,97.505,6.12,1.451,0,525,0.0
capture_test10_qos_h39_to_h2_MTD.txt,MTD,h39,h2,h39_to_h2,98.5,5.92,2.469,0,513,0.0
capture_test10_qos_h39_to_h2_MTD.txt,MTD,h39,h2,h39_to_h2,99.5,6.01,2.289,0,518,0.0
capture_test10_qos_h39_to_h2_MTD.txt,MTD,h39,h2,h39_to_h2,100.5,6.11,0.815,0,526,0.0
capture_test10_qos_h39_to_h2_MTD.txt,MTD,h39,h2,h39_to_h2,101.5,4.63,1.31,0,399,0.0
capture_test10_qos_h39_to_h2_MTD.txt,MTD,h39,h2,h39_to_h2,102.5,5.83,2.788,0,503,0.0
capture_test10_qos_h39_to_h2_MTD.txt,MTD,h39,h2,h39_to_h2,103.5,5.33,1.54,0,460,0.0
capture_test10_qos_h39_to_h2_MTD.txt,MTD,h39,h2,h39_to_h2,104.5,8.01,2.019,0,692,0.0
capture_test10_qos_h39_to_h2_MTD.txt,MTD,h39,h2,h39_to_h2,105.5,6.12,2.289,0,530,0.0
capture_test10_qos_h39_to_h2_MTD.txt,MTD,h39,h2,h39_to_h2,106.5,5.95,2.3,0,514,0.0
capture_test10_qos_h39_to_h2_MTD.txt,MTD,h39,h2,h39_to_h2,107.5,6.14,1.932,0,529,0.0
capture_test10_qos_h39_to_h2_MTD.txt,MTD,h39,h2,h39_to_h2,108.5,5.89,2.367,0,508,0.0
capture_test10_qos_h39_to_h2_MTD.txt,MTD,h39,h2,h39_to_h2,109.5,6.04,2.655,0,521,0.0
capture_test10_qos_h39_to_h2_MTD.txt,MTD,h39,h2,h39_to_h2,110.5,6.04,1.722,0,521,0.0
capture_test10_qos_h39_to_h2_MTD.txt,MTD,h39,h2,h39_to_h2,111.5,5.94,2.723,0,513,0.0
capture_test10_qos_h39_to_h2_MTD.txt,MTD,h39,h2,h39_to_h2,112.5,5.88,2.302,0,507,0.0
capture_test10_qos_h39_to_h2_MTD.txt,MTD,h39,h2,h39_to_h2,113.5,5.44,2.015,0,470,0.0
capture_test10_qos_h39_to_h2_MTD.txt,MTD,h39,h2,h39_to_h2,114.5,6.72,2.49,0,580,0.0
capture_test10_qos_h39_to_h2_MTD.txt,MTD,h39,h2,h39_to_h2,115.5,5.88,2.687,0,508,0.0
capture_test10_qos_h39_to_h2_MTD.txt,MTD,h39,h2,h39_to_h2,116.5,6.07,2.24,0,525,0.0
capture_test10_qos_h39_to_h2_MTD.txt,MTD,h39,h2,h39_to_h2,117.5,6.09,1.175,0,524,0.0
capture_test10_qos_h39_to_h2_MTD.txt,MTD,h39,h2,h39_to_h2,118.5,5.98,2.114,0,517,0.0
capture_test10_qos_h39_to_h2_MTD.txt,MTD,h39,h2,h39_to_h2,119.505,5.85,3.642,0,509,0.0
capture_test10_qos_h39_to_h2_MTD.txt,MTD,h39,h2,h39_to_h2,120.505,6.1,1.919,0,524,0.0
capture_test10_qos_h39_to_h2_MTD.txt,MTD,h39,h2,h39_to_h2,121.5,6.09,1.084,0,524,0.0
capture_test10_qos_h39_to_h2_MTD.txt,MTD,h39,h2,h39_to_h2,122.5,5.0,15.052,19,451,4.212860310421286
capture_test10_qos_h39_to_h2_MTD.txt,MTD,h39,h2,h39_to_h2,123.5,6.93,1.973,18446744073709551597,580,3.1804731161568195e+18
capture_test10_qos_h39_to_h2_MTD.txt,MTD,h39,h2,h39_to_h2,124.5,5.93,2.051,0,513,0.0
capture_test10_qos_h39_to_h2_MTD.txt,MTD,h39,h2,h39_to_h2,125.5,6.0,1.339,0,517,0.0
capture_test10_qos_h39_to_h2_MTD.txt,MTD,h39,h2,h39_to_h2,126.5,4.42,1.428,0,382,0.0
capture_test10_qos_h39_to_h2_MTD.txt,MTD,h39,h2,h39_to_h2,127.5,7.67,1.504,0,662,0.0
capture_test10_qos_h39_to_h2_MTD.txt,MTD,h39,h2,h39_to_h2,128.5,5.95,2.044,0,513,0.0
capture_test10_qos_h39_to_h2_MTD.txt,MTD,h39,h2,h39_to_h2,129.5,6.04,2.136,0,521,0.0
capture_test10_qos_h39_to_h2_MTD.txt,MTD,h39,h2,h39_to_h2,130.5,6.06,1.113,0,523,0.0
capture_test10_qos_h39_to_h2_MTD.txt,MTD,h39,h2,h39_to_h2,131.5,6.0,0.956,0,518,0.0
capture_test10_qos_h39_to_h2_MTD.txt,MTD,h39,h2,h39_to_h2,132.5,5.77,2.669,0,498,0.0
capture_test10_qos_h39_to_h2_MTD.txt,MTD,h39,h2,h39_to_h2,133.5,6.23,1.05,0,538,0.0
capture_test10_qos_h39_to_h2_MTD.txt,MTD,h39,h2,h39_to_h2,134.5,5.99,1.279,0,517,0.0
capture_test10_qos_h39_to_h2_MTD.txt,MTD,h39,h2,h39_to_h2,135.5,6.01,1.283,0,519,0.0
capture_test10_qos_h39_to_h2_MTD.txt,MTD,h39,h2,h39_to_h2,136.5,5.72,1.367,0,494,0.0
capture_test10_qos_h39_to_h2_MTD.txt,MTD,h39,h2,h39_to_h2,137.5,6.18,2.662,0,534,0.0
capture_test10_qos_h39_to_h2_MTD.txt,MTD,h39,h2,h39_to_h2,138.5,5.92,2.436,0,513,0.0
capture_test10_qos_h39_to_h2_MTD.txt,MTD,h39,h2,h39_to_h2,139.5,6.09,1.907,0,524,0.0
capture_test10_qos_h39_to_h2_MTD.txt,MTD,h39,h2,h39_to_h2,140.505,3.66,24.933,0,318,0.0
capture_test10_qos_h39_to_h2_MTD.txt,MTD,h39,h2,h39_to_h2,141.505,5.72,2.709,0,491,0.0
capture_test10_qos_h39_to_h2_MTD.txt,MTD,h39,h2,h39_to_h2,142.5,8.72,1.091,0,750,0.0
capture_test10_qos_h39_to_h2_MTD.txt,MTD,h39,h2,h39_to_h2,143.5,6.01,0.995,0,519,0.0
capture_test10_qos_h39_to_h2_MTD.txt,MTD,h39,h2,h39_to_h2,144.5,6.01,1.048,0,519,0.0
capture_test10_qos_h39_to_h2_MTD.txt,MTD,h39,h2,h39_to_h2,145.5,5.99,1.115,0,518,0.0
capture_test10_qos_h39_to_h2_MTD.txt,MTD,h39,h2,h39_to_h2,146.5,6.0,0.959,0,517,0.0
capture_test10_qos_h39_to_h2_MTD.txt,MTD,h39,h2,h39_to_h2,147.5,6.01,1.014,0,519,0.0
capture_test10_qos_h39_to_h2_MTD.txt,MTD,h39,h2,h39_to_h2,148.5,5.99,0.933,0,518,0.0
capture_test10_qos_h39_to_h2_MTD.txt,MTD,h39,h2,h39_to_h2,149.5,5.99,0.992,0,516,0.0
capture_test10_qos_h39_to_h2_MTD.txt,MTD,h39,h2,h39_to_h2,150.5,6.0,0.662,0,518,0.0
capture_test10_qos_h39_to_h2_MTD.txt,MTD,h39,h2,h39_to_h2,151.5,5.99,1.244,0,518,0.0
capture_test10_qos_h39_to_h2_MTD.txt,MTD,h39,h2,h39_to_h2,152.5,6.02,0.906,0,519,0.0
capture_test10_qos_h39_to_h2_MTD.txt,MTD,h39,h2,h39_to_h2,153.5,5.99,0.795,0,517,0.0
capture_test10_qos_h39_to_h2_MTD.txt,MTD,h39,h2,h39_to_h2,154.5,4.04,1.529,0,349,0.0
capture_test10_qos_h39_to_h2_MTD.txt,MTD,h39,h2,h39_to_h2,155.5,5.02,1.51,0,433,0.0
capture_test10_qos_h39_to_h2_MTD.txt,MTD,h39,h2,h39_to_h2,156.5,7.47,2.526,0,645,0.0
capture_test10_qos_h39_to_h2_MTD.txt,MTD,h39,h2,h39_to_h2,157.5,7.33,1.756,0,633,0.0
capture_test10_qos_h39_to_h2_MTD.txt,MTD,h39,h2,h39_to_h2,158.5,6.03,2.483,0,521,0.0
capture_test10_qos_h39_to_h2_MTD.txt,MTD,h39,h2,h39_to_h2,159.5,6.11,1.58,0,527,0.0
capture_test10_qos_h39_to_h2_MTD.txt,MTD,h39,h2,h39_to_h2,160.5,5.93,2.333,0,512,0.0
capture_test10_qos_h39_to_h2_MTD.txt,MTD,h39,h2,h39_to_h2,161.5,5.45,4.426,0,471,0.0
capture_test10_qos_h39_to_h2_MTD.txt,MTD,h39,h2,h39_to_h2,162.5,5.82,21.693,24,528,4.545454545454546
capture_test10_qos_h39_to_h2_MTD.txt,MTD,h39,h2,h39_to_h2,163.5,6.8,1.414,18446744073709551592,561,3.2881896744580306e+18
capture_test10_qos_h39_to_h2_MTD.txt,MTD,h39,h2,h39_to_h2,164.5,5.99,1.054,0,517,0.0
capture_test10_qos_h39_to_h2_MTD.txt,MTD,h39,h2,h39_to_h2,165.5,6.01,0.713,0,519,0.0
capture_test10_qos_h39_to_h2_MTD.txt,MTD,h39,h2,h39_to_h2,166.5,6.0,1.22,0,518,0.0
capture_test10_qos_h39_to_h2_MTD.txt,MTD,h39,h2,h39_to_h2,167.5,6.0,1.069,0,518,0.0
capture_test10_qos_h39_to_h2_MTD.txt,MTD,h39,h2,h39_to_h2,168.5,5.99,1.312,0,517,0.0
capture_test10_qos_h39_to_h2_MTD.txt,MTD,h39,h2,h39_to_h2,169.5,6.02,1.398,0,519,0.0
capture_test10_qos_h39_to_h2_MTD.txt,MTD,h39,h2,h39_to_h2,170.5,5.97,1.129,0,516,0.0
capture_test10_qos_h39_to_h2_MTD.txt,MTD,h39,h2,h39_to_h2,171.5,6.02,1.081,0,519,0.0
capture_test10_qos_h39_to_h2_MTD.txt,MTD,h39,h2,h39_to_h2,172.5,2.54,1.226,0,219,0.0
capture_test10_qos_h39_to_h2_MTD.txt,MTD,h39,h2,h39_to_h2,173.5,5.29,1.335,0,457,0.0
capture_test10_qos_h39_to_h2_MTD.txt,MTD,h39,h2,h39_to_h2,174.5,8.04,1.751,0,694,0.0
capture_test10_qos_h39_to_h2_MTD.txt,MTD,h39,h2,h39_to_h2,175.5,8.11,1.647,0,700,0.0
capture_test10_qos_h39_to_h2_MTD.txt,MTD,h39,h2,h39_to_h2,176.5,6.01,1.899,0,519,0.0
capture_test10_qos_h39_to_h2_MTD.txt,MTD,h39,h2,h39_to_h2,177.65,2.28,1.54,0,256,0.0
capture_test10_qos_h39_to_h2_MTD.txt,MTD,h39,h2,h39_to_h2,178.805,0.184,68.128,0,16,0.0
capture_test10_qos_h39_to_h2_MTD.txt,MTD,h39,h2,h39_to_h2,179.81,0.439,70.196,0,38,0.0
capture_test10_qos_h39_to_h2_MTD.txt,MTD,h39,h2,h39_to_h2,180.81,0.116,94.865,0,10,0.0
capture_test10_qos_h39_to_h2_MTD.txt,MTD,h39,h2,h39_to_h2,181.81,0.0347,78.614,0,3,0.0
capture_test10_qos_h39_to_h2_MTD.txt,MTD,h39,h2,h39_to_h2,182.805,0.09290000000000001,141.163,0,8,0.0
capture_test10_qos_h39_to_h2_MTD.txt,MTD,h39,h2,h39_to_h2,183.805,0.0574,161.193,0,5,0.0
capture_test10_qos_h39_to_h2_MTD.txt,MTD,h39,h2,h39_to_h2,184.805,0.0935,96.788,0,8,0.0
capture_test10_qos_h39_to_h2_MTD.txt,MTD,h39,h2,h39_to_h2,185.8,0.046299999999999994,183.92,0,4,0.0
capture_test10_qos_h39_to_h2_MTD.txt,MTD,h39,h2,h39_to_h2,186.805,0.127,138.934,0,11,0.0
capture_test10_qos_h39_to_h2_MTD.txt,MTD,h39,h2,h39_to_h2,187.81,0.128,119.577,0,11,0.0
capture_test10_qos_h39_to_h2_MTD.txt,MTD,h39,h2,h39_to_h2,188.81,0.0116,112.171,0,1,0.0
capture_test10_qos_h39_to_h2_MTD.txt,MTD,h39,h2,h39_to_h2,189.81,0.139,83.129,0,12,0.0
capture_test10_qos_h39_to_h2_MTD.txt,MTD,h39,h2,h39_to_h2,190.995,0.0928,138.796,0,11,0.0
capture_test10_qos_h39_to_h2_MTD.txt,MTD,h39,h2,h39_to_h2,191.995,0.111,130.948,0,6,0.0
capture_test10_qos_h39_to_h2_MTD.txt,MTD,h39,h2,h39_to_h2,192.815,0.506,52.83,0,44,0.0
capture_test10_qos_h39_to_h2_MTD.txt,MTD,h39,h2,h39_to_h2,193.815,0.0233,46.582,0,2,0.0
capture_test10_qos_h39_to_h2_MTD.txt,MTD,h39,h2,h39_to_h2,195.31,0.0405,126.596,0,7,0.0
capture_test10_qos_h39_to_h2_MTD.txt,MTD,h39,h2,h39_to_h2,196.815,0.161,120.824,0,14,0.0
capture_test10_qos_h39_to_h2_MTD.txt,MTD,h39,h2,h39_to_h2,197.815,0.07,140.446,0,6,0.0
capture_test10_qos_h39_to_h2_MTD.txt,MTD,h39,h2,h39_to_h2,198.805,0.0233,123.611,0,2,0.0
capture_test10_qos_h39_to_h2_MTD.txt,MTD,h39,h2,h39_to_h2,199.8,0.0348,156.374,0,3,0.0
capture_test10_qos_h39_to_h2_MTD.txt,MTD,h39,h2,h39_to_h2,200.65,7.75,1.401,0,467,0.0
capture_test10_qos_h39_to_h2_MTD.txt,MTD,h39,h2,h39_to_h2,201.5,5.91,1.345,33,543,6.077348066298343
capture_test10_qos_h39_to_h2_MTD.txt,MTD,h39,h2,h39_to_h2,202.65,5.36,2.75,10568,11171,94.60209470951571
capture_test10_qos_h39_to_h2_MTD.txt,MTD,h39,h2,h39_to_h2,203.805,0.161,16.519,0,14,0.0
capture_test10_qos_h39_to_h2_MTD.txt,MTD,h39,h2,h39_to_h2,204.655,3.66,2.416,0,220,0.0
capture_test10_qos_h39_to_h2_MTD.txt,MTD,h39,h2,h39_to_h2,205.655,1.42,56.568,0,161,0.0
capture_test10_qos_h39_to_h2_MTD.txt,MTD,h39,h2,h39_to_h2,206.81,0.105,82.89,0,9,0.0
capture_test10_qos_h39_to_h2_MTD.txt,MTD,h39,h2,h39_to_h2,207.81,0.15,84.393,0,13,0.0
capture_test10_qos_h39_to_h2_MTD.txt,MTD,h39,h2,h39_to_h2,208.81,0.175,33.379,0,15,0.0
capture_test10_qos_h39_to_h2_MTD.txt,MTD,h39,h2,h39_to_h2,209.81,0.115,52.473,0,10,0.0
capture_test10_qos_h39_to_h2_MTD.txt,MTD,h39,h2,h39_to_h2,210.81,0.266,72.658,0,23,0.0
capture_test10_qos_h39_to_h2_MTD.txt,MTD,h39,h2,h39_to_h2,212.81,0.532,61.767,0,46,0.0
capture_test10_qos_h39_to_h2_MTD.txt,MTD,h39,h2,h39_to_h2,213.81,0.0923,95.306,0,8,0.0
capture_test10_qos_h39_to_h2_MTD.txt,MTD,h39,h2,h39_to_h2,214.81,0.105,54.871,0,9,0.0
capture_test10_qos_h39_to_h2_MTD.txt,MTD,h39,h2,h39_to_h2,215.81,0.0575,131.923,0,7,0.0
capture_test10_qos_h39_to_h2_MTD.txt,MTD,h39,h2,h39_to_h2,216.81,0.0116,123.794,0,1,0.0
capture_test10_qos_h39_to_h2_MTD.txt,MTD,h39,h2,h39_to_h2,217.655,0.0674,147.333,0,4,0.0
capture_test10_qos_h39_to_h2_MTD.txt,MTD,h39,h2,h39_to_h2,218.5,6.78,5.848,498,1083,45.98337950138504
capture_test10_qos_h39_to_h2_MTD.txt,MTD,h39,h2,h39_to_h2,219.5,9.64,0.876,6654,7487,88.87404835047415
capture_test10_qos_h39_to_h2_MTD.txt,MTD,h39,h2,h39_to_h2,220.5,9.63,1.112,0,831,0.0
capture_test10_qos_h39_to_h2_MTD.txt,MTD,h39,h2,h39_to_h2,221.5,8.2,1.175,0,709,0.0
capture_test10_qos_h39_to_h2_MTD.txt,MTD,h39,h2,h39_to_h2,222.5,6.01,0.972,0,519,0.0
capture_test10_qos_h39_to_h2_MTD.txt,MTD,h39,h2,h39_to_h2,223.5,5.99,0.875,0,517,0.0
capture_test10_qos_h39_to_h2_MTD.txt,MTD,h39,h2,h39_to_h2,224.5,6.01,0.618,0,519,0.0
capture_test10_qos_h39_to_h2_MTD.txt,MTD,h39,h2,h39_to_h2,225.5,5.99,0.89,0,517,0.0
capture_test10_qos_h39_to_h2_MTD.txt,MTD,h39,h2,h39_to_h2,226.5,6.01,0.937,0,519,0.0
capture_test10_qos_h39_to_h2_MTD.txt,MTD,h39,h2,h39_to_h2,227.5,6.0,0.733,0,518,0.0
capture_test10_qos_h39_to_h2_MTD.txt,MTD,h39,h2,h39_to_h2,228.5,6.0,0.761,0,518,0.0
capture_test10_qos_h39_to_h2_MTD.txt,MTD,h39,h2,h39_to_h2,229.5,5.99,0.588,0,517,0.0
capture_test10_qos_h39_to_h2_MTD.txt,MTD,h39,h2,h39_to_h2,230.5,6.01,0.958,0,519,0.0
capture_test10_qos_h39_to_h2_MTD.txt,MTD,h39,h2,h39_to_h2,231.5,5.98,1.206,0,516,0.0
capture_test10_qos_h39_to_h2_MTD.txt,MTD,h39,h2,h39_to_h2,232.5,6.02,0.71,0,520,0.0
capture_test10_qos_h39_to_h2_MTD.txt,MTD,h39,h2,h39_to_h2,233.5,6.0,0.937,0,518,0.0
capture_test10_qos_h39_to_h2_MTD.txt,MTD,h39,h2,h39_to_h2,234.5,5.98,1.373,0,516,0.0
capture_test10_qos_h39_to_h2_MTD.txt,MTD,h39,h2,h39_to_h2,235.5,6.01,0.763,0,519,0.0
capture_test10_qos_h39_to_h2_MTD.txt,MTD,h39,h2,h39_to_h2,236.5,6.0,0.672,0,518,0.0
capture_test10_qos_h39_to_h2_MTD.txt,MTD,h39,h2,h39_to_h2,237.5,6.0,0.869,0,518,0.0
capture_test10_qos_h39_to_h2_MTD.txt,MTD,h39,h2,h39_to_h2,238.5,6.01,0.71,0,519,0.0
capture_test10_qos_h39_to_h2_MTD.txt,MTD,h39,h2,h39_to_h2,239.5,6.0,0.706,0,518,0.0
capture_test10_qos_h39_to_h2_MTD.txt,MTD,h39,h2,h39_to_h2,240.5,5.95,2.052,0,514,0.0
capture_test10_qos_h39_to_h2_MTD.txt,MTD,h39,h2,h39_to_h2,241.5,6.04,0.854,0,521,0.0
capture_test10_qos_h39_to_h2_MTD.txt,MTD,h39,h2,h39_to_h2,242.65,2.82,34.553,0,318,0.0
capture_test10_qos_h39_to_h2_MTD.txt,MTD,h39,h2,h39_to_h2,243.805,1.76,35.007,0,153,0.0
capture_test10_qos_h39_to_h2_MTD.txt,MTD,h39,h2,h39_to_h2,244.81,0.105,20.09,0,9,0.0
capture_test10_qos_h39_to_h2_MTD.txt,MTD,h39,h2,h39_to_h2,245.81,0.09240000000000001,51.569,0,8,0.0
capture_test10_qos_h39_to_h2_MTD.txt,MTD,h39,h2,h39_to_h2,246.81,0.0808,133.594,0,7,0.0
capture_test10_qos_h39_to_h2_MTD.txt,MTD,h39,h2,h39_to_h2,247.81,0.128,66.646,0,11,0.0
capture_test10_qos_h39_to_h2_MTD.txt,MTD,h39,h2,h39_to_h2,248.81,0.0696,89.477,0,6,0.0
capture_test10_qos_h39_to_h2_MTD.txt,MTD,h39,h2,h39_to_h2,249.81,0.046200000000000005,120.549,0,4,0.0
capture_test10_qos_h39_to_h2_MTD.txt,MTD,h39,h2,h39_to_h2,250.81,0.128,124.624,0,11,0.0
capture_test10_qos_h39_to_h2_MTD.txt,MTD,h39,h2,h39_to_h2,251.81,0.485,63.66,0,42,0.0
capture_test10_qos_h39_to_h2_MTD.txt,MTD,h39,h2,h39_to_h2,252.81,0.0925,89.482,0,8,0.0
capture_test10_qos_h39_to_h2_MTD.txt,MTD,h39,h2,h39_to_h2,253.81,0.0699,61.324,0,6,0.0
capture_test10_qos_h39_to_h2_MTD.txt,MTD,h39,h2,h39_to_h2,254.81,0.0461,98.345,0,4,0.0
capture_test10_qos_h39_to_h2_MTD.txt,MTD,h39,h2,h39_to_h2,255.81,0.0581,119.833,0,5,0.0
capture_test10_qos_h39_to_h2_MTD.txt,MTD,h39,h2,h39_to_h2,256.66999999999996,0.0482,153.425,0,3,0.0
capture_test10_qos_h39_to_h2_MTD.txt,MTD,h39,h2,h39_to_h2,257.515,3.89,35.09,3,329,0.911854103343465
capture_test10_qos_h39_to_h2_MTD.txt,MTD,h39,h2,h39_to_h2,258.65,3.01,12.311,18446744073709551613,335,5.506490768271508e+18
capture_test10_qos_h39_to_h2_MTD.txt,MTD,h39,h2,h39_to_h2,259.805,0.184,82.609,0,16,0.0
capture_test10_qos_h39_to_h2_MTD.txt,MTD,h39,h2,h39_to_h2,260.81,0.0808,53.014,1,8,12.5
capture_test10_qos_h39_to_h2_MTD.txt,MTD,h39,h2,h39_to_h2,261.655,9.52,1.195,1756,2321,75.65704437742352
capture_test10_qos_h39_to_h2_MTD.txt,MTD,h39,h2,h39_to_h2,262.5,6.89,1.635,4472,5067,88.25735149003356
capture_test10_qos_h39_to_h2_MTD.txt,MTD,h39,h2,h39_to_h2,263.5,2.7,1.694,1270,1503,84.49767132401863
capture_test10_qos_h39_to_h2_MTD.txt,MTD,h39,h2,h39_to_h2,264.5,4.31,1.638,0,372,0.0
capture_test10_qos_h39_to_h2_MTD.txt,MTD,h39,h2,h39_to_h2,265.5,5.39,1.891,0,466,0.0
capture_test10_qos_h39_to_h2_MTD.txt,MTD,h39,h2,h39_to_h2,266.5,7.02,1.983,153,759,20.158102766798418
capture_test10_qos_h39_to_h2_MTD.txt,MTD,h39,h2,h39_to_h2,267.5,7.42,2.029,149,790,18.860759493670887
capture_test10_qos_h39_to_h2_MTD.txt,MTD,h39,h2,h39_to_h2,268.5,6.34,1.982,0,547,0.0
capture_test10_qos_h39_to_h2_MTD.txt,MTD,h39,h2,h39_to_h2,269.5,7.98,2.298,0,689,0.0
capture_test10_qos_h39_to_h2_MTD.txt,MTD,h39,h2,h39_to_h2,270.5,7.26,1.734,0,627,0.0
capture_test10_qos_h39_to_h2_MTD.txt,MTD,h39,h2,h39_to_h2,271.5,6.52,1.829,0,563,0.0
capture_test10_qos_h39_to_h2_MTD.txt,MTD,h39,h2,h39_to_h2,272.5,7.56,1.975,0,653,0.0
capture_test10_qos_h39_to_h2_MTD.txt,MTD,h39,h2,h39_to_h2,273.5,8.26,1.761,0,712,0.0
capture_test10_qos_h39_to_h2_MTD.txt,MTD,h39,h2,h39_to_h2,274.5,8.31,1.457,0,718,0.0
capture_test10_qos_h39_to_h2_MTD.txt,MTD,h39,h2,h39_to_h2,275.5,6.17,2.587,0,532,0.0
capture_test10_qos_h39_to_h2_MTD.txt,MTD,h39,h2,h39_to_h2,276.5,6.04,2.017,0,521,0.0
capture_test10_qos_h39_to_h2_MTD.txt,MTD,h39,h2,h39_to_h2,277.5,6.06,1.459,0,523,0.0
capture_test10_qos_h39_to_h2_MTD.txt,MTD,h39,h2,h39_to_h2,278.505,5.95,1.854,0,516,0.0
capture_test10_qos_h39_to_h2_MTD.txt,MTD,h39,h2,h39_to_h2,279.505,6.04,1.322,0,520,0.0
capture_test10_qos_h39_to_h2_MTD.txt,MTD,h39,h2,h39_to_h2,280.5,5.98,1.783,0,516,0.0
capture_test10_qos_h39_to_h2_MTD.txt,MTD,h39,h2,h39_to_h2,281.5,5.92,1.543,0,511,0.0
capture_test10_qos_h39_to_h2_MTD.txt,MTD,h39,h2,h39_to_h2,282.5,6.11,1.008,0,527,0.0
capture_test10_qos_h39_to_h2_MTD.txt,MTD,h39,h2,h39_to_h2,283.655,0.221,13.939,0,25,0.0
capture_test10_qos_h39_to_h2_MTD.txt,MTD,h39,h2,h39_to_h2,284.655,0.586,34.287,0,35,0.0
capture_test10_qos_h39_to_h2_MTD.txt,MTD,h39,h2,h39_to_h2,285.5,8.14,5.007,0,705,0.0
capture_test10_qos_h39_to_h2_MTD.txt,MTD,h39,h2,h39_to_h2,286.5,9.4,1.073,0,809,0.0
capture_test10_qos_h39_to_h2_MTD.txt,MTD,h39,h2,h39_to_h2,287.5,9.61,1.189,0,830,0.0
capture_test10_qos_h39_to_h2_MTD.txt,MTD,h39,h2,h39_to_h2,288.5,8.17,0.884,0,705,0.0
capture_test10_qos_h39_to_h2_MTD.txt,MTD,h39,h2,h39_to_h2,289.5,5.99,0.924,0,517,0.0
capture_test10_qos_h39_to_h2_MTD.txt,MTD,h39,h2,h39_to_h2,290.5,5.99,0.634,0,517,0.0
capture_test10_qos_h39_to_h2_MTD.txt,MTD,h39,h2,h39_to_h2,291.5,6.0,0.834,0,518,0.0
capture_test10_qos_h39_to_h2_MTD.txt,MTD,h39,h2,h39_to_h2,292.5,5.94,0.85,0,513,0.0
capture_test10_qos_h39_to_h2_MTD.txt,MTD,h39,h2,h39_to_h2,293.655,1.96,1.29,0,221,0.0
capture_test10_qos_h39_to_h2_MTD.txt,MTD,h39,h2,h39_to_h2,294.81,0.289,59.8,0,25,0.0
capture_test10_qos_h39_to_h2_MTD.txt,MTD,h39,h2,h39_to_h2,295.81,0.431,21.446,0,37,0.0
capture_test10_qos_h39_to_h2_MTD.txt,MTD,h39,h2,h39_to_h2,296.81,0.116,97.449,0,10,0.0
capture_test10_qos_h39_to_h2_MTD.txt,MTD,h39,h2,h39_to_h2,297.81,0.127,48.535,0,11,0.0
capture_test10_qos_h39_to_h2_MTD.txt,MTD,h39,h2,h39_to_h2,298.81,0.326,20.442,0,28,0.0
capture_test10_qos_h39_to_h2_MTD.txt,MTD,h39,h2,h39_to_h2,299.805,0.186,87.314,0,16,0.0
capture_test10_qos_h39_to_h2_MTD.txt,MTD,h39,h2,h39_to_h2,300.815,0.292,45.943,0,26,0.0
capture_test10_qos_h39_to_h2_MTD.txt,MTD,h39,h2,h39_to_h2,301.82,0.0474,85.787,0,4,0.0
capture_test10_qos_h39_to_h2_MTD.txt,MTD,h39,h2,h39_to_h2,302.81,0.046200000000000005,117.928,0,4,0.0
capture_test10_qos_h39_to_h2_MTD.txt,MTD,h39,h2,h39_to_h2,303.825,0.474,48.102,0,42,0.0
capture_test10_qos_h39_to_h2_MTD.txt,MTD,h39,h2,h39_to_h2,305.32,0.023600000000000003,94.392,0,4,0.0
capture_test10_qos_h39_to_h2_MTD.txt,MTD,h39,h2,h39_to_h2,306.8,0.0928,127.15,0,8,0.0
capture_test10_qos_h39_to_h2_MTD.txt,MTD,h39,h2,h39_to_h2,307.81,0.422,66.481,0,37,0.0
capture_test10_qos_h39_to_h2_MTD.txt,MTD,h39,h2,h39_to_h2,308.815,0.011699999999999999,124.458,0,1,0.0
capture_test10_qos_h39_to_h2_MTD.txt,MTD,h39,h2,h39_to_h2,309.805,3.46,5.232,0,297,0.0
capture_test10_qos_h39_to_h2_MTD.txt,MTD,h39,h2,h39_to_h2,310.805,0.0461,36.258,0,4,0.0
capture_test10_qos_h39_to_h2_MTD.txt,MTD,h39,h2,h39_to_h2,311.81,0.139,48.142,0,12,0.0
capture_test10_qos_h39_to_h2_MTD.txt,MTD,h39,h2,h39_to_h2,312.81,0.0698,77.798,0,6,0.0
capture_test10_qos_h39_to_h2_MTD.txt,MTD,h39,h2,h39_to_h2,313.81,0.09209999999999999,134.309,0,8,0.0
capture_test10_qos_h39_to_h2_MTD.txt,MTD,h39,h2,h39_to_h2,314.815,0.0922,125.605,0,8,0.0
capture_test10_qos_h39_to_h2_MTD.txt,MTD,h39,h2,h39_to_h2,315.815,0.0935,126.058,0,8,0.0
capture_test10_qos_h39_to_h2_MTD.txt,MTD,h39,h2,h39_to_h2,316.81,0.0232,110.909,0,2,0.0
capture_test10_qos_h39_to_h2_MTD.txt,MTD,h39,h2,h39_to_h2,317.805,0.327,49.679,0,28,0.0
capture_test10_qos_h39_to_h2_MTD.txt,MTD,h39,h2,h39_to_h2,318.805,1.5,44.874,30,161,18.633540372670808
capture_test10_qos_h39_to_h2_MTD.txt,MTD,h39,h2,h39_to_h2,319.81,0.186,58.014,18446744073709551608,8,2.305843009213694e+20
capture_test10_qos_h39_to_h2_MTD.txt,MTD,h39,h2,h39_to_h2,320.81,0.09259999999999999,35.468,18446744073709551612,4,4.611686018427388e+20
capture_test10_qos_h39_to_h2_MTD.txt,MTD,h39,h2,h39_to_h2,321.81,0.175,100.292,18446744073709551608,7,2.6352491533870786e+20
capture_test10_qos_h39_to_h2_MTD.txt,MTD,h39,h2,h39_to_h2,322.805,0.0349,82.767,18446744073709551615,2,9.223372036854776e+20
capture_test10_qos_h39_to_h2_MTD.txt,MTD,h39,h2,h39_to_h2,323.8,0.0694,101.82,18446744073709551612,2,9.223372036854776e+20
capture_test10_qos_h39_to_h2_MTD.txt,MTD,h39,h2,h39_to_h2,324.805,0.08070000000000001,165.453,18446744073709551614,5,3.68934881474191e+20
capture_test10_qos_h39_to_h2_MTD.txt,MTD,h39,h2,h39_to_h2,325.805,0.0348,136.723,18446744073709551614,1,1.8446744073709552e+21
capture_test10_qos_h39_to_h2_MTD.txt,MTD,h39,h2,h39_to_h2,326.805,0.0694,137.99,18446744073709551615,5,3.68934881474191e+20
capture_test10_qos_h39_to_h2_MTD.txt,MTD,h39,h2,h39_to_h2,327.81,0.0691,197.585,0,6,0.0
capture_test10_qos_h39_to_h2_MTD.txt,MTD,h39,h2,h39_to_h2,328.815,0.115,146.487,0,10,0.0
capture_test10_qos_h39_to_h2_MTD.txt,MTD,h39,h2,h39_to_h2,329.815,0.0235,186.574,0,2,0.0
capture_test10_qos_h39_to_h2_MTD.txt,MTD,h39,h2,h39_to_h2,330.81,0.0232,164.262,0,2,0.0
capture_test10_qos_h39_to_h2_MTD.txt,MTD,h39,h2,h39_to_h2,331.655,4.98,818.9,917,1214,75.53542009884679
capture_test10_qos_h39_to_h2_MTD.txt,MTD,h39,h2,h39_to_h2,332.19,5.0,1938.701,878,1041,84.34197886647455
capture_test10_qos_h3_to_h38_MTD.txt,MTD,h3,h38,h3_to_h38,0.71,0.838,4.901,0,103,0.0
capture_test10_qos_h3_to_h38_MTD.txt,MTD,h3,h38,h3_to_h38,1.925,0.127,35.504,0,11,0.0
capture_test10_qos_h3_to_h38_MTD.txt,MTD,h3,h38,h3_to_h38,2.83,0.159,93.818,0,11,0.0
capture_test10_qos_h3_to_h38_MTD.txt,MTD,h3,h38,h3_to_h38,3.615,7.62,1.304,0,506,0.0
capture_test10_qos_h3_to_h38_MTD.txt,MTD,h3,h38,h3_to_h38,4.5,8.18,1.239,486,1192,40.77181208053691
capture_test10_qos_h3_to_h38_MTD.txt,MTD,h3,h38,h3_to_h38,5.5,8.41,1.311,0,726,0.0
capture_test10_qos_h3_to_h38_MTD.txt,MTD,h3,h38,h3_to_h38,6.5,7.92,1.706,0,683,0.0
capture_test10_qos_h3_to_h38_MTD.txt,MTD,h3,h38,h3_to_h38,7.5,8.2,1.596,0,708,0.0
capture_test10_qos_h3_to_h38_MTD.txt,MTD,h3,h38,h3_to_h38,8.5,7.49,1.131,0,646,0.0
capture_test10_qos_h3_to_h38_MTD.txt,MTD,h3,h38,h3_to_h38,9.5,6.0,1.384,0,518,0.0
capture_test10_qos_h3_to_h38_MTD.txt,MTD,h3,h38,h3_to_h38,10.5,6.0,1.779,0,518,0.0
capture_test10_qos_h3_to_h38_MTD.txt,MTD,h3,h38,h3_to_h38,11.5,5.98,1.481,0,517,0.0
capture_test10_qos_h3_to_h38_MTD.txt,MTD,h3,h38,h3_to_h38,12.5,6.01,1.069,0,519,0.0
capture_test10_qos_h3_to_h38_MTD.txt,MTD,h3,h38,h3_to_h38,13.5,6.03,1.363,0,520,0.0
capture_test10_qos_h3_to_h38_MTD.txt,MTD,h3,h38,h3_to_h38,14.5,5.98,1.563,0,516,0.0
capture_test10_qos_h3_to_h38_MTD.txt,MTD,h3,h38,h3_to_h38,15.5,2.92,25.992,0,252,0.0
capture_test10_qos_h3_to_h38_MTD.txt,MTD,h3,h38,h3_to_h38,16.5,6.44,660.373,198,754,26.25994694960212
capture_test10_qos_h3_to_h38_MTD.txt,MTD,h3,h38,h3_to_h38,17.5,8.54,2.292,18446744073709551418,539,3.4224014979052974e+18
capture_test10_qos_h3_to_h38_MTD.txt,MTD,h3,h38,h3_to_h38,18.5,5.93,2.583,0,513,0.0
capture_test10_qos_h3_to_h38_MTD.txt,MTD,h3,h38,h3_to_h38,19.575,1.06,13.065,0,105,0.0
capture_test10_qos_h3_to_h38_MTD.txt,MTD,h3,h38,h3_to_h38,20.799999999999997,0.276,24.275,0,31,0.0
capture_test10_qos_h3_to_h38_MTD.txt,MTD,h3,h38,h3_to_h38,21.96,0.137,87.379,0,12,0.0
capture_test10_qos_h3_to_h38_MTD.txt,MTD,h3,h38,h3_to_h38,22.965,0.372,66.803,0,32,0.0
capture_test10_qos_h3_to_h38_MTD.txt,MTD,h3,h38,h3_to_h38,23.96,0.0815,100.69,0,7,0.0
capture_test10_qos_h3_to_h38_MTD.txt,MTD,h3,h38,h3_to_h38,24.975,0.302,32.918,0,27,0.0
capture_test10_qos_h3_to_h38_MTD.txt,MTD,h3,h38,h3_to_h38,25.744999999999997,3.87,2.053,0,169,0.0
capture_test10_qos_h3_to_h38_MTD.txt,MTD,h3,h38,h3_to_h38,26.5,4.62,1.257,0,399,0.0
capture_test10_qos_h3_to_h38_MTD.txt,MTD,h3,h38,h3_to_h38,27.725,4.46,36.876,2165,2724,79.47870778267254
capture_test10_qos_h3_to_h38_MTD.txt,MTD,h3,h38,h3_to_h38,28.725,7.66,1.939,307,669,45.889387144992526
capture_test10_qos_h3_to_h38_MTD.txt,MTD,h3,h38,h3_to_h38,29.5,7.69,1.405,0,664,0.0
capture_test10_qos_h3_to_h38_MTD.txt,MTD,h3,h38,h3_to_h38,30.5,8.6,1.371,73,815,8.957055214723926
capture_test10_qos_h3_to_h38_MTD.txt,MTD,h3,h38,h3_to_h38,31.5,8.76,1.471,0,757,0.0
capture_test10_qos_h3_to_h38_MTD.txt,MTD,h3,h38,h3_to_h38,32.5,5.21,3.62,0,450,0.0
capture_test10_qos_h3_to_h38_MTD.txt,MTD,h3,h38,h3_to_h38,33.5,5.77,2.671,0,498,0.0
capture_test10_qos_h3_to_h38_MTD.txt,MTD,h3,h38,h3_to_h38,34.730000000000004,1.4,9.654,0,177,0.0
capture_test10_qos_h3_to_h38_MTD.txt,MTD,h3,h38,h3_to_h38,35.96,0.465,12.363,0,40,0.0
capture_test10_qos_h3_to_h38_MTD.txt,MTD,h3,h38,h3_to_h38,36.730000000000004,1.43,3.852,0,67,0.0
capture_test10_qos_h3_to_h38_MTD.txt,MTD,h3,h38,h3_to_h38,37.725,0.0799,31.492,0,10,0.0
capture_test10_qos_h3_to_h38_MTD.txt,MTD,h3,h38,h3_to_h38,38.95,0.0923,116.947,0,8,0.0
capture_test10_qos_h3_to_h38_MTD.txt,MTD,h3,h38,h3_to_h38,39.95,0.116,121.018,0,10,0.0
capture_test10_qos_h3_to_h38_MTD.txt,MTD,h3,h38,h3_to_h38,40.955,0.127,118.299,0,11,0.0
capture_test10_qos_h3_to_h38_MTD.txt,MTD,h3,h38,h3_to_h38,41.96,0.242,82.513,0,21,0.0
capture_test10_qos_h3_to_h38_MTD.txt,MTD,h3,h38,h3_to_h38,42.730000000000004,0.215,45.716,0,10,0.0
capture_test10_qos_h3_to_h38_MTD.txt,MTD,h3,h38,h3_to_h38,43.5,2.49,72.091,12,227,5.286343612334802
capture_test10_qos_h3_to_h38_MTD.txt,MTD,h3,h38,h3_to_h38,44.5,6.99,1.18,18446744073709551604,591,3.1212764930134605e+18
capture_test10_qos_h3_to_h38_MTD.txt,MTD,h3,h38,h3_to_h38,45.5,9.32,1.418,4043,4848,83.39521452145215
capture_test10_qos_h3_to_h38_MTD.txt,MTD,h3,h38,h3_to_h38,46.5,8.11,1.522,0,701,0.0
capture_test10_qos_h3_to_h38_MTD.txt,MTD,h3,h38,h3_to_h38,47.5,8.3,2.663,0,715,0.0
capture_test10_qos_h3_to_h38_MTD.txt,MTD,h3,h38,h3_to_h38,48.725,1.73,11.82,0,217,0.0
capture_test10_qos_h3_to_h38_MTD.txt,MTD,h3,h38,h3_to_h38,49.96,0.183,29.317,0,16,0.0
capture_test10_qos_h3_to_h38_MTD.txt,MTD,h3,h38,h3_to_h38,50.96,0.153,41.668,0,13,0.0
capture_test10_qos_h3_to_h38_MTD.txt,MTD,h3,h38,h3_to_h38,51.955,0.196,37.791,0,17,0.0
capture_test10_qos_h3_to_h38_MTD.txt,MTD,h3,h38,h3_to_h38,52.965,0.448,43.94,0,39,0.0
capture_test10_qos_h3_to_h38_MTD.txt,MTD,h3,h38,h3_to_h38,53.965,0.106,81.906,0,9,0.0
capture_test10_qos_h3_to_h38_MTD.txt,MTD,h3,h38,h3_to_h38,54.825,0.127,82.302,0,8,0.0
capture_test10_qos_h3_to_h38_MTD.txt,MTD,h3,h38,h3_to_h38,55.595,9.49,1.211,0,667,0.0
capture_test10_qos_h3_to_h38_MTD.txt,MTD,h3,h38,h3_to_h38,56.5,9.65,1.001,2570,3403,75.52159858947986
capture_test10_qos_h3_to_h38_MTD.txt,MTD,h3,h38,h3_to_h38,57.5,9.6,0.912,0,829,0.0
capture_test10_qos_h3_to_h38_MTD.txt,MTD,h3,h38,h3_to_h38,58.5,8.34,1.326,0,720,0.0
capture_test10_qos_h3_to_h38_MTD.txt,MTD,h3,h38,h3_to_h38,59.5,6.0,1.238,0,518,0.0
capture_test10_qos_h3_to_h38_MTD.txt,MTD,h3,h38,h3_to_h38,60.5,4.54,0.766,0,391,0.0
capture_test10_qos_h3_to_h38_MTD.txt,MTD,h3,h38,h3_to_h38,61.5,3.36,1.338,0,290,0.0
capture_test10_qos_h3_to_h38_MTD.txt,MTD,h3,h38,h3_to_h38,62.5,6.93,1.937,0,598,0.0
capture_test10_qos_h3_to_h38_MTD.txt,MTD,h3,h38,h3_to_h38,63.5,7.74,1.293,0,668,0.0
capture_test10_qos_h3_to_h38_MTD.txt,MTD,h3,h38,h3_to_h38,64.5,6.91,2.136,0,597,0.0
capture_test10_qos_h3_to_h38_MTD.txt,MTD,h3,h38,h3_to_h38,65.5,6.21,2.621,0,536,0.0
capture_test10_qos_h3_to_h38_MTD.txt,MTD,h3,h38,h3_to_h38,66.5,4.52,1.557,0,391,0.0
capture_test10_qos_h3_to_h38_MTD.txt,MTD,h3,h38,h3_to_h38,67.5,6.97,1.501,0,601,0.0
capture_test10_qos_h3_to_h38_MTD.txt,MTD,h3,h38,h3_to_h38,68.5,6.74,2.238,0,582,0.0
capture_test10_qos_h3_to_h38_MTD.txt,MTD,h3,h38,h3_to_h38,69.5,5.94,2.162,0,513,0.0
capture_test10_qos_h3_to_h38_MTD.txt,MTD,h3,h38,h3_to_h38,70.5,6.12,1.715,0,528,0.0
capture_test10_qos_h3_to_h38_MTD.txt,MTD,h3,h38,h3_to_h38,71.5,4.01,13.519,0,347,0.0
capture_test10_qos_h3_to_h38_MTD.txt,MTD,h3,h38,h3_to_h38,72.5,6.28,1.993,0,541,0.0
capture_test10_qos_h3_to_h38_MTD.txt,MTD,h3,h38,h3_to_h38,73.5,7.76,1.024,0,670,0.0
capture_test10_qos_h3_to_h38_MTD.txt,MTD,h3,h38,h3_to_h38,74.5,5.99,0.768,0,517,0.0
capture_test10_qos_h3_to_h38_MTD.txt,MTD,h3,h38,h3_to_h38,75.5,5.98,1.17,0,516,0.0
capture_test10_qos_h3_to_h38_MTD.txt,MTD,h3,h38,h3_to_h38,76.5,6.01,0.636,0,519,0.0
capture_test10_qos_h3_to_h38_MTD.txt,MTD,h3,h38,h3_to_h38,77.5,5.98,0.598,0,517,0.0
capture_test10_qos_h3_to_h38_MTD.txt,MTD,h3,h38,h3_to_h38,78.5,6.01,0.756,0,519,0.0
capture_test10_qos_h3_to_h38_MTD.txt,MTD,h3,h38,h3_to_h38,79.5,6.0,0.992,0,518,0.0
capture_test10_qos_h3_to_h38_MTD.txt,MTD,h3,h38,h3_to_h38,80.5,6.01,0.544,0,519,0.0
capture_test10_qos_h3_to_h38_MTD.txt,MTD,h3,h38,h3_to_h38,81.5,5.99,0.823,0,517,0.0
capture_test10_qos_h3_to_h38_MTD.txt,MTD,h3,h38,h3_to_h38,82.5,6.01,0.908,0,518,0.0
capture_test10_qos_h3_to_h38_MTD.txt,MTD,h3,h38,h3_to_h38,83.5,6.0,1.395,0,518,0.0
capture_test10_qos_h3_to_h38_MTD.txt,MTD,h3,h38,h3_to_h38,84.5,6.0,0.979,0,518,0.0
capture_test10_qos_h3_to_h38_MTD.txt,MTD,h3,h38,h3_to_h38,85.72999999999999,3.8,27.477,0,480,0.0
capture_test10_qos_h3_to_h38_MTD.txt,MTD,h3,h38,h3_to_h38,86.72999999999999,7.8,1.318,0,361,0.0
capture_test10_qos_h3_to_h38_MTD.txt,MTD,h3,h38,h3_to_h38,87.5,7.91,1.487,0,683,0.0
capture_test10_qos_h3_to_h38_MTD.txt,MTD,h3,h38,h3_to_h38,88.5,6.24,2.45,0,539,0.0
capture_test10_qos_h3_to_h38_MTD.txt,MTD,h3,h38,h3_to_h38,89.5,6.09,1.898,0,525,0.0
capture_test10_qos_h3_to_h38_MTD.txt,MTD,h3,h38,h3_to_h38,90.5,5.91,2.102,0,510,0.0
capture_test10_qos_h3_to_h38_MTD.txt,MTD,h3,h38,h3_to_h38,91.5,6.11,1.13,0,528,0.0
capture_test10_qos_h3_to_h38_MTD.txt,MTD,h3,h38,h3_to_h38,92.5,4.01,3.296,0,347,0.0
capture_test10_qos_h3_to_h38_MTD.txt,MTD,h3,h38,h3_to_h38,93.5,7.35,2.471,0,633,0.0
capture_test10_qos_h3_to_h38_MTD.txt,MTD,h3,h38,h3_to_h38,94.5,2.97,1.394,0,256,0.0
capture_test10_qos_h3_to_h38_MTD.txt,MTD,h3,h38,h3_to_h38,95.5,8.38,0.975,0,724,0.0
capture_test10_qos_h3_to_h38_MTD.txt,MTD,h3,h38,h3_to_h38,96.5,6.72,2.09,0,582,0.0
capture_test10_qos_h3_to_h38_MTD.txt,MTD,h3,h38,h3_to_h38,97.5,6.54,1.458,0,564,0.0
capture_test10_qos_h3_to_h38_MTD.txt,MTD,h3,h38,h3_to_h38,98.5,5.98,1.463,0,515,0.0
capture_test10_qos_h3_to_h38_MTD.txt,MTD,h3,h38,h3_to_h38,99.5,6.02,1.794,0,521,0.0
capture_test10_qos_h3_to_h38_MTD.txt,MTD,h3,h38,h3_to_h38,100.5,5.99,2.319,0,516,0.0
capture_test10_qos_h3_to_h38_MTD.txt,MTD,h3,h38,h3_to_h38,101.505,5.95,2.469,0,516,0.0
capture_test10_qos_h3_to_h38_MTD.txt,MTD,h3,h38,h3_to_h38,102.505,6.04,2.176,0,519,0.0
capture_test10_qos_h3_to_h38_MTD.txt,MTD,h3,h38,h3_to_h38,103.5,6.04,1.469,0,521,0.0
capture_test10_qos_h3_to_h38_MTD.txt,MTD,h3,h38,h3_to_h38,104.5,4.96,1.624,0,429,0.0
capture_test10_qos_h3_to_h38_MTD.txt,MTD,h3,h38,h3_to_h38,105.5,6.89,1.957,0,594,0.0
capture_test10_qos_h3_to_h38_MTD.txt,MTD,h3,h38,h3_to_h38,106.5,5.94,2.402,0,513,0.0
capture_test10_qos_h3_to_h38_MTD.txt,MTD,h3,h38,h3_to_h38,107.5,5.88,1.716,0,507,0.0
capture_test10_qos_h3_to_h38_MTD.txt,MTD,h3,h38,h3_to_h38,108.5,5.97,2.341,0,516,0.0
capture_test10_qos_h3_to_h38_MTD.txt,MTD,h3,h38,h3_to_h38,109.5,6.33,1.652,0,546,0.0
capture_test10_qos_h3_to_h38_MTD.txt,MTD,h3,h38,h3_to_h38,110.5,5.91,2.075,0,510,0.0
capture_test10_qos_h3_to_h38_MTD.txt,MTD,h3,h38,h3_to_h38,111.5,6.14,1.187,0,530,0.0
capture_test10_qos_h3_to_h38_MTD.txt,MTD,h3,h38,h3_to_h38,112.5,5.99,1.502,0,517,0.0
capture_test10_qos_h3_to_h38_MTD.txt,MTD,h3,h38,h3_to_h38,113.5,5.03,8.52,0,435,0.0
capture_test10_qos_h3_to_h38_MTD.txt,MTD,h3,h38,h3_to_h38,114.5,7.01,1.588,0,604,0.0
capture_test10_qos_h3_to_h38_MTD.txt,MTD,h3,h38,h3_to_h38,115.5,6.0,1.7,0,518,0.0
capture_test10_qos_h3_to_h38_MTD.txt,MTD,h3,h38,h3_to_h38,116.5,5.97,2.278,0,516,0.0
capture_test10_qos_h3_to_h38_MTD.txt,MTD,h3,h38,h3_to_h38,117.5,3.99,1.586,0,344,0.0
capture_test10_qos_h3_to_h38_MTD.txt,MTD,h3,h38,h3_to_h38,118.5,8.0,2.468,0,691,0.0
capture_test10_qos_h3_to_h38_MTD.txt,MTD,h3,h38,h3_to_h38,119.5,6.08,1.03,0,524,0.0
capture_test10_qos_h3_to_h38_MTD.txt,MTD,h3,h38,h3_to_h38,120.5,5.99,1.334,0,517,0.0
capture_test10_qos_h3_to_h38_MTD.txt,MTD,h3,h38,h3_to_h38,121.5,6.01,1.036,0,519,0.0
capture_test10_qos_h3_to_h38_MTD.txt,MTD,h3,h38,h3_to_h38,122.5,6.0,0.88,0,518,0.0
capture_test10_qos_h3_to_h38_MTD.txt,MTD,h3,h38,h3_to_h38,123.5,6.0,0.702,0,518,0.0
capture_test10_qos_h3_to_h38_MTD.txt,MTD,h3,h38,h3_to_h38,124.5,6.0,1.121,0,518,0.0
capture_test10_qos_h3_to_h38_MTD.txt,MTD,h3,h38,h3_to_h38,125.5,5.99,1.118,0,517,0.0
capture_test10_qos_h3_to_h38_MTD.txt,MTD,h3,h38,h3_to_h38,126.5,6.0,1.102,0,519,0.0
capture_test10_qos_h3_to_h38_MTD.txt,MTD,h3,h38,h3_to_h38,127.5,5.51,2.967,0,475,0.0
capture_test10_qos_h3_to_h38_MTD.txt,MTD,h3,h38,h3_to_h38,128.5,6.49,2.266,0,560,0.0
capture_test10_qos_h3_to_h38_MTD.txt,MTD,h3,h38,h3_to_h38,129.5,5.9,1.759,0,509,0.0
capture_test10_qos_h3_to_h38_MTD.txt,MTD,h3,h38,h3_to_h38,130.5,6.12,1.133,0,528,0.0
capture_test10_qos_h3_to_h38_MTD.txt,MTD,h3,h38,h3_to_h38,131.58499999999998,3.9,2.14,0,395,0.0
capture_test10_qos_h3_to_h38_MTD.txt,MTD,h3,h38,h3_to_h38,132.58499999999998,5.63,2.43,0,402,0.0
capture_test10_qos_h3_to_h38_MTD.txt,MTD,h3,h38,h3_to_h38,133.5,8.76,1.318,0,756,0.0
capture_test10_qos_h3_to_h38_MTD.txt,MTD,h3,h38,h3_to_h38,134.5,5.99,0.657,0,518,0.0
capture_test10_qos_h3_to_h38_MTD.txt,MTD,h3,h38,h3_to_h38,135.5,6.01,0.81,0,518,0.0
capture_test10_qos_h3_to_h38_MTD.txt,MTD,h3,h38,h3_to_h38,136.5,6.0,0.973,0,518,0.0
capture_test10_qos_h3_to_h38_MTD.txt,MTD,h3,h38,h3_to_h38,137.5,6.0,1.092,0,518,0.0
capture_test10_qos_h3_to_h38_MTD.txt,MTD,h3,h38,h3_to_h38,138.5,5.98,1.264,0,517,0.0
capture_test10_qos_h3_to_h38_MTD.txt,MTD,h3,h38,h3_to_h38,139.5,6.0,0.758,0,519,0.0
capture_test10_qos_h3_to_h38_MTD.txt,MTD,h3,h38,h3_to_h38,140.5,6.0,1.034,0,517,0.0
capture_test10_qos_h3_to_h38_MTD.txt,MTD,h3,h38,h3_to_h38,141.5,6.01,0.674,0,519,0.0
capture_test10_qos_h3_to_h38_MTD.txt,MTD,h3,h38,h3_to_h38,142.5,6.0,0.939,0,518,0.0
capture_test10_qos_h3_to_h38_MTD.txt,MTD,h3,h38,h3_to_h38,143.5,6.01,0.982,0,518,0.0
capture_test10_qos_h3_to_h38_MTD.txt,MTD,h3,h38,h3_to_h38,144.5,5.99,0.478,0,518,0.0
capture_test10_qos_h3_to_h38_MTD.txt,MTD,h3,h38,h3_to_h38,145.5,5.04,1.556,0,434,0.0
capture_test10_qos_h3_to_h38_MTD.txt,MTD,h3,h38,h3_to_h38,146.5,3.9,1.336,0,337,0.0
capture_test10_qos_h3_to_h38_MTD.txt,MTD,h3,h38,h3_to_h38,147.5,7.46,1.536,0,643,0.0
capture_test10_qos_h3_to_h38_MTD.txt,MTD,h3,h38,h3_to_h38,148.5,7.6,1.484,0,656,0.0
capture_test10_qos_h3_to_h38_MTD.txt,MTD,h3,h38,h3_to_h38,149.5,6.02,1.676,0,520,0.0
capture_test10_qos_h3_to_h38_MTD.txt,MTD,h3,h38,h3_to_h38,150.5,5.98,1.304,0,516,0.0
capture_test10_qos_h3_to_h38_MTD.txt,MTD,h3,h38,h3_to_h38,151.5,5.99,1.449,0,517,0.0
capture_test10_qos_h3_to_h38_MTD.txt,MTD,h3,h38,h3_to_h38,152.535,5.43,2.111,0,500,0.0
capture_test10_qos_h3_to_h38_MTD.txt,MTD,h3,h38,h3_to_h38,153.55,6.0,3.53,0,498,0.0
capture_test10_qos_h3_to_h38_MTD.txt,MTD,h3,h38,h3_to_h38,154.515,6.64,0.87,0,557,0.0
capture_test10_qos_h3_to_h38_MTD.txt,MTD,h3,h38,h3_to_h38,155.5,6.02,1.281,0,520,0.0
capture_test10_qos_h3_to_h38_MTD.txt,MTD,h3,h38,h3_to_h38,156.5,5.97,1.086,0,516,0.0
capture_test10_qos_h3_to_h38_MTD.txt,MTD,h3,h38,h3_to_h38,157.5,6.0,0.939,0,518,0.0
capture_test10_qos_h3_to_h38_MTD.txt,MTD,h3,h38,h3_to_h38,158.5,6.0,1.188,0,518,0.0
capture_test10_qos_h3_to_h38_MTD.txt,MTD,h3,h38,h3_to_h38,159.5,6.0,1.031,0,518,0.0
capture_test10_qos_h3_to_h38_MTD.txt,MTD,h3,h38,h3_to_h38,160.5,6.02,0.588,0,519,0.0
capture_test10_qos_h3_to_h38_MTD.txt,MTD,h3,h38,h3_to_h38,161.5,6.0,0.936,0,518,0.0
capture_test10_qos_h3_to_h38_MTD.txt,MTD,h3,h38,h3_to_h38,162.5,5.99,0.74,0,517,0.0
capture_test10_qos_h3_to_h38_MTD.txt,MTD,h3,h38,h3_to_h38,163.5,3.55,1.168,0,306,0.0
capture_test10_qos_h3_to_h38_MTD.txt,MTD,h3,h38,h3_to_h38,164.5,4.03,1.295,0,348,0.0
capture_test10_qos_h3_to_h38_MTD.txt,MTD,h3,h38,h3_to_h38,165.5,7.9,1.073,0,682,0.0
capture_test10_qos_h3_to_h38_MTD.txt,MTD,h3,h38,h3_to_h38,166.5,8.19,1.193,0,707,0.0
capture_test10_qos_h3_to_h38_MTD.txt,MTD,h3,h38,h3_to_h38,167.5,6.33,1.555,0,547,0.0
capture_test10_qos_h3_to_h38_MTD.txt,MTD,h3,h38,h3_to_h38,168.735,2.72,45.876,0,345,0.0
capture_test10_qos_h3_to_h38_MTD.txt,MTD,h3,h38,h3_to_h38,169.97,0.08120000000000001,30.137,0,7,0.0
capture_test10_qos_h3_to_h38_MTD.txt,MTD,h3,h38,h3_to_h38,170.97,0.449,23.809,0,39,0.0
capture_test10_qos_h3_to_h38_MTD.txt,MTD,h3,h38,h3_to_h38,171.97,0.093,50.317,0,8,0.0
capture_test10_qos_h3_to_h38_MTD.txt,MTD,h3,h38,h3_to_h38,172.97,0.0578,83.883,0,5,0.0
capture_test10_qos_h3_to_h38_MTD.txt,MTD,h3,h38,h3_to_h38,173.97,0.0581,109.154,0,5,0.0
capture_test10_qos_h3_to_h38_MTD.txt,MTD,h3,h38,h3_to_h38,174.975,0.0574,127.026,0,5,0.0
capture_test10_qos_h3_to_h38_MTD.txt,MTD,h3,h38,h3_to_h38,175.975,0.105,109.137,0,9,0.0
capture_test10_qos_h3_to_h38_MTD.txt,MTD,h3,h38,h3_to_h38,176.97,0.023100000000000002,153.4,0,2,0.0
capture_test10_qos_h3_to_h38_MTD.txt,MTD,h3,h38,h3_to_h38,177.97,0.0692,149.812,0,6,0.0
capture_test10_qos_h3_to_h38_MTD.txt,MTD,h3,h38,h3_to_h38,178.97,0.128,107.461,0,11,0.0
capture_test10_qos_h3_to_h38_MTD.txt,MTD,h3,h38,h3_to_h38,179.975,0.08070000000000001,168.511,0,7,0.0
capture_test10_qos_h3_to_h38_MTD.txt,MTD,h3,h38,h3_to_h38,180.98,0.128,141.151,0,11,0.0
capture_test10_qos_h3_to_h38_MTD.txt,MTD,h3,h38,h3_to_h38,181.975,0.0233,124.192,0,2,0.0
capture_test10_qos_h3_to_h38_MTD.txt,MTD,h3,h38,h3_to_h38,182.97,0.127,111.878,0,11,0.0
capture_test10_qos_h3_to_h38_MTD.txt,MTD,h3,h38,h3_to_h38,183.735,0.88,15.224,0,40,0.0
capture_test10_qos_h3_to_h38_MTD.txt,MTD,h3,h38,h3_to_h38,184.74,0.0627,44.492,0,8,0.0
capture_test10_qos_h3_to_h38_MTD.txt,MTD,h3,h38,h3_to_h38,185.975,0.0466,85.732,0,4,0.0
capture_test10_qos_h3_to_h38_MTD.txt,MTD,h3,h38,h3_to_h38,186.975,0.0345,125.259,0,3,0.0
capture_test10_qos_h3_to_h38_MTD.txt,MTD,h3,h38,h3_to_h38,187.975,0.0932,172.73,0,8,0.0
capture_test10_qos_h3_to_h38_MTD.txt,MTD,h3,h38,h3_to_h38,188.975,0.104,97.327,0,9,0.0
capture_test10_qos_h3_to_h38_MTD.txt,MTD,h3,h38,h3_to_h38,189.975,0.046700000000000005,126.45,0,4,0.0
capture_test10_qos_h3_to_h38_MTD.txt,MTD,h3,h38,h3_to_h38,190.97,0.058,139.522,0,5,0.0
capture_test10_qos_h3_to_h38_MTD.txt,MTD,h3,h38,h3_to_h38,191.735,7.69,1.285,0,354,0.0
capture_test10_qos_h3_to_h38_MTD.txt,MTD,h3,h38,h3_to_h38,192.51,6.21,2.027,0,545,0.0
capture_test10_qos_h3_to_h38_MTD.txt,MTD,h3,h38,h3_to_h38,193.75,5.39,22.405,10603,11282,93.9815635525616
capture_test10_qos_h3_to_h38_MTD.txt,MTD,h3,h38,h3_to_h38,194.975,0.105,66.538,0,9,0.0
capture_test10_qos_h3_to_h38_MTD.txt,MTD,h3,h38,h3_to_h38,195.735,3.0,2.811,0,137,0.0
capture_test10_qos_h3_to_h38_MTD.txt,MTD,h3,h38,h3_to_h38,196.745,1.91,50.827,0,245,0.0
capture_test10_qos_h3_to_h38_MTD.txt,MTD,h3,h38,h3_to_h38,197.98000000000002,0.0235,44.765,0,2,0.0
capture_test10_qos_h3_to_h38_MTD.txt,MTD,h3,h38,h3_to_h38,198.97,0.139,52.451,0,12,0.0
capture_test10_qos_h3_to_h38_MTD.txt,MTD,h3,h38,h3_to_h38,199.975,0.31,61.059,0,27,0.0
capture_test10_qos_h3_to_h38_MTD.txt,MTD,h3,h38,h3_to_h38,200.985,0.09240000000000001,82.229,0,8,0.0
capture_test10_qos_h3_to_h38_MTD.txt,MTD,h3,h38,h3_to_h38,201.985,0.129,98.241,0,11,0.0
capture_test10_qos_h3_to_h38_MTD.txt,MTD,h3,h38,h3_to_h38,202.98,0.0232,86.56,0,2,0.0
capture_test10_qos_h3_to_h38_MTD.txt,MTD,h3,h38,h3_to_h38,203.98,0.463,66.25,0,40,0.0
capture_test10_qos_h3_to_h38_MTD.txt,MTD,h3,h38,h3_to_h38,204.98,0.116,86.573,0,10,0.0
capture_test10_qos_h3_to_h38_MTD.txt,MTD,h3,h38,h3_to_h38,205.975,0.117,102.699,0,10,0.0
capture_test10_qos_h3_to_h38_MTD.txt,MTD,h3,h38,h3_to_h38,206.975,0.023,90.545,0,2,0.0
capture_test10_qos_h3_to_h38_MTD.txt,MTD,h3,h38,h3_to_h38,207.98,0.0577,173.074,0,5,0.0
capture_test10_qos_h3_to_h38_MTD.txt,MTD,h3,h38,h3_to_h38,208.92000000000002,0.06559999999999999,177.06,0,5,0.0
capture_test10_qos_h3_to_h38_MTD.txt,MTD,h3,h38,h3_to_h38,209.68,7.97,1.223,0,438,0.0
capture_test10_qos_h3_to_h38_MTD.txt,MTD,h3,h38,h3_to_h38,210.5,9.67,1.377,7174,8009,89.57422899238357
capture_test10_qos_h3_to_h38_MTD.txt,MTD,h3,h38,h3_to_h38,211.5,9.68,1.111,0,835,0.0
capture_test10_qos_h3_to_h38_MTD.txt,MTD,h3,h38,h3_to_h38,212.5,8.87,1.295,0,766,0.0
capture_test10_qos_h3_to_h38_MTD.txt,MTD,h3,h38,h3_to_h38,213.5,6.02,0.78,0,519,0.0
capture_test10_qos_h3_to_h38_MTD.txt,MTD,h3,h38,h3_to_h38,214.5,6.0,0.772,0,518,0.0
capture_test10_qos_h3_to_h38_MTD.txt,MTD,h3,h38,h3_to_h38,215.5,6.0,0.976,0,518,0.0
capture_test10_qos_h3_to_h38_MTD.txt,MTD,h3,h38,h3_to_h38,216.5,5.99,1.128,0,517,0.0
capture_test10_qos_h3_to_h38_MTD.txt,MTD,h3,h38,h3_to_h38,217.5,6.01,0.531,0,519,0.0
capture_test10_qos_h3_to_h38_MTD.txt,MTD,h3,h38,h3_to_h38,218.5,5.93,1.632,0,512,0.0
capture_test10_qos_h3_to_h38_MTD.txt,MTD,h3,h38,h3_to_h38,219.5,6.05,1.521,0,523,0.0
capture_test10_qos_h3_to_h38_MTD.txt,MTD,h3,h38,h3_to_h38,220.5,6.01,0.887,0,518,0.0
capture_test10_qos_h3_to_h38_MTD.txt,MTD,h3,h38,h3_to_h38,221.5,6.0,0.969,0,518,0.0
capture_test10_qos_h3_to_h38_MTD.txt,MTD,h3,h38,h3_to_h38,222.5,6.0,0.926,0,518,0.0
capture_test10_qos_h3_to_h38_MTD.txt,MTD,h3,h38,h3_to_h38,223.5,6.01,0.864,0,519,0.0
capture_test10_qos_h3_to_h38_MTD.txt,MTD,h3,h38,h3_to_h38,224.5,5.99,1.099,0,517,0.0
capture_test10_qos_h3_to_h38_MTD.txt,MTD,h3,h38,h3_to_h38,225.5,5.99,0.944,0,518,0.0
capture_test10_qos_h3_to_h38_MTD.txt,MTD,h3,h38,h3_to_h38,226.5,6.02,1.013,0,519,0.0
capture_test10_qos_h3_to_h38_MTD.txt,MTD,h3,h38,h3_to_h38,227.5,5.99,0.588,0,517,0.0
capture_test10_qos_h3_to_h38_MTD.txt,MTD,h3,h38,h3_to_h38,228.5,6.01,0.867,0,519,0.0
capture_test10_qos_h3_to_h38_MTD.txt,MTD,h3,h38,h3_to_h38,229.5,5.99,0.592,0,517,0.0
capture_test10_qos_h3_to_h38_MTD.txt,MTD,h3,h38,h3_to_h38,230.5,5.99,1.105,0,518,0.0
capture_test10_qos_h3_to_h38_MTD.txt,MTD,h3,h38,h3_to_h38,231.5,5.97,2.315,0,515,0.0
capture_test10_qos_h3_to_h38_MTD.txt,MTD,h3,h38,h3_to_h38,232.5,5.88,0.923,0,507,0.0
capture_test10_qos_h3_to_h38_MTD.txt,MTD,h3,h38,h3_to_h38,233.735,3.26,3.448,0,413,0.0
capture_test10_qos_h3_to_h38_MTD.txt,MTD,h3,h38,h3_to_h38,234.975,1.8,3.278,0,157,0.0
capture_test10_qos_h3_to_h38_MTD.txt,MTD,h3,h38,h3_to_h38,235.975,0.14,20.093,0,12,0.0
capture_test10_qos_h3_to_h38_MTD.txt,MTD,h3,h38,h3_to_h38,236.975,0.138,94.501,0,12,0.0
capture_test10_qos_h3_to_h38_MTD.txt,MTD,h3,h38,h3_to_h38,237.98,0.0694,122.738,0,6,0.0
capture_test10_qos_h3_to_h38_MTD.txt,MTD,h3,h38,h3_to_h38,238.975,0.14,57.479,0,12,0.0
capture_test10_qos_h3_to_h38_MTD.txt,MTD,h3,h38,h3_to_h38,239.975,0.115,115.737,0,10,0.0
capture_test10_qos_h3_to_h38_MTD.txt,MTD,h3,h38,h3_to_h38,241.815,0.103,124.19,0,6,0.0
capture_test10_qos_h3_to_h38_MTD.txt,MTD,h3,h38,h3_to_h38,242.81,0.385,65.548,0,44,0.0
capture_test10_qos_h3_to_h38_MTD.txt,MTD,h3,h38,h3_to_h38,243.97,0.0464,51.177,0,4,0.0
capture_test10_qos_h3_to_h38_MTD.txt,MTD,h3,h38,h3_to_h38,245.475,0.0751,102.094,0,13,0.0
capture_test10_qos_h3_to_h38_MTD.txt,MTD,h3,h38,h3_to_h38,246.98,0.0464,130.672,0,4,0.0
capture_test10_qos_h3_to_h38_MTD.txt,MTD,h3,h38,h3_to_h38,247.985,0.137,130.037,0,12,0.0
capture_test10_qos_h3_to_h38_MTD.txt,MTD,h3,h38,h3_to_h38,248.75,7.31,179.128,1,330,0.30303030303030304
capture_test10_qos_h3_to_h38_MTD.txt,MTD,h3,h38,h3_to_h38,249.74,3.52,1.45,18446744073709551615,442,4.1734715098890394e+18
capture_test10_qos_h3_to_h38_MTD.txt,MTD,h3,h38,h3_to_h38,250.975,0.23,70.431,0,20,0.0
capture_test10_qos_h3_to_h38_MTD.txt,MTD,h3,h38,h3_to_h38,251.98,0.0923,42.524,0,8,0.0
capture_test10_qos_h3_to_h38_MTD.txt,MTD,h3,h38,h3_to_h38,252.74,9.34,1.181,2270,2690,84.38661710037175
capture_test10_qos_h3_to_h38_MTD.txt,MTD,h3,h38,h3_to_h38,253.5,7.37,1.405,3963,4599,86.17090671885192
capture_test10_qos_h3_to_h38_MTD.txt,MTD,h3,h38,h3_to_h38,254.5,3.85,1.472,1273,1605,79.31464174454828
capture_test10_qos_h3_to_h38_MTD.txt,MTD,h3,h38,h3_to_h38,255.5,3.6,2.173,0,311,0.0
capture_test10_qos_h3_to_h38_MTD.txt,MTD,h3,h38,h3_to_h38,256.5,4.84,1.706,0,417,0.0
capture_test10_qos_h3_to_h38_MTD.txt,MTD,h3,h38,h3_to_h38,257.5,7.15,2.254,160,777,20.592020592020592
capture_test10_qos_h3_to_h38_MTD.txt,MTD,h3,h38,h3_to_h38,258.505,7.18,2.844,149,774,19.25064599483204
capture_test10_qos_h3_to_h38_MTD.txt,MTD,h3,h38,h3_to_h38,259.505,6.64,1.75,0,568,0.0
capture_test10_qos_h3_to_h38_MTD.txt,MTD,h3,h38,h3_to_h38,260.5,7.69,2.084,0,664,0.0
capture_test10_qos_h3_to_h38_MTD.txt,MTD,h3,h38,h3_to_h38,261.5,7.49,2.106,0,646,0.0
capture_test10_qos_h3_to_h38_MTD.txt,MTD,h3,h38,h3_to_h38,262.505,6.48,2.18,0,565,0.0
capture_test10_qos_h3_to_h38_MTD.txt,MTD,h3,h38,h3_to_h38,263.505,7.78,1.61,0,665,0.0
capture_test10_qos_h3_to_h38_MTD.txt,MTD,h3,h38,h3_to_h38,264.5,8.11,1.485,0,700,0.0
capture_test10_qos_h3_to_h38_MTD.txt,MTD,h3,h38,h3_to_h38,265.5,7.18,1.549,0,620,0.0
capture_test10_qos_h3_to_h38_MTD.txt,MTD,h3,h38,h3_to_h38,266.5,5.98,1.443,0,517,0.0
capture_test10_qos_h3_to_h38_MTD.txt,MTD,h3,h38,h3_to_h38,267.505,5.91,2.546,0,516,0.0
capture_test10_qos_h3_to_h38_MTD.txt,MTD,h3,h38,h3_to_h38,268.505,6.06,1.398,0,519,0.0
capture_test10_qos_h3_to_h38_MTD.txt,MTD,h3,h38,h3_to_h38,269.5,6.01,1.373,0,518,0.0
capture_test10_qos_h3_to_h38_MTD.txt,MTD,h3,h38,h3_to_h38,270.5,6.03,1.169,0,521,0.0
capture_test10_qos_h3_to_h38_MTD.txt,MTD,h3,h38,h3_to_h38,271.5,5.96,1.876,0,514,0.0
capture_test10_qos_h3_to_h38_MTD.txt,MTD,h3,h38,h3_to_h38,272.5,5.67,2.121,0,489,0.0
capture_test10_qos_h3_to_h38_MTD.txt,MTD,h3,h38,h3_to_h38,273.5,6.37,1.061,0,550,0.0
capture_test10_qos_h3_to_h38_MTD.txt,MTD,h3,h38,h3_to_h38,274.74,0.908,69.55,0,116,0.0
capture_test10_qos_h3_to_h38_MTD.txt,MTD,h3,h38,h3_to_h38,275.74,0.423,22.326,0,19,0.0
capture_test10_qos_h3_to_h38_MTD.txt,MTD,h3,h38,h3_to_h38,276.5,6.89,1.247,0,595,0.0
capture_test10_qos_h3_to_h38_MTD.txt,MTD,h3,h38,h3_to_h38,277.5,9.14,1.594,0,789,0.0
capture_test10_qos_h3_to_h38_MTD.txt,MTD,h3,h38,h3_to_h38,278.5,9.63,1.03,0,831,0.0
capture_test10_qos_h3_to_h38_MTD.txt,MTD,h3,h38,h3_to_h38,279.5,8.78,0.823,0,758,0.0
capture_test10_qos_h3_to_h38_MTD.txt,MTD,h3,h38,h3_to_h38,280.5,6.0,0.671,0,518,0.0
capture_test10_qos_h3_to_h38_MTD.txt,MTD,h3,h38,h3_to_h38,281.5,6.0,0.637,0,518,0.0
capture_test10_qos_h3_to_h38_MTD.txt,MTD,h3,h38,h3_to_h38,282.5,6.0,0.788,0,518,0.0
capture_test10_qos_h3_to_h38_MTD.txt,MTD,h3,h38,h3_to_h38,283.5,5.95,2.055,0,514,0.0
capture_test10_qos_h3_to_h38_MTD.txt,MTD,h3,h38,h3_to_h38,284.74,2.48,46.302,0,316,0.0
capture_test10_qos_h3_to_h38_MTD.txt,MTD,h3,h38,h3_to_h38,285.975,0.163,20.141,0,14,0.0
capture_test10_qos_h3_to_h38_MTD.txt,MTD,h3,h38,h3_to_h38,286.97,0.451,22.753,0,39,0.0
capture_test10_qos_h3_to_h38_MTD.txt,MTD,h3,h38,h3_to_h38,287.975,0.104,42.625,0,9,0.0
capture_test10_qos_h3_to_h38_MTD.txt,MTD,h3,h38,h3_to_h38,288.98,0.161,95.768,0,14,0.0
capture_test10_qos_h3_to_h38_MTD.txt,MTD,h3,h38,h3_to_h38,289.98,0.303,19.197,0,26,0.0
capture_test10_qos_h3_to_h38_MTD.txt,MTD,h3,h38,h3_to_h38,290.975,0.14,39.441,0,12,0.0
capture_test10_qos_h3_to_h38_MTD.txt,MTD,h3,h38,h3_to_h38,291.975,0.15,45.42,0,13,0.0
capture_test10_qos_h3_to_h38_MTD.txt,MTD,h3,h38,h3_to_h38,292.975,0.163,45.922,0,14,0.0
capture_test10_qos_h3_to_h38_MTD.txt,MTD,h3,h38,h3_to_h38,293.975,0.023100000000000002,97.641,0,2,0.0
capture_test10_qos_h3_to_h38_MTD.txt,MTD,h3,h38,h3_to_h38,294.98,0.472,21.133,0,41,0.0
capture_test10_qos_h3_to_h38_MTD.txt,MTD,h3,h38,h3_to_h38,295.975,0.09390000000000001,43.352,0,8,0.0
capture_test10_qos_h3_to_h38_MTD.txt,MTD,h3,h38,h3_to_h38,297.27,0.0434,159.501,0,6,0.0
capture_test10_qos_h3_to_h38_MTD.txt,MTD,h3,h38,h3_to_h38,298.775,0.296,21.288,0,36,0.0
capture_test10_qos_h3_to_h38_MTD.txt,MTD,h3,h38,h3_to_h38,299.975,0.035,67.888,0,3,0.0
capture_test10_qos_h3_to_h38_MTD.txt,MTD,h3,h38,h3_to_h38,300.97,3.46,6.471,0,299,0.0
capture_test10_qos_h3_to_h38_MTD.txt,MTD,h3,h38,h3_to_h38,301.975,0.0346,39.694,0,3,0.0
capture_test10_qos_h3_to_h38_MTD.txt,MTD,h3,h38,h3_to_h38,302.98,0.184,89.632,0,16,0.0
capture_test10_qos_h3_to_h38_MTD.txt,MTD,h3,h38,h3_to_h38,303.975,0.023399999999999997,78.898,0,2,0.0
capture_test10_qos_h3_to_h38_MTD.txt,MTD,h3,h38,h3_to_h38,304.975,0.023100000000000002,127.335,0,2,0.0
capture_test10_qos_h3_to_h38_MTD.txt,MTD,h3,h38,h3_to_h38,305.98,0.0808,123.811,0,7,0.0
capture_test10_qos_h3_to_h38_MTD.txt,MTD,h3,h38,h3_to_h38,306.975,0.117,100.213,0,10,0.0
capture_test10_qos_h3_to_h38_MTD.txt,MTD,h3,h38,h3_to_h38,307.975,0.115,138.714,0,10,0.0
capture_test10_qos_h3_to_h38_MTD.txt,MTD,h3,h38,h3_to_h38,308.75,0.52,52.676,0,24,0.0
capture_test10_qos_h3_to_h38_MTD.txt,MTD,h3,h38,h3_to_h38,309.75,1.07,44.805,0,135,0.0
capture_test10_qos_h3_to_h38_MTD.txt,MTD,h3,h38,h3_to_h38,310.975,0.105,25.843,0,9,0.0
capture_test10_qos_h3_to_h38_MTD.txt,MTD,h3,h38,h3_to_h38,311.98,0.218,66.536,0,19,0.0
capture_test10_qos_h3_to_h38_MTD.txt,MTD,h3,h38,h3_to_h38,312.98,0.0353,55.443,0,3,0.0
capture_test10_qos_h3_to_h38_MTD.txt,MTD,h3,h38,h3_to_h38,313.97,0.0466,93.414,0,4,0.0
capture_test10_qos_h3_to_h38_MTD.txt,MTD,h3,h38,h3_to_h38,314.97,0.09190000000000001,153.805,0,8,0.0
capture_test10_qos_h3_to_h38_MTD.txt,MTD,h3,h38,h3_to_h38,315.97,0.058,170.045,0,5,0.0
capture_test10_qos_h3_to_h38_MTD.txt,MTD,h3,h38,h3_to_h38,316.975,0.104,140.488,0,9,0.0
capture_test10_qos_h3_to_h38_MTD.txt,MTD,h3,h38,h3_to_h38,317.98,0.0578,156.776,0,5,0.0
capture_test10_qos_h3_to_h38_MTD.txt,MTD,h3,h38,h3_to_h38,318.98,0.046299999999999994,179.764,0,4,0.0
capture_test10_qos_h3_to_h38_MTD.txt,MTD,h3,h38,h3_to_h38,319.985,0.114,137.123,0,10,0.0
capture_test10_qos_h3_to_h38_MTD.txt,MTD,h3,h38,h3_to_h38,320.985,0.0235,178.352,0,2,0.0
capture_test10_qos_h3_to_h38_MTD.txt,MTD,h3,h38,h3_to_h38,321.74,0.0442,157.017,0,2,0.0
capture_test10_qos_h3_to_h38_MTD.txt,MTD,h3,h38,h3_to_h38,322.5,1.6,10.908,18446744073709551593,116,1.5902365580784095e+19
capture_test10_qos_h3_to_h38_MTD.txt,MTD,h3,h38,h3_to_h38,323.5,3.35,1.306,18446744073709551354,26,7.094901566811366e+19
capture_test10_qos_h3_to_h38_MTD.txt,MTD,h3,h38,h3_to_h38,324.5,7.61,90.358,18446744073709551511,552,3.341801462628542e+18
capture_test10_qos_h3_to_h38_MTD.txt,MTD,h3,h38,h3_to_h38,325.5,8.96,1628.245,892,1666,53.54141656662665
capture_test10_qos_h3_to_h38_MTD.txt,MTD,h3,h38,h3_to_h38,326.315,9.19,4545.964,4047,4549,88.96460760606728
