timestamp,elapsed_sec,total_flows,device_id,device_flow_count
2026-04-24T23:49:39,0.0,64,of:000000000000000c,4
2026-04-24T23:49:39,0.0,64,of:000000000000000d,7
2026-04-24T23:49:39,0.0,64,of:000000000000000a,4
2026-04-24T23:49:39,0.0,64,of:000000000000000b,7
2026-04-24T23:49:39,0.0,64,of:0000000000000003,6
2026-04-24T23:49:39,0.0,64,of:0000000000000004,4
2026-04-24T23:49:39,0.0,64,of:0000000000000001,4
2026-04-24T23:49:39,0.0,64,of:0000000000000002,5
2026-04-24T23:49:39,0.0,64,of:0000000000000007,5
2026-04-24T23:49:39,0.0,64,of:0000000000000008,4
2026-04-24T23:49:39,0.0,64,of:0000000000000005,4
2026-04-24T23:49:39,0.0,64,of:0000000000000006,6
2026-04-24T23:49:39,0.0,64,of:0000000000000009,4
2026-04-24T23:49:40,1.02,64,of:000000000000000c,4
2026-04-24T23:49:40,1.02,64,of:000000000000000d,7
2026-04-24T23:49:40,1.02,64,of:000000000000000a,4
2026-04-24T23:49:40,1.02,64,of:000000000000000b,7
2026-04-24T23:49:40,1.02,64,of:0000000000000003,6
2026-04-24T23:49:40,1.02,64,of:0000000000000004,4
2026-04-24T23:49:40,1.02,64,of:0000000000000001,4
2026-04-24T23:49:40,1.02,64,of:0000000000000002,5
2026-04-24T23:49:40,1.02,64,of:0000000000000007,5
2026-04-24T23:49:40,1.02,64,of:0000000000000008,4
2026-04-24T23:49:40,1.02,64,of:0000000000000005,4
2026-04-24T23:49:40,1.02,64,of:0000000000000006,6
2026-04-24T23:49:40,1.02,64,of:0000000000000009,4
2026-04-24T23:49:41,2.03,64,of:000000000000000c,4
2026-04-24T23:49:41,2.03,64,of:000000000000000d,7
2026-04-24T23:49:41,2.03,64,of:000000000000000a,4
2026-04-24T23:49:41,2.03,64,of:000000000000000b,7
2026-04-24T23:49:41,2.03,64,of:0000000000000003,6
2026-04-24T23:49:41,2.03,64,of:0000000000000004,4
2026-04-24T23:49:41,2.03,64,of:0000000000000001,4
2026-04-24T23:49:41,2.03,64,of:0000000000000002,5
2026-04-24T23:49:41,2.03,64,of:0000000000000007,5
2026-04-24T23:49:41,2.03,64,of:0000000000000008,4
2026-04-24T23:49:41,2.03,64,of:0000000000000005,4
2026-04-24T23:49:41,2.03,64,of:0000000000000006,6
2026-04-24T23:49:41,2.03,64,of:0000000000000009,4
2026-04-24T23:49:42,3.05,64,of:000000000000000c,4
2026-04-24T23:49:42,3.05,64,of:000000000000000d,7
2026-04-24T23:49:42,3.05,64,of:000000000000000a,4
2026-04-24T23:49:42,3.05,64,of:000000000000000b,7
2026-04-24T23:49:42,3.05,64,of:0000000000000003,6
2026-04-24T23:49:42,3.05,64,of:0000000000000004,4
2026-04-24T23:49:42,3.05,64,of:0000000000000001,4
2026-04-24T23:49:42,3.05,64,of:0000000000000002,5
2026-04-24T23:49:42,3.05,64,of:0000000000000007,5
2026-04-24T23:49:42,3.05,64,of:0000000000000008,4
2026-04-24T23:49:42,3.05,64,of:0000000000000005,4
2026-04-24T23:49:42,3.05,64,of:0000000000000006,6
2026-04-24T23:49:42,3.05,64,of:0000000000000009,4
2026-04-24T23:49:43,4.07,64,of:000000000000000c,4
2026-04-24T23:49:43,4.07,64,of:000000000000000d,7
2026-04-24T23:49:43,4.07,64,of:000000000000000a,4
2026-04-24T23:49:43,4.07,64,of:000000000000000b,7
2026-04-24T23:49:43,4.07,64,of:0000000000000003,6
2026-04-24T23:49:43,4.07,64,of:0000000000000004,4
2026-04-24T23:49:43,4.07,64,of:0000000000000001,4
2026-04-24T23:49:43,4.07,64,of:0000000000000002,5
2026-04-24T23:49:43,4.07,64,of:0000000000000007,5
2026-04-24T23:49:43,4.07,64,of:0000000000000008,4
2026-04-24T23:49:43,4.07,64,of:0000000000000005,4
2026-04-24T23:49:43,4.07,64,of:0000000000000006,6
2026-04-24T23:49:43,4.07,64,of:0000000000000009,4
2026-04-24T23:49:44,5.08,64,of:000000000000000c,4
2026-04-24T23:49:44,5.08,64,of:000000000000000d,7
2026-04-24T23:49:44,5.08,64,of:000000000000000a,4
2026-04-24T23:49:44,5.08,64,of:000000000000000b,7
2026-04-24T23:49:44,5.08,64,of:0000000000000003,6
2026-04-24T23:49:44,5.08,64,of:0000000000000004,4
2026-04-24T23:49:44,5.08,64,of:0000000000000001,4
2026-04-24T23:49:44,5.08,64,of:0000000000000002,5
2026-04-24T23:49:44,5.08,64,of:0000000000000007,5
2026-04-24T23:49:44,5.08,64,of:0000000000000008,4
2026-04-24T23:49:44,5.08,64,of:0000000000000005,4
2026-04-24T23:49:44,5.08,64,of:0000000000000006,6
2026-04-24T23:49:44,5.08,64,of:0000000000000009,4
2026-04-24T23:49:45,6.09,64,of:000000000000000c,4
2026-04-24T23:49:45,6.09,64,of:000000000000000d,7
2026-04-24T23:49:45,6.09,64,of:000000000000000a,4
2026-04-24T23:49:45,6.09,64,of:000000000000000b,7
2026-04-24T23:49:45,6.09,64,of:0000000000000003,6
2026-04-24T23:49:45,6.09,64,of:0000000000000004,4
2026-04-24T23:49:45,6.09,64,of:0000000000000001,4
2026-04-24T23:49:45,6.09,64,of:0000000000000002,5
2026-04-24T23:49:45,6.09,64,of:0000000000000007,5
2026-04-24T23:49:45,6.09,64,of:0000000000000008,4
2026-04-24T23:49:45,6.09,64,of:0000000000000005,4
2026-04-24T23:49:45,6.09,64,of:0000000000000006,6
2026-04-24T23:49:45,6.09,64,of:0000000000000009,4
2026-04-24T23:49:46,7.1,64,of:000000000000000c,4
2026-04-24T23:49:46,7.1,64,of:000000000000000d,7
2026-04-24T23:49:46,7.1,64,of:000000000000000a,4
2026-04-24T23:49:46,7.1,64,of:000000000000000b,7
2026-04-24T23:49:46,7.1,64,of:0000000000000003,6
2026-04-24T23:49:46,7.1,64,of:0000000000000004,4
2026-04-24T23:49:46,7.1,64,of:0000000000000001,4
2026-04-24T23:49:46,7.1,64,of:0000000000000002,5
2026-04-24T23:49:46,7.1,64,of:0000000000000007,5
2026-04-24T23:49:46,7.1,64,of:0000000000000008,4
2026-04-24T23:49:46,7.1,64,of:0000000000000005,4
2026-04-24T23:49:46,7.1,64,of:0000000000000006,6
2026-04-24T23:49:46,7.1,64,of:0000000000000009,4
2026-04-24T23:49:47,8.18,64,of:000000000000000c,4
2026-04-24T23:49:47,8.18,64,of:000000000000000d,7
2026-04-24T23:49:47,8.18,64,of:000000000000000a,4
2026-04-24T23:49:47,8.18,64,of:000000000000000b,7
2026-04-24T23:49:47,8.18,64,of:0000000000000003,6
2026-04-24T23:49:47,8.18,64,of:0000000000000004,4
2026-04-24T23:49:47,8.18,64,of:0000000000000001,4
2026-04-24T23:49:47,8.18,64,of:0000000000000002,5
2026-04-24T23:49:47,8.18,64,of:0000000000000007,5
2026-04-24T23:49:47,8.18,64,of:0000000000000008,4
2026-04-24T23:49:47,8.18,64,of:0000000000000005,4
2026-04-24T23:49:47,8.18,64,of:0000000000000006,6
2026-04-24T23:49:47,8.18,64,of:0000000000000009,4
2026-04-24T23:49:48,9.24,64,of:000000000000000c,4
2026-04-24T23:49:48,9.24,64,of:000000000000000d,7
2026-04-24T23:49:48,9.24,64,of:000000000000000a,4
2026-04-24T23:49:48,9.24,64,of:000000000000000b,7
2026-04-24T23:49:48,9.24,64,of:0000000000000003,6
2026-04-24T23:49:48,9.24,64,of:0000000000000004,4
2026-04-24T23:49:48,9.24,64,of:0000000000000001,4
2026-04-24T23:49:48,9.24,64,of:0000000000000002,5
2026-04-24T23:49:48,9.24,64,of:0000000000000007,5
2026-04-24T23:49:48,9.24,64,of:0000000000000008,4
2026-04-24T23:49:48,9.24,64,of:0000000000000005,4
2026-04-24T23:49:48,9.24,64,of:0000000000000006,6
2026-04-24T23:49:48,9.24,64,of:0000000000000009,4
2026-04-24T23:49:49,10.25,64,of:000000000000000c,4
2026-04-24T23:49:49,10.25,64,of:000000000000000d,7
2026-04-24T23:49:49,10.25,64,of:000000000000000a,4
2026-04-24T23:49:49,10.25,64,of:000000000000000b,7
2026-04-24T23:49:49,10.25,64,of:0000000000000003,6
2026-04-24T23:49:49,10.25,64,of:0000000000000004,4
2026-04-24T23:49:49,10.25,64,of:0000000000000001,4
2026-04-24T23:49:49,10.25,64,of:0000000000000002,5
2026-04-24T23:49:49,10.25,64,of:0000000000000007,5
2026-04-24T23:49:49,10.25,64,of:0000000000000008,4
2026-04-24T23:49:49,10.25,64,of:0000000000000005,4
2026-04-24T23:49:49,10.25,64,of:0000000000000006,6
2026-04-24T23:49:49,10.25,64,of:0000000000000009,4
2026-04-24T23:49:50,11.27,64,of:000000000000000c,4
2026-04-24T23:49:50,11.27,64,of:000000000000000d,7
2026-04-24T23:49:50,11.27,64,of:000000000000000a,4
2026-04-24T23:49:50,11.27,64,of:000000000000000b,7
2026-04-24T23:49:50,11.27,64,of:0000000000000003,6
2026-04-24T23:49:50,11.27,64,of:0000000000000004,4
2026-04-24T23:49:50,11.27,64,of:0000000000000001,4
2026-04-24T23:49:50,11.27,64,of:0000000000000002,5
2026-04-24T23:49:50,11.27,64,of:0000000000000007,5
2026-04-24T23:49:50,11.27,64,of:0000000000000008,4
2026-04-24T23:49:50,11.27,64,of:0000000000000005,4
2026-04-24T23:49:50,11.27,64,of:0000000000000006,6
2026-04-24T23:49:50,11.27,64,of:0000000000000009,4
2026-04-24T23:49:51,12.28,64,of:000000000000000c,4
2026-04-24T23:49:51,12.28,64,of:000000000000000d,7
2026-04-24T23:49:51,12.28,64,of:000000000000000a,4
2026-04-24T23:49:51,12.28,64,of:000000000000000b,7
2026-04-24T23:49:51,12.28,64,of:0000000000000003,6
2026-04-24T23:49:51,12.28,64,of:0000000000000004,4
2026-04-24T23:49:51,12.28,64,of:0000000000000001,4
2026-04-24T23:49:51,12.28,64,of:0000000000000002,5
2026-04-24T23:49:51,12.28,64,of:0000000000000007,5
2026-04-24T23:49:51,12.28,64,of:0000000000000008,4
2026-04-24T23:49:51,12.28,64,of:0000000000000005,4
2026-04-24T23:49:51,12.28,64,of:0000000000000006,6
2026-04-24T23:49:51,12.28,64,of:0000000000000009,4
2026-04-24T23:49:52,13.29,64,of:000000000000000c,4
2026-04-24T23:49:52,13.29,64,of:000000000000000d,7
2026-04-24T23:49:52,13.29,64,of:000000000000000a,4
2026-04-24T23:49:52,13.29,64,of:000000000000000b,7
2026-04-24T23:49:52,13.29,64,of:0000000000000003,6
2026-04-24T23:49:52,13.29,64,of:0000000000000004,4
2026-04-24T23:49:52,13.29,64,of:0000000000000001,4
2026-04-24T23:49:52,13.29,64,of:0000000000000002,5
2026-04-24T23:49:52,13.29,64,of:0000000000000007,5
2026-04-24T23:49:52,13.29,64,of:0000000000000008,4
2026-04-24T23:49:52,13.29,64,of:0000000000000005,4
2026-04-24T23:49:52,13.29,64,of:0000000000000006,6
2026-04-24T23:49:52,13.29,64,of:0000000000000009,4
2026-04-24T23:49:53,14.33,64,of:000000000000000c,4
2026-04-24T23:49:53,14.33,64,of:000000000000000d,7
2026-04-24T23:49:53,14.33,64,of:000000000000000a,4
2026-04-24T23:49:53,14.33,64,of:000000000000000b,7
2026-04-24T23:49:53,14.33,64,of:0000000000000003,6
2026-04-24T23:49:53,14.33,64,of:0000000000000004,4
2026-04-24T23:49:53,14.33,64,of:0000000000000001,4
2026-04-24T23:49:53,14.33,64,of:0000000000000002,5
2026-04-24T23:49:53,14.33,64,of:0000000000000007,5
2026-04-24T23:49:53,14.33,64,of:0000000000000008,4
2026-04-24T23:49:53,14.33,64,of:0000000000000005,4
2026-04-24T23:49:53,14.33,64,of:0000000000000006,6
2026-04-24T23:49:53,14.33,64,of:0000000000000009,4
2026-04-24T23:49:54,15.34,64,of:000000000000000c,4
2026-04-24T23:49:54,15.34,64,of:000000000000000d,7
2026-04-24T23:49:54,15.34,64,of:000000000000000a,4
2026-04-24T23:49:54,15.34,64,of:000000000000000b,7
2026-04-24T23:49:54,15.34,64,of:0000000000000003,6
2026-04-24T23:49:54,15.34,64,of:0000000000000004,4
2026-04-24T23:49:54,15.34,64,of:0000000000000001,4
2026-04-24T23:49:54,15.34,64,of:0000000000000002,5
2026-04-24T23:49:54,15.34,64,of:0000000000000007,5
2026-04-24T23:49:54,15.34,64,of:0000000000000008,4
2026-04-24T23:49:54,15.34,64,of:0000000000000005,4
2026-04-24T23:49:54,15.34,64,of:0000000000000006,6
2026-04-24T23:49:54,15.34,64,of:0000000000000009,4
2026-04-24T23:49:55,16.35,64,of:000000000000000c,4
2026-04-24T23:49:55,16.35,64,of:000000000000000d,7
2026-04-24T23:49:55,16.35,64,of:000000000000000a,4
2026-04-24T23:49:55,16.35,64,of:000000000000000b,7
2026-04-24T23:49:55,16.35,64,of:0000000000000003,6
2026-04-24T23:49:55,16.35,64,of:0000000000000004,4
2026-04-24T23:49:55,16.35,64,of:0000000000000001,4
2026-04-24T23:49:55,16.35,64,of:0000000000000002,5
2026-04-24T23:49:55,16.35,64,of:0000000000000007,5
2026-04-24T23:49:55,16.35,64,of:0000000000000008,4
2026-04-24T23:49:55,16.35,64,of:0000000000000005,4
2026-04-24T23:49:55,16.35,64,of:0000000000000006,6
2026-04-24T23:49:55,16.35,64,of:0000000000000009,4
2026-04-24T23:49:57,18.0,64,of:000000000000000c,4
2026-04-24T23:49:57,18.0,64,of:000000000000000d,7
2026-04-24T23:49:57,18.0,64,of:000000000000000a,4
2026-04-24T23:49:57,18.0,64,of:000000000000000b,7
2026-04-24T23:49:57,18.0,64,of:0000000000000003,6
2026-04-24T23:49:57,18.0,64,of:0000000000000004,4
2026-04-24T23:49:57,18.0,64,of:0000000000000001,4
2026-04-24T23:49:57,18.0,64,of:0000000000000002,5
2026-04-24T23:49:57,18.0,64,of:0000000000000007,5
2026-04-24T23:49:57,18.0,64,of:0000000000000008,4
2026-04-24T23:49:57,18.0,64,of:0000000000000005,4
2026-04-24T23:49:57,18.0,64,of:0000000000000006,6
2026-04-24T23:49:57,18.0,64,of:0000000000000009,4
2026-04-24T23:49:58,19.05,64,of:000000000000000c,4
2026-04-24T23:49:58,19.05,64,of:000000000000000d,7
2026-04-24T23:49:58,19.05,64,of:000000000000000a,4
2026-04-24T23:49:58,19.05,64,of:000000000000000b,7
2026-04-24T23:49:58,19.05,64,of:0000000000000003,6
2026-04-24T23:49:58,19.05,64,of:0000000000000004,4
2026-04-24T23:49:58,19.05,64,of:0000000000000001,4
2026-04-24T23:49:58,19.05,64,of:0000000000000002,5
2026-04-24T23:49:58,19.05,64,of:0000000000000007,5
2026-04-24T23:49:58,19.05,64,of:0000000000000008,4
2026-04-24T23:49:58,19.05,64,of:0000000000000005,4
2026-04-24T23:49:58,19.05,64,of:0000000000000006,6
2026-04-24T23:49:58,19.05,64,of:0000000000000009,4
2026-04-24T23:49:59,20.1,64,of:000000000000000c,4
2026-04-24T23:49:59,20.1,64,of:000000000000000d,7
2026-04-24T23:49:59,20.1,64,of:000000000000000a,4
2026-04-24T23:49:59,20.1,64,of:000000000000000b,7
2026-04-24T23:49:59,20.1,64,of:0000000000000003,6
2026-04-24T23:49:59,20.1,64,of:0000000000000004,4
2026-04-24T23:49:59,20.1,64,of:0000000000000001,4
2026-04-24T23:49:59,20.1,64,of:0000000000000002,5
2026-04-24T23:49:59,20.1,64,of:0000000000000007,5
2026-04-24T23:49:59,20.1,64,of:0000000000000008,4
2026-04-24T23:49:59,20.1,64,of:0000000000000005,4
2026-04-24T23:49:59,20.1,64,of:0000000000000006,6
2026-04-24T23:49:59,20.1,64,of:0000000000000009,4
2026-04-24T23:50:00,21.16,64,of:000000000000000c,4
2026-04-24T23:50:00,21.16,64,of:000000000000000d,7
2026-04-24T23:50:00,21.16,64,of:000000000000000a,4
2026-04-24T23:50:00,21.16,64,of:000000000000000b,7
2026-04-24T23:50:00,21.16,64,of:0000000000000003,6
2026-04-24T23:50:00,21.16,64,of:0000000000000004,4
2026-04-24T23:50:00,21.16,64,of:0000000000000001,4
2026-04-24T23:50:00,21.16,64,of:0000000000000002,5
2026-04-24T23:50:00,21.16,64,of:0000000000000007,5
2026-04-24T23:50:00,21.16,64,of:0000000000000008,4
2026-04-24T23:50:00,21.16,64,of:0000000000000005,4
2026-04-24T23:50:00,21.16,64,of:0000000000000006,6
2026-04-24T23:50:00,21.16,64,of:0000000000000009,4
2026-04-24T23:50:01,22.17,64,of:000000000000000c,4
2026-04-24T23:50:01,22.17,64,of:000000000000000d,7
2026-04-24T23:50:01,22.17,64,of:000000000000000a,4
2026-04-24T23:50:01,22.17,64,of:000000000000000b,7
2026-04-24T23:50:01,22.17,64,of:0000000000000003,6
2026-04-24T23:50:01,22.17,64,of:0000000000000004,4
2026-04-24T23:50:01,22.17,64,of:0000000000000001,4
2026-04-24T23:50:01,22.17,64,of:0000000000000002,5
2026-04-24T23:50:01,22.17,64,of:0000000000000007,5
2026-04-24T23:50:01,22.17,64,of:0000000000000008,4
2026-04-24T23:50:01,22.17,64,of:0000000000000005,4
2026-04-24T23:50:01,22.17,64,of:0000000000000006,6
2026-04-24T23:50:01,22.17,64,of:0000000000000009,4
2026-04-24T23:50:02,23.18,64,of:000000000000000c,4
2026-04-24T23:50:02,23.18,64,of:000000000000000d,7
2026-04-24T23:50:02,23.18,64,of:000000000000000a,4
2026-04-24T23:50:02,23.18,64,of:000000000000000b,7
2026-04-24T23:50:02,23.18,64,of:0000000000000003,6
2026-04-24T23:50:02,23.18,64,of:0000000000000004,4
2026-04-24T23:50:02,23.18,64,of:0000000000000001,4
2026-04-24T23:50:02,23.18,64,of:0000000000000002,5
2026-04-24T23:50:02,23.18,64,of:0000000000000007,5
2026-04-24T23:50:02,23.18,64,of:0000000000000008,4
2026-04-24T23:50:02,23.18,64,of:0000000000000005,4
2026-04-24T23:50:02,23.18,64,of:0000000000000006,6
2026-04-24T23:50:02,23.18,64,of:0000000000000009,4
2026-04-24T23:50:03,24.19,64,of:000000000000000c,4
2026-04-24T23:50:03,24.19,64,of:000000000000000d,7
2026-04-24T23:50:03,24.19,64,of:000000000000000a,4
2026-04-24T23:50:03,24.19,64,of:000000000000000b,7
2026-04-24T23:50:03,24.19,64,of:0000000000000003,6
2026-04-24T23:50:03,24.19,64,of:0000000000000004,4
2026-04-24T23:50:03,24.19,64,of:0000000000000001,4
2026-04-24T23:50:03,24.19,64,of:0000000000000002,5
2026-04-24T23:50:03,24.19,64,of:0000000000000007,5
2026-04-24T23:50:03,24.19,64,of:0000000000000008,4
2026-04-24T23:50:03,24.19,64,of:0000000000000005,4
2026-04-24T23:50:03,24.19,64,of:0000000000000006,6
2026-04-24T23:50:03,24.19,64,of:0000000000000009,4
2026-04-24T23:50:04,25.2,64,of:000000000000000c,4
2026-04-24T23:50:04,25.2,64,of:000000000000000d,7
2026-04-24T23:50:04,25.2,64,of:000000000000000a,4
2026-04-24T23:50:04,25.2,64,of:000000000000000b,7
2026-04-24T23:50:04,25.2,64,of:0000000000000003,6
2026-04-24T23:50:04,25.2,64,of:0000000000000004,4
2026-04-24T23:50:04,25.2,64,of:0000000000000001,4
2026-04-24T23:50:04,25.2,64,of:0000000000000002,5
2026-04-24T23:50:04,25.2,64,of:0000000000000007,5
2026-04-24T23:50:04,25.2,64,of:0000000000000008,4
2026-04-24T23:50:04,25.2,64,of:0000000000000005,4
2026-04-24T23:50:04,25.2,64,of:0000000000000006,6
2026-04-24T23:50:04,25.2,64,of:0000000000000009,4
2026-04-24T23:50:06,27.0,64,of:000000000000000c,4
2026-04-24T23:50:06,27.0,64,of:000000000000000d,7
2026-04-24T23:50:06,27.0,64,of:000000000000000a,4
2026-04-24T23:50:06,27.0,64,of:000000000000000b,7
2026-04-24T23:50:06,27.0,64,of:0000000000000003,6
2026-04-24T23:50:06,27.0,64,of:0000000000000004,4
2026-04-24T23:50:06,27.0,64,of:0000000000000001,4
2026-04-24T23:50:06,27.0,64,of:0000000000000002,5
2026-04-24T23:50:06,27.0,64,of:0000000000000007,5
2026-04-24T23:50:06,27.0,64,of:0000000000000008,4
2026-04-24T23:50:06,27.0,64,of:0000000000000005,4
2026-04-24T23:50:06,27.0,64,of:0000000000000006,6
2026-04-24T23:50:06,27.0,64,of:0000000000000009,4
2026-04-24T23:50:08,28.99,64,of:000000000000000c,4
2026-04-24T23:50:08,28.99,64,of:000000000000000d,7
2026-04-24T23:50:08,28.99,64,of:000000000000000a,4
2026-04-24T23:50:08,28.99,64,of:000000000000000b,7
2026-04-24T23:50:08,28.99,64,of:0000000000000003,6
2026-04-24T23:50:08,28.99,64,of:0000000000000004,4
2026-04-24T23:50:08,28.99,64,of:0000000000000001,4
2026-04-24T23:50:08,28.99,64,of:0000000000000002,5
2026-04-24T23:50:08,28.99,64,of:0000000000000007,5
2026-04-24T23:50:08,28.99,64,of:0000000000000008,4
2026-04-24T23:50:08,28.99,64,of:0000000000000005,4
2026-04-24T23:50:08,28.99,64,of:0000000000000006,6
2026-04-24T23:50:08,28.99,64,of:0000000000000009,4
2026-04-24T23:50:09,30.15,64,of:000000000000000c,4
2026-04-24T23:50:09,30.15,64,of:000000000000000d,7
2026-04-24T23:50:09,30.15,64,of:000000000000000a,4
2026-04-24T23:50:09,30.15,64,of:000000000000000b,7
2026-04-24T23:50:09,30.15,64,of:0000000000000003,6
2026-04-24T23:50:09,30.15,64,of:0000000000000004,4
2026-04-24T23:50:09,30.15,64,of:0000000000000001,4
2026-04-24T23:50:09,30.15,64,of:0000000000000002,5
2026-04-24T23:50:09,30.15,64,of:0000000000000007,5
2026-04-24T23:50:09,30.15,64,of:0000000000000008,4
2026-04-24T23:50:09,30.15,64,of:0000000000000005,4
2026-04-24T23:50:09,30.15,64,of:0000000000000006,6
2026-04-24T23:50:09,30.15,64,of:0000000000000009,4
2026-04-24T23:50:11,31.77,64,of:000000000000000c,4
2026-04-24T23:50:11,31.77,64,of:000000000000000d,7
2026-04-24T23:50:11,31.77,64,of:000000000000000a,4
2026-04-24T23:50:11,31.77,64,of:000000000000000b,7
2026-04-24T23:50:11,31.77,64,of:0000000000000003,6
2026-04-24T23:50:11,31.77,64,of:0000000000000004,4
2026-04-24T23:50:11,31.77,64,of:0000000000000001,4
2026-04-24T23:50:11,31.77,64,of:0000000000000002,5
2026-04-24T23:50:11,31.77,64,of:0000000000000007,5
2026-04-24T23:50:11,31.77,64,of:0000000000000008,4
2026-04-24T23:50:11,31.77,64,of:0000000000000005,4
2026-04-24T23:50:11,31.77,64,of:0000000000000006,6
2026-04-24T23:50:11,31.77,64,of:0000000000000009,4
2026-04-24T23:50:12,33.0,64,of:000000000000000c,4
2026-04-24T23:50:12,33.0,64,of:000000000000000d,7
2026-04-24T23:50:12,33.0,64,of:000000000000000a,4
2026-04-24T23:50:12,33.0,64,of:000000000000000b,7
2026-04-24T23:50:12,33.0,64,of:0000000000000003,6
2026-04-24T23:50:12,33.0,64,of:0000000000000004,4
2026-04-24T23:50:12,33.0,64,of:0000000000000001,4
2026-04-24T23:50:12,33.0,64,of:0000000000000002,5
2026-04-24T23:50:12,33.0,64,of:0000000000000007,5
2026-04-24T23:50:12,33.0,64,of:0000000000000008,4
2026-04-24T23:50:12,33.0,64,of:0000000000000005,4
2026-04-24T23:50:12,33.0,64,of:0000000000000006,6
2026-04-24T23:50:12,33.0,64,of:0000000000000009,4
2026-04-24T23:50:14,34.99,64,of:000000000000000c,4
2026-04-24T23:50:14,34.99,64,of:000000000000000d,7
2026-04-24T23:50:14,34.99,64,of:000000000000000a,4
2026-04-24T23:50:14,34.99,64,of:000000000000000b,7
2026-04-24T23:50:14,34.99,64,of:0000000000000003,6
2026-04-24T23:50:14,34.99,64,of:0000000000000004,4
2026-04-24T23:50:14,34.99,64,of:0000000000000001,4
2026-04-24T23:50:14,34.99,64,of:0000000000000002,5
2026-04-24T23:50:14,34.99,64,of:0000000000000007,5
2026-04-24T23:50:14,34.99,64,of:0000000000000008,4
2026-04-24T23:50:14,34.99,64,of:0000000000000005,4
2026-04-24T23:50:14,34.99,64,of:0000000000000006,6
2026-04-24T23:50:14,34.99,64,of:0000000000000009,4
2026-04-24T23:50:15,36.13,64,of:000000000000000c,4
2026-04-24T23:50:15,36.13,64,of:000000000000000d,7
2026-04-24T23:50:15,36.13,64,of:000000000000000a,4
2026-04-24T23:50:15,36.13,64,of:000000000000000b,7
2026-04-24T23:50:15,36.13,64,of:0000000000000003,6
2026-04-24T23:50:15,36.13,64,of:0000000000000004,4
2026-04-24T23:50:15,36.13,64,of:0000000000000001,4
2026-04-24T23:50:15,36.13,64,of:0000000000000002,5
2026-04-24T23:50:15,36.13,64,of:0000000000000007,5
2026-04-24T23:50:15,36.13,64,of:0000000000000008,4
2026-04-24T23:50:15,36.13,64,of:0000000000000005,4
2026-04-24T23:50:15,36.13,64,of:0000000000000006,6
2026-04-24T23:50:15,36.13,64,of:0000000000000009,4
2026-04-24T23:50:16,37.14,64,of:000000000000000c,4
2026-04-24T23:50:16,37.14,64,of:000000000000000d,7
2026-04-24T23:50:16,37.14,64,of:000000000000000a,4
2026-04-24T23:50:16,37.14,64,of:000000000000000b,7
2026-04-24T23:50:16,37.14,64,of:0000000000000003,6
2026-04-24T23:50:16,37.14,64,of:0000000000000004,4
2026-04-24T23:50:16,37.14,64,of:0000000000000001,4
2026-04-24T23:50:16,37.14,64,of:0000000000000002,5
2026-04-24T23:50:16,37.14,64,of:0000000000000007,5
2026-04-24T23:50:16,37.14,64,of:0000000000000008,4
2026-04-24T23:50:16,37.14,64,of:0000000000000005,4
2026-04-24T23:50:16,37.14,64,of:0000000000000006,6
2026-04-24T23:50:16,37.14,64,of:0000000000000009,4
2026-04-24T23:50:17,38.15,64,of:000000000000000c,4
2026-04-24T23:50:17,38.15,64,of:000000000000000d,7
2026-04-24T23:50:17,38.15,64,of:000000000000000a,4
2026-04-24T23:50:17,38.15,64,of:000000000000000b,7
2026-04-24T23:50:17,38.15,64,of:0000000000000003,6
2026-04-24T23:50:17,38.15,64,of:0000000000000004,4
2026-04-24T23:50:17,38.15,64,of:0000000000000001,4
2026-04-24T23:50:17,38.15,64,of:0000000000000002,5
2026-04-24T23:50:17,38.15,64,of:0000000000000007,5
2026-04-24T23:50:17,38.15,64,of:0000000000000008,4
2026-04-24T23:50:17,38.15,64,of:0000000000000005,4
2026-04-24T23:50:17,38.15,64,of:0000000000000006,6
2026-04-24T23:50:17,38.15,64,of:0000000000000009,4
2026-04-24T23:50:18,39.16,64,of:000000000000000c,4
2026-04-24T23:50:18,39.16,64,of:000000000000000d,7
2026-04-24T23:50:18,39.16,64,of:000000000000000a,4
2026-04-24T23:50:18,39.16,64,of:000000000000000b,7
2026-04-24T23:50:18,39.16,64,of:0000000000000003,6
2026-04-24T23:50:18,39.16,64,of:0000000000000004,4
2026-04-24T23:50:18,39.16,64,of:0000000000000001,4
2026-04-24T23:50:18,39.16,64,of:0000000000000002,5
2026-04-24T23:50:18,39.16,64,of:0000000000000007,5
2026-04-24T23:50:18,39.16,64,of:0000000000000008,4
2026-04-24T23:50:18,39.16,64,of:0000000000000005,4
2026-04-24T23:50:18,39.16,64,of:0000000000000006,6
2026-04-24T23:50:18,39.16,64,of:0000000000000009,4
2026-04-24T23:50:19,40.17,64,of:000000000000000c,4
2026-04-24T23:50:19,40.17,64,of:000000000000000d,7
2026-04-24T23:50:19,40.17,64,of:000000000000000a,4
2026-04-24T23:50:19,40.17,64,of:000000000000000b,7
2026-04-24T23:50:19,40.17,64,of:0000000000000003,6
2026-04-24T23:50:19,40.17,64,of:0000000000000004,4
2026-04-24T23:50:19,40.17,64,of:0000000000000001,4
2026-04-24T23:50:19,40.17,64,of:0000000000000002,5
2026-04-24T23:50:19,40.17,64,of:0000000000000007,5
2026-04-24T23:50:19,40.17,64,of:0000000000000008,4
2026-04-24T23:50:19,40.17,64,of:0000000000000005,4
2026-04-24T23:50:19,40.17,64,of:0000000000000006,6
2026-04-24T23:50:19,40.17,64,of:0000000000000009,4
2026-04-24T23:50:20,41.18,64,of:000000000000000c,4
2026-04-24T23:50:20,41.18,64,of:000000000000000d,7
2026-04-24T23:50:20,41.18,64,of:000000000000000a,4
2026-04-24T23:50:20,41.18,64,of:000000000000000b,7
2026-04-24T23:50:20,41.18,64,of:0000000000000003,6
2026-04-24T23:50:20,41.18,64,of:0000000000000004,4
2026-04-24T23:50:20,41.18,64,of:0000000000000001,4
2026-04-24T23:50:20,41.18,64,of:0000000000000002,5
2026-04-24T23:50:20,41.18,64,of:0000000000000007,5
2026-04-24T23:50:20,41.18,64,of:0000000000000008,4
2026-04-24T23:50:20,41.18,64,of:0000000000000005,4
2026-04-24T23:50:20,41.18,64,of:0000000000000006,6
2026-04-24T23:50:20,41.18,64,of:0000000000000009,4
2026-04-24T23:50:21,42.19,64,of:000000000000000c,4
2026-04-24T23:50:21,42.19,64,of:000000000000000d,7
2026-04-24T23:50:21,42.19,64,of:000000000000000a,4
2026-04-24T23:50:21,42.19,64,of:000000000000000b,7
2026-04-24T23:50:21,42.19,64,of:0000000000000003,6
2026-04-24T23:50:21,42.19,64,of:0000000000000004,4
2026-04-24T23:50:21,42.19,64,of:0000000000000001,4
2026-04-24T23:50:21,42.19,64,of:0000000000000002,5
2026-04-24T23:50:21,42.19,64,of:0000000000000007,5
2026-04-24T23:50:21,42.19,64,of:0000000000000008,4
2026-04-24T23:50:21,42.19,64,of:0000000000000005,4
2026-04-24T23:50:21,42.19,64,of:0000000000000006,6
2026-04-24T23:50:21,42.19,64,of:0000000000000009,4
2026-04-24T23:50:22,43.2,64,of:000000000000000c,4
2026-04-24T23:50:22,43.2,64,of:000000000000000d,7
2026-04-24T23:50:22,43.2,64,of:000000000000000a,4
2026-04-24T23:50:22,43.2,64,of:000000000000000b,7
2026-04-24T23:50:22,43.2,64,of:0000000000000003,6
2026-04-24T23:50:22,43.2,64,of:0000000000000004,4
2026-04-24T23:50:22,43.2,64,of:0000000000000001,4
2026-04-24T23:50:22,43.2,64,of:0000000000000002,5
2026-04-24T23:50:22,43.2,64,of:0000000000000007,5
2026-04-24T23:50:22,43.2,64,of:0000000000000008,4
2026-04-24T23:50:22,43.2,64,of:0000000000000005,4
2026-04-24T23:50:22,43.2,64,of:0000000000000006,6
2026-04-24T23:50:22,43.2,64,of:0000000000000009,4
2026-04-24T23:50:23,44.21,64,of:000000000000000c,4
2026-04-24T23:50:23,44.21,64,of:000000000000000d,7
2026-04-24T23:50:23,44.21,64,of:000000000000000a,4
2026-04-24T23:50:23,44.21,64,of:000000000000000b,7
2026-04-24T23:50:23,44.21,64,of:0000000000000003,6
2026-04-24T23:50:23,44.21,64,of:0000000000000004,4
2026-04-24T23:50:23,44.21,64,of:0000000000000001,4
2026-04-24T23:50:23,44.21,64,of:0000000000000002,5
2026-04-24T23:50:23,44.21,64,of:0000000000000007,5
2026-04-24T23:50:23,44.21,64,of:0000000000000008,4
2026-04-24T23:50:23,44.21,64,of:0000000000000005,4
2026-04-24T23:50:23,44.21,64,of:0000000000000006,6
2026-04-24T23:50:23,44.21,64,of:0000000000000009,4
2026-04-24T23:50:24,45.22,64,of:000000000000000c,4
2026-04-24T23:50:24,45.22,64,of:000000000000000d,7
2026-04-24T23:50:24,45.22,64,of:000000000000000a,4
2026-04-24T23:50:24,45.22,64,of:000000000000000b,7
2026-04-24T23:50:24,45.22,64,of:0000000000000003,6
2026-04-24T23:50:24,45.22,64,of:0000000000000004,4
2026-04-24T23:50:24,45.22,64,of:0000000000000001,4
2026-04-24T23:50:24,45.22,64,of:0000000000000002,5
2026-04-24T23:50:24,45.22,64,of:0000000000000007,5
2026-04-24T23:50:24,45.22,64,of:0000000000000008,4
2026-04-24T23:50:24,45.22,64,of:0000000000000005,4
2026-04-24T23:50:24,45.22,64,of:0000000000000006,6
2026-04-24T23:50:24,45.22,64,of:0000000000000009,4
2026-04-24T23:50:25,46.23,64,of:000000000000000c,4
2026-04-24T23:50:25,46.23,64,of:000000000000000d,7
2026-04-24T23:50:25,46.23,64,of:000000000000000a,4
2026-04-24T23:50:25,46.23,64,of:000000000000000b,7
2026-04-24T23:50:25,46.23,64,of:0000000000000003,6
2026-04-24T23:50:25,46.23,64,of:0000000000000004,4
2026-04-24T23:50:25,46.23,64,of:0000000000000001,4
2026-04-24T23:50:25,46.23,64,of:0000000000000002,5
2026-04-24T23:50:25,46.23,64,of:0000000000000007,5
2026-04-24T23:50:25,46.23,64,of:0000000000000008,4
2026-04-24T23:50:25,46.23,64,of:0000000000000005,4
2026-04-24T23:50:25,46.23,64,of:0000000000000006,6
2026-04-24T23:50:25,46.23,64,of:0000000000000009,4
2026-04-24T23:50:26,47.24,64,of:000000000000000c,4
2026-04-24T23:50:26,47.24,64,of:000000000000000d,7
2026-04-24T23:50:26,47.24,64,of:000000000000000a,4
2026-04-24T23:50:26,47.24,64,of:000000000000000b,7
2026-04-24T23:50:26,47.24,64,of:0000000000000003,6
2026-04-24T23:50:26,47.24,64,of:0000000000000004,4
2026-04-24T23:50:26,47.24,64,of:0000000000000001,4
2026-04-24T23:50:26,47.24,64,of:0000000000000002,5
2026-04-24T23:50:26,47.24,64,of:0000000000000007,5
2026-04-24T23:50:26,47.24,64,of:0000000000000008,4
2026-04-24T23:50:26,47.24,64,of:0000000000000005,4
2026-04-24T23:50:26,47.24,64,of:0000000000000006,6
2026-04-24T23:50:26,47.24,64,of:0000000000000009,4
2026-04-24T23:50:27,48.26,64,of:000000000000000c,4
2026-04-24T23:50:27,48.26,64,of:000000000000000d,7
2026-04-24T23:50:27,48.26,64,of:000000000000000a,4
2026-04-24T23:50:27,48.26,64,of:000000000000000b,7
2026-04-24T23:50:27,48.26,64,of:0000000000000003,6
2026-04-24T23:50:27,48.26,64,of:0000000000000004,4
2026-04-24T23:50:27,48.26,64,of:0000000000000001,4
2026-04-24T23:50:27,48.26,64,of:0000000000000002,5
2026-04-24T23:50:27,48.26,64,of:0000000000000007,5
2026-04-24T23:50:27,48.26,64,of:0000000000000008,4
2026-04-24T23:50:27,48.26,64,of:0000000000000005,4
2026-04-24T23:50:27,48.26,64,of:0000000000000006,6
2026-04-24T23:50:27,48.26,64,of:0000000000000009,4
2026-04-24T23:50:28,49.26,64,of:000000000000000c,4
2026-04-24T23:50:28,49.26,64,of:000000000000000d,7
2026-04-24T23:50:28,49.26,64,of:000000000000000a,4
2026-04-24T23:50:28,49.26,64,of:000000000000000b,7
2026-04-24T23:50:28,49.26,64,of:0000000000000003,6
2026-04-24T23:50:28,49.26,64,of:0000000000000004,4
2026-04-24T23:50:28,49.26,64,of:0000000000000001,4
2026-04-24T23:50:28,49.26,64,of:0000000000000002,5
2026-04-24T23:50:28,49.26,64,of:0000000000000007,5
2026-04-24T23:50:28,49.26,64,of:0000000000000008,4
2026-04-24T23:50:28,49.26,64,of:0000000000000005,4
2026-04-24T23:50:28,49.26,64,of:0000000000000006,6
2026-04-24T23:50:28,49.26,64,of:0000000000000009,4
2026-04-24T23:50:29,50.27,64,of:000000000000000c,4
2026-04-24T23:50:29,50.27,64,of:000000000000000d,7
2026-04-24T23:50:29,50.27,64,of:000000000000000a,4
2026-04-24T23:50:29,50.27,64,of:000000000000000b,7
2026-04-24T23:50:29,50.27,64,of:0000000000000003,6
2026-04-24T23:50:29,50.27,64,of:0000000000000004,4
2026-04-24T23:50:29,50.27,64,of:0000000000000001,4
2026-04-24T23:50:29,50.27,64,of:0000000000000002,5
2026-04-24T23:50:29,50.27,64,of:0000000000000007,5
2026-04-24T23:50:29,50.27,64,of:0000000000000008,4
2026-04-24T23:50:29,50.27,64,of:0000000000000005,4
2026-04-24T23:50:29,50.27,64,of:0000000000000006,6
2026-04-24T23:50:29,50.27,64,of:0000000000000009,4
2026-04-24T23:50:31,51.99,64,of:000000000000000c,4
2026-04-24T23:50:31,51.99,64,of:000000000000000d,7
2026-04-24T23:50:31,51.99,64,of:000000000000000a,4
2026-04-24T23:50:31,51.99,64,of:000000000000000b,7
2026-04-24T23:50:31,51.99,64,of:0000000000000003,6
2026-04-24T23:50:31,51.99,64,of:0000000000000004,4
2026-04-24T23:50:31,51.99,64,of:0000000000000001,4
2026-04-24T23:50:31,51.99,64,of:0000000000000002,5
2026-04-24T23:50:31,51.99,64,of:0000000000000007,5
2026-04-24T23:50:31,51.99,64,of:0000000000000008,4
2026-04-24T23:50:31,51.99,64,of:0000000000000005,4
2026-04-24T23:50:31,51.99,64,of:0000000000000006,6
2026-04-24T23:50:31,51.99,64,of:0000000000000009,4
2026-04-24T23:50:32,53.17,64,of:000000000000000c,4
2026-04-24T23:50:32,53.17,64,of:000000000000000d,7
2026-04-24T23:50:32,53.17,64,of:000000000000000a,4
2026-04-24T23:50:32,53.17,64,of:000000000000000b,7
2026-04-24T23:50:32,53.17,64,of:0000000000000003,6
2026-04-24T23:50:32,53.17,64,of:0000000000000004,4
2026-04-24T23:50:32,53.17,64,of:0000000000000001,4
2026-04-24T23:50:32,53.17,64,of:0000000000000002,5
2026-04-24T23:50:32,53.17,64,of:0000000000000007,5
2026-04-24T23:50:32,53.17,64,of:0000000000000008,4
2026-04-24T23:50:32,53.17,64,of:0000000000000005,4
2026-04-24T23:50:32,53.17,64,of:0000000000000006,6
2026-04-24T23:50:32,53.17,64,of:0000000000000009,4
2026-04-24T23:50:33,54.18,64,of:000000000000000c,4
2026-04-24T23:50:33,54.18,64,of:000000000000000d,7
2026-04-24T23:50:33,54.18,64,of:000000000000000a,4
2026-04-24T23:50:33,54.18,64,of:000000000000000b,7
2026-04-24T23:50:33,54.18,64,of:0000000000000003,6
2026-04-24T23:50:33,54.18,64,of:0000000000000004,4
2026-04-24T23:50:33,54.18,64,of:0000000000000001,4
2026-04-24T23:50:33,54.18,64,of:0000000000000002,5
2026-04-24T23:50:33,54.18,64,of:0000000000000007,5
2026-04-24T23:50:33,54.18,64,of:0000000000000008,4
2026-04-24T23:50:33,54.18,64,of:0000000000000005,4
2026-04-24T23:50:33,54.18,64,of:0000000000000006,6
2026-04-24T23:50:33,54.18,64,of:0000000000000009,4
2026-04-24T23:50:34,55.2,64,of:000000000000000c,4
2026-04-24T23:50:34,55.2,64,of:000000000000000d,7
2026-04-24T23:50:34,55.2,64,of:000000000000000a,4
2026-04-24T23:50:34,55.2,64,of:000000000000000b,7
2026-04-24T23:50:34,55.2,64,of:0000000000000003,6
2026-04-24T23:50:34,55.2,64,of:0000000000000004,4
2026-04-24T23:50:34,55.2,64,of:0000000000000001,4
2026-04-24T23:50:34,55.2,64,of:0000000000000002,5
2026-04-24T23:50:34,55.2,64,of:0000000000000007,5
2026-04-24T23:50:34,55.2,64,of:0000000000000008,4
2026-04-24T23:50:34,55.2,64,of:0000000000000005,4
2026-04-24T23:50:34,55.2,64,of:0000000000000006,6
2026-04-24T23:50:34,55.2,64,of:0000000000000009,4
2026-04-24T23:50:35,56.22,64,of:000000000000000c,4
2026-04-24T23:50:35,56.22,64,of:000000000000000d,7
2026-04-24T23:50:35,56.22,64,of:000000000000000a,4
2026-04-24T23:50:35,56.22,64,of:000000000000000b,7
2026-04-24T23:50:35,56.22,64,of:0000000000000003,6
2026-04-24T23:50:35,56.22,64,of:0000000000000004,4
2026-04-24T23:50:35,56.22,64,of:0000000000000001,4
2026-04-24T23:50:35,56.22,64,of:0000000000000002,5
2026-04-24T23:50:35,56.22,64,of:0000000000000007,5
2026-04-24T23:50:35,56.22,64,of:0000000000000008,4
2026-04-24T23:50:35,56.22,64,of:0000000000000005,4
2026-04-24T23:50:35,56.22,64,of:0000000000000006,6
2026-04-24T23:50:35,56.22,64,of:0000000000000009,4
2026-04-24T23:50:36,57.23,64,of:000000000000000c,4
2026-04-24T23:50:36,57.23,64,of:000000000000000d,7
2026-04-24T23:50:36,57.23,64,of:000000000000000a,4
2026-04-24T23:50:36,57.23,64,of:000000000000000b,7
2026-04-24T23:50:36,57.23,64,of:0000000000000003,6
2026-04-24T23:50:36,57.23,64,of:0000000000000004,4
2026-04-24T23:50:36,57.23,64,of:0000000000000001,4
2026-04-24T23:50:36,57.23,64,of:0000000000000002,5
2026-04-24T23:50:36,57.23,64,of:0000000000000007,5
2026-04-24T23:50:36,57.23,64,of:0000000000000008,4
2026-04-24T23:50:36,57.23,64,of:0000000000000005,4
2026-04-24T23:50:36,57.23,64,of:0000000000000006,6
2026-04-24T23:50:36,57.23,64,of:0000000000000009,4
2026-04-24T23:50:37,58.24,64,of:000000000000000c,4
2026-04-24T23:50:37,58.24,64,of:000000000000000d,7
2026-04-24T23:50:37,58.24,64,of:000000000000000a,4
2026-04-24T23:50:37,58.24,64,of:000000000000000b,7
2026-04-24T23:50:37,58.24,64,of:0000000000000003,6
2026-04-24T23:50:37,58.24,64,of:0000000000000004,4
2026-04-24T23:50:37,58.24,64,of:0000000000000001,4
2026-04-24T23:50:37,58.24,64,of:0000000000000002,5
2026-04-24T23:50:37,58.24,64,of:0000000000000007,5
2026-04-24T23:50:37,58.24,64,of:0000000000000008,4
2026-04-24T23:50:37,58.24,64,of:0000000000000005,4
2026-04-24T23:50:37,58.24,64,of:0000000000000006,6
2026-04-24T23:50:37,58.24,64,of:0000000000000009,4
2026-04-24T23:50:38,59.31,64,of:000000000000000c,4
2026-04-24T23:50:38,59.31,64,of:000000000000000d,7
2026-04-24T23:50:38,59.31,64,of:000000000000000a,4
2026-04-24T23:50:38,59.31,64,of:000000000000000b,7
2026-04-24T23:50:38,59.31,64,of:0000000000000003,6
2026-04-24T23:50:38,59.31,64,of:0000000000000004,4
2026-04-24T23:50:38,59.31,64,of:0000000000000001,4
2026-04-24T23:50:38,59.31,64,of:0000000000000002,5
2026-04-24T23:50:38,59.31,64,of:0000000000000007,5
2026-04-24T23:50:38,59.31,64,of:0000000000000008,4
2026-04-24T23:50:38,59.31,64,of:0000000000000005,4
2026-04-24T23:50:38,59.31,64,of:0000000000000006,6
2026-04-24T23:50:38,59.31,64,of:0000000000000009,4
2026-04-24T23:50:39,60.35,64,of:000000000000000c,4
2026-04-24T23:50:39,60.35,64,of:000000000000000d,7
2026-04-24T23:50:39,60.35,64,of:000000000000000a,4
2026-04-24T23:50:39,60.35,64,of:000000000000000b,7
2026-04-24T23:50:39,60.35,64,of:0000000000000003,6
2026-04-24T23:50:39,60.35,64,of:0000000000000004,4
2026-04-24T23:50:39,60.35,64,of:0000000000000001,4
2026-04-24T23:50:39,60.35,64,of:0000000000000002,5
2026-04-24T23:50:39,60.35,64,of:0000000000000007,5
2026-04-24T23:50:39,60.35,64,of:0000000000000008,4
2026-04-24T23:50:39,60.35,64,of:0000000000000005,4
2026-04-24T23:50:39,60.35,64,of:0000000000000006,6
2026-04-24T23:50:39,60.35,64,of:0000000000000009,4
2026-04-24T23:50:40,61.36,64,of:000000000000000c,4
2026-04-24T23:50:40,61.36,64,of:000000000000000d,7
2026-04-24T23:50:40,61.36,64,of:000000000000000a,4
2026-04-24T23:50:40,61.36,64,of:000000000000000b,7
2026-04-24T23:50:40,61.36,64,of:0000000000000003,6
2026-04-24T23:50:40,61.36,64,of:0000000000000004,4
2026-04-24T23:50:40,61.36,64,of:0000000000000001,4
2026-04-24T23:50:40,61.36,64,of:0000000000000002,5
2026-04-24T23:50:40,61.36,64,of:0000000000000007,5
2026-04-24T23:50:40,61.36,64,of:0000000000000008,4
2026-04-24T23:50:40,61.36,64,of:0000000000000005,4
2026-04-24T23:50:40,61.36,64,of:0000000000000006,6
2026-04-24T23:50:40,61.36,64,of:0000000000000009,4
2026-04-24T23:50:42,62.98,64,of:000000000000000c,4
2026-04-24T23:50:42,62.98,64,of:000000000000000d,7
2026-04-24T23:50:42,62.98,64,of:000000000000000a,4
2026-04-24T23:50:42,62.98,64,of:000000000000000b,7
2026-04-24T23:50:42,62.98,64,of:0000000000000003,6
2026-04-24T23:50:42,62.98,64,of:0000000000000004,4
2026-04-24T23:50:42,62.98,64,of:0000000000000001,4
2026-04-24T23:50:42,62.98,64,of:0000000000000002,5
2026-04-24T23:50:42,62.98,64,of:0000000000000007,5
2026-04-24T23:50:42,62.98,64,of:0000000000000008,4
2026-04-24T23:50:42,62.98,64,of:0000000000000005,4
2026-04-24T23:50:42,62.98,64,of:0000000000000006,6
2026-04-24T23:50:42,62.98,64,of:0000000000000009,4
2026-04-24T23:50:43,64.08,64,of:000000000000000c,4
2026-04-24T23:50:43,64.08,64,of:000000000000000d,7
2026-04-24T23:50:43,64.08,64,of:000000000000000a,4
2026-04-24T23:50:43,64.08,64,of:000000000000000b,7
2026-04-24T23:50:43,64.08,64,of:0000000000000003,6
2026-04-24T23:50:43,64.08,64,of:0000000000000004,4
2026-04-24T23:50:43,64.08,64,of:0000000000000001,4
2026-04-24T23:50:43,64.08,64,of:0000000000000002,5
2026-04-24T23:50:43,64.08,64,of:0000000000000007,5
2026-04-24T23:50:43,64.08,64,of:0000000000000008,4
2026-04-24T23:50:43,64.08,64,of:0000000000000005,4
2026-04-24T23:50:43,64.08,64,of:0000000000000006,6
2026-04-24T23:50:43,64.08,64,of:0000000000000009,4
2026-04-24T23:50:44,65.12,64,of:000000000000000c,4
2026-04-24T23:50:44,65.12,64,of:000000000000000d,7
2026-04-24T23:50:44,65.12,64,of:000000000000000a,4
2026-04-24T23:50:44,65.12,64,of:000000000000000b,7
2026-04-24T23:50:44,65.12,64,of:0000000000000003,6
2026-04-24T23:50:44,65.12,64,of:0000000000000004,4
2026-04-24T23:50:44,65.12,64,of:0000000000000001,4
2026-04-24T23:50:44,65.12,64,of:0000000000000002,5
2026-04-24T23:50:44,65.12,64,of:0000000000000007,5
2026-04-24T23:50:44,65.12,64,of:0000000000000008,4
2026-04-24T23:50:44,65.12,64,of:0000000000000005,4
2026-04-24T23:50:44,65.12,64,of:0000000000000006,6
2026-04-24T23:50:44,65.12,64,of:0000000000000009,4
2026-04-24T23:50:45,66.14,64,of:000000000000000c,4
2026-04-24T23:50:45,66.14,64,of:000000000000000d,7
2026-04-24T23:50:45,66.14,64,of:000000000000000a,4
2026-04-24T23:50:45,66.14,64,of:000000000000000b,7
2026-04-24T23:50:45,66.14,64,of:0000000000000003,6
2026-04-24T23:50:45,66.14,64,of:0000000000000004,4
2026-04-24T23:50:45,66.14,64,of:0000000000000001,4
2026-04-24T23:50:45,66.14,64,of:0000000000000002,5
2026-04-24T23:50:45,66.14,64,of:0000000000000007,5
2026-04-24T23:50:45,66.14,64,of:0000000000000008,4
2026-04-24T23:50:45,66.14,64,of:0000000000000005,4
2026-04-24T23:50:45,66.14,64,of:0000000000000006,6
2026-04-24T23:50:45,66.14,64,of:0000000000000009,4
2026-04-24T23:50:46,67.15,64,of:000000000000000c,4
2026-04-24T23:50:46,67.15,64,of:000000000000000d,7
2026-04-24T23:50:46,67.15,64,of:000000000000000a,4
2026-04-24T23:50:46,67.15,64,of:000000000000000b,7
2026-04-24T23:50:46,67.15,64,of:0000000000000003,6
2026-04-24T23:50:46,67.15,64,of:0000000000000004,4
2026-04-24T23:50:46,67.15,64,of:0000000000000001,4
2026-04-24T23:50:46,67.15,64,of:0000000000000002,5
2026-04-24T23:50:46,67.15,64,of:0000000000000007,5
2026-04-24T23:50:46,67.15,64,of:0000000000000008,4
2026-04-24T23:50:46,67.15,64,of:0000000000000005,4
2026-04-24T23:50:46,67.15,64,of:0000000000000006,6
2026-04-24T23:50:46,67.15,64,of:0000000000000009,4
2026-04-24T23:50:47,68.16,64,of:000000000000000c,4
2026-04-24T23:50:47,68.16,64,of:000000000000000d,7
2026-04-24T23:50:47,68.16,64,of:000000000000000a,4
2026-04-24T23:50:47,68.16,64,of:000000000000000b,7
2026-04-24T23:50:47,68.16,64,of:0000000000000003,6
2026-04-24T23:50:47,68.16,64,of:0000000000000004,4
2026-04-24T23:50:47,68.16,64,of:0000000000000001,4
2026-04-24T23:50:47,68.16,64,of:0000000000000002,5
2026-04-24T23:50:47,68.16,64,of:0000000000000007,5
2026-04-24T23:50:47,68.16,64,of:0000000000000008,4
2026-04-24T23:50:47,68.16,64,of:0000000000000005,4
2026-04-24T23:50:47,68.16,64,of:0000000000000006,6
2026-04-24T23:50:47,68.16,64,of:0000000000000009,4
2026-04-24T23:50:49,69.96,64,of:000000000000000c,4
2026-04-24T23:50:49,69.96,64,of:000000000000000d,7
2026-04-24T23:50:49,69.96,64,of:000000000000000a,4
2026-04-24T23:50:49,69.96,64,of:000000000000000b,7
2026-04-24T23:50:49,69.96,64,of:0000000000000003,6
2026-04-24T23:50:49,69.96,64,of:0000000000000004,4
2026-04-24T23:50:49,69.96,64,of:0000000000000001,4
2026-04-24T23:50:49,69.96,64,of:0000000000000002,5
2026-04-24T23:50:49,69.96,64,of:0000000000000007,5
2026-04-24T23:50:49,69.96,64,of:0000000000000008,4
2026-04-24T23:50:49,69.96,64,of:0000000000000005,4
2026-04-24T23:50:49,69.96,64,of:0000000000000006,6
2026-04-24T23:50:49,69.96,64,of:0000000000000009,4
2026-04-24T23:50:50,71.14,64,of:000000000000000c,4
2026-04-24T23:50:50,71.14,64,of:000000000000000d,7
2026-04-24T23:50:50,71.14,64,of:000000000000000a,4
2026-04-24T23:50:50,71.14,64,of:000000000000000b,7
2026-04-24T23:50:50,71.14,64,of:0000000000000003,6
2026-04-24T23:50:50,71.14,64,of:0000000000000004,4
2026-04-24T23:50:50,71.14,64,of:0000000000000001,4
2026-04-24T23:50:50,71.14,64,of:0000000000000002,5
2026-04-24T23:50:50,71.14,64,of:0000000000000007,5
2026-04-24T23:50:50,71.14,64,of:0000000000000008,4
2026-04-24T23:50:50,71.14,64,of:0000000000000005,4
2026-04-24T23:50:50,71.14,64,of:0000000000000006,6
2026-04-24T23:50:50,71.14,64,of:0000000000000009,4
2026-04-24T23:50:52,72.98,64,of:000000000000000c,4
2026-04-24T23:50:52,72.98,64,of:000000000000000d,7
2026-04-24T23:50:52,72.98,64,of:000000000000000a,4
2026-04-24T23:50:52,72.98,64,of:000000000000000b,7
2026-04-24T23:50:52,72.98,64,of:0000000000000003,6
2026-04-24T23:50:52,72.98,64,of:0000000000000004,4
2026-04-24T23:50:52,72.98,64,of:0000000000000001,4
2026-04-24T23:50:52,72.98,64,of:0000000000000002,5
2026-04-24T23:50:52,72.98,64,of:0000000000000007,5
2026-04-24T23:50:52,72.98,64,of:0000000000000008,4
2026-04-24T23:50:52,72.98,64,of:0000000000000005,4
2026-04-24T23:50:52,72.98,64,of:0000000000000006,6
2026-04-24T23:50:52,72.98,64,of:0000000000000009,4
2026-04-24T23:50:54,74.97,64,of:000000000000000c,4
2026-04-24T23:50:54,74.97,64,of:000000000000000d,7
2026-04-24T23:50:54,74.97,64,of:000000000000000a,4
2026-04-24T23:50:54,74.97,64,of:000000000000000b,7
2026-04-24T23:50:54,74.97,64,of:0000000000000003,6
2026-04-24T23:50:54,74.97,64,of:0000000000000004,4
2026-04-24T23:50:54,74.97,64,of:0000000000000001,4
2026-04-24T23:50:54,74.97,64,of:0000000000000002,5
2026-04-24T23:50:54,74.97,64,of:0000000000000007,5
2026-04-24T23:50:54,74.97,64,of:0000000000000008,4
2026-04-24T23:50:54,74.97,64,of:0000000000000005,4
2026-04-24T23:50:54,74.97,64,of:0000000000000006,6
2026-04-24T23:50:54,74.97,64,of:0000000000000009,4
2026-04-24T23:50:56,76.97,64,of:000000000000000c,4
2026-04-24T23:50:56,76.97,64,of:000000000000000d,7
2026-04-24T23:50:56,76.97,64,of:000000000000000a,4
2026-04-24T23:50:56,76.97,64,of:000000000000000b,7
2026-04-24T23:50:56,76.97,64,of:0000000000000003,6
2026-04-24T23:50:56,76.97,64,of:0000000000000004,4
2026-04-24T23:50:56,76.97,64,of:0000000000000001,4
2026-04-24T23:50:56,76.97,64,of:0000000000000002,5
2026-04-24T23:50:56,76.97,64,of:0000000000000007,5
2026-04-24T23:50:56,76.97,64,of:0000000000000008,4
2026-04-24T23:50:56,76.97,64,of:0000000000000005,4
2026-04-24T23:50:56,76.97,64,of:0000000000000006,6
2026-04-24T23:50:56,76.97,64,of:0000000000000009,4
2026-04-24T23:50:57,78.13,64,of:000000000000000c,4
2026-04-24T23:50:57,78.13,64,of:000000000000000d,7
2026-04-24T23:50:57,78.13,64,of:000000000000000a,4
2026-04-24T23:50:57,78.13,64,of:000000000000000b,7
2026-04-24T23:50:57,78.13,64,of:0000000000000003,6
2026-04-24T23:50:57,78.13,64,of:0000000000000004,4
2026-04-24T23:50:57,78.13,64,of:0000000000000001,4
2026-04-24T23:50:57,78.13,64,of:0000000000000002,5
2026-04-24T23:50:57,78.13,64,of:0000000000000007,5
2026-04-24T23:50:57,78.13,64,of:0000000000000008,4
2026-04-24T23:50:57,78.13,64,of:0000000000000005,4
2026-04-24T23:50:57,78.13,64,of:0000000000000006,6
2026-04-24T23:50:57,78.13,64,of:0000000000000009,4
2026-04-24T23:50:59,79.97,64,of:000000000000000c,4
2026-04-24T23:50:59,79.97,64,of:000000000000000d,7
2026-04-24T23:50:59,79.97,64,of:000000000000000a,4
2026-04-24T23:50:59,79.97,64,of:000000000000000b,7
2026-04-24T23:50:59,79.97,64,of:0000000000000003,6
2026-04-24T23:50:59,79.97,64,of:0000000000000004,4
2026-04-24T23:50:59,79.97,64,of:0000000000000001,4
2026-04-24T23:50:59,79.97,64,of:0000000000000002,5
2026-04-24T23:50:59,79.97,64,of:0000000000000007,5
2026-04-24T23:50:59,79.97,64,of:0000000000000008,4
2026-04-24T23:50:59,79.97,64,of:0000000000000005,4
2026-04-24T23:50:59,79.97,64,of:0000000000000006,6
2026-04-24T23:50:59,79.97,64,of:0000000000000009,4
2026-04-24T23:51:00,81.1,64,of:000000000000000c,4
2026-04-24T23:51:00,81.1,64,of:000000000000000d,7
2026-04-24T23:51:00,81.1,64,of:000000000000000a,4
2026-04-24T23:51:00,81.1,64,of:000000000000000b,7
2026-04-24T23:51:00,81.1,64,of:0000000000000003,6
2026-04-24T23:51:00,81.1,64,of:0000000000000004,4
2026-04-24T23:51:00,81.1,64,of:0000000000000001,4
2026-04-24T23:51:00,81.1,64,of:0000000000000002,5
2026-04-24T23:51:00,81.1,64,of:0000000000000007,5
2026-04-24T23:51:00,81.1,64,of:0000000000000008,4
2026-04-24T23:51:00,81.1,64,of:0000000000000005,4
2026-04-24T23:51:00,81.1,64,of:0000000000000006,6
2026-04-24T23:51:00,81.1,64,of:0000000000000009,4
2026-04-24T23:51:02,82.98,64,of:000000000000000c,4
2026-04-24T23:51:02,82.98,64,of:000000000000000d,7
2026-04-24T23:51:02,82.98,64,of:000000000000000a,4
2026-04-24T23:51:02,82.98,64,of:000000000000000b,7
2026-04-24T23:51:02,82.98,64,of:0000000000000003,6
2026-04-24T23:51:02,82.98,64,of:0000000000000004,4
2026-04-24T23:51:02,82.98,64,of:0000000000000001,4
2026-04-24T23:51:02,82.98,64,of:0000000000000002,5
2026-04-24T23:51:02,82.98,64,of:0000000000000007,5
2026-04-24T23:51:02,82.98,64,of:0000000000000008,4
2026-04-24T23:51:02,82.98,64,of:0000000000000005,4
2026-04-24T23:51:02,82.98,64,of:0000000000000006,6
2026-04-24T23:51:02,82.98,64,of:0000000000000009,4
2026-04-24T23:51:04,84.98,64,of:000000000000000c,4
2026-04-24T23:51:04,84.98,64,of:000000000000000d,7
2026-04-24T23:51:04,84.98,64,of:000000000000000a,4
2026-04-24T23:51:04,84.98,64,of:000000000000000b,7
2026-04-24T23:51:04,84.98,64,of:0000000000000003,6
2026-04-24T23:51:04,84.98,64,of:0000000000000004,4
2026-04-24T23:51:04,84.98,64,of:0000000000000001,4
2026-04-24T23:51:04,84.98,64,of:0000000000000002,5
2026-04-24T23:51:04,84.98,64,of:0000000000000007,5
2026-04-24T23:51:04,84.98,64,of:0000000000000008,4
2026-04-24T23:51:04,84.98,64,of:0000000000000005,4
2026-04-24T23:51:04,84.98,64,of:0000000000000006,6
2026-04-24T23:51:04,84.98,64,of:0000000000000009,4
2026-04-24T23:51:05,86.19,64,of:000000000000000c,4
2026-04-24T23:51:05,86.19,64,of:000000000000000d,7
2026-04-24T23:51:05,86.19,64,of:000000000000000a,4
2026-04-24T23:51:05,86.19,64,of:000000000000000b,7
2026-04-24T23:51:05,86.19,64,of:0000000000000003,6
2026-04-24T23:51:05,86.19,64,of:0000000000000004,4
2026-04-24T23:51:05,86.19,64,of:0000000000000001,4
2026-04-24T23:51:05,86.19,64,of:0000000000000002,5
2026-04-24T23:51:05,86.19,64,of:0000000000000007,5
2026-04-24T23:51:05,86.19,64,of:0000000000000008,4
2026-04-24T23:51:05,86.19,64,of:0000000000000005,4
2026-04-24T23:51:05,86.19,64,of:0000000000000006,6
2026-04-24T23:51:05,86.19,64,of:0000000000000009,4
2026-04-24T23:51:06,87.2,67,of:000000000000000c,4
2026-04-24T23:51:06,87.2,67,of:000000000000000d,7
2026-04-24T23:51:06,87.2,67,of:000000000000000a,4
2026-04-24T23:51:06,87.2,67,of:000000000000000b,7
2026-04-24T23:51:06,87.2,67,of:0000000000000003,6
2026-04-24T23:51:06,87.2,67,of:0000000000000004,4
2026-04-24T23:51:06,87.2,67,of:0000000000000001,6
2026-04-24T23:51:06,87.2,67,of:0000000000000002,5
2026-04-24T23:51:06,87.2,67,of:0000000000000007,5
2026-04-24T23:51:06,87.2,67,of:0000000000000008,5
2026-04-24T23:51:06,87.2,67,of:0000000000000005,4
2026-04-24T23:51:06,87.2,67,of:0000000000000006,6
2026-04-24T23:51:06,87.2,67,of:0000000000000009,4
2026-04-24T23:51:08,88.97,67,of:000000000000000c,4
2026-04-24T23:51:08,88.97,67,of:000000000000000d,7
2026-04-24T23:51:08,88.97,67,of:000000000000000a,4
2026-04-24T23:51:08,88.97,67,of:000000000000000b,7
2026-04-24T23:51:08,88.97,67,of:0000000000000003,6
2026-04-24T23:51:08,88.97,67,of:0000000000000004,4
2026-04-24T23:51:08,88.97,67,of:0000000000000001,6
2026-04-24T23:51:08,88.97,67,of:0000000000000002,5
2026-04-24T23:51:08,88.97,67,of:0000000000000007,5
2026-04-24T23:51:08,88.97,67,of:0000000000000008,5
2026-04-24T23:51:08,88.97,67,of:0000000000000005,4
2026-04-24T23:51:08,88.97,67,of:0000000000000006,6
2026-04-24T23:51:08,88.97,67,of:0000000000000009,4
2026-04-24T23:51:10,90.95,67,of:000000000000000c,4
2026-04-24T23:51:10,90.95,67,of:000000000000000d,7
2026-04-24T23:51:10,90.95,67,of:000000000000000a,4
2026-04-24T23:51:10,90.95,67,of:000000000000000b,7
2026-04-24T23:51:10,90.95,67,of:0000000000000003,6
2026-04-24T23:51:10,90.95,67,of:0000000000000004,4
2026-04-24T23:51:10,90.95,67,of:0000000000000001,6
2026-04-24T23:51:10,90.95,67,of:0000000000000002,5
2026-04-24T23:51:10,90.95,67,of:0000000000000007,5
2026-04-24T23:51:10,90.95,67,of:0000000000000008,5
2026-04-24T23:51:10,90.95,67,of:0000000000000005,4
2026-04-24T23:51:10,90.95,67,of:0000000000000006,6
2026-04-24T23:51:10,90.95,67,of:0000000000000009,4
2026-04-24T23:51:11,92.14,67,of:000000000000000c,4
2026-04-24T23:51:11,92.14,67,of:000000000000000d,7
2026-04-24T23:51:11,92.14,67,of:000000000000000a,4
2026-04-24T23:51:11,92.14,67,of:000000000000000b,7
2026-04-24T23:51:11,92.14,67,of:0000000000000003,6
2026-04-24T23:51:11,92.14,67,of:0000000000000004,4
2026-04-24T23:51:11,92.14,67,of:0000000000000001,6
2026-04-24T23:51:11,92.14,67,of:0000000000000002,5
2026-04-24T23:51:11,92.14,67,of:0000000000000007,5
2026-04-24T23:51:11,92.14,67,of:0000000000000008,5
2026-04-24T23:51:11,92.14,67,of:0000000000000005,4
2026-04-24T23:51:11,92.14,67,of:0000000000000006,6
2026-04-24T23:51:11,92.14,67,of:0000000000000009,4
2026-04-24T23:51:12,93.16,67,of:000000000000000c,4
2026-04-24T23:51:12,93.16,67,of:000000000000000d,7
2026-04-24T23:51:12,93.16,67,of:000000000000000a,4
2026-04-24T23:51:12,93.16,67,of:000000000000000b,7
2026-04-24T23:51:12,93.16,67,of:0000000000000003,6
2026-04-24T23:51:12,93.16,67,of:0000000000000004,4
2026-04-24T23:51:12,93.16,67,of:0000000000000001,6
2026-04-24T23:51:12,93.16,67,of:0000000000000002,5
2026-04-24T23:51:12,93.16,67,of:0000000000000007,5
2026-04-24T23:51:12,93.16,67,of:0000000000000008,5
2026-04-24T23:51:12,93.16,67,of:0000000000000005,4
2026-04-24T23:51:12,93.16,67,of:0000000000000006,6
2026-04-24T23:51:12,93.16,67,of:0000000000000009,4
2026-04-24T23:51:13,94.17,67,of:000000000000000c,4
2026-04-24T23:51:13,94.17,67,of:000000000000000d,7
2026-04-24T23:51:13,94.17,67,of:000000000000000a,4
2026-04-24T23:51:13,94.17,67,of:000000000000000b,7
2026-04-24T23:51:13,94.17,67,of:0000000000000003,6
2026-04-24T23:51:13,94.17,67,of:0000000000000004,4
2026-04-24T23:51:13,94.17,67,of:0000000000000001,6
2026-04-24T23:51:13,94.17,67,of:0000000000000002,5
2026-04-24T23:51:13,94.17,67,of:0000000000000007,5
2026-04-24T23:51:13,94.17,67,of:0000000000000008,5
2026-04-24T23:51:13,94.17,67,of:0000000000000005,4
2026-04-24T23:51:13,94.17,67,of:0000000000000006,6
2026-04-24T23:51:13,94.17,67,of:0000000000000009,4
2026-04-24T23:51:14,95.18,67,of:000000000000000c,4
2026-04-24T23:51:14,95.18,67,of:000000000000000d,7
2026-04-24T23:51:14,95.18,67,of:000000000000000a,4
2026-04-24T23:51:14,95.18,67,of:000000000000000b,7
2026-04-24T23:51:14,95.18,67,of:0000000000000003,6
2026-04-24T23:51:14,95.18,67,of:0000000000000004,4
2026-04-24T23:51:14,95.18,67,of:0000000000000001,6
2026-04-24T23:51:14,95.18,67,of:0000000000000002,5
2026-04-24T23:51:14,95.18,67,of:0000000000000007,5
2026-04-24T23:51:14,95.18,67,of:0000000000000008,5
2026-04-24T23:51:14,95.18,67,of:0000000000000005,4
2026-04-24T23:51:14,95.18,67,of:0000000000000006,6
2026-04-24T23:51:14,95.18,67,of:0000000000000009,4
2026-04-24T23:51:15,96.19,67,of:000000000000000c,4
2026-04-24T23:51:15,96.19,67,of:000000000000000d,7
2026-04-24T23:51:15,96.19,67,of:000000000000000a,4
2026-04-24T23:51:15,96.19,67,of:000000000000000b,7
2026-04-24T23:51:15,96.19,67,of:0000000000000003,6
2026-04-24T23:51:15,96.19,67,of:0000000000000004,4
2026-04-24T23:51:15,96.19,67,of:0000000000000001,6
2026-04-24T23:51:15,96.19,67,of:0000000000000002,5
2026-04-24T23:51:15,96.19,67,of:0000000000000007,5
2026-04-24T23:51:15,96.19,67,of:0000000000000008,5
2026-04-24T23:51:15,96.19,67,of:0000000000000005,4
2026-04-24T23:51:15,96.19,67,of:0000000000000006,6
2026-04-24T23:51:15,96.19,67,of:0000000000000009,4
2026-04-24T23:51:16,97.2,67,of:000000000000000c,4
2026-04-24T23:51:16,97.2,67,of:000000000000000d,7
2026-04-24T23:51:16,97.2,67,of:000000000000000a,4
2026-04-24T23:51:16,97.2,67,of:000000000000000b,7
2026-04-24T23:51:16,97.2,67,of:0000000000000003,6
2026-04-24T23:51:16,97.2,67,of:0000000000000004,4
2026-04-24T23:51:16,97.2,67,of:0000000000000001,6
2026-04-24T23:51:16,97.2,67,of:0000000000000002,5
2026-04-24T23:51:16,97.2,67,of:0000000000000007,5
2026-04-24T23:51:16,97.2,67,of:0000000000000008,5
2026-04-24T23:51:16,97.2,67,of:0000000000000005,4
2026-04-24T23:51:16,97.2,67,of:0000000000000006,6
2026-04-24T23:51:16,97.2,67,of:0000000000000009,4
2026-04-24T23:51:17,98.21,67,of:000000000000000c,4
2026-04-24T23:51:17,98.21,67,of:000000000000000d,7
2026-04-24T23:51:17,98.21,67,of:000000000000000a,4
2026-04-24T23:51:17,98.21,67,of:000000000000000b,7
2026-04-24T23:51:17,98.21,67,of:0000000000000003,6
2026-04-24T23:51:17,98.21,67,of:0000000000000004,4
2026-04-24T23:51:17,98.21,67,of:0000000000000001,6
2026-04-24T23:51:17,98.21,67,of:0000000000000002,5
2026-04-24T23:51:17,98.21,67,of:0000000000000007,5
2026-04-24T23:51:17,98.21,67,of:0000000000000008,5
2026-04-24T23:51:17,98.21,67,of:0000000000000005,4
2026-04-24T23:51:17,98.21,67,of:0000000000000006,6
2026-04-24T23:51:17,98.21,67,of:0000000000000009,4
2026-04-24T23:51:18,99.22,67,of:000000000000000c,4
2026-04-24T23:51:18,99.22,67,of:000000000000000d,7
2026-04-24T23:51:18,99.22,67,of:000000000000000a,4
2026-04-24T23:51:18,99.22,67,of:000000000000000b,7
2026-04-24T23:51:18,99.22,67,of:0000000000000003,6
2026-04-24T23:51:18,99.22,67,of:0000000000000004,4
2026-04-24T23:51:18,99.22,67,of:0000000000000001,6
2026-04-24T23:51:18,99.22,67,of:0000000000000002,5
2026-04-24T23:51:18,99.22,67,of:0000000000000007,5
2026-04-24T23:51:18,99.22,67,of:0000000000000008,5
2026-04-24T23:51:18,99.22,67,of:0000000000000005,4
2026-04-24T23:51:18,99.22,67,of:0000000000000006,6
2026-04-24T23:51:18,99.22,67,of:0000000000000009,4
2026-04-24T23:51:19,100.23,67,of:000000000000000c,4
2026-04-24T23:51:19,100.23,67,of:000000000000000d,7
2026-04-24T23:51:19,100.23,67,of:000000000000000a,4
2026-04-24T23:51:19,100.23,67,of:000000000000000b,7
2026-04-24T23:51:19,100.23,67,of:0000000000000003,6
2026-04-24T23:51:19,100.23,67,of:0000000000000004,4
2026-04-24T23:51:19,100.23,67,of:0000000000000001,6
2026-04-24T23:51:19,100.23,67,of:0000000000000002,5
2026-04-24T23:51:19,100.23,67,of:0000000000000007,5
2026-04-24T23:51:19,100.23,67,of:0000000000000008,5
2026-04-24T23:51:19,100.23,67,of:0000000000000005,4
2026-04-24T23:51:19,100.23,67,of:0000000000000006,6
2026-04-24T23:51:19,100.23,67,of:0000000000000009,4
2026-04-24T23:51:20,101.24,67,of:000000000000000c,4
2026-04-24T23:51:20,101.24,67,of:000000000000000d,7
2026-04-24T23:51:20,101.24,67,of:000000000000000a,4
2026-04-24T23:51:20,101.24,67,of:000000000000000b,7
2026-04-24T23:51:20,101.24,67,of:0000000000000003,6
2026-04-24T23:51:20,101.24,67,of:0000000000000004,4
2026-04-24T23:51:20,101.24,67,of:0000000000000001,6
2026-04-24T23:51:20,101.24,67,of:0000000000000002,5
2026-04-24T23:51:20,101.24,67,of:0000000000000007,5
2026-04-24T23:51:20,101.24,67,of:0000000000000008,5
2026-04-24T23:51:20,101.24,67,of:0000000000000005,4
2026-04-24T23:51:20,101.24,67,of:0000000000000006,6
2026-04-24T23:51:20,101.24,67,of:0000000000000009,4
2026-04-24T23:51:21,102.25,67,of:000000000000000c,4
2026-04-24T23:51:21,102.25,67,of:000000000000000d,7
2026-04-24T23:51:21,102.25,67,of:000000000000000a,4
2026-04-24T23:51:21,102.25,67,of:000000000000000b,7
2026-04-24T23:51:21,102.25,67,of:0000000000000003,6
2026-04-24T23:51:21,102.25,67,of:0000000000000004,4
2026-04-24T23:51:21,102.25,67,of:0000000000000001,6
2026-04-24T23:51:21,102.25,67,of:0000000000000002,5
2026-04-24T23:51:21,102.25,67,of:0000000000000007,5
2026-04-24T23:51:21,102.25,67,of:0000000000000008,5
2026-04-24T23:51:21,102.25,67,of:0000000000000005,4
2026-04-24T23:51:21,102.25,67,of:0000000000000006,6
2026-04-24T23:51:21,102.25,67,of:0000000000000009,4
2026-04-24T23:51:22,103.26,67,of:000000000000000c,4
2026-04-24T23:51:22,103.26,67,of:000000000000000d,7
2026-04-24T23:51:22,103.26,67,of:000000000000000a,4
2026-04-24T23:51:22,103.26,67,of:000000000000000b,7
2026-04-24T23:51:22,103.26,67,of:0000000000000003,6
2026-04-24T23:51:22,103.26,67,of:0000000000000004,4
2026-04-24T23:51:22,103.26,67,of:0000000000000001,6
2026-04-24T23:51:22,103.26,67,of:0000000000000002,5
2026-04-24T23:51:22,103.26,67,of:0000000000000007,5
2026-04-24T23:51:22,103.26,67,of:0000000000000008,5
2026-04-24T23:51:22,103.26,67,of:0000000000000005,4
2026-04-24T23:51:22,103.26,67,of:0000000000000006,6
2026-04-24T23:51:22,103.26,67,of:0000000000000009,4
2026-04-24T23:51:23,104.28,67,of:000000000000000c,4
2026-04-24T23:51:23,104.28,67,of:000000000000000d,7
2026-04-24T23:51:23,104.28,67,of:000000000000000a,4
2026-04-24T23:51:23,104.28,67,of:000000000000000b,7
2026-04-24T23:51:23,104.28,67,of:0000000000000003,6
2026-04-24T23:51:23,104.28,67,of:0000000000000004,4
2026-04-24T23:51:23,104.28,67,of:0000000000000001,6
2026-04-24T23:51:23,104.28,67,of:0000000000000002,5
2026-04-24T23:51:23,104.28,67,of:0000000000000007,5
2026-04-24T23:51:23,104.28,67,of:0000000000000008,5
2026-04-24T23:51:23,104.28,67,of:0000000000000005,4
2026-04-24T23:51:23,104.28,67,of:0000000000000006,6
2026-04-24T23:51:23,104.28,67,of:0000000000000009,4
2026-04-24T23:51:24,105.29,67,of:000000000000000c,4
2026-04-24T23:51:24,105.29,67,of:000000000000000d,7
2026-04-24T23:51:24,105.29,67,of:000000000000000a,4
2026-04-24T23:51:24,105.29,67,of:000000000000000b,7
2026-04-24T23:51:24,105.29,67,of:0000000000000003,6
2026-04-24T23:51:24,105.29,67,of:0000000000000004,4
2026-04-24T23:51:24,105.29,67,of:0000000000000001,6
2026-04-24T23:51:24,105.29,67,of:0000000000000002,5
2026-04-24T23:51:24,105.29,67,of:0000000000000007,5
2026-04-24T23:51:24,105.29,67,of:0000000000000008,5
2026-04-24T23:51:24,105.29,67,of:0000000000000005,4
2026-04-24T23:51:24,105.29,67,of:0000000000000006,6
2026-04-24T23:51:24,105.29,67,of:0000000000000009,4
2026-04-24T23:51:25,106.3,67,of:000000000000000c,4
2026-04-24T23:51:25,106.3,67,of:000000000000000d,7
2026-04-24T23:51:25,106.3,67,of:000000000000000a,4
2026-04-24T23:51:25,106.3,67,of:000000000000000b,7
2026-04-24T23:51:25,106.3,67,of:0000000000000003,6
2026-04-24T23:51:25,106.3,67,of:0000000000000004,4
2026-04-24T23:51:25,106.3,67,of:0000000000000001,6
2026-04-24T23:51:25,106.3,67,of:0000000000000002,5
2026-04-24T23:51:25,106.3,67,of:0000000000000007,5
2026-04-24T23:51:25,106.3,67,of:0000000000000008,5
2026-04-24T23:51:25,106.3,67,of:0000000000000005,4
2026-04-24T23:51:25,106.3,67,of:0000000000000006,6
2026-04-24T23:51:25,106.3,67,of:0000000000000009,4
2026-04-24T23:51:27,107.95,67,of:000000000000000c,4
2026-04-24T23:51:27,107.95,67,of:000000000000000d,7
2026-04-24T23:51:27,107.95,67,of:000000000000000a,4
2026-04-24T23:51:27,107.95,67,of:000000000000000b,7
2026-04-24T23:51:27,107.95,67,of:0000000000000003,6
2026-04-24T23:51:27,107.95,67,of:0000000000000004,4
2026-04-24T23:51:27,107.95,67,of:0000000000000001,6
2026-04-24T23:51:27,107.95,67,of:0000000000000002,5
2026-04-24T23:51:27,107.95,67,of:0000000000000007,5
2026-04-24T23:51:27,107.95,67,of:0000000000000008,5
2026-04-24T23:51:27,107.95,67,of:0000000000000005,4
2026-04-24T23:51:27,107.95,67,of:0000000000000006,6
2026-04-24T23:51:27,107.95,67,of:0000000000000009,4
2026-04-24T23:51:28,109.15,67,of:000000000000000c,4
2026-04-24T23:51:28,109.15,67,of:000000000000000d,7
2026-04-24T23:51:28,109.15,67,of:000000000000000a,4
2026-04-24T23:51:28,109.15,67,of:000000000000000b,7
2026-04-24T23:51:28,109.15,67,of:0000000000000003,6
2026-04-24T23:51:28,109.15,67,of:0000000000000004,4
2026-04-24T23:51:28,109.15,67,of:0000000000000001,6
2026-04-24T23:51:28,109.15,67,of:0000000000000002,5
2026-04-24T23:51:28,109.15,67,of:0000000000000007,5
2026-04-24T23:51:28,109.15,67,of:0000000000000008,5
2026-04-24T23:51:28,109.15,67,of:0000000000000005,4
2026-04-24T23:51:28,109.15,67,of:0000000000000006,6
2026-04-24T23:51:28,109.15,67,of:0000000000000009,4
2026-04-24T23:51:29,110.16,67,of:000000000000000c,4
2026-04-24T23:51:29,110.16,67,of:000000000000000d,7
2026-04-24T23:51:29,110.16,67,of:000000000000000a,4
2026-04-24T23:51:29,110.16,67,of:000000000000000b,7
2026-04-24T23:51:29,110.16,67,of:0000000000000003,6
2026-04-24T23:51:29,110.16,67,of:0000000000000004,4
2026-04-24T23:51:29,110.16,67,of:0000000000000001,6
2026-04-24T23:51:29,110.16,67,of:0000000000000002,5
2026-04-24T23:51:29,110.16,67,of:0000000000000007,5
2026-04-24T23:51:29,110.16,67,of:0000000000000008,5
2026-04-24T23:51:29,110.16,67,of:0000000000000005,4
2026-04-24T23:51:29,110.16,67,of:0000000000000006,6
2026-04-24T23:51:29,110.16,67,of:0000000000000009,4
2026-04-24T23:51:30,111.17,67,of:000000000000000c,4
2026-04-24T23:51:30,111.17,67,of:000000000000000d,7
2026-04-24T23:51:30,111.17,67,of:000000000000000a,4
2026-04-24T23:51:30,111.17,67,of:000000000000000b,7
2026-04-24T23:51:30,111.17,67,of:0000000000000003,6
2026-04-24T23:51:30,111.17,67,of:0000000000000004,4
2026-04-24T23:51:30,111.17,67,of:0000000000000001,6
2026-04-24T23:51:30,111.17,67,of:0000000000000002,5
2026-04-24T23:51:30,111.17,67,of:0000000000000007,5
2026-04-24T23:51:30,111.17,67,of:0000000000000008,5
2026-04-24T23:51:30,111.17,67,of:0000000000000005,4
2026-04-24T23:51:30,111.17,67,of:0000000000000006,6
2026-04-24T23:51:30,111.17,67,of:0000000000000009,4
2026-04-24T23:51:31,112.18,67,of:000000000000000c,4
2026-04-24T23:51:31,112.18,67,of:000000000000000d,7
2026-04-24T23:51:31,112.18,67,of:000000000000000a,4
2026-04-24T23:51:31,112.18,67,of:000000000000000b,7
2026-04-24T23:51:31,112.18,67,of:0000000000000003,6
2026-04-24T23:51:31,112.18,67,of:0000000000000004,4
2026-04-24T23:51:31,112.18,67,of:0000000000000001,6
2026-04-24T23:51:31,112.18,67,of:0000000000000002,5
2026-04-24T23:51:31,112.18,67,of:0000000000000007,5
2026-04-24T23:51:31,112.18,67,of:0000000000000008,5
2026-04-24T23:51:31,112.18,67,of:0000000000000005,4
2026-04-24T23:51:31,112.18,67,of:0000000000000006,6
2026-04-24T23:51:31,112.18,67,of:0000000000000009,4
2026-04-24T23:51:32,113.19,67,of:000000000000000c,4
2026-04-24T23:51:32,113.19,67,of:000000000000000d,7
2026-04-24T23:51:32,113.19,67,of:000000000000000a,4
2026-04-24T23:51:32,113.19,67,of:000000000000000b,7
2026-04-24T23:51:32,113.19,67,of:0000000000000003,6
2026-04-24T23:51:32,113.19,67,of:0000000000000004,4
2026-04-24T23:51:32,113.19,67,of:0000000000000001,6
2026-04-24T23:51:32,113.19,67,of:0000000000000002,5
2026-04-24T23:51:32,113.19,67,of:0000000000000007,5
2026-04-24T23:51:32,113.19,67,of:0000000000000008,5
2026-04-24T23:51:32,113.19,67,of:0000000000000005,4
2026-04-24T23:51:32,113.19,67,of:0000000000000006,6
2026-04-24T23:51:32,113.19,67,of:0000000000000009,4
2026-04-24T23:51:33,114.2,67,of:000000000000000c,4
2026-04-24T23:51:33,114.2,67,of:000000000000000d,7
2026-04-24T23:51:33,114.2,67,of:000000000000000a,4
2026-04-24T23:51:33,114.2,67,of:000000000000000b,7
2026-04-24T23:51:33,114.2,67,of:0000000000000003,6
2026-04-24T23:51:33,114.2,67,of:0000000000000004,4
2026-04-24T23:51:33,114.2,67,of:0000000000000001,6
2026-04-24T23:51:33,114.2,67,of:0000000000000002,5
2026-04-24T23:51:33,114.2,67,of:0000000000000007,5
2026-04-24T23:51:33,114.2,67,of:0000000000000008,5
2026-04-24T23:51:33,114.2,67,of:0000000000000005,4
2026-04-24T23:51:33,114.2,67,of:0000000000000006,6
2026-04-24T23:51:33,114.2,67,of:0000000000000009,4
2026-04-24T23:51:34,115.21,67,of:000000000000000c,4
2026-04-24T23:51:34,115.21,67,of:000000000000000d,7
2026-04-24T23:51:34,115.21,67,of:000000000000000a,4
2026-04-24T23:51:34,115.21,67,of:000000000000000b,7
2026-04-24T23:51:34,115.21,67,of:0000000000000003,6
2026-04-24T23:51:34,115.21,67,of:0000000000000004,4
2026-04-24T23:51:34,115.21,67,of:0000000000000001,6
2026-04-24T23:51:34,115.21,67,of:0000000000000002,5
2026-04-24T23:51:34,115.21,67,of:0000000000000007,5
2026-04-24T23:51:34,115.21,67,of:0000000000000008,5
2026-04-24T23:51:34,115.21,67,of:0000000000000005,4
2026-04-24T23:51:34,115.21,67,of:0000000000000006,6
2026-04-24T23:51:34,115.21,67,of:0000000000000009,4
2026-04-24T23:51:35,116.22,67,of:000000000000000c,4
2026-04-24T23:51:35,116.22,67,of:000000000000000d,7
2026-04-24T23:51:35,116.22,67,of:000000000000000a,4
2026-04-24T23:51:35,116.22,67,of:000000000000000b,7
2026-04-24T23:51:35,116.22,67,of:0000000000000003,6
2026-04-24T23:51:35,116.22,67,of:0000000000000004,4
2026-04-24T23:51:35,116.22,67,of:0000000000000001,6
2026-04-24T23:51:35,116.22,67,of:0000000000000002,5
2026-04-24T23:51:35,116.22,67,of:0000000000000007,5
2026-04-24T23:51:35,116.22,67,of:0000000000000008,5
2026-04-24T23:51:35,116.22,67,of:0000000000000005,4
2026-04-24T23:51:35,116.22,67,of:0000000000000006,6
2026-04-24T23:51:35,116.22,67,of:0000000000000009,4
2026-04-24T23:51:36,117.23,67,of:000000000000000c,4
2026-04-24T23:51:36,117.23,67,of:000000000000000d,7
2026-04-24T23:51:36,117.23,67,of:000000000000000a,4
2026-04-24T23:51:36,117.23,67,of:000000000000000b,7
2026-04-24T23:51:36,117.23,67,of:0000000000000003,6
2026-04-24T23:51:36,117.23,67,of:0000000000000004,4
2026-04-24T23:51:36,117.23,67,of:0000000000000001,6
2026-04-24T23:51:36,117.23,67,of:0000000000000002,5
2026-04-24T23:51:36,117.23,67,of:0000000000000007,5
2026-04-24T23:51:36,117.23,67,of:0000000000000008,5
2026-04-24T23:51:36,117.23,67,of:0000000000000005,4
2026-04-24T23:51:36,117.23,67,of:0000000000000006,6
2026-04-24T23:51:36,117.23,67,of:0000000000000009,4
2026-04-24T23:51:37,118.24,67,of:000000000000000c,4
2026-04-24T23:51:37,118.24,67,of:000000000000000d,7
2026-04-24T23:51:37,118.24,67,of:000000000000000a,4
2026-04-24T23:51:37,118.24,67,of:000000000000000b,7
2026-04-24T23:51:37,118.24,67,of:0000000000000003,6
2026-04-24T23:51:37,118.24,67,of:0000000000000004,4
2026-04-24T23:51:37,118.24,67,of:0000000000000001,6
2026-04-24T23:51:37,118.24,67,of:0000000000000002,5
2026-04-24T23:51:37,118.24,67,of:0000000000000007,5
2026-04-24T23:51:37,118.24,67,of:0000000000000008,5
2026-04-24T23:51:37,118.24,67,of:0000000000000005,4
2026-04-24T23:51:37,118.24,67,of:0000000000000006,6
2026-04-24T23:51:37,118.24,67,of:0000000000000009,4
2026-04-24T23:51:38,119.25,67,of:000000000000000c,4
2026-04-24T23:51:38,119.25,67,of:000000000000000d,7
2026-04-24T23:51:38,119.25,67,of:000000000000000a,4
2026-04-24T23:51:38,119.25,67,of:000000000000000b,7
2026-04-24T23:51:38,119.25,67,of:0000000000000003,6
2026-04-24T23:51:38,119.25,67,of:0000000000000004,4
2026-04-24T23:51:38,119.25,67,of:0000000000000001,6
2026-04-24T23:51:38,119.25,67,of:0000000000000002,5
2026-04-24T23:51:38,119.25,67,of:0000000000000007,5
2026-04-24T23:51:38,119.25,67,of:0000000000000008,5
2026-04-24T23:51:38,119.25,67,of:0000000000000005,4
2026-04-24T23:51:38,119.25,67,of:0000000000000006,6
2026-04-24T23:51:38,119.25,67,of:0000000000000009,4
2026-04-24T23:51:39,120.26,67,of:000000000000000c,4
2026-04-24T23:51:39,120.26,67,of:000000000000000d,7
2026-04-24T23:51:39,120.26,67,of:000000000000000a,4
2026-04-24T23:51:39,120.26,67,of:000000000000000b,7
2026-04-24T23:51:39,120.26,67,of:0000000000000003,6
2026-04-24T23:51:39,120.26,67,of:0000000000000004,4
2026-04-24T23:51:39,120.26,67,of:0000000000000001,6
2026-04-24T23:51:39,120.26,67,of:0000000000000002,5
2026-04-24T23:51:39,120.26,67,of:0000000000000007,5
2026-04-24T23:51:39,120.26,67,of:0000000000000008,5
2026-04-24T23:51:39,120.26,67,of:0000000000000005,4
2026-04-24T23:51:39,120.26,67,of:0000000000000006,6
2026-04-24T23:51:39,120.26,67,of:0000000000000009,4
2026-04-24T23:51:40,121.27,67,of:000000000000000c,4
2026-04-24T23:51:40,121.27,67,of:000000000000000d,7
2026-04-24T23:51:40,121.27,67,of:000000000000000a,4
2026-04-24T23:51:40,121.27,67,of:000000000000000b,7
2026-04-24T23:51:40,121.27,67,of:0000000000000003,6
2026-04-24T23:51:40,121.27,67,of:0000000000000004,4
2026-04-24T23:51:40,121.27,67,of:0000000000000001,6
2026-04-24T23:51:40,121.27,67,of:0000000000000002,5
2026-04-24T23:51:40,121.27,67,of:0000000000000007,5
2026-04-24T23:51:40,121.27,67,of:0000000000000008,5
2026-04-24T23:51:40,121.27,67,of:0000000000000005,4
2026-04-24T23:51:40,121.27,67,of:0000000000000006,6
2026-04-24T23:51:40,121.27,67,of:0000000000000009,4
2026-04-24T23:51:41,122.28,67,of:000000000000000c,4
2026-04-24T23:51:41,122.28,67,of:000000000000000d,7
2026-04-24T23:51:41,122.28,67,of:000000000000000a,4
2026-04-24T23:51:41,122.28,67,of:000000000000000b,7
2026-04-24T23:51:41,122.28,67,of:0000000000000003,6
2026-04-24T23:51:41,122.28,67,of:0000000000000004,4
2026-04-24T23:51:41,122.28,67,of:0000000000000001,6
2026-04-24T23:51:41,122.28,67,of:0000000000000002,5
2026-04-24T23:51:41,122.28,67,of:0000000000000007,5
2026-04-24T23:51:41,122.28,67,of:0000000000000008,5
2026-04-24T23:51:41,122.28,67,of:0000000000000005,4
2026-04-24T23:51:41,122.28,67,of:0000000000000006,6
2026-04-24T23:51:41,122.28,67,of:0000000000000009,4
2026-04-24T23:51:42,123.29,67,of:000000000000000c,4
2026-04-24T23:51:42,123.29,67,of:000000000000000d,7
2026-04-24T23:51:42,123.29,67,of:000000000000000a,4
2026-04-24T23:51:42,123.29,67,of:000000000000000b,7
2026-04-24T23:51:42,123.29,67,of:0000000000000003,6
2026-04-24T23:51:42,123.29,67,of:0000000000000004,4
2026-04-24T23:51:42,123.29,67,of:0000000000000001,6
2026-04-24T23:51:42,123.29,67,of:0000000000000002,5
2026-04-24T23:51:42,123.29,67,of:0000000000000007,5
2026-04-24T23:51:42,123.29,67,of:0000000000000008,5
2026-04-24T23:51:42,123.29,67,of:0000000000000005,4
2026-04-24T23:51:42,123.29,67,of:0000000000000006,6
2026-04-24T23:51:42,123.29,67,of:0000000000000009,4
2026-04-24T23:51:43,124.3,67,of:000000000000000c,4
2026-04-24T23:51:43,124.3,67,of:000000000000000d,7
2026-04-24T23:51:43,124.3,67,of:000000000000000a,4
2026-04-24T23:51:43,124.3,67,of:000000000000000b,7
2026-04-24T23:51:43,124.3,67,of:0000000000000003,6
2026-04-24T23:51:43,124.3,67,of:0000000000000004,4
2026-04-24T23:51:43,124.3,67,of:0000000000000001,6
2026-04-24T23:51:43,124.3,67,of:0000000000000002,5
2026-04-24T23:51:43,124.3,67,of:0000000000000007,5
2026-04-24T23:51:43,124.3,67,of:0000000000000008,5
2026-04-24T23:51:43,124.3,67,of:0000000000000005,4
2026-04-24T23:51:43,124.3,67,of:0000000000000006,6
2026-04-24T23:51:43,124.3,67,of:0000000000000009,4
2026-04-24T23:51:44,125.31,67,of:000000000000000c,4
2026-04-24T23:51:44,125.31,67,of:000000000000000d,7
2026-04-24T23:51:44,125.31,67,of:000000000000000a,4
2026-04-24T23:51:44,125.31,67,of:000000000000000b,7
2026-04-24T23:51:44,125.31,67,of:0000000000000003,6
2026-04-24T23:51:44,125.31,67,of:0000000000000004,4
2026-04-24T23:51:44,125.31,67,of:0000000000000001,6
2026-04-24T23:51:44,125.31,67,of:0000000000000002,5
2026-04-24T23:51:44,125.31,67,of:0000000000000007,5
2026-04-24T23:51:44,125.31,67,of:0000000000000008,5
2026-04-24T23:51:44,125.31,67,of:0000000000000005,4
2026-04-24T23:51:44,125.31,67,of:0000000000000006,6
2026-04-24T23:51:44,125.31,67,of:0000000000000009,4
2026-04-24T23:51:46,126.9,67,of:000000000000000c,4
2026-04-24T23:51:46,126.9,67,of:000000000000000d,7
2026-04-24T23:51:46,126.9,67,of:000000000000000a,4
2026-04-24T23:51:46,126.9,67,of:000000000000000b,7
2026-04-24T23:51:46,126.9,67,of:0000000000000003,6
2026-04-24T23:51:46,126.9,67,of:0000000000000004,4
2026-04-24T23:51:46,126.9,67,of:0000000000000001,6
2026-04-24T23:51:46,126.9,67,of:0000000000000002,5
2026-04-24T23:51:46,126.9,67,of:0000000000000007,5
2026-04-24T23:51:46,126.9,67,of:0000000000000008,5
2026-04-24T23:51:46,126.9,67,of:0000000000000005,4
2026-04-24T23:51:46,126.9,67,of:0000000000000006,6
2026-04-24T23:51:46,126.9,67,of:0000000000000009,4
2026-04-24T23:51:47,127.96,67,of:000000000000000c,4
2026-04-24T23:51:47,127.96,67,of:000000000000000d,7
2026-04-24T23:51:47,127.96,67,of:000000000000000a,4
2026-04-24T23:51:47,127.96,67,of:000000000000000b,7
2026-04-24T23:51:47,127.96,67,of:0000000000000003,6
2026-04-24T23:51:47,127.96,67,of:0000000000000004,4
2026-04-24T23:51:47,127.96,67,of:0000000000000001,6
2026-04-24T23:51:47,127.96,67,of:0000000000000002,5
2026-04-24T23:51:47,127.96,67,of:0000000000000007,5
2026-04-24T23:51:47,127.96,67,of:0000000000000008,5
2026-04-24T23:51:47,127.96,67,of:0000000000000005,4
2026-04-24T23:51:47,127.96,67,of:0000000000000006,6
2026-04-24T23:51:47,127.96,67,of:0000000000000009,4
2026-04-24T23:51:48,129.05,67,of:000000000000000c,4
2026-04-24T23:51:48,129.05,67,of:000000000000000d,7
2026-04-24T23:51:48,129.05,67,of:000000000000000a,4
2026-04-24T23:51:48,129.05,67,of:000000000000000b,7
2026-04-24T23:51:48,129.05,67,of:0000000000000003,6
2026-04-24T23:51:48,129.05,67,of:0000000000000004,4
2026-04-24T23:51:48,129.05,67,of:0000000000000001,6
2026-04-24T23:51:48,129.05,67,of:0000000000000002,5
2026-04-24T23:51:48,129.05,67,of:0000000000000007,5
2026-04-24T23:51:48,129.05,67,of:0000000000000008,5
2026-04-24T23:51:48,129.05,67,of:0000000000000005,4
2026-04-24T23:51:48,129.05,67,of:0000000000000006,6
2026-04-24T23:51:48,129.05,67,of:0000000000000009,4
2026-04-24T23:51:50,130.94,67,of:000000000000000c,4
2026-04-24T23:51:50,130.94,67,of:000000000000000d,7
2026-04-24T23:51:50,130.94,67,of:000000000000000a,4
2026-04-24T23:51:50,130.94,67,of:000000000000000b,7
2026-04-24T23:51:50,130.94,67,of:0000000000000003,6
2026-04-24T23:51:50,130.94,67,of:0000000000000004,4
2026-04-24T23:51:50,130.94,67,of:0000000000000001,6
2026-04-24T23:51:50,130.94,67,of:0000000000000002,5
2026-04-24T23:51:50,130.94,67,of:0000000000000007,5
2026-04-24T23:51:50,130.94,67,of:0000000000000008,5
2026-04-24T23:51:50,130.94,67,of:0000000000000005,4
2026-04-24T23:51:50,130.94,67,of:0000000000000006,6
2026-04-24T23:51:50,130.94,67,of:0000000000000009,4
2026-04-24T23:51:51,132.09,67,of:000000000000000c,4
2026-04-24T23:51:51,132.09,67,of:000000000000000d,7
2026-04-24T23:51:51,132.09,67,of:000000000000000a,4
2026-04-24T23:51:51,132.09,67,of:000000000000000b,7
2026-04-24T23:51:51,132.09,67,of:0000000000000003,6
2026-04-24T23:51:51,132.09,67,of:0000000000000004,4
2026-04-24T23:51:51,132.09,67,of:0000000000000001,6
2026-04-24T23:51:51,132.09,67,of:0000000000000002,5
2026-04-24T23:51:51,132.09,67,of:0000000000000007,5
2026-04-24T23:51:51,132.09,67,of:0000000000000008,5
2026-04-24T23:51:51,132.09,67,of:0000000000000005,4
2026-04-24T23:51:51,132.09,67,of:0000000000000006,6
2026-04-24T23:51:51,132.09,67,of:0000000000000009,4
2026-04-24T23:51:52,133.11,67,of:000000000000000c,4
2026-04-24T23:51:52,133.11,67,of:000000000000000d,7
2026-04-24T23:51:52,133.11,67,of:000000000000000a,4
2026-04-24T23:51:52,133.11,67,of:000000000000000b,7
2026-04-24T23:51:52,133.11,67,of:0000000000000003,6
2026-04-24T23:51:52,133.11,67,of:0000000000000004,4
2026-04-24T23:51:52,133.11,67,of:0000000000000001,6
2026-04-24T23:51:52,133.11,67,of:0000000000000002,5
2026-04-24T23:51:52,133.11,67,of:0000000000000007,5
2026-04-24T23:51:52,133.11,67,of:0000000000000008,5
2026-04-24T23:51:52,133.11,67,of:0000000000000005,4
2026-04-24T23:51:52,133.11,67,of:0000000000000006,6
2026-04-24T23:51:52,133.11,67,of:0000000000000009,4
2026-04-24T23:51:53,134.12,67,of:000000000000000c,4
2026-04-24T23:51:53,134.12,67,of:000000000000000d,7
2026-04-24T23:51:53,134.12,67,of:000000000000000a,4
2026-04-24T23:51:53,134.12,67,of:000000000000000b,7
2026-04-24T23:51:53,134.12,67,of:0000000000000003,6
2026-04-24T23:51:53,134.12,67,of:0000000000000004,4
2026-04-24T23:51:53,134.12,67,of:0000000000000001,6
2026-04-24T23:51:53,134.12,67,of:0000000000000002,5
2026-04-24T23:51:53,134.12,67,of:0000000000000007,5
2026-04-24T23:51:53,134.12,67,of:0000000000000008,5
2026-04-24T23:51:53,134.12,67,of:0000000000000005,4
2026-04-24T23:51:53,134.12,67,of:0000000000000006,6
2026-04-24T23:51:53,134.12,67,of:0000000000000009,4
2026-04-24T23:51:54,135.13,67,of:000000000000000c,4
2026-04-24T23:51:54,135.13,67,of:000000000000000d,7
2026-04-24T23:51:54,135.13,67,of:000000000000000a,4
2026-04-24T23:51:54,135.13,67,of:000000000000000b,7
2026-04-24T23:51:54,135.13,67,of:0000000000000003,6
2026-04-24T23:51:54,135.13,67,of:0000000000000004,4
2026-04-24T23:51:54,135.13,67,of:0000000000000001,6
2026-04-24T23:51:54,135.13,67,of:0000000000000002,5
2026-04-24T23:51:54,135.13,67,of:0000000000000007,5
2026-04-24T23:51:54,135.13,67,of:0000000000000008,5
2026-04-24T23:51:54,135.13,67,of:0000000000000005,4
2026-04-24T23:51:54,135.13,67,of:0000000000000006,6
2026-04-24T23:51:54,135.13,67,of:0000000000000009,4
2026-04-24T23:51:55,136.14,67,of:000000000000000c,4
2026-04-24T23:51:55,136.14,67,of:000000000000000d,7
2026-04-24T23:51:55,136.14,67,of:000000000000000a,4
2026-04-24T23:51:55,136.14,67,of:000000000000000b,7
2026-04-24T23:51:55,136.14,67,of:0000000000000003,6
2026-04-24T23:51:55,136.14,67,of:0000000000000004,4
2026-04-24T23:51:55,136.14,67,of:0000000000000001,6
2026-04-24T23:51:55,136.14,67,of:0000000000000002,5
2026-04-24T23:51:55,136.14,67,of:0000000000000007,5
2026-04-24T23:51:55,136.14,67,of:0000000000000008,5
2026-04-24T23:51:55,136.14,67,of:0000000000000005,4
2026-04-24T23:51:55,136.14,67,of:0000000000000006,6
2026-04-24T23:51:55,136.14,67,of:0000000000000009,4
2026-04-24T23:51:56,137.15,67,of:000000000000000c,4
2026-04-24T23:51:56,137.15,67,of:000000000000000d,7
2026-04-24T23:51:56,137.15,67,of:000000000000000a,4
2026-04-24T23:51:56,137.15,67,of:000000000000000b,7
2026-04-24T23:51:56,137.15,67,of:0000000000000003,6
2026-04-24T23:51:56,137.15,67,of:0000000000000004,4
2026-04-24T23:51:56,137.15,67,of:0000000000000001,6
2026-04-24T23:51:56,137.15,67,of:0000000000000002,5
2026-04-24T23:51:56,137.15,67,of:0000000000000007,5
2026-04-24T23:51:56,137.15,67,of:0000000000000008,5
2026-04-24T23:51:56,137.15,67,of:0000000000000005,4
2026-04-24T23:51:56,137.15,67,of:0000000000000006,6
2026-04-24T23:51:56,137.15,67,of:0000000000000009,4
2026-04-24T23:51:57,138.16,67,of:000000000000000c,4
2026-04-24T23:51:57,138.16,67,of:000000000000000d,7
2026-04-24T23:51:57,138.16,67,of:000000000000000a,4
2026-04-24T23:51:57,138.16,67,of:000000000000000b,7
2026-04-24T23:51:57,138.16,67,of:0000000000000003,6
2026-04-24T23:51:57,138.16,67,of:0000000000000004,4
2026-04-24T23:51:57,138.16,67,of:0000000000000001,6
2026-04-24T23:51:57,138.16,67,of:0000000000000002,5
2026-04-24T23:51:57,138.16,67,of:0000000000000007,5
2026-04-24T23:51:57,138.16,67,of:0000000000000008,5
2026-04-24T23:51:57,138.16,67,of:0000000000000005,4
2026-04-24T23:51:57,138.16,67,of:0000000000000006,6
2026-04-24T23:51:57,138.16,67,of:0000000000000009,4
2026-04-24T23:51:58,139.17,67,of:000000000000000c,4
2026-04-24T23:51:58,139.17,67,of:000000000000000d,7
2026-04-24T23:51:58,139.17,67,of:000000000000000a,4
2026-04-24T23:51:58,139.17,67,of:000000000000000b,7
2026-04-24T23:51:58,139.17,67,of:0000000000000003,6
2026-04-24T23:51:58,139.17,67,of:0000000000000004,4
2026-04-24T23:51:58,139.17,67,of:0000000000000001,6
2026-04-24T23:51:58,139.17,67,of:0000000000000002,5
2026-04-24T23:51:58,139.17,67,of:0000000000000007,5
2026-04-24T23:51:58,139.17,67,of:0000000000000008,5
2026-04-24T23:51:58,139.17,67,of:0000000000000005,4
2026-04-24T23:51:58,139.17,67,of:0000000000000006,6
2026-04-24T23:51:58,139.17,67,of:0000000000000009,4
2026-04-24T23:51:59,140.18,67,of:000000000000000c,4
2026-04-24T23:51:59,140.18,67,of:000000000000000d,7
2026-04-24T23:51:59,140.18,67,of:000000000000000a,4
2026-04-24T23:51:59,140.18,67,of:000000000000000b,7
2026-04-24T23:51:59,140.18,67,of:0000000000000003,6
2026-04-24T23:51:59,140.18,67,of:0000000000000004,4
2026-04-24T23:51:59,140.18,67,of:0000000000000001,6
2026-04-24T23:51:59,140.18,67,of:0000000000000002,5
2026-04-24T23:51:59,140.18,67,of:0000000000000007,5
2026-04-24T23:51:59,140.18,67,of:0000000000000008,5
2026-04-24T23:51:59,140.18,67,of:0000000000000005,4
2026-04-24T23:51:59,140.18,67,of:0000000000000006,6
2026-04-24T23:51:59,140.18,67,of:0000000000000009,4
2026-04-24T23:52:00,141.19,67,of:000000000000000c,4
2026-04-24T23:52:00,141.19,67,of:000000000000000d,7
2026-04-24T23:52:00,141.19,67,of:000000000000000a,4
2026-04-24T23:52:00,141.19,67,of:000000000000000b,7
2026-04-24T23:52:00,141.19,67,of:0000000000000003,6
2026-04-24T23:52:00,141.19,67,of:0000000000000004,4
2026-04-24T23:52:00,141.19,67,of:0000000000000001,6
2026-04-24T23:52:00,141.19,67,of:0000000000000002,5
2026-04-24T23:52:00,141.19,67,of:0000000000000007,5
2026-04-24T23:52:00,141.19,67,of:0000000000000008,5
2026-04-24T23:52:00,141.19,67,of:0000000000000005,4
2026-04-24T23:52:00,141.19,67,of:0000000000000006,6
2026-04-24T23:52:00,141.19,67,of:0000000000000009,4
2026-04-24T23:52:02,142.94,67,of:000000000000000c,4
2026-04-24T23:52:02,142.94,67,of:000000000000000d,7
2026-04-24T23:52:02,142.94,67,of:000000000000000a,4
2026-04-24T23:52:02,142.94,67,of:000000000000000b,7
2026-04-24T23:52:02,142.94,67,of:0000000000000003,6
2026-04-24T23:52:02,142.94,67,of:0000000000000004,4
2026-04-24T23:52:02,142.94,67,of:0000000000000001,6
2026-04-24T23:52:02,142.94,67,of:0000000000000002,5
2026-04-24T23:52:02,142.94,67,of:0000000000000007,5
2026-04-24T23:52:02,142.94,67,of:0000000000000008,5
2026-04-24T23:52:02,142.94,67,of:0000000000000005,4
2026-04-24T23:52:02,142.94,67,of:0000000000000006,6
2026-04-24T23:52:02,142.94,67,of:0000000000000009,4
2026-04-24T23:52:03,144.05,67,of:000000000000000c,4
2026-04-24T23:52:03,144.05,67,of:000000000000000d,7
2026-04-24T23:52:03,144.05,67,of:000000000000000a,4
2026-04-24T23:52:03,144.05,67,of:000000000000000b,7
2026-04-24T23:52:03,144.05,67,of:0000000000000003,6
2026-04-24T23:52:03,144.05,67,of:0000000000000004,4
2026-04-24T23:52:03,144.05,67,of:0000000000000001,6
2026-04-24T23:52:03,144.05,67,of:0000000000000002,5
2026-04-24T23:52:03,144.05,67,of:0000000000000007,5
2026-04-24T23:52:03,144.05,67,of:0000000000000008,5
2026-04-24T23:52:03,144.05,67,of:0000000000000005,4
2026-04-24T23:52:03,144.05,67,of:0000000000000006,6
2026-04-24T23:52:03,144.05,67,of:0000000000000009,4
2026-04-24T23:52:04,145.06,67,of:000000000000000c,4
2026-04-24T23:52:04,145.06,67,of:000000000000000d,7
2026-04-24T23:52:04,145.06,67,of:000000000000000a,4
2026-04-24T23:52:04,145.06,67,of:000000000000000b,7
2026-04-24T23:52:04,145.06,67,of:0000000000000003,6
2026-04-24T23:52:04,145.06,67,of:0000000000000004,4
2026-04-24T23:52:04,145.06,67,of:0000000000000001,6
2026-04-24T23:52:04,145.06,67,of:0000000000000002,5
2026-04-24T23:52:04,145.06,67,of:0000000000000007,5
2026-04-24T23:52:04,145.06,67,of:0000000000000008,5
2026-04-24T23:52:04,145.06,67,of:0000000000000005,4
2026-04-24T23:52:04,145.06,67,of:0000000000000006,6
2026-04-24T23:52:04,145.06,67,of:0000000000000009,4
2026-04-24T23:52:05,146.07,58,of:000000000000000c,4
2026-04-24T23:52:05,146.07,58,of:000000000000000d,5
2026-04-24T23:52:05,146.07,58,of:000000000000000a,5
2026-04-24T23:52:05,146.07,58,of:000000000000000b,5
2026-04-24T23:52:05,146.07,58,of:0000000000000003,4
2026-04-24T23:52:05,146.07,58,of:0000000000000004,4
2026-04-24T23:52:05,146.07,58,of:0000000000000001,4
2026-04-24T23:52:05,146.07,58,of:0000000000000002,5
2026-04-24T23:52:05,146.07,58,of:0000000000000007,5
2026-04-24T23:52:05,146.07,58,of:0000000000000008,4
2026-04-24T23:52:05,146.07,58,of:0000000000000005,4
2026-04-24T23:52:05,146.07,58,of:0000000000000006,5
2026-04-24T23:52:05,146.07,58,of:0000000000000009,4
2026-04-24T23:52:06,147.12,68,of:000000000000000c,4
2026-04-24T23:52:06,147.12,68,of:000000000000000d,7
2026-04-24T23:52:06,147.12,68,of:000000000000000a,6
2026-04-24T23:52:06,147.12,68,of:000000000000000b,7
2026-04-24T23:52:06,147.12,68,of:0000000000000003,6
2026-04-24T23:52:06,147.12,68,of:0000000000000004,4
2026-04-24T23:52:06,147.12,68,of:0000000000000001,4
2026-04-24T23:52:06,147.12,68,of:0000000000000002,5
2026-04-24T23:52:06,147.12,68,of:0000000000000007,5
2026-04-24T23:52:06,147.12,68,of:0000000000000008,6
2026-04-24T23:52:06,147.12,68,of:0000000000000005,4
2026-04-24T23:52:06,147.12,68,of:0000000000000006,6
2026-04-24T23:52:06,147.12,68,of:0000000000000009,4
2026-04-24T23:52:07,148.13,68,of:000000000000000c,4
2026-04-24T23:52:07,148.13,68,of:000000000000000d,7
2026-04-24T23:52:07,148.13,68,of:000000000000000a,6
2026-04-24T23:52:07,148.13,68,of:000000000000000b,7
2026-04-24T23:52:07,148.13,68,of:0000000000000003,6
2026-04-24T23:52:07,148.13,68,of:0000000000000004,4
2026-04-24T23:52:07,148.13,68,of:0000000000000001,4
2026-04-24T23:52:07,148.13,68,of:0000000000000002,5
2026-04-24T23:52:07,148.13,68,of:0000000000000007,5
2026-04-24T23:52:07,148.13,68,of:0000000000000008,6
2026-04-24T23:52:07,148.13,68,of:0000000000000005,4
2026-04-24T23:52:07,148.13,68,of:0000000000000006,6
2026-04-24T23:52:07,148.13,68,of:0000000000000009,4
2026-04-24T23:52:09,149.96,68,of:000000000000000c,4
2026-04-24T23:52:09,149.96,68,of:000000000000000d,7
2026-04-24T23:52:09,149.96,68,of:000000000000000a,6
2026-04-24T23:52:09,149.96,68,of:000000000000000b,7
2026-04-24T23:52:09,149.96,68,of:0000000000000003,6
2026-04-24T23:52:09,149.96,68,of:0000000000000004,4
2026-04-24T23:52:09,149.96,68,of:0000000000000001,4
2026-04-24T23:52:09,149.96,68,of:0000000000000002,5
2026-04-24T23:52:09,149.96,68,of:0000000000000007,5
2026-04-24T23:52:09,149.96,68,of:0000000000000008,6
2026-04-24T23:52:09,149.96,68,of:0000000000000005,4
2026-04-24T23:52:09,149.96,68,of:0000000000000006,6
2026-04-24T23:52:09,149.96,68,of:0000000000000009,4
2026-04-24T23:52:10,151.04,68,of:000000000000000c,4
2026-04-24T23:52:10,151.04,68,of:000000000000000d,7
2026-04-24T23:52:10,151.04,68,of:000000000000000a,6
2026-04-24T23:52:10,151.04,68,of:000000000000000b,7
2026-04-24T23:52:10,151.04,68,of:0000000000000003,6
2026-04-24T23:52:10,151.04,68,of:0000000000000004,4
2026-04-24T23:52:10,151.04,68,of:0000000000000001,4
2026-04-24T23:52:10,151.04,68,of:0000000000000002,5
2026-04-24T23:52:10,151.04,68,of:0000000000000007,5
2026-04-24T23:52:10,151.04,68,of:0000000000000008,6
2026-04-24T23:52:10,151.04,68,of:0000000000000005,4
2026-04-24T23:52:10,151.04,68,of:0000000000000006,6
2026-04-24T23:52:10,151.04,68,of:0000000000000009,4
2026-04-24T23:52:11,152.05,68,of:000000000000000c,4
2026-04-24T23:52:11,152.05,68,of:000000000000000d,7
2026-04-24T23:52:11,152.05,68,of:000000000000000a,6
2026-04-24T23:52:11,152.05,68,of:000000000000000b,7
2026-04-24T23:52:11,152.05,68,of:0000000000000003,6
2026-04-24T23:52:11,152.05,68,of:0000000000000004,4
2026-04-24T23:52:11,152.05,68,of:0000000000000001,4
2026-04-24T23:52:11,152.05,68,of:0000000000000002,5
2026-04-24T23:52:11,152.05,68,of:0000000000000007,5
2026-04-24T23:52:11,152.05,68,of:0000000000000008,6
2026-04-24T23:52:11,152.05,68,of:0000000000000005,4
2026-04-24T23:52:11,152.05,68,of:0000000000000006,6
2026-04-24T23:52:11,152.05,68,of:0000000000000009,4
2026-04-24T23:52:12,153.07,68,of:000000000000000c,4
2026-04-24T23:52:12,153.07,68,of:000000000000000d,7
2026-04-24T23:52:12,153.07,68,of:000000000000000a,6
2026-04-24T23:52:12,153.07,68,of:000000000000000b,7
2026-04-24T23:52:12,153.07,68,of:0000000000000003,6
2026-04-24T23:52:12,153.07,68,of:0000000000000004,4
2026-04-24T23:52:12,153.07,68,of:0000000000000001,4
2026-04-24T23:52:12,153.07,68,of:0000000000000002,5
2026-04-24T23:52:12,153.07,68,of:0000000000000007,5
2026-04-24T23:52:12,153.07,68,of:0000000000000008,6
2026-04-24T23:52:12,153.07,68,of:0000000000000005,4
2026-04-24T23:52:12,153.07,68,of:0000000000000006,6
2026-04-24T23:52:12,153.07,68,of:0000000000000009,4
2026-04-24T23:52:14,154.94,68,of:000000000000000c,4
2026-04-24T23:52:14,154.94,68,of:000000000000000d,7
2026-04-24T23:52:14,154.94,68,of:000000000000000a,6
2026-04-24T23:52:14,154.94,68,of:000000000000000b,7
2026-04-24T23:52:14,154.94,68,of:0000000000000003,6
2026-04-24T23:52:14,154.94,68,of:0000000000000004,4
2026-04-24T23:52:14,154.94,68,of:0000000000000001,4
2026-04-24T23:52:14,154.94,68,of:0000000000000002,5
2026-04-24T23:52:14,154.94,68,of:0000000000000007,5
2026-04-24T23:52:14,154.94,68,of:0000000000000008,6
2026-04-24T23:52:14,154.94,68,of:0000000000000005,4
2026-04-24T23:52:14,154.94,68,of:0000000000000006,6
2026-04-24T23:52:14,154.94,68,of:0000000000000009,4
2026-04-24T23:52:16,156.94,68,of:000000000000000c,4
2026-04-24T23:52:16,156.94,68,of:000000000000000d,7
2026-04-24T23:52:16,156.94,68,of:000000000000000a,6
2026-04-24T23:52:16,156.94,68,of:000000000000000b,7
2026-04-24T23:52:16,156.94,68,of:0000000000000003,6
2026-04-24T23:52:16,156.94,68,of:0000000000000004,4
2026-04-24T23:52:16,156.94,68,of:0000000000000001,4
2026-04-24T23:52:16,156.94,68,of:0000000000000002,5
2026-04-24T23:52:16,156.94,68,of:0000000000000007,5
2026-04-24T23:52:16,156.94,68,of:0000000000000008,6
2026-04-24T23:52:16,156.94,68,of:0000000000000005,4
2026-04-24T23:52:16,156.94,68,of:0000000000000006,6
2026-04-24T23:52:16,156.94,68,of:0000000000000009,4
2026-04-24T23:52:18,158.93,68,of:000000000000000c,4
2026-04-24T23:52:18,158.93,68,of:000000000000000d,7
2026-04-24T23:52:18,158.93,68,of:000000000000000a,6
2026-04-24T23:52:18,158.93,68,of:000000000000000b,7
2026-04-24T23:52:18,158.93,68,of:0000000000000003,6
2026-04-24T23:52:18,158.93,68,of:0000000000000004,4
2026-04-24T23:52:18,158.93,68,of:0000000000000001,4
2026-04-24T23:52:18,158.93,68,of:0000000000000002,5
2026-04-24T23:52:18,158.93,68,of:0000000000000007,5
2026-04-24T23:52:18,158.93,68,of:0000000000000008,6
2026-04-24T23:52:18,158.93,68,of:0000000000000005,4
2026-04-24T23:52:18,158.93,68,of:0000000000000006,6
2026-04-24T23:52:18,158.93,68,of:0000000000000009,4
2026-04-24T23:52:19,159.99,68,of:000000000000000c,4
2026-04-24T23:52:19,159.99,68,of:000000000000000d,7
2026-04-24T23:52:19,159.99,68,of:000000000000000a,6
2026-04-24T23:52:19,159.99,68,of:000000000000000b,7
2026-04-24T23:52:19,159.99,68,of:0000000000000003,6
2026-04-24T23:52:19,159.99,68,of:0000000000000004,4
2026-04-24T23:52:19,159.99,68,of:0000000000000001,4
2026-04-24T23:52:19,159.99,68,of:0000000000000002,5
2026-04-24T23:52:19,159.99,68,of:0000000000000007,5
2026-04-24T23:52:19,159.99,68,of:0000000000000008,6
2026-04-24T23:52:19,159.99,68,of:0000000000000005,4
2026-04-24T23:52:19,159.99,68,of:0000000000000006,6
2026-04-24T23:52:19,159.99,68,of:0000000000000009,4
2026-04-24T23:52:20,161.0,68,of:000000000000000c,4
2026-04-24T23:52:20,161.0,68,of:000000000000000d,7
2026-04-24T23:52:20,161.0,68,of:000000000000000a,6
2026-04-24T23:52:20,161.0,68,of:000000000000000b,7
2026-04-24T23:52:20,161.0,68,of:0000000000000003,6
2026-04-24T23:52:20,161.0,68,of:0000000000000004,4
2026-04-24T23:52:20,161.0,68,of:0000000000000001,4
2026-04-24T23:52:20,161.0,68,of:0000000000000002,5
2026-04-24T23:52:20,161.0,68,of:0000000000000007,5
2026-04-24T23:52:20,161.0,68,of:0000000000000008,6
2026-04-24T23:52:20,161.0,68,of:0000000000000005,4
2026-04-24T23:52:20,161.0,68,of:0000000000000006,6
2026-04-24T23:52:20,161.0,68,of:0000000000000009,4
2026-04-24T23:52:21,162.11,68,of:000000000000000c,4
2026-04-24T23:52:21,162.11,68,of:000000000000000d,7
2026-04-24T23:52:21,162.11,68,of:000000000000000a,6
2026-04-24T23:52:21,162.11,68,of:000000000000000b,7
2026-04-24T23:52:21,162.11,68,of:0000000000000003,6
2026-04-24T23:52:21,162.11,68,of:0000000000000004,4
2026-04-24T23:52:21,162.11,68,of:0000000000000001,4
2026-04-24T23:52:21,162.11,68,of:0000000000000002,5
2026-04-24T23:52:21,162.11,68,of:0000000000000007,5
2026-04-24T23:52:21,162.11,68,of:0000000000000008,6
2026-04-24T23:52:21,162.11,68,of:0000000000000005,4
2026-04-24T23:52:21,162.11,68,of:0000000000000006,6
2026-04-24T23:52:21,162.11,68,of:0000000000000009,4
2026-04-24T23:52:22,163.13,68,of:000000000000000c,4
2026-04-24T23:52:22,163.13,68,of:000000000000000d,7
2026-04-24T23:52:22,163.13,68,of:000000000000000a,6
2026-04-24T23:52:22,163.13,68,of:000000000000000b,7
2026-04-24T23:52:22,163.13,68,of:0000000000000003,6
2026-04-24T23:52:22,163.13,68,of:0000000000000004,4
2026-04-24T23:52:22,163.13,68,of:0000000000000001,4
2026-04-24T23:52:22,163.13,68,of:0000000000000002,5
2026-04-24T23:52:22,163.13,68,of:0000000000000007,5
2026-04-24T23:52:22,163.13,68,of:0000000000000008,6
2026-04-24T23:52:22,163.13,68,of:0000000000000005,4
2026-04-24T23:52:22,163.13,68,of:0000000000000006,6
2026-04-24T23:52:22,163.13,68,of:0000000000000009,4
2026-04-24T23:52:23,164.14,68,of:000000000000000c,4
2026-04-24T23:52:23,164.14,68,of:000000000000000d,7
2026-04-24T23:52:23,164.14,68,of:000000000000000a,6
2026-04-24T23:52:23,164.14,68,of:000000000000000b,7
2026-04-24T23:52:23,164.14,68,of:0000000000000003,6
2026-04-24T23:52:23,164.14,68,of:0000000000000004,4
2026-04-24T23:52:23,164.14,68,of:0000000000000001,4
2026-04-24T23:52:23,164.14,68,of:0000000000000002,5
2026-04-24T23:52:23,164.14,68,of:0000000000000007,5
2026-04-24T23:52:23,164.14,68,of:0000000000000008,6
2026-04-24T23:52:23,164.14,68,of:0000000000000005,4
2026-04-24T23:52:23,164.14,68,of:0000000000000006,6
2026-04-24T23:52:23,164.14,68,of:0000000000000009,4
2026-04-24T23:52:25,165.95,68,of:000000000000000c,4
2026-04-24T23:52:25,165.95,68,of:000000000000000d,7
2026-04-24T23:52:25,165.95,68,of:000000000000000a,6
2026-04-24T23:52:25,165.95,68,of:000000000000000b,7
2026-04-24T23:52:25,165.95,68,of:0000000000000003,6
2026-04-24T23:52:25,165.95,68,of:0000000000000004,4
2026-04-24T23:52:25,165.95,68,of:0000000000000001,4
2026-04-24T23:52:25,165.95,68,of:0000000000000002,5
2026-04-24T23:52:25,165.95,68,of:0000000000000007,5
2026-04-24T23:52:25,165.95,68,of:0000000000000008,6
2026-04-24T23:52:25,165.95,68,of:0000000000000005,4
2026-04-24T23:52:25,165.95,68,of:0000000000000006,6
2026-04-24T23:52:25,165.95,68,of:0000000000000009,4
2026-04-24T23:52:26,167.03,68,of:000000000000000c,4
2026-04-24T23:52:26,167.03,68,of:000000000000000d,7
2026-04-24T23:52:26,167.03,68,of:000000000000000a,6
2026-04-24T23:52:26,167.03,68,of:000000000000000b,7
2026-04-24T23:52:26,167.03,68,of:0000000000000003,6
2026-04-24T23:52:26,167.03,68,of:0000000000000004,4
2026-04-24T23:52:26,167.03,68,of:0000000000000001,4
2026-04-24T23:52:26,167.03,68,of:0000000000000002,5
2026-04-24T23:52:26,167.03,68,of:0000000000000007,5
2026-04-24T23:52:26,167.03,68,of:0000000000000008,6
2026-04-24T23:52:26,167.03,68,of:0000000000000005,4
2026-04-24T23:52:26,167.03,68,of:0000000000000006,6
2026-04-24T23:52:26,167.03,68,of:0000000000000009,4
2026-04-24T23:52:27,168.04,68,of:000000000000000c,4
2026-04-24T23:52:27,168.04,68,of:000000000000000d,7
2026-04-24T23:52:27,168.04,68,of:000000000000000a,6
2026-04-24T23:52:27,168.04,68,of:000000000000000b,7
2026-04-24T23:52:27,168.04,68,of:0000000000000003,6
2026-04-24T23:52:27,168.04,68,of:0000000000000004,4
2026-04-24T23:52:27,168.04,68,of:0000000000000001,4
2026-04-24T23:52:27,168.04,68,of:0000000000000002,5
2026-04-24T23:52:27,168.04,68,of:0000000000000007,5
2026-04-24T23:52:27,168.04,68,of:0000000000000008,6
2026-04-24T23:52:27,168.04,68,of:0000000000000005,4
2026-04-24T23:52:27,168.04,68,of:0000000000000006,6
2026-04-24T23:52:27,168.04,68,of:0000000000000009,4
2026-04-24T23:52:28,169.05,68,of:000000000000000c,4
2026-04-24T23:52:28,169.05,68,of:000000000000000d,7
2026-04-24T23:52:28,169.05,68,of:000000000000000a,6
2026-04-24T23:52:28,169.05,68,of:000000000000000b,7
2026-04-24T23:52:28,169.05,68,of:0000000000000003,6
2026-04-24T23:52:28,169.05,68,of:0000000000000004,4
2026-04-24T23:52:28,169.05,68,of:0000000000000001,4
2026-04-24T23:52:28,169.05,68,of:0000000000000002,5
2026-04-24T23:52:28,169.05,68,of:0000000000000007,5
2026-04-24T23:52:28,169.05,68,of:0000000000000008,6
2026-04-24T23:52:28,169.05,68,of:0000000000000005,4
2026-04-24T23:52:28,169.05,68,of:0000000000000006,6
2026-04-24T23:52:28,169.05,68,of:0000000000000009,4
2026-04-24T23:52:29,170.06,68,of:000000000000000c,4
2026-04-24T23:52:29,170.06,68,of:000000000000000d,7
2026-04-24T23:52:29,170.06,68,of:000000000000000a,6
2026-04-24T23:52:29,170.06,68,of:000000000000000b,7
2026-04-24T23:52:29,170.06,68,of:0000000000000003,6
2026-04-24T23:52:29,170.06,68,of:0000000000000004,4
2026-04-24T23:52:29,170.06,68,of:0000000000000001,4
2026-04-24T23:52:29,170.06,68,of:0000000000000002,5
2026-04-24T23:52:29,170.06,68,of:0000000000000007,5
2026-04-24T23:52:29,170.06,68,of:0000000000000008,6
2026-04-24T23:52:29,170.06,68,of:0000000000000005,4
2026-04-24T23:52:29,170.06,68,of:0000000000000006,6
2026-04-24T23:52:29,170.06,68,of:0000000000000009,4
2026-04-24T23:52:30,171.07,68,of:000000000000000c,4
2026-04-24T23:52:30,171.07,68,of:000000000000000d,7
2026-04-24T23:52:30,171.07,68,of:000000000000000a,6
2026-04-24T23:52:30,171.07,68,of:000000000000000b,7
2026-04-24T23:52:30,171.07,68,of:0000000000000003,6
2026-04-24T23:52:30,171.07,68,of:0000000000000004,4
2026-04-24T23:52:30,171.07,68,of:0000000000000001,4
2026-04-24T23:52:30,171.07,68,of:0000000000000002,5
2026-04-24T23:52:30,171.07,68,of:0000000000000007,5
2026-04-24T23:52:30,171.07,68,of:0000000000000008,6
2026-04-24T23:52:30,171.07,68,of:0000000000000005,4
2026-04-24T23:52:30,171.07,68,of:0000000000000006,6
2026-04-24T23:52:30,171.07,68,of:0000000000000009,4
2026-04-24T23:52:31,172.08,68,of:000000000000000c,4
2026-04-24T23:52:31,172.08,68,of:000000000000000d,7
2026-04-24T23:52:31,172.08,68,of:000000000000000a,6
2026-04-24T23:52:31,172.08,68,of:000000000000000b,7
2026-04-24T23:52:31,172.08,68,of:0000000000000003,6
2026-04-24T23:52:31,172.08,68,of:0000000000000004,4
2026-04-24T23:52:31,172.08,68,of:0000000000000001,4
2026-04-24T23:52:31,172.08,68,of:0000000000000002,5
2026-04-24T23:52:31,172.08,68,of:0000000000000007,5
2026-04-24T23:52:31,172.08,68,of:0000000000000008,6
2026-04-24T23:52:31,172.08,68,of:0000000000000005,4
2026-04-24T23:52:31,172.08,68,of:0000000000000006,6
2026-04-24T23:52:31,172.08,68,of:0000000000000009,4
2026-04-24T23:52:33,173.91,68,of:000000000000000c,4
2026-04-24T23:52:33,173.91,68,of:000000000000000d,7
2026-04-24T23:52:33,173.91,68,of:000000000000000a,6
2026-04-24T23:52:33,173.91,68,of:000000000000000b,7
2026-04-24T23:52:33,173.91,68,of:0000000000000003,6
2026-04-24T23:52:33,173.91,68,of:0000000000000004,4
2026-04-24T23:52:33,173.91,68,of:0000000000000001,4
2026-04-24T23:52:33,173.91,68,of:0000000000000002,5
2026-04-24T23:52:33,173.91,68,of:0000000000000007,5
2026-04-24T23:52:33,173.91,68,of:0000000000000008,6
2026-04-24T23:52:33,173.91,68,of:0000000000000005,4
2026-04-24T23:52:33,173.91,68,of:0000000000000006,6
2026-04-24T23:52:33,173.91,68,of:0000000000000009,4
2026-04-24T23:52:34,175.05,68,of:000000000000000c,4
2026-04-24T23:52:34,175.05,68,of:000000000000000d,7
2026-04-24T23:52:34,175.05,68,of:000000000000000a,6
2026-04-24T23:52:34,175.05,68,of:000000000000000b,7
2026-04-24T23:52:34,175.05,68,of:0000000000000003,6
2026-04-24T23:52:34,175.05,68,of:0000000000000004,4
2026-04-24T23:52:34,175.05,68,of:0000000000000001,4
2026-04-24T23:52:34,175.05,68,of:0000000000000002,5
2026-04-24T23:52:34,175.05,68,of:0000000000000007,5
2026-04-24T23:52:34,175.05,68,of:0000000000000008,6
2026-04-24T23:52:34,175.05,68,of:0000000000000005,4
2026-04-24T23:52:34,175.05,68,of:0000000000000006,6
2026-04-24T23:52:34,175.05,68,of:0000000000000009,4
2026-04-24T23:52:35,176.06,68,of:000000000000000c,4
2026-04-24T23:52:35,176.06,68,of:000000000000000d,7
2026-04-24T23:52:35,176.06,68,of:000000000000000a,6
2026-04-24T23:52:35,176.06,68,of:000000000000000b,7
2026-04-24T23:52:35,176.06,68,of:0000000000000003,6
2026-04-24T23:52:35,176.06,68,of:0000000000000004,4
2026-04-24T23:52:35,176.06,68,of:0000000000000001,4
2026-04-24T23:52:35,176.06,68,of:0000000000000002,5
2026-04-24T23:52:35,176.06,68,of:0000000000000007,5
2026-04-24T23:52:35,176.06,68,of:0000000000000008,6
2026-04-24T23:52:35,176.06,68,of:0000000000000005,4
2026-04-24T23:52:35,176.06,68,of:0000000000000006,6
2026-04-24T23:52:35,176.06,68,of:0000000000000009,4
2026-04-24T23:52:36,177.07,68,of:000000000000000c,4
2026-04-24T23:52:36,177.07,68,of:000000000000000d,7
2026-04-24T23:52:36,177.07,68,of:000000000000000a,6
2026-04-24T23:52:36,177.07,68,of:000000000000000b,7
2026-04-24T23:52:36,177.07,68,of:0000000000000003,6
2026-04-24T23:52:36,177.07,68,of:0000000000000004,4
2026-04-24T23:52:36,177.07,68,of:0000000000000001,4
2026-04-24T23:52:36,177.07,68,of:0000000000000002,5
2026-04-24T23:52:36,177.07,68,of:0000000000000007,5
2026-04-24T23:52:36,177.07,68,of:0000000000000008,6
2026-04-24T23:52:36,177.07,68,of:0000000000000005,4
2026-04-24T23:52:36,177.07,68,of:0000000000000006,6
2026-04-24T23:52:36,177.07,68,of:0000000000000009,4
2026-04-24T23:52:37,178.08,68,of:000000000000000c,4
2026-04-24T23:52:37,178.08,68,of:000000000000000d,7
2026-04-24T23:52:37,178.08,68,of:000000000000000a,6
2026-04-24T23:52:37,178.08,68,of:000000000000000b,7
2026-04-24T23:52:37,178.08,68,of:0000000000000003,6
2026-04-24T23:52:37,178.08,68,of:0000000000000004,4
2026-04-24T23:52:37,178.08,68,of:0000000000000001,4
2026-04-24T23:52:37,178.08,68,of:0000000000000002,5
2026-04-24T23:52:37,178.08,68,of:0000000000000007,5
2026-04-24T23:52:37,178.08,68,of:0000000000000008,6
2026-04-24T23:52:37,178.08,68,of:0000000000000005,4
2026-04-24T23:52:37,178.08,68,of:0000000000000006,6
2026-04-24T23:52:37,178.08,68,of:0000000000000009,4
2026-04-24T23:52:38,179.09,68,of:000000000000000c,4
2026-04-24T23:52:38,179.09,68,of:000000000000000d,7
2026-04-24T23:52:38,179.09,68,of:000000000000000a,6
2026-04-24T23:52:38,179.09,68,of:000000000000000b,7
2026-04-24T23:52:38,179.09,68,of:0000000000000003,6
2026-04-24T23:52:38,179.09,68,of:0000000000000004,4
2026-04-24T23:52:38,179.09,68,of:0000000000000001,4
2026-04-24T23:52:38,179.09,68,of:0000000000000002,5
2026-04-24T23:52:38,179.09,68,of:0000000000000007,5
2026-04-24T23:52:38,179.09,68,of:0000000000000008,6
2026-04-24T23:52:38,179.09,68,of:0000000000000005,4
2026-04-24T23:52:38,179.09,68,of:0000000000000006,6
2026-04-24T23:52:38,179.09,68,of:0000000000000009,4
2026-04-24T23:52:39,180.1,68,of:000000000000000c,4
2026-04-24T23:52:39,180.1,68,of:000000000000000d,7
2026-04-24T23:52:39,180.1,68,of:000000000000000a,6
2026-04-24T23:52:39,180.1,68,of:000000000000000b,7
2026-04-24T23:52:39,180.1,68,of:0000000000000003,6
2026-04-24T23:52:39,180.1,68,of:0000000000000004,4
2026-04-24T23:52:39,180.1,68,of:0000000000000001,4
2026-04-24T23:52:39,180.1,68,of:0000000000000002,5
2026-04-24T23:52:39,180.1,68,of:0000000000000007,5
2026-04-24T23:52:39,180.1,68,of:0000000000000008,6
2026-04-24T23:52:39,180.1,68,of:0000000000000005,4
2026-04-24T23:52:39,180.1,68,of:0000000000000006,6
2026-04-24T23:52:39,180.1,68,of:0000000000000009,4
2026-04-24T23:52:40,181.11,68,of:000000000000000c,4
2026-04-24T23:52:40,181.11,68,of:000000000000000d,7
2026-04-24T23:52:40,181.11,68,of:000000000000000a,6
2026-04-24T23:52:40,181.11,68,of:000000000000000b,7
2026-04-24T23:52:40,181.11,68,of:0000000000000003,6
2026-04-24T23:52:40,181.11,68,of:0000000000000004,4
2026-04-24T23:52:40,181.11,68,of:0000000000000001,4
2026-04-24T23:52:40,181.11,68,of:0000000000000002,5
2026-04-24T23:52:40,181.11,68,of:0000000000000007,5
2026-04-24T23:52:40,181.11,68,of:0000000000000008,6
2026-04-24T23:52:40,181.11,68,of:0000000000000005,4
2026-04-24T23:52:40,181.11,68,of:0000000000000006,6
2026-04-24T23:52:40,181.11,68,of:0000000000000009,4
2026-04-24T23:52:41,182.12,68,of:000000000000000c,4
2026-04-24T23:52:41,182.12,68,of:000000000000000d,7
2026-04-24T23:52:41,182.12,68,of:000000000000000a,6
2026-04-24T23:52:41,182.12,68,of:000000000000000b,7
2026-04-24T23:52:41,182.12,68,of:0000000000000003,6
2026-04-24T23:52:41,182.12,68,of:0000000000000004,4
2026-04-24T23:52:41,182.12,68,of:0000000000000001,4
2026-04-24T23:52:41,182.12,68,of:0000000000000002,5
2026-04-24T23:52:41,182.12,68,of:0000000000000007,5
2026-04-24T23:52:41,182.12,68,of:0000000000000008,6
2026-04-24T23:52:41,182.12,68,of:0000000000000005,4
2026-04-24T23:52:41,182.12,68,of:0000000000000006,6
2026-04-24T23:52:41,182.12,68,of:0000000000000009,4
2026-04-24T23:52:42,183.13,68,of:000000000000000c,4
2026-04-24T23:52:42,183.13,68,of:000000000000000d,7
2026-04-24T23:52:42,183.13,68,of:000000000000000a,6
2026-04-24T23:52:42,183.13,68,of:000000000000000b,7
2026-04-24T23:52:42,183.13,68,of:0000000000000003,6
2026-04-24T23:52:42,183.13,68,of:0000000000000004,4
2026-04-24T23:52:42,183.13,68,of:0000000000000001,4
2026-04-24T23:52:42,183.13,68,of:0000000000000002,5
2026-04-24T23:52:42,183.13,68,of:0000000000000007,5
2026-04-24T23:52:42,183.13,68,of:0000000000000008,6
2026-04-24T23:52:42,183.13,68,of:0000000000000005,4
2026-04-24T23:52:42,183.13,68,of:0000000000000006,6
2026-04-24T23:52:42,183.13,68,of:0000000000000009,4
2026-04-24T23:52:44,184.91,68,of:000000000000000c,4
2026-04-24T23:52:44,184.91,68,of:000000000000000d,7
2026-04-24T23:52:44,184.91,68,of:000000000000000a,6
2026-04-24T23:52:44,184.91,68,of:000000000000000b,7
2026-04-24T23:52:44,184.91,68,of:0000000000000003,6
2026-04-24T23:52:44,184.91,68,of:0000000000000004,4
2026-04-24T23:52:44,184.91,68,of:0000000000000001,4
2026-04-24T23:52:44,184.91,68,of:0000000000000002,5
2026-04-24T23:52:44,184.91,68,of:0000000000000007,5
2026-04-24T23:52:44,184.91,68,of:0000000000000008,6
2026-04-24T23:52:44,184.91,68,of:0000000000000005,4
2026-04-24T23:52:44,184.91,68,of:0000000000000006,6
2026-04-24T23:52:44,184.91,68,of:0000000000000009,4
2026-04-24T23:52:45,186.17,68,of:000000000000000c,4
2026-04-24T23:52:45,186.17,68,of:000000000000000d,7
2026-04-24T23:52:45,186.17,68,of:000000000000000a,6
2026-04-24T23:52:45,186.17,68,of:000000000000000b,7
2026-04-24T23:52:45,186.17,68,of:0000000000000003,6
2026-04-24T23:52:45,186.17,68,of:0000000000000004,4
2026-04-24T23:52:45,186.17,68,of:0000000000000001,4
2026-04-24T23:52:45,186.17,68,of:0000000000000002,5
2026-04-24T23:52:45,186.17,68,of:0000000000000007,5
2026-04-24T23:52:45,186.17,68,of:0000000000000008,6
2026-04-24T23:52:45,186.17,68,of:0000000000000005,4
2026-04-24T23:52:45,186.17,68,of:0000000000000006,6
2026-04-24T23:52:45,186.17,68,of:0000000000000009,4
2026-04-24T23:52:46,187.18,68,of:000000000000000c,4
2026-04-24T23:52:46,187.18,68,of:000000000000000d,7
2026-04-24T23:52:46,187.18,68,of:000000000000000a,6
2026-04-24T23:52:46,187.18,68,of:000000000000000b,7
2026-04-24T23:52:46,187.18,68,of:0000000000000003,6
2026-04-24T23:52:46,187.18,68,of:0000000000000004,4
2026-04-24T23:52:46,187.18,68,of:0000000000000001,4
2026-04-24T23:52:46,187.18,68,of:0000000000000002,5
2026-04-24T23:52:46,187.18,68,of:0000000000000007,5
2026-04-24T23:52:46,187.18,68,of:0000000000000008,6
2026-04-24T23:52:46,187.18,68,of:0000000000000005,4
2026-04-24T23:52:46,187.18,68,of:0000000000000006,6
2026-04-24T23:52:46,187.18,68,of:0000000000000009,4
2026-04-24T23:52:47,188.19,68,of:000000000000000c,4
2026-04-24T23:52:47,188.19,68,of:000000000000000d,7
2026-04-24T23:52:47,188.19,68,of:000000000000000a,6
2026-04-24T23:52:47,188.19,68,of:000000000000000b,7
2026-04-24T23:52:47,188.19,68,of:0000000000000003,6
2026-04-24T23:52:47,188.19,68,of:0000000000000004,4
2026-04-24T23:52:47,188.19,68,of:0000000000000001,4
2026-04-24T23:52:47,188.19,68,of:0000000000000002,5
2026-04-24T23:52:47,188.19,68,of:0000000000000007,5
2026-04-24T23:52:47,188.19,68,of:0000000000000008,6
2026-04-24T23:52:47,188.19,68,of:0000000000000005,4
2026-04-24T23:52:47,188.19,68,of:0000000000000006,6
2026-04-24T23:52:47,188.19,68,of:0000000000000009,4
2026-04-24T23:52:48,189.2,68,of:000000000000000c,4
2026-04-24T23:52:48,189.2,68,of:000000000000000d,7
2026-04-24T23:52:48,189.2,68,of:000000000000000a,6
2026-04-24T23:52:48,189.2,68,of:000000000000000b,7
2026-04-24T23:52:48,189.2,68,of:0000000000000003,6
2026-04-24T23:52:48,189.2,68,of:0000000000000004,4
2026-04-24T23:52:48,189.2,68,of:0000000000000001,4
2026-04-24T23:52:48,189.2,68,of:0000000000000002,5
2026-04-24T23:52:48,189.2,68,of:0000000000000007,5
2026-04-24T23:52:48,189.2,68,of:0000000000000008,6
2026-04-24T23:52:48,189.2,68,of:0000000000000005,4
2026-04-24T23:52:48,189.2,68,of:0000000000000006,6
2026-04-24T23:52:48,189.2,68,of:0000000000000009,4
2026-04-24T23:52:49,190.21,68,of:000000000000000c,4
2026-04-24T23:52:49,190.21,68,of:000000000000000d,7
2026-04-24T23:52:49,190.21,68,of:000000000000000a,6
2026-04-24T23:52:49,190.21,68,of:000000000000000b,7
2026-04-24T23:52:49,190.21,68,of:0000000000000003,6
2026-04-24T23:52:49,190.21,68,of:0000000000000004,4
2026-04-24T23:52:49,190.21,68,of:0000000000000001,4
2026-04-24T23:52:49,190.21,68,of:0000000000000002,5
2026-04-24T23:52:49,190.21,68,of:0000000000000007,5
2026-04-24T23:52:49,190.21,68,of:0000000000000008,6
2026-04-24T23:52:49,190.21,68,of:0000000000000005,4
2026-04-24T23:52:49,190.21,68,of:0000000000000006,6
2026-04-24T23:52:49,190.21,68,of:0000000000000009,4
2026-04-24T23:52:50,191.23,68,of:000000000000000c,4
2026-04-24T23:52:50,191.23,68,of:000000000000000d,7
2026-04-24T23:52:50,191.23,68,of:000000000000000a,6
2026-04-24T23:52:50,191.23,68,of:000000000000000b,7
2026-04-24T23:52:50,191.23,68,of:0000000000000003,6
2026-04-24T23:52:50,191.23,68,of:0000000000000004,4
2026-04-24T23:52:50,191.23,68,of:0000000000000001,4
2026-04-24T23:52:50,191.23,68,of:0000000000000002,5
2026-04-24T23:52:50,191.23,68,of:0000000000000007,5
2026-04-24T23:52:50,191.23,68,of:0000000000000008,6
2026-04-24T23:52:50,191.23,68,of:0000000000000005,4
2026-04-24T23:52:50,191.23,68,of:0000000000000006,6
2026-04-24T23:52:50,191.23,68,of:0000000000000009,4
2026-04-24T23:52:51,192.24,68,of:000000000000000c,4
2026-04-24T23:52:51,192.24,68,of:000000000000000d,7
2026-04-24T23:52:51,192.24,68,of:000000000000000a,6
2026-04-24T23:52:51,192.24,68,of:000000000000000b,7
2026-04-24T23:52:51,192.24,68,of:0000000000000003,6
2026-04-24T23:52:51,192.24,68,of:0000000000000004,4
2026-04-24T23:52:51,192.24,68,of:0000000000000001,4
2026-04-24T23:52:51,192.24,68,of:0000000000000002,5
2026-04-24T23:52:51,192.24,68,of:0000000000000007,5
2026-04-24T23:52:51,192.24,68,of:0000000000000008,6
2026-04-24T23:52:51,192.24,68,of:0000000000000005,4
2026-04-24T23:52:51,192.24,68,of:0000000000000006,6
2026-04-24T23:52:51,192.24,68,of:0000000000000009,4
2026-04-24T23:52:52,193.26,68,of:000000000000000c,4
2026-04-24T23:52:52,193.26,68,of:000000000000000d,7
2026-04-24T23:52:52,193.26,68,of:000000000000000a,6
2026-04-24T23:52:52,193.26,68,of:000000000000000b,7
2026-04-24T23:52:52,193.26,68,of:0000000000000003,6
2026-04-24T23:52:52,193.26,68,of:0000000000000004,4
2026-04-24T23:52:52,193.26,68,of:0000000000000001,4
2026-04-24T23:52:52,193.26,68,of:0000000000000002,5
2026-04-24T23:52:52,193.26,68,of:0000000000000007,5
2026-04-24T23:52:52,193.26,68,of:0000000000000008,6
2026-04-24T23:52:52,193.26,68,of:0000000000000005,4
2026-04-24T23:52:52,193.26,68,of:0000000000000006,6
2026-04-24T23:52:52,193.26,68,of:0000000000000009,4
2026-04-24T23:52:53,194.27,68,of:000000000000000c,4
2026-04-24T23:52:53,194.27,68,of:000000000000000d,7
2026-04-24T23:52:53,194.27,68,of:000000000000000a,6
2026-04-24T23:52:53,194.27,68,of:000000000000000b,7
2026-04-24T23:52:53,194.27,68,of:0000000000000003,6
2026-04-24T23:52:53,194.27,68,of:0000000000000004,4
2026-04-24T23:52:53,194.27,68,of:0000000000000001,4
2026-04-24T23:52:53,194.27,68,of:0000000000000002,5
2026-04-24T23:52:53,194.27,68,of:0000000000000007,5
2026-04-24T23:52:53,194.27,68,of:0000000000000008,6
2026-04-24T23:52:53,194.27,68,of:0000000000000005,4
2026-04-24T23:52:53,194.27,68,of:0000000000000006,6
2026-04-24T23:52:53,194.27,68,of:0000000000000009,4
2026-04-24T23:52:54,195.28,68,of:000000000000000c,4
2026-04-24T23:52:54,195.28,68,of:000000000000000d,7
2026-04-24T23:52:54,195.28,68,of:000000000000000a,6
2026-04-24T23:52:54,195.28,68,of:000000000000000b,7
2026-04-24T23:52:54,195.28,68,of:0000000000000003,6
2026-04-24T23:52:54,195.28,68,of:0000000000000004,4
2026-04-24T23:52:54,195.28,68,of:0000000000000001,4
2026-04-24T23:52:54,195.28,68,of:0000000000000002,5
2026-04-24T23:52:54,195.28,68,of:0000000000000007,5
2026-04-24T23:52:54,195.28,68,of:0000000000000008,6
2026-04-24T23:52:54,195.28,68,of:0000000000000005,4
2026-04-24T23:52:54,195.28,68,of:0000000000000006,6
2026-04-24T23:52:54,195.28,68,of:0000000000000009,4
2026-04-24T23:52:55,196.29,68,of:000000000000000c,4
2026-04-24T23:52:55,196.29,68,of:000000000000000d,7
2026-04-24T23:52:55,196.29,68,of:000000000000000a,6
2026-04-24T23:52:55,196.29,68,of:000000000000000b,7
2026-04-24T23:52:55,196.29,68,of:0000000000000003,6
2026-04-24T23:52:55,196.29,68,of:0000000000000004,4
2026-04-24T23:52:55,196.29,68,of:0000000000000001,4
2026-04-24T23:52:55,196.29,68,of:0000000000000002,5
2026-04-24T23:52:55,196.29,68,of:0000000000000007,5
2026-04-24T23:52:55,196.29,68,of:0000000000000008,6
2026-04-24T23:52:55,196.29,68,of:0000000000000005,4
2026-04-24T23:52:55,196.29,68,of:0000000000000006,6
2026-04-24T23:52:55,196.29,68,of:0000000000000009,4
2026-04-24T23:52:56,197.3,68,of:000000000000000c,4
2026-04-24T23:52:56,197.3,68,of:000000000000000d,7
2026-04-24T23:52:56,197.3,68,of:000000000000000a,6
2026-04-24T23:52:56,197.3,68,of:000000000000000b,7
2026-04-24T23:52:56,197.3,68,of:0000000000000003,6
2026-04-24T23:52:56,197.3,68,of:0000000000000004,4
2026-04-24T23:52:56,197.3,68,of:0000000000000001,4
2026-04-24T23:52:56,197.3,68,of:0000000000000002,5
2026-04-24T23:52:56,197.3,68,of:0000000000000007,5
2026-04-24T23:52:56,197.3,68,of:0000000000000008,6
2026-04-24T23:52:56,197.3,68,of:0000000000000005,4
2026-04-24T23:52:56,197.3,68,of:0000000000000006,6
2026-04-24T23:52:56,197.3,68,of:0000000000000009,4
2026-04-24T23:52:57,198.31,68,of:000000000000000c,4
2026-04-24T23:52:57,198.31,68,of:000000000000000d,7
2026-04-24T23:52:57,198.31,68,of:000000000000000a,6
2026-04-24T23:52:57,198.31,68,of:000000000000000b,7
2026-04-24T23:52:57,198.31,68,of:0000000000000003,6
2026-04-24T23:52:57,198.31,68,of:0000000000000004,4
2026-04-24T23:52:57,198.31,68,of:0000000000000001,4
2026-04-24T23:52:57,198.31,68,of:0000000000000002,5
2026-04-24T23:52:57,198.31,68,of:0000000000000007,5
2026-04-24T23:52:57,198.31,68,of:0000000000000008,6
2026-04-24T23:52:57,198.31,68,of:0000000000000005,4
2026-04-24T23:52:57,198.31,68,of:0000000000000006,6
2026-04-24T23:52:57,198.31,68,of:0000000000000009,4
2026-04-24T23:52:58,199.32,68,of:000000000000000c,4
2026-04-24T23:52:58,199.32,68,of:000000000000000d,7
2026-04-24T23:52:58,199.32,68,of:000000000000000a,6
2026-04-24T23:52:58,199.32,68,of:000000000000000b,7
2026-04-24T23:52:58,199.32,68,of:0000000000000003,6
2026-04-24T23:52:58,199.32,68,of:0000000000000004,4
2026-04-24T23:52:58,199.32,68,of:0000000000000001,4
2026-04-24T23:52:58,199.32,68,of:0000000000000002,5
2026-04-24T23:52:58,199.32,68,of:0000000000000007,5
2026-04-24T23:52:58,199.32,68,of:0000000000000008,6
2026-04-24T23:52:58,199.32,68,of:0000000000000005,4
2026-04-24T23:52:58,199.32,68,of:0000000000000006,6
2026-04-24T23:52:58,199.32,68,of:0000000000000009,4
2026-04-24T23:52:59,200.32,68,of:000000000000000c,4
2026-04-24T23:52:59,200.32,68,of:000000000000000d,7
2026-04-24T23:52:59,200.32,68,of:000000000000000a,6
2026-04-24T23:52:59,200.32,68,of:000000000000000b,7
2026-04-24T23:52:59,200.32,68,of:0000000000000003,6
2026-04-24T23:52:59,200.32,68,of:0000000000000004,4
2026-04-24T23:52:59,200.32,68,of:0000000000000001,4
2026-04-24T23:52:59,200.32,68,of:0000000000000002,5
2026-04-24T23:52:59,200.32,68,of:0000000000000007,5
2026-04-24T23:52:59,200.32,68,of:0000000000000008,6
2026-04-24T23:52:59,200.32,68,of:0000000000000005,4
2026-04-24T23:52:59,200.32,68,of:0000000000000006,6
2026-04-24T23:52:59,200.32,68,of:0000000000000009,4
2026-04-24T23:53:00,201.33,68,of:000000000000000c,4
2026-04-24T23:53:00,201.33,68,of:000000000000000d,7
2026-04-24T23:53:00,201.33,68,of:000000000000000a,6
2026-04-24T23:53:00,201.33,68,of:000000000000000b,7
2026-04-24T23:53:00,201.33,68,of:0000000000000003,6
2026-04-24T23:53:00,201.33,68,of:0000000000000004,4
2026-04-24T23:53:00,201.33,68,of:0000000000000001,4
2026-04-24T23:53:00,201.33,68,of:0000000000000002,5
2026-04-24T23:53:00,201.33,68,of:0000000000000007,5
2026-04-24T23:53:00,201.33,68,of:0000000000000008,6
2026-04-24T23:53:00,201.33,68,of:0000000000000005,4
2026-04-24T23:53:00,201.33,68,of:0000000000000006,6
2026-04-24T23:53:00,201.33,68,of:0000000000000009,4
2026-04-24T23:53:01,202.34,68,of:000000000000000c,4
2026-04-24T23:53:01,202.34,68,of:000000000000000d,7
2026-04-24T23:53:01,202.34,68,of:000000000000000a,6
2026-04-24T23:53:01,202.34,68,of:000000000000000b,7
2026-04-24T23:53:01,202.34,68,of:0000000000000003,6
2026-04-24T23:53:01,202.34,68,of:0000000000000004,4
2026-04-24T23:53:01,202.34,68,of:0000000000000001,4
2026-04-24T23:53:01,202.34,68,of:0000000000000002,5
2026-04-24T23:53:01,202.34,68,of:0000000000000007,5
2026-04-24T23:53:01,202.34,68,of:0000000000000008,6
2026-04-24T23:53:01,202.34,68,of:0000000000000005,4
2026-04-24T23:53:01,202.34,68,of:0000000000000006,6
2026-04-24T23:53:01,202.34,68,of:0000000000000009,4
2026-04-24T23:53:02,203.35,68,of:000000000000000c,4
2026-04-24T23:53:02,203.35,68,of:000000000000000d,7
2026-04-24T23:53:02,203.35,68,of:000000000000000a,6
2026-04-24T23:53:02,203.35,68,of:000000000000000b,7
2026-04-24T23:53:02,203.35,68,of:0000000000000003,6
2026-04-24T23:53:02,203.35,68,of:0000000000000004,4
2026-04-24T23:53:02,203.35,68,of:0000000000000001,4
2026-04-24T23:53:02,203.35,68,of:0000000000000002,5
2026-04-24T23:53:02,203.35,68,of:0000000000000007,5
2026-04-24T23:53:02,203.35,68,of:0000000000000008,6
2026-04-24T23:53:02,203.35,68,of:0000000000000005,4
2026-04-24T23:53:02,203.35,68,of:0000000000000006,6
2026-04-24T23:53:02,203.35,68,of:0000000000000009,4
2026-04-24T23:53:03,204.36,68,of:000000000000000c,4
2026-04-24T23:53:03,204.36,68,of:000000000000000d,7
2026-04-24T23:53:03,204.36,68,of:000000000000000a,6
2026-04-24T23:53:03,204.36,68,of:000000000000000b,7
2026-04-24T23:53:03,204.36,68,of:0000000000000003,6
2026-04-24T23:53:03,204.36,68,of:0000000000000004,4
2026-04-24T23:53:03,204.36,68,of:0000000000000001,4
2026-04-24T23:53:03,204.36,68,of:0000000000000002,5
2026-04-24T23:53:03,204.36,68,of:0000000000000007,5
2026-04-24T23:53:03,204.36,68,of:0000000000000008,6
2026-04-24T23:53:03,204.36,68,of:0000000000000005,4
2026-04-24T23:53:03,204.36,68,of:0000000000000006,6
2026-04-24T23:53:03,204.36,68,of:0000000000000009,4
2026-04-24T23:53:04,205.37,68,of:000000000000000c,4
2026-04-24T23:53:04,205.37,68,of:000000000000000d,7
2026-04-24T23:53:04,205.37,68,of:000000000000000a,6
2026-04-24T23:53:04,205.37,68,of:000000000000000b,7
2026-04-24T23:53:04,205.37,68,of:0000000000000003,6
2026-04-24T23:53:04,205.37,68,of:0000000000000004,4
2026-04-24T23:53:04,205.37,68,of:0000000000000001,4
2026-04-24T23:53:04,205.37,68,of:0000000000000002,5
2026-04-24T23:53:04,205.37,68,of:0000000000000007,5
2026-04-24T23:53:04,205.37,68,of:0000000000000008,6
2026-04-24T23:53:04,205.37,68,of:0000000000000005,4
2026-04-24T23:53:04,205.37,68,of:0000000000000006,6
2026-04-24T23:53:04,205.37,68,of:0000000000000009,4
2026-04-24T23:53:05,206.38,68,of:000000000000000c,4
2026-04-24T23:53:05,206.38,68,of:000000000000000d,7
2026-04-24T23:53:05,206.38,68,of:000000000000000a,6
2026-04-24T23:53:05,206.38,68,of:000000000000000b,7
2026-04-24T23:53:05,206.38,68,of:0000000000000003,6
2026-04-24T23:53:05,206.38,68,of:0000000000000004,4
2026-04-24T23:53:05,206.38,68,of:0000000000000001,4
2026-04-24T23:53:05,206.38,68,of:0000000000000002,5
2026-04-24T23:53:05,206.38,68,of:0000000000000007,5
2026-04-24T23:53:05,206.38,68,of:0000000000000008,6
2026-04-24T23:53:05,206.38,68,of:0000000000000005,4
2026-04-24T23:53:05,206.38,68,of:0000000000000006,6
2026-04-24T23:53:05,206.38,68,of:0000000000000009,4
2026-04-24T23:53:06,207.39,68,of:000000000000000c,4
2026-04-24T23:53:06,207.39,68,of:000000000000000d,7
2026-04-24T23:53:06,207.39,68,of:000000000000000a,6
2026-04-24T23:53:06,207.39,68,of:000000000000000b,7
2026-04-24T23:53:06,207.39,68,of:0000000000000003,6
2026-04-24T23:53:06,207.39,68,of:0000000000000004,4
2026-04-24T23:53:06,207.39,68,of:0000000000000001,4
2026-04-24T23:53:06,207.39,68,of:0000000000000002,5
2026-04-24T23:53:06,207.39,68,of:0000000000000007,5
2026-04-24T23:53:06,207.39,68,of:0000000000000008,6
2026-04-24T23:53:06,207.39,68,of:0000000000000005,4
2026-04-24T23:53:06,207.39,68,of:0000000000000006,6
2026-04-24T23:53:06,207.39,68,of:0000000000000009,4
2026-04-24T23:53:07,208.4,68,of:000000000000000c,4
2026-04-24T23:53:07,208.4,68,of:000000000000000d,7
2026-04-24T23:53:07,208.4,68,of:000000000000000a,6
2026-04-24T23:53:07,208.4,68,of:000000000000000b,7
2026-04-24T23:53:07,208.4,68,of:0000000000000003,6
2026-04-24T23:53:07,208.4,68,of:0000000000000004,4
2026-04-24T23:53:07,208.4,68,of:0000000000000001,4
2026-04-24T23:53:07,208.4,68,of:0000000000000002,5
2026-04-24T23:53:07,208.4,68,of:0000000000000007,5
2026-04-24T23:53:07,208.4,68,of:0000000000000008,6
2026-04-24T23:53:07,208.4,68,of:0000000000000005,4
2026-04-24T23:53:07,208.4,68,of:0000000000000006,6
2026-04-24T23:53:07,208.4,68,of:0000000000000009,4
2026-04-24T23:53:09,209.41,68,of:000000000000000c,4
2026-04-24T23:53:09,209.41,68,of:000000000000000d,7
2026-04-24T23:53:09,209.41,68,of:000000000000000a,6
2026-04-24T23:53:09,209.41,68,of:000000000000000b,7
2026-04-24T23:53:09,209.41,68,of:0000000000000003,6
2026-04-24T23:53:09,209.41,68,of:0000000000000004,4
2026-04-24T23:53:09,209.41,68,of:0000000000000001,4
2026-04-24T23:53:09,209.41,68,of:0000000000000002,5
2026-04-24T23:53:09,209.41,68,of:0000000000000007,5
2026-04-24T23:53:09,209.41,68,of:0000000000000008,6
2026-04-24T23:53:09,209.41,68,of:0000000000000005,4
2026-04-24T23:53:09,209.41,68,of:0000000000000006,6
2026-04-24T23:53:09,209.41,68,of:0000000000000009,4
2026-04-24T23:53:10,210.42,68,of:000000000000000c,4
2026-04-24T23:53:10,210.42,68,of:000000000000000d,7
2026-04-24T23:53:10,210.42,68,of:000000000000000a,6
2026-04-24T23:53:10,210.42,68,of:000000000000000b,7
2026-04-24T23:53:10,210.42,68,of:0000000000000003,6
2026-04-24T23:53:10,210.42,68,of:0000000000000004,4
2026-04-24T23:53:10,210.42,68,of:0000000000000001,4
2026-04-24T23:53:10,210.42,68,of:0000000000000002,5
2026-04-24T23:53:10,210.42,68,of:0000000000000007,5
2026-04-24T23:53:10,210.42,68,of:0000000000000008,6
2026-04-24T23:53:10,210.42,68,of:0000000000000005,4
2026-04-24T23:53:10,210.42,68,of:0000000000000006,6
2026-04-24T23:53:10,210.42,68,of:0000000000000009,4
2026-04-24T23:53:11,211.43,68,of:000000000000000c,4
2026-04-24T23:53:11,211.43,68,of:000000000000000d,7
2026-04-24T23:53:11,211.43,68,of:000000000000000a,6
2026-04-24T23:53:11,211.43,68,of:000000000000000b,7
2026-04-24T23:53:11,211.43,68,of:0000000000000003,6
2026-04-24T23:53:11,211.43,68,of:0000000000000004,4
2026-04-24T23:53:11,211.43,68,of:0000000000000001,4
2026-04-24T23:53:11,211.43,68,of:0000000000000002,5
2026-04-24T23:53:11,211.43,68,of:0000000000000007,5
2026-04-24T23:53:11,211.43,68,of:0000000000000008,6
2026-04-24T23:53:11,211.43,68,of:0000000000000005,4
2026-04-24T23:53:11,211.43,68,of:0000000000000006,6
2026-04-24T23:53:11,211.43,68,of:0000000000000009,4
2026-04-24T23:53:12,212.44,68,of:000000000000000c,4
2026-04-24T23:53:12,212.44,68,of:000000000000000d,7
2026-04-24T23:53:12,212.44,68,of:000000000000000a,6
2026-04-24T23:53:12,212.44,68,of:000000000000000b,7
2026-04-24T23:53:12,212.44,68,of:0000000000000003,6
2026-04-24T23:53:12,212.44,68,of:0000000000000004,4
2026-04-24T23:53:12,212.44,68,of:0000000000000001,4
2026-04-24T23:53:12,212.44,68,of:0000000000000002,5
2026-04-24T23:53:12,212.44,68,of:0000000000000007,5
2026-04-24T23:53:12,212.44,68,of:0000000000000008,6
2026-04-24T23:53:12,212.44,68,of:0000000000000005,4
2026-04-24T23:53:12,212.44,68,of:0000000000000006,6
2026-04-24T23:53:12,212.44,68,of:0000000000000009,4
2026-04-24T23:53:13,213.45,68,of:000000000000000c,4
2026-04-24T23:53:13,213.45,68,of:000000000000000d,7
2026-04-24T23:53:13,213.45,68,of:000000000000000a,6
2026-04-24T23:53:13,213.45,68,of:000000000000000b,7
2026-04-24T23:53:13,213.45,68,of:0000000000000003,6
2026-04-24T23:53:13,213.45,68,of:0000000000000004,4
2026-04-24T23:53:13,213.45,68,of:0000000000000001,4
2026-04-24T23:53:13,213.45,68,of:0000000000000002,5
2026-04-24T23:53:13,213.45,68,of:0000000000000007,5
2026-04-24T23:53:13,213.45,68,of:0000000000000008,6
2026-04-24T23:53:13,213.45,68,of:0000000000000005,4
2026-04-24T23:53:13,213.45,68,of:0000000000000006,6
2026-04-24T23:53:13,213.45,68,of:0000000000000009,4
2026-04-24T23:53:14,214.46,68,of:000000000000000c,4
2026-04-24T23:53:14,214.46,68,of:000000000000000d,7
2026-04-24T23:53:14,214.46,68,of:000000000000000a,6
2026-04-24T23:53:14,214.46,68,of:000000000000000b,7
2026-04-24T23:53:14,214.46,68,of:0000000000000003,6
2026-04-24T23:53:14,214.46,68,of:0000000000000004,4
2026-04-24T23:53:14,214.46,68,of:0000000000000001,4
2026-04-24T23:53:14,214.46,68,of:0000000000000002,5
2026-04-24T23:53:14,214.46,68,of:0000000000000007,5
2026-04-24T23:53:14,214.46,68,of:0000000000000008,6
2026-04-24T23:53:14,214.46,68,of:0000000000000005,4
2026-04-24T23:53:14,214.46,68,of:0000000000000006,6
2026-04-24T23:53:14,214.46,68,of:0000000000000009,4
2026-04-24T23:53:15,215.47,68,of:000000000000000c,4
2026-04-24T23:53:15,215.47,68,of:000000000000000d,7
2026-04-24T23:53:15,215.47,68,of:000000000000000a,6
2026-04-24T23:53:15,215.47,68,of:000000000000000b,7
2026-04-24T23:53:15,215.47,68,of:0000000000000003,6
2026-04-24T23:53:15,215.47,68,of:0000000000000004,4
2026-04-24T23:53:15,215.47,68,of:0000000000000001,4
2026-04-24T23:53:15,215.47,68,of:0000000000000002,5
2026-04-24T23:53:15,215.47,68,of:0000000000000007,5
2026-04-24T23:53:15,215.47,68,of:0000000000000008,6
2026-04-24T23:53:15,215.47,68,of:0000000000000005,4
2026-04-24T23:53:15,215.47,68,of:0000000000000006,6
2026-04-24T23:53:15,215.47,68,of:0000000000000009,4
2026-04-24T23:53:16,216.48,68,of:000000000000000c,4
2026-04-24T23:53:16,216.48,68,of:000000000000000d,7
2026-04-24T23:53:16,216.48,68,of:000000000000000a,6
2026-04-24T23:53:16,216.48,68,of:000000000000000b,7
2026-04-24T23:53:16,216.48,68,of:0000000000000003,6
2026-04-24T23:53:16,216.48,68,of:0000000000000004,4
2026-04-24T23:53:16,216.48,68,of:0000000000000001,4
2026-04-24T23:53:16,216.48,68,of:0000000000000002,5
2026-04-24T23:53:16,216.48,68,of:0000000000000007,5
2026-04-24T23:53:16,216.48,68,of:0000000000000008,6
2026-04-24T23:53:16,216.48,68,of:0000000000000005,4
2026-04-24T23:53:16,216.48,68,of:0000000000000006,6
2026-04-24T23:53:16,216.48,68,of:0000000000000009,4
2026-04-24T23:53:17,217.49,68,of:000000000000000c,4
2026-04-24T23:53:17,217.49,68,of:000000000000000d,7
2026-04-24T23:53:17,217.49,68,of:000000000000000a,6
2026-04-24T23:53:17,217.49,68,of:000000000000000b,7
2026-04-24T23:53:17,217.49,68,of:0000000000000003,6
2026-04-24T23:53:17,217.49,68,of:0000000000000004,4
2026-04-24T23:53:17,217.49,68,of:0000000000000001,4
2026-04-24T23:53:17,217.49,68,of:0000000000000002,5
2026-04-24T23:53:17,217.49,68,of:0000000000000007,5
2026-04-24T23:53:17,217.49,68,of:0000000000000008,6
2026-04-24T23:53:17,217.49,68,of:0000000000000005,4
2026-04-24T23:53:17,217.49,68,of:0000000000000006,6
2026-04-24T23:53:17,217.49,68,of:0000000000000009,4
2026-04-24T23:53:18,218.5,68,of:000000000000000c,4
2026-04-24T23:53:18,218.5,68,of:000000000000000d,7
2026-04-24T23:53:18,218.5,68,of:000000000000000a,6
2026-04-24T23:53:18,218.5,68,of:000000000000000b,7
2026-04-24T23:53:18,218.5,68,of:0000000000000003,6
2026-04-24T23:53:18,218.5,68,of:0000000000000004,4
2026-04-24T23:53:18,218.5,68,of:0000000000000001,4
2026-04-24T23:53:18,218.5,68,of:0000000000000002,5
2026-04-24T23:53:18,218.5,68,of:0000000000000007,5
2026-04-24T23:53:18,218.5,68,of:0000000000000008,6
2026-04-24T23:53:18,218.5,68,of:0000000000000005,4
2026-04-24T23:53:18,218.5,68,of:0000000000000006,6
2026-04-24T23:53:18,218.5,68,of:0000000000000009,4
2026-04-24T23:53:19,219.51,68,of:000000000000000c,4
2026-04-24T23:53:19,219.51,68,of:000000000000000d,7
2026-04-24T23:53:19,219.51,68,of:000000000000000a,6
2026-04-24T23:53:19,219.51,68,of:000000000000000b,7
2026-04-24T23:53:19,219.51,68,of:0000000000000003,6
2026-04-24T23:53:19,219.51,68,of:0000000000000004,4
2026-04-24T23:53:19,219.51,68,of:0000000000000001,4
2026-04-24T23:53:19,219.51,68,of:0000000000000002,5
2026-04-24T23:53:19,219.51,68,of:0000000000000007,5
2026-04-24T23:53:19,219.51,68,of:0000000000000008,6
2026-04-24T23:53:19,219.51,68,of:0000000000000005,4
2026-04-24T23:53:19,219.51,68,of:0000000000000006,6
2026-04-24T23:53:19,219.51,68,of:0000000000000009,4
2026-04-24T23:53:20,220.52,68,of:000000000000000c,4
2026-04-24T23:53:20,220.52,68,of:000000000000000d,7
2026-04-24T23:53:20,220.52,68,of:000000000000000a,6
2026-04-24T23:53:20,220.52,68,of:000000000000000b,7
2026-04-24T23:53:20,220.52,68,of:0000000000000003,6
2026-04-24T23:53:20,220.52,68,of:0000000000000004,4
2026-04-24T23:53:20,220.52,68,of:0000000000000001,4
2026-04-24T23:53:20,220.52,68,of:0000000000000002,5
2026-04-24T23:53:20,220.52,68,of:0000000000000007,5
2026-04-24T23:53:20,220.52,68,of:0000000000000008,6
2026-04-24T23:53:20,220.52,68,of:0000000000000005,4
2026-04-24T23:53:20,220.52,68,of:0000000000000006,6
2026-04-24T23:53:20,220.52,68,of:0000000000000009,4
2026-04-24T23:53:21,221.53,68,of:000000000000000c,4
2026-04-24T23:53:21,221.53,68,of:000000000000000d,7
2026-04-24T23:53:21,221.53,68,of:000000000000000a,6
2026-04-24T23:53:21,221.53,68,of:000000000000000b,7
2026-04-24T23:53:21,221.53,68,of:0000000000000003,6
2026-04-24T23:53:21,221.53,68,of:0000000000000004,4
2026-04-24T23:53:21,221.53,68,of:0000000000000001,4
2026-04-24T23:53:21,221.53,68,of:0000000000000002,5
2026-04-24T23:53:21,221.53,68,of:0000000000000007,5
2026-04-24T23:53:21,221.53,68,of:0000000000000008,6
2026-04-24T23:53:21,221.53,68,of:0000000000000005,4
2026-04-24T23:53:21,221.53,68,of:0000000000000006,6
2026-04-24T23:53:21,221.53,68,of:0000000000000009,4
2026-04-24T23:53:22,222.9,68,of:000000000000000c,4
2026-04-24T23:53:22,222.9,68,of:000000000000000d,7
2026-04-24T23:53:22,222.9,68,of:000000000000000a,6
2026-04-24T23:53:22,222.9,68,of:000000000000000b,7
2026-04-24T23:53:22,222.9,68,of:0000000000000003,6
2026-04-24T23:53:22,222.9,68,of:0000000000000004,4
2026-04-24T23:53:22,222.9,68,of:0000000000000001,4
2026-04-24T23:53:22,222.9,68,of:0000000000000002,5
2026-04-24T23:53:22,222.9,68,of:0000000000000007,5
2026-04-24T23:53:22,222.9,68,of:0000000000000008,6
2026-04-24T23:53:22,222.9,68,of:0000000000000005,4
2026-04-24T23:53:22,222.9,68,of:0000000000000006,6
2026-04-24T23:53:22,222.9,68,of:0000000000000009,4
2026-04-24T23:53:23,223.93,68,of:000000000000000c,4
2026-04-24T23:53:23,223.93,68,of:000000000000000d,7
2026-04-24T23:53:23,223.93,68,of:000000000000000a,6
2026-04-24T23:53:23,223.93,68,of:000000000000000b,7
2026-04-24T23:53:23,223.93,68,of:0000000000000003,6
2026-04-24T23:53:23,223.93,68,of:0000000000000004,4
2026-04-24T23:53:23,223.93,68,of:0000000000000001,4
2026-04-24T23:53:23,223.93,68,of:0000000000000002,5
2026-04-24T23:53:23,223.93,68,of:0000000000000007,5
2026-04-24T23:53:23,223.93,68,of:0000000000000008,6
2026-04-24T23:53:23,223.93,68,of:0000000000000005,4
2026-04-24T23:53:23,223.93,68,of:0000000000000006,6
2026-04-24T23:53:23,223.93,68,of:0000000000000009,4
2026-04-24T23:53:24,224.94,68,of:000000000000000c,4
2026-04-24T23:53:24,224.94,68,of:000000000000000d,7
2026-04-24T23:53:24,224.94,68,of:000000000000000a,6
2026-04-24T23:53:24,224.94,68,of:000000000000000b,7
2026-04-24T23:53:24,224.94,68,of:0000000000000003,6
2026-04-24T23:53:24,224.94,68,of:0000000000000004,4
2026-04-24T23:53:24,224.94,68,of:0000000000000001,4
2026-04-24T23:53:24,224.94,68,of:0000000000000002,5
2026-04-24T23:53:24,224.94,68,of:0000000000000007,5
2026-04-24T23:53:24,224.94,68,of:0000000000000008,6
2026-04-24T23:53:24,224.94,68,of:0000000000000005,4
2026-04-24T23:53:24,224.94,68,of:0000000000000006,6
2026-04-24T23:53:24,224.94,68,of:0000000000000009,4
2026-04-24T23:53:25,225.95,68,of:000000000000000c,4
2026-04-24T23:53:25,225.95,68,of:000000000000000d,7
2026-04-24T23:53:25,225.95,68,of:000000000000000a,6
2026-04-24T23:53:25,225.95,68,of:000000000000000b,7
2026-04-24T23:53:25,225.95,68,of:0000000000000003,6
2026-04-24T23:53:25,225.95,68,of:0000000000000004,4
2026-04-24T23:53:25,225.95,68,of:0000000000000001,4
2026-04-24T23:53:25,225.95,68,of:0000000000000002,5
2026-04-24T23:53:25,225.95,68,of:0000000000000007,5
2026-04-24T23:53:25,225.95,68,of:0000000000000008,6
2026-04-24T23:53:25,225.95,68,of:0000000000000005,4
2026-04-24T23:53:25,225.95,68,of:0000000000000006,6
2026-04-24T23:53:25,225.95,68,of:0000000000000009,4
2026-04-24T23:53:26,226.96,68,of:000000000000000c,4
2026-04-24T23:53:26,226.96,68,of:000000000000000d,7
2026-04-24T23:53:26,226.96,68,of:000000000000000a,6
2026-04-24T23:53:26,226.96,68,of:000000000000000b,7
2026-04-24T23:53:26,226.96,68,of:0000000000000003,6
2026-04-24T23:53:26,226.96,68,of:0000000000000004,4
2026-04-24T23:53:26,226.96,68,of:0000000000000001,4
2026-04-24T23:53:26,226.96,68,of:0000000000000002,5
2026-04-24T23:53:26,226.96,68,of:0000000000000007,5
2026-04-24T23:53:26,226.96,68,of:0000000000000008,6
2026-04-24T23:53:26,226.96,68,of:0000000000000005,4
2026-04-24T23:53:26,226.96,68,of:0000000000000006,6
2026-04-24T23:53:26,226.96,68,of:0000000000000009,4
2026-04-24T23:53:27,227.97,68,of:000000000000000c,4
2026-04-24T23:53:27,227.97,68,of:000000000000000d,7
2026-04-24T23:53:27,227.97,68,of:000000000000000a,6
2026-04-24T23:53:27,227.97,68,of:000000000000000b,7
2026-04-24T23:53:27,227.97,68,of:0000000000000003,6
2026-04-24T23:53:27,227.97,68,of:0000000000000004,4
2026-04-24T23:53:27,227.97,68,of:0000000000000001,4
2026-04-24T23:53:27,227.97,68,of:0000000000000002,5
2026-04-24T23:53:27,227.97,68,of:0000000000000007,5
2026-04-24T23:53:27,227.97,68,of:0000000000000008,6
2026-04-24T23:53:27,227.97,68,of:0000000000000005,4
2026-04-24T23:53:27,227.97,68,of:0000000000000006,6
2026-04-24T23:53:27,227.97,68,of:0000000000000009,4
2026-04-24T23:53:28,228.98,68,of:000000000000000c,4
2026-04-24T23:53:28,228.98,68,of:000000000000000d,7
2026-04-24T23:53:28,228.98,68,of:000000000000000a,6
2026-04-24T23:53:28,228.98,68,of:000000000000000b,7
2026-04-24T23:53:28,228.98,68,of:0000000000000003,6
2026-04-24T23:53:28,228.98,68,of:0000000000000004,4
2026-04-24T23:53:28,228.98,68,of:0000000000000001,4
2026-04-24T23:53:28,228.98,68,of:0000000000000002,5
2026-04-24T23:53:28,228.98,68,of:0000000000000007,5
2026-04-24T23:53:28,228.98,68,of:0000000000000008,6
2026-04-24T23:53:28,228.98,68,of:0000000000000005,4
2026-04-24T23:53:28,228.98,68,of:0000000000000006,6
2026-04-24T23:53:28,228.98,68,of:0000000000000009,4
2026-04-24T23:53:29,229.99,68,of:000000000000000c,4
2026-04-24T23:53:29,229.99,68,of:000000000000000d,7
2026-04-24T23:53:29,229.99,68,of:000000000000000a,6
2026-04-24T23:53:29,229.99,68,of:000000000000000b,7
2026-04-24T23:53:29,229.99,68,of:0000000000000003,6
2026-04-24T23:53:29,229.99,68,of:0000000000000004,4
2026-04-24T23:53:29,229.99,68,of:0000000000000001,4
2026-04-24T23:53:29,229.99,68,of:0000000000000002,5
2026-04-24T23:53:29,229.99,68,of:0000000000000007,5
2026-04-24T23:53:29,229.99,68,of:0000000000000008,6
2026-04-24T23:53:29,229.99,68,of:0000000000000005,4
2026-04-24T23:53:29,229.99,68,of:0000000000000006,6
2026-04-24T23:53:29,229.99,68,of:0000000000000009,4
2026-04-24T23:53:30,231.01,68,of:000000000000000c,4
2026-04-24T23:53:30,231.01,68,of:000000000000000d,7
2026-04-24T23:53:30,231.01,68,of:000000000000000a,6
2026-04-24T23:53:30,231.01,68,of:000000000000000b,7
2026-04-24T23:53:30,231.01,68,of:0000000000000003,6
2026-04-24T23:53:30,231.01,68,of:0000000000000004,4
2026-04-24T23:53:30,231.01,68,of:0000000000000001,4
2026-04-24T23:53:30,231.01,68,of:0000000000000002,5
2026-04-24T23:53:30,231.01,68,of:0000000000000007,5
2026-04-24T23:53:30,231.01,68,of:0000000000000008,6
2026-04-24T23:53:30,231.01,68,of:0000000000000005,4
2026-04-24T23:53:30,231.01,68,of:0000000000000006,6
2026-04-24T23:53:30,231.01,68,of:0000000000000009,4
2026-04-24T23:53:31,232.01,68,of:000000000000000c,4
2026-04-24T23:53:31,232.01,68,of:000000000000000d,7
2026-04-24T23:53:31,232.01,68,of:000000000000000a,6
2026-04-24T23:53:31,232.01,68,of:000000000000000b,7
2026-04-24T23:53:31,232.01,68,of:0000000000000003,6
2026-04-24T23:53:31,232.01,68,of:0000000000000004,4
2026-04-24T23:53:31,232.01,68,of:0000000000000001,4
2026-04-24T23:53:31,232.01,68,of:0000000000000002,5
2026-04-24T23:53:31,232.01,68,of:0000000000000007,5
2026-04-24T23:53:31,232.01,68,of:0000000000000008,6
2026-04-24T23:53:31,232.01,68,of:0000000000000005,4
2026-04-24T23:53:31,232.01,68,of:0000000000000006,6
2026-04-24T23:53:31,232.01,68,of:0000000000000009,4
2026-04-24T23:53:32,233.02,68,of:000000000000000c,4
2026-04-24T23:53:32,233.02,68,of:000000000000000d,7
2026-04-24T23:53:32,233.02,68,of:000000000000000a,6
2026-04-24T23:53:32,233.02,68,of:000000000000000b,7
2026-04-24T23:53:32,233.02,68,of:0000000000000003,6
2026-04-24T23:53:32,233.02,68,of:0000000000000004,4
2026-04-24T23:53:32,233.02,68,of:0000000000000001,4
2026-04-24T23:53:32,233.02,68,of:0000000000000002,5
2026-04-24T23:53:32,233.02,68,of:0000000000000007,5
2026-04-24T23:53:32,233.02,68,of:0000000000000008,6
2026-04-24T23:53:32,233.02,68,of:0000000000000005,4
2026-04-24T23:53:32,233.02,68,of:0000000000000006,6
2026-04-24T23:53:32,233.02,68,of:0000000000000009,4
2026-04-24T23:53:33,234.03,68,of:000000000000000c,4
2026-04-24T23:53:33,234.03,68,of:000000000000000d,7
2026-04-24T23:53:33,234.03,68,of:000000000000000a,6
2026-04-24T23:53:33,234.03,68,of:000000000000000b,7
2026-04-24T23:53:33,234.03,68,of:0000000000000003,6
2026-04-24T23:53:33,234.03,68,of:0000000000000004,4
2026-04-24T23:53:33,234.03,68,of:0000000000000001,4
2026-04-24T23:53:33,234.03,68,of:0000000000000002,5
2026-04-24T23:53:33,234.03,68,of:0000000000000007,5
2026-04-24T23:53:33,234.03,68,of:0000000000000008,6
2026-04-24T23:53:33,234.03,68,of:0000000000000005,4
2026-04-24T23:53:33,234.03,68,of:0000000000000006,6
2026-04-24T23:53:33,234.03,68,of:0000000000000009,4
2026-04-24T23:53:34,235.04,68,of:000000000000000c,4
2026-04-24T23:53:34,235.04,68,of:000000000000000d,7
2026-04-24T23:53:34,235.04,68,of:000000000000000a,6
2026-04-24T23:53:34,235.04,68,of:000000000000000b,7
2026-04-24T23:53:34,235.04,68,of:0000000000000003,6
2026-04-24T23:53:34,235.04,68,of:0000000000000004,4
2026-04-24T23:53:34,235.04,68,of:0000000000000001,4
2026-04-24T23:53:34,235.04,68,of:0000000000000002,5
2026-04-24T23:53:34,235.04,68,of:0000000000000007,5
2026-04-24T23:53:34,235.04,68,of:0000000000000008,6
2026-04-24T23:53:34,235.04,68,of:0000000000000005,4
2026-04-24T23:53:34,235.04,68,of:0000000000000006,6
2026-04-24T23:53:34,235.04,68,of:0000000000000009,4
2026-04-24T23:53:35,236.05,68,of:000000000000000c,4
2026-04-24T23:53:35,236.05,68,of:000000000000000d,7
2026-04-24T23:53:35,236.05,68,of:000000000000000a,6
2026-04-24T23:53:35,236.05,68,of:000000000000000b,7
2026-04-24T23:53:35,236.05,68,of:0000000000000003,6
2026-04-24T23:53:35,236.05,68,of:0000000000000004,4
2026-04-24T23:53:35,236.05,68,of:0000000000000001,4
2026-04-24T23:53:35,236.05,68,of:0000000000000002,5
2026-04-24T23:53:35,236.05,68,of:0000000000000007,5
2026-04-24T23:53:35,236.05,68,of:0000000000000008,6
2026-04-24T23:53:35,236.05,68,of:0000000000000005,4
2026-04-24T23:53:35,236.05,68,of:0000000000000006,6
2026-04-24T23:53:35,236.05,68,of:0000000000000009,4
2026-04-24T23:53:36,237.06,68,of:000000000000000c,4
2026-04-24T23:53:36,237.06,68,of:000000000000000d,7
2026-04-24T23:53:36,237.06,68,of:000000000000000a,6
2026-04-24T23:53:36,237.06,68,of:000000000000000b,7
2026-04-24T23:53:36,237.06,68,of:0000000000000003,6
2026-04-24T23:53:36,237.06,68,of:0000000000000004,4
2026-04-24T23:53:36,237.06,68,of:0000000000000001,4
2026-04-24T23:53:36,237.06,68,of:0000000000000002,5
2026-04-24T23:53:36,237.06,68,of:0000000000000007,5
2026-04-24T23:53:36,237.06,68,of:0000000000000008,6
2026-04-24T23:53:36,237.06,68,of:0000000000000005,4
2026-04-24T23:53:36,237.06,68,of:0000000000000006,6
2026-04-24T23:53:36,237.06,68,of:0000000000000009,4
2026-04-24T23:53:37,238.08,68,of:000000000000000c,4
2026-04-24T23:53:37,238.08,68,of:000000000000000d,7
2026-04-24T23:53:37,238.08,68,of:000000000000000a,6
2026-04-24T23:53:37,238.08,68,of:000000000000000b,7
2026-04-24T23:53:37,238.08,68,of:0000000000000003,6
2026-04-24T23:53:37,238.08,68,of:0000000000000004,4
2026-04-24T23:53:37,238.08,68,of:0000000000000001,4
2026-04-24T23:53:37,238.08,68,of:0000000000000002,5
2026-04-24T23:53:37,238.08,68,of:0000000000000007,5
2026-04-24T23:53:37,238.08,68,of:0000000000000008,6
2026-04-24T23:53:37,238.08,68,of:0000000000000005,4
2026-04-24T23:53:37,238.08,68,of:0000000000000006,6
2026-04-24T23:53:37,238.08,68,of:0000000000000009,4
2026-04-24T23:53:38,239.1,68,of:000000000000000c,4
2026-04-24T23:53:38,239.1,68,of:000000000000000d,7
2026-04-24T23:53:38,239.1,68,of:000000000000000a,6
2026-04-24T23:53:38,239.1,68,of:000000000000000b,7
2026-04-24T23:53:38,239.1,68,of:0000000000000003,6
2026-04-24T23:53:38,239.1,68,of:0000000000000004,4
2026-04-24T23:53:38,239.1,68,of:0000000000000001,4
2026-04-24T23:53:38,239.1,68,of:0000000000000002,5
2026-04-24T23:53:38,239.1,68,of:0000000000000007,5
2026-04-24T23:53:38,239.1,68,of:0000000000000008,6
2026-04-24T23:53:38,239.1,68,of:0000000000000005,4
2026-04-24T23:53:38,239.1,68,of:0000000000000006,6
2026-04-24T23:53:38,239.1,68,of:0000000000000009,4
2026-04-24T23:53:39,240.11,68,of:000000000000000c,4
2026-04-24T23:53:39,240.11,68,of:000000000000000d,7
2026-04-24T23:53:39,240.11,68,of:000000000000000a,6
2026-04-24T23:53:39,240.11,68,of:000000000000000b,7
2026-04-24T23:53:39,240.11,68,of:0000000000000003,6
2026-04-24T23:53:39,240.11,68,of:0000000000000004,4
2026-04-24T23:53:39,240.11,68,of:0000000000000001,4
2026-04-24T23:53:39,240.11,68,of:0000000000000002,5
2026-04-24T23:53:39,240.11,68,of:0000000000000007,5
2026-04-24T23:53:39,240.11,68,of:0000000000000008,6
2026-04-24T23:53:39,240.11,68,of:0000000000000005,4
2026-04-24T23:53:39,240.11,68,of:0000000000000006,6
2026-04-24T23:53:39,240.11,68,of:0000000000000009,4
2026-04-24T23:53:40,241.11,68,of:000000000000000c,4
2026-04-24T23:53:40,241.11,68,of:000000000000000d,7
2026-04-24T23:53:40,241.11,68,of:000000000000000a,6
2026-04-24T23:53:40,241.11,68,of:000000000000000b,7
2026-04-24T23:53:40,241.11,68,of:0000000000000003,6
2026-04-24T23:53:40,241.11,68,of:0000000000000004,4
2026-04-24T23:53:40,241.11,68,of:0000000000000001,4
2026-04-24T23:53:40,241.11,68,of:0000000000000002,5
2026-04-24T23:53:40,241.11,68,of:0000000000000007,5
2026-04-24T23:53:40,241.11,68,of:0000000000000008,6
2026-04-24T23:53:40,241.11,68,of:0000000000000005,4
2026-04-24T23:53:40,241.11,68,of:0000000000000006,6
2026-04-24T23:53:40,241.11,68,of:0000000000000009,4
2026-04-24T23:53:41,242.12,68,of:000000000000000c,4
2026-04-24T23:53:41,242.12,68,of:000000000000000d,7
2026-04-24T23:53:41,242.12,68,of:000000000000000a,6
2026-04-24T23:53:41,242.12,68,of:000000000000000b,7
2026-04-24T23:53:41,242.12,68,of:0000000000000003,6
2026-04-24T23:53:41,242.12,68,of:0000000000000004,4
2026-04-24T23:53:41,242.12,68,of:0000000000000001,4
2026-04-24T23:53:41,242.12,68,of:0000000000000002,5
2026-04-24T23:53:41,242.12,68,of:0000000000000007,5
2026-04-24T23:53:41,242.12,68,of:0000000000000008,6
2026-04-24T23:53:41,242.12,68,of:0000000000000005,4
2026-04-24T23:53:41,242.12,68,of:0000000000000006,6
2026-04-24T23:53:41,242.12,68,of:0000000000000009,4
2026-04-24T23:53:42,243.13,68,of:000000000000000c,4
2026-04-24T23:53:42,243.13,68,of:000000000000000d,7
2026-04-24T23:53:42,243.13,68,of:000000000000000a,6
2026-04-24T23:53:42,243.13,68,of:000000000000000b,7
2026-04-24T23:53:42,243.13,68,of:0000000000000003,6
2026-04-24T23:53:42,243.13,68,of:0000000000000004,4
2026-04-24T23:53:42,243.13,68,of:0000000000000001,4
2026-04-24T23:53:42,243.13,68,of:0000000000000002,5
2026-04-24T23:53:42,243.13,68,of:0000000000000007,5
2026-04-24T23:53:42,243.13,68,of:0000000000000008,6
2026-04-24T23:53:42,243.13,68,of:0000000000000005,4
2026-04-24T23:53:42,243.13,68,of:0000000000000006,6
2026-04-24T23:53:42,243.13,68,of:0000000000000009,4
2026-04-24T23:53:43,244.14,68,of:000000000000000c,4
2026-04-24T23:53:43,244.14,68,of:000000000000000d,7
2026-04-24T23:53:43,244.14,68,of:000000000000000a,6
2026-04-24T23:53:43,244.14,68,of:000000000000000b,7
2026-04-24T23:53:43,244.14,68,of:0000000000000003,6
2026-04-24T23:53:43,244.14,68,of:0000000000000004,4
2026-04-24T23:53:43,244.14,68,of:0000000000000001,4
2026-04-24T23:53:43,244.14,68,of:0000000000000002,5
2026-04-24T23:53:43,244.14,68,of:0000000000000007,5
2026-04-24T23:53:43,244.14,68,of:0000000000000008,6
2026-04-24T23:53:43,244.14,68,of:0000000000000005,4
2026-04-24T23:53:43,244.14,68,of:0000000000000006,6
2026-04-24T23:53:43,244.14,68,of:0000000000000009,4
2026-04-24T23:53:44,245.15,68,of:000000000000000c,4
2026-04-24T23:53:44,245.15,68,of:000000000000000d,7
2026-04-24T23:53:44,245.15,68,of:000000000000000a,6
2026-04-24T23:53:44,245.15,68,of:000000000000000b,7
2026-04-24T23:53:44,245.15,68,of:0000000000000003,6
2026-04-24T23:53:44,245.15,68,of:0000000000000004,4
2026-04-24T23:53:44,245.15,68,of:0000000000000001,4
2026-04-24T23:53:44,245.15,68,of:0000000000000002,5
2026-04-24T23:53:44,245.15,68,of:0000000000000007,5
2026-04-24T23:53:44,245.15,68,of:0000000000000008,6
2026-04-24T23:53:44,245.15,68,of:0000000000000005,4
2026-04-24T23:53:44,245.15,68,of:0000000000000006,6
2026-04-24T23:53:44,245.15,68,of:0000000000000009,4
2026-04-24T23:53:45,246.18,68,of:000000000000000c,4
2026-04-24T23:53:45,246.18,68,of:000000000000000d,7
2026-04-24T23:53:45,246.18,68,of:000000000000000a,6
2026-04-24T23:53:45,246.18,68,of:000000000000000b,7
2026-04-24T23:53:45,246.18,68,of:0000000000000003,6
2026-04-24T23:53:45,246.18,68,of:0000000000000004,4
2026-04-24T23:53:45,246.18,68,of:0000000000000001,4
2026-04-24T23:53:45,246.18,68,of:0000000000000002,5
2026-04-24T23:53:45,246.18,68,of:0000000000000007,5
2026-04-24T23:53:45,246.18,68,of:0000000000000008,6
2026-04-24T23:53:45,246.18,68,of:0000000000000005,4
2026-04-24T23:53:45,246.18,68,of:0000000000000006,6
2026-04-24T23:53:45,246.18,68,of:0000000000000009,4
2026-04-24T23:53:46,247.19,68,of:000000000000000c,4
2026-04-24T23:53:46,247.19,68,of:000000000000000d,7
2026-04-24T23:53:46,247.19,68,of:000000000000000a,6
2026-04-24T23:53:46,247.19,68,of:000000000000000b,7
2026-04-24T23:53:46,247.19,68,of:0000000000000003,6
2026-04-24T23:53:46,247.19,68,of:0000000000000004,4
2026-04-24T23:53:46,247.19,68,of:0000000000000001,4
2026-04-24T23:53:46,247.19,68,of:0000000000000002,5
2026-04-24T23:53:46,247.19,68,of:0000000000000007,5
2026-04-24T23:53:46,247.19,68,of:0000000000000008,6
2026-04-24T23:53:46,247.19,68,of:0000000000000005,4
2026-04-24T23:53:46,247.19,68,of:0000000000000006,6
2026-04-24T23:53:46,247.19,68,of:0000000000000009,4
2026-04-24T23:53:47,248.2,68,of:000000000000000c,4
2026-04-24T23:53:47,248.2,68,of:000000000000000d,7
2026-04-24T23:53:47,248.2,68,of:000000000000000a,6
2026-04-24T23:53:47,248.2,68,of:000000000000000b,7
2026-04-24T23:53:47,248.2,68,of:0000000000000003,6
2026-04-24T23:53:47,248.2,68,of:0000000000000004,4
2026-04-24T23:53:47,248.2,68,of:0000000000000001,4
2026-04-24T23:53:47,248.2,68,of:0000000000000002,5
2026-04-24T23:53:47,248.2,68,of:0000000000000007,5
2026-04-24T23:53:47,248.2,68,of:0000000000000008,6
2026-04-24T23:53:47,248.2,68,of:0000000000000005,4
2026-04-24T23:53:47,248.2,68,of:0000000000000006,6
2026-04-24T23:53:47,248.2,68,of:0000000000000009,4
2026-04-24T23:53:48,249.21,68,of:000000000000000c,4
2026-04-24T23:53:48,249.21,68,of:000000000000000d,7
2026-04-24T23:53:48,249.21,68,of:000000000000000a,6
2026-04-24T23:53:48,249.21,68,of:000000000000000b,7
2026-04-24T23:53:48,249.21,68,of:0000000000000003,6
2026-04-24T23:53:48,249.21,68,of:0000000000000004,4
2026-04-24T23:53:48,249.21,68,of:0000000000000001,4
2026-04-24T23:53:48,249.21,68,of:0000000000000002,5
2026-04-24T23:53:48,249.21,68,of:0000000000000007,5
2026-04-24T23:53:48,249.21,68,of:0000000000000008,6
2026-04-24T23:53:48,249.21,68,of:0000000000000005,4
2026-04-24T23:53:48,249.21,68,of:0000000000000006,6
2026-04-24T23:53:48,249.21,68,of:0000000000000009,4
2026-04-24T23:53:49,250.22,68,of:000000000000000c,4
2026-04-24T23:53:49,250.22,68,of:000000000000000d,7
2026-04-24T23:53:49,250.22,68,of:000000000000000a,6
2026-04-24T23:53:49,250.22,68,of:000000000000000b,7
2026-04-24T23:53:49,250.22,68,of:0000000000000003,6
2026-04-24T23:53:49,250.22,68,of:0000000000000004,4
2026-04-24T23:53:49,250.22,68,of:0000000000000001,4
2026-04-24T23:53:49,250.22,68,of:0000000000000002,5
2026-04-24T23:53:49,250.22,68,of:0000000000000007,5
2026-04-24T23:53:49,250.22,68,of:0000000000000008,6
2026-04-24T23:53:49,250.22,68,of:0000000000000005,4
2026-04-24T23:53:49,250.22,68,of:0000000000000006,6
2026-04-24T23:53:49,250.22,68,of:0000000000000009,4
2026-04-24T23:53:50,251.23,68,of:000000000000000c,4
2026-04-24T23:53:50,251.23,68,of:000000000000000d,7
2026-04-24T23:53:50,251.23,68,of:000000000000000a,6
2026-04-24T23:53:50,251.23,68,of:000000000000000b,7
2026-04-24T23:53:50,251.23,68,of:0000000000000003,6
2026-04-24T23:53:50,251.23,68,of:0000000000000004,4
2026-04-24T23:53:50,251.23,68,of:0000000000000001,4
2026-04-24T23:53:50,251.23,68,of:0000000000000002,5
2026-04-24T23:53:50,251.23,68,of:0000000000000007,5
2026-04-24T23:53:50,251.23,68,of:0000000000000008,6
2026-04-24T23:53:50,251.23,68,of:0000000000000005,4
2026-04-24T23:53:50,251.23,68,of:0000000000000006,6
2026-04-24T23:53:50,251.23,68,of:0000000000000009,4
2026-04-24T23:53:51,252.24,68,of:000000000000000c,4
2026-04-24T23:53:51,252.24,68,of:000000000000000d,7
2026-04-24T23:53:51,252.24,68,of:000000000000000a,6
2026-04-24T23:53:51,252.24,68,of:000000000000000b,7
2026-04-24T23:53:51,252.24,68,of:0000000000000003,6
2026-04-24T23:53:51,252.24,68,of:0000000000000004,4
2026-04-24T23:53:51,252.24,68,of:0000000000000001,4
2026-04-24T23:53:51,252.24,68,of:0000000000000002,5
2026-04-24T23:53:51,252.24,68,of:0000000000000007,5
2026-04-24T23:53:51,252.24,68,of:0000000000000008,6
2026-04-24T23:53:51,252.24,68,of:0000000000000005,4
2026-04-24T23:53:51,252.24,68,of:0000000000000006,6
2026-04-24T23:53:51,252.24,68,of:0000000000000009,4
2026-04-24T23:53:52,253.25,68,of:000000000000000c,4
2026-04-24T23:53:52,253.25,68,of:000000000000000d,7
2026-04-24T23:53:52,253.25,68,of:000000000000000a,6
2026-04-24T23:53:52,253.25,68,of:000000000000000b,7
2026-04-24T23:53:52,253.25,68,of:0000000000000003,6
2026-04-24T23:53:52,253.25,68,of:0000000000000004,4
2026-04-24T23:53:52,253.25,68,of:0000000000000001,4
2026-04-24T23:53:52,253.25,68,of:0000000000000002,5
2026-04-24T23:53:52,253.25,68,of:0000000000000007,5
2026-04-24T23:53:52,253.25,68,of:0000000000000008,6
2026-04-24T23:53:52,253.25,68,of:0000000000000005,4
2026-04-24T23:53:52,253.25,68,of:0000000000000006,6
2026-04-24T23:53:52,253.25,68,of:0000000000000009,4
2026-04-24T23:53:53,254.26,67,of:000000000000000c,4
2026-04-24T23:53:53,254.26,67,of:000000000000000d,7
2026-04-24T23:53:53,254.26,67,of:000000000000000a,5
2026-04-24T23:53:53,254.26,67,of:000000000000000b,7
2026-04-24T23:53:53,254.26,67,of:0000000000000003,6
2026-04-24T23:53:53,254.26,67,of:0000000000000004,4
2026-04-24T23:53:53,254.26,67,of:0000000000000001,4
2026-04-24T23:53:53,254.26,67,of:0000000000000002,5
2026-04-24T23:53:53,254.26,67,of:0000000000000007,5
2026-04-24T23:53:53,254.26,67,of:0000000000000008,6
2026-04-24T23:53:53,254.26,67,of:0000000000000005,4
2026-04-24T23:53:53,254.26,67,of:0000000000000006,6
2026-04-24T23:53:53,254.26,67,of:0000000000000009,4
2026-04-24T23:53:54,255.27,65,of:000000000000000c,4
2026-04-24T23:53:54,255.27,65,of:000000000000000d,7
2026-04-24T23:53:54,255.27,65,of:000000000000000a,5
2026-04-24T23:53:54,255.27,65,of:000000000000000b,5
2026-04-24T23:53:54,255.27,65,of:0000000000000003,6
2026-04-24T23:53:54,255.27,65,of:0000000000000004,4
2026-04-24T23:53:54,255.27,65,of:0000000000000001,4
2026-04-24T23:53:54,255.27,65,of:0000000000000002,5
2026-04-24T23:53:54,255.27,65,of:0000000000000007,5
2026-04-24T23:53:54,255.27,65,of:0000000000000008,6
2026-04-24T23:53:54,255.27,65,of:0000000000000005,4
2026-04-24T23:53:54,255.27,65,of:0000000000000006,6
2026-04-24T23:53:54,255.27,65,of:0000000000000009,4
2026-04-24T23:53:55,256.27,65,of:000000000000000c,4
2026-04-24T23:53:55,256.27,65,of:000000000000000d,7
2026-04-24T23:53:55,256.27,65,of:000000000000000a,5
2026-04-24T23:53:55,256.27,65,of:000000000000000b,5
2026-04-24T23:53:55,256.27,65,of:0000000000000003,6
2026-04-24T23:53:55,256.27,65,of:0000000000000004,4
2026-04-24T23:53:55,256.27,65,of:0000000000000001,4
2026-04-24T23:53:55,256.27,65,of:0000000000000002,5
2026-04-24T23:53:55,256.27,65,of:0000000000000007,5
2026-04-24T23:53:55,256.27,65,of:0000000000000008,6
2026-04-24T23:53:55,256.27,65,of:0000000000000005,4
2026-04-24T23:53:55,256.27,65,of:0000000000000006,6
2026-04-24T23:53:55,256.27,65,of:0000000000000009,4
2026-04-24T23:53:56,257.28,65,of:000000000000000c,4
2026-04-24T23:53:56,257.28,65,of:000000000000000d,7
2026-04-24T23:53:56,257.28,65,of:000000000000000a,5
2026-04-24T23:53:56,257.28,65,of:000000000000000b,5
2026-04-24T23:53:56,257.28,65,of:0000000000000003,6
2026-04-24T23:53:56,257.28,65,of:0000000000000004,4
2026-04-24T23:53:56,257.28,65,of:0000000000000001,4
2026-04-24T23:53:56,257.28,65,of:0000000000000002,5
2026-04-24T23:53:56,257.28,65,of:0000000000000007,5
2026-04-24T23:53:56,257.28,65,of:0000000000000008,6
2026-04-24T23:53:56,257.28,65,of:0000000000000005,4
2026-04-24T23:53:56,257.28,65,of:0000000000000006,6
2026-04-24T23:53:56,257.28,65,of:0000000000000009,4
2026-04-24T23:53:57,258.3,65,of:000000000000000c,4
2026-04-24T23:53:57,258.3,65,of:000000000000000d,7
2026-04-24T23:53:57,258.3,65,of:000000000000000a,5
2026-04-24T23:53:57,258.3,65,of:000000000000000b,5
2026-04-24T23:53:57,258.3,65,of:0000000000000003,6
2026-04-24T23:53:57,258.3,65,of:0000000000000004,4
2026-04-24T23:53:57,258.3,65,of:0000000000000001,4
2026-04-24T23:53:57,258.3,65,of:0000000000000002,5
2026-04-24T23:53:57,258.3,65,of:0000000000000007,5
2026-04-24T23:53:57,258.3,65,of:0000000000000008,6
2026-04-24T23:53:57,258.3,65,of:0000000000000005,4
2026-04-24T23:53:57,258.3,65,of:0000000000000006,6
2026-04-24T23:53:57,258.3,65,of:0000000000000009,4
2026-04-24T23:53:58,259.31,61,of:000000000000000c,4
2026-04-24T23:53:58,259.31,61,of:000000000000000d,6
2026-04-24T23:53:58,259.31,61,of:000000000000000a,5
2026-04-24T23:53:58,259.31,61,of:000000000000000b,5
2026-04-24T23:53:58,259.31,61,of:0000000000000003,4
2026-04-24T23:53:58,259.31,61,of:0000000000000004,4
2026-04-24T23:53:58,259.31,61,of:0000000000000001,4
2026-04-24T23:53:58,259.31,61,of:0000000000000002,5
2026-04-24T23:53:58,259.31,61,of:0000000000000007,5
2026-04-24T23:53:58,259.31,61,of:0000000000000008,6
2026-04-24T23:53:58,259.31,61,of:0000000000000005,4
2026-04-24T23:53:58,259.31,61,of:0000000000000006,5
2026-04-24T23:53:58,259.31,61,of:0000000000000009,4
2026-04-24T23:53:59,260.32,61,of:000000000000000c,4
2026-04-24T23:53:59,260.32,61,of:000000000000000d,6
2026-04-24T23:53:59,260.32,61,of:000000000000000a,5
2026-04-24T23:53:59,260.32,61,of:000000000000000b,5
2026-04-24T23:53:59,260.32,61,of:0000000000000003,4
2026-04-24T23:53:59,260.32,61,of:0000000000000004,4
2026-04-24T23:53:59,260.32,61,of:0000000000000001,4
2026-04-24T23:53:59,260.32,61,of:0000000000000002,5
2026-04-24T23:53:59,260.32,61,of:0000000000000007,5
2026-04-24T23:53:59,260.32,61,of:0000000000000008,6
2026-04-24T23:53:59,260.32,61,of:0000000000000005,4
2026-04-24T23:53:59,260.32,61,of:0000000000000006,5
2026-04-24T23:53:59,260.32,61,of:0000000000000009,4
2026-04-24T23:54:00,261.33,61,of:000000000000000c,4
2026-04-24T23:54:00,261.33,61,of:000000000000000d,6
2026-04-24T23:54:00,261.33,61,of:000000000000000a,5
2026-04-24T23:54:00,261.33,61,of:000000000000000b,5
2026-04-24T23:54:00,261.33,61,of:0000000000000003,4
2026-04-24T23:54:00,261.33,61,of:0000000000000004,4
2026-04-24T23:54:00,261.33,61,of:0000000000000001,4
2026-04-24T23:54:00,261.33,61,of:0000000000000002,5
2026-04-24T23:54:00,261.33,61,of:0000000000000007,5
2026-04-24T23:54:00,261.33,61,of:0000000000000008,6
2026-04-24T23:54:00,261.33,61,of:0000000000000005,4
2026-04-24T23:54:00,261.33,61,of:0000000000000006,5
2026-04-24T23:54:00,261.33,61,of:0000000000000009,4
2026-04-24T23:54:01,262.34,61,of:000000000000000c,4
2026-04-24T23:54:01,262.34,61,of:000000000000000d,6
2026-04-24T23:54:01,262.34,61,of:000000000000000a,5
2026-04-24T23:54:01,262.34,61,of:000000000000000b,5
2026-04-24T23:54:01,262.34,61,of:0000000000000003,4
2026-04-24T23:54:01,262.34,61,of:0000000000000004,4
2026-04-24T23:54:01,262.34,61,of:0000000000000001,4
2026-04-24T23:54:01,262.34,61,of:0000000000000002,5
2026-04-24T23:54:01,262.34,61,of:0000000000000007,5
2026-04-24T23:54:01,262.34,61,of:0000000000000008,6
2026-04-24T23:54:01,262.34,61,of:0000000000000005,4
2026-04-24T23:54:01,262.34,61,of:0000000000000006,5
2026-04-24T23:54:01,262.34,61,of:0000000000000009,4
2026-04-24T23:54:02,263.35,61,of:000000000000000c,4
2026-04-24T23:54:02,263.35,61,of:000000000000000d,6
2026-04-24T23:54:02,263.35,61,of:000000000000000a,5
2026-04-24T23:54:02,263.35,61,of:000000000000000b,5
2026-04-24T23:54:02,263.35,61,of:0000000000000003,4
2026-04-24T23:54:02,263.35,61,of:0000000000000004,4
2026-04-24T23:54:02,263.35,61,of:0000000000000001,4
2026-04-24T23:54:02,263.35,61,of:0000000000000002,5
2026-04-24T23:54:02,263.35,61,of:0000000000000007,5
2026-04-24T23:54:02,263.35,61,of:0000000000000008,6
2026-04-24T23:54:02,263.35,61,of:0000000000000005,4
2026-04-24T23:54:02,263.35,61,of:0000000000000006,5
2026-04-24T23:54:02,263.35,61,of:0000000000000009,4
2026-04-24T23:54:03,264.36,56,of:000000000000000c,4
2026-04-24T23:54:03,264.36,56,of:000000000000000d,5
2026-04-24T23:54:03,264.36,56,of:000000000000000a,4
2026-04-24T23:54:03,264.36,56,of:000000000000000b,5
2026-04-24T23:54:03,264.36,56,of:0000000000000003,4
2026-04-24T23:54:03,264.36,56,of:0000000000000004,4
2026-04-24T23:54:03,264.36,56,of:0000000000000001,4
2026-04-24T23:54:03,264.36,56,of:0000000000000002,5
2026-04-24T23:54:03,264.36,56,of:0000000000000007,5
2026-04-24T23:54:03,264.36,56,of:0000000000000008,4
2026-04-24T23:54:03,264.36,56,of:0000000000000005,4
2026-04-24T23:54:03,264.36,56,of:0000000000000006,4
2026-04-24T23:54:03,264.36,56,of:0000000000000009,4
2026-04-24T23:54:04,265.37,56,of:000000000000000c,4
2026-04-24T23:54:04,265.37,56,of:000000000000000d,5
2026-04-24T23:54:04,265.37,56,of:000000000000000a,4
2026-04-24T23:54:04,265.37,56,of:000000000000000b,5
2026-04-24T23:54:04,265.37,56,of:0000000000000003,4
2026-04-24T23:54:04,265.37,56,of:0000000000000004,4
2026-04-24T23:54:04,265.37,56,of:0000000000000001,4
2026-04-24T23:54:04,265.37,56,of:0000000000000002,5
2026-04-24T23:54:04,265.37,56,of:0000000000000007,5
2026-04-24T23:54:04,265.37,56,of:0000000000000008,4
2026-04-24T23:54:04,265.37,56,of:0000000000000005,4
2026-04-24T23:54:04,265.37,56,of:0000000000000006,4
2026-04-24T23:54:04,265.37,56,of:0000000000000009,4
2026-04-24T23:54:05,266.4,56,of:000000000000000c,4
2026-04-24T23:54:05,266.4,56,of:000000000000000d,5
2026-04-24T23:54:05,266.4,56,of:000000000000000a,4
2026-04-24T23:54:05,266.4,56,of:000000000000000b,5
2026-04-24T23:54:05,266.4,56,of:0000000000000003,4
2026-04-24T23:54:05,266.4,56,of:0000000000000004,4
2026-04-24T23:54:05,266.4,56,of:0000000000000001,4
2026-04-24T23:54:05,266.4,56,of:0000000000000002,5
2026-04-24T23:54:05,266.4,56,of:0000000000000007,5
2026-04-24T23:54:05,266.4,56,of:0000000000000008,4
2026-04-24T23:54:05,266.4,56,of:0000000000000005,4
2026-04-24T23:54:05,266.4,56,of:0000000000000006,4
2026-04-24T23:54:05,266.4,56,of:0000000000000009,4
2026-04-24T23:54:07,267.41,56,of:000000000000000c,4
2026-04-24T23:54:07,267.41,56,of:000000000000000d,5
2026-04-24T23:54:07,267.41,56,of:000000000000000a,4
2026-04-24T23:54:07,267.41,56,of:000000000000000b,5
2026-04-24T23:54:07,267.41,56,of:0000000000000003,4
2026-04-24T23:54:07,267.41,56,of:0000000000000004,4
2026-04-24T23:54:07,267.41,56,of:0000000000000001,4
2026-04-24T23:54:07,267.41,56,of:0000000000000002,5
2026-04-24T23:54:07,267.41,56,of:0000000000000007,5
2026-04-24T23:54:07,267.41,56,of:0000000000000008,4
2026-04-24T23:54:07,267.41,56,of:0000000000000005,4
2026-04-24T23:54:07,267.41,56,of:0000000000000006,4
2026-04-24T23:54:07,267.41,56,of:0000000000000009,4
2026-04-24T23:54:08,268.42,56,of:000000000000000c,4
2026-04-24T23:54:08,268.42,56,of:000000000000000d,5
2026-04-24T23:54:08,268.42,56,of:000000000000000a,4
2026-04-24T23:54:08,268.42,56,of:000000000000000b,5
2026-04-24T23:54:08,268.42,56,of:0000000000000003,4
2026-04-24T23:54:08,268.42,56,of:0000000000000004,4
2026-04-24T23:54:08,268.42,56,of:0000000000000001,4
2026-04-24T23:54:08,268.42,56,of:0000000000000002,5
2026-04-24T23:54:08,268.42,56,of:0000000000000007,5
2026-04-24T23:54:08,268.42,56,of:0000000000000008,4
2026-04-24T23:54:08,268.42,56,of:0000000000000005,4
2026-04-24T23:54:08,268.42,56,of:0000000000000006,4
2026-04-24T23:54:08,268.42,56,of:0000000000000009,4
2026-04-24T23:54:09,269.43,60,of:000000000000000c,4
2026-04-24T23:54:09,269.43,60,of:000000000000000d,6
2026-04-24T23:54:09,269.43,60,of:000000000000000a,4
2026-04-24T23:54:09,269.43,60,of:000000000000000b,6
2026-04-24T23:54:09,269.43,60,of:0000000000000003,4
2026-04-24T23:54:09,269.43,60,of:0000000000000004,4
2026-04-24T23:54:09,269.43,60,of:0000000000000001,4
2026-04-24T23:54:09,269.43,60,of:0000000000000002,6
2026-04-24T23:54:09,269.43,60,of:0000000000000007,6
2026-04-24T23:54:09,269.43,60,of:0000000000000008,4
2026-04-24T23:54:09,269.43,60,of:0000000000000005,4
2026-04-24T23:54:09,269.43,60,of:0000000000000006,4
2026-04-24T23:54:09,269.43,60,of:0000000000000009,4
2026-04-24T23:54:10,270.44,60,of:000000000000000c,4
2026-04-24T23:54:10,270.44,60,of:000000000000000d,6
2026-04-24T23:54:10,270.44,60,of:000000000000000a,4
2026-04-24T23:54:10,270.44,60,of:000000000000000b,6
2026-04-24T23:54:10,270.44,60,of:0000000000000003,4
2026-04-24T23:54:10,270.44,60,of:0000000000000004,4
2026-04-24T23:54:10,270.44,60,of:0000000000000001,4
2026-04-24T23:54:10,270.44,60,of:0000000000000002,6
2026-04-24T23:54:10,270.44,60,of:0000000000000007,6
2026-04-24T23:54:10,270.44,60,of:0000000000000008,4
2026-04-24T23:54:10,270.44,60,of:0000000000000005,4
2026-04-24T23:54:10,270.44,60,of:0000000000000006,4
2026-04-24T23:54:10,270.44,60,of:0000000000000009,4
2026-04-24T23:54:11,271.45,60,of:000000000000000c,4
2026-04-24T23:54:11,271.45,60,of:000000000000000d,6
2026-04-24T23:54:11,271.45,60,of:000000000000000a,4
2026-04-24T23:54:11,271.45,60,of:000000000000000b,6
2026-04-24T23:54:11,271.45,60,of:0000000000000003,4
2026-04-24T23:54:11,271.45,60,of:0000000000000004,4
2026-04-24T23:54:11,271.45,60,of:0000000000000001,4
2026-04-24T23:54:11,271.45,60,of:0000000000000002,6
2026-04-24T23:54:11,271.45,60,of:0000000000000007,6
2026-04-24T23:54:11,271.45,60,of:0000000000000008,4
2026-04-24T23:54:11,271.45,60,of:0000000000000005,4
2026-04-24T23:54:11,271.45,60,of:0000000000000006,4
2026-04-24T23:54:11,271.45,60,of:0000000000000009,4
2026-04-24T23:54:12,272.45,60,of:000000000000000c,4
2026-04-24T23:54:12,272.45,60,of:000000000000000d,6
2026-04-24T23:54:12,272.45,60,of:000000000000000a,4
2026-04-24T23:54:12,272.45,60,of:000000000000000b,6
2026-04-24T23:54:12,272.45,60,of:0000000000000003,4
2026-04-24T23:54:12,272.45,60,of:0000000000000004,4
2026-04-24T23:54:12,272.45,60,of:0000000000000001,4
2026-04-24T23:54:12,272.45,60,of:0000000000000002,6
2026-04-24T23:54:12,272.45,60,of:0000000000000007,6
2026-04-24T23:54:12,272.45,60,of:0000000000000008,4
2026-04-24T23:54:12,272.45,60,of:0000000000000005,4
2026-04-24T23:54:12,272.45,60,of:0000000000000006,4
2026-04-24T23:54:12,272.45,60,of:0000000000000009,4
2026-04-24T23:54:13,273.46,60,of:000000000000000c,4
2026-04-24T23:54:13,273.46,60,of:000000000000000d,6
2026-04-24T23:54:13,273.46,60,of:000000000000000a,4
2026-04-24T23:54:13,273.46,60,of:000000000000000b,6
2026-04-24T23:54:13,273.46,60,of:0000000000000003,4
2026-04-24T23:54:13,273.46,60,of:0000000000000004,4
2026-04-24T23:54:13,273.46,60,of:0000000000000001,4
2026-04-24T23:54:13,273.46,60,of:0000000000000002,6
2026-04-24T23:54:13,273.46,60,of:0000000000000007,6
2026-04-24T23:54:13,273.46,60,of:0000000000000008,4
2026-04-24T23:54:13,273.46,60,of:0000000000000005,4
2026-04-24T23:54:13,273.46,60,of:0000000000000006,4
2026-04-24T23:54:13,273.46,60,of:0000000000000009,4
2026-04-24T23:54:14,274.47,60,of:000000000000000c,4
2026-04-24T23:54:14,274.47,60,of:000000000000000d,6
2026-04-24T23:54:14,274.47,60,of:000000000000000a,4
2026-04-24T23:54:14,274.47,60,of:000000000000000b,6
2026-04-24T23:54:14,274.47,60,of:0000000000000003,4
2026-04-24T23:54:14,274.47,60,of:0000000000000004,4
2026-04-24T23:54:14,274.47,60,of:0000000000000001,4
2026-04-24T23:54:14,274.47,60,of:0000000000000002,6
2026-04-24T23:54:14,274.47,60,of:0000000000000007,6
2026-04-24T23:54:14,274.47,60,of:0000000000000008,4
2026-04-24T23:54:14,274.47,60,of:0000000000000005,4
2026-04-24T23:54:14,274.47,60,of:0000000000000006,4
2026-04-24T23:54:14,274.47,60,of:0000000000000009,4
2026-04-24T23:54:15,275.49,60,of:000000000000000c,4
2026-04-24T23:54:15,275.49,60,of:000000000000000d,6
2026-04-24T23:54:15,275.49,60,of:000000000000000a,4
2026-04-24T23:54:15,275.49,60,of:000000000000000b,6
2026-04-24T23:54:15,275.49,60,of:0000000000000003,4
2026-04-24T23:54:15,275.49,60,of:0000000000000004,4
2026-04-24T23:54:15,275.49,60,of:0000000000000001,4
2026-04-24T23:54:15,275.49,60,of:0000000000000002,6
2026-04-24T23:54:15,275.49,60,of:0000000000000007,6
2026-04-24T23:54:15,275.49,60,of:0000000000000008,4
2026-04-24T23:54:15,275.49,60,of:0000000000000005,4
2026-04-24T23:54:15,275.49,60,of:0000000000000006,4
2026-04-24T23:54:15,275.49,60,of:0000000000000009,4
2026-04-24T23:54:16,276.49,60,of:000000000000000c,4
2026-04-24T23:54:16,276.49,60,of:000000000000000d,6
2026-04-24T23:54:16,276.49,60,of:000000000000000a,4
2026-04-24T23:54:16,276.49,60,of:000000000000000b,6
2026-04-24T23:54:16,276.49,60,of:0000000000000003,4
2026-04-24T23:54:16,276.49,60,of:0000000000000004,4
2026-04-24T23:54:16,276.49,60,of:0000000000000001,4
2026-04-24T23:54:16,276.49,60,of:0000000000000002,6
2026-04-24T23:54:16,276.49,60,of:0000000000000007,6
2026-04-24T23:54:16,276.49,60,of:0000000000000008,4
2026-04-24T23:54:16,276.49,60,of:0000000000000005,4
2026-04-24T23:54:16,276.49,60,of:0000000000000006,4
2026-04-24T23:54:16,276.49,60,of:0000000000000009,4
2026-04-24T23:54:17,277.5,60,of:000000000000000c,4
2026-04-24T23:54:17,277.5,60,of:000000000000000d,6
2026-04-24T23:54:17,277.5,60,of:000000000000000a,4
2026-04-24T23:54:17,277.5,60,of:000000000000000b,6
2026-04-24T23:54:17,277.5,60,of:0000000000000003,4
2026-04-24T23:54:17,277.5,60,of:0000000000000004,4
2026-04-24T23:54:17,277.5,60,of:0000000000000001,4
2026-04-24T23:54:17,277.5,60,of:0000000000000002,6
2026-04-24T23:54:17,277.5,60,of:0000000000000007,6
2026-04-24T23:54:17,277.5,60,of:0000000000000008,4
2026-04-24T23:54:17,277.5,60,of:0000000000000005,4
2026-04-24T23:54:17,277.5,60,of:0000000000000006,4
2026-04-24T23:54:17,277.5,60,of:0000000000000009,4
2026-04-24T23:54:18,278.51,60,of:000000000000000c,4
2026-04-24T23:54:18,278.51,60,of:000000000000000d,6
2026-04-24T23:54:18,278.51,60,of:000000000000000a,4
2026-04-24T23:54:18,278.51,60,of:000000000000000b,6
2026-04-24T23:54:18,278.51,60,of:0000000000000003,4
2026-04-24T23:54:18,278.51,60,of:0000000000000004,4
2026-04-24T23:54:18,278.51,60,of:0000000000000001,4
2026-04-24T23:54:18,278.51,60,of:0000000000000002,6
2026-04-24T23:54:18,278.51,60,of:0000000000000007,6
2026-04-24T23:54:18,278.51,60,of:0000000000000008,4
2026-04-24T23:54:18,278.51,60,of:0000000000000005,4
2026-04-24T23:54:18,278.51,60,of:0000000000000006,4
2026-04-24T23:54:18,278.51,60,of:0000000000000009,4
2026-04-24T23:54:19,279.52,60,of:000000000000000c,4
2026-04-24T23:54:19,279.52,60,of:000000000000000d,6
2026-04-24T23:54:19,279.52,60,of:000000000000000a,4
2026-04-24T23:54:19,279.52,60,of:000000000000000b,6
2026-04-24T23:54:19,279.52,60,of:0000000000000003,4
2026-04-24T23:54:19,279.52,60,of:0000000000000004,4
2026-04-24T23:54:19,279.52,60,of:0000000000000001,4
2026-04-24T23:54:19,279.52,60,of:0000000000000002,6
2026-04-24T23:54:19,279.52,60,of:0000000000000007,6
2026-04-24T23:54:19,279.52,60,of:0000000000000008,4
2026-04-24T23:54:19,279.52,60,of:0000000000000005,4
2026-04-24T23:54:19,279.52,60,of:0000000000000006,4
2026-04-24T23:54:19,279.52,60,of:0000000000000009,4
2026-04-24T23:54:20,280.54,58,of:000000000000000c,4
2026-04-24T23:54:20,280.54,58,of:000000000000000d,6
2026-04-24T23:54:20,280.54,58,of:000000000000000a,4
2026-04-24T23:54:20,280.54,58,of:000000000000000b,4
2026-04-24T23:54:20,280.54,58,of:0000000000000003,4
2026-04-24T23:54:20,280.54,58,of:0000000000000004,4
2026-04-24T23:54:20,280.54,58,of:0000000000000001,4
2026-04-24T23:54:20,280.54,58,of:0000000000000002,6
2026-04-24T23:54:20,280.54,58,of:0000000000000007,6
2026-04-24T23:54:20,280.54,58,of:0000000000000008,4
2026-04-24T23:54:20,280.54,58,of:0000000000000005,4
2026-04-24T23:54:20,280.54,58,of:0000000000000006,4
2026-04-24T23:54:20,280.54,58,of:0000000000000009,4
2026-04-24T23:54:21,281.54,58,of:000000000000000c,4
2026-04-24T23:54:21,281.54,58,of:000000000000000d,6
2026-04-24T23:54:21,281.54,58,of:000000000000000a,4
2026-04-24T23:54:21,281.54,58,of:000000000000000b,4
2026-04-24T23:54:21,281.54,58,of:0000000000000003,4
2026-04-24T23:54:21,281.54,58,of:0000000000000004,4
2026-04-24T23:54:21,281.54,58,of:0000000000000001,4
2026-04-24T23:54:21,281.54,58,of:0000000000000002,6
2026-04-24T23:54:21,281.54,58,of:0000000000000007,6
2026-04-24T23:54:21,281.54,58,of:0000000000000008,4
2026-04-24T23:54:21,281.54,58,of:0000000000000005,4
2026-04-24T23:54:21,281.54,58,of:0000000000000006,4
2026-04-24T23:54:21,281.54,58,of:0000000000000009,4
2026-04-24T23:54:22,282.56,58,of:000000000000000c,4
2026-04-24T23:54:22,282.56,58,of:000000000000000d,6
2026-04-24T23:54:22,282.56,58,of:000000000000000a,4
2026-04-24T23:54:22,282.56,58,of:000000000000000b,4
2026-04-24T23:54:22,282.56,58,of:0000000000000003,4
2026-04-24T23:54:22,282.56,58,of:0000000000000004,4
2026-04-24T23:54:22,282.56,58,of:0000000000000001,4
2026-04-24T23:54:22,282.56,58,of:0000000000000002,6
2026-04-24T23:54:22,282.56,58,of:0000000000000007,6
2026-04-24T23:54:22,282.56,58,of:0000000000000008,4
2026-04-24T23:54:22,282.56,58,of:0000000000000005,4
2026-04-24T23:54:22,282.56,58,of:0000000000000006,4
2026-04-24T23:54:22,282.56,58,of:0000000000000009,4
2026-04-24T23:54:23,283.56,56,of:000000000000000c,4
2026-04-24T23:54:23,283.56,56,of:000000000000000d,6
2026-04-24T23:54:23,283.56,56,of:000000000000000a,4
2026-04-24T23:54:23,283.56,56,of:000000000000000b,4
2026-04-24T23:54:23,283.56,56,of:0000000000000003,4
2026-04-24T23:54:23,283.56,56,of:0000000000000004,4
2026-04-24T23:54:23,283.56,56,of:0000000000000001,4
2026-04-24T23:54:23,283.56,56,of:0000000000000002,4
2026-04-24T23:54:23,283.56,56,of:0000000000000007,6
2026-04-24T23:54:23,283.56,56,of:0000000000000008,4
2026-04-24T23:54:23,283.56,56,of:0000000000000005,4
2026-04-24T23:54:23,283.56,56,of:0000000000000006,4
2026-04-24T23:54:23,283.56,56,of:0000000000000009,4
2026-04-24T23:54:24,284.57,54,of:000000000000000c,4
2026-04-24T23:54:24,284.57,54,of:000000000000000d,4
2026-04-24T23:54:24,284.57,54,of:000000000000000a,4
2026-04-24T23:54:24,284.57,54,of:000000000000000b,4
2026-04-24T23:54:24,284.57,54,of:0000000000000003,4
2026-04-24T23:54:24,284.57,54,of:0000000000000004,4
2026-04-24T23:54:24,284.57,54,of:0000000000000001,4
2026-04-24T23:54:24,284.57,54,of:0000000000000002,4
2026-04-24T23:54:24,284.57,54,of:0000000000000007,6
2026-04-24T23:54:24,284.57,54,of:0000000000000008,4
2026-04-24T23:54:24,284.57,54,of:0000000000000005,4
2026-04-24T23:54:24,284.57,54,of:0000000000000006,4
2026-04-24T23:54:24,284.57,54,of:0000000000000009,4
2026-04-24T23:54:25,285.59,54,of:000000000000000c,4
2026-04-24T23:54:25,285.59,54,of:000000000000000d,4
2026-04-24T23:54:25,285.59,54,of:000000000000000a,4
2026-04-24T23:54:25,285.59,54,of:000000000000000b,4
2026-04-24T23:54:25,285.59,54,of:0000000000000003,4
2026-04-24T23:54:25,285.59,54,of:0000000000000004,4
2026-04-24T23:54:25,285.59,54,of:0000000000000001,4
2026-04-24T23:54:25,285.59,54,of:0000000000000002,4
2026-04-24T23:54:25,285.59,54,of:0000000000000007,6
2026-04-24T23:54:25,285.59,54,of:0000000000000008,4
2026-04-24T23:54:25,285.59,54,of:0000000000000005,4
2026-04-24T23:54:25,285.59,54,of:0000000000000006,4
2026-04-24T23:54:25,285.59,54,of:0000000000000009,4
2026-04-24T23:54:26,286.6,54,of:000000000000000c,4
2026-04-24T23:54:26,286.6,54,of:000000000000000d,4
2026-04-24T23:54:26,286.6,54,of:000000000000000a,4
2026-04-24T23:54:26,286.6,54,of:000000000000000b,4
2026-04-24T23:54:26,286.6,54,of:0000000000000003,4
2026-04-24T23:54:26,286.6,54,of:0000000000000004,4
2026-04-24T23:54:26,286.6,54,of:0000000000000001,4
2026-04-24T23:54:26,286.6,54,of:0000000000000002,4
2026-04-24T23:54:26,286.6,54,of:0000000000000007,6
2026-04-24T23:54:26,286.6,54,of:0000000000000008,4
2026-04-24T23:54:26,286.6,54,of:0000000000000005,4
2026-04-24T23:54:26,286.6,54,of:0000000000000006,4
2026-04-24T23:54:26,286.6,54,of:0000000000000009,4
2026-04-24T23:54:27,287.61,54,of:000000000000000c,4
2026-04-24T23:54:27,287.61,54,of:000000000000000d,4
2026-04-24T23:54:27,287.61,54,of:000000000000000a,4
2026-04-24T23:54:27,287.61,54,of:000000000000000b,4
2026-04-24T23:54:27,287.61,54,of:0000000000000003,4
2026-04-24T23:54:27,287.61,54,of:0000000000000004,4
2026-04-24T23:54:27,287.61,54,of:0000000000000001,4
2026-04-24T23:54:27,287.61,54,of:0000000000000002,4
2026-04-24T23:54:27,287.61,54,of:0000000000000007,6
2026-04-24T23:54:27,287.61,54,of:0000000000000008,4
2026-04-24T23:54:27,287.61,54,of:0000000000000005,4
2026-04-24T23:54:27,287.61,54,of:0000000000000006,4
2026-04-24T23:54:27,287.61,54,of:0000000000000009,4
2026-04-24T23:54:28,288.62,54,of:000000000000000c,4
2026-04-24T23:54:28,288.62,54,of:000000000000000d,4
2026-04-24T23:54:28,288.62,54,of:000000000000000a,4
2026-04-24T23:54:28,288.62,54,of:000000000000000b,4
2026-04-24T23:54:28,288.62,54,of:0000000000000003,4
2026-04-24T23:54:28,288.62,54,of:0000000000000004,4
2026-04-24T23:54:28,288.62,54,of:0000000000000001,4
2026-04-24T23:54:28,288.62,54,of:0000000000000002,4
2026-04-24T23:54:28,288.62,54,of:0000000000000007,6
2026-04-24T23:54:28,288.62,54,of:0000000000000008,4
2026-04-24T23:54:28,288.62,54,of:0000000000000005,4
2026-04-24T23:54:28,288.62,54,of:0000000000000006,4
2026-04-24T23:54:28,288.62,54,of:0000000000000009,4
2026-04-24T23:54:29,289.63,52,of:000000000000000c,4
2026-04-24T23:54:29,289.63,52,of:000000000000000d,4
2026-04-24T23:54:29,289.63,52,of:000000000000000a,4
2026-04-24T23:54:29,289.63,52,of:000000000000000b,4
2026-04-24T23:54:29,289.63,52,of:0000000000000003,4
2026-04-24T23:54:29,289.63,52,of:0000000000000004,4
2026-04-24T23:54:29,289.63,52,of:0000000000000001,4
2026-04-24T23:54:29,289.63,52,of:0000000000000002,4
2026-04-24T23:54:29,289.63,52,of:0000000000000007,4
2026-04-24T23:54:29,289.63,52,of:0000000000000008,4
2026-04-24T23:54:29,289.63,52,of:0000000000000005,4
2026-04-24T23:54:29,289.63,52,of:0000000000000006,4
2026-04-24T23:54:29,289.63,52,of:0000000000000009,4
2026-04-24T23:54:30,290.64,52,of:000000000000000c,4
2026-04-24T23:54:30,290.64,52,of:000000000000000d,4
2026-04-24T23:54:30,290.64,52,of:000000000000000a,4
2026-04-24T23:54:30,290.64,52,of:000000000000000b,4
2026-04-24T23:54:30,290.64,52,of:0000000000000003,4
2026-04-24T23:54:30,290.64,52,of:0000000000000004,4
2026-04-24T23:54:30,290.64,52,of:0000000000000001,4
2026-04-24T23:54:30,290.64,52,of:0000000000000002,4
2026-04-24T23:54:30,290.64,52,of:0000000000000007,4
2026-04-24T23:54:30,290.64,52,of:0000000000000008,4
2026-04-24T23:54:30,290.64,52,of:0000000000000005,4
2026-04-24T23:54:30,290.64,52,of:0000000000000006,4
2026-04-24T23:54:30,290.64,52,of:0000000000000009,4
2026-04-24T23:54:31,291.65,52,of:000000000000000c,4
2026-04-24T23:54:31,291.65,52,of:000000000000000d,4
2026-04-24T23:54:31,291.65,52,of:000000000000000a,4
2026-04-24T23:54:31,291.65,52,of:000000000000000b,4
2026-04-24T23:54:31,291.65,52,of:0000000000000003,4
2026-04-24T23:54:31,291.65,52,of:0000000000000004,4
2026-04-24T23:54:31,291.65,52,of:0000000000000001,4
2026-04-24T23:54:31,291.65,52,of:0000000000000002,4
2026-04-24T23:54:31,291.65,52,of:0000000000000007,4
2026-04-24T23:54:31,291.65,52,of:0000000000000008,4
2026-04-24T23:54:31,291.65,52,of:0000000000000005,4
2026-04-24T23:54:31,291.65,52,of:0000000000000006,4
2026-04-24T23:54:31,291.65,52,of:0000000000000009,4
2026-04-24T23:54:32,292.65,52,of:000000000000000c,4
2026-04-24T23:54:32,292.65,52,of:000000000000000d,4
2026-04-24T23:54:32,292.65,52,of:000000000000000a,4
2026-04-24T23:54:32,292.65,52,of:000000000000000b,4
2026-04-24T23:54:32,292.65,52,of:0000000000000003,4
2026-04-24T23:54:32,292.65,52,of:0000000000000004,4
2026-04-24T23:54:32,292.65,52,of:0000000000000001,4
2026-04-24T23:54:32,292.65,52,of:0000000000000002,4
2026-04-24T23:54:32,292.65,52,of:0000000000000007,4
2026-04-24T23:54:32,292.65,52,of:0000000000000008,4
2026-04-24T23:54:32,292.65,52,of:0000000000000005,4
2026-04-24T23:54:32,292.65,52,of:0000000000000006,4
2026-04-24T23:54:32,292.65,52,of:0000000000000009,4
2026-04-24T23:54:33,293.66,52,of:000000000000000c,4
2026-04-24T23:54:33,293.66,52,of:000000000000000d,4
2026-04-24T23:54:33,293.66,52,of:000000000000000a,4
2026-04-24T23:54:33,293.66,52,of:000000000000000b,4
2026-04-24T23:54:33,293.66,52,of:0000000000000003,4
2026-04-24T23:54:33,293.66,52,of:0000000000000004,4
2026-04-24T23:54:33,293.66,52,of:0000000000000001,4
2026-04-24T23:54:33,293.66,52,of:0000000000000002,4
2026-04-24T23:54:33,293.66,52,of:0000000000000007,4
2026-04-24T23:54:33,293.66,52,of:0000000000000008,4
2026-04-24T23:54:33,293.66,52,of:0000000000000005,4
2026-04-24T23:54:33,293.66,52,of:0000000000000006,4
2026-04-24T23:54:33,293.66,52,of:0000000000000009,4
2026-04-24T23:54:34,294.67,52,of:000000000000000c,4
2026-04-24T23:54:34,294.67,52,of:000000000000000d,4
2026-04-24T23:54:34,294.67,52,of:000000000000000a,4
2026-04-24T23:54:34,294.67,52,of:000000000000000b,4
2026-04-24T23:54:34,294.67,52,of:0000000000000003,4
2026-04-24T23:54:34,294.67,52,of:0000000000000004,4
2026-04-24T23:54:34,294.67,52,of:0000000000000001,4
2026-04-24T23:54:34,294.67,52,of:0000000000000002,4
2026-04-24T23:54:34,294.67,52,of:0000000000000007,4
2026-04-24T23:54:34,294.67,52,of:0000000000000008,4
2026-04-24T23:54:34,294.67,52,of:0000000000000005,4
2026-04-24T23:54:34,294.67,52,of:0000000000000006,4
2026-04-24T23:54:34,294.67,52,of:0000000000000009,4
2026-04-24T23:54:35,295.68,52,of:000000000000000c,4
2026-04-24T23:54:35,295.68,52,of:000000000000000d,4
2026-04-24T23:54:35,295.68,52,of:000000000000000a,4
2026-04-24T23:54:35,295.68,52,of:000000000000000b,4
2026-04-24T23:54:35,295.68,52,of:0000000000000003,4
2026-04-24T23:54:35,295.68,52,of:0000000000000004,4
2026-04-24T23:54:35,295.68,52,of:0000000000000001,4
2026-04-24T23:54:35,295.68,52,of:0000000000000002,4
2026-04-24T23:54:35,295.68,52,of:0000000000000007,4
2026-04-24T23:54:35,295.68,52,of:0000000000000008,4
2026-04-24T23:54:35,295.68,52,of:0000000000000005,4
2026-04-24T23:54:35,295.68,52,of:0000000000000006,4
2026-04-24T23:54:35,295.68,52,of:0000000000000009,4
2026-04-24T23:54:36,296.69,52,of:000000000000000c,4
2026-04-24T23:54:36,296.69,52,of:000000000000000d,4
2026-04-24T23:54:36,296.69,52,of:000000000000000a,4
2026-04-24T23:54:36,296.69,52,of:000000000000000b,4
2026-04-24T23:54:36,296.69,52,of:0000000000000003,4
2026-04-24T23:54:36,296.69,52,of:0000000000000004,4
2026-04-24T23:54:36,296.69,52,of:0000000000000001,4
2026-04-24T23:54:36,296.69,52,of:0000000000000002,4
2026-04-24T23:54:36,296.69,52,of:0000000000000007,4
2026-04-24T23:54:36,296.69,52,of:0000000000000008,4
2026-04-24T23:54:36,296.69,52,of:0000000000000005,4
2026-04-24T23:54:36,296.69,52,of:0000000000000006,4
2026-04-24T23:54:36,296.69,52,of:0000000000000009,4
2026-04-24T23:54:37,297.7,52,of:000000000000000c,4
2026-04-24T23:54:37,297.7,52,of:000000000000000d,4
2026-04-24T23:54:37,297.7,52,of:000000000000000a,4
2026-04-24T23:54:37,297.7,52,of:000000000000000b,4
2026-04-24T23:54:37,297.7,52,of:0000000000000003,4
2026-04-24T23:54:37,297.7,52,of:0000000000000004,4
2026-04-24T23:54:37,297.7,52,of:0000000000000001,4
2026-04-24T23:54:37,297.7,52,of:0000000000000002,4
2026-04-24T23:54:37,297.7,52,of:0000000000000007,4
2026-04-24T23:54:37,297.7,52,of:0000000000000008,4
2026-04-24T23:54:37,297.7,52,of:0000000000000005,4
2026-04-24T23:54:37,297.7,52,of:0000000000000006,4
2026-04-24T23:54:37,297.7,52,of:0000000000000009,4
2026-04-24T23:54:38,298.71,52,of:000000000000000c,4
2026-04-24T23:54:38,298.71,52,of:000000000000000d,4
2026-04-24T23:54:38,298.71,52,of:000000000000000a,4
2026-04-24T23:54:38,298.71,52,of:000000000000000b,4
2026-04-24T23:54:38,298.71,52,of:0000000000000003,4
2026-04-24T23:54:38,298.71,52,of:0000000000000004,4
2026-04-24T23:54:38,298.71,52,of:0000000000000001,4
2026-04-24T23:54:38,298.71,52,of:0000000000000002,4
2026-04-24T23:54:38,298.71,52,of:0000000000000007,4
2026-04-24T23:54:38,298.71,52,of:0000000000000008,4
2026-04-24T23:54:38,298.71,52,of:0000000000000005,4
2026-04-24T23:54:38,298.71,52,of:0000000000000006,4
2026-04-24T23:54:38,298.71,52,of:0000000000000009,4
2026-04-24T23:54:39,299.72,52,of:000000000000000c,4
2026-04-24T23:54:39,299.72,52,of:000000000000000d,4
2026-04-24T23:54:39,299.72,52,of:000000000000000a,4
2026-04-24T23:54:39,299.72,52,of:000000000000000b,4
2026-04-24T23:54:39,299.72,52,of:0000000000000003,4
2026-04-24T23:54:39,299.72,52,of:0000000000000004,4
2026-04-24T23:54:39,299.72,52,of:0000000000000001,4
2026-04-24T23:54:39,299.72,52,of:0000000000000002,4
2026-04-24T23:54:39,299.72,52,of:0000000000000007,4
2026-04-24T23:54:39,299.72,52,of:0000000000000008,4
2026-04-24T23:54:39,299.72,52,of:0000000000000005,4
2026-04-24T23:54:39,299.72,52,of:0000000000000006,4
2026-04-24T23:54:39,299.72,52,of:0000000000000009,4
