action,cycle_id,n_active_hosts,n_active_pairs,n_ip_candidates,n_route_candidates,selected_hosts,selected_routes,timestamp,top_ip_host,top_ip_score,top_route_pair,top_route_score
ip_shuffle,20260617T220708_703150,4,2,39,2,h40,,2026-06-17T22:07:08,h40,0.13548515090588412,h15-h33,-0.03556957142857143
route_mutation,20260617T220738_898378,4,2,39,2,,h15-h33|h2-h39,2026-06-17T22:07:38,h33,-0.03315185827995612,h15-h33,0.5499999999999999
route_mutation,20260617T220809_175707,4,2,39,2,,,2026-06-17T22:08:09,h33,-0.03241508829475434,h2-h39,-0.00043914285714286017
route_mutation,20260617T220839_413293,4,2,39,2,,,2026-06-17T22:08:39,h33,-0.032435630394360204,h2-h39,-0.0002198701298701325
route_mutation,20260617T220909_662306,33,32,39,32,,h1-h2|h1-h3|h1-h4|h1-h5|h1-h6|h1-h7|h1-h8|h1-h28|h1-h29|h1-h30,2026-06-17T22:09:09,h33,-0.03245740442608071,h1-h2,0.4999291428571429
route_mutation,20260617T220940_058546,40,61,39,55,,h4-h30|h5-h28|h5-h30|h5-h31|h5-h32|h5-h33|h5-h34|h5-h35|h5-h36|h5-h39,2026-06-17T22:09:40,h33,-0.03245118871851772,h4-h28,0.5499999999999999
route_mutation,20260617T221012_760035,8,5,39,5,,h6-h24|h6-h25|h6-h26|h15-h33|h2-h39,2026-06-17T22:10:12,h33,-0.0324646187184498,h6-h24,0.5056171428571428
route_mutation,20260617T221043_746175,7,4,39,4,,h6-h30|h6-h31,2026-06-17T22:10:43,h33,-0.03247157013525992,h6-h30,0.5499999999999999
route_mutation,20260617T221114_877586,9,6,39,6,,h6-h34|h6-h35|h6-h36|h6-h37,2026-06-17T22:11:14,h33,-0.03247569127885562,h6-h34,0.5499999999999999
route_mutation,20260617T221146_792968,7,5,39,5,,h7-h38|h7-h39|h7-h10|h15-h33|h2-h39,2026-06-17T22:11:46,h33,-0.032863024646325775,h7-h38,0.5499999999999999
route_mutation,20260617T221217_353371,40,76,39,65,,h8-h33|h8-h34|h8-h36|h8-h37|h8-h38|h8-h39|h9-h28|h9-h29|h9-h30|h9-h32,2026-06-17T22:12:17,h33,-0.032882980765269534,h8-h31,0.5499999999999999
route_mutation,20260617T221247_783009,40,82,39,72,,h12-h28|h12-h29|h12-h30|h13-h29|h13-h30|h13-h33|h13-h36|h13-h37|h13-h38|h13-h39,2026-06-17T22:12:47,h33,-0.03288288029511113,h12-h28,0.5499999999999999
route_mutation,20260617T221318_149883,40,58,39,53,,h16-h31|h16-h32|h16-h33|h17-h28|h17-h29|h17-h30|h17-h31|h17-h32|h17-h33|h2-h17,2026-06-17T22:13:18,h33,-0.03303897884192211,h16-h31,0.5102175999999999
route_mutation,20260617T221348_561439,40,84,39,78,,h19-h31|h19-h33|h20-h28|h20-h29|h20-h30|h20-h31|h20-h32|h20-h33|h21-h28|h21-h32,2026-06-17T22:13:48,h33,-0.03592782085514529,h19-h31,0.5102247999999999
route_mutation,20260617T221418_915944,36,38,39,38,,h24-h28|h24-h29|h24-h30|h24-h31|h24-h32|h24-h33|h25-h28|h25-h29|h25-h30|h25-h31,2026-06-17T22:14:18,h33,-0.03590745076537505,h24-h28,0.5102272
route_mutation,20260617T221449_275547,40,73,39,64,,h10-h28|h11-h28|h11-h29|h13-h28|h14-h28|h14-h29|h15-h28|h15-h29|h2-h29|h8-h29,2026-06-17T22:14:49,h33,-0.03590693261102841,h10-h28,0.5499999999999999
route_mutation,20260617T221849_308175,0,0,39,0,,,2026-06-17T22:18:49,h33,-0.03575703988463766,,
route_mutation,20260618T022627_804619,19,18,39,18,,,2026-06-18T02:26:27,h32,-0.06502737493078112,h1-h10,-0.04811
route_mutation,20260618T022658_074973,5,4,39,4,,,2026-06-18T02:26:58,h32,-0.06490836631213558,h1-h36,-0.048116000000000006
route_mutation,20260618T022728_351241,14,13,39,13,,,2026-06-18T02:27:28,h32,-0.06498326715717313,h1-h10,-0.048104
route_mutation,20260618T022758_608958,16,15,39,15,,,2026-06-18T02:27:58,h32,-0.0647548261849711,h1-h25,-0.048098
route_mutation,20260618T022828_879368,3,2,38,2,,,2026-06-18T02:28:28,h32,-0.07675636946410098,h1-h2,-0.0486008
route_mutation,20260618T022859_149802,19,18,38,18,,,2026-06-18T02:28:59,h32,-0.07750105703063784,h1-h13,-0.048086000000000004
route_mutation,20260618T022929_351864,0,0,38,0,,,2026-06-18T02:29:29,h32,-0.07697086883549037,,
route_mutation,20260618T022959_613857,18,17,38,17,,,2026-06-18T02:29:59,h32,-0.07705926748036082,h1-h10,-0.048086000000000004
route_mutation,20260618T023029_871555,8,7,38,7,,,2026-06-18T02:30:29,h32,-0.07709674915478083,h1-h33,-0.048090400000000005
route_mutation,20260618T023100_132126,9,8,38,8,,,2026-06-18T02:31:00,h32,-0.07717339585341561,h1-h9,-0.0480816
route_mutation,20260618T023130_410611,17,16,38,16,,,2026-06-18T02:31:30,h32,-0.08669246315662649,h1-h22,-0.0480772
route_mutation,20260618T023200_595635,0,0,38,0,,,2026-06-18T02:32:00,h32,-0.08362402746728881,,
route_mutation,20260618T023230_863068,17,16,38,16,,,2026-06-18T02:32:30,h32,-0.08382758292166548,h1-h10,-0.0480816
route_mutation,20260618T023301_127554,4,3,38,3,,,2026-06-18T02:33:01,h32,-0.08308483923043636,h1-h37,-0.048086000000000004
route_mutation,20260618T023331_377466,14,13,38,13,,,2026-06-18T02:33:31,h32,-0.08331575662336572,h1-h10,-0.0480816
route_mutation,20260618T023401_655577,14,13,38,13,,,2026-06-18T02:34:01,h32,-0.08295243731085168,h1-h31,-0.0480816
route_mutation,20260618T025842_926803,10,9,38,9,,,2026-06-18T02:58:42,h32,-0.08312823497814327,h1-h10,-0.05
route_mutation,20260618T025913_194221,18,17,38,17,,,2026-06-18T02:59:13,h32,-0.08633039215686272,h1-h21,-0.048119
route_mutation,20260618T025942_935420,40,92,39,81,,,2026-06-18T02:59:42,h32,-0.04765307971014493,h1-h10,-0.048108000000000005
route_mutation,20260618T025956_723243,40,110,39,99,,,2026-06-18T02:59:56,h32,-0.0288836956521739,h1-h10,-0.048108000000000005
route_mutation,20260618T030010_030211,40,190,39,179,,,2026-06-18T03:00:10,h7,-0.008070277777777746,h3-h15,-0.04199750000000001
ip_shuffle,20260618T030015_833516,40,121,39,104,h7|h3|h4,,2026-06-18T03:00:15,h7,0.010991111111111118,h2-h10,-0.04199750000000001
ip_shuffle,20260618T030126_717222,12,11,39,11,h12|h11|h10,,2026-06-18T03:01:26,h12,0.02509239122402479,h1-h10,-0.045017
ip_shuffle,20260618T030237_603466,8,7,39,7,h9|h13|h6,,2026-06-18T03:02:37,h9,0.03880089503578518,h1-h6,-0.04310025
ip_shuffle,20260618T030348_648300,4,3,39,3,h5|h8|h2,,2026-06-18T03:03:48,h5,0.04513066049676362,h1-h2,-0.042596800000000004
ip_shuffle,20260618T030402_864417,8,7,39,7,h5|h8|h2,,2026-06-18T03:04:02,h5,0.04513066049676362,h1-h4,-0.042596800000000004
ip_shuffle,20260618T030513_491055,2,1,39,1,h32,,2026-06-18T03:05:13,h32,0.00179205680442876,h1-h2,-0.042080000000000006
route_mutation,20260618T030611_145687,16,15,39,15,,,2026-06-18T03:06:11,h30,-0.003189541693853465,h1-h28,-0.0474744
ip_shuffle,20260618T030641_312488,0,0,39,0,h30,,2026-06-18T03:06:41,h30,0.0076546551481788405,,
route_mutation,20260618T030738_955921,12,11,39,11,,,2026-06-18T03:07:38,h35,-0.0011428374659213925,h1-h10,-0.045063200000000005
ip_shuffle,20260618T030809_224043,8,7,39,7,h35,,2026-06-18T03:08:09,h35,0.0011284386033617033,h1-h31,-0.0480816
route_mutation,20260618T030906_802584,6,5,39,5,,,2026-06-18T03:09:06,h33,-0.005086006779924018,h1-h5,-0.047465600000000004
route_mutation,20260618T030937_062651,16,15,39,15,,,2026-06-18T03:09:37,h33,-0.005044251354748647,h1-h13,-0.047465600000000004
route_mutation,20260618T031007_306274,6,5,39,5,,,2026-06-18T03:10:07,h33,-0.0051728708181521255,h1-h35,-0.0480816
route_mutation,20260618T031037_570352,5,4,39,4,,,2026-06-18T03:10:37,h32,-0.0006052532617528417,h1-h2,-0.047470000000000005
ip_shuffle,20260618T031107_820646,5,4,39,4,h32,,2026-06-18T03:11:07,h32,0.016925026889697076,h1-h10,-0.0474788
ip_shuffle,20260618T031205_369674,0,0,39,0,h33,,2026-06-18T03:12:05,h33,0.00038635391571015254,,
route_mutation,20260618T031303_171605,7,6,39,6,,,2026-06-18T03:13:03,h30,-0.000582085393134979,h1-h10,-0.0474788
ip_shuffle,20260618T031333_424578,10,9,39,9,h30|h37|h34,,2026-06-18T03:13:33,h30,0.0562325359595961,h1-h28,-0.048072800000000006
ip_shuffle,20260618T031444_037702,8,7,39,7,h35|h38,,2026-06-18T03:14:44,h35,0.024492585483328416,h1-h10,-0.0474788
ip_shuffle,20260618T031548_124340,6,5,39,5,h11,,2026-06-18T03:15:48,h11,0.026384453333333363,h1-h35,-0.0480596
route_mutation,20260618T031645_957695,10,10,39,10,,,2026-06-18T03:16:45,h32,-0.026700948590460002,h1-h35,-0.0480596
route_mutation,20260618T031716_210795,11,10,39,10,,,2026-06-18T03:17:16,h32,-0.007781729469208909,h1-h28,-0.0480596
ip_shuffle,20260618T031746_449527,2,1,39,1,h32,,2026-06-18T03:17:46,h32,0.011425785368934294,h1-h39,-0.0480596
route_mutation,20260618T031844_153272,13,12,39,12,,,2026-06-18T03:18:44,h4,-0.03423456970627349,h1-h12,-0.048068400000000004
route_mutation,20260618T031914_417837,6,5,39,5,,,2026-06-18T03:19:14,h30,-0.017041215949830144,h1-h31,-0.048064
ip_shuffle,20260618T031944_588005,0,0,39,0,h30,,2026-06-18T03:19:44,h30,0.000633166385399675,,
route_mutation,20260618T032042_193238,14,13,39,13,,,2026-06-18T03:20:42,h33,-0.002138543452912367,h1-h12,-0.048064
ip_shuffle,20260618T032112_427209,9,8,39,8,h35|h33,,2026-06-18T03:21:12,h35,0.011623217214537324,h1-h32,-0.0480596
route_mutation,20260618T032216_479236,8,8,39,8,,,2026-06-18T03:22:16,h4,-0.015800440222345336,h1-h10,-0.048064
ip_shuffle,20260618T032246_732706,12,11,39,11,h4|h37,,2026-06-18T03:22:46,h4,0.009744838967954333,h1-h28,-0.048068400000000004
ip_shuffle,20260618T032350_829366,7,7,39,7,h32,,2026-06-18T03:23:50,h32,0.007059724334671558,h1-h11,-0.048068400000000004
route_mutation,20260618T032448_496647,9,8,39,8,,,2026-06-18T03:24:48,h7,-0.008386969881790968,h1-h29,-0.048072800000000006
route_mutation,20260618T032518_675757,0,0,39,0,,,2026-06-18T03:25:18,h7,-0.008484675028000987,,
route_mutation,20260618T032548_944024,11,12,39,12,,,2026-06-18T03:25:48,h7,-0.008287207186964018,h1-h10,-0.0474788
route_mutation,20260618T032619_194269,18,17,39,17,,,2026-06-18T03:26:19,h30,-0.006412563017761247,h1-h14,-0.0474788
ip_shuffle,20260618T032649_461584,6,5,39,5,h30,,2026-06-18T03:26:49,h30,0.007252909783868139,h1-h35,-0.048068400000000004
route_mutation,20260618T032747_139347,9,8,39,8,,,2026-06-18T03:27:47,h32,-0.0025092786666666422,h1-h10,-0.0474744
ip_shuffle,20260618T032817_403155,14,14,39,13,h32|h33,,2026-06-18T03:28:17,h32,0.020654317111111098,h1-h28,-0.048072800000000006
route_mutation,20260618T032921_437061,10,11,39,11,,,2026-06-18T03:29:21,h35,-0.009670754876272808,h1-h33,-0.0474744
ip_shuffle,20260618T032951_700742,14,13,39,13,h35,,2026-06-18T03:29:51,h35,0.002100229567050832,h1-h14,-0.0474788
route_mutation,20260618T033049_301157,2,1,39,1,,,2026-06-18T03:30:49,h34,-0.020471335517428454,h1-h2,-0.0474788
route_mutation,20260618T033119_570155,7,6,39,6,,,2026-06-18T03:31:19,h34,-0.020393784347045626,h1-h10,-0.047470000000000005
route_mutation,20260618T033149_827249,14,14,39,13,,,2026-06-18T03:31:49,h37,-0.0200100923558513,h1-h28,-0.047470000000000005
route_mutation,20260618T033220_109405,3,2,39,2,,,2026-06-18T03:32:20,h32,-0.0028410736467195385,h1-h38,-0.047465600000000004
ip_shuffle,20260618T033250_380575,8,8,39,8,h32,,2026-06-18T03:32:50,h32,0.020352004361552545,h1-h11,-0.048064
ip_shuffle,20260618T033348_084466,10,10,39,9,h10|h30|h37,,2026-06-18T03:33:48,h10,0.029751738868843552,h1-h30,-0.047470000000000005
route_mutation,20260618T033458_739397,10,10,39,10,,,2026-06-18T03:34:58,h33,-0.009374119516857682,h1-h10,-0.0474612
ip_shuffle,20260618T033529_005581,8,8,39,7,h33,,2026-06-18T03:35:29,h33,0.005025893702056278,h1-h30,-0.047470000000000005
ip_shuffle,20260618T033626_646317,6,6,39,6,h35,,2026-06-18T03:36:26,h35,0.001972791224675613,h1-h11,-0.047465600000000004
route_mutation,20260618T033724_271432,12,11,39,11,,,2026-06-18T03:37:24,h34,-0.009774335956748731,h1-h28,-0.0474744
route_mutation,20260618T033754_529183,4,3,39,3,,,2026-06-18T03:37:54,h34,-0.009843036632909696,h1-h37,-0.0474744
ip_shuffle,20260618T033824_761389,7,7,39,7,h32,,2026-06-18T03:38:24,h32,0.005809360819776621,h1-h11,-0.0474612
route_mutation,20260618T033922_390484,10,9,39,9,,,2026-06-18T03:39:22,h34,-0.009840611733297977,h1-h28,-0.0474744
route_mutation,20260618T033952_580065,0,0,39,0,,,2026-06-18T03:39:52,h34,-0.009841523739090363,,
ip_shuffle,20260618T034022_854542,9,9,39,9,h30,,2026-06-18T03:40:22,h30,0.0042511402740882664,h1-h11,-0.047465600000000004
ip_shuffle,20260618T034120_719964,8,7,39,7,h7,,2026-06-18T03:41:20,h7,0.03023950818955043,h1-h32,-0.0474744
ip_shuffle,20260618T034218_347737,8,8,39,8,h33,,2026-06-18T03:42:18,h33,0.0045047914982570825,h1-h10,-0.047465600000000004
route_mutation,20260618T034315_966982,4,3,39,3,,,2026-06-18T03:43:15,h35,-0.006534931062631144,h1-h37,-0.048072800000000006
ip_shuffle,20260618T034346_245950,5,5,39,5,h35,,2026-06-18T03:43:46,h35,0.008412101313162224,h1-h11,-0.047465600000000004
ip_shuffle,20260618T034443_963115,11,10,39,10,h32,,2026-06-18T03:44:43,h32,0.019463892485517664,h1-h28,-0.048072800000000006
ip_shuffle,20260618T034541_608160,7,7,39,7,h37,,2026-06-18T03:45:41,h37,0.0003392917614373214,h1-h11,-0.047470000000000005
route_mutation,20260618T034639_275680,9,9,39,9,,,2026-06-18T03:46:39,h30,-0.01161194606984961,h1-h30,-0.048072800000000006
ip_shuffle,20260618T034709_477229,0,0,39,0,h30,,2026-06-18T03:47:09,h30,0.007011167306597704,,
route_mutation,20260618T034807_116201,16,15,39,15,,,2026-06-18T03:48:07,h34,-0.01975879414609384,h1-h13,-0.047465600000000004
route_mutation,20260618T034837_369477,7,6,39,6,,,2026-06-18T03:48:37,h34,-0.014592777134028567,h1-h34,-0.048072800000000006
route_mutation,20260618T034907_637369,3,2,39,2,,,2026-06-18T03:49:07,h34,-0.014412557919474267,h1-h2,-0.048068400000000004
ip_shuffle,20260618T034937_886364,7,6,39,6,h32,,2026-06-18T03:49:37,h32,0.003468041260885596,h1-h10,-0.048068400000000004
ip_shuffle,20260618T035035_412086,0,0,39,0,h35,,2026-06-18T03:50:35,h35,0.015317235636506138,,
ip_shuffle,20260618T035133_041648,6,5,39,5,h33,,2026-06-18T03:51:33,h33,0.002021732621389938,h1-h10,-0.048068400000000004
ip_shuffle,20260618T035230_707326,6,5,39,5,h30,,2026-06-18T03:52:30,h30,0.004928133108319521,h1-h35,-0.048064
route_mutation,20260618T035328_317396,8,8,39,8,,,2026-06-18T03:53:28,h10,-0.0006552726742609372,h1-h33,-0.048064
route_mutation,20260618T035358_621406,18,18,39,18,,,2026-06-18T03:53:58,h10,-0.0004145489475113895,h1-h28,-0.048064
route_mutation,20260618T035428_877177,4,3,39,3,,,2026-06-18T03:54:28,h10,-0.00036577351485486687,h1-h37,-0.048064
ip_shuffle,20260618T035459_136616,7,7,39,7,h37,,2026-06-18T03:54:59,h37,0.005675430762255601,h1-h11,-0.048072800000000006
ip_shuffle,20260618T035556_819787,10,10,39,10,h10|h34|h32,,2026-06-18T03:55:56,h10,0.030479091616161608,h1-h28,-0.048064
route_mutation,20260618T035707_591398,9,9,39,9,,,2026-06-18T03:57:07,h38,-0.011604159976235456,h1-h33,-0.047465600000000004
route_mutation,20260618T035737_850900,13,12,39,12,,,2026-06-18T03:57:37,h38,-0.00927961412259376,h1-h28,-0.047465600000000004
ip_shuffle,20260618T035808_082163,3,2,39,2,h35,,2026-06-18T03:58:08,h35,0.0029053023997898386,h1-h38,-0.047465600000000004
ip_shuffle,20260618T035905_936283,13,12,39,12,h33|h30,,2026-06-18T03:59:05,h33,0.005839081745764113,h1-h11,-0.047470000000000005
ip_shuffle,20260618T040009_977664,2,1,39,1,h38,,2026-06-18T04:00:09,h38,0.00017026384463231237,h1-h2,-0.047470000000000005
route_mutation,20260618T040107_607714,16,15,39,15,,,2026-06-18T04:01:07,h37,-0.03150108557581592,h1-h28,-0.047465600000000004
route_mutation,20260618T040137_837010,3,2,39,2,,,2026-06-18T04:01:37,h37,-0.015948742267820865,h1-h37,-0.047465600000000004
route_mutation,20260618T040208_030179,0,0,39,0,,,2026-06-18T04:02:08,h37,-0.00022150074215906979,,
ip_shuffle,20260618T040238_288201,9,9,39,9,h37|h32,,2026-06-18T04:02:38,h37,0.015282421259324469,h1-h4,-0.047470000000000005
ip_shuffle,20260618T040436_085706,8,7,39,7,h37|h32|h7,,2026-06-18T04:04:36,h37,0.040523848640769494,h1-h33,-0.0475008
route_mutation,20260618T040546_581745,12,11,39,11,,,2026-06-18T04:05:46,h11,-0.00701553052242207,h1-h29,-0.0474964
ip_shuffle,20260618T040616_815610,3,2,39,2,h30|h35,,2026-06-18T04:06:16,h30,0.015169013496121181,h1-h2,-0.048086000000000004
ip_shuffle,20260618T040721_000602,9,8,39,8,h11|h33,,2026-06-18T04:07:21,h11,0.0059262112311286586,h1-h32,-0.047492
ip_shuffle,20260618T040825_155029,14,13,39,13,h34,,2026-06-18T04:08:25,h34,0.002278674351737814,h1-h28,-0.0480948
route_mutation,20260618T040922_741758,7,6,39,6,,,2026-06-18T04:09:22,h38,-8.40940652591382e-05,h1-h2,-0.0480948
ip_shuffle,20260618T040952_970796,15,14,39,14,h38,,2026-06-18T04:09:52,h38,0.015479316773211571,h1-h28,-0.0475008
route_mutation,20260618T041050_642824,4,3,39,3,,,2026-06-18T04:10:50,h18,-0.0014383264840182874,h1-h2,-0.0480816
route_mutation,20260618T041120_928668,16,15,39,15,,,2026-06-18T04:11:20,h32,-0.003832027734372856,h1-h28,-0.047470000000000005
ip_shuffle,20260618T041151_211307,6,5,39,5,h32,,2026-06-18T04:11:51,h32,0.03280852410923832,h1-h35,-0.047465600000000004
route_mutation,20260618T041248_841480,15,14,38,14,,,2026-06-18T04:12:48,h30,-0.020707960708313086,h1-h11,-0.048072800000000006
route_mutation,20260618T041319_122932,8,7,38,7,,,2026-06-18T04:13:19,h30,-0.0055459263131835135,h1-h33,-0.0474744
ip_shuffle,20260618T041349_425494,4,3,38,3,h30,,2026-06-18T04:13:49,h30,0.009536093167221787,h1-h2,-0.048072800000000006
ip_shuffle,20260618T041447_061677,10,9,38,9,h34,,2026-06-18T04:14:47,h34,0.008130408666666644,h1-h29,-0.0474788
ip_shuffle,20260618T041545_638810,12,11,38,11,h35|h37,,2026-06-18T04:15:45,h35,0.00664657540245589,h1-h10,-0.048072800000000006
ip_shuffle,20260618T041649_644230,0,0,38,0,h33,,2026-06-18T04:16:49,h33,0.011231749263028612,,
route_mutation,20260618T041747_300070,9,8,38,8,,,2026-06-18T04:17:47,h32,-0.01723022096831099,h1-h30,-0.0474788
ip_shuffle,20260618T041817_484640,0,0,38,0,h32,,2026-06-18T04:18:17,h32,0.00035076485084650777,,
route_mutation,20260618T041915_152143,9,8,38,8,,,2026-06-18T04:19:15,h11,-0.016874927881374735,h1-h29,-0.0474744
route_mutation,20260618T041945_352483,0,0,38,0,,,2026-06-18T04:19:45,h30,-0.009090345332419453,,
ip_shuffle,20260618T042015_616341,15,14,38,14,h30,,2026-06-18T04:20:15,h30,0.009747891855896862,h1-h10,-0.048064
route_mutation,20260618T042114_128681,0,0,38,0,,,2026-06-18T04:21:14,h35,-0.012492074885416482,,
ip_shuffle,20260618T042144_375008,11,10,38,10,h35,,2026-06-18T04:21:44,h35,0.006168509398551375,h1-h10,-0.048064
route_mutation,20260618T042242_068602,0,0,38,0,,,2026-06-18T04:22:42,h7,-0.006167236529087489,,
route_mutation,20260618T042312_321140,14,14,38,14,,,2026-06-18T04:23:12,h7,-0.005821589645107483,h1-h35,-0.0474744
route_mutation,20260618T042342_601175,9,8,38,8,,,2026-06-18T04:23:42,h7,-0.0059547742197188225,h1-h28,-0.047470000000000005
ip_shuffle,20260618T042412_865972,5,4,38,4,h32,,2026-06-18T04:24:12,h32,0.004924374698221878,h1-h36,-0.048068400000000004
route_mutation,20260618T042510_675500,17,16,38,16,,,2026-06-18T04:25:10,h33,-0.0043188635429756705,h1-h17,-0.048068400000000004
ip_shuffle,20260618T042540_932063,4,3,38,3,h33|h37,,2026-06-18T04:25:40,h33,0.006895097477071316,h1-h37,-0.048072800000000006
ip_shuffle,20260618T042645_057083,10,9,38,9,h35,,2026-06-18T04:26:45,h35,0.002137253407407419,h1-h25,-0.048068400000000004
ip_shuffle,20260618T042743_000905,11,11,38,11,h30,,2026-06-18T04:27:43,h30,0.006670143595268713,h1-h35,-0.048068400000000004
route_mutation,20260618T042840_599773,6,5,38,5,,,2026-06-18T04:28:40,h7,-0.010485506882390278,h1-h35,-0.048068400000000004
route_mutation,20260618T042910_847171,7,6,38,6,,,2026-06-18T04:29:10,h7,-0.010327119890943898,h1-h2,-0.0480772
route_mutation,20260618T042941_098886,17,16,38,16,,,2026-06-18T04:29:41,h7,-0.010250646735970093,h1-h28,-0.0480596
route_mutation,20260618T043011_351216,4,3,38,3,,,2026-06-18T04:30:11,h34,-0.026380431879715838,h1-h37,-0.048064
route_mutation,20260618T043041_609434,7,6,38,6,,,2026-06-18T04:30:41,h32,-0.013158932736710816,h1-h2,-0.0480816
ip_shuffle,20260618T043111_878897,15,14,38,14,h35|h32,,2026-06-18T04:31:11,h35,0.0018998211851851965,h1-h28,-0.0480596
route_mutation,20260618T043216_187696,11,10,38,10,,,2026-06-18T04:32:16,h33,-0.02817667426690075,h1-h10,-0.0480772
route_mutation,20260618T043246_440575,14,14,38,14,,,2026-06-18T04:32:46,h33,-0.015592395343957927,h1-h28,-0.0474612
route_mutation,20260618T043316_629129,0,0,38,0,,,2026-06-18T04:33:16,h30,-0.001427006936004338,,
ip_shuffle,20260618T043346_879903,11,10,38,10,h30,,2026-06-18T04:33:46,h30,0.01414386188983427,h1-h10,-0.048072800000000006
route_mutation,20260618T043444_495713,4,3,38,3,,,2026-06-18T04:34:44,h33,-0.017536689890059076,h1-h37,-0.0474568
route_mutation,20260618T043514_746864,11,10,38,10,,,2026-06-18T04:35:14,h32,-0.002738075999999978,h1-h10,-0.048072800000000006
ip_shuffle,20260618T043545_003758,16,16,38,16,h32|h33,,2026-06-18T04:35:45,h32,0.020388911333333343,h1-h28,-0.0474568
route_mutation,20260618T043649_077498,7,6,38,6,,,2026-06-18T04:36:49,h37,-0.012711719749572331,h1-h2,-0.048068400000000004
route_mutation,20260618T043719_340294,18,17,38,17,,,2026-06-18T04:37:19,h37,-0.0126323174217014,h1-h28,-0.0474612
route_mutation,20260618T043749_595574,5,4,38,4,,,2026-06-18T04:37:49,h35,-0.0010907481297414978,h1-h36,-0.0474612
ip_shuffle,20260618T043819_854052,4,3,38,3,h35,,2026-06-18T04:38:19,h35,0.012933497972168695,h1-h2,-0.0480772
ip_shuffle,20260618T043917_538405,7,6,38,6,h34|h30,,2026-06-18T04:39:17,h34,0.010564959042483307,h1-h34,-0.0480596
route_mutation,20260618T044021_689358,17,16,38,16,,,2026-06-18T04:40:21,h37,-0.006365026022782105,h1-h28,-0.0480596
ip_shuffle,20260618T044051_964194,5,4,38,4,h32,,2026-06-18T04:40:51,h32,0.004298220204218356,h1-h34,-0.0480596
ip_shuffle,20260618T044149_557414,15,14,38,14,h33,,2026-06-18T04:41:49,h33,0.005246211480979451,h1-h10,-0.048072800000000006
route_mutation,20260618T044248_130883,0,0,38,0,,,2026-06-18T04:42:48,h37,-0.0013794774329132786,,
route_mutation,20260618T044318_400597,14,13,38,13,,,2026-06-18T04:43:18,h37,-0.0013294069176136847,h1-h10,-0.048072800000000006
route_mutation,20260618T044348_675300,11,10,38,10,,,2026-06-18T04:43:48,h37,-0.0015924680859422113,h1-h28,-0.048072800000000006
ip_shuffle,20260618T044418_867662,0,0,38,0,h35,,2026-06-18T04:44:18,h35,0.01397235037920036,,
route_mutation,20260618T044516_649313,8,7,38,7,,,2026-06-18T04:45:16,h37,-0.009085566431199399,h1-h28,-0.048068400000000004
route_mutation,20260618T044546_975271,2,1,38,1,,,2026-06-18T04:45:46,h30,-0.0003940795887232562,h1-h39,-0.048072800000000006
ip_shuffle,20260618T044617_255947,15,15,38,15,h32|h30,,2026-06-18T04:46:17,h32,0.01864054302686788,h1-h10,-0.048064
route_mutation,20260618T044721_300633,0,0,38,0,,,2026-06-18T04:47:21,h37,-0.009229563492063497,,
route_mutation,20260618T044751_574908,14,13,38,13,,,2026-06-18T04:47:51,h37,-0.009153461186437922,h1-h10,-0.048064
route_mutation,20260618T044821_807950,9,8,38,8,,,2026-06-18T04:48:21,h7,-0.00016261848341236895,h1-h30,-0.0480772
ip_shuffle,20260618T044851_986045,0,0,38,0,h7,,2026-06-18T04:48:51,h7,0.0002617337164751432,,
route_mutation,20260618T044949_781554,11,11,38,11,,,2026-06-18T04:49:49,h37,-0.009330790765733066,h1-h7,-0.048064
ip_shuffle,20260618T045019_951680,0,0,38,0,h35,,2026-06-18T04:50:19,h35,0.00342036955521402,,
ip_shuffle,20260618T045117_574280,11,11,38,11,h32|h33|h30,,2026-06-18T04:51:17,h32,0.016531451855550716,h1-h7,-0.048064
route_mutation,20260618T045228_087058,10,9,38,9,,,2026-06-18T04:52:28,h37,-0.006797334670556793,h1-h11,-0.048064
route_mutation,20260618T045258_306180,10,10,38,10,,,2026-06-18T04:52:58,h37,-0.006742847392843171,h1-h30,-0.047470000000000005
route_mutation,20260618T045328_475227,0,0,38,0,,,2026-06-18T04:53:28,h37,-0.006809389898040863,,
route_mutation,20260618T045358_764122,15,14,38,14,,,2026-06-18T04:53:58,h37,-0.006759637032980409,h1-h10,-0.048064
route_mutation,20260618T045429_081787,10,10,38,10,,,2026-06-18T04:54:29,h37,-0.006712137074260188,h1-h31,-0.047470000000000005
route_mutation,20260618T045459_262358,0,0,38,0,,,2026-06-18T04:54:59,h32,-0.005632703805695138,,
ip_shuffle,20260618T045529_503281,17,16,38,16,h32|h35,,2026-06-18T04:55:29,h32,0.017102266637316565,h1-h10,-0.048064
ip_shuffle,20260618T045634_701877,5,4,38,4,h30,,2026-06-18T04:56:34,h30,0.00502312773967134,h1-h2,-0.048064
ip_shuffle,20260618T045732_393979,7,6,38,6,h33,,2026-06-18T04:57:32,h33,0.010232808653222958,h1-h34,-0.047465600000000004
ip_shuffle,20260618T045830_017070,17,16,38,16,h37,,2026-06-18T04:58:30,h37,0.011115045416138558,h1-h11,-0.048064
route_mutation,20260618T045927_522053,0,0,38,0,,,2026-06-18T04:59:27,h34,-0.008018782624906767,,
route_mutation,20260618T045957_752037,15,14,38,14,,,2026-06-18T04:59:57,h34,-0.008029657489544206,h1-h10,-0.048064
route_mutation,20260618T050028_012282,7,6,38,6,,,2026-06-18T05:00:28,h34,-0.007840018731069653,h1-h33,-0.0480596
route_mutation,20260618T050058_176155,0,0,38,0,,,2026-06-18T05:00:58,h32,-0.013701448042699127,,
ip_shuffle,20260618T050128_431230,14,13,38,13,h32|h35,,2026-06-18T05:01:28,h32,0.004552472349172054,h1-h10,-0.048064
route_mutation,20260618T050232_666399,5,4,38,4,,,2026-06-18T05:02:32,h30,-0.011352641824554893,h1-h2,-0.048064
ip_shuffle,20260618T050302_916202,14,13,38,13,h30,,2026-06-18T05:03:02,h30,0.004908077943355266,h1-h28,-0.048064
route_mutation,20260618T050400_424055,0,0,38,0,,,2026-06-18T05:04:00,h33,-0.00585472050625202,,
ip_shuffle,20260618T050430_689333,16,15,38,15,h33,,2026-06-18T05:04:30,h33,0.009414949297598313,h1-h10,-0.048064
route_mutation,20260618T050528_186781,0,0,38,0,,,2026-06-18T05:05:28,h37,-0.015275884814753643,,
route_mutation,20260618T050558_417533,13,12,38,12,,,2026-06-18T05:05:58,h37,-0.0026845799566315165,h1-h10,-0.048064
ip_shuffle,20260618T050628_663420,10,10,38,10,h32,,2026-06-18T05:06:28,h32,0.013715671927964662,h1-h30,-0.048064
route_mutation,20260618T050727_232330,14,13,38,13,,,2026-06-18T05:07:27,h35,-0.01426030603081288,h1-h10,-0.048064
ip_shuffle,20260618T050757_471070,10,9,38,9,h35,,2026-06-18T05:07:57,h35,0.0016881958002465391,h1-h30,-0.048064
route_mutation,20260618T050855_205208,18,17,38,17,,,2026-06-18T05:08:55,h30,-0.001989024654452193,h1-h35,-0.0480596
ip_shuffle,20260618T050925_472094,11,11,38,11,h30,,2026-06-18T05:09:25,h30,0.017466226950538177,h1-h30,-0.048064
route_mutation,20260618T051023_051944,15,14,38,14,,,2026-06-18T05:10:23,h7,-0.0033983666204889518,h1-h10,-0.048064
route_mutation,20260618T051053_311481,10,10,38,10,,,2026-06-18T05:10:53,h7,-0.0028227338215568165,h1-h30,-0.048055200000000006
ip_shuffle,20260618T051123_480724,0,0,38,0,h33,,2026-06-18T05:11:23,h33,0.001212191727283457,,
route_mutation,20260618T051221_076078,6,6,38,6,,,2026-06-18T05:12:21,h37,-0.0016659371025133096,h1-h30,-0.048064
ip_shuffle,20260618T051251_321607,3,2,38,2,h37|h35,,2026-06-18T05:12:51,h37,0.004639138085071826,h1-h38,-0.048064
ip_shuffle,20260618T051356_431652,9,9,38,9,h32,,2026-06-18T05:13:56,h32,0.014282080151909654,h1-h29,-0.048064
route_mutation,20260618T051454_077390,7,6,38,6,,,2026-06-18T05:14:54,h34,-0.02456509724307497,h1-h2,-0.048072800000000006
route_mutation,20260618T051524_333289,16,15,38,15,,,2026-06-18T05:15:24,h30,-0.021605181588977312,h1-h14,-0.048068400000000004
route_mutation,20260618T051554_606449,4,3,38,3,,,2026-06-18T05:15:54,h30,-0.0031886891402652384,h1-h37,-0.048068400000000004
ip_shuffle,20260618T051624_841573,7,6,38,6,h30,,2026-06-18T05:16:24,h30,0.01225470527633915,h1-h2,-0.048072800000000006
route_mutation,20260618T051722_556615,6,5,38,5,,,2026-06-18T05:17:22,h34,-0.02123377845031678,h1-h35,-0.048072800000000006
route_mutation,20260618T051752_832882,7,6,38,6,,,2026-06-18T05:17:52,h32,-0.002739186666666643,h1-h2,-0.048072800000000006
ip_shuffle,20260618T051823_078675,16,15,38,15,h32,,2026-06-18T05:18:23,h32,0.020385100222222202,h1-h15,-0.048068400000000004
route_mutation,20260618T051920_682973,6,5,38,5,,,2026-06-18T05:19:20,h35,-0.013006703426395566,h1-h2,-0.048072800000000006
ip_shuffle,20260618T051950_934248,17,16,38,16,h35,,2026-06-18T05:19:50,h35,0.0012375350177200317,h1-h28,-0.0474832
ip_shuffle,20260618T052048_515817,3,2,38,2,h33,,2026-06-18T05:20:48,h33,0.000342694159142648,h1-h2,-0.048068400000000004
route_mutation,20260618T052146_102790,10,10,38,10,,,2026-06-18T05:21:46,h34,-0.007975450888280583,h1-h30,-0.0474788
route_mutation,20260618T052216_290744,0,0,38,0,,,2026-06-18T05:22:16,h34,-0.007891115003697241,,
route_mutation,20260618T052246_507713,15,14,38,14,,,2026-06-18T05:22:46,h37,-0.006416558783108817,h1-h10,-0.048068400000000004
ip_shuffle,20260618T052316_745424,11,11,38,11,h32|h30|h37,,2026-06-18T05:23:16,h32,0.01440891333322794,h1-h30,-0.0474788
route_mutation,20260618T052427_385527,11,10,38,10,,,2026-06-18T05:24:27,h34,-0.007974991513370833,h1-h28,-0.047470000000000005
route_mutation,20260618T052457_626031,5,4,38,4,,,2026-06-18T05:24:57,h34,-0.008001856126747697,h1-h36,-0.047470000000000005
ip_shuffle,20260618T052527_895906,10,10,38,10,h35,,2026-06-18T05:25:27,h35,0.010225378999843021,h1-h30,-0.047465600000000004
route_mutation,20260618T052625_567418,4,3,38,3,,,2026-06-18T05:26:25,h34,-0.015854381809716017,h1-h37,-0.047470000000000005
route_mutation,20260618T052655_820067,11,11,38,11,,,2026-06-18T05:26:55,h34,-0.01597050383730403,h1-h30,-0.047470000000000005
route_mutation,20260618T052726_082157,18,18,38,18,,,2026-06-18T05:27:26,h34,-0.015854381809716017,h1-h28,-0.047470000000000005
ip_shuffle,20260618T052756_308961,3,2,38,2,h32,,2026-06-18T05:27:56,h32,0.002100370796144335,h1-h38,-0.048068400000000004
route_mutation,20260618T052854_925442,11,10,38,10,,,2026-06-18T05:28:54,h7,-0.0022742051685392672,h1-h28,-0.048064
ip_shuffle,20260618T052925_183390,6,5,38,5,h33,,2026-06-18T05:29:25,h33,0.002989814580320521,h1-h35,-0.048064
ip_shuffle,20260618T053022_840529,15,14,38,14,h30,,2026-06-18T05:30:22,h30,0.010883475660720676,h1-h28,-0.048064
ip_shuffle,20260618T053120_419544,0,0,38,0,h7,,2026-06-18T05:31:20,h7,0.004491234322459486,,
route_mutation,20260618T053218_049627,11,11,38,11,,,2026-06-18T05:32:18,h35,-0.008265763011938959,h1-h28,-0.047470000000000005
ip_shuffle,20260618T053248_313751,6,5,38,5,h35,,2026-06-18T05:32:48,h35,0.006240187880597964,h1-h35,-0.0474744
route_mutation,20260618T053345_920296,19,18,38,18,,,2026-06-18T05:33:45,h37,-0.015621951566951564,h1-h13,-0.047470000000000005
route_mutation,20260618T053416_179061,6,5,38,5,,,2026-06-18T05:34:16,h37,-0.006900249437747613,h1-h34,-0.0474744
ip_shuffle,20260618T053446_358686,0,0,38,0,h32,,2026-06-18T05:34:46,h32,0.006706341577102204,,
ip_shuffle,20260618T053543_958660,6,5,38,5,h30,,2026-06-18T05:35:43,h30,0.008014019494166913,h1-h32,-0.047470000000000005
ip_shuffle,20260618T053642_539225,5,4,38,4,h37,,2026-06-18T05:36:42,h37,0.011940364466186515,h1-h10,-0.0474744
route_mutation,20260618T053740_107728,4,3,38,3,,,2026-06-18T05:37:40,h34,-0.007535023070019103,h1-h37,-0.047465600000000004
route_mutation,20260618T053810_352887,9,8,38,8,,,2026-06-18T05:38:10,h34,-0.007394805551139028,h1-h2,-0.0474744
route_mutation,20260618T053840_613521,13,12,38,12,,,2026-06-18T05:38:40,h33,-0.003343808865640674,h1-h28,-0.048068400000000004
ip_shuffle,20260618T053910_867607,5,4,38,4,h33,,2026-06-18T05:39:10,h33,0.008487940216868467,h1-h36,-0.048064
ip_shuffle,20260618T054008_545267,17,16,38,16,h35|h34,,2026-06-18T05:40:08,h35,0.021020622686756696,h1-h28,-0.0480596
route_mutation,20260618T054112_631352,3,2,38,2,,,2026-06-18T05:41:12,h32,-0.007528621633810101,h1-h2,-0.048072800000000006
ip_shuffle,20260618T054142_848734,18,17,38,17,h32|h30,,2026-06-18T05:41:42,h32,0.009260837697407737,h1-h11,-0.048072800000000006
route_mutation,20260618T054246_884532,7,6,38,6,,,2026-06-18T05:42:46,h38,-0.02793228619248632,h1-h2,-0.048072800000000006
route_mutation,20260618T054317_147607,13,12,38,12,,,2026-06-18T05:43:17,h37,-0.020309821513805934,h1-h28,-0.048055200000000006
route_mutation,20260618T054347_378377,7,6,38,6,,,2026-06-18T05:43:47,h37,-0.0196182990888131,h1-h34,-0.0480596
route_mutation,20260618T054417_621371,5,4,38,4,,,2026-06-18T05:44:17,h37,-0.007293828586521445,h1-h2,-0.0480772
route_mutation,20260618T054447_866161,18,17,38,17,,,2026-06-18T05:44:47,h37,-0.025867802776661744,h1-h28,-0.048055200000000006
route_mutation,20260618T054518_124473,7,6,38,6,,,2026-06-18T05:45:18,h33,-0.012573395564066364,h1-h34,-0.0480596
route_mutation,20260618T054548_367377,4,3,38,3,,,2026-06-18T05:45:48,h30,-0.004937562629830777,h1-h2,-0.048072800000000006
ip_shuffle,20260618T054618_623034,17,16,38,16,h30|h33|h35,,2026-06-18T05:46:18,h30,0.014595922648691279,h1-h16,-0.048068400000000004
ip_shuffle,20260618T054730_385827,7,6,38,6,h32,,2026-06-18T05:47:30,h32,0.06669482600000001,h1-h2,-0.0480816
route_mutation,20260618T054827_984276,6,5,38,5,,,2026-06-18T05:48:27,h37,-0.012566329296333084,h1-h35,-0.047470000000000005
route_mutation,20260618T054858_273496,6,5,38,5,,,2026-06-18T05:48:58,h37,-0.012585795825868384,h1-h2,-0.0480816
route_mutation,20260618T054928_527298,17,16,38,16,,,2026-06-18T05:49:28,h37,-0.012414639433571212,h1-h28,-0.047470000000000005
route_mutation,20260618T054958_802123,6,5,38,5,,,2026-06-18T05:49:58,h37,-0.012448761716119444,h1-h35,-0.047470000000000005
route_mutation,20260618T055029_064529,7,6,38,6,,,2026-06-18T05:50:29,h37,-0.012450218177412598,h1-h2,-0.0480816
route_mutation,20260618T055059_312556,17,16,38,16,,,2026-06-18T05:50:59,h35,-0.0004065282882325938,h1-h28,-0.047470000000000005
ip_shuffle,20260618T055129_543191,6,5,38,5,h32|h35,,2026-06-18T05:51:29,h32,0.020430604888888898,h1-h35,-0.047470000000000005
ip_shuffle,20260618T055233_694658,13,12,38,12,h30,,2026-06-18T05:52:33,h30,0.0148186773936885,h1-h28,-0.047470000000000005
ip_shuffle,20260618T055331_351058,12,12,38,12,h37,,2026-06-18T05:53:31,h37,0.01825875541661065,h1-h32,-0.047465600000000004
route_mutation,20260618T055428_953072,4,3,38,3,,,2026-06-18T05:54:28,h34,-0.017370894345095186,h1-h37,-0.047470000000000005
route_mutation,20260618T055459_208930,12,12,38,12,,,2026-06-18T05:54:59,h33,-0.011085604364965002,h1-h32,-0.047470000000000005
route_mutation,20260618T055529_437385,16,15,38,15,,,2026-06-18T05:55:29,h33,-0.00011792163681914603,h1-h28,-0.047470000000000005
ip_shuffle,20260618T055559_681259,4,3,38,3,h33,,2026-06-18T05:55:59,h33,0.010682881414643103,h1-h37,-0.047470000000000005
route_mutation,20260618T055657_317357,15,14,38,14,,,2026-06-18T05:56:57,h30,-0.010458687111111087,h1-h28,-0.047470000000000005
ip_shuffle,20260618T055727_566300,5,4,38,4,h30,,2026-06-18T05:57:27,h30,0.011381760370370364,h1-h36,-0.047470000000000005
ip_shuffle,20260618T055826_170601,14,13,38,13,h32,,2026-06-18T05:58:26,h32,0.003760062701138378,h1-h28,-0.047470000000000005
route_mutation,20260618T055923_764690,0,0,38,0,,,2026-06-18T05:59:23,h34,-0.017445544583099118,,
route_mutation,20260618T055953_994673,5,4,38,4,,,2026-06-18T05:59:53,h35,-0.007493738600750921,h1-h10,-0.048064
ip_shuffle,20260618T060024_266615,15,14,38,14,h35,,2026-06-18T06:00:24,h35,0.0013869448769946169,h1-h28,-0.048072800000000006
route_mutation,20260618T060121_897130,2,1,38,1,,,2026-06-18T06:01:21,h37,-0.020392352031786118,h1-h39,-0.048064
route_mutation,20260618T060152_140575,12,11,38,11,,,2026-06-18T06:01:52,h34,-0.025861643107177965,h1-h10,-0.048068400000000004
route_mutation,20260618T060222_386693,10,9,38,9,,,2026-06-18T06:02:22,h32,-0.007532033627279944,h1-h28,-0.048072800000000006
ip_shuffle,20260618T060252_569514,0,0,38,0,h32,,2026-06-18T06:02:52,h32,0.014942165740552765,,
route_mutation,20260618T060350_204672,15,14,38,14,,,2026-06-18T06:03:50,h33,-0.005849918772240309,h1-h28,-0.048068400000000004
route_mutation,20260618T060420_453447,4,3,38,3,,,2026-06-18T06:04:20,h30,-0.002315018182405232,h1-h37,-0.048068400000000004
ip_shuffle,20260618T060450_695036,11,10,38,10,h30,,2026-06-18T06:04:50,h30,0.0114514669586534,h1-h10,-0.048068400000000004
ip_shuffle,20260618T060548_345526,6,5,38,5,h33,,2026-06-18T06:05:48,h33,0.019632312339693897,h1-h35,-0.048064
ip_shuffle,20260618T060645_964233,15,14,38,14,h35,,2026-06-18T06:06:45,h35,0.03824456462928347,h1-h28,-0.048064
route_mutation,20260618T060744_469036,0,0,38,0,,,2026-06-18T06:07:44,h37,-0.00919985286508862,,
route_mutation,20260618T060814_714506,16,15,38,15,,,2026-06-18T06:08:14,h37,-0.009106404456119876,h1-h10,-0.048068400000000004
ip_shuffle,20260618T060844_953902,7,6,38,6,h32,,2026-06-18T06:08:44,h32,0.022870394367601243,h1-h34,-0.048068400000000004
ip_shuffle,20260618T060942_786965,15,14,38,14,h37,,2026-06-18T06:09:42,h37,0.0066878668984782785,h1-h10,-0.048068400000000004
route_mutation,20260618T061040_492399,0,0,38,0,,,2026-06-18T06:10:40,h34,-0.013044983477855598,,
ip_shuffle,20260618T061110_751184,15,14,38,14,h30,,2026-06-18T06:11:10,h30,0.003926238278077615,h1-h10,-0.048068400000000004
route_mutation,20260618T061208_294123,0,0,38,0,,,2026-06-18T06:12:08,h34,-0.013211288248374836,,
route_mutation,20260618T061238_549241,15,14,38,14,,,2026-06-18T06:12:38,h33,-0.007724795691040065,h1-h10,-0.048072800000000006
ip_shuffle,20260618T061308_785401,9,9,38,8,h33,,2026-06-18T06:13:08,h33,0.01806019727721067,h1-h31,-0.0474744
ip_shuffle,20260618T061406_385190,8,7,38,7,h32,,2026-06-18T06:14:06,h32,0.0020033287151720314,h1-h11,-0.048072800000000006
route_mutation,20260618T061504_003396,3,2,38,2,,,2026-06-18T06:15:04,h35,-0.00304850136956597,h1-h38,-0.0474744
ip_shuffle,20260618T061534_246482,12,12,38,12,h35,,2026-06-18T06:15:34,h35,0.009683265845882444,h1-h37,-0.0474788
route_mutation,20260618T061631_917251,5,4,38,4,,,2026-06-18T06:16:31,h30,-0.032872464995120615,h1-h36,-0.0480772
route_mutation,20260618T061702_144593,9,9,38,9,,,2026-06-18T06:17:02,h30,-0.01746900420089524,h1-h37,-0.048072800000000006
route_mutation,20260618T061732_398132,15,14,38,14,,,2026-06-18T06:17:32,h30,-0.0019113264266459595,h1-h28,-0.048072800000000006
ip_shuffle,20260618T061802_639853,3,2,38,2,h30,,2026-06-18T06:18:02,h30,0.013700751968657277,h1-h38,-0.048072800000000006
ip_shuffle,20260618T061900_258021,17,16,38,16,h33,,2026-06-18T06:19:00,h33,0.012328565333333319,h1-h28,-0.048068400000000004
route_mutation,20260618T061958_868196,5,4,38,4,,,2026-06-18T06:19:58,h32,-0.019352741212998403,h1-h2,-0.048086000000000004
route_mutation,20260618T062029_120275,17,16,38,16,,,2026-06-18T06:20:29,h32,-0.004030601160688069,h1-h28,-0.048072800000000006
ip_shuffle,20260618T062059_381647,6,5,38,5,h32|h37|h34,,2026-06-18T06:20:59,h32,0.04917411653011097,h1-h35,-0.048072800000000006
route_mutation,20260618T062209_917632,9,8,38,8,,,2026-06-18T06:22:09,h35,-0.0032294201874921713,h1-h28,-0.048068400000000004
ip_shuffle,20260618T062240_095453,0,0,38,0,h35,,2026-06-18T06:22:40,h35,0.012145586830380223,,
route_mutation,20260618T062337_731668,17,16,38,16,,,2026-06-18T06:23:37,h30,-0.024991874860416236,h1-h28,-0.048068400000000004
route_mutation,20260618T062408_008110,7,6,38,6,,,2026-06-18T06:24:08,h30,-0.008208339923717889,h1-h34,-0.048068400000000004
ip_shuffle,20260618T062438_237358,5,4,38,4,h30,,2026-06-18T06:24:38,h30,0.008290200548530136,h1-h2,-0.048072800000000006
route_mutation,20260618T062535_861388,10,9,38,9,,,2026-06-18T06:25:35,h32,-0.026734282169458598,h1-h30,-0.048072800000000006
route_mutation,20260618T062606_067250,0,0,38,0,,,2026-06-18T06:26:06,h32,-0.007644821996271978,,
ip_shuffle,20260618T062636_296181,15,14,38,14,h32,,2026-06-18T06:26:36,h32,0.011478217401085983,h1-h10,-0.048072800000000006
route_mutation,20260618T062734_834599,0,0,38,0,,,2026-06-18T06:27:34,h33,-0.015897408497014404,,
route_mutation,20260618T062805_085708,14,13,38,13,,,2026-06-18T06:28:05,h33,-0.005157664330761452,h1-h10,-0.048068400000000004
ip_shuffle,20260618T062835_340943,10,9,38,9,h33,,2026-06-18T06:28:35,h33,0.0048108356071216996,h1-h30,-0.048068400000000004
route_mutation,20260618T062933_239323,7,6,38,6,,,2026-06-18T06:29:33,h35,-0.0010796275160099844,h1-h10,-0.048068400000000004
ip_shuffle,20260618T063003_484773,11,11,38,10,h35,,2026-06-18T06:30:03,h35,0.01184080894965317,h1-h28,-0.0480772
route_mutation,20260618T063101_089640,7,6,38,6,,,2026-06-18T06:31:01,h30,-0.004620419626983119,h1-h2,-0.048068400000000004
ip_shuffle,20260618T063131_338679,16,15,38,15,h30|h37,,2026-06-18T06:31:31,h30,0.013665912440467387,h1-h28,-0.0480772
route_mutation,20260618T063235_456225,12,12,38,12,,,2026-06-18T06:32:35,h34,-0.017292252474946354,h1-h37,-0.0474788
route_mutation,20260618T063305_732173,11,10,38,10,,,2026-06-18T06:33:05,h32,-0.0060363180902268665,h1-h28,-0.0474788
ip_shuffle,20260618T063336_017508,6,5,38,5,h32,,2026-06-18T06:33:36,h32,0.009102811975451569,h1-h35,-0.0474788
route_mutation,20260618T063433_612191,17,16,38,16,,,2026-06-18T06:34:33,h34,-0.017237583550658603,h1-h12,-0.048064
route_mutation,20260618T063503_842318,8,7,38,7,,,2026-06-18T06:35:03,h30,-0.008771478148148132,h1-h33,-0.0474788
ip_shuffle,20260618T063534_135793,5,4,38,4,h30,,2026-06-18T06:35:34,h30,0.01777311555555558,h1-h2,-0.048068400000000004
route_mutation,20260618T063631_765939,6,5,38,5,,,2026-06-18T06:36:31,h35,-0.012418441789474238,h1-h33,-0.0474744
ip_shuffle,20260618T063701_998992,2,1,38,1,h35,,2026-06-18T06:37:01,h35,0.0019086119096424492,h1-h39,-0.0474744
route_mutation,20260618T063759_641938,14,13,38,13,,,2026-06-18T06:37:59,h33,-0.013683651536961078,h1-h28,-0.0474788
route_mutation,20260618T063829_863834,3,2,38,2,,,2026-06-18T06:38:29,h33,-0.0037058160573260057,h1-h38,-0.047470000000000005
ip_shuffle,20260618T063900_089522,14,14,38,14,h37|h33,,2026-06-18T06:39:00,h37,0.009322982004032948,h1-h37,-0.047470000000000005
ip_shuffle,20260618T064005_160724,0,0,38,0,h32,,2026-06-18T06:40:05,h32,0.029391630593482737,,
route_mutation,20260618T064102_742166,11,10,38,10,,,2026-06-18T06:41:02,h34,-0.0021482784961197043,h1-h28,-0.048064
route_mutation,20260618T064132_984730,2,1,38,1,,,2026-06-18T06:41:32,h34,-0.0016314563363721557,h1-h39,-0.0480596
ip_shuffle,20260618T064203_234115,12,11,38,11,h30,,2026-06-18T06:42:03,h30,0.009699346145327109,h1-h10,-0.0480816
route_mutation,20260618T064300_963086,4,3,38,3,,,2026-06-18T06:43:00,h34,-0.010297954881706511,h1-h37,-0.048055200000000006
route_mutation,20260618T064331_202137,11,10,38,10,,,2026-06-18T06:43:31,h34,-0.00878020381827238,h1-h10,-0.048086000000000004
route_mutation,20260618T064401_461373,13,12,38,12,,,2026-06-18T06:44:01,h35,-0.007593173632804179,h1-h28,-0.048064
ip_shuffle,20260618T064431_671643,3,2,38,2,h35,,2026-06-18T06:44:31,h35,0.006191536675939552,h1-h38,-0.0480596
route_mutation,20260618T064529_513059,13,12,38,12,,,2026-06-18T06:45:29,h37,-0.0024359869463453365,h1-h28,-0.0480596
ip_shuffle,20260618T064559_756710,6,5,38,5,h34|h32|h37,,2026-06-18T06:45:59,h34,0.009197543677168046,h1-h35,-0.0480596
route_mutation,20260618T064711_586324,10,10,38,10,,,2026-06-18T06:47:11,h38,-0.031292557967026235,h1-h29,-0.0480596
route_mutation,20260618T064741_771060,0,0,38,0,,,2026-06-18T06:47:41,h30,-0.022807827104971368,,
route_mutation,20260618T064812_018753,14,13,38,13,,,2026-06-18T06:48:12,h30,-0.007816515202535623,h1-h16,-0.048072800000000006
ip_shuffle,20260618T064842_267555,7,7,38,7,h30,,2026-06-18T06:48:42,h30,0.007071826706955414,h1-h32,-0.048064
ip_shuffle,20260618T064939_982388,9,8,38,8,h33,,2026-06-18T06:49:39,h33,0.008261576293668305,h1-h10,-0.048072800000000006
ip_shuffle,20260618T065037_721543,4,3,38,3,h32,,2026-06-18T06:50:37,h32,0.013467127099099141,h1-h37,-0.047465600000000004
route_mutation,20260618T065135_490264,18,18,38,18,,,2026-06-18T06:51:35,h35,-0.02902675162893338,h1-h28,-0.047465600000000004
route_mutation,20260618T065205_725773,3,2,38,2,,,2026-06-18T06:52:05,h35,-0.02209157145592837,h1-h38,-0.047465600000000004
route_mutation,20260618T065236_002349,12,12,38,12,,,2026-06-18T06:52:36,h35,-0.023926732871561315,h1-h32,-0.047470000000000005
route_mutation,20260618T065306_237300,14,14,38,14,,,2026-06-18T06:53:06,h35,-0.013272432288399555,h1-h28,-0.047470000000000005
route_mutation,20260618T065336_490528,2,1,38,1,,,2026-06-18T06:53:36,h35,-0.0026088592462060745,h1-h39,-0.047470000000000005
ip_shuffle,20260618T065406_746912,15,15,38,15,h30|h35|h37,,2026-06-18T06:54:06,h30,0.0329488314074074,h1-h32,-0.0474788
route_mutation,20260618T065517_163387,0,0,38,0,,,2026-06-18T06:55:17,h32,-0.012929453086799492,,
ip_shuffle,20260618T065547_419593,15,14,38,14,h32,,2026-06-18T06:55:47,h32,0.0054599672074782946,h1-h10,-0.048064
route_mutation,20260618T065645_036216,0,0,38,0,,,2026-06-18T06:56:45,h7,-0.01796129116966877,,
route_mutation,20260618T065715_295484,14,14,38,14,,,2026-06-18T06:57:15,h33,-0.008561822214026349,h1-h10,-0.048064
route_mutation,20260618T065745_555543,12,11,38,11,,,2026-06-18T06:57:45,h33,-0.015900210978266965,h1-h28,-0.048072800000000006
ip_shuffle,20260618T065815_788317,3,2,38,2,h7|h33,,2026-06-18T06:58:15,h7,0.029894720000000014,h1-h38,-0.048072800000000006
route_mutation,20260618T065919_864115,11,10,38,10,,,2026-06-18T06:59:19,h34,-0.006437527510974955,h1-h28,-0.048072800000000006
ip_shuffle,20260618T065950_045206,0,0,38,0,h30,,2026-06-18T06:59:50,h30,0.003368767680975049,,
ip_shuffle,20260618T070048_709997,12,11,38,11,h37|h32|h35,,2026-06-18T07:00:48,h37,0.009419507007751876,h1-h28,-0.048068400000000004
route_mutation,20260618T070159_161783,16,15,38,15,,,2026-06-18T07:01:59,h34,-0.012325576927382897,h1-h10,-0.048068400000000004
route_mutation,20260618T070229_406530,8,7,38,7,,,2026-06-18T07:02:29,h34,-0.012199597250428296,h1-h32,-0.047470000000000005
route_mutation,20260618T070259_596811,0,0,38,0,,,2026-06-18T07:02:59,h34,-0.011888612662027925,,
route_mutation,20260618T070329_852870,16,15,38,15,,,2026-06-18T07:03:29,h34,-0.011959339073065178,h1-h10,-0.048072800000000006
route_mutation,20260618T070400_106671,8,7,38,7,,,2026-06-18T07:04:00,h34,-0.020331938447521597,h1-h32,-0.047470000000000005
route_mutation,20260618T070430_363726,0,0,38,0,,,2026-06-18T07:04:30,h34,-0.020374830400233593,,
route_mutation,20260618T070500_593380,14,13,38,13,,,2026-06-18T07:05:00,h37,-0.016043060518518504,h1-h10,-0.0480772
ip_shuffle,20260618T070530_817488,9,8,38,8,h37,,2026-06-18T07:05:30,h37,0.00187813985185184,h1-h31,-0.047465600000000004
route_mutation,20260618T070628_519558,13,12,38,12,,,2026-06-18T07:06:28,h32,-0.003070996002357579,h1-h10,-0.0480816
ip_shuffle,20260618T070658_736998,7,6,38,6,h32|h30,,2026-06-18T07:06:58,h32,0.012329290062354448,h1-h30,-0.047465600000000004
ip_shuffle,20260618T070802_822599,16,15,38,15,h35|h33,,2026-06-18T07:08:02,h35,0.004650902966982701,h1-h10,-0.0480816
ip_shuffle,20260618T070906_902049,0,0,38,0,h7,,2026-06-18T07:09:06,h7,0.003416896086428728,,
route_mutation,20260618T071004_481815,6,5,38,5,,,2026-06-18T07:10:04,h34,-0.028947971204188475,h1-h31,-0.047470000000000005
route_mutation,20260618T071034_663557,0,0,38,0,,,2026-06-18T07:10:34,h34,-0.028701340382874155,,
route_mutation,20260618T071104_891700,8,8,38,8,,,2026-06-18T07:11:04,h34,-0.02864372920099513,h1-h35,-0.047465600000000004
route_mutation,20260618T071135_142046,14,13,38,13,,,2026-06-18T07:11:35,h34,-0.028915654672360527,h1-h28,-0.047470000000000005
ip_shuffle,20260618T071205_358756,3,2,38,2,h34|h37,,2026-06-18T07:12:05,h34,0.01229133976705088,h1-h38,-0.047465600000000004
ip_shuffle,20260618T071309_566004,17,16,38,16,h32,,2026-06-18T07:13:09,h32,0.0036187140778637106,h1-h28,-0.047465600000000004
ip_shuffle,20260618T071407_186868,11,11,38,11,h30,,2026-06-18T07:14:07,h30,0.0011206705427656838,h1-h35,-0.0474612
ip_shuffle,20260618T071504_833074,8,7,38,7,h33|h35,,2026-06-18T07:15:04,h33,0.016498549841556936,h1-h33,-0.047465600000000004
route_mutation,20260618T071608_893668,17,16,38,16,,,2026-06-18T07:16:08,h38,-0.010932412388963836,h1-h28,-0.047465600000000004
route_mutation,20260618T071639_139721,6,5,38,5,,,2026-06-18T07:16:39,h38,-0.011258019635806249,h1-h35,-0.0474612
route_mutation,20260618T071709_396311,7,6,38,6,,,2026-06-18T07:17:09,h38,-0.011042065666291262,h1-h2,-0.0480816
route_mutation,20260618T071739_687276,16,15,38,15,,,2026-06-18T07:17:39,h32,-0.002766887999999995,h1-h28,-0.0474612
ip_shuffle,20260618T071809_963064,6,5,38,5,h32,,2026-06-18T07:18:09,h32,0.020358041333333354,h1-h35,-0.0474612
route_mutation,20260618T071907_571472,17,16,38,16,,,2026-06-18T07:19:07,h38,-0.01129381228758794,h1-h28,-0.0474612
route_mutation,20260618T071937_793611,6,5,38,5,,,2026-06-18T07:19:37,h37,-0.013248380722221398,h1-h35,-0.0474612
ip_shuffle,20260618T072008_013240,7,6,38,6,h37,,2026-06-18T07:20:08,h37,0.0031784850214333082,h1-h2,-0.0480772
ip_shuffle,20260618T072105_661298,7,6,38,6,h30|h35,,2026-06-18T07:21:05,h30,0.0247653324316367,h1-h34,-0.048064
ip_shuffle,20260618T072210_761147,15,14,38,14,h33,,2026-06-18T07:22:10,h33,0.005814356087094269,h1-h12,-0.0480772
route_mutation,20260618T072308_268319,0,0,38,0,,,2026-06-18T07:23:08,h34,-0.015548114798481505,,
ip_shuffle,20260618T072338_530873,11,10,38,10,h32,,2026-06-18T07:23:38,h32,0.0004994612507374929,h1-h11,-0.048072800000000006
route_mutation,20260618T072437_110406,0,0,38,0,,,2026-06-18T07:24:37,h34,-0.006390761140444179,,
route_mutation,20260618T072507_362853,15,14,38,14,,,2026-06-18T07:25:07,h34,-0.006330793559892495,h1-h10,-0.048068400000000004
route_mutation,20260618T072537_616472,9,8,38,8,,,2026-06-18T07:25:37,h34,-0.0066205881334570615,h1-h30,-0.048064
route_mutation,20260618T072607_798196,0,0,38,0,,,2026-06-18T07:26:07,h34,-0.006028654456632893,,
route_mutation,20260618T072638_048515,14,13,38,13,,,2026-06-18T07:26:38,h37,-0.0038057805697110647,h1-h10,-0.048064
ip_shuffle,20260618T072708_294040,6,5,38,5,h37|h30|h33,,2026-06-18T07:27:08,h37,0.01121010974159789,h1-h32,-0.048068400000000004
ip_shuffle,20260618T072818_960152,15,14,38,14,h7,,2026-06-18T07:28:18,h7,0.029982593333333335,h1-h10,-0.048068400000000004
route_mutation,20260618T072916_473562,0,0,38,0,,,2026-06-18T07:29:16,h35,-0.011013906482550573,,
ip_shuffle,20260618T072946_709404,7,6,38,6,h35|h32,,2026-06-18T07:29:46,h35,0.0009295165855257581,h1-h10,-0.048068400000000004
route_mutation,20260618T073050_703614,0,0,38,0,,,2026-06-18T07:30:50,h34,-0.015814280511613904,,
route_mutation,20260618T073120_942553,15,15,38,15,,,2026-06-18T07:31:20,h34,-0.015702710346086557,h1-h33,-0.0474832
route_mutation,20260618T073151_204022,8,7,38,7,,,2026-06-18T07:31:51,h34,-0.016078882325508193,h1-h31,-0.047487600000000005
route_mutation,20260618T073221_373103,0,0,38,0,,,2026-06-18T07:32:21,h30,-0.01539321244209807,,
ip_shuffle,20260618T073251_627389,16,15,38,15,h30,,2026-06-18T07:32:51,h30,0.00274668398231509,h1-h33,-0.047487600000000005
route_mutation,20260618T073349_174600,0,0,38,0,,,2026-06-18T07:33:49,h33,-0.0014428733104045188,,
ip_shuffle,20260618T073419_411421,15,14,38,14,h33|h37,,2026-06-18T07:34:19,h33,0.014272633236007304,h1-h33,-0.047487600000000005
route_mutation,20260618T073523_408635,0,0,38,0,,,2026-06-18T07:35:23,h32,-0.013937560955160383,,
ip_shuffle,20260618T073553_689135,14,13,38,13,h32,,2026-06-18T07:35:53,h32,0.002068674974789103,h1-h10,-0.048068400000000004
route_mutation,20260618T073651_282177,0,0,38,0,,,2026-06-18T07:36:51,h35,-0.0022150675947884835,,
ip_shuffle,20260618T073721_516366,15,14,38,14,h35,,2026-06-18T07:37:21,h35,0.011740934473455311,h1-h10,-0.048068400000000004
route_mutation,20260618T073819_038849,0,0,38,0,,,2026-06-18T07:38:19,h34,-0.023758522007191127,,
route_mutation,20260618T073849_284769,12,11,38,11,,,2026-06-18T07:38:49,h30,-0.01977388429643455,h1-h10,-0.048064
route_mutation,20260618T073919_531617,9,8,38,8,,,2026-06-18T07:39:19,h30,-0.004471060175042563,h1-h30,-0.048086000000000004
ip_shuffle,20260618T073949_733869,0,0,38,0,h30,,2026-06-18T07:39:49,h30,0.010716210669747817,,
ip_shuffle,20260618T074048_364855,7,6,38,6,h33,,2026-06-18T07:40:48,h33,0.0032738339898476243,h1-h28,-0.0480816
ip_shuffle,20260618T074146_985375,11,10,38,10,h32,,2026-06-18T07:41:46,h32,0.0017242354464335752,h1-h10,-0.048068400000000004
ip_shuffle,20260618T074244_650484,5,4,38,4,h34,,2026-06-18T07:42:44,h34,0.005055572005388753,h1-h36,-0.0480772
route_mutation,20260618T074342_334532,15,14,38,14,,,2026-06-18T07:43:42,h38,-0.014518932719250421,h1-h28,-0.0480772
ip_shuffle,20260618T074412_596741,6,5,38,5,h35,,2026-06-18T07:44:12,h35,0.001231703812835272,h1-h35,-0.0480772
ip_shuffle,20260618T074510_172350,19,18,38,18,h37,,2026-06-18T07:45:10,h37,0.001865891190005492,h1-h13,-0.048068400000000004
route_mutation,20260618T074607_761935,2,1,38,1,,,2026-06-18T07:46:07,h38,-0.03604354714680312,h1-h2,-0.048068400000000004
route_mutation,20260618T074638_040041,16,15,38,15,,,2026-06-18T07:46:38,h30,-0.02116016800559878,h1-h11,-0.048068400000000004
route_mutation,20260618T074708_288697,8,7,38,7,,,2026-06-18T07:47:08,h30,-0.0059593632385841755,h1-h33,-0.047470000000000005
ip_shuffle,20260618T074738_455713,0,0,38,0,h30|h32,,2026-06-18T07:47:38,h30,0.008733616594133076,,
route_mutation,20260618T074843_469498,8,7,38,7,,,2026-06-18T07:48:43,h33,-0.035871468977582754,h1-h32,-0.0474744
route_mutation,20260618T074913_751907,0,0,38,0,,,2026-06-18T07:49:13,h33,-0.025120431816750888,,
route_mutation,20260618T074944_017322,15,14,38,14,,,2026-06-18T07:49:44,h33,-0.014390923625776042,h1-h10,-0.048064
route_mutation,20260618T075014_254701,8,7,38,7,,,2026-06-18T07:50:14,h33,-0.004080210169423726,h1-h32,-0.0474744
ip_shuffle,20260618T075044_421099,0,0,38,0,h37|h33,,2026-06-18T07:50:44,h37,0.011929881254896246,,
ip_shuffle,20260618T075148_416721,6,5,38,5,h35,,2026-06-18T07:51:48,h35,0.009533044953173891,h1-h33,-0.0474744
route_mutation,20260618T075246_030291,16,15,38,15,,,2026-06-18T07:52:46,h34,-0.031233750357929663,h1-h32,-0.047470000000000005
route_mutation,20260618T075316_276262,9,8,38,8,,,2026-06-18T07:53:16,h32,-0.013150313568765837,h1-h30,-0.048072800000000006
route_mutation,20260618T075346_502828,2,1,38,1,,,2026-06-18T07:53:46,h32,-0.0012435077212391565,h1-h39,-0.048068400000000004
ip_shuffle,20260618T075416_761576,15,15,38,15,h32|h30,,2026-06-18T07:54:16,h32,0.014395516002359166,h1-h32,-0.048068400000000004
ip_shuffle,20260618T075520_775073,0,0,38,0,h34,,2026-06-18T07:55:20,h34,0.00791531471997256,,
route_mutation,20260618T075618_393227,5,4,38,4,,,2026-06-18T07:56:18,h38,-0.021885107428477227,h1-h29,-0.048064
route_mutation,20260618T075648_662523,6,5,38,5,,,2026-06-18T07:56:48,h35,-0.003820089370128482,h1-h35,-0.0480596
ip_shuffle,20260618T075718_913584,7,6,38,6,h35,,2026-06-18T07:57:18,h35,0.015857620225442792,h1-h2,-0.0480772
route_mutation,20260618T075816_564506,6,5,38,5,,,2026-06-18T07:58:16,h37,-0.009994021710570233,h1-h35,-0.048055200000000006
route_mutation,20260618T075846_797163,7,6,38,6,,,2026-06-18T07:58:46,h37,-0.016347095177982274,h1-h2,-0.0480772
route_mutation,20260618T075917_044306,17,16,38,16,,,2026-06-18T07:59:17,h37,-0.004971257042647337,h1-h28,-0.0480596
ip_shuffle,20260618T075947_333577,4,3,38,3,h32|h37|h33,,2026-06-18T07:59:47,h32,0.021693228672782866,h1-h37,-0.0480596
route_mutation,20260618T080058_907243,13,13,38,12,,,2026-06-18T08:00:58,h30,-0.0058767912321359694,h1-h28,-0.048055200000000006
ip_shuffle,20260618T080129_143927,3,2,38,2,h30,,2026-06-18T08:01:29,h30,0.009431193490608863,h1-h38,-0.048055200000000006
route_mutation,20260618T080226_790617,16,15,38,15,,,2026-06-18T08:02:26,h34,-0.011291283481798003,h1-h28,-0.0480596
route_mutation,20260618T080257_176788,4,3,38,3,,,2026-06-18T08:02:57,h35,-0.00971651135005977,h1-h37,-0.048064
ip_shuffle,20260618T080327_423355,7,6,38,6,h35,,2026-06-18T08:03:27,h35,0.007095644733010609,h1-h2,-0.048064
route_mutation,20260618T080425_976377,8,7,38,7,,,2026-06-18T08:04:25,h32,-0.007426836037574713,h1-h33,-0.048064
ip_shuffle,20260618T080456_278367,3,2,38,2,h32,,2026-06-18T08:04:56,h32,0.015100017791061737,h1-h2,-0.048064
route_mutation,20260618T080553_829645,11,11,38,10,,,2026-06-18T08:05:53,h34,-0.02144748113649586,h1-h28,-0.048064
ip_shuffle,20260618T080624_020428,0,0,38,0,h33,,2026-06-18T08:06:24,h33,0.0003248439828461569,,
route_mutation,20260618T080721_716562,10,10,38,9,,,2026-06-18T08:07:21,h34,-0.006413962826598341,h1-h28,-0.048068400000000004
ip_shuffle,20260618T080751_876479,0,0,38,0,h30,,2026-06-18T08:07:51,h30,0.015725762960121015,,
route_mutation,20260618T080849_593648,12,11,38,11,,,2026-06-18T08:08:49,h7,-0.007825895089501655,h1-h24,-0.0480772
route_mutation,20260618T080919_850963,3,2,38,2,,,2026-06-18T08:09:19,h7,-0.0077008324866956746,h1-h38,-0.048072800000000006
route_mutation,20260618T080950_087011,2,1,38,1,,,2026-06-18T08:09:50,h7,-0.007835423529885588,h1-h2,-0.048072800000000006
ip_shuffle,20260618T081020_340808,19,18,38,18,h32,,2026-06-18T08:10:20,h32,0.011007167239768079,h1-h11,-0.048068400000000004
route_mutation,20260618T081117_862201,0,0,38,0,,,2026-06-18T08:11:17,h35,-0.009057954484762182,,
ip_shuffle,20260618T081148_139508,16,15,38,15,h35,,2026-06-18T08:11:48,h35,0.0028013612355138606,h1-h11,-0.048068400000000004
ip_shuffle,20260618T081245_668542,0,0,38,0,h33,,2026-06-18T08:12:45,h33,0.011142238828269896,,
route_mutation,20260618T081343_297379,7,6,38,6,,,2026-06-18T08:13:43,h30,-0.0036715298789359863,h1-h32,-0.048072800000000006
ip_shuffle,20260618T081413_470763,0,0,38,0,h30,,2026-06-18T08:14:13,h30,0.013576349163871737,,
route_mutation,20260618T081511_134184,9,8,38,8,,,2026-06-18T08:15:11,h32,-0.007722318784205012,h1-h30,-0.048072800000000006
ip_shuffle,20260618T081541_323724,0,0,38,0,h32,,2026-06-18T08:15:41,h32,0.01484454207794611,,
ip_shuffle,20260618T081638_967808,9,8,38,8,h37,,2026-06-18T08:16:38,h37,0.005422895770536451,h1-h25,-0.048068400000000004
route_mutation,20260618T081736_639603,7,6,38,6,,,2026-06-18T08:17:36,h35,-0.01766173061753619,h1-h2,-0.048068400000000004
ip_shuffle,20260618T081806_925291,16,15,38,15,h35,,2026-06-18T08:18:06,h35,0.0001480283281598549,h1-h17,-0.048068400000000004
route_mutation,20260618T081904_548160,7,6,38,6,,,2026-06-18T08:19:04,h34,-0.02866760522293689,h1-h2,-0.048064
route_mutation,20260618T081934_769440,10,9,38,9,,,2026-06-18T08:19:34,h30,-0.016541217803418537,h1-h10,-0.048068400000000004
ip_shuffle,20260618T082005_017803,10,9,38,9,h30,,2026-06-18T08:20:05,h30,0.001448315308265835,h1-h28,-0.0474832
route_mutation,20260618T082102_622132,11,10,38,10,,,2026-06-18T08:21:02,h32,-0.02445410337223182,h1-h10,-0.048072800000000006
route_mutation,20260618T082132_874232,11,11,38,10,,,2026-06-18T08:21:32,h32,-0.007871004413250171,h1-h28,-0.0474832
ip_shuffle,20260618T082203_112221,2,1,38,1,h32,,2026-06-18T08:22:03,h32,0.008924479778290306,h1-h39,-0.0474788
ip_shuffle,20260618T082300_690360,7,6,38,6,h35|h33,,2026-06-18T08:23:00,h35,0.002173763851851862,h1-h28,-0.0474788
ip_shuffle,20260618T082405_708199,5,4,38,4,h37,,2026-06-18T08:24:05,h37,0.007932003621838268,h1-h2,-0.048072800000000006
route_mutation,20260618T082503_301540,7,6,38,6,,,2026-06-18T08:25:03,h34,-0.028904903257081435,h1-h34,-0.0474832
route_mutation,20260618T082533_570721,3,2,38,2,,,2026-06-18T08:25:33,h34,-0.028666560693378307,h1-h2,-0.048068400000000004
route_mutation,20260618T082603_796613,16,15,38,15,,,2026-06-18T08:26:03,h30,-0.019008836356426112,h1-h11,-0.048072800000000006
ip_shuffle,20260618T082634_043994,4,3,38,3,h30,,2026-06-18T08:26:34,h30,0.024468167406319408,h1-h35,-0.0480816
ip_shuffle,20260618T082731_724378,14,13,38,13,h32|h34,,2026-06-18T08:27:31,h32,0.01970480911910094,h1-h10,-0.048072800000000006
route_mutation,20260618T082836_662767,0,0,38,0,,,2026-06-18T08:28:36,h38,-0.028677207213191003,,
route_mutation,20260618T082906_942532,15,14,38,14,,,2026-06-18T08:29:06,h38,-0.028366759836079947,h1-h10,-0.0480772
route_mutation,20260618T082937_189131,9,8,38,8,,,2026-06-18T08:29:37,h35,-0.015189330974388265,h1-h31,-0.0474744
route_mutation,20260618T083007_358717,0,0,38,0,,,2026-06-18T08:30:07,h35,-0.001104810829515579,,
ip_shuffle,20260618T083037_617172,16,15,38,15,h35,,2026-06-18T08:30:37,h35,0.01253948972656313,h1-h10,-0.048072800000000006
ip_shuffle,20260618T083135_319480,3,2,38,2,h33,,2026-06-18T08:31:35,h33,0.010692798301445372,h1-h38,-0.0474788
ip_shuffle,20260618T083233_200294,12,11,38,11,h30|h32,,2026-06-18T08:32:33,h30,0.01378297610385143,h1-h28,-0.0474744
route_mutation,20260618T083337_340027,15,15,38,15,,,2026-06-18T08:33:37,h37,-0.016498443732710227,h1-h35,-0.047465600000000004
route_mutation,20260618T083407_585671,10,9,38,9,,,2026-06-18T08:34:07,h37,-0.006852874891620009,h1-h28,-0.0474744
ip_shuffle,20260618T083437_752628,0,0,38,0,h37,,2026-06-18T08:34:37,h37,0.003107333564222353,,
route_mutation,20260618T083535_362499,10,9,38,9,,,2026-06-18T08:35:35,h34,-0.022055409992258176,h1-h28,-0.0474744
route_mutation,20260618T083605_615072,4,3,38,3,,,2026-06-18T08:36:05,h7,-0.003506734774774617,h1-h37,-0.0480772
route_mutation,20260618T083635_851268,10,10,38,10,,,2026-06-18T08:36:35,h35,-0.0012572520815632704,h1-h2,-0.048064
ip_shuffle,20260618T083706_089639,17,16,38,16,h35|h32,,2026-06-18T08:37:06,h35,0.01679588134916432,h1-h28,-0.048068400000000004
route_mutation,20260618T083810_181956,12,12,38,12,,,2026-06-18T08:38:10,h30,-0.02213614306304179,h1-h35,-0.047465600000000004
route_mutation,20260618T083840_436040,11,10,38,10,,,2026-06-18T08:38:40,h30,-0.007156413953346263,h1-h28,-0.047470000000000005
ip_shuffle,20260618T083910_741328,6,5,38,5,h30,,2026-06-18T08:39:10,h30,0.00783939757010274,h1-h35,-0.047470000000000005
route_mutation,20260618T084008_426980,17,16,38,16,,,2026-06-18T08:40:08,h33,-0.018275284356095226,h1-h11,-0.048072800000000006
route_mutation,20260618T084038_667126,8,7,38,7,,,2026-06-18T08:40:38,h33,-0.0016920725634457512,h1-h33,-0.0474744
ip_shuffle,20260618T084108_909807,2,1,38,1,h33,,2026-06-18T08:41:08,h33,0.00912035904221925,h1-h2,-0.0480772
ip_shuffle,20260618T084206_487011,8,7,38,7,h32,,2026-06-18T08:42:06,h32,0.017003633413609304,h1-h33,-0.0474744
ip_shuffle,20260618T084305_086655,10,9,38,9,h35,,2026-06-18T08:43:05,h35,0.0145733123487225,h1-h10,-0.0480772
route_mutation,20260618T084402_876293,2,1,38,1,,,2026-06-18T08:44:02,h37,-0.007280310952838126,h1-h39,-0.047470000000000005
ip_shuffle,20260618T084433_124143,13,12,38,12,h37,,2026-06-18T08:44:33,h37,0.003490748909054403,h1-h10,-0.048072800000000006
route_mutation,20260618T084530_708595,0,0,38,0,,,2026-06-18T08:45:30,h30,-0.021322599111609677,,
route_mutation,20260618T084600_943513,11,10,38,10,,,2026-06-18T08:46:00,h30,-0.0025614287758307652,h1-h10,-0.048068400000000004
ip_shuffle,20260618T084631_207650,11,11,38,11,h30,,2026-06-18T08:46:31,h30,0.012817116298371206,h1-h28,-0.048072800000000006
ip_shuffle,20260618T084728_818348,11,10,38,10,h32,,2026-06-18T08:47:28,h32,0.02021764000000001,h1-h10,-0.048064
route_mutation,20260618T084826_402277,3,2,38,2,,,2026-06-18T08:48:26,h34,-0.0030832787248867843,h1-h38,-0.048068400000000004
ip_shuffle,20260618T084856_638728,11,10,38,10,h35,,2026-06-18T08:48:56,h35,0.003970551839836356,h1-h10,-0.048068400000000004
route_mutation,20260618T084954_333732,5,4,38,4,,,2026-06-18T08:49:54,h34,-0.013190179200868624,h1-h36,-0.048068400000000004
route_mutation,20260618T085024_591968,9,8,38,8,,,2026-06-18T08:50:24,h34,-0.013014587856780363,h1-h2,-0.048072800000000006
route_mutation,20260618T085054_844212,13,12,38,12,,,2026-06-18T08:50:54,h33,-0.010052199778115112,h1-h28,-0.048068400000000004
ip_shuffle,20260618T085125_114410,6,5,38,5,h30|h33|h34,,2026-06-18T08:51:25,h30,0.010144288664637263,h1-h35,-0.048068400000000004
ip_shuffle,20260618T085235_711133,6,5,38,5,h37,,2026-06-18T08:52:35,h37,0.0030842827835216025,h1-h28,-0.048064
route_mutation,20260618T085333_422799,0,0,38,0,,,2026-06-18T08:53:33,h32,-0.0019882462021935943,,
ip_shuffle,20260618T085403_674511,16,16,38,16,h32,,2026-06-18T08:54:03,h32,0.015438965549042671,h1-h33,-0.048064
route_mutation,20260618T085501_262426,0,0,38,0,,,2026-06-18T08:55:01,h35,-0.019315616171198452,,
route_mutation,20260618T085531_505204,16,15,38,15,,,2026-06-18T08:55:31,h35,-0.004110781823613602,h1-h33,-0.047470000000000005
ip_shuffle,20260618T085601_768538,8,7,38,7,h35,,2026-06-18T08:56:01,h35,0.010662660252956008,h1-h31,-0.0474744
route_mutation,20260618T085659_457835,17,17,38,17,,,2026-06-18T08:56:59,h30,-0.02592414649546264,h1-h33,-0.047465600000000004
route_mutation,20260618T085729_707849,9,8,38,8,,,2026-06-18T08:57:29,h30,-0.009647379914250326,h1-h30,-0.047470000000000005
ip_shuffle,20260618T085759_891107,0,0,38,0,h30,,2026-06-18T08:57:59,h30,0.007126023496204836,,
ip_shuffle,20260618T085858_435695,7,6,38,6,h32|h37,,2026-06-18T08:58:58,h32,0.010276559174679095,h1-h30,-0.047465600000000004
route_mutation,20260618T090002_557364,13,12,38,12,,,2026-06-18T09:00:02,h33,-0.018875078062012773,h1-h10,-0.0480772
route_mutation,20260618T090032_793387,8,7,38,7,,,2026-06-18T09:00:32,h33,-0.007311327340677326,h1-h31,-0.0474612
route_mutation,20260618T090102_990031,0,0,38,0,,,2026-06-18T09:01:02,h33,-0.007992687261070469,,
ip_shuffle,20260618T090133_230642,15,14,38,14,h33,,2026-06-18T09:01:33,h33,0.002204742864339554,h1-h10,-0.048068400000000004
ip_shuffle,20260618T090230_756249,0,0,38,0,h35,,2026-06-18T09:02:30,h35,0.00333488757150166,,
route_mutation,20260618T090328_320587,9,8,38,8,,,2026-06-18T09:03:28,h32,-0.0027056706666666597,h1-h28,-0.0474612
ip_shuffle,20260618T090358_479703,0,0,38,0,h32,,2026-06-18T09:03:58,h32,0.02042595533333333,,
route_mutation,20260618T090457_164495,10,9,38,9,,,2026-06-18T09:04:57,h34,-0.015985008268096318,h1-h28,-0.047465600000000004
route_mutation,20260618T090527_332078,0,0,38,0,,,2026-06-18T09:05:27,h34,-0.0007938734932613767,,
route_mutation,20260618T090557_578720,12,11,38,11,,,2026-06-18T09:05:57,h34,-0.0008842372100317519,h1-h10,-0.048068400000000004
ip_shuffle,20260618T090627_826335,10,9,38,9,h30,,2026-06-18T09:06:27,h30,0.011025525075310433,h1-h28,-0.047470000000000005
route_mutation,20260618T090725_487942,12,11,38,11,,,2026-06-18T09:07:25,h34,-0.013655916652613065,h1-h10,-0.048072800000000006
route_mutation,20260618T090755_724050,14,13,38,13,,,2026-06-18T09:07:55,h33,-0.010136313621800286,h1-h28,-0.0474788
ip_shuffle,20260618T090825_959434,3,2,38,2,h33,,2026-06-18T09:08:25,h33,0.004415105500878674,h1-h38,-0.0474788
ip_shuffle,20260618T090923_564183,12,11,38,11,h37,,2026-06-18T09:09:23,h37,0.005882270067152667,h1-h28,-0.0474744
route_mutation,20260618T091021_206918,3,2,38,2,,,2026-06-18T09:10:21,h32,-0.00427886030948782,h1-h2,-0.0480772
ip_shuffle,20260618T091051_442452,12,11,38,11,h32|h35,,2026-06-18T09:10:51,h32,0.01098862002631354,h1-h16,-0.0481036
route_mutation,20260618T091155_641762,7,6,38,6,,,2026-06-18T09:11:55,h30,-0.010278451576675673,h1-h2,-0.0480772
ip_shuffle,20260618T091225_909323,16,15,38,15,h30,,2026-06-18T09:12:25,h30,0.008458234087232563,h1-h28,-0.0474788
route_mutation,20260618T091323_609246,0,0,38,0,,,2026-06-18T09:13:23,h34,-0.03506040354050302,,
route_mutation,20260618T091353_839043,15,14,38,14,,,2026-06-18T09:13:53,h32,-0.03024293333333332,h1-h10,-0.048072800000000006
route_mutation,20260618T091424_096668,8,7,38,7,,,2026-06-18T09:14:24,h32,-0.0024306266666666854,h1-h33,-0.0474832
ip_shuffle,20260618T091454_337072,3,2,38,2,h32,,2026-06-18T09:14:54,h32,0.02538520800000002,h1-h2,-0.048068400000000004
route_mutation,20260618T091551_979359,6,5,38,5,,,2026-06-18T09:15:51,h35,-0.03175807316635894,h1-h33,-0.0474744
route_mutation,20260618T091622_160838,0,0,38,0,,,2026-06-18T09:16:22,h35,-0.016078273261361103,,
route_mutation,20260618T091652_401965,17,17,38,17,,,2026-06-18T09:16:52,h35,-0.00038072638411251747,h1-h30,-0.0474744
ip_shuffle,20260618T091722_648402,10,10,38,10,h35,,2026-06-18T09:17:22,h35,0.016559286015241426,h1-h30,-0.0474788
route_mutation,20260618T091820_248067,15,14,38,14,,,2026-06-18T09:18:20,h32,-0.0024284488888889066,h1-h10,-0.048068400000000004
ip_shuffle,20260618T091850_509308,3,2,38,2,h30|h33,,2026-06-18T09:18:50,h30,0.021473456970587668,h1-h33,-0.048072800000000006
ip_shuffle,20260618T091954_653679,12,12,38,12,h37,,2026-06-18T09:19:54,h37,0.00769317888184165,h1-h30,-0.0474744
ip_shuffle,20260618T092053_240008,4,3,38,3,h34,,2026-06-18T09:20:53,h34,0.0028945968213020534,h1-h37,-0.0474744
route_mutation,20260618T092151_065111,13,12,38,12,,,2026-06-18T09:21:51,h32,-0.00202641319374422,h1-h28,-0.047470000000000005
ip_shuffle,20260618T092221_300462,3,2,38,2,h32,,2026-06-18T09:22:21,h32,0.01356588010878898,h1-h38,-0.047470000000000005
route_mutation,20260618T092319_055579,14,13,38,13,,,2026-06-18T09:23:19,h35,-0.013946563910937348,h1-h10,-0.0480816
ip_shuffle,20260618T092349_299074,8,7,38,7,h35,,2026-06-18T09:23:49,h35,0.004414821258607565,h1-h32,-0.047470000000000005
route_mutation,20260618T092447_893631,14,13,38,13,,,2026-06-18T09:24:47,h33,-0.01536855373674903,h1-h10,-0.0480772
ip_shuffle,20260618T092518_150300,6,5,38,5,h33|h30,,2026-06-18T09:25:18,h33,0.012211662222222253,h1-h33,-0.047470000000000005
route_mutation,20260618T092622_274780,8,7,38,7,,,2026-06-18T09:26:22,h38,-0.03500744997524036,h1-h10,-0.0480772
route_mutation,20260618T092652_500811,6,5,38,5,,,2026-06-18T09:26:52,h38,-0.020223866775697555,h1-h31,-0.048068400000000004
route_mutation,20260618T092722_682252,0,0,38,0,,,2026-06-18T09:27:22,h34,-0.011386132786097458,,
ip_shuffle,20260618T092752_927175,13,12,38,12,h34,,2026-06-18T09:27:52,h34,0.003335527770951835,h1-h10,-0.0480772
ip_shuffle,20260618T092850_511624,2,1,38,1,h32,,2026-06-18T09:28:50,h32,0.014441567321178128,h1-h39,-0.0480596
route_mutation,20260618T092948_212134,16,15,38,15,,,2026-06-18T09:29:48,h30,-0.010784177777777765,h1-h28,-0.048064
ip_shuffle,20260618T093018_457732,6,5,38,5,h30,,2026-06-18T09:30:18,h30,0.011004612814814796,h1-h35,-0.0480596
ip_shuffle,20260618T093116_126546,16,15,38,15,h33|h35|h37,,2026-06-18T09:31:16,h33,0.0067212388401543255,h1-h28,-0.048064
route_mutation,20260618T093226_535310,9,8,38,8,,,2026-06-18T09:32:26,h38,-0.047936915518744544,h1-h10,-0.048072800000000006
route_mutation,20260618T093256_785619,12,11,38,11,,,2026-06-18T09:32:56,h38,-0.04789849878417682,h1-h28,-0.0468716
route_mutation,20260618T093326_956005,0,0,38,0,,,2026-06-18T09:33:26,h32,-0.03857434612934435,,
route_mutation,20260618T093357_237375,13,12,38,12,,,2026-06-18T09:33:57,h32,-0.021416285491660095,h1-h10,-0.048072800000000006
route_mutation,20260618T093427_483646,10,9,38,9,,,2026-06-18T09:34:27,h32,-0.004279594212508148,h1-h28,-0.046876
ip_shuffle,20260618T093457_718761,3,2,38,2,h32,,2026-06-18T09:34:57,h32,0.0128860939672934,h1-h38,-0.046876
ip_shuffle,20260618T093555_359487,16,15,38,15,h35,,2026-06-18T09:35:55,h35,0.0022362660740740947,h1-h12,-0.048068400000000004
ip_shuffle,20260618T093653_119821,0,0,38,0,h33,,2026-06-18T09:36:53,h33,0.004045457020543125,,
ip_shuffle,20260618T093750_787188,6,5,38,5,h37|h30,,2026-06-18T09:37:50,h37,0.010263243065547961,h1-h31,-0.0468804
route_mutation,20260618T093854_900385,16,15,38,15,,,2026-06-18T09:38:54,h34,-0.031022207691248194,h1-h35,-0.0468716
route_mutation,20260618T093925_137561,9,8,38,8,,,2026-06-18T09:39:25,h34,-0.01694942314881176,h1-h30,-0.0474788
route_mutation,20260618T093955_311791,0,0,38,0,,,2026-06-18T09:39:55,h34,-0.016737378963843585,,
route_mutation,20260618T094025_572852,17,16,38,16,,,2026-06-18T09:40:25,h34,-0.01668475841886133,h1-h10,-0.0480772
route_mutation,20260618T094055_806103,8,7,38,7,,,2026-06-18T09:40:55,h32,-0.00913754947586079,h1-h31,-0.0474744
ip_shuffle,20260618T094125_974952,0,0,38,0,h32,,2026-06-18T09:41:25,h32,0.007508131907027843,,
route_mutation,20260618T094224_566265,9,8,38,8,,,2026-06-18T09:42:24,h30,-0.00822167015537048,h1-h30,-0.047470000000000005
ip_shuffle,20260618T094254_757838,0,0,38,0,h30|h37,,2026-06-18T09:42:54,h30,0.010807701329259983,,
route_mutation,20260618T094358_988145,6,5,38,5,,,2026-06-18T09:43:58,h35,-0.006039763992171154,h1-h34,-0.047470000000000005
ip_shuffle,20260618T094429_216237,2,1,38,1,h35,,2026-06-18T09:44:29,h35,0.006346841774206469,h1-h2,-0.0480772
route_mutation,20260618T094526_874595,10,9,38,9,,,2026-06-18T09:45:26,h33,-0.010649024925380335,h1-h28,-0.047465600000000004
ip_shuffle,20260618T094557_064147,0,0,38,0,h33,,2026-06-18T09:45:57,h33,0.017507842908813687,,
route_mutation,20260618T094654_822317,12,11,38,11,,,2026-06-18T09:46:54,h32,-0.028493661121399283,h1-h28,-0.048064
route_mutation,20260618T094725_101033,7,6,38,6,,,2026-06-18T09:47:25,h32,-0.01241495139914009,h1-h34,-0.048064
ip_shuffle,20260618T094755_371040,7,6,38,6,h32,,2026-06-18T09:47:55,h32,0.0037390377611935532,h1-h2,-0.0480772
route_mutation,20260618T094853_065688,7,6,38,6,,,2026-06-18T09:48:53,h30,-0.0016836762807914962,h1-h34,-0.048064
ip_shuffle,20260618T094923_344792,4,3,38,3,h30,,2026-06-18T09:49:23,h30,0.015821876973032417,h1-h2,-0.0480772
route_mutation,20260618T095021_970246,8,7,38,7,,,2026-06-18T09:50:21,h35,-0.01385799793337053,h1-h33,-0.048064
ip_shuffle,20260618T095052_255453,2,1,38,1,h35,,2026-06-18T09:50:52,h35,0.0018624524623115923,h1-h2,-0.048072800000000006
route_mutation,20260618T095149_916676,7,6,38,6,,,2026-06-18T09:51:49,h33,-0.02847823963662685,h1-h34,-0.048064
route_mutation,20260618T095220_184292,2,1,38,1,,,2026-06-18T09:52:20,h33,-0.008790606154083613,h1-h2,-0.048068400000000004
ip_shuffle,20260618T095250_430506,16,15,38,15,h33|h32,,2026-06-18T09:52:50,h33,0.0060533063340905136,h1-h11,-0.048064
route_mutation,20260618T095354_450340,7,6,38,6,,,2026-06-18T09:53:54,h37,-0.012369815191985684,h1-h2,-0.048064
route_mutation,20260618T095424_686620,17,16,38,16,,,2026-06-18T09:54:24,h37,-0.012369815191985684,h1-h28,-0.047465600000000004
route_mutation,20260618T095454_951206,6,5,38,5,,,2026-06-18T09:54:54,h37,-0.012406176108507971,h1-h35,-0.047465600000000004
route_mutation,20260618T095525_209500,7,6,38,6,,,2026-06-18T09:55:25,h37,-0.012406176108507971,h1-h2,-0.048064
route_mutation,20260618T095555_482761,18,17,38,17,,,2026-06-18T09:55:55,h37,-0.012549829323851874,h1-h28,-0.047465600000000004
route_mutation,20260618T095625_745370,5,4,38,4,,,2026-06-18T09:56:25,h30,-0.004040086518576375,h1-h34,-0.047470000000000005
ip_shuffle,20260618T095655_933501,0,0,38,0,h32|h30,,2026-06-18T09:56:55,h32,0.009911039030284619,,
ip_shuffle,20260618T095759_999705,10,10,38,10,h35|h33,,2026-06-18T09:57:59,h35,0.005004963100241677,h1-h30,-0.0474744
route_mutation,20260618T095904_186295,15,14,38,14,,,2026-06-18T09:59:04,h37,-0.01459141125619634,h1-h13,-0.048072800000000006
route_mutation,20260618T095934_429218,8,7,38,7,,,2026-06-18T09:59:34,h37,-0.01448476066197299,h1-h33,-0.047470000000000005
route_mutation,20260618T100004_678472,2,1,38,1,,,2026-06-18T10:00:04,h37,-0.01467533820073852,h1-h2,-0.048072800000000006
route_mutation,20260618T100034_956204,16,15,38,15,,,2026-06-18T10:00:34,h37,-0.014614939695189011,h1-h12,-0.0480772
route_mutation,20260618T100105_203020,8,7,38,7,,,2026-06-18T10:01:05,h37,-0.009893666334859275,h1-h33,-0.0474744
route_mutation,20260618T100135_381748,0,0,38,0,,,2026-06-18T10:01:35,h37,-0.010042045277181305,,
ip_shuffle,20260618T100205_637803,16,15,38,15,h32|h35,,2026-06-18T10:02:05,h32,0.003929336468943556,h1-h16,-0.0480772
ip_shuffle,20260618T100310_757141,2,1,38,1,h30,,2026-06-18T10:03:10,h30,0.00278931991943393,h1-h39,-0.047470000000000005
route_mutation,20260618T100408_460047,12,11,38,11,,,2026-06-18T10:04:08,h33,-0.0032231091147252866,h1-h28,-0.047470000000000005
ip_shuffle,20260618T100438_694603,2,1,38,1,h33,,2026-06-18T10:04:38,h33,0.011065561543119162,h1-h39,-0.047465600000000004
route_mutation,20260618T100536_311872,13,12,38,12,,,2026-06-18T10:05:36,h37,-0.014334997120425963,h1-h28,-0.047465600000000004
ip_shuffle,20260618T100606_580285,5,4,38,4,h37,,2026-06-18T10:06:06,h37,0.015515955154410593,h1-h36,-0.048068400000000004
route_mutation,20260618T100704_224168,19,18,38,18,,,2026-06-18T10:07:04,h34,-0.017805770066243967,h1-h28,-0.048064
route_mutation,20260618T100734_455149,7,6,38,6,,,2026-06-18T10:07:34,h34,-0.01804726573773062,h1-h34,-0.048068400000000004
route_mutation,20260618T100804_704115,8,8,38,8,,,2026-06-18T10:08:04,h35,-0.009338960460267443,h1-h30,-0.048064
ip_shuffle,20260618T100834_950451,16,15,38,15,h35,,2026-06-18T10:08:34,h35,0.007201284610093117,h1-h28,-0.048064
ip_shuffle,20260618T100932_701001,4,3,38,3,h32,,2026-06-18T10:09:32,h32,0.012880716058220193,h1-h2,-0.048064
route_mutation,20260618T101030_298239,8,7,38,7,,,2026-06-18T10:10:30,h30,-0.006430153869528138,h1-h31,-0.048064
route_mutation,20260618T101100_475188,0,0,38,0,,,2026-06-18T10:11:00,h30,-0.0008546259297335101,,
ip_shuffle,20260618T101130_702681,13,12,38,12,h30,,2026-06-18T10:11:30,h30,0.011487798341072303,h1-h10,-0.048068400000000004
ip_shuffle,20260618T101228_441971,3,2,38,2,h37,,2026-06-18T10:12:28,h37,0.012907341737209505,h1-h38,-0.0480596
route_mutation,20260618T101326_054671,16,15,38,15,,,2026-06-18T10:13:26,h33,-0.021595680093485156,h1-h28,-0.0480596
route_mutation,20260618T101356_275544,8,7,38,7,,,2026-06-18T10:13:56,h33,-0.011551511796337482,h1-h33,-0.0480596
route_mutation,20260618T101426_539084,5,4,38,4,,,2026-06-18T10:14:26,h35,-4.691774219631184e-05,h1-h2,-0.048072800000000006
ip_shuffle,20260618T101456_848695,13,12,38,12,h35|h33,,2026-06-18T10:14:56,h35,0.017724372758620682,h1-h28,-0.048064
route_mutation,20260618T101601_875745,0,0,38,0,,,2026-06-18T10:16:01,h32,-0.0005543321105785926,,
ip_shuffle,20260618T101632_122676,15,14,38,14,h32|h30,,2026-06-18T10:16:32,h32,0.01530580446616972,h1-h11,-0.048068400000000004
route_mutation,20260618T101736_189234,0,0,38,0,,,2026-06-18T10:17:36,h34,-0.03865792455918418,,
route_mutation,20260618T101806_469029,15,14,38,14,,,2026-06-18T10:18:06,h34,-0.03863592936008087,h1-h10,-0.048072800000000006
route_mutation,20260618T101836_772589,7,6,38,6,,,2026-06-18T10:18:36,h34,-0.038752165152740214,h1-h33,-0.048068400000000004
route_mutation,20260618T101906_949265,0,0,38,0,,,2026-06-18T10:19:06,h32,-0.030460493333333324,,
route_mutation,20260618T101937_195127,15,14,38,14,,,2026-06-18T10:19:37,h32,-0.002702250000000017,h1-h10,-0.048068400000000004
ip_shuffle,20260618T102007_452397,7,6,38,6,h32,,2026-06-18T10:20:07,h32,0.02505514400000003,h1-h30,-0.048068400000000004
route_mutation,20260618T102105_092567,12,11,38,11,,,2026-06-18T10:21:05,h33,-0.026717988191318195,h1-h10,-0.048068400000000004
route_mutation,20260618T102135_339263,7,7,38,6,,,2026-06-18T10:21:35,h33,-0.011783576301647752,h1-h28,-0.048068400000000004
ip_shuffle,20260618T102205_571987,3,2,38,2,h33,,2026-06-18T10:22:05,h33,0.0012119066954009439,h1-h38,-0.048064
ip_shuffle,20260618T102304_268851,13,12,38,12,h30,,2026-06-18T10:23:04,h30,0.0076871815762633855,h1-h28,-0.048068400000000004
ip_shuffle,20260618T102401_930187,8,7,38,7,h35,,2026-06-18T10:24:01,h35,0.0026669280329431333,h1-h2,-0.048068400000000004
route_mutation,20260618T102459_525665,7,6,38,6,,,2026-06-18T10:24:59,h37,-0.009675112118389728,h1-h34,-0.048072800000000006
ip_shuffle,20260618T102529_779528,7,6,38,6,h32,,2026-06-18T10:25:29,h32,0.009634824792336044,h1-h2,-0.048064
route_mutation,20260618T102627_592718,7,6,38,6,,,2026-06-18T10:26:27,h37,-0.014521718229472624,h1-h34,-0.048072800000000006
route_mutation,20260618T102657_841357,4,3,38,3,,,2026-06-18T10:26:57,h37,-0.009402950390013681,h1-h2,-0.048064
route_mutation,20260618T102728_082304,18,17,38,17,,,2026-06-18T10:27:28,h37,-0.009374063283343392,h1-h14,-0.048064
ip_shuffle,20260618T102758_313142,7,6,38,6,h30,,2026-06-18T10:27:58,h30,0.011280689703703689,h1-h34,-0.048068400000000004
route_mutation,20260618T102856_175008,16,15,38,15,,,2026-06-18T10:28:56,h37,-0.01009999099911646,h1-h15,-0.048064
route_mutation,20260618T102926_417313,7,6,38,6,,,2026-06-18T10:29:26,h37,-0.010124273516468746,h1-h33,-0.048068400000000004
route_mutation,20260618T102956_600994,0,0,38,0,,,2026-06-18T10:29:56,h37,-0.010178972045293666,,
route_mutation,20260618T103026_842049,6,5,38,5,,,2026-06-18T10:30:26,h32,-0.006266810510273252,h1-h12,-0.048064
ip_shuffle,20260618T103057_068882,7,6,38,6,h32|h35|h37,,2026-06-18T10:30:57,h32,0.030371354312098725,h1-h30,-0.048068400000000004
ip_shuffle,20260618T103207_646149,13,12,38,12,h33,,2026-06-18T10:32:07,h33,0.017905672724544658,h1-h32,-0.047465600000000004
route_mutation,20260618T103305_315284,2,1,38,1,,,2026-06-18T10:33:05,h34,-0.026494588979093847,h1-h39,-0.047465600000000004
route_mutation,20260618T103335_544338,12,11,38,11,,,2026-06-18T10:33:35,h30,-0.023268263188301316,h1-h10,-0.048072800000000006
route_mutation,20260618T103405_793730,11,10,38,10,,,2026-06-18T10:34:05,h30,-0.00856352443761646,h1-h28,-0.0474744
ip_shuffle,20260618T103435_978562,0,0,38,0,h30,,2026-06-18T10:34:35,h30,0.00630260438733346,,
route_mutation,20260618T103533_667649,14,13,38,13,,,2026-06-18T10:35:33,h32,-0.002679276000000008,h1-h28,-0.0474788
ip_shuffle,20260618T103603_915322,4,3,38,3,h32,,2026-06-18T10:36:03,h32,0.02046056022222223,h1-h37,-0.0474744
ip_shuffle,20260618T103702_491817,12,11,38,11,h35,,2026-06-18T10:37:02,h35,0.01650211754846817,h1-h28,-0.0474744
route_mutation,20260618T103800_089441,8,7,38,7,,,2026-06-18T10:38:00,h37,-0.019049247139758724,h1-h2,-0.048072800000000006
route_mutation,20260618T103830_334619,16,15,38,15,,,2026-06-18T10:38:30,h37,-0.005463577541136966,h1-h28,-0.047465600000000004
route_mutation,20260618T103900_589028,6,5,38,5,,,2026-06-18T10:39:00,h34,-0.021805313858621903,h1-h33,-0.0474744
route_mutation,20260618T103930_754166,0,0,38,0,,,2026-06-18T10:39:30,h33,-0.01522601230624479,,
route_mutation,20260618T104001_009603,12,11,38,11,,,2026-06-18T10:40:01,h33,-0.01986414520481515,h1-h10,-0.0480772
route_mutation,20260618T104031_266570,10,9,38,9,,,2026-06-18T10:40:31,h33,-0.010064414589823434,h1-h28,-0.0474788
ip_shuffle,20260618T104101_507822,3,2,38,2,h30|h35|h33,,2026-06-18T10:41:01,h30,0.004187211977416588,h1-h38,-0.047470000000000005
ip_shuffle,20260618T104212_285237,8,8,38,8,h32,,2026-06-18T10:42:12,h32,0.02343723763672495,h1-h32,-0.047470000000000005
route_mutation,20260618T104309_937185,19,19,38,19,,,2026-06-18T10:43:09,h37,-0.003558453090497654,h1-h30,-0.047465600000000004
route_mutation,20260618T104340_232386,9,9,38,9,,,2026-06-18T10:43:40,h37,-0.0037064940251538836,h1-h31,-0.047470000000000005
route_mutation,20260618T104410_398226,0,0,38,0,,,2026-06-18T10:44:10,h37,-0.0036804595685891728,,
route_mutation,20260618T104440_677803,16,15,38,15,,,2026-06-18T10:44:40,h37,-0.0036262768266600576,h1-h11,-0.048072800000000006
route_mutation,20260618T104510_926647,6,5,38,5,,,2026-06-18T10:45:10,h37,-0.006656497693614649,h1-h33,-0.0474788
route_mutation,20260618T104541_159463,3,2,38,2,,,2026-06-18T10:45:41,h32,-0.0029426999999999925,h1-h38,-0.0474744
ip_shuffle,20260618T104611_411692,15,15,38,15,h32,,2026-06-18T10:46:11,h32,0.02014942111111112,h1-h30,-0.047470000000000005
route_mutation,20260618T104710_055369,3,2,38,2,,,2026-06-18T10:47:10,h35,-0.002941615775435613,h1-h38,-0.047470000000000005
ip_shuffle,20260618T104740_368272,15,15,38,15,h35|h30,,2026-06-18T10:47:40,h35,0.012454849138404861,h1-h30,-0.047465600000000004
route_mutation,20260618T104844_413608,3,2,38,2,,,2026-06-18T10:48:44,h37,-0.0072751561498345385,h1-h38,-0.047465600000000004
route_mutation,20260618T104914_667149,12,12,38,12,,,2026-06-18T10:49:14,h33,-0.0004960430085033662,h1-h30,-0.047470000000000005
route_mutation,20260618T104944_918566,10,9,38,9,,,2026-06-18T10:49:44,h37,-0.006806457008306399,h1-h28,-0.047470000000000005
ip_shuffle,20260618T105015_154265,4,3,38,3,h33,,2026-06-18T10:50:15,h33,0.002224770474700072,h1-h37,-0.048072800000000006
route_mutation,20260618T105112_741589,14,13,38,13,,,2026-06-18T10:51:12,h37,-0.006720138235601525,h1-h28,-0.048068400000000004
route_mutation,20260618T105142_998106,4,3,38,3,,,2026-06-18T10:51:42,h32,-0.0023942296645190486,h1-h37,-0.048072800000000006
ip_shuffle,20260618T105213_225194,7,6,38,6,h32|h30,,2026-06-18T10:52:13,h32,0.01324589038964269,h1-h2,-0.048068400000000004
route_mutation,20260618T105318_358700,8,7,38,7,,,2026-06-18T10:53:18,h37,-0.006899345654266892,h1-h32,-0.048068400000000004
route_mutation,20260618T105348_545245,0,0,38,0,,,2026-06-18T10:53:48,h37,-0.006784089426439099,,
ip_shuffle,20260618T105418_774925,13,12,38,12,h35,,2026-06-18T10:54:18,h35,0.006921058874195668,h1-h12,-0.048068400000000004
route_mutation,20260618T105516_389767,0,0,38,0,,,2026-06-18T10:55:16,h37,-0.009459032290413144,,
route_mutation,20260618T105546_674358,8,7,38,7,,,2026-06-18T10:55:46,h37,-0.00928253390185374,h1-h10,-0.048068400000000004
route_mutation,20260618T105616_922573,9,8,38,8,,,2026-06-18T10:56:16,h37,-0.009143069304928753,h1-h28,-0.0474788
route_mutation,20260618T105647_086564,0,0,38,0,,,2026-06-18T10:56:47,h33,-0.006669669436510317,,
ip_shuffle,20260618T105717_320396,13,12,38,12,h33,,2026-06-18T10:57:17,h33,0.0068321349549541055,h1-h10,-0.048068400000000004
route_mutation,20260618T105815_170967,3,2,38,2,,,2026-06-18T10:58:15,h32,-0.0009786781809295042,h1-h38,-0.0474744
ip_shuffle,20260618T105845_443089,8,8,38,8,h32|h35|h30,,2026-06-18T10:58:45,h32,0.014686250944150936,h1-h33,-0.0474744
route_mutation,20260618T105955_871669,0,0,38,0,,,2026-06-18T10:59:55,h37,-0.009299731863099542,,
route_mutation,20260618T110026_120813,15,15,38,15,,,2026-06-18T11:00:26,h37,-0.009299731863099542,h1-h33,-0.047470000000000005
route_mutation,20260618T110056_383391,9,8,38,8,,,2026-06-18T11:00:56,h37,-0.00948722669665747,h1-h30,-0.0474744
route_mutation,20260618T110126_558427,0,0,38,0,,,2026-06-18T11:01:26,h37,-0.009337980715124039,,
route_mutation,20260618T110156_815168,15,14,38,14,,,2026-06-18T11:01:56,h37,-0.009299731863099542,h1-h10,-0.048068400000000004
ip_shuffle,20260618T110227_051279,10,9,38,9,h37,,2026-06-18T11:02:27,h37,0.0037734436529448245,h1-h30,-0.048072800000000006
route_mutation,20260618T110324_744666,17,17,38,17,,,2026-06-18T11:03:24,h30,-0.0027109330738843695,h1-h33,-0.048064
ip_shuffle,20260618T110355_013038,10,9,38,9,h30|h33|h35,,2026-06-18T11:03:55,h30,0.019169438907842812,h1-h30,-0.048064
ip_shuffle,20260618T110507_155622,15,14,38,14,h32|h34,,2026-06-18T11:05:07,h32,0.01937917648748133,h1-h28,-0.0480596
route_mutation,20260618T110611_280608,7,6,38,6,,,2026-06-18T11:06:11,h38,-0.029360447922604546,h1-h2,-0.048068400000000004
route_mutation,20260618T110641_566668,15,14,38,14,,,2026-06-18T11:06:41,h38,-0.029343552876038417,h1-h10,-0.048068400000000004
route_mutation,20260618T110711_819628,8,7,38,7,,,2026-06-18T11:07:11,h38,-0.029014873496605212,h1-h32,-0.048064
route_mutation,20260618T110741_992453,0,0,38,0,,,2026-06-18T11:07:41,h37,-0.03522094676941456,,
route_mutation,20260618T110812_230329,16,15,38,15,,,2026-06-18T11:08:12,h37,-0.02003857332377537,h1-h16,-0.048068400000000004
route_mutation,20260618T110842_482555,5,4,38,4,,,2026-06-18T11:08:42,h37,-0.004855894989247295,h1-h31,-0.048068400000000004
ip_shuffle,20260618T110912_719251,3,2,38,2,h32|h37,,2026-06-18T11:09:12,h32,0.012553095724601698,h1-h38,-0.048064
route_mutation,20260618T111017_780447,12,11,38,11,,,2026-06-18T11:10:17,h30,-0.015273962400689567,h1-h28,-0.048064
route_mutation,20260618T111048_050207,3,2,38,2,,,2026-06-18T11:10:48,h30,-0.0008017144071237048,h1-h38,-0.048068400000000004
ip_shuffle,20260618T111118_285243,7,6,38,6,h30|h35|h34,,2026-06-18T11:11:18,h30,0.013296746745846827,h1-h2,-0.048072800000000006
route_mutation,20260618T111229_034314,3,2,38,2,,,2026-06-18T11:12:29,h33,-0.009259513418439697,h1-h38,-0.048068400000000004
ip_shuffle,20260618T111259_268609,13,12,38,12,h33,,2026-06-18T11:12:59,h33,0.0003494167967566797,h1-h10,-0.048072800000000006
route_mutation,20260618T111356_913168,3,2,38,2,,,2026-06-18T11:13:56,h36,-0.029213331695496336,h1-h38,-0.048072800000000006
route_mutation,20260618T111427_163119,10,9,38,9,,,2026-06-18T11:14:27,h32,-0.023738558816073882,h1-h10,-0.048068400000000004
route_mutation,20260618T111457_412617,12,11,38,11,,,2026-06-18T11:14:57,h32,-0.007516016525669134,h1-h18,-0.048086000000000004
ip_shuffle,20260618T111527_665612,7,6,38,6,h32,,2026-06-18T11:15:27,h32,0.009596618965931891,h1-h34,-0.0480772
route_mutation,20260618T111625_294997,16,15,38,15,,,2026-06-18T11:16:25,h35,-0.010840106763291557,h1-h12,-0.048068400000000004
ip_shuffle,20260618T111655_539241,8,7,38,7,h35,,2026-06-18T11:16:55,h35,0.007734451596933922,h1-h31,-0.0480772
ip_shuffle,20260618T111753_253453,16,16,38,16,h30,,2026-06-18T11:17:53,h30,0.00035912525514780747,h1-h10,-0.048068400000000004
route_mutation,20260618T111850_830686,0,0,38,0,,,2026-06-18T11:18:50,h37,-0.02865433838443132,,
route_mutation,20260618T111921_082562,11,10,38,10,,,2026-06-18T11:19:21,h37,-0.019714872499127817,h1-h10,-0.048068400000000004
route_mutation,20260618T111951_333892,6,5,38,5,,,2026-06-18T11:19:51,h32,-0.004816649638525461,h1-h33,-0.0480772
ip_shuffle,20260618T112021_549626,0,0,38,0,h32,,2026-06-18T11:20:21,h32,0.017727283267371108,,
route_mutation,20260618T112119_452796,13,13,38,12,,,2026-06-18T11:21:19,h37,-0.010597973577222253,h1-h28,-0.048072800000000006
route_mutation,20260618T112149_697012,3,2,38,2,,,2026-06-18T11:21:49,h37,-0.011047885430344795,h1-h38,-0.048072800000000006
route_mutation,20260618T112219_955284,15,15,38,15,,,2026-06-18T11:22:19,h33,-0.0015552532514619688,h1-h10,-0.048068400000000004
ip_shuffle,20260618T112250_186045,11,11,38,10,h30|h33|h35,,2026-06-18T11:22:50,h30,0.01838496688593111,h1-h29,-0.048068400000000004
route_mutation,20260618T112400_789617,16,15,38,15,,,2026-06-18T11:24:00,h37,-0.005346007474007708,h1-h11,-0.048064
route_mutation,20260618T112431_020368,8,7,38,7,,,2026-06-18T11:24:31,h32,-0.0053799885883258625,h1-h33,-0.0480596
ip_shuffle,20260618T112501_178241,0,0,38,0,h32,,2026-06-18T11:25:01,h32,0.017305993980286483,,
route_mutation,20260618T112558_842465,8,7,38,7,,,2026-06-18T11:25:58,h37,-0.001504060051213868,h1-h31,-0.048064
route_mutation,20260618T112629_013639,0,0,38,0,,,2026-06-18T11:26:29,h37,-0.0015957235511015189,,
route_mutation,20260618T112659_245824,14,13,38,13,,,2026-06-18T11:26:59,h37,-0.0014293328324989085,h1-h10,-0.048064
ip_shuffle,20260618T112729_476125,10,9,38,9,h37|h30|h35,,2026-06-18T11:27:29,h37,0.010103033920621979,h1-h30,-0.048068400000000004
route_mutation,20260618T112841_102445,13,12,38,12,,,2026-06-18T11:28:41,h34,-0.031256479547664445,h1-h12,-0.048064
route_mutation,20260618T112911_370696,6,5,38,5,,,2026-06-18T11:29:11,h33,-0.020723704240293905,h1-h31,-0.048068400000000004
route_mutation,20260618T112941_701325,3,2,38,2,,,2026-06-18T11:29:41,h33,-0.012372477141481208,h1-h38,-0.048064
ip_shuffle,20260618T113011_968226,11,10,38,10,h33,,2026-06-18T11:30:11,h33,0.0007084991027296039,h1-h10,-0.048068400000000004
ip_shuffle,20260618T113109_570171,4,3,38,3,h32,,2026-06-18T11:31:09,h32,0.0073796624034902225,h1-h37,-0.048068400000000004
route_mutation,20260618T113207_246191,17,16,38,16,,,2026-06-18T11:32:07,h35,-0.01875846038506923,h1-h15,-0.048064
ip_shuffle,20260618T113237_478534,6,5,38,5,h35,,2026-06-18T11:32:37,h35,0.0017912796561172506,h1-h35,-0.048068400000000004
route_mutation,20260618T113335_091317,19,18,38,18,,,2026-06-18T11:33:35,h37,-0.012867764078297317,h1-h11,-0.048064
ip_shuffle,20260618T113405_339431,8,7,38,7,h37,,2026-06-18T11:34:05,h37,0.003203245952135919,h1-h33,-0.048064
route_mutation,20260618T113503_185234,17,16,38,16,,,2026-06-18T11:35:03,h30,-0.016779384811605125,h1-h11,-0.048064
ip_shuffle,20260618T113533_419662,8,7,38,7,h7,,2026-06-18T11:35:33,h7,0.01633778417371029,h1-h33,-0.048064
ip_shuffle,20260618T113631_081635,11,10,38,10,h30,,2026-06-18T11:36:31,h30,0.011122413344909099,h1-h16,-0.048068400000000004
route_mutation,20260618T113728_587648,0,0,38,0,,,2026-06-18T11:37:28,h32,-0.006836023718772732,,
ip_shuffle,20260618T113758_836182,15,14,38,14,h32,,2026-06-18T11:37:58,h32,0.010003869476858523,h1-h10,-0.048064
route_mutation,20260618T113856_416670,0,0,38,0,,,2026-06-18T11:38:56,h33,-0.00988835349432382,,
ip_shuffle,20260618T113926_647157,16,15,38,15,h33,,2026-06-18T11:39:26,h33,0.002120450079540037,h1-h10,-0.048064
route_mutation,20260618T114024_177212,0,0,38,0,,,2026-06-18T11:40:24,h35,-0.026583501519162916,,
route_mutation,20260618T114054_448356,17,17,38,17,,,2026-06-18T11:40:54,h30,-0.010957126162144809,h1-h10,-0.048064
ip_shuffle,20260618T114124_675649,5,4,38,4,h30,,2026-06-18T11:41:24,h30,0.010778753492240917,h1-h31,-0.0480772
ip_shuffle,20260618T114223_212492,13,13,38,13,h35,,2026-06-18T11:42:23,h35,0.012962211307151583,h1-h10,-0.048068400000000004
ip_shuffle,20260618T114320_893347,3,2,38,2,h32,,2026-06-18T11:43:20,h32,0.020179376444444452,h1-h38,-0.048072800000000006
route_mutation,20260618T114418_487009,15,15,38,15,,,2026-06-18T11:44:18,h37,-0.0193319682102078,h1-h21,-0.048072800000000006
route_mutation,20260618T114448_739625,3,2,38,2,,,2026-06-18T11:44:48,h37,-0.009957904743498724,h1-h38,-0.0480772
ip_shuffle,20260618T114518_994491,12,12,38,12,h33,,2026-06-18T11:45:18,h33,0.006988767070921387,h1-h10,-0.048068400000000004
route_mutation,20260618T114616_642889,2,1,38,1,,,2026-06-18T11:46:16,h37,-0.00017928903875893965,h1-h39,-0.048072800000000006
route_mutation,20260618T114646_893187,16,16,38,16,,,2026-06-18T11:46:46,h37,-8.682677246210635e-05,h1-h10,-0.048068400000000004
route_mutation,20260618T114717_139987,9,9,38,9,,,2026-06-18T11:47:17,h37,-6.809364226420533e-05,h1-h28,-0.048068400000000004
ip_shuffle,20260618T114747_324879,0,0,38,0,h32,,2026-06-18T11:47:47,h32,0.009628799535284727,,
ip_shuffle,20260618T114845_056679,9,9,38,9,h35,,2026-06-18T11:48:45,h35,0.005210706767876633,h1-h28,-0.048068400000000004
ip_shuffle,20260618T114942_671242,16,16,38,16,h37,,2026-06-18T11:49:42,h37,0.004861453045784947,h1-h37,-0.047470000000000005
ip_shuffle,20260618T115040_343269,3,2,38,2,h30,,2026-06-18T11:50:40,h30,0.014881459701722055,h1-h38,-0.047465600000000004
route_mutation,20260618T115138_022454,13,12,38,12,,,2026-06-18T11:51:38,h34,-0.023991490660183856,h1-h28,-0.047465600000000004
route_mutation,20260618T115208_238657,4,3,38,3,,,2026-06-18T11:52:08,h33,-0.024985956996922798,h1-h37,-0.047465600000000004
route_mutation,20260618T115238_483068,10,9,38,9,,,2026-06-18T11:52:38,h33,-0.0119160307568352,h1-h10,-0.0480772
ip_shuffle,20260618T115308_715013,10,9,38,9,h33,,2026-06-18T11:53:08,h33,0.0008349546339205816,h1-h28,-0.047470000000000005
ip_shuffle,20260618T115406_309721,4,3,38,3,h35,,2026-06-18T11:54:06,h35,0.0021756694074074046,h1-h2,-0.0480772
route_mutation,20260618T115504_960579,7,6,38,6,,,2026-06-18T11:55:04,h32,-0.0001256256022990898,h1-h32,-0.047470000000000005
ip_shuffle,20260618T115535_199142,2,1,38,1,h32,,2026-06-18T11:55:35,h32,0.015222906903118033,h1-h39,-0.047470000000000005
route_mutation,20260618T115632_851402,12,11,38,11,,,2026-06-18T11:56:32,h34,-0.0071299964583541875,h1-h28,-0.048072800000000006
ip_shuffle,20260618T115703_104553,5,4,38,4,h30,,2026-06-18T11:57:03,h30,0.0038445043480744845,h1-h36,-0.048068400000000004
route_mutation,20260618T115800_706273,16,15,38,15,,,2026-06-18T11:58:00,h34,-0.005568355624745613,h1-h28,-0.048072800000000006
route_mutation,20260618T115830_957204,7,6,38,6,,,2026-06-18T11:58:30,h34,-0.0052760009713554434,h1-h34,-0.048068400000000004
route_mutation,20260618T115901_198431,7,6,38,6,,,2026-06-18T11:59:01,h34,-0.005078601037699831,h1-h2,-0.0480772
route_mutation,20260618T115931_418323,11,10,38,10,,,2026-06-18T11:59:31,h33,-0.001144473285673575,h1-h28,-0.0480772
ip_shuffle,20260618T120001_647659,4,3,38,3,h33,,2026-06-18T12:00:01,h33,0.010441261184904127,h1-h37,-0.048072800000000006
route_mutation,20260618T120059_363382,16,15,38,15,,,2026-06-18T12:00:59,h37,-0.004036327417083346,h1-h28,-0.0480772
ip_shuffle,20260618T120129_639054,7,6,38,6,h32,,2026-06-18T12:01:29,h32,0.007551059671780325,h1-h34,-0.048072800000000006
ip_shuffle,20260618T120228_450712,17,16,38,16,h35,,2026-06-18T12:02:28,h35,0.006918408335068349,h1-h13,-0.048068400000000004
route_mutation,20260618T120326_029835,0,0,38,0,,,2026-06-18T12:03:26,h30,-0.0045604518778147585,,
ip_shuffle,20260618T120356_363289,16,15,38,15,h30,,2026-06-18T12:03:56,h30,0.010631884000986497,h1-h10,-0.048072800000000006
route_mutation,20260618T120454_065511,3,2,38,2,,,2026-06-18T12:04:54,h37,-0.015210481197202308,h1-h38,-0.048072800000000006
route_mutation,20260618T120524_373329,14,14,38,14,,,2026-06-18T12:05:24,h37,-0.008989858346488439,h1-h10,-0.048072800000000006
route_mutation,20260618T120554_690737,12,11,38,11,,,2026-06-18T12:05:54,h37,-0.009001068628318315,h1-h28,-0.048072800000000006
route_mutation,20260618T120624_953208,3,2,38,2,,,2026-06-18T12:06:24,h37,-0.00914135978599559,h1-h38,-0.0480772
ip_shuffle,20260618T120655_249740,15,15,38,15,h35,,2026-06-18T12:06:55,h35,0.002106368735211861,h1-h10,-0.048068400000000004
route_mutation,20260618T120752_977554,3,2,38,2,,,2026-06-18T12:07:52,h37,-0.008994290668037946,h1-h38,-0.048072800000000006
route_mutation,20260618T120823_221994,13,13,38,13,,,2026-06-18T12:08:23,h32,-0.0013970764931259816,h1-h10,-0.048068400000000004
ip_shuffle,20260618T120853_480659,12,11,38,11,h32|h30,,2026-06-18T12:08:53,h32,0.01266220813238772,h1-h28,-0.048068400000000004
route_mutation,20260618T120957_550254,16,16,38,16,,,2026-06-18T12:09:57,h37,-0.0004162826033438094,h1-h10,-0.048068400000000004
ip_shuffle,20260618T121027_801798,9,9,38,8,h33,,2026-06-18T12:10:27,h33,0.006456061677963115,h1-h30,-0.048068400000000004
route_mutation,20260618T121125_338865,10,10,38,10,,,2026-06-18T12:11:25,h37,-0.008157412173754042,h1-h10,-0.048064
route_mutation,20260618T121155_610939,15,15,38,14,,,2026-06-18T12:11:55,h37,-0.008096978622717327,h1-h28,-0.048064
route_mutation,20260618T121225_852820,4,3,38,3,,,2026-06-18T12:12:25,h32,-0.0027033933333333315,h1-h37,-0.048068400000000004
ip_shuffle,20260618T121256_123478,11,10,38,10,h32|h35,,2026-06-18T12:12:56,h32,0.02505684266666669,h1-h10,-0.048064
route_mutation,20260618T121401_101570,0,0,38,0,,,2026-06-18T12:14:01,h37,-0.008303974557693994,,
route_mutation,20260618T121431_333190,14,13,38,13,,,2026-06-18T12:14:31,h37,-0.008196087550821435,h1-h10,-0.048064
route_mutation,20260618T121501_626366,7,7,38,6,,,2026-06-18T12:15:01,h30,-0.007220386150745883,h1-h28,-0.048064
ip_shuffle,20260618T121531_861233,3,2,38,2,h30,,2026-06-18T12:15:31,h30,0.0077284776700246305,h1-h38,-0.0480596
route_mutation,20260618T121629_477944,16,15,38,15,,,2026-06-18T12:16:29,h32,-0.0027026855555555562,h1-h28,-0.0480596
ip_shuffle,20260618T121659_732808,4,3,38,3,h37,,2026-06-18T12:16:59,h37,0.010728430831493746,h1-h37,-0.0480596
ip_shuffle,20260618T121757_362096,16,15,38,15,h33|h32,,2026-06-18T12:17:57,h33,0.009506953942614776,h1-h28,-0.048064
route_mutation,20260618T121901_539692,9,8,38,8,,,2026-06-18T12:19:01,h34,-0.025308239182286946,h1-h2,-0.048072800000000006
route_mutation,20260618T121931_800005,15,14,38,14,,,2026-06-18T12:19:31,h35,-0.021557039949431048,h1-h28,-0.047470000000000005
route_mutation,20260618T122002_034430,4,3,38,3,,,2026-06-18T12:20:02,h35,-0.008260440018736576,h1-h37,-0.047470000000000005
ip_shuffle,20260618T122032_265523,8,7,38,7,h35,,2026-06-18T12:20:32,h35,0.004956415785021678,h1-h2,-0.048068400000000004
route_mutation,20260618T122130_070091,8,7,38,7,,,2026-06-18T12:21:30,h7,-0.016925898694798797,h1-h32,-0.0474788
route_mutation,20260618T122200_258731,0,0,38,0,,,2026-06-18T12:22:00,h32,-0.005187230940512405,,
ip_shuffle,20260618T122230_525271,17,16,38,16,h32,,2026-06-18T12:22:30,h32,0.01738622189529135,h1-h11,-0.048068400000000004
ip_shuffle,20260618T122329_097669,0,0,38,0,h30,,2026-06-18T12:23:29,h30,0.003087899271304373,,
ip_shuffle,20260618T122426_703431,7,6,38,6,h33,,2026-06-18T12:24:26,h33,0.016235908158079654,h1-h33,-0.0474744
route_mutation,20260618T122524_317447,16,15,38,15,,,2026-06-18T12:25:24,h7,-0.016162369911286334,h1-h10,-0.048064
route_mutation,20260618T122554_559998,6,5,38,5,,,2026-06-18T12:25:54,h7,-0.0159376315130606,h1-h30,-0.0474744
route_mutation,20260618T122624_806516,3,2,38,2,,,2026-06-18T12:26:24,h34,-0.016066607813323114,h1-h38,-0.048072800000000006
route_mutation,20260618T122655_069635,17,17,38,17,,,2026-06-18T12:26:55,h37,-0.006100752307606455,h1-h10,-0.048064
ip_shuffle,20260618T122725_354890,11,10,38,10,h37,,2026-06-18T12:27:25,h37,0.003594396216421769,h1-h28,-0.048068400000000004
route_mutation,20260618T122822_973559,14,14,38,14,,,2026-06-18T12:28:22,h35,-0.006169984159887926,h1-h35,-0.0480596
ip_shuffle,20260618T122853_210487,10,9,38,9,h32,,2026-06-18T12:28:53,h32,0.01023502044215871,h1-h28,-0.0480596
ip_shuffle,20260618T122950_784105,14,14,38,14,h35,,2026-06-18T12:29:50,h35,0.005725348417375348,h1-h35,-0.0480596
ip_shuffle,20260618T123048_328746,3,2,38,2,h30,,2026-06-18T12:30:48,h30,0.008090030493116379,h1-h38,-0.0480596
route_mutation,20260618T123146_083793,16,15,38,15,,,2026-06-18T12:31:46,h33,-0.004683777020898006,h1-h13,-0.048068400000000004
ip_shuffle,20260618T123216_319638,7,6,38,6,h33,,2026-06-18T12:32:16,h33,0.01658050873361025,h1-h34,-0.0480596
route_mutation,20260618T123314_908265,17,16,38,16,,,2026-06-18T12:33:14,h34,-0.025843857876992712,h1-h11,-0.048072800000000006
route_mutation,20260618T123345_179803,7,6,38,6,,,2026-06-18T12:33:45,h34,-0.026193236323446126,h1-h31,-0.048064
route_mutation,20260618T123415_353491,0,0,38,0,,,2026-06-18T12:34:15,h37,-0.017622571781067756,,
route_mutation,20260618T123445_594813,15,14,38,14,,,2026-06-18T12:34:45,h32,-0.0022091751992882047,h1-h16,-0.048072800000000006
ip_shuffle,20260618T123515_866640,7,6,38,6,h32|h37,,2026-06-18T12:35:15,h32,0.014936811589151472,h1-h28,-0.048068400000000004
route_mutation,20260618T123619_997406,14,13,38,13,,,2026-06-18T12:36:19,h35,-0.026013077913526153,h1-h10,-0.0480772
route_mutation,20260618T123650_248193,11,11,38,11,,,2026-06-18T12:36:50,h35,-0.013121250976341842,h1-h28,-0.0474744
route_mutation,20260618T123720_456012,0,0,38,0,,,2026-06-18T12:37:20,h35,-8.10624828075368e-05,,
ip_shuffle,20260618T123750_720007,12,11,38,11,h30|h35,,2026-06-18T12:37:50,h30,0.010664612218657193,h1-h10,-0.0480772
route_mutation,20260618T123854_748408,0,0,38,0,,,2026-06-18T12:38:54,h32,-0.002531185555555565,,
ip_shuffle,20260618T123925_007865,14,13,38,13,h32,,2026-06-18T12:39:25,h32,0.02526192400000002,h1-h10,-0.048072800000000006
route_mutation,20260618T124023_529074,0,0,38,0,,,2026-06-18T12:40:23,h33,-0.019586177403684027,,
route_mutation,20260618T124053_901212,11,10,38,10,,,2026-06-18T12:40:53,h33,-0.00942221205318533,h1-h10,-0.048072800000000006
ip_shuffle,20260618T124124_159582,8,7,38,7,h33,,2026-06-18T12:41:24,h33,0.0007376177888773205,h1-h30,-0.047465600000000004
route_mutation,20260618T124221_864497,11,10,38,10,,,2026-06-18T12:42:21,h34,-0.026562399727481353,h1-h10,-0.048068400000000004
route_mutation,20260618T124252_123465,14,14,38,14,,,2026-06-18T12:42:52,h32,-0.002530423333333337,h1-h28,-0.0474568
ip_shuffle,20260618T124322_289306,0,0,38,0,h35|h37,,2026-06-18T12:43:22,h35,0.02265058903703704,,
route_mutation,20260618T124426_249617,7,7,38,7,,,2026-06-18T12:44:26,h30,-0.004172665927820368,h1-h28,-0.0474612
ip_shuffle,20260618T124456_470400,4,3,38,3,h30,,2026-06-18T12:44:56,h30,0.011189542280540171,h1-h37,-0.047465600000000004
ip_shuffle,20260618T124554_089246,15,14,38,14,h32,,2026-06-18T12:45:54,h32,0.009343198131253588,h1-h13,-0.048072800000000006
route_mutation,20260618T124651_643900,0,0,38,0,,,2026-06-18T12:46:51,h34,-0.01312956405102167,,
route_mutation,20260618T124721_888134,13,12,38,12,,,2026-06-18T12:47:21,h34,-0.0131634157113584,h1-h10,-0.0480772
route_mutation,20260618T124752_152235,10,9,38,9,,,2026-06-18T12:47:52,h34,-0.02099263108160007,h1-h28,-0.0474744
route_mutation,20260618T124822_331801,0,0,38,0,,,2026-06-18T12:48:22,h34,-0.02076010272593666,,
route_mutation,20260618T124852_595103,14,13,38,13,,,2026-06-18T12:48:52,h33,-0.011060238748285267,h1-h10,-0.048072800000000006
route_mutation,20260618T124922_837126,10,9,38,9,,,2026-06-18T12:49:22,h32,-0.0029709893333333126,h1-h28,-0.047470000000000005
ip_shuffle,20260618T124953_110519,3,2,38,2,h32,,2026-06-18T12:49:53,h32,0.02011893222222222,h1-h38,-0.047470000000000005
ip_shuffle,20260618T125050_806909,14,13,38,13,h33,,2026-06-18T12:50:50,h33,0.007079347994870283,h1-h28,-0.047470000000000005
ip_shuffle,20260618T125148_435758,5,4,38,4,h30|h35,,2026-06-18T12:51:48,h30,0.01364726566288152,h1-h2,-0.048072800000000006
route_mutation,20260618T125253_629184,5,4,38,4,,,2026-06-18T12:52:53,h37,-0.0207775689385193,h1-h36,-0.047465600000000004
route_mutation,20260618T125323_877951,11,11,38,11,,,2026-06-18T12:53:23,h37,-0.011097770107385468,h1-h32,-0.047465600000000004
route_mutation,20260618T125354_130424,15,14,38,14,,,2026-06-18T12:53:54,h37,-0.0018152061445399492,h1-h28,-0.047465600000000004
ip_shuffle,20260618T125424_357989,4,3,38,3,h7|h37,,2026-06-18T12:54:24,h7,0.02956249999999999,h1-h37,-0.048064
ip_shuffle,20260618T125528_559390,10,10,38,10,h32,,2026-06-18T12:55:28,h32,0.01999583333333335,h1-h28,-0.048064
route_mutation,20260618T125626_145288,3,2,38,2,,,2026-06-18T12:56:26,h34,-0.03096837087087087,h1-h2,-0.048064
route_mutation,20260618T125656_388536,16,15,38,15,,,2026-06-18T12:56:56,h34,-0.030903815647360625,h1-h12,-0.048068400000000004
route_mutation,20260618T125726_722710,7,6,38,6,,,2026-06-18T12:57:26,h33,-0.02169441083785277,h1-h34,-0.048072800000000006
route_mutation,20260618T125756_947159,3,2,38,2,,,2026-06-18T12:57:56,h30,-0.009055763016170698,h1-h2,-0.048064
ip_shuffle,20260618T125827_219674,17,16,38,16,h30,,2026-06-18T12:58:27,h30,0.006105292891773251,h1-h12,-0.048068400000000004
route_mutation,20260618T125924_822490,3,2,38,2,,,2026-06-18T12:59:24,h32,-0.0083965294751773,h1-h2,-0.048064
ip_shuffle,20260618T125955_091314,16,15,38,15,h32|h35,,2026-06-18T12:59:55,h32,0.013861020768510618,h1-h13,-0.048068400000000004
route_mutation,20260618T130100_246295,7,6,38,6,,,2026-06-18T13:01:00,h33,-0.0016510762906404575,h1-h2,-0.048064
ip_shuffle,20260618T130130_503198,16,15,38,15,h33,,2026-06-18T13:01:30,h33,0.008616643486662273,h1-h28,-0.0474788
route_mutation,20260618T130228_052138,6,5,38,5,,,2026-06-18T13:02:28,h37,-0.010921735490644818,h1-h2,-0.048064
ip_shuffle,20260618T130258_284746,15,14,38,14,h37,,2026-06-18T13:02:58,h37,0.0029463890254128045,h1-h28,-0.047470000000000005
route_mutation,20260618T130355_848977,3,2,38,2,,,2026-06-18T13:03:55,h34,-0.025827206763673796,h1-h2,-0.048064
route_mutation,20260618T130426_158497,17,16,38,16,,,2026-06-18T13:04:26,h30,-0.01610988091367571,h1-h12,-0.048064
route_mutation,20260618T130456_408451,6,5,38,5,,,2026-06-18T13:04:56,h30,-0.00038101133102330653,h1-h33,-0.047465600000000004
ip_shuffle,20260618T130526_597565,0,0,38,0,h30|h35,,2026-06-18T13:05:26,h30,0.015409298776210556,,
route_mutation,20260618T130630_750641,9,8,38,8,,,2026-06-18T13:06:30,h32,-0.0022348118055036392,h1-h32,-0.047465600000000004
ip_shuffle,20260618T130700_951050,0,0,38,0,h32,,2026-06-18T13:07:00,h32,0.012907014672074196,,
ip_shuffle,20260618T130758_573990,8,7,38,7,h33,,2026-06-18T13:07:58,h33,0.011315936698444301,h1-h31,-0.0474612
ip_shuffle,20260618T130856_190211,16,16,38,16,h37,,2026-06-18T13:08:56,h37,0.0019139425185185077,h1-h30,-0.047465600000000004
route_mutation,20260618T130953_868543,6,5,38,5,,,2026-06-18T13:09:53,h34,-0.01866939609687855,h1-h35,-0.0474744
route_mutation,20260618T131024_107600,10,9,38,9,,,2026-06-18T13:10:24,h34,-0.018428093753923,h1-h30,-0.047470000000000005
route_mutation,20260618T131054_392404,16,15,38,15,,,2026-06-18T13:10:54,h34,-0.018260932678498862,h1-h28,-0.047470000000000005
ip_shuffle,20260618T131124_631513,8,7,38,7,h34,,2026-06-18T13:11:24,h34,0.022899513593161558,h1-h33,-0.048072800000000006
ip_shuffle,20260618T131223_302793,15,14,38,14,h30|h35,,2026-06-18T13:12:23,h30,0.010334272552884743,h1-h11,-0.048072800000000006
route_mutation,20260618T131327_447201,5,4,38,4,,,2026-06-18T13:13:27,h32,-0.013295942583210124,h1-h2,-0.048068400000000004
ip_shuffle,20260618T131357_683534,16,15,38,15,h32,,2026-06-18T13:13:57,h32,0.0028389999751794737,h1-h28,-0.047465600000000004
route_mutation,20260618T131455_331583,4,3,38,3,,,2026-06-18T13:14:55,h33,-0.022007242121899168,h1-h2,-0.048068400000000004
route_mutation,20260618T131525_582637,19,18,38,18,,,2026-06-18T13:15:25,h33,-0.008548461371159666,h1-h28,-0.047465600000000004
route_mutation,20260618T131555_814789,6,5,38,5,,,2026-06-18T13:15:55,h33,-0.02662986143667953,h1-h34,-0.047470000000000005
route_mutation,20260618T131626_022208,0,0,38,0,,,2026-06-18T13:16:26,h33,-0.016605525832639856,,
route_mutation,20260618T131656_264861,15,14,38,14,,,2026-06-18T13:16:56,h35,-0.0060820649685480455,h1-h10,-0.048072800000000006
ip_shuffle,20260618T131726_553092,6,5,38,5,h35|h33|h30,,2026-06-18T13:17:26,h35,0.013357102892370437,h1-h34,-0.0474744
route_mutation,20260618T131838_284100,16,15,38,15,,,2026-06-18T13:18:38,h37,-0.02114780528106605,h1-h28,-0.0474744
route_mutation,20260618T131908_529668,5,4,38,4,,,2026-06-18T13:19:08,h37,-0.012681477142249847,h1-h36,-0.0474744
ip_shuffle,20260618T131938_780280,7,6,38,6,h32,,2026-06-18T13:19:38,h32,0.0033044059498730516,h1-h2,-0.048064
ip_shuffle,20260618T132036_430558,6,5,38,5,h37,,2026-06-18T13:20:36,h37,0.03328977880146042,h1-h35,-0.0480772
ip_shuffle,20260618T132134_099039,20,19,38,19,h34,,2026-06-18T13:21:34,h34,0.003202217394738305,h1-h11,-0.048064
route_mutation,20260622T163008_209927,18,17,38,17,,,2026-06-22T16:30:08,h36,-0.09998611111111111,h1-h22,-0.0487372
route_mutation,20260622T193254_339539,15,14,38,14,,h1-h32|h1-h30,2026-06-22T19:32:54,h36,-0.09998611111111111,h1-h32,0.0111297
route_mutation,20260622T193324_717951,3,2,38,2,,,2026-06-22T19:33:24,h2,-0.08587099999999999,h1-h2,-0.0482225
route_mutation,20260622T193355_042041,17,16,38,16,,,2026-06-22T19:33:55,h2,-0.067328,h1-h30,-0.04632594444444445
route_mutation,20260622T193425_238370,0,0,38,0,,,2026-06-22T19:34:25,h2,-0.04878500000000001,,
route_mutation,20260622T193455_615717,17,16,38,16,,,2026-06-22T19:34:55,h2,-0.03024199999999999,h1-h10,-0.0482225
route_mutation,20260622T193525_967191,11,10,38,10,,,2026-06-22T19:35:25,h2,-0.011699000000000015,h1-h35,-0.002740833333333338
ip_shuffle,20260622T193556_304406,7,6,38,6,h2,,2026-06-22T19:35:56,h2,0.006843999999999989,h1-h2,-0.0482225
route_mutation,20260622T193653_853586,0,0,38,0,,,2026-06-22T19:36:53,h32,-0.030588774693005874,,
route_mutation,20260622T193724_142332,17,16,38,16,,,2026-06-22T19:37:24,h32,-0.01826530521445098,h1-h10,-0.0482225
route_mutation,20260622T193754_458248,8,7,38,7,,,2026-06-22T19:37:54,h32,-0.005941835735896073,h1-h35,-0.002740833333333338
ip_shuffle,20260622T193824_753552,8,7,38,7,h32,,2026-06-22T19:38:24,h32,0.006381633742658849,h1-h2,-0.0482225
ip_shuffle,20260622T193922_499535,6,5,38,5,h30,,2026-06-22T19:39:22,h30,0.0018532513693619024,h1-h35,-0.002740833333333338
route_mutation,20260622T194020_611762,13,11,38,11,,,2026-06-22T19:40:20,h35,-0.012012962962962948,h15-h33,-0.008870299999999998
route_mutation,20260622T194051_619492,4,3,38,3,,,2026-06-22T19:40:51,h35,-0.0027638888888888713,h1-h33,-0.008870299999999998
ip_shuffle,20260622T194121_911773,8,7,38,7,h2,,2026-06-22T19:41:21,h2,0.006843999999999989,h1-h35,-0.002740833333333338
route_mutation,20260622T194223_784272,17,16,38,16,,,2026-06-22T19:42:23,h35,-0.0027638888888888713,h15-h33,-0.009999999999999995
ip_shuffle,20260622T194254_634244,6,4,38,4,h33|h15|h34,,2026-06-22T19:42:54,h33,0.40221389103058347,h15-h33,0.4906145
route_mutation,20260622T194406_978492,17,16,38,16,,h1-h28|h1-h29|h1-h30,2026-06-22T19:44:06,h37,0.014553895606394224,h1-h28,0.448882
ip_shuffle,20260622T203536_724467,0,0,38,0,h35|h36|h37,,2026-06-22T20:35:36,h35,0.12439127317256468,,
route_mutation,20260622T203649_127303,7,5,38,5,,h15-h33,2026-06-22T20:36:49,h38,-0.010330209706120225,h15-h33,0.23291315
route_mutation,20260622T203719_536875,2,1,38,1,,,2026-06-22T20:37:19,h38,-0.01038230364229456,h15-h33,-0.012180040000000003
route_mutation,20260622T203749_895098,15,14,38,14,,h1-h11|h1-h12|h1-h13|h1-h14|h1-h15,2026-06-22T20:37:49,h32,-0.004205859752647367,h1-h11,0.4745274
route_mutation,20260622T203820_291288,7,6,38,6,,h1-h33,2026-06-22T20:38:20,h33,0.03980110926420444,h1-h33,0.5213539999999999
ip_shuffle,20260622T203850_681997,2,1,38,1,h33|h30|h32,,2026-06-22T20:38:50,h33,0.07606022126104472,h15-h33,0.026569493333333333
ip_shuffle,20260622T204003_780099,4,3,38,3,h15,,2026-06-22T20:40:03,h15,0.035017550909960476,h1-h37,-0.014932616666666669
route_mutation,20260622T204101_550746,17,16,38,16,,h1-h28|h1-h29|h1-h30|h1-h15,2026-06-22T20:41:01,h38,-0.010377788689563516,h1-h28,0.484038
route_mutation,20260622T204132_015948,6,5,38,5,,,2026-06-22T20:41:32,h38,-0.010373918134835597,h1-h35,-0.0015992833333333331
ip_shuffle,20260622T204202_348544,2,1,38,1,h33,,2026-06-22T20:42:02,h33,0.0035389995202480262,h1-h2,-0.04827385
route_mutation,20260622T204300_306979,8,7,38,7,,h1-h31|h1-h32|h1-h33,2026-06-22T20:43:00,h35,-0.002123835683265185,h1-h31,0.4840402
ip_shuffle,20260622T204331_053531,0,0,38,0,h35,,2026-06-22T20:43:31,h35,0.01181498154624791,,
route_mutation,20260622T204429_092387,7,6,38,6,,h1-h32|h1-h31,2026-06-22T20:44:29,h15,0.009804912919201547,h1-h32,0.02907365333333331
ip_shuffle,20260622T204459_373751,0,0,38,0,h15|h33,,2026-06-22T20:44:59,h15,0.03503500864531159,,
route_mutation,20260622T204603_519273,7,6,38,6,,h1-h32|h1-h33,2026-06-22T20:46:03,h34,0.009083209172355777,h1-h32,0.023049173333333325
ip_shuffle,20260622T204633_770982,0,0,38,0,h32|h30,,2026-06-22T20:46:33,h32,0.024081159152840342,,
ip_shuffle,20260622T211847_883966,9,8,38,8,h29|h37|h34,,2026-06-22T21:18:47,h29,0.07812499999999997,h1-h22,-0.048293600000000006
route_mutation,20260622T212000_512889,13,12,38,12,,,2026-06-22T21:20:00,h38,-0.0033011002089119446,h1-h10,-0.048269900000000004
route_mutation,20260622T212030_912491,12,11,38,11,,,2026-06-22T21:20:30,h38,-0.0034025064576394537,h1-h30,-0.02405856777777778
route_mutation,20260622T212101_235672,4,3,38,3,,,2026-06-22T21:21:01,h38,-0.003297569320899696,h1-h37,-0.014403316666666673
route_mutation,20260622T212131_577011,11,10,38,10,,,2026-06-22T21:21:31,h38,-0.0032979893208997246,h1-h10,-0.048269900000000004
route_mutation,20260622T212201_880535,12,11,38,11,,,2026-06-22T21:22:01,h38,-0.0034141420795107125,h1-h30,-0.02405856777777778
route_mutation,20260622T212232_273370,5,4,38,4,,,2026-06-22T21:22:32,h38,-0.003308078661082542,h1-h37,-0.014403316666666673
ip_shuffle,20260622T212302_618503,12,11,38,11,h35|h34,,2026-06-22T21:23:02,h35,0.008312841826520423,h1-h10,-0.048269900000000004
route_mutation,20260622T212406_706647,4,3,38,3,,,2026-06-22T21:24:06,h38,-0.0034139307111128447,h1-h37,-0.01439936666666667
ip_shuffle,20260622T212437_140654,15,14,38,14,h37,,2026-06-22T21:24:37,h37,0.011750977457814893,h1-h10,-0.04826595
ip_shuffle,20260622T212534_903508,6,5,38,5,h33|h32,,2026-06-22T21:25:34,h33,0.040218062354952205,h1-h35,-0.001066033333333341
ip_shuffle,20260622T212638_973579,15,14,38,14,h30,,2026-06-22T21:26:38,h30,0.001355474557050651,h1-h17,-0.04827385
ip_shuffle,20260622T212736_458017,0,0,38,0,h38|h36,,2026-06-22T21:27:36,h38,0.03190935837262987,,
route_mutation,20260622T212840_712143,5,4,38,4,,,2026-06-22T21:28:40,h39,-0.007380886361655847,h1-h35,-0.0015913833333333419
route_mutation,20260622T212910_952829,0,0,38,0,,,2026-06-22T21:29:10,h31,-0.008549510066280575,,
route_mutation,20260622T212941_344782,14,13,38,13,,,2026-06-22T21:29:41,h34,-0.002333792949457736,h1-h10,-0.04826595
ip_shuffle,20260622T213011_709742,7,6,38,6,h35|h34,,2026-06-22T21:30:11,h35,0.013306952858395366,h1-h30,-0.0059366133333333335
ip_shuffle,20260622T213115_887716,14,13,38,13,h32,,2026-06-22T21:31:15,h32,0.009465026933227233,h1-h10,-0.048269900000000004
ip_shuffle,20260622T213213_398561,0,0,38,0,h30|h37,,2026-06-22T21:32:13,h30,0.01609206168527033,,
route_mutation,20260622T213317_708214,12,11,38,11,,h1-h30,2026-06-22T21:33:17,h33,0.003362409951217532,h1-h30,0.00561643333333333
ip_shuffle,20260622T213348_123082,3,2,38,2,h33,,2026-06-22T21:33:48,h33,0.02087473493326303,h1-h38,-0.0277169
route_mutation,20260622T213445_909958,14,13,38,13,,,2026-06-22T21:34:45,h29,-0.014868548920287272,h1-h15,-0.04826595
ip_shuffle,20260622T213516_341237,6,5,38,5,h35,,2026-06-22T21:35:16,h35,0.0012142204444444415,h1-h35,-0.001058133333333336
route_mutation,20260622T213614_129022,14,13,38,13,,,2026-06-22T21:36:14,h32,-0.01575606389849335,h1-h10,-0.048269900000000004
ip_shuffle,20260622T213644_536452,5,4,38,4,h32,,2026-06-22T21:36:44,h32,0.005130693968418559,h1-h35,-0.001058133333333336
ip_shuffle,20260622T213742_493405,13,12,38,12,h34,,2026-06-22T21:37:42,h34,0.010909141772168507,h1-h10,-0.048269900000000004
ip_shuffle,20260622T213840_277468,5,4,38,4,h30,,2026-06-22T21:38:40,h30,0.009985476562481138,h1-h37,-0.01438751666666667
route_mutation,20260622T213938_084517,16,15,38,15,,,2026-06-22T21:39:38,h38,-0.000667308473404904,h1-h28,-0.047724800000000005
route_mutation,20260622T214008_429449,6,5,38,5,,,2026-06-22T21:40:08,h38,-0.0009056902391580968,h1-h35,-0.001058133333333336
ip_shuffle,20260622T214038_827174,2,1,38,1,h35|h37,,2026-06-22T21:40:38,h35,0.005632461823692786,h1-h2,-0.04827385
ip_shuffle,20260622T214143_310040,6,5,38,5,h32|h33,,2026-06-22T21:41:43,h32,0.008959441068996293,h1-h35,-0.0010620833333333385
ip_shuffle,20260622T214247_788494,14,13,38,13,h38|h36,,2026-06-22T21:42:47,h38,0.013309495526802217,h1-h30,-0.04063494222222223
route_mutation,20260622T214352_144676,6,5,38,5,,,2026-06-22T21:43:52,h34,-0.002419539703703677,h1-h2,-0.048269900000000004
ip_shuffle,20260622T214422_640857,16,15,38,15,h34,,2026-06-22T21:44:22,h34,0.017447380148148145,h1-h28,-0.04772085
ip_shuffle,20260622T214520_314773,0,0,38,0,h30,,2026-06-22T21:45:20,h30,0.029081093799340096,,
route_mutation,20260622T214618_117189,6,5,38,5,,h1-h32,2026-06-22T21:46:18,h39,-0.005509754736771899,h1-h32,0.011741949999999994
ip_shuffle,20260622T214648_586570,3,2,38,2,h32,,2026-06-22T21:46:48,h32,0.00972256909485883,h1-h38,-0.028258049999999996
ip_shuffle,20260622T214746_400036,14,13,38,13,h35,,2026-06-22T21:47:46,h35,0.006249434612794619,h1-h30,-0.042656628888888895
route_mutation,20260622T214844_294914,2,1,38,1,,,2026-06-22T21:48:44,h33,-0.006430867742598989,h1-h2,-0.048269900000000004
ip_shuffle,20260622T214914_749242,14,13,38,13,h33,,2026-06-22T21:49:14,h33,0.010298200752513226,h1-h14,-0.04826595
ip_shuffle,20260622T215012_471267,0,0,38,0,h37,,2026-06-22T21:50:12,h37,0.008803195956049586,,
route_mutation,20260622T215110_485292,8,7,38,7,,,2026-06-22T21:51:10,h30,-0.0012473285541419188,h1-h35,-0.0015953333333333305
ip_shuffle,20260622T215140_704997,0,0,38,0,h30,,2026-06-22T21:51:40,h30,0.023552430549766384,,
ip_shuffle,20260622T215238_544029,7,6,38,6,h32|h35,,2026-06-22T21:52:38,h32,0.0037277830242806176,h1-h33,-0.008261999999999992
ip_shuffle,20260622T215342_910800,7,6,38,6,h38,,2026-06-22T21:53:42,h38,0.0007246282527615944,h1-h2,-0.04827385
ip_shuffle,20260622T215440_804331,7,6,38,6,h34,,2026-06-22T21:54:40,h34,0.0054016691706314235,h1-h35,-0.0010541833333333403
route_mutation,20260622T215538_604681,15,14,38,14,,,2026-06-22T21:55:38,h36,-0.0032708841275090883,h1-h10,-0.04826595
ip_shuffle,20260622T215609_012173,7,6,38,6,h33,,2026-06-22T21:56:09,h33,0.000518728486000708,h1-h35,-0.0010541833333333403
route_mutation,20260622T215706_839636,16,15,38,15,,,2026-06-22T21:57:06,h36,-0.003279480477502289,h1-h10,-0.048269900000000004
ip_shuffle,20260622T215737_207813,8,7,38,7,h32,,2026-06-22T21:57:37,h32,0.016691656,h1-h30,-0.012927644444444449
ip_shuffle,20260622T215835_063405,0,0,38,0,h35|h30,,2026-06-22T21:58:35,h35,0.011686168085064758,,
route_mutation,20260622T215939_451025,8,8,38,8,,h32-h34,2026-06-22T21:59:39,h36,-0.003753467722624859,h32-h34,0.011722200000000002
route_mutation,20260622T220009_757866,0,0,38,0,,,2026-06-22T22:00:09,h36,-0.0034850609949432787,,
ip_shuffle,20260622T220040_218310,15,14,38,14,h34|h36,,2026-06-22T22:00:40,h34,0.017401758814814816,h1-h10,-0.048269900000000004
ip_shuffle,20260622T220144_534228,0,0,38,0,h33|h37,,2026-06-22T22:01:44,h33,0.009345353113574179,,
ip_shuffle,20260622T220248_828770,8,8,38,8,h32,,2026-06-22T22:02:48,h32,0.009554666763851416,h1-h35,-0.0015953333333333305
route_mutation,20260622T220346_601559,15,14,38,14,,,2026-06-22T22:03:46,h38,-0.010064972832788732,h1-h10,-0.048269900000000004
route_mutation,20260622T220417_023367,9,9,38,9,,h1-h30,2026-06-22T22:04:17,h38,-0.007886474692819945,h1-h30,0.0056045833333333295
ip_shuffle,20260622T220447_477711,3,2,38,2,h38,,2026-06-22T22:04:47,h38,0.002666589582070278,h1-h38,-0.02772085
route_mutation,20260622T220545_447360,12,11,38,11,,,2026-06-22T22:05:45,h30,-0.0033026932427173694,h1-h32,-0.0250915
ip_shuffle,20260622T220615_895950,5,4,38,4,h35,,2026-06-22T22:06:15,h35,0.02938132681819669,h1-h37,-0.014391466666666665
ip_shuffle,20260622T220713_870846,14,13,38,13,h32,,2026-06-22T22:07:13,h32,0.005493728000000003,h1-h28,-0.0477327
ip_shuffle,20260622T220811_561145,0,0,38,0,h30,,2026-06-22T22:08:11,h30,0.03426134394213043,,
route_mutation,20260622T220909_376447,8,7,38,7,,,2026-06-22T22:09:09,h33,-0.00161360113624881,h1-h35,-0.001066033333333341
ip_shuffle,20260622T220939_660427,0,0,38,0,h34|h33,,2026-06-22T22:09:39,h34,0.009404721326260995,,
route_mutation,20260622T221044_069246,8,7,38,7,,,2026-06-22T22:10:44,h36,-0.014073537479552478,h1-h35,-0.0010699833333333367
route_mutation,20260622T221114_309387,0,0,38,0,,,2026-06-22T22:11:14,h37,-0.008846419434572567,,
ip_shuffle,20260622T221144_763969,10,9,38,9,h32|h37,,2026-06-22T22:11:44,h32,0.0044659403086483584,h1-h10,-0.0482778
ip_shuffle,20260622T221249_089347,6,5,38,5,h35,,2026-06-22T22:12:49,h35,0.00952912833191627,h1-h35,-0.0016032333333333357
route_mutation,20260622T221346_930218,13,12,38,12,,,2026-06-22T22:13:46,h30,-0.006638527880378692,h1-h15,-0.048269900000000004
ip_shuffle,20260622T221417_378603,8,7,38,7,h30,,2026-06-22T22:14:17,h30,0.013047847477528435,h1-h32,-0.0006127599999999969
ip_shuffle,20260622T221515_213407,15,14,38,14,h38,,2026-06-22T22:15:15,h38,0.022023710864303436,h1-h10,-0.048269900000000004
ip_shuffle,20260622T221613_026148,4,3,38,3,h36,,2026-06-22T22:16:13,h36,0.06369440119575623,h1-h37,-0.014924716666666664
ip_shuffle,20260622T221710_906243,14,13,38,13,h34|h33,,2026-06-22T22:17:10,h34,0.012004576794688748,h1-h15,-0.04826595
route_mutation,20260622T221815_435859,3,2,38,2,,,2026-06-22T22:18:15,h32,-0.005766721848590145,h1-h2,-0.048269900000000004
ip_shuffle,20260622T221845_935535,15,14,38,14,h32,,2026-06-22T22:18:45,h32,0.013548515835106273,h1-h28,-0.04772875
ip_shuffle,20260622T221943_934357,2,1,38,1,h35,,2026-06-22T22:19:43,h35,0.014271501750626914,h1-h2,-0.048269900000000004
route_mutation,20260622T222041_731116,7,6,38,6,,h1-h32,2026-06-22T22:20:41,h37,-0.0005848735212872214,h1-h32,0.012271249999999997
ip_shuffle,20260622T222112_043895,0,0,38,0,h37|h30,,2026-06-22T22:21:12,h37,0.013579221210574671,,
ip_shuffle,20260622T222216_377940,9,8,38,8,h34,,2026-06-22T22:22:16,h34,0.0025544871111111422,h1-h30,-0.042586582222222225
route_mutation,20260622T222314_236832,7,6,38,6,,,2026-06-22T22:23:14,h33,-0.011898644709848083,h1-h2,-0.048269900000000004
ip_shuffle,20260622T222344_665036,14,13,38,13,h33,,2026-06-22T22:23:44,h33,0.006638950023005602,h1-h30,-0.038879873333333335
ip_shuffle,20260622T222442_474354,2,1,38,1,h32,,2026-06-22T22:24:42,h32,0.001954413889004969,h1-h2,-0.04827385
route_mutation,20260622T222540_317330,6,5,38,5,,,2026-06-22T22:25:40,h38,-0.02044845431113808,h1-h35,-0.001066033333333341
route_mutation,20260622T222610_593446,0,0,38,0,,,2026-06-22T22:26:10,h35,-0.006768897459982798,,
ip_shuffle,20260622T222641_024241,15,14,38,14,h35,,2026-06-22T22:26:41,h35,0.010038670336267819,h1-h10,-0.048269900000000004
ip_shuffle,20260622T222738_713498,0,0,38,0,h30,,2026-06-22T22:27:38,h30,0.005655469106476019,,
ip_shuffle,20260622T222836_612961,13,12,38,12,h33|h34,,2026-06-22T22:28:36,h33,0.00810539134959351,h1-h30,-0.024053037777777782
ip_shuffle,20260622T222940_990402,5,4,38,4,h38,,2026-06-22T22:29:40,h38,0.00989926528164442,h1-h2,-0.048281750000000005
route_mutation,20260622T223038_808296,7,6,38,6,,,2026-06-22T22:30:38,h37,-0.002254105334625167,h1-h35,-0.001058133333333336
ip_shuffle,20260622T223109_039385,0,0,38,0,h32|h37,,2026-06-22T22:31:09,h32,0.011473809581971722,,
ip_shuffle,20260622T223213_609937,7,6,38,6,h36,,2026-06-22T22:32:13,h36,0.003705313063457949,h1-h35,-0.0010541833333333403
route_mutation,20260622T223311_488158,14,13,38,13,,,2026-06-22T22:33:11,h35,-0.015277643943019947,h1-h10,-0.048269900000000004
ip_shuffle,20260622T223341_878996,7,6,38,6,h35,,2026-06-22T22:33:41,h35,0.00277619386263403,h1-h35,-0.001058133333333336
ip_shuffle,20260622T223439_718944,15,14,38,14,h33|h30,,2026-06-22T22:34:39,h33,0.013552921752136765,h1-h10,-0.04827385
ip_shuffle,20260622T223543_981930,0,0,38,0,h34,,2026-06-22T22:35:43,h34,0.006940334454718422,,
route_mutation,20260622T223641_796954,12,11,38,11,,h1-h30,2026-06-22T22:36:41,h39,-0.005512012531034061,h1-h30,0.001399911111111117
ip_shuffle,20260622T223712_357305,5,4,38,4,h39|h32,,2026-06-22T22:37:12,h39,0.0123787746273126,h1-h37,-0.014924716666666664
route_mutation,20260622T223816_919213,9,8,38,8,,,2026-06-22T22:38:16,h31,-0.00877415981651386,h1-h28,-0.048262
ip_shuffle,20260622T223847_366181,6,5,38,5,h37,,2026-06-22T22:38:47,h37,0.00495505916247671,h1-h35,-0.0015913833333333419
ip_shuffle,20260622T223945_205662,14,13,38,13,h35,,2026-06-22T22:39:45,h35,0.002331828121355406,h1-h14,-0.04826595
route_mutation,20260622T224042_814655,0,0,38,0,,,2026-06-22T22:40:42,h30,-0.0027721641785374562,,
ip_shuffle,20260622T224113_261750,13,12,38,12,h30|h38|h33,,2026-06-22T22:41:13,h30,0.016880467418803446,h1-h10,-0.048269900000000004
ip_shuffle,20260622T224224_242880,0,0,38,0,h34,,2026-06-22T22:42:24,h34,0.008664691148437403,,
route_mutation,20260622T224322_095407,10,9,38,9,,,2026-06-22T22:43:22,h32,-0.0007339979813523467,h1-h33,-0.008261999999999992
ip_shuffle,20260622T224352_626974,3,2,38,2,h32,,2026-06-22T22:43:52,h32,0.01934431047044924,h1-h38,-0.028258049999999996
ip_shuffle,20260622T224450_553205,9,8,38,8,h36,,2026-06-22T22:44:50,h36,0.016062892725315553,h1-h30,-0.04430188777777778
ip_shuffle,20260622T224548_396410,3,2,38,2,h37,,2026-06-22T22:45:48,h37,0.002933531528416744,h1-h2,-0.048269900000000004
ip_shuffle,20260622T224646_293680,8,8,38,8,h35,,2026-06-22T22:46:46,h35,0.0176226764589546,h1-h35,-0.0015913833333333419
route_mutation,20260622T224744_136531,15,14,38,14,,,2026-06-22T22:47:44,h33,-0.011743430845237268,h1-h10,-0.04826595
ip_shuffle,20260622T224814_564650,8,8,38,8,h30|h33,,2026-06-22T22:48:14,h30,0.008541044550659627,h1-h35,-0.0015913833333333419
route_mutation,20260622T224918_996990,15,14,38,14,,,2026-06-22T22:49:18,h32,-0.02533226329538671,h1-h10,-0.048269900000000004
route_mutation,20260622T224949_459887,8,8,38,8,,,2026-06-22T22:49:49,h32,-0.00491561895512635,h1-h35,-0.001058133333333336
ip_shuffle,20260622T225019_905761,2,1,38,1,h32,,2026-06-22T22:50:19,h32,0.015585694607259476,h1-h39,-0.04105023333333333
ip_shuffle,20260622T225117_786563,15,14,38,14,h34,,2026-06-22T22:51:17,h34,0.005524706578255267,h1-h28,-0.047724800000000005
route_mutation,20260622T225215_410508,0,0,38,0,,,2026-06-22T22:52:15,h38,-0.004000170546097553,,
ip_shuffle,20260622T225245_836906,10,9,38,9,h38,,2026-06-22T22:52:45,h38,0.006615608242103582,h1-h11,-0.048262
ip_shuffle,20260622T225343_775362,3,2,38,2,h37|h33|h35,,2026-06-22T22:53:43,h37,0.018176207892727808,h1-h38,-0.027724799999999997
route_mutation,20260622T225454_628811,10,9,38,9,,h1-h32,2026-06-22T22:54:54,h30,0.008362876307938139,h1-h32,0.012267299999999995
ip_shuffle,20260622T225525_079983,2,1,38,1,h30,,2026-06-22T22:55:25,h30,0.026527309981125624,h1-h39,-0.04106208333333333
ip_shuffle,20260622T225622_869674,12,11,38,11,h32|h36,,2026-06-22T22:56:22,h32,0.009217575038685144,h1-h30,-0.04258763555555556
route_mutation,20260622T225727_205981,4,3,38,3,,,2026-06-22T22:57:27,h29,-0.0037170183901234777,h1-h2,-0.048269900000000004
ip_shuffle,20260622T225757_620818,16,15,38,15,h2|h15|h34,,2026-06-22T22:57:57,h2,0.02327946083019508,h1-h15,-0.04826595
ip_shuffle,20260622T225908_370407,0,0,38,0,h29,,2026-06-22T22:59:08,h29,0.013472563941036908,,
route_mutation,20260622T230006_286634,6,5,38,5,,,2026-06-22T23:00:06,h33,-0.004904853674869147,h1-h33,-0.008273849999999992
ip_shuffle,20260622T230036_723222,2,1,38,1,h33|h37,,2026-06-22T23:00:36,h33,0.014803957376174931,h1-h39,-0.041599283333333334
ip_shuffle,20260622T230141_262036,9,8,38,8,h30|h32|h35,,2026-06-22T23:01:41,h30,0.01810657830456011,h1-h33,-0.008269899999999997
ip_shuffle,20260622T230252_288358,17,16,38,16,h38,,2026-06-22T23:02:52,h38,0.003443589723329782,h1-h10,-0.04826595
route_mutation,20260622T230350_040543,0,0,38,0,,,2026-06-22T23:03:50,h31,-0.006862673110160394,,
route_mutation,20260622T230420_420026,15,14,38,14,,,2026-06-22T23:04:20,h34,-0.006519913580984998,h1-h10,-0.04826595
ip_shuffle,20260622T230450_840191,9,9,38,8,h34,,2026-06-22T23:04:50,h34,0.01274387553129483,h1-h33,-0.007724799999999997
route_mutation,20260622T230548_844188,11,10,38,10,,,2026-06-22T23:05:48,h39,-0.018246334867071376,h1-h10,-0.04826595
route_mutation,20260622T230619_308911,12,11,38,11,,,2026-06-22T23:06:19,h32,-0.01697402957693775,h1-h30,-0.01663014
ip_shuffle,20260622T230649_744797,4,3,38,3,h32,,2026-06-22T23:06:49,h32,0.004377850708658482,h1-h37,-0.014379616666666664
ip_shuffle,20260622T230747_578366,16,15,38,15,h30|h37|h36,,2026-06-22T23:07:47,h30,0.01124284646401072,h1-h28,-0.0477169
ip_shuffle,20260622T230858_742117,8,7,38,7,h35,,2026-06-22T23:08:58,h35,0.04293650780453129,h1-h2,-0.04826595
ip_shuffle,20260622T230956_577892,6,5,38,5,h33,,2026-06-22T23:09:56,h33,0.026403945470714674,h1-h35,-0.0010502333333333377
route_mutation,20260622T231054_532565,11,10,38,10,,,2026-06-22T23:10:54,h39,-0.009793616337888111,h1-h13,-0.04826595
route_mutation,20260622T231124_975265,7,6,38,6,,,2026-06-22T23:11:24,h34,-0.0019134568658513706,h1-h35,-0.0010541833333333403
ip_shuffle,20260622T231155_409299,3,2,38,2,h34,,2026-06-22T23:11:55,h34,0.015623514449576659,h1-h38,-0.0277169
ip_shuffle,20260622T231253_351856,9,8,38,8,h38|h32,,2026-06-22T23:12:53,h38,0.002932921951933204,h1-h30,0.0018976111111111138
ip_shuffle,20260622T231357_677344,7,6,38,6,h30,,2026-06-22T23:13:57,h30,0.021299534116082958,h1-h2,-0.04827385
ip_shuffle,20260622T231455_560094,6,5,38,5,h37,,2026-06-22T23:14:55,h37,0.005717761185185188,h1-h35,-0.0010541833333333403
route_mutation,20260622T231553_366963,14,13,38,13,,,2026-06-22T23:15:53,h35,-0.0019998406280399006,h1-h10,-0.04827385
ip_shuffle,20260622T231623_774944,7,6,38,6,h35|h33,,2026-06-22T23:16:23,h35,0.015430892308532201,h1-h30,0.0056045833333333295
route_mutation,20260622T231728_190227,9,8,38,8,,,2026-06-22T23:17:28,h39,-0.02406531432766794,h1-h2,-0.0482778
route_mutation,20260622T231758_572876,12,11,38,11,,h1-h30,2026-06-22T23:17:58,h32,-0.012036306054961365,h1-h30,0.005608533333333332
ip_shuffle,20260622T231829_081157,3,2,38,2,h32,,2026-06-22T23:18:29,h32,0.029272126396591797,h1-h38,-0.02772085
route_mutation,20260622T231926_881479,17,16,38,16,,,2026-06-22T23:19:26,h30,-0.010187065759792946,h1-h12,-0.048269900000000004
ip_shuffle,20260622T231957_264449,7,6,38,6,h30,,2026-06-22T23:19:57,h30,0.00873961044790722,h1-h35,-0.0010541833333333403
ip_shuffle,20260622T232055_124364,13,12,38,12,h35,,2026-06-22T23:20:55,h35,0.0009838038117418735,h1-h10,-0.048269900000000004
ip_shuffle,20260622T232152_955739,3,2,38,2,h37|h33,,2026-06-22T23:21:52,h37,0.025001707420289843,h1-h38,-0.02772085
ip_shuffle,20260622T232257_361857,13,12,38,12,h34,,2026-06-22T23:22:57,h34,0.042693372847263766,h1-h32,-0.029241600000000003
route_mutation,20260622T232355_238397,4,3,38,3,,,2026-06-22T23:23:55,h36,-0.004634539066041055,h1-h2,-0.048269900000000004
ip_shuffle,20260622T232425_640410,15,14,38,14,h38|h32|h36,,2026-06-22T23:24:25,h38,0.011326496390316354,h1-h28,-0.048258050000000004
route_mutation,20260622T232536_733245,3,2,38,2,,,2026-06-22T23:25:36,h39,-0.01868607143552173,h1-h2,-0.04826595
route_mutation,20260622T232607_206224,17,16,38,16,,,2026-06-22T23:26:07,h30,-0.00892334408040038,h1-h28,-0.0482541
ip_shuffle,20260622T232637_628281,8,7,38,7,h30,,2026-06-22T23:26:37,h30,0.010105520175549637,h1-h35,-0.0015913833333333419
ip_shuffle,20260622T232735_370267,15,14,38,14,h35,,2026-06-22T23:27:35,h35,0.0048845341802969955,h1-h10,-0.04826595
ip_shuffle,20260622T232833_051745,0,0,38,0,h33,,2026-06-22T23:28:33,h33,0.006483384948335086,,
ip_shuffle,20260622T232930_926359,10,9,38,9,h37,,2026-06-22T23:29:30,h37,0.0034704201499304865,h1-h32,-0.008480566666666668
ip_shuffle,20260622T233028_610523,0,0,38,0,h34,,2026-06-22T23:30:28,h34,0.01714944883241251,,
ip_shuffle,20260622T233126_502404,7,6,38,6,h32,,2026-06-22T23:31:26,h32,0.002383671753757033,h1-h32,-0.00017668000000000544
route_mutation,20260622T233224_260077,7,6,38,6,,,2026-06-22T23:32:24,h36,-0.011410702721325716,h1-h2,-0.04827385
route_mutation,20260622T233254_610724,14,13,38,13,,,2026-06-22T23:32:54,h30,-0.008716957297776329,h1-h30,-0.022288627777777778
ip_shuffle,20260622T233325_015100,6,5,38,5,h30|h35,,2026-06-22T23:33:25,h30,0.010324626504131962,h1-h35,-0.0010541833333333403
route_mutation,20260622T233429_233904,15,14,38,14,,,2026-06-22T23:34:29,h38,-0.014294414371733094,h1-h28,-0.047724800000000005
route_mutation,20260622T233459_691870,7,6,38,6,,,2026-06-22T23:34:59,h38,-0.0037862086797957606,h1-h35,-0.001058133333333336
ip_shuffle,20260622T233530_038734,0,0,38,0,h32|h33|h38,,2026-06-22T23:35:30,h32,0.01667468800000002,,
ip_shuffle,20260622T233640_997403,6,6,38,5,h37,,2026-06-22T23:36:40,h37,0.005575313170731677,h1-h35,-0.001058133333333336
route_mutation,20260622T233738_890233,14,13,38,13,,,2026-06-22T23:37:38,h2,-0.02040995331704229,h1-h14,-0.0482778
route_mutation,20260622T233809_364585,4,3,38,3,,,2026-06-22T23:38:09,h34,-0.010860234203618313,h1-h35,-0.0010620833333333385
route_mutation,20260622T233839_622121,0,0,38,0,,,2026-06-22T23:38:39,h30,-0.004121686227712362,,
ip_shuffle,20260622T233910_014977,15,14,38,14,h30|h35|h34,,2026-06-22T23:39:10,h30,0.015485520435888356,h1-h10,-0.04827385
route_mutation,20260622T234020_684529,0,0,38,0,,,2026-06-22T23:40:20,h29,-0.0016423966447206562,,
ip_shuffle,20260622T234051_142887,14,13,38,13,h32,,2026-06-22T23:40:51,h32,0.01222152665406373,h1-h10,-0.04826595
route_mutation,20260622T234148_907779,0,0,38,0,,,2026-06-22T23:41:48,h29,-0.0015069672779464138,,
ip_shuffle,20260622T234219_395598,15,14,38,14,h33,,2026-06-22T23:42:19,h33,0.004326013593837691,h1-h10,-0.048269900000000004
ip_shuffle,20260622T234317_272974,3,2,38,2,h37,,2026-06-22T23:43:17,h37,0.007371912985392914,h1-h38,-0.027712949999999997
ip_shuffle,20260622T234415_216333,13,12,38,12,h30,,2026-06-22T23:44:15,h30,0.008477102311433282,h1-h30,-0.014932616666666662
ip_shuffle,20260622T234513_098385,5,4,38,4,h38,,2026-06-22T23:45:13,h38,0.024330841641160617,h1-h2,-0.048269900000000004
route_mutation,20260622T234610_855968,8,9,38,8,,h1-h32|h32-h34,2026-06-22T23:46:10,h39,-0.0021611578668222775,h1-h32,0.012283099999999998
ip_shuffle,20260622T234641_165748,0,0,38,0,h32,,2026-06-22T23:46:41,h32,0.0177714442267195,,
ip_shuffle,20260622T234739_039498,5,4,38,4,h34|h35,,2026-06-22T23:47:39,h34,0.008372957549682841,h1-h33,-0.007720850000000001
route_mutation,20260622T234843_593081,12,11,38,11,,,2026-06-22T23:48:43,h39,-0.0059580984788715485,h1-h10,-0.04827385
ip_shuffle,20260622T234914_028252,12,11,38,11,h30,,2026-06-22T23:49:14,h30,0.008991550222222228,h1-h30,-0.03887671333333333
ip_shuffle,20260622T235011_844161,3,2,38,2,h33,,2026-06-22T23:50:11,h33,0.011409178701939388,h1-h2,-0.04827385
route_mutation,20260622T235109_929024,5,4,38,4,,,2026-06-22T23:51:09,h39,-0.006341197021790479,h1-h35,-0.0010502333333333377
ip_shuffle,20260622T235140_175408,0,0,38,0,h37|h36,,2026-06-22T23:51:40,h37,0.018330068838125574,,
ip_shuffle,20260622T235244_577205,7,6,38,6,h32,,2026-06-22T23:52:44,h32,0.008166794141036632,h1-h35,-0.0010502333333333377
ip_shuffle,20260622T235342_390234,15,14,38,14,h35,,2026-06-22T23:53:42,h35,0.00035237357221337695,h1-h10,-0.04827385
route_mutation,20260622T235440_340402,4,3,38,3,,,2026-06-22T23:54:40,h39,-0.0057345081351386495,h1-h37,-0.014383566666666667
ip_shuffle,20260622T235510_755352,8,7,38,7,h30,,2026-06-22T23:55:10,h30,0.0008219432727272491,h1-h2,-0.048269900000000004
ip_shuffle,20260622T235608_580008,6,5,38,5,h38|h39,,2026-06-22T23:56:08,h38,0.012706090949150206,h1-h35,-0.0010620833333333385
route_mutation,20260622T235712_958303,15,14,38,14,,,2026-06-22T23:57:12,h34,-0.005131995220160168,h1-h28,-0.047724800000000005
ip_shuffle,20260622T235743_358898,7,6,38,6,h34,,2026-06-22T23:57:43,h34,0.007097468480057684,h1-h35,-0.0016032333333333357
ip_shuffle,20260622T235841_308579,14,13,38,13,h33|h32,,2026-06-22T23:58:41,h33,0.01593971104201858,h1-h10,-0.04827385
route_mutation,20260622T235945_493847,0,0,38,0,,,2026-06-22T23:59:45,h35,-0.013955870355711192,,
ip_shuffle,20260623T000015_943406,10,9,38,9,h35,,2026-06-23T00:00:15,h35,0.003939783136645281,h1-h10,-0.048269900000000004
ip_shuffle,20260623T000113_849851,3,2,38,2,h37,,2026-06-23T00:01:13,h37,0.0040889407549856704,h1-h38,-0.02773665
ip_shuffle,20260623T000211_802797,10,9,38,9,h30,,2026-06-23T00:02:11,h30,0.0048681443095177634,h1-h28,-0.0477327
route_mutation,20260623T000309_529517,0,0,38,0,,,2026-06-23T00:03:09,h38,-0.001805876940111223,,
ip_shuffle,20260623T000339_894945,15,14,38,14,h38|h32,,2026-06-23T00:03:39,h38,0.01567692115250291,h1-h10,-0.0482778
ip_shuffle,20260623T000444_329399,4,3,38,3,h36|h34|h33,,2026-06-23T00:04:44,h36,0.011126960225606386,h1-h32,0.002271249999999999
route_mutation,20260623T000555_505257,15,15,38,15,,h1-h30|h30-h34|h1-h32,2026-06-23T00:05:55,h15,-0.022762843000189506,h1-h30,0.005612483333333328
route_mutation,20260623T000626_054514,2,1,38,1,,,2026-06-23T00:06:26,h15,-0.027001708767938906,h1-h39,-0.041046283333333336
route_mutation,20260623T000656_505452,15,14,38,14,,,2026-06-23T00:06:56,h30,-0.007190957670177217,h1-h10,-0.04827385
ip_shuffle,20260623T000726_986469,9,8,38,8,h30|h37,,2026-06-23T00:07:26,h30,0.015265931599019927,h1-h32,-0.04588360666666667
route_mutation,20260623T000831_254714,15,14,38,14,,,2026-06-23T00:08:31,h35,-0.008918923387965405,h1-h10,-0.04827385
ip_shuffle,20260623T000901_648891,10,9,38,9,h32|h35,,2026-06-23T00:09:01,h32,0.005191829128517261,h1-h33,-0.007724799999999997
route_mutation,20260623T001006_008947,14,13,38,13,,,2026-06-23T00:10:06,h39,-0.02111071251961276,h1-h10,-0.048269900000000004
route_mutation,20260623T001036_428576,11,10,38,10,,,2026-06-23T00:10:36,h39,-0.02109226479281974,h1-h32,-0.03754496
route_mutation,20260623T001106_956002,5,4,38,4,,,2026-06-23T00:11:06,h33,-0.0013151977942673365,h1-h37,-0.01438751666666667
ip_shuffle,20260623T001137_368994,2,1,38,1,h30|h33,,2026-06-23T00:11:37,h30,0.025822409865909335,h1-h2,-0.04826595
ip_shuffle,20260623T001241_660363,6,5,38,5,h34,,2026-06-23T00:12:41,h34,0.01058702403704126,h1-h35,-0.0010620833333333385
ip_shuffle,20260623T001339_543730,8,7,38,7,h37,,2026-06-23T00:13:39,h37,0.00851443013683667,h1-h2,-0.048269900000000004
ip_shuffle,20260623T001437_348277,7,6,38,6,h32,,2026-06-23T00:14:37,h32,0.021456685627342903,h1-h35,-0.0010620833333333385
ip_shuffle,20260623T001535_244089,15,14,38,14,h35,,2026-06-23T00:15:35,h35,0.012943871842362287,h1-h10,-0.048269900000000004
ip_shuffle,20260623T001632_855612,0,0,38,0,h38|h36,,2026-06-23T00:16:32,h38,0.011244457177903011,,
route_mutation,20260623T001737_224264,9,8,38,8,,,2026-06-23T00:17:37,h2,-0.0020610140687864487,h1-h35,-0.0016032333333333357
route_mutation,20260623T001807_476296,0,0,38,0,,,2026-06-23T00:18:07,h2,-0.002837783655853382,,
ip_shuffle,20260623T001837_899385,14,13,38,13,h30,,2026-06-23T00:18:37,h30,0.003971251125940017,h1-h10,-0.048269900000000004
ip_shuffle,20260623T001935_801977,5,4,38,4,h33|h32,,2026-06-23T00:19:35,h33,0.019986546018667423,h1-h37,-0.014928666666666666
ip_shuffle,20260623T002040_297760,14,13,38,13,h34,,2026-06-23T00:20:40,h34,0.016124565049645406,h1-h30,-0.02962883888888889
route_mutation,20260623T002138_085244,2,1,38,1,,,2026-06-23T00:21:38,h37,-0.0005622372253711594,h1-h2,-0.048269900000000004
ip_shuffle,20260623T002208_434449,14,13,38,13,h37,,2026-06-23T00:22:08,h37,0.014378320648411352,h1-h15,-0.048269900000000004
ip_shuffle,20260623T002306_105064,0,0,38,0,h35,,2026-06-23T00:23:06,h35,0.012222046781254381,,
route_mutation,20260623T002404_120171,8,8,38,8,,h1-h32,2026-06-23T00:24:04,h39,-0.02149752466337304,h1-h32,0.007618446666666667
route_mutation,20260623T002434_470063,0,0,38,0,,,2026-06-23T00:24:34,h30,-0.00896412835449975,,
ip_shuffle,20260623T002504_897792,16,15,38,15,h30|h32,,2026-06-23T00:25:04,h30,0.01002549225420618,h1-h10,-0.048269900000000004
ip_shuffle,20260623T002609_061229,0,0,38,0,h33,,2026-06-23T00:26:09,h33,0.0041603103329306,,
route_mutation,20260623T002706_930368,9,9,38,9,,,2026-06-23T00:27:06,h38,-0.003463032470145677,h1-h33,-0.007724799999999997
ip_shuffle,20260623T002737_308163,2,1,38,1,h34|h38|h2,,2026-06-23T00:27:37,h34,0.02424360910411036,h1-h39,-0.04105813333333333
route_mutation,20260623T002848_272819,6,5,38,5,,,2026-06-23T00:28:48,h36,-0.001974946493262797,h1-h33,-0.0077287499999999995
route_mutation,20260623T002918_704038,2,1,38,1,,,2026-06-23T00:29:18,h36,-0.0015055751676325557,h1-h39,-0.041054183333333334
ip_shuffle,20260623T002949_094582,5,4,38,4,h35|h32|h37,,2026-06-23T00:29:49,h35,0.01188961742469069,h1-h2,-0.04826595
ip_shuffle,20260623T003100_028124,3,2,38,2,h36,,2026-06-23T00:31:00,h36,0.004615339272555585,h1-h38,-0.0277169
ip_shuffle,20260623T003157_862572,14,13,38,13,h30,,2026-06-23T00:31:57,h30,0.008197371500265782,h1-h30,-0.027758166666666667
route_mutation,20260623T003255_509313,0,0,38,0,,,2026-06-23T00:32:55,h27,-0.001479070510948921,,
route_mutation,20260623T003325_906331,15,14,38,14,,,2026-06-23T00:33:25,h27,-0.0015935337290848284,h1-h10,-0.04826595
ip_shuffle,20260623T003356_320006,10,9,38,9,h33,,2026-06-23T00:33:56,h33,0.01133373259208284,h1-h33,-0.008265949999999994
ip_shuffle,20260623T003454_133864,9,8,38,8,h39,,2026-06-23T00:34:54,h39,0.022829308667278086,h1-h2,-0.048269900000000004
route_mutation,20260623T003551_974923,7,6,38,6,,,2026-06-23T00:35:51,h27,-0.0015138430746875764,h1-h35,-0.0010620833333333385
ip_shuffle,20260623T003622_397658,2,1,38,1,h32|h34,,2026-06-23T00:36:22,h32,0.015543618351360228,h1-h2,-0.04827385
ip_shuffle,20260623T003726_736364,7,6,38,6,h35|h38|h37,,2026-06-23T00:37:26,h35,0.02461439825089229,h1-h35,-0.0010620833333333385
ip_shuffle,20260623T003837_813869,12,11,38,11,h30,,2026-06-23T00:38:37,h30,0.01575090782317365,h1-h16,-0.0482857
route_mutation,20260623T003935_567140,0,0,38,0,,,2026-06-23T00:39:35,h33,-0.025309253641025625,,
route_mutation,20260623T004005_935545,13,12,38,12,,,2026-06-23T00:40:05,h33,-0.0061124957606837615,h1-h10,-0.04827385
ip_shuffle,20260623T004036_331110,8,8,38,8,h33,,2026-06-23T00:40:36,h33,0.013343051646698523,h1-h35,-0.0010620833333333385
route_mutation,20260623T004134_150879,14,13,38,13,,,2026-06-23T00:41:34,h36,-0.007249267413255378,h1-h10,-0.048269900000000004
route_mutation,20260623T004204_589163,4,3,38,3,,,2026-06-23T00:42:04,h32,-0.0025520834045331398,h1-h28,-0.04772875
ip_shuffle,20260623T004235_029437,6,5,38,5,h32,,2026-06-23T00:42:35,h32,0.01741905414577974,h1-h35,-0.0010541833333333403
ip_shuffle,20260623T004332_912289,13,12,38,12,h30|h34|h35,,2026-06-23T00:43:32,h30,0.01362590794186333,h1-h15,-0.04826595
ip_shuffle,20260623T004443_857004,5,4,38,4,h37|h36,,2026-06-23T00:44:43,h37,0.023932256888650527,h1-h2,-0.04826595
route_mutation,20260623T004548_199335,6,5,38,5,,,2026-06-23T00:45:48,h33,-0.006564397333333333,h1-h37,-0.01438751666666667
ip_shuffle,20260623T004618_606979,5,4,38,4,h33,,2026-06-23T00:46:18,h33,0.015928789777777785,h1-h2,-0.048269900000000004
route_mutation,20260623T004716_436850,7,7,38,6,,,2026-06-23T00:47:16,h39,-0.021481422897767458,h1-h35,-0.0010541833333333403
ip_shuffle,20260623T004746_672143,0,0,38,0,h38,,2026-06-23T00:47:46,h38,0.0023777794084857418,,
route_mutation,20260623T004844_636153,7,6,38,6,,h1-h30,2026-06-23T00:48:44,h32,0.001465224758077921,h1-h30,0.005079233333333329
ip_shuffle,20260623T004914_946904,0,0,38,0,h30,,2026-06-23T00:49:14,h30,0.017109531220272894,,
ip_shuffle,20260623T005012_961252,10,9,38,9,h32|h37,,2026-06-23T00:50:12,h32,0.007753965448050043,h1-h33,-0.008254099999999993
ip_shuffle,20260623T005117_166213,15,14,38,14,h35|h34,,2026-06-23T00:51:17,h35,0.032780953091750165,h1-h10,-0.048269900000000004
route_mutation,20260623T005221_599985,3,2,38,2,,,2026-06-23T00:52:21,h33,-0.023958063295674042,h1-h38,-0.02825015
route_mutation,20260623T005252_055314,12,11,38,11,,,2026-06-23T00:52:52,h33,-0.006817193039235836,h1-h10,-0.04826595
ip_shuffle,20260623T005322_506520,14,13,38,13,h33,,2026-06-23T00:53:22,h33,0.010742753459747706,h1-h32,-0.03353653333333334
route_mutation,20260623T005420_171014,0,0,38,0,,,2026-06-23T00:54:20,h36,-0.016491642060402295,,
ip_shuffle,20260623T005450_632267,11,10,38,10,h32,,2026-06-23T00:54:50,h32,0.0020015873615570057,h1-h10,-0.048269900000000004
ip_shuffle,20260623T005548_298396,0,0,38,0,h30,,2026-06-23T00:55:48,h30,0.011613534965142197,,
ip_shuffle,20260623T005646_087354,13,12,38,12,h35|h36,,2026-06-23T00:56:46,h35,0.0032248551039155693,h1-h30,-0.044307417777777774
ip_shuffle,20260623T005751_197609,3,2,38,2,h34|h37|h38,,2026-06-23T00:57:51,h34,0.017508158814814823,h1-h2,-0.0482778
route_mutation,20260623T005902_310688,5,4,38,4,,,2026-06-23T00:59:02,h39,-0.02178699125281247,h1-h37,-0.014391466666666665
route_mutation,20260623T005932_740730,9,8,38,8,,,2026-06-23T00:59:32,h33,-0.002242507049581066,h1-h2,-0.048281750000000005
ip_shuffle,20260623T010003_204810,12,11,38,11,h33,,2026-06-23T01:00:03,h33,0.01777821834734461,h1-h30,-0.036971420000000005
ip_shuffle,20260623T010101_064213,2,1,38,1,h32,,2026-06-23T01:01:01,h32,0.017576091443572972,h1-h2,-0.0482778
route_mutation,20260623T010159_058811,8,7,38,7,,,2026-06-23T01:01:59,h35,-0.014535122689389612,h1-h35,-0.001058133333333336
ip_shuffle,20260623T010229_327945,0,0,38,0,h35,,2026-06-23T01:02:29,h35,0.006701242935105156,,
ip_shuffle,20260623T010327_101156,20,20,38,19,h30,,2026-06-23T01:03:27,h30,0.03533721368862694,h1-h32,-0.00017983999999999362
ip_shuffle,20260623T010424_946377,13,12,38,12,h34,,2026-06-23T01:04:24,h34,0.01750972681481483,h1-h10,-0.04827385
ip_shuffle,20260623T010522_856730,7,7,38,7,h37,,2026-06-23T01:05:22,h37,0.04901791733333333,h30-h37,0.005063433333333332
ip_shuffle,20260623T010620_728664,16,15,38,15,h33|h36,,2026-06-23T01:06:20,h33,0.0034383406435395114,h1-h12,-0.0482778
route_mutation,20260623T010724_845978,0,0,38,0,,,2026-06-23T01:07:24,h32,-0.007887258154245319,,
ip_shuffle,20260623T010755_336724,14,13,38,13,h32,,2026-06-23T01:07:55,h32,0.011099938350813882,h1-h11,-0.04827385
route_mutation,20260623T010853_379323,2,1,38,1,,,2026-06-23T01:08:53,h38,-0.009941821673064372,h1-h39,-0.041054183333333334
ip_shuffle,20260623T010923_822809,12,11,38,11,h38,,2026-06-23T01:09:23,h38,0.00018815695741758454,h1-h10,-0.04827385
ip_shuffle,20260623T011021_524381,7,7,38,7,h30|h35,,2026-06-23T01:10:21,h30,0.015006848249501353,h30-h37,0.005055533333333334
route_mutation,20260623T011125_817362,13,12,38,12,,,2026-06-23T01:11:25,h36,-0.018753612444444415,h1-h16,-0.048281750000000005
route_mutation,20260623T011156_249044,5,4,38,4,,h1-h32,2026-06-23T01:11:56,h33,-0.0017858042540953578,h1-h32,0.012279149999999996
ip_shuffle,20260623T011226_741564,2,1,38,1,h33|h36,,2026-06-23T01:12:26,h33,0.018131509771425997,h1-h39,-0.04105023333333333
route_mutation,20260623T011331_259378,10,9,38,9,,,2026-06-23T01:13:31,h32,-0.018544875655107554,h1-h30,-0.04258552888888889
ip_shuffle,20260623T011401_741583,4,3,38,3,h37,,2026-06-23T01:14:01,h37,0.006948490056216283,h1-h37,-0.014383566666666667
ip_shuffle,20260623T011459_712725,15,14,38,14,h32|h2|h39,,2026-06-23T01:14:59,h32,0.03996440200000001,h1-h28,-0.04772875
ip_shuffle,20260623T011610_589205,2,1,38,1,h34|h15,,2026-06-23T01:16:10,h34,0.036217430628407876,h1-h2,-0.0482778
ip_shuffle,20260623T011714_892937,6,5,38,5,h30|h35,,2026-06-23T01:17:14,h30,0.01859886845158787,h1-h35,-0.0010620833333333385
route_mutation,20260623T011819_355977,15,14,38,14,,,2026-06-23T01:18:19,h29,-0.005606179433487846,h1-h12,-0.04827385
route_mutation,20260623T011849_734518,5,4,38,4,,,2026-06-23T01:18:49,h29,-0.005325170506689791,h1-h35,-0.001066033333333341
ip_shuffle,20260623T011919_999159,0,0,38,0,h33,,2026-06-23T01:19:19,h33,0.005125352005693751,,
ip_shuffle,20260623T012017_882173,8,7,38,7,h38,,2026-06-23T01:20:17,h38,0.0012096083889627518,h1-h35,-0.0010620833333333385
ip_shuffle,20260623T012115_777744,11,10,38,10,h32,,2026-06-23T01:21:15,h32,0.016638363862421485,h1-h10,-0.04826595
ip_shuffle,20260623T012213_573929,4,3,38,3,h30,,2026-06-23T01:22:13,h30,0.006353273964437994,h1-h37,-0.01438751666666667
route_mutation,20260623T012311_442206,14,13,38,13,,,2026-06-23T01:23:11,h34,-0.005751501675794385,h1-h10,-0.048262
ip_shuffle,20260623T012341_885220,9,9,38,8,h34|h37,,2026-06-23T01:23:41,h34,0.011254547745642995,h1-h35,-0.0010541833333333403
ip_shuffle,20260623T012446_394602,9,8,38,8,h35,,2026-06-23T01:24:46,h35,0.01844617074473462,h1-h10,-0.04826595
ip_shuffle,20260623T012544_252280,2,1,38,1,h36,,2026-06-23T01:25:44,h36,0.005026782596680851,h1-h39,-0.04105023333333333
route_mutation,20260623T012642_091732,14,13,38,13,,,2026-06-23T01:26:42,h33,-0.021618640175471715,h1-h30,-0.0018025144444444516
route_mutation,20260623T012712_502990,5,4,38,4,,,2026-06-23T01:27:12,h33,-0.006636209578520735,h1-h37,-0.014383566666666667
ip_shuffle,20260623T012742_869479,8,7,38,7,h33,,2026-06-23T01:27:42,h33,0.008087559475388528,h1-h2,-0.04826595
ip_shuffle,20260623T012840_886885,9,9,38,8,h32|h30,,2026-06-23T01:28:40,h32,0.012787995796702978,h1-h35,-0.001058133333333336
route_mutation,20260623T012945_437162,12,11,38,11,,,2026-06-23T01:29:45,h38,-0.002945783987052808,h1-h10,-0.04826595
ip_shuffle,20260623T013015_868827,9,8,38,8,h34|h37|h38,,2026-06-23T01:30:15,h34,0.012333583494730765,h1-h30,0.0056045833333333295
route_mutation,20260623T013127_056943,16,15,38,15,,,2026-06-23T01:31:27,h35,-0.0022437731010001294,h1-h10,-0.048262
ip_shuffle,20260623T013157_498034,11,10,38,10,h35,,2026-06-23T01:31:57,h35,0.015164086973884383,h1-h30,0.005600633333333327
route_mutation,20260623T013255_330966,9,8,38,8,,,2026-06-23T01:32:55,h32,-0.014657301606274514,h1-h2,-0.04826595
ip_shuffle,20260623T013325_776989,11,10,38,10,h32,,2026-06-23T01:33:25,h32,0.010722807827328679,h1-h30,0.005596683333333331
ip_shuffle,20260623T013423_398909,0,0,38,0,h30,,2026-06-23T01:34:23,h30,0.003941983497645879,,
route_mutation,20260623T013521_260915,11,10,38,10,,,2026-06-23T01:35:21,h33,-0.0014473997778554348,h1-h28,-0.047736650000000005
ip_shuffle,20260623T013551_691043,5,4,38,4,h37|h33,,2026-06-23T01:35:51,h37,0.006702489037037074,h1-h35,-0.0010699833333333367
route_mutation,20260623T013656_118701,15,14,38,14,,,2026-06-23T01:36:56,h35,-0.006716983337360705,h1-h10,-0.048269900000000004
ip_shuffle,20260623T013726_601306,10,9,38,9,h35|h36,,2026-06-23T01:37:26,h35,0.01570970595090923,h1-h30,0.005067383333333335
ip_shuffle,20260623T013830_913452,6,5,38,5,h32,,2026-06-23T01:38:30,h32,0.0014155398199501568,h1-h2,-0.0482778
route_mutation,20260623T013928_599663,6,5,38,5,,,2026-06-23T01:39:28,h34,-0.004125489932188892,h1-h35,-0.001058133333333336
ip_shuffle,20260623T013958_856612,0,0,38,0,h34,,2026-06-23T01:39:58,h34,0.008204799261839452,,
ip_shuffle,20260623T014056_748189,8,7,38,7,h30|h38,,2026-06-23T01:40:56,h30,0.011479256469951765,h1-h30,0.005612483333333328
route_mutation,20260623T014201_109608,12,11,38,11,,,2026-06-23T01:42:01,h39,-0.017557420579550995,h1-h10,-0.048269900000000004
route_mutation,20260623T014231_552182,13,12,38,12,,h1-h30,2026-06-23T01:42:31,h35,0.0012137724444444553,h1-h30,0.005608533333333332
ip_shuffle,20260623T014302_060255,5,4,38,4,h35|h33,,2026-06-23T01:43:02,h35,0.025003974518518518,h1-h37,-0.01438751666666667
route_mutation,20260623T014406_394077,14,13,38,13,,,2026-06-23T01:44:06,h32,-0.0042051322875381325,h1-h28,-0.04772875
ip_shuffle,20260623T014436_838441,8,8,38,7,h32|h37,,2026-06-23T01:44:36,h32,0.01548141477600129,h1-h35,-0.001058133333333336
ip_shuffle,20260623T014541_306867,16,15,38,15,h2|h39,,2026-06-23T01:45:41,h2,0.017806365930317175,h1-h13,-0.048269900000000004
route_mutation,20260623T014645_771580,4,3,38,3,,,2026-06-23T01:46:45,h13,-0.0029285108461017673,h1-h2,-0.048269900000000004
ip_shuffle,20260623T014716_146604,15,14,38,14,h30|h34,,2026-06-23T01:47:16,h30,0.01626435389977579,h1-h14,-0.048269900000000004
route_mutation,20260623T014820_706182,5,4,38,4,,,2026-06-23T01:48:20,h29,-0.03251004926729639,h1-h2,-0.04827385
route_mutation,20260623T014851_163320,14,13,38,13,,,2026-06-23T01:48:51,h35,-0.018929728529231832,h1-h15,-0.04827385
route_mutation,20260623T014921_612969,9,10,38,9,,,2026-06-23T01:49:21,h35,-0.0013030323008661748,h1-h35,-0.0016032333333333357
ip_shuffle,20260623T014952_075284,3,2,38,2,h33,,2026-06-23T01:49:52,h33,0.004119269317134688,h1-h2,-0.048269900000000004
ip_shuffle,20260623T015049_865424,5,4,38,4,h35|h32|h37,,2026-06-23T01:50:49,h35,0.03788794253163125,h1-h32,-0.02530638
route_mutation,20260623T015200_691175,15,14,38,14,,,2026-06-23T01:52:00,h36,-0.0034553178917478278,h1-h10,-0.04826595
ip_shuffle,20260623T015231_151822,9,8,38,8,h30,,2026-06-23T01:52:31,h30,0.00495741810800282,h1-h33,-0.0077287499999999995
ip_shuffle,20260623T015329_002957,11,10,38,10,h38|h34,,2026-06-23T01:53:29,h38,0.008604502674816106,h1-h10,-0.048269900000000004
ip_shuffle,20260623T015433_285314,2,1,38,1,h36,,2026-06-23T01:54:33,h36,0.003839927247931807,h1-h39,-0.04105023333333333
route_mutation,20260623T015531_220039,13,12,38,12,,,2026-06-23T01:55:31,h29,-0.029795472976166915,h1-h28,-0.047724800000000005
route_mutation,20260623T015601_646314,7,7,38,7,,,2026-06-23T01:56:01,h2,-3.805095981088136e-05,h1-h35,-0.0010502333333333377
ip_shuffle,20260623T015632_062297,5,4,38,4,h2|h32|h35,,2026-06-23T01:56:32,h2,0.01084102409456264,h1-h2,-0.048269900000000004
ip_shuffle,20260623T015742_911146,3,2,38,2,h37,,2026-06-23T01:57:42,h37,0.0041609994902659375,h1-h38,-0.0277169
ip_shuffle,20260623T015840_803822,15,14,38,14,h30,,2026-06-23T01:58:40,h30,0.015788055147379076,h1-h28,-0.047724800000000005
ip_shuffle,20260623T015938_541094,0,0,38,0,h33,,2026-06-23T01:59:38,h33,0.0017460123359477886,,
route_mutation,20260623T020036_368634,9,8,38,8,,h1-h32,2026-06-23T02:00:36,h15,-0.00720167178743969,h1-h32,0.007622133333333336
route_mutation,20260623T020106_888088,7,6,38,6,,,2026-06-23T02:01:06,h15,-0.007200999893351767,h1-h35,-0.0015913833333333419
route_mutation,20260623T020137_130187,0,0,38,0,,,2026-06-23T02:01:37,h15,-0.007596005604553979,,
route_mutation,20260623T020207_581696,13,12,38,12,,,2026-06-23T02:02:07,h34,-0.00562659238155927,h1-h10,-0.04826595
ip_shuffle,20260623T020237_938598,6,5,38,5,h32|h34|h35,,2026-06-23T02:02:37,h32,0.017375126987459855,h1-h35,-0.0016032333333333357
ip_shuffle,20260623T020348_843269,23,22,38,22,h30,,2026-06-23T02:03:48,h30,0.0022692317178482913,h1-h10,-0.048269900000000004
ip_shuffle,20260623T020446_401740,0,0,38,0,h38|h37,,2026-06-23T02:04:46,h38,0.021824044290115474,,
ip_shuffle,20260623T020550_776117,9,8,38,8,h36,,2026-06-23T02:05:50,h36,0.005331756753700317,h1-h35,-0.0010620833333333385
ip_shuffle,20260623T020648_478028,15,14,38,14,h33,,2026-06-23T02:06:48,h33,0.006793734738888113,h1-h10,-0.0482778
route_mutation,20260623T020746_185978,4,3,38,3,,,2026-06-23T02:07:46,h39,-0.001888097225163532,h1-h37,-0.01438751666666667
ip_shuffle,20260623T020816_558445,2,1,38,1,h32,,2026-06-23T02:08:16,h32,0.012503287646017713,h1-h2,-0.048281750000000005
route_mutation,20260623T020914_250764,5,4,38,4,,,2026-06-23T02:09:14,h39,-0.001876380358065921,h1-h35,-0.001058133333333336
ip_shuffle,20260623T020944_541793,2,1,38,1,h35|h34,,2026-06-23T02:09:44,h35,0.014924112530254607,h1-h39,-0.04105023333333333
ip_shuffle,20260623T021048_739173,10,9,38,9,h30,,2026-06-23T02:10:48,h30,0.016702662438490612,h1-h33,-0.007724799999999997
route_mutation,20260623T021146_624238,10,9,38,9,,,2026-06-23T02:11:46,h37,-0.006743324371827036,h1-h10,-0.048281750000000005
ip_shuffle,20260623T021216_973361,13,12,38,12,h37,,2026-06-23T02:12:16,h37,0.010094823577548345,h1-h30,-0.016634880000000005
ip_shuffle,20260623T021314_587830,0,0,38,0,h36,,2026-06-23T02:13:14,h36,0.007478336410256414,,
ip_shuffle,20260623T021412_517622,3,2,38,2,h33,,2026-06-23T02:14:12,h33,0.008718162750344843,h1-h30,-0.00961145888888889
ip_shuffle,20260623T021510_143264,0,0,38,0,h32,,2026-06-23T02:15:10,h32,0.010992570238954252,,
ip_shuffle,20260623T021607_817171,7,7,38,6,h38|h30,,2026-06-23T02:16:07,h38,0.009462641397812166,h1-h35,-0.0015834833333333367
route_mutation,20260623T021712_072053,16,15,38,15,,,2026-06-23T02:17:12,h35,-0.014191183325847928,h1-h10,-0.04826595
route_mutation,20260623T021742_458213,9,8,38,8,,h1-h30,2026-06-23T02:17:42,h35,0.0013104267200855224,h1-h30,0.001904984444444438
ip_shuffle,20260623T021812_775796,0,0,38,0,h35,,2026-06-23T02:18:12,h35,0.01745655835979429,,
route_mutation,20260623T021910_453138,10,9,38,9,,,2026-06-23T02:19:10,h34,-0.005803253929605262,h1-h33,-0.007720850000000001
ip_shuffle,20260623T021940_799608,2,1,38,1,h37|h34|h15,,2026-06-23T02:19:40,h37,0.028647630667442775,h1-h39,-0.04105023333333333
ip_shuffle,20260623T022051_770323,8,7,38,7,h33|h32|h2,,2026-06-23T02:20:51,h33,0.015438918619755715,h1-h33,-0.0077287499999999995
ip_shuffle,20260623T022202_378799,8,7,38,7,h30,,2026-06-23T02:22:02,h30,0.010246673996198274,h1-h2,-0.04826595
ip_shuffle,20260623T022300_177351,7,6,38,6,h39,,2026-06-23T02:23:00,h39,0.0017446514733633622,h1-h35,-0.001058133333333336
route_mutation,20260623T022358_170639,15,14,38,14,,,2026-06-23T02:23:58,h38,-0.011182092000000005,h1-h10,-0.048269900000000004
route_mutation,20260623T022428_492571,5,4,38,4,,,2026-06-23T02:24:28,h35,-0.004889949755607775,h1-h28,-0.0477327
ip_shuffle,20260623T022458_887318,5,4,38,4,h35|h36,,2026-06-23T02:24:58,h35,0.01462802244993519,h1-h37,-0.014395416666666667
route_mutation,20260623T022603_119028,16,15,38,15,,,2026-06-23T02:26:03,h38,-0.012222428258404472,h1-h13,-0.048269900000000004
route_mutation,20260623T022633_481737,5,4,38,4,,,2026-06-23T02:26:33,h38,-0.001449297279938172,h1-h33,-0.0077287499999999995
ip_shuffle,20260623T022703_773536,3,2,38,2,h38|h37|h33,,2026-06-23T02:27:03,h38,0.009367891880512125,h1-h38,-0.02772875
ip_shuffle,20260623T022814_173275,8,8,38,7,h32|h30,,2026-06-23T02:28:14,h32,0.007386282112328085,h1-h35,-0.001058133333333336
route_mutation,20260623T022918_348894,16,15,38,15,,,2026-06-23T02:29:18,h34,-0.017509103658927078,h1-h10,-0.048281750000000005
route_mutation,20260623T022948_718091,9,9,38,8,,,2026-06-23T02:29:48,h34,-0.0062365319915567985,h1-h35,-0.0010620833333333385
ip_shuffle,20260623T023019_045535,2,1,38,1,h34,,2026-06-23T02:30:19,h34,0.029451189080610007,h1-h39,-0.04105813333333333
route_mutation,20260623T023116_725960,13,12,38,12,,,2026-06-23T02:31:16,h35,-0.003456868257013468,h1-h30,-0.03329631111111111
ip_shuffle,20260623T023147_036312,5,4,38,4,h35,,2026-06-23T02:31:47,h35,0.013810814199312349,h1-h37,-0.014395416666666667
ip_shuffle,20260623T023244_756318,7,6,38,6,h32|h30,,2026-06-23T02:32:44,h32,0.016791336000000018,h1-h16,-0.04828965
ip_shuffle,20260623T023348_837917,0,0,38,0,h39,,2026-06-23T02:33:48,h39,0.004281898850181098,,
route_mutation,20260623T023446_588213,12,11,38,11,,,2026-06-23T02:34:46,h33,-0.0018031242470974151,h1-h30,-0.022281781111111107
ip_shuffle,20260623T023516_964074,5,4,38,4,h33,,2026-06-23T02:35:16,h33,0.002712219499938995,h1-h37,-0.014395416666666667
ip_shuffle,20260623T023614_763006,15,14,38,14,h37,,2026-06-23T02:36:14,h37,0.05640678903388496,h1-h28,-0.04826595
ip_shuffle,20260623T023712_311284,0,0,38,0,h36,,2026-06-23T02:37:12,h36,0.0035270113084739096,,
route_mutation,20260623T023810_073919,3,2,38,2,,h1-h32,2026-06-23T02:38:10,h38,0.008003966908380067,h1-h32,0.011741949999999994
ip_shuffle,20260623T023840_430280,3,2,38,2,h38|h34|h35,,2026-06-23T02:38:40,h38,0.019573847780250342,h1-h38,-0.02825015
ip_shuffle,20260623T023951_206282,8,7,38,7,h30|h32,,2026-06-23T02:39:51,h30,0.023211834464154174,h1-h30,-0.04265610222222223
route_mutation,20260623T024055_652317,5,4,38,4,,,2026-06-23T02:40:55,h39,-0.03805754323849382,h1-h2,-0.048269900000000004
route_mutation,20260623T024126_003280,9,8,38,8,,,2026-06-23T02:41:26,h37,-0.02041276156362863,h1-h16,-0.04827385
route_mutation,20260623T024156_341497,6,5,38,5,,,2026-06-23T02:41:56,h37,-0.00023175115756676745,h1-h35,-0.0015834833333333367
ip_shuffle,20260623T024226_541545,0,0,38,0,h33|h37,,2026-06-23T02:42:26,h33,0.02293586110258497,,
route_mutation,20260623T024330_800987,7,6,38,6,,,2026-06-23T02:43:30,h32,-0.019556720409801456,h1-h35,-0.0010502333333333377
ip_shuffle,20260623T024401_163380,2,1,38,1,h32,,2026-06-23T02:44:01,h32,0.004877162740331509,h1-h39,-0.041046283333333336
ip_shuffle,20260623T024458_966247,12,11,38,11,h30|h35,,2026-06-23T02:44:58,h30,0.015926250274410747,h1-h28,-0.04772085
route_mutation,20260623T024602_853803,0,0,38,0,,,2026-06-23T02:46:02,h34,-0.0233704677918168,,
route_mutation,20260623T024633_222062,14,13,38,13,,,2026-06-23T02:46:33,h34,-0.020725604075224266,h1-h11,-0.04827385
route_mutation,20260623T024703_576553,7,6,38,6,,,2026-06-23T02:47:03,h34,-0.008496263648931995,h1-h35,-0.0010502333333333377
ip_shuffle,20260623T024733_767518,0,0,38,0,h34,,2026-06-23T02:47:33,h34,0.003621618474394017,,
route_mutation,20260623T024831_576182,7,6,38,6,,,2026-06-23T02:48:31,h36,-0.004865798599695603,h1-h33,-0.007724799999999997
ip_shuffle,20260623T024901_932553,4,3,38,3,h33|h35,,2026-06-23T02:49:01,h33,0.005336306946139402,h1-h37,-0.01438751666666667
ip_shuffle,20260623T025006_186336,9,8,38,8,h30|h32|h37,,2026-06-23T02:50:06,h30,0.020267326139327912,h1-h28,-0.04772085
route_mutation,20260623T025116_733878,3,2,38,2,,,2026-06-23T02:51:16,h36,-0.00479696360302051,h1-h2,-0.048281750000000005
route_mutation,20260623T025147_027100,17,16,38,16,,,2026-06-23T02:51:47,h36,-0.0050244577993807105,h1-h28,-0.0477169
route_mutation,20260623T025217_329666,7,7,38,6,,,2026-06-23T02:52:17,h36,-0.0050281680621092895,h1-h35,-0.0010462833333333352
route_mutation,20260623T025247_690277,2,1,38,1,,,2026-06-23T02:52:47,h36,-0.004865998349108003,h1-h2,-0.0482778
route_mutation,20260623T025318_053302,14,13,38,13,,,2026-06-23T02:53:18,h36,-0.0049523501735937725,h1-h13,-0.04827385
ip_shuffle,20260623T025348_392367,8,8,38,7,h32,,2026-06-23T02:53:48,h32,0.016597128000000017,h1-h35,-0.0010502333333333377
ip_shuffle,20260623T025446_118745,13,12,38,12,h34|h30|h36,,2026-06-23T02:54:46,h34,0.03847423851500381,h1-h10,-0.04827385
ip_shuffle,20260623T025556_714779,0,0,38,0,h37|h35|h38,,2026-06-23T02:55:56,h37,0.015007001946991283,,
ip_shuffle,20260623T025707_497079,6,6,38,5,h33,,2026-06-23T02:57:07,h33,0.008634930508362504,h1-h35,-0.0010423333333333326
route_mutation,20260623T025805_159299,12,11,38,11,,,2026-06-23T02:58:05,h39,-0.01834602192160059,h1-h14,-0.04826595
route_mutation,20260623T025835_482341,8,8,38,7,,,2026-06-23T02:58:35,h39,-0.0186014089092309,h1-h35,-0.0010502333333333377
route_mutation,20260623T025905_705829,0,0,38,0,,,2026-06-23T02:59:05,h39,-0.018373966217751586,,
route_mutation,20260623T025936_095398,12,11,38,11,,,2026-06-23T02:59:36,h39,-0.018367749751403664,h1-h10,-0.04826595
route_mutation,20260623T030006_418321,7,6,38,6,,,2026-06-23T03:00:06,h32,-0.0013868599211583066,h1-h35,-0.0010541833333333403
ip_shuffle,20260623T030036_681932,0,0,38,0,h32|h37,,2026-06-23T03:00:36,h32,0.016003329420578555,,
ip_shuffle,20260623T030141_063750,5,4,38,4,h30|h36|h35,,2026-06-23T03:01:41,h30,0.03283323747751066,h1-h35,-0.0010541833333333403
route_mutation,20260623T030251_683324,6,5,38,5,,,2026-06-23T03:02:51,h34,-0.0028014871814482922,h1-h15,-0.04826595
ip_shuffle,20260623T030321_985944,8,7,38,7,h34,,2026-06-23T03:03:21,h34,0.031064760389151846,h1-h30,0.0056045833333333295
ip_shuffle,20260623T030419_752691,10,9,38,9,h33,,2026-06-23T03:04:19,h33,0.018221953941843644,h1-h10,-0.04827385
route_mutation,20260623T030517_439410,5,4,38,4,,,2026-06-23T03:05:17,h38,-0.009947551542635658,h1-h37,-0.014391466666666665
ip_shuffle,20260623T030547_801601,3,2,38,2,h38,,2026-06-23T03:05:47,h38,0.001227577154814169,h1-h2,-0.04827385
route_mutation,20260623T030645_488591,8,7,38,7,,h1-h30,2026-06-23T03:06:45,h35,-0.021881623564068434,h1-h30,0.005608533333333332
route_mutation,20260623T030715_872368,2,1,38,1,,,2026-06-23T03:07:15,h35,-0.0019257784715090709,h1-h39,-0.041054183333333334
ip_shuffle,20260623T030746_216873,14,13,38,13,h35|h32|h30,,2026-06-23T03:07:46,h35,0.01796280096699751,h1-h10,-0.04827385
ip_shuffle,20260623T030856_967240,0,0,38,0,h37,,2026-06-23T03:08:56,h37,0.0053781692120093705,,
ip_shuffle,20260623T030954_692566,10,9,38,9,h34,,2026-06-23T03:09:54,h34,0.01767712948148145,h1-h33,-0.007732700000000002
route_mutation,20260623T031052_444720,8,7,38,7,,,2026-06-23T03:10:52,h36,-0.004269358637943255,h1-h2,-0.04827385
route_mutation,20260623T031122_808413,9,8,38,8,,,2026-06-23T03:11:22,h33,-0.0035654778125483733,h1-h28,-0.0477327
ip_shuffle,20260623T031153_124596,5,4,38,4,h33,,2026-06-23T03:11:53,h33,0.030490205582773017,h1-h37,-0.014395416666666667
ip_shuffle,20260623T031250_848283,16,15,38,15,h36,,2026-06-23T03:12:50,h36,0.013528939827845615,h1-h13,-0.04826595
ip_shuffle,20260623T031348_402227,0,0,38,0,h30|h32,,2026-06-23T03:13:48,h30,0.020548301467300023,,
ip_shuffle,20260623T031452_728937,5,4,38,4,h35,,2026-06-23T03:14:52,h35,0.006199751355832478,h1-h32,-0.02093639666666667
route_mutation,20260623T031550_346495,4,3,38,3,,,2026-06-23T03:15:50,h34,-0.007600879304033692,h1-h2,-0.048269900000000004
ip_shuffle,20260623T031620_679404,15,14,38,14,h37|h34|h38,,2026-06-23T03:16:20,h37,0.01850392791631192,h1-h28,-0.0482541
route_mutation,20260623T031732_972025,0,0,38,0,,,2026-06-23T03:17:32,h39,-0.0119462541893601,,
route_mutation,20260623T031803_345381,15,14,38,14,,,2026-06-23T03:18:03,h39,-0.004729312245092626,h1-h16,-0.04826595
route_mutation,20260623T031833_673049,7,6,38,6,,h32-h37,2026-06-23T03:18:33,h33,0.007824336566730372,h32-h37,0.011710350000000001
ip_shuffle,20260623T031903_938761,0,0,38,0,h33|h32,,2026-06-23T03:19:03,h33,0.026613792678681608,,
ip_shuffle,20260623T032008_131558,6,5,38,5,h30|h35,,2026-06-23T03:20:08,h30,0.017161828650580913,h1-h35,-0.0010502333333333377
route_mutation,20260623T032112_275455,17,16,38,16,,,2026-06-23T03:21:12,h39,-0.00495658363257509,h1-h10,-0.04826595
route_mutation,20260623T032142_634914,7,6,38,6,,,2026-06-23T03:21:42,h39,-0.005086326033047428,h1-h32,-0.00018299999999999567
route_mutation,20260623T032212_808964,0,0,38,0,,,2026-06-23T03:22:12,h39,-0.005059176621787703,,
ip_shuffle,20260623T032243_135490,15,14,38,14,h38,,2026-06-23T03:22:43,h38,0.0005569920000000061,h1-h10,-0.048269900000000004
ip_shuffle,20260623T032341_044376,5,4,38,4,h37|h34,,2026-06-23T03:23:41,h37,0.013979520807094553,h1-h37,-0.014395416666666667
ip_shuffle,20260623T032445_312172,12,11,38,11,h2|h32|h29,,2026-06-23T03:24:45,h2,0.01944788738769293,h1-h30,-0.03146908888888889
route_mutation,20260623T032556_113242,13,12,38,12,,,2026-06-23T03:25:56,h36,-0.003258875311464987,h1-h10,-0.04827385
ip_shuffle,20260623T032626_449997,12,11,38,11,h35|h30,,2026-06-23T03:26:26,h35,0.015727859948583167,h1-h30,-0.027761326666666666
ip_shuffle,20260623T032730_697560,10,9,38,9,h33,,2026-06-23T03:27:30,h33,0.018056603460323978,h1-h10,-0.04827385
route_mutation,20260623T032828_355086,6,5,38,5,,,2026-06-23T03:28:28,h36,-0.00330481932047752,h1-h35,-0.0010699833333333367
route_mutation,20260623T032858_653013,2,1,38,1,,,2026-06-23T03:28:58,h36,-0.0030155849572649773,h1-h2,-0.04827385
ip_shuffle,20260623T032929_077860,14,13,38,13,h32,,2026-06-23T03:29:29,h32,0.01416626931212725,h1-h13,-0.04827385
route_mutation,20260623T033026_787916,0,0,38,0,,,2026-06-23T03:30:26,h39,-0.004592153964749157,,
route_mutation,20260623T033057_127611,15,14,38,14,,,2026-06-23T03:30:57,h37,-0.0025719333982908155,h1-h10,-0.04827385
ip_shuffle,20260623T033127_469776,9,8,38,8,h37,,2026-06-23T03:31:27,h37,0.012802232062030905,h1-h32,0.012267299999999995
ip_shuffle,20260623T033225_135532,10,9,38,9,h30,,2026-06-23T03:32:25,h30,0.009490206194406714,h1-h10,-0.048269900000000004
ip_shuffle,20260623T033322_821501,4,3,38,3,h35|h36|h34,,2026-06-23T03:33:22,h35,0.03026565845778903,h1-h37,-0.014395416666666667
ip_shuffle,20260623T033433_374306,12,11,38,11,h33|h38|h32,,2026-06-23T03:34:33,h33,0.011849688039538703,h1-h32,0.0122752
route_mutation,20260623T033544_427138,13,12,38,12,,,2026-06-23T03:35:44,h15,-0.028510896656176843,h1-h10,-0.04826595
route_mutation,20260623T033614_756733,12,11,38,11,,,2026-06-23T03:36:14,h15,-0.02825269515810945,h1-h30,-0.0018127844444444444
route_mutation,20260623T033645_096354,5,5,38,5,,,2026-06-23T03:36:45,h37,-0.016223354838745013,h1-h33,-0.007724799999999997
ip_shuffle,20260623T033715_420694,7,6,38,6,h37,,2026-06-23T03:37:15,h37,0.004671718717402323,h1-h2,-0.04827385
route_mutation,20260623T033813_092182,5,5,38,4,,,2026-06-23T03:38:13,h30,-0.006427368461822486,h1-h35,-0.0010620833333333385
ip_shuffle,20260623T033843_294676,0,0,38,0,h30|h32,,2026-06-23T03:38:43,h30,0.012830325443032725,,
ip_shuffle,20260623T033947_342017,6,5,38,5,h33|h35,,2026-06-23T03:39:47,h33,0.010299855173467848,h1-h32,0.012271249999999997
ip_shuffle,20260623T034051_440081,4,3,38,3,h34,,2026-06-23T03:40:51,h34,0.007083473701704979,h1-h2,-0.048281750000000005
route_mutation,20260623T034149_175493,5,5,38,4,,,2026-06-23T03:41:49,h38,-0.013060946415728497,h1-h35,-0.001066033333333341
ip_shuffle,20260623T034219_380166,0,0,38,0,h38,,2026-06-23T03:42:19,h38,0.0292241555453831,,
ip_shuffle,20260623T034317_078854,11,10,38,10,h36,,2026-06-23T03:43:17,h36,0.0212952016536454,h1-h32,0.011734049999999996
route_mutation,20260623T034414_877354,5,4,38,4,,,2026-06-23T03:44:14,h39,-0.024002784801925123,h1-h2,-0.048281750000000005
route_mutation,20260623T034445_191392,16,15,38,15,,,2026-06-23T03:44:45,h32,-0.008143358632996561,h1-h28,-0.0477327
ip_shuffle,20260623T034515_531436,7,6,38,6,h32|h30,,2026-06-23T03:45:15,h32,0.011013707011969215,h1-h35,-0.0010620833333333385
ip_shuffle,20260623T034619_530479,14,13,38,13,h35,,2026-06-23T03:46:19,h35,0.011107011078561851,h1-h15,-0.04827385
ip_shuffle,20260623T034717_080226,0,0,38,0,h37|h33,,2026-06-23T03:47:17,h37,0.010956828217332848,,
route_mutation,20260623T034821_237131,8,7,38,7,,h1-h32|h1-h30,2026-06-23T03:48:21,h36,-0.013119788444444447,h1-h32,0.012271249999999997
ip_shuffle,20260623T034851_478550,0,0,38,0,h36,,2026-06-23T03:48:51,h36,0.008280637481481445,,
route_mutation,20260623T034949_139528,10,9,38,9,,,2026-06-23T03:49:49,h34,-0.00046031444451996584,h1-h33,-0.0077287499999999995
route_mutation,20260623T035019_445020,3,2,38,2,,,2026-06-23T03:50:19,h34,-0.004357640023215231,h1-h38,-0.027724799999999997
ip_shuffle,20260623T035049_826676,8,7,38,7,h32|h34,,2026-06-23T03:50:49,h32,0.007360157769720099,h1-h2,-0.04827385
ip_shuffle,20260623T035154_086079,4,3,38,3,h30|h29|h38,,2026-06-23T03:51:54,h30,0.045865503797748175,h1-h37,-0.014928666666666666
ip_shuffle,20260623T035305_188303,11,10,38,10,h35,,2026-06-23T03:53:05,h35,0.005455138147879762,h1-h33,-0.008258049999999996
ip_shuffle,20260623T035402_946228,9,8,38,8,h33,,2026-06-23T03:54:02,h33,0.02233619602590564,h1-h2,-0.04826595
ip_shuffle,20260623T035500_643554,8,8,38,8,h37,,2026-06-23T03:55:00,h37,0.005418980532069101,h1-h35,-0.0015874333333333393
route_mutation,20260623T035558_393818,15,14,38,14,,,2026-06-23T03:55:58,h31,-0.0065129329203539865,h1-h11,-0.04826595
route_mutation,20260623T035628_716741,5,4,38,4,,,2026-06-23T03:56:28,h32,-0.00252560931556145,h1-h35,-0.0015874333333333393
ip_shuffle,20260623T035658_906598,0,0,38,0,h32,,2026-06-23T03:56:58,h32,0.02063396718977012,,
route_mutation,20260623T035756_649232,9,8,38,8,,,2026-06-23T03:57:56,h35,-0.004941377516339884,h1-h30,-0.030622302222222224
ip_shuffle,20260623T035827_005273,5,5,38,5,h35|h30,,2026-06-23T03:58:27,h35,0.01781947044008711,h1-h37,-0.01491286666666667
ip_shuffle,20260623T035931_148631,16,15,38,15,h34|h39|h36,,2026-06-23T03:59:31,h34,0.027218514385452336,h1-h10,-0.04826595
ip_shuffle,20260623T040042_051026,2,1,38,1,h37,,2026-06-23T04:00:42,h37,0.0010878052318371856,h1-h2,-0.04826595
route_mutation,20260623T040139_783665,8,8,38,8,,h32-h34,2026-06-23T04:01:39,h33,-0.010660661578243247,h32-h34,0.012267299999999995
ip_shuffle,20260623T040210_040315,0,0,38,0,h33,,2026-06-23T04:02:10,h33,0.003566295963916777,,
ip_shuffle,20260623T040307_761557,8,8,38,8,h32,,2026-06-23T04:03:07,h32,0.0032642527440273073,h1-h35,-0.0005169833333333318
ip_shuffle,20260623T040405_416933,13,12,38,12,h38,,2026-06-23T04:04:05,h38,0.00715006857170572,h1-h10,-0.04826595
route_mutation,20260623T040503_137203,5,5,38,5,,,2026-06-23T04:05:03,h29,-0.010027458719611332,h1-h37,-0.013850316666666668
route_mutation,20260623T040533_467946,7,6,38,6,,,2026-06-23T04:05:33,h30,-0.0042474683423404935,h1-h2,-0.04826595
ip_shuffle,20260623T040603_841069,15,14,38,14,h30|h35,,2026-06-23T04:06:03,h30,0.012733539337218491,h1-h30,-0.03502780444444445
ip_shuffle,20260623T040707_906280,0,0,38,0,h36|h39,,2026-06-23T04:07:07,h36,0.010140165415537084,,
ip_shuffle,20260623T040812_316219,7,6,38,6,h37|h29,,2026-06-23T04:08:12,h37,0.014431621406462286,h1-h33,-0.007724799999999997
ip_shuffle,20260623T040916_500605,5,4,38,4,h32,,2026-06-23T04:09:16,h32,0.011025475958307024,h1-h2,-0.048269900000000004
ip_shuffle,20260623T041014_178766,5,4,38,4,h34|h33,,2026-06-23T04:10:14,h34,0.00604531507701242,h1-h35,-0.001058133333333336
route_mutation,20260623T041118_266528,14,13,38,13,,,2026-06-23T04:11:18,h2,-0.03286660513620637,h1-h10,-0.048269900000000004
route_mutation,20260623T041148_636093,6,5,38,5,,,2026-06-23T04:11:48,h30,-0.01515742750760199,h1-h35,-0.0010541833333333403
ip_shuffle,20260623T041219_002608,2,1,38,1,h30,,2026-06-23T04:12:19,h30,0.0037736055289888937,h1-h39,-0.041054183333333334
ip_shuffle,20260623T041316_779976,13,12,38,12,h35,,2026-06-23T04:13:16,h35,0.0034443447265676275,h1-h30,-0.01292501111111112
route_mutation,20260623T041414_497606,2,1,38,1,,,2026-06-23T04:14:14,h38,-0.005646724446646267,h1-h2,-0.04827385
ip_shuffle,20260623T041444_813621,13,12,38,12,h38|h37,,2026-06-23T04:14:44,h38,0.005636727646146644,h1-h15,-0.04826595
ip_shuffle,20260623T041548_837965,0,0,38,0,h32,,2026-06-23T04:15:48,h32,0.024068260151663745,,
route_mutation,20260623T041646_613392,7,6,38,6,,h1-h32,2026-06-23T04:16:46,h33,-0.004022390945765647,h1-h32,0.003971840000000004
ip_shuffle,20260623T041716_899234,0,0,38,0,h33|h34,,2026-06-23T04:17:16,h33,0.01304332098262126,,
route_mutation,20260623T041821_241934,5,4,38,4,,h1-h30,2026-06-23T04:18:21,h35,0.0013132844444444514,h1-h30,0.0056045833333333295
ip_shuffle,20260623T041851_586179,4,3,38,3,h35|h36,,2026-06-23T04:18:51,h35,0.025119614518518518,h1-h37,-0.014391466666666665
ip_shuffle,20260623T041955_931128,13,12,38,12,h30,,2026-06-23T04:19:55,h30,0.01643903961564183,h1-h32,-0.04169716666666667
route_mutation,20260623T042053_680526,6,5,38,5,,,2026-06-23T04:20:53,h39,-0.0037970252046224118,h1-h2,-0.04827385
ip_shuffle,20260623T042123_963799,15,14,38,14,h37|h32,,2026-06-23T04:21:23,h37,0.012714670803330802,h1-h28,-0.0477327
ip_shuffle,20260623T042227_978255,2,1,38,1,h38,,2026-06-23T04:22:27,h38,0.00535758703727654,h1-h2,-0.04827385
route_mutation,20260623T042325_877970,8,7,38,7,,,2026-06-23T04:23:25,h39,-0.015748455106895848,h1-h35,-0.0010620833333333385
route_mutation,20260623T042356_073000,0,0,38,0,,,2026-06-23T04:23:56,h33,-0.009416916489799892,,
ip_shuffle,20260623T042426_429667,14,13,38,13,h30|h33,,2026-06-23T04:24:26,h30,0.008817894222222233,h1-h10,-0.0482778
route_mutation,20260623T042530_409949,0,0,38,0,,,2026-06-23T04:25:30,h39,-0.015668674406296407,,
route_mutation,20260623T042600_729021,12,11,38,11,,,2026-06-23T04:26:00,h32,-0.010115904042621277,h1-h10,-0.04827385
ip_shuffle,20260623T042631_032895,5,4,38,4,h32,,2026-06-23T04:26:31,h32,0.011917801707274522,h1-h33,-0.007732700000000002
ip_shuffle,20260623T042728_726069,11,10,38,10,h35|h34,,2026-06-23T04:27:28,h35,0.032084603277289486,h1-h10,-0.048269900000000004
ip_shuffle,20260623T042832_858439,3,2,38,2,h37,,2026-06-23T04:28:32,h37,0.004914094388732582,h1-h38,-0.028265949999999998
route_mutation,20260623T042930_630047,15,14,38,14,,,2026-06-23T04:29:30,h2,-0.007969836677537784,h1-h28,-0.048262
route_mutation,20260623T043000_971814,7,6,38,6,,,2026-06-23T04:30:00,h30,-0.007558526591810277,h1-h35,-0.0015992833333333331
ip_shuffle,20260623T043031_360334,2,1,38,1,h30|h33|h36,,2026-06-23T04:30:31,h30,0.011583025522163642,h1-h2,-0.04826595
ip_shuffle,20260623T043142_029237,6,5,38,5,h38|h15|h29,,2026-06-23T04:31:42,h38,0.00753656004036965,h1-h35,-0.0015874333333333393
ip_shuffle,20260623T043252_812311,6,5,38,5,h32|h2,,2026-06-23T04:32:52,h32,0.02607879275362318,h1-h32,-0.004725466666666671
route_mutation,20260623T043356_961448,12,11,38,11,,,2026-06-23T04:33:56,h39,-0.010815396755054801,h1-h10,-0.04827385
ip_shuffle,20260623T043427_273176,15,14,38,14,h35,,2026-06-23T04:34:27,h35,0.004756140324608166,h1-h32,-0.00017668000000000544
route_mutation,20260623T043524_950712,2,1,38,1,,,2026-06-23T04:35:24,h34,-0.00878331291984466,h1-h2,-0.04827385
route_mutation,20260623T043555_349476,16,15,38,15,,,2026-06-23T04:35:55,h37,-0.009686261925236833,h1-h12,-0.048269900000000004
ip_shuffle,20260623T043625_680458,7,6,38,6,h34,,2026-06-23T04:36:25,h34,0.0027617777576234848,h1-h35,-0.001058133333333336
ip_shuffle,20260623T043723_361061,14,13,38,13,h32|h30|h37,,2026-06-23T04:37:23,h32,0.01212950397118806,h1-h10,-0.04827385
ip_shuffle,20260623T043833_715303,0,0,38,0,h33,,2026-06-23T04:38:33,h33,0.003160099142257955,,
route_mutation,20260623T043931_549768,12,11,38,11,,h1-h32,2026-06-23T04:39:31,h39,-0.014685214018822668,h1-h32,0.0122752
route_mutation,20260623T044001_910841,5,4,38,4,,,2026-06-23T04:40:01,h35,-0.007564947797339738,h1-h37,-0.01438751666666667
ip_shuffle,20260623T044032_307333,8,7,38,7,h35,,2026-06-23T04:40:32,h35,0.011816196656942252,h1-h2,-0.04827385
route_mutation,20260623T044130_002427,7,6,38,6,,,2026-06-23T04:41:30,h38,-0.007334029162147232,h1-h35,-0.0015953333333333305
ip_shuffle,20260623T044200_198409,0,0,38,0,h38,,2026-06-23T04:42:00,h38,0.004065593939036494,,
ip_shuffle,20260623T044257_936996,11,11,38,10,h34|h32,,2026-06-23T04:42:57,h34,0.008419702171811955,h1-h35,-0.0015992833333333331
ip_shuffle,20260623T044402_206977,14,13,38,13,h30,,2026-06-23T04:44:02,h30,0.011612730722499576,h1-h10,-0.0482778
ip_shuffle,20260623T044500_048907,2,1,38,1,h37|h36,,2026-06-23T04:45:00,h37,0.024064293712610818,h1-h39,-0.04105813333333333
ip_shuffle,20260623T044604_199407,11,10,38,10,h15,,2026-06-23T04:46:04,h15,0.0007168080073049199,h1-h33,-0.0077287499999999995
ip_shuffle,20260623T044701_915468,9,8,38,8,h33,,2026-06-23T04:47:01,h33,0.013608807573040532,h1-h2,-0.04827385
route_mutation,20260623T044759_645269,6,5,38,5,,,2026-06-23T04:47:59,h35,-0.002936580199539046,h1-h37,-0.014391466666666665
ip_shuffle,20260623T044830_013622,2,1,38,1,h35|h32,,2026-06-23T04:48:30,h35,0.009864557386067702,h1-h2,-0.04827385
route_mutation,20260623T044934_170974,6,6,38,5,,,2026-06-23T04:49:34,h34,-0.0047142649261718295,h1-h35,-0.001058133333333336
ip_shuffle,20260623T045004_412043,0,0,38,0,h34,,2026-06-23T04:50:04,h34,0.011524772372294212,,
ip_shuffle,20260623T045102_258101,10,9,38,9,h39|h38|h30,,2026-06-23T04:51:02,h39,0.020011841925123314,h1-h33,-0.008258049999999996
ip_shuffle,20260623T045212_856241,15,14,38,14,h37,,2026-06-23T04:52:12,h37,0.015464247507008894,h1-h10,-0.0482778
route_mutation,20260623T045310_550647,4,3,38,3,,,2026-06-23T04:53:10,h33,-0.018664137876069534,h1-h37,-0.01438751666666667
route_mutation,20260623T045340_885238,10,9,38,9,,,2026-06-23T04:53:40,h33,-0.0010235515770791737,h1-h10,-0.0482778
ip_shuffle,20260623T045411_266115,14,13,38,13,h32|h33,,2026-06-23T04:54:11,h32,0.0172315698638216,h1-h30,-0.005513173333333329
ip_shuffle,20260623T045515_435024,2,1,38,1,h35,,2026-06-23T04:55:15,h35,0.004552034044074144,h1-h2,-0.048281750000000005
route_mutation,20260623T045613_161385,3,2,38,2,,,2026-06-23T04:56:13,h36,-0.004212665878211286,h1-h33,-0.007724799999999997
ip_shuffle,20260623T045643_479986,6,5,38,5,h36,,2026-06-23T04:56:43,h36,0.006626160690146127,h1-h35,-0.001058133333333336
ip_shuffle,20260623T045741_113030,14,13,38,13,h30,,2026-06-23T04:57:41,h30,0.01531225806167294,h1-h16,-0.0482778
ip_shuffle,20260623T045838_808046,2,1,38,1,h34,,2026-06-23T04:58:38,h34,0.002014579782578546,h1-h39,-0.04106208333333333
ip_shuffle,20260623T045936_504148,13,12,38,12,h37,,2026-06-23T04:59:36,h37,0.009828204132939888,h1-h16,-0.04827385
ip_shuffle,20260623T050034_104960,0,0,38,0,h33|h32,,2026-06-23T05:00:34,h33,0.015839675111111146,,
route_mutation,20260623T050138_362016,12,11,38,11,,h1-h30,2026-06-23T05:01:38,h38,-0.014184519000048412,h1-h30,0.005600633333333327
ip_shuffle,20260623T050208_747546,5,4,38,4,h35,,2026-06-23T05:02:08,h35,0.0010181699468646555,h1-h37,-0.01439936666666667
ip_shuffle,20260623T050306_599073,13,12,38,12,h38|h29|h30,,2026-06-23T05:03:06,h38,0.009381942306995822,h1-h15,-0.048269900000000004
route_mutation,20260623T050417_254616,2,1,38,1,,,2026-06-23T05:04:17,h39,-0.018805028029554915,h1-h2,-0.04827385
route_mutation,20260623T050447_551443,6,5,38,5,,,2026-06-23T05:04:47,h39,-0.019075277005287675,h1-h14,-0.048269900000000004
route_mutation,20260623T050517_908978,8,7,38,7,,,2026-06-23T05:05:17,h37,-0.014973901739929685,h1-h35,-0.001058133333333336
ip_shuffle,20260623T050548_097879,0,0,38,0,h37,,2026-06-23T05:05:48,h37,0.003229946787270066,,
ip_shuffle,20260623T050645_983758,16,15,38,15,h32,,2026-06-23T05:06:45,h32,0.01042370962761971,h1-h28,-0.047724800000000005
ip_shuffle,20260623T050743_655490,2,1,38,1,h34|h33,,2026-06-23T05:07:43,h34,0.014604008529211454,h1-h2,-0.04827385
ip_shuffle,20260623T050847_922147,6,6,38,5,h30|h35,,2026-06-23T05:08:47,h30,0.020045364885625416,h1-h35,-0.0010541833333333403
ip_shuffle,20260623T050952_086279,7,6,38,6,h36,,2026-06-23T05:09:52,h36,0.0038794315075683927,h1-h10,-0.048269900000000004
route_mutation,20260623T051049_838975,3,2,38,2,,,2026-06-23T05:10:49,h39,-0.008933585085769469,h1-h38,-0.02772085
route_mutation,20260623T051120_171814,9,8,38,8,,,2026-06-23T05:11:20,h39,-0.00875389900314033,h1-h2,-0.048269900000000004
route_mutation,20260623T051150_481113,13,12,38,12,,,2026-06-23T05:11:50,h39,-0.009041787621491909,h1-h16,-0.0482778
ip_shuffle,20260623T051220_806730,6,5,38,5,h32,,2026-06-23T05:12:20,h32,0.023547353333333326,h1-h35,-0.001066033333333341
ip_shuffle,20260623T051318_563314,15,14,38,14,h37|h38,,2026-06-23T05:13:18,h37,0.014305775645134494,h1-h10,-0.048262
route_mutation,20260623T051422_497155,0,0,38,0,,,2026-06-23T05:14:22,h33,-0.0011560633108150808,,
ip_shuffle,20260623T051452_813968,13,12,38,12,h34|h33|h35,,2026-06-23T05:14:52,h34,0.01694224686941831,h1-h10,-0.048262
ip_shuffle,20260623T051603_204318,0,0,38,0,h30,,2026-06-23T05:16:03,h30,0.026950912373847224,,
route_mutation,20260623T051700_914420,12,11,38,11,,,2026-06-23T05:17:00,h15,-0.020593498898001994,h1-h32,-0.00018615999999999772
route_mutation,20260623T051731_285726,3,2,38,2,,,2026-06-23T05:17:31,h39,-0.0158385843707963,h1-h38,-0.027724799999999997
ip_shuffle,20260623T051801_609928,7,6,38,6,h32,,2026-06-23T05:18:01,h32,0.004835370565498348,h1-h2,-0.04826595
route_mutation,20260623T051859_330042,6,5,38,5,,,2026-06-23T05:18:59,h37,-0.00355962800200052,h1-h35,-0.001058133333333336
ip_shuffle,20260623T051929_527455,0,0,38,0,h37,,2026-06-23T05:19:29,h37,0.01509338711723296,,
ip_shuffle,20260623T052027_287791,16,15,38,15,h35,,2026-06-23T05:20:27,h35,0.007683728023801295,h1-h30,-0.018622208888888887
ip_shuffle,20260623T052125_086969,2,1,38,1,h36,,2026-06-23T05:21:25,h36,0.0007146743251726095,h1-h2,-0.04826595
ip_shuffle,20260623T052222_702519,7,6,38,6,h33,,2026-06-23T05:22:22,h33,0.00987288878982101,h1-h35,-0.0010502333333333377
ip_shuffle,20260623T052320_328597,10,9,38,9,h30,,2026-06-23T05:23:20,h30,0.00871245009379143,h1-h10,-0.04826595
ip_shuffle,20260623T052418_239332,6,5,38,5,h38|h32,,2026-06-23T05:24:18,h38,0.004628802909045687,h1-h35,-0.0010541833333333403
ip_shuffle,20260623T052522_372332,15,14,38,14,h34,,2026-06-23T05:25:22,h34,0.008908212822528488,h1-h14,-0.048262
ip_shuffle,20260623T052619_911328,0,0,38,0,h37,,2026-06-23T05:26:19,h37,0.004109075185243366,,
ip_shuffle,20260623T052717_603238,10,9,38,9,h35,,2026-06-23T05:27:17,h35,0.018810924174620047,h1-h32,0.012279149999999996
route_mutation,20260623T052815_243272,2,1,38,1,,,2026-06-23T05:28:15,h15,-0.02581039115440323,h1-h2,-0.048269900000000004
route_mutation,20260623T052845_567696,14,13,38,13,,,2026-06-23T05:28:45,h2,-0.025579666104726256,h1-h15,-0.048269900000000004
route_mutation,20260623T052915_966491,7,6,38,6,,,2026-06-23T05:29:15,h30,-0.01421326224270511,h1-h35,-0.001058133333333336
ip_shuffle,20260623T052946_276098,0,0,38,0,h30,,2026-06-23T05:29:46,h30,0.001602135840095803,,
route_mutation,20260623T053044_016755,8,8,38,8,,h1-h32|h30-h34,2026-06-23T05:30:44,h32,0.011775644622805947,h1-h32,0.012267299999999995
ip_shuffle,20260623T053114_251073,0,0,38,0,h35,,2026-06-23T05:31:14,h35,0.020094564444444463,,
ip_shuffle,20260623T053212_096424,12,12,38,12,h32,,2026-06-23T05:32:12,h32,0.003367512383764981,h1-h33,-0.007732700000000002
ip_shuffle,20260623T053309_910305,7,6,38,6,h33|h34,,2026-06-23T05:33:09,h33,0.04174854568639835,h1-h2,-0.04827385
ip_shuffle,20260623T053413_940862,4,3,38,3,h37,,2026-06-23T05:34:13,h37,0.010160943225616836,h1-h37,-0.014395416666666667
route_mutation,20260623T053511_621713,13,12,38,12,,,2026-06-23T05:35:11,h38,-0.008572312525703951,h1-h16,-0.0482857
ip_shuffle,20260623T053541_931583,9,9,38,9,h38,,2026-06-23T05:35:41,h38,0.023884616549873866,h1-h35,-0.0015992833333333331
ip_shuffle,20260623T053639_856050,14,13,38,13,h30,,2026-06-23T05:36:39,h30,0.04137869300983882,h1-h10,-0.048269900000000004
route_mutation,20260623T053737_564921,4,3,38,3,,,2026-06-23T05:37:37,h29,-0.003785385492949822,h1-h37,-0.014920766666666668
ip_shuffle,20260623T053807_926911,10,9,38,9,h32|h35,,2026-06-23T05:38:07,h32,0.015478175470441696,h1-h10,-0.04826595
route_mutation,20260623T053912_163457,5,4,38,4,,,2026-06-23T05:39:12,h29,-0.0032006273073969804,h1-h37,-0.014920766666666668
route_mutation,20260623T053942_442515,7,6,38,6,,,2026-06-23T05:39:42,h29,-0.0031385918193991835,h1-h2,-0.04826595
ip_shuffle,20260623T054012_755595,13,12,38,12,h33|h34,,2026-06-23T05:40:12,h33,0.013572100763046574,h1-h30,-0.02062440888888889
ip_shuffle,20260623T054116_879757,5,4,38,4,h37,,2026-06-23T05:41:16,h37,0.024160301333333356,h1-h2,-0.048269900000000004
ip_shuffle,20260623T054214_595956,8,8,38,7,h30,,2026-06-23T05:42:14,h30,0.011421216708666776,h1-h35,-0.001058133333333336
route_mutation,20260623T054312_316918,17,16,38,16,,,2026-06-23T05:43:12,h36,-0.00044969099251379596,h1-h10,-0.048269900000000004
route_mutation,20260623T054342_684545,6,5,38,5,,,2026-06-23T05:43:42,h36,-0.0006108092709622703,h1-h33,-0.007724799999999997
ip_shuffle,20260623T054413_057415,5,5,38,4,h32,,2026-06-23T05:44:13,h32,0.012291456406656742,h1-h37,-0.01438751666666667
route_mutation,20260623T054510_859327,13,12,38,12,,,2026-06-23T05:45:10,h36,-0.0004503398248040802,h1-h10,-0.048269900000000004
ip_shuffle,20260623T054541_169859,11,10,38,10,h35|h33,,2026-06-23T05:45:41,h35,0.013121979036569476,h1-h30,-0.005513173333333329
ip_shuffle,20260623T054645_400351,13,12,38,12,h36|h38|h34,,2026-06-23T05:46:45,h36,0.010226480548686245,h1-h10,-0.048269900000000004
ip_shuffle,20260623T054756_026696,4,3,38,3,h37,,2026-06-23T05:47:56,h37,0.020688875851851862,h1-h34,-0.021050233333333338
ip_shuffle,20260623T054853_708265,11,10,38,10,h30|h39,,2026-06-23T05:48:53,h30,0.008769525036129294,h1-h16,-0.0482778
route_mutation,20260623T054957_880664,0,0,38,0,,,2026-06-23T05:49:57,h29,-0.007764707313539482,,
ip_shuffle,20260623T055028_206616,16,15,38,15,h32,,2026-06-23T05:50:28,h32,0.009176215641333835,h1-h10,-0.048269900000000004
route_mutation,20260623T055125_934170,5,4,38,4,,,2026-06-23T05:51:25,h29,-0.0075444923071815995,h1-h37,-0.014928666666666666
route_mutation,20260623T055156_330402,5,4,38,4,,,2026-06-23T05:51:56,h29,-0.007924573244785654,h1-h2,-0.04827385
ip_shuffle,20260623T055226_645370,15,14,38,14,h33|h35,,2026-06-23T05:52:26,h33,0.0025419030528490705,h1-h28,-0.04826595
route_mutation,20260623T055330_855364,5,4,38,4,,,2026-06-23T05:53:30,h30,-0.009149995616762108,h1-h2,-0.04827385
ip_shuffle,20260623T055401_163213,14,13,38,13,h30|h34,,2026-06-23T05:54:01,h30,0.013199635137862903,h1-h15,-0.048269900000000004
ip_shuffle,20260623T055505_265222,0,0,38,0,h37,,2026-06-23T05:55:05,h37,0.011437964561577418,,
route_mutation,20260623T055602_989467,8,7,38,7,,h1-h30|h1-h32,2026-06-23T05:56:02,h32,0.0014139698512165566,h1-h30,0.0056045833333333295
ip_shuffle,20260623T055633_324260,3,2,38,2,h32,,2026-06-23T05:56:33,h32,0.022031053066191575,h1-h38,-0.02772085
route_mutation,20260623T055731_096811,14,13,38,13,,,2026-06-23T05:57:31,h35,-0.018433667658239325,h1-h15,-0.04826595
ip_shuffle,20260623T055801_400202,7,6,38,6,h35|h33,,2026-06-23T05:58:01,h35,0.02157417857357327,h1-h35,-0.0010541833333333403
route_mutation,20260623T055905_500109,17,16,38,16,,,2026-06-23T05:59:05,h36,-0.0014746894209636818,h1-h11,-0.048262
ip_shuffle,20260623T055935_858250,5,4,38,4,h30,,2026-06-23T05:59:35,h30,0.014507463548642408,h1-h35,-0.0010502333333333377
ip_shuffle,20260623T060033_805039,16,15,38,15,h37,,2026-06-23T06:00:33,h37,0.003052838386301465,h1-h10,-0.04826595
ip_shuffle,20260623T060131_465518,3,2,38,2,h38|h36,,2026-06-23T06:01:31,h38,0.0197464034537585,h1-h38,-0.027709
route_mutation,20260623T060235_764144,10,9,38,9,,,2026-06-23T06:02:35,h32,-0.005004365303433317,h1-h32,-0.025085180000000002
ip_shuffle,20260623T060306_049593,3,2,38,2,h32,,2026-06-23T06:03:06,h32,0.014613239265452521,h1-h38,-0.027709
route_mutation,20260623T060403_814401,13,12,38,12,,,2026-06-23T06:04:03,h35,-0.003102648879621722,h1-h30,-0.044300044444444436
ip_shuffle,20260623T060434_175754,7,7,38,7,h35|h34,,2026-06-23T06:04:34,h35,0.016816303879011896,h30-h37,0.005067383333333335
ip_shuffle,20260623T060538_538771,14,13,38,13,h30|h33,,2026-06-23T06:05:38,h30,0.014196928660307251,h1-h30,-0.04062862222222222
ip_shuffle,20260623T060642_572777,0,0,38,0,h37,,2026-06-23T06:06:42,h37,0.0022109875653313626,,
route_mutation,20260623T060740_330881,7,6,38,6,,,2026-06-23T06:07:40,h15,-0.00039186281667355494,h1-h35,-0.0010502333333333377
ip_shuffle,20260623T060810_662676,2,1,38,1,h39,,2026-06-23T06:08:10,h39,0.007407300926624866,h1-h39,-0.041046283333333336
route_mutation,20260623T060908_385783,11,10,38,10,,,2026-06-23T06:09:08,h28,-0.019829574049244333,h1-h32,-0.004719673333333334
route_mutation,20260623T060938_691943,2,1,38,1,,,2026-06-23T06:09:38,h32,-0.0030565636277762043,h1-h39,-0.04158743333333333
ip_shuffle,20260623T061008_984148,8,7,38,7,h32,,2026-06-23T06:10:08,h32,0.014179642961525463,h1-h2,-0.048269900000000004
ip_shuffle,20260623T061106_693893,9,9,38,8,h35|h30|h33,,2026-06-23T06:11:06,h35,0.014031328270312476,h1-h32,-0.0006095999999999949
ip_shuffle,20260623T061217_387716,15,14,38,14,h34,,2026-06-23T06:12:17,h34,0.005601163595267633,h1-h28,-0.04772085
ip_shuffle,20260623T061314_980668,0,0,38,0,h38,,2026-06-23T06:13:14,h38,0.007301314123957653,,
route_mutation,20260623T061412_778021,8,8,38,7,,h1-h32,2026-06-23T06:14:12,h36,-5.230193027261354e-05,h1-h32,0.0122752
route_mutation,20260623T061443_130585,3,2,38,2,,,2026-06-23T06:14:43,h37,-0.001295405485236073,h1-h38,-0.02772085
ip_shuffle,20260623T061513_435890,10,9,38,9,h37,,2026-06-23T06:15:13,h37,0.012708090953442969,h1-h10,-0.04827385
route_mutation,20260623T061611_404964,6,5,38,5,,,2026-06-23T06:16:11,h32,-0.004395460276725716,h1-h35,-0.0010541833333333403
ip_shuffle,20260623T061641_686302,3,2,38,2,h32|h35,,2026-06-23T06:16:41,h32,0.015173972880521469,h1-h2,-0.048269900000000004
ip_shuffle,20260623T061745_884657,6,5,38,5,h30,,2026-06-23T06:17:45,h30,0.008148773737264081,h1-h35,-0.0010541833333333403
ip_shuffle,20260623T061843_538901,15,14,38,14,h33,,2026-06-23T06:18:43,h33,0.0037823418741476655,h1-h16,-0.048269900000000004
ip_shuffle,20260623T061941_073175,0,0,38,0,h34|h39,,2026-06-23T06:19:41,h34,0.03769355066666666,,
ip_shuffle,20260623T062045_261933,7,6,38,6,h36,,2026-06-23T06:20:45,h36,0.017683688457441893,h1-h35,-0.001058133333333336
route_mutation,20260623T062142_915024,9,8,38,8,,,2026-06-23T06:21:42,h29,-0.009338800148476434,h1-h2,-0.048269900000000004
ip_shuffle,20260623T062213_227701,10,9,38,9,h37,,2026-06-23T06:22:13,h37,0.007095496664509121,h1-h28,-0.047724800000000005
route_mutation,20260623T062310_774532,0,0,38,0,,,2026-06-23T06:23:10,h38,-0.0057158202113627155,,
ip_shuffle,20260623T062341_128963,14,13,38,13,h35|h38,,2026-06-23T06:23:41,h35,0.009509902841707468,h1-h10,-0.048269900000000004
ip_shuffle,20260623T062445_216780,0,0,38,0,h30,,2026-06-23T06:24:45,h30,0.0054051578053840865,,
ip_shuffle,20260623T062542_950058,8,7,38,7,h32,,2026-06-23T06:25:42,h32,0.05404477778472111,h1-h35,-0.0010541833333333403
ip_shuffle,20260623T062640_616030,12,11,38,11,h33,,2026-06-23T06:26:40,h33,0.016079652740148886,h1-h10,-0.048269900000000004
route_mutation,20260623T062738_377058,3,2,38,2,,,2026-06-23T06:27:38,h34,-0.010712720408809523,h1-h38,-0.02772085
ip_shuffle,20260623T062808_689593,4,3,38,3,h34,,2026-06-23T06:28:08,h34,0.004143756195601006,h1-h2,-0.048269900000000004
route_mutation,20260623T062906_412983,7,7,38,6,,,2026-06-23T06:29:06,h37,-0.011174091144568937,h1-h35,-0.0010541833333333403
route_mutation,20260623T062936_621327,0,0,38,0,,,2026-06-23T06:29:36,h38,-0.015083424041928722,,
ip_shuffle,20260623T063006_956854,17,16,38,16,h38,,2026-06-23T06:30:06,h38,0.0029752994208073757,h1-h10,-0.048269900000000004
ip_shuffle,20260623T063104_609595,4,3,38,3,h32|h37|h35,,2026-06-23T06:31:04,h32,0.02484228188349516,h1-h37,-0.014391466666666665
ip_shuffle,20260623T063215_415017,9,8,38,8,h30|h36|h39,,2026-06-23T06:32:15,h30,0.015852078465005998,h1-h30,0.005071333333333337
route_mutation,20260623T063326_326355,12,11,38,11,,,2026-06-23T06:33:26,h33,-0.0032601261253390745,h1-h10,-0.04826595
ip_shuffle,20260623T063356_619686,12,11,38,11,h33,,2026-06-23T06:33:56,h33,0.014112370975801092,h1-h30,0.005608533333333332
ip_shuffle,20260623T063454_129073,0,0,38,0,h34,,2026-06-23T06:34:54,h34,0.0031060020094860197,,
route_mutation,20260623T063551_776363,9,9,38,8,,h1-h30,2026-06-23T06:35:51,h29,-0.03568388727800935,h1-h30,0.005608533333333332
route_mutation,20260623T063622_078017,0,0,38,0,,,2026-06-23T06:36:22,h32,-0.015371479305100966,,
ip_shuffle,20260623T063652_407724,15,14,38,14,h32,,2026-06-23T06:36:52,h32,0.0050337577725076965,h1-h10,-0.048262
ip_shuffle,20260623T063750_121898,5,4,38,4,h30|h35,,2026-06-23T06:37:50,h30,0.005466052963053275,h1-h37,-0.014391466666666665
ip_shuffle,20260623T063854_348261,13,12,38,12,h2|h15,,2026-06-23T06:38:54,h2,0.0054097719303230485,h1-h28,-0.04772875
ip_shuffle,20260623T063958_551225,2,1,38,1,h33,,2026-06-23T06:39:58,h33,0.009394528840114935,h1-h2,-0.048262
ip_shuffle,20260623T064056_169023,9,9,38,8,h37,,2026-06-23T06:40:56,h37,0.009844269062948052,h1-h35,-0.0015953333333333305
route_mutation,20260623T064153_839721,15,14,38,14,,,2026-06-23T06:41:53,h34,-0.010614270230921458,h1-h10,-0.048258050000000004
ip_shuffle,20260623T064224_197282,10,10,38,9,h34,,2026-06-23T06:42:24,h34,0.005769574029697577,h1-h35,-0.0015992833333333331
ip_shuffle,20260623T064321_881787,13,12,38,12,h39|h32,,2026-06-23T06:43:21,h39,0.008629604477899233,h1-h10,-0.048262
route_mutation,20260623T064425_904649,3,2,38,2,,,2026-06-23T06:44:25,h30,-0.003472713715757858,h1-h38,-0.028262
ip_shuffle,20260623T064456_238896,11,10,38,10,h30|h36|h35,,2026-06-23T06:44:56,h30,0.016168271562121778,h1-h10,-0.04826595
ip_shuffle,20260623T064606_808891,0,0,38,0,h38,,2026-06-23T06:46:06,h38,0.059687549425179176,,
ip_shuffle,20260623T064704_500380,11,10,38,10,h33|h37,,2026-06-23T06:47:04,h33,0.003990812490659773,h1-h32,-0.008846600000000003
route_mutation,20260623T064808_590724,2,1,38,1,,,2026-06-23T06:48:08,h32,-0.03449468541354789,h1-h2,-0.04827385
route_mutation,20260623T064838_942323,16,15,38,15,,,2026-06-23T06:48:38,h32,-0.013114166314876857,h1-h10,-0.04827385
ip_shuffle,20260623T064909_330157,5,4,38,4,h32,,2026-06-23T06:49:09,h32,0.008323461242725788,h1-h35,-0.0010739333333333392
route_mutation,20260623T065007_049803,15,14,38,14,,,2026-06-23T06:50:07,h34,-0.008029518942679559,h1-h10,-0.048281750000000005
route_mutation,20260623T065037_358845,12,11,38,11,,,2026-06-23T06:50:37,h30,-0.008938701761844553,h1-h32,-0.00018931999999999283
ip_shuffle,20260623T065107_668060,4,3,38,3,h30|h35,,2026-06-23T06:51:07,h30,0.010010066817659674,h1-h37,-0.014395416666666667
ip_shuffle,20260623T065211_905427,13,12,38,12,h34,,2026-06-23T06:52:11,h34,0.0051767473039322776,h1-h16,-0.0482857
ip_shuffle,20260623T065309_396131,0,0,38,0,h33,,2026-06-23T06:53:09,h33,0.01901266770253246,,
ip_shuffle,20260623T065407_124892,9,8,38,8,h32,,2026-06-23T06:54:07,h32,0.016770616000000016,h1-h32,0.012271249999999997
route_mutation,20260623T065504_853448,11,10,38,10,,,2026-06-23T06:55:04,h36,-0.020568489774490134,h1-h10,-0.04827385
route_mutation,20260623T065535_163028,12,11,38,11,,h1-h32,2026-06-23T06:55:35,h37,-0.009407372605915038,h1-h32,0.0122752
ip_shuffle,20260623T065605_597523,5,4,38,4,h37,,2026-06-23T06:56:05,h37,0.036278377781960414,h1-h37,-0.014383566666666667
ip_shuffle,20260623T065703_239430,16,15,38,15,h38|h36,,2026-06-23T06:57:03,h38,0.01667253057146728,h1-h28,-0.047724800000000005
ip_shuffle,20260623T065807_472548,3,2,38,2,h30|h35,,2026-06-23T06:58:07,h30,0.015595365252616844,h1-h2,-0.04826595
ip_shuffle,20260623T065911_567955,7,6,38,6,h32|h34,,2026-06-23T06:59:11,h32,0.016640304375838938,h1-h35,-0.0010502333333333377
route_mutation,20260623T070015_847149,10,9,38,9,,,2026-06-23T07:00:15,h33,-0.013977637786010189,h1-h16,-0.04826595
route_mutation,20260623T070046_179735,8,9,38,8,,h32-h37,2026-06-23T07:00:46,h33,0.0018968525834482108,h32-h37,0.011726150000000005
ip_shuffle,20260623T070116_414243,0,0,38,0,h33,,2026-06-23T07:01:16,h33,0.008190051132356213,,
route_mutation,20260623T070214_105029,8,8,38,7,,,2026-06-23T07:02:14,h39,-0.005796852134544339,h1-h35,-0.001058133333333336
ip_shuffle,20260623T070244_312603,0,0,38,0,h37,,2026-06-23T07:02:44,h37,0.0032120859537371205,,
route_mutation,20260623T070341_963486,8,7,38,7,,,2026-06-23T07:03:41,h32,-0.016373706454826914,h1-h30,-0.020342115555555557
ip_shuffle,20260623T070412_258645,7,7,38,7,h32,,2026-06-23T07:04:12,h32,0.0046519955797431345,h1-h35,-0.001058133333333336
ip_shuffle,20260623T070509_915268,11,10,38,10,h35,,2026-06-23T07:05:09,h35,0.015164855552651374,h1-h11,-0.048269900000000004
ip_shuffle,20260623T070607_662144,2,1,38,1,h30|h34|h36,,2026-06-23T07:06:07,h30,0.03554179603097335,h1-h39,-0.04159533333333333
ip_shuffle,20260623T070718_615958,7,6,38,6,h38,,2026-06-23T07:07:18,h38,0.0051700980402541175,h1-h35,-0.0015992833333333331
route_mutation,20260623T070816_298983,10,9,38,9,,,2026-06-23T07:08:16,h33,-0.003312633352361677,h1-h10,-0.04827385
ip_shuffle,20260623T070846_622486,13,12,38,12,h33,,2026-06-23T07:08:46,h33,0.013927990182167505,h1-h30,-0.005949253333333342
ip_shuffle,20260623T070944_162419,0,0,38,0,h32,,2026-06-23T07:09:44,h32,0.01227517402368869,,
route_mutation,20260623T071041_847221,7,6,38,6,,h1-h30,2026-06-23T07:10:41,h39,-0.011430717460695461,h1-h30,0.001396224444444441
ip_shuffle,20260623T071112_234319,3,2,38,2,h39|h35|h28,,2026-06-23T07:11:12,h39,0.022869575877230486,h1-h38,-0.028262
ip_shuffle,20260623T071222_879119,5,4,38,4,h37,,2026-06-23T07:12:22,h37,0.003179183098007826,h1-h32,-0.0047283633333333325
ip_shuffle,20260623T071320_456499,0,0,38,0,h30,,2026-06-23T07:13:20,h30,0.00725012627177507,,
route_mutation,20260623T071418_082537,7,6,38,6,,h1-h32,2026-06-23T07:14:18,h15,-0.041770766361638165,h1-h32,0.0035028433333333386
route_mutation,20260623T071448_295367,0,0,38,0,,,2026-06-23T07:14:48,h32,-0.021931943842978474,,
route_mutation,20260623T071518_643489,13,12,38,12,,,2026-06-23T07:15:18,h32,-0.0023924383422183892,h1-h10,-0.04826595
ip_shuffle,20260623T071548_955007,11,10,38,10,h32,,2026-06-23T07:15:48,h32,0.01758954330318349,h1-h30,-0.04632910444444445
ip_shuffle,20260623T071646_709231,4,3,38,3,h36,,2026-06-23T07:16:46,h36,0.0007653418239514653,h1-h37,-0.014932616666666669
ip_shuffle,20260623T071744_575441,10,9,38,9,h37,,2026-06-23T07:17:44,h37,0.006740251703703709,h1-h16,-0.04827385
ip_shuffle,20260623T071842_145422,0,0,38,0,h38,,2026-06-23T07:18:42,h38,0.012196669251686831,,
ip_shuffle,20260623T071939_937863,9,8,38,8,h34|h30,,2026-06-23T07:19:39,h34,0.07387403716879234,h1-h30,-0.03164552222222222
ip_shuffle,20260623T072044_005515,13,12,38,12,h33|h35,,2026-06-23T07:20:44,h33,0.03950193059966639,h1-h10,-0.048269900000000004
route_mutation,20260623T072148_002006,0,0,38,0,,,2026-06-23T07:21:48,h29,-0.037162285100750606,,
route_mutation,20260623T072218_274114,13,12,38,12,,,2026-06-23T07:22:18,h32,-0.020832819810470887,h1-h10,-0.048269900000000004
route_mutation,20260623T072248_633235,12,11,38,11,,,2026-06-23T07:22:48,h32,-0.003466053590749918,h1-h30,-0.024053037777777782
ip_shuffle,20260623T072319_019626,3,2,38,2,h32,,2026-06-23T07:23:19,h32,0.039102341789303385,h1-h38,-0.027724799999999997
ip_shuffle,20260623T072416_713493,15,14,38,14,h37|h30,,2026-06-23T07:24:16,h37,0.003880906398891437,h1-h28,-0.047724800000000005
route_mutation,20260623T072521_005553,6,5,38,5,,,2026-06-23T07:25:21,h34,-0.009509814644831971,h1-h2,-0.048269900000000004
ip_shuffle,20260623T072551_326174,10,9,38,9,h34,,2026-06-23T07:25:51,h34,0.009344955453525344,h1-h16,-0.0482857
ip_shuffle,20260623T072648_831995,0,0,38,0,h35,,2026-06-23T07:26:48,h35,0.004701822264180061,,
ip_shuffle,20260623T072746_575653,8,7,38,7,h36|h33|h38,,2026-06-23T07:27:46,h36,0.023959761512601346,h1-h28,-0.047724800000000005
route_mutation,20260623T072857_399261,4,3,38,3,,,2026-06-23T07:28:57,h39,-0.01854448088120926,h1-h2,-0.04827385
route_mutation,20260623T072927_730443,15,14,38,14,,,2026-06-23T07:29:27,h39,-0.018696474390316478,h1-h28,-0.047724800000000005
route_mutation,20260623T072958_149906,7,6,38,6,,,2026-06-23T07:29:58,h30,-0.01298388903611461,h1-h35,-0.0010541833333333403
ip_shuffle,20260623T073028_355029,0,0,38,0,h30,,2026-06-23T07:30:28,h30,0.005144776928113465,,
ip_shuffle,20260623T073126_145454,6,5,38,5,h32,,2026-06-23T07:31:26,h32,0.014740877399928853,h1-h30,-0.0018093611111111157
ip_shuffle,20260623T073223_859183,0,0,38,0,h37,,2026-06-23T07:32:23,h37,0.005417549352727674,,
route_mutation,20260623T073321_526914,7,6,38,6,,h1-h30,2026-06-23T07:33:21,h34,-0.0007432104577712317,h1-h30,0.0056045833333333295
ip_shuffle,20260623T073351_867459,3,2,38,2,h34|h38|h35,,2026-06-23T07:33:51,h34,0.014914790813597617,h1-h38,-0.027724799999999997
route_mutation,20260623T073502_514144,9,8,38,8,,,2026-06-23T07:35:02,h33,-0.0014485137086145683,h1-h32,-0.04169664
ip_shuffle,20260623T073532_836348,4,3,38,3,h33,,2026-06-23T07:35:32,h33,0.014120336129728878,h1-h37,-0.01438751666666667
ip_shuffle,20260623T073630_557514,15,14,38,14,h28,,2026-06-23T07:36:30,h28,0.01263329296126861,h1-h14,-0.048269900000000004
ip_shuffle,20260623T073728_300476,2,1,38,1,h32|h30,,2026-06-23T07:37:28,h32,0.027089194246065762,h1-h39,-0.04158743333333333
route_mutation,20260623T073832_459289,13,12,38,12,,,2026-06-23T07:38:32,h39,-0.003595039280858081,h1-h16,-0.0482778
ip_shuffle,20260623T073902_766198,4,3,38,3,h36,,2026-06-23T07:39:02,h36,0.00527749069168465,h1-h35,-0.0015913833333333419
ip_shuffle,20260623T074000_542934,12,11,38,11,h37,,2026-06-23T07:40:00,h37,0.0024446098010203754,h1-h10,-0.048269900000000004
route_mutation,20260623T074058_231838,5,4,38,4,,,2026-06-23T07:40:58,h39,-0.0063359261967045055,h1-h37,-0.014928666666666666
ip_shuffle,20260623T074128_590068,3,2,38,2,h34|h35,,2026-06-23T07:41:28,h34,0.007511738530267015,h1-h2,-0.048269900000000004
route_mutation,20260623T074232_752409,7,7,38,6,,,2026-06-23T07:42:32,h39,-0.005771793975929862,h1-h35,-0.001058133333333336
route_mutation,20260623T074303_097265,2,1,38,1,,,2026-06-23T07:43:03,h39,-0.0002921033511130988,h1-h2,-0.04827385
ip_shuffle,20260623T074333_434708,15,14,38,14,h32|h30,,2026-06-23T07:43:33,h32,0.017358682865450697,h1-h14,-0.048269900000000004
ip_shuffle,20260623T074437_590511,3,2,38,2,h38,,2026-06-23T07:44:37,h38,0.003096113377087234,h1-h38,-0.02772875
route_mutation,20260623T074535_282275,12,11,38,11,,,2026-06-23T07:45:35,h33,-0.002281702600514496,h1-h30,-0.033298944444444444
ip_shuffle,20260623T074605_594474,6,6,38,5,h37|h33|h36,,2026-06-23T07:46:05,h37,0.014333031634239851,h1-h37,-0.014391466666666665
route_mutation,20260623T074716_310995,14,13,38,13,,,2026-06-23T07:47:16,h39,-0.004753733500034135,h1-h28,-0.047724800000000005
ip_shuffle,20260623T074746_680728,7,7,38,6,h34,,2026-06-23T07:47:46,h34,0.00925681473201953,h1-h35,-0.0010502333333333377
ip_shuffle,20260623T074844_394082,16,15,38,15,h35,,2026-06-23T07:48:44,h35,0.0013516451934623697,h1-h11,-0.048269900000000004
ip_shuffle,20260623T074941_910661,0,0,38,0,h30|h32,,2026-06-23T07:49:41,h30,0.010438676181104833,,
route_mutation,20260623T075046_025284,6,5,38,5,,h1-h32,2026-06-23T07:50:46,h39,-0.017795332374289596,h1-h32,0.0076295066666666675
route_mutation,20260623T075116_367842,4,3,38,3,,,2026-06-23T07:51:16,h39,-0.017855056452676113,h1-h37,-0.01491286666666667
route_mutation,20260623T075146_644434,5,4,38,4,,,2026-06-23T07:51:46,h39,-0.017708751408679668,h1-h2,-0.04826595
route_mutation,20260623T075216_935497,10,9,38,9,,,2026-06-23T07:52:16,h33,-0.009232377382982049,h1-h15,-0.048262
ip_shuffle,20260623T075247_310165,9,8,38,8,h33|h37,,2026-06-23T07:52:47,h33,0.007163188331475084,h1-h35,-0.0015874333333333393
route_mutation,20260623T075351_472530,14,13,38,13,,,2026-06-23T07:53:51,h34,-0.0018601963012368217,h1-h10,-0.04826595
ip_shuffle,20260623T075421_796325,7,6,38,6,h34|h32,,2026-06-23T07:54:21,h34,0.015576137083817138,h1-h33,-0.007724799999999997
ip_shuffle,20260623T075525_980292,15,14,38,14,h35|h30|h38,,2026-06-23T07:55:25,h35,0.015525701664859948,h1-h10,-0.04826595
route_mutation,20260623T075636_571097,2,1,38,1,,,2026-06-23T07:56:36,h36,-0.016566024266066987,h1-h39,-0.041054183333333334
route_mutation,20260623T075706_868319,15,14,38,14,,,2026-06-23T07:57:06,h36,-0.007143194485057819,h1-h10,-0.04826595
ip_shuffle,20260623T075737_169210,5,4,38,4,h36,,2026-06-23T07:57:37,h36,0.0024835206908151997,h1-h30,-0.03517211111111111
ip_shuffle,20260623T075834_724924,0,0,38,0,h33,,2026-06-23T07:58:34,h33,0.015929825059829095,,
route_mutation,20260623T075932_586494,10,10,38,9,,,2026-06-23T07:59:32,h37,-0.00358328612112227,h1-h35,-0.0010541833333333403
ip_shuffle,20260623T080002_802464,0,0,38,0,h37|h32,,2026-06-23T08:00:02,h37,0.01381913894980305,,
ip_shuffle,20260623T080107_152357,8,8,38,7,h34,,2026-06-23T08:01:07,h34,0.0021986035926779834,h1-h35,-0.0010541833333333403
ip_shuffle,20260623T080204_894517,14,13,38,13,h30,,2026-06-23T08:02:04,h30,0.013827380562020153,h1-h10,-0.04827385
route_mutation,20260623T080302_588243,8,9,38,8,,h32-h37,2026-06-23T08:03:02,h35,-0.0009885226313406936,h32-h37,0.011730099999999993
ip_shuffle,20260623T080332_961611,2,1,38,1,h35,,2026-06-23T08:03:32,h35,0.014333001249196065,h1-h2,-0.048281750000000005
route_mutation,20260623T080430_555179,6,6,38,5,,,2026-06-23T08:04:30,h36,-0.0217409984125269,h1-h35,-0.0010502333333333377
route_mutation,20260623T080500_750323,0,0,38,0,,,2026-06-23T08:05:00,h36,-0.006789441539078761,,
ip_shuffle,20260623T080531_086417,14,13,38,13,h37|h32,,2026-06-23T08:05:31,h37,0.019563681632140645,h1-h10,-0.0482778
ip_shuffle,20260623T080635_038742,0,0,38,0,h33,,2026-06-23T08:06:35,h33,0.0048328787418513985,,
ip_shuffle,20260623T080732_721692,9,8,38,8,h38,,2026-06-23T08:07:32,h38,0.007937094148681073,h1-h30,-0.0018025144444444516
ip_shuffle,20260623T080830_504683,8,7,38,7,h34|h36|h30,,2026-06-23T08:08:30,h34,0.02857270460752384,h1-h2,-0.0482778
ip_shuffle,20260623T080941_201498,4,3,38,3,h39,,2026-06-23T08:09:41,h39,0.0012681977094540775,h1-h37,-0.014383566666666667
ip_shuffle,20260623T081038_840268,9,8,38,8,h35,,2026-06-23T08:10:38,h35,0.002777051875050257,h1-h28,-0.047724800000000005
route_mutation,20260623T081136_440956,0,0,38,0,,,2026-06-23T08:11:36,h32,-0.0010190130493962501,,
ip_shuffle,20260623T081206_823458,17,16,38,16,h32,,2026-06-23T08:12:06,h32,0.022216587002436256,h1-h10,-0.04826595
ip_shuffle,20260623T081304_577182,3,2,38,2,h37,,2026-06-23T08:13:04,h37,0.008764406038798828,h1-h38,-0.02772085
route_mutation,20260623T081402_235226,15,14,38,14,,h1-h30,2026-06-23T08:14:02,h28,-0.003160854144283548,h1-h30,0.005067383333333335
ip_shuffle,20260623T081432_621720,6,5,38,5,h38|h33,,2026-06-23T08:14:32,h38,0.0006500374879226944,h1-h35,-0.0015953333333333305
ip_shuffle,20260623T081536_688195,15,14,38,14,h30,,2026-06-23T08:15:36,h30,0.009608866495672802,h1-h14,-0.04826595
route_mutation,20260623T081634_411282,2,1,38,1,,,2026-06-23T08:16:34,h35,-0.0002073035420875613,h1-h39,-0.04159533333333333
ip_shuffle,20260623T081704_730022,6,5,38,5,h35,,2026-06-23T08:17:04,h35,0.01983562391894106,h1-h2,-0.048269900000000004
ip_shuffle,20260623T081802_433797,8,7,38,7,h32,,2026-06-23T08:18:02,h32,0.014760670194573278,h1-h32,0.007622133333333336
route_mutation,20260623T081900_194593,11,10,38,10,,,2026-06-23T08:19:00,h34,-0.006241166886056554,h1-h10,-0.048269900000000004
route_mutation,20260623T081930_553309,11,10,38,10,,h1-h32,2026-06-23T08:19:30,h34,0.004912787194079032,h1-h32,0.011734049999999996
ip_shuffle,20260623T082000_919480,5,4,38,4,h34|h36|h37,,2026-06-23T08:20:00,h34,0.022806944131310014,h1-h37,-0.014932616666666669
ip_shuffle,20260623T082111_584380,13,12,38,12,h30,,2026-06-23T08:21:11,h30,0.020736613656365643,h1-h28,-0.04826595
ip_shuffle,20260623T082209_059590,0,0,38,0,h33,,2026-06-23T08:22:09,h33,0.026438922507527107,,
route_mutation,20260623T082306_747170,9,8,38,8,,,2026-06-23T08:23:06,h28,-0.0029573271030814974,h1-h30,-0.035314311111111114
ip_shuffle,20260623T082337_040023,5,4,38,4,h32|h28|h29,,2026-06-23T08:23:37,h32,0.022507929815266198,h1-h37,-0.014928666666666666
route_mutation,20260623T082447_891546,8,8,38,8,,h32-h34,2026-06-23T08:24:47,h38,-0.0005045648781945855,h32-h34,0.011722200000000002
ip_shuffle,20260623T082518_132695,0,0,38,0,h38,,2026-06-23T08:25:18,h38,0.0022239678881119107,,
route_mutation,20260623T082615_811973,10,9,38,9,,,2026-06-23T08:26:15,h39,-0.0005478597520568729,h1-h30,-0.024300044444444443
ip_shuffle,20260623T082646_140464,5,4,38,4,h35|h34|h30,,2026-06-23T08:26:46,h35,0.06482417480140398,h1-h37,-0.014920766666666668
ip_shuffle,20260623T082756_733132,8,7,38,7,h37|h39,,2026-06-23T08:27:56,h37,0.024049557550607475,h1-h30,-0.02062440888888889
route_mutation,20260623T082901_023109,7,6,38,6,,,2026-06-23T08:29:01,h33,-0.0021248884957801584,h1-h2,-0.048269900000000004
ip_shuffle,20260623T082931_378383,14,13,38,13,h32|h33,,2026-06-23T08:29:31,h32,0.020310300357252814,h1-h28,-0.047724800000000005
route_mutation,20260623T083035_503370,2,1,38,1,,,2026-06-23T08:30:35,h36,-0.010346211274037093,h1-h39,-0.04105023333333333
ip_shuffle,20260623T083105_813180,15,14,38,14,h36,,2026-06-23T08:31:05,h36,0.0003851572128308056,h1-h10,-0.048262
route_mutation,20260623T083203_520974,8,7,38,7,,,2026-06-23T08:32:03,h15,-0.009593107755576036,h1-h35,-0.0010502333333333377
ip_shuffle,20260623T083233_846888,4,3,38,3,h30|h2,,2026-06-23T08:32:33,h30,0.004772951237812517,h1-h2,-0.04826595
route_mutation,20260623T083337_892365,7,6,38,6,,,2026-06-23T08:33:37,h31,-0.006906681294807149,h1-h35,-0.0010502333333333377
ip_shuffle,20260623T083408_065167,0,0,38,0,h32,,2026-06-23T08:34:08,h32,0.0067665989551588535,,
ip_shuffle,20260623T083505_756315,5,4,38,4,h37|h38,,2026-06-23T08:35:05,h37,0.007999553147856248,h1-h28,-0.047724800000000005
ip_shuffle,20260623T083610_132258,4,3,38,3,h35|h34,,2026-06-23T08:36:10,h35,0.01571224767965726,h1-h2,-0.04826595
ip_shuffle,20260623T083714_226992,6,5,38,5,h33,,2026-06-23T08:37:14,h33,0.017086803934330236,h1-h35,-0.0010502333333333377
route_mutation,20260623T083811_876380,16,15,38,15,,,2026-06-23T08:38:11,h29,-0.033984300564623746,h1-h10,-0.04826595
route_mutation,20260623T083842_189170,9,8,38,8,,h1-h30,2026-06-23T08:38:42,h30,-0.024715255051261917,h1-h30,0.005612483333333328
route_mutation,20260623T083912_554984,2,1,38,1,,,2026-06-23T08:39:12,h30,-0.007140386486121336,h1-h39,-0.041054183333333334
ip_shuffle,20260623T083942_858353,11,10,38,10,h30,,2026-06-23T08:39:42,h30,0.012656604937780064,h1-h10,-0.048269900000000004
ip_shuffle,20260623T084040_504964,5,4,38,4,h32|h37,,2026-06-23T08:40:40,h32,0.025159115923680836,h1-h37,-0.014383566666666667
route_mutation,20260623T084144_753630,15,14,38,14,,,2026-06-23T08:41:44,h36,-0.0009844701875859896,h1-h13,-0.04826595
ip_shuffle,20260623T084215_066495,7,6,38,6,h38|h36,,2026-06-23T08:42:15,h38,0.013349376355506759,h1-h32,0.008130893333333326
ip_shuffle,20260623T084319_262235,16,15,38,15,h34|h35,,2026-06-23T08:43:19,h34,0.03243097118488528,h1-h10,-0.048269900000000004
ip_shuffle,20260623T084423_328198,0,0,38,0,h33,,2026-06-23T08:44:23,h33,0.008964071162333165,,
route_mutation,20260623T084521_061443,11,10,38,10,,h1-h32,2026-06-23T08:45:21,h39,-0.01658104635382278,h1-h32,0.0122752
route_mutation,20260623T084551_460338,5,4,38,4,,,2026-06-23T08:45:51,h32,-0.015616016956937206,h1-h37,-0.01438751666666667
ip_shuffle,20260623T084621_763796,10,9,38,9,h32,,2026-06-23T08:46:21,h32,0.005436057388821913,h1-h10,-0.04827385
ip_shuffle,20260623T084719_408688,6,6,38,5,h30|h37,,2026-06-23T08:47:19,h30,0.012753750117884544,h1-h35,-0.0010541833333333403
route_mutation,20260623T084823_589579,16,15,38,15,,,2026-06-23T08:48:23,h38,-0.024586533967054264,h1-h11,-0.04827385
route_mutation,20260623T084853_909099,8,9,38,7,,,2026-06-23T08:48:53,h34,-0.005468981629738495,h1-h35,-0.001058133333333336
ip_shuffle,20260623T084924_095238,0,0,38,0,h34|h36|h38,,2026-06-23T08:49:24,h34,0.014129260723542036,,
ip_shuffle,20260623T085035_007033,5,4,38,4,h35,,2026-06-23T08:50:35,h35,0.01355047972115822,h1-h33,-0.007720850000000001
ip_shuffle,20260623T085132_826535,8,7,38,7,h33,,2026-06-23T08:51:32,h33,0.011945083461665978,h1-h2,-0.0482778
ip_shuffle,20260623T085230_442086,8,7,38,7,h32,,2026-06-23T08:52:30,h32,0.0008889645503152299,h1-h35,-0.0015913833333333419
route_mutation,20260623T085328_108996,15,14,38,14,,,2026-06-23T08:53:28,h37,-0.0017188573001034324,h1-h10,-0.048281750000000005
ip_shuffle,20260623T085358_465185,8,7,38,7,h37,,2026-06-23T08:53:58,h37,0.01812894343348756,h1-h30,-0.024298201111111112
ip_shuffle,20260623T085456_040211,0,0,38,0,h39|h30,,2026-06-23T08:54:56,h39,0.004576974391736072,,
ip_shuffle,20260623T085600_140587,7,6,38,6,h35,,2026-06-23T08:56:00,h35,0.001042412444444446,h1-h35,-0.0015953333333333305
ip_shuffle,20260623T085657_989681,10,9,38,9,h2|h15,,2026-06-23T08:56:57,h2,0.007542224914079798,h1-h10,-0.0482778
route_mutation,20260623T085802_297157,8,7,38,7,,,2026-06-23T08:58:02,h32,-0.017109808219329142,h1-h35,-0.0015992833333333331
route_mutation,20260623T085832_498866,0,0,38,0,,,2026-06-23T08:58:32,h32,-0.0019610754378920903,,
ip_shuffle,20260623T085902_827999,16,15,38,15,h32,,2026-06-23T08:59:02,h32,0.02227002672237932,h1-h10,-0.0482778
ip_shuffle,20260623T090000_619700,4,3,38,3,h34|h33|h36,,2026-06-23T09:00:00,h34,0.0271354811838532,h1-h37,-0.014928666666666666
route_mutation,20260623T090111_424112,9,8,38,8,,,2026-06-23T09:01:11,h38,-0.0007855723503862322,h1-h30,-0.0022680877777777816
ip_shuffle,20260623T090141_758797,4,3,38,3,h38|h37|h30,,2026-06-23T09:01:41,h38,0.01012153606062599,h1-h37,-0.014920766666666668
ip_shuffle,20260623T090252_321320,8,7,38,7,h35,,2026-06-23T09:02:52,h35,0.010564151743704425,h1-h30,0.0014035977777777792
route_mutation,20260623T090350_153383,7,6,38,6,,,2026-06-23T09:03:50,h32,-0.03699477178730175,h1-h2,-0.048269900000000004
route_mutation,20260623T090420_458672,13,12,38,12,,,2026-06-23T09:04:20,h32,-0.016103930814827833,h1-h28,-0.04772085
ip_shuffle,20260623T090450_839405,6,5,38,5,h32,,2026-06-23T09:04:50,h32,0.011447832221262555,h1-h35,-0.0010502333333333377
route_mutation,20260623T090548_723973,15,14,38,14,,,2026-06-23T09:05:48,h34,-0.0067466367293447516,h1-h12,-0.04826595
ip_shuffle,20260623T090619_043169,5,5,38,4,h34,,2026-06-23T09:06:19,h34,0.012502792859744982,h1-h35,-0.0010502333333333377
ip_shuffle,20260623T090716_809220,6,5,38,5,h33,,2026-06-23T09:07:16,h33,0.006925659552745239,h1-h2,-0.048269900000000004
ip_shuffle,20260623T090814_507355,5,4,38,4,h35|h30|h37,,2026-06-23T09:08:14,h35,0.017643336204902244,h1-h35,-0.0010541833333333403
route_mutation,20260623T090925_289619,6,5,38,5,,,2026-06-23T09:09:25,h29,-0.031230426455354454,h1-h14,-0.048269900000000004
route_mutation,20260623T090955_587045,8,8,38,7,,h1-h30,2026-06-23T09:09:55,h32,-0.021240082321107162,h1-h30,0.005608533333333332
route_mutation,20260623T091025_922440,2,1,38,1,,,2026-06-23T09:10:25,h32,-0.0026507175715137776,h1-h39,-0.041046283333333336
ip_shuffle,20260623T091056_227366,15,14,38,14,h32,,2026-06-23T09:10:56,h32,0.03445965898521078,h1-h10,-0.04827385
ip_shuffle,20260623T091153_900356,3,2,38,2,h38,,2026-06-23T09:11:53,h38,0.007061722077528004,h1-h38,-0.0277169
ip_shuffle,20260623T091251_581193,16,15,38,15,h34|h36,,2026-06-23T09:12:51,h34,0.009303179923315613,h1-h13,-0.048269900000000004
ip_shuffle,20260623T091355_609835,0,0,38,0,h35,,2026-06-23T09:13:55,h35,0.004560135345164945,,
ip_shuffle,20260623T091453_295104,5,4,38,4,h30|h33,,2026-06-23T09:14:53,h30,0.00596680142086134,h1-h35,-0.0010541833333333403
route_mutation,20260623T091557_584860,16,15,38,15,,,2026-06-23T09:15:57,h37,-0.005815035844054572,h1-h10,-0.04827385
route_mutation,20260623T091627_904117,8,7,38,7,,,2026-06-23T09:16:27,h37,-0.011072804941876152,h1-h33,-0.007724799999999997
ip_shuffle,20260623T091658_241851,3,2,38,2,h37,,2026-06-23T09:16:58,h37,0.0019176725931332739,h1-h38,-0.02772085
ip_shuffle,20260623T091755_961048,13,12,38,12,h32,,2026-06-23T09:17:55,h32,0.013933647731424248,h1-h28,-0.04772085
route_mutation,20260623T091853_540805,0,0,38,0,,,2026-06-23T09:18:53,h39,-0.016991599330200904,,
ip_shuffle,20260623T091924_035592,11,10,38,10,h30,,2026-06-23T09:19:24,h30,0.007172919547758283,h1-h13,-0.048269900000000004
ip_shuffle,20260623T092021_781883,2,1,38,1,h35,,2026-06-23T09:20:21,h35,0.00023077729587481222,h1-h39,-0.041046283333333336
ip_shuffle,20260623T092119_539803,14,13,38,13,h33,,2026-06-23T09:21:19,h33,0.010834372648578006,h1-h28,-0.04772085
route_mutation,20260623T092217_217386,0,0,38,0,,,2026-06-23T09:22:17,h34,-0.0050781112505552395,,
ip_shuffle,20260623T092247_546931,14,13,38,13,h34|h28|h39,,2026-06-23T09:22:47,h34,0.02985210989592954,h1-h10,-0.048269900000000004
ip_shuffle,20260623T092358_106679,0,0,38,0,h32|h38,,2026-06-23T09:23:58,h32,0.0147682348928721,,
ip_shuffle,20260623T092502_572684,3,2,38,2,h37,,2026-06-23T09:25:02,h37,0.01638053749455054,h1-h32,0.003978686666666668
ip_shuffle,20260623T092600_160417,0,0,38,0,h36,,2026-06-23T09:26:00,h36,0.02295481961828766,,
route_mutation,20260623T092657_803903,9,9,38,9,,h1-h32,2026-06-23T09:26:57,h30,-0.02912750798310723,h1-h32,0.012283099999999998
ip_shuffle,20260623T092728_150922,2,1,38,1,h35,,2026-06-23T09:27:28,h35,0.0017883244752354699,h1-h39,-0.041046283333333336
ip_shuffle,20260623T092825_976844,14,13,38,13,h33,,2026-06-23T09:28:25,h33,0.008156460874210403,h1-h15,-0.04826595
ip_shuffle,20260623T092923_555309,0,0,38,0,h30,,2026-06-23T09:29:23,h30,0.06039382225059056,,
route_mutation,20260623T093021_328170,8,7,38,7,,,2026-06-23T09:30:21,h34,-0.012226872908591369,h1-h33,-0.007712949999999996
route_mutation,20260623T093051_653710,2,1,38,1,,,2026-06-23T09:30:51,h37,-0.010510629537162974,h1-h39,-0.041046283333333336
ip_shuffle,20260623T093121_978474,15,14,38,14,h37|h38,,2026-06-23T09:31:21,h37,0.027847691851851847,h1-h10,-0.048269900000000004
ip_shuffle,20260623T093226_295061,2,1,38,1,h32,,2026-06-23T09:32:26,h32,0.045756641693198485,h1-h39,-0.04158348333333333
ip_shuffle,20260623T093323_928964,11,10,38,10,h34,,2026-06-23T09:33:23,h34,0.007963138847057905,h1-h16,-0.0482778
ip_shuffle,20260623T093421_709243,0,0,38,0,h2|h15,,2026-06-23T09:34:21,h2,0.012601026297629686,,
ip_shuffle,20260623T093525_841727,8,7,38,7,h35,,2026-06-23T09:35:25,h35,0.0012751714824646154,h1-h33,-0.008258049999999996
ip_shuffle,20260623T093623_618531,2,1,38,1,h33|h30,,2026-06-23T09:36:23,h33,0.014004963931440434,h1-h2,-0.048262
route_mutation,20260623T093727_902533,5,4,38,4,,,2026-06-23T09:37:27,h11,-0.006796225053276872,h1-h37,-0.014928666666666666
route_mutation,20260623T093758_096811,0,0,38,0,,,2026-06-23T09:37:58,h11,-0.006864739924076491,,
route_mutation,20260623T093828_413222,14,13,38,13,,,2026-06-23T09:38:28,h32,-0.0011986603917211458,h1-h11,-0.048262
ip_shuffle,20260623T093858_723554,7,6,38,6,h32,,2026-06-23T09:38:58,h32,0.018744058275186548,h1-h33,-0.008265949999999994
route_mutation,20260623T093956_322008,7,6,38,6,,,2026-06-23T09:39:56,h35,-0.0016497689322785558,h1-h2,-0.04826595
ip_shuffle,20260623T094026_630184,14,13,38,13,h35,,2026-06-23T09:40:26,h35,0.021296539906151823,h1-h28,-0.04827385
ip_shuffle,20260623T094124_403697,0,0,38,0,h37|h34,,2026-06-23T09:41:24,h37,0.015084862048559633,,
ip_shuffle,20260623T094228_585063,8,8,38,7,h30|h36,,2026-06-23T09:42:28,h30,0.010781906781214906,h1-h35,-0.0016032333333333357
ip_shuffle,20260623T094332_904173,16,15,38,15,h33|h38,,2026-06-23T09:43:32,h33,0.027004771103812664,h1-h10,-0.048269900000000004
route_mutation,20260623T094437_241402,4,3,38,3,,,2026-06-23T09:44:37,h32,-0.0020367851573171447,h1-h37,-0.014391466666666665
ip_shuffle,20260623T094507_567295,10,9,38,9,h32,,2026-06-23T09:45:07,h32,0.021390614771781086,h1-h10,-0.048269900000000004
route_mutation,20260623T094605_345566,6,6,38,6,,h32-h37,2026-06-23T09:46:05,h28,-0.00943650567249188,h32-h37,0.01171825
route_mutation,20260623T094635_744919,3,2,38,2,,,2026-06-23T09:46:35,h29,-0.009441693820566421,h1-h2,-0.04827385
ip_shuffle,20260623T094706_147324,14,13,38,13,h30,,2026-06-23T09:47:06,h30,0.009221934222222228,h1-h15,-0.04827385
ip_shuffle,20260623T094803_792073,0,0,38,0,h35,,2026-06-23T09:48:03,h35,0.01363021919906221,,
ip_shuffle,20260623T094901_537868,6,5,38,5,h37,,2026-06-23T09:49:01,h37,0.008829892368441034,h1-h30,0.00561643333333333
ip_shuffle,20260623T094959_306545,4,3,38,3,h33,,2026-06-23T09:49:59,h33,0.008355580360502934,h1-h2,-0.048269900000000004
ip_shuffle,20260623T095056_958226,7,7,38,7,h34|h32,,2026-06-23T09:50:56,h34,0.01441993558634505,h1-h35,-0.0010502333333333377
route_mutation,20260623T095200_995712,15,14,38,14,,,2026-06-23T09:52:00,h39,-0.016536105542952276,h1-h11,-0.048269900000000004
ip_shuffle,20260623T095231_385712,7,6,38,6,h30,,2026-06-23T09:52:31,h30,0.0006593548428737994,h1-h35,-0.0010502333333333377
route_mutation,20260623T095329_068740,13,12,38,12,,,2026-06-23T09:53:29,h39,-0.013398061667226235,h1-h10,-0.04826595
route_mutation,20260623T095359_422170,10,9,38,9,,h1-h30,2026-06-23T09:53:59,h36,-0.003844814520039014,h1-h30,0.005612483333333328
ip_shuffle,20260623T095429_798228,4,3,38,3,h36|h38,,2026-06-23T09:54:29,h36,0.005940148288635427,h1-h37,-0.014383566666666667
ip_shuffle,20260623T095534_180843,7,6,38,6,h35|h32,,2026-06-23T09:55:34,h35,0.01246508440016475,h1-h28,-0.04772085
ip_shuffle,20260623T095638_421156,7,6,38,6,h37,,2026-06-23T09:56:38,h37,0.0015208033803382759,h1-h2,-0.04826595
ip_shuffle,20260623T095736_123518,7,6,38,6,h33|h30,,2026-06-23T09:57:36,h33,0.007279395064915095,h1-h35,-0.001058133333333336
route_mutation,20260623T095840_282910,11,10,38,10,,,2026-06-23T09:58:40,h2,-0.018008123626389802,h1-h10,-0.04826595
route_mutation,20260623T095910_608010,11,10,38,10,,,2026-06-23T09:59:10,h34,-0.01666012292044522,h1-h28,-0.04772875
route_mutation,20260623T095940_994335,5,4,38,4,,,2026-06-23T09:59:40,h34,-0.0040288362537643785,h1-h37,-0.014391466666666665
ip_shuffle,20260623T100011_350045,4,3,38,3,h32|h34,,2026-06-23T10:00:11,h32,0.005268986697036071,h1-h2,-0.048269900000000004
route_mutation,20260623T100115_400430,7,6,38,6,,,2026-06-23T10:01:15,h35,-0.010277460619489281,h1-h35,-0.001058133333333336
ip_shuffle,20260623T100145_766151,2,1,38,1,h35,,2026-06-23T10:01:45,h35,0.008447354920897349,h1-h2,-0.04827385
route_mutation,20260623T100243_471308,8,7,38,7,,h1-h32,2026-06-23T10:02:43,h30,0.003130116612973799,h1-h32,0.008116146666666664
ip_shuffle,20260623T100313_837946,3,2,38,2,h30|h37,,2026-06-23T10:03:13,h30,0.02364373673644471,h1-h38,-0.02772875
ip_shuffle,20260623T100417_959519,9,8,38,8,h38|h39,,2026-06-23T10:04:17,h38,0.004262366820543956,h1-h30,-0.04258605555555556
route_mutation,20260623T100522_353199,5,4,38,4,,,2026-06-23T10:05:22,h33,-0.009900719056761653,h1-h2,-0.048269900000000004
ip_shuffle,20260623T100552_709012,16,15,38,15,h32,,2026-06-23T10:05:52,h32,0.0067023356068794115,h1-h28,-0.0477327
ip_shuffle,20260623T100650_270164,0,0,38,0,h33,,2026-06-23T10:06:50,h33,0.03975490997696948,,
ip_shuffle,20260623T100748_398098,8,8,38,8,h34,,2026-06-23T10:07:48,h34,0.007148731926663099,h30-h34,0.005055533333333334
ip_shuffle,20260623T100846_096466,15,14,38,14,h36|h35,,2026-06-23T10:08:46,h36,0.004664307148293689,h1-h10,-0.048269900000000004
route_mutation,20260623T100950_247489,2,1,38,1,,,2026-06-23T10:09:50,h30,-0.002295459889925494,h1-h39,-0.04105023333333333
ip_shuffle,20260623T101020_533691,8,7,38,7,h30,,2026-06-23T10:10:20,h30,0.017482318082831544,h1-h2,-0.04827385
ip_shuffle,20260623T101118_234884,8,9,38,8,h37|h32,,2026-06-23T10:11:18,h37,0.016600656172512496,h30-h34,0.005055533333333334
route_mutation,20260623T101222_385465,15,14,38,14,,,2026-06-23T10:12:22,h38,-0.03741071598214167,h1-h28,-0.048262
route_mutation,20260623T101252_886510,7,7,38,6,,,2026-06-23T10:12:52,h34,-0.025313562464769415,h1-h35,-0.0015913833333333419
route_mutation,20260623T101323_091985,0,0,38,0,,,2026-06-23T10:13:23,h34,-0.00582621060677696,,
ip_shuffle,20260623T101353_441510,15,14,38,14,h34|h33|h35,,2026-06-23T10:13:53,h34,0.017477097481481463,h1-h10,-0.04827385
ip_shuffle,20260623T101503_960982,0,0,38,0,h38,,2026-06-23T10:15:03,h38,0.03277578282345017,,
ip_shuffle,20260623T101601_578847,6,5,38,5,h30,,2026-06-23T10:16:01,h30,0.002162428503758168,h1-h35,-0.0010541833333333403
ip_shuffle,20260623T101659_404773,12,11,38,11,h32,,2026-06-23T10:16:59,h32,0.0036237759933189784,h1-h10,-0.04827385
ip_shuffle,20260623T101757_151645,6,5,38,5,h37,,2026-06-23T10:17:57,h37,0.007403362208016184,h1-h35,-0.0010502333333333377
route_mutation,20260623T101854_853292,16,15,38,15,,,2026-06-23T10:18:54,h39,-0.016708536748620953,h1-h10,-0.04826595
route_mutation,20260623T101925_144628,6,5,38,5,,,2026-06-23T10:19:25,h36,-0.016459796647739777,h1-h35,-0.001058133333333336
route_mutation,20260623T101955_326028,0,0,38,0,,,2026-06-23T10:19:55,h35,-0.003927552197832501,,
ip_shuffle,20260623T102025_637156,14,13,38,13,h35|h36|h30,,2026-06-23T10:20:25,h35,0.01570927431961386,h1-h10,-0.048269900000000004
ip_shuffle,20260623T102136_187327,0,0,38,0,h33,,2026-06-23T10:21:36,h33,0.0052978194022938185,,
route_mutation,20260623T102233_848771,6,5,38,5,,h1-h30,2026-06-23T10:22:33,h32,-0.0024593933886683794,h1-h30,0.0056045833333333295
ip_shuffle,20260623T102304_287364,2,1,38,1,h32,,2026-06-23T10:23:04,h32,0.01757440482431516,h1-h38,-0.027724799999999997
ip_shuffle,20260623T102402_066152,17,16,38,16,h34,,2026-06-23T10:24:02,h34,0.0055014288007572965,h1-h10,-0.048269900000000004
ip_shuffle,20260623T102459_743219,3,2,38,2,h37,,2026-06-23T10:24:59,h37,0.012235409333333308,h1-h38,-0.027724799999999997
ip_shuffle,20260623T102557_528529,15,14,38,14,h38,,2026-06-23T10:25:57,h38,0.0027944179444443773,h1-h28,-0.04772875
ip_shuffle,20260623T102655_148510,0,0,38,0,h30,,2026-06-23T10:26:55,h30,0.031503315160493844,,
ip_shuffle,20260623T102752_812517,8,7,38,7,h35,,2026-06-23T10:27:52,h35,0.0022462493053703736,h1-h33,-0.007720850000000001
route_mutation,20260623T102850_505164,11,10,38,10,,,2026-06-23T10:28:50,h39,-0.018241614491252583,h1-h10,-0.04827385
route_mutation,20260623T102920_840466,8,7,38,7,,,2026-06-23T10:29:20,h32,-0.01309831842879533,h1-h28,-0.047724800000000005
ip_shuffle,20260623T102951_193073,9,9,38,8,h32,,2026-06-23T10:29:51,h32,0.005362662498504228,h1-h35,-0.0010541833333333403
ip_shuffle,20260623T103048_828887,9,8,38,8,h37,,2026-06-23T10:30:48,h37,0.004858917282264619,h1-h10,-0.04826595
route_mutation,20260623T103146_468857,6,6,38,5,,,2026-06-23T10:31:46,h33,-0.002130531698503607,h1-h35,-0.0010541833333333403
ip_shuffle,20260623T103216_774486,2,1,38,1,h33|h36,,2026-06-23T10:32:16,h33,0.009287277036935188,h1-h2,-0.048269900000000004
ip_shuffle,20260623T103320_874379,7,7,38,6,h35,,2026-06-23T10:33:20,h35,0.020202140969555415,h1-h35,-0.0010541833333333403
ip_shuffle,20260623T103418_463923,10,9,38,9,h30|h34,,2026-06-23T10:34:18,h30,0.00830633057324942,h1-h10,-0.04826595
route_mutation,20260623T103522_668158,4,3,38,3,,,2026-06-23T10:35:22,h38,-0.020059578129483613,h1-h35,-0.0010541833333333403
ip_shuffle,20260623T103552_996517,6,5,38,5,h38|h32,,2026-06-23T10:35:52,h38,0.007302937494159417,h1-h2,-0.048269900000000004
route_mutation,20260623T103657_090436,7,6,38,6,,,2026-06-23T10:36:57,h37,-0.009377960819588582,h1-h35,-0.0015874333333333393
ip_shuffle,20260623T103727_373456,2,1,38,1,h37,,2026-06-23T10:37:27,h37,0.009636246709987334,h1-h2,-0.04826595
route_mutation,20260623T103825_178846,7,6,38,6,,h1-h32,2026-06-23T10:38:25,h35,-0.012087387865768545,h1-h32,0.0076258199999999915
route_mutation,20260623T103855_579608,3,2,38,2,,,2026-06-23T10:38:55,h35,-0.0021105714430454114,h1-h38,-0.0282541
ip_shuffle,20260623T103925_919645,11,10,38,10,h35|h33,,2026-06-23T10:39:25,h35,0.017576016794652982,h1-h10,-0.04826595
route_mutation,20260623T104029_967290,5,4,38,4,,,2026-06-23T10:40:29,h30,-0.013511040570071936,h1-h37,-0.014924716666666664
ip_shuffle,20260623T104100_280691,4,3,38,3,h30,,2026-06-23T10:41:00,h30,0.0023688931815452896,h1-h2,-0.04826595
ip_shuffle,20260623T104157_937698,7,6,38,6,h32|h34,,2026-06-23T10:41:57,h32,0.030894227376131927,h1-h35,-0.0015953333333333305
route_mutation,20260623T104302_048821,17,16,38,16,,,2026-06-23T10:43:02,h36,-0.008254320005184973,h1-h10,-0.04826595
ip_shuffle,20260623T104332_400532,6,5,38,5,h36,,2026-06-23T10:43:32,h36,0.0019301743116448833,h1-h33,-0.0077287499999999995
route_mutation,20260623T104430_109793,2,1,38,1,,,2026-06-23T10:44:30,h37,-0.0054105669169840775,h1-h2,-0.048269900000000004
ip_shuffle,20260623T104500_421156,17,16,38,16,h37,,2026-06-23T10:45:00,h37,0.009468904317203125,h1-h12,-0.048269900000000004
ip_shuffle,20260623T104557_967744,0,0,38,0,h35,,2026-06-23T10:45:57,h35,0.004288378418575989,,
ip_shuffle,20260623T104655_667375,8,7,38,7,h32,,2026-06-23T10:46:55,h32,0.016498153309300656,h1-h30,-0.024051194444444444
ip_shuffle,20260623T104753_539605,10,9,38,9,h38|h30,,2026-06-23T10:47:53,h38,0.025914485847531893,h1-h10,-0.04827385
route_mutation,20260623T104857_713582,5,4,38,4,,,2026-06-23T10:48:57,h33,-0.007031121519254724,h1-h37,-0.01438751666666667
ip_shuffle,20260623T104928_001955,9,8,38,8,h33,,2026-06-23T10:49:28,h33,0.005114081088450878,h1-h2,-0.0482778
ip_shuffle,20260623T105025_742111,8,8,38,7,h34,,2026-06-23T10:50:25,h34,0.028739227322306493,h1-h35,-0.001058133333333336
route_mutation,20260623T105123_423230,16,15,38,15,,,2026-06-23T10:51:23,h39,-0.02095321651737425,h1-h11,-0.0482778
ip_shuffle,20260623T105153_734608,8,8,38,7,h32,,2026-06-23T10:51:53,h32,0.01671803200000002,h1-h35,-0.001058133333333336
ip_shuffle,20260623T105251_486681,12,11,38,11,h35,,2026-06-23T10:52:51,h35,0.013671555707230859,h1-h10,-0.04827385
ip_shuffle,20260623T105349_144682,4,3,38,3,h37,,2026-06-23T10:53:49,h37,0.004227193609143726,h1-h37,-0.01438751666666667
ip_shuffle,20260623T105446_870927,17,16,38,16,h30|h28|h36,,2026-06-23T10:54:46,h30,0.037172365050674894,h1-h12,-0.048269900000000004
route_mutation,20260623T105557_823795,4,3,38,3,,,2026-06-23T10:55:57,h39,-0.00697284404088469,h1-h2,-0.04827385
route_mutation,20260623T105628_147418,15,14,38,14,,,2026-06-23T10:56:28,h33,-0.00226201329702444,h1-h28,-0.047724800000000005
ip_shuffle,20260623T105658_440830,5,4,38,4,h33,,2026-06-23T10:56:58,h33,0.015140353904716602,h1-h35,-0.001058133333333336
ip_shuffle,20260623T105756_098166,11,10,38,10,h32,,2026-06-23T10:57:56,h32,0.007535355546554462,h1-h10,-0.048269900000000004
ip_shuffle,20260623T105853_810294,3,2,38,2,h38,,2026-06-23T10:58:53,h38,0.007718897470553682,h1-h38,-0.027724799999999997
ip_shuffle,20260623T105951_521096,11,10,38,10,h35|h30,,2026-06-23T10:59:51,h35,0.006838607641785038,h1-h16,-0.0482778
ip_shuffle,20260623T110055_511114,0,0,38,0,h34,,2026-06-23T11:00:55,h34,0.026150563562614887,,
route_mutation,20260623T110153_323856,10,9,38,9,,h1-h30,2026-06-23T11:01:53,h39,-0.008344125702805072,h1-h30,0.0056045833333333295
ip_shuffle,20260623T110223_736780,5,4,38,4,h36,,2026-06-23T11:02:23,h36,0.0019975243929026,h1-h37,-0.014391466666666665
ip_shuffle,20260623T110321_422094,16,15,38,15,h37,,2026-06-23T11:03:21,h37,0.0055702868336649225,h1-h13,-0.04827385
ip_shuffle,20260623T110418_958307,0,0,38,0,h32,,2026-06-23T11:04:18,h32,0.0017975997618220052,,
route_mutation,20260623T110516_636956,6,5,38,5,,,2026-06-23T11:05:16,h31,-0.006848668753751369,h1-h32,-0.033537586666666674
ip_shuffle,20260623T110546_938491,5,4,38,4,h30|h33,,2026-06-23T11:05:46,h30,0.006193736613021611,h1-h37,-0.014928666666666666
ip_shuffle,20260623T110651_137149,13,12,38,12,h35,,2026-06-23T11:06:51,h35,0.019068216362345902,h1-h28,-0.048262
route_mutation,20260623T110748_879335,4,3,38,3,,,2026-06-23T11:07:48,h34,-0.01326847460965963,h1-h2,-0.04827385
ip_shuffle,20260623T110819_194279,9,8,38,8,h34,,2026-06-23T11:08:19,h34,0.002772617721760323,h1-h15,-0.048269900000000004
route_mutation,20260623T110916_834366,5,4,38,4,,,2026-06-23T11:09:16,h37,-0.014797306878829436,h1-h35,-0.0010541833333333403
ip_shuffle,20260623T110947_216080,11,10,38,10,h37,,2026-06-23T11:09:47,h37,0.0033079969373066564,h1-h10,-0.04827385
ip_shuffle,20260623T111045_013372,6,6,38,5,h38,,2026-06-23T11:10:45,h38,0.005893491810505053,h1-h35,-0.0010541833333333403
ip_shuffle,20260623T111142_777290,14,13,38,13,h30,,2026-06-23T11:11:42,h30,2.5105540033126816e-05,h1-h15,-0.04827385
ip_shuffle,20260623T111240_280250,0,0,38,0,h35|h32,,2026-06-23T11:12:40,h35,0.009529338821751998,,
route_mutation,20260623T111344_495406,6,5,38,5,,,2026-06-23T11:13:44,h39,-0.024062255331293664,h1-h35,-0.0010541833333333403
ip_shuffle,20260623T111414_861453,2,1,38,1,h33,,2026-06-23T11:14:14,h33,0.001913069472815665,h1-h39,-0.041054183333333334
route_mutation,20260623T111512_511608,10,9,38,9,,,2026-06-23T11:15:12,h36,-0.0011376552425219066,h1-h32,-0.00017983999999999362
ip_shuffle,20260623T111542_874058,5,4,38,4,h30,,2026-06-23T11:15:42,h30,0.004392418518518487,h1-h37,-0.01438751666666667
route_mutation,20260623T111640_599081,16,15,38,15,,,2026-06-23T11:16:40,h36,-0.0010074963291142047,h1-h13,-0.048269900000000004
ip_shuffle,20260623T111710_900159,6,5,38,5,h34,,2026-06-23T11:17:10,h34,0.004659754210920908,h1-h32,0.003968416666666669
route_mutation,20260623T111808_533701,14,13,38,13,,,2026-06-23T11:18:08,h32,-0.0027119925300662373,h1-h10,-0.048269900000000004
ip_shuffle,20260623T111838_837947,7,6,38,6,h32|h37|h35,,2026-06-23T11:18:38,h32,0.01708192665719177,h1-h32,0.008119833333333326
ip_shuffle,20260623T111949_710991,11,10,38,10,h36|h38,,2026-06-23T11:19:49,h36,0.015094421559046112,h1-h10,-0.048269900000000004
ip_shuffle,20260623T112053_832530,4,3,38,3,h28|h33,,2026-06-23T11:20:53,h28,0.0009172488816204805,h1-h37,-0.01438751666666667
route_mutation,20260623T112157_918972,10,9,38,9,,,2026-06-23T11:21:57,h39,-0.0041271612245669664,h1-h30,-0.014936566666666665
route_mutation,20260623T112228_228635,5,4,38,4,,,2026-06-23T11:22:28,h30,-0.0008739915813214816,h1-h37,-0.014391466666666665
ip_shuffle,20260623T112258_536143,2,1,38,1,h30,,2026-06-23T11:22:58,h30,0.01653092956133706,h1-h2,-0.04827385
route_mutation,20260623T112356_175160,8,7,38,7,,h1-h32,2026-06-23T11:23:56,h34,-0.0005054580297463029,h1-h32,0.012271249999999997
ip_shuffle,20260623T112426_387768,0,0,38,0,h34|h32,,2026-06-23T11:24:26,h34,0.017193620828828804,,
ip_shuffle,20260623T112530_506588,5,4,38,4,h35|h37,,2026-06-23T11:25:30,h35,0.021834280606211953,h1-h30,-0.04258605555555556
route_mutation,20260623T112634_891810,2,1,38,1,,,2026-06-23T11:26:34,h29,-0.009455318786540962,h1-h2,-0.04827385
ip_shuffle,20260623T112705_213354,15,14,38,14,h33,,2026-06-23T11:27:05,h33,0.004497962146551154,h1-h13,-0.04827385
route_mutation,20260623T112802_945879,0,0,38,0,,,2026-06-23T11:28:02,h29,-0.008277117014528906,,
route_mutation,20260623T112833_254001,14,13,38,13,,,2026-06-23T11:28:33,h30,-0.004802095183612465,h1-h16,-0.04827385
ip_shuffle,20260623T112903_557249,8,8,38,7,h30,,2026-06-23T11:29:03,h30,0.014717710409840185,h1-h35,-0.001058133333333336
route_mutation,20260623T113001_175252,9,8,38,8,,,2026-06-23T11:30:01,h35,-0.00360493245369356,h1-h2,-0.04827385
ip_shuffle,20260623T113031_486645,13,12,38,12,h35|h34,,2026-06-23T11:30:31,h35,0.019359149567858974,h1-h28,-0.04772875
ip_shuffle,20260623T113135_639533,0,0,38,0,h32|h38|h37,,2026-06-23T11:31:35,h32,0.0374217047452971,,
route_mutation,20260623T113246_210646,5,5,38,4,,,2026-06-23T11:32:46,h36,-0.003550258675407647,h1-h33,-0.007724799999999997
route_mutation,20260623T113316_539110,2,1,38,1,,,2026-06-23T11:33:16,h36,-0.0036281302665813753,h1-h39,-0.041054183333333334
ip_shuffle,20260623T113346_891431,15,14,38,14,h33|h30,,2026-06-23T11:33:46,h33,0.009499588483762145,h1-h10,-0.048269900000000004
ip_shuffle,20260623T113451_118920,3,2,38,2,h36|h39,,2026-06-23T11:34:51,h36,0.020364400768031254,h1-h38,-0.028262
route_mutation,20260623T113555_189034,12,11,38,11,,,2026-06-23T11:35:55,h28,-0.01879897261334211,h1-h30,-0.01695957
route_mutation,20260623T113625_497241,3,2,38,2,,,2026-06-23T11:36:25,h31,-0.00787287708788209,h1-h38,-0.028262
ip_shuffle,20260623T113655_799560,7,6,38,6,h32,,2026-06-23T11:36:55,h32,0.014023731374807918,h1-h2,-0.048269900000000004
ip_shuffle,20260623T113753_488357,7,6,38,6,h35,,2026-06-23T11:37:53,h35,0.015350770133557179,h1-h35,-0.0015913833333333419
ip_shuffle,20260623T113851_158114,14,13,38,13,h37,,2026-06-23T11:38:51,h37,0.0014170180305021207,h1-h10,-0.04826595
ip_shuffle,20260623T113948_834439,3,2,38,2,h30,,2026-06-23T11:39:48,h30,0.020756944321759285,h1-h38,-0.0282541
ip_shuffle,20260623T114046_487549,14,13,38,13,h33|h34,,2026-06-23T11:40:46,h33,0.011026293193491438,h1-h28,-0.048258050000000004
route_mutation,20260623T114150_829738,3,2,38,2,,,2026-06-23T11:41:50,h38,-0.004204910684734026,h1-h2,-0.048269900000000004
ip_shuffle,20260623T114221_124449,16,15,38,15,h38,,2026-06-23T11:42:21,h38,0.007107623320568329,h1-h13,-0.04826595
ip_shuffle,20260623T114318_734481,0,0,38,0,h32,,2026-06-23T11:43:18,h32,0.003302090494473775,,
route_mutation,20260623T114416_543509,10,9,38,9,,h1-h30,2026-06-23T11:44:16,h35,-0.005866773258373398,h1-h30,0.005612483333333328
ip_shuffle,20260623T114446_869089,5,4,38,4,h35,,2026-06-23T11:44:46,h35,0.013416267210638294,h1-h37,-0.01438751666666667
route_mutation,20260623T114544_638629,13,12,38,12,,,2026-06-23T11:45:44,h30,-0.0018641029424193156,h1-h11,-0.048269900000000004
ip_shuffle,20260623T114614_952994,8,8,38,7,h33|h36,,2026-06-23T11:46:14,h33,0.01607977511111111,h1-h35,-0.0010620833333333385
ip_shuffle,20260623T114719_151532,15,14,38,14,h34,,2026-06-23T11:47:19,h34,0.010038333807957489,h1-h10,-0.04826595
ip_shuffle,20260623T114816_820359,6,6,38,5,h30,,2026-06-23T11:48:16,h30,0.0036432942352648268,h1-h35,-0.001066033333333341
ip_shuffle,20260623T114914_671024,15,14,38,14,h37|h29,,2026-06-23T11:49:14,h37,0.06941271338173813,h1-h10,-0.048269900000000004
ip_shuffle,20260623T115018_659210,0,0,38,0,h32,,2026-06-23T11:50:18,h32,0.007552028143666206,,
route_mutation,20260623T115116_279176,10,9,38,9,,,2026-06-23T11:51:16,h35,-0.011257479965790795,h1-h32,-0.02094192666666667
ip_shuffle,20260623T115146_589140,3,2,38,2,h35,,2026-06-23T11:51:46,h35,0.007203741361699101,h1-h38,-0.0277327
route_mutation,20260623T115244_292715,14,13,38,13,,,2026-06-23T11:52:44,h38,-0.008520038199118535,h1-h14,-0.04827385
ip_shuffle,20260623T115314_581029,8,8,38,7,h33|h38,,2026-06-23T11:53:14,h33,0.0028682177377833407,h1-h35,-0.001066033333333341
ip_shuffle,20260623T115418_684131,14,13,38,13,h34,,2026-06-23T11:54:18,h34,0.0026240352326380167,h1-h12,-0.048269900000000004
ip_shuffle,20260623T115516_332699,2,1,38,1,h30,,2026-06-23T11:55:16,h30,0.004831452525312557,h1-h39,-0.04105023333333333
route_mutation,20260623T115614_061999,11,10,38,10,,,2026-06-23T11:56:14,h32,-0.0013708967788237658,h1-h30,-0.02962883888888889
ip_shuffle,20260623T115644_348320,5,4,38,4,h32|h37,,2026-06-23T11:56:44,h32,0.018776255609617737,h1-h37,-0.01438751666666667
route_mutation,20260623T115748_577901,12,11,38,11,,,2026-06-23T11:57:48,h35,-0.003684492461306893,h1-h28,-0.047724800000000005
ip_shuffle,20260623T115818_867511,6,5,38,5,h35,,2026-06-23T11:58:18,h35,0.01605166741652289,h1-h35,-0.001058133333333336
ip_shuffle,20260623T115916_636773,16,15,38,15,h36,,2026-06-23T11:59:16,h36,0.0056057769712670735,h1-h10,-0.048269900000000004
ip_shuffle,20260623T120014_263733,4,3,38,3,h33,,2026-06-23T12:00:14,h33,0.0028477586638199492,h1-h37,-0.01438751666666667
ip_shuffle,20260623T120111_879821,15,14,38,14,h34,,2026-06-23T12:01:11,h34,0.01764733748148148,h1-h14,-0.048269900000000004
route_mutation,20260623T120209_433260,0,0,38,0,,,2026-06-23T12:02:09,h30,-0.0005105054134605103,,
ip_shuffle,20260623T120239_749793,16,15,38,15,h30|h2|h15,,2026-06-23T12:02:39,h30,0.03944856586415041,h1-h10,-0.04827385
ip_shuffle,20260623T120350_255926,0,0,38,0,h38|h32|h29,,2026-06-23T12:03:50,h38,0.019692700512865507,,
route_mutation,20260623T120500_941238,7,6,38,6,,h1-h32,2026-06-23T12:05:00,h39,0.0009736782783668629,h1-h32,0.011741949999999994
ip_shuffle,20260623T120531_174008,0,0,38,0,h35|h37|h39,,2026-06-23T12:05:31,h35,0.012338799504870351,,
route_mutation,20260623T120641_819832,8,8,38,7,,,2026-06-23T12:06:41,h28,-0.03167450809665774,h1-h35,-0.0015913833333333419
route_mutation,20260623T120712_015193,0,0,38,0,,,2026-06-23T12:07:12,h33,-0.020277505988311142,,
route_mutation,20260623T120742_302509,16,15,38,15,,,2026-06-23T12:07:42,h33,-0.00504447712067585,h1-h10,-0.0482778
ip_shuffle,20260623T120812_622318,5,4,38,4,h34|h33,,2026-06-23T12:08:12,h34,0.010205644428904426,h1-h30,-0.042656628888888895
ip_shuffle,20260623T120917_054596,2,1,38,1,h30,,2026-06-23T12:09:17,h30,0.00820769474108518,h1-h2,-0.04827385
ip_shuffle,20260623T121014_758144,8,8,38,7,h32,,2026-06-23T12:10:14,h32,0.01748203068653198,h1-h35,-0.0015834833333333367
ip_shuffle,20260623T121112_469238,7,6,38,6,h36|h35,,2026-06-23T12:11:12,h36,0.0012211598051291017,h1-h2,-0.0482778
ip_shuffle,20260623T121216_652399,7,7,38,7,h37,,2026-06-23T12:12:16,h37,0.02030901612655872,h1-h35,-0.0015795333333333411
route_mutation,20260623T121314_358523,15,14,38,14,,,2026-06-23T12:13:14,h28,-0.027207971024499025,h1-h12,-0.04827385
route_mutation,20260623T121344_693579,7,7,38,7,,,2026-06-23T12:13:44,h28,-0.026828510025584937,h1-h35,-0.0015874333333333393
ip_shuffle,20260623T121414_847975,0,0,38,0,h38,,2026-06-23T12:14:14,h38,0.01276387170496307,,
ip_shuffle,20260623T121512_593282,7,6,38,6,h33,,2026-06-23T12:15:12,h33,0.012335174920516945,h1-h33,-0.007716899999999999
ip_shuffle,20260623T121610_314831,7,6,38,6,h30,,2026-06-23T12:16:10,h30,0.004689295000975147,h1-h2,-0.048269900000000004
ip_shuffle,20260623T121708_080992,7,6,38,6,h32|h35|h39,,2026-06-23T12:17:08,h32,0.028697023111229236,h1-h35,-0.0010502333333333377
ip_shuffle,20260623T121818_714107,14,13,38,13,h34,,2026-06-23T12:18:18,h34,0.006407510870199973,h1-h28,-0.047712950000000004
route_mutation,20260623T121916_210555,0,0,38,0,,,2026-06-23T12:19:16,h37,-0.017413119903198424,,
route_mutation,20260623T121946_517034,14,13,38,13,,,2026-06-23T12:19:46,h37,-0.0019210667298742157,h1-h10,-0.048269900000000004
ip_shuffle,20260623T122016_861116,5,4,38,4,h37,,2026-06-23T12:20:16,h37,0.013308427714325083,h1-h30,-0.005510013333333334
route_mutation,20260623T122114_383280,0,0,38,0,,,2026-06-23T12:21:14,h33,-0.017657813060404648,,
ip_shuffle,20260623T122144_692600,15,14,38,14,h32,,2026-06-23T12:21:44,h32,0.0028408422077151607,h1-h10,-0.048269900000000004
ip_shuffle,20260623T122242_376111,2,1,38,1,h33|h30,,2026-06-23T12:22:42,h33,0.014097927215344364,h1-h39,-0.041054183333333334
ip_shuffle,20260623T122346_378464,12,11,38,11,h35,,2026-06-23T12:23:46,h35,0.0009157980837720403,h1-h28,-0.047724800000000005
route_mutation,20260623T122443_899485,0,0,38,0,,,2026-06-23T12:24:43,h36,-0.0013982002020201945,,
ip_shuffle,20260623T122514_181623,6,5,38,5,h34,,2026-06-23T12:25:14,h34,0.012373766666666675,h1-h13,-0.04826595
ip_shuffle,20260623T122611_824018,4,3,38,3,h38,,2026-06-23T12:26:11,h38,0.007030403153658771,h1-h37,-0.014391466666666665
ip_shuffle,20260623T122709_579760,16,15,38,15,h32|h36,,2026-06-23T12:27:09,h32,0.0015200391178707418,h1-h28,-0.0477327
route_mutation,20260623T122813_693792,2,1,38,1,,,2026-06-23T12:28:13,h37,-0.01937011659266931,h1-h2,-0.04826595
route_mutation,20260623T122844_000269,8,7,38,7,,,2026-06-23T12:28:44,h30,-0.007938254632822522,h1-h10,-0.04826595
ip_shuffle,20260623T122914_351576,9,8,38,8,h35|h30,,2026-06-23T12:29:14,h35,0.012835857076363005,h1-h30,0.005600633333333327
route_mutation,20260623T123018_408446,13,12,38,12,,,2026-06-23T12:30:18,h33,-0.004537562586297478,h1-h10,-0.048269900000000004
ip_shuffle,20260623T123048_780083,12,11,38,11,h33,,2026-06-23T12:30:48,h33,0.005341773042616904,h1-h30,0.005063433333333332
ip_shuffle,20260623T123146_447147,4,3,38,3,h37,,2026-06-23T12:31:46,h37,0.004257275250601683,h1-h2,-0.04826595
ip_shuffle,20260623T123244_170156,9,9,38,8,h32|h34|h2,,2026-06-23T12:32:44,h32,0.02366406832978879,h1-h30,0.005067383333333335
ip_shuffle,20260623T123354_804060,15,14,38,14,h15,,2026-06-23T12:33:54,h15,0.013610012423469126,h1-h10,-0.04826595
route_mutation,20260623T123452_329388,0,0,38,0,,,2026-06-23T12:34:52,h7,-0.016060406345221767,,
route_mutation,20260623T123522_637375,15,14,38,14,,,2026-06-23T12:35:22,h30,-0.004682823595153901,h1-h10,-0.04826595
ip_shuffle,20260623T123552_932415,9,9,38,8,h30,,2026-06-23T12:35:52,h30,0.007512117747773939,h1-h30,0.005608533333333332
ip_shuffle,20260623T123650_595818,12,11,38,11,h33|h35|h38,,2026-06-23T12:36:50,h33,0.011946333285690974,h1-h10,-0.048269900000000004
ip_shuffle,20260623T123801_847647,5,4,38,4,h36,,2026-06-23T12:38:01,h36,0.012872918803170957,h1-h37,-0.014379616666666664
ip_shuffle,20260623T123859_566329,15,14,38,14,h32,,2026-06-23T12:38:59,h32,0.010891310055844872,h1-h10,-0.04826595
ip_shuffle,20260623T123957_308229,6,5,38,5,h39,,2026-06-23T12:39:57,h39,0.0009303945047835216,h1-h35,-0.0010462833333333352
route_mutation,20260623T124054_990969,15,14,38,14,,,2026-06-23T12:40:54,h37,-0.00109915343904754,h1-h13,-0.048262
ip_shuffle,20260623T124125_357150,8,7,38,7,h37|h34,,2026-06-23T12:41:25,h37,0.010726840265450566,h1-h35,-0.0010541833333333403
route_mutation,20260623T124229_547288,11,10,38,10,,,2026-06-23T12:42:29,h35,-0.026937927600833703,h1-h15,-0.048262
route_mutation,20260623T124259_860138,7,6,38,6,,,2026-06-23T12:42:59,h30,-0.004085128751079303,h1-h35,-0.0010541833333333403
ip_shuffle,20260623T124330_072096,0,0,38,0,h30|h35,,2026-06-23T12:43:30,h30,0.012811899599336124,,
ip_shuffle,20260623T124434_290808,8,7,38,7,h33,,2026-06-23T12:44:34,h33,0.014258546935112165,h1-h30,0.005608533333333332
ip_shuffle,20260623T124532_005937,12,11,38,11,h32,,2026-06-23T12:45:32,h32,0.018787000875134352,h1-h10,-0.048269900000000004
route_mutation,20260623T124629_616493,5,4,38,4,,,2026-06-23T12:46:29,h15,-0.03409214981926863,h1-h35,-0.001058133333333336
route_mutation,20260623T124659_810888,0,0,38,0,,,2026-06-23T12:46:59,h34,-0.028775087668457613,,
route_mutation,20260623T124730_163502,15,14,38,14,,,2026-06-23T12:47:30,h39,-0.022166025311268725,h1-h10,-0.04826595
route_mutation,20260623T124800_490959,8,7,38,7,,h1-h30,2026-06-23T12:48:00,h34,-0.009418177098264563,h1-h30,0.005600633333333327
ip_shuffle,20260623T124830_852099,2,1,38,1,h34,,2026-06-23T12:48:30,h34,0.00525845802765143,h1-h39,-0.04105813333333333
ip_shuffle,20260623T124928_780539,10,9,38,9,h33|h30,,2026-06-23T12:49:28,h33,0.0158669191111111,h1-h28,-0.0477327
ip_shuffle,20260623T125033_120563,8,7,38,7,h37|h38|h35,,2026-06-23T12:50:33,h37,0.019826639704058124,h1-h2,-0.048269900000000004
ip_shuffle,20260623T125143_738625,5,4,38,4,h32,,2026-06-23T12:51:43,h32,0.022955814134504343,h1-h37,-0.013850316666666668
route_mutation,20260623T125241_480379,17,16,38,16,,,2026-06-23T12:52:41,h39,-0.02247099951041999,h1-h11,-0.048262
route_mutation,20260623T125311_850120,4,3,38,3,,,2026-06-23T12:53:11,h39,-0.022535648856806742,h1-h33,-0.007183649999999993
ip_shuffle,20260623T125342_196819,5,4,38,4,h36,,2026-06-23T12:53:42,h36,0.0015509969464781448,h1-h37,-0.013850316666666668
ip_shuffle,20260623T125439_999277,9,8,38,8,h30,,2026-06-23T12:54:39,h30,0.0004924421735740536,h1-h15,-0.048262
ip_shuffle,20260623T125537_602900,0,0,38,0,h34|h33,,2026-06-23T12:55:37,h34,0.010349878192624895,,
route_mutation,20260623T125641_697520,8,7,38,7,,,2026-06-23T12:56:41,h35,-0.017363386781745094,h1-h33,-0.007187599999999995
ip_shuffle,20260623T125711_998945,2,1,38,1,h35,,2026-06-23T12:57:11,h35,0.0004457473077495999,h1-h39,-0.04051303333333334
ip_shuffle,20260623T125809_841204,15,14,38,14,h37,,2026-06-23T12:58:09,h37,0.04898162933333333,h1-h28,-0.04772875
ip_shuffle,20260623T125907_465454,0,0,38,0,h32,,2026-06-23T12:59:07,h32,0.019689900520065612,,
route_mutation,20260623T130005_194394,15,14,38,14,,,2026-06-23T13:00:05,h15,-0.010295342211067066,h1-h28,-0.0477327
route_mutation,20260623T130035_584027,7,7,38,6,,,2026-06-23T13:00:35,h30,-0.002914333528709734,h1-h35,-0.0010620833333333385
ip_shuffle,20260623T130105_923072,2,1,38,1,h30,,2026-06-23T13:01:05,h30,0.01677080625041394,h1-h2,-0.048269900000000004
ip_shuffle,20260623T130203_637145,5,4,38,4,h36|h15|h2,,2026-06-23T13:02:03,h36,0.0012449232263845034,h1-h35,-0.001066033333333341
route_mutation,20260623T130314_244065,14,13,38,13,,,2026-06-23T13:03:14,h33,-0.009620991311717259,h1-h13,-0.048269900000000004
route_mutation,20260623T130344_567955,7,6,38,6,,h1-h32,2026-06-23T13:03:44,h33,-0.0028147848622580574,h1-h32,0.003964993333333326
ip_shuffle,20260623T130414_912933,2,1,38,1,h33|h35,,2026-06-23T13:04:14,h33,0.01117350324464031,h1-h39,-0.04105813333333333
ip_shuffle,20260623T130519_169201,10,9,38,9,h32,,2026-06-23T13:05:19,h32,0.012096850427263994,h1-h33,-0.008261999999999992
ip_shuffle,20260623T130616_728670,0,0,38,0,h38|h34,,2026-06-23T13:06:16,h38,0.008553563345122556,,
ip_shuffle,20260623T130720_859543,6,5,38,5,h37,,2026-06-23T13:07:20,h37,0.009528578368832225,h1-h33,-0.008258049999999996
ip_shuffle,20260623T130818_616084,11,10,38,10,h36|h30,,2026-06-23T13:08:18,h36,0.008244769481481479,h1-h10,-0.048269900000000004
route_mutation,20260623T130922_820415,3,2,38,2,,,2026-06-23T13:09:22,h39,-0.030699141923027737,h1-h38,-0.02825015
route_mutation,20260623T130953_127702,8,7,38,7,,,2026-06-23T13:09:53,h39,-0.030557330237525895,h1-h2,-0.048269900000000004
route_mutation,20260623T131023_431501,12,11,38,11,,,2026-06-23T13:10:23,h39,-0.0032972082559813987,h1-h28,-0.0482541
ip_shuffle,20260623T131053_822812,5,4,38,4,h32,,2026-06-23T13:10:53,h32,0.01902841541804523,h1-h35,-0.0015874333333333393
ip_shuffle,20260623T131151_546938,14,13,38,13,h33|h35,,2026-06-23T13:11:51,h33,0.021942471273308617,h1-h10,-0.048269900000000004
route_mutation,20260623T131255_657949,3,2,38,2,,,2026-06-23T13:12:55,h30,-0.002482469681659466,h1-h37,-0.01438751666666667
ip_shuffle,20260623T131325_843014,0,0,38,0,h30|h37,,2026-06-23T13:13:25,h30,0.02071666325925925,,
ip_shuffle,20260623T131429_934743,5,4,38,4,h34,,2026-06-23T13:14:29,h34,0.006198909787937218,h1-h33,-0.007720850000000001
route_mutation,20260623T131527_689455,12,11,38,11,,,2026-06-23T13:15:27,h15,-0.01404759220972887,h1-h10,-0.04827385
route_mutation,20260623T131557_991368,12,11,38,11,,,2026-06-23T13:15:57,h15,-0.013732809780397565,h1-h30,-0.012927644444444449
ip_shuffle,20260623T131628_315891,6,6,38,5,h32,,2026-06-23T13:16:28,h32,0.00041141553648596507,h1-h37,-0.014391466666666665
ip_shuffle,20260623T131725_992011,16,15,38,15,h38,,2026-06-23T13:17:25,h38,0.008832917718855221,h1-h16,-0.048269900000000004
ip_shuffle,20260623T131823_669071,0,0,38,0,h35|h36|h33,,2026-06-23T13:18:23,h35,0.02517622482150289,,
ip_shuffle,20260623T131934_348498,6,7,38,5,h37,,2026-06-23T13:19:34,h37,0.0014552778480201312,h1-h35,-0.0010541833333333403
ip_shuffle,20260623T132031_989327,15,14,38,14,h30,,2026-06-23T13:20:31,h30,0.011894181180800711,h1-h10,-0.04827385
ip_shuffle,20260623T132129_596527,2,1,38,1,h34,,2026-06-23T13:21:29,h34,0.011999442873437516,h1-h39,-0.041591383333333336
route_mutation,20260623T132227_241127,16,15,38,15,,,2026-06-23T13:22:27,h39,-0.008808001948172994,h1-h28,-0.04826595
ip_shuffle,20260623T132257_534650,7,7,38,6,h39|h32,,2026-06-23T13:22:57,h39,0.013715229671774826,h1-h35,-0.0015953333333333305
route_mutation,20260623T132401_599177,11,10,38,10,,,2026-06-23T13:24:01,h38,-0.027183992308627586,h1-h12,-0.04826595
route_mutation,20260623T132431_950856,6,5,38,5,,h1-h30,2026-06-23T13:24:31,h35,-0.008319727861044235,h1-h30,0.005067383333333335
ip_shuffle,20260623T132502_470152,2,1,38,1,h35|h38,,2026-06-23T13:25:02,h35,0.010768331058887193,h1-h39,-0.04159533333333333
ip_shuffle,20260623T132606_627196,6,5,38,5,h37|h30,,2026-06-23T13:26:06,h37,0.015150314928924824,h1-h32,-0.04176879333333334
route_mutation,20260623T132710_732980,6,5,38,5,,,2026-06-23T13:27:10,h36,-0.00798953831199653,h1-h2,-0.048269900000000004
route_mutation,20260623T132741_034680,15,14,38,14,,,2026-06-23T13:27:41,h33,-0.005157620804838725,h1-h28,-0.0477327
ip_shuffle,20260623T132811_327877,4,3,38,3,h33|h32,,2026-06-23T13:28:11,h33,0.0071803297294066315,h1-h35,-0.001066033333333341
ip_shuffle,20260623T132915_494220,12,11,38,11,h34,,2026-06-23T13:29:15,h34,0.002728779160564354,h1-h10,-0.04826595
route_mutation,20260623T133013_189119,3,2,38,2,,,2026-06-23T13:30:13,h36,-0.0010073262048088671,h1-h38,-0.02772085
route_mutation,20260623T133043_497241,10,9,38,9,,,2026-06-23T13:30:43,h30,-0.0024128284288041923,h1-h10,-0.04826595
ip_shuffle,20260623T133113_871562,11,10,38,10,h30,,2026-06-23T13:31:13,h30,0.02072351782147877,h1-h28,-0.04772875
ip_shuffle,20260623T133211_405573,0,0,38,0,h35,,2026-06-23T13:32:11,h35,0.017547444435538156,,
ip_shuffle,20260623T133309_127731,9,8,38,8,h37,,2026-06-23T13:33:09,h37,0.005935877829281372,h1-h33,-0.007720850000000001
ip_shuffle,20260623T133406_727646,2,1,38,1,h36,,2026-06-23T13:34:06,h36,0.005219747750322967,h1-h2,-0.048269900000000004
ip_shuffle,20260623T133504_535050,8,8,38,7,h33|h32,,2026-06-23T13:35:04,h33,0.0317076236850905,h1-h35,-0.0010502333333333377
route_mutation,20260623T133608_730723,15,14,38,14,,,2026-06-23T13:36:08,h34,-0.004470534676198679,h1-h10,-0.04826595
ip_shuffle,20260623T133639_052311,8,8,38,7,h34|h38,,2026-06-23T13:36:39,h34,0.012661004489276484,h1-h35,-0.0010541833333333403
ip_shuffle,20260623T133743_171254,11,10,38,10,h30,,2026-06-23T13:37:43,h30,0.002683793573913018,h1-h12,-0.048269900000000004
route_mutation,20260623T133840_829413,2,1,38,1,,,2026-06-23T13:38:40,h35,-0.01104627860386484,h1-h39,-0.04105023333333333
ip_shuffle,20260623T133911_143628,9,8,38,8,h35,,2026-06-23T13:39:11,h35,0.007620658108753481,h1-h2,-0.04827385
ip_shuffle,20260623T134008_819374,6,6,38,5,h37,,2026-06-23T13:40:08,h37,0.023462547777013898,h1-h35,-0.0010541833333333403
ip_shuffle,20260623T134106_562607,15,14,38,14,h32,,2026-06-23T13:41:06,h32,0.012154179733497361,h1-h10,-0.04827385
ip_shuffle,20260623T134204_102280,0,0,38,0,h33,,2026-06-23T13:42:04,h33,0.012410866767873924,,
route_mutation,20260623T134301_749610,15,14,38,14,,,2026-06-23T13:43:01,h34,-0.009369376649626171,h1-h28,-0.0477327
ip_shuffle,20260623T134332_057752,8,8,38,7,h34,,2026-06-23T13:43:32,h34,0.009586525501267984,h1-h35,-0.001058133333333336
ip_shuffle,20260623T134429_762035,14,13,38,13,h36|h30,,2026-06-23T13:44:29,h36,0.031785465171361826,h1-h10,-0.04827385
route_mutation,20260623T134533_873624,0,0,38,0,,,2026-06-23T13:45:33,h35,-0.018858622185993976,,
route_mutation,20260623T134604_194943,15,14,38,14,,,2026-06-23T13:46:04,h35,-0.0015147885830236463,h1-h10,-0.04827385
ip_shuffle,20260623T134634_475432,8,7,38,7,h35|h32,,2026-06-23T13:46:34,h35,0.015865557012085807,h1-h32,0.0122752
ip_shuffle,20260623T134738_583407,7,6,38,6,h37,,2026-06-23T13:47:38,h37,0.01483654180574584,h1-h2,-0.04827385
ip_shuffle,20260623T134836_237276,7,6,38,6,h38,,2026-06-23T13:48:36,h38,0.0043710723154122,h1-h35,-0.0010502333333333377
ip_shuffle,20260623T134934_005256,14,13,38,13,h30|h33,,2026-06-23T13:49:34,h30,0.008910795106515684,h1-h10,-0.04826595
route_mutation,20260623T135037_886797,0,0,38,0,,,2026-06-23T13:50:37,h39,-0.01834047786298819,,
route_mutation,20260623T135108_176237,10,9,38,9,,,2026-06-23T13:51:08,h32,-0.01634845597205367,h1-h10,-0.048269900000000004
ip_shuffle,20260623T135138_463463,12,11,38,11,h32,,2026-06-23T13:51:38,h32,0.008680508762511474,h1-h30,-0.01492866666666666
ip_shuffle,20260623T135236_148921,0,0,38,0,h35,,2026-06-23T13:52:36,h35,0.020842305702492653,,
ip_shuffle,20260623T135333_864211,12,11,38,11,h34,,2026-06-23T13:53:33,h34,0.006250319080299271,h1-h30,-0.014932616666666662
route_mutation,20260623T135431_529369,2,1,38,1,,,2026-06-23T13:54:31,h39,-0.014092440891593255,h1-h2,-0.048269900000000004
route_mutation,20260623T135501_885608,17,16,38,16,,,2026-06-23T13:55:01,h37,-0.0036758438586005915,h1-h10,-0.04826595
ip_shuffle,20260623T135532_235668,9,8,38,8,h30|h37|h33,,2026-06-23T13:55:32,h30,0.03006331671129195,h1-h32,0.012279149999999996
ip_shuffle,20260623T135642_869951,13,12,38,12,h32|h36,,2026-06-23T13:56:42,h32,0.0030305838291068143,h1-h11,-0.04826595
route_mutation,20260623T135746_795226,0,0,38,0,,,2026-06-23T13:57:46,h39,-0.016743227023431256,,
route_mutation,20260623T135817_095144,13,12,38,12,,,2026-06-23T13:58:17,h38,-0.016506810090314752,h1-h10,-0.048269900000000004
route_mutation,20260623T135847_409805,8,7,38,7,,h1-h32,2026-06-23T13:58:47,h38,-0.00609600138356281,h1-h32,0.012279149999999996
route_mutation,20260623T135917_797063,5,5,38,4,,,2026-06-23T13:59:17,h39,-0.016948926678830162,h1-h37,-0.014379616666666664
route_mutation,20260623T135948_125790,5,4,38,4,,,2026-06-23T13:59:48,h35,-0.012802922154507207,h1-h2,-0.048269900000000004
ip_shuffle,20260623T140018_470345,15,14,38,14,h30|h35,,2026-06-23T14:00:18,h30,0.0030217205614991305,h1-h28,-0.04772085
ip_shuffle,20260623T140122_526406,4,3,38,3,h37,,2026-06-23T14:01:22,h37,0.005324463925910017,h1-h2,-0.048269900000000004
ip_shuffle,20260623T140220_217607,8,8,38,7,h32|h33,,2026-06-23T14:02:20,h32,0.02835866580501098,h1-h35,-0.0010541833333333403
ip_shuffle,20260623T140324_318657,15,14,38,14,h38,,2026-06-23T14:03:24,h38,0.01589978181472096,h1-h11,-0.048269900000000004
ip_shuffle,20260623T140421_808903,0,0,38,0,h34,,2026-06-23T14:04:21,h34,0.006610289065540009,,
route_mutation,20260623T140519_506334,7,6,38,6,,,2026-06-23T14:05:19,h36,-0.007173389540248404,h1-h33,-0.007720850000000001
ip_shuffle,20260623T140549_859002,2,1,38,1,h36,,2026-06-23T14:05:49,h36,0.005079158655601712,h1-h39,-0.04105023333333333
ip_shuffle,20260623T140647_572441,15,14,38,14,h30,,2026-06-23T14:06:47,h30,0.012798103547198042,h1-h10,-0.04827385
ip_shuffle,20260623T140745_223714,2,1,38,1,h32,,2026-06-23T14:07:45,h32,0.01650424170027248,h1-h39,-0.04105023333333333
route_mutation,20260623T140843_010361,12,11,38,11,,,2026-06-23T14:08:43,h35,-0.0002889617176223547,h1-h30,-0.016637250000000006
ip_shuffle,20260623T140913_289539,6,5,38,5,h35,,2026-06-23T14:09:13,h35,0.015411840598741816,h1-h35,-0.001058133333333336
ip_shuffle,20260623T141010_950678,16,15,38,15,h37,,2026-06-23T14:10:10,h37,0.030340648640318185,h1-h10,-0.048269900000000004
ip_shuffle,20260623T141108_587417,4,3,38,3,h33|h38,,2026-06-23T14:11:08,h33,0.00253001152254384,h1-h37,-0.014391466666666665
ip_shuffle,20260623T141212_957122,11,10,38,10,h15|h39,,2026-06-23T14:12:12,h15,0.016637613780640548,h1-h30,-0.00594609333333334
route_mutation,20260623T141317_098255,7,6,38,6,,,2026-06-23T14:13:17,h34,-0.007470888888713251,h1-h2,-0.04827385
ip_shuffle,20260623T141347_395519,12,11,38,11,h30|h34|h32,,2026-06-23T14:13:47,h30,0.015617037120383148,h1-h28,-0.0477327
route_mutation,20260623T141458_129764,2,1,38,1,,,2026-06-23T14:14:58,h36,-0.018771430877971396,h1-h2,-0.04827385
route_mutation,20260623T141528_450710,16,15,38,15,,,2026-06-23T14:15:28,h35,-0.00662227841531246,h1-h12,-0.04827385
ip_shuffle,20260623T141558_760639,8,7,38,7,h35,,2026-06-23T14:15:58,h35,0.012812676914068233,h1-h30,0.001904984444444438
route_mutation,20260623T141656_498184,3,2,38,2,,,2026-06-23T14:16:56,h36,-0.007058681276605555,h1-h2,-0.048269900000000004
route_mutation,20260623T141726_860892,13,12,38,12,,,2026-06-23T14:17:26,h36,-0.003903922121672676,h1-h16,-0.048281750000000005
ip_shuffle,20260623T141757_246394,8,7,38,7,h33|h32|h37,,2026-06-23T14:17:57,h33,0.00960401014443829,h1-h35,-0.0010462833333333352
ip_shuffle,20260623T141908_083432,15,14,38,14,h36,,2026-06-23T14:19:08,h36,0.0056241661857798775,h1-h28,-0.0477169
ip_shuffle,20260623T142005_697266,0,0,38,0,h30,,2026-06-23T14:20:05,h30,0.00810578116101457,,
route_mutation,20260623T142103_410498,9,9,38,9,,h1-h30,2026-06-23T14:21:03,h34,0.004072949432218198,h1-h30,0.005620383333333333
ip_shuffle,20260623T142133_636106,0,0,38,0,h34|h38,,2026-06-23T14:21:33,h34,0.02009337950848844,,
ip_shuffle,20260623T142237_694618,5,5,38,5,h35,,2026-06-23T14:22:37,h35,0.018000517737062627,h1-h35,-0.0010541833333333403
route_mutation,20260623T142335_406162,12,11,38,11,,,2026-06-23T14:23:35,h32,-0.012071843314925723,h1-h10,-0.04826595
ip_shuffle,20260623T142405_772591,13,12,38,12,h32,,2026-06-23T14:24:05,h32,0.009580560280261552,h1-h28,-0.04772875
ip_shuffle,20260623T142503_504280,2,1,38,1,h37,,2026-06-23T14:25:03,h37,0.021618906455889042,h1-h2,-0.04827385
ip_shuffle,20260623T142601_214230,5,4,38,4,h33,,2026-06-23T14:26:01,h33,0.013261107144767609,h1-h33,-0.007724799999999997
ip_shuffle,20260623T142658_854737,10,9,38,9,h30,,2026-06-23T14:26:58,h30,0.0066895938417101675,h1-h10,-0.04827385
route_mutation,20260623T142756_476292,7,7,38,6,,,2026-06-23T14:27:56,h35,-0.016322931772224686,h1-h35,-0.0010620833333333385
ip_shuffle,20260623T142826_796067,2,1,38,1,h35,,2026-06-23T14:28:26,h35,0.004504926541846144,h1-h2,-0.0482778
ip_shuffle,20260623T142924_460387,8,7,38,7,h32,,2026-06-23T14:29:24,h32,0.003492033846153847,h1-h33,-0.007732700000000002
route_mutation,20260623T143022_263679,4,3,38,3,,,2026-06-23T14:30:22,h34,-0.003660603230216525,h1-h2,-0.0482778
ip_shuffle,20260623T143052_599625,15,14,38,14,h34,,2026-06-23T14:30:52,h34,0.010021156540566789,h1-h28,-0.047736650000000005
ip_shuffle,20260623T143150_088827,0,0,38,0,h36|h33,,2026-06-23T14:31:50,h36,0.03299104290395427,,
ip_shuffle,20260623T143254_174232,7,6,38,6,h37,,2026-06-23T14:32:54,h37,0.011149627982642574,h1-h35,-0.0015953333333333305
ip_shuffle,20260623T143352_032454,15,14,38,14,h38|h30|h39,,2026-06-23T14:33:52,h38,0.031082536216056472,h1-h10,-0.048269900000000004
route_mutation,20260623T143502_402070,0,0,38,0,,,2026-06-23T14:35:02,h32,-0.0017970770842636319,,
ip_shuffle,20260623T143532_734960,15,14,38,14,h32|h35,,2026-06-23T14:35:32,h32,0.021462153633764997,h1-h10,-0.048262
route_mutation,20260623T143636_890715,4,3,38,3,,,2026-06-23T14:36:36,h31,-0.007238437655636976,h1-h37,-0.014379616666666664
route_mutation,20260623T143707_228945,11,10,38,10,,,2026-06-23T14:37:07,h31,-0.00733432691192859,h1-h10,-0.04826595
route_mutation,20260623T143737_528862,15,14,38,14,,h1-h32,2026-06-23T14:37:37,h31,-0.006753919999999997,h1-h32,0.008130893333333326
ip_shuffle,20260623T143807_959254,4,3,38,3,h30,,2026-06-23T14:38:07,h30,0.0033704372836747543,h1-h35,-0.0010502333333333377
ip_shuffle,20260623T143905_698854,7,6,38,6,h34|h33,,2026-06-23T14:39:05,h34,0.03588719419298897,h1-h2,-0.04826595
ip_shuffle,20260623T144009_856296,5,4,38,4,h37,,2026-06-23T14:40:09,h37,0.028646332468634433,h1-h37,-0.01438751666666667
route_mutation,20260623T144107_561286,15,14,38,14,,,2026-06-23T14:41:07,h39,-0.023738297669610678,h1-h14,-0.04826595
route_mutation,20260623T144137_857410,8,7,38,7,,h30-h34,2026-06-23T14:41:37,h35,0.0047012339997597186,h30-h34,0.005055533333333334
ip_shuffle,20260623T144208_114050,0,0,38,0,h35|h32,,2026-06-23T14:42:08,h35,0.029770944529410315,,
route_mutation,20260623T144312_344759,8,8,38,8,,,2026-06-23T14:43:12,h36,-0.0029317733795199696,h1-h33,-0.008265949999999994
ip_shuffle,20260623T144342_630453,3,2,38,2,h30|h36,,2026-06-23T14:43:42,h30,0.013778692006038512,h1-h38,-0.028265949999999998
ip_shuffle,20260623T144446_713577,7,6,38,6,h38,,2026-06-23T14:44:46,h38,0.0028462440605274697,h1-h28,-0.04826595
ip_shuffle,20260623T144544_216265,0,0,38,0,h34,,2026-06-23T14:45:44,h34,0.011431226993036225,,
ip_shuffle,20260623T144641_945458,8,7,38,7,h33,,2026-06-23T14:46:41,h33,0.011685327898691922,h1-h35,-0.0015953333333333305
route_mutation,20260623T144739_612106,7,6,38,6,,,2026-06-23T14:47:39,h37,-0.011723126385625282,h1-h2,-0.04827385
ip_shuffle,20260623T144809_957395,9,8,38,8,h32|h37,,2026-06-23T14:48:09,h32,0.005438902942972362,h1-h28,-0.04826595
ip_shuffle,20260623T144914_286510,0,0,38,0,h35,,2026-06-23T14:49:14,h35,0.00411213108277958,,
ip_shuffle,20260623T145011_979085,14,13,38,13,h30,,2026-06-23T14:50:11,h30,0.01195809792369082,h1-h28,-0.04826595
route_mutation,20260623T145109_542684,0,0,38,0,,,2026-06-23T14:51:09,h2,-0.03855485516256939,,
route_mutation,20260623T145139_843417,13,12,38,12,,,2026-06-23T14:51:39,h33,-0.020699152159627685,h1-h10,-0.048262
route_mutation,20260623T145210_160706,8,7,38,7,,,2026-06-23T14:52:10,h33,-0.0006387965513968696,h1-h30,-0.0022783577777777814
ip_shuffle,20260623T145240_332659,0,0,38,0,h33|h32,,2026-06-23T14:52:40,h33,0.027720308888963846,,
route_mutation,20260623T145344_456316,9,8,38,8,,h1-h30,2026-06-23T14:53:44,h30,-0.02007273538876625,h1-h30,0.001392537777777772
ip_shuffle,20260623T145414_849439,2,1,38,1,h36|h37|h34,,2026-06-23T14:54:14,h36,0.04155405648021396,h1-h39,-0.041599283333333334
ip_shuffle,20260623T145525_634172,6,5,38,5,h30|h38|h35,,2026-06-23T14:55:25,h30,0.01639367171884326,h1-h32,-0.0006127599999999969
route_mutation,20260623T145636_258214,14,13,38,13,,,2026-06-23T14:56:36,h39,-0.008519422410963207,h1-h10,-0.048262
route_mutation,20260623T145706_569425,8,7,38,7,,h1-h32,2026-06-23T14:57:06,h39,-0.008614839370783195,h1-h32,0.003975263333333326
route_mutation,20260623T145736_934589,3,2,38,2,,,2026-06-23T14:57:36,h39,-0.008327541009026274,h1-h38,-0.027712949999999997
route_mutation,20260623T145807_231635,13,12,38,12,,,2026-06-23T14:58:07,h32,-0.002518593119365975,h1-h10,-0.04826595
ip_shuffle,20260623T145837_561752,9,8,38,8,h32,,2026-06-23T14:58:37,h32,0.017338008914296738,h1-h30,-0.04629250111111111
ip_shuffle,20260623T145935_186342,0,0,38,0,h30|h33,,2026-06-23T14:59:35,h30,0.008997262222222219,,
route_mutation,20260623T150039_418483,8,8,38,8,,,2026-06-23T15:00:39,h37,-0.00848786647865879,h1-h35,-0.0010423333333333326
ip_shuffle,20260623T150109_583334,0,0,38,0,h37|h35|h34,,2026-06-23T15:01:09,h37,0.008256169101889532,,
route_mutation,20260623T150220_295079,7,7,38,7,,,2026-06-23T15:02:20,h36,-0.04116248706274887,h1-h35,-0.0010423333333333326
route_mutation,20260623T150250_481171,0,0,38,0,,,2026-06-23T15:02:50,h39,-0.008448932067499304,,
ip_shuffle,20260623T150320_812634,12,11,38,11,h32,,2026-06-23T15:03:20,h32,0.012172711964601762,h1-h10,-0.048269900000000004
route_mutation,20260623T150418_519109,5,4,38,4,,,2026-06-23T15:04:18,h39,-0.0120741223928372,h1-h37,-0.01491286666666667
route_mutation,20260623T150448_697326,0,0,38,0,,,2026-06-23T15:04:48,h30,-0.0044014994466912705,,
ip_shuffle,20260623T150519_024466,12,11,38,11,h30,,2026-06-23T15:05:19,h30,0.015290741101970484,h1-h11,-0.048269900000000004
ip_shuffle,20260623T150616_574064,0,0,38,0,h33,,2026-06-23T15:06:16,h33,0.012125282824527378,,
ip_shuffle,20260623T150714_270979,10,9,38,9,h34|h39,,2026-06-23T15:07:14,h34,0.011051151095679446,h1-h30,-0.024294514444444446
ip_shuffle,20260623T150818_406941,9,8,38,8,h38,,2026-06-23T15:08:18,h38,0.01808941544930487,h1-h2,-0.04827385
ip_shuffle,20260623T150916_081548,7,6,38,6,h37|h32,,2026-06-23T15:09:16,h37,0.02136969288810517,h1-h35,-0.001058133333333336
ip_shuffle,20260623T151020_284228,15,14,38,14,h35,,2026-06-23T15:10:20,h35,0.0245503684668629,h1-h10,-0.04827385
route_mutation,20260623T151117_785902,0,0,38,0,,,2026-06-23T15:11:17,h36,-0.006705133544920888,,
ip_shuffle,20260623T151148_122300,15,14,38,14,h30,,2026-06-23T15:11:48,h30,0.013897452214504807,h1-h10,-0.04827385
ip_shuffle,20260623T151245_744020,4,3,38,3,h36,,2026-06-23T15:12:45,h36,0.020912969827020567,h1-h35,-0.001058133333333336
route_mutation,20260623T151343_426052,15,14,38,14,,,2026-06-23T15:13:43,h33,-0.010248699744780293,h1-h28,-0.0477327
ip_shuffle,20260623T151413_716780,8,8,38,7,h34,,2026-06-23T15:14:13,h34,0.014755344640770857,h1-h35,-0.0010620833333333385
ip_shuffle,20260623T151511_552100,14,13,38,13,h32|h37|h33,,2026-06-23T15:15:11,h32,0.02835444076397106,h1-h10,-0.048269900000000004
route_mutation,20260623T151622_153110,0,0,38,0,,,2026-06-23T15:16:22,h35,-0.009279594258022633,,
ip_shuffle,20260623T151652_513102,17,16,38,16,h35,,2026-06-23T15:16:52,h35,0.009698083345450415,h1-h10,-0.048269900000000004
route_mutation,20260623T151750_244163,5,5,38,4,,,2026-06-23T15:17:50,h30,-0.006227081210457702,h1-h37,-0.014391466666666665
ip_shuffle,20260623T151820_578035,2,1,38,1,h30|h38,,2026-06-23T15:18:20,h30,0.013100752606213434,h1-h2,-0.048269900000000004
route_mutation,20260623T151924_737698,7,7,38,6,,,2026-06-23T15:19:24,h32,-0.01385915312555655,h1-h35,-0.0010541833333333403
ip_shuffle,20260623T151954_985869,0,0,38,0,h32,,2026-06-23T15:19:54,h32,0.011578851177984906,,
route_mutation,20260623T152052_650239,5,4,38,4,,h1-h30,2026-06-23T15:20:52,h33,0.0003425868734194537,h1-h30,0.005612483333333328
ip_shuffle,20260623T152123_000096,4,3,38,3,h33,,2026-06-23T15:21:23,h33,0.020651574663039546,h1-h37,-0.014383566666666667
ip_shuffle,20260623T152220_805186,16,14,38,14,h2|h39,,2026-06-23T15:22:20,h2,0.28560666126000833,h2-h39,0.4064136666666666
route_mutation,20260623T152325_060201,2,1,38,1,,h2-h39,2026-06-23T15:23:25,h37,-0.02775610265495343,h2-h39,0.4081042666666666
route_mutation,20260623T152355_840540,10,8,38,8,,,2026-06-23T15:23:55,h35,-0.015926160154317387,h1-h12,-0.04827385
route_mutation,20260623T152426_156092,9,7,38,7,,,2026-06-23T15:24:26,h35,-0.0019729525286374394,h1-h30,-0.04632910444444445
route_mutation,20260623T152456_483807,5,4,38,4,,h1-h37|h1-h38|h1-h36|h1-h39,2026-06-23T15:24:56,h35,0.01185482567362331,h1-h37,0.3901556833333334
route_mutation,20260623T152526_857116,7,6,38,6,,h1-h2|h1-h3|h1-h4|h1-h5|h1-h6|h1-h7,2026-06-23T15:25:26,h35,0.025794593386319647,h1-h2,0.40481880000000003
ip_shuffle,20260623T152557_238419,15,14,38,14,h35|h2|h37,,2026-06-23T15:25:57,h35,0.03973246798583163,h1-h28,-0.04827385
route_mutation,20260623T152707_743518,10,9,38,9,,h1-h8|h1-h3|h1-h5|h1-h6|h1-h7,2026-06-23T15:27:07,h39,0.04437094725506624,h1-h8,0.40481880000000003
ip_shuffle,20260623T152738_095963,11,10,38,10,h39|h30|h32,,2026-06-23T15:27:38,h39,0.07092284679323788,h1-h30,-0.03164683888888889
ip_shuffle,20260623T152848_541064,0,0,38,0,h34,,2026-06-23T15:28:48,h34,0.009866908815374914,,
ip_shuffle,20260623T153224_515217,5,4,38,3,h38|h36|h33,,2026-06-23T15:32:24,h38,0.0134248688845576,h3-h12,-0.04881895
ip_shuffle,20260623T153335_070159,3,2,38,2,h3,,2026-06-23T15:33:35,h3,0.005377711921258355,h1-h38,-0.04108834
route_mutation,20260623T153433_132079,15,14,38,14,,,2026-06-23T15:34:33,h12,-0.010079842324086485,h1-h28,-0.047724800000000005
route_mutation,20260623T153503_533576,7,7,38,6,,,2026-06-23T15:35:03,h32,-0.00968771333333332,h1-h35,-0.0010541833333333403
ip_shuffle,20260623T153533_748145,0,0,38,0,h32,,2026-06-23T15:35:33,h32,0.016677488000000018,,
ip_shuffle,20260623T153631_466531,7,6,38,6,h37|h12|h35,,2026-06-23T15:36:31,h37,0.035020607441625856,h1-h32,0.003509689999999996
ip_shuffle,20260623T153742_171227,12,11,38,11,h30,,2026-06-23T15:37:42,h30,0.0009135168405384753,h1-h10,-0.04826595
route_mutation,20260623T153839_883293,6,6,38,5,,,2026-06-23T15:38:39,h33,-0.009091323874223817,h1-h35,-0.0015913833333333419
ip_shuffle,20260623T153910_180140,2,1,38,1,h33,,2026-06-23T15:39:10,h33,0.0096578091011916,h1-h2,-0.04907517333333333
route_mutation,20260623T154008_010805,8,7,38,7,,h1-h32,2026-06-23T15:40:08,h38,-0.00016625220366908722,h1-h32,0.011737999999999998
ip_shuffle,20260623T154038_255427,0,0,38,0,h38,,2026-06-23T15:40:38,h38,0.015039633812614472,,
