action,active_host,candidate_score,cycle_id,host,host_mac,rx_kbps,rx_mbps,rx_pps,selected,timestamp,tx_kbps,tx_mbps,tx_pps,was_ip_candidate
route_mutation,0,-0.03537469449556045,20260623T154615_952192,h19,00:00:00:00:00:13,0.0,0.001,0.77,0,2026-06-23T15:46:15,0.0,0.0,0.0,1
route_mutation,0,-0.006868080737018417,20260623T154615_952192,h31,00:00:00:00:00:1F,0.0,0.001,0.77,0,2026-06-23T15:46:15,0.0,0.0,0.0,1
route_mutation,0,-0.03523461285546936,20260623T154615_952192,h20,00:00:00:00:00:14,0.0,0.001,0.77,0,2026-06-23T15:46:15,0.0,0.0,0.0,1
route_mutation,0,-0.035138034656501865,20260623T154615_952192,h25,00:00:00:00:00:19,0.0,0.001,0.77,0,2026-06-23T15:46:15,0.0,0.0,0.0,1
route_mutation,0,-0.05425069549783838,20260623T154615_952192,h10,00:00:00:00:00:0A,0.0,0.001,0.8,0,2026-06-23T15:46:15,0.0,0.0,0.0,1
route_mutation,0,-0.12231303975213279,20260623T154615_952192,h30,00:00:00:00:00:1E,0.0,0.001,0.77,0,2026-06-23T15:46:15,0.0,0.0,0.0,1
route_mutation,0,-0.1341040937131621,20260623T154615_952192,h15,00:00:00:00:00:0F,0.0,0.001,0.8,0,2026-06-23T15:46:15,0.0,0.0,0.0,1
route_mutation,0,-0.1327040937131621,20260623T154615_952192,h12,00:00:00:00:00:0C,0.0,0.001,0.8,0,2026-06-23T15:46:15,0.0,0.0,0.0,1
route_mutation,0,-0.07737469449556045,20260623T154615_952192,h17,00:00:00:00:00:11,0.0,0.001,0.77,0,2026-06-23T15:46:15,0.0,0.0,0.0,1
route_mutation,0,-0.13138501601225733,20260623T154615_952192,h39,00:00:00:00:00:27,0.0,0.001,0.83,0,2026-06-23T15:46:15,0.0,0.0,0.23,1
route_mutation,0,-0.0543412555808655,20260623T154615_952192,h14,00:00:00:00:00:0E,0.0,0.001,0.8,0,2026-06-23T15:46:15,0.0,0.0,0.0,1
route_mutation,0,-0.12602549413313083,20260623T154615_952192,h38,00:00:00:00:00:26,0.0,0.001,0.83,0,2026-06-23T15:46:15,0.0,0.0,0.2,1
route_mutation,0,-0.06337469449556046,20260623T154615_952192,h18,00:00:00:00:00:12,0.0,0.001,0.77,0,2026-06-23T15:46:15,0.0,0.0,0.0,1
route_mutation,0,-0.05427121476081996,20260623T154615_952192,h13,00:00:00:00:00:0D,0.0,0.001,0.8,0,2026-06-23T15:46:15,0.0,0.0,0.0,1
route_mutation,0,-0.1300998276505619,20260623T154615_952192,h36,00:00:00:00:00:24,0.0,0.001,0.83,0,2026-06-23T15:46:15,0.0,0.0,0.0,1
route_mutation,0,-0.035199592445446584,20260623T154615_952192,h11,00:00:00:00:00:0B,0.0,0.001,0.8,0,2026-06-23T15:46:15,0.0,0.0,0.0,1
route_mutation,0,-0.07737469449556045,20260623T154615_952192,h16,00:00:00:00:00:10,0.0,0.001,0.77,0,2026-06-23T15:46:15,0.0,0.0,0.0,1
route_mutation,0,-0.03537469449556045,20260623T154615_952192,h21,00:00:00:00:00:15,0.0,0.001,0.77,0,2026-06-23T15:46:15,0.0,0.0,0.0,1
route_mutation,0,-0.1327040937131621,20260623T154615_952192,h3,00:00:00:00:00:03,0.0,0.001,0.8,0,2026-06-23T15:46:15,0.0,0.0,0.0,1
route_mutation,0,-0.03539521375854203,20260623T154615_952192,h22,00:00:00:00:00:16,0.0,0.001,0.77,0,2026-06-23T15:46:15,0.0,0.0,0.0,1
route_mutation,0,-0.12710866488144423,20260623T154615_952192,h37,00:00:00:00:00:25,0.0,0.001,0.87,0,2026-06-23T15:46:15,0.0,0.0,0.03,1
route_mutation,0,-0.13030723505796932,20260623T154615_952192,h34,00:00:00:00:00:22,0.0,0.001,0.83,0,2026-06-23T15:46:15,0.0,0.0,0.0,1
route_mutation,0,-0.059878836201355964,20260623T154615_952192,h7,00:00:00:00:00:07,0.0,0.001,0.8,0,2026-06-23T15:46:15,0.0,0.0,0.0,1
route_mutation,0,-0.12688376335484558,20260623T154615_952192,h33,00:00:00:00:00:21,0.0,0.001,0.77,0,2026-06-23T15:46:15,0.0,0.0,0.0,1
route_mutation,0,-0.05425069549783838,20260623T154615_952192,h9,00:00:00:00:00:09,0.0,0.001,0.8,0,2026-06-23T15:46:15,0.0,0.0,0.0,1
route_mutation,0,-0.1223459379382528,20260623T154615_952192,h35,00:00:00:00:00:23,0.0,0.001,0.83,0,2026-06-23T15:46:15,0.0,0.0,0.0,1
route_mutation,0,-0.08218913770889366,20260623T154615_952192,h6,00:00:00:00:00:06,0.0,0.001,0.8,0,2026-06-23T15:46:15,0.0,0.0,0.0,1
route_mutation,0,-0.06825069549783837,20260623T154615_952192,h5,00:00:00:00:00:05,0.0,0.001,0.8,0,2026-06-23T15:46:15,0.0,0.0,0.0,1
route_mutation,0,-0.13268341012250315,20260623T154615_952192,h28,00:00:00:00:00:1C,0.0,0.001,0.77,0,2026-06-23T15:46:15,0.0,0.0,0.0,1
route_mutation,0,-0.05427121476081996,20260623T154615_952192,h4,00:00:00:00:00:04,0.0,0.001,0.8,0,2026-06-23T15:46:15,0.0,0.0,0.0,1
route_mutation,0,-0.13270642840716362,20260623T154615_952192,h29,00:00:00:00:00:1D,0.0,0.001,0.77,0,2026-06-23T15:46:15,0.0,0.0,0.0,1
route_mutation,0,-0.035339674085537676,20260623T154615_952192,h24,00:00:00:00:00:18,0.0,0.001,0.77,0,2026-06-23T15:46:15,0.0,0.0,0.0,1
route_mutation,1,,20260623T154615_952192,h1,00:00:00:00:00:01,0.0,0.001,1.27,0,2026-06-23T15:46:15,0.0,0.0,0.27,0
route_mutation,0,-0.035339674085537676,20260623T154615_952192,h26,00:00:00:00:00:1A,0.0,0.001,0.77,0,2026-06-23T15:46:15,0.0,0.0,0.0,1
route_mutation,0,-0.12104386559309327,20260623T154615_952192,h32,00:00:00:00:00:20,0.0,0.001,0.77,0,2026-06-23T15:46:15,0.0,0.0,0.0,1
route_mutation,0,-0.03527811629659296,20260623T154615_952192,h23,00:00:00:00:00:17,0.0,0.001,0.77,0,2026-06-23T15:46:15,0.0,0.0,0.0,1
route_mutation,0,-0.03527811629659296,20260623T154615_952192,h27,00:00:00:00:00:1B,0.0,0.001,0.77,0,2026-06-23T15:46:15,0.0,0.0,0.0,1
route_mutation,1,-0.1327040937131621,20260623T154615_952192,h2,00:00:00:00:00:02,0.0,0.001,0.8,0,2026-06-23T15:46:15,0.0,0.0,0.0,1
route_mutation,0,-0.05425069549783838,20260623T154615_952192,h8,00:00:00:00:00:08,0.0,0.001,0.8,0,2026-06-23T15:46:15,0.0,0.0,0.0,1
route_mutation,0,-0.09109731690081091,20260623T155502_077011,h19,00:00:00:00:00:13,0.0,0.001,1.56,0,2026-06-23T15:55:02,0.0,0.0,0.0,1
route_mutation,0,-0.006938300000000008,20260623T155502_077011,h31,00:00:00:00:00:1F,0.0,0.001,1.63,0,2026-06-23T15:55:02,0.0,0.0,0.07,1
route_mutation,0,-0.09109731690081091,20260623T155502_077011,h20,00:00:00:00:00:14,0.0,0.001,1.56,0,2026-06-23T15:55:02,0.0,0.0,0.0,1
route_mutation,0,-0.0490973169008109,20260623T155502_077011,h25,00:00:00:00:00:19,0.0,0.001,1.56,0,2026-06-23T15:55:02,0.0,0.0,0.0,1
route_mutation,0,-0.049141969982206254,20260623T155502_077011,h10,00:00:00:00:00:0A,0.0,0.001,1.56,0,2026-06-23T15:55:02,0.0,0.0,0.0,1
route_mutation,0,-0.09728838332933014,20260623T155502_077011,h30,00:00:00:00:00:1E,0.0,0.001,1.56,0,2026-06-23T15:55:02,0.0,0.0,0.23,1
route_mutation,0,-0.11805033582137436,20260623T155502_077011,h15,00:00:00:00:00:0F,0.0,0.001,1.56,0,2026-06-23T15:55:02,0.0,0.0,0.0,1
route_mutation,0,-0.11804103155844296,20260623T155502_077011,h12,00:00:00:00:00:0C,0.0,0.001,1.56,0,2026-06-23T15:55:02,0.0,0.0,0.0,1
route_mutation,0,-0.04902102686522372,20260623T155502_077011,h17,00:00:00:00:00:11,0.0,0.001,1.56,0,2026-06-23T15:55:02,0.0,0.0,0.0,1
route_mutation,0,-0.11538567145375347,20260623T155502_077011,h39,00:00:00:00:00:27,0.0,0.001,1.56,0,2026-06-23T15:55:02,0.0,0.0,0.1,1
route_mutation,0,-0.0490973169008109,20260623T155502_077011,h14,00:00:00:00:00:0E,0.0,0.001,1.56,0,2026-06-23T15:55:02,0.0,0.0,0.0,1
route_mutation,0,-0.11255493889600632,20260623T155502_077011,h38,00:00:00:00:00:26,0.0,0.001,1.53,0,2026-06-23T15:55:02,0.0,0.0,0.2,1
route_mutation,0,-0.09091870457522952,20260623T155502_077011,h18,00:00:00:00:00:12,0.0,0.001,1.56,0,2026-06-23T15:55:02,0.0,0.0,0.0,1
route_mutation,0,-0.0490973169008109,20260623T155502_077011,h13,00:00:00:00:00:0D,0.0,0.001,1.56,0,2026-06-23T15:55:02,0.0,0.0,0.0,1
route_mutation,0,-0.11550909959776054,20260623T155502_077011,h36,00:00:00:00:00:24,0.0,0.001,1.56,0,2026-06-23T15:55:02,0.0,0.0,0.23,1
route_mutation,0,-0.03357880272241977,20260623T155502_077011,h11,00:00:00:00:00:0B,0.0,0.001,1.56,0,2026-06-23T15:55:02,0.0,0.0,0.0,1
route_mutation,0,-0.049141969982206254,20260623T155502_077011,h16,00:00:00:00:00:10,0.0,0.001,1.56,0,2026-06-23T15:55:02,0.0,0.0,0.0,1
route_mutation,0,-0.07535553731544306,20260623T155502_077011,h21,00:00:00:00:00:15,0.0,0.001,1.56,0,2026-06-23T15:55:02,0.0,0.0,0.0,1
route_mutation,0,-0.11801981980713948,20260623T155502_077011,h3,00:00:00:00:00:03,0.0,0.001,1.56,0,2026-06-23T15:55:02,0.0,0.0,0.0,1
route_mutation,0,-0.0490973169008109,20260623T155502_077011,h22,00:00:00:00:00:16,0.0,0.001,1.56,0,2026-06-23T15:55:02,0.0,0.0,0.0,1
route_mutation,0,-0.10494918305254089,20260623T155502_077011,h37,00:00:00:00:00:25,0.0,0.001,1.56,0,2026-06-23T15:55:02,0.0,0.0,0.23,1
route_mutation,0,-0.10755703365225092,20260623T155502_077011,h34,00:00:00:00:00:22,0.0,0.001,1.56,0,2026-06-23T15:55:02,0.0,0.0,0.23,1
route_mutation,0,-0.049141969982206254,20260623T155502_077011,h7,00:00:00:00:00:07,0.0,0.001,1.56,0,2026-06-23T15:55:02,0.0,0.0,0.0,1
route_mutation,0,-0.10240484725823239,20260623T155502_077011,h33,00:00:00:00:00:21,0.0,0.001,1.56,0,2026-06-23T15:55:02,0.0,0.0,0.23,1
route_mutation,0,-0.04896335765662488,20260623T155502_077011,h9,00:00:00:00:00:09,0.0,0.001,1.56,0,2026-06-23T15:55:02,0.0,0.0,0.0,1
route_mutation,0,-0.10535804412316965,20260623T155502_077011,h35,00:00:00:00:00:23,0.0,0.001,1.56,0,2026-06-23T15:55:02,0.0,0.0,0.23,1
route_mutation,0,-0.049141969982206254,20260623T155502_077011,h6,00:00:00:00:00:06,0.0,0.001,1.56,0,2026-06-23T15:55:02,0.0,0.0,0.0,1
route_mutation,0,-0.049141969982206254,20260623T155502_077011,h5,00:00:00:00:00:05,0.0,0.001,1.56,0,2026-06-23T15:55:02,0.0,0.0,0.0,1
route_mutation,0,-0.1148081484654197,20260623T155502_077011,h28,00:00:00:00:00:1C,0.0,0.001,1.6,0,2026-06-23T15:55:02,0.0,0.0,0.03,1
route_mutation,0,-0.049141969982206254,20260623T155502_077011,h4,00:00:00:00:00:04,0.0,0.001,1.56,0,2026-06-23T15:55:02,0.0,0.0,0.0,1
route_mutation,0,-0.11802317032588483,20260623T155502_077011,h29,00:00:00:00:00:1D,0.0,0.001,1.56,0,2026-06-23T15:55:02,0.0,0.0,0.13,1
route_mutation,0,-0.0490973169008109,20260623T155502_077011,h24,00:00:00:00:00:18,0.0,0.001,1.56,0,2026-06-23T15:55:02,0.0,0.0,0.0,1
route_mutation,0,,20260623T155502_077011,h1,00:00:00:00:00:01,0.0,0.002,2.83,0,2026-06-23T15:55:02,0.0,0.001,0.97,0
route_mutation,0,-0.048918704575229524,20260623T155502_077011,h26,00:00:00:00:00:1A,0.0,0.001,1.56,0,2026-06-23T15:55:02,0.0,0.0,0.0,1
route_mutation,0,-0.09465671775287593,20260623T155502_077011,h32,00:00:00:00:00:20,0.0,0.001,1.56,0,2026-06-23T15:55:02,0.0,0.0,0.23,1
route_mutation,0,-0.049180114999999844,20260623T155502_077011,h23,00:00:00:00:00:17,0.0,0.001,1.56,0,2026-06-23T15:55:02,0.0,0.0,0.0,1
route_mutation,0,-0.048918704575229524,20260623T155502_077011,h27,00:00:00:00:00:1B,0.0,0.001,1.56,0,2026-06-23T15:55:02,0.0,0.0,0.0,1
route_mutation,0,-0.11804103155844296,20260623T155502_077011,h2,00:00:00:00:00:02,0.0,0.001,1.56,0,2026-06-23T15:55:02,0.0,0.0,0.0,1
route_mutation,0,-0.0491103330280144,20260623T155502_077011,h8,00:00:00:00:00:08,0.0,0.001,1.56,0,2026-06-23T15:55:02,0.0,0.0,0.0,1
route_mutation,0,-0.09101246282113191,20260623T155532_388946,h19,00:00:00:00:00:13,0.0,0.001,0.7,0,2026-06-23T15:55:32,0.0,0.0,0.0,1
route_mutation,0,-0.006945299999999988,20260623T155532_388946,h31,00:00:00:00:00:1F,0.0,0.001,0.7,0,2026-06-23T15:55:32,0.0,0.0,0.0,1
route_mutation,0,-0.09101246282113191,20260623T155532_388946,h20,00:00:00:00:00:14,0.0,0.001,0.7,0,2026-06-23T15:55:32,0.0,0.0,0.0,1
route_mutation,0,-0.04901246282113192,20260623T155532_388946,h25,00:00:00:00:00:19,0.0,0.001,0.7,0,2026-06-23T15:55:32,0.0,0.0,0.0,1
route_mutation,1,-0.04932435652671564,20260623T155532_388946,h10,00:00:00:00:00:0A,0.0,0.001,0.67,0,2026-06-23T15:55:32,0.0,0.0,0.0,1
route_mutation,0,-0.07501277511499135,20260623T155532_388946,h30,00:00:00:00:00:1E,0.0,0.001,0.7,0,2026-06-23T15:55:32,0.0,0.0,0.0,1
route_mutation,1,-0.11460935742682422,20260623T155532_388946,h15,00:00:00:00:00:0F,0.0,0.001,0.67,0,2026-06-23T15:55:32,0.0,0.0,0.0,1
route_mutation,1,-0.12019517621595018,20260623T155532_388946,h12,00:00:00:00:00:0C,0.0,0.001,0.67,0,2026-06-23T15:55:32,0.0,0.0,0.0,1
route_mutation,0,-0.04893548795578184,20260623T155532_388946,h17,00:00:00:00:00:11,0.0,0.001,0.7,0,2026-06-23T15:55:32,0.0,0.0,0.0,1
route_mutation,0,-0.10223863862380142,20260623T155532_388946,h39,00:00:00:00:00:27,0.0,0.001,0.7,0,2026-06-23T15:55:32,0.0,0.0,0.13,1
route_mutation,1,-0.11927980028306083,20260623T155532_388946,h14,00:00:00:00:00:0E,0.0,0.001,0.67,0,2026-06-23T15:55:32,0.0,0.0,0.0,1
route_mutation,0,-0.09808409779293835,20260623T155532_388946,h38,00:00:00:00:00:26,0.0,0.001,0.73,0,2026-06-23T15:55:32,0.0,0.0,0.03,1
route_mutation,0,-0.09083423784651265,20260623T155532_388946,h18,00:00:00:00:00:12,0.0,0.001,0.7,0,2026-06-23T15:55:32,0.0,0.0,0.0,1
route_mutation,1,-0.11927980028306083,20260623T155532_388946,h13,00:00:00:00:00:0D,0.0,0.001,0.67,0,2026-06-23T15:55:32,0.0,0.0,0.0,1
route_mutation,0,-0.10257284219451757,20260623T155532_388946,h36,00:00:00:00:00:24,0.0,0.001,0.7,0,2026-06-23T15:55:32,0.0,0.0,0.0,1
route_mutation,1,-0.03362148399529735,20260623T155532_388946,h11,00:00:00:00:00:0B,0.0,0.001,0.67,0,2026-06-23T15:55:32,0.0,0.0,0.0,1
route_mutation,0,-0.04905701906478674,20260623T155532_388946,h16,00:00:00:00:00:10,0.0,0.001,0.7,0,2026-06-23T15:55:32,0.0,0.0,0.0,1
route_mutation,0,-0.07513136531509435,20260623T155532_388946,h21,00:00:00:00:00:15,0.0,0.001,0.7,0,2026-06-23T15:55:32,0.0,0.0,0.0,1
route_mutation,1,-0.10616317250761417,20260623T155532_388946,h3,00:00:00:00:00:03,0.0,0.001,0.67,0,2026-06-23T15:55:32,0.0,0.0,0.0,1
route_mutation,0,-0.04901246282113192,20260623T155532_388946,h22,00:00:00:00:00:16,0.0,0.001,0.7,0,2026-06-23T15:55:32,0.0,0.0,0.0,1
route_mutation,0,-0.08673290927404381,20260623T155532_388946,h37,00:00:00:00:00:25,0.0,0.001,0.7,0,2026-06-23T15:55:32,0.0,0.0,0.0,1
route_mutation,0,-0.0906217981629327,20260623T155532_388946,h34,00:00:00:00:00:22,0.0,0.001,0.7,0,2026-06-23T15:55:32,0.0,0.0,0.0,1
route_mutation,1,-0.04932435652671564,20260623T155532_388946,h7,00:00:00:00:00:07,0.0,0.001,0.67,0,2026-06-23T15:55:32,0.0,0.0,0.0,1
route_mutation,0,-0.08279055289276913,20260623T155532_388946,h33,00:00:00:00:00:21,0.0,0.001,0.7,0,2026-06-23T15:55:32,0.0,0.0,0.0,1
route_mutation,1,-0.04914613155209638,20260623T155532_388946,h9,00:00:00:00:00:09,0.0,0.001,0.67,0,2026-06-23T15:55:32,0.0,0.0,0.0,1
route_mutation,0,-0.08734622024753505,20260623T155532_388946,h35,00:00:00:00:00:23,0.0,0.001,0.7,0,2026-06-23T15:55:32,0.0,0.0,0.0,1
route_mutation,1,-0.04932435652671564,20260623T155532_388946,h6,00:00:00:00:00:06,0.0,0.001,0.67,0,2026-06-23T15:55:32,0.0,0.0,0.0,1
route_mutation,1,-0.04932435652671564,20260623T155532_388946,h5,00:00:00:00:00:05,0.0,0.001,0.67,0,2026-06-23T15:55:32,0.0,0.0,0.0,1
route_mutation,0,-0.10130290066265067,20260623T155532_388946,h28,00:00:00:00:00:1C,0.0,0.001,0.7,0,2026-06-23T15:55:32,0.0,0.0,0.0,1
route_mutation,1,-0.04932435652671564,20260623T155532_388946,h4,00:00:00:00:00:04,0.0,0.001,0.67,0,2026-06-23T15:55:32,0.0,0.0,0.0,1
route_mutation,0,-0.1061149749773715,20260623T155532_388946,h29,00:00:00:00:00:1D,0.0,0.001,0.7,0,2026-06-23T15:55:32,0.0,0.0,0.0,1
route_mutation,0,-0.04901246282113192,20260623T155532_388946,h24,00:00:00:00:00:18,0.0,0.001,0.7,0,2026-06-23T15:55:32,0.0,0.0,0.0,1
route_mutation,1,,20260623T155532_388946,h1,00:00:00:00:00:01,0.0,0.001,0.83,0,2026-06-23T15:55:32,0.0,0.0,0.1,0
route_mutation,0,-0.04883423784651267,20260623T155532_388946,h26,00:00:00:00:00:1A,0.0,0.001,0.7,0,2026-06-23T15:55:32,0.0,0.0,0.0,1
route_mutation,0,-0.0711149749773715,20260623T155532_388946,h32,00:00:00:00:00:20,0.0,0.001,0.7,0,2026-06-23T15:55:32,0.0,0.0,0.0,1
route_mutation,0,-0.04909550649746179,20260623T155532_388946,h23,00:00:00:00:00:17,0.0,0.001,0.7,0,2026-06-23T15:55:32,0.0,0.0,0.0,1
route_mutation,0,-0.04883423784651267,20260623T155532_388946,h27,00:00:00:00:00:1B,0.0,0.001,0.7,0,2026-06-23T15:55:32,0.0,0.0,0.0,1
route_mutation,0,-0.10619517621595018,20260623T155532_388946,h2,00:00:00:00:00:02,0.0,0.001,0.67,0,2026-06-23T15:55:32,0.0,0.0,0.0,1
route_mutation,1,-0.049291937905020386,20260623T155532_388946,h8,00:00:00:00:00:08,0.0,0.001,0.67,0,2026-06-23T15:55:32,0.0,0.0,0.0,1
route_mutation,0,-0.0484645151285142,20260623T155602_727769,h19,00:00:00:00:00:13,0.0,0.001,1.07,0,2026-06-23T15:56:02,0.0,0.0,0.07,1
route_mutation,1,-0.006942079999999989,20260623T155602_727769,h31,00:00:00:00:00:1F,0.0,0.001,1.0,0,2026-06-23T15:56:02,0.0,0.0,0.0,1
route_mutation,0,-0.04879602327854275,20260623T155602_727769,h20,00:00:00:00:00:14,0.0,0.001,1.03,0,2026-06-23T15:56:02,0.0,0.0,0.03,1
route_mutation,0,-0.04904465439106416,20260623T155602_727769,h25,00:00:00:00:00:19,0.0,0.001,1.0,0,2026-06-23T15:56:02,0.0,0.0,0.0,1
route_mutation,0,-0.06950929798565707,20260623T155602_727769,h10,00:00:00:00:00:0A,0.0,0.001,1.13,0,2026-06-23T15:56:02,0.0,0.0,0.07,1
route_mutation,1,-0.06434157607380607,20260623T155602_727769,h30,00:00:00:00:00:1E,0.0,0.001,1.0,0,2026-06-23T15:56:02,0.0,0.0,0.0,1
route_mutation,0,-0.09437212021239234,20260623T155602_727769,h15,00:00:00:00:00:0F,0.0,0.001,1.07,0,2026-06-23T15:56:02,0.0,0.0,0.23,1
route_mutation,0,-0.10555358696333902,20260623T155602_727769,h12,00:00:00:00:00:0C,0.0,0.001,1.07,0,2026-06-23T15:56:02,0.0,0.0,0.23,1
route_mutation,0,-0.04838832676778562,20260623T155602_727769,h17,00:00:00:00:00:11,0.0,0.001,1.07,0,2026-06-23T15:56:02,0.0,0.0,0.07,1
route_mutation,0,-0.08942593027486428,20260623T155602_727769,h39,00:00:00:00:00:27,0.0,0.001,1.0,0,2026-06-23T15:56:02,0.0,0.0,0.0,1
route_mutation,0,-0.0484645151285142,20260623T155602_727769,h14,00:00:00:00:00:0E,0.0,0.001,1.13,0,2026-06-23T15:56:02,0.0,0.0,0.07,1
route_mutation,0,-0.08384434009497013,20260623T155602_727769,h38,00:00:00:00:00:26,0.0,0.001,1.0,0,2026-06-23T15:56:02,0.0,0.0,0.0,1
route_mutation,0,-0.048285383699942785,20260623T155602_727769,h18,00:00:00:00:00:12,0.0,0.001,1.07,0,2026-06-23T15:56:02,0.0,0.0,0.07,1
route_mutation,0,-0.0484645151285142,20260623T155602_727769,h13,00:00:00:00:00:0D,0.0,0.001,1.13,0,2026-06-23T15:56:02,0.0,0.0,0.07,1
route_mutation,0,-0.08980491880396482,20260623T155602_727769,h36,00:00:00:00:00:24,0.0,0.001,1.0,0,2026-06-23T15:56:02,0.0,0.0,0.0,1
route_mutation,0,-0.05396687239702978,20260623T155602_727769,h11,00:00:00:00:00:0B,0.0,0.001,1.13,0,2026-06-23T15:56:02,0.0,0.0,0.07,1
route_mutation,0,-0.04850929798565705,20260623T155602_727769,h16,00:00:00:00:00:10,0.0,0.001,1.07,0,2026-06-23T15:56:02,0.0,0.0,0.07,1
route_mutation,0,-0.07532309737386547,20260623T155602_727769,h21,00:00:00:00:00:15,0.0,0.001,1.0,0,2026-06-23T15:56:02,0.0,0.0,0.0,1
route_mutation,0,-0.0943111695238095,20260623T155602_727769,h3,00:00:00:00:00:03,0.0,0.001,1.07,0,2026-06-23T15:56:02,0.0,0.0,0.23,1
route_mutation,0,-0.04904465439106416,20260623T155602_727769,h22,00:00:00:00:00:16,0.0,0.001,1.0,0,2026-06-23T15:56:02,0.0,0.0,0.0,1
route_mutation,0,-0.06868518953412354,20260623T155602_727769,h37,00:00:00:00:00:25,0.0,0.001,1.0,0,2026-06-23T15:56:02,0.0,0.0,0.0,1
route_mutation,0,-0.07387037471930874,20260623T155602_727769,h34,00:00:00:00:00:22,0.0,0.001,1.0,0,2026-06-23T15:56:02,0.0,0.0,0.0,1
route_mutation,0,-0.04850929798565705,20260623T155602_727769,h7,00:00:00:00:00:07,0.0,0.001,1.13,0,2026-06-23T15:56:02,0.0,0.0,0.07,1
route_mutation,1,-0.06351194644417646,20260623T155602_727769,h33,00:00:00:00:00:21,0.0,0.001,1.0,0,2026-06-23T15:56:02,0.0,0.0,0.0,1
route_mutation,0,-0.048330166557085635,20260623T155602_727769,h9,00:00:00:00:00:09,0.0,0.001,1.13,0,2026-06-23T15:56:02,0.0,0.0,0.07,1
route_mutation,0,-0.06950287706851509,20260623T155602_727769,h35,00:00:00:00:00:23,0.0,0.001,1.0,0,2026-06-23T15:56:02,0.0,0.0,0.0,1
route_mutation,0,-0.04850929798565705,20260623T155602_727769,h6,00:00:00:00:00:06,0.0,0.001,1.13,0,2026-06-23T15:56:02,0.0,0.0,0.07,1
route_mutation,0,-0.04850929798565705,20260623T155602_727769,h5,00:00:00:00:00:05,0.0,0.001,1.13,0,2026-06-23T15:56:02,0.0,0.0,0.07,1
route_mutation,0,-0.08816238403147802,20260623T155602_727769,h28,00:00:00:00:00:1C,0.0,0.001,1.0,0,2026-06-23T15:56:02,0.0,0.0,0.0,1
route_mutation,0,-0.04850929798565705,20260623T155602_727769,h4,00:00:00:00:00:04,0.0,0.001,1.13,0,2026-06-23T15:56:02,0.0,0.0,0.07,1
route_mutation,1,-0.09461111546004947,20260623T155602_727769,h29,00:00:00:00:00:1D,0.0,0.001,1.0,0,2026-06-23T15:56:02,0.0,0.0,0.0,1
route_mutation,0,-0.04904465439106416,20260623T155602_727769,h24,00:00:00:00:00:18,0.0,0.001,1.0,0,2026-06-23T15:56:02,0.0,0.0,0.0,1
route_mutation,1,,20260623T155602_727769,h1,00:00:00:00:00:01,0.0,0.002,2.5,0,2026-06-23T15:56:02,0.0,0.001,1.3,0
route_mutation,0,-0.04886552296249273,20260623T155602_727769,h26,00:00:00:00:00:1A,0.0,0.001,1.0,0,2026-06-23T15:56:02,0.0,0.0,0.0,1
route_mutation,1,-0.047944448793382805,20260623T155602_727769,h32,00:00:00:00:00:20,0.0,0.001,1.0,0,2026-06-23T15:56:02,0.0,0.0,0.0,1
route_mutation,0,-0.04912753142857128,20260623T155602_727769,h23,00:00:00:00:00:17,0.0,0.001,1.0,0,2026-06-23T15:56:02,0.0,0.0,0.0,1
route_mutation,1,-0.04886552296249273,20260623T155602_727769,h27,00:00:00:00:00:1B,0.0,0.001,1.0,0,2026-06-23T15:56:02,0.0,0.0,0.0,1
route_mutation,0,-0.09445517144431043,20260623T155602_727769,h2,00:00:00:00:00:02,0.0,0.001,1.07,0,2026-06-23T15:56:02,0.0,0.0,0.23,1
route_mutation,0,-0.048477892482071336,20260623T155602_727769,h8,00:00:00:00:00:08,0.0,0.001,1.13,0,2026-06-23T15:56:02,0.0,0.0,0.07,1
route_mutation,0,-0.04940457142890674,20260623T155633_131034,h19,00:00:00:00:00:13,0.0,0.001,1.3,0,2026-06-23T15:56:33,0.0,0.0,0.0,1
route_mutation,0,-0.006669044875444841,20260623T155633_131034,h31,00:00:00:00:00:1F,0.0,0.001,1.4,0,2026-06-23T15:56:33,0.0,0.0,0.07,1
route_mutation,0,-0.04948727269035516,20260623T155633_131034,h20,00:00:00:00:00:14,0.0,0.001,1.33,0,2026-06-23T15:56:33,0.0,0.0,0.03,1
route_mutation,0,-0.048870218842422666,20260623T155633_131034,h25,00:00:00:00:00:19,0.0,0.001,1.36,0,2026-06-23T15:56:33,0.0,0.0,0.07,1
route_mutation,0,-0.07044912767256156,20260623T155633_131034,h10,00:00:00:00:00:0A,0.0,0.001,1.3,0,2026-06-23T15:56:33,0.0,0.0,0.0,1
route_mutation,0,-0.044750355660838445,20260623T155633_131034,h30,00:00:00:00:00:1E,0.0,0.001,1.33,0,2026-06-23T15:56:33,0.0,0.0,0.23,1
route_mutation,0,-0.08296250182933801,20260623T155633_131034,h15,00:00:00:00:00:0F,0.0,0.001,1.3,0,2026-06-23T15:56:33,0.0,0.0,0.0,1
route_mutation,0,-0.09693920889276267,20260623T155633_131034,h12,00:00:00:00:00:0C,0.0,0.001,1.3,0,2026-06-23T15:56:33,0.0,0.0,0.0,1
route_mutation,0,-0.049328281393319545,20260623T155633_131034,h17,00:00:00:00:00:11,0.0,0.001,1.3,0,2026-06-23T15:56:33,0.0,0.0,0.0,1
route_mutation,1,-0.07639831908640811,20260623T155633_131034,h39,00:00:00:00:00:27,0.0,0.001,1.33,0,2026-06-23T15:56:33,0.0,0.0,0.0,1
route_mutation,0,-0.04940457142890674,20260623T155633_131034,h14,00:00:00:00:00:0E,0.0,0.001,1.3,0,2026-06-23T15:56:33,0.0,0.0,0.0,1
route_mutation,1,-0.0693910406919731,20260623T155633_131034,h38,00:00:00:00:00:26,0.0,0.001,1.33,0,2026-06-23T15:56:33,0.0,0.0,0.0,1
route_mutation,0,-0.04922634645428747,20260623T155633_131034,h18,00:00:00:00:00:12,0.0,0.001,1.3,0,2026-06-23T15:56:33,0.0,0.0,0.0,1
route_mutation,0,-0.04940457142890674,20260623T155633_131034,h13,00:00:00:00:00:0D,0.0,0.001,1.3,0,2026-06-23T15:56:33,0.0,0.0,0.0,1
route_mutation,0,-0.0768722813612718,20260623T155633_131034,h36,00:00:00:00:00:24,0.0,0.001,1.33,0,2026-06-23T15:56:33,0.0,0.0,0.0,1
route_mutation,0,-0.054885960412775076,20260623T155633_131034,h11,00:00:00:00:00:0B,0.0,0.001,1.3,0,2026-06-23T15:56:33,0.0,0.0,0.0,1
route_mutation,0,-0.04944912767256156,20260623T155633_131034,h16,00:00:00:00:00:10,0.0,0.001,1.3,0,2026-06-23T15:56:33,0.0,0.0,0.0,1
route_mutation,0,-0.07570773543815582,20260623T155633_131034,h21,00:00:00:00:00:15,0.0,0.001,1.36,0,2026-06-23T15:56:33,0.0,0.0,0.07,1
route_mutation,0,-0.0828862117937508,20260623T155633_131034,h3,00:00:00:00:00:03,0.0,0.001,1.3,0,2026-06-23T15:56:33,0.0,0.0,0.0,1
route_mutation,0,-0.04944912767256156,20260623T155633_131034,h22,00:00:00:00:00:16,0.0,0.001,1.36,0,2026-06-23T15:56:33,0.0,0.0,0.07,1
route_mutation,0,-0.0504723931604822,20260623T155633_131034,h37,00:00:00:00:00:25,0.0,0.001,1.33,0,2026-06-23T15:56:33,0.0,0.0,0.0,1
route_mutation,0,-0.05674413076699451,20260623T155633_131034,h34,00:00:00:00:00:22,0.0,0.001,1.3,0,2026-06-23T15:56:33,0.0,0.0,0.2,1
route_mutation,0,-0.04944912767256156,20260623T155633_131034,h7,00:00:00:00:00:07,0.0,0.001,1.3,0,2026-06-23T15:56:33,0.0,0.0,0.0,1
route_mutation,0,-0.043713318623801414,20260623T155633_131034,h33,00:00:00:00:00:21,0.0,0.001,1.33,0,2026-06-23T15:56:33,0.0,0.0,0.23,1
route_mutation,0,-0.04927090269794228,20260623T155633_131034,h9,00:00:00:00:00:09,0.0,0.001,1.3,0,2026-06-23T15:56:33,0.0,0.0,0.0,1
route_mutation,0,-0.03736742805698898,20260623T155633_131034,h35,00:00:00:00:00:23,0.0,0.001,1.33,0,2026-06-23T15:56:33,0.0,0.0,0.1,1
route_mutation,0,-0.04944912767256156,20260623T155633_131034,h6,00:00:00:00:00:06,0.0,0.001,1.3,0,2026-06-23T15:56:33,0.0,0.0,0.0,1
route_mutation,0,-0.04944912767256156,20260623T155633_131034,h5,00:00:00:00:00:05,0.0,0.001,1.3,0,2026-06-23T15:56:33,0.0,0.0,0.0,1
route_mutation,0,-0.07456723157360398,20260623T155633_131034,h28,00:00:00:00:00:1C,0.0,0.001,1.33,0,2026-06-23T15:56:33,0.0,0.0,0.23,1
route_mutation,0,-0.04944912767256156,20260623T155633_131034,h4,00:00:00:00:00:04,0.0,0.001,1.3,0,2026-06-23T15:56:33,0.0,0.0,0.0,1
route_mutation,0,-0.08258735543147203,20260623T155633_131034,h29,00:00:00:00:00:1D,0.0,0.001,1.33,0,2026-06-23T15:56:33,0.0,0.0,0.23,1
route_mutation,0,-0.048870218842422666,20260623T155633_131034,h24,00:00:00:00:00:18,0.0,0.001,1.36,0,2026-06-23T15:56:33,0.0,0.0,0.07,1
route_mutation,1,,20260623T155633_131034,h1,00:00:00:00:00:01,0.0,0.002,2.7,0,2026-06-23T15:56:33,0.0,0.001,1.23,0
route_mutation,0,-0.04869199386780339,20260623T155633_131034,h26,00:00:00:00:00:1A,0.0,0.001,1.36,0,2026-06-23T15:56:33,0.0,0.0,0.07,1
route_mutation,0,-0.024254022098138706,20260623T155633_131034,h32,00:00:00:00:00:20,0.0,0.001,1.33,0,2026-06-23T15:56:33,0.0,0.0,0.23,1
route_mutation,0,-0.049201023888216316,20260623T155633_131034,h23,00:00:00:00:00:17,0.0,0.001,1.36,0,2026-06-23T15:56:33,0.0,0.0,0.07,1
route_mutation,0,-0.04869199386780339,20260623T155633_131034,h27,00:00:00:00:00:1B,0.0,0.001,1.36,0,2026-06-23T15:56:33,0.0,0.0,0.07,1
route_mutation,0,-0.08293920889276268,20260623T155633_131034,h2,00:00:00:00:00:02,0.0,0.001,1.3,0,2026-06-23T15:56:33,0.0,0.0,0.0,1
route_mutation,0,-0.049417393880629185,20260623T155633_131034,h8,00:00:00:00:00:08,0.0,0.001,1.3,0,2026-06-23T15:56:33,0.0,0.0,0.0,1
route_mutation,0,-0.048730703553634874,20260623T155703_439022,h19,00:00:00:00:00:13,0.0,0.001,1.13,0,2026-06-23T15:57:03,0.0,0.0,0.0,1
route_mutation,0,-0.006941659999999988,20260623T155703_439022,h31,00:00:00:00:00:1F,0.0,0.001,1.1,0,2026-06-23T15:57:03,0.0,0.0,0.0,1
route_mutation,0,-0.048813631428571314,20260623T155703_439022,h20,00:00:00:00:00:14,0.0,0.001,1.13,0,2026-06-23T15:57:03,0.0,0.0,0.0,1
route_mutation,0,-0.04877548641077771,20260623T155703_439022,h25,00:00:00:00:00:19,0.0,0.001,1.13,0,2026-06-23T15:57:03,0.0,0.0,0.0,1
route_mutation,0,-0.07004418355363484,20260623T155703_439022,h10,00:00:00:00:00:0A,0.0,0.001,1.07,0,2026-06-23T15:57:03,0.0,0.0,0.0,1
route_mutation,0,-0.02571695079862163,20260623T155703_439022,h30,00:00:00:00:00:1E,0.0,0.001,1.1,0,2026-06-23T15:57:03,0.0,0.0,0.0,1
route_mutation,0,-0.07109538132791046,20260623T155703_439022,h15,00:00:00:00:00:0F,0.0,0.001,1.07,0,2026-06-23T15:57:03,0.0,0.0,0.0,1
route_mutation,0,-0.08786752044941529,20260623T155703_439022,h12,00:00:00:00:00:0C,0.0,0.001,1.07,0,2026-06-23T15:57:03,0.0,0.0,0.0,1
route_mutation,0,-0.04865441351804768,20260623T155703_439022,h17,00:00:00:00:00:11,0.0,0.001,1.13,0,2026-06-23T15:57:03,0.0,0.0,0.0,1
route_mutation,0,-0.06299254793650787,20260623T155703_439022,h39,00:00:00:00:00:27,0.0,0.001,1.1,0,2026-06-23T15:57:03,0.0,0.0,0.23,1
route_mutation,0,-0.04899940069649199,20260623T155703_439022,h14,00:00:00:00:00:0E,0.0,0.001,1.07,0,2026-06-23T15:57:03,0.0,0.0,0.0,1
route_mutation,0,-0.054620162666666666,20260623T155703_439022,h38,00:00:00:00:00:26,0.0,0.001,1.1,0,2026-06-23T15:57:03,0.0,0.0,0.23,1
route_mutation,0,-0.04855157212506346,20260623T155703_439022,h18,00:00:00:00:00:12,0.0,0.001,1.13,0,2026-06-23T15:57:03,0.0,0.0,0.0,1
route_mutation,0,-0.04899940069649199,20260623T155703_439022,h13,00:00:00:00:00:0D,0.0,0.001,1.07,0,2026-06-23T15:57:03,0.0,0.0,0.0,1
route_mutation,0,-0.06371361080133306,20260623T155703_439022,h36,00:00:00:00:00:24,0.0,0.001,1.1,0,2026-06-23T15:57:03,0.0,0.0,0.23,1
route_mutation,0,-0.05448101629384837,20260623T155703_439022,h11,00:00:00:00:00:0B,0.0,0.001,1.07,0,2026-06-23T15:57:03,0.0,0.0,0.0,1
route_mutation,0,-0.04877548641077771,20260623T155703_439022,h16,00:00:00:00:00:10,0.0,0.001,1.13,0,2026-06-23T15:57:03,0.0,0.0,0.0,1
route_mutation,0,-0.07503318772241983,20260623T155703_439022,h21,00:00:00:00:00:15,0.0,0.001,1.13,0,2026-06-23T15:57:03,0.0,0.0,0.0,1
route_mutation,1,-0.07660383328520583,20260623T155703_439022,h3,00:00:00:00:00:03,0.0,0.001,1.07,0,2026-06-23T15:57:03,0.0,0.0,0.0,1
route_mutation,0,-0.04877548641077771,20260623T155703_439022,h22,00:00:00:00:00:16,0.0,0.001,1.13,0,2026-06-23T15:57:03,0.0,0.0,0.0,1
route_mutation,0,-0.031881436825396764,20260623T155703_439022,h37,00:00:00:00:00:25,0.0,0.001,1.1,0,2026-06-23T15:57:03,0.0,0.0,0.23,1
route_mutation,0,-0.04001014876687563,20260623T155703_439022,h34,00:00:00:00:00:22,0.0,0.001,1.13,0,2026-06-23T15:57:03,0.0,0.0,0.03,1
route_mutation,1,-0.04904418355363484,20260623T155703_439022,h7,00:00:00:00:00:07,0.0,0.001,1.07,0,2026-06-23T15:57:03,0.0,0.0,0.0,1
route_mutation,0,-0.024472506354177206,20260623T155703_439022,h33,00:00:00:00:00:21,0.0,0.001,1.1,0,2026-06-23T15:57:03,0.0,0.0,0.0,1
route_mutation,0,-0.048865052125063424,20260623T155703_439022,h9,00:00:00:00:00:09,0.0,0.001,1.07,0,2026-06-23T15:57:03,0.0,0.0,0.0,1
route_mutation,0,-0.016559388840761385,20260623T155703_439022,h35,00:00:00:00:00:23,0.0,0.001,1.1,0,2026-06-23T15:57:03,0.0,0.0,0.13,1
route_mutation,1,-0.04904418355363484,20260623T155703_439022,h6,00:00:00:00:00:06,0.0,0.001,1.07,0,2026-06-23T15:57:03,0.0,0.0,0.0,1
route_mutation,1,-0.04904418355363484,20260623T155703_439022,h5,00:00:00:00:00:05,0.0,0.001,1.07,0,2026-06-23T15:57:03,0.0,0.0,0.0,1
route_mutation,0,-0.06144816273512957,20260623T155703_439022,h28,00:00:00:00:00:1C,0.0,0.001,1.1,0,2026-06-23T15:57:03,0.0,0.0,0.0,1
route_mutation,1,-0.04904418355363484,20260623T155703_439022,h4,00:00:00:00:00:04,0.0,0.001,1.07,0,2026-06-23T15:57:03,0.0,0.0,0.0,1
route_mutation,0,-0.07112125987798672,20260623T155703_439022,h29,00:00:00:00:00:1D,0.0,0.001,1.1,0,2026-06-23T15:57:03,0.0,0.0,0.0,1
route_mutation,0,-0.04877548641077771,20260623T155703_439022,h24,00:00:00:00:00:18,0.0,0.001,1.13,0,2026-06-23T15:57:03,0.0,0.0,0.0,1
route_mutation,1,,20260623T155703_439022,h1,00:00:00:00:00:01,0.0,0.001,1.76,0,2026-06-23T15:57:03,0.0,0.0,0.5,0
route_mutation,0,-0.04859635498220631,20260623T155703_439022,h26,00:00:00:00:00:1A,0.0,0.001,1.13,0,2026-06-23T15:57:03,0.0,0.0,0.0,1
route_mutation,0,-0.0011212598779867244,20260623T155703_439022,h32,00:00:00:00:00:20,0.0,0.001,1.1,0,2026-06-23T15:57:03,0.0,0.0,0.0,1
route_mutation,0,-0.04877548641077771,20260623T155703_439022,h23,00:00:00:00:00:17,0.0,0.001,1.13,0,2026-06-23T15:57:03,0.0,0.0,0.0,1
route_mutation,0,-0.04859635498220631,20260623T155703_439022,h27,00:00:00:00:00:1B,0.0,0.001,1.13,0,2026-06-23T15:57:03,0.0,0.0,0.0,1
route_mutation,1,-0.0794675204494153,20260623T155703_439022,h2,00:00:00:00:00:02,0.0,0.001,1.07,0,2026-06-23T15:57:03,0.0,0.0,0.0,1
route_mutation,0,-0.049012676375190495,20260623T155703_439022,h8,00:00:00:00:00:08,0.0,0.001,1.07,0,2026-06-23T15:57:03,0.0,0.0,0.0,1
ip_shuffle,0,-0.049057843819415664,20260623T155733_730057,h19,00:00:00:00:00:13,0.0,0.001,0.8,0,2026-06-23T15:57:33,0.0,0.0,0.0,1
ip_shuffle,0,-0.006943480000000002,20260623T155733_730057,h31,00:00:00:00:00:1F,0.0,0.001,0.8,0,2026-06-23T15:57:33,0.0,0.0,0.0,1
ip_shuffle,1,-0.049140641918604594,20260623T155733_730057,h20,00:00:00:00:00:14,0.0,0.001,0.8,0,2026-06-23T15:57:33,0.0,0.0,0.0,1
ip_shuffle,1,-0.04910249690081102,20260623T155733_730057,h25,00:00:00:00:00:19,0.0,0.001,0.8,0,2026-06-23T15:57:33,0.0,0.0,0.0,1
ip_shuffle,0,-0.048522910206488426,20260623T155733_730057,h10,00:00:00:00:00:0A,0.0,0.001,0.93,0,2026-06-23T15:57:33,0.0,0.0,0.07,1
ip_shuffle,0,-0.006361758985988869,20260623T155733_730057,h30,00:00:00:00:00:1E,0.0,0.001,0.8,0,2026-06-23T15:57:33,0.0,0.0,0.0,1
ip_shuffle,0,-0.0593660783941901,20260623T155733_730057,h15,00:00:00:00:00:0F,0.0,0.001,0.87,0,2026-06-23T15:57:33,0.0,0.0,0.0,1
ip_shuffle,0,-0.06913351347393025,20260623T155733_730057,h12,00:00:00:00:00:0C,0.0,0.001,0.87,0,2026-06-23T15:57:33,0.0,0.0,0.0,1
ip_shuffle,0,-0.04909598883720927,20260623T155733_730057,h17,00:00:00:00:00:11,0.0,0.001,0.8,0,2026-06-23T15:57:33,0.0,0.0,0.0,1
ip_shuffle,0,-0.050259439399856165,20260623T155733_730057,h39,00:00:00:00:00:27,0.0,0.001,0.8,0,2026-06-23T15:57:33,0.0,0.0,0.0,1
ip_shuffle,0,-0.049013190738020324,20260623T155733_730057,h14,00:00:00:00:00:0E,0.0,0.001,0.87,0,2026-06-23T15:57:33,0.0,0.0,0.0,1
ip_shuffle,0,-0.04055072363542901,20260623T155733_730057,h38,00:00:00:00:00:26,0.0,0.001,0.8,0,2026-06-23T15:57:33,0.0,0.0,0.0,1
ip_shuffle,0,-0.0488792314938343,20260623T155733_730057,h18,00:00:00:00:00:12,0.0,0.001,0.8,0,2026-06-23T15:57:33,0.0,0.0,0.0,1
ip_shuffle,0,-0.049013190738020324,20260623T155733_730057,h13,00:00:00:00:00:0D,0.0,0.001,0.87,0,2026-06-23T15:57:33,0.0,0.0,0.0,1
ip_shuffle,0,-0.0509228510118286,20260623T155733_730057,h36,00:00:00:00:00:24,0.0,0.001,0.8,0,2026-06-23T15:57:33,0.0,0.0,0.0,1
ip_shuffle,0,-0.03349467655962919,20260623T155733_730057,h11,00:00:00:00:00:0B,0.0,0.001,0.87,0,2026-06-23T15:57:33,0.0,0.0,0.0,1
ip_shuffle,0,-0.04910249690081102,20260623T155733_730057,h16,00:00:00:00:00:10,0.0,0.001,0.8,0,2026-06-23T15:57:33,0.0,0.0,0.0,1
ip_shuffle,1,-0.07553932964102454,20260623T155733_730057,h21,00:00:00:00:00:15,0.0,0.001,0.8,0,2026-06-23T15:57:33,0.0,0.0,0.0,1
ip_shuffle,0,-0.06543658551162783,20260623T155733_730057,h3,00:00:00:00:00:03,0.0,0.001,0.87,0,2026-06-23T15:57:33,0.0,0.0,0.23,1
ip_shuffle,1,-0.04910249690081102,20260623T155733_730057,h22,00:00:00:00:00:16,0.0,0.001,0.8,0,2026-06-23T15:57:33,0.0,0.0,0.0,1
ip_shuffle,0,-0.013963143103559866,20260623T155733_730057,h37,00:00:00:00:00:25,0.0,0.001,0.8,0,2026-06-23T15:57:33,0.0,0.0,0.0,1
ip_shuffle,0,-0.023037217177633962,20260623T155733_730057,h34,00:00:00:00:00:22,0.0,0.001,0.8,0,2026-06-23T15:57:33,0.0,0.0,0.0,1
ip_shuffle,0,-0.048522910206488426,20260623T155733_730057,h7,00:00:00:00:00:07,0.0,0.001,0.93,0,2026-06-23T15:57:33,0.0,0.0,0.07,1
ip_shuffle,0,-0.004909907134136998,20260623T155733_730057,h33,00:00:00:00:00:21,0.0,0.001,0.8,0,2026-06-23T15:57:33,0.0,0.0,0.0,1
ip_shuffle,0,-0.048522910206488426,20260623T155733_730057,h9,00:00:00:00:00:09,0.0,0.001,0.93,0,2026-06-23T15:57:33,0.0,0.0,0.07,1
ip_shuffle,0,0.004185005044588269,20260623T155733_730057,h35,00:00:00:00:00:23,0.0,0.001,0.8,1,2026-06-23T15:57:33,0.0,0.0,0.0,1
ip_shuffle,0,-0.048522910206488426,20260623T155733_730057,h6,00:00:00:00:00:06,0.0,0.001,0.93,0,2026-06-23T15:57:33,0.0,0.0,0.07,1
ip_shuffle,0,-0.048522910206488426,20260623T155733_730057,h5,00:00:00:00:00:05,0.0,0.001,0.93,0,2026-06-23T15:57:33,0.0,0.0,0.07,1
ip_shuffle,1,-0.0480809369623023,20260623T155733_730057,h28,00:00:00:00:00:1C,0.0,0.001,0.8,0,2026-06-23T15:57:33,0.0,0.0,0.0,1
ip_shuffle,0,-0.048522910206488426,20260623T155733_730057,h4,00:00:00:00:00:04,0.0,0.001,0.93,0,2026-06-23T15:57:33,0.0,0.0,0.07,1
ip_shuffle,0,-0.05933351347393023,20260623T155733_730057,h29,00:00:00:00:00:1D,0.0,0.001,0.8,0,2026-06-23T15:57:33,0.0,0.0,0.0,1
ip_shuffle,1,-0.04910249690081102,20260623T155733_730057,h24,00:00:00:00:00:18,0.0,0.001,0.8,0,2026-06-23T15:57:33,0.0,0.0,0.0,1
ip_shuffle,1,,20260623T155733_730057,h1,00:00:00:00:00:01,0.0,0.001,1.57,0,2026-06-23T15:57:33,0.0,0.0,0.63,0
ip_shuffle,1,-0.04892388457522964,20260623T155733_730057,h26,00:00:00:00:00:1A,0.0,0.001,0.8,0,2026-06-23T15:57:33,0.0,0.0,0.0,1
ip_shuffle,0,0.022333153192736405,20260623T155733_730057,h32,00:00:00:00:00:20,0.0,0.001,0.8,1,2026-06-23T15:57:33,0.0,0.0,0.0,1
ip_shuffle,1,-0.04910249690081102,20260623T155733_730057,h23,00:00:00:00:00:17,0.0,0.001,0.8,0,2026-06-23T15:57:33,0.0,0.0,0.0,1
ip_shuffle,1,-0.04892388457522964,20260623T155733_730057,h27,00:00:00:00:00:1B,0.0,0.001,0.8,0,2026-06-23T15:57:33,0.0,0.0,0.0,1
ip_shuffle,0,-0.07199075694961232,20260623T155733_730057,h2,00:00:00:00:00:02,0.0,0.001,0.87,0,2026-06-23T15:57:33,0.0,0.0,0.23,1
ip_shuffle,0,-0.04860570830567723,20260623T155733_730057,h8,00:00:00:00:00:08,0.0,0.001,0.93,0,2026-06-23T15:57:33,0.0,0.0,0.07,1
ip_shuffle,0,-0.05860090569456493,20260623T155837_866086,h19,00:00:00:00:00:13,0.0,0.001,1.6,0,2026-06-23T15:58:37,0.0,0.0,0.0,1
ip_shuffle,0,-0.1150031047608306,20260623T155837_866086,h31,00:00:00:00:00:1F,0.0,0.001,1.66,0,2026-06-23T15:58:37,0.0,0.0,0.07,1
ip_shuffle,0,-0.07263127686274508,20260623T155837_866086,h20,00:00:00:00:00:14,0.0,0.001,1.6,0,2026-06-23T15:58:37,0.0,0.0,0.0,1
ip_shuffle,0,-0.05861772597778933,20260623T155837_866086,h25,00:00:00:00:00:19,0.0,0.001,1.6,0,2026-06-23T15:58:37,0.0,0.0,0.0,1
ip_shuffle,0,-0.06778478033508781,20260623T155837_866086,h10,00:00:00:00:00:0A,0.0,0.001,1.53,0,2026-06-23T15:58:37,0.0,0.0,0.0,1
ip_shuffle,0,0.0015015264857166366,20260623T155837_866086,h30,00:00:00:00:00:1E,0.0,0.001,1.6,1,2026-06-23T15:58:37,0.0,0.0,0.2,1
ip_shuffle,0,-0.0863669825131715,20260623T155837_866086,h15,00:00:00:00:00:0F,0.0,0.001,1.53,0,2026-06-23T15:58:37,0.0,0.0,0.0,1
ip_shuffle,0,-0.09754530109724231,20260623T155837_866086,h12,00:00:00:00:00:0C,0.0,0.001,1.53,0,2026-06-23T15:58:37,0.0,0.0,0.0,1
ip_shuffle,0,-0.05861445657952069,20260623T155837_866086,h17,00:00:00:00:00:11,0.0,0.001,1.6,0,2026-06-23T15:58:37,0.0,0.0,0.0,1
ip_shuffle,0,-0.07587524204260897,20260623T155837_866086,h39,00:00:00:00:00:27,0.0,0.001,1.56,0,2026-06-23T15:58:37,0.0,0.0,0.2,1
ip_shuffle,0,-0.06778478033508781,20260623T155837_866086,h14,00:00:00:00:00:0E,0.0,0.001,1.53,0,2026-06-23T15:58:37,0.0,0.0,0.0,1
ip_shuffle,0,-0.050232695046432865,20260623T155837_866086,h38,00:00:00:00:00:26,0.0,0.001,1.6,0,2026-06-23T15:58:37,0.0,0.0,0.23,1
ip_shuffle,0,-0.05853362456166733,20260623T155837_866086,h18,00:00:00:00:00:12,0.0,0.001,1.6,0,2026-06-23T15:58:37,0.0,0.0,0.0,1
ip_shuffle,0,-0.06778478033508781,20260623T155837_866086,h13,00:00:00:00:00:0D,0.0,0.001,1.53,0,2026-06-23T15:58:37,0.0,0.0,0.0,1
ip_shuffle,0,-0.07550948629697753,20260623T155837_866086,h36,00:00:00:00:00:24,0.0,0.001,1.6,0,2026-06-23T15:58:37,0.0,0.0,0.23,1
ip_shuffle,0,-0.06225601927314091,20260623T155837_866086,h11,00:00:00:00:00:0B,0.0,0.001,1.53,0,2026-06-23T15:58:37,0.0,0.0,0.0,1
ip_shuffle,0,-0.05861772597778933,20260623T155837_866086,h16,00:00:00:00:00:10,0.0,0.001,1.6,0,2026-06-23T15:58:37,0.0,0.0,0.0,1
ip_shuffle,0,-0.09508896491584243,20260623T155837_866086,h21,00:00:00:00:00:15,0.0,0.001,1.6,0,2026-06-23T15:58:37,0.0,0.0,0.0,1
ip_shuffle,0,-0.09381196776390896,20260623T155837_866086,h3,00:00:00:00:00:03,0.0,0.001,1.53,0,2026-06-23T15:58:37,0.0,0.0,0.0,1
ip_shuffle,0,-0.07261772597778932,20260623T155837_866086,h22,00:00:00:00:00:16,0.0,0.001,1.6,0,2026-06-23T15:58:37,0.0,0.0,0.0,1
ip_shuffle,0,-0.02949195430569211,20260623T155837_866086,h37,00:00:00:00:00:25,0.0,0.001,1.6,0,2026-06-23T15:58:37,0.0,0.0,0.23,1
ip_shuffle,0,-0.0398623246760625,20260623T155837_866086,h34,00:00:00:00:00:22,0.0,0.001,1.6,0,2026-06-23T15:58:37,0.0,0.0,0.23,1
ip_shuffle,0,-0.06778478033508781,20260623T155837_866086,h7,00:00:00:00:00:07,0.0,0.001,1.53,0,2026-06-23T15:58:37,0.0,0.0,0.0,1
ip_shuffle,0,-0.019053052329380912,20260623T155837_866086,h33,00:00:00:00:00:21,0.0,0.001,1.6,0,2026-06-23T15:58:37,0.0,0.0,0.23,1
ip_shuffle,0,-0.06778478033508781,20260623T155837_866086,h9,00:00:00:00:00:09,0.0,0.001,1.53,0,2026-06-23T15:58:37,0.0,0.0,0.0,1
ip_shuffle,0,-0.11771297125925925,20260623T155837_866086,h35,00:00:00:00:00:23,0.0,0.001,1.83,0,2026-06-23T15:58:37,0.0,0.0,0.53,1
ip_shuffle,0,-0.06778478033508781,20260623T155837_866086,h6,00:00:00:00:00:06,0.0,0.001,1.53,0,2026-06-23T15:58:37,0.0,0.0,0.0,1
ip_shuffle,0,-0.06778478033508781,20260623T155837_866086,h5,00:00:00:00:00:05,0.0,0.001,1.53,0,2026-06-23T15:58:37,0.0,0.0,0.0,1
ip_shuffle,0,-0.08151003034633453,20260623T155837_866086,h28,00:00:00:00:00:1C,0.0,0.001,1.6,0,2026-06-23T15:58:37,0.0,0.0,0.0,1
ip_shuffle,0,-0.06778478033508781,20260623T155837_866086,h4,00:00:00:00:00:04,0.0,0.001,1.53,0,2026-06-23T15:58:37,0.0,0.0,0.0,1
ip_shuffle,0,-0.07788581998758365,20260623T155837_866086,h29,00:00:00:00:00:1D,0.0,0.001,1.63,0,2026-06-23T15:58:37,0.0,0.0,0.03,1
ip_shuffle,0,-0.07261772597778932,20260623T155837_866086,h24,00:00:00:00:00:18,0.0,0.001,1.6,0,2026-06-23T15:58:37,0.0,0.0,0.0,1
ip_shuffle,1,,20260623T155837_866086,h1,00:00:00:00:00:01,0.0,0.002,3.26,0,2026-06-23T15:58:37,0.0,0.001,1.46,0
ip_shuffle,0,-0.05855044484489173,20260623T155837_866086,h26,00:00:00:00:00:1A,0.0,0.001,1.6,0,2026-06-23T15:58:37,0.0,0.0,0.0,1
ip_shuffle,0,-0.11952143686232093,20260623T155837_866086,h32,00:00:00:00:00:20,0.0,0.001,1.7,0,2026-06-23T15:58:37,0.0,0.0,0.33,1
ip_shuffle,0,-0.07261772597778932,20260623T155837_866086,h23,00:00:00:00:00:17,0.0,0.001,1.6,0,2026-06-23T15:58:37,0.0,0.0,0.0,1
ip_shuffle,0,-0.05855044484489173,20260623T155837_866086,h27,00:00:00:00:00:1B,0.0,0.001,1.6,0,2026-06-23T15:58:37,0.0,0.0,0.0,1
ip_shuffle,1,-0.10128760524829532,20260623T155837_866086,h2,00:00:00:00:00:02,0.0,0.001,1.53,0,2026-06-23T15:58:37,0.0,0.0,0.0,1
ip_shuffle,0,-0.06781515150326796,20260623T155837_866086,h8,00:00:00:00:00:08,0.0,0.001,1.53,0,2026-06-23T15:58:37,0.0,0.0,0.0,1
route_mutation,0,-0.058584725343241356,20260623T155935_580313,h19,00:00:00:00:00:13,0.0,0.001,1.17,0,2026-06-23T15:59:35,0.0,0.0,0.07,1
route_mutation,1,-0.1151623032597438,20260623T155935_580313,h31,00:00:00:00:00:1F,0.0,0.001,1.1,0,2026-06-23T15:59:35,0.0,0.0,0.0,1
route_mutation,0,-0.0586151617399103,20260623T155935_580313,h20,00:00:00:00:00:14,0.0,0.001,1.17,0,2026-06-23T15:59:35,0.0,0.0,0.07,1
route_mutation,0,-0.07281461404197324,20260623T155935_580313,h25,00:00:00:00:00:19,0.0,0.001,1.1,0,2026-06-23T15:59:35,0.0,0.0,0.0,1
route_mutation,0,-0.06760770756182954,20260623T155935_580313,h10,00:00:00:00:00:0A,0.0,0.001,1.17,0,2026-06-23T15:59:35,0.0,0.0,0.07,1
route_mutation,1,-0.1218474011154333,20260623T155935_580313,h30,00:00:00:00:00:1E,0.0,0.001,1.4,0,2026-06-23T15:59:35,0.0,0.0,0.37,1
route_mutation,0,-0.07924069475966977,20260623T155935_580313,h15,00:00:00:00:00:0F,0.0,0.001,1.1,0,2026-06-23T15:59:35,0.0,0.0,0.23,1
route_mutation,0,-0.09181621030535506,20260623T155935_580313,h12,00:00:00:00:00:0C,0.0,0.001,1.1,0,2026-06-23T15:59:35,0.0,0.0,0.23,1
route_mutation,0,-0.058598327817860646,20260623T155935_580313,h17,00:00:00:00:00:11,0.0,0.001,1.17,0,2026-06-23T15:59:35,0.0,0.0,0.07,1
route_mutation,0,-0.06774501326226734,20260623T155935_580313,h39,00:00:00:00:00:27,0.0,0.001,1.07,0,2026-06-23T15:59:35,0.0,0.0,0.0,1
route_mutation,0,-0.06760770756182954,20260623T155935_580313,h14,00:00:00:00:00:0E,0.0,0.001,1.17,0,2026-06-23T15:59:35,0.0,0.0,0.07,1
route_mutation,0,-0.03898003477071858,20260623T155935_580313,h38,00:00:00:00:00:26,0.0,0.001,1.07,0,2026-06-23T15:59:35,0.0,0.0,0.0,1
route_mutation,0,-0.05851738965504294,20260623T155935_580313,h18,00:00:00:00:00:12,0.0,0.001,1.17,0,2026-06-23T15:59:35,0.0,0.0,0.07,1
route_mutation,0,-0.06760770756182954,20260623T155935_580313,h13,00:00:00:00:00:0D,0.0,0.001,1.17,0,2026-06-23T15:59:35,0.0,0.0,0.07,1
route_mutation,0,-0.06741640037769597,20260623T155935_580313,h36,00:00:00:00:00:24,0.0,0.001,1.07,0,2026-06-23T15:59:35,0.0,0.0,0.0,1
route_mutation,0,-0.06205789791715949,20260623T155935_580313,h11,00:00:00:00:00:0B,0.0,0.001,1.17,0,2026-06-23T15:59:35,0.0,0.0,0.07,1
route_mutation,0,-0.05860155926529101,20260623T155935_580313,h16,00:00:00:00:00:10,0.0,0.001,1.17,0,2026-06-23T15:59:35,0.0,0.0,0.07,1
route_mutation,0,-0.05317349520729654,20260623T155935_580313,h21,00:00:00:00:00:15,0.0,0.001,1.13,0,2026-06-23T15:59:35,0.0,0.0,0.03,1
route_mutation,0,-0.09607099581935907,20260623T155935_580313,h3,00:00:00:00:00:03,0.0,0.001,1.1,0,2026-06-23T15:59:35,0.0,0.0,0.23,1
route_mutation,0,-0.08677380661811539,20260623T155935_580313,h22,00:00:00:00:00:16,0.0,0.001,1.1,0,2026-06-23T15:59:35,0.0,0.0,0.0,1
route_mutation,0,-0.01555926998429491,20260623T155935_580313,h37,00:00:00:00:00:25,0.0,0.001,1.1,0,2026-06-23T15:59:35,0.0,0.0,0.07,1
route_mutation,0,-0.02731336810405191,20260623T155935_580313,h34,00:00:00:00:00:22,0.0,0.001,1.07,0,2026-06-23T15:59:35,0.0,0.0,0.0,1
route_mutation,0,-0.06760770756182954,20260623T155935_580313,h7,00:00:00:00:00:07,0.0,0.001,1.17,0,2026-06-23T15:59:35,0.0,0.0,0.07,1
route_mutation,0,-0.0038724026111687238,20260623T155935_580313,h33,00:00:00:00:00:21,0.0,0.001,1.1,0,2026-06-23T15:59:35,0.0,0.0,0.0,1
route_mutation,0,-0.06760770756182954,20260623T155935_580313,h9,00:00:00:00:00:09,0.0,0.001,1.17,0,2026-06-23T15:59:35,0.0,0.0,0.07,1
route_mutation,0,-0.09392680118518518,20260623T155935_580313,h35,00:00:00:00:00:23,0.0,0.001,1.07,0,2026-06-23T15:59:35,0.0,0.0,0.0,1
route_mutation,0,-0.06760770756182954,20260623T155935_580313,h6,00:00:00:00:00:06,0.0,0.001,1.17,0,2026-06-23T15:59:35,0.0,0.0,0.07,1
route_mutation,0,-0.06756690013797167,20260623T155935_580313,h5,00:00:00:00:00:05,0.0,0.001,1.17,0,2026-06-23T15:59:35,0.0,0.0,0.07,1
route_mutation,1,-0.07399013512394834,20260623T155935_580313,h28,00:00:00:00:00:1C,0.0,0.001,1.1,0,2026-06-23T15:59:35,0.0,0.0,0.0,1
route_mutation,0,-0.06760770756182954,20260623T155935_580313,h4,00:00:00:00:00:04,0.0,0.001,1.17,0,2026-06-23T15:59:35,0.0,0.0,0.07,1
route_mutation,1,-0.06990959241912419,20260623T155935_580313,h29,00:00:00:00:00:1D,0.0,0.001,1.1,0,2026-06-23T15:59:35,0.0,0.0,0.0,1
route_mutation,0,-0.07281461404197324,20260623T155935_580313,h24,00:00:00:00:00:18,0.0,0.001,1.1,0,2026-06-23T15:59:35,0.0,0.0,0.0,1
route_mutation,1,,20260623T155935_580313,h1,00:00:00:00:00:01,0.0,0.002,2.93,0,2026-06-23T15:59:35,0.0,0.001,1.73,0
route_mutation,0,-0.07274727835377484,20260623T155935_580313,h26,00:00:00:00:00:1A,0.0,0.001,1.1,0,2026-06-23T15:59:35,0.0,0.0,0.0,1
route_mutation,0,-0.09756771458682406,20260623T155935_580313,h32,00:00:00:00:00:20,0.0,0.001,1.1,0,2026-06-23T15:59:35,0.0,0.0,0.0,1
route_mutation,0,-0.08681461404197326,20260623T155935_580313,h23,00:00:00:00:00:17,0.0,0.001,1.1,0,2026-06-23T15:59:35,0.0,0.0,0.0,1
route_mutation,0,-0.07274727835377484,20260623T155935_580313,h27,00:00:00:00:00:1B,0.0,0.001,1.1,0,2026-06-23T15:59:35,0.0,0.0,0.0,1
route_mutation,0,-0.07934913894109724,20260623T155935_580313,h2,00:00:00:00:00:02,0.0,0.001,1.1,0,2026-06-23T15:59:35,0.0,0.0,0.2,1
route_mutation,0,-0.06763814395849843,20260623T155935_580313,h8,00:00:00:00:00:08,0.0,0.001,1.17,0,2026-06-23T15:59:35,0.0,0.0,0.07,1
ip_shuffle,0,-0.05847565347540337,20260623T160005_891595,h19,00:00:00:00:00:13,0.0,0.001,1.1,0,2026-06-23T16:00:05,0.0,0.0,0.0,1
ip_shuffle,0,-0.044901684913311896,20260623T160005_891595,h31,00:00:00:00:00:1F,0.0,0.001,1.2,0,2026-06-23T16:00:05,0.0,0.0,0.07,1
ip_shuffle,0,-0.05850607407583634,20260623T160005_891595,h20,00:00:00:00:00:14,0.0,0.001,1.1,0,2026-06-23T16:00:05,0.0,0.0,0.0,1
ip_shuffle,0,-0.07249247375862776,20260623T160005_891595,h25,00:00:00:00:00:19,0.0,0.001,1.17,0,2026-06-23T16:00:05,0.0,0.0,0.07,1
ip_shuffle,0,-0.0677547303363862,20260623T160005_891595,h10,00:00:00:00:00:0A,0.0,0.001,1.1,0,2026-06-23T16:00:05,0.0,0.0,0.0,1
ip_shuffle,0,-0.10214646637481405,20260623T160005_891595,h30,00:00:00:00:00:1E,0.0,0.001,1.13,0,2026-06-23T16:00:05,0.0,0.0,0.23,1
ip_shuffle,0,-0.07254179614062913,20260623T160005_891595,h15,00:00:00:00:00:0F,0.0,0.001,1.03,0,2026-06-23T16:00:05,0.0,0.0,0.0,1
ip_shuffle,0,-0.08649694205203073,20260623T160005_891595,h12,00:00:00:00:00:0C,0.0,0.001,1.07,0,2026-06-23T16:00:05,0.0,0.0,0.0,1
ip_shuffle,0,-0.05858051559391082,20260623T160005_891595,h17,00:00:00:00:00:11,0.0,0.001,1.1,0,2026-06-23T16:00:05,0.0,0.0,0.0,1
ip_shuffle,1,-0.05950892509866118,20260623T160005_891595,h39,00:00:00:00:00:27,0.0,0.001,1.13,0,2026-06-23T16:00:05,0.0,0.0,0.0,1
ip_shuffle,0,-0.067872472318957,20260623T160005_891595,h14,00:00:00:00:00:0E,0.0,0.001,1.03,0,2026-06-23T16:00:05,0.0,0.0,0.0,1
ip_shuffle,1,-0.027552751202357534,20260623T160005_891595,h38,00:00:00:00:00:26,0.0,0.001,1.13,0,2026-06-23T16:00:05,0.0,0.0,0.0,1
ip_shuffle,0,-0.058408372342505774,20260623T160005_891595,h18,00:00:00:00:00:12,0.0,0.001,1.1,0,2026-06-23T16:00:05,0.0,0.0,0.0,1
ip_shuffle,0,-0.067872472318957,20260623T160005_891595,h13,00:00:00:00:00:0D,0.0,0.001,1.03,0,2026-06-23T16:00:05,0.0,0.0,0.0,1
ip_shuffle,0,-0.06848207359887168,20260623T160005_891595,h36,00:00:00:00:00:24,0.0,0.001,1.13,0,2026-06-23T16:00:05,0.0,0.0,0.0,1
ip_shuffle,0,-0.062205800915291834,20260623T160005_891595,h11,00:00:00:00:00:0B,0.0,0.001,1.1,0,2026-06-23T16:00:05,0.0,0.0,0.0,1
ip_shuffle,0,-0.05868859767843411,20260623T160005_891595,h16,00:00:00:00:00:10,0.0,0.001,1.1,0,2026-06-23T16:00:05,0.0,0.0,0.0,1
ip_shuffle,0,-0.052973964937966356,20260623T160005_891595,h21,00:00:00:00:00:15,0.0,0.001,1.13,0,2026-06-23T16:00:05,0.0,0.0,0.03,1
ip_shuffle,0,-0.09112996815224861,20260623T160005_891595,h3,00:00:00:00:00:03,0.0,0.001,1.1,0,2026-06-23T16:00:05,0.0,0.0,0.0,1
ip_shuffle,0,-0.08645167280700208,20260623T160005_891595,h22,00:00:00:00:00:16,0.0,0.001,1.17,0,2026-06-23T16:00:05,0.0,0.0,0.07,1
ip_shuffle,1,-0.0015297165630094867,20260623T160005_891595,h37,00:00:00:00:00:25,0.0,0.001,1.13,0,2026-06-23T16:00:05,0.0,0.0,0.0,1
ip_shuffle,0,-0.014589788239394552,20260623T160005_891595,h34,00:00:00:00:00:22,0.0,0.001,1.13,0,2026-06-23T16:00:05,0.0,0.0,0.0,1
ip_shuffle,0,-0.0677547303363862,20260623T160005_891595,h7,00:00:00:00:00:07,0.0,0.001,1.1,0,2026-06-23T16:00:05,0.0,0.0,0.0,1
ip_shuffle,0,0.011546342225643103,20260623T160005_891595,h33,00:00:00:00:00:21,0.0,0.001,1.13,1,2026-06-23T16:00:05,0.0,0.0,0.1,1
ip_shuffle,0,-0.0677547303363862,20260623T160005_891595,h9,00:00:00:00:00:09,0.0,0.001,1.1,0,2026-06-23T16:00:05,0.0,0.0,0.0,1
ip_shuffle,0,-0.07013964177777778,20260623T160005_891595,h35,00:00:00:00:00:23,0.0,0.001,1.13,0,2026-06-23T16:00:05,0.0,0.0,0.0,1
ip_shuffle,0,-0.0677547303363862,20260623T160005_891595,h6,00:00:00:00:00:06,0.0,0.001,1.1,0,2026-06-23T16:00:05,0.0,0.0,0.0,1
ip_shuffle,0,-0.06771392938476051,20260623T160005_891595,h5,00:00:00:00:00:05,0.0,0.001,1.1,0,2026-06-23T16:00:05,0.0,0.0,0.0,1
ip_shuffle,0,-0.06627151605061514,20260623T160005_891595,h28,00:00:00:00:00:1C,0.0,0.001,1.13,0,2026-06-23T16:00:05,0.0,0.0,0.2,1
ip_shuffle,0,-0.0677547303363862,20260623T160005_891595,h4,00:00:00:00:00:04,0.0,0.001,1.1,0,2026-06-23T16:00:05,0.0,0.0,0.0,1
ip_shuffle,0,-0.061714052467759434,20260623T160005_891595,h29,00:00:00:00:00:1D,0.0,0.001,1.13,0,2026-06-23T16:00:05,0.0,0.0,0.23,1
ip_shuffle,0,-0.07249247375862776,20260623T160005_891595,h24,00:00:00:00:00:18,0.0,0.001,1.17,0,2026-06-23T16:00:05,0.0,0.0,0.07,1
ip_shuffle,1,,20260623T160005_891595,h1,00:00:00:00:00:01,0.0,0.002,2.06,0,2026-06-23T16:00:05,0.0,0.001,0.93,0
ip_shuffle,0,-0.07242519262573016,20260623T160005_891595,h26,00:00:00:00:00:1A,0.0,0.001,1.17,0,2026-06-23T16:00:05,0.0,0.0,0.07,1
ip_shuffle,0,-0.07555075730187506,20260623T160005_891595,h32,00:00:00:00:00:20,0.0,0.001,1.1,0,2026-06-23T16:00:05,0.0,0.0,0.2,1
ip_shuffle,0,-0.08649247375862777,20260623T160005_891595,h23,00:00:00:00:00:17,0.0,0.001,1.17,0,2026-06-23T16:00:05,0.0,0.0,0.07,1
ip_shuffle,0,-0.07242519262573016,20260623T160005_891595,h27,00:00:00:00:00:1B,0.0,0.001,1.17,0,2026-06-23T16:00:05,0.0,0.0,0.07,1
ip_shuffle,0,-0.07246330148558193,20260623T160005_891595,h2,00:00:00:00:00:02,0.0,0.001,1.1,0,2026-06-23T16:00:05,0.0,0.0,0.0,1
ip_shuffle,0,-0.06778515093681917,20260623T160005_891595,h8,00:00:00:00:00:08,0.0,0.001,1.1,0,2026-06-23T16:00:05,0.0,0.0,0.0,1
ip_shuffle,1,-0.058741858528107316,20260623T160103_628107,h19,00:00:00:00:00:13,0.0,0.001,0.87,0,2026-06-23T16:01:03,0.0,0.0,0.0,1
ip_shuffle,0,-0.04510060883311824,20260623T160103_628107,h31,00:00:00:00:00:1F,0.0,0.001,0.87,0,2026-06-23T16:01:03,0.0,0.0,0.0,1
ip_shuffle,1,-0.058772279128540286,20260623T160103_628107,h20,00:00:00:00:00:14,0.0,0.001,0.87,0,2026-06-23T16:01:03,0.0,0.0,0.0,1
ip_shuffle,0,-0.0727586788113317,20260623T160103_628107,h25,00:00:00:00:00:19,0.0,0.001,0.87,0,2026-06-23T16:01:03,0.0,0.0,0.0,1
ip_shuffle,0,-0.06780799118605939,20260623T160103_628107,h10,00:00:00:00:00:0A,0.0,0.001,0.87,0,2026-06-23T16:01:03,0.0,0.0,0.0,1
ip_shuffle,0,-0.08253282102138046,20260623T160103_628107,h30,00:00:00:00:00:1E,0.0,0.001,0.87,0,2026-06-23T16:01:03,0.0,0.0,0.0,1
ip_shuffle,1,-0.06559868959056714,20260623T160103_628107,h15,00:00:00:00:00:0F,0.0,0.001,0.87,0,2026-06-23T16:01:03,0.0,0.0,0.0,1
ip_shuffle,1,-0.06559868959056714,20260623T160103_628107,h12,00:00:00:00:00:0C,0.0,0.001,0.87,0,2026-06-23T16:01:03,0.0,0.0,0.0,1
ip_shuffle,1,-0.058741858528107316,20260623T160103_628107,h17,00:00:00:00:00:11,0.0,0.001,0.87,0,2026-06-23T16:01:03,0.0,0.0,0.0,1
ip_shuffle,0,-0.051311870941860654,20260623T160103_628107,h39,00:00:00:00:00:27,0.0,0.001,0.87,0,2026-06-23T16:01:03,0.0,0.0,0.0,1
ip_shuffle,1,-0.06780799118605939,20260623T160103_628107,h14,00:00:00:00:00:0E,0.0,0.001,0.87,0,2026-06-23T16:01:03,0.0,0.0,0.0,1
ip_shuffle,0,-0.016160079655926612,20260623T160103_628107,h38,00:00:00:00:00:26,0.0,0.001,0.87,0,2026-06-23T16:01:03,0.0,0.0,0.0,1
ip_shuffle,1,-0.05867457739520972,20260623T160103_628107,h18,00:00:00:00:00:12,0.0,0.001,0.87,0,2026-06-23T16:01:03,0.0,0.0,0.0,1
ip_shuffle,1,-0.1378079911860594,20260623T160103_628107,h13,00:00:00:00:00:0D,0.0,0.001,0.87,0,2026-06-23T16:01:03,0.0,0.0,0.0,1
ip_shuffle,0,-0.06118233429209219,20260623T160103_628107,h36,00:00:00:00:00:24,0.0,0.001,0.87,0,2026-06-23T16:01:03,0.0,0.0,0.0,1
ip_shuffle,0,-0.062259061764965026,20260623T160103_628107,h11,00:00:00:00:00:0B,0.0,0.001,0.87,0,2026-06-23T16:01:03,0.0,0.0,0.0,1
ip_shuffle,1,-0.058741858528107316,20260623T160103_628107,h16,00:00:00:00:00:10,0.0,0.001,0.87,0,2026-06-23T16:01:03,0.0,0.0,0.0,1
ip_shuffle,1,-0.053240169990670314,20260623T160103_628107,h21,00:00:00:00:00:15,0.0,0.001,0.87,0,2026-06-23T16:01:03,0.0,0.0,0.0,1
ip_shuffle,0,-0.06544855776896644,20260623T160103_628107,h3,00:00:00:00:00:03,0.0,0.001,0.83,0,2026-06-23T16:01:03,0.0,0.0,0.2,1
ip_shuffle,1,-0.08671787785970603,20260623T160103_628107,h22,00:00:00:00:00:16,0.0,0.001,0.87,0,2026-06-23T16:01:03,0.0,0.0,0.0,1
ip_shuffle,0,0.012465258447356214,20260623T160103_628107,h37,00:00:00:00:00:25,0.0,0.001,0.87,1,2026-06-23T16:01:03,0.0,0.0,0.0,1
ip_shuffle,0,-0.0019008203966673354,20260623T160103_628107,h34,00:00:00:00:00:22,0.0,0.001,0.87,0,2026-06-23T16:01:03,0.0,0.0,0.0,1
ip_shuffle,0,-0.06780799118605939,20260623T160103_628107,h7,00:00:00:00:00:07,0.0,0.001,0.87,0,2026-06-23T16:01:03,0.0,0.0,0.0,1
ip_shuffle,0,-0.1256478198871698,20260623T160103_628107,h33,00:00:00:00:00:21,0.0,0.001,1.1,0,2026-06-23T16:01:03,0.0,0.0,0.23,1
ip_shuffle,0,-0.06780799118605939,20260623T160103_628107,h9,00:00:00:00:00:09,0.0,0.001,0.87,0,2026-06-23T16:01:03,0.0,0.0,0.0,1
ip_shuffle,0,-0.04635360237037037,20260623T160103_628107,h35,00:00:00:00:00:23,0.0,0.001,0.87,0,2026-06-23T16:01:03,0.0,0.0,0.0,1
ip_shuffle,0,-0.06780799118605939,20260623T160103_628107,h6,00:00:00:00:00:06,0.0,0.001,0.87,0,2026-06-23T16:01:03,0.0,0.0,0.0,1
ip_shuffle,0,-0.06767592843313482,20260623T160103_628107,h5,00:00:00:00:00:05,0.0,0.001,0.9,0,2026-06-23T16:01:03,0.0,0.0,0.03,1
ip_shuffle,0,-0.05898011300592777,20260623T160103_628107,h28,00:00:00:00:00:1C,0.0,0.001,0.87,0,2026-06-23T16:01:03,0.0,0.0,0.0,1
ip_shuffle,0,-0.067611867266253,20260623T160103_628107,h4,00:00:00:00:00:04,0.0,0.001,0.93,0,2026-06-23T16:01:03,0.0,0.0,0.07,1
ip_shuffle,0,-0.05396690306478649,20260623T160103_628107,h29,00:00:00:00:00:1D,0.0,0.001,0.87,0,2026-06-23T16:01:03,0.0,0.0,0.0,1
ip_shuffle,1,-0.0727586788113317,20260623T160103_628107,h24,00:00:00:00:00:18,0.0,0.001,0.87,0,2026-06-23T16:01:03,0.0,0.0,0.0,1
ip_shuffle,1,,20260623T160103_628107,h1,00:00:00:00:00:01,0.0,0.001,1.53,0,2026-06-23T16:01:03,0.0,0.0,0.67,0
ip_shuffle,0,-0.0726913976784341,20260623T160103_628107,h26,00:00:00:00:00:1A,0.0,0.001,0.87,0,2026-06-23T16:01:03,0.0,0.0,0.0,1
ip_shuffle,0,-0.053588658382330775,20260623T160103_628107,h32,00:00:00:00:00:20,0.0,0.001,0.87,0,2026-06-23T16:01:03,0.0,0.0,0.0,1
ip_shuffle,1,-0.08675867881133172,20260623T160103_628107,h23,00:00:00:00:00:17,0.0,0.001,0.87,0,2026-06-23T16:01:03,0.0,0.0,0.0,1
ip_shuffle,0,-0.0726913976784341,20260623T160103_628107,h27,00:00:00:00:00:1B,0.0,0.001,0.87,0,2026-06-23T16:01:03,0.0,0.0,0.0,1
ip_shuffle,0,-0.06536929757364934,20260623T160103_628107,h2,00:00:00:00:00:02,0.0,0.001,0.87,0,2026-06-23T16:01:03,0.0,0.0,0.23,1
ip_shuffle,0,-0.06783841178649236,20260623T160103_628107,h8,00:00:00:00:00:08,0.0,0.001,0.87,0,2026-06-23T16:01:03,0.0,0.0,0.0,1
ip_shuffle,0,-0.058854953001816174,20260623T160201_153892,h19,00:00:00:00:00:13,0.0,0.001,1.5,0,2026-06-23T16:02:01,0.0,0.0,0.0,1
ip_shuffle,0,-0.0449749103073981,20260623T160201_153892,h31,00:00:00:00:00:1F,0.0,0.001,1.56,0,2026-06-23T16:02:01,0.0,0.0,0.07,1
ip_shuffle,0,-0.05888531508982038,20260623T160201_153892,h20,00:00:00:00:00:14,0.0,0.001,1.5,0,2026-06-23T16:02:01,0.0,0.0,0.0,1
ip_shuffle,0,-0.05887176420486462,20260623T160201_153892,h25,00:00:00:00:00:19,0.0,0.001,1.5,0,2026-06-23T16:02:01,0.0,0.0,0.0,1
ip_shuffle,0,-0.06786575783578462,20260623T160201_153892,h10,00:00:00:00:00:0A,0.0,0.001,1.5,0,2026-06-23T16:02:01,0.0,0.0,0.0,1
ip_shuffle,0,-0.06286542005856313,20260623T160201_153892,h30,00:00:00:00:00:1E,0.0,0.001,1.5,0,2026-06-23T16:02:01,0.0,0.0,0.23,1
ip_shuffle,0,-0.05881909581632229,20260623T160201_153892,h15,00:00:00:00:00:0F,0.0,0.001,1.5,0,2026-06-23T16:02:01,0.0,0.0,0.0,1
ip_shuffle,0,-0.05881909581632229,20260623T160201_153892,h12,00:00:00:00:00:0C,0.0,0.001,1.5,0,2026-06-23T16:02:01,0.0,0.0,0.0,1
ip_shuffle,0,-0.058854953001816174,20260623T160201_153892,h17,00:00:00:00:00:11,0.0,0.001,1.5,0,2026-06-23T16:02:01,0.0,0.0,0.0,1
ip_shuffle,0,-0.0431663815791533,20260623T160201_153892,h39,00:00:00:00:00:27,0.0,0.001,1.56,0,2026-06-23T16:02:01,0.0,0.0,0.0,1
ip_shuffle,0,-0.06786575783578462,20260623T160201_153892,h14,00:00:00:00:00:0E,0.0,0.001,1.5,0,2026-06-23T16:02:01,0.0,0.0,0.0,1
ip_shuffle,0,-0.0047143375408860155,20260623T160201_153892,h38,00:00:00:00:00:26,0.0,0.001,1.56,0,2026-06-23T16:02:01,0.0,0.0,0.1,1
ip_shuffle,0,-0.058854953001816174,20260623T160201_153892,h18,00:00:00:00:00:12,0.0,0.001,1.5,0,2026-06-23T16:02:01,0.0,0.0,0.0,1
ip_shuffle,0,-0.1378657578357846,20260623T160201_153892,h13,00:00:00:00:00:0D,0.0,0.001,1.5,0,2026-06-23T16:02:01,0.0,0.0,0.0,1
ip_shuffle,0,-0.020128963892901766,20260623T160201_153892,h36,00:00:00:00:00:24,0.0,0.001,1.56,0,2026-06-23T16:02:01,0.0,0.0,0.23,1
ip_shuffle,0,-0.06786575783578462,20260623T160201_153892,h11,00:00:00:00:00:0B,0.0,0.001,1.5,0,2026-06-23T16:02:01,0.0,0.0,0.0,1
ip_shuffle,0,-0.058854953001816174,20260623T160201_153892,h16,00:00:00:00:00:10,0.0,0.001,1.5,0,2026-06-23T16:02:01,0.0,0.0,0.0,1
ip_shuffle,0,-0.058902126292868826,20260623T160201_153892,h21,00:00:00:00:00:15,0.0,0.001,1.5,0,2026-06-23T16:02:01,0.0,0.0,0.0,1
ip_shuffle,0,-0.05883254477876104,20260623T160201_153892,h3,00:00:00:00:00:03,0.0,0.001,1.5,0,2026-06-23T16:02:01,0.0,0.0,0.0,1
ip_shuffle,0,-0.05883111154999737,20260623T160201_153892,h22,00:00:00:00:00:16,0.0,0.001,1.5,0,2026-06-23T16:02:01,0.0,0.0,0.0,1
ip_shuffle,0,-0.1252997153922401,20260623T160201_153892,h37,00:00:00:00:00:25,0.0,0.001,1.66,0,2026-06-23T16:02:01,0.0,0.0,0.33,1
ip_shuffle,0,0.01109837906127778,20260623T160201_153892,h34,00:00:00:00:00:22,0.0,0.001,1.56,1,2026-06-23T16:02:01,0.0,0.0,0.23,1
ip_shuffle,0,-0.06786575783578462,20260623T160201_153892,h7,00:00:00:00:00:07,0.0,0.001,1.5,0,2026-06-23T16:02:01,0.0,0.0,0.0,1
ip_shuffle,0,-0.109780958051438,20260623T160201_153892,h33,00:00:00:00:00:21,0.0,0.001,1.5,0,2026-06-23T16:02:01,0.0,0.0,0.23,1
ip_shuffle,0,-0.06786575783578462,20260623T160201_153892,h9,00:00:00:00:00:09,0.0,0.001,1.5,0,2026-06-23T16:02:01,0.0,0.0,0.0,1
ip_shuffle,0,-0.027230309629629634,20260623T160201_153892,h35,00:00:00:00:00:23,0.0,0.001,1.56,0,2026-06-23T16:02:01,0.0,0.0,0.23,1
ip_shuffle,0,-0.06786575783578462,20260623T160201_153892,h6,00:00:00:00:00:06,0.0,0.001,1.5,0,2026-06-23T16:02:01,0.0,0.0,0.0,1
ip_shuffle,0,-0.06783865606587312,20260623T160201_153892,h5,00:00:00:00:00:05,0.0,0.001,1.5,0,2026-06-23T16:02:01,0.0,0.0,0.0,1
ip_shuffle,0,-0.051529758174514995,20260623T160201_153892,h28,00:00:00:00:00:1C,0.0,0.001,1.5,0,2026-06-23T16:02:01,0.0,0.0,0.13,1
ip_shuffle,0,-0.06786575783578462,20260623T160201_153892,h4,00:00:00:00:00:04,0.0,0.001,1.5,0,2026-06-23T16:02:01,0.0,0.0,0.0,1
ip_shuffle,0,-0.046009243995471724,20260623T160201_153892,h29,00:00:00:00:00:1D,0.0,0.001,1.5,0,2026-06-23T16:02:01,0.0,0.0,0.23,1
ip_shuffle,0,-0.05887176420486462,20260623T160201_153892,h24,00:00:00:00:00:18,0.0,0.001,1.5,0,2026-06-23T16:02:01,0.0,0.0,0.0,1
ip_shuffle,0,,20260623T160201_153892,h1,00:00:00:00:00:01,0.0,0.002,2.8,0,2026-06-23T16:02:01,0.0,0.001,0.93,0
ip_shuffle,0,-0.05887176420486462,20260623T160201_153892,h26,00:00:00:00:00:1A,0.0,0.001,1.5,0,2026-06-23T16:02:01,0.0,0.0,0.0,1
ip_shuffle,0,-0.031591464361349714,20260623T160201_153892,h32,00:00:00:00:00:20,0.0,0.001,1.5,0,2026-06-23T16:02:01,0.0,0.0,0.23,1
ip_shuffle,0,-0.05887176420486462,20260623T160201_153892,h23,00:00:00:00:00:17,0.0,0.001,1.5,0,2026-06-23T16:02:01,0.0,0.0,0.0,1
ip_shuffle,0,-0.05887176420486462,20260623T160201_153892,h27,00:00:00:00:00:1B,0.0,0.001,1.5,0,2026-06-23T16:02:01,0.0,0.0,0.0,1
ip_shuffle,0,-0.05881909581632229,20260623T160201_153892,h2,00:00:00:00:00:02,0.0,0.001,1.5,0,2026-06-23T16:02:01,0.0,0.0,0.0,1
ip_shuffle,0,-0.06786575783578462,20260623T160201_153892,h8,00:00:00:00:00:08,0.0,0.001,1.5,0,2026-06-23T16:02:01,0.0,0.0,0.0,1
ip_shuffle,0,-0.053677264819188525,20260623T160258_830850,h19,00:00:00:00:00:13,0.0,0.001,0.9,0,2026-06-23T16:02:58,0.0,0.0,0.0,1
ip_shuffle,0,-0.04137106560562259,20260623T160258_830850,h31,00:00:00:00:00:1F,0.0,0.001,0.87,0,2026-06-23T16:02:58,0.0,0.0,0.0,1
ip_shuffle,0,-0.05370605797493236,20260623T160258_830850,h20,00:00:00:00:00:14,0.0,0.001,0.9,0,2026-06-23T16:02:58,0.0,0.0,0.0,1
ip_shuffle,0,-0.053692457657723805,20260623T160258_830850,h25,00:00:00:00:00:19,0.0,0.001,0.9,0,2026-06-23T16:02:58,0.0,0.0,0.0,1
ip_shuffle,1,-0.13797372588087448,20260623T160258_830850,h10,00:00:00:00:00:0A,0.0,0.001,0.9,0,2026-06-23T16:02:58,0.0,0.0,0.0,1
ip_shuffle,0,-0.12149768269604495,20260623T160258_830850,h30,00:00:00:00:00:1E,0.0,0.001,0.9,0,2026-06-23T16:02:58,0.0,0.0,0.07,1
ip_shuffle,0,-0.05189224918942065,20260623T160258_830850,h15,00:00:00:00:00:0F,0.0,0.001,0.9,0,2026-06-23T16:02:58,0.0,0.0,0.0,1
ip_shuffle,1,-0.1125589158560873,20260623T160258_830850,h12,00:00:00:00:00:0C,0.0,0.001,0.9,0,2026-06-23T16:02:58,0.0,0.0,0.0,1
ip_shuffle,0,-0.053677264819188525,20260623T160258_830850,h17,00:00:00:00:00:11,0.0,0.001,0.9,0,2026-06-23T16:02:58,0.0,0.0,0.0,1
ip_shuffle,0,-0.029586335765200672,20260623T160258_830850,h39,00:00:00:00:00:27,0.0,0.001,0.8,0,2026-06-23T16:02:58,0.0,0.0,0.23,1
ip_shuffle,0,-0.06797372588087448,20260623T160258_830850,h14,00:00:00:00:00:0E,0.0,0.001,0.9,0,2026-06-23T16:02:58,0.0,0.0,0.0,1
ip_shuffle,0,0.011115267697799441,20260623T160258_830850,h38,00:00:00:00:00:26,0.0,0.001,0.8,1,2026-06-23T16:02:58,0.0,0.0,0.13,1
ip_shuffle,0,-0.053677264819188525,20260623T160258_830850,h18,00:00:00:00:00:12,0.0,0.001,0.9,0,2026-06-23T16:02:58,0.0,0.0,0.0,1
ip_shuffle,1,-0.13797372588087448,20260623T160258_830850,h13,00:00:00:00:00:0D,0.0,0.001,0.9,0,2026-06-23T16:02:58,0.0,0.0,0.0,1
ip_shuffle,0,-0.0058114463589863385,20260623T160258_830850,h36,00:00:00:00:00:24,0.0,0.001,0.8,0,2026-06-23T16:02:58,0.0,0.0,0.0,1
ip_shuffle,1,-0.13797372588087448,20260623T160258_830850,h11,00:00:00:00:00:0B,0.0,0.001,0.9,0,2026-06-23T16:02:58,0.0,0.0,0.0,1
ip_shuffle,0,-0.053677264819188525,20260623T160258_830850,h16,00:00:00:00:00:10,0.0,0.001,0.9,0,2026-06-23T16:02:58,0.0,0.0,0.0,1
ip_shuffle,0,-0.05372125081346761,20260623T160258_830850,h21,00:00:00:00:00:15,0.0,0.001,0.9,0,2026-06-23T16:02:58,0.0,0.0,0.0,1
ip_shuffle,1,-0.051905416316151184,20260623T160258_830850,h3,00:00:00:00:00:03,0.0,0.001,0.9,0,2026-06-23T16:02:58,0.0,0.0,0.0,1
ip_shuffle,0,-0.0536516567060981,20260623T160258_830850,h22,00:00:00:00:00:16,0.0,0.001,0.9,0,2026-06-23T16:02:58,0.0,0.0,0.0,1
ip_shuffle,0,-0.12506243504250045,20260623T160258_830850,h37,00:00:00:00:00:25,0.0,0.001,0.8,0,2026-06-23T16:02:58,0.0,0.0,0.0,1
ip_shuffle,0,0.044618451436962914,20260623T160258_830850,h34,00:00:00:00:00:22,0.0,0.001,1.03,1,2026-06-23T16:02:58,0.0,0.0,0.33,1
ip_shuffle,1,-0.06797372588087448,20260623T160258_830850,h7,00:00:00:00:00:07,0.0,0.001,0.9,0,2026-06-23T16:02:58,0.0,0.0,0.0,1
ip_shuffle,0,-0.1253112652697013,20260623T160258_830850,h33,00:00:00:00:00:21,0.0,0.001,0.87,0,2026-06-23T16:02:58,0.0,0.0,0.0,1
ip_shuffle,1,-0.13797372588087448,20260623T160258_830850,h9,00:00:00:00:00:09,0.0,0.001,0.9,0,2026-06-23T16:02:58,0.0,0.0,0.0,1
ip_shuffle,0,-0.11864677125925925,20260623T160258_830850,h35,00:00:00:00:00:23,0.0,0.001,0.8,0,2026-06-23T16:02:58,0.0,0.0,0.0,1
ip_shuffle,1,-0.06797372588087448,20260623T160258_830850,h6,00:00:00:00:00:06,0.0,0.001,0.9,0,2026-06-23T16:02:58,0.0,0.0,0.0,1
ip_shuffle,1,-0.06794652524645735,20260623T160258_830850,h5,00:00:00:00:00:05,0.0,0.001,0.9,0,2026-06-23T16:02:58,0.0,0.0,0.0,1
ip_shuffle,0,-0.03955051088743228,20260623T160258_830850,h28,00:00:00:00:00:1C,0.0,0.001,0.87,0,2026-06-23T16:02:58,0.0,0.0,0.0,1
ip_shuffle,1,-0.06797372588087448,20260623T160258_830850,h4,00:00:00:00:00:04,0.0,0.001,0.9,0,2026-06-23T16:02:58,0.0,0.0,0.0,1
ip_shuffle,0,-0.07059563086354206,20260623T160258_830850,h29,00:00:00:00:00:1D,0.0,0.001,0.87,0,2026-06-23T16:02:58,0.0,0.0,0.0,1
ip_shuffle,0,-0.053692457657723805,20260623T160258_830850,h24,00:00:00:00:00:18,0.0,0.001,0.9,0,2026-06-23T16:02:58,0.0,0.0,0.0,1
ip_shuffle,1,,20260623T160258_830850,h1,00:00:00:00:00:01,0.0,0.001,1.13,0,2026-06-23T16:02:58,0.0,0.0,0.4,0
ip_shuffle,0,-0.053692457657723805,20260623T160258_830850,h26,00:00:00:00:00:1A,0.0,0.001,0.9,0,2026-06-23T16:02:58,0.0,0.0,0.0,1
ip_shuffle,0,-0.119331320525948,20260623T160258_830850,h32,00:00:00:00:00:20,0.0,0.001,0.87,0,2026-06-23T16:02:58,0.0,0.0,0.0,1
ip_shuffle,0,-0.053692457657723805,20260623T160258_830850,h23,00:00:00:00:00:17,0.0,0.001,0.9,0,2026-06-23T16:02:58,0.0,0.0,0.0,1
ip_shuffle,0,-0.053692457657723805,20260623T160258_830850,h27,00:00:00:00:00:1B,0.0,0.001,0.9,0,2026-06-23T16:02:58,0.0,0.0,0.0,1
ip_shuffle,0,-0.05189224918942065,20260623T160258_830850,h2,00:00:00:00:00:02,0.0,0.001,0.9,0,2026-06-23T16:02:58,0.0,0.0,0.0,1
ip_shuffle,1,-0.06797372588087448,20260623T160258_830850,h8,00:00:00:00:00:08,0.0,0.001,0.9,0,2026-06-23T16:02:58,0.0,0.0,0.0,1
ip_shuffle,0,-0.1029434702720766,20260623T160402_982850,h30,00:00:00:00:00:1E,0.0,0.001,1.33,0,2026-06-23T16:04:02,0.0,0.0,0.1,1
ip_shuffle,0,0.00022952991691324587,20260623T160402_982850,h19,00:00:00:00:00:13,0.0,0.001,1.3,0,2026-06-23T16:04:02,0.0,0.0,0.03,1
ip_shuffle,0,-0.05420933825111368,20260623T160402_982850,h31,00:00:00:00:00:1F,0.0,0.001,1.33,0,2026-06-23T16:04:02,0.0,0.0,0.1,1
ip_shuffle,0,0.000303455782608375,20260623T160402_982850,h20,00:00:00:00:00:14,0.0,0.001,1.3,0,2026-06-23T16:04:02,0.0,0.0,0.03,1
ip_shuffle,0,0.0003919180103988118,20260623T160402_982850,h25,00:00:00:00:00:19,0.0,0.001,1.3,0,2026-06-23T16:04:02,0.0,0.0,0.03,1
ip_shuffle,0,-0.06976036448995031,20260623T160402_982850,h10,00:00:00:00:00:0A,0.0,0.001,1.3,0,2026-06-23T16:04:02,0.0,0.0,0.03,1
ip_shuffle,0,-0.0034885007803311385,20260623T160402_982850,h15,00:00:00:00:00:0F,0.0,0.001,1.3,0,2026-06-23T16:04:02,0.0,0.0,0.03,1
ip_shuffle,0,-0.04176036448995031,20260623T160402_982850,h13,00:00:00:00:00:0D,0.0,0.001,1.3,0,2026-06-23T16:04:02,0.0,0.0,0.03,1
ip_shuffle,0,0.00022952991691324587,20260623T160402_982850,h17,00:00:00:00:00:11,0.0,0.001,1.3,0,2026-06-23T16:04:02,0.0,0.0,0.03,1
ip_shuffle,0,-0.09568910343935252,20260623T160402_982850,h39,00:00:00:00:00:27,0.0,0.001,1.33,0,2026-06-23T16:04:02,0.0,0.0,0.07,1
ip_shuffle,0,-0.027760364489950298,20260623T160402_982850,h14,00:00:00:00:00:0E,0.0,0.001,1.3,0,2026-06-23T16:04:02,0.0,0.0,0.03,1
ip_shuffle,0,-0.12427744265908837,20260623T160402_982850,h38,00:00:00:00:00:26,0.0,0.001,1.37,0,2026-06-23T16:04:02,0.0,0.0,0.3,1
ip_shuffle,0,0.00022952991691324587,20260623T160402_982850,h18,00:00:00:00:00:12,0.0,0.001,1.3,0,2026-06-23T16:04:02,0.0,0.0,0.03,1
ip_shuffle,0,-0.06976036448995031,20260623T160402_982850,h11,00:00:00:00:00:0B,0.0,0.001,1.3,0,2026-06-23T16:04:02,0.0,0.0,0.03,1
ip_shuffle,0,-0.029621834113664466,20260623T160402_982850,h12,00:00:00:00:00:0C,0.0,0.001,1.3,0,2026-06-23T16:04:02,0.0,0.0,0.03,1
ip_shuffle,0,-0.007047847734797108,20260623T160402_982850,h36,00:00:00:00:00:24,0.0,0.001,1.33,0,2026-06-23T16:04:02,0.0,0.0,0.1,1
ip_shuffle,0,0.00022952991691324587,20260623T160402_982850,h16,00:00:00:00:00:10,0.0,0.001,1.3,0,2026-06-23T16:04:02,0.0,0.0,0.03,1
ip_shuffle,0,0.0003672760551670651,20260623T160402_982850,h21,00:00:00:00:00:15,0.0,0.001,1.3,0,2026-06-23T16:04:02,0.0,0.0,0.03,1
ip_shuffle,0,-0.0037311639892712023,20260623T160402_982850,h24,00:00:00:00:00:18,0.0,0.001,1.3,0,2026-06-23T16:04:02,0.0,0.0,0.03,1
ip_shuffle,0,0.00043552709668462364,20260623T160402_982850,h22,00:00:00:00:00:16,0.0,0.001,1.3,0,2026-06-23T16:04:02,0.0,0.0,0.03,1
ip_shuffle,0,-0.11067319302568306,20260623T160402_982850,h37,00:00:00:00:00:25,0.0,0.001,1.33,0,2026-06-23T16:04:02,0.0,0.0,0.1,1
ip_shuffle,0,-0.12070418312582797,20260623T160402_982850,h34,00:00:00:00:00:22,0.0,0.001,1.27,0,2026-06-23T16:04:02,0.0,0.0,0.23,1
ip_shuffle,0,0.00023963551004968497,20260623T160402_982850,h7,00:00:00:00:00:07,0.0,0.001,1.3,0,2026-06-23T16:04:02,0.0,0.0,0.03,1
ip_shuffle,0,-0.11074110239715587,20260623T160402_982850,h33,00:00:00:00:00:21,0.0,0.001,1.33,0,2026-06-23T16:04:02,0.0,0.0,0.1,1
ip_shuffle,0,-0.06976036448995031,20260623T160402_982850,h9,00:00:00:00:00:09,0.0,0.001,1.3,0,2026-06-23T16:04:02,0.0,0.0,0.03,1
ip_shuffle,0,-0.09901537702283572,20260623T160402_982850,h35,00:00:00:00:00:23,0.0,0.001,1.33,0,2026-06-23T16:04:02,0.0,0.0,0.1,1
ip_shuffle,0,0.00023963551004968497,20260623T160402_982850,h6,00:00:00:00:00:06,0.0,0.001,1.3,0,2026-06-23T16:04:02,0.0,0.0,0.03,1
ip_shuffle,0,0.0002687082342402447,20260623T160402_982850,h5,00:00:00:00:00:05,0.0,0.001,1.3,0,2026-06-23T16:04:02,0.0,0.0,0.03,1
ip_shuffle,0,0.006033732490898891,20260623T160402_982850,h28,00:00:00:00:00:1C,0.0,0.001,1.33,1,2026-06-23T16:04:02,0.0,0.0,0.1,1
ip_shuffle,1,0.009568733999408191,20260623T160402_982850,h3,00:00:00:00:00:03,0.0,0.001,1.3,1,2026-06-23T16:04:02,0.0,0.0,0.03,1
ip_shuffle,0,0.00023963551004968497,20260623T160402_982850,h4,00:00:00:00:00:04,0.0,0.001,1.3,0,2026-06-23T16:04:02,0.0,0.0,0.03,1
ip_shuffle,0,-0.07868087237911082,20260623T160402_982850,h29,00:00:00:00:00:1D,0.0,0.001,1.33,0,2026-06-23T16:04:02,0.0,0.0,0.1,1
ip_shuffle,1,,20260623T160402_982850,h1,00:00:00:00:00:01,0.0,0.002,2.1,0,2026-06-23T16:04:02,0.0,0.001,1.1,0
ip_shuffle,0,-0.009573537496351092,20260623T160402_982850,h26,00:00:00:00:00:1A,0.0,0.001,1.33,0,2026-06-23T16:04:02,0.0,0.0,0.07,1
ip_shuffle,0,-0.09956650602857342,20260623T160402_982850,h32,00:00:00:00:00:20,0.0,0.001,1.33,0,2026-06-23T16:04:02,0.0,0.0,0.1,1
ip_shuffle,0,0.0003919180103988118,20260623T160402_982850,h23,00:00:00:00:00:17,0.0,0.001,1.3,0,2026-06-23T16:04:02,0.0,0.0,0.03,1
ip_shuffle,0,-0.009573537496351092,20260623T160402_982850,h27,00:00:00:00:00:1B,0.0,0.001,1.33,0,2026-06-23T16:04:02,0.0,0.0,0.1,1
ip_shuffle,1,0.009578165886335532,20260623T160402_982850,h2,00:00:00:00:00:02,0.0,0.001,1.3,1,2026-06-23T16:04:02,0.0,0.0,0.03,1
ip_shuffle,0,0.00023963551004968497,20260623T160402_982850,h8,00:00:00:00:00:08,0.0,0.001,1.3,0,2026-06-23T16:04:02,0.0,0.0,0.03,1
ip_shuffle,0,0.00046724691897784276,20260623T160513_623337,h19,00:00:00:00:00:13,0.0,0.001,0.8,0,2026-06-23T16:05:13,0.0,0.0,0.03,1
ip_shuffle,0,-0.05432412871913071,20260623T160513_623337,h31,00:00:00:00:00:1F,0.0,0.001,0.77,0,2026-06-23T16:05:13,0.0,0.0,0.03,1
ip_shuffle,0,0.00046724691897784276,20260623T160513_623337,h20,00:00:00:00:00:14,0.0,0.001,0.8,0,2026-06-23T16:05:13,0.0,0.0,0.0,1
ip_shuffle,0,0.00046724691897784276,20260623T160513_623337,h25,00:00:00:00:00:19,0.0,0.001,0.8,0,2026-06-23T16:05:13,0.0,0.0,0.03,1
ip_shuffle,0,0.00031514151318334793,20260623T160513_623337,h10,00:00:00:00:00:0A,0.0,0.001,0.8,0,2026-06-23T16:05:13,0.0,0.0,0.0,1
ip_shuffle,0,-0.08372425474508083,20260623T160513_623337,h30,00:00:00:00:00:1E,0.0,0.001,0.77,0,2026-06-23T16:05:13,0.0,0.0,0.03,1
ip_shuffle,0,-0.021416284708929853,20260623T160513_623337,h15,00:00:00:00:00:0F,0.0,0.001,0.8,0,2026-06-23T16:05:13,0.0,0.0,0.03,1
ip_shuffle,0,0.0022803946835393274,20260623T160513_623337,h36,00:00:00:00:00:24,0.0,0.001,0.83,1,2026-06-23T16:05:13,0.0,0.0,0.07,1
ip_shuffle,0,0.00046724691897784276,20260623T160513_623337,h17,00:00:00:00:00:11,0.0,0.001,0.8,0,2026-06-23T16:05:13,0.0,0.0,0.03,1
ip_shuffle,0,-0.09263710847441035,20260623T160513_623337,h39,00:00:00:00:00:27,0.0,0.001,0.83,0,2026-06-23T16:05:13,0.0,0.0,0.1,1
ip_shuffle,0,-0.04152266911658356,20260623T160513_623337,h14,00:00:00:00:00:0E,0.0,0.001,0.77,0,2026-06-23T16:05:13,0.0,0.0,0.0,1
ip_shuffle,0,-0.10704686547714248,20260623T160513_623337,h38,00:00:00:00:00:26,0.0,0.001,0.8,0,2026-06-23T16:05:13,0.0,0.0,0.27,1
ip_shuffle,0,0.00047733088341644914,20260623T160513_623337,h18,00:00:00:00:00:12,0.0,0.001,0.77,1,2026-06-23T16:05:13,0.0,0.0,0.03,1
ip_shuffle,0,-0.04152266911658356,20260623T160513_623337,h13,00:00:00:00:00:0D,0.0,0.001,0.77,0,2026-06-23T16:05:13,0.0,0.0,0.0,1
ip_shuffle,0,-0.00040620074449126964,20260623T160513_623337,h12,00:00:00:00:00:0C,0.0,0.001,0.77,0,2026-06-23T16:05:13,0.0,0.0,0.0,1
ip_shuffle,0,0.0004628043714733354,20260623T160513_623337,h11,00:00:00:00:00:0B,0.0,0.001,0.77,0,2026-06-23T16:05:13,0.0,0.0,0.03,1
ip_shuffle,0,0.00046724691897784276,20260623T160513_623337,h16,00:00:00:00:00:10,0.0,0.001,0.8,0,2026-06-23T16:05:13,0.0,0.0,0.03,1
ip_shuffle,0,0.00045272040703478456,20260623T160513_623337,h21,00:00:00:00:00:15,0.0,0.001,0.77,0,2026-06-23T16:05:13,0.0,0.0,0.03,1
ip_shuffle,0,-0.12883393003576105,20260623T160513_623337,h3,00:00:00:00:00:03,0.0,0.001,0.8,0,2026-06-23T16:05:13,0.0,0.0,0.0,1
ip_shuffle,0,0.0005209104192456793,20260623T160513_623337,h22,00:00:00:00:00:16,0.0,0.001,0.77,1,2026-06-23T16:05:13,0.0,0.0,0.0,1
ip_shuffle,0,-0.09532125805076605,20260623T160513_623337,h37,00:00:00:00:00:25,0.0,0.001,0.83,0,2026-06-23T16:05:13,0.0,0.0,0.07,1
ip_shuffle,0,-0.09991195466209898,20260623T160513_623337,h34,00:00:00:00:00:22,0.0,0.001,0.8,0,2026-06-23T16:05:13,0.0,0.0,0.07,1
ip_shuffle,0,0.00031514151318334793,20260623T160513_623337,h7,00:00:00:00:00:07,0.0,0.001,0.8,0,2026-06-23T16:05:13,0.0,0.0,0.03,1
ip_shuffle,0,-0.09541805636882698,20260623T160513_623337,h33,00:00:00:00:00:21,0.0,0.001,0.77,0,2026-06-23T16:05:13,0.0,0.0,0.0,1
ip_shuffle,0,0.00031514151318334793,20260623T160513_623337,h9,00:00:00:00:00:09,0.0,0.001,0.8,0,2026-06-23T16:05:13,0.0,0.0,0.0,1
ip_shuffle,0,-0.07504973072051223,20260623T160513_623337,h35,00:00:00:00:00:23,0.0,0.001,0.8,0,2026-06-23T16:05:13,0.0,0.0,0.07,1
ip_shuffle,0,0.00031514151318334793,20260623T160513_623337,h6,00:00:00:00:00:06,0.0,0.001,0.8,0,2026-06-23T16:05:13,0.0,0.0,0.03,1
ip_shuffle,0,0.00034419453706951986,20260623T160513_623337,h5,00:00:00:00:00:05,0.0,0.001,0.77,0,2026-06-23T16:05:13,0.0,0.0,0.03,1
ip_shuffle,0,-0.1269884714081879,20260623T160513_623337,h28,00:00:00:00:00:1C,0.0,0.001,0.8,0,2026-06-23T16:05:13,0.0,0.0,0.03,1
ip_shuffle,0,0.00031514151318334793,20260623T160513_623337,h4,00:00:00:00:00:04,0.0,0.001,0.77,0,2026-06-23T16:05:13,0.0,0.0,0.0,1
ip_shuffle,0,-0.03248823653659752,20260623T160513_623337,h29,00:00:00:00:00:1D,0.0,0.001,0.8,0,2026-06-23T16:05:13,0.0,0.0,0.0,1
ip_shuffle,0,-0.00363692660752854,20260623T160513_623337,h24,00:00:00:00:00:18,0.0,0.001,0.77,0,2026-06-23T16:05:13,0.0,0.0,0.03,1
ip_shuffle,0,,20260623T160513_623337,h1,00:00:00:00:00:01,0.0,0.001,1.26,0,2026-06-23T16:05:13,0.0,0.0,0.43,0
ip_shuffle,0,-0.009475385539217007,20260623T160513_623337,h26,00:00:00:00:00:1A,0.0,0.001,0.77,0,2026-06-23T16:05:13,0.0,0.0,0.0,1
ip_shuffle,0,-0.0786635591287304,20260623T160513_623337,h32,00:00:00:00:00:20,0.0,0.001,0.77,0,2026-06-23T16:05:13,0.0,0.0,0.03,1
ip_shuffle,0,0.00047733088341644914,20260623T160513_623337,h23,00:00:00:00:00:17,0.0,0.001,0.77,0,2026-06-23T16:05:13,0.0,0.0,0.03,1
ip_shuffle,0,-0.009475385539217007,20260623T160513_623337,h27,00:00:00:00:00:1B,0.0,0.001,0.77,0,2026-06-23T16:05:13,0.0,0.0,0.03,1
ip_shuffle,0,-0.12976591884050256,20260623T160513_623337,h2,00:00:00:00:00:02,0.0,0.001,0.77,0,2026-06-23T16:05:13,0.0,0.0,0.0,1
ip_shuffle,0,0.00031514151318334793,20260623T160513_623337,h8,00:00:00:00:00:08,0.0,0.001,0.8,0,2026-06-23T16:05:13,0.0,0.0,0.03,1
ip_shuffle,0,-0.00015206264835621042,20260623T160624_589224,h19,00:00:00:00:00:13,0.0,0.001,1.16,0,2026-06-23T16:06:24,0.0,0.0,0.07,1
ip_shuffle,0,-0.054107408261594936,20260623T160624_589224,h31,00:00:00:00:00:1F,0.0,0.001,1.16,0,2026-06-23T16:06:24,0.0,0.0,0.07,1
ip_shuffle,0,-0.00015206264835621042,20260623T160624_589224,h20,00:00:00:00:00:14,0.0,0.001,1.16,0,2026-06-23T16:06:24,0.0,0.0,0.07,1
ip_shuffle,0,-0.00015206264835621042,20260623T160624_589224,h25,00:00:00:00:00:19,0.0,0.001,1.16,0,2026-06-23T16:06:24,0.0,0.0,0.07,1
ip_shuffle,0,-6.009568138920507e-05,20260623T160624_589224,h10,00:00:00:00:00:0A,0.0,0.001,1.1,0,2026-06-23T16:06:24,0.0,0.0,0.0,1
ip_shuffle,0,-0.06443089755763662,20260623T160624_589224,h30,00:00:00:00:00:1E,0.0,0.001,1.16,0,2026-06-23T16:06:24,0.0,0.0,0.07,1
ip_shuffle,0,0.019896318812027747,20260623T160624_589224,h15,00:00:00:00:00:0F,0.0,0.001,1.1,1,2026-06-23T16:06:24,0.0,0.0,0.0,1
ip_shuffle,1,-0.13054223177140717,20260623T160624_589224,h36,00:00:00:00:00:24,0.0,0.001,1.1,0,2026-06-23T16:06:24,0.0,0.0,0.13,1
ip_shuffle,0,-0.00014184409647099994,20260623T160624_589224,h17,00:00:00:00:00:11,0.0,0.001,1.1,0,2026-06-23T16:06:24,0.0,0.0,0.0,1
ip_shuffle,1,-0.09270649029096936,20260623T160624_589224,h39,00:00:00:00:00:27,0.0,0.001,1.13,0,2026-06-23T16:06:24,0.0,0.0,0.0,1
ip_shuffle,0,-6.009568138920507e-05,20260623T160624_589224,h14,00:00:00:00:00:0E,0.0,0.001,1.1,0,2026-06-23T16:06:24,0.0,0.0,0.0,1
ip_shuffle,1,-0.0899348790835159,20260623T160624_589224,h38,00:00:00:00:00:26,0.0,0.001,1.13,0,2026-06-23T16:06:24,0.0,0.0,0.0,1
ip_shuffle,0,-0.12887479469213672,20260623T160624_589224,h18,00:00:00:00:00:12,0.0,0.001,1.07,0,2026-06-23T16:06:24,0.0,0.0,0.17,1
ip_shuffle,0,-6.009568138920507e-05,20260623T160624_589224,h13,00:00:00:00:00:0D,0.0,0.001,1.1,0,2026-06-23T16:06:24,0.0,0.0,0.0,1
ip_shuffle,0,0.019906537363912957,20260623T160624_589224,h12,00:00:00:00:00:0C,0.0,0.001,1.1,1,2026-06-23T16:06:24,0.0,0.0,0.0,1
ip_shuffle,0,-7.463943986954491e-05,20260623T160624_589224,h11,00:00:00:00:00:0B,0.0,0.001,1.1,0,2026-06-23T16:06:24,0.0,0.0,0.0,1
ip_shuffle,0,-0.00014184409647099994,20260623T160624_589224,h16,00:00:00:00:00:10,0.0,0.001,1.1,0,2026-06-23T16:06:24,0.0,0.0,0.0,1
ip_shuffle,0,-0.00016660640683655026,20260623T160624_589224,h21,00:00:00:00:00:15,0.0,0.001,1.16,0,2026-06-23T16:06:24,0.0,0.0,0.07,1
ip_shuffle,0,-0.11618853087928875,20260623T160624_589224,h3,00:00:00:00:00:03,0.0,0.001,1.13,0,2026-06-23T16:06:24,0.0,0.0,0.0,1
ip_shuffle,0,-0.12939643082963107,20260623T160624_589224,h22,00:00:00:00:00:16,0.0,0.001,1.07,0,2026-06-23T16:06:24,0.0,0.0,0.2,1
ip_shuffle,1,-0.07989090749492625,20260623T160624_589224,h37,00:00:00:00:00:25,0.0,0.001,1.13,0,2026-06-23T16:06:24,0.0,0.0,0.0,1
ip_shuffle,0,-0.07912377856927483,20260623T160624_589224,h34,00:00:00:00:00:22,0.0,0.001,1.13,0,2026-06-23T16:06:24,0.0,0.0,0.23,1
ip_shuffle,0,-7.03142332744433e-05,20260623T160624_589224,h7,00:00:00:00:00:07,0.0,0.001,1.13,0,2026-06-23T16:06:24,0.0,0.0,0.0,1
ip_shuffle,0,-0.08005253432330323,20260623T160624_589224,h33,00:00:00:00:00:21,0.0,0.001,1.16,0,2026-06-23T16:06:24,0.0,0.0,0.07,1
ip_shuffle,0,-6.009568138920507e-05,20260623T160624_589224,h9,00:00:00:00:00:09,0.0,0.001,1.1,0,2026-06-23T16:06:24,0.0,0.0,0.0,1
ip_shuffle,0,-0.05271294543024374,20260623T160624_589224,h35,00:00:00:00:00:23,0.0,0.001,1.23,0,2026-06-23T16:06:24,0.0,0.0,0.07,1
ip_shuffle,0,-7.03142332744433e-05,20260623T160624_589224,h6,00:00:00:00:00:06,0.0,0.001,1.13,0,2026-06-23T16:06:24,0.0,0.0,0.0,1
ip_shuffle,0,-4.122671631379138e-05,20260623T160624_589224,h5,00:00:00:00:00:05,0.0,0.001,1.13,0,2026-06-23T16:06:24,0.0,0.0,0.0,1
ip_shuffle,0,-0.11815413813813813,20260623T160624_589224,h28,00:00:00:00:00:1C,0.0,0.001,1.1,0,2026-06-23T16:06:24,0.0,0.0,0.23,1
ip_shuffle,0,-7.03142332744433e-05,20260623T160624_589224,h4,00:00:00:00:00:04,0.0,0.001,1.13,0,2026-06-23T16:06:24,0.0,0.0,0.0,1
ip_shuffle,0,-0.03254719578673654,20260623T160624_589224,h29,00:00:00:00:00:1D,0.0,0.001,1.16,0,2026-06-23T16:06:24,0.0,0.0,0.07,1
ip_shuffle,0,-0.0042701390580992815,20260623T160624_589224,h24,00:00:00:00:00:18,0.0,0.001,1.2,0,2026-06-23T16:06:24,0.0,0.0,0.07,1
ip_shuffle,1,,20260623T160624_589224,h1,00:00:00:00:00:01,0.0,0.002,2.56,0,2026-06-23T16:06:24,0.0,0.001,1.33,0
ip_shuffle,0,-0.03815603603603604,20260623T160624_589224,h26,00:00:00:00:00:1A,0.0,0.001,1.16,0,2026-06-23T16:06:24,0.0,0.0,0.07,1
ip_shuffle,0,-0.05775926057926825,20260623T160624_589224,h32,00:00:00:00:00:20,0.0,0.001,1.16,0,2026-06-23T16:06:24,0.0,0.0,0.07,1
ip_shuffle,0,-0.00014184409647099994,20260623T160624_589224,h23,00:00:00:00:00:17,0.0,0.001,1.16,0,2026-06-23T16:06:24,0.0,0.0,0.07,1
ip_shuffle,0,-0.05215603603603604,20260623T160624_589224,h27,00:00:00:00:00:1B,0.0,0.001,1.16,0,2026-06-23T16:06:24,0.0,0.0,0.07,1
ip_shuffle,0,-0.11805247259878601,20260623T160624_589224,h2,00:00:00:00:00:02,0.0,0.001,1.13,0,2026-06-23T16:06:24,0.0,0.0,0.0,1
ip_shuffle,0,-7.03142332744433e-05,20260623T160624_589224,h8,00:00:00:00:00:08,0.0,0.001,1.13,0,2026-06-23T16:06:24,0.0,0.0,0.0,1
ip_shuffle,1,0.004458322276946952,20260623T160729_021097,h19,00:00:00:00:00:13,0.0,0.001,0.93,0,2026-06-23T16:07:29,0.0,0.0,0.03,1
ip_shuffle,0,-0.060960731860940656,20260623T160729_021097,h31,00:00:00:00:00:1F,0.0,0.001,0.93,0,2026-06-23T16:07:29,0.0,0.0,0.03,1
ip_shuffle,1,0.004458322276946952,20260623T160729_021097,h20,00:00:00:00:00:14,0.0,0.001,0.93,0,2026-06-23T16:07:29,0.0,0.0,0.0,1
ip_shuffle,0,0.004595795181611934,20260623T160729_021097,h25,00:00:00:00:00:19,0.0,0.001,0.9,0,2026-06-23T16:07:29,0.0,0.0,0.03,1
ip_shuffle,0,0.004640529332941179,20260623T160729_021097,h10,00:00:00:00:00:0A,0.0,0.001,1.0,1,2026-06-23T16:07:29,0.0,0.0,0.07,1
ip_shuffle,0,-0.04719140027034499,20260623T160729_021097,h30,00:00:00:00:00:1E,0.0,0.001,0.93,0,2026-06-23T16:07:29,0.0,0.0,0.0,1
ip_shuffle,1,-0.12909409774171185,20260623T160729_021097,h15,00:00:00:00:00:0F,0.0,0.001,0.9,0,2026-06-23T16:07:29,0.0,0.0,0.03,1
ip_shuffle,1,-0.12856719260087618,20260623T160729_021097,h12,00:00:00:00:00:0C,0.0,0.001,0.9,0,2026-06-23T16:07:29,0.0,0.0,0.0,1
ip_shuffle,1,0.004440428616415276,20260623T160729_021097,h17,00:00:00:00:00:11,0.0,0.001,0.9,0,2026-06-23T16:07:29,0.0,0.0,0.03,1
ip_shuffle,0,-0.08575546622456132,20260623T160729_021097,h39,00:00:00:00:00:27,0.0,0.001,0.93,0,2026-06-23T16:07:29,0.0,0.0,0.0,1
ip_shuffle,1,0.004485162767744522,20260623T160729_021097,h14,00:00:00:00:00:0E,0.0,0.001,0.9,0,2026-06-23T16:07:29,0.0,0.0,0.0,1
ip_shuffle,0,-0.07219525719560062,20260623T160729_021097,h38,00:00:00:00:00:26,0.0,0.001,0.93,0,2026-06-23T16:07:29,0.0,0.0,0.0,1
ip_shuffle,1,-0.11564496744933803,20260623T160729_021097,h18,00:00:00:00:00:12,0.0,0.001,0.9,0,2026-06-23T16:07:29,0.0,0.0,0.03,1
ip_shuffle,1,0.004485162767744522,20260623T160729_021097,h13,00:00:00:00:00:0D,0.0,0.001,0.9,0,2026-06-23T16:07:29,0.0,0.0,0.0,1
ip_shuffle,0,-0.11939690241460514,20260623T160729_021097,h36,00:00:00:00:00:24,0.0,0.001,0.93,0,2026-06-23T16:07:29,0.0,0.0,0.0,1
ip_shuffle,1,0.004555582794371293,20260623T160729_021097,h11,00:00:00:00:00:0B,0.0,0.001,0.93,0,2026-06-23T16:07:29,0.0,0.0,0.07,1
ip_shuffle,1,0.004440428616415276,20260623T160729_021097,h16,00:00:00:00:00:10,0.0,0.001,0.9,0,2026-06-23T16:07:29,0.0,0.0,0.03,1
ip_shuffle,0,0.00449410959801036,20260623T160729_021097,h21,00:00:00:00:00:15,0.0,0.001,0.93,0,2026-06-23T16:07:29,0.0,0.0,0.0,1
ip_shuffle,0,-0.10260616467000419,20260623T160729_021097,h3,00:00:00:00:00:03,0.0,0.001,0.93,0,2026-06-23T16:07:29,0.0,0.0,0.23,1
ip_shuffle,0,-0.11667209763547262,20260623T160729_021097,h22,00:00:00:00:00:16,0.0,0.001,0.93,0,2026-06-23T16:07:29,0.0,0.0,0.0,1
ip_shuffle,0,-0.08606747718106741,20260623T160729_021097,h37,00:00:00:00:00:25,0.0,0.001,0.93,0,2026-06-23T16:07:29,0.0,0.0,0.0,1
ip_shuffle,0,-0.05832390932419798,20260623T160729_021097,h34,00:00:00:00:00:22,0.0,0.001,0.93,0,2026-06-23T16:07:29,0.0,0.0,0.03,1
ip_shuffle,0,0.004631582502675341,20260623T160729_021097,h7,00:00:00:00:00:07,0.0,0.001,1.0,0,2026-06-23T16:07:29,0.0,0.0,0.1,1
ip_shuffle,0,-0.06672277806397241,20260623T160729_021097,h33,00:00:00:00:00:21,0.0,0.001,0.93,0,2026-06-23T16:07:29,0.0,0.0,0.03,1
ip_shuffle,0,0.004640529332941179,20260623T160729_021097,h9,00:00:00:00:00:09,0.0,0.001,1.0,0,2026-06-23T16:07:29,0.0,0.0,0.07,1
ip_shuffle,0,-0.06068174000735513,20260623T160729_021097,h35,00:00:00:00:00:23,0.0,0.001,0.93,0,2026-06-23T16:07:29,0.0,0.0,0.03,1
ip_shuffle,0,0.004631582502675341,20260623T160729_021097,h6,00:00:00:00:00:06,0.0,0.001,1.0,0,2026-06-23T16:07:29,0.0,0.0,0.1,1
ip_shuffle,0,0.004626002820998121,20260623T160729_021097,h5,00:00:00:00:00:05,0.0,0.001,0.97,0,2026-06-23T16:07:29,0.0,0.0,0.1,1
ip_shuffle,0,-0.10543529856850714,20260623T160729_021097,h28,00:00:00:00:00:1C,0.0,0.001,0.97,0,2026-06-23T16:07:29,0.0,0.0,0.03,1
ip_shuffle,0,0.004640529332941179,20260623T160729_021097,h4,00:00:00:00:00:04,0.0,0.001,0.97,1,2026-06-23T16:07:29,0.0,0.0,0.07,1
ip_shuffle,0,-0.042489403157716404,20260623T160729_021097,h29,00:00:00:00:00:1D,0.0,0.001,0.97,0,2026-06-23T16:07:29,0.0,0.0,0.0,1
ip_shuffle,0,0.0009466430486456401,20260623T160729_021097,h24,00:00:00:00:00:18,0.0,0.001,0.9,0,2026-06-23T16:07:29,0.0,0.0,0.0,1
ip_shuffle,1,,20260623T160729_021097,h1,00:00:00:00:00:01,0.0,0.001,1.63,0,2026-06-23T16:07:29,0.0,0.001,0.7,0
ip_shuffle,0,-0.03285164774973175,20260623T160729_021097,h26,00:00:00:00:00:1A,0.0,0.001,0.9,0,2026-06-23T16:07:29,0.0,0.0,0.0,1
ip_shuffle,0,-0.05011712341768382,20260623T160729_021097,h32,00:00:00:00:00:20,0.0,0.001,0.93,0,2026-06-23T16:07:29,0.0,0.0,0.03,1
ip_shuffle,0,0.004640529332941179,20260623T160729_021097,h23,00:00:00:00:00:17,0.0,0.001,0.9,1,2026-06-23T16:07:29,0.0,0.0,0.03,1
ip_shuffle,0,-0.046895227285561,20260623T160729_021097,h27,00:00:00:00:00:1B,0.0,0.001,0.9,0,2026-06-23T16:07:29,0.0,0.0,0.0,1
ip_shuffle,0,-0.10540951247901052,20260623T160729_021097,h2,00:00:00:00:00:02,0.0,0.001,0.9,0,2026-06-23T16:07:29,0.0,0.0,0.23,1
ip_shuffle,0,0.004631582502675341,20260623T160729_021097,h8,00:00:00:00:00:08,0.0,0.001,1.0,0,2026-06-23T16:07:29,0.0,0.0,0.1,1
ip_shuffle,0,-0.03747869935191907,20260623T160840_048504,h19,00:00:00:00:00:13,0.0,0.001,1.0,0,2026-06-23T16:08:40,0.0,0.0,0.0,1
ip_shuffle,0,-0.06099703331378298,20260623T160840_048504,h31,00:00:00:00:00:1F,0.0,0.001,1.06,0,2026-06-23T16:08:40,0.0,0.0,0.07,1
ip_shuffle,0,-0.03747869935191907,20260623T160840_048504,h20,00:00:00:00:00:14,0.0,0.001,1.0,0,2026-06-23T16:08:40,0.0,0.0,0.0,1
ip_shuffle,0,0.004521300648080928,20260623T160840_048504,h25,00:00:00:00:00:19,0.0,0.001,1.0,0,2026-06-23T16:08:40,0.0,0.0,0.0,1
ip_shuffle,0,-0.1291007012400862,20260623T160840_048504,h10,00:00:00:00:00:0A,0.0,0.001,1.0,0,2026-06-23T16:08:40,0.0,0.0,0.0,1
ip_shuffle,0,-0.0397167128262607,20260623T160840_048504,h30,00:00:00:00:00:1E,0.0,0.001,1.06,0,2026-06-23T16:08:40,0.0,0.0,0.07,1
ip_shuffle,0,-0.11665502113893156,20260623T160840_048504,h15,00:00:00:00:00:0F,0.0,0.001,1.0,0,2026-06-23T16:08:40,0.0,0.0,0.0,1
ip_shuffle,0,-0.11560651021394482,20260623T160840_048504,h12,00:00:00:00:00:0C,0.0,0.001,1.0,0,2026-06-23T16:08:40,0.0,0.0,0.0,1
ip_shuffle,0,0.004530281586497348,20260623T160840_048504,h17,00:00:00:00:00:11,0.0,0.001,1.0,0,2026-06-23T16:08:40,0.0,0.0,0.0,1
ip_shuffle,0,-0.05756911068376651,20260623T160840_048504,h39,00:00:00:00:00:27,0.0,0.001,1.06,0,2026-06-23T16:08:40,0.0,0.0,0.07,1
ip_shuffle,0,0.004548243463330215,20260623T160840_048504,h14,00:00:00:00:00:0E,0.0,0.001,1.0,1,2026-06-23T16:08:40,0.0,0.0,0.0,1
ip_shuffle,0,-0.0688681736313795,20260623T160840_048504,h38,00:00:00:00:00:26,0.0,0.001,1.0,0,2026-06-23T16:08:40,0.0,0.0,0.23,1
ip_shuffle,0,-0.11107566155150138,20260623T160840_048504,h18,00:00:00:00:00:12,0.0,0.001,1.0,0,2026-06-23T16:08:40,0.0,0.0,0.0,1
ip_shuffle,0,0.004548243463330215,20260623T160840_048504,h13,00:00:00:00:00:0D,0.0,0.001,1.0,1,2026-06-23T16:08:40,0.0,0.0,0.0,1
ip_shuffle,0,-0.10828318320651076,20260623T160840_048504,h36,00:00:00:00:00:24,0.0,0.001,1.0,0,2026-06-23T16:08:40,0.0,0.0,0.23,1
ip_shuffle,0,0.004533724330245209,20260623T160840_048504,h11,00:00:00:00:00:0B,0.0,0.001,1.0,0,2026-06-23T16:08:40,0.0,0.0,0.0,1
ip_shuffle,0,0.004530281586497348,20260623T160840_048504,h16,00:00:00:00:00:10,0.0,0.001,1.0,0,2026-06-23T16:08:40,0.0,0.0,0.0,1
ip_shuffle,0,-0.037469718413502634,20260623T160840_048504,h21,00:00:00:00:00:15,0.0,0.001,1.0,0,2026-06-23T16:08:40,0.0,0.0,0.0,1
ip_shuffle,1,-0.1291007012400862,20260623T160840_048504,h4,00:00:00:00:00:04,0.0,0.001,1.3,0,2026-06-23T16:08:40,0.0,0.0,0.33,1
ip_shuffle,0,-0.11264842793898147,20260623T160840_048504,h22,00:00:00:00:00:16,0.0,0.001,1.0,0,2026-06-23T16:08:40,0.0,0.0,0.0,1
ip_shuffle,0,-0.07496073586000904,20260623T160840_048504,h37,00:00:00:00:00:25,0.0,0.001,1.06,0,2026-06-23T16:08:40,0.0,0.0,0.07,1
ip_shuffle,0,-0.03754023673351646,20260623T160840_048504,h34,00:00:00:00:00:22,0.0,0.001,1.0,0,2026-06-23T16:08:40,0.0,0.0,0.23,1
ip_shuffle,0,0.004530281586497348,20260623T160840_048504,h7,00:00:00:00:00:07,0.0,0.001,1.0,0,2026-06-23T16:08:40,0.0,0.0,0.0,1
ip_shuffle,0,-0.05179154878686386,20260623T160840_048504,h33,00:00:00:00:00:21,0.0,0.001,1.06,0,2026-06-23T16:08:40,0.0,0.0,0.07,1
ip_shuffle,0,0.0045392625249137675,20260623T160840_048504,h9,00:00:00:00:00:09,0.0,0.001,1.0,1,2026-06-23T16:08:40,0.0,0.0,0.0,1
ip_shuffle,0,-0.044460977606839924,20260623T160840_048504,h35,00:00:00:00:00:23,0.0,0.001,1.06,0,2026-06-23T16:08:40,0.0,0.0,0.07,1
ip_shuffle,1,0.004530281586497348,20260623T160840_048504,h6,00:00:00:00:00:06,0.0,0.001,1.0,0,2026-06-23T16:08:40,0.0,0.0,0.0,1
ip_shuffle,1,0.004524743391828789,20260623T160840_048504,h5,00:00:00:00:00:05,0.0,0.001,1.0,0,2026-06-23T16:08:40,0.0,0.0,0.0,1
ip_shuffle,0,-0.08225076832844574,20260623T160840_048504,h28,00:00:00:00:00:1C,0.0,0.001,1.03,0,2026-06-23T16:08:40,0.0,0.0,0.03,1
ip_shuffle,1,-0.08967502129583746,20260623T160840_048504,h3,00:00:00:00:00:03,0.0,0.001,1.0,0,2026-06-23T16:08:40,0.0,0.0,0.0,1
ip_shuffle,0,-0.042749974439552973,20260623T160840_048504,h29,00:00:00:00:00:1D,0.0,0.001,1.03,0,2026-06-23T16:08:40,0.0,0.0,0.03,1
ip_shuffle,0,0.0008750396510134872,20260623T160840_048504,h24,00:00:00:00:00:18,0.0,0.001,1.0,0,2026-06-23T16:08:40,0.0,0.0,0.0,1
ip_shuffle,1,,20260623T160840_048504,h1,00:00:00:00:00:01,0.0,0.002,2.46,0,2026-06-23T16:08:40,0.0,0.001,1.36,0
ip_shuffle,0,-0.0049637473000765375,20260623T160840_048504,h26,00:00:00:00:00:1A,0.0,0.001,1.0,0,2026-06-23T16:08:40,0.0,0.0,0.0,1
ip_shuffle,0,-0.031910566962681214,20260623T160840_048504,h32,00:00:00:00:00:20,0.0,0.001,1.06,0,2026-06-23T16:08:40,0.0,0.0,0.07,1
ip_shuffle,0,-0.1298847344266761,20260623T160840_048504,h23,00:00:00:00:00:17,0.0,0.001,1.13,0,2026-06-23T16:08:40,0.0,0.0,0.13,1
ip_shuffle,0,-0.0049637473000765375,20260623T160840_048504,h27,00:00:00:00:00:1B,0.0,0.001,1.0,0,2026-06-23T16:08:40,0.0,0.0,0.0,1
ip_shuffle,1,-0.09341278518490564,20260623T160840_048504,h2,00:00:00:00:00:02,0.0,0.001,1.0,0,2026-06-23T16:08:40,0.0,0.0,0.0,1
ip_shuffle,0,0.004530281586497348,20260623T160840_048504,h8,00:00:00:00:00:08,0.0,0.001,1.0,0,2026-06-23T16:08:40,0.0,0.0,0.0,1
ip_shuffle,0,0.004384623271944499,20260623T160951_273685,h19,00:00:00:00:00:13,0.0,0.001,1.03,0,2026-06-23T16:09:51,0.0,0.0,0.0,1
ip_shuffle,0,-0.060951753101312484,20260623T160951_273685,h31,00:00:00:00:00:1F,0.0,0.001,1.07,0,2026-06-23T16:09:51,0.0,0.0,0.07,1
ip_shuffle,0,0.004384623271944499,20260623T160951_273685,h20,00:00:00:00:00:14,0.0,0.001,1.03,0,2026-06-23T16:09:51,0.0,0.0,0.0,1
ip_shuffle,0,0.004384623271944499,20260623T160951_273685,h25,00:00:00:00:00:19,0.0,0.001,1.07,0,2026-06-23T16:09:51,0.0,0.0,0.07,1
ip_shuffle,0,-0.11668783598520782,20260623T160951_273685,h10,00:00:00:00:00:0A,0.0,0.001,1.03,0,2026-06-23T16:09:51,0.0,0.0,0.0,1
ip_shuffle,0,-0.02273086536768043,20260623T160951_273685,h30,00:00:00:00:00:1E,0.0,0.001,1.07,0,2026-06-23T16:09:51,0.0,0.0,0.07,1
ip_shuffle,0,-0.10424785957816327,20260623T160951_273685,h15,00:00:00:00:00:0F,0.0,0.001,1.03,0,2026-06-23T16:09:51,0.0,0.0,0.0,1
ip_shuffle,0,-0.10267241839237937,20260623T160951_273685,h12,00:00:00:00:00:0C,0.0,0.001,1.03,0,2026-06-23T16:09:51,0.0,0.0,0.0,1
ip_shuffle,0,0.004393655863007773,20260623T160951_273685,h17,00:00:00:00:00:11,0.0,0.001,1.03,0,2026-06-23T16:09:51,0.0,0.0,0.0,1
ip_shuffle,1,-0.05798053497245931,20260623T160951_273685,h39,00:00:00:00:00:27,0.0,0.001,1.0,0,2026-06-23T16:09:51,0.0,0.0,0.0,1
ip_shuffle,0,-0.12648015456331646,20260623T160951_273685,h14,00:00:00:00:00:0E,0.0,0.001,1.03,0,2026-06-23T16:09:51,0.0,0.0,0.0,1
ip_shuffle,1,-0.05441969956797904,20260623T160951_273685,h38,00:00:00:00:00:26,0.0,0.001,1.0,0,2026-06-23T16:09:51,0.0,0.0,0.0,1
ip_shuffle,0,-0.08970355973660943,20260623T160951_273685,h18,00:00:00:00:00:12,0.0,0.001,1.03,0,2026-06-23T16:09:51,0.0,0.0,0.0,1
ip_shuffle,0,-0.12648015456331646,20260623T160951_273685,h13,00:00:00:00:00:0D,0.0,0.001,1.03,0,2026-06-23T16:09:51,0.0,0.0,0.0,1
ip_shuffle,1,-0.0973110841704574,20260623T160951_273685,h36,00:00:00:00:00:24,0.0,0.001,1.0,0,2026-06-23T16:09:51,0.0,0.0,0.0,1
ip_shuffle,0,0.004397177286653953,20260623T160951_273685,h11,00:00:00:00:00:0B,0.0,0.001,1.03,1,2026-06-23T16:09:51,0.0,0.0,0.0,1
ip_shuffle,0,0.004393655863007773,20260623T160951_273685,h16,00:00:00:00:00:10,0.0,0.001,1.03,0,2026-06-23T16:09:51,0.0,0.0,0.0,1
ip_shuffle,0,0.004393655863007773,20260623T160951_273685,h21,00:00:00:00:00:15,0.0,0.001,1.03,0,2026-06-23T16:09:51,0.0,0.0,0.0,1
ip_shuffle,0,-0.11668783598520782,20260623T160951_273685,h4,00:00:00:00:00:04,0.0,0.001,1.03,0,2026-06-23T16:09:51,0.0,0.0,0.0,1
ip_shuffle,0,-0.09180414798432125,20260623T160951_273685,h22,00:00:00:00:00:16,0.0,0.001,1.0,0,2026-06-23T16:09:51,0.0,0.0,0.13,1
ip_shuffle,1,-0.06424264351385252,20260623T160951_273685,h37,00:00:00:00:00:25,0.0,0.001,1.0,0,2026-06-23T16:09:51,0.0,0.0,0.0,1
ip_shuffle,1,-0.016805732172470972,20260623T160951_273685,h34,00:00:00:00:00:22,0.0,0.001,0.97,0,2026-06-23T16:09:51,0.0,0.0,0.2,1
ip_shuffle,0,0.004393655863007717,20260623T160951_273685,h7,00:00:00:00:00:07,0.0,0.001,1.03,1,2026-06-23T16:09:51,0.0,0.0,0.0,1
ip_shuffle,1,-0.04093936475435289,20260623T160951_273685,h33,00:00:00:00:00:21,0.0,0.001,1.07,0,2026-06-23T16:09:51,0.0,0.0,0.07,1
ip_shuffle,1,-0.02842948015002411,20260623T160951_273685,h35,00:00:00:00:00:23,0.0,0.001,1.07,0,2026-06-23T16:09:51,0.0,0.0,0.03,1
ip_shuffle,0,-0.12818895934155955,20260623T160951_273685,h9,00:00:00:00:00:09,0.0,0.001,1.03,0,2026-06-23T16:09:51,0.0,0.0,0.0,1
ip_shuffle,0,0.004379112104527433,20260623T160951_273685,h6,00:00:00:00:00:06,0.0,0.001,1.03,0,2026-06-23T16:09:51,0.0,0.0,0.0,1
ip_shuffle,0,0.004402688454070991,20260623T160951_273685,h5,00:00:00:00:00:05,0.0,0.001,1.03,1,2026-06-23T16:09:51,0.0,0.0,0.0,1
ip_shuffle,0,-0.06747243990561863,20260623T160951_273685,h28,00:00:00:00:00:1C,0.0,0.001,1.0,0,2026-06-23T16:09:51,0.0,0.0,0.2,1
ip_shuffle,0,-0.07673689504859368,20260623T160951_273685,h3,00:00:00:00:00:03,0.0,0.001,1.03,0,2026-06-23T16:09:51,0.0,0.0,0.0,1
ip_shuffle,0,-0.042703307489823594,20260623T160951_273685,h29,00:00:00:00:00:1D,0.0,0.001,1.07,0,2026-06-23T16:09:51,0.0,0.0,0.07,1
ip_shuffle,0,0.0007444890734486787,20260623T160951_273685,h24,00:00:00:00:00:18,0.0,0.001,1.1,0,2026-06-23T16:09:51,0.0,0.0,0.07,1
ip_shuffle,1,,20260623T160951_273685,h1,00:00:00:00:00:01,0.0,0.002,2.03,0,2026-06-23T16:09:51,0.0,0.001,0.93,0
ip_shuffle,0,-0.005131189352602844,20260623T160951_273685,h26,00:00:00:00:00:1A,0.0,0.001,1.07,0,2026-06-23T16:09:51,0.0,0.0,0.07,1
ip_shuffle,1,-0.01371714253213066,20260623T160951_273685,h32,00:00:00:00:00:20,0.0,0.001,1.07,0,2026-06-23T16:09:51,0.0,0.0,0.07,1
ip_shuffle,0,-0.11825856190108298,20260623T160951_273685,h23,00:00:00:00:00:17,0.0,0.001,1.0,0,2026-06-23T16:09:51,0.0,0.0,0.23,1
ip_shuffle,0,-0.005131189352602844,20260623T160951_273685,h27,00:00:00:00:00:1B,0.0,0.001,1.07,0,2026-06-23T16:09:51,0.0,0.0,0.07,1
ip_shuffle,0,-0.09074541707969852,20260623T160951_273685,h2,00:00:00:00:00:02,0.0,0.001,1.03,0,2026-06-23T16:09:51,0.0,0.0,0.0,1
ip_shuffle,0,0.004393655863007717,20260623T160951_273685,h8,00:00:00:00:00:08,0.0,0.001,1.03,0,2026-06-23T16:09:51,0.0,0.0,0.0,1
route_mutation,0,-0.05717420682878213,20260623T161101_987545,h19,00:00:00:00:00:13,0.0,0.001,1.2,0,2026-06-23T16:11:01,0.0,0.0,0.0,1
route_mutation,0,-0.058155286779976584,20260623T161101_987545,h31,00:00:00:00:00:1F,0.0,0.001,1.23,0,2026-06-23T16:11:01,0.0,0.0,0.0,1
route_mutation,0,-0.051668697951166395,20260623T161101_987545,h20,00:00:00:00:00:14,0.0,0.001,1.2,0,2026-06-23T16:11:01,0.0,0.0,0.0,1
route_mutation,0,-0.06384239203906712,20260623T161101_987545,h25,00:00:00:00:00:19,0.0,0.001,1.2,0,2026-06-23T16:11:01,0.0,0.0,0.0,1
route_mutation,0,-0.11289654157149698,20260623T161101_987545,h10,00:00:00:00:00:0A,0.0,0.001,1.2,0,2026-06-23T16:11:01,0.0,0.0,0.0,1
route_mutation,0,-0.014106280905499452,20260623T161101_987545,h30,00:00:00:00:00:1E,0.0,0.001,1.2,0,2026-06-23T16:11:01,0.0,0.0,0.0,1
route_mutation,1,-0.10910619937160901,20260623T161101_987545,h15,00:00:00:00:00:0F,0.0,0.001,1.2,0,2026-06-23T16:11:01,0.0,0.0,0.0,1
route_mutation,1,-0.11459755873402502,20260623T161101_987545,h12,00:00:00:00:00:0C,0.0,0.001,1.2,0,2026-06-23T16:11:01,0.0,0.0,0.03,1
route_mutation,1,-0.057161858337651986,20260623T161101_987545,h17,00:00:00:00:00:11,0.0,0.001,1.2,0,2026-06-23T16:11:01,0.0,0.0,0.0,1
route_mutation,0,-0.0807231908266623,20260623T161101_987545,h39,00:00:00:00:00:27,0.0,0.001,1.23,0,2026-06-23T16:11:01,0.0,0.0,0.0,1
route_mutation,1,-0.12002377581505586,20260623T161101_987545,h14,00:00:00:00:00:0E,0.0,0.001,1.2,0,2026-06-23T16:11:01,0.0,0.0,0.0,1
route_mutation,0,-0.07666894778256782,20260623T161101_987545,h38,00:00:00:00:00:26,0.0,0.001,1.2,0,2026-06-23T16:11:01,0.0,0.0,0.0,1
route_mutation,0,-0.0985221153998999,20260623T161101_987545,h18,00:00:00:00:00:12,0.0,0.001,1.23,0,2026-06-23T16:11:01,0.0,0.0,0.0,1
route_mutation,1,-0.12376204854484124,20260623T161101_987545,h13,00:00:00:00:00:0D,0.0,0.001,1.2,0,2026-06-23T16:11:01,0.0,0.0,0.03,1
route_mutation,0,-0.08625992659027909,20260623T161101_987545,h36,00:00:00:00:00:24,0.0,0.001,1.23,0,2026-06-23T16:11:01,0.0,0.0,0.03,1
route_mutation,1,-0.13263868318032332,20260623T161101_987545,h11,00:00:00:00:00:0B,0.0,0.001,1.23,0,2026-06-23T16:11:01,0.0,0.0,0.0,1
route_mutation,1,-0.057161858337651986,20260623T161101_987545,h16,00:00:00:00:00:10,0.0,0.001,1.2,0,2026-06-23T16:11:01,0.0,0.0,0.0,1
route_mutation,0,-0.05165634946003625,20260623T161101_987545,h21,00:00:00:00:00:15,0.0,0.001,1.2,0,2026-06-23T16:11:01,0.0,0.0,0.0,1
route_mutation,0,-0.11616810247086903,20260623T161101_987545,h4,00:00:00:00:00:04,0.0,0.001,1.2,0,2026-06-23T16:11:01,0.0,0.0,0.23,1
route_mutation,0,-0.09930936402061102,20260623T161101_987545,h22,00:00:00:00:00:16,0.0,0.001,1.2,0,2026-06-23T16:11:01,0.0,0.0,0.0,1
route_mutation,0,-0.08253556105335114,20260623T161101_987545,h37,00:00:00:00:00:25,0.0,0.001,1.2,0,2026-06-23T16:11:01,0.0,0.0,0.03,1
route_mutation,0,-0.054888780348525124,20260623T161101_987545,h34,00:00:00:00:00:22,0.0,0.001,1.2,0,2026-06-23T16:11:01,0.0,0.0,0.0,1
route_mutation,0,-0.034847021646240206,20260623T161101_987545,h33,00:00:00:00:00:21,0.0,0.001,1.2,0,2026-06-23T16:11:01,0.0,0.0,0.0,1
route_mutation,0,-0.13299656450968908,20260623T161101_987545,h7,00:00:00:00:00:07,0.0,0.001,1.23,0,2026-06-23T16:11:01,0.0,0.0,0.3,1
route_mutation,0,-0.024464143742904537,20260623T161101_987545,h35,00:00:00:00:00:23,0.0,0.001,1.2,0,2026-06-23T16:11:01,0.0,0.0,0.0,1
route_mutation,0,-0.1153787151655041,20260623T161101_987545,h9,00:00:00:00:00:09,0.0,0.001,1.16,0,2026-06-23T16:11:01,0.0,0.0,0.13,1
route_mutation,0,-0.05820592610244758,20260623T161101_987545,h6,00:00:00:00:00:06,0.0,0.001,1.23,0,2026-06-23T16:11:01,0.0,0.0,0.07,1
route_mutation,0,-0.13340147382493045,20260623T161101_987545,h5,00:00:00:00:00:05,0.0,0.001,1.16,0,2026-06-23T16:11:01,0.0,0.0,0.23,1
route_mutation,0,-0.07611719922981859,20260623T161101_987545,h28,00:00:00:00:00:1C,0.0,0.001,1.2,0,2026-06-23T16:11:01,0.0,0.0,0.0,1
route_mutation,0,-0.08981479882815471,20260623T161101_987545,h3,00:00:00:00:00:03,0.0,0.001,1.16,0,2026-06-23T16:11:01,0.0,0.0,0.23,1
route_mutation,0,-0.05821827459357774,20260623T161101_987545,h29,00:00:00:00:00:1D,0.0,0.001,1.2,0,2026-06-23T16:11:01,0.0,0.0,0.0,1
route_mutation,0,-0.058275140705800615,20260623T161101_987545,h24,00:00:00:00:00:18,0.0,0.001,1.2,0,2026-06-23T16:11:01,0.0,0.0,0.0,1
route_mutation,1,,20260623T161101_987545,h1,00:00:00:00:00:01,0.0,0.002,2.06,0,2026-06-23T16:11:01,0.0,0.001,0.76,0
route_mutation,0,-0.05818371983608801,20260623T161101_987545,h26,00:00:00:00:00:1A,0.0,0.001,1.23,0,2026-06-23T16:11:01,0.0,0.0,0.0,1
route_mutation,0,-0.003735910535129089,20260623T161101_987545,h32,00:00:00:00:00:20,0.0,0.001,1.2,0,2026-06-23T16:11:01,0.0,0.0,0.0,1
route_mutation,0,-0.11709179159095068,20260623T161101_987545,h23,00:00:00:00:00:17,0.0,0.001,1.23,0,2026-06-23T16:11:01,0.0,0.0,0.0,1
route_mutation,0,-0.058142938288846424,20260623T161101_987545,h27,00:00:00:00:00:1B,0.0,0.001,1.23,0,2026-06-23T16:11:01,0.0,0.0,0.0,1
route_mutation,0,-0.10660147506833897,20260623T161101_987545,h2,00:00:00:00:00:02,0.0,0.001,1.2,0,2026-06-23T16:11:01,0.0,0.0,0.23,1
route_mutation,0,-0.05152414704308206,20260623T161101_987545,h8,00:00:00:00:00:08,0.0,0.001,1.23,0,2026-06-23T16:11:01,0.0,0.0,0.07,1
ip_shuffle,0,-0.05011692489181388,20260623T161132_385177,h19,00:00:00:00:00:13,0.0,0.001,1.53,0,2026-06-23T16:11:32,0.0,0.0,0.07,1
ip_shuffle,0,-0.06795101735647369,20260623T161132_385177,h31,00:00:00:00:00:1F,0.0,0.001,1.46,0,2026-06-23T16:11:32,0.0,0.0,0.0,1
ip_shuffle,0,-0.04460617433643464,20260623T161132_385177,h20,00:00:00:00:00:14,0.0,0.001,1.53,0,2026-06-23T16:11:32,0.0,0.0,0.07,1
ip_shuffle,1,-0.06802586480341122,20260623T161132_385177,h25,00:00:00:00:00:19,0.0,0.001,1.46,0,2026-06-23T16:11:32,0.0,0.0,0.0,1
ip_shuffle,0,-0.10878494430021561,20260623T161132_385177,h10,00:00:00:00:00:0A,0.0,0.001,1.46,0,2026-06-23T16:11:32,0.0,0.0,0.23,1
ip_shuffle,0,0.0020365932384303065,20260623T161132_385177,h30,00:00:00:00:00:1E,0.0,0.001,1.5,1,2026-06-23T16:11:32,0.0,0.0,0.0,1
ip_shuffle,0,-0.10057727183134434,20260623T161132_385177,h15,00:00:00:00:00:0F,0.0,0.001,1.46,0,2026-06-23T16:11:32,0.0,0.0,0.23,1
ip_shuffle,0,-0.10404391875854738,20260623T161132_385177,h12,00:00:00:00:00:0C,0.0,0.001,1.5,0,2026-06-23T16:11:32,0.0,0.0,0.23,1
ip_shuffle,0,-0.05009821303007951,20260623T161132_385177,h17,00:00:00:00:00:11,0.0,0.001,1.53,0,2026-06-23T16:11:32,0.0,0.0,0.07,1
ip_shuffle,0,-0.08497371384390008,20260623T161132_385177,h39,00:00:00:00:00:27,0.0,0.001,1.46,0,2026-06-23T16:11:32,0.0,0.0,0.0,1
ip_shuffle,0,-0.11093921471004516,20260623T161132_385177,h14,00:00:00:00:00:0E,0.0,0.001,1.46,0,2026-06-23T16:11:32,0.0,0.0,0.23,1
ip_shuffle,0,-0.0737749018760887,20260623T161132_385177,h38,00:00:00:00:00:26,0.0,0.001,1.46,0,2026-06-23T16:11:32,0.0,0.0,0.0,1
ip_shuffle,0,-0.0894223696705361,20260623T161132_385177,h18,00:00:00:00:00:12,0.0,0.001,1.46,0,2026-06-23T16:11:32,0.0,0.0,0.23,1
ip_shuffle,0,-0.11653547233769829,20260623T161132_385177,h13,00:00:00:00:00:0D,0.0,0.001,1.5,0,2026-06-23T16:11:32,0.0,0.0,0.23,1
ip_shuffle,0,-0.07688139574253053,20260623T161132_385177,h36,00:00:00:00:00:24,0.0,0.001,1.46,0,2026-06-23T16:11:32,0.0,0.0,0.0,1
ip_shuffle,0,-0.12514587014695217,20260623T161132_385177,h11,00:00:00:00:00:0B,0.0,0.001,1.46,0,2026-06-23T16:11:32,0.0,0.0,0.23,1
ip_shuffle,0,-0.06409821303007948,20260623T161132_385177,h16,00:00:00:00:00:10,0.0,0.001,1.53,0,2026-06-23T16:11:32,0.0,0.0,0.07,1
ip_shuffle,0,-0.044587462474700246,20260623T161132_385177,h21,00:00:00:00:00:15,0.0,0.001,1.53,0,2026-06-23T16:11:32,0.0,0.0,0.07,1
ip_shuffle,0,-0.1087740588670198,20260623T161132_385177,h4,00:00:00:00:00:04,0.0,0.001,1.46,0,2026-06-23T16:11:32,0.0,0.0,0.03,1
ip_shuffle,0,-0.08837954438135494,20260623T161132_385177,h22,00:00:00:00:00:16,0.0,0.001,1.5,0,2026-06-23T16:11:32,0.0,0.0,0.1,1
ip_shuffle,0,-0.07164369132069218,20260623T161132_385177,h37,00:00:00:00:00:25,0.0,0.001,1.5,0,2026-06-23T16:11:32,0.0,0.0,0.0,1
ip_shuffle,0,-0.039516123504732464,20260623T161132_385177,h34,00:00:00:00:00:22,0.0,0.001,1.5,0,2026-06-23T16:11:32,0.0,0.0,0.0,1
ip_shuffle,0,-0.01796579753698488,20260623T161132_385177,h33,00:00:00:00:00:21,0.0,0.001,1.5,0,2026-06-23T16:11:32,0.0,0.0,0.03,1
ip_shuffle,0,-0.12591420434417636,20260623T161132_385177,h7,00:00:00:00:00:07,0.0,0.001,1.46,0,2026-06-23T16:11:32,0.0,0.0,0.0,1
ip_shuffle,0,-0.015712107822114407,20260623T161132_385177,h35,00:00:00:00:00:23,0.0,0.001,1.46,0,2026-06-23T16:11:32,0.0,0.0,0.0,1
ip_shuffle,0,-0.10227591928022849,20260623T161132_385177,h9,00:00:00:00:00:09,0.0,0.001,1.5,0,2026-06-23T16:11:32,0.0,0.0,0.1,1
ip_shuffle,0,-0.06235862605212586,20260623T161132_385177,h6,00:00:00:00:00:06,0.0,0.001,1.46,0,2026-06-23T16:11:32,0.0,0.0,0.0,1
ip_shuffle,0,-0.12380678152280218,20260623T161132_385177,h5,00:00:00:00:00:05,0.0,0.001,1.5,0,2026-06-23T16:11:32,0.0,0.0,0.0,1
ip_shuffle,1,-0.06719302120881342,20260623T161132_385177,h28,00:00:00:00:00:1C,0.0,0.001,1.46,0,2026-06-23T16:11:32,0.0,0.0,0.0,1
ip_shuffle,0,-0.0807570588122964,20260623T161132_385177,h3,00:00:00:00:00:03,0.0,0.001,1.46,0,2026-06-23T16:11:32,0.0,0.0,0.03,1
ip_shuffle,1,-0.06248790066504245,20260623T161132_385177,h29,00:00:00:00:00:1D,0.0,0.001,1.46,0,2026-06-23T16:11:32,0.0,0.0,0.03,1
ip_shuffle,1,-0.062421554939360066,20260623T161132_385177,h24,00:00:00:00:00:18,0.0,0.001,1.46,0,2026-06-23T16:11:32,0.0,0.0,0.0,1
ip_shuffle,1,,20260623T161132_385177,h1,00:00:00:00:00:01,0.0,0.002,2.83,0,2026-06-23T16:11:32,0.0,0.001,1.1,0
ip_shuffle,1,-0.062380734564875764,20260623T161132_385177,h26,00:00:00:00:00:1A,0.0,0.001,1.46,0,2026-06-23T16:11:32,0.0,0.0,0.03,1
ip_shuffle,0,0.013703259905096965,20260623T161132_385177,h32,00:00:00:00:00:20,0.0,0.001,1.5,1,2026-06-23T16:11:32,0.0,0.0,0.0,1
ip_shuffle,1,-0.11179249676153158,20260623T161132_385177,h23,00:00:00:00:00:17,0.0,0.001,1.46,0,2026-06-23T16:11:32,0.0,0.0,0.0,1
ip_shuffle,1,-0.062421554939360066,20260623T161132_385177,h27,00:00:00:00:00:1B,0.0,0.001,1.46,0,2026-06-23T16:11:32,0.0,0.0,0.0,1
ip_shuffle,0,-0.1003237151075328,20260623T161132_385177,h2,00:00:00:00:00:02,0.0,0.001,1.46,0,2026-06-23T16:11:32,0.0,0.0,0.03,1
ip_shuffle,0,-0.0623450192606311,20260623T161132_385177,h8,00:00:00:00:00:08,0.0,0.001,1.46,0,2026-06-23T16:11:32,0.0,0.0,0.0,1
ip_shuffle,0,-0.05020445250619686,20260623T161236_853255,h19,00:00:00:00:00:13,0.0,0.001,0.86,0,2026-06-23T16:12:36,0.0,0.0,0.03,1
ip_shuffle,0,-0.06285825888613292,20260623T161236_853255,h31,00:00:00:00:00:1F,0.0,0.001,0.83,0,2026-06-23T16:12:36,0.0,0.0,0.0,1
ip_shuffle,0,-0.050223543411916566,20260623T161236_853255,h20,00:00:00:00:00:14,0.0,0.001,0.9,0,2026-06-23T16:12:36,0.0,0.0,0.0,1
ip_shuffle,0,-0.06285825888613292,20260623T161236_853255,h25,00:00:00:00:00:19,0.0,0.001,0.83,0,2026-06-23T16:12:36,0.0,0.0,0.0,1
ip_shuffle,0,-0.10184463563840525,20260623T161236_853255,h10,00:00:00:00:00:0A,0.0,0.001,0.9,0,2026-06-23T16:12:36,0.0,0.0,0.0,1
ip_shuffle,0,-0.12321938200251774,20260623T161236_853255,h30,00:00:00:00:00:1E,0.0,0.001,1.1,0,2026-06-23T16:12:36,0.0,0.0,0.27,1
ip_shuffle,0,-0.11069267627892286,20260623T161236_853255,h15,00:00:00:00:00:0F,0.0,0.001,0.86,0,2026-06-23T16:12:36,0.0,0.0,0.03,1
ip_shuffle,0,-0.11512521279658809,20260623T161236_853255,h12,00:00:00:00:00:0C,0.0,0.001,0.86,0,2026-06-23T16:12:36,0.0,0.0,0.0,1
ip_shuffle,0,-0.05024192133436929,20260623T161236_853255,h17,00:00:00:00:00:11,0.0,0.001,0.86,0,2026-06-23T16:12:36,0.0,0.0,0.03,1
ip_shuffle,0,-0.08526970861151617,20260623T161236_853255,h39,00:00:00:00:00:27,0.0,0.001,0.9,0,2026-06-23T16:12:36,0.0,0.0,0.07,1
ip_shuffle,0,-0.10249554887233822,20260623T161236_853255,h14,00:00:00:00:00:0E,0.0,0.001,0.86,0,2026-06-23T16:12:36,0.0,0.0,0.0,1
ip_shuffle,0,-0.0668136006122629,20260623T161236_853255,h38,00:00:00:00:00:26,0.0,0.001,0.83,0,2026-06-23T16:12:36,0.0,0.0,0.23,1
ip_shuffle,0,-0.08278584758653854,20260623T161236_853255,h18,00:00:00:00:00:12,0.0,0.001,0.86,0,2026-06-23T16:12:36,0.0,0.0,0.03,1
ip_shuffle,0,-0.10995721969524858,20260623T161236_853255,h13,00:00:00:00:00:0D,0.0,0.001,0.86,0,2026-06-23T16:12:36,0.0,0.0,0.0,1
ip_shuffle,0,-0.06770103813110594,20260623T161236_853255,h36,00:00:00:00:00:24,0.0,0.001,0.83,0,2026-06-23T16:12:36,0.0,0.0,0.23,1
ip_shuffle,0,-0.12332457579560596,20260623T161236_853255,h11,00:00:00:00:00:0B,0.0,0.001,0.86,0,2026-06-23T16:12:36,0.0,0.0,0.03,1
ip_shuffle,0,-0.06424192133436928,20260623T161236_853255,h16,00:00:00:00:00:10,0.0,0.001,0.86,0,2026-06-23T16:12:36,0.0,0.0,0.0,1
ip_shuffle,0,-0.04519206289446345,20260623T161236_853255,h21,00:00:00:00:00:15,0.0,0.001,0.86,0,2026-06-23T16:12:36,0.0,0.0,0.0,1
ip_shuffle,1,-0.10186337005249148,20260623T161236_853255,h4,00:00:00:00:00:04,0.0,0.001,0.9,0,2026-06-23T16:12:36,0.0,0.0,0.0,1
ip_shuffle,0,-0.08128328967096357,20260623T161236_853255,h22,00:00:00:00:00:16,0.0,0.001,0.83,0,2026-06-23T16:12:36,0.0,0.0,0.0,1
ip_shuffle,0,-0.06407107520872987,20260623T161236_853255,h37,00:00:00:00:00:25,0.0,0.001,0.9,0,2026-06-23T16:12:36,0.0,0.0,0.07,1
ip_shuffle,0,-0.028038196750272193,20260623T161236_853255,h34,00:00:00:00:00:22,0.0,0.001,0.83,0,2026-06-23T16:12:36,0.0,0.0,0.17,1
ip_shuffle,0,-0.007967011794951018,20260623T161236_853255,h33,00:00:00:00:00:21,0.0,0.001,0.83,0,2026-06-23T16:12:36,0.0,0.0,0.0,1
ip_shuffle,1,-0.11876091825996121,20260623T161236_853255,h7,00:00:00:00:00:07,0.0,0.001,0.9,0,2026-06-23T16:12:36,0.0,0.0,0.03,1
ip_shuffle,0,0.0017312538580284975,20260623T161236_853255,h35,00:00:00:00:00:23,0.0,0.001,0.9,1,2026-06-23T16:12:36,0.0,0.0,0.1,1
ip_shuffle,0,-0.09043566882438858,20260623T161236_853255,h9,00:00:00:00:00:09,0.0,0.001,0.86,0,2026-06-23T16:12:36,0.0,0.0,0.0,1
ip_shuffle,1,-0.06281466408380959,20260623T161236_853255,h6,00:00:00:00:00:06,0.0,0.001,0.9,0,2026-06-23T16:12:36,0.0,0.0,0.0,1
ip_shuffle,1,-0.11570125907429447,20260623T161236_853255,h5,00:00:00:00:00:05,0.0,0.001,0.9,0,2026-06-23T16:12:36,0.0,0.0,0.03,1
ip_shuffle,0,-0.08393789732405615,20260623T161236_853255,h28,00:00:00:00:00:1C,0.0,0.001,0.86,0,2026-06-23T16:12:36,0.0,0.0,0.0,1
ip_shuffle,1,-0.08758584421423507,20260623T161236_853255,h3,00:00:00:00:00:03,0.0,0.001,0.93,0,2026-06-23T16:12:36,0.0,0.0,0.0,1
ip_shuffle,0,-0.06801511081967211,20260623T161236_853255,h29,00:00:00:00:00:1D,0.0,0.001,0.83,0,2026-06-23T16:12:36,0.0,0.0,0.0,1
ip_shuffle,0,-0.06287734979185262,20260623T161236_853255,h24,00:00:00:00:00:18,0.0,0.001,0.83,0,2026-06-23T16:12:36,0.0,0.0,0.0,1
ip_shuffle,1,,20260623T161236_853255,h1,00:00:00:00:00:01,0.0,0.002,1.83,0,2026-06-23T16:12:36,0.0,0.001,0.83,0
ip_shuffle,0,-0.06798376796565059,20260623T161236_853255,h26,00:00:00:00:00:1A,0.0,0.001,0.83,0,2026-06-23T16:12:36,0.0,0.0,0.0,1
ip_shuffle,0,-0.11851700696782028,20260623T161236_853255,h32,00:00:00:00:00:20,0.0,0.001,0.83,0,2026-06-23T16:12:36,0.0,0.0,0.0,1
ip_shuffle,0,-0.10526128519978356,20260623T161236_853255,h23,00:00:00:00:00:17,0.0,0.001,0.83,0,2026-06-23T16:12:36,0.0,0.0,0.03,1
ip_shuffle,0,-0.0628395244720467,20260623T161236_853255,h27,00:00:00:00:00:1B,0.0,0.001,0.83,0,2026-06-23T16:12:36,0.0,0.0,0.03,1
ip_shuffle,1,-0.11001600940564421,20260623T161236_853255,h2,00:00:00:00:00:02,0.0,0.001,0.9,0,2026-06-23T16:12:36,0.0,0.0,0.0,1
ip_shuffle,0,-0.06280205564387428,20260623T161236_853255,h8,00:00:00:00:00:08,0.0,0.001,0.93,0,2026-06-23T16:12:36,0.0,0.0,0.0,1
route_mutation,0,-0.04994480920754779,20260623T161334_721442,h19,00:00:00:00:00:13,0.0,0.001,1.53,0,2026-06-23T16:13:34,0.0,0.0,0.07,1
route_mutation,1,-0.06278650851442633,20260623T161334_721442,h31,00:00:00:00:00:1F,0.0,0.001,1.43,0,2026-06-23T16:13:34,0.0,0.0,0.0,1
route_mutation,0,-0.05003279058735553,20260623T161334_721442,h20,00:00:00:00:00:14,0.0,0.001,1.5,0,2026-06-23T16:13:34,0.0,0.0,0.03,1
route_mutation,1,-0.10478650851442632,20260623T161334_721442,h25,00:00:00:00:00:19,0.0,0.001,1.46,0,2026-06-23T16:13:34,0.0,0.0,0.0,1
route_mutation,0,-0.09385676075736618,20260623T161334_721442,h10,00:00:00:00:00:0A,0.0,0.001,1.46,0,2026-06-23T16:13:34,0.0,0.0,0.23,1
route_mutation,1,-0.10492027468517212,20260623T161334_721442,h30,00:00:00:00:00:1E,0.0,0.001,1.43,0,2026-06-23T16:13:34,0.0,0.0,0.0,1
route_mutation,0,-0.09241666107961584,20260623T161334_721442,h15,00:00:00:00:00:0F,0.0,0.001,1.46,0,2026-06-23T16:13:34,0.0,0.0,0.23,1
route_mutation,0,-0.11062842714175819,20260623T161334_721442,h12,00:00:00:00:00:0C,0.0,0.001,1.46,0,2026-06-23T16:13:34,0.0,0.0,0.23,1
route_mutation,0,-0.05014568332637674,20260623T161334_721442,h17,00:00:00:00:00:11,0.0,0.001,1.53,0,2026-06-23T16:13:34,0.0,0.0,0.07,1
route_mutation,0,-0.11846949841978571,20260623T161334_721442,h39,00:00:00:00:00:27,0.0,0.001,1.43,0,2026-06-23T16:13:34,0.0,0.0,0.0,1
route_mutation,0,-0.09265558416027009,20260623T161334_721442,h14,00:00:00:00:00:0E,0.0,0.001,1.46,0,2026-06-23T16:13:34,0.0,0.0,0.23,1
route_mutation,0,-0.0818432627292505,20260623T161334_721442,h38,00:00:00:00:00:26,0.0,0.001,1.46,0,2026-06-23T16:13:34,0.0,0.0,0.03,1
route_mutation,0,-0.08750823721486711,20260623T161334_721442,h18,00:00:00:00:00:12,0.0,0.001,1.43,0,2026-06-23T16:13:34,0.0,0.0,0.2,1
route_mutation,0,-0.10198266326638138,20260623T161334_721442,h13,00:00:00:00:00:0D,0.0,0.001,1.46,0,2026-06-23T16:13:34,0.0,0.0,0.23,1
route_mutation,0,-0.06680164045688214,20260623T161334_721442,h36,00:00:00:00:00:24,0.0,0.001,1.43,0,2026-06-23T16:13:34,0.0,0.0,0.0,1
route_mutation,0,-0.11722330325004106,20260623T161334_721442,h11,00:00:00:00:00:0B,0.0,0.001,1.46,0,2026-06-23T16:13:34,0.0,0.0,0.23,1
route_mutation,0,-0.04254679725158195,20260623T161334_721442,h16,00:00:00:00:00:10,0.0,0.001,1.56,0,2026-06-23T16:13:34,0.0,0.0,0.07,1
route_mutation,0,-0.04505577433990522,20260623T161334_721442,h21,00:00:00:00:00:15,0.0,0.001,1.46,0,2026-06-23T16:13:34,0.0,0.0,0.03,1
route_mutation,0,-0.09382674046670031,20260623T161334_721442,h4,00:00:00:00:00:04,0.0,0.001,1.46,0,2026-06-23T16:13:34,0.0,0.0,0.0,1
route_mutation,0,-0.08220911398161501,20260623T161334_721442,h22,00:00:00:00:00:16,0.0,0.001,1.46,0,2026-06-23T16:13:34,0.0,0.0,0.0,1
route_mutation,0,-0.056383788007817015,20260623T161334_721442,h37,00:00:00:00:00:25,0.0,0.001,1.43,0,2026-06-23T16:13:34,0.0,0.0,0.0,1
route_mutation,0,-0.015438149909279941,20260623T161334_721442,h34,00:00:00:00:00:22,0.0,0.001,1.43,0,2026-06-23T16:13:34,0.0,0.0,0.0,1
route_mutation,1,0.005476204661363143,20260623T161334_721442,h33,00:00:00:00:00:21,0.0,0.001,1.43,0,2026-06-23T16:13:34,0.0,0.0,0.0,1
route_mutation,0,-0.10843221745335682,20260623T161334_721442,h7,00:00:00:00:00:07,0.0,0.001,1.5,0,2026-06-23T16:13:34,0.0,0.0,0.03,1
route_mutation,0,-0.07758994245954691,20260623T161334_721442,h9,00:00:00:00:00:09,0.0,0.001,1.46,0,2026-06-23T16:13:34,0.0,0.0,0.23,1
route_mutation,0,-0.12310797392248206,20260623T161334_721442,h35,00:00:00:00:00:23,0.0,0.001,1.63,0,2026-06-23T16:13:34,0.0,0.0,0.2,1
route_mutation,0,-0.06274283447354671,20260623T161334_721442,h6,00:00:00:00:00:06,0.0,0.001,1.46,0,2026-06-23T16:13:34,0.0,0.0,0.0,1
route_mutation,0,-0.1070347968963368,20260623T161334_721442,h5,00:00:00:00:00:05,0.0,0.001,1.46,0,2026-06-23T16:13:34,0.0,0.0,0.0,1
route_mutation,1,-0.1019258783177582,20260623T161334_721442,h28,00:00:00:00:00:1C,0.0,0.001,1.43,0,2026-06-23T16:13:34,0.0,0.0,0.0,1
route_mutation,0,-0.08077516362932635,20260623T161334_721442,h3,00:00:00:00:00:03,0.0,0.001,1.46,0,2026-06-23T16:13:34,0.0,0.0,0.0,1
route_mutation,1,-0.06790779418668287,20260623T161334_721442,h29,00:00:00:00:00:1D,0.0,0.001,1.43,0,2026-06-23T16:13:34,0.0,0.0,0.0,1
route_mutation,1,-0.13276774583276016,20260623T161334_721442,h24,00:00:00:00:00:18,0.0,0.001,1.46,0,2026-06-23T16:13:34,0.0,0.0,0.0,1
route_mutation,1,,20260623T161334_721442,h1,00:00:00:00:00:01,0.0,0.002,3.03,0,2026-06-23T16:13:34,0.0,0.001,1.3,0
route_mutation,1,-0.10987641750089785,20260623T161334_721442,h26,00:00:00:00:00:1A,0.0,0.001,1.46,0,2026-06-23T16:13:34,0.0,0.0,0.0,1
route_mutation,1,-0.09551759063626228,20260623T161334_721442,h32,00:00:00:00:00:20,0.0,0.001,1.43,0,2026-06-23T16:13:34,0.0,0.0,0.0,1
route_mutation,1,-0.12597939728223823,20260623T161334_721442,h23,00:00:00:00:00:17,0.0,0.001,1.46,0,2026-06-23T16:13:34,0.0,0.0,0.0,1
route_mutation,1,-0.10476774583276016,20260623T161334_721442,h27,00:00:00:00:00:1B,0.0,0.001,1.46,0,2026-06-23T16:13:34,0.0,0.0,0.0,1
route_mutation,0,-0.1059753536187409,20260623T161334_721442,h2,00:00:00:00:00:02,0.0,0.001,1.46,0,2026-06-23T16:13:34,0.0,0.0,0.0,1
route_mutation,0,-0.05259222369215419,20260623T161334_721442,h8,00:00:00:00:00:08,0.0,0.001,1.5,0,2026-06-23T16:13:34,0.0,0.0,0.03,1
ip_shuffle,0,-0.050208998245848346,20260623T161405_301976,h19,00:00:00:00:00:13,0.0,0.001,1.26,0,2026-06-23T16:14:05,0.0,0.0,0.0,1
ip_shuffle,0,-0.06286985066461653,20260623T161405_301976,h31,00:00:00:00:00:1F,0.0,0.001,1.33,0,2026-06-23T16:14:05,0.0,0.0,0.07,1
ip_shuffle,0,-0.05018400056029232,20260623T161405_301976,h20,00:00:00:00:00:14,0.0,0.001,1.3,0,2026-06-23T16:14:05,0.0,0.0,0.03,1
ip_shuffle,0,-0.10486985066461653,20260623T161405_301976,h25,00:00:00:00:00:19,0.0,0.001,1.33,0,2026-06-23T16:14:05,0.0,0.0,0.07,1
ip_shuffle,0,-0.08600777506088071,20260623T161405_301976,h10,00:00:00:00:00:0A,0.0,0.001,1.26,0,2026-06-23T16:14:05,0.0,0.0,0.0,1
ip_shuffle,0,-0.08664367050743521,20260623T161405_301976,h30,00:00:00:00:00:1E,0.0,0.001,1.26,0,2026-06-23T16:14:05,0.0,0.0,0.23,1
ip_shuffle,0,-0.08550974746773335,20260623T161405_301976,h15,00:00:00:00:00:0F,0.0,0.001,1.26,0,2026-06-23T16:14:05,0.0,0.0,0.0,1
ip_shuffle,0,-0.10632355949810478,20260623T161405_301976,h12,00:00:00:00:00:0C,0.0,0.001,1.26,0,2026-06-23T16:14:05,0.0,0.0,0.0,1
ip_shuffle,0,-0.050208998245848346,20260623T161405_301976,h17,00:00:00:00:00:11,0.0,0.001,1.26,0,2026-06-23T16:14:05,0.0,0.0,0.0,1
ip_shuffle,1,-0.11854087321675108,20260623T161405_301976,h39,00:00:00:00:00:27,0.0,0.001,1.3,0,2026-06-23T16:14:05,0.0,0.0,0.0,1
ip_shuffle,0,-0.08297572767026112,20260623T161405_301976,h14,00:00:00:00:00:0E,0.0,0.001,1.26,0,2026-06-23T16:14:05,0.0,0.0,0.0,1
ip_shuffle,1,-0.07597877779191615,20260623T161405_301976,h38,00:00:00:00:00:26,0.0,0.001,1.3,0,2026-06-23T16:14:05,0.0,0.0,0.0,1
ip_shuffle,0,-0.08088045266310136,20260623T161405_301976,h18,00:00:00:00:00:12,0.0,0.001,1.3,0,2026-06-23T16:14:05,0.0,0.0,0.03,1
ip_shuffle,0,-0.09416821125613203,20260623T161405_301976,h13,00:00:00:00:00:0D,0.0,0.001,1.26,0,2026-06-23T16:14:05,0.0,0.0,0.0,1
ip_shuffle,0,-0.05761145366988531,20260623T161405_301976,h36,00:00:00:00:00:24,0.0,0.001,1.3,0,2026-06-23T16:14:05,0.0,0.0,0.0,1
ip_shuffle,0,-0.11121930077678197,20260623T161405_301976,h11,00:00:00:00:00:0B,0.0,0.001,1.26,0,2026-06-23T16:14:05,0.0,0.0,0.0,1
ip_shuffle,0,-0.04259862894012359,20260623T161405_301976,h16,00:00:00:00:00:10,0.0,0.001,1.26,0,2026-06-23T16:14:05,0.0,0.0,0.0,1
ip_shuffle,0,-0.04511232228459211,20260623T161405_301976,h21,00:00:00:00:00:15,0.0,0.001,1.33,0,2026-06-23T16:14:05,0.0,0.0,0.07,1
ip_shuffle,0,-0.10559900591106341,20260623T161405_301976,h4,00:00:00:00:00:04,0.0,0.001,1.26,0,2026-06-23T16:14:05,0.0,0.0,0.0,1
ip_shuffle,0,-0.07482608373287637,20260623T161405_301976,h22,00:00:00:00:00:16,0.0,0.001,1.26,0,2026-06-23T16:14:05,0.0,0.0,0.23,1
ip_shuffle,0,-0.048700375494475714,20260623T161405_301976,h37,00:00:00:00:00:25,0.0,0.001,1.3,0,2026-06-23T16:14:05,0.0,0.0,0.0,1
ip_shuffle,0,-0.00300473258734521,20260623T161405_301976,h34,00:00:00:00:00:22,0.0,0.001,1.26,0,2026-06-23T16:14:05,0.0,0.0,0.2,1
ip_shuffle,0,0.01879287212033315,20260623T161405_301976,h33,00:00:00:00:00:21,0.0,0.001,1.33,1,2026-06-23T16:14:05,0.0,0.0,0.07,1
ip_shuffle,0,-0.10024011217128738,20260623T161405_301976,h7,00:00:00:00:00:07,0.0,0.001,1.26,0,2026-06-23T16:14:05,0.0,0.0,0.0,1
ip_shuffle,0,-0.06486059800410918,20260623T161405_301976,h9,00:00:00:00:00:09,0.0,0.001,1.26,0,2026-06-23T16:14:05,0.0,0.0,0.0,1
ip_shuffle,0,-0.1047487373891082,20260623T161405_301976,h35,00:00:00:00:00:23,0.0,0.001,1.26,0,2026-06-23T16:14:05,0.0,0.0,0.13,1
ip_shuffle,0,-0.06290122608502882,20260623T161405_301976,h6,00:00:00:00:00:06,0.0,0.001,1.26,0,2026-06-23T16:14:05,0.0,0.0,0.0,1
ip_shuffle,0,-0.09849731740690781,20260623T161405_301976,h5,00:00:00:00:00:05,0.0,0.001,1.26,0,2026-06-23T16:14:05,0.0,0.0,0.0,1
ip_shuffle,0,-0.0976438753082194,20260623T161405_301976,h28,00:00:00:00:00:1C,0.0,0.001,1.26,0,2026-06-23T16:14:05,0.0,0.0,0.23,1
ip_shuffle,0,-0.10217000211720965,20260623T161405_301976,h3,00:00:00:00:00:03,0.0,0.001,1.26,0,2026-06-23T16:14:05,0.0,0.0,0.0,1
ip_shuffle,0,-0.06797911101096228,20260623T161405_301976,h29,00:00:00:00:00:1D,0.0,0.001,1.33,0,2026-06-23T16:14:05,0.0,0.0,0.07,1
ip_shuffle,0,-0.13292622377058486,20260623T161405_301976,h24,00:00:00:00:00:18,0.0,0.001,1.33,0,2026-06-23T16:14:05,0.0,0.0,0.07,1
ip_shuffle,1,,20260623T161405_301976,h1,00:00:00:00:00:01,0.0,0.002,2.66,0,2026-06-23T16:14:05,0.0,0.001,1.23,0
ip_shuffle,0,-0.10994773559054992,20260623T161405_301976,h26,00:00:00:00:00:1A,0.0,0.001,1.33,0,2026-06-23T16:14:05,0.0,0.0,0.07,1
ip_shuffle,0,-0.07256377548842874,20260623T161405_301976,h32,00:00:00:00:00:20,0.0,0.001,1.26,0,2026-06-23T16:14:05,0.0,0.0,0.23,1
ip_shuffle,0,-0.12343133929138654,20260623T161405_301976,h23,00:00:00:00:00:17,0.0,0.001,1.26,0,2026-06-23T16:14:05,0.0,0.0,0.23,1
ip_shuffle,0,-0.10485105962929368,20260623T161405_301976,h27,00:00:00:00:00:1B,0.0,0.001,1.33,0,2026-06-23T16:14:05,0.0,0.0,0.07,1
ip_shuffle,0,-0.12083678284029166,20260623T161405_301976,h2,00:00:00:00:00:02,0.0,0.001,1.26,0,2026-06-23T16:14:05,0.0,0.0,0.0,1
ip_shuffle,0,-0.05273527597540641,20260623T161405_301976,h8,00:00:00:00:00:08,0.0,0.001,1.26,0,2026-06-23T16:14:05,0.0,0.0,0.0,1
ip_shuffle,0,-0.05012566585881291,20260623T161503_050012,h19,00:00:00:00:00:13,0.0,0.001,1.23,0,2026-06-23T16:15:03,0.0,0.0,0.0,1
ip_shuffle,0,-0.06288326758048349,20260623T161503_050012,h31,00:00:00:00:00:1F,0.0,0.001,1.23,0,2026-06-23T16:15:03,0.0,0.0,0.0,1
ip_shuffle,0,-0.05010062268292684,20260623T161503_050012,h20,00:00:00:00:00:14,0.0,0.001,1.23,0,2026-06-23T16:15:03,0.0,0.0,0.0,1
ip_shuffle,0,-0.10475157111706887,20260623T161503_050012,h25,00:00:00:00:00:19,0.0,0.001,1.23,0,2026-06-23T16:15:03,0.0,0.0,0.0,1
ip_shuffle,0,-0.07816443248932255,20260623T161503_050012,h10,00:00:00:00:00:0A,0.0,0.001,1.23,0,2026-06-23T16:15:03,0.0,0.0,0.0,1
ip_shuffle,0,-0.06834831680658639,20260623T161503_050012,h30,00:00:00:00:00:1E,0.0,0.001,1.23,0,2026-06-23T16:15:03,0.0,0.0,0.0,1
ip_shuffle,1,-0.08922112802743992,20260623T161503_050012,h15,00:00:00:00:00:0F,0.0,0.001,1.23,0,2026-06-23T16:15:03,0.0,0.0,0.0,1
ip_shuffle,1,-0.11675932795426919,20260623T161503_050012,h12,00:00:00:00:00:0C,0.0,0.001,1.23,0,2026-06-23T16:15:03,0.0,0.0,0.0,1
ip_shuffle,0,-0.050069224517349506,20260623T161503_050012,h17,00:00:00:00:00:11,0.0,0.001,1.23,0,2026-06-23T16:15:03,0.0,0.0,0.0,1
ip_shuffle,0,-0.11844130460056329,20260623T161503_050012,h39,00:00:00:00:00:27,0.0,0.001,1.26,0,2026-06-23T16:15:03,0.0,0.0,0.0,1
ip_shuffle,1,-0.07318146868026609,20260623T161503_050012,h14,00:00:00:00:00:0E,0.0,0.001,1.23,0,2026-06-23T16:15:03,0.0,0.0,0.0,1
ip_shuffle,0,-0.06989796817903836,20260623T161503_050012,h38,00:00:00:00:00:26,0.0,0.001,1.26,0,2026-06-23T16:15:03,0.0,0.0,0.0,1
ip_shuffle,0,-0.07411665870257553,20260623T161503_050012,h18,00:00:00:00:00:12,0.0,0.001,1.23,0,2026-06-23T16:15:03,0.0,0.0,0.0,1
ip_shuffle,1,-0.08623935558270512,20260623T161503_050012,h13,00:00:00:00:00:0D,0.0,0.001,1.23,0,2026-06-23T16:15:03,0.0,0.0,0.0,1
ip_shuffle,0,-0.09485739944331625,20260623T161503_050012,h36,00:00:00:00:00:24,0.0,0.001,1.26,0,2026-06-23T16:15:03,0.0,0.0,0.0,1
ip_shuffle,1,-0.10518850804750621,20260623T161503_050012,h11,00:00:00:00:00:0B,0.0,0.001,1.23,0,2026-06-23T16:15:03,0.0,0.0,0.0,1
ip_shuffle,1,-0.04244964341978849,20260623T161503_050012,h16,00:00:00:00:00:10,0.0,0.001,1.23,0,2026-06-23T16:15:03,0.0,0.0,0.0,1
ip_shuffle,0,-0.04499123674228811,20260623T161503_050012,h21,00:00:00:00:00:15,0.0,0.001,1.23,0,2026-06-23T16:15:03,0.0,0.0,0.0,1
ip_shuffle,0,-0.10041006403222441,20260623T161503_050012,h4,00:00:00:00:00:04,0.0,0.001,1.23,0,2026-06-23T16:15:03,0.0,0.0,0.23,1
ip_shuffle,0,-0.0673688664971448,20260623T161503_050012,h22,00:00:00:00:00:16,0.0,0.001,1.23,0,2026-06-23T16:15:03,0.0,0.0,0.0,1
ip_shuffle,0,-0.045319954769598075,20260623T161503_050012,h37,00:00:00:00:00:25,0.0,0.001,1.26,0,2026-06-23T16:15:03,0.0,0.0,0.0,1
ip_shuffle,0,0.009719852457934941,20260623T161503_050012,h34,00:00:00:00:00:22,0.0,0.001,1.26,1,2026-06-23T16:15:03,0.0,0.0,0.0,1
ip_shuffle,0,-0.09196818441209273,20260623T161503_050012,h7,00:00:00:00:00:07,0.0,0.001,1.2,0,2026-06-23T16:15:03,0.0,0.0,0.2,1
ip_shuffle,0,-0.12660464851176478,20260623T161503_050012,h33,00:00:00:00:00:21,0.0,0.001,1.36,0,2026-06-23T16:15:03,0.0,0.0,0.13,1
ip_shuffle,0,-0.052067786199002056,20260623T161503_050012,h9,00:00:00:00:00:09,0.0,0.001,1.23,0,2026-06-23T16:15:03,0.0,0.0,0.1,1
ip_shuffle,0,-0.08630248032040522,20260623T161503_050012,h35,00:00:00:00:00:23,0.0,0.001,1.26,0,2026-06-23T16:15:03,0.0,0.0,0.0,1
ip_shuffle,0,-0.06793608658536585,20260623T161503_050012,h6,00:00:00:00:00:06,0.0,0.001,1.3,0,2026-06-23T16:15:03,0.0,0.0,0.07,1
ip_shuffle,0,-0.08984663291800954,20260623T161503_050012,h5,00:00:00:00:00:05,0.0,0.001,1.23,0,2026-06-23T16:15:03,0.0,0.0,0.23,1
ip_shuffle,0,-0.09326855226494471,20260623T161503_050012,h28,00:00:00:00:00:1C,0.0,0.001,1.23,0,2026-06-23T16:15:03,0.0,0.0,0.0,1
ip_shuffle,0,-0.0981921213451908,20260623T161503_050012,h3,00:00:00:00:00:03,0.0,0.001,1.23,0,2026-06-23T16:15:03,0.0,0.0,0.23,1
ip_shuffle,0,-0.06799252792682925,20260623T161503_050012,h29,00:00:00:00:00:1D,0.0,0.001,1.23,0,2026-06-23T16:15:03,0.0,0.0,0.0,1
ip_shuffle,0,-0.13277025930326372,20260623T161503_050012,h24,00:00:00:00:00:18,0.0,0.001,1.23,0,2026-06-23T16:15:03,0.0,0.0,0.0,1
ip_shuffle,1,,20260623T161503_050012,h1,00:00:00:00:00:01,0.0,0.002,2.16,0,2026-06-23T16:15:03,0.0,0.001,0.8,0
ip_shuffle,0,-0.10990468841978851,20260623T161503_050012,h26,00:00:00:00:00:1A,0.0,0.001,1.23,0,2026-06-23T16:15:03,0.0,0.0,0.0,1
ip_shuffle,0,-0.04958525160975612,20260623T161503_050012,h32,00:00:00:00:00:20,0.0,0.001,1.23,0,2026-06-23T16:15:03,0.0,0.0,0.0,1
ip_shuffle,0,-0.12082703437943403,20260623T161503_050012,h23,00:00:00:00:00:17,0.0,0.001,1.23,0,2026-06-23T16:15:03,0.0,0.0,0.0,1
ip_shuffle,0,-0.10477025930326372,20260623T161503_050012,h27,00:00:00:00:00:1B,0.0,0.001,1.23,0,2026-06-23T16:15:03,0.0,0.0,0.0,1
ip_shuffle,0,-0.1187116579061664,20260623T161503_050012,h2,00:00:00:00:00:02,0.0,0.001,1.23,0,2026-06-23T16:15:03,0.0,0.0,0.23,1
ip_shuffle,0,-0.057757831341463395,20260623T161503_050012,h8,00:00:00:00:00:08,0.0,0.001,1.3,0,2026-06-23T16:15:03,0.0,0.0,0.07,1
route_mutation,0,-0.05009970152420018,20260623T161600_724393,h19,00:00:00:00:00:13,0.0,0.001,1.4,0,2026-06-23T16:16:00,0.0,0.0,0.0,1
route_mutation,0,-0.06281460560439596,20260623T161600_724393,h31,00:00:00:00:00:1F,0.0,0.001,1.46,0,2026-06-23T16:16:00,0.0,0.0,0.07,1
route_mutation,0,-0.050074583657911134,20260623T161600_724393,h20,00:00:00:00:00:14,0.0,0.001,1.4,0,2026-06-23T16:16:00,0.0,0.0,0.0,1
route_mutation,0,-0.10481460560439596,20260623T161600_724393,h25,00:00:00:00:00:19,0.0,0.001,1.46,0,2026-06-23T16:16:00,0.0,0.0,0.07,1
route_mutation,0,-0.12289212859447256,20260623T161600_724393,h10,00:00:00:00:00:0A,0.0,0.001,1.4,0,2026-06-23T16:16:00,0.0,0.0,0.0,1
route_mutation,0,-0.050049284004355654,20260623T161600_724393,h30,00:00:00:00:00:1E,0.0,0.001,1.4,0,2026-06-23T16:16:00,0.0,0.0,0.23,1
route_mutation,0,-0.08350380791105909,20260623T161600_724393,h15,00:00:00:00:00:0F,0.0,0.001,1.4,0,2026-06-23T16:16:00,0.0,0.0,0.0,1
route_mutation,0,-0.11404547203881821,20260623T161600_724393,h12,00:00:00:00:00:0C,0.0,0.001,1.4,0,2026-06-23T16:16:00,0.0,0.0,0.0,1
route_mutation,0,-0.05009970152420018,20260623T161600_724393,h17,00:00:00:00:00:11,0.0,0.001,1.4,0,2026-06-23T16:16:00,0.0,0.0,0.0,1
route_mutation,1,-0.11859473453633063,20260623T161600_724393,h39,00:00:00:00:00:27,0.0,0.001,1.4,0,2026-06-23T16:16:00,0.0,0.0,0.0,1
route_mutation,0,-0.06348819780200612,20260623T161600_724393,h14,00:00:00:00:00:0E,0.0,0.001,1.4,0,2026-06-23T16:16:00,0.0,0.0,0.0,1
route_mutation,1,-0.06426748913995109,20260623T161600_724393,h38,00:00:00:00:00:26,0.0,0.001,1.4,0,2026-06-23T16:16:00,0.0,0.0,0.0,1
route_mutation,0,-0.06742371272657757,20260623T161600_724393,h18,00:00:00:00:00:12,0.0,0.001,1.4,0,2026-06-23T16:16:00,0.0,0.0,0.0,1
route_mutation,0,-0.0784114880015789,20260623T161600_724393,h13,00:00:00:00:00:0D,0.0,0.001,1.4,0,2026-06-23T16:16:00,0.0,0.0,0.0,1
route_mutation,0,-0.0904086731469102,20260623T161600_724393,h36,00:00:00:00:00:24,0.0,0.001,1.4,0,2026-06-23T16:16:00,0.0,0.0,0.0,1
route_mutation,0,-0.11870868984487266,20260623T161600_724393,h11,00:00:00:00:00:0B,0.0,0.001,1.4,0,2026-06-23T16:16:00,0.0,0.0,0.0,1
route_mutation,0,-0.04247319682477993,20260623T161600_724393,h16,00:00:00:00:00:10,0.0,0.001,1.4,0,2026-06-23T16:16:00,0.0,0.0,0.0,1
route_mutation,0,-0.05009970152420018,20260623T161600_724393,h21,00:00:00:00:00:15,0.0,0.001,1.4,0,2026-06-23T16:16:00,0.0,0.0,0.0,1
route_mutation,0,-0.10609212859447256,20260623T161600_724393,h4,00:00:00:00:00:04,0.0,0.001,1.4,0,2026-06-23T16:16:00,0.0,0.0,0.0,1
route_mutation,0,-0.0599942824570554,20260623T161600_724393,h22,00:00:00:00:00:16,0.0,0.001,1.4,0,2026-06-23T16:16:00,0.0,0.0,0.2,1
route_mutation,1,-0.03802082275351211,20260623T161600_724393,h37,00:00:00:00:00:25,0.0,0.001,1.4,0,2026-06-23T16:16:00,0.0,0.0,0.0,1
route_mutation,0,-0.12432185764013987,20260623T161600_724393,h34,00:00:00:00:00:22,0.0,0.001,1.36,0,2026-06-23T16:16:00,0.0,0.0,0.2,1
route_mutation,0,-0.08371136146607044,20260623T161600_724393,h7,00:00:00:00:00:07,0.0,0.001,1.4,0,2026-06-23T16:16:00,0.0,0.0,0.0,1
route_mutation,0,-0.11101724333405379,20260623T161600_724393,h33,00:00:00:00:00:21,0.0,0.001,1.4,0,2026-06-23T16:16:00,0.0,0.0,0.23,1
route_mutation,0,-0.03925758347883751,20260623T161600_724393,h9,00:00:00:00:00:09,0.0,0.001,1.4,0,2026-06-23T16:16:00,0.0,0.0,0.0,1
route_mutation,0,-0.0679196601433512,20260623T161600_724393,h35,00:00:00:00:00:23,0.0,0.001,1.36,0,2026-06-23T16:16:00,0.0,0.0,0.13,1
route_mutation,0,-0.06790742304149368,20260623T161600_724393,h6,00:00:00:00:00:06,0.0,0.001,1.4,0,2026-06-23T16:16:00,0.0,0.0,0.0,1
route_mutation,0,-0.08128785473430405,20260623T161600_724393,h5,00:00:00:00:00:05,0.0,0.001,1.4,0,2026-06-23T16:16:00,0.0,0.0,0.0,1
route_mutation,0,-0.0889056812545348,20260623T161600_724393,h28,00:00:00:00:00:1C,0.0,0.001,1.4,0,2026-06-23T16:16:00,0.0,0.0,0.23,1
route_mutation,0,-0.0943045694932709,20260623T161600_724393,h3,00:00:00:00:00:03,0.0,0.001,1.4,0,2026-06-23T16:16:00,0.0,0.0,0.0,1
route_mutation,0,-0.06789487915618063,20260623T161600_724393,h29,00:00:00:00:00:1D,0.0,0.001,1.46,0,2026-06-23T16:16:00,0.0,0.0,0.07,1
route_mutation,0,-0.13789487915618062,20260623T161600_724393,h24,00:00:00:00:00:18,0.0,0.001,1.46,0,2026-06-23T16:16:00,0.0,0.0,0.07,1
route_mutation,1,,20260623T161600_724393,h1,00:00:00:00:00:01,0.0,0.002,2.7,0,2026-06-23T16:16:00,0.0,0.001,1.13,0
route_mutation,0,-0.10989487915618062,20260623T161600_724393,h26,00:00:00:00:00:1A,0.0,0.001,1.46,0,2026-06-23T16:16:00,0.0,0.0,0.07,1
route_mutation,0,-0.026637788804801152,20260623T161600_724393,h32,00:00:00:00:00:20,0.0,0.001,1.4,0,2026-06-23T16:16:00,0.0,0.0,0.23,1
route_mutation,0,-0.12290342711995318,20260623T161600_724393,h23,00:00:00:00:00:17,0.0,0.001,1.4,0,2026-06-23T16:16:00,0.0,0.0,0.23,1
route_mutation,0,-0.10989487915618062,20260623T161600_724393,h27,00:00:00:00:00:1B,0.0,0.001,1.46,0,2026-06-23T16:16:00,0.0,0.0,0.07,1
route_mutation,0,-0.11668950479263009,20260623T161600_724393,h2,00:00:00:00:00:02,0.0,0.001,1.4,0,2026-06-23T16:16:00,0.0,0.0,0.0,1
route_mutation,0,-0.057719919233132355,20260623T161600_724393,h8,00:00:00:00:00:08,0.0,0.001,1.4,0,2026-06-23T16:16:00,0.0,0.0,0.0,1
route_mutation,0,-0.050138151150778326,20260623T161631_065873,h19,00:00:00:00:00:13,0.0,0.001,0.9,0,2026-06-23T16:16:31,0.0,0.0,0.0,1
route_mutation,0,-0.0628508247581722,20260623T161631_065873,h31,00:00:00:00:00:1F,0.0,0.001,0.9,0,2026-06-23T16:16:31,0.0,0.0,0.0,1
route_mutation,0,-0.050113038791829545,20260623T161631_065873,h20,00:00:00:00:00:14,0.0,0.001,0.9,0,2026-06-23T16:16:31,0.0,0.0,0.0,1
route_mutation,0,-0.1048508247581722,20260623T161631_065873,h25,00:00:00:00:00:19,0.0,0.001,0.9,0,2026-06-23T16:16:31,0.0,0.0,0.0,1
route_mutation,0,-0.12084205486176412,20260623T161631_065873,h10,00:00:00:00:00:0A,0.0,0.001,0.9,0,2026-06-23T16:16:31,0.0,0.0,0.0,1
route_mutation,0,-0.03176842953753975,20260623T161631_065873,h30,00:00:00:00:00:1E,0.0,0.001,0.9,0,2026-06-23T16:16:31,0.0,0.0,0.0,1
route_mutation,0,-0.07772340299019463,20260623T161631_065873,h15,00:00:00:00:00:0F,0.0,0.001,0.9,0,2026-06-23T16:16:31,0.0,0.0,0.0,1
route_mutation,0,-0.11131923353072967,20260623T161631_065873,h12,00:00:00:00:00:0C,0.0,0.001,0.9,0,2026-06-23T16:16:31,0.0,0.0,0.0,1
route_mutation,0,-0.050138151150778326,20260623T161631_065873,h17,00:00:00:00:00:11,0.0,0.001,0.9,0,2026-06-23T16:16:31,0.0,0.0,0.0,1
route_mutation,0,-0.11848888433831431,20260623T161631_065873,h39,00:00:00:00:00:27,0.0,0.001,0.93,0,2026-06-23T16:16:31,0.0,0.0,0.07,1
route_mutation,0,-0.053738961339436134,20260623T161631_065873,h14,00:00:00:00:00:0E,0.0,0.001,0.9,0,2026-06-23T16:16:31,0.0,0.0,0.0,1
route_mutation,0,-0.05813443236202534,20260623T161631_065873,h38,00:00:00:00:00:26,0.0,0.001,0.87,0,2026-06-23T16:16:31,0.0,0.0,0.23,1
route_mutation,0,-0.06071046583411696,20260623T161631_065873,h18,00:00:00:00:00:12,0.0,0.001,0.9,0,2026-06-23T16:16:31,0.0,0.0,0.0,1
route_mutation,0,-0.07052766281395552,20260623T161631_065873,h13,00:00:00:00:00:0D,0.0,0.001,0.9,0,2026-06-23T16:16:31,0.0,0.0,0.0,1
route_mutation,0,-0.08559935472300584,20260623T161631_065873,h36,00:00:00:00:00:24,0.0,0.001,0.87,0,2026-06-23T16:16:31,0.0,0.0,0.23,1
route_mutation,0,-0.11546274720359867,20260623T161631_065873,h11,00:00:00:00:00:0B,0.0,0.001,0.9,0,2026-06-23T16:16:31,0.0,0.0,0.0,1
route_mutation,0,-0.042511646451358076,20260623T161631_065873,h16,00:00:00:00:00:10,0.0,0.001,0.9,0,2026-06-23T16:16:31,0.0,0.0,0.0,1
route_mutation,0,-0.050138151150778326,20260623T161631_065873,h21,00:00:00:00:00:15,0.0,0.001,0.9,0,2026-06-23T16:16:31,0.0,0.0,0.0,1
route_mutation,1,-0.10230505167887272,20260623T161631_065873,h4,00:00:00:00:00:04,0.0,0.001,0.9,0,2026-06-23T16:16:31,0.0,0.0,0.0,1
route_mutation,0,-0.052605646030436645,20260623T161631_065873,h22,00:00:00:00:00:16,0.0,0.001,0.9,0,2026-06-23T16:16:31,0.0,0.0,0.0,1
route_mutation,0,-0.030523602752175222,20260623T161631_065873,h37,00:00:00:00:00:25,0.0,0.001,0.93,0,2026-06-23T16:16:31,0.0,0.0,0.07,1
route_mutation,0,-0.1071537270525963,20260623T161631_065873,h34,00:00:00:00:00:22,0.0,0.001,0.87,0,2026-06-23T16:16:31,0.0,0.0,0.0,1
route_mutation,0,-0.07546699888220632,20260623T161631_065873,h7,00:00:00:00:00:07,0.0,0.001,0.9,0,2026-06-23T16:16:31,0.0,0.0,0.0,1
route_mutation,0,-0.09578112178347316,20260623T161631_065873,h33,00:00:00:00:00:21,0.0,0.001,0.9,0,2026-06-23T16:16:31,0.0,0.0,0.0,1
route_mutation,0,-0.026485362412410354,20260623T161631_065873,h9,00:00:00:00:00:09,0.0,0.001,0.9,0,2026-06-23T16:16:31,0.0,0.0,0.0,1
route_mutation,0,-0.04949223948636565,20260623T161631_065873,h35,00:00:00:00:00:23,0.0,0.001,0.9,0,2026-06-23T16:16:31,0.0,0.0,0.1,1
route_mutation,0,-0.06805884985657618,20260623T161631_065873,h6,00:00:00:00:00:06,0.0,0.001,0.9,0,2026-06-23T16:16:31,0.0,0.0,0.0,1
route_mutation,0,-0.0728132315080355,20260623T161631_065873,h5,00:00:00:00:00:05,0.0,0.001,0.9,0,2026-06-23T16:16:31,0.0,0.0,0.0,1
route_mutation,0,-0.08454296126484218,20260623T161631_065873,h28,00:00:00:00:00:1C,0.0,0.001,0.9,0,2026-06-23T16:16:31,0.0,0.0,0.0,1
route_mutation,1,-0.0906444759728767,20260623T161631_065873,h3,00:00:00:00:00:03,0.0,0.001,0.9,0,2026-06-23T16:16:31,0.0,0.0,0.0,1
route_mutation,0,-0.06793332878275878,20260623T161631_065873,h29,00:00:00:00:00:1D,0.0,0.001,0.9,0,2026-06-23T16:16:31,0.0,0.0,0.0,1
route_mutation,0,-0.13793332878275877,20260623T161631_065873,h24,00:00:00:00:00:18,0.0,0.001,0.9,0,2026-06-23T16:16:31,0.0,0.0,0.0,1
route_mutation,1,,20260623T161631_065873,h1,00:00:00:00:00:01,0.0,0.001,1.47,0,2026-06-23T16:16:31,0.0,0.0,0.37,0
route_mutation,0,-0.10993332878275877,20260623T161631_065873,h26,00:00:00:00:00:1A,0.0,0.001,0.9,0,2026-06-23T16:16:31,0.0,0.0,0.0,1
route_mutation,0,-0.0036656825657613856,20260623T161631_065873,h32,00:00:00:00:00:20,0.0,0.001,0.9,0,2026-06-23T16:16:31,0.0,0.0,0.0,1
route_mutation,0,-0.12085460877896481,20260623T161631_065873,h23,00:00:00:00:00:17,0.0,0.001,0.9,0,2026-06-23T16:16:31,0.0,0.0,0.0,1
route_mutation,0,-0.10993332878275877,20260623T161631_065873,h27,00:00:00:00:00:1B,0.0,0.001,0.9,0,2026-06-23T16:16:31,0.0,0.0,0.0,1
route_mutation,1,-0.11489482254718249,20260623T161631_065873,h2,00:00:00:00:00:02,0.0,0.001,0.9,0,2026-06-23T16:16:31,0.0,0.0,0.0,1
route_mutation,0,-0.05775837436705075,20260623T161631_065873,h8,00:00:00:00:00:08,0.0,0.001,0.9,0,2026-06-23T16:16:31,0.0,0.0,0.0,1
ip_shuffle,0,-0.050215059478444984,20260623T161701_349422,h19,00:00:00:00:00:13,0.0,0.001,1.17,0,2026-06-23T16:17:01,0.0,0.0,0.0,1
ip_shuffle,0,-0.10480523915435841,20260623T161701_349422,h31,00:00:00:00:00:1F,0.0,0.001,1.17,0,2026-06-23T16:17:01,0.0,0.0,0.0,1
ip_shuffle,0,-0.05018985975535167,20260623T161701_349422,h20,00:00:00:00:00:14,0.0,0.001,1.17,0,2026-06-23T16:17:01,0.0,0.0,0.0,1
ip_shuffle,0,-0.1328052391543584,20260623T161701_349422,h25,00:00:00:00:00:19,0.0,0.001,1.17,0,2026-06-23T16:17:01,0.0,0.0,0.0,1
ip_shuffle,1,-0.11892341421862067,20260623T161701_349422,h10,00:00:00:00:00:0A,0.0,0.001,1.17,0,2026-06-23T16:17:01,0.0,0.0,0.0,1
ip_shuffle,0,-0.033056228341828336,20260623T161701_349422,h30,00:00:00:00:00:1E,0.0,0.001,1.17,0,2026-06-23T16:17:01,0.0,0.0,0.0,1
ip_shuffle,0,-0.07208609403888447,20260623T161701_349422,h15,00:00:00:00:00:0F,0.0,0.001,1.17,0,2026-06-23T16:17:01,0.0,0.0,0.0,1
ip_shuffle,1,-0.10871877421013829,20260623T161701_349422,h12,00:00:00:00:00:0C,0.0,0.001,1.17,0,2026-06-23T16:17:01,0.0,0.0,0.0,1
ip_shuffle,0,-0.050215059478444984,20260623T161701_349422,h17,00:00:00:00:00:11,0.0,0.001,1.17,0,2026-06-23T16:17:01,0.0,0.0,0.0,1
ip_shuffle,0,-0.11838371254519502,20260623T161701_349422,h39,00:00:00:00:00:27,0.0,0.001,1.2,0,2026-06-23T16:17:01,0.0,0.0,0.0,1
ip_shuffle,0,-0.10232174503240374,20260623T161701_349422,h14,00:00:00:00:00:0E,0.0,0.001,1.17,0,2026-06-23T16:17:01,0.0,0.0,0.0,1
ip_shuffle,0,-0.05209194616446132,20260623T161701_349422,h38,00:00:00:00:00:26,0.0,0.001,1.2,0,2026-06-23T16:17:01,0.0,0.0,0.0,1
ip_shuffle,0,-0.054151913773521396,20260623T161701_349422,h18,00:00:00:00:00:12,0.0,0.001,1.17,0,2026-06-23T16:17:01,0.0,0.0,0.0,1
ip_shuffle,1,-0.1141823118417819,20260623T161701_349422,h13,00:00:00:00:00:0D,0.0,0.001,1.17,0,2026-06-23T16:17:01,0.0,0.0,0.0,1
ip_shuffle,0,-0.08086487186105167,20260623T161701_349422,h36,00:00:00:00:00:24,0.0,0.001,1.2,0,2026-06-23T16:17:01,0.0,0.0,0.0,1
ip_shuffle,1,-0.11229250097217916,20260623T161701_349422,h11,00:00:00:00:00:0B,0.0,0.001,1.17,0,2026-06-23T16:17:01,0.0,0.0,0.0,1
ip_shuffle,0,-0.04257235030413302,20260623T161701_349422,h16,00:00:00:00:00:10,0.0,0.001,1.17,0,2026-06-23T16:17:01,0.0,0.0,0.0,1
ip_shuffle,0,-0.050215059478444984,20260623T161701_349422,h21,00:00:00:00:00:15,0.0,0.001,1.17,0,2026-06-23T16:17:01,0.0,0.0,0.0,1
ip_shuffle,0,-0.09817853829838274,20260623T161701_349422,h4,00:00:00:00:00:04,0.0,0.001,1.17,0,2026-06-23T16:17:01,0.0,0.0,0.23,1
ip_shuffle,0,-0.04526070526153293,20260623T161701_349422,h22,00:00:00:00:00:16,0.0,0.001,1.17,0,2026-06-23T16:17:01,0.0,0.0,0.0,1
ip_shuffle,0,-0.030396784981484515,20260623T161701_349422,h37,00:00:00:00:00:25,0.0,0.001,1.2,0,2026-06-23T16:17:01,0.0,0.0,0.0,1
ip_shuffle,0,-0.08993892267583246,20260623T161701_349422,h34,00:00:00:00:00:22,0.0,0.001,1.2,0,2026-06-23T16:17:01,0.0,0.0,0.0,1
ip_shuffle,0,-0.06717738073880784,20260623T161701_349422,h7,00:00:00:00:00:07,0.0,0.001,1.13,0,2026-06-23T16:17:01,0.0,0.0,0.2,1
ip_shuffle,0,-0.08052684323262477,20260623T161701_349422,h33,00:00:00:00:00:21,0.0,0.001,1.17,0,2026-06-23T16:17:01,0.0,0.0,0.0,1
ip_shuffle,0,-0.0674446120956354,20260623T161701_349422,h9,00:00:00:00:00:09,0.0,0.001,1.17,0,2026-06-23T16:17:01,0.0,0.0,0.1,1
ip_shuffle,0,-0.031016974525483076,20260623T161701_349422,h35,00:00:00:00:00:23,0.0,0.001,1.2,0,2026-06-23T16:17:01,0.0,0.0,0.0,1
ip_shuffle,0,-0.06784702787648962,20260623T161701_349422,h6,00:00:00:00:00:06,0.0,0.001,1.23,0,2026-06-23T16:17:01,0.0,0.0,0.07,1
ip_shuffle,0,-0.06399393080224305,20260623T161701_349422,h5,00:00:00:00:00:05,0.0,0.001,1.17,0,2026-06-23T16:17:01,0.0,0.0,0.23,1
ip_shuffle,0,-0.10626959716405829,20260623T161701_349422,h28,00:00:00:00:00:1C,0.0,0.001,1.17,0,2026-06-23T16:17:01,0.0,0.0,0.0,1
ip_shuffle,0,-0.08638120702566848,20260623T161701_349422,h3,00:00:00:00:00:03,0.0,0.001,1.17,0,2026-06-23T16:17:01,0.0,0.0,0.23,1
ip_shuffle,0,-0.13788476965018992,20260623T161701_349422,h29,00:00:00:00:00:1D,0.0,0.001,1.17,0,2026-06-23T16:17:01,0.0,0.0,0.0,1
ip_shuffle,0,-0.13782815698963946,20260623T161701_349422,h24,00:00:00:00:00:18,0.0,0.001,1.2,0,2026-06-23T16:17:01,0.0,0.0,0.0,1
ip_shuffle,1,,20260623T161701_349422,h1,00:00:00:00:00:01,0.0,0.001,1.9,0,2026-06-23T16:17:01,0.0,0.0,0.67,0
ip_shuffle,0,-0.13788476965018992,20260623T161701_349422,h26,00:00:00:00:00:1A,0.0,0.001,1.17,0,2026-06-23T16:17:01,0.0,0.0,0.0,1
ip_shuffle,0,0.009516198638124362,20260623T161701_349422,h32,00:00:00:00:00:20,0.0,0.001,1.17,1,2026-06-23T16:17:01,0.0,0.0,0.0,1
ip_shuffle,0,-0.11876722623314317,20260623T161701_349422,h23,00:00:00:00:00:17,0.0,0.001,1.17,0,2026-06-23T16:17:01,0.0,0.0,0.0,1
ip_shuffle,0,-0.13788476965018992,20260623T161701_349422,h27,00:00:00:00:00:1B,0.0,0.001,1.17,0,2026-06-23T16:17:01,0.0,0.0,0.0,1
ip_shuffle,0,-0.112496927531275,20260623T161701_349422,h2,00:00:00:00:00:02,0.0,0.001,1.17,0,2026-06-23T16:17:01,0.0,0.0,0.23,1
ip_shuffle,0,-0.05765042014116388,20260623T161701_349422,h8,00:00:00:00:00:08,0.0,0.001,1.23,0,2026-06-23T16:17:01,0.0,0.0,0.07,1
route_mutation,0,-0.05006079309383106,20260623T161759_067817,h19,00:00:00:00:00:13,0.0,0.001,1.13,0,2026-06-23T16:17:59,0.0,0.0,0.07,1
route_mutation,1,-0.10504981377874381,20260623T161759_067817,h31,00:00:00:00:00:1F,0.0,0.001,1.07,0,2026-06-23T16:17:59,0.0,0.0,0.0,1
route_mutation,0,-0.050035513276718485,20260623T161759_067817,h20,00:00:00:00:00:14,0.0,0.001,1.13,0,2026-06-23T16:17:59,0.0,0.0,0.07,1
route_mutation,0,-0.13284901075993327,20260623T161759_067817,h25,00:00:00:00:00:19,0.0,0.001,1.13,0,2026-06-23T16:17:59,0.0,0.0,0.07,1
route_mutation,0,-0.11677227200786791,20260623T161759_067817,h10,00:00:00:00:00:0A,0.0,0.001,1.07,0,2026-06-23T16:17:59,0.0,0.0,0.0,1
route_mutation,1,-0.006547095356087329,20260623T161759_067817,h30,00:00:00:00:00:1E,0.0,0.001,1.07,0,2026-06-23T16:17:59,0.0,0.0,0.0,1
route_mutation,0,-0.05406133101719615,20260623T161759_067817,h15,00:00:00:00:00:0F,0.0,0.001,1.1,0,2026-06-23T16:17:59,0.0,0.0,0.03,1
route_mutation,0,-0.08160533665866129,20260623T161759_067817,h12,00:00:00:00:00:0C,0.0,0.001,1.07,0,2026-06-23T16:17:59,0.0,0.0,0.0,1
route_mutation,0,-0.05005440136364846,20260623T161759_067817,h17,00:00:00:00:00:11,0.0,0.001,1.1,0,2026-06-23T16:17:59,0.0,0.0,0.03,1
route_mutation,0,-0.11864750573002757,20260623T161759_067817,h39,00:00:00:00:00:27,0.0,0.001,1.07,0,2026-06-23T16:17:59,0.0,0.0,0.0,1
route_mutation,0,-0.06754092592247157,20260623T161759_067817,h14,00:00:00:00:00:0E,0.0,0.001,1.1,0,2026-06-23T16:17:59,0.0,0.0,0.0,1
route_mutation,0,-0.05254442288168955,20260623T161759_067817,h38,00:00:00:00:00:26,0.0,0.001,1.07,0,2026-06-23T16:17:59,0.0,0.0,0.0,1
route_mutation,0,-0.04731765067584588,20260623T161759_067817,h18,00:00:00:00:00:12,0.0,0.001,1.07,0,2026-06-23T16:17:59,0.0,0.0,0.23,1
route_mutation,0,-0.07028656691630314,20260623T161759_067817,h13,00:00:00:00:00:0D,0.0,0.001,1.07,0,2026-06-23T16:17:59,0.0,0.0,0.0,1
route_mutation,1,-0.07662294283772506,20260623T161759_067817,h36,00:00:00:00:00:24,0.0,0.001,1.07,0,2026-06-23T16:17:59,0.0,0.0,0.0,1
route_mutation,0,-0.12090615206450986,20260623T161759_067817,h11,00:00:00:00:00:0B,0.0,0.001,1.07,0,2026-06-23T16:17:59,0.0,0.0,0.0,1
route_mutation,0,-0.04239222980028953,20260623T161759_067817,h16,00:00:00:00:00:10,0.0,0.001,1.07,0,2026-06-23T16:17:59,0.0,0.0,0.0,1
route_mutation,0,-0.05006079309383106,20260623T161759_067817,h21,00:00:00:00:00:15,0.0,0.001,1.13,0,2026-06-23T16:17:59,0.0,0.0,0.07,1
route_mutation,0,-0.09437227200786791,20260623T161759_067817,h4,00:00:00:00:00:04,0.0,0.001,1.07,0,2026-06-23T16:17:59,0.0,0.0,0.0,1
route_mutation,0,-0.037833044662066134,20260623T161759_067817,h22,00:00:00:00:00:16,0.0,0.001,1.07,0,2026-06-23T16:17:59,0.0,0.0,0.23,1
route_mutation,0,-0.03065127292317113,20260623T161759_067817,h37,00:00:00:00:00:25,0.0,0.001,1.07,0,2026-06-23T16:17:59,0.0,0.0,0.0,1
route_mutation,1,-0.07287440476163952,20260623T161759_067817,h34,00:00:00:00:00:22,0.0,0.001,1.07,0,2026-06-23T16:17:59,0.0,0.0,0.0,1
route_mutation,0,-0.059420608615115514,20260623T161759_067817,h7,00:00:00:00:00:07,0.0,0.001,1.07,0,2026-06-23T16:17:59,0.0,0.0,0.0,1
route_mutation,1,-0.06538931680818144,20260623T161759_067817,h33,00:00:00:00:00:21,0.0,0.001,1.07,0,2026-06-23T16:17:59,0.0,0.0,0.0,1
route_mutation,0,-0.06008873548307321,20260623T161759_067817,h9,00:00:00:00:00:09,0.0,0.001,1.07,0,2026-06-23T16:17:59,0.0,0.0,0.0,1
route_mutation,1,-0.012749461521753852,20260623T161759_067817,h35,00:00:00:00:00:23,0.0,0.001,1.1,0,2026-06-23T16:17:59,0.0,0.0,0.0,1
route_mutation,0,-0.06791003524259139,20260623T161759_067817,h6,00:00:00:00:00:06,0.0,0.001,1.07,0,2026-06-23T16:17:59,0.0,0.0,0.0,1
route_mutation,0,-0.0767605153784574,20260623T161759_067817,h5,00:00:00:00:00:05,0.0,0.001,1.07,0,2026-06-23T16:17:59,0.0,0.0,0.0,1
route_mutation,0,-0.07588618816671523,20260623T161759_067817,h28,00:00:00:00:00:1C,0.0,0.001,1.07,0,2026-06-23T16:17:59,0.0,0.0,0.2,1
route_mutation,0,-0.1106092280967648,20260623T161759_067817,h3,00:00:00:00:00:03,0.0,0.001,1.07,0,2026-06-23T16:17:59,0.0,0.0,0.0,1
route_mutation,0,-0.0680166849303703,20260623T161759_067817,h29,00:00:00:00:00:1D,0.0,0.001,1.1,0,2026-06-23T16:17:59,0.0,0.0,0.03,1
route_mutation,0,-0.13791003524259138,20260623T161759_067817,h24,00:00:00:00:00:18,0.0,0.001,1.13,0,2026-06-23T16:17:59,0.0,0.0,0.07,1
route_mutation,1,,20260623T161759_067817,h1,00:00:00:00:00:01,0.0,0.002,2.2,0,2026-06-23T16:17:59,0.0,0.001,1.03,0
route_mutation,0,-0.13791003524259138,20260623T161759_067817,h26,00:00:00:00:00:1A,0.0,0.001,1.13,0,2026-06-23T16:17:59,0.0,0.0,0.07,1
route_mutation,1,-0.11628632876359554,20260623T161759_067817,h32,00:00:00:00:00:20,0.0,0.001,1.07,0,2026-06-23T16:17:59,0.0,0.0,0.0,1
route_mutation,0,-0.11678738247741183,20260623T161759_067817,h23,00:00:00:00:00:17,0.0,0.001,1.07,0,2026-06-23T16:17:59,0.0,0.0,0.23,1
route_mutation,0,-0.13791003524259138,20260623T161759_067817,h27,00:00:00:00:00:1B,0.0,0.001,1.13,0,2026-06-23T16:17:59,0.0,0.0,0.07,1
route_mutation,0,-0.11059034000983489,20260623T161759_067817,h2,00:00:00:00:00:02,0.0,0.001,1.07,0,2026-06-23T16:17:59,0.0,0.0,0.0,1
route_mutation,0,-0.05770407657026,20260623T161759_067817,h8,00:00:00:00:00:08,0.0,0.001,1.07,0,2026-06-23T16:17:59,0.0,0.0,0.0,1
ip_shuffle,0,-0.05000775378564494,20260623T161829_276181,h19,00:00:00:00:00:13,0.0,0.001,1.3,0,2026-06-23T16:18:29,0.0,0.0,0.0,1
ip_shuffle,0,-0.10485396939034212,20260623T161829_276181,h31,00:00:00:00:00:1F,0.0,0.001,1.36,0,2026-06-23T16:18:29,0.0,0.0,0.07,1
ip_shuffle,0,-0.049982464814732896,20260623T161829_276181,h20,00:00:00:00:00:14,0.0,0.001,1.3,0,2026-06-23T16:18:29,0.0,0.0,0.0,1
ip_shuffle,0,-0.13279735672979168,20260623T161829_276181,h25,00:00:00:00:00:19,0.0,0.001,1.3,0,2026-06-23T16:18:29,0.0,0.0,0.0,1
ip_shuffle,0,-0.11473514987863097,20260623T161829_276181,h10,00:00:00:00:00:0A,0.0,0.001,1.3,0,2026-06-23T16:18:29,0.0,0.0,0.0,1
ip_shuffle,0,0.010457672675181023,20260623T161829_276181,h30,00:00:00:00:00:1E,0.0,0.001,1.3,1,2026-06-23T16:18:29,0.0,0.0,0.23,1
ip_shuffle,0,-0.04736059474830376,20260623T161829_276181,h15,00:00:00:00:00:0F,0.0,0.001,1.3,0,2026-06-23T16:18:29,0.0,0.0,0.0,1
ip_shuffle,0,-0.077066922795907,20260623T161829_276181,h12,00:00:00:00:00:0C,0.0,0.001,1.3,0,2026-06-23T16:18:29,0.0,0.0,0.0,1
ip_shuffle,0,-0.05000133570158306,20260623T161829_276181,h17,00:00:00:00:00:11,0.0,0.001,1.3,0,2026-06-23T16:18:29,0.0,0.0,0.0,1
ip_shuffle,0,-0.04843403918829528,20260623T161829_276181,h39,00:00:00:00:00:27,0.0,0.001,1.36,0,2026-06-23T16:18:29,0.0,0.0,0.07,1
ip_shuffle,0,-0.06080908121283178,20260623T161829_276181,h14,00:00:00:00:00:0E,0.0,0.001,1.3,0,2026-06-23T16:18:29,0.0,0.0,0.03,1
ip_shuffle,0,0.017715852704143775,20260623T161829_276181,h38,00:00:00:00:00:26,0.0,0.001,1.3,1,2026-06-23T16:18:29,0.0,0.0,0.23,1
ip_shuffle,0,-0.04067409328974002,20260623T161829_276181,h18,00:00:00:00:00:12,0.0,0.001,1.3,0,2026-06-23T16:18:29,0.0,0.0,0.0,1
ip_shuffle,0,-0.06387164811077743,20260623T161829_276181,h13,00:00:00:00:00:0D,0.0,0.001,1.3,0,2026-06-23T16:18:29,0.0,0.0,0.0,1
ip_shuffle,0,-0.04382256280921594,20260623T161829_276181,h36,00:00:00:00:00:24,0.0,0.001,1.3,0,2026-06-23T16:18:29,0.0,0.0,0.23,1
ip_shuffle,0,-0.11890817372949947,20260623T161829_276181,h11,00:00:00:00:00:0B,0.0,0.001,1.3,0,2026-06-23T16:18:29,0.0,0.0,0.0,1
ip_shuffle,0,-0.04234617372448282,20260623T161829_276181,h16,00:00:00:00:00:10,0.0,0.001,1.3,0,2026-06-23T16:18:29,0.0,0.0,0.0,1
ip_shuffle,0,-0.05000775378564494,20260623T161829_276181,h21,00:00:00:00:00:15,0.0,0.001,1.3,0,2026-06-23T16:18:29,0.0,0.0,0.0,1
ip_shuffle,0,-0.09071670908087706,20260623T161829_276181,h4,00:00:00:00:00:04,0.0,0.001,1.3,0,2026-06-23T16:18:29,0.0,0.0,0.0,1
ip_shuffle,0,-0.030464560138471805,20260623T161829_276181,h22,00:00:00:00:00:16,0.0,0.001,1.3,0,2026-06-23T16:18:29,0.0,0.0,0.0,1
ip_shuffle,0,0.03957214262760089,20260623T161829_276181,h37,00:00:00:00:00:25,0.0,0.001,1.36,1,2026-06-23T16:18:29,0.0,0.0,0.07,1
ip_shuffle,0,-0.05567002191607233,20260623T161829_276181,h34,00:00:00:00:00:22,0.0,0.001,1.3,0,2026-06-23T16:18:29,0.0,0.0,0.23,1
ip_shuffle,0,-0.06391361835281856,20260623T161829_276181,h7,00:00:00:00:00:07,0.0,0.001,1.3,0,2026-06-23T16:18:29,0.0,0.0,0.0,1
ip_shuffle,0,-0.05006710529569815,20260623T161829_276181,h33,00:00:00:00:00:21,0.0,0.001,1.3,0,2026-06-23T16:18:29,0.0,0.0,0.23,1
ip_shuffle,0,-0.052755867131335024,20260623T161829_276181,h9,00:00:00:00:00:09,0.0,0.001,1.3,0,2026-06-23T16:18:29,0.0,0.0,0.03,1
ip_shuffle,0,0.00845973039476175,20260623T161829_276181,h35,00:00:00:00:00:23,0.0,0.001,1.3,0,2026-06-23T16:18:29,0.0,0.0,0.23,1
ip_shuffle,0,-0.06798452413910774,20260623T161829_276181,h6,00:00:00:00:00:06,0.0,0.001,1.3,0,2026-06-23T16:18:29,0.0,0.0,0.0,1
ip_shuffle,0,-0.07046796394101344,20260623T161829_276181,h5,00:00:00:00:00:05,0.0,0.001,1.3,0,2026-06-23T16:18:29,0.0,0.0,0.0,1
ip_shuffle,0,-0.07593674361595258,20260623T161829_276181,h28,00:00:00:00:00:1C,0.0,0.001,1.3,0,2026-06-23T16:18:29,0.0,0.0,0.0,1
ip_shuffle,0,-0.11084728243276926,20260623T161829_276181,h3,00:00:00:00:00:03,0.0,0.001,1.3,0,2026-06-23T16:18:29,0.0,0.0,0.0,1
ip_shuffle,0,-0.0678531946618277,20260623T161829_276181,h29,00:00:00:00:00:1D,0.0,0.001,1.33,0,2026-06-23T16:18:29,0.0,0.0,0.03,1
ip_shuffle,0,-0.1378407418590394,20260623T161829_276181,h24,00:00:00:00:00:18,0.0,0.001,1.3,0,2026-06-23T16:18:29,0.0,0.0,0.0,1
ip_shuffle,0,,20260623T161829_276181,h1,00:00:00:00:00:01,0.0,0.002,2.46,0,2026-06-23T16:18:29,0.0,0.001,0.93,0
ip_shuffle,0,-0.13789735451958987,20260623T161829_276181,h26,00:00:00:00:00:1A,0.0,0.001,1.3,0,2026-06-23T16:18:29,0.0,0.0,0.0,1
ip_shuffle,0,-0.09107037474413864,20260623T161829_276181,h32,00:00:00:00:00:20,0.0,0.001,1.3,0,2026-06-23T16:18:29,0.0,0.0,0.23,1
ip_shuffle,0,-0.11480056895304482,20260623T161829_276181,h23,00:00:00:00:00:17,0.0,0.001,1.3,0,2026-06-23T16:18:29,0.0,0.0,0.0,1
ip_shuffle,0,-0.1378407418590394,20260623T161829_276181,h27,00:00:00:00:00:1B,0.0,0.001,1.33,0,2026-06-23T16:18:29,0.0,0.0,0.0,1
ip_shuffle,0,-0.1109038950933197,20260623T161829_276181,h2,00:00:00:00:00:02,0.0,0.001,1.3,0,2026-06-23T16:18:29,0.0,0.0,0.0,1
ip_shuffle,0,-0.05778782715596327,20260623T161829_276181,h8,00:00:00:00:00:08,0.0,0.001,1.3,0,2026-06-23T16:18:29,0.0,0.0,0.0,1
ip_shuffle,0,-0.0455065190032591,20260623T161912_141938,h19,00:00:00:00:00:13,0.0,0.001,0.87,0,2026-06-23T16:19:12,0.0,0.0,0.0,1
ip_shuffle,0,-0.09820812648276914,20260623T161912_141938,h31,00:00:00:00:00:1F,0.0,0.001,0.87,0,2026-06-23T16:19:12,0.0,0.0,0.0,1
ip_shuffle,0,-0.05229937709615902,20260623T161912_141938,h20,00:00:00:00:00:14,0.0,0.001,0.87,0,2026-06-23T16:19:12,0.0,0.0,0.0,1
ip_shuffle,0,-0.12615765200170131,20260623T161912_141938,h25,00:00:00:00:00:19,0.0,0.001,0.87,0,2026-06-23T16:19:12,0.0,0.0,0.0,1
ip_shuffle,1,-0.10918463368693532,20260623T161912_141938,h10,00:00:00:00:00:0A,0.0,0.001,0.87,0,2026-06-23T16:19:12,0.0,0.0,0.0,1
ip_shuffle,0,0.004183783990478945,20260623T161912_141938,h30,00:00:00:00:00:1E,0.0,0.001,0.87,0,2026-06-23T16:19:12,0.0,0.0,0.0,1
ip_shuffle,0,-0.04138120611679247,20260623T161912_141938,h15,00:00:00:00:00:0F,0.0,0.001,0.87,0,2026-06-23T16:19:12,0.0,0.0,0.0,1
ip_shuffle,1,-0.08062831563245577,20260623T161912_141938,h12,00:00:00:00:00:0C,0.0,0.001,0.87,0,2026-06-23T16:19:12,0.0,0.0,0.03,1
ip_shuffle,0,-0.04550214697902476,20260623T161912_141938,h17,00:00:00:00:00:11,0.0,0.001,0.87,0,2026-06-23T16:19:12,0.0,0.0,0.0,1
ip_shuffle,0,-0.048553822803638944,20260623T161912_141938,h39,00:00:00:00:00:27,0.0,0.001,0.9,0,2026-06-23T16:19:12,0.0,0.0,0.0,1
ip_shuffle,1,-0.05568389095725068,20260623T161912_141938,h14,00:00:00:00:00:0E,0.0,0.001,0.87,0,2026-06-23T16:19:12,0.0,0.0,0.0,1
ip_shuffle,0,0.02499226152414022,20260623T161912_141938,h38,00:00:00:00:00:26,0.0,0.001,1.07,1,2026-06-23T16:19:12,0.0,0.0,0.2,1
ip_shuffle,0,-0.04102709381369769,20260623T161912_141938,h18,00:00:00:00:00:12,0.0,0.001,0.9,0,2026-06-23T16:19:12,0.0,0.0,0.0,1
ip_shuffle,1,-0.06695415726879678,20260623T161912_141938,h13,00:00:00:00:00:0D,0.0,0.001,0.87,0,2026-06-23T16:19:12,0.0,0.0,0.0,1
ip_shuffle,0,-0.04385179046067869,20260623T161912_141938,h36,00:00:00:00:00:24,0.0,0.001,0.9,0,2026-06-23T16:19:12,0.0,0.0,0.03,1
ip_shuffle,1,-0.11416856671081313,20260623T161912_141938,h11,00:00:00:00:00:0B,0.0,0.001,0.9,0,2026-06-23T16:19:12,0.0,0.0,0.0,1
ip_shuffle,0,-0.03867563923207956,20260623T161912_141938,h16,00:00:00:00:00:10,0.0,0.001,0.87,0,2026-06-23T16:19:12,0.0,0.0,0.0,1
ip_shuffle,0,-0.06140598053962523,20260623T161912_141938,h21,00:00:00:00:00:15,0.0,0.001,0.87,0,2026-06-23T16:19:12,0.0,0.0,0.0,1
ip_shuffle,0,-0.08495034430751813,20260623T161912_141938,h4,00:00:00:00:00:04,0.0,0.001,0.87,0,2026-06-23T16:19:12,0.0,0.0,0.0,1
ip_shuffle,0,-0.03415581014974853,20260623T161912_141938,h22,00:00:00:00:00:16,0.0,0.001,0.87,0,2026-06-23T16:19:12,0.0,0.0,0.0,1
ip_shuffle,0,0.07381162165527894,20260623T161912_141938,h37,00:00:00:00:00:25,0.0,0.001,1.2,1,2026-06-23T16:19:12,0.0,0.0,0.33,1
ip_shuffle,0,-0.06033948858273899,20260623T161912_141938,h34,00:00:00:00:00:22,0.0,0.001,0.9,0,2026-06-23T16:19:12,0.0,0.0,0.0,1
ip_shuffle,0,-0.05982173147870841,20260623T161912_141938,h7,00:00:00:00:00:07,0.0,0.001,0.87,0,2026-06-23T16:19:12,0.0,0.0,0.0,1
ip_shuffle,0,-0.05427037008302922,20260623T161912_141938,h33,00:00:00:00:00:21,0.0,0.001,0.87,0,2026-06-23T16:19:12,0.0,0.0,0.0,1
ip_shuffle,1,-0.05571377768394252,20260623T161912_141938,h9,00:00:00:00:00:09,0.0,0.001,0.87,0,2026-06-23T16:19:12,0.0,0.0,0.0,1
ip_shuffle,0,0.009512536424986257,20260623T161912_141938,h35,00:00:00:00:00:23,0.0,0.001,0.9,1,2026-06-23T16:19:12,0.0,0.0,0.0,1
ip_shuffle,0,-0.061338681231534756,20260623T161912_141938,h6,00:00:00:00:00:06,0.0,0.001,0.87,0,2026-06-23T16:19:12,0.0,0.0,0.0,1
ip_shuffle,0,-0.07308956183766321,20260623T161912_141938,h5,00:00:00:00:00:05,0.0,0.001,0.87,0,2026-06-23T16:19:12,0.0,0.0,0.0,1
ip_shuffle,0,-0.07605789627650304,20260623T161912_141938,h28,00:00:00:00:00:1C,0.0,0.001,0.87,0,2026-06-23T16:19:12,0.0,0.0,0.0,1
ip_shuffle,0,-0.03416256438847293,20260623T161912_141938,h3,00:00:00:00:00:03,0.0,0.001,0.87,0,2026-06-23T16:19:12,0.0,0.0,0.03,1
ip_shuffle,0,-0.061250848342102135,20260623T161912_141938,h29,00:00:00:00:00:1D,0.0,0.001,0.87,0,2026-06-23T16:19:12,0.0,0.0,0.0,1
ip_shuffle,0,-0.13120103713094908,20260623T161912_141938,h24,00:00:00:00:00:18,0.0,0.001,0.87,0,2026-06-23T16:19:12,0.0,0.0,0.0,1
ip_shuffle,1,,20260623T161912_141938,h1,00:00:00:00:00:01,0.0,0.001,1.37,0,2026-06-23T16:19:12,0.0,0.0,0.57,0
ip_shuffle,0,-0.13123839553931385,20260623T161912_141938,h26,00:00:00:00:00:1A,0.0,0.001,0.9,0,2026-06-23T16:19:12,0.0,0.0,0.0,1
ip_shuffle,0,-0.0908288781839644,20260623T161912_141938,h32,00:00:00:00:00:20,0.0,0.001,0.87,0,2026-06-23T16:19:12,0.0,0.0,0.0,1
ip_shuffle,0,-0.10899473388503425,20260623T161912_141938,h23,00:00:00:00:00:17,0.0,0.001,0.87,0,2026-06-23T16:19:12,0.0,0.0,0.0,1
ip_shuffle,0,-0.13120103713094908,20260623T161912_141938,h27,00:00:00:00:00:1B,0.0,0.001,0.87,0,2026-06-23T16:19:12,0.0,0.0,0.0,1
ip_shuffle,0,-0.03406864053023065,20260623T161912_141938,h2,00:00:00:00:00:02,0.0,0.001,0.83,0,2026-06-23T16:19:12,0.0,0.0,0.2,1
ip_shuffle,0,-0.052248902615091186,20260623T161912_141938,h8,00:00:00:00:00:08,0.0,0.001,0.87,0,2026-06-23T16:19:12,0.0,0.0,0.0,1
ip_shuffle,0,-0.13288199671755668,20260623T162022_737733,h19,00:00:00:00:00:13,0.0,0.001,1.33,0,2026-06-23T16:20:22,0.0,0.0,0.0,1
ip_shuffle,0,-0.08856560135502928,20260623T162022_737733,h31,00:00:00:00:00:1F,0.0,0.001,1.4,0,2026-06-23T16:20:22,0.0,0.0,0.1,1
ip_shuffle,0,-0.10485941780916261,20260623T162022_737733,h20,00:00:00:00:00:14,0.0,0.001,1.3,0,2026-06-23T16:20:22,0.0,0.0,0.03,1
ip_shuffle,0,-0.06284812835496559,20260623T162022_737733,h25,00:00:00:00:00:19,0.0,0.001,1.3,0,2026-06-23T16:20:22,0.0,0.0,0.03,1
ip_shuffle,0,-0.058624640667034364,20260623T162022_737733,h10,00:00:00:00:00:0A,0.0,0.001,1.3,0,2026-06-23T16:20:22,0.0,0.0,0.0,1
ip_shuffle,0,0.09517330808817073,20260623T162022_737733,h30,00:00:00:00:00:1E,0.0,0.001,1.33,1,2026-06-23T16:20:22,0.0,0.0,0.23,1
ip_shuffle,0,-0.010704972143251112,20260623T162022_737733,h15,00:00:00:00:00:0F,0.0,0.001,1.3,0,2026-06-23T16:20:22,0.0,0.0,0.0,1
ip_shuffle,0,-0.015589428961718527,20260623T162022_737733,h12,00:00:00:00:00:0C,0.0,0.001,1.3,0,2026-06-23T16:20:22,0.0,0.0,0.0,1
ip_shuffle,0,-0.0629302660603331,20260623T162022_737733,h17,00:00:00:00:00:11,0.0,0.001,1.3,0,2026-06-23T16:20:22,0.0,0.0,0.0,1
ip_shuffle,1,-0.037008118062519274,20260623T162022_737733,h39,00:00:00:00:00:27,0.0,0.001,1.33,0,2026-06-23T16:20:22,0.0,0.0,0.0,1
ip_shuffle,0,-0.028050858136367735,20260623T162022_737733,h14,00:00:00:00:00:0E,0.0,0.001,1.3,0,2026-06-23T16:20:22,0.0,0.0,0.0,1
ip_shuffle,1,-0.12509028878171963,20260623T162022_737733,h38,00:00:00:00:00:26,0.0,0.001,1.33,0,2026-06-23T16:20:22,0.0,0.0,0.0,1
ip_shuffle,0,-0.010655665625145222,20260623T162022_737733,h18,00:00:00:00:00:12,0.0,0.001,1.3,0,2026-06-23T16:20:22,0.0,0.0,0.0,1
ip_shuffle,0,-0.03235703782759572,20260623T162022_737733,h13,00:00:00:00:00:0D,0.0,0.001,1.3,0,2026-06-23T16:20:22,0.0,0.0,0.0,1
ip_shuffle,1,0.034852623319453935,20260623T162022_737733,h36,00:00:00:00:00:24,0.0,0.001,1.3,1,2026-06-23T16:20:22,0.0,0.0,0.2,1
ip_shuffle,0,-0.036834393803737375,20260623T162022_737733,h11,00:00:00:00:00:0B,0.0,0.001,1.3,0,2026-06-23T16:20:22,0.0,0.0,0.0,1
ip_shuffle,0,-0.06279882183685974,20260623T162022_737733,h16,00:00:00:00:00:10,0.0,0.001,1.3,0,2026-06-23T16:20:22,0.0,0.0,0.03,1
ip_shuffle,0,-0.1048481283549656,20260623T162022_737733,h21,00:00:00:00:00:15,0.0,0.001,1.3,0,2026-06-23T16:20:22,0.0,0.0,0.0,1
ip_shuffle,0,-0.04088228565685505,20260623T162022_737733,h4,00:00:00:00:00:04,0.0,0.001,1.3,0,2026-06-23T16:20:22,0.0,0.0,0.0,1
ip_shuffle,0,-0.05259714400350124,20260623T162022_737733,h22,00:00:00:00:00:16,0.0,0.001,1.3,0,2026-06-23T16:20:22,0.0,0.0,0.0,1
ip_shuffle,1,-0.12331848753066016,20260623T162022_737733,h37,00:00:00:00:00:25,0.0,0.001,1.33,0,2026-06-23T16:20:22,0.0,0.0,0.1,1
ip_shuffle,0,-0.04117287870630913,20260623T162022_737733,h34,00:00:00:00:00:22,0.0,0.001,1.33,0,2026-06-23T16:20:22,0.0,0.0,0.23,1
ip_shuffle,0,-0.037172805928828545,20260623T162022_737733,h7,00:00:00:00:00:07,0.0,0.001,1.33,0,2026-06-23T16:20:22,0.0,0.0,0.0,1
ip_shuffle,0,-0.022455298955378636,20260623T162022_737733,h33,00:00:00:00:00:21,0.0,0.001,1.33,0,2026-06-23T16:20:22,0.0,0.0,0.23,1
ip_shuffle,0,-0.028112259954048827,20260623T162022_737733,h9,00:00:00:00:00:09,0.0,0.001,1.33,0,2026-06-23T16:20:22,0.0,0.0,0.0,1
ip_shuffle,1,-0.12035324771608376,20260623T162022_737733,h35,00:00:00:00:00:23,0.0,0.001,1.3,0,2026-06-23T16:20:22,0.0,0.0,0.2,1
ip_shuffle,0,-0.05146027754874652,20260623T162022_737733,h6,00:00:00:00:00:06,0.0,0.001,1.33,0,2026-06-23T16:20:22,0.0,0.0,0.0,1
ip_shuffle,0,-0.031933964485196656,20260623T162022_737733,h5,00:00:00:00:00:05,0.0,0.001,1.3,0,2026-06-23T16:20:22,0.0,0.0,0.0,1
ip_shuffle,0,-0.010681356059527608,20260623T162022_737733,h28,00:00:00:00:00:1C,0.0,0.001,1.37,0,2026-06-23T16:20:22,0.0,0.0,0.07,1
ip_shuffle,0,-0.011177293817720951,20260623T162022_737733,h3,00:00:00:00:00:03,0.0,0.001,1.3,0,2026-06-23T16:20:22,0.0,0.0,0.0,1
ip_shuffle,0,-0.06285941780916263,20260623T162022_737733,h29,00:00:00:00:00:1D,0.0,0.001,1.37,0,2026-06-23T16:20:22,0.0,0.0,0.03,1
ip_shuffle,0,-0.06288199671755669,20260623T162022_737733,h24,00:00:00:00:00:18,0.0,0.001,1.3,0,2026-06-23T16:20:22,0.0,0.0,0.0,1
ip_shuffle,1,,20260623T162022_737733,h1,00:00:00:00:00:01,0.0,0.002,2.23,0,2026-06-23T16:20:22,0.0,0.0,0.73,0
ip_shuffle,0,-0.0628111484663862,20260623T162022_737733,h26,00:00:00:00:00:1A,0.0,0.001,1.3,0,2026-06-23T16:20:22,0.0,0.0,0.0,1
ip_shuffle,0,-0.07140940125968505,20260623T162022_737733,h32,00:00:00:00:00:20,0.0,0.001,1.33,0,2026-06-23T16:20:22,0.0,0.0,0.2,1
ip_shuffle,0,-0.038990126104360284,20260623T162022_737733,h23,00:00:00:00:00:17,0.0,0.001,1.3,0,2026-06-23T16:20:22,0.0,0.0,0.0,1
ip_shuffle,0,-0.06288199671755669,20260623T162022_737733,h27,00:00:00:00:00:1B,0.0,0.001,1.3,0,2026-06-23T16:20:22,0.0,0.0,0.0,1
ip_shuffle,0,0.0005083509733653235,20260623T162022_737733,h2,00:00:00:00:00:02,0.0,0.001,1.3,1,2026-06-23T16:20:22,0.0,0.0,0.0,1
ip_shuffle,0,-0.05137710266804958,20260623T162022_737733,h8,00:00:00:00:00:08,0.0,0.001,1.3,0,2026-06-23T16:20:22,0.0,0.0,0.0,1
ip_shuffle,0,-0.13315042068612737,20260623T162133_510211,h19,00:00:00:00:00:13,0.0,0.001,1.1,0,2026-06-23T16:21:33,0.0,0.0,0.0,1
ip_shuffle,0,-0.11884327623973825,20260623T162133_510211,h31,00:00:00:00:00:1F,0.0,0.001,1.1,0,2026-06-23T16:21:33,0.0,0.0,0.0,1
ip_shuffle,0,-0.1051307979464099,20260623T162133_510211,h20,00:00:00:00:00:14,0.0,0.001,1.1,0,2026-06-23T16:21:33,0.0,0.0,0.0,1
ip_shuffle,0,-0.06313079794640991,20260623T162133_510211,h25,00:00:00:00:00:19,0.0,0.001,1.1,0,2026-06-23T16:21:33,0.0,0.0,0.0,1
ip_shuffle,1,-0.06383049571863147,20260623T162133_510211,h10,00:00:00:00:00:0A,0.0,0.001,1.1,0,2026-06-23T16:21:33,0.0,0.0,0.0,1
ip_shuffle,0,-0.11944510236062378,20260623T162133_510211,h30,00:00:00:00:00:1E,0.0,0.001,1.1,0,2026-06-23T16:21:33,0.0,0.0,0.0,1
ip_shuffle,0,-0.021886910192315687,20260623T162133_510211,h15,00:00:00:00:00:0F,0.0,0.001,1.1,0,2026-06-23T16:21:33,0.0,0.0,0.0,1
ip_shuffle,0,-0.12802254559700055,20260623T162133_510211,h36,00:00:00:00:00:24,0.0,0.001,1.1,0,2026-06-23T16:21:33,0.0,0.0,0.0,1
ip_shuffle,0,-0.06319375333333328,20260623T162133_510211,h17,00:00:00:00:00:11,0.0,0.001,1.1,0,2026-06-23T16:21:33,0.0,0.0,0.0,1
ip_shuffle,0,-0.03690277471044985,20260623T162133_510211,h39,00:00:00:00:00:27,0.0,0.001,1.1,0,2026-06-23T16:21:33,0.0,0.0,0.0,1
ip_shuffle,1,-0.02977412371902044,20260623T162133_510211,h14,00:00:00:00:00:0E,0.0,0.001,1.1,0,2026-06-23T16:21:33,0.0,0.0,0.0,1
ip_shuffle,0,-0.1109886206154658,20260623T162133_510211,h38,00:00:00:00:00:26,0.0,0.001,1.1,0,2026-06-23T16:21:33,0.0,0.0,0.0,1
ip_shuffle,0,-0.021850118458348944,20260623T162133_510211,h18,00:00:00:00:00:12,0.0,0.001,1.1,0,2026-06-23T16:21:33,0.0,0.0,0.0,1
ip_shuffle,1,-0.034392331029239775,20260623T162133_510211,h13,00:00:00:00:00:0D,0.0,0.001,1.1,0,2026-06-23T16:21:33,0.0,0.0,0.0,1
ip_shuffle,1,-0.02676058807017545,20260623T162133_510211,h12,00:00:00:00:00:0C,0.0,0.001,1.1,0,2026-06-23T16:21:33,0.0,0.0,0.0,1
ip_shuffle,1,-0.03780343599723575,20260623T162133_510211,h11,00:00:00:00:00:0B,0.0,0.001,1.1,0,2026-06-23T16:21:33,0.0,0.0,0.0,1
ip_shuffle,0,-0.06311853403508766,20260623T162133_510211,h16,00:00:00:00:00:10,0.0,0.001,1.1,0,2026-06-23T16:21:33,0.0,0.0,0.0,1
ip_shuffle,0,-0.10515042068612737,20260623T162133_510211,h21,00:00:00:00:00:15,0.0,0.001,1.1,0,2026-06-23T16:21:33,0.0,0.0,0.0,1
ip_shuffle,0,-0.04655300690669664,20260623T162133_510211,h4,00:00:00:00:00:04,0.0,0.001,1.1,0,2026-06-23T16:21:33,0.0,0.0,0.23,1
ip_shuffle,0,-0.06379370398466473,20260623T162133_510211,h22,00:00:00:00:00:16,0.0,0.001,1.1,0,2026-06-23T16:21:33,0.0,0.0,0.0,1
ip_shuffle,0,-0.10742554306437378,20260623T162133_510211,h37,00:00:00:00:00:25,0.0,0.001,1.1,0,2026-06-23T16:21:33,0.0,0.0,0.0,1
ip_shuffle,0,-0.03607060979402055,20260623T162133_510211,h34,00:00:00:00:00:22,0.0,0.001,1.1,0,2026-06-23T16:21:33,0.0,0.0,0.0,1
ip_shuffle,0,-0.03747748570483808,20260623T162133_510211,h7,00:00:00:00:00:07,0.0,0.001,1.1,0,2026-06-23T16:21:33,0.0,0.0,0.2,1
ip_shuffle,0,-0.048708559282021335,20260623T162133_510211,h33,00:00:00:00:00:21,0.0,0.001,1.1,0,2026-06-23T16:21:33,0.0,0.0,0.0,1
ip_shuffle,1,-0.02982677722779234,20260623T162133_510211,h9,00:00:00:00:00:09,0.0,0.001,1.1,0,2026-06-23T16:21:33,0.0,0.0,0.0,1
ip_shuffle,0,-0.10166662494001565,20260623T162133_510211,h35,00:00:00:00:00:23,0.0,0.001,1.1,0,2026-06-23T16:21:33,0.0,0.0,0.0,1
ip_shuffle,0,-0.06526260103908822,20260623T162133_510211,h6,00:00:00:00:00:06,0.0,0.001,1.17,0,2026-06-23T16:21:33,0.0,0.0,0.07,1
ip_shuffle,0,-0.043762894728493804,20260623T162133_510211,h5,00:00:00:00:00:05,0.0,0.001,1.1,0,2026-06-23T16:21:33,0.0,0.0,0.23,1
ip_shuffle,0,-0.02188036927907651,20260623T162133_510211,h28,00:00:00:00:00:1C,0.0,0.001,1.1,0,2026-06-23T16:21:33,0.0,0.0,0.0,1
ip_shuffle,0,-0.021397984753719193,20260623T162133_510211,h3,00:00:00:00:00:03,0.0,0.001,1.1,1,2026-06-23T16:21:33,0.0,0.0,0.23,1
ip_shuffle,0,-0.06314960277097131,20260623T162133_510211,h29,00:00:00:00:00:1D,0.0,0.001,1.1,0,2026-06-23T16:21:33,0.0,0.0,0.0,1
ip_shuffle,0,-0.06315042068612739,20260623T162133_510211,h24,00:00:00:00:00:18,0.0,0.001,1.1,0,2026-06-23T16:21:33,0.0,0.0,0.0,1
ip_shuffle,1,,20260623T162133_510211,h1,00:00:00:00:00:01,0.0,0.002,1.96,0,2026-06-23T16:21:33,0.0,0.0,0.73,0
ip_shuffle,0,-0.06309400621244317,20260623T162133_510211,h26,00:00:00:00:00:1A,0.0,0.001,1.1,0,2026-06-23T16:21:33,0.0,0.0,0.0,1
ip_shuffle,0,-0.05280286201352949,20260623T162133_510211,h32,00:00:00:00:00:20,0.0,0.001,1.1,0,2026-06-23T16:21:33,0.0,0.0,0.0,1
ip_shuffle,0,-0.04279370398466474,20260623T162133_510211,h23,00:00:00:00:00:17,0.0,0.001,1.1,0,2026-06-23T16:21:33,0.0,0.0,0.0,1
ip_shuffle,0,-0.06315042068612739,20260623T162133_510211,h27,00:00:00:00:00:1B,0.0,0.001,1.1,0,2026-06-23T16:21:33,0.0,0.0,0.0,1
ip_shuffle,0,-0.12978211453470573,20260623T162133_510211,h2,00:00:00:00:00:02,0.0,0.001,1.26,0,2026-06-23T16:21:33,0.0,0.0,0.4,1
ip_shuffle,0,-0.05151687392424052,20260623T162133_510211,h8,00:00:00:00:00:08,0.0,0.001,1.1,0,2026-06-23T16:21:33,0.0,0.0,0.0,1
ip_shuffle,0,-0.055241388832878754,20260623T162231_118144,h19,00:00:00:00:00:13,0.0,0.001,1.36,0,2026-06-23T16:22:31,0.0,0.0,0.1,1
ip_shuffle,0,-0.04860661280754226,20260623T162231_118144,h31,00:00:00:00:00:1F,0.0,0.001,1.36,0,2026-06-23T16:22:31,0.0,0.0,0.07,1
ip_shuffle,0,-0.10489763883287875,20260623T162231_118144,h20,00:00:00:00:00:14,0.0,0.001,1.36,0,2026-06-23T16:22:31,0.0,0.0,0.07,1
ip_shuffle,0,-0.0629344305668455,20260623T162231_118144,h25,00:00:00:00:00:19,0.0,0.001,1.36,0,2026-06-23T16:22:31,0.0,0.0,0.07,1
ip_shuffle,0,-0.06314876282806951,20260623T162231_118144,h10,00:00:00:00:00:0A,0.0,0.001,1.33,0,2026-06-23T16:22:31,0.0,0.0,0.0,1
ip_shuffle,0,-0.09541880077366255,20260623T162231_118144,h30,00:00:00:00:00:1E,0.0,0.001,1.3,0,2026-06-23T16:22:31,0.0,0.0,0.23,1
ip_shuffle,0,-0.021185554562036288,20260623T162231_118144,h15,00:00:00:00:00:0F,0.0,0.001,1.3,0,2026-06-23T16:22:31,0.0,0.0,0.03,1
ip_shuffle,1,-0.1145492162695913,20260623T162231_118144,h36,00:00:00:00:00:24,0.0,0.001,1.3,0,2026-06-23T16:22:31,0.0,0.0,0.0,1
ip_shuffle,0,-0.0552848209765109,20260623T162231_118144,h17,00:00:00:00:00:11,0.0,0.001,1.3,0,2026-06-23T16:22:31,0.0,0.0,0.0,1
ip_shuffle,1,-0.03713010068619681,20260623T162231_118144,h39,00:00:00:00:00:27,0.0,0.001,1.3,0,2026-06-23T16:22:31,0.0,0.0,0.0,1
ip_shuffle,0,-0.021148762828069517,20260623T162231_118144,h14,00:00:00:00:00:0E,0.0,0.001,1.3,0,2026-06-23T16:22:31,0.0,0.0,0.0,1
ip_shuffle,1,-0.09574928707134686,20260623T162231_118144,h38,00:00:00:00:00:26,0.0,0.001,1.3,0,2026-06-23T16:22:31,0.0,0.0,0.0,1
ip_shuffle,0,-0.02114212241840413,20260623T162231_118144,h18,00:00:00:00:00:12,0.0,0.001,1.33,0,2026-06-23T16:22:31,0.0,0.0,0.1,1
ip_shuffle,0,-0.026096742592592606,20260623T162231_118144,h13,00:00:00:00:00:0D,0.0,0.001,1.3,0,2026-06-23T16:22:31,0.0,0.0,0.0,1
ip_shuffle,0,-0.026115646913580245,20260623T162231_118144,h12,00:00:00:00:00:0C,0.0,0.001,1.3,0,2026-06-23T16:22:31,0.0,0.0,0.0,1
ip_shuffle,0,-0.02917217863953156,20260623T162231_118144,h11,00:00:00:00:00:0B,0.0,0.001,1.3,0,2026-06-23T16:22:31,0.0,0.0,0.03,1
ip_shuffle,0,-0.06292216665552325,20260623T162231_118144,h16,00:00:00:00:00:10,0.0,0.001,1.3,0,2026-06-23T16:22:31,0.0,0.0,0.0,1
ip_shuffle,0,-0.10495435179584171,20260623T162231_118144,h21,00:00:00:00:00:15,0.0,0.001,1.36,0,2026-06-23T16:22:31,0.0,0.0,0.07,1
ip_shuffle,0,-0.13088452958566218,20260623T162231_118144,h3,00:00:00:00:00:03,0.0,0.001,1.36,0,2026-06-23T16:22:31,0.0,0.0,0.07,1
ip_shuffle,0,-0.06314876282806951,20260623T162231_118144,h22,00:00:00:00:00:16,0.0,0.001,1.3,0,2026-06-23T16:22:31,0.0,0.0,0.23,1
ip_shuffle,1,-0.09036224186123573,20260623T162231_118144,h37,00:00:00:00:00:25,0.0,0.001,1.3,0,2026-06-23T16:22:31,0.0,0.0,0.0,1
ip_shuffle,0,-0.009613338698102686,20260623T162231_118144,h34,00:00:00:00:00:22,0.0,0.001,1.3,0,2026-06-23T16:22:31,0.0,0.0,0.03,1
ip_shuffle,0,-0.0295779913967332,20260623T162231_118144,h7,00:00:00:00:00:07,0.0,0.001,1.27,0,2026-06-23T16:22:31,0.0,0.0,0.0,1
ip_shuffle,0,0.004628146753409029,20260623T162231_118144,h33,00:00:00:00:00:21,0.0,0.001,1.27,1,2026-06-23T16:22:31,0.0,0.0,0.2,1
ip_shuffle,0,-0.06339451900090902,20260623T162231_118144,h9,00:00:00:00:00:09,0.0,0.001,1.3,0,2026-06-23T16:22:31,0.0,0.0,0.0,1
ip_shuffle,1,-0.08171413314278171,20260623T162231_118144,h35,00:00:00:00:00:23,0.0,0.001,1.3,0,2026-06-23T16:22:31,0.0,0.0,0.0,1
ip_shuffle,0,-0.06552642025952317,20260623T162231_118144,h6,00:00:00:00:00:06,0.0,0.001,1.27,0,2026-06-23T16:22:31,0.0,0.0,0.0,1
ip_shuffle,0,-0.06261987272478808,20260623T162231_118144,h5,00:00:00:00:00:05,0.0,0.001,1.27,0,2026-06-23T16:22:31,0.0,0.0,0.0,1
ip_shuffle,0,-0.021198835381367076,20260623T162231_118144,h28,00:00:00:00:00:1C,0.0,0.001,1.3,0,2026-06-23T16:22:31,0.0,0.0,0.23,1
ip_shuffle,0,-0.07475834026509483,20260623T162231_118144,h4,00:00:00:00:00:04,0.0,0.001,1.27,0,2026-06-23T16:22:31,0.0,0.0,0.0,1
ip_shuffle,0,-0.06295333488783315,20260623T162231_118144,h29,00:00:00:00:00:1D,0.0,0.001,1.36,0,2026-06-23T16:22:31,0.0,0.0,0.07,1
ip_shuffle,0,-0.06295435179584172,20260623T162231_118144,h24,00:00:00:00:00:18,0.0,0.001,1.36,0,2026-06-23T16:22:31,0.0,0.0,0.07,1
ip_shuffle,1,,20260623T162231_118144,h1,00:00:00:00:00:01,0.0,0.002,2.73,0,2026-06-23T16:22:31,0.0,0.001,1.27,0
ip_shuffle,0,-0.06289763883287876,20260623T162231_118144,h26,00:00:00:00:00:1A,0.0,0.001,1.36,0,2026-06-23T16:22:31,0.0,0.0,0.07,1
ip_shuffle,0,-0.030367828775304737,20260623T162231_118144,h32,00:00:00:00:00:20,0.0,0.001,1.3,0,2026-06-23T16:22:31,0.0,0.0,0.23,1
ip_shuffle,0,-0.04214876282806952,20260623T162231_118144,h23,00:00:00:00:00:17,0.0,0.001,1.3,0,2026-06-23T16:22:31,0.0,0.0,0.23,1
ip_shuffle,0,-0.055241388832878754,20260623T162231_118144,h27,00:00:00:00:00:1B,0.0,0.001,1.36,0,2026-06-23T16:22:31,0.0,0.0,0.1,1
ip_shuffle,0,-0.11806793996727369,20260623T162231_118144,h2,00:00:00:00:00:02,0.0,0.001,1.27,0,2026-06-23T16:22:31,0.0,0.0,0.0,1
ip_shuffle,0,-0.12152642025952318,20260623T162231_118144,h8,00:00:00:00:00:08,0.0,0.001,1.27,0,2026-06-23T16:22:31,0.0,0.0,0.0,1
ip_shuffle,0,-0.05549517418364337,20260623T162328_867087,h19,00:00:00:00:00:13,0.0,0.001,1.0,0,2026-06-23T16:23:28,0.0,0.0,0.0,1
ip_shuffle,0,-0.04886039815830687,20260623T162328_867087,h31,00:00:00:00:00:1F,0.0,0.001,1.0,0,2026-06-23T16:23:28,0.0,0.0,0.0,1
ip_shuffle,0,-0.1051127986626958,20260623T162328_867087,h20,00:00:00:00:00:14,0.0,0.001,1.0,0,2026-06-23T16:23:28,0.0,0.0,0.0,1
ip_shuffle,0,-0.06310053475137356,20260623T162328_867087,h25,00:00:00:00:00:19,0.0,0.001,1.1,0,2026-06-23T16:23:28,0.0,0.0,0.0,1
ip_shuffle,1,-0.06380338894366236,20260623T162328_867087,h10,00:00:00:00:00:0A,0.0,0.001,1.0,0,2026-06-23T16:23:28,0.0,0.0,0.0,1
ip_shuffle,0,-0.07252479304418609,20260623T162328_867087,h30,00:00:00:00:00:1E,0.0,0.001,1.0,0,2026-06-23T16:23:28,0.0,0.0,0.03,1
ip_shuffle,0,-0.021791125032340097,20260623T162328_867087,h15,00:00:00:00:00:0F,0.0,0.001,1.0,0,2026-06-23T16:23:28,0.0,0.0,0.0,1
ip_shuffle,0,-0.10106551481525833,20260623T162328_867087,h36,00:00:00:00:00:24,0.0,0.001,1.07,0,2026-06-23T16:23:28,0.0,0.0,0.0,1
ip_shuffle,0,-0.05548945531032988,20260623T162328_867087,h17,00:00:00:00:00:11,0.0,0.001,1.0,0,2026-06-23T16:23:28,0.0,0.0,0.0,1
ip_shuffle,0,-0.07886512381363114,20260623T162328_867087,h39,00:00:00:00:00:27,0.0,0.001,1.07,0,2026-06-23T16:23:28,0.0,0.0,0.03,1
ip_shuffle,0,-0.021803388943662363,20260623T162328_867087,h14,00:00:00:00:00:0E,0.0,0.001,1.0,0,2026-06-23T16:23:28,0.0,0.0,0.0,1
ip_shuffle,0,-0.08047497399854336,20260623T162328_867087,h38,00:00:00:00:00:26,0.0,0.001,1.07,0,2026-06-23T16:23:28,0.0,0.0,0.0,1
ip_shuffle,0,-0.02179684390565359,20260623T162328_867087,h18,00:00:00:00:00:12,0.0,0.001,1.0,0,2026-06-23T16:23:28,0.0,0.0,0.0,1
ip_shuffle,0,-0.026751464079842066,20260623T162328_867087,h13,00:00:00:00:00:0D,0.0,0.001,1.0,0,2026-06-23T16:23:28,0.0,0.0,0.0,1
ip_shuffle,1,-0.026770273029173078,20260623T162328_867087,h12,00:00:00:00:00:0C,0.0,0.001,1.0,0,2026-06-23T16:23:28,0.0,0.0,0.0,1
ip_shuffle,1,-0.021803388943662363,20260623T162328_867087,h11,00:00:00:00:00:0B,0.0,0.001,1.0,0,2026-06-23T16:23:28,0.0,0.0,0.0,1
ip_shuffle,0,-0.06313732648534029,20260623T162328_867087,h16,00:00:00:00:00:10,0.0,0.001,1.0,0,2026-06-23T16:23:28,0.0,0.0,0.0,1
ip_shuffle,0,-0.10516922551068877,20260623T162328_867087,h21,00:00:00:00:00:15,0.0,0.001,1.0,0,2026-06-23T16:23:28,0.0,0.0,0.0,1
ip_shuffle,0,-0.12024144698251081,20260623T162328_867087,h3,00:00:00:00:00:03,0.0,0.001,1.07,0,2026-06-23T16:23:28,0.0,0.0,0.23,1
ip_shuffle,0,-0.06379112503234009,20260623T162328_867087,h22,00:00:00:00:00:16,0.0,0.001,1.07,0,2026-06-23T16:23:28,0.0,0.0,0.0,1
ip_shuffle,0,-0.07329150951091701,20260623T162328_867087,h37,00:00:00:00:00:25,0.0,0.001,1.07,0,2026-06-23T16:23:28,0.0,0.0,0.0,1
ip_shuffle,0,-0.023037441739910777,20260623T162328_867087,h34,00:00:00:00:00:22,0.0,0.001,1.07,0,2026-06-23T16:23:28,0.0,0.0,0.0,1
ip_shuffle,1,-0.021847551880333077,20260623T162328_867087,h7,00:00:00:00:00:07,0.0,0.001,1.07,0,2026-06-23T16:23:28,0.0,0.0,0.0,1
ip_shuffle,0,-0.12286304069327732,20260623T162328_867087,h33,00:00:00:00:00:21,0.0,0.001,1.0,0,2026-06-23T16:23:28,0.0,0.0,0.0,1
ip_shuffle,1,-0.06385981579165532,20260623T162328_867087,h9,00:00:00:00:00:09,0.0,0.001,1.0,0,2026-06-23T16:23:28,0.0,0.0,0.0,1
ip_shuffle,0,-0.06181271900881494,20260623T162328_867087,h35,00:00:00:00:00:23,0.0,0.001,1.07,0,2026-06-23T16:23:28,0.0,0.0,0.0,1
ip_shuffle,1,-0.05148661072920416,20260623T162328_867087,h6,00:00:00:00:00:06,0.0,0.001,1.07,0,2026-06-23T16:23:28,0.0,0.0,0.0,1
ip_shuffle,1,-0.014960888310989684,20260623T162328_867087,h5,00:00:00:00:00:05,0.0,0.001,1.03,0,2026-06-23T16:23:28,0.0,0.0,0.13,1
ip_shuffle,0,-0.021853270753646584,20260623T162328_867087,h28,00:00:00:00:00:1C,0.0,0.001,1.0,0,2026-06-23T16:23:28,0.0,0.0,0.0,1
ip_shuffle,0,-0.004653584077605161,20260623T162328_867087,h4,00:00:00:00:00:04,0.0,0.001,1.03,1,2026-06-23T16:23:28,0.0,0.0,0.2,1
ip_shuffle,0,-0.07711934370070454,20260623T162328_867087,h29,00:00:00:00:00:1D,0.0,0.001,1.0,0,2026-06-23T16:23:28,0.0,0.0,0.0,1
ip_shuffle,0,-0.06310053475137356,20260623T162328_867087,h24,00:00:00:00:00:18,0.0,0.001,1.07,0,2026-06-23T16:23:28,0.0,0.0,0.03,1
ip_shuffle,1,,20260623T162328_867087,h1,00:00:00:00:00:01,0.0,0.001,1.46,0,2026-06-23T16:23:28,0.0,0.0,0.33,0
ip_shuffle,0,-0.06310053475137356,20260623T162328_867087,h26,00:00:00:00:00:1A,0.0,0.001,1.07,0,2026-06-23T16:23:28,0.0,0.0,0.0,1
ip_shuffle,0,-0.00845589013107953,20260623T162328_867087,h32,00:00:00:00:00:20,0.0,0.001,1.0,0,2026-06-23T16:23:28,0.0,0.0,0.0,1
ip_shuffle,0,-0.0427911250323401,20260623T162328_867087,h23,00:00:00:00:00:17,0.0,0.001,1.07,0,2026-06-23T16:23:28,0.0,0.0,0.0,1
ip_shuffle,0,-0.055482910272321134,20260623T162328_867087,h27,00:00:00:00:00:1B,0.0,0.001,1.07,0,2026-06-23T16:23:28,0.0,0.0,0.0,1
ip_shuffle,0,-0.10634389082185272,20260623T162328_867087,h2,00:00:00:00:00:02,0.0,0.001,1.07,0,2026-06-23T16:23:28,0.0,0.0,0.23,1
ip_shuffle,1,-0.12148661072920416,20260623T162328_867087,h8,00:00:00:00:00:08,0.0,0.001,1.07,0,2026-06-23T16:23:28,0.0,0.0,0.0,1
ip_shuffle,0,-0.06364328634020458,20260623T162426_811977,h19,00:00:00:00:00:13,0.0,0.001,1.33,0,2026-06-23T16:24:26,0.0,0.0,0.07,1
ip_shuffle,0,-0.05640461559213923,20260623T162426_811977,h31,00:00:00:00:00:1F,0.0,0.001,1.36,0,2026-06-23T16:24:26,0.0,0.0,0.07,1
ip_shuffle,0,-0.10987076655931595,20260623T162426_811977,h20,00:00:00:00:00:14,0.0,0.001,1.33,0,2026-06-23T16:24:26,0.0,0.0,0.07,1
ip_shuffle,0,-0.0678175410391096,20260623T162426_811977,h25,00:00:00:00:00:19,0.0,0.001,1.36,0,2026-06-23T16:24:26,0.0,0.0,0.07,1
ip_shuffle,0,-0.11498881863516447,20260623T162426_811977,h10,00:00:00:00:00:0A,0.0,0.001,1.26,0,2026-06-23T16:24:26,0.0,0.0,0.0,1
ip_shuffle,0,-0.0538372709405108,20260623T162426_811977,h30,00:00:00:00:00:1E,0.0,0.001,1.3,0,2026-06-23T16:24:26,0.0,0.0,0.23,1
ip_shuffle,0,-0.04496220587506129,20260623T162426_811977,h15,00:00:00:00:00:0F,0.0,0.001,1.3,0,2026-06-23T16:24:26,0.0,0.0,0.03,1
ip_shuffle,1,-0.09807216503569341,20260623T162426_811977,h36,00:00:00:00:00:24,0.0,0.001,1.3,0,2026-06-23T16:24:26,0.0,0.0,0.0,1
ip_shuffle,0,-0.05105258265411146,20260623T162426_811977,h17,00:00:00:00:00:11,0.0,0.001,1.26,0,2026-06-23T16:24:26,0.0,0.0,0.0,1
ip_shuffle,0,-0.08338047634661312,20260623T162426_811977,h39,00:00:00:00:00:27,0.0,0.001,1.3,0,2026-06-23T16:24:26,0.0,0.0,0.0,1
ip_shuffle,0,-0.04498881863516446,20260623T162426_811977,h14,00:00:00:00:00:0E,0.0,0.001,1.26,0,2026-06-23T16:24:26,0.0,0.0,0.0,1
ip_shuffle,1,-0.0903980708840473,20260623T162426_811977,h38,00:00:00:00:00:26,0.0,0.001,1.33,0,2026-06-23T16:24:26,0.0,0.0,0.0,1
ip_shuffle,0,-0.04499168679245283,20260623T162426_811977,h18,00:00:00:00:00:12,0.0,0.001,1.26,0,2026-06-23T16:24:26,0.0,0.0,0.2,1
ip_shuffle,0,-0.08697838041240122,20260623T162426_811977,h13,00:00:00:00:00:0D,0.0,0.001,1.26,0,2026-06-23T16:24:26,0.0,0.0,0.0,1
ip_shuffle,0,-0.08698881863516447,20260623T162426_811977,h12,00:00:00:00:00:0C,0.0,0.001,1.26,0,2026-06-23T16:24:26,0.0,0.0,0.0,1
ip_shuffle,0,0.024334533929492724,20260623T162426_811977,h11,00:00:00:00:00:0B,0.0,0.001,1.26,1,2026-06-23T16:24:26,0.0,0.0,0.0,1
ip_shuffle,0,-0.055269624650459606,20260623T162426_811977,h16,00:00:00:00:00:10,0.0,0.001,1.3,0,2026-06-23T16:24:26,0.0,0.0,0.0,1
ip_shuffle,0,-0.10564328634020458,20260623T162426_811977,h21,00:00:00:00:00:15,0.0,0.001,1.33,0,2026-06-23T16:24:26,0.0,0.0,0.1,1
ip_shuffle,0,-0.13048317857532943,20260623T162426_811977,h4,00:00:00:00:00:04,0.0,0.001,1.3,0,2026-06-23T16:24:26,0.0,0.0,0.0,1
ip_shuffle,0,-0.08692228673490651,20260623T162426_811977,h22,00:00:00:00:00:16,0.0,0.001,1.3,0,2026-06-23T16:24:26,0.0,0.0,0.23,1
ip_shuffle,1,-0.06765567539863619,20260623T162426_811977,h37,00:00:00:00:00:25,0.0,0.001,1.3,0,2026-06-23T16:24:26,0.0,0.0,0.0,1
ip_shuffle,1,-0.025458542400593073,20260623T162426_811977,h34,00:00:00:00:00:22,0.0,0.001,1.3,0,2026-06-23T16:24:26,0.0,0.0,0.0,1
ip_shuffle,0,-0.045149059478409415,20260623T162426_811977,h7,00:00:00:00:00:07,0.0,0.001,1.3,0,2026-06-23T16:24:26,0.0,0.0,0.0,1
ip_shuffle,1,-0.1093964719651047,20260623T162426_811977,h33,00:00:00:00:00:21,0.0,0.001,1.3,0,2026-06-23T16:24:26,0.0,0.0,0.1,1
ip_shuffle,0,-0.11512451553108656,20260623T162426_811977,h9,00:00:00:00:00:09,0.0,0.001,1.26,0,2026-06-23T16:24:26,0.0,0.0,0.0,1
ip_shuffle,1,-0.05313005130109967,20260623T162426_811977,h35,00:00:00:00:00:23,0.0,0.001,1.3,0,2026-06-23T16:24:26,0.0,0.0,0.0,1
ip_shuffle,0,-0.055395917730008626,20260623T162426_811977,h6,00:00:00:00:00:06,0.0,0.001,1.3,0,2026-06-23T16:24:26,0.0,0.0,0.0,1
ip_shuffle,0,-0.038016839770756775,20260623T162426_811977,h5,00:00:00:00:00:05,0.0,0.001,1.3,0,2026-06-23T16:24:26,0.0,0.0,0.0,1
ip_shuffle,0,-0.044969775940536194,20260623T162426_811977,h28,00:00:00:00:00:1C,0.0,0.001,1.3,0,2026-06-23T16:24:26,0.0,0.0,0.23,1
ip_shuffle,0,-0.11485734357852406,20260623T162426_811977,h3,00:00:00:00:00:03,0.0,0.001,1.3,0,2026-06-23T16:24:26,0.0,0.0,0.0,1
ip_shuffle,0,-0.06782797926187284,20260623T162426_811977,h29,00:00:00:00:00:1D,0.0,0.001,1.36,0,2026-06-23T16:24:26,0.0,0.0,0.07,1
ip_shuffle,0,-0.06785746017926438,20260623T162426_811977,h24,00:00:00:00:00:18,0.0,0.001,1.36,0,2026-06-23T16:24:26,0.0,0.0,0.07,1
ip_shuffle,1,,20260623T162426_811977,h1,00:00:00:00:00:01,0.0,0.002,2.66,0,2026-06-23T16:24:26,0.0,0.001,1.26,0
ip_shuffle,0,-0.0678175410391096,20260623T162426_811977,h26,00:00:00:00:00:1A,0.0,0.001,1.36,0,2026-06-23T16:24:26,0.0,0.0,0.07,1
ip_shuffle,0,-0.0020327771586129417,20260623T162426_811977,h32,00:00:00:00:00:20,0.0,0.001,1.26,0,2026-06-23T16:24:26,0.0,0.0,0.2,1
ip_shuffle,0,-0.06592228673490654,20260623T162426_811977,h23,00:00:00:00:00:17,0.0,0.001,1.3,0,2026-06-23T16:24:26,0.0,0.0,0.23,1
ip_shuffle,0,-0.06359006081999823,20260623T162426_811977,h27,00:00:00:00:00:1B,0.0,0.001,1.36,0,2026-06-23T16:24:26,0.0,0.0,0.07,1
ip_shuffle,0,-0.10590344587839812,20260623T162426_811977,h2,00:00:00:00:00:02,0.0,0.001,1.3,0,2026-06-23T16:24:26,0.0,0.0,0.0,1
ip_shuffle,0,-0.12539591773000863,20260623T162426_811977,h8,00:00:00:00:00:08,0.0,0.001,1.3,0,2026-06-23T16:24:26,0.0,0.0,0.0,1
ip_shuffle,0,-0.06377786146572102,20260623T162524_763359,h19,00:00:00:00:00:13,0.0,0.001,1.0,0,2026-06-23T16:25:24,0.0,0.0,0.0,1
ip_shuffle,0,-0.05640123357403824,20260623T162524_763359,h31,00:00:00:00:00:1F,0.0,0.001,1.03,0,2026-06-23T16:25:24,0.0,0.0,0.0,1
ip_shuffle,0,-0.13800020189125292,20260623T162524_763359,h20,00:00:00:00:00:14,0.0,0.001,1.0,0,2026-06-23T16:25:24,0.0,0.0,0.0,1
ip_shuffle,0,-0.13796029124006015,20260623T162524_763359,h25,00:00:00:00:00:19,0.0,0.001,1.03,0,2026-06-23T16:25:24,0.0,0.0,0.0,1
ip_shuffle,1,-0.11523339488072211,20260623T162524_763359,h10,00:00:00:00:00:0A,0.0,0.001,1.0,0,2026-06-23T16:25:24,0.0,0.0,0.0,1
ip_shuffle,0,-0.031937996516942485,20260623T162524_763359,h30,00:00:00:00:00:1E,0.0,0.001,1.03,0,2026-06-23T16:25:24,0.0,0.0,0.0,1
ip_shuffle,0,-0.04520678777992693,20260623T162524_763359,h15,00:00:00:00:00:0F,0.0,0.001,1.0,0,2026-06-23T16:25:24,0.0,0.0,0.0,1
ip_shuffle,0,-0.087136585808439,20260623T162524_763359,h36,00:00:00:00:00:24,0.0,0.001,1.03,0,2026-06-23T16:25:24,0.0,0.0,0.0,1
ip_shuffle,0,-0.05119270278959814,20260623T162524_763359,h17,00:00:00:00:00:11,0.0,0.001,1.0,0,2026-06-23T16:25:24,0.0,0.0,0.0,1
ip_shuffle,0,-0.0831658260047281,20260623T162524_763359,h39,00:00:00:00:00:27,0.0,0.001,1.03,0,2026-06-23T16:25:24,0.0,0.0,0.0,1
ip_shuffle,0,-0.0452733055319149,20260623T162524_763359,h14,00:00:00:00:00:0E,0.0,0.001,1.0,0,2026-06-23T16:25:24,0.0,0.0,0.0,1
ip_shuffle,0,-0.09128231913862025,20260623T162524_763359,h38,00:00:00:00:00:26,0.0,0.001,1.03,0,2026-06-23T16:25:24,0.0,0.0,0.0,1
ip_shuffle,0,-0.045236272899204816,20260623T162524_763359,h18,00:00:00:00:00:12,0.0,0.001,1.0,0,2026-06-23T16:25:24,0.0,0.0,0.0,1
ip_shuffle,0,-0.08722296934880722,20260623T162524_763359,h13,00:00:00:00:00:0D,0.0,0.001,1.0,0,2026-06-23T16:25:24,0.0,0.0,0.0,1
ip_shuffle,0,-0.08723339488072211,20260623T162524_763359,h12,00:00:00:00:00:0C,0.0,0.001,1.0,0,2026-06-23T16:25:24,0.0,0.0,0.0,1
ip_shuffle,1,-0.1304168817184612,20260623T162524_763359,h11,00:00:00:00:00:0B,0.0,0.001,1.0,0,2026-06-23T16:25:24,0.0,0.0,0.0,1
ip_shuffle,0,-0.05541504321513005,20260623T162524_763359,h16,00:00:00:00:00:10,0.0,0.001,1.0,0,2026-06-23T16:25:24,0.0,0.0,0.0,1
ip_shuffle,0,-0.13377786146572102,20260623T162524_763359,h21,00:00:00:00:00:15,0.0,0.001,1.0,0,2026-06-23T16:25:24,0.0,0.0,0.0,1
ip_shuffle,1,-0.11945089404627837,20260623T162524_763359,h4,00:00:00:00:00:04,0.0,0.001,0.96,0,2026-06-23T16:25:24,0.0,0.0,0.2,1
ip_shuffle,0,-0.11521145727487642,20260623T162524_763359,h22,00:00:00:00:00:16,0.0,0.001,1.03,0,2026-06-23T16:25:24,0.0,0.0,0.0,1
ip_shuffle,0,-0.08079030051665594,20260623T162524_763359,h37,00:00:00:00:00:25,0.0,0.001,1.03,0,2026-06-23T16:25:24,0.0,0.0,0.0,1
ip_shuffle,0,-0.01366234075965328,20260623T162524_763359,h34,00:00:00:00:00:22,0.0,0.001,1.03,0,2026-06-23T16:25:24,0.0,0.0,0.0,1
ip_shuffle,1,-0.0452380643756716,20260623T162524_763359,h7,00:00:00:00:00:07,0.0,0.001,1.0,0,2026-06-23T16:25:24,0.0,0.0,0.0,1
ip_shuffle,0,-0.09332639592950784,20260623T162524_763359,h33,00:00:00:00:00:21,0.0,0.001,1.03,0,2026-06-23T16:25:24,0.0,0.0,0.0,1
ip_shuffle,1,-0.11523339488072211,20260623T162524_763359,h9,00:00:00:00:00:09,0.0,0.001,1.0,0,2026-06-23T16:25:24,0.0,0.0,0.0,1
ip_shuffle,0,-0.06337583085837094,20260623T162524_763359,h35,00:00:00:00:00:23,0.0,0.001,1.03,0,2026-06-23T16:25:24,0.0,0.0,0.0,1
ip_shuffle,1,-0.055375132563937265,20260623T162524_763359,h6,00:00:00:00:00:06,0.0,0.001,1.0,0,2026-06-23T16:25:24,0.0,0.0,0.0,1
ip_shuffle,1,-0.03799159396948204,20260623T162524_763359,h5,00:00:00:00:00:05,0.0,0.001,1.0,0,2026-06-23T16:25:24,0.0,0.0,0.03,1
ip_shuffle,0,-0.08719636224801203,20260623T162524_763359,h28,00:00:00:00:00:1C,0.0,0.001,1.03,0,2026-06-23T16:25:24,0.0,0.0,0.0,1
ip_shuffle,0,-0.10591741176072784,20260623T162524_763359,h3,00:00:00:00:00:03,0.0,0.001,1.0,0,2026-06-23T16:25:24,0.0,0.0,0.23,1
ip_shuffle,0,-0.0678891039931227,20260623T162524_763359,h29,00:00:00:00:00:1D,0.0,0.001,1.03,0,2026-06-23T16:25:24,0.0,0.0,0.0,1
ip_shuffle,0,-0.13800020189125292,20260623T162524_763359,h24,00:00:00:00:00:18,0.0,0.001,1.03,0,2026-06-23T16:25:24,0.0,0.0,0.0,1
ip_shuffle,1,,20260623T162524_763359,h1,00:00:00:00:00:01,0.0,0.001,1.36,0,2026-06-23T16:25:24,0.0,0.0,0.3,0
ip_shuffle,0,-0.10996029124006015,20260623T162524_763359,h26,00:00:00:00:00:1A,0.0,0.001,1.03,0,2026-06-23T16:25:24,0.0,0.0,0.0,1
ip_shuffle,0,0.007139436599183313,20260623T162524_763359,h32,00:00:00:00:00:20,0.0,0.001,1.03,1,2026-06-23T16:25:24,0.0,0.0,0.0,1
ip_shuffle,0,-0.11518018067913174,20260623T162524_763359,h23,00:00:00:00:00:17,0.0,0.001,1.03,0,2026-06-23T16:25:24,0.0,0.0,0.0,1
ip_shuffle,0,-0.10573795081452825,20260623T162524_763359,h27,00:00:00:00:00:1B,0.0,0.001,1.03,0,2026-06-23T16:25:24,0.0,0.0,0.0,1
ip_shuffle,0,-0.09693663046923132,20260623T162524_763359,h2,00:00:00:00:00:02,0.0,0.001,1.0,0,2026-06-23T16:25:24,0.0,0.0,0.23,1
ip_shuffle,1,-0.12537513256393729,20260623T162524_763359,h8,00:00:00:00:00:08,0.0,0.001,1.0,0,2026-06-23T16:25:24,0.0,0.0,0.0,1
route_mutation,0,-0.06359935911249226,20260623T162622_671606,h19,00:00:00:00:00:13,0.0,0.001,1.3,0,2026-06-23T16:26:22,0.0,0.0,0.07,1
route_mutation,1,-0.05642416792969655,20260623T162622_671606,h31,00:00:00:00:00:1F,0.0,0.001,1.3,0,2026-06-23T16:26:22,0.0,0.0,0.07,1
route_mutation,0,-0.13781299051263785,20260623T162622_671606,h20,00:00:00:00:00:14,0.0,0.001,1.3,0,2026-06-23T16:26:22,0.0,0.0,0.07,1
route_mutation,0,-0.1098263025556486,20260623T162622_671606,h25,00:00:00:00:00:19,0.0,0.001,1.3,0,2026-06-23T16:26:22,0.0,0.0,0.07,1
route_mutation,0,-0.11502054502863644,20260623T162622_671606,h10,00:00:00:00:00:0A,0.0,0.001,1.23,0,2026-06-23T16:26:22,0.0,0.0,0.0,1
route_mutation,0,-0.010054053514734818,20260623T162622_671606,h30,00:00:00:00:00:1E,0.0,0.001,1.23,0,2026-06-23T16:26:22,0.0,0.0,0.23,1
route_mutation,0,-0.045007232985625686,20260623T162622_671606,h15,00:00:00:00:00:0F,0.0,0.001,1.26,0,2026-06-23T16:26:22,0.0,0.0,0.03,1
route_mutation,1,-0.104429428113509,20260623T162622_671606,h36,00:00:00:00:00:24,0.0,0.001,1.2,0,2026-06-23T16:26:22,0.0,0.0,0.0,1
route_mutation,0,-0.05102988249547952,20260623T162622_671606,h17,00:00:00:00:00:11,0.0,0.001,1.26,0,2026-06-23T16:26:22,0.0,0.0,0.03,1
route_mutation,0,-0.08337267942652325,20260623T162622_671606,h39,00:00:00:00:00:27,0.0,0.001,1.2,0,2026-06-23T16:26:22,0.0,0.0,0.0,1
route_mutation,0,-0.045091693242114206,20260623T162622_671606,h14,00:00:00:00:00:0E,0.0,0.001,1.23,0,2026-06-23T16:26:22,0.0,0.0,0.0,1
route_mutation,0,-0.08328341461065145,20260623T162622_671606,h38,00:00:00:00:00:26,0.0,0.001,1.2,0,2026-06-23T16:26:22,0.0,0.0,0.0,1
route_mutation,0,-0.04506338917253093,20260623T162622_671606,h18,00:00:00:00:00:12,0.0,0.001,1.23,0,2026-06-23T16:26:22,0.0,0.0,0.23,1
route_mutation,0,-0.08701014100048793,20260623T162622_671606,h13,00:00:00:00:00:0D,0.0,0.001,1.23,0,2026-06-23T16:26:22,0.0,0.0,0.0,1
route_mutation,0,-0.08705175711308197,20260623T162622_671606,h12,00:00:00:00:00:0C,0.0,0.001,1.23,0,2026-06-23T16:26:22,0.0,0.0,0.0,1
route_mutation,0,-0.11931434190681003,20260623T162622_671606,h11,00:00:00:00:00:0B,0.0,0.001,1.23,0,2026-06-23T16:26:22,0.0,0.0,0.0,1
route_mutation,0,-0.05523310986747662,20260623T162622_671606,h16,00:00:00:00:00:10,0.0,0.001,1.23,0,2026-06-23T16:26:22,0.0,0.0,0.0,1
route_mutation,0,-0.13359935911249227,20260623T162622_671606,h21,00:00:00:00:00:15,0.0,0.001,1.3,0,2026-06-23T16:26:22,0.0,0.0,0.07,1
route_mutation,0,-0.10838807368214728,20260623T162622_671606,h4,00:00:00:00:00:04,0.0,0.001,1.2,0,2026-06-23T16:26:22,0.0,0.0,0.0,1
route_mutation,0,-0.11505175711308196,20260623T162622_671606,h22,00:00:00:00:00:16,0.0,0.001,1.23,0,2026-06-23T16:26:22,0.0,0.0,0.23,1
route_mutation,0,-0.07114975492861143,20260623T162622_671606,h37,00:00:00:00:00:25,0.0,0.001,1.2,0,2026-06-23T16:26:22,0.0,0.0,0.0,1
route_mutation,1,-0.0023175968218452636,20260623T162622_671606,h34,00:00:00:00:00:22,0.0,0.001,1.2,0,2026-06-23T16:26:22,0.0,0.0,0.0,1
route_mutation,0,-0.04506506915609272,20260623T162622_671606,h7,00:00:00:00:00:07,0.0,0.001,1.2,0,2026-06-23T16:26:22,0.0,0.0,0.0,1
route_mutation,1,-0.07735513180028857,20260623T162622_671606,h33,00:00:00:00:00:21,0.0,0.001,1.23,0,2026-06-23T16:26:22,0.0,0.0,0.03,1
route_mutation,0,-0.11505175711308196,20260623T162622_671606,h9,00:00:00:00:00:09,0.0,0.001,1.23,0,2026-06-23T16:26:22,0.0,0.0,0.0,1
route_mutation,1,-0.05052504543779232,20260623T162622_671606,h35,00:00:00:00:00:23,0.0,0.001,1.2,0,2026-06-23T16:26:22,0.0,0.0,0.0,1
route_mutation,0,-0.05523310986747662,20260623T162622_671606,h6,00:00:00:00:00:06,0.0,0.001,1.2,0,2026-06-23T16:26:22,0.0,0.0,0.0,1
route_mutation,0,-0.03784535384584073,20260623T162622_671606,h5,00:00:00:00:00:05,0.0,0.001,1.2,0,2026-06-23T16:26:22,0.0,0.0,0.0,1
route_mutation,0,-0.08703676508650943,20260623T162622_671606,h28,00:00:00:00:00:1C,0.0,0.001,1.23,0,2026-06-23T16:26:22,0.0,0.0,0.23,1
route_mutation,0,-0.09705198968062004,20260623T162622_671606,h3,00:00:00:00:00:03,0.0,0.001,1.2,0,2026-06-23T16:26:22,0.0,0.0,0.0,1
route_mutation,0,-0.0678263025556486,20260623T162622_671606,h29,00:00:00:00:00:1D,0.0,0.001,1.3,0,2026-06-23T16:26:22,0.0,0.0,0.07,1
route_mutation,0,-0.13786623868468087,20260623T162622_671606,h24,00:00:00:00:00:18,0.0,0.001,1.3,0,2026-06-23T16:26:22,0.0,0.0,0.07,1
route_mutation,1,,20260623T162622_671606,h1,00:00:00:00:00:01,0.0,0.002,2.73,0,2026-06-23T16:26:22,0.0,0.001,1.2,0
route_mutation,0,-0.10986623868468084,20260623T162622_671606,h26,00:00:00:00:00:1A,0.0,0.001,1.3,0,2026-06-23T16:26:22,0.0,0.0,0.07,1
route_mutation,1,-0.12002703793472196,20260623T162622_671606,h32,00:00:00:00:00:20,0.0,0.001,1.2,0,2026-06-23T16:26:22,0.0,0.0,0.2,1
route_mutation,0,-0.11502054502863644,20260623T162622_671606,h23,00:00:00:00:00:17,0.0,0.001,1.23,0,2026-06-23T16:26:22,0.0,0.0,0.23,1
route_mutation,0,-0.10565260728453527,20260623T162622_671606,h27,00:00:00:00:00:1B,0.0,0.001,1.3,0,2026-06-23T16:26:22,0.0,0.0,0.07,1
route_mutation,0,-0.0937293321015413,20260623T162622_671606,h2,00:00:00:00:00:02,0.0,0.001,1.2,0,2026-06-23T16:26:22,0.0,0.0,0.0,1
route_mutation,0,-0.1252331098674766,20260623T162622_671606,h8,00:00:00:00:00:08,0.0,0.001,1.2,0,2026-06-23T16:26:22,0.0,0.0,0.0,1
ip_shuffle,0,-0.12758366841920746,20260623T162653_017458,h19,00:00:00:00:00:13,0.0,0.001,1.23,0,2026-06-23T16:26:53,0.0,0.0,0.0,1
ip_shuffle,0,-0.05765882745154395,20260623T162653_017458,h31,00:00:00:00:00:1F,0.0,0.001,1.23,0,2026-06-23T16:26:53,0.0,0.0,0.0,1
ip_shuffle,0,-0.1318090912200348,20260623T162653_017458,h20,00:00:00:00:00:14,0.0,0.001,1.23,0,2026-06-23T16:26:53,0.0,0.0,0.0,1
ip_shuffle,0,-0.10382412302650211,20260623T162653_017458,h25,00:00:00:00:00:19,0.0,0.001,1.23,0,2026-06-23T16:26:53,0.0,0.0,0.0,1
ip_shuffle,0,-0.1092365710656636,20260623T162653_017458,h10,00:00:00:00:00:0A,0.0,0.001,1.23,0,2026-06-23T16:26:53,0.0,0.0,0.0,1
ip_shuffle,0,-0.014184614649555227,20260623T162653_017458,h30,00:00:00:00:00:1E,0.0,0.001,1.23,0,2026-06-23T16:26:53,0.0,0.0,0.0,1
ip_shuffle,0,-0.04506945859593624,20260623T162653_017458,h15,00:00:00:00:00:0F,0.0,0.001,1.23,0,2026-06-23T16:26:53,0.0,0.0,0.0,1
ip_shuffle,0,-0.09866228170954118,20260623T162653_017458,h36,00:00:00:00:00:24,0.0,0.001,1.23,0,2026-06-23T16:26:53,0.0,0.0,0.23,1
ip_shuffle,0,-0.04338904445032825,20260623T162653_017458,h17,00:00:00:00:00:11,0.0,0.001,1.23,0,2026-06-23T16:26:53,0.0,0.0,0.0,1
ip_shuffle,0,-0.08445483761439415,20260623T162653_017458,h39,00:00:00:00:00:27,0.0,0.001,1.3,0,2026-06-23T16:26:53,0.0,0.0,0.07,1
ip_shuffle,0,-0.039073003630703665,20260623T162653_017458,h14,00:00:00:00:00:0E,0.0,0.001,1.23,0,2026-06-23T16:26:53,0.0,0.0,0.0,1
ip_shuffle,0,-0.06266450688551861,20260623T162653_017458,h38,00:00:00:00:00:26,0.0,0.001,1.23,0,2026-06-23T16:26:53,0.0,0.0,0.23,1
ip_shuffle,0,-0.03904630286629858,20260623T162653_017458,h18,00:00:00:00:00:12,0.0,0.001,1.23,0,2026-06-23T16:26:53,0.0,0.0,0.0,1
ip_shuffle,0,-0.08111844364723507,20260623T162653_017458,h13,00:00:00:00:00:0D,0.0,0.001,1.23,0,2026-06-23T16:26:53,0.0,0.0,0.0,1
ip_shuffle,0,-0.08119147564626171,20260623T162653_017458,h12,00:00:00:00:00:0C,0.0,0.001,1.23,0,2026-06-23T16:26:53,0.0,0.0,0.0,1
ip_shuffle,0,-0.10575399599999999,20260623T162653_017458,h11,00:00:00:00:00:0B,0.0,0.001,1.23,0,2026-06-23T16:26:53,0.0,0.0,0.0,1
ip_shuffle,0,-0.04760403410843751,20260623T162653_017458,h16,00:00:00:00:00:10,0.0,0.001,1.23,0,2026-06-23T16:26:53,0.0,0.0,0.0,1
ip_shuffle,0,-0.12758366841920746,20260623T162653_017458,h21,00:00:00:00:00:15,0.0,0.001,1.23,0,2026-06-23T16:26:53,0.0,0.0,0.0,1
ip_shuffle,0,-0.09409414113545761,20260623T162653_017458,h4,00:00:00:00:00:04,0.0,0.001,1.33,0,2026-06-23T16:26:53,0.0,0.0,0.0,1
ip_shuffle,0,-0.10902790821130176,20260623T162653_017458,h22,00:00:00:00:00:16,0.0,0.001,1.23,0,2026-06-23T16:26:53,0.0,0.0,0.0,1
ip_shuffle,0,-0.056897843396807826,20260623T162653_017458,h37,00:00:00:00:00:25,0.0,0.001,1.23,0,2026-06-23T16:26:53,0.0,0.0,0.23,1
ip_shuffle,0,0.014704597098531252,20260623T162653_017458,h34,00:00:00:00:00:22,0.0,0.001,1.23,1,2026-06-23T16:26:53,0.0,0.0,0.23,1
ip_shuffle,0,-0.04522046585486826,20260623T162653_017458,h7,00:00:00:00:00:07,0.0,0.001,1.33,0,2026-06-23T16:26:53,0.0,0.0,0.0,1
ip_shuffle,0,-0.06163234932895861,20260623T162653_017458,h33,00:00:00:00:00:21,0.0,0.001,1.23,0,2026-06-23T16:26:53,0.0,0.0,0.2,1
ip_shuffle,0,-0.10926787049381789,20260623T162653_017458,h9,00:00:00:00:00:09,0.0,0.001,1.23,0,2026-06-23T16:26:53,0.0,0.0,0.0,1
ip_shuffle,0,-0.03291023245913054,20260623T162653_017458,h35,00:00:00:00:00:23,0.0,0.001,1.23,0,2026-06-23T16:26:53,0.0,0.0,0.23,1
ip_shuffle,0,-0.05371985230731821,20260623T162653_017458,h6,00:00:00:00:00:06,0.0,0.001,1.33,0,2026-06-23T16:26:53,0.0,0.0,0.0,1
ip_shuffle,0,-0.039161412033327125,20260623T162653_017458,h5,00:00:00:00:00:05,0.0,0.001,1.33,0,2026-06-23T16:26:53,0.0,0.0,0.0,1
ip_shuffle,0,-0.08101623925336399,20260623T162653_017458,h28,00:00:00:00:00:1C,0.0,0.001,1.23,0,2026-06-23T16:26:53,0.0,0.0,0.0,1
ip_shuffle,0,-0.08418401683416993,20260623T162653_017458,h3,00:00:00:00:00:03,0.0,0.001,1.33,0,2026-06-23T16:26:53,0.0,0.0,0.0,1
ip_shuffle,0,-0.061824123026502115,20260623T162653_017458,h29,00:00:00:00:00:1D,0.0,0.001,1.23,0,2026-06-23T16:26:53,0.0,0.0,0.0,1
ip_shuffle,0,-0.13186921844590402,20260623T162653_017458,h24,00:00:00:00:00:18,0.0,0.001,1.23,0,2026-06-23T16:26:53,0.0,0.0,0.0,1
ip_shuffle,0,,20260623T162653_017458,h1,00:00:00:00:00:01,0.0,0.001,1.76,0,2026-06-23T16:26:53,0.0,0.0,0.53,0
ip_shuffle,0,-0.10390051787405828,20260623T162653_017458,h26,00:00:00:00:00:1A,0.0,0.001,1.23,0,2026-06-23T16:26:53,0.0,0.0,0.0,1
ip_shuffle,0,-0.09711829322783878,20260623T162653_017458,h32,00:00:00:00:00:20,0.0,0.001,1.26,0,2026-06-23T16:26:53,0.0,0.0,0.03,1
ip_shuffle,0,-0.10899660878314749,20260623T162653_017458,h23,00:00:00:00:00:17,0.0,0.001,1.23,0,2026-06-23T16:26:53,0.0,0.0,0.0,1
ip_shuffle,0,-0.09964379564507665,20260623T162653_017458,h27,00:00:00:00:00:1B,0.0,0.001,1.23,0,2026-06-23T16:26:53,0.0,0.0,0.0,1
ip_shuffle,0,-0.0916069764272541,20260623T162653_017458,h2,00:00:00:00:00:02,0.0,0.001,1.33,0,2026-06-23T16:26:53,0.0,0.0,0.0,1
ip_shuffle,0,-0.1237198523073182,20260623T162653_017458,h8,00:00:00:00:00:08,0.0,0.001,1.33,0,2026-06-23T16:26:53,0.0,0.0,0.0,1
ip_shuffle,1,-0.057756675281885855,20260623T162750_760794,h19,00:00:00:00:00:13,0.0,0.001,1.36,0,2026-06-23T16:27:50,0.0,0.0,0.0,1
ip_shuffle,0,-0.0620928874576271,20260623T162750_760794,h31,00:00:00:00:00:1F,0.0,0.001,1.36,0,2026-06-23T16:27:50,0.0,0.0,0.0,1
ip_shuffle,1,-0.13195815288135587,20260623T162750_760794,h20,00:00:00:00:00:14,0.0,0.001,1.36,0,2026-06-23T16:27:50,0.0,0.0,0.0,1
ip_shuffle,0,-0.10397312338983045,20260623T162750_760794,h25,00:00:00:00:00:19,0.0,0.001,1.36,0,2026-06-23T16:27:50,0.0,0.0,0.0,1
ip_shuffle,0,-0.10900650102875736,20260623T162750_760794,h10,00:00:00:00:00:0A,0.0,0.001,1.36,0,2026-06-23T16:27:50,0.0,0.0,0.23,1
ip_shuffle,0,0.003826999788868163,20260623T162750_760794,h30,00:00:00:00:00:1E,0.0,0.001,1.36,1,2026-06-23T16:27:50,0.0,0.0,0.0,1
ip_shuffle,1,-0.04513072142735769,20260623T162750_760794,h15,00:00:00:00:00:0F,0.0,0.001,1.33,0,2026-06-23T16:27:50,0.0,0.0,0.2,1
ip_shuffle,0,-0.0926536953435682,20260623T162750_760794,h36,00:00:00:00:00:24,0.0,0.001,1.36,0,2026-06-23T16:27:50,0.0,0.0,0.0,1
ip_shuffle,1,-0.043483935581124095,20260623T162750_760794,h17,00:00:00:00:00:11,0.0,0.001,1.4,0,2026-06-23T16:27:50,0.0,0.0,0.03,1
ip_shuffle,0,-0.08439465976361102,20260623T162750_760794,h39,00:00:00:00:00:27,0.0,0.001,1.36,0,2026-06-23T16:27:50,0.0,0.0,0.0,1
ip_shuffle,1,-0.03908263600362885,20260623T162750_760794,h14,00:00:00:00:00:0E,0.0,0.001,1.36,0,2026-06-23T16:27:50,0.0,0.0,0.23,1
ip_shuffle,0,-0.07023084753250865,20260623T162750_760794,h38,00:00:00:00:00:26,0.0,0.001,1.36,0,2026-06-23T16:27:50,0.0,0.0,0.0,1
ip_shuffle,1,-0.03929535502527247,20260623T162750_760794,h18,00:00:00:00:00:12,0.0,0.001,1.36,0,2026-06-23T16:27:50,0.0,0.0,0.0,1
ip_shuffle,0,-0.08108263600362883,20260623T162750_760794,h13,00:00:00:00:00:0D,0.0,0.001,1.36,0,2026-06-23T16:27:50,0.0,0.0,0.23,1
ip_shuffle,0,-0.08108263600362883,20260623T162750_760794,h12,00:00:00:00:00:0C,0.0,0.001,1.36,0,2026-06-23T16:27:50,0.0,0.0,0.23,1
ip_shuffle,0,-0.09383929599999999,20260623T162750_760794,h11,00:00:00:00:00:0B,0.0,0.001,1.5,0,2026-06-23T16:27:50,0.0,0.0,0.17,1
ip_shuffle,1,-0.04763337409818125,20260623T162750_760794,h16,00:00:00:00:00:10,0.0,0.001,1.43,0,2026-06-23T16:27:50,0.0,0.0,0.07,1
ip_shuffle,1,-0.12771176375646207,20260623T162750_760794,h21,00:00:00:00:00:15,0.0,0.001,1.36,0,2026-06-23T16:27:50,0.0,0.0,0.0,1
ip_shuffle,0,-0.08208811426512871,20260623T162750_760794,h4,00:00:00:00:00:04,0.0,0.001,1.53,0,2026-06-23T16:27:50,0.0,0.0,0.1,1
ip_shuffle,1,-0.10932201578272824,20260623T162750_760794,h22,00:00:00:00:00:16,0.0,0.001,1.36,0,2026-06-23T16:27:50,0.0,0.0,0.0,1
ip_shuffle,0,-0.0638056420829937,20260623T162750_760794,h37,00:00:00:00:00:25,0.0,0.001,1.36,0,2026-06-23T16:27:50,0.0,0.0,0.0,1
ip_shuffle,0,-0.13038098670875178,20260623T162750_760794,h34,00:00:00:00:00:22,0.0,0.001,1.36,0,2026-06-23T16:27:50,0.0,0.0,0.0,1
ip_shuffle,0,-0.04475645871549329,20260623T162750_760794,h7,00:00:00:00:00:07,0.0,0.001,1.43,0,2026-06-23T16:27:50,0.0,0.0,0.2,1
ip_shuffle,0,-0.04579659079329326,20260623T162750_760794,h33,00:00:00:00:00:21,0.0,0.001,1.36,0,2026-06-23T16:27:50,0.0,0.0,0.0,1
ip_shuffle,0,-0.10908263600362884,20260623T162750_760794,h9,00:00:00:00:00:09,0.0,0.001,1.36,0,2026-06-23T16:27:50,0.0,0.0,0.23,1
ip_shuffle,0,-0.04053475564855587,20260623T162750_760794,h35,00:00:00:00:00:23,0.0,0.001,1.36,0,2026-06-23T16:27:50,0.0,0.0,0.0,1
ip_shuffle,0,-0.05332088488602156,20260623T162750_760794,h6,00:00:00:00:00:06,0.0,0.001,1.43,0,2026-06-23T16:27:50,0.0,0.0,0.0,1
ip_shuffle,0,-0.03867714984231667,20260623T162750_760794,h5,00:00:00:00:00:05,0.0,0.001,1.46,0,2026-06-23T16:27:50,0.0,0.0,0.03,1
ip_shuffle,0,-0.08135195679967738,20260623T162750_760794,h28,00:00:00:00:00:1C,0.0,0.001,1.36,0,2026-06-23T16:27:50,0.0,0.0,0.0,1
ip_shuffle,0,-0.07447870668757589,20260623T162750_760794,h3,00:00:00:00:00:03,0.0,0.001,1.43,0,2026-06-23T16:27:50,0.0,0.0,0.0,1
ip_shuffle,0,-0.062033005423728804,20260623T162750_760794,h29,00:00:00:00:00:1D,0.0,0.001,1.36,0,2026-06-23T16:27:50,0.0,0.0,0.0,1
ip_shuffle,0,-0.1319868114658065,20260623T162750_760794,h24,00:00:00:00:00:18,0.0,0.001,1.36,0,2026-06-23T16:27:50,0.0,0.0,0.0,1
ip_shuffle,1,,20260623T162750_760794,h1,00:00:00:00:00:01,0.0,0.002,2.86,0,2026-06-23T16:27:50,0.0,0.001,1.1,0
ip_shuffle,0,-0.10401803491525421,20260623T162750_760794,h26,00:00:00:00:00:1A,0.0,0.001,1.36,0,2026-06-23T16:27:50,0.0,0.0,0.0,1
ip_shuffle,0,-0.0750204293089296,20260623T162750_760794,h32,00:00:00:00:00:20,0.0,0.001,1.36,0,2026-06-23T16:27:50,0.0,0.0,0.0,1
ip_shuffle,1,-0.10929079233328048,20260623T162750_760794,h23,00:00:00:00:00:17,0.0,0.001,1.36,0,2026-06-23T16:27:50,0.0,0.0,0.0,1
ip_shuffle,0,-0.09977164579036042,20260623T162750_760794,h27,00:00:00:00:00:1B,0.0,0.001,1.36,0,2026-06-23T16:27:50,0.0,0.0,0.0,1
ip_shuffle,0,-0.08425682782567956,20260623T162750_760794,h2,00:00:00:00:00:02,0.0,0.001,1.43,0,2026-06-23T16:27:50,0.0,0.0,0.0,1
ip_shuffle,0,-0.12327597336059784,20260623T162750_760794,h8,00:00:00:00:00:08,0.0,0.001,1.5,0,2026-06-23T16:27:50,0.0,0.0,0.07,1
route_mutation,0,-0.05761302443692702,20260623T162848_793299,h19,00:00:00:00:00:13,0.0,0.001,1.36,0,2026-06-23T16:28:48,0.0,0.0,0.0,1
route_mutation,0,-0.06188937613996473,20260623T162848_793299,h31,00:00:00:00:00:1F,0.0,0.001,1.43,0,2026-06-23T16:28:48,0.0,0.0,0.07,1
route_mutation,0,-0.13181446969460492,20260623T162848_793299,h20,00:00:00:00:00:14,0.0,0.001,1.36,0,2026-06-23T16:28:48,0.0,0.0,0.0,1
route_mutation,0,-0.06182945098367687,20260623T162848_793299,h25,00:00:00:00:00:19,0.0,0.001,1.36,0,2026-06-23T16:28:48,0.0,0.0,0.0,1
route_mutation,0,-0.10907198064228375,20260623T162848_793299,h10,00:00:00:00:00:0A,0.0,0.001,1.36,0,2026-06-23T16:28:48,0.0,0.0,0.0,1
route_mutation,0,-0.12292921795581693,20260623T162848_793299,h30,00:00:00:00:00:1E,0.0,0.001,1.4,0,2026-06-23T16:28:48,0.0,0.0,0.27,1
route_mutation,0,-0.04509319797790995,20260623T162848_793299,h15,00:00:00:00:00:0F,0.0,0.001,1.36,0,2026-06-23T16:28:48,0.0,0.0,0.0,1
route_mutation,0,-0.08192783259892328,20260623T162848_793299,h36,00:00:00:00:00:24,0.0,0.001,1.33,0,2026-06-23T16:28:48,0.0,0.0,0.23,1
route_mutation,0,-0.043431578029669335,20260623T162848_793299,h17,00:00:00:00:00:11,0.0,0.001,1.36,0,2026-06-23T16:28:48,0.0,0.0,0.0,1
route_mutation,1,-0.042368764378856644,20260623T162848_793299,h39,00:00:00:00:00:27,0.0,0.001,1.4,0,2026-06-23T16:28:48,0.0,0.0,0.07,1
route_mutation,0,-0.039116924509499634,20260623T162848_793299,h14,00:00:00:00:00:0E,0.0,0.001,1.36,0,2026-06-23T16:28:48,0.0,0.0,0.0,1
route_mutation,1,-0.0436282950469538,20260623T162848_793299,h38,00:00:00:00:00:26,0.0,0.001,1.33,0,2026-06-23T16:28:48,0.0,0.0,0.23,1
route_mutation,0,-0.039090274532641286,20260623T162848_793299,h18,00:00:00:00:00:12,0.0,0.001,1.36,0,2026-06-23T16:28:48,0.0,0.0,0.0,1
route_mutation,0,-0.08111692450949964,20260623T162848_793299,h13,00:00:00:00:00:0D,0.0,0.001,1.36,0,2026-06-23T16:28:48,0.0,0.0,0.0,1
route_mutation,0,-0.08111692450949964,20260623T162848_793299,h12,00:00:00:00:00:0C,0.0,0.001,1.36,0,2026-06-23T16:28:48,0.0,0.0,0.0,1
route_mutation,0,-0.08192216,20260623T162848_793299,h11,00:00:00:00:00:0B,0.0,0.001,1.36,0,2026-06-23T16:28:48,0.0,0.0,0.0,1
route_mutation,0,-0.04765715152159797,20260623T162848_793299,h16,00:00:00:00:00:10,0.0,0.001,1.36,0,2026-06-23T16:28:48,0.0,0.0,0.0,1
route_mutation,0,-0.12761302443692701,20260623T162848_793299,h21,00:00:00:00:00:15,0.0,0.001,1.36,0,2026-06-23T16:28:48,0.0,0.0,0.0,1
route_mutation,0,-0.07039507333896121,20260623T162848_793299,h4,00:00:00:00:00:04,0.0,0.001,1.2,0,2026-06-23T16:28:48,0.0,0.0,0.0,1
route_mutation,0,-0.10911692450949964,20260623T162848_793299,h22,00:00:00:00:00:16,0.0,0.001,1.36,0,2026-06-23T16:28:48,0.0,0.0,0.0,1
route_mutation,1,-0.036419813998803646,20260623T162848_793299,h37,00:00:00:00:00:25,0.0,0.001,1.33,0,2026-06-23T16:28:48,0.0,0.0,0.23,1
route_mutation,0,-0.11591655431901135,20260623T162848_793299,h34,00:00:00:00:00:22,0.0,0.001,1.4,0,2026-06-23T16:28:48,0.0,0.0,0.1,1
route_mutation,0,-0.04524269002257751,20260623T162848_793299,h7,00:00:00:00:00:07,0.0,0.001,1.2,0,2026-06-23T16:28:48,0.0,0.0,0.0,1
route_mutation,0,-0.02972221745381949,20260623T162848_793299,h33,00:00:00:00:00:21,0.0,0.001,1.36,0,2026-06-23T16:28:48,0.0,0.0,0.23,1
route_mutation,0,-0.10911692450949964,20260623T162848_793299,h9,00:00:00:00:00:09,0.0,0.001,1.36,0,2026-06-23T16:28:48,0.0,0.0,0.0,1
route_mutation,0,-0.029139739106579216,20260623T162848_793299,h35,00:00:00:00:00:23,0.0,0.001,1.33,0,2026-06-23T16:28:48,0.0,0.0,0.23,1
route_mutation,0,-0.05379742831112183,20260623T162848_793299,h6,00:00:00:00:00:06,0.0,0.001,1.2,0,2026-06-23T16:28:48,0.0,0.0,0.0,1
route_mutation,0,-0.043436638362397376,20260623T162848_793299,h5,00:00:00:00:00:05,0.0,0.001,1.2,0,2026-06-23T16:28:48,0.0,0.0,0.0,1
route_mutation,0,-0.039071980642283746,20260623T162848_793299,h28,00:00:00:00:00:1C,0.0,0.001,1.4,0,2026-06-23T16:28:48,0.0,0.0,0.03,1
route_mutation,0,-0.06516450403542083,20260623T162848_793299,h3,00:00:00:00:00:03,0.0,0.001,1.2,0,2026-06-23T16:28:48,0.0,0.0,0.0,1
route_mutation,0,-0.06182945098367687,20260623T162848_793299,h29,00:00:00:00:00:1D,0.0,0.001,1.36,0,2026-06-23T16:28:48,0.0,0.0,0.0,1
route_mutation,0,-0.06184317140144502,20260623T162848_793299,h24,00:00:00:00:00:18,0.0,0.001,1.36,0,2026-06-23T16:28:48,0.0,0.0,0.0,1
route_mutation,1,,20260623T162848_793299,h1,00:00:00:00:00:01,0.0,0.002,2.3,0,2026-06-23T16:28:48,0.0,0.001,0.8,0
route_mutation,0,-0.06187439485089276,20260623T162848_793299,h26,00:00:00:00:00:1A,0.0,0.001,1.36,0,2026-06-23T16:28:48,0.0,0.0,0.0,1
route_mutation,0,-0.052790393716451944,20260623T162848_793299,h32,00:00:00:00:00:20,0.0,0.001,1.36,0,2026-06-23T16:28:48,0.0,0.0,0.23,1
route_mutation,0,-0.1091481479589474,20260623T162848_793299,h23,00:00:00:00:00:17,0.0,0.001,1.36,0,2026-06-23T16:28:48,0.0,0.0,0.0,1
route_mutation,0,-0.057628005725998965,20260623T162848_793299,h27,00:00:00:00:00:1B,0.0,0.001,1.36,0,2026-06-23T16:28:48,0.0,0.0,0.0,1
route_mutation,0,-0.09216434808321515,20260623T162848_793299,h2,00:00:00:00:00:02,0.0,0.001,1.2,0,2026-06-23T16:28:48,0.0,0.0,0.0,1
route_mutation,0,-0.12357476070502411,20260623T162848_793299,h8,00:00:00:00:00:08,0.0,0.001,1.2,0,2026-06-23T16:28:48,0.0,0.0,0.0,1
ip_shuffle,0,-0.057591898362377755,20260623T162919_308522,h19,00:00:00:00:00:13,0.0,0.001,0.73,0,2026-06-23T16:29:19,0.0,0.0,0.0,1
ip_shuffle,0,-0.061879101144950974,20260623T162919_308522,h31,00:00:00:00:00:1F,0.0,0.001,0.73,0,2026-06-23T16:29:19,0.0,0.0,0.0,1
ip_shuffle,0,-0.13184913856680705,20260623T162919_308522,h20,00:00:00:00:00:14,0.0,0.001,0.73,0,2026-06-23T16:29:19,0.0,0.0,0.0,1
ip_shuffle,0,-0.06181917598866313,20260623T162919_308522,h25,00:00:00:00:00:19,0.0,0.001,0.73,0,2026-06-23T16:29:19,0.0,0.0,0.0,1
ip_shuffle,0,-0.10924254810760067,20260623T162919_308522,h10,00:00:00:00:00:0A,0.0,0.001,0.73,0,2026-06-23T16:29:19,0.0,0.0,0.0,1
ip_shuffle,0,-0.10434232121010634,20260623T162919_308522,h30,00:00:00:00:00:1E,0.0,0.001,0.73,0,2026-06-23T16:29:19,0.0,0.0,0.0,1
ip_shuffle,0,-0.049489622623509366,20260623T162919_308522,h15,00:00:00:00:00:0F,0.0,0.001,0.73,0,2026-06-23T16:29:19,0.0,0.0,0.0,1
ip_shuffle,0,-0.07526242020982886,20260623T162919_308522,h36,00:00:00:00:00:24,0.0,0.001,0.73,0,2026-06-23T16:29:19,0.0,0.0,0.0,1
ip_shuffle,0,-0.04783067397140779,20260623T162919_308522,h17,00:00:00:00:00:11,0.0,0.001,0.73,0,2026-06-23T16:29:19,0.0,0.0,0.0,1
ip_shuffle,0,-0.04235840959649337,20260623T162919_308522,h39,00:00:00:00:00:27,0.0,0.001,0.73,0,2026-06-23T16:29:19,0.0,0.0,0.0,1
ip_shuffle,0,-0.03928749197481657,20260623T162919_308522,h14,00:00:00:00:00:0E,0.0,0.001,0.73,0,2026-06-23T16:29:19,0.0,0.0,0.0,1
ip_shuffle,0,-0.033790155095276164,20260623T162919_308522,h38,00:00:00:00:00:26,0.0,0.001,0.73,0,2026-06-23T16:29:19,0.0,0.0,0.0,1
ip_shuffle,0,-0.039138203984943096,20260623T162919_308522,h18,00:00:00:00:00:12,0.0,0.001,0.73,0,2026-06-23T16:29:19,0.0,0.0,0.0,1
ip_shuffle,0,-0.08128749197481655,20260623T162919_308522,h13,00:00:00:00:00:0D,0.0,0.001,0.73,0,2026-06-23T16:29:19,0.0,0.0,0.0,1
ip_shuffle,0,-0.08128749197481655,20260623T162919_308522,h12,00:00:00:00:00:0C,0.0,0.001,0.73,0,2026-06-23T16:29:19,0.0,0.0,0.0,1
ip_shuffle,0,-0.07001090399999998,20260623T162919_308522,h11,00:00:00:00:00:0B,0.0,0.001,0.73,0,2026-06-23T16:29:19,0.0,0.0,0.0,1
ip_shuffle,0,-0.047809805146876286,20260623T162919_308522,h16,00:00:00:00:00:10,0.0,0.001,0.73,0,2026-06-23T16:29:19,0.0,0.0,0.0,1
ip_shuffle,0,-0.12759189836237775,20260623T162919_308522,h21,00:00:00:00:00:15,0.0,0.001,0.73,0,2026-06-23T16:29:19,0.0,0.0,0.0,1
ip_shuffle,1,-0.05829949283261446,20260623T162919_308522,h4,00:00:00:00:00:04,0.0,0.001,0.93,0,2026-06-23T16:29:19,0.0,0.0,0.1,1
ip_shuffle,0,-0.10904750049270413,20260623T162919_308522,h22,00:00:00:00:00:16,0.0,0.001,0.73,0,2026-06-23T16:29:19,0.0,0.0,0.0,1
ip_shuffle,0,-0.025860884453033958,20260623T162919_308522,h37,00:00:00:00:00:25,0.0,0.001,0.73,0,2026-06-23T16:29:19,0.0,0.0,0.0,1
ip_shuffle,0,-0.10309743069814828,20260623T162919_308522,h34,00:00:00:00:00:22,0.0,0.001,0.73,0,2026-06-23T16:29:19,0.0,0.0,0.0,1
ip_shuffle,0,-0.04490547537680352,20260623T162919_308522,h7,00:00:00:00:00:07,0.0,0.001,0.93,0,2026-06-23T16:29:19,0.0,0.0,0.0,1
ip_shuffle,0,-0.013689645842431986,20260623T162919_308522,h33,00:00:00:00:00:21,0.0,0.001,0.73,1,2026-06-23T16:29:19,0.0,0.0,0.0,1
ip_shuffle,0,-0.10928749197481658,20260623T162919_308522,h9,00:00:00:00:00:09,0.0,0.001,0.73,0,2026-06-23T16:29:19,0.0,0.0,0.0,1
ip_shuffle,0,-0.01787569926784878,20260623T162919_308522,h35,00:00:00:00:00:23,0.0,0.001,0.73,0,2026-06-23T16:29:19,0.0,0.0,0.0,1
ip_shuffle,1,-0.05348771370515103,20260623T162919_308522,h6,00:00:00:00:00:06,0.0,0.001,0.93,0,2026-06-23T16:29:19,0.0,0.0,0.0,1
ip_shuffle,1,-0.043078971559361606,20260623T162919_308522,h5,00:00:00:00:00:05,0.0,0.001,0.93,0,2026-06-23T16:29:19,0.0,0.0,0.0,1
ip_shuffle,0,-0.039047500492704126,20260623T162919_308522,h28,00:00:00:00:00:1C,0.0,0.001,0.73,0,2026-06-23T16:29:19,0.0,0.0,0.0,1
ip_shuffle,1,-0.08332031510671775,20260623T162919_308522,h3,00:00:00:00:00:03,0.0,0.001,0.9,0,2026-06-23T16:29:19,0.0,0.0,0.2,1
ip_shuffle,0,-0.06181917598866313,20260623T162919_308522,h29,00:00:00:00:00:1D,0.0,0.001,0.73,0,2026-06-23T16:29:19,0.0,0.0,0.0,1
ip_shuffle,0,-0.06183281661908174,20260623T162919_308522,h24,00:00:00:00:00:18,0.0,0.001,0.73,0,2026-06-23T16:29:19,0.0,0.0,0.0,1
ip_shuffle,1,,20260623T162919_308522,h1,00:00:00:00:00:01,0.0,0.001,1.2,0,2026-06-23T16:29:19,0.0,0.0,0.23,0
ip_shuffle,0,-0.061864119855879016,20260623T162919_308522,h26,00:00:00:00:00:1A,0.0,0.001,0.73,0,2026-06-23T16:29:19,0.0,0.0,0.0,1
ip_shuffle,0,-0.030577590150589307,20260623T162919_308522,h32,00:00:00:00:00:20,0.0,0.001,0.73,0,2026-06-23T16:29:19,0.0,0.0,0.0,1
ip_shuffle,0,-0.1090788037295014,20260623T162919_308522,h23,00:00:00:00:00:17,0.0,0.001,0.73,0,2026-06-23T16:29:19,0.0,0.0,0.0,1
ip_shuffle,0,-0.05760687965144973,20260623T162919_308522,h27,00:00:00:00:00:1B,0.0,0.001,0.73,0,2026-06-23T16:29:19,0.0,0.0,0.0,1
ip_shuffle,1,-0.07694365592979405,20260623T162919_308522,h2,00:00:00:00:00:02,0.0,0.001,0.93,0,2026-06-23T16:29:19,0.0,0.0,0.23,1
ip_shuffle,0,-0.12348771370515103,20260623T162919_308522,h8,00:00:00:00:00:08,0.0,0.001,0.93,0,2026-06-23T16:29:19,0.0,0.0,0.0,1
route_mutation,0,-0.061817930073068156,20260623T163017_162214,h19,00:00:00:00:00:13,0.0,0.001,1.3,0,2026-06-23T16:30:17,0.0,0.0,0.07,1
route_mutation,1,-0.06198038689189189,20260623T163017_162214,h31,00:00:00:00:00:1F,0.0,0.001,1.26,0,2026-06-23T16:30:17,0.0,0.0,0.0,1
route_mutation,0,-0.13181793007306816,20260623T163017_162214,h20,00:00:00:00:00:14,0.0,0.001,1.3,0,2026-06-23T16:30:17,0.0,0.0,0.07,1
route_mutation,1,-0.07569856682982493,20260623T163017_162214,h25,00:00:00:00:00:19,0.0,0.001,1.3,0,2026-06-23T16:30:17,0.0,0.0,0.07,1
route_mutation,0,-0.08106340494811332,20260623T163017_162214,h10,00:00:00:00:00:0A,0.0,0.001,1.23,0,2026-06-23T16:30:17,0.0,0.0,0.0,1
route_mutation,1,-0.08579108706651853,20260623T163017_162214,h30,00:00:00:00:00:1E,0.0,0.001,1.26,0,2026-06-23T16:30:17,0.0,0.0,0.1,1
route_mutation,0,-0.04510616913730253,20260623T163017_162214,h15,00:00:00:00:00:0F,0.0,0.001,1.23,0,2026-06-23T16:30:17,0.0,0.0,0.23,1
route_mutation,0,-0.06872763261100101,20260623T163017_162214,h36,00:00:00:00:00:24,0.0,0.001,1.26,0,2026-06-23T16:30:17,0.0,0.0,0.0,1
route_mutation,0,-0.04775390576647731,20260623T163017_162214,h17,00:00:00:00:00:11,0.0,0.001,1.3,0,2026-06-23T16:30:17,0.0,0.0,0.07,1
route_mutation,0,-0.042370401204631064,20260623T163017_162214,h39,00:00:00:00:00:27,0.0,0.001,1.26,0,2026-06-23T16:30:17,0.0,0.0,0.0,1
route_mutation,0,-0.03906340494811332,20260623T163017_162214,h14,00:00:00:00:00:0E,0.0,0.001,1.23,0,2026-06-23T16:30:17,0.0,0.0,0.13,1
route_mutation,0,-0.02409559224450207,20260623T163017_162214,h38,00:00:00:00:00:26,0.0,0.001,1.26,0,2026-06-23T16:30:17,0.0,0.0,0.0,1
route_mutation,0,-0.03906340494811332,20260623T163017_162214,h18,00:00:00:00:00:12,0.0,0.001,1.23,0,2026-06-23T16:30:17,0.0,0.0,0.23,1
route_mutation,0,-0.03906340494811332,20260623T163017_162214,h13,00:00:00:00:00:0D,0.0,0.001,1.26,0,2026-06-23T16:30:17,0.0,0.0,0.03,1
route_mutation,0,-0.05306340494811332,20260623T163017_162214,h12,00:00:00:00:00:0C,0.0,0.001,1.23,0,2026-06-23T16:30:17,0.0,0.0,0.0,1
route_mutation,0,-0.045026578666666664,20260623T163017_162214,h11,00:00:00:00:00:0B,0.0,0.001,1.23,0,2026-06-23T16:30:17,0.0,0.0,0.0,1
route_mutation,0,-0.04767338574874391,20260623T163017_162214,h16,00:00:00:00:00:10,0.0,0.001,1.3,0,2026-06-23T16:30:17,0.0,0.0,0.07,1
route_mutation,0,-0.1275668972662638,20260623T163017_162214,h21,00:00:00:00:00:15,0.0,0.001,1.3,0,2026-06-23T16:30:17,0.0,0.0,0.07,1
route_mutation,0,-0.04635912608339082,20260623T163017_162214,h4,00:00:00:00:00:04,0.0,0.001,1.16,0,2026-06-23T16:30:17,0.0,0.0,0.0,1
route_mutation,0,-0.10330583877327507,20260623T163017_162214,h22,00:00:00:00:00:16,0.0,0.001,1.23,0,2026-06-23T16:30:17,0.0,0.0,0.27,1
route_mutation,0,-0.01544529618169807,20260623T163017_162214,h37,00:00:00:00:00:25,0.0,0.001,1.26,0,2026-06-23T16:30:17,0.0,0.0,0.0,1
route_mutation,0,-0.0903450871284699,20260623T163017_162214,h34,00:00:00:00:00:22,0.0,0.001,1.26,0,2026-06-23T16:30:17,0.0,0.0,0.0,1
route_mutation,0,-0.04467347738054578,20260623T163017_162214,h7,00:00:00:00:00:07,0.0,0.001,1.16,0,2026-06-23T16:30:17,0.0,0.0,0.0,1
route_mutation,0,-0.12229095321665041,20260623T163017_162214,h33,00:00:00:00:00:21,0.0,0.001,1.26,0,2026-06-23T16:30:17,0.0,0.0,0.0,1
route_mutation,0,-0.08106340494811332,20260623T163017_162214,h9,00:00:00:00:00:09,0.0,0.001,1.23,0,2026-06-23T16:30:17,0.0,0.0,0.0,1
route_mutation,0,-0.006734185070586957,20260623T163017_162214,h35,00:00:00:00:00:23,0.0,0.001,1.26,0,2026-06-23T16:30:17,0.0,0.0,0.0,1
route_mutation,0,-0.05334313980279788,20260623T163017_162214,h6,00:00:00:00:00:06,0.0,0.001,1.16,0,2026-06-23T16:30:17,0.0,0.0,0.0,1
route_mutation,0,-0.03864563359676197,20260623T163017_162214,h5,00:00:00:00:00:05,0.0,0.001,1.16,0,2026-06-23T16:30:17,0.0,0.0,0.0,1
route_mutation,1,-0.039094662542281,20260623T163017_162214,h28,00:00:00:00:00:1C,0.0,0.001,1.23,0,2026-06-23T16:30:17,0.0,0.0,0.2,1
route_mutation,0,-0.07292047546090438,20260623T163017_162214,h3,00:00:00:00:00:03,0.0,0.001,1.16,0,2026-06-23T16:30:17,0.0,0.0,0.0,1
route_mutation,1,-0.06180300966766275,20260623T163017_162214,h29,00:00:00:00:00:1D,0.0,0.001,1.33,0,2026-06-23T16:30:17,0.0,0.0,0.07,1
route_mutation,1,-0.07571207045187346,20260623T163017_162214,h24,00:00:00:00:00:18,0.0,0.001,1.3,0,2026-06-23T16:30:17,0.0,0.0,0.07,1
route_mutation,1,,20260623T163017_162214,h1,00:00:00:00:00:01,0.0,0.002,2.63,0,2026-06-23T16:30:17,0.0,0.001,1.33,0
route_mutation,1,-0.06174332804604114,20260623T163017_162214,h26,00:00:00:00:00:1A,0.0,0.001,1.3,0,2026-06-23T16:30:17,0.0,0.0,0.07,1
route_mutation,1,-0.008552299209812458,20260623T163017_162214,h32,00:00:00:00:00:20,0.0,0.001,1.26,0,2026-06-23T16:30:17,0.0,0.0,0.0,1
route_mutation,1,-0.08100514010984858,20260623T163017_162214,h23,00:00:00:00:00:17,0.0,0.001,1.23,0,2026-06-23T16:30:17,0.0,0.0,0.23,1
route_mutation,1,-0.06174332804604114,20260623T163017_162214,h27,00:00:00:00:00:1B,0.0,0.001,1.3,0,2026-06-23T16:30:17,0.0,0.0,0.07,1
route_mutation,0,-0.07049388341240025,20260623T163017_162214,h2,00:00:00:00:00:02,0.0,0.001,1.16,0,2026-06-23T16:30:17,0.0,0.0,0.0,1
route_mutation,0,-0.12334313980279787,20260623T163017_162214,h8,00:00:00:00:00:08,0.0,0.001,1.16,0,2026-06-23T16:30:17,0.0,0.0,0.0,1
ip_shuffle,0,-0.06186441339562963,20260623T163047_657624,h19,00:00:00:00:00:13,0.0,0.001,1.4,0,2026-06-23T16:30:47,0.0,0.0,0.0,1
ip_shuffle,0,-0.06210313988211613,20260623T163047_657624,h31,00:00:00:00:00:1F,0.0,0.001,1.3,0,2026-06-23T16:30:47,0.0,0.0,0.07,1
ip_shuffle,0,-0.13186441339562963,20260623T163047_657624,h20,00:00:00:00:00:14,0.0,0.001,1.4,0,2026-06-23T16:30:47,0.0,0.0,0.0,1
ip_shuffle,0,-0.07610313988211613,20260623T163047_657624,h25,00:00:00:00:00:19,0.0,0.001,1.26,0,2026-06-23T16:30:47,0.0,0.0,0.0,1
ip_shuffle,0,-0.08109580176825759,20260623T163047_657624,h10,00:00:00:00:00:0A,0.0,0.001,1.4,0,2026-06-23T16:30:47,0.0,0.0,0.0,1
ip_shuffle,0,-0.06719909253576979,20260623T163047_657624,h30,00:00:00:00:00:1E,0.0,0.001,1.33,0,2026-06-23T16:30:47,0.0,0.0,0.23,1
ip_shuffle,0,-0.04513856595744682,20260623T163047_657624,h15,00:00:00:00:00:0F,0.0,0.001,1.4,0,2026-06-23T16:30:47,0.0,0.0,0.0,1
ip_shuffle,0,-0.062232638844035515,20260623T163047_657624,h36,00:00:00:00:00:24,0.0,0.001,1.23,0,2026-06-23T16:30:47,0.0,0.0,0.23,1
ip_shuffle,0,-0.04780040175675676,20260623T163047_657624,h17,00:00:00:00:00:11,0.0,0.001,1.4,0,2026-06-23T16:30:47,0.0,0.0,0.0,1
ip_shuffle,1,-0.04262885462686082,20260623T163047_657624,h39,00:00:00:00:00:27,0.0,0.001,1.3,0,2026-06-23T16:30:47,0.0,0.0,0.07,1
ip_shuffle,0,-0.03909580176825758,20260623T163047_657624,h14,00:00:00:00:00:0E,0.0,0.001,1.4,0,2026-06-23T16:30:47,0.0,0.0,0.0,1
ip_shuffle,1,-0.01444260745882045,20260623T163047_657624,h38,00:00:00:00:00:26,0.0,0.001,1.23,0,2026-06-23T16:30:47,0.0,0.0,0.23,1
ip_shuffle,0,-0.03909580176825758,20260623T163047_657624,h18,00:00:00:00:00:12,0.0,0.001,1.4,0,2026-06-23T16:30:47,0.0,0.0,0.0,1
ip_shuffle,0,-0.03909580176825758,20260623T163047_657624,h13,00:00:00:00:00:0D,0.0,0.001,1.4,0,2026-06-23T16:30:47,0.0,0.0,0.0,1
ip_shuffle,0,-0.053095801768257594,20260623T163047_657624,h12,00:00:00:00:00:0C,0.0,0.001,1.4,0,2026-06-23T16:30:47,0.0,0.0,0.0,1
ip_shuffle,0,-0.03124167466666665,20260623T163047_657624,h11,00:00:00:00:00:0B,0.0,0.001,1.4,0,2026-06-23T16:30:47,0.0,0.0,0.0,1
ip_shuffle,0,-0.047719869071305376,20260623T163047_657624,h16,00:00:00:00:00:10,0.0,0.001,1.4,0,2026-06-23T16:30:47,0.0,0.0,0.0,1
ip_shuffle,0,-0.12761079637435305,20260623T163047_657624,h21,00:00:00:00:00:15,0.0,0.001,1.4,0,2026-06-23T16:30:47,0.0,0.0,0.0,1
ip_shuffle,0,-0.034809537097182305,20260623T163047_657624,h4,00:00:00:00:00:04,0.0,0.001,1.2,0,2026-06-23T16:30:47,0.0,0.0,0.0,1
ip_shuffle,0,-0.10364811848763657,20260623T163047_657624,h22,00:00:00:00:00:16,0.0,0.001,1.26,0,2026-06-23T16:30:47,0.0,0.0,0.0,1
ip_shuffle,1,-0.005071469858816263,20260623T163047_657624,h37,00:00:00:00:00:25,0.0,0.001,1.23,0,2026-06-23T16:30:47,0.0,0.0,0.23,1
ip_shuffle,0,-0.07755499312046087,20260623T163047_657624,h34,00:00:00:00:00:22,0.0,0.001,1.36,0,2026-06-23T16:30:47,0.0,0.0,0.17,1
ip_shuffle,0,-0.045108725146636,20260623T163047_657624,h7,00:00:00:00:00:07,0.0,0.001,1.2,0,2026-06-23T16:30:47,0.0,0.0,0.0,1
ip_shuffle,0,-0.10308692542393456,20260623T163047_657624,h33,00:00:00:00:00:21,0.0,0.001,1.23,0,2026-06-23T16:30:47,0.0,0.0,0.23,1
ip_shuffle,0,-0.08109580176825759,20260623T163047_657624,h9,00:00:00:00:00:09,0.0,0.001,1.4,0,2026-06-23T16:30:47,0.0,0.0,0.0,1
ip_shuffle,0,0.004365567178220758,20260623T163047_657624,h35,00:00:00:00:00:23,0.0,0.001,1.23,1,2026-06-23T16:30:47,0.0,0.0,0.23,1
ip_shuffle,0,-0.05379247407130529,20260623T163047_657624,h6,00:00:00:00:00:06,0.0,0.001,1.2,0,2026-06-23T16:30:47,0.0,0.0,0.0,1
ip_shuffle,0,-0.03915673165612418,20260623T163047_657624,h5,00:00:00:00:00:05,0.0,0.001,1.2,0,2026-06-23T16:30:47,0.0,0.0,0.0,1
ip_shuffle,0,-0.0393046874439333,20260623T163047_657624,h28,00:00:00:00:00:1C,0.0,0.001,1.26,0,2026-06-23T16:30:47,0.0,0.0,0.03,1
ip_shuffle,0,-0.06655754867375885,20260623T163047_657624,h3,00:00:00:00:00:03,0.0,0.001,1.2,0,2026-06-23T16:30:47,0.0,0.0,0.0,1
ip_shuffle,0,-0.06210313988211613,20260623T163047_657624,h29,00:00:00:00:00:1D,0.0,0.001,1.23,0,2026-06-23T16:30:47,0.0,0.0,0.0,1
ip_shuffle,0,-0.07604345826049447,20260623T163047_657624,h24,00:00:00:00:00:18,0.0,0.001,1.3,0,2026-06-23T16:30:47,0.0,0.0,0.0,1
ip_shuffle,1,,20260623T163047_657624,h1,00:00:00:00:00:01,0.0,0.002,2.26,0,2026-06-23T16:30:47,0.0,0.0,0.73,0
ip_shuffle,0,-0.06210313988211613,20260623T163047_657624,h26,00:00:00:00:00:1A,0.0,0.001,1.26,0,2026-06-23T16:30:47,0.0,0.0,0.0,1
ip_shuffle,0,0.013588084454667415,20260623T163047_657624,h32,00:00:00:00:00:20,0.0,0.001,1.23,1,2026-06-23T16:30:47,0.0,0.0,0.23,1
ip_shuffle,0,-0.08135088444508337,20260623T163047_657624,h23,00:00:00:00:00:17,0.0,0.001,1.26,0,2026-06-23T16:30:47,0.0,0.0,0.0,1
ip_shuffle,0,-0.06210313988211613,20260623T163047_657624,h27,00:00:00:00:00:1B,0.0,0.001,1.26,0,2026-06-23T16:30:47,0.0,0.0,0.0,1
ip_shuffle,0,-0.06457880990454283,20260623T163047_657624,h2,00:00:00:00:00:02,0.0,0.001,1.2,0,2026-06-23T16:30:47,0.0,0.0,0.0,1
ip_shuffle,0,-0.1237924740713053,20260623T163047_657624,h8,00:00:00:00:00:08,0.0,0.001,1.2,0,2026-06-23T16:30:47,0.0,0.0,0.0,1
ip_shuffle,1,-0.06250205623571592,20260623T163152_177688,h19,00:00:00:00:00:13,0.0,0.001,1.36,0,2026-06-23T16:31:52,0.0,0.0,0.0,1
ip_shuffle,0,-0.06280706319067891,20260623T163152_177688,h31,00:00:00:00:00:1F,0.0,0.001,1.46,0,2026-06-23T16:31:52,0.0,0.0,0.0,1
ip_shuffle,1,-0.13250205623571593,20260623T163152_177688,h20,00:00:00:00:00:14,0.0,0.001,1.36,0,2026-06-23T16:31:52,0.0,0.0,0.0,1
ip_shuffle,0,-0.07679319923818059,20260623T163152_177688,h25,00:00:00:00:00:19,0.0,0.001,1.5,0,2026-06-23T16:31:52,0.0,0.0,0.0,1
ip_shuffle,0,-0.07258642314390451,20260623T163152_177688,h10,00:00:00:00:00:0A,0.0,0.001,1.36,0,2026-06-23T16:31:52,0.0,0.0,0.23,1
ip_shuffle,0,-0.04334585365669545,20260623T163152_177688,h30,00:00:00:00:00:1E,0.0,0.001,1.46,0,2026-06-23T16:31:52,0.0,0.0,0.0,1
ip_shuffle,1,-0.030685187034705852,20260623T163152_177688,h15,00:00:00:00:00:0F,0.0,0.001,1.33,0,2026-06-23T16:31:52,0.0,0.0,0.2,1
ip_shuffle,0,-0.04827545858782213,20260623T163152_177688,h36,00:00:00:00:00:24,0.0,0.001,1.5,0,2026-06-23T16:31:52,0.0,0.0,0.0,1
ip_shuffle,1,-0.062446028351284946,20260623T163152_177688,h17,00:00:00:00:00:11,0.0,0.001,1.4,0,2026-06-23T16:31:52,0.0,0.0,0.03,1
ip_shuffle,0,-0.04309519912770246,20260623T163152_177688,h39,00:00:00:00:00:27,0.0,0.001,1.5,0,2026-06-23T16:31:52,0.0,0.0,0.0,1
ip_shuffle,1,-0.030586423143904515,20260623T163152_177688,h14,00:00:00:00:00:0E,0.0,0.001,1.36,0,2026-06-23T16:31:52,0.0,0.0,0.23,1
ip_shuffle,0,0.0031771414638269158,20260623T163152_177688,h38,00:00:00:00:00:26,0.0,0.001,1.5,1,2026-06-23T16:31:52,0.0,0.0,0.0,1
ip_shuffle,1,-0.030918451763433136,20260623T163152_177688,h18,00:00:00:00:00:12,0.0,0.001,1.36,0,2026-06-23T16:31:52,0.0,0.0,0.0,1
ip_shuffle,1,-0.03620132390572389,20260623T163152_177688,h13,00:00:00:00:00:0D,0.0,0.001,1.36,0,2026-06-23T16:31:52,0.0,0.0,0.23,1
ip_shuffle,0,-0.04458642314390451,20260623T163152_177688,h12,00:00:00:00:00:0C,0.0,0.001,1.36,0,2026-06-23T16:31:52,0.0,0.0,0.23,1
ip_shuffle,0,-0.05630818745055757,20260623T163152_177688,h11,00:00:00:00:00:0B,0.0,0.001,1.5,0,2026-06-23T16:31:52,0.0,0.0,0.17,1
ip_shuffle,1,-0.05670291957035435,20260623T163152_177688,h16,00:00:00:00:00:10,0.0,0.001,1.43,0,2026-06-23T16:31:52,0.0,0.0,0.07,1
ip_shuffle,1,-0.13250205623571593,20260623T163152_177688,h21,00:00:00:00:00:15,0.0,0.001,1.36,0,2026-06-23T16:31:52,0.0,0.0,0.0,1
ip_shuffle,0,-0.054343877332530655,20260623T163152_177688,h4,00:00:00:00:00:04,0.0,0.001,1.5,0,2026-06-23T16:31:52,0.0,0.0,0.13,1
ip_shuffle,0,-0.0933563961126992,20260623T163152_177688,h22,00:00:00:00:00:16,0.0,0.001,1.5,0,2026-06-23T16:31:52,0.0,0.0,0.0,1
ip_shuffle,0,0.013340104426789845,20260623T163152_177688,h37,00:00:00:00:00:25,0.0,0.001,1.5,1,2026-06-23T16:31:52,0.0,0.0,0.0,1
ip_shuffle,0,-0.06105679698120346,20260623T163152_177688,h34,00:00:00:00:00:22,0.0,0.001,1.5,0,2026-06-23T16:31:52,0.0,0.0,0.0,1
ip_shuffle,0,-0.030572559191406196,20260623T163152_177688,h7,00:00:00:00:00:07,0.0,0.001,1.36,0,2026-06-23T16:31:52,0.0,0.0,0.23,1
ip_shuffle,0,-0.08916783445117843,20260623T163152_177688,h33,00:00:00:00:00:21,0.0,0.001,1.46,0,2026-06-23T16:31:52,0.0,0.0,0.0,1
ip_shuffle,0,-0.07258642314390451,20260623T163152_177688,h9,00:00:00:00:00:09,0.0,0.001,1.36,0,2026-06-23T16:31:52,0.0,0.0,0.23,1
ip_shuffle,0,-0.126485897569353,20260623T163152_177688,h35,00:00:00:00:00:23,0.0,0.001,1.53,0,2026-06-23T16:31:52,0.0,0.0,0.0,1
ip_shuffle,0,-0.04920252126876347,20260623T163152_177688,h6,00:00:00:00:00:06,0.0,0.001,1.43,0,2026-06-23T16:31:52,0.0,0.0,0.07,1
ip_shuffle,0,-0.030572559191406196,20260623T163152_177688,h5,00:00:00:00:00:05,0.0,0.001,1.36,0,2026-06-23T16:31:52,0.0,0.0,0.2,1
ip_shuffle,0,-0.031209594765897866,20260623T163152_177688,h28,00:00:00:00:00:1C,0.0,0.001,1.46,0,2026-06-23T16:31:52,0.0,0.0,0.0,1
ip_shuffle,0,-0.04826612674366941,20260623T163152_177688,h3,00:00:00:00:00:03,0.0,0.001,1.36,0,2026-06-23T16:31:52,0.0,0.0,0.0,1
ip_shuffle,0,-0.06280706319067891,20260623T163152_177688,h29,00:00:00:00:00:1D,0.0,0.001,1.46,0,2026-06-23T16:31:52,0.0,0.0,0.0,1
ip_shuffle,0,-0.07673774342818732,20260623T163152_177688,h24,00:00:00:00:00:18,0.0,0.001,1.5,0,2026-06-23T16:31:52,0.0,0.0,0.0,1
ip_shuffle,1,,20260623T163152_177688,h1,00:00:00:00:00:01,0.0,0.002,2.76,0,2026-06-23T16:31:52,0.0,0.001,1.13,0
ip_shuffle,0,-0.06279319923818061,20260623T163152_177688,h26,00:00:00:00:00:1A,0.0,0.001,1.5,0,2026-06-23T16:31:52,0.0,0.0,0.0,1
ip_shuffle,0,-0.11958692473526661,20260623T163152_177688,h32,00:00:00:00:00:20,0.0,0.001,1.46,0,2026-06-23T16:31:52,0.0,0.0,0.0,1
ip_shuffle,0,-0.07325290284670594,20260623T163152_177688,h23,00:00:00:00:00:17,0.0,0.001,1.5,0,2026-06-23T16:31:52,0.0,0.0,0.0,1
ip_shuffle,0,-0.06279319923818061,20260623T163152_177688,h27,00:00:00:00:00:1B,0.0,0.001,1.5,0,2026-06-23T16:31:52,0.0,0.0,0.0,1
ip_shuffle,0,-0.045362884632552045,20260623T163152_177688,h2,00:00:00:00:00:02,0.0,0.001,1.36,0,2026-06-23T16:31:52,0.0,0.0,0.0,1
ip_shuffle,0,-0.11920252126876349,20260623T163152_177688,h8,00:00:00:00:00:08,0.0,0.001,1.43,0,2026-06-23T16:31:52,0.0,0.0,0.07,1
ip_shuffle,0,-0.13236288867434448,20260623T163256_356161,h19,00:00:00:00:00:13,0.0,0.001,1.13,0,2026-06-23T16:32:56,0.0,0.0,0.0,1
ip_shuffle,0,-0.06261221861390125,20260623T163256_356161,h31,00:00:00:00:00:1F,0.0,0.001,1.33,0,2026-06-23T16:32:56,0.0,0.0,0.07,1
ip_shuffle,0,-0.13236288867434448,20260623T163256_356161,h20,00:00:00:00:00:14,0.0,0.001,1.13,0,2026-06-23T16:32:56,0.0,0.0,0.0,1
ip_shuffle,0,-0.07640444366427059,20260623T163256_356161,h25,00:00:00:00:00:19,0.0,0.001,1.4,0,2026-06-23T16:32:56,0.0,0.0,0.0,1
ip_shuffle,0,-0.07259087015423958,20260623T163256_356161,h10,00:00:00:00:00:0A,0.0,0.001,1.13,0,2026-06-23T16:32:56,0.0,0.0,0.0,1
ip_shuffle,0,-0.023424247698052805,20260623T163256_356161,h30,00:00:00:00:00:1E,0.0,0.001,1.4,1,2026-06-23T16:32:56,0.0,0.0,0.2,1
ip_shuffle,0,-0.0305908701542396,20260623T163256_356161,h15,00:00:00:00:00:0F,0.0,0.001,1.13,0,2026-06-23T16:32:56,0.0,0.0,0.0,1
ip_shuffle,0,-0.04109536735307073,20260623T163256_356161,h36,00:00:00:00:00:24,0.0,0.001,1.26,0,2026-06-23T16:32:56,0.0,0.0,0.23,1
ip_shuffle,0,-0.06240626978732931,20260623T163256_356161,h17,00:00:00:00:00:11,0.0,0.001,1.13,0,2026-06-23T16:32:56,0.0,0.0,0.0,1
ip_shuffle,0,-0.04314007084283937,20260623T163256_356161,h39,00:00:00:00:00:27,0.0,0.001,1.33,0,2026-06-23T16:32:56,0.0,0.0,0.07,1
ip_shuffle,0,-0.030535463501004778,20260623T163256_356161,h14,00:00:00:00:00:0E,0.0,0.001,1.13,0,2026-06-23T16:32:56,0.0,0.0,0.0,1
ip_shuffle,0,-0.1298099904367661,20260623T163256_356161,h38,00:00:00:00:00:26,0.0,0.001,1.23,0,2026-06-23T16:32:56,0.0,0.0,0.2,1
ip_shuffle,0,-0.10059087015423959,20260623T163256_356161,h18,00:00:00:00:00:12,0.0,0.001,1.13,0,2026-06-23T16:32:56,0.0,0.0,0.0,1
ip_shuffle,0,-0.036200793794266425,20260623T163256_356161,h13,00:00:00:00:00:0D,0.0,0.001,1.13,0,2026-06-23T16:32:56,0.0,0.0,0.0,1
ip_shuffle,0,-0.04459087015423957,20260623T163256_356161,h12,00:00:00:00:00:0C,0.0,0.001,1.13,0,2026-06-23T16:32:56,0.0,0.0,0.0,1
ip_shuffle,0,-0.06825647708566213,20260623T163256_356161,h11,00:00:00:00:00:0B,0.0,0.001,1.13,0,2026-06-23T16:32:56,0.0,0.0,0.0,1
ip_shuffle,0,-0.05676681669762629,20260623T163256_356161,h16,00:00:00:00:00:10,0.0,0.001,1.13,0,2026-06-23T16:32:56,0.0,0.0,0.0,1
ip_shuffle,0,-0.13236288867434448,20260623T163256_356161,h21,00:00:00:00:00:15,0.0,0.001,1.13,0,2026-06-23T16:32:56,0.0,0.0,0.0,1
ip_shuffle,0,-0.045804616879894094,20260623T163256_356161,h4,00:00:00:00:00:04,0.0,0.001,1.17,0,2026-06-23T16:32:56,0.0,0.0,0.0,1
ip_shuffle,0,-0.09276598332291786,20260623T163256_356161,h22,00:00:00:00:00:16,0.0,0.001,1.4,0,2026-06-23T16:32:56,0.0,0.0,0.0,1
ip_shuffle,0,-0.1290840645108402,20260623T163256_356161,h37,00:00:00:00:00:25,0.0,0.001,1.23,0,2026-06-23T16:32:56,0.0,0.0,0.2,1
ip_shuffle,0,-0.04755342412725419,20260623T163256_356161,h34,00:00:00:00:00:22,0.0,0.001,1.4,0,2026-06-23T16:32:56,0.0,0.0,0.17,1
ip_shuffle,0,-0.10056316682762217,20260623T163256_356161,h7,00:00:00:00:00:07,0.0,0.001,1.17,0,2026-06-23T16:32:56,0.0,0.0,0.0,1
ip_shuffle,0,-0.07167601441109236,20260623T163256_356161,h33,00:00:00:00:00:21,0.0,0.001,1.26,0,2026-06-23T16:32:56,0.0,0.0,0.23,1
ip_shuffle,0,-0.07259087015423958,20260623T163256_356161,h9,00:00:00:00:00:09,0.0,0.001,1.13,0,2026-06-23T16:32:56,0.0,0.0,0.0,1
ip_shuffle,0,-0.11146607835745026,20260623T163256_356161,h35,00:00:00:00:00:23,0.0,0.001,1.26,0,2026-06-23T16:32:56,0.0,0.0,0.23,1
ip_shuffle,0,-0.11925921518430638,20260623T163256_356161,h6,00:00:00:00:00:06,0.0,0.001,1.17,0,2026-06-23T16:32:56,0.0,0.0,0.0,1
ip_shuffle,0,-0.03060654794060698,20260623T163256_356161,h5,00:00:00:00:00:05,0.0,0.001,1.17,0,2026-06-23T16:32:56,0.0,0.0,0.0,1
ip_shuffle,0,-0.030826348430487635,20260623T163256_356161,h28,00:00:00:00:00:1C,0.0,0.001,1.26,0,2026-06-23T16:32:56,0.0,0.0,0.0,1
ip_shuffle,0,-0.040781054157748395,20260623T163256_356161,h3,00:00:00:00:00:03,0.0,0.001,1.17,0,2026-06-23T16:32:56,0.0,0.0,0.0,1
ip_shuffle,0,-0.06261221861390125,20260623T163256_356161,h29,00:00:00:00:00:1D,0.0,0.001,1.26,0,2026-06-23T16:32:56,0.0,0.0,0.0,1
ip_shuffle,0,-0.07634903701103576,20260623T163256_356161,h24,00:00:00:00:00:18,0.0,0.001,1.4,0,2026-06-23T16:32:56,0.0,0.0,0.0,1
ip_shuffle,0,,20260623T163256_356161,h1,00:00:00:00:00:01,0.0,0.002,2.06,0,2026-06-23T16:32:56,0.0,0.0,0.63,0
ip_shuffle,0,-0.0624044436642706,20260623T163256_356161,h26,00:00:00:00:00:1A,0.0,0.001,1.4,0,2026-06-23T16:32:56,0.0,0.0,0.0,1
ip_shuffle,0,-0.09763650671905306,20260623T163256_356161,h32,00:00:00:00:00:20,0.0,0.001,1.26,0,2026-06-23T16:32:56,0.0,0.0,0.23,1
ip_shuffle,0,-0.07267580625715057,20260623T163256_356161,h23,00:00:00:00:00:17,0.0,0.001,1.4,0,2026-06-23T16:32:56,0.0,0.0,0.0,1
ip_shuffle,0,-0.062362888674344474,20260623T163256_356161,h27,00:00:00:00:00:1B,0.0,0.001,1.43,0,2026-06-23T16:32:56,0.0,0.0,0.0,1
ip_shuffle,0,-0.03826937166980543,20260623T163256_356161,h2,00:00:00:00:00:02,0.0,0.001,1.17,0,2026-06-23T16:32:56,0.0,0.0,0.0,1
ip_shuffle,0,-0.11925921518430638,20260623T163256_356161,h8,00:00:00:00:00:08,0.0,0.001,1.17,0,2026-06-23T16:32:56,0.0,0.0,0.0,1
route_mutation,1,-0.13828635321706156,20260623T163354_088331,h19,00:00:00:00:00:13,0.0,0.001,1.43,0,2026-06-23T16:33:54,0.0,0.0,0.0,1
route_mutation,0,-0.06829314120483275,20260623T163354_088331,h31,00:00:00:00:00:1F,0.0,0.001,1.43,0,2026-06-23T16:33:54,0.0,0.0,0.0,1
route_mutation,1,-0.13828635321706156,20260623T163354_088331,h20,00:00:00:00:00:14,0.0,0.001,1.43,0,2026-06-23T16:33:54,0.0,0.0,0.0,1
route_mutation,0,-0.08228607038423777,20260623T163354_088331,h25,00:00:00:00:00:19,0.0,0.001,1.43,0,2026-06-23T16:33:54,0.0,0.0,0.0,1
route_mutation,0,-0.10991613261811599,20260623T163354_088331,h10,00:00:00:00:00:0A,0.0,0.001,1.43,0,2026-06-23T16:33:54,0.0,0.0,0.23,1
route_mutation,0,-0.1262008008920169,20260623T163354_088331,h30,00:00:00:00:00:1E,0.0,0.001,1.43,0,2026-06-23T16:33:54,0.0,0.0,0.0,1
route_mutation,1,0.27849606164187457,20260623T163354_088331,h15,00:00:00:00:00:0F,0.0,0.001,1.66,0,2026-06-23T16:33:54,0.0,0.419,35.66,1
route_mutation,0,-0.09903290038570309,20260623T163354_088331,h36,00:00:00:00:00:24,0.0,0.001,1.43,0,2026-06-23T16:33:54,0.0,0.0,0.0,1
route_mutation,1,-0.06828324752424204,20260623T163354_088331,h17,00:00:00:00:00:11,0.0,0.001,1.5,0,2026-06-23T16:33:54,0.0,0.0,0.07,1
route_mutation,1,0.25647420464044035,20260623T163354_088331,h39,00:00:00:00:00:27,0.0,0.374,33.03,0,2026-06-23T16:33:54,0.0,0.0,0.3,1
route_mutation,1,-0.0679144954686833,20260623T163354_088331,h14,00:00:00:00:00:0E,0.0,0.001,1.43,0,2026-06-23T16:33:54,0.0,0.0,0.23,1
route_mutation,0,-0.12574611087175405,20260623T163354_088331,h38,00:00:00:00:00:26,0.0,0.001,1.43,0,2026-06-23T16:33:54,0.0,0.0,0.0,1
route_mutation,1,-0.06791950473903259,20260623T163354_088331,h18,00:00:00:00:00:12,0.0,0.001,1.43,0,2026-06-23T16:33:54,0.0,0.0,0.03,1
route_mutation,1,-0.06803067991175463,20260623T163354_088331,h13,00:00:00:00:00:0D,0.0,0.001,1.43,0,2026-06-23T16:33:54,0.0,0.0,0.23,1
route_mutation,0,-0.08191613261811599,20260623T163354_088331,h12,00:00:00:00:00:0C,0.0,0.001,1.43,0,2026-06-23T16:33:54,0.0,0.0,0.23,1
route_mutation,0,-0.09753307735352909,20260623T163354_088331,h11,00:00:00:00:00:0B,0.0,0.001,1.56,0,2026-06-23T16:33:54,0.0,0.0,0.17,1
route_mutation,1,-0.06828319314497418,20260623T163354_088331,h16,00:00:00:00:00:10,0.0,0.001,1.5,0,2026-06-23T16:33:54,0.0,0.0,0.07,1
route_mutation,1,-0.13828635321706156,20260623T163354_088331,h21,00:00:00:00:00:15,0.0,0.001,1.43,0,2026-06-23T16:33:54,0.0,0.0,0.0,1
route_mutation,0,-0.08231254806844358,20260623T163354_088331,h4,00:00:00:00:00:04,0.0,0.001,1.56,0,2026-06-23T16:33:54,0.0,0.0,0.13,1
route_mutation,1,-0.1378280060354151,20260623T163354_088331,h22,00:00:00:00:00:16,0.0,0.001,1.43,0,2026-06-23T16:33:54,0.0,0.0,0.0,1
route_mutation,0,-0.12429456722971767,20260623T163354_088331,h37,00:00:00:00:00:25,0.0,0.001,1.43,0,2026-06-23T16:33:54,0.0,0.0,0.0,1
route_mutation,0,-0.09776297441262446,20260623T163354_088331,h34,00:00:00:00:00:22,0.0,0.001,1.43,0,2026-06-23T16:33:54,0.0,0.0,0.0,1
route_mutation,0,-0.1379155669524684,20260623T163354_088331,h7,00:00:00:00:00:07,0.0,0.001,1.43,0,2026-06-23T16:33:54,0.0,0.0,0.23,1
route_mutation,1,0.020664314824221264,20260623T163354_088331,h33,00:00:00:00:00:21,0.0,0.34,30.23,0,2026-06-23T16:33:54,0.0,0.0,0.3,1
route_mutation,0,-0.10991562679997852,20260623T163354_088331,h9,00:00:00:00:00:09,0.0,0.001,1.43,0,2026-06-23T16:33:54,0.0,0.0,0.23,1
route_mutation,0,-0.10791363250378269,20260623T163354_088331,h35,00:00:00:00:00:23,0.0,0.001,1.43,0,2026-06-23T16:33:54,0.0,0.0,0.0,1
route_mutation,0,-0.13801535046083643,20260623T163354_088331,h6,00:00:00:00:00:06,0.0,0.001,1.5,0,2026-06-23T16:33:54,0.0,0.0,0.07,1
route_mutation,0,-0.06791404402981369,20260623T163354_088331,h5,00:00:00:00:00:05,0.0,0.001,1.46,0,2026-06-23T16:33:54,0.0,0.0,0.17,1
route_mutation,0,-0.06792651571211746,20260623T163354_088331,h28,00:00:00:00:00:1C,0.0,0.001,1.43,0,2026-06-23T16:33:54,0.0,0.0,0.0,1
route_mutation,0,-0.07271428501490779,20260623T163354_088331,h3,00:00:00:00:00:03,0.0,0.001,1.43,0,2026-06-23T16:33:54,0.0,0.0,0.0,1
route_mutation,0,-0.06829314120483275,20260623T163354_088331,h29,00:00:00:00:00:1D,0.0,0.001,1.43,0,2026-06-23T16:33:54,0.0,0.0,0.0,1
route_mutation,0,-0.09628493905294258,20260623T163354_088331,h24,00:00:00:00:00:18,0.0,0.001,1.43,0,2026-06-23T16:33:54,0.0,0.0,0.0,1
route_mutation,1,,20260623T163354_088331,h1,00:00:00:00:00:01,0.0,0.002,2.86,0,2026-06-23T16:33:54,0.0,0.001,1.1,0
route_mutation,0,-0.08228607038423777,20260623T163354_088331,h26,00:00:00:00:00:1A,0.0,0.001,1.43,0,2026-06-23T16:33:54,0.0,0.0,0.0,1
route_mutation,0,-0.09593675541644726,20260623T163354_088331,h32,00:00:00:00:00:20,0.0,0.001,1.43,0,2026-06-23T16:33:54,0.0,0.0,0.0,1
route_mutation,0,-0.10992023354248376,20260623T163354_088331,h23,00:00:00:00:00:17,0.0,0.001,1.43,0,2026-06-23T16:33:54,0.0,0.0,0.0,1
route_mutation,0,-0.06828522188576638,20260623T163354_088331,h27,00:00:00:00:00:1B,0.0,0.001,1.43,0,2026-06-23T16:33:54,0.0,0.0,0.0,1
route_mutation,1,0.28588979077614773,20260623T163354_088331,h2,00:00:00:00:00:02,0.0,0.001,1.7,0,2026-06-23T16:33:54,0.0,0.442,37.46,1
route_mutation,0,-0.13801535046083643,20260623T163354_088331,h8,00:00:00:00:00:08,0.0,0.001,1.5,0,2026-06-23T16:33:54,0.0,0.0,0.07,1
ip_shuffle,0,-0.015360485894209075,20260630T010925_779145,h19,00:00:00:00:00:13,0.0,0.001,0.67,0,2026-06-30T01:09:25,0.0,0.0,0.0,1
ip_shuffle,0,0.06208842114044069,20260630T010925_779145,h31,00:00:00:00:00:1F,0.0,0.001,0.67,1,2026-06-30T01:09:25,0.0,0.0,0.03,1
ip_shuffle,0,-0.024221172110495542,20260630T010925_779145,h20,00:00:00:00:00:14,0.0,0.001,0.67,0,2026-06-30T01:09:25,0.0,0.0,0.0,1
ip_shuffle,0,0.002496717081601374,20260630T010925_779145,h25,00:00:00:00:00:19,0.0,0.001,0.67,0,2026-06-30T01:09:25,0.0,0.0,0.0,1
ip_shuffle,1,-0.1279125611859826,20260630T010925_779145,h10,00:00:00:00:00:0A,0.0,0.001,0.7,0,2026-06-30T01:09:25,0.0,0.0,0.0,1
ip_shuffle,0,-0.11288345213648543,20260630T010925_779145,h30,00:00:00:00:00:1E,0.0,0.001,0.67,0,2026-06-30T01:09:25,0.0,0.0,0.0,1
ip_shuffle,1,-0.12792024398796392,20260630T010925_779145,h15,00:00:00:00:00:0F,0.0,0.001,0.7,0,2026-06-30T01:09:25,0.0,0.0,0.03,1
ip_shuffle,1,-0.13181474480736635,20260630T010925_779145,h14,00:00:00:00:00:0E,0.0,0.001,0.67,0,2026-06-30T01:09:25,0.0,0.0,0.0,1
ip_shuffle,1,0.04403577036154935,20260630T010925_779145,h17,00:00:00:00:00:11,0.0,0.001,0.67,0,2026-06-30T01:09:25,0.0,0.0,0.03,1
ip_shuffle,0,0.15163710684160744,20260630T010925_779145,h39,00:00:00:00:00:27,0.0,0.001,0.67,1,2026-06-30T01:09:25,0.0,0.0,0.0,1
ip_shuffle,0,-0.1206612299142632,20260630T010925_779145,h36,00:00:00:00:00:24,0.0,0.001,0.67,0,2026-06-30T01:09:25,0.0,0.0,0.0,1
ip_shuffle,0,-0.1193649336179669,20260630T010925_779145,h38,00:00:00:00:00:26,0.0,0.001,0.67,0,2026-06-30T01:09:25,0.0,0.0,0.0,1
ip_shuffle,0,-0.1327480781406997,20260630T010925_779145,h18,00:00:00:00:00:12,0.0,0.001,0.67,0,2026-06-30T01:09:25,0.0,0.0,0.0,1
ip_shuffle,1,-0.13181474480736635,20260630T010925_779145,h13,00:00:00:00:00:0D,0.0,0.001,0.67,0,2026-06-30T01:09:25,0.0,0.0,0.0,1
ip_shuffle,1,-0.1317292718512765,20260630T010925_779145,h12,00:00:00:00:00:0C,0.0,0.001,0.7,0,2026-06-30T01:09:25,0.0,0.0,0.0,1
ip_shuffle,1,-0.13216724905798866,20260630T010925_779145,h11,00:00:00:00:00:0B,0.0,0.001,0.67,0,2026-06-30T01:09:25,0.0,0.0,0.03,1
ip_shuffle,1,0.0037788278895044825,20260630T010925_779145,h16,00:00:00:00:00:10,0.0,0.001,0.67,0,2026-06-30T01:09:25,0.0,0.0,0.0,1
ip_shuffle,0,-0.01022117211049553,20260630T010925_779145,h21,00:00:00:00:00:15,0.0,0.001,0.67,0,2026-06-30T01:09:25,0.0,0.0,0.0,1
ip_shuffle,1,-0.13184323603655548,20260630T010925_779145,h3,00:00:00:00:00:03,0.0,0.001,0.73,0,2026-06-30T01:09:25,0.0,0.0,0.07,1
ip_shuffle,0,-0.13190021886122658,20260630T010925_779145,h22,00:00:00:00:00:16,0.0,0.001,0.67,0,2026-06-30T01:09:25,0.0,0.0,0.0,1
ip_shuffle,0,-0.11668676952445561,20260630T010925_779145,h37,00:00:00:00:00:25,0.0,0.001,0.7,0,2026-06-30T01:09:25,0.0,0.0,0.0,1
ip_shuffle,0,-0.11868654704117253,20260630T010925_779145,h34,00:00:00:00:00:22,0.0,0.001,0.67,0,2026-06-30T01:09:25,0.0,0.0,0.03,1
ip_shuffle,1,-0.1320914005859038,20260630T010925_779145,h7,00:00:00:00:00:07,0.0,0.001,0.7,0,2026-06-30T01:09:25,0.0,0.0,0.07,1
ip_shuffle,0,-0.11734271139574468,20260630T010925_779145,h33,00:00:00:00:00:21,0.0,0.001,0.67,0,2026-06-30T01:09:25,0.0,0.0,0.0,1
ip_shuffle,1,-0.13321474480736636,20260630T010925_779145,h9,00:00:00:00:00:09,0.0,0.001,0.67,0,2026-06-30T01:09:25,0.0,0.0,0.0,1
ip_shuffle,0,-0.11511308176611504,20260630T010925_779145,h35,00:00:00:00:00:23,0.0,0.001,0.67,0,2026-06-30T01:09:25,0.0,0.0,0.0,1
ip_shuffle,1,-0.013195982964081698,20260630T010925_779145,h6,00:00:00:00:00:06,0.0,0.001,0.73,0,2026-06-30T01:09:25,0.0,0.0,0.1,1
ip_shuffle,1,-0.13259557866660618,20260630T010925_779145,h5,00:00:00:00:00:05,0.0,0.001,0.73,0,2026-06-30T01:09:25,0.0,0.0,0.07,1
ip_shuffle,0,-0.12833315356623248,20260630T010925_779145,h28,00:00:00:00:00:1C,0.0,0.001,0.7,0,2026-06-30T01:09:25,0.0,0.0,0.0,1
ip_shuffle,1,-0.12652500288382862,20260630T010925_779145,h4,00:00:00:00:00:04,0.0,0.001,0.77,0,2026-06-30T01:09:25,0.0,0.0,0.07,1
ip_shuffle,0,0.13219266239716296,20260630T010925_779145,h29,00:00:00:00:00:1D,0.0,0.001,0.67,1,2026-06-30T01:09:25,0.0,0.0,0.0,1
ip_shuffle,0,0.002496717081601374,20260630T010925_779145,h24,00:00:00:00:00:18,0.0,0.001,0.67,0,2026-06-30T01:09:25,0.0,0.0,0.0,1
ip_shuffle,1,,20260630T010925_779145,h1,00:00:00:00:00:01,0.0,0.001,1.03,0,2026-06-30T01:09:25,0.0,0.0,0.37,0
ip_shuffle,0,0.0023777755850961646,20260630T010925_779145,h26,00:00:00:00:00:1A,0.0,0.001,0.67,0,2026-06-30T01:09:25,0.0,0.0,0.03,1
ip_shuffle,0,-0.11815934024216304,20260630T010925_779145,h32,00:00:00:00:00:20,0.0,0.001,0.67,0,2026-06-30T01:09:25,0.0,0.0,0.03,1
ip_shuffle,0,-0.13181474480736635,20260630T010925_779145,h23,00:00:00:00:00:17,0.0,0.001,0.7,0,2026-06-30T01:09:25,0.0,0.0,0.0,1
ip_shuffle,0,0.05600269650651249,20260630T010925_779145,h27,00:00:00:00:00:1B,0.0,0.001,0.7,0,2026-06-30T01:09:25,0.0,0.0,0.0,1
ip_shuffle,1,-0.13184323603655548,20260630T010925_779145,h2,00:00:00:00:00:02,0.0,0.001,0.73,0,2026-06-30T01:09:25,0.0,0.0,0.07,1
ip_shuffle,1,-0.017221172110495536,20260630T010925_779145,h8,00:00:00:00:00:08,0.0,0.001,0.67,0,2026-06-30T01:09:25,0.0,0.0,0.0,1
ip_shuffle,0,0.008919345414957175,20260630T011036_769137,h19,00:00:00:00:00:13,0.0,0.001,0.86,0,2026-06-30T01:10:36,0.0,0.0,0.0,1
ip_shuffle,0,-0.12488777756865685,20260630T011036_769137,h31,00:00:00:00:00:1F,0.0,0.001,0.86,0,2026-06-30T01:10:36,0.0,0.0,0.2,1
ip_shuffle,0,0.004586701343036181,20260630T011036_769137,h20,00:00:00:00:00:14,0.0,0.001,0.83,0,2026-06-30T01:10:36,0.0,0.0,0.0,1
ip_shuffle,0,0.07485517816952547,20260630T011036_769137,h25,00:00:00:00:00:19,0.0,0.001,0.83,1,2026-06-30T01:10:36,0.0,0.0,0.0,1
ip_shuffle,0,-0.11901525284067085,20260630T011036_769137,h10,00:00:00:00:00:0A,0.0,0.001,0.83,0,2026-06-30T01:10:36,0.0,0.0,0.03,1
ip_shuffle,0,-0.09020042200400066,20260630T011036_769137,h30,00:00:00:00:00:1E,0.0,0.001,0.8,0,2026-06-30T01:10:36,0.0,0.0,0.0,1
ip_shuffle,0,-0.11901525284067085,20260630T011036_769137,h15,00:00:00:00:00:0F,0.0,0.001,0.83,0,2026-06-30T01:10:36,0.0,0.0,0.0,1
ip_shuffle,0,-0.1182884398209285,20260630T011036_769137,h14,00:00:00:00:00:0E,0.0,0.001,0.83,0,2026-06-30T01:10:36,0.0,0.0,0.0,1
ip_shuffle,0,0.00894858372820892,20260630T011036_769137,h17,00:00:00:00:00:11,0.0,0.001,0.83,0,2026-06-30T01:10:36,0.0,0.0,0.0,1
ip_shuffle,0,-0.12534335575105923,20260630T011036_769137,h39,00:00:00:00:00:27,0.0,0.001,0.8,0,2026-06-30T01:10:36,0.0,0.0,0.2,1
ip_shuffle,0,-0.11441571136127619,20260630T011036_769137,h36,00:00:00:00:00:24,0.0,0.001,0.93,0,2026-06-30T01:10:36,0.0,0.0,0.07,1
ip_shuffle,0,-0.11311131180073228,20260630T011036_769137,h38,00:00:00:00:00:26,0.0,0.001,0.9,0,2026-06-30T01:10:36,0.0,0.0,0.07,1
ip_shuffle,0,-0.12015510648759517,20260630T011036_769137,h18,00:00:00:00:00:12,0.0,0.001,0.83,0,2026-06-30T01:10:36,0.0,0.0,0.0,1
ip_shuffle,0,-0.1182884398209285,20260630T011036_769137,h13,00:00:00:00:00:0D,0.0,0.001,0.83,0,2026-06-30T01:10:36,0.0,0.0,0.0,1
ip_shuffle,0,-0.11958036563463985,20260630T011036_769137,h12,00:00:00:00:00:0C,0.0,0.001,0.83,0,2026-06-30T01:10:36,0.0,0.0,0.0,1
ip_shuffle,0,-0.1182884398209285,20260630T011036_769137,h11,00:00:00:00:00:0B,0.0,0.001,0.83,0,2026-06-30T01:10:36,0.0,0.0,0.0,1
ip_shuffle,0,0.032586701343036206,20260630T011036_769137,h16,00:00:00:00:00:10,0.0,0.001,0.83,0,2026-06-30T01:10:36,0.0,0.0,0.0,1
ip_shuffle,0,0.013186366981692538,20260630T011036_769137,h21,00:00:00:00:00:15,0.0,0.001,0.86,0,2026-06-30T01:10:36,0.0,0.0,0.03,1
ip_shuffle,1,-0.12031402623428414,20260630T011036_769137,h3,00:00:00:00:00:03,0.0,0.001,0.83,0,2026-06-30T01:10:36,0.0,0.0,0.0,1
ip_shuffle,0,-0.1104511720056461,20260630T011036_769137,h22,00:00:00:00:00:16,0.0,0.001,0.8,0,2026-06-30T01:10:36,0.0,0.0,0.03,1
ip_shuffle,0,-0.10793298730544183,20260630T011036_769137,h37,00:00:00:00:00:25,0.0,0.001,0.9,0,2026-06-30T01:10:36,0.0,0.0,0.1,1
ip_shuffle,0,-0.11179879441017132,20260630T011036_769137,h34,00:00:00:00:00:22,0.0,0.001,0.9,0,2026-06-30T01:10:36,0.0,0.0,0.07,1
ip_shuffle,1,-0.11958036563463985,20260630T011036_769137,h7,00:00:00:00:00:07,0.0,0.001,0.83,0,2026-06-30T01:10:36,0.0,0.0,0.0,1
ip_shuffle,0,-0.10211133787960588,20260630T011036_769137,h33,00:00:00:00:00:21,0.0,0.001,0.86,0,2026-06-30T01:10:36,0.0,0.0,0.07,1
ip_shuffle,1,-0.1210884398209285,20260630T011036_769137,h9,00:00:00:00:00:09,0.0,0.001,0.83,0,2026-06-30T01:10:36,0.0,0.0,0.0,1
ip_shuffle,0,-0.10331941506497991,20260630T011036_769137,h35,00:00:00:00:00:23,0.0,0.001,0.93,0,2026-06-30T01:10:36,0.0,0.0,0.1,1
ip_shuffle,1,-0.0008152635934356722,20260630T011036_769137,h6,00:00:00:00:00:06,0.0,0.001,0.83,0,2026-06-30T01:10:36,0.0,0.0,0.0,1
ip_shuffle,1,-0.12387373311258942,20260630T011036_769137,h5,00:00:00:00:00:05,0.0,0.001,0.86,0,2026-06-30T01:10:36,0.0,0.0,0.0,1
ip_shuffle,0,-0.11265941472395756,20260630T011036_769137,h28,00:00:00:00:00:1C,0.0,0.001,0.8,0,2026-06-30T01:10:36,0.0,0.0,0.0,1
ip_shuffle,1,-0.12201422805851976,20260630T011036_769137,h4,00:00:00:00:00:04,0.0,0.001,0.83,0,2026-06-30T01:10:36,0.0,0.0,0.0,1
ip_shuffle,0,-0.12611727716367102,20260630T011036_769137,h29,00:00:00:00:00:1D,0.0,0.001,0.83,0,2026-06-30T01:10:36,0.0,0.0,0.03,1
ip_shuffle,0,0.07863802816875523,20260630T011036_769137,h24,00:00:00:00:00:18,0.0,0.001,0.83,1,2026-06-30T01:10:36,0.0,0.0,0.03,1
ip_shuffle,1,,20260630T011036_769137,h1,00:00:00:00:00:01,0.0,0.001,1.63,0,2026-06-30T01:10:36,0.0,0.001,0.7,0
ip_shuffle,0,0.07863802816875523,20260630T011036_769137,h26,00:00:00:00:00:1A,0.0,0.001,0.83,1,2026-06-30T01:10:36,0.0,0.0,0.0,1
ip_shuffle,0,-0.09471052810899616,20260630T011036_769137,h32,00:00:00:00:00:20,0.0,0.001,0.86,0,2026-06-30T01:10:36,0.0,0.0,0.07,1
ip_shuffle,0,-0.11265264291072993,20260630T011036_769137,h23,00:00:00:00:00:17,0.0,0.001,0.8,0,2026-06-30T01:10:36,0.0,0.0,0.0,1
ip_shuffle,0,0.07480438957031826,20260630T011036_769137,h27,00:00:00:00:00:1B,0.0,0.001,0.8,0,2026-06-30T01:10:36,0.0,0.0,0.0,1
ip_shuffle,1,-0.122031478017797,20260630T011036_769137,h2,00:00:00:00:00:02,0.0,0.001,0.86,0,2026-06-30T01:10:36,0.0,0.0,0.0,1
ip_shuffle,1,0.0018972577402010249,20260630T011036_769137,h8,00:00:00:00:00:08,0.0,0.001,0.86,0,2026-06-30T01:10:36,0.0,0.0,0.0,1
ip_shuffle,0,0.04726577165140983,20260630T011147_549518,h19,00:00:00:00:00:13,0.0,0.001,0.76,0,2026-06-30T01:11:47,0.0,0.0,0.0,1
ip_shuffle,0,-0.11544621307935714,20260630T011147_549518,h31,00:00:00:00:00:1F,0.0,0.001,0.8,0,2026-06-30T01:11:47,0.0,0.0,0.03,1
ip_shuffle,0,0.03325334812218003,20260630T011147_549518,h20,00:00:00:00:00:14,0.0,0.001,0.76,0,2026-06-30T01:11:47,0.0,0.0,0.0,1
ip_shuffle,0,-0.12497985430463072,20260630T011147_549518,h25,00:00:00:00:00:19,0.0,0.001,0.76,0,2026-06-30T01:11:47,0.0,0.0,0.0,1
ip_shuffle,0,-0.10574608426294382,20260630T011147_549518,h10,00:00:00:00:00:0A,0.0,0.001,0.76,0,2026-06-30T01:11:47,0.0,0.0,0.0,1
ip_shuffle,0,-0.07247512835048181,20260630T011147_549518,h30,00:00:00:00:00:1E,0.0,0.001,0.76,0,2026-06-30T01:11:47,0.0,0.0,0.0,1
ip_shuffle,0,-0.10574608426294382,20260630T011147_549518,h15,00:00:00:00:00:0F,0.0,0.001,0.76,0,2026-06-30T01:11:47,0.0,0.0,0.0,1
ip_shuffle,0,-0.08665381691582227,20260630T011147_549518,h36,00:00:00:00:00:24,0.0,0.001,0.83,0,2026-06-30T01:11:47,0.0,0.0,0.07,1
ip_shuffle,0,0.047304233426010145,20260630T011147_549518,h17,00:00:00:00:00:11,0.0,0.001,0.76,0,2026-06-30T01:11:47,0.0,0.0,0.0,1
ip_shuffle,0,-0.1106639907969384,20260630T011147_549518,h39,00:00:00:00:00:27,0.0,0.001,0.76,0,2026-06-30T01:11:47,0.0,0.0,0.23,1
ip_shuffle,0,-0.10644960435188164,20260630T011147_549518,h14,00:00:00:00:00:0E,0.0,0.001,0.76,0,2026-06-30T01:11:47,0.0,0.0,0.0,1
ip_shuffle,0,-0.08275472717765353,20260630T011147_549518,h38,00:00:00:00:00:26,0.0,0.001,0.83,0,2026-06-30T01:11:47,0.0,0.0,0.07,1
ip_shuffle,0,-0.10374933037556398,20260630T011147_549518,h18,00:00:00:00:00:12,0.0,0.001,0.76,0,2026-06-30T01:11:47,0.0,0.0,0.0,1
ip_shuffle,0,-0.10644960435188164,20260630T011147_549518,h13,00:00:00:00:00:0D,0.0,0.001,0.76,0,2026-06-30T01:11:47,0.0,0.0,0.0,1
ip_shuffle,0,-0.10644960435188164,20260630T011147_549518,h12,00:00:00:00:00:0C,0.0,0.001,0.76,0,2026-06-30T01:11:47,0.0,0.0,0.0,1
ip_shuffle,0,-0.10644960435188164,20260630T011147_549518,h11,00:00:00:00:00:0B,0.0,0.001,0.76,0,2026-06-30T01:11:47,0.0,0.0,0.0,1
ip_shuffle,0,0.047521274433287075,20260630T011147_549518,h16,00:00:00:00:00:10,0.0,0.001,0.76,1,2026-06-30T01:11:47,0.0,0.0,0.0,1
ip_shuffle,0,0.05067972535387899,20260630T011147_549518,h21,00:00:00:00:00:15,0.0,0.001,0.76,1,2026-06-30T01:11:47,0.0,0.0,0.0,1
ip_shuffle,0,-0.10578798416668944,20260630T011147_549518,h3,00:00:00:00:00:03,0.0,0.001,0.76,0,2026-06-30T01:11:47,0.0,0.0,0.0,1
ip_shuffle,0,-0.10288763563582196,20260630T011147_549518,h22,00:00:00:00:00:16,0.0,0.001,0.76,0,2026-06-30T01:11:47,0.0,0.0,0.0,1
ip_shuffle,0,-0.0749871502491556,20260630T011147_549518,h37,00:00:00:00:00:25,0.0,0.001,0.83,0,2026-06-30T01:11:47,0.0,0.0,0.07,1
ip_shuffle,0,-0.07826800961049685,20260630T011147_549518,h34,00:00:00:00:00:22,0.0,0.001,0.8,0,2026-06-30T01:11:47,0.0,0.0,0.03,1
ip_shuffle,0,-0.10644960435188164,20260630T011147_549518,h7,00:00:00:00:00:07,0.0,0.001,0.76,0,2026-06-30T01:11:47,0.0,0.0,0.0,1
ip_shuffle,0,-0.08306309138423816,20260630T011147_549518,h33,00:00:00:00:00:21,0.0,0.001,0.76,0,2026-06-30T01:11:47,0.0,0.0,0.0,1
ip_shuffle,0,-0.10644960435188164,20260630T011147_549518,h9,00:00:00:00:00:09,0.0,0.001,0.76,0,2026-06-30T01:11:47,0.0,0.0,0.0,1
ip_shuffle,0,-0.07000937247137783,20260630T011147_549518,h35,00:00:00:00:00:23,0.0,0.001,0.83,0,2026-06-30T01:11:47,0.0,0.0,0.07,1
ip_shuffle,0,0.0337519782405917,20260630T011147_549518,h6,00:00:00:00:00:06,0.0,0.001,0.76,0,2026-06-30T01:11:47,0.0,0.0,0.0,1
ip_shuffle,0,-0.10574608426294382,20260630T011147_549518,h5,00:00:00:00:00:05,0.0,0.001,0.76,0,2026-06-30T01:11:47,0.0,0.0,0.0,1
ip_shuffle,0,-0.10360661000605778,20260630T011147_549518,h28,00:00:00:00:00:1C,0.0,0.001,0.76,0,2026-06-30T01:11:47,0.0,0.0,0.0,1
ip_shuffle,0,-0.10576568646546805,20260630T011147_549518,h4,00:00:00:00:00:04,0.0,0.001,0.76,0,2026-06-30T01:11:47,0.0,0.0,0.0,1
ip_shuffle,0,-0.11548537385286786,20260630T011147_549518,h29,00:00:00:00:00:1D,0.0,0.001,0.76,0,2026-06-30T01:11:47,0.0,0.0,0.0,1
ip_shuffle,0,-0.13347336890991598,20260630T011147_549518,h24,00:00:00:00:00:18,0.0,0.001,0.76,0,2026-06-30T01:11:47,0.0,0.0,0.0,1
ip_shuffle,0,,20260630T011147_549518,h1,00:00:00:00:00:01,0.0,0.001,1.3,0,2026-06-30T01:11:47,0.0,0.0,0.5,0
ip_shuffle,0,-0.06860661000605778,20260630T011147_549518,h32,00:00:00:00:00:20,0.0,0.001,0.76,0,2026-06-30T01:11:47,0.0,0.0,0.0,1
ip_shuffle,0,-0.12598850228454364,20260630T011147_549518,h26,00:00:00:00:00:1A,0.0,0.001,0.76,0,2026-06-30T01:11:47,0.0,0.0,0.0,1
ip_shuffle,0,-0.1035964247175715,20260630T011147_549518,h23,00:00:00:00:00:17,0.0,0.001,0.76,0,2026-06-30T01:11:47,0.0,0.0,0.0,1
ip_shuffle,0,0.047966949969711015,20260630T011147_549518,h27,00:00:00:00:00:1B,0.0,0.001,0.76,1,2026-06-30T01:11:47,0.0,0.0,0.0,1
ip_shuffle,0,-0.10579812283539915,20260630T011147_549518,h2,00:00:00:00:00:02,0.0,0.001,0.76,0,2026-06-30T01:11:47,0.0,0.0,0.0,1
ip_shuffle,0,0.0337519782405917,20260630T011147_549518,h8,00:00:00:00:00:08,0.0,0.001,0.76,0,2026-06-30T01:11:47,0.0,0.0,0.0,1
ip_shuffle,0,0.09995929754049443,20260630T011258_917441,h19,00:00:00:00:00:13,0.0,0.001,1.36,1,2026-06-30T01:12:58,0.0,0.0,0.07,1
ip_shuffle,0,-0.11671570859936191,20260630T011258_917441,h31,00:00:00:00:00:1F,0.0,0.001,1.26,0,2026-06-30T01:12:58,0.0,0.0,0.2,1
ip_shuffle,0,0.057949782950507345,20260630T011258_917441,h20,00:00:00:00:00:14,0.0,0.001,1.36,0,2026-06-30T01:12:58,0.0,0.0,0.07,1
ip_shuffle,0,-0.10844972947337722,20260630T011258_917441,h25,00:00:00:00:00:19,0.0,0.001,1.3,0,2026-06-30T01:12:58,0.0,0.0,0.23,1
ip_shuffle,0,-0.07629902898195981,20260630T011258_917441,h10,00:00:00:00:00:0A,0.0,0.001,1.36,0,2026-06-30T01:12:58,0.0,0.0,0.0,1
ip_shuffle,0,-0.035369703408379985,20260630T011258_917441,h30,00:00:00:00:00:1E,0.0,0.001,1.36,0,2026-06-30T01:12:58,0.0,0.0,0.07,1
ip_shuffle,0,-0.07629902898195981,20260630T011258_917441,h15,00:00:00:00:00:0F,0.0,0.001,1.36,0,2026-06-30T01:12:58,0.0,0.0,0.0,1
ip_shuffle,1,-0.0820564547820238,20260630T011258_917441,h36,00:00:00:00:00:24,0.0,0.001,1.3,0,2026-06-30T01:12:58,0.0,0.0,0.0,1
ip_shuffle,0,-0.13152998464917567,20260630T011258_917441,h16,00:00:00:00:00:10,0.0,0.001,1.3,0,2026-06-30T01:12:58,0.0,0.0,0.0,1
ip_shuffle,1,-0.10538356478380694,20260630T011258_917441,h39,00:00:00:00:00:27,0.0,0.001,1.3,0,2026-06-30T01:12:58,0.0,0.0,0.0,1
ip_shuffle,0,-0.07711339121319803,20260630T011258_917441,h14,00:00:00:00:00:0E,0.0,0.001,1.36,0,2026-06-30T01:12:58,0.0,0.0,0.0,1
ip_shuffle,1,-0.07684741892770443,20260630T011258_917441,h38,00:00:00:00:00:26,0.0,0.001,1.3,0,2026-06-30T01:12:58,0.0,0.0,0.0,1
ip_shuffle,0,-0.08481132226578374,20260630T011258_917441,h18,00:00:00:00:00:12,0.0,0.001,1.33,0,2026-06-30T01:12:58,0.0,0.0,0.03,1
ip_shuffle,0,-0.07711339121319803,20260630T011258_917441,h13,00:00:00:00:00:0D,0.0,0.001,1.36,0,2026-06-30T01:12:58,0.0,0.0,0.0,1
ip_shuffle,0,-0.07711339121319803,20260630T011258_917441,h12,00:00:00:00:00:0C,0.0,0.001,1.36,0,2026-06-30T01:12:58,0.0,0.0,0.0,1
ip_shuffle,0,-0.07711339121319803,20260630T011258_917441,h11,00:00:00:00:00:0B,0.0,0.001,1.36,0,2026-06-30T01:12:58,0.0,0.0,0.0,1
ip_shuffle,0,0.04245532772127328,20260630T011258_917441,h17,00:00:00:00:00:11,0.0,0.001,1.3,0,2026-06-30T01:12:58,0.0,0.0,0.0,1
ip_shuffle,0,-0.1350545865287102,20260630T011258_917441,h21,00:00:00:00:00:15,0.0,0.001,1.26,0,2026-06-30T01:12:58,0.0,0.0,0.2,1
ip_shuffle,0,-0.07642328922221386,20260630T011258_917441,h3,00:00:00:00:00:03,0.0,0.001,1.36,0,2026-06-30T01:12:58,0.0,0.0,0.0,1
ip_shuffle,0,-0.08348021879580692,20260630T011258_917441,h22,00:00:00:00:00:16,0.0,0.001,1.36,0,2026-06-30T01:12:58,0.0,0.0,0.07,1
ip_shuffle,1,-0.06650089922646824,20260630T011258_917441,h37,00:00:00:00:00:25,0.0,0.001,1.3,0,2026-06-30T01:12:58,0.0,0.0,0.0,1
ip_shuffle,1,-0.0668203923158206,20260630T011258_917441,h34,00:00:00:00:00:22,0.0,0.001,1.3,0,2026-06-30T01:12:58,0.0,0.0,0.03,1
ip_shuffle,0,-0.07711339121319803,20260630T011258_917441,h7,00:00:00:00:00:07,0.0,0.001,1.36,0,2026-06-30T01:12:58,0.0,0.0,0.0,1
ip_shuffle,1,-0.06507289806782832,20260630T011258_917441,h33,00:00:00:00:00:21,0.0,0.001,1.3,0,2026-06-30T01:12:58,0.0,0.0,0.0,1
ip_shuffle,0,-0.07711339121319803,20260630T011258_917441,h9,00:00:00:00:00:09,0.0,0.001,1.36,0,2026-06-30T01:12:58,0.0,0.0,0.0,1
ip_shuffle,1,-0.0598638621894312,20260630T011258_917441,h35,00:00:00:00:00:23,0.0,0.001,1.3,0,2026-06-30T01:12:58,0.0,0.0,0.0,1
ip_shuffle,0,0.09994978295050735,20260630T011258_917441,h6,00:00:00:00:00:06,0.0,0.001,1.36,1,2026-06-30T01:12:58,0.0,0.0,0.0,1
ip_shuffle,0,-0.07629902898195981,20260630T011258_917441,h5,00:00:00:00:00:05,0.0,0.001,1.36,0,2026-06-30T01:12:58,0.0,0.0,0.0,1
ip_shuffle,0,-0.06650797754711579,20260630T011258_917441,h28,00:00:00:00:00:1C,0.0,0.001,1.4,0,2026-06-30T01:12:58,0.0,0.0,0.07,1
ip_shuffle,0,-0.06598921550816446,20260630T011258_917441,h4,00:00:00:00:00:04,0.0,0.001,1.4,0,2026-06-30T01:12:58,0.0,0.0,0.0,1
ip_shuffle,0,-0.11170180968162317,20260630T011258_917441,h29,00:00:00:00:00:1D,0.0,0.001,1.3,0,2026-06-30T01:12:58,0.0,0.0,0.23,1
ip_shuffle,0,-0.11963664033348245,20260630T011258_917441,h24,00:00:00:00:00:18,0.0,0.001,1.3,0,2026-06-30T01:12:58,0.0,0.0,0.23,1
ip_shuffle,1,,20260630T011258_917441,h1,00:00:00:00:00:01,0.0,0.002,2.56,0,2026-06-30T01:12:58,0.0,0.001,1.06,0
ip_shuffle,1,-0.03801768600530622,20260630T011258_917441,h32,00:00:00:00:00:20,0.0,0.001,1.33,0,2026-06-30T01:12:58,0.0,0.0,0.03,1
ip_shuffle,0,-0.11317993878184508,20260630T011258_917441,h26,00:00:00:00:00:1A,0.0,0.001,1.3,0,2026-06-30T01:12:58,0.0,0.0,0.27,1
ip_shuffle,0,-0.07395081637978089,20260630T011258_917441,h23,00:00:00:00:00:17,0.0,0.001,1.4,0,2026-06-30T01:12:58,0.0,0.0,0.07,1
ip_shuffle,0,-0.13050616799555737,20260630T011258_917441,h27,00:00:00:00:00:1B,0.0,0.001,1.3,0,2026-06-30T01:12:58,0.0,0.0,0.2,1
ip_shuffle,0,-0.07644707809878994,20260630T011258_917441,h2,00:00:00:00:00:02,0.0,0.001,1.36,0,2026-06-30T01:12:58,0.0,0.0,0.0,1
ip_shuffle,0,0.09994978295050735,20260630T011258_917441,h8,00:00:00:00:00:08,0.0,0.001,1.36,1,2026-06-30T01:12:58,0.0,0.0,0.0,1
ip_shuffle,0,-0.12848555937377634,20260630T011410_192505,h19,00:00:00:00:00:13,0.0,0.001,0.86,0,2026-06-30T01:14:10,0.0,0.0,0.03,1
ip_shuffle,0,-0.10843131583540833,20260630T011410_192505,h31,00:00:00:00:00:1F,0.0,0.001,0.86,0,2026-06-30T01:14:10,0.0,0.0,0.0,1
ip_shuffle,1,0.058488963153666224,20260630T011410_192505,h20,00:00:00:00:00:14,0.0,0.001,0.9,1,2026-06-30T01:14:10,0.0,0.0,0.03,1
ip_shuffle,1,-0.0919107917963502,20260630T011410_192505,h25,00:00:00:00:00:19,0.0,0.001,0.86,0,2026-06-30T01:14:10,0.0,0.0,0.0,1
ip_shuffle,0,-0.05974948802152208,20260630T011410_192505,h10,00:00:00:00:00:0A,0.0,0.001,0.9,0,2026-06-30T01:14:10,0.0,0.0,0.07,1
ip_shuffle,0,-0.008626682354053533,20260630T011410_192505,h30,00:00:00:00:00:1E,0.0,0.001,0.93,0,2026-06-30T01:14:10,0.0,0.0,0.03,1
ip_shuffle,0,-0.059925551953542155,20260630T011410_192505,h15,00:00:00:00:00:0F,0.0,0.001,0.83,0,2026-06-30T01:14:10,0.0,0.0,0.03,1
ip_shuffle,0,-0.09028932303827002,20260630T011410_192505,h36,00:00:00:00:00:24,0.0,0.001,0.9,0,2026-06-30T01:14:10,0.0,0.0,0.03,1
ip_shuffle,0,-0.1215808572814574,20260630T011410_192505,h16,00:00:00:00:00:10,0.0,0.001,0.86,0,2026-06-30T01:14:10,0.0,0.0,0.03,1
ip_shuffle,0,-0.10445777569844092,20260630T011410_192505,h39,00:00:00:00:00:27,0.0,0.001,0.93,0,2026-06-30T01:14:10,0.0,0.0,0.0,1
ip_shuffle,0,-0.06085603407857762,20260630T011410_192505,h14,00:00:00:00:00:0E,0.0,0.001,0.9,0,2026-06-30T01:14:10,0.0,0.0,0.07,1
ip_shuffle,0,-0.08378222029605642,20260630T011410_192505,h38,00:00:00:00:00:26,0.0,0.001,0.9,0,2026-06-30T01:14:10,0.0,0.0,0.03,1
ip_shuffle,0,-0.07048902630363238,20260630T011410_192505,h18,00:00:00:00:00:12,0.0,0.001,0.9,0,2026-06-30T01:14:10,0.0,0.0,0.03,1
ip_shuffle,0,-0.06084788354067122,20260630T011410_192505,h13,00:00:00:00:00:0D,0.0,0.001,0.9,0,2026-06-30T01:14:10,0.0,0.0,0.07,1
ip_shuffle,0,-0.06087348977944451,20260630T011410_192505,h12,00:00:00:00:00:0C,0.0,0.001,0.86,0,2026-06-30T01:14:10,0.0,0.0,0.07,1
ip_shuffle,0,-0.06085603407857762,20260630T011410_192505,h11,00:00:00:00:00:0B,0.0,0.001,0.9,0,2026-06-30T01:14:10,0.0,0.0,0.07,1
ip_shuffle,0,0.0424745005218935,20260630T011410_192505,h17,00:00:00:00:00:11,0.0,0.001,0.86,1,2026-06-30T01:14:10,0.0,0.0,0.0,1
ip_shuffle,1,-0.12859561936695543,20260630T011410_192505,h21,00:00:00:00:00:15,0.0,0.001,0.9,0,2026-06-30T01:14:10,0.0,0.0,0.0,1
ip_shuffle,0,-0.06101625276772921,20260630T011410_192505,h3,00:00:00:00:00:03,0.0,0.001,0.9,0,2026-06-30T01:14:10,0.0,0.0,0.1,1
ip_shuffle,1,-0.06893526824060792,20260630T011410_192505,h22,00:00:00:00:00:16,0.0,0.001,0.86,0,2026-06-30T01:14:10,0.0,0.0,0.0,1
ip_shuffle,0,-0.07065707881052129,20260630T011410_192505,h37,00:00:00:00:00:25,0.0,0.001,0.93,0,2026-06-30T01:14:10,0.0,0.0,0.0,1
ip_shuffle,0,-0.043214671568769805,20260630T011410_192505,h34,00:00:00:00:00:22,0.0,0.001,0.9,0,2026-06-30T01:14:10,0.0,0.0,0.0,1
ip_shuffle,0,-0.06077921432477387,20260630T011410_192505,h7,00:00:00:00:00:07,0.0,0.001,0.93,0,2026-06-30T01:14:10,0.0,0.0,0.07,1
ip_shuffle,0,-0.04105568506186841,20260630T011410_192505,h33,00:00:00:00:00:21,0.0,0.001,0.86,0,2026-06-30T01:14:10,0.0,0.0,0.0,1
ip_shuffle,0,-0.06084788354067122,20260630T011410_192505,h9,00:00:00:00:00:09,0.0,0.001,0.9,0,2026-06-30T01:14:10,0.0,0.0,0.07,1
ip_shuffle,0,-0.05787346130787062,20260630T011410_192505,h35,00:00:00:00:00:23,0.0,0.001,0.9,0,2026-06-30T01:14:10,0.0,0.0,0.0,1
ip_shuffle,0,-0.12687696028311046,20260630T011410_192505,h6,00:00:00:00:00:06,0.0,0.001,0.77,0,2026-06-30T01:14:10,0.0,0.0,0.2,1
ip_shuffle,0,-0.05982615496676301,20260630T011410_192505,h5,00:00:00:00:00:05,0.0,0.001,0.9,0,2026-06-30T01:14:10,0.0,0.0,0.07,1
ip_shuffle,0,-0.04770380699778365,20260630T011410_192505,h28,00:00:00:00:00:1C,0.0,0.001,0.86,0,2026-06-30T01:14:10,0.0,0.0,0.03,1
ip_shuffle,0,-0.046911362881323956,20260630T011410_192505,h4,00:00:00:00:00:04,0.0,0.001,0.9,0,2026-06-30T01:14:10,0.0,0.0,0.07,1
ip_shuffle,0,-0.10170234371661308,20260630T011410_192505,h29,00:00:00:00:00:1D,0.0,0.001,0.9,0,2026-06-30T01:14:10,0.0,0.0,0.0,1
ip_shuffle,1,-0.10867157780740758,20260630T011410_192505,h24,00:00:00:00:00:18,0.0,0.001,0.9,0,2026-06-30T01:14:10,0.0,0.0,0.0,1
ip_shuffle,1,,20260630T011410_192505,h1,00:00:00:00:00:01,0.0,0.002,2.06,0,2026-06-30T01:14:10,0.0,0.001,1.13,0
ip_shuffle,0,-0.01205600756382727,20260630T011410_192505,h32,00:00:00:00:00:20,0.0,0.001,0.86,0,2026-06-30T01:14:10,0.0,0.0,0.0,1
ip_shuffle,1,-0.09901859070621472,20260630T011410_192505,h26,00:00:00:00:00:1A,0.0,0.001,0.86,0,2026-06-30T01:14:10,0.0,0.0,0.0,1
ip_shuffle,1,-0.057011544349457086,20260630T011410_192505,h23,00:00:00:00:00:17,0.0,0.001,0.86,0,2026-06-30T01:14:10,0.0,0.0,0.03,1
ip_shuffle,0,-0.11954905822179179,20260630T011410_192505,h27,00:00:00:00:00:1B,0.0,0.001,0.86,0,2026-06-30T01:14:10,0.0,0.0,0.0,1
ip_shuffle,0,-0.0599852552251654,20260630T011410_192505,h2,00:00:00:00:00:02,0.0,0.001,0.9,0,2026-06-30T01:14:10,0.0,0.0,0.07,1
ip_shuffle,0,-0.12748310549639652,20260630T011410_192505,h8,00:00:00:00:00:08,0.0,0.001,1.03,0,2026-06-30T01:14:10,0.0,0.0,0.5,1
route_mutation,0,-0.12837429891702284,20260630T011514_363834,h19,00:00:00:00:00:13,0.0,0.001,1.03,0,2026-06-30T01:15:14,0.0,0.0,0.0,1
route_mutation,0,-0.09900512344967069,20260630T011514_363834,h31,00:00:00:00:00:1F,0.0,0.001,0.96,0,2026-06-30T01:15:14,0.0,0.0,0.23,1
route_mutation,0,-0.13532653865773575,20260630T011514_363834,h20,00:00:00:00:00:14,0.0,0.001,1.16,0,2026-06-30T01:15:14,0.0,0.0,0.13,1
route_mutation,0,-0.11501045852259502,20260630T011514_363834,h25,00:00:00:00:00:19,0.0,0.001,1.0,0,2026-06-30T01:15:14,0.0,0.0,0.0,1
route_mutation,0,-0.08123782980967237,20260630T011514_363834,h10,00:00:00:00:00:0A,0.0,0.001,1.0,0,2026-06-30T01:15:14,0.0,0.0,0.0,1
route_mutation,0,-0.020412515351351454,20260630T011514_363834,h30,00:00:00:00:00:1E,0.0,0.001,1.03,0,2026-06-30T01:15:14,0.0,0.0,0.07,1
route_mutation,0,-0.08107169189586806,20260630T011514_363834,h15,00:00:00:00:00:0F,0.0,0.001,1.0,0,2026-06-30T01:15:14,0.0,0.0,0.0,1
route_mutation,0,-0.08387918201801811,20260630T011514_363834,h36,00:00:00:00:00:24,0.0,0.001,1.06,0,2026-06-30T01:15:14,0.0,0.0,0.07,1
route_mutation,0,-0.13297348329437117,20260630T011514_363834,h17,00:00:00:00:00:11,0.0,0.001,1.3,0,2026-06-30T01:15:14,0.0,0.0,0.33,1
route_mutation,0,-0.10773942104841039,20260630T011514_363834,h39,00:00:00:00:00:27,0.0,0.001,0.96,0,2026-06-30T01:15:14,0.0,0.0,0.27,1
route_mutation,0,-0.0823606178990172,20260630T011514_363834,h14,00:00:00:00:00:0E,0.0,0.001,1.0,0,2026-06-30T01:15:14,0.0,0.0,0.0,1
route_mutation,0,-0.07595075738632526,20260630T011514_363834,h38,00:00:00:00:00:26,0.0,0.001,1.03,0,2026-06-30T01:15:14,0.0,0.0,0.07,1
route_mutation,0,-0.08246611988723215,20260630T011514_363834,h18,00:00:00:00:00:12,0.0,0.001,1.03,0,2026-06-30T01:15:14,0.0,0.0,0.0,1
route_mutation,0,-0.0823606178990172,20260630T011514_363834,h13,00:00:00:00:00:0D,0.0,0.001,1.0,0,2026-06-30T01:15:14,0.0,0.0,0.03,1
route_mutation,0,-0.08236088272243905,20260630T011514_363834,h12,00:00:00:00:00:0C,0.0,0.001,1.0,0,2026-06-30T01:15:14,0.0,0.0,0.03,1
route_mutation,0,-0.08123695710352033,20260630T011514_363834,h11,00:00:00:00:00:0B,0.0,0.001,1.03,0,2026-06-30T01:15:14,0.0,0.0,0.0,1
route_mutation,0,-0.11901914776627352,20260630T011514_363834,h16,00:00:00:00:00:10,0.0,0.001,1.03,0,2026-06-30T01:15:14,0.0,0.0,0.0,1
route_mutation,0,-0.13035314156754504,20260630T011514_363834,h21,00:00:00:00:00:15,0.0,0.001,1.03,0,2026-06-30T01:15:14,0.0,0.0,0.0,1
route_mutation,1,-0.0991606178990172,20260630T011514_363834,h3,00:00:00:00:00:03,0.0,0.001,1.0,0,2026-06-30T01:15:14,0.0,0.0,0.0,1
route_mutation,0,-0.10906201810511229,20260630T011514_363834,h22,00:00:00:00:00:16,0.0,0.001,1.0,0,2026-06-30T01:15:14,0.0,0.0,0.0,1
route_mutation,0,-0.060662001378678734,20260630T011514_363834,h37,00:00:00:00:00:25,0.0,0.001,1.03,0,2026-06-30T01:15:14,0.0,0.0,0.1,1
route_mutation,0,-0.050259916915097014,20260630T011514_363834,h34,00:00:00:00:00:22,0.0,0.001,1.06,0,2026-06-30T01:15:14,0.0,0.0,0.07,1
route_mutation,1,-0.08123695710352033,20260630T011514_363834,h7,00:00:00:00:00:07,0.0,0.001,1.0,0,2026-06-30T01:15:14,0.0,0.0,0.0,1
route_mutation,1,0.08086666666666664,20260630T011514_363834,h33,00:00:00:00:00:21,0.0,0.14,322.39,0,2026-06-30T01:15:14,0.0,0.14,323.15,1
route_mutation,0,-0.0823606178990172,20260630T011514_363834,h9,00:00:00:00:00:09,0.0,0.001,1.0,0,2026-06-30T01:15:14,0.0,0.0,0.03,1
route_mutation,0,-0.044990293129129236,20260630T011514_363834,h35,00:00:00:00:00:23,0.0,0.001,1.06,0,2026-06-30T01:15:14,0.0,0.0,0.1,1
route_mutation,1,-0.12477483420751521,20260630T011514_363834,h6,00:00:00:00:00:06,0.0,0.001,1.0,0,2026-06-30T01:15:14,0.0,0.0,0.0,1
route_mutation,1,-0.09244641011754409,20260630T011514_363834,h5,00:00:00:00:00:05,0.0,0.001,1.03,0,2026-06-30T01:15:14,0.0,0.0,0.03,1
route_mutation,0,-0.08227096604955916,20260630T011514_363834,h28,00:00:00:00:00:1C,0.0,0.001,0.96,0,2026-06-30T01:15:14,0.0,0.0,0.0,1
route_mutation,1,-0.09244684729751457,20260630T011514_363834,h4,00:00:00:00:00:04,0.0,0.001,1.0,0,2026-06-30T01:15:14,0.0,0.0,0.0,1
route_mutation,0,-0.10408723166415318,20260630T011514_363834,h29,00:00:00:00:00:1D,0.0,0.001,0.96,0,2026-06-30T01:15:14,0.0,0.0,0.2,1
route_mutation,0,-0.10783477046378433,20260630T011514_363834,h24,00:00:00:00:00:18,0.0,0.001,0.96,0,2026-06-30T01:15:14,0.0,0.0,0.03,1
route_mutation,1,,20260630T011514_363834,h1,00:00:00:00:00:01,0.0,0.002,2.49,0,2026-06-30T01:15:14,0.0,0.001,1.43,0
route_mutation,0,-0.012486000134925596,20260630T011514_363834,h32,00:00:00:00:00:20,0.0,0.001,1.03,0,2026-06-30T01:15:14,0.0,0.0,0.07,1
route_mutation,0,-0.11026284178463121,20260630T011514_363834,h26,00:00:00:00:00:1A,0.0,0.001,0.96,0,2026-06-30T01:15:14,0.0,0.0,0.0,1
route_mutation,0,-0.0990517100661529,20260630T011514_363834,h23,00:00:00:00:00:17,0.0,0.001,0.96,0,2026-06-30T01:15:14,0.0,0.0,0.0,1
route_mutation,0,-0.11623687846503578,20260630T011514_363834,h27,00:00:00:00:00:1B,0.0,0.001,1.0,0,2026-06-30T01:15:14,0.0,0.0,0.03,1
route_mutation,1,0.026475063686580452,20260630T011514_363834,h2,00:00:00:00:00:02,0.0,0.135,311.42,0,2026-06-30T01:15:14,0.0,0.134,310.25,1
route_mutation,1,-0.12602489338713802,20260630T011514_363834,h8,00:00:00:00:00:08,0.0,0.001,1.0,0,2026-06-30T01:15:14,0.0,0.0,0.0,1
ip_shuffle,1,-0.12180814837605644,20260630T011544_738440,h19,00:00:00:00:00:13,0.0,0.001,0.87,0,2026-06-30T01:15:44,0.0,0.0,0.0,1
ip_shuffle,0,-0.09048533131871936,20260630T011544_738440,h31,00:00:00:00:00:1F,0.0,0.001,0.87,0,2026-06-30T01:15:44,0.0,0.0,0.0,1
ip_shuffle,1,-0.12915279299500515,20260630T011544_738440,h20,00:00:00:00:00:14,0.0,0.001,0.87,0,2026-06-30T01:15:44,0.0,0.0,0.0,1
ip_shuffle,0,-0.10837819926028192,20260630T011544_738440,h25,00:00:00:00:00:19,0.0,0.001,0.87,0,2026-06-30T01:15:44,0.0,0.0,0.0,1
ip_shuffle,0,-0.07119239992555267,20260630T011544_738440,h10,00:00:00:00:00:0A,0.0,0.001,0.87,0,2026-06-30T01:15:44,0.0,0.0,0.03,1
ip_shuffle,0,-0.00019560682020072773,20260630T011544_738440,h30,00:00:00:00:00:1E,0.0,0.001,0.87,0,2026-06-30T01:15:44,0.0,0.0,0.0,1
ip_shuffle,0,-0.07099207318841638,20260630T011544_738440,h15,00:00:00:00:00:0F,0.0,0.001,0.87,0,2026-06-30T01:15:44,0.0,0.0,0.0,1
ip_shuffle,0,-0.07277974981057948,20260630T011544_738440,h36,00:00:00:00:00:24,0.0,0.001,0.87,0,2026-06-30T01:15:44,0.0,0.0,0.0,1
ip_shuffle,1,-0.12444560887690956,20260630T011544_738440,h17,00:00:00:00:00:11,0.0,0.001,0.87,0,2026-06-30T01:15:44,0.0,0.0,0.0,1
ip_shuffle,0,-0.1009625029216558,20260630T011544_738440,h39,00:00:00:00:00:27,0.0,0.001,0.87,0,2026-06-30T01:15:44,0.0,0.0,0.0,1
ip_shuffle,0,-0.0724938612587286,20260630T011544_738440,h14,00:00:00:00:00:0E,0.0,0.001,0.87,0,2026-06-30T01:15:44,0.0,0.0,0.0,1
ip_shuffle,0,-0.06356793076320569,20260630T011544_738440,h38,00:00:00:00:00:26,0.0,0.001,0.87,0,2026-06-30T01:15:44,0.0,0.0,0.0,1
ip_shuffle,1,-0.07261667730000289,20260630T011544_738440,h18,00:00:00:00:00:12,0.0,0.001,0.87,0,2026-06-30T01:15:44,0.0,0.0,0.0,1
ip_shuffle,0,-0.0724938612587286,20260630T011544_738440,h13,00:00:00:00:00:0D,0.0,0.001,0.87,0,2026-06-30T01:15:44,0.0,0.0,0.0,1
ip_shuffle,0,-0.07249416492991506,20260630T011544_738440,h12,00:00:00:00:00:0C,0.0,0.001,0.87,0,2026-06-30T01:15:44,0.0,0.0,0.0,1
ip_shuffle,0,-0.07119239992555267,20260630T011544_738440,h11,00:00:00:00:00:0B,0.0,0.001,0.87,0,2026-06-30T01:15:44,0.0,0.0,0.0,1
ip_shuffle,0,-0.11151594659771623,20260630T011544_738440,h16,00:00:00:00:00:10,0.0,0.001,0.87,0,2026-06-30T01:15:44,0.0,0.0,0.0,1
ip_shuffle,1,-0.12663188867110914,20260630T011544_738440,h21,00:00:00:00:00:15,0.0,0.001,0.87,0,2026-06-30T01:15:44,0.0,0.0,0.03,1
ip_shuffle,0,-0.09211580155431329,20260630T011544_738440,h3,00:00:00:00:00:03,0.0,0.001,0.93,0,2026-06-30T01:15:44,0.0,0.0,0.07,1
ip_shuffle,1,-0.10366030614355162,20260630T011544_738440,h22,00:00:00:00:00:16,0.0,0.001,0.87,0,2026-06-30T01:15:44,0.0,0.0,0.03,1
ip_shuffle,0,-0.04715083719270763,20260630T011544_738440,h37,00:00:00:00:00:25,0.0,0.001,0.87,0,2026-06-30T01:15:44,0.0,0.0,0.0,1
ip_shuffle,0,-0.03502766673948772,20260630T011544_738440,h34,00:00:00:00:00:22,0.0,0.001,0.87,0,2026-06-30T01:15:44,0.0,0.0,0.0,1
ip_shuffle,0,-0.0712160060869169,20260630T011544_738440,h7,00:00:00:00:00:07,0.0,0.001,0.93,0,2026-06-30T01:15:44,0.0,0.0,0.07,1
ip_shuffle,1,0.11782321593856213,20260630T011544_738440,h33,00:00:00:00:00:21,0.0,0.2,462.63,1,2026-06-30T01:15:44,0.0,0.199,461.7,1
ip_shuffle,0,-0.0724938612587286,20260630T011544_738440,h9,00:00:00:00:00:09,0.0,0.001,0.87,0,2026-06-30T01:15:44,0.0,0.0,0.0,1
ip_shuffle,0,-0.028869680894274843,20260630T011544_738440,h35,00:00:00:00:00:23,0.0,0.001,0.87,0,2026-06-30T01:15:44,0.0,0.0,0.0,1
ip_shuffle,0,-0.11643101957431891,20260630T011544_738440,h6,00:00:00:00:00:06,0.0,0.001,0.87,0,2026-06-30T01:15:44,0.0,0.0,0.23,1
ip_shuffle,0,-0.08428292351950402,20260630T011544_738440,h5,00:00:00:00:00:05,0.0,0.001,0.93,0,2026-06-30T01:15:44,0.0,0.0,0.07,1
ip_shuffle,0,-0.07237077192607826,20260630T011544_738440,h28,00:00:00:00:00:1C,0.0,0.001,0.87,0,2026-06-30T01:15:44,0.0,0.0,0.0,1
ip_shuffle,0,-0.08428242200415283,20260630T011544_738440,h4,00:00:00:00:00:04,0.0,0.001,0.93,0,2026-06-30T01:15:44,0.0,0.0,0.07,1
ip_shuffle,0,-0.09658589248837052,20260630T011544_738440,h29,00:00:00:00:00:1D,0.0,0.001,0.9,0,2026-06-30T01:15:44,0.0,0.0,0.03,1
ip_shuffle,1,-0.09940570281402489,20260630T011544_738440,h24,00:00:00:00:00:18,0.0,0.001,0.9,0,2026-06-30T01:15:44,0.0,0.0,0.0,1
ip_shuffle,1,,20260630T011544_738440,h1,00:00:00:00:00:01,0.0,0.001,1.3,0,2026-06-30T01:15:44,0.0,0.0,0.47,0
ip_shuffle,0,0.010475764848724617,20260630T011544_738440,h32,00:00:00:00:00:20,0.0,0.001,0.87,1,2026-06-30T01:15:44,0.0,0.0,0.0,1
ip_shuffle,0,-0.10244210186459107,20260630T011544_738440,h26,00:00:00:00:00:1A,0.0,0.001,0.9,0,2026-06-30T01:15:44,0.0,0.0,0.0,1
ip_shuffle,1,-0.09197077192607825,20260630T011544_738440,h23,00:00:00:00:00:17,0.0,0.001,0.87,0,2026-06-30T01:15:44,0.0,0.0,0.0,1
ip_shuffle,0,-0.10779735622373922,20260630T011544_738440,h27,00:00:00:00:00:1B,0.0,0.001,0.87,0,2026-06-30T01:15:44,0.0,0.0,0.0,1
ip_shuffle,1,0.060914012793710226,20260630T011544_738440,h2,00:00:00:00:00:02,0.0,0.201,463.4,1,2026-06-30T01:15:44,0.0,0.2,462.47,1
ip_shuffle,0,-0.118292497959462,20260630T011544_738440,h8,00:00:00:00:00:08,0.0,0.001,0.87,0,2026-06-30T01:15:44,0.0,0.0,0.13,1
ip_shuffle,0,-0.11397095180905768,20260630T011656_215519,h19,00:00:00:00:00:13,0.0,0.001,0.76,0,2026-06-30T01:16:56,0.0,0.0,0.0,1
ip_shuffle,0,-0.08036850193650094,20260630T011656_215519,h31,00:00:00:00:00:1F,0.0,0.001,0.7,0,2026-06-30T01:16:56,0.0,0.0,0.0,1
ip_shuffle,0,-0.11438218008197461,20260630T011656_215519,h20,00:00:00:00:00:14,0.0,0.001,0.76,0,2026-06-30T01:16:56,0.0,0.0,0.0,1
ip_shuffle,0,-0.09969514908517124,20260630T011656_215519,h25,00:00:00:00:00:19,0.0,0.001,0.7,0,2026-06-30T01:16:56,0.0,0.0,0.0,1
ip_shuffle,0,-0.06025788311304062,20260630T011656_215519,h10,00:00:00:00:00:0A,0.0,0.001,0.76,0,2026-06-30T01:16:56,0.0,0.0,0.0,1
ip_shuffle,0,0.02145459862435095,20260630T011656_215519,h30,00:00:00:00:00:1E,0.0,0.001,0.7,1,2026-06-30T01:16:56,0.0,0.0,0.0,1
ip_shuffle,0,-0.060244017628617225,20260630T011656_215519,h15,00:00:00:00:00:0F,0.0,0.001,0.76,0,2026-06-30T01:16:56,0.0,0.0,0.0,1
ip_shuffle,0,-0.03939076219885307,20260630T011656_215519,h36,00:00:00:00:00:24,0.0,0.001,0.76,0,2026-06-30T01:16:56,0.0,0.0,0.0,1
ip_shuffle,0,-0.11523263896026913,20260630T011656_215519,h17,00:00:00:00:00:11,0.0,0.001,0.76,0,2026-06-30T01:16:56,0.0,0.0,0.0,1
ip_shuffle,0,-0.07224689471288466,20260630T011656_215519,h39,00:00:00:00:00:27,0.0,0.001,0.76,0,2026-06-30T01:16:56,0.0,0.0,0.23,1
ip_shuffle,0,-0.06166115725943483,20260630T011656_215519,h14,00:00:00:00:00:0E,0.0,0.001,0.76,0,2026-06-30T01:16:56,0.0,0.0,0.0,1
ip_shuffle,0,-0.0291391044934924,20260630T011656_215519,h38,00:00:00:00:00:26,0.0,0.001,0.8,0,2026-06-30T01:16:56,0.0,0.0,0.03,1
ip_shuffle,0,-0.06177353050439488,20260630T011656_215519,h18,00:00:00:00:00:12,0.0,0.001,0.76,0,2026-06-30T01:16:56,0.0,0.0,0.0,1
ip_shuffle,0,-0.06166115725943483,20260630T011656_215519,h13,00:00:00:00:00:0D,0.0,0.001,0.76,0,2026-06-30T01:16:56,0.0,0.0,0.0,1
ip_shuffle,0,-0.061662291443494915,20260630T011656_215519,h12,00:00:00:00:00:0C,0.0,0.001,0.76,0,2026-06-30T01:16:56,0.0,0.0,0.0,1
ip_shuffle,0,-0.06024662184796713,20260630T011656_215519,h11,00:00:00:00:00:0B,0.0,0.001,0.76,0,2026-06-30T01:16:56,0.0,0.0,0.0,1
ip_shuffle,0,-0.11130570695457423,20260630T011656_215519,h16,00:00:00:00:00:10,0.0,0.001,0.76,0,2026-06-30T01:16:56,0.0,0.0,0.0,1
ip_shuffle,0,-0.09778094100231235,20260630T011656_215519,h21,00:00:00:00:00:15,0.0,0.001,0.76,0,2026-06-30T01:16:56,0.0,0.0,0.0,1
ip_shuffle,1,-0.08403925116538827,20260630T011656_215519,h3,00:00:00:00:00:03,0.0,0.001,0.76,0,2026-06-30T01:16:56,0.0,0.0,0.0,1
ip_shuffle,0,-0.060349839783387677,20260630T011656_215519,h22,00:00:00:00:00:16,0.0,0.001,0.7,0,2026-06-30T01:16:56,0.0,0.0,0.0,1
ip_shuffle,0,-0.00965541167787437,20260630T011656_215519,h37,00:00:00:00:00:25,0.0,0.001,0.76,0,2026-06-30T01:16:56,0.0,0.0,0.0,1
ip_shuffle,0,-0.018635997482747926,20260630T011656_215519,h34,00:00:00:00:00:22,0.0,0.001,0.76,0,2026-06-30T01:16:56,0.0,0.0,0.0,1
ip_shuffle,0,-0.07516677602534476,20260630T011656_215519,h7,00:00:00:00:00:07,0.0,0.001,0.76,0,2026-06-30T01:16:56,0.0,0.0,0.0,1
ip_shuffle,0,-0.10456424451269314,20260630T011656_215519,h33,00:00:00:00:00:21,0.0,0.001,0.7,0,2026-06-30T01:16:56,0.0,0.0,0.0,1
ip_shuffle,0,-0.06166115725943483,20260630T011656_215519,h9,00:00:00:00:00:09,0.0,0.001,0.76,0,2026-06-30T01:16:56,0.0,0.0,0.0,1
ip_shuffle,0,0.011085879379354902,20260630T011656_215519,h35,00:00:00:00:00:23,0.0,0.001,0.76,1,2026-06-30T01:16:56,0.0,0.0,0.0,1
ip_shuffle,0,-0.10708244327153266,20260630T011656_215519,h6,00:00:00:00:00:06,0.0,0.001,0.76,0,2026-06-30T01:16:56,0.0,0.0,0.0,1
ip_shuffle,1,-0.08263436090158022,20260630T011656_215519,h5,00:00:00:00:00:05,0.0,0.001,0.76,0,2026-06-30T01:16:56,0.0,0.0,0.0,1
ip_shuffle,0,-0.06150946538213356,20260630T011656_215519,h28,00:00:00:00:00:1C,0.0,0.001,0.7,0,2026-06-30T01:16:56,0.0,0.0,0.0,1
ip_shuffle,1,-0.08263482007577802,20260630T011656_215519,h4,00:00:00:00:00:04,0.0,0.001,0.76,0,2026-06-30T01:16:56,0.0,0.0,0.0,1
ip_shuffle,0,-0.08623154018916576,20260630T011656_215519,h29,00:00:00:00:00:1D,0.0,0.001,0.7,0,2026-06-30T01:16:56,0.0,0.0,0.0,1
ip_shuffle,0,-0.08888511087075052,20260630T011656_215519,h24,00:00:00:00:00:18,0.0,0.001,0.7,0,2026-06-30T01:16:56,0.0,0.0,0.0,1
ip_shuffle,1,,20260630T011656_215519,h1,00:00:00:00:00:01,0.0,0.001,1.0,0,2026-06-30T01:16:56,0.0,0.0,0.2,0
ip_shuffle,0,-0.09268160851264387,20260630T011656_215519,h26,00:00:00:00:00:1A,0.0,0.001,0.7,0,2026-06-30T01:16:56,0.0,0.0,0.0,1
ip_shuffle,0,-0.12252637432787378,20260630T011656_215519,h32,00:00:00:00:00:20,0.0,0.001,0.7,0,2026-06-30T01:16:56,0.0,0.0,0.0,1
ip_shuffle,0,-0.06177641388593054,20260630T011656_215519,h23,00:00:00:00:00:17,0.0,0.001,0.7,0,2026-06-30T01:16:56,0.0,0.0,0.0,1
ip_shuffle,0,-0.0977794055233902,20260630T011656_215519,h27,00:00:00:00:00:1B,0.0,0.001,0.7,0,2026-06-30T01:16:56,0.0,0.0,0.0,1
ip_shuffle,1,-0.11276227172583811,20260630T011656_215519,h2,00:00:00:00:00:02,0.0,0.001,0.76,0,2026-06-30T01:16:56,0.0,0.0,0.0,1
ip_shuffle,0,-0.1092413412765981,20260630T011656_215519,h8,00:00:00:00:00:08,0.0,0.001,0.76,0,2026-06-30T01:16:56,0.0,0.0,0.0,1
route_mutation,0,-0.10709184526365106,20260630T011800_693962,h19,00:00:00:00:00:13,0.0,0.001,1.23,0,2026-06-30T01:18:00,0.0,0.0,0.23,1
route_mutation,1,-0.09000911409033838,20260630T011800_693962,h31,00:00:00:00:00:1F,0.0,0.001,1.26,0,2026-06-30T01:18:00,0.0,0.0,0.0,1
route_mutation,0,-0.1053482392397281,20260630T011800_693962,h20,00:00:00:00:00:14,0.0,0.001,1.23,0,2026-06-30T01:18:00,0.0,0.0,0.23,1
route_mutation,1,-0.08617029690578695,20260630T011800_693962,h25,00:00:00:00:00:19,0.0,0.001,1.23,0,2026-06-30T01:18:00,0.0,0.0,0.13,1
route_mutation,0,-0.050075804563004644,20260630T011800_693962,h10,00:00:00:00:00:0A,0.0,0.001,1.26,0,2026-06-30T01:18:00,0.0,0.0,0.0,1
route_mutation,1,-0.1250915276295106,20260630T011800_693962,h30,00:00:00:00:00:1E,0.0,0.001,1.26,0,2026-06-30T01:18:00,0.0,0.0,0.0,1
route_mutation,0,-0.05007210663301555,20260630T011800_693962,h15,00:00:00:00:00:0F,0.0,0.001,1.26,0,2026-06-30T01:18:00,0.0,0.0,0.0,1
route_mutation,0,-0.02657533735126648,20260630T011800_693962,h36,00:00:00:00:00:24,0.0,0.001,1.23,0,2026-06-30T01:18:00,0.0,0.0,0.0,1
route_mutation,0,-0.10647852396594665,20260630T011800_693962,h17,00:00:00:00:00:11,0.0,0.001,1.23,0,2026-06-30T01:18:00,0.0,0.0,0.2,1
route_mutation,0,-0.058823833045849316,20260630T011800_693962,h39,00:00:00:00:00:27,0.0,0.001,1.23,0,2026-06-30T01:18:00,0.0,0.0,0.0,1
route_mutation,0,-0.050075804563004644,20260630T011800_693962,h14,00:00:00:00:00:0E,0.0,0.001,1.26,0,2026-06-30T01:18:00,0.0,0.0,0.0,1
route_mutation,0,-0.015041324613885382,20260630T011800_693962,h38,00:00:00:00:00:26,0.0,0.001,1.23,0,2026-06-30T01:18:00,0.0,0.0,0.0,1
route_mutation,0,-0.07537711389800217,20260630T011800_693962,h18,00:00:00:00:00:12,0.0,0.001,1.29,0,2026-06-30T01:18:00,0.0,0.0,0.07,1
route_mutation,0,-0.050075804563004644,20260630T011800_693962,h13,00:00:00:00:00:0D,0.0,0.001,1.26,0,2026-06-30T01:18:00,0.0,0.0,0.0,1
route_mutation,0,-0.05007606261952413,20260630T011800_693962,h12,00:00:00:00:00:0C,0.0,0.001,1.26,0,2026-06-30T01:18:00,0.0,0.0,0.0,1
route_mutation,0,-0.050075804563004644,20260630T011800_693962,h11,00:00:00:00:00:0B,0.0,0.001,1.26,0,2026-06-30T01:18:00,0.0,0.0,0.0,1
route_mutation,0,-0.09405972215315161,20260630T011800_693962,h16,00:00:00:00:00:10,0.0,0.001,1.26,0,2026-06-30T01:18:00,0.0,0.0,0.1,1
route_mutation,0,-0.08904084751761376,20260630T011800_693962,h21,00:00:00:00:00:15,0.0,0.001,1.23,0,2026-06-30T01:18:00,0.0,0.0,0.23,1
route_mutation,0,-0.0768526215430989,20260630T011800_693962,h3,00:00:00:00:00:03,0.0,0.001,1.26,0,2026-06-30T01:18:00,0.0,0.0,0.0,1
route_mutation,0,-0.05018034184350266,20260630T011800_693962,h22,00:00:00:00:00:16,0.0,0.001,1.33,0,2026-06-30T01:18:00,0.0,0.0,0.07,1
route_mutation,0,0.006879689253888516,20260630T011800_693962,h37,00:00:00:00:00:25,0.0,0.001,1.23,0,2026-06-30T01:18:00,0.0,0.0,0.0,1
route_mutation,0,-0.003238127837333016,20260630T011800_693962,h34,00:00:00:00:00:22,0.0,0.001,1.23,0,2026-06-30T01:18:00,0.0,0.0,0.0,1
route_mutation,0,-0.06267606261952413,20260630T011800_693962,h7,00:00:00:00:00:07,0.0,0.001,1.26,0,2026-06-30T01:18:00,0.0,0.0,0.0,1
route_mutation,0,-0.06762844048866429,20260630T011800_693962,h33,00:00:00:00:00:21,0.0,0.001,1.26,0,2026-06-30T01:18:00,0.0,0.0,0.0,1
route_mutation,0,-0.050075804563004644,20260630T011800_693962,h9,00:00:00:00:00:09,0.0,0.001,1.26,0,2026-06-30T01:18:00,0.0,0.0,0.0,1
route_mutation,0,-0.12358689193569374,20260630T011800_693962,h35,00:00:00:00:00:23,0.0,0.001,1.23,0,2026-06-30T01:18:00,0.0,0.0,0.0,1
route_mutation,0,-0.09849322343315976,20260630T011800_693962,h6,00:00:00:00:00:06,0.0,0.001,1.26,0,2026-06-30T01:18:00,0.0,0.0,0.0,1
route_mutation,0,-0.07527606261952413,20260630T011800_693962,h5,00:00:00:00:00:05,0.0,0.001,1.26,0,2026-06-30T01:18:00,0.0,0.0,0.0,1
route_mutation,1,-0.04991192338560545,20260630T011800_693962,h28,00:00:00:00:00:1C,0.0,0.001,1.26,0,2026-06-30T01:18:00,0.0,0.0,0.0,1
route_mutation,0,-0.07527580456300464,20260630T011800_693962,h4,00:00:00:00:00:04,0.0,0.001,1.26,0,2026-06-30T01:18:00,0.0,0.0,0.0,1
route_mutation,1,-0.0676061060654169,20260630T011800_693962,h29,00:00:00:00:00:1D,0.0,0.001,1.26,0,2026-06-30T01:18:00,0.0,0.0,0.0,1
route_mutation,0,-0.08011661496675564,20260630T011800_693962,h24,00:00:00:00:00:18,0.0,0.001,1.23,0,2026-06-30T01:18:00,0.0,0.0,0.2,1
route_mutation,1,,20260630T011800_693962,h1,00:00:00:00:00:01,0.0,0.002,2.19,0,2026-06-30T01:18:00,0.0,0.001,0.76,0
route_mutation,1,-0.08450035096687922,20260630T011800_693962,h26,00:00:00:00:00:1A,0.0,0.001,1.26,0,2026-06-30T01:18:00,0.0,0.0,0.0,1
route_mutation,0,-0.1072744597250417,20260630T011800_693962,h32,00:00:00:00:00:20,0.0,0.001,1.26,0,2026-06-30T01:18:00,0.0,0.0,0.0,1
route_mutation,0,-0.05018034184350266,20260630T011800_693962,h23,00:00:00:00:00:17,0.0,0.001,1.33,0,2026-06-30T01:18:00,0.0,0.0,0.07,1
route_mutation,1,-0.0889921104121731,20260630T011800_693962,h27,00:00:00:00:00:1B,0.0,0.001,1.26,0,2026-06-30T01:18:00,0.0,0.0,0.0,1
route_mutation,0,-0.0840244849756163,20260630T011800_693962,h2,00:00:00:00:00:02,0.0,0.001,1.26,0,2026-06-30T01:18:00,0.0,0.0,0.0,1
route_mutation,0,-0.10117231580480071,20260630T011800_693962,h8,00:00:00:00:00:08,0.0,0.001,1.26,0,2026-06-30T01:18:00,0.0,0.0,0.0,1
ip_shuffle,0,-0.10017412000356635,20260630T011831_067121,h19,00:00:00:00:00:13,0.0,0.001,1.5,0,2026-06-30T01:18:31,0.0,0.0,0.0,1
ip_shuffle,0,-0.08361400946277425,20260630T011831_067121,h31,00:00:00:00:00:1F,0.0,0.001,1.4,0,2026-06-30T01:18:31,0.0,0.0,0.23,1
ip_shuffle,0,-0.09628365708830808,20260630T011831_067121,h20,00:00:00:00:00:14,0.0,0.001,1.5,0,2026-06-30T01:18:31,0.0,0.0,0.0,1
ip_shuffle,0,-0.07823454593347355,20260630T011831_067121,h25,00:00:00:00:00:19,0.0,0.001,1.43,0,2026-06-30T01:18:31,0.0,0.0,0.1,1
ip_shuffle,0,-0.03986659392408472,20260630T011831_067121,h10,00:00:00:00:00:0A,0.0,0.001,1.5,0,2026-06-30T01:18:31,0.0,0.0,0.0,1
ip_shuffle,0,-0.10868887258751445,20260630T011831_067121,h30,00:00:00:00:00:1E,0.0,0.001,1.4,0,2026-06-30T01:18:31,0.0,0.0,0.23,1
ip_shuffle,0,-0.039862492876336364,20260630T011831_067121,h15,00:00:00:00:00:0F,0.0,0.001,1.5,0,2026-06-30T01:18:31,0.0,0.0,0.0,1
ip_shuffle,0,-0.013815798962498405,20260630T011831_067121,h36,00:00:00:00:00:24,0.0,0.001,1.46,0,2026-06-30T01:18:31,0.0,0.0,0.07,1
ip_shuffle,0,-0.09769316504318473,20260630T011831_067121,h17,00:00:00:00:00:11,0.0,0.001,1.5,0,2026-06-30T01:18:31,0.0,0.0,0.0,1
ip_shuffle,1,-0.04844740129288741,20260630T011831_067121,h39,00:00:00:00:00:27,0.0,0.001,1.4,0,2026-06-30T01:18:31,0.0,0.0,0.0,1
ip_shuffle,0,-0.03986659392408472,20260630T011831_067121,h14,00:00:00:00:00:0E,0.0,0.001,1.5,0,2026-06-30T01:18:31,0.0,0.0,0.0,1
ip_shuffle,0,-0.0009713297796988263,20260630T011831_067121,h38,00:00:00:00:00:26,0.0,0.001,1.4,0,2026-06-30T01:18:31,0.0,0.0,0.0,1
ip_shuffle,0,-0.068007673089506,20260630T011831_067121,h18,00:00:00:00:00:12,0.0,0.001,1.5,0,2026-06-30T01:18:31,0.0,0.0,0.0,1
ip_shuffle,0,-0.03986659392408472,20260630T011831_067121,h13,00:00:00:00:00:0D,0.0,0.001,1.5,0,2026-06-30T01:18:31,0.0,0.0,0.0,1
ip_shuffle,0,-0.03986687841758402,20260630T011831_067121,h12,00:00:00:00:00:0C,0.0,0.001,1.5,0,2026-06-30T01:18:31,0.0,0.0,0.0,1
ip_shuffle,0,-0.03986659392408472,20260630T011831_067121,h11,00:00:00:00:00:0B,0.0,0.001,1.5,0,2026-06-30T01:18:31,0.0,0.0,0.0,1
ip_shuffle,0,-0.08609500948855989,20260630T011831_067121,h16,00:00:00:00:00:10,0.0,0.001,1.5,0,2026-06-30T01:18:31,0.0,0.0,0.0,1
ip_shuffle,0,-0.08025545137151825,20260630T011831_067121,h21,00:00:00:00:00:15,0.0,0.001,1.5,0,2026-06-30T01:18:31,0.0,0.0,0.0,1
ip_shuffle,0,-0.0696147003045661,20260630T011831_067121,h3,00:00:00:00:00:03,0.0,0.001,1.5,0,2026-06-30T01:18:31,0.0,0.0,0.0,1
ip_shuffle,0,-0.04001503936554812,20260630T011831_067121,h22,00:00:00:00:00:16,0.0,0.001,1.4,0,2026-06-30T01:18:31,0.0,0.0,0.0,1
ip_shuffle,0,0.023377813474684622,20260630T011831_067121,h37,00:00:00:00:00:25,0.0,0.001,1.43,1,2026-06-30T01:18:31,0.0,0.0,0.03,1
ip_shuffle,0,0.012114419208364424,20260630T011831_067121,h34,00:00:00:00:00:22,0.0,0.001,1.46,1,2026-06-30T01:18:31,0.0,0.0,0.07,1
ip_shuffle,0,-0.05386687841758403,20260630T011831_067121,h7,00:00:00:00:00:07,0.0,0.001,1.5,0,2026-06-30T01:18:31,0.0,0.0,0.0,1
ip_shuffle,0,-0.030292604643835097,20260630T011831_067121,h33,00:00:00:00:00:21,0.0,0.001,1.4,0,2026-06-30T01:18:31,0.0,0.0,0.23,1
ip_shuffle,0,-0.03986659392408472,20260630T011831_067121,h9,00:00:00:00:00:09,0.0,0.001,1.5,0,2026-06-30T01:18:31,0.0,0.0,0.0,1
ip_shuffle,0,-0.10567776177694055,20260630T011831_067121,h35,00:00:00:00:00:23,0.0,0.001,1.36,0,2026-06-30T01:18:31,0.0,0.0,0.2,1
ip_shuffle,0,-0.10664358546358539,20260630T011831_067121,h6,00:00:00:00:00:06,0.0,0.001,1.5,0,2026-06-30T01:18:31,0.0,0.0,0.0,1
ip_shuffle,0,-0.06786687841758401,20260630T011831_067121,h5,00:00:00:00:00:05,0.0,0.001,1.5,0,2026-06-30T01:18:31,0.0,0.0,0.0,1
ip_shuffle,0,-0.03974617514054962,20260630T011831_067121,h28,00:00:00:00:00:1C,0.0,0.001,1.46,0,2026-06-30T01:18:31,0.0,0.0,0.07,1
ip_shuffle,0,-0.0678665939240847,20260630T011831_067121,h4,00:00:00:00:00:04,0.0,0.001,1.5,0,2026-06-30T01:18:31,0.0,0.0,0.0,1
ip_shuffle,0,-0.05841063851815037,20260630T011831_067121,h29,00:00:00:00:00:1D,0.0,0.001,1.4,0,2026-06-30T01:18:31,0.0,0.0,0.23,1
ip_shuffle,0,-0.06743776574183154,20260630T011831_067121,h24,00:00:00:00:00:18,0.0,0.001,1.43,0,2026-06-30T01:18:31,0.0,0.0,0.03,1
ip_shuffle,1,,20260630T011831_067121,h1,00:00:00:00:00:01,0.0,0.002,2.83,0,2026-06-30T01:18:31,0.0,0.001,1.0,0
ip_shuffle,0,-0.07634910094868329,20260630T011831_067121,h26,00:00:00:00:00:1A,0.0,0.001,1.4,0,2026-06-30T01:18:31,0.0,0.0,0.23,1
ip_shuffle,0,-0.09016463292835726,20260630T011831_067121,h32,00:00:00:00:00:20,0.0,0.001,1.4,0,2026-06-30T01:18:31,0.0,0.0,0.23,1
ip_shuffle,0,-0.04001503936554812,20260630T011831_067121,h23,00:00:00:00:00:17,0.0,0.001,1.4,0,2026-06-30T01:18:31,0.0,0.0,0.0,1
ip_shuffle,0,-0.0802602597272996,20260630T011831_067121,h27,00:00:00:00:00:1B,0.0,0.001,1.4,0,2026-06-30T01:18:31,0.0,0.0,0.23,1
ip_shuffle,0,-0.05528659562044978,20260630T011831_067121,h2,00:00:00:00:00:02,0.0,0.001,1.5,0,2026-06-30T01:18:31,0.0,0.0,0.0,1
ip_shuffle,0,-0.1042540346684998,20260630T011831_067121,h8,00:00:00:00:00:08,0.0,0.001,1.5,0,2026-06-30T01:18:31,0.0,0.0,0.0,1
ip_shuffle,1,-0.09328360777977335,20260630T011935_699599,h19,00:00:00:00:00:13,0.0,0.001,0.96,0,2026-06-30T01:19:35,0.0,0.0,0.0,1
ip_shuffle,0,-0.0771026331034657,20260630T011935_699599,h31,00:00:00:00:00:1F,0.0,0.001,0.96,0,2026-06-30T01:19:35,0.0,0.0,0.0,1
ip_shuffle,1,-0.08723572528194244,20260630T011935_699599,h20,00:00:00:00:00:14,0.0,0.001,0.96,0,2026-06-30T01:19:35,0.0,0.0,0.0,1
ip_shuffle,0,-0.05833788478599662,20260630T011935_699599,h25,00:00:00:00:00:19,0.0,0.001,0.96,0,2026-06-30T01:19:35,0.0,0.0,0.0,1
ip_shuffle,0,-0.029722578160984656,20260630T011935_699599,h10,00:00:00:00:00:0A,0.0,0.001,1.0,0,2026-06-30T01:19:35,0.0,0.0,0.03,1
ip_shuffle,0,-0.0922799687695985,20260630T011935_699599,h30,00:00:00:00:00:1E,0.0,0.001,0.96,0,2026-06-30T01:19:35,0.0,0.0,0.0,1
ip_shuffle,0,-0.02970483819719942,20260630T011935_699599,h15,00:00:00:00:00:0F,0.0,0.001,0.96,0,2026-06-30T01:19:35,0.0,0.0,0.0,1
ip_shuffle,0,-0.0010245231980287317,20260630T011935_699599,h36,00:00:00:00:00:24,0.0,0.001,0.96,0,2026-06-30T01:19:35,0.0,0.0,0.0,1
ip_shuffle,1,-0.0889274684415165,20260630T011935_699599,h17,00:00:00:00:00:11,0.0,0.001,1.0,0,2026-06-30T01:19:35,0.0,0.0,0.0,1
ip_shuffle,0,-0.03812636044319295,20260630T011935_699599,h39,00:00:00:00:00:27,0.0,0.001,0.96,0,2026-06-30T01:19:35,0.0,0.0,0.0,1
ip_shuffle,0,-0.029709352734779176,20260630T011935_699599,h14,00:00:00:00:00:0E,0.0,0.001,0.96,0,2026-06-30T01:19:35,0.0,0.0,0.0,1
ip_shuffle,0,0.0130732526509173,20260630T011935_699599,h38,00:00:00:00:00:26,0.0,0.001,0.96,1,2026-06-30T01:19:35,0.0,0.0,0.0,1
ip_shuffle,1,-0.06063229868027174,20260630T011935_699599,h18,00:00:00:00:00:12,0.0,0.001,0.96,0,2026-06-30T01:19:35,0.0,0.0,0.0,1
ip_shuffle,0,-0.029709352734779176,20260630T011935_699599,h13,00:00:00:00:00:0D,0.0,0.001,0.96,0,2026-06-30T01:19:35,0.0,0.0,0.0,1
ip_shuffle,0,-0.029709665990130404,20260630T011935_699599,h12,00:00:00:00:00:0C,0.0,0.001,0.96,0,2026-06-30T01:19:35,0.0,0.0,0.0,1
ip_shuffle,0,-0.029709352734779176,20260630T011935_699599,h11,00:00:00:00:00:0B,0.0,0.001,0.96,0,2026-06-30T01:19:35,0.0,0.0,0.0,1
ip_shuffle,1,-0.0781910693851553,20260630T011935_699599,h16,00:00:00:00:00:10,0.0,0.001,0.96,0,2026-06-30T01:19:35,0.0,0.0,0.0,1
ip_shuffle,1,-0.0715030026892484,20260630T011935_699599,h21,00:00:00:00:00:15,0.0,0.001,0.96,0,2026-06-30T01:19:35,0.0,0.0,0.0,1
ip_shuffle,0,-0.08299706098296367,20260630T011935_699599,h3,00:00:00:00:00:03,0.0,0.001,1.03,0,2026-06-30T01:19:35,0.0,0.0,0.07,1
ip_shuffle,0,-0.029837521935020123,20260630T011935_699599,h22,00:00:00:00:00:16,0.0,0.001,0.96,0,2026-06-30T01:19:35,0.0,0.0,0.0,1
ip_shuffle,0,-0.1263521981932077,20260630T011935_699599,h37,00:00:00:00:00:25,0.0,0.001,0.96,0,2026-06-30T01:19:35,0.0,0.0,0.0,1
ip_shuffle,0,-0.1274728497744646,20260630T011935_699599,h34,00:00:00:00:00:22,0.0,0.001,0.96,0,2026-06-30T01:19:35,0.0,0.0,0.0,1
ip_shuffle,0,-0.029741248228310993,20260630T011935_699599,h7,00:00:00:00:00:07,0.0,0.001,1.03,0,2026-06-30T01:19:35,0.0,0.0,0.07,1
ip_shuffle,0,0.006776510153460286,20260630T011935_699599,h33,00:00:00:00:00:21,0.0,0.001,0.96,1,2026-06-30T01:19:35,0.0,0.0,0.0,1
ip_shuffle,0,-0.02974093378886726,20260630T011935_699599,h9,00:00:00:00:00:09,0.0,0.001,1.03,0,2026-06-30T01:19:35,0.0,0.0,0.07,1
ip_shuffle,0,-0.08776907263858624,20260630T011935_699599,h35,00:00:00:00:00:23,0.0,0.001,0.96,0,2026-06-30T01:19:35,0.0,0.0,0.0,1
ip_shuffle,0,-0.11395707142190724,20260630T011935_699599,h6,00:00:00:00:00:06,0.0,0.001,0.96,0,2026-06-30T01:19:35,0.0,0.0,0.2,1
ip_shuffle,0,-0.08107458156164431,20260630T011935_699599,h5,00:00:00:00:00:05,0.0,0.001,1.03,0,2026-06-30T01:19:35,0.0,0.0,0.07,1
ip_shuffle,0,-0.0808760699615215,20260630T011935_699599,h28,00:00:00:00:00:1C,0.0,0.001,0.96,0,2026-06-30T01:19:35,0.0,0.0,0.0,1
ip_shuffle,0,-0.0810742671222006,20260630T011935_699599,h4,00:00:00:00:00:04,0.0,0.001,1.03,0,2026-06-30T01:19:35,0.0,0.0,0.07,1
ip_shuffle,0,-0.09576493145750437,20260630T011935_699599,h29,00:00:00:00:00:1D,0.0,0.001,0.96,0,2026-06-30T01:19:35,0.0,0.0,0.0,1
ip_shuffle,0,-0.058117008686454905,20260630T011935_699599,h24,00:00:00:00:00:18,0.0,0.001,0.96,0,2026-06-30T01:19:35,0.0,0.0,0.0,1
ip_shuffle,1,,20260630T011935_699599,h1,00:00:00:00:00:01,0.0,0.001,1.76,0,2026-06-30T01:19:35,0.0,0.001,0.73,0
ip_shuffle,0,-0.06012978109712212,20260630T011935_699599,h26,00:00:00:00:00:1A,0.0,0.001,0.96,0,2026-06-30T01:19:35,0.0,0.0,0.0,1
ip_shuffle,0,-0.07305090972412565,20260630T011935_699599,h32,00:00:00:00:00:20,0.0,0.001,0.96,0,2026-06-30T01:19:35,0.0,0.0,0.0,1
ip_shuffle,0,-0.029837521935020123,20260630T011935_699599,h23,00:00:00:00:00:17,0.0,0.001,0.96,0,2026-06-30T01:19:35,0.0,0.0,0.0,1
ip_shuffle,0,-0.10883633602258173,20260630T011935_699599,h27,00:00:00:00:00:1B,0.0,0.001,0.96,0,2026-06-30T01:19:35,0.0,0.0,0.0,1
ip_shuffle,0,-0.02628221712733604,20260630T011935_699599,h2,00:00:00:00:00:02,0.0,0.001,0.96,0,2026-06-30T01:19:35,0.0,0.0,0.23,1
ip_shuffle,0,-0.08503477034100522,20260630T011935_699599,h8,00:00:00:00:00:08,0.0,0.001,0.93,0,2026-06-30T01:19:35,0.0,0.0,0.2,1
ip_shuffle,0,-0.08641508352701194,20260630T012039_901286,h19,00:00:00:00:00:13,0.0,0.001,1.26,0,2026-06-30T01:20:39,0.0,0.0,0.0,1
ip_shuffle,0,-0.039831155353826087,20260630T012039_901286,h31,00:00:00:00:00:1F,0.0,0.001,1.3,0,2026-06-30T01:20:39,0.0,0.0,0.2,1
ip_shuffle,0,-0.07821348307083817,20260630T012039_901286,h20,00:00:00:00:00:14,0.0,0.001,1.26,0,2026-06-30T01:20:39,0.0,0.0,0.0,1
ip_shuffle,0,-0.049069416892591505,20260630T012039_901286,h25,00:00:00:00:00:19,0.0,0.001,1.33,0,2026-06-30T01:20:39,0.0,0.0,0.2,1
ip_shuffle,0,-0.019527046615798377,20260630T012039_901286,h10,00:00:00:00:00:0A,0.0,0.001,1.23,0,2026-06-30T01:20:39,0.0,0.0,0.0,1
ip_shuffle,0,-0.0646829620246386,20260630T012039_901286,h30,00:00:00:00:00:1E,0.0,0.001,1.33,0,2026-06-30T01:20:39,0.0,0.0,0.23,1
ip_shuffle,0,-0.019527387398788204,20260630T012039_901286,h15,00:00:00:00:00:0F,0.0,0.001,1.23,0,2026-06-30T01:20:39,0.0,0.0,0.0,1
ip_shuffle,1,0.011760843089025363,20260630T012039_901286,h36,00:00:00:00:00:24,0.0,0.001,1.3,1,2026-06-30T01:20:39,0.0,0.0,0.0,1
ip_shuffle,0,-0.0801847012932839,20260630T012039_901286,h17,00:00:00:00:00:11,0.0,0.001,1.26,0,2026-06-30T01:20:39,0.0,0.0,0.0,1
ip_shuffle,0,-0.027754700614020245,20260630T012039_901286,h39,00:00:00:00:00:27,0.0,0.001,1.3,0,2026-06-30T01:20:39,0.0,0.0,0.0,1
ip_shuffle,0,-0.019532304231835454,20260630T012039_901286,h14,00:00:00:00:00:0E,0.0,0.001,1.23,0,2026-06-30T01:20:39,0.0,0.0,0.0,1
ip_shuffle,1,-0.12880448561861285,20260630T012039_901286,h38,00:00:00:00:00:26,0.0,0.001,1.3,0,2026-06-30T01:20:39,0.0,0.0,0.0,1
ip_shuffle,0,-0.05327077036856892,20260630T012039_901286,h18,00:00:00:00:00:12,0.0,0.001,1.26,0,2026-06-30T01:20:39,0.0,0.0,0.0,1
ip_shuffle,0,-0.019532304231835454,20260630T012039_901286,h13,00:00:00:00:00:0D,0.0,0.001,1.23,0,2026-06-30T01:20:39,0.0,0.0,0.0,1
ip_shuffle,0,-0.019532645215979152,20260630T012039_901286,h12,00:00:00:00:00:0C,0.0,0.001,1.23,0,2026-06-30T01:20:39,0.0,0.0,0.0,1
ip_shuffle,0,-0.019532304231835454,20260630T012039_901286,h11,00:00:00:00:00:0B,0.0,0.001,1.23,0,2026-06-30T01:20:39,0.0,0.0,0.0,1
ip_shuffle,0,-0.05831357909164525,20260630T012039_901286,h16,00:00:00:00:00:10,0.0,0.001,1.26,0,2026-06-30T01:20:39,0.0,0.0,0.0,1
ip_shuffle,0,-0.05831302713052702,20260630T012039_901286,h21,00:00:00:00:00:15,0.0,0.001,1.26,0,2026-06-30T01:20:39,0.0,0.0,0.0,1
ip_shuffle,0,-0.07762813758088995,20260630T012039_901286,h3,00:00:00:00:00:03,0.0,0.001,1.23,0,2026-06-30T01:20:39,0.0,0.0,0.0,1
ip_shuffle,0,-0.019670770368568916,20260630T012039_901286,h22,00:00:00:00:00:16,0.0,0.001,1.33,0,2026-06-30T01:20:39,0.0,0.0,0.0,1
ip_shuffle,1,-0.11119736038981747,20260630T012039_901286,h37,00:00:00:00:00:25,0.0,0.001,1.3,0,2026-06-30T01:20:39,0.0,0.0,0.0,1
ip_shuffle,1,-0.11343712877506235,20260630T012039_901286,h34,00:00:00:00:00:22,0.0,0.001,1.3,0,2026-06-30T01:20:39,0.0,0.0,0.0,1
ip_shuffle,0,-0.019532645215979152,20260630T012039_901286,h7,00:00:00:00:00:07,0.0,0.001,1.23,0,2026-06-30T01:20:39,0.0,0.0,0.0,1
ip_shuffle,0,-0.10443085420304114,20260630T012039_901286,h33,00:00:00:00:00:21,0.0,0.001,1.56,0,2026-06-30T01:20:39,0.0,0.0,0.23,1
ip_shuffle,0,-0.019532304231835454,20260630T012039_901286,h9,00:00:00:00:00:09,0.0,0.001,1.23,0,2026-06-30T01:20:39,0.0,0.0,0.0,1
ip_shuffle,1,-0.06984556183818645,20260630T012039_901286,h35,00:00:00:00:00:23,0.0,0.001,1.3,0,2026-06-30T01:20:39,0.0,0.0,0.0,1
ip_shuffle,0,-0.10998131793227733,20260630T012039_901286,h6,00:00:00:00:00:06,0.0,0.001,1.23,0,2026-06-30T01:20:39,0.0,0.0,0.0,1
ip_shuffle,0,-0.07553264521597916,20260630T012039_901286,h5,00:00:00:00:00:05,0.0,0.001,1.23,0,2026-06-30T01:20:39,0.0,0.0,0.0,1
ip_shuffle,0,-0.07534993594884044,20260630T012039_901286,h28,00:00:00:00:00:1C,0.0,0.001,1.43,0,2026-06-30T01:20:39,0.0,0.0,0.07,1
ip_shuffle,0,-0.07553264521597916,20260630T012039_901286,h4,00:00:00:00:00:04,0.0,0.001,1.26,0,2026-06-30T01:20:39,0.0,0.0,0.0,1
ip_shuffle,0,-0.09114799806924245,20260630T012039_901286,h29,00:00:00:00:00:1D,0.0,0.001,1.33,0,2026-06-30T01:20:39,0.0,0.0,0.2,1
ip_shuffle,0,-0.04882529902983111,20260630T012039_901286,h24,00:00:00:00:00:18,0.0,0.001,1.36,0,2026-06-30T01:20:39,0.0,0.0,0.03,1
ip_shuffle,1,,20260630T012039_901286,h1,00:00:00:00:00:01,0.0,0.002,2.46,0,2026-06-30T01:20:39,0.0,0.001,1.0,0
ip_shuffle,0,-0.05105746955272271,20260630T012039_901286,h26,00:00:00:00:00:1A,0.0,0.001,1.33,0,2026-06-30T01:20:39,0.0,0.0,0.27,1
ip_shuffle,0,-0.04193561652485853,20260630T012039_901286,h32,00:00:00:00:00:20,0.0,0.001,1.3,0,2026-06-30T01:20:39,0.0,0.0,0.13,1
ip_shuffle,0,-0.019671118344556607,20260630T012039_901286,h23,00:00:00:00:00:17,0.0,0.001,1.36,0,2026-06-30T01:20:39,0.0,0.0,0.0,1
ip_shuffle,0,-0.100313027130527,20260630T012039_901286,h27,00:00:00:00:00:1B,0.0,0.001,1.33,0,2026-06-30T01:20:39,0.0,0.0,0.23,1
ip_shuffle,0,0.00018872782950873912,20260630T012039_901286,h2,00:00:00:00:00:02,0.0,0.001,1.23,1,2026-06-30T01:20:39,0.0,0.0,0.0,1
ip_shuffle,0,-0.07692995595298686,20260630T012039_901286,h8,00:00:00:00:00:08,0.0,0.001,1.23,0,2026-06-30T01:20:39,0.0,0.0,0.0,1
route_mutation,0,-0.08348717848202149,20260630T012144_262218,h19,00:00:00:00:00:13,0.0,0.001,0.73,0,2026-06-30T01:21:44,0.0,0.0,0.0,1
route_mutation,0,-0.030566725197097716,20260630T012144_262218,h31,00:00:00:00:00:1F,0.0,0.001,0.67,0,2026-06-30T01:21:44,0.0,0.0,0.03,1
route_mutation,0,-0.0915501099284188,20260630T012144_262218,h20,00:00:00:00:00:14,0.0,0.001,0.73,0,2026-06-30T01:21:44,0.0,0.0,0.0,1
route_mutation,0,-0.03981049118001284,20260630T012144_262218,h25,00:00:00:00:00:19,0.0,0.001,0.67,0,2026-06-30T01:21:44,0.0,0.0,0.03,1
route_mutation,0,-0.009312463188453135,20260630T012144_262218,h10,00:00:00:00:00:0A,0.0,0.001,0.73,0,2026-06-30T01:21:44,0.0,0.0,0.0,1
route_mutation,0,-0.04546780368412126,20260630T012144_262218,h30,00:00:00:00:00:1E,0.0,0.001,0.67,0,2026-06-30T01:21:44,0.0,0.0,0.0,1
route_mutation,0,-0.00933265544602746,20260630T012144_262218,h15,00:00:00:00:00:0F,0.0,0.001,0.77,0,2026-06-30T01:21:44,0.0,0.0,0.0,1
route_mutation,0,-0.12992319532587732,20260630T012144_262218,h36,00:00:00:00:00:24,0.0,0.001,0.87,0,2026-06-30T01:21:44,0.0,0.0,0.1,1
route_mutation,0,-0.07140739029885149,20260630T012144_262218,h17,00:00:00:00:00:11,0.0,0.001,0.73,0,2026-06-30T01:21:44,0.0,0.0,0.03,1
route_mutation,0,-0.01739348870397206,20260630T012144_262218,h39,00:00:00:00:00:27,0.0,0.001,0.8,0,2026-06-30T01:21:44,0.0,0.0,0.03,1
route_mutation,0,-0.009318155800326855,20260630T012144_262218,h14,00:00:00:00:00:0E,0.0,0.001,0.73,0,2026-06-30T01:21:44,0.0,0.0,0.0,1
route_mutation,0,-0.11611422643629177,20260630T012144_262218,h38,00:00:00:00:00:26,0.0,0.001,0.77,0,2026-06-30T01:21:44,0.0,0.0,0.0,1
route_mutation,0,-0.0701582350455691,20260630T012144_262218,h18,00:00:00:00:00:12,0.0,0.001,0.73,0,2026-06-30T01:21:44,0.0,0.0,0.0,1
route_mutation,0,-0.009318155800326855,20260630T012144_262218,h13,00:00:00:00:00:0D,0.0,0.001,0.73,0,2026-06-30T01:21:44,0.0,0.0,0.0,1
route_mutation,0,-0.009318155800326855,20260630T012144_262218,h12,00:00:00:00:00:0C,0.0,0.001,0.73,0,2026-06-30T01:21:44,0.0,0.0,0.0,1
route_mutation,0,-0.009318155800326855,20260630T012144_262218,h11,00:00:00:00:00:0B,0.0,0.001,0.73,0,2026-06-30T01:21:44,0.0,0.0,0.03,1
route_mutation,0,-0.04904130942446833,20260630T012144_262218,h16,00:00:00:00:00:10,0.0,0.001,0.73,0,2026-06-30T01:21:44,0.0,0.0,0.0,1
route_mutation,0,-0.049054379670332784,20260630T012144_262218,h21,00:00:00:00:00:15,0.0,0.001,0.73,0,2026-06-30T01:21:44,0.0,0.0,0.0,1
route_mutation,1,-0.0699681099617622,20260630T012144_262218,h3,00:00:00:00:00:03,0.0,0.001,0.73,0,2026-06-30T01:21:44,0.0,0.0,0.0,1
route_mutation,0,-0.009509659381240126,20260630T012144_262218,h22,00:00:00:00:00:16,0.0,0.001,0.67,0,2026-06-30T01:21:44,0.0,0.0,0.0,1
route_mutation,0,-0.09885399444294281,20260630T012144_262218,h37,00:00:00:00:00:25,0.0,0.001,0.8,0,2026-06-30T01:21:44,0.0,0.0,0.0,1
route_mutation,0,-0.09942048749207902,20260630T012144_262218,h34,00:00:00:00:00:22,0.0,0.001,0.77,0,2026-06-30T01:21:44,0.0,0.0,0.0,1
route_mutation,1,-0.009319625286913519,20260630T012144_262218,h7,00:00:00:00:00:07,0.0,0.001,0.73,0,2026-06-30T01:21:44,0.0,0.0,0.0,1
route_mutation,0,-0.06736171014684318,20260630T012144_262218,h33,00:00:00:00:00:21,0.0,0.001,0.67,0,2026-06-30T01:21:44,0.0,0.0,0.03,1
route_mutation,1,-0.009318155800326855,20260630T012144_262218,h9,00:00:00:00:00:09,0.0,0.001,0.73,0,2026-06-30T01:21:44,0.0,0.0,0.0,1
route_mutation,0,-0.051949946688835125,20260630T012144_262218,h35,00:00:00:00:00:23,0.0,0.001,0.77,0,2026-06-30T01:21:44,0.0,0.0,0.0,1
route_mutation,1,-0.09998657040657513,20260630T012144_262218,h6,00:00:00:00:00:06,0.0,0.001,0.73,0,2026-06-30T01:21:44,0.0,0.0,0.03,1
route_mutation,1,-0.06998518981132079,20260630T012144_262218,h5,00:00:00:00:00:05,0.0,0.001,0.73,0,2026-06-30T01:21:44,0.0,0.0,0.0,1
route_mutation,0,-0.06981244188747118,20260630T012144_262218,h28,00:00:00:00:00:1C,0.0,0.001,0.67,0,2026-06-30T01:21:44,0.0,0.0,0.0,1
route_mutation,1,-0.06998518981132079,20260630T012144_262218,h4,00:00:00:00:00:04,0.0,0.001,0.73,0,2026-06-30T01:21:44,0.0,0.0,0.0,1
route_mutation,0,-0.08655618077746433,20260630T012144_262218,h29,00:00:00:00:00:1D,0.0,0.001,0.67,0,2026-06-30T01:21:44,0.0,0.0,0.0,1
route_mutation,0,-0.03954498252668592,20260630T012144_262218,h24,00:00:00:00:00:18,0.0,0.001,0.67,0,2026-06-30T01:21:44,0.0,0.0,0.0,1
route_mutation,1,,20260630T012144_262218,h1,00:00:00:00:00:01,0.0,0.001,1.26,0,2026-06-30T01:21:44,0.0,0.0,0.57,0
route_mutation,0,-0.041995699463230035,20260630T012144_262218,h26,00:00:00:00:00:1A,0.0,0.001,0.67,0,2026-06-30T01:21:44,0.0,0.0,0.0,1
route_mutation,0,-0.022020796373015447,20260630T012144_262218,h32,00:00:00:00:00:20,0.0,0.001,0.67,0,2026-06-30T01:21:44,0.0,0.0,0.0,1
route_mutation,0,-0.00949269583604076,20260630T012144_262218,h23,00:00:00:00:00:17,0.0,0.001,0.67,0,2026-06-30T01:21:44,0.0,0.0,0.0,1
route_mutation,0,-0.09572227099758143,20260630T012144_262218,h27,00:00:00:00:00:1B,0.0,0.001,0.67,0,2026-06-30T01:21:44,0.0,0.0,0.0,1
route_mutation,0,-0.11222884839063424,20260630T012144_262218,h2,00:00:00:00:00:02,0.0,0.001,1.03,0,2026-06-30T01:21:44,0.0,0.0,0.37,1
route_mutation,1,-0.05798657040657512,20260630T012144_262218,h8,00:00:00:00:00:08,0.0,0.001,0.73,0,2026-06-30T01:21:44,0.0,0.0,0.0,1
ip_shuffle,1,-0.07699622801799293,20260630T012214_627844,h19,00:00:00:00:00:13,0.0,0.001,0.86,0,2026-06-30T01:22:14,0.0,0.0,0.03,1
ip_shuffle,0,-0.021361313242545102,20260630T012214_627844,h31,00:00:00:00:00:1F,0.0,0.001,0.93,0,2026-06-30T01:22:14,0.0,0.0,0.0,1
ip_shuffle,1,-0.08348336808248924,20260630T012214_627844,h20,00:00:00:00:00:14,0.0,0.001,0.86,0,2026-06-30T01:22:14,0.0,0.0,0.03,1
ip_shuffle,1,-0.030496207181740537,20260630T012214_627844,h25,00:00:00:00:00:19,0.0,0.001,0.93,0,2026-06-30T01:22:14,0.0,0.0,0.0,1
ip_shuffle,0,0.0008353328686771522,20260630T012214_627844,h10,00:00:00:00:00:0A,0.0,0.001,0.86,1,2026-06-30T01:22:14,0.0,0.0,0.0,1
ip_shuffle,0,-0.026279457309710777,20260630T012214_627844,h30,00:00:00:00:00:1E,0.0,0.001,0.93,0,2026-06-30T01:22:14,0.0,0.0,0.0,1
ip_shuffle,0,0.0008295863231095602,20260630T012214_627844,h15,00:00:00:00:00:0F,0.0,0.001,0.86,1,2026-06-30T01:22:14,0.0,0.0,0.0,1
ip_shuffle,0,-0.1183534041512107,20260630T012214_627844,h36,00:00:00:00:00:24,0.0,0.001,0.83,0,2026-06-30T01:22:14,0.0,0.0,0.0,1
ip_shuffle,0,-0.06266280267475136,20260630T012214_627844,h17,00:00:00:00:00:11,0.0,0.001,0.86,0,2026-06-30T01:22:14,0.0,0.0,0.0,1
ip_shuffle,0,-0.007097006524657945,20260630T012214_627844,h39,00:00:00:00:00:27,0.0,0.001,0.83,0,2026-06-30T01:22:14,0.0,0.0,0.0,1
ip_shuffle,0,0.0008279996276148172,20260630T012214_627844,h14,00:00:00:00:00:0E,0.0,0.001,0.86,0,2026-06-30T01:22:14,0.0,0.0,0.0,1
ip_shuffle,0,-0.10343375328280019,20260630T012214_627844,h38,00:00:00:00:00:26,0.0,0.001,0.83,0,2026-06-30T01:22:14,0.0,0.0,0.0,1
ip_shuffle,1,-0.06464771228475422,20260630T012214_627844,h18,00:00:00:00:00:12,0.0,0.001,0.86,0,2026-06-30T01:22:14,0.0,0.0,0.0,1
ip_shuffle,0,0.0008279996276148172,20260630T012214_627844,h13,00:00:00:00:00:0D,0.0,0.001,0.86,0,2026-06-30T01:22:14,0.0,0.0,0.0,1
ip_shuffle,0,0.0008291896788439057,20260630T012214_627844,h12,00:00:00:00:00:0C,0.0,0.001,0.89,1,2026-06-30T01:22:14,0.0,0.0,0.0,1
ip_shuffle,0,0.0008291896788439057,20260630T012214_627844,h11,00:00:00:00:00:0B,0.0,0.001,0.86,0,2026-06-30T01:22:14,0.0,0.0,0.0,1
ip_shuffle,0,-0.039733452802821104,20260630T012214_627844,h16,00:00:00:00:00:10,0.0,0.001,0.86,0,2026-06-30T01:22:14,0.0,0.0,0.0,1
ip_shuffle,1,-0.03974585081979223,20260630T012214_627844,h21,00:00:00:00:00:15,0.0,0.001,0.86,0,2026-06-30T01:22:14,0.0,0.0,0.0,1
ip_shuffle,0,-0.06452632629433869,20260630T012214_627844,h3,00:00:00:00:00:03,0.0,0.001,0.96,0,2026-06-30T01:22:14,0.0,0.0,0.07,1
ip_shuffle,1,0.0006664946074199651,20260630T012214_627844,h22,00:00:00:00:00:16,0.0,0.001,0.93,0,2026-06-30T01:22:14,0.0,0.0,0.0,1
ip_shuffle,0,-0.08465364609006462,20260630T012214_627844,h37,00:00:00:00:00:25,0.0,0.001,0.83,0,2026-06-30T01:22:14,0.0,0.0,0.0,1
ip_shuffle,0,-0.08540887530315314,20260630T012214_627844,h34,00:00:00:00:00:22,0.0,0.001,0.83,0,2026-06-30T01:22:14,0.0,0.0,0.0,1
ip_shuffle,0,0.0007885905271962923,20260630T012214_627844,h7,00:00:00:00:00:07,0.0,0.001,0.96,0,2026-06-30T01:22:14,0.0,0.0,0.07,1
ip_shuffle,0,-0.030292621391714417,20260630T012214_627844,h33,00:00:00:00:00:21,0.0,0.001,0.96,0,2026-06-30T01:22:14,0.0,0.0,0.0,1
ip_shuffle,0,0.0008107630519545994,20260630T012214_627844,h9,00:00:00:00:00:09,0.0,0.001,0.89,0,2026-06-30T01:22:14,0.0,0.0,0.03,1
ip_shuffle,0,-0.03406232597254168,20260630T012214_627844,h35,00:00:00:00:00:23,0.0,0.001,0.83,0,2026-06-30T01:22:14,0.0,0.0,0.0,1
ip_shuffle,0,-0.09549426781486486,20260630T012214_627844,h6,00:00:00:00:00:06,0.0,0.001,0.86,0,2026-06-30T01:22:14,0.0,0.0,0.23,1
ip_shuffle,0,-0.06454474280613702,20260630T012214_627844,h5,00:00:00:00:00:05,0.0,0.001,0.93,0,2026-06-30T01:22:14,0.0,0.0,0.07,1
ip_shuffle,0,-0.0642754813387752,20260630T012214_627844,h28,00:00:00:00:00:1C,0.0,0.001,0.93,0,2026-06-30T01:22:14,0.0,0.0,0.0,1
ip_shuffle,0,-0.06452632629433869,20260630T012214_627844,h4,00:00:00:00:00:04,0.0,0.001,0.93,0,2026-06-30T01:22:14,0.0,0.0,0.07,1
ip_shuffle,0,-0.08199632516431901,20260630T012214_627844,h29,00:00:00:00:00:1D,0.0,0.001,0.93,0,2026-06-30T01:22:14,0.0,0.0,0.0,1
ip_shuffle,1,-0.028374674525566718,20260630T012214_627844,h24,00:00:00:00:00:18,0.0,0.001,0.93,0,2026-06-30T01:22:14,0.0,0.0,0.0,1
ip_shuffle,1,,20260630T012214_627844,h1,00:00:00:00:00:01,0.0,0.001,1.42,0,2026-06-30T01:22:14,0.0,0.0,0.53,0
ip_shuffle,0,-0.03288764733249895,20260630T012214_627844,h26,00:00:00:00:00:1A,0.0,0.001,0.93,0,2026-06-30T01:22:14,0.0,0.0,0.0,1
ip_shuffle,0,-0.0021334540833080062,20260630T012214_627844,h32,00:00:00:00:00:20,0.0,0.001,0.93,0,2026-06-30T01:22:14,0.0,0.0,0.0,1
ip_shuffle,1,0.0006660897305372782,20260630T012214_627844,h23,00:00:00:00:00:17,0.0,0.001,0.93,0,2026-06-30T01:22:14,0.0,0.0,0.03,1
ip_shuffle,0,-0.09107783941694855,20260630T012214_627844,h27,00:00:00:00:00:1B,0.0,0.001,0.93,0,2026-06-30T01:22:14,0.0,0.0,0.0,1
ip_shuffle,0,-0.08295779138894943,20260630T012214_627844,h2,00:00:00:00:00:02,0.0,0.001,0.83,0,2026-06-30T01:22:14,0.0,0.0,0.13,1
ip_shuffle,0,-0.04881469557519308,20260630T012214_627844,h8,00:00:00:00:00:08,0.0,0.001,0.86,0,2026-06-30T01:22:14,0.0,0.0,0.2,1
ip_shuffle,0,-0.0695862438387827,20260630T012325_140758,h19,00:00:00:00:00:13,0.0,0.001,1.13,0,2026-06-30T01:23:25,0.0,0.0,0.0,1
ip_shuffle,0,-0.011534071935008938,20260630T012325_140758,h31,00:00:00:00:00:1F,0.0,0.001,1.13,0,2026-06-30T01:23:25,0.0,0.0,0.0,1
ip_shuffle,0,-0.07612638673253781,20260630T012325_140758,h20,00:00:00:00:00:14,0.0,0.001,1.1,0,2026-06-30T01:23:25,0.0,0.0,0.0,1
ip_shuffle,0,-0.021279604519263168,20260630T012325_140758,h25,00:00:00:00:00:19,0.0,0.001,1.13,0,2026-06-30T01:23:25,0.0,0.0,0.0,1
ip_shuffle,0,-0.13225261159417562,20260630T012325_140758,h10,00:00:00:00:00:0A,0.0,0.001,1.1,0,2026-06-30T01:23:25,0.0,0.0,0.0,1
ip_shuffle,0,-0.0068850332245331824,20260630T012325_140758,h30,00:00:00:00:00:1E,0.0,0.001,1.13,0,2026-06-30T01:23:25,0.0,0.0,0.0,1
ip_shuffle,0,-0.1369203811873078,20260630T012325_140758,h15,00:00:00:00:00:0F,0.0,0.001,1.1,0,2026-06-30T01:23:25,0.0,0.0,0.0,1
ip_shuffle,0,-0.13505379854328078,20260630T012325_140758,h12,00:00:00:00:00:0C,0.0,0.001,1.1,0,2026-06-30T01:23:25,0.0,0.0,0.03,1
ip_shuffle,0,-0.09477877955832302,20260630T012325_140758,h17,00:00:00:00:00:11,0.0,0.001,1.1,0,2026-06-30T01:23:25,0.0,0.0,0.0,1
ip_shuffle,0,0.007748443571449326,20260630T012325_140758,h39,00:00:00:00:00:27,0.0,0.001,1.06,0,2026-06-30T01:23:25,0.0,0.0,0.23,1
ip_shuffle,0,-0.05801812346033844,20260630T012325_140758,h14,00:00:00:00:00:0E,0.0,0.001,1.1,0,2026-06-30T01:23:25,0.0,0.0,0.0,1
ip_shuffle,0,-0.09047793162283271,20260630T012325_140758,h38,00:00:00:00:00:26,0.0,0.001,1.1,0,2026-06-30T01:23:25,0.0,0.0,0.23,1
ip_shuffle,0,-0.03291308926359693,20260630T012325_140758,h18,00:00:00:00:00:12,0.0,0.001,1.1,0,2026-06-30T01:23:25,0.0,0.0,0.0,1
ip_shuffle,0,-0.05832732488100649,20260630T012325_140758,h13,00:00:00:00:00:0D,0.0,0.001,1.1,0,2026-06-30T01:23:25,0.0,0.0,0.0,1
ip_shuffle,0,-0.11229952882324744,20260630T012325_140758,h36,00:00:00:00:00:24,0.0,0.001,1.1,0,2026-06-30T01:23:25,0.0,0.0,0.23,1
ip_shuffle,0,0.011653403189750278,20260630T012325_140758,h11,00:00:00:00:00:0B,0.0,0.001,1.13,0,2026-06-30T01:23:25,0.0,0.0,0.0,1
ip_shuffle,0,-0.08545166407904536,20260630T012325_140758,h16,00:00:00:00:00:10,0.0,0.001,1.1,0,2026-06-30T01:23:25,0.0,0.0,0.0,1
ip_shuffle,0,-0.029438579669094245,20260630T012325_140758,h21,00:00:00:00:00:15,0.0,0.001,1.1,0,2026-06-30T01:23:25,0.0,0.0,0.0,1
ip_shuffle,0,-0.05834659681024973,20260630T012325_140758,h3,00:00:00:00:00:03,0.0,0.001,1.1,0,2026-06-30T01:23:25,0.0,0.0,0.0,1
ip_shuffle,0,0.010889998326092193,20260630T012325_140758,h22,00:00:00:00:00:16,0.0,0.001,1.13,0,2026-06-30T01:23:25,0.0,0.0,0.0,1
ip_shuffle,0,-0.07962647197888675,20260630T012325_140758,h37,00:00:00:00:00:25,0.0,0.001,1.06,0,2026-06-30T01:23:25,0.0,0.0,0.23,1
ip_shuffle,0,-0.07124668391849522,20260630T012325_140758,h34,00:00:00:00:00:22,0.0,0.001,1.1,0,2026-06-30T01:23:25,0.0,0.0,0.03,1
ip_shuffle,0,0.011653403189750278,20260630T012325_140758,h7,00:00:00:00:00:07,0.0,0.001,1.1,1,2026-06-30T01:23:25,0.0,0.0,0.0,1
ip_shuffle,0,-0.06114395553411428,20260630T012325_140758,h33,00:00:00:00:00:21,0.0,0.001,1.13,0,2026-06-30T01:23:25,0.0,0.0,0.0,1
ip_shuffle,0,0.011679100095676742,20260630T012325_140758,h9,00:00:00:00:00:09,0.0,0.001,1.1,1,2026-06-30T01:23:25,0.0,0.0,0.0,1
ip_shuffle,0,-0.01595219068388007,20260630T012325_140758,h35,00:00:00:00:00:23,0.0,0.001,1.1,0,2026-06-30T01:23:25,0.0,0.0,0.2,1
ip_shuffle,0,-0.09010480414405146,20260630T012325_140758,h6,00:00:00:00:00:06,0.0,0.001,1.13,0,2026-06-30T01:23:25,0.0,0.0,0.0,1
ip_shuffle,0,-0.058349041754360675,20260630T012325_140758,h5,00:00:00:00:00:05,0.0,0.001,1.1,0,2026-06-30T01:23:25,0.0,0.0,0.03,1
ip_shuffle,0,-0.060945735916033125,20260630T012325_140758,h28,00:00:00:00:00:1C,0.0,0.001,1.13,0,2026-06-30T01:23:25,0.0,0.0,0.0,1
ip_shuffle,0,-0.05834659681024973,20260630T012325_140758,h4,00:00:00:00:00:04,0.0,0.001,1.1,0,2026-06-30T01:23:25,0.0,0.0,0.0,1
ip_shuffle,0,-0.07733380821437778,20260630T012325_140758,h29,00:00:00:00:00:1D,0.0,0.001,1.13,0,2026-06-30T01:23:25,0.0,0.0,0.0,1
ip_shuffle,0,-0.018768514303214967,20260630T012325_140758,h24,00:00:00:00:00:18,0.0,0.001,1.13,0,2026-06-30T01:23:25,0.0,0.0,0.0,1
ip_shuffle,0,,20260630T012325_140758,h1,00:00:00:00:00:01,0.0,0.001,1.9,0,2026-06-30T01:23:25,0.0,0.0,0.57,0
ip_shuffle,0,-0.08452353966291144,20260630T012325_140758,h26,00:00:00:00:00:1A,0.0,0.001,1.13,0,2026-06-30T01:23:25,0.0,0.0,0.0,1
ip_shuffle,0,0.018591015921170267,20260630T012325_140758,h32,00:00:00:00:00:20,0.0,0.001,1.13,1,2026-06-30T01:23:25,0.0,0.0,0.0,1
ip_shuffle,0,0.010872520345266146,20260630T012325_140758,h23,00:00:00:00:00:17,0.0,0.001,1.13,0,2026-06-30T01:23:25,0.0,0.0,0.0,1
ip_shuffle,0,-0.08652416296339782,20260630T012325_140758,h27,00:00:00:00:00:1B,0.0,0.001,1.13,0,2026-06-30T01:23:25,0.0,0.0,0.03,1
ip_shuffle,0,-0.08551674667102345,20260630T012325_140758,h2,00:00:00:00:00:02,0.0,0.001,1.1,0,2026-06-30T01:23:25,0.0,0.0,0.0,1
ip_shuffle,0,-0.038774250921156314,20260630T012325_140758,h8,00:00:00:00:00:08,0.0,0.001,1.1,0,2026-06-30T01:23:25,0.0,0.0,0.0,1
ip_shuffle,1,-0.04312703135913927,20260630T012436_683703,h19,00:00:00:00:00:13,0.0,0.001,1.5,0,2026-06-30T01:24:36,0.0,0.0,0.0,1
ip_shuffle,0,0.008603179978733222,20260630T012436_683703,h31,00:00:00:00:00:1F,0.0,0.001,1.43,0,2026-06-30T01:24:36,0.0,0.0,0.0,1
ip_shuffle,1,-0.05132477874587767,20260630T012436_683703,h20,00:00:00:00:00:14,0.0,0.001,1.5,0,2026-06-30T01:24:36,0.0,0.0,0.0,1
ip_shuffle,1,-0.009681065353288193,20260630T012436_683703,h25,00:00:00:00:00:19,0.0,0.001,1.46,0,2026-06-30T01:24:36,0.0,0.0,0.0,1
ip_shuffle,0,-0.11467381446919181,20260630T012436_683703,h10,00:00:00:00:00:0A,0.0,0.001,1.46,0,2026-06-30T01:24:36,0.0,0.0,0.27,1
ip_shuffle,0,0.012061157959916802,20260630T012436_683703,h30,00:00:00:00:00:1E,0.0,0.001,1.43,0,2026-06-30T01:24:36,0.0,0.0,0.0,1
ip_shuffle,0,-0.10534783056666039,20260630T012436_683703,h15,00:00:00:00:00:0F,0.0,0.001,1.43,0,2026-06-30T01:24:36,0.0,0.0,0.23,1
ip_shuffle,0,-0.11094048113585848,20260630T012436_683703,h12,00:00:00:00:00:0C,0.0,0.001,1.46,0,2026-06-30T01:24:36,0.0,0.0,0.23,1
ip_shuffle,0,-0.02050456709185451,20260630T012436_683703,h17,00:00:00:00:00:11,0.0,0.001,1.5,0,2026-06-30T01:24:36,0.0,0.0,0.03,1
ip_shuffle,0,0.054041402625078644,20260630T012436_683703,h39,00:00:00:00:00:27,0.0,0.001,1.46,1,2026-06-30T01:24:36,0.0,0.0,0.0,1
ip_shuffle,0,0.048095620501568265,20260630T012436_683703,h14,00:00:00:00:00:0E,0.0,0.001,1.53,1,2026-06-30T01:24:36,0.0,0.0,0.07,1
ip_shuffle,0,-0.06908282504963054,20260630T012436_683703,h38,00:00:00:00:00:26,0.0,0.001,1.46,0,2026-06-30T01:24:36,0.0,0.0,0.0,1
ip_shuffle,0,-0.00748171348481072,20260630T012436_683703,h18,00:00:00:00:00:12,0.0,0.001,1.5,0,2026-06-30T01:24:36,0.0,0.0,0.0,1
ip_shuffle,0,0.03711617699706629,20260630T012436_683703,h13,00:00:00:00:00:0D,0.0,0.001,1.53,0,2026-06-30T01:24:36,0.0,0.0,0.07,1
ip_shuffle,0,-0.0956175551636167,20260630T012436_683703,h36,00:00:00:00:00:24,0.0,0.001,1.46,0,2026-06-30T01:24:36,0.0,0.0,0.0,1
ip_shuffle,0,-0.004883823002933718,20260630T012436_683703,h11,00:00:00:00:00:0B,0.0,0.001,1.53,0,2026-06-30T01:24:36,0.0,0.0,0.07,1
ip_shuffle,0,0.001280740142158343,20260630T012436_683703,h16,00:00:00:00:00:10,0.0,0.001,1.46,0,2026-06-30T01:24:36,0.0,0.0,0.2,1
ip_shuffle,1,0.0014848903619046894,20260630T012436_683703,h21,00:00:00:00:00:15,0.0,0.001,1.5,0,2026-06-30T01:24:36,0.0,0.0,0.0,1
ip_shuffle,0,0.03708906331755352,20260630T012436_683703,h3,00:00:00:00:00:03,0.0,0.001,1.46,0,2026-06-30T01:24:36,0.0,0.0,0.0,1
ip_shuffle,1,0.011469801902147553,20260630T012436_683703,h22,00:00:00:00:00:16,0.0,0.001,1.43,0,2026-06-30T01:24:36,0.0,0.0,0.0,1
ip_shuffle,0,-0.06810981958938278,20260630T012436_683703,h37,00:00:00:00:00:25,0.0,0.001,1.46,0,2026-06-30T01:24:36,0.0,0.0,0.0,1
ip_shuffle,0,-0.052847686979930725,20260630T012436_683703,h34,00:00:00:00:00:22,0.0,0.001,1.46,0,2026-06-30T01:24:36,0.0,0.0,0.0,1
ip_shuffle,0,-0.05609750106987085,20260630T012436_683703,h33,00:00:00:00:00:21,0.0,0.001,1.43,0,2026-06-30T01:24:36,0.0,0.0,0.0,1
ip_shuffle,0,-0.13075667260610008,20260630T012436_683703,h7,00:00:00:00:00:07,0.0,0.001,1.53,0,2026-06-30T01:24:36,0.0,0.0,0.3,1
ip_shuffle,0,0.015703080103667444,20260630T012436_683703,h35,00:00:00:00:00:23,0.0,0.001,1.46,0,2026-06-30T01:24:36,0.0,0.0,0.0,1
ip_shuffle,0,-0.1329339292868619,20260630T012436_683703,h9,00:00:00:00:00:09,0.0,0.001,1.43,0,2026-06-30T01:24:36,0.0,0.0,0.2,1
ip_shuffle,0,-0.009702393714930757,20260630T012436_683703,h6,00:00:00:00:00:06,0.0,0.001,1.46,0,2026-06-30T01:24:36,0.0,0.0,0.23,1
ip_shuffle,0,0.03712259745458513,20260630T012436_683703,h5,00:00:00:00:00:05,0.0,0.001,1.53,1,2026-06-30T01:24:36,0.0,0.0,0.03,1
ip_shuffle,0,-0.03545450719086676,20260630T012436_683703,h28,00:00:00:00:00:1C,0.0,0.001,1.43,0,2026-06-30T01:24:36,0.0,0.0,0.0,1
ip_shuffle,0,0.03708906331755352,20260630T012436_683703,h4,00:00:00:00:00:04,0.0,0.001,1.46,0,2026-06-30T01:24:36,0.0,0.0,0.0,1
ip_shuffle,0,-0.07262404774888609,20260630T012436_683703,h29,00:00:00:00:00:1D,0.0,0.001,1.43,0,2026-06-30T01:24:36,0.0,0.0,0.0,1
ip_shuffle,1,0.0005952172890724972,20260630T012436_683703,h24,00:00:00:00:00:18,0.0,0.001,1.43,0,2026-06-30T01:24:36,0.0,0.0,0.0,1
ip_shuffle,1,,20260630T012436_683703,h1,00:00:00:00:00:01,0.0,0.002,2.73,0,2026-06-30T01:24:36,0.0,0.001,1.03,0
ip_shuffle,0,-0.08002771952610838,20260630T012436_683703,h26,00:00:00:00:00:1A,0.0,0.001,1.43,0,2026-06-30T01:24:36,0.0,0.0,0.0,1
ip_shuffle,0,-0.1210141256937084,20260630T012436_683703,h32,00:00:00:00:00:20,0.0,0.001,1.43,0,2026-06-30T01:24:36,0.0,0.0,0.0,1
ip_shuffle,1,0.011449820057108706,20260630T012436_683703,h23,00:00:00:00:00:17,0.0,0.001,1.43,0,2026-06-30T01:24:36,0.0,0.0,0.0,1
ip_shuffle,0,-0.08176493444330586,20260630T012436_683703,h27,00:00:00:00:00:1B,0.0,0.001,1.43,0,2026-06-30T01:24:36,0.0,0.0,0.0,1
ip_shuffle,0,-0.09996352121664459,20260630T012436_683703,h2,00:00:00:00:00:02,0.0,0.001,1.5,0,2026-06-30T01:24:36,0.0,0.0,0.0,1
ip_shuffle,0,-0.06576854983997395,20260630T012436_683703,h8,00:00:00:00:00:08,0.0,0.001,1.46,0,2026-06-30T01:24:36,0.0,0.0,0.23,1
ip_shuffle,0,-0.04326566814174472,20260630T012547_828902,h19,00:00:00:00:00:13,0.0,0.001,0.83,0,2026-06-30T01:25:47,0.0,0.0,0.0,1
ip_shuffle,0,-0.04428997595302568,20260630T012547_828902,h31,00:00:00:00:00:1F,0.0,0.001,0.73,0,2026-06-30T01:25:47,0.0,0.0,0.0,1
ip_shuffle,0,-0.050822155207764355,20260630T012547_828902,h20,00:00:00:00:00:14,0.0,0.001,0.83,0,2026-06-30T01:25:47,0.0,0.0,0.0,1
ip_shuffle,0,-0.002289975953025686,20260630T012547_828902,h25,00:00:00:00:00:19,0.0,0.001,0.73,0,2026-06-30T01:25:47,0.0,0.0,0.0,1
ip_shuffle,0,-0.10125913894866823,20260630T012547_828902,h10,00:00:00:00:00:0A,0.0,0.001,0.83,0,2026-06-30T01:25:47,0.0,0.0,0.0,1
ip_shuffle,0,-0.006640652238482064,20260630T012547_828902,h30,00:00:00:00:00:1E,0.0,0.001,0.73,0,2026-06-30T01:25:47,0.0,0.0,0.0,1
ip_shuffle,0,-0.08725315418029327,20260630T012547_828902,h15,00:00:00:00:00:0F,0.0,0.001,0.83,0,2026-06-30T01:25:47,0.0,0.0,0.0,1
ip_shuffle,0,-0.09565913894866823,20260630T012547_828902,h12,00:00:00:00:00:0C,0.0,0.001,0.83,0,2026-06-30T01:25:47,0.0,0.0,0.0,1
ip_shuffle,0,-0.01719821483684221,20260630T012547_828902,h17,00:00:00:00:00:11,0.0,0.001,0.83,0,2026-06-30T01:25:47,0.0,0.0,0.0,1
ip_shuffle,0,-0.12863499258576355,20260630T012547_828902,h39,00:00:00:00:00:27,0.0,0.001,0.8,0,2026-06-30T01:25:47,0.0,0.0,0.23,1
ip_shuffle,0,-0.12447860122733216,20260630T012547_828902,h14,00:00:00:00:00:0E,0.0,0.001,0.83,0,2026-06-30T01:25:47,0.0,0.0,0.0,1
ip_shuffle,0,-0.05837127211596904,20260630T012547_828902,h38,00:00:00:00:00:26,0.0,0.001,0.8,0,2026-06-30T01:25:47,0.0,0.0,0.13,1
ip_shuffle,0,-0.01705687535009469,20260630T012547_828902,h18,00:00:00:00:00:12,0.0,0.001,0.83,0,2026-06-30T01:25:47,0.0,0.0,0.0,1
ip_shuffle,0,0.027503690526889057,20260630T012547_828902,h13,00:00:00:00:00:0D,0.0,0.001,0.83,1,2026-06-30T01:25:47,0.0,0.0,0.0,1
ip_shuffle,0,-0.0780026414249651,20260630T012547_828902,h36,00:00:00:00:00:24,0.0,0.001,0.8,0,2026-06-30T01:25:47,0.0,0.0,0.0,1
ip_shuffle,0,-0.014496309473110924,20260630T012547_828902,h11,00:00:00:00:00:0B,0.0,0.001,0.83,0,2026-06-30T01:25:47,0.0,0.0,0.0,1
ip_shuffle,0,0.003462888444630635,20260630T012547_828902,h16,00:00:00:00:00:10,0.0,0.001,0.83,0,2026-06-30T01:25:47,0.0,0.0,0.0,1
ip_shuffle,0,0.0034908189242749132,20260630T012547_828902,h21,00:00:00:00:00:15,0.0,0.001,0.83,0,2026-06-30T01:25:47,0.0,0.0,0.0,1
ip_shuffle,0,0.027474214045299872,20260630T012547_828902,h3,00:00:00:00:00:03,0.0,0.001,0.83,0,2026-06-30T01:25:47,0.0,0.0,0.0,1
ip_shuffle,0,0.011553991596085889,20260630T012547_828902,h22,00:00:00:00:00:16,0.0,0.001,0.73,0,2026-06-30T01:25:47,0.0,0.0,0.0,1
ip_shuffle,0,-0.02764735962568103,20260630T012547_828902,h37,00:00:00:00:00:25,0.0,0.001,0.83,0,2026-06-30T01:25:47,0.0,0.0,0.03,1
ip_shuffle,0,-0.043139549797346174,20260630T012547_828902,h34,00:00:00:00:00:22,0.0,0.001,0.8,0,2026-06-30T01:25:47,0.0,0.0,0.0,1
ip_shuffle,0,-0.038874881761511784,20260630T012547_828902,h33,00:00:00:00:00:21,0.0,0.001,0.73,0,2026-06-30T01:25:47,0.0,0.0,0.0,1
ip_shuffle,0,-0.1212893885947336,20260630T012547_828902,h7,00:00:00:00:00:07,0.0,0.001,0.83,0,2026-06-30T01:25:47,0.0,0.0,0.0,1
ip_shuffle,0,0.0335807074628586,20260630T012547_828902,h35,00:00:00:00:00:23,0.0,0.001,0.8,1,2026-06-30T01:25:47,0.0,0.0,0.0,1
ip_shuffle,0,-0.12564407770034403,20260630T012547_828902,h9,00:00:00:00:00:09,0.0,0.001,0.83,0,2026-06-30T01:25:47,0.0,0.0,0.0,1
ip_shuffle,0,-0.006877433239876968,20260630T012547_828902,h6,00:00:00:00:00:06,0.0,0.001,0.83,0,2026-06-30T01:25:47,0.0,0.0,0.0,1
ip_shuffle,0,-0.1244783004451098,20260630T012547_828902,h5,00:00:00:00:00:05,0.0,0.001,0.83,0,2026-06-30T01:25:47,0.0,0.0,0.0,1
ip_shuffle,0,0.024972695298754316,20260630T012547_828902,h28,00:00:00:00:00:1C,0.0,0.001,0.73,0,2026-06-30T01:25:47,0.0,0.0,0.0,1
ip_shuffle,0,0.027474214045299872,20260630T012547_828902,h4,00:00:00:00:00:04,0.0,0.001,0.83,1,2026-06-30T01:25:47,0.0,0.0,0.0,1
ip_shuffle,0,0.01103105940468388,20260630T012547_828902,h29,00:00:00:00:00:1D,0.0,0.001,0.73,0,2026-06-30T01:25:47,0.0,0.0,0.0,1
ip_shuffle,0,0.013847305990294545,20260630T012547_828902,h24,00:00:00:00:00:18,0.0,0.001,0.73,0,2026-06-30T01:25:47,0.0,0.0,0.0,1
ip_shuffle,0,,20260630T012547_828902,h1,00:00:00:00:00:01,0.0,0.001,1.13,0,2026-06-30T01:25:47,0.0,0.0,0.2,0
ip_shuffle,0,0.011015326882084425,20260630T012547_828902,h26,00:00:00:00:00:1A,0.0,0.001,0.73,0,2026-06-30T01:25:47,0.0,0.0,0.0,1
ip_shuffle,0,-0.10233625329212517,20260630T012547_828902,h32,00:00:00:00:00:20,0.0,0.001,0.73,0,2026-06-30T01:25:47,0.0,0.0,0.0,1
ip_shuffle,0,0.011553991596085889,20260630T012547_828902,h23,00:00:00:00:00:17,0.0,0.001,0.73,0,2026-06-30T01:25:47,0.0,0.0,0.0,1
ip_shuffle,0,0.0035187493570174033,20260630T012547_828902,h27,00:00:00:00:00:1B,0.0,0.001,0.73,0,2026-06-30T01:25:47,0.0,0.0,0.0,1
ip_shuffle,0,-0.0926991007601404,20260630T012547_828902,h2,00:00:00:00:00:02,0.0,0.001,0.83,0,2026-06-30T01:25:47,0.0,0.0,0.0,1
ip_shuffle,0,-0.06751816490403022,20260630T012547_828902,h8,00:00:00:00:00:08,0.0,0.001,0.83,0,2026-06-30T01:25:47,0.0,0.0,0.0,1
ip_shuffle,1,-0.035636413720635876,20260630T012659_400374,h19,00:00:00:00:00:13,0.0,0.001,1.53,0,2026-06-30T01:26:59,0.0,0.0,0.0,1
ip_shuffle,0,-0.04417948161187228,20260630T012659_400374,h31,00:00:00:00:00:1F,0.0,0.001,1.5,0,2026-06-30T01:26:59,0.0,0.0,0.0,1
ip_shuffle,1,-0.04319809845487618,20260630T012659_400374,h20,00:00:00:00:00:14,0.0,0.001,1.53,0,2026-06-30T01:26:59,0.0,0.0,0.0,1
ip_shuffle,0,-0.002179481611872286,20260630T012659_400374,h25,00:00:00:00:00:19,0.0,0.001,1.5,0,2026-06-30T01:26:59,0.0,0.0,0.0,1
ip_shuffle,0,-0.08788032060448896,20260630T012659_400374,h10,00:00:00:00:00:0A,0.0,0.001,1.53,0,2026-06-30T01:26:59,0.0,0.0,0.23,1
ip_shuffle,0,0.008417382629122144,20260630T012659_400374,h30,00:00:00:00:00:1E,0.0,0.001,1.5,0,2026-06-30T01:26:59,0.0,0.0,0.0,1
ip_shuffle,0,-0.069177301755065,20260630T012659_400374,h15,00:00:00:00:00:0F,0.0,0.001,1.53,0,2026-06-30T01:26:59,0.0,0.0,0.23,1
ip_shuffle,0,-0.08038528109577507,20260630T012659_400374,h12,00:00:00:00:00:0C,0.0,0.001,1.53,0,2026-06-30T01:26:59,0.0,0.0,0.23,1
ip_shuffle,0,-0.007033708748317602,20260630T012659_400374,h17,00:00:00:00:00:11,0.0,0.001,1.5,0,2026-06-30T01:26:59,0.0,0.0,0.17,1
ip_shuffle,0,-0.11576684661580806,20260630T012659_400374,h39,00:00:00:00:00:27,0.0,0.001,1.5,0,2026-06-30T01:26:59,0.0,0.0,0.0,1
ip_shuffle,0,-0.1074603555561261,20260630T012659_400374,h14,00:00:00:00:00:0E,0.0,0.001,1.53,0,2026-06-30T01:26:59,0.0,0.0,0.23,1
ip_shuffle,0,-0.04463768694182631,20260630T012659_400374,h38,00:00:00:00:00:26,0.0,0.001,1.5,0,2026-06-30T01:26:59,0.0,0.0,0.0,1
ip_shuffle,1,-0.017011806798821402,20260630T012659_400374,h18,00:00:00:00:00:12,0.0,0.001,1.53,0,2026-06-30T01:26:59,0.0,0.0,0.0,1
ip_shuffle,0,-0.13150704177553296,20260630T012659_400374,h13,00:00:00:00:00:0D,0.0,0.001,1.53,0,2026-06-30T01:26:59,0.0,0.0,0.23,1
ip_shuffle,0,-0.0653385975039136,20260630T012659_400374,h36,00:00:00:00:00:24,0.0,0.001,1.5,0,2026-06-30T01:26:59,0.0,0.0,0.0,1
ip_shuffle,0,-0.014327899457700716,20260630T012659_400374,h11,00:00:00:00:00:0B,0.0,0.001,1.59,0,2026-06-30T01:26:59,0.0,0.0,0.07,1
ip_shuffle,0,0.013770476460177289,20260630T012659_400374,h16,00:00:00:00:00:10,0.0,0.001,1.53,0,2026-06-30T01:26:59,0.0,0.0,0.23,1
ip_shuffle,0,0.013925271013604412,20260630T012659_400374,h21,00:00:00:00:00:15,0.0,0.001,1.53,0,2026-06-30T01:26:59,0.0,0.0,0.0,1
ip_shuffle,0,-0.13180318730443533,20260630T012659_400374,h4,00:00:00:00:00:04,0.0,0.001,1.53,0,2026-06-30T01:26:59,0.0,0.0,0.0,1
ip_shuffle,0,0.011620827543302181,20260630T012659_400374,h22,00:00:00:00:00:16,0.0,0.001,1.5,0,2026-06-30T01:26:59,0.0,0.0,0.0,1
ip_shuffle,0,-0.006730018109891267,20260630T012659_400374,h37,00:00:00:00:00:25,0.0,0.001,1.5,0,2026-06-30T01:26:59,0.0,0.0,0.0,1
ip_shuffle,0,-0.027293928366142278,20260630T012659_400374,h34,00:00:00:00:00:22,0.0,0.001,1.5,0,2026-06-30T01:26:59,0.0,0.0,0.0,1
ip_shuffle,0,-0.02171894570806733,20260630T012659_400374,h33,00:00:00:00:00:21,0.0,0.001,1.5,0,2026-06-30T01:26:59,0.0,0.0,0.0,1
ip_shuffle,0,-0.11122410232535948,20260630T012659_400374,h7,00:00:00:00:00:07,0.0,0.001,1.56,0,2026-06-30T01:26:59,0.0,0.0,0.03,1
ip_shuffle,0,-0.11775290419702505,20260630T012659_400374,h9,00:00:00:00:00:09,0.0,0.001,1.53,0,2026-06-30T01:26:59,0.0,0.0,0.23,1
ip_shuffle,0,-0.12247734152078998,20260630T012659_400374,h35,00:00:00:00:00:23,0.0,0.001,1.5,0,2026-06-30T01:26:59,0.0,0.0,0.0,1
ip_shuffle,0,0.0035356601400959864,20260630T012659_400374,h6,00:00:00:00:00:06,0.0,0.001,1.53,0,2026-06-30T01:26:59,0.0,0.0,0.0,1
ip_shuffle,0,-0.10748170753692832,20260630T012659_400374,h5,00:00:00:00:00:05,0.0,0.001,1.53,0,2026-06-30T01:26:59,0.0,0.0,0.0,1
ip_shuffle,0,0.025047329570570986,20260630T012659_400374,h28,00:00:00:00:00:1C,0.0,0.001,1.5,1,2026-06-30T01:26:59,0.0,0.0,0.0,1
ip_shuffle,0,0.027510554503875795,20260630T012659_400374,h3,00:00:00:00:00:03,0.0,0.001,1.53,1,2026-06-30T01:26:59,0.0,0.0,0.0,1
ip_shuffle,0,0.011147177194772956,20260630T012659_400374,h29,00:00:00:00:00:1D,0.0,0.001,1.5,0,2026-06-30T01:26:59,0.0,0.0,0.0,1
ip_shuffle,0,0.013955191827353497,20260630T012659_400374,h24,00:00:00:00:00:18,0.0,0.001,1.5,0,2026-06-30T01:26:59,0.0,0.0,0.0,1
ip_shuffle,1,,20260630T012659_400374,h1,00:00:00:00:00:01,0.0,0.002,2.66,0,2026-06-30T01:26:59,0.0,0.001,0.93,0
ip_shuffle,0,0.011131488750223933,20260630T012659_400374,h26,00:00:00:00:00:1A,0.0,0.001,1.5,0,2026-06-30T01:26:59,0.0,0.0,0.0,1
ip_shuffle,0,-0.08271011166124415,20260630T012659_400374,h32,00:00:00:00:00:20,0.0,0.001,1.5,0,2026-06-30T01:26:59,0.0,0.0,0.0,1
ip_shuffle,0,0.011620827543302181,20260630T012659_400374,h23,00:00:00:00:00:17,0.0,0.001,1.5,0,2026-06-30T01:26:59,0.0,0.0,0.0,1
ip_shuffle,0,0.013985112591355459,20260630T012659_400374,h27,00:00:00:00:00:1B,0.0,0.001,1.5,1,2026-06-30T01:26:59,0.0,0.0,0.0,1
ip_shuffle,0,-0.09969731814058189,20260630T012659_400374,h2,00:00:00:00:00:02,0.0,0.001,1.53,0,2026-06-30T01:26:59,0.0,0.0,0.0,1
ip_shuffle,0,0.00364736441857455,20260630T012659_400374,h8,00:00:00:00:00:08,0.0,0.001,1.53,0,2026-06-30T01:26:59,0.0,0.0,0.2,1
ip_shuffle,0,-0.056115839479944446,20260630T012810_400946,h19,00:00:00:00:00:13,0.0,0.001,1.53,0,2026-06-30T01:28:10,0.0,0.0,0.0,1
ip_shuffle,0,-0.07208014139500775,20260630T012810_400946,h31,00:00:00:00:00:1F,0.0,0.001,1.53,0,2026-06-30T01:28:10,0.0,0.0,0.23,1
ip_shuffle,0,-0.06180811684794815,20260630T012810_400946,h20,00:00:00:00:00:14,0.0,0.001,1.53,0,2026-06-30T01:28:10,0.0,0.0,0.0,1
ip_shuffle,0,-0.0021535541606526876,20260630T012810_400946,h25,00:00:00:00:00:19,0.0,0.001,1.53,0,2026-06-30T01:28:10,0.0,0.0,0.0,1
ip_shuffle,0,-0.07442467416200635,20260630T012810_400946,h10,00:00:00:00:00:0A,0.0,0.001,1.53,0,2026-06-30T01:28:10,0.0,0.0,0.0,1
ip_shuffle,0,0.023428134356262093,20260630T012810_400946,h30,00:00:00:00:00:1E,0.0,0.001,1.53,1,2026-06-30T01:28:10,0.0,0.0,0.23,1
ip_shuffle,0,-0.05107987619517004,20260630T012810_400946,h15,00:00:00:00:00:0F,0.0,0.001,1.53,0,2026-06-30T01:28:10,0.0,0.0,0.0,1
ip_shuffle,0,-0.06508986446158711,20260630T012810_400946,h12,00:00:00:00:00:0C,0.0,0.001,1.53,0,2026-06-30T01:28:10,0.0,0.0,0.0,1
ip_shuffle,0,0.0034844883335973798,20260630T012810_400946,h17,00:00:00:00:00:11,0.0,0.001,1.53,0,2026-06-30T01:28:10,0.0,0.0,0.0,1
ip_shuffle,1,-0.10288215276725052,20260630T012810_400946,h39,00:00:00:00:00:27,0.0,0.001,1.53,0,2026-06-30T01:28:10,0.0,0.0,0.0,1
ip_shuffle,0,-0.09043499607134786,20260630T012810_400946,h14,00:00:00:00:00:0E,0.0,0.001,1.53,0,2026-06-30T01:28:10,0.0,0.0,0.0,1
ip_shuffle,1,-0.02743743425416223,20260630T012810_400946,h38,00:00:00:00:00:26,0.0,0.001,1.53,0,2026-06-30T01:28:10,0.0,0.0,0.0,1
ip_shuffle,0,-0.04506154945420951,20260630T012810_400946,h18,00:00:00:00:00:12,0.0,0.001,1.53,0,2026-06-30T01:28:10,0.0,0.0,0.0,1
ip_shuffle,0,-0.1215300207015634,20260630T012810_400946,h13,00:00:00:00:00:0D,0.0,0.001,1.53,0,2026-06-30T01:28:10,0.0,0.0,0.0,1
ip_shuffle,0,-0.052643042895281114,20260630T012810_400946,h36,00:00:00:00:00:24,0.0,0.001,1.53,0,2026-06-30T01:28:10,0.0,0.0,0.1,1
ip_shuffle,0,-0.014453200598901428,20260630T012810_400946,h11,00:00:00:00:00:0B,0.0,0.001,1.53,0,2026-06-30T01:28:10,0.0,0.0,0.0,1
ip_shuffle,0,0.013854196987239248,20260630T012810_400946,h16,00:00:00:00:00:10,0.0,0.001,1.53,0,2026-06-30T01:28:10,0.0,0.0,0.0,1
ip_shuffle,0,-0.056115839479944446,20260630T012810_400946,h21,00:00:00:00:00:15,0.0,0.001,1.53,0,2026-06-30T01:28:10,0.0,0.0,0.0,1
ip_shuffle,0,-0.13149767813523872,20260630T012810_400946,h3,00:00:00:00:00:03,0.0,0.001,1.53,0,2026-06-30T01:28:10,0.0,0.0,0.0,1
ip_shuffle,0,-0.03036632651667097,20260630T012810_400946,h22,00:00:00:00:00:16,0.0,0.001,1.53,0,2026-06-30T01:28:10,0.0,0.0,0.0,1
ip_shuffle,0,0.010145513886338997,20260630T012810_400946,h37,00:00:00:00:00:25,0.0,0.001,1.53,0,2026-06-30T01:28:10,0.0,0.0,0.0,1
ip_shuffle,0,-0.013074222387973317,20260630T012810_400946,h34,00:00:00:00:00:22,0.0,0.001,1.53,0,2026-06-30T01:28:10,0.0,0.0,0.23,1
ip_shuffle,0,-0.00502734039172284,20260630T012810_400946,h33,00:00:00:00:00:21,0.0,0.001,1.53,0,2026-06-30T01:28:10,0.0,0.0,0.23,1
ip_shuffle,0,-0.1011175493703191,20260630T012810_400946,h7,00:00:00:00:00:07,0.0,0.001,1.53,0,2026-06-30T01:28:10,0.0,0.0,0.0,1
ip_shuffle,0,-0.10982159103013261,20260630T012810_400946,h9,00:00:00:00:00:09,0.0,0.001,1.53,0,2026-06-30T01:28:10,0.0,0.0,0.0,1
ip_shuffle,0,-0.10347235068192888,20260630T012810_400946,h35,00:00:00:00:00:23,0.0,0.001,1.5,0,2026-06-30T01:28:10,0.0,0.0,0.2,1
ip_shuffle,0,0.013944087436867286,20260630T012810_400946,h6,00:00:00:00:00:06,0.0,0.001,1.53,0,2026-06-30T01:28:10,0.0,0.0,0.0,1
ip_shuffle,0,-0.09043140055842343,20260630T012810_400946,h5,00:00:00:00:00:05,0.0,0.001,1.53,0,2026-06-30T01:28:10,0.0,0.0,0.0,1
ip_shuffle,0,-0.13152206782209241,20260630T012810_400946,h28,00:00:00:00:00:1C,0.0,0.001,1.5,0,2026-06-30T01:28:10,0.0,0.0,0.2,1
ip_shuffle,0,-0.12211040716134994,20260630T012810_400946,h4,00:00:00:00:00:04,0.0,0.001,1.53,0,2026-06-30T01:28:10,0.0,0.0,0.0,1
ip_shuffle,0,0.011183030679316086,20260630T012810_400946,h29,00:00:00:00:00:1D,0.0,0.001,1.53,0,2026-06-30T01:28:10,0.0,0.0,0.23,1
ip_shuffle,0,0.014033977440112477,20260630T012810_400946,h24,00:00:00:00:00:18,0.0,0.001,1.53,1,2026-06-30T01:28:10,0.0,0.0,0.0,1
ip_shuffle,1,,20260630T012810_400946,h1,00:00:00:00:00:01,0.0,0.002,3.09,0,2026-06-30T01:28:10,0.0,0.001,1.16,0
ip_shuffle,0,0.014050263699381671,20260630T012810_400946,h26,00:00:00:00:00:1A,0.0,0.001,1.56,1,2026-06-30T01:28:10,0.0,0.0,0.03,1
ip_shuffle,0,-0.0705603213908389,20260630T012810_400946,h32,00:00:00:00:00:20,0.0,0.001,1.53,0,2026-06-30T01:28:10,0.0,0.0,0.23,1
ip_shuffle,0,-0.0024549131670756064,20260630T012810_400946,h23,00:00:00:00:00:17,0.0,0.001,1.53,0,2026-06-30T01:28:10,0.0,0.0,0.0,1
ip_shuffle,0,-0.13104396424690937,20260630T012810_400946,h27,00:00:00:00:00:1B,0.0,0.001,1.73,0,2026-06-30T01:28:10,0.0,0.0,0.4,1
ip_shuffle,0,-0.09270297908237668,20260630T012810_400946,h2,00:00:00:00:00:02,0.0,0.001,1.53,0,2026-06-30T01:28:10,0.0,0.0,0.0,1
ip_shuffle,0,0.013990338094413884,20260630T012810_400946,h8,00:00:00:00:00:08,0.0,0.001,1.53,0,2026-06-30T01:28:10,0.0,0.0,0.0,1
ip_shuffle,1,-0.05580138616319512,20260630T012921_919555,h19,00:00:00:00:00:13,0.0,0.001,1.53,0,2026-06-30T01:29:21,0.0,0.0,0.0,1
ip_shuffle,0,-0.07199621541539974,20260630T012921_919555,h31,00:00:00:00:00:1F,0.0,0.001,1.5,0,2026-06-30T01:29:21,0.0,0.0,0.0,1
ip_shuffle,1,-0.05580138616319512,20260630T012921_919555,h20,00:00:00:00:00:14,0.0,0.001,1.53,0,2026-06-30T01:29:21,0.0,0.0,0.0,1
ip_shuffle,0,-0.001996215415399738,20260630T012921_919555,h25,00:00:00:00:00:19,0.0,0.001,1.5,0,2026-06-30T01:29:21,0.0,0.0,0.0,1
ip_shuffle,0,-0.06100788387320605,20260630T012921_919555,h10,00:00:00:00:00:0A,0.0,0.001,1.5,0,2026-06-30T01:29:21,0.0,0.0,0.23,1
ip_shuffle,0,-0.1217825538413106,20260630T012921_919555,h30,00:00:00:00:00:1E,0.0,0.001,1.5,0,2026-06-30T01:29:21,0.0,0.0,0.0,1
ip_shuffle,1,-0.03300082274779946,20260630T012921_919555,h15,00:00:00:00:00:0F,0.0,0.001,1.5,0,2026-06-30T01:29:21,0.0,0.0,0.23,1
ip_shuffle,0,-0.06100611874957679,20260630T012921_919555,h12,00:00:00:00:00:0C,0.0,0.001,1.5,0,2026-06-30T01:29:21,0.0,0.0,0.23,1
ip_shuffle,1,0.01399460795568866,20260630T012921_919555,h17,00:00:00:00:00:11,0.0,0.001,1.5,0,2026-06-30T01:29:21,0.0,0.0,0.13,1
ip_shuffle,0,-0.08995358441966991,20260630T012921_919555,h39,00:00:00:00:00:27,0.0,0.001,1.5,0,2026-06-30T01:29:21,0.0,0.0,0.0,1
ip_shuffle,1,-0.08085383534572645,20260630T012921_919555,h14,00:00:00:00:00:0E,0.0,0.001,1.5,0,2026-06-30T01:29:21,0.0,0.0,0.23,1
ip_shuffle,0,-0.013090574329436305,20260630T012921_919555,h38,00:00:00:00:00:26,0.0,0.001,1.5,0,2026-06-30T01:29:21,0.0,0.0,0.0,1
ip_shuffle,1,0.025201612218552993,20260630T012921_919555,h18,00:00:00:00:00:12,0.0,0.001,1.53,1,2026-06-30T01:29:21,0.0,0.0,0.0,1
ip_shuffle,0,-0.12553995111574137,20260630T012921_919555,h13,00:00:00:00:00:0D,0.0,0.001,1.5,0,2026-06-30T01:29:21,0.0,0.0,0.23,1
ip_shuffle,0,-0.037728658663202644,20260630T012921_919555,h36,00:00:00:00:00:24,0.0,0.001,1.5,0,2026-06-30T01:29:21,0.0,0.0,0.0,1
ip_shuffle,0,-0.04222487207222439,20260630T012921_919555,h11,00:00:00:00:00:0B,0.0,0.001,1.56,0,2026-06-30T01:29:21,0.0,0.0,0.07,1
ip_shuffle,1,0.013954289652654994,20260630T012921_919555,h16,00:00:00:00:00:10,0.0,0.001,1.5,0,2026-06-30T01:29:21,0.0,0.0,0.2,1
ip_shuffle,0,-0.05581762388239385,20260630T012921_919555,h21,00:00:00:00:00:15,0.0,0.001,1.53,0,2026-06-30T01:29:21,0.0,0.0,0.0,1
ip_shuffle,0,-0.12712764940201082,20260630T012921_919555,h3,00:00:00:00:00:03,0.0,0.001,1.5,0,2026-06-30T01:29:21,0.0,0.0,0.0,1
ip_shuffle,0,-0.030269364819454456,20260630T012921_919555,h22,00:00:00:00:00:16,0.0,0.001,1.5,0,2026-06-30T01:29:21,0.0,0.0,0.0,1
ip_shuffle,0,0.027023125492619177,20260630T012921_919555,h37,00:00:00:00:00:25,0.0,0.001,1.5,1,2026-06-30T01:29:21,0.0,0.0,0.0,1
ip_shuffle,0,0.0033343720971356905,20260630T012921_919555,h34,00:00:00:00:00:22,0.0,0.001,1.5,0,2026-06-30T01:29:21,0.0,0.0,0.0,1
ip_shuffle,0,0.012148263067160242,20260630T012921_919555,h33,00:00:00:00:00:21,0.0,0.001,1.5,0,2026-06-30T01:29:21,0.0,0.0,0.0,1
ip_shuffle,0,-0.09109989109034036,20260630T012921_919555,h7,00:00:00:00:00:07,0.0,0.001,1.5,0,2026-06-30T01:29:21,0.0,0.0,0.13,1
ip_shuffle,0,-0.1159154188481325,20260630T012921_919555,h9,00:00:00:00:00:09,0.0,0.001,1.5,0,2026-06-30T01:29:21,0.0,0.0,0.23,1
ip_shuffle,0,-0.08438090378756735,20260630T012921_919555,h35,00:00:00:00:00:23,0.0,0.001,1.5,0,2026-06-30T01:29:21,0.0,0.0,0.0,1
ip_shuffle,0,0.014048728609088984,20260630T012921_919555,h6,00:00:00:00:00:06,0.0,0.001,1.53,0,2026-06-30T01:29:21,0.0,0.0,0.03,1
ip_shuffle,0,-0.07343361801503852,20260630T012921_919555,h5,00:00:00:00:00:05,0.0,0.001,1.5,0,2026-06-30T01:29:21,0.0,0.0,0.0,1
ip_shuffle,0,-0.12152165638373913,20260630T012921_919555,h28,00:00:00:00:00:1C,0.0,0.001,1.5,0,2026-06-30T01:29:21,0.0,0.0,0.0,1
ip_shuffle,0,-0.12084286016402362,20260630T012921_919555,h4,00:00:00:00:00:04,0.0,0.001,1.5,0,2026-06-30T01:29:21,0.0,0.0,0.0,1
ip_shuffle,0,0.011339842684603973,20260630T012921_919555,h29,00:00:00:00:00:1D,0.0,0.001,1.5,0,2026-06-30T01:29:21,0.0,0.0,0.0,1
ip_shuffle,0,-0.13153638767861198,20260630T012921_919555,h24,00:00:00:00:00:18,0.0,0.001,1.5,0,2026-06-30T01:29:21,0.0,0.0,0.0,1
ip_shuffle,1,,20260630T012921_919555,h1,00:00:00:00:00:01,0.0,0.002,2.82,0,2026-06-30T01:29:21,0.0,0.001,0.96,0
ip_shuffle,0,-0.06211329007666051,20260630T012921_919555,h32,00:00:00:00:00:20,0.0,0.001,1.5,0,2026-06-30T01:29:21,0.0,0.0,0.0,1
ip_shuffle,0,-0.13153540513885537,20260630T012921_919555,h26,00:00:00:00:00:1A,0.0,0.001,1.5,0,2026-06-30T01:29:21,0.0,0.0,0.0,1
ip_shuffle,0,-0.0023384976579608474,20260630T012921_919555,h23,00:00:00:00:00:17,0.0,0.001,1.5,0,2026-06-30T01:29:21,0.0,0.0,0.0,1
ip_shuffle,0,-0.12056319953664421,20260630T012921_919555,h27,00:00:00:00:00:1B,0.0,0.001,1.5,0,2026-06-30T01:29:21,0.0,0.0,0.0,1
ip_shuffle,0,-0.09584203581474514,20260630T012921_919555,h2,00:00:00:00:00:02,0.0,0.001,1.5,0,2026-06-30T01:29:21,0.0,0.0,0.0,1
ip_shuffle,0,0.014092443615563582,20260630T012921_919555,h8,00:00:00:00:00:08,0.0,0.001,1.5,1,2026-06-30T01:29:21,0.0,0.0,0.23,1
ip_shuffle,0,-0.05984799313588776,20260630T013033_199901,h19,00:00:00:00:00:13,0.0,0.001,1.36,0,2026-06-30T01:30:33,0.0,0.0,0.0,1
ip_shuffle,0,-0.03184799313588778,20260630T013033_199901,h31,00:00:00:00:00:1F,0.0,0.001,1.36,0,2026-06-30T01:30:33,0.0,0.0,0.23,1
ip_shuffle,0,-0.05984799313588776,20260630T013033_199901,h20,00:00:00:00:00:14,0.0,0.001,1.36,0,2026-06-30T01:30:33,0.0,0.0,0.0,1
ip_shuffle,0,0.010244569928870906,20260630T013033_199901,h25,00:00:00:00:00:19,0.0,0.001,1.36,0,2026-06-30T01:30:33,0.0,0.0,0.0,1
ip_shuffle,0,-0.10485314188555235,20260630T013033_199901,h10,00:00:00:00:00:0A,0.0,0.001,1.33,0,2026-06-30T01:30:33,0.0,0.0,0.0,1
ip_shuffle,0,-0.10043755683846488,20260630T013033_199901,h30,00:00:00:00:00:1E,0.0,0.001,1.36,0,2026-06-30T01:30:33,0.0,0.0,0.2,1
ip_shuffle,0,-0.07081545631255101,20260630T013033_199901,h15,00:00:00:00:00:0F,0.0,0.001,1.33,0,2026-06-30T01:30:33,0.0,0.0,0.0,1
ip_shuffle,0,-0.10348983217847162,20260630T013033_199901,h12,00:00:00:00:00:0C,0.0,0.001,1.33,0,2026-06-30T01:30:33,0.0,0.0,0.0,1
ip_shuffle,0,0.012401482728843755,20260630T013033_199901,h17,00:00:00:00:00:11,0.0,0.001,1.36,0,2026-06-30T01:30:33,0.0,0.0,0.0,1
ip_shuffle,1,-0.09602232903920069,20260630T013033_199901,h39,00:00:00:00:00:27,0.0,0.001,1.33,0,2026-06-30T01:30:33,0.0,0.0,0.0,1
ip_shuffle,0,-0.06523277768467352,20260630T013033_199901,h14,00:00:00:00:00:0E,0.0,0.001,1.33,0,2026-06-30T01:30:33,0.0,0.0,0.0,1
ip_shuffle,1,-0.05657177476131567,20260630T013033_199901,h38,00:00:00:00:00:26,0.0,0.001,1.33,0,2026-06-30T01:30:33,0.0,0.0,0.0,1
ip_shuffle,0,-0.12637532512935815,20260630T013033_199901,h18,00:00:00:00:00:12,0.0,0.001,1.36,0,2026-06-30T01:30:33,0.0,0.0,0.0,1
ip_shuffle,0,-0.12138561611439926,20260630T013033_199901,h13,00:00:00:00:00:0D,0.0,0.001,1.33,0,2026-06-30T01:30:33,0.0,0.0,0.0,1
ip_shuffle,1,-0.03473126395185078,20260630T013033_199901,h36,00:00:00:00:00:24,0.0,0.001,1.33,0,2026-06-30T01:30:33,0.0,0.0,0.0,1
ip_shuffle,0,-0.046145293086182024,20260630T013033_199901,h11,00:00:00:00:00:0B,0.0,0.001,1.33,0,2026-06-30T01:30:33,0.0,0.0,0.0,1
ip_shuffle,0,0.010152006864112217,20260630T013033_199901,h16,00:00:00:00:00:10,0.0,0.001,1.36,0,2026-06-30T01:30:33,0.0,0.0,0.0,1
ip_shuffle,0,-0.05986450972062776,20260630T013033_199901,h21,00:00:00:00:00:15,0.0,0.001,1.36,0,2026-06-30T01:30:33,0.0,0.0,0.0,1
ip_shuffle,0,-0.12075795079219023,20260630T013033_199901,h3,00:00:00:00:00:03,0.0,0.001,1.33,0,2026-06-30T01:30:33,0.0,0.0,0.0,1
ip_shuffle,0,-0.01798242460762499,20260630T013033_199901,h22,00:00:00:00:00:16,0.0,0.001,1.36,0,2026-06-30T01:30:33,0.0,0.0,0.0,1
ip_shuffle,1,-0.12145435068343388,20260630T013033_199901,h37,00:00:00:00:00:25,0.0,0.001,1.33,0,2026-06-30T01:30:33,0.0,0.0,0.0,1
ip_shuffle,0,0.01750137025439888,20260630T013033_199901,h34,00:00:00:00:00:22,0.0,0.001,1.3,0,2026-06-30T01:30:33,0.0,0.0,0.23,1
ip_shuffle,0,0.03737911568718594,20260630T013033_199901,h33,00:00:00:00:00:21,0.0,0.001,1.36,1,2026-06-30T01:30:33,0.0,0.0,0.23,1
ip_shuffle,0,-0.08265272127612369,20260630T013033_199901,h7,00:00:00:00:00:07,0.0,0.001,1.33,0,2026-06-30T01:30:33,0.0,0.0,0.0,1
ip_shuffle,0,-0.11253859121011799,20260630T013033_199901,h9,00:00:00:00:00:09,0.0,0.001,1.33,0,2026-06-30T01:30:33,0.0,0.0,0.0,1
ip_shuffle,1,-0.06986403944711257,20260630T013033_199901,h35,00:00:00:00:00:23,0.0,0.001,1.3,0,2026-06-30T01:30:33,0.0,0.0,0.13,1
ip_shuffle,0,0.010028588716306908,20260630T013033_199901,h6,00:00:00:00:00:06,0.0,0.001,1.33,0,2026-06-30T01:30:33,0.0,0.0,0.0,1
ip_shuffle,0,-0.05120043161599962,20260630T013033_199901,h5,00:00:00:00:00:05,0.0,0.001,1.33,0,2026-06-30T01:30:33,0.0,0.0,0.0,1
ip_shuffle,0,-0.10903630141381165,20260630T013033_199901,h28,00:00:00:00:00:1C,0.0,0.001,1.4,0,2026-06-30T01:30:33,0.0,0.0,0.03,1
ip_shuffle,0,-0.11506369781872942,20260630T013033_199901,h4,00:00:00:00:00:04,0.0,0.001,1.33,0,2026-06-30T01:30:33,0.0,0.0,0.0,1
ip_shuffle,0,0.024040436130808363,20260630T013033_199901,h29,00:00:00:00:00:1D,0.0,0.001,1.36,1,2026-06-30T01:30:33,0.0,0.0,0.23,1
ip_shuffle,0,-0.119871954140993,20260630T013033_199901,h24,00:00:00:00:00:18,0.0,0.001,1.36,0,2026-06-30T01:30:33,0.0,0.0,0.0,1
ip_shuffle,1,,20260630T013033_199901,h1,00:00:00:00:00:01,0.0,0.002,2.23,0,2026-06-30T01:30:33,0.0,0.0,0.7,0
ip_shuffle,0,-0.030129519268004057,20260630T013033_199901,h32,00:00:00:00:00:20,0.0,0.001,1.36,0,2026-06-30T01:30:33,0.0,0.0,0.23,1
ip_shuffle,0,-0.11987412703710393,20260630T013033_199901,h26,00:00:00:00:00:1A,0.0,0.001,1.36,0,2026-06-30T01:30:33,0.0,0.0,0.0,1
ip_shuffle,0,0.023945892451097434,20260630T013033_199901,h23,00:00:00:00:00:17,0.0,0.001,1.36,1,2026-06-30T01:30:33,0.0,0.0,0.0,1
ip_shuffle,0,-0.10747590475375707,20260630T013033_199901,h27,00:00:00:00:00:1B,0.0,0.001,1.4,0,2026-06-30T01:30:33,0.0,0.0,0.03,1
ip_shuffle,0,-0.09254582126345204,20260630T013033_199901,h2,00:00:00:00:00:02,0.0,0.001,1.33,0,2026-06-30T01:30:33,0.0,0.0,0.0,1
ip_shuffle,0,-0.12512462088201476,20260630T013033_199901,h8,00:00:00:00:00:08,0.0,0.001,1.33,0,2026-06-30T01:30:33,0.0,0.0,0.0,1
ip_shuffle,0,-0.05991487559966946,20260630T013144_457822,h19,00:00:00:00:00:13,0.0,0.001,1.2,0,2026-06-30T01:31:44,0.0,0.0,0.0,1
ip_shuffle,0,-0.031822316740624496,20260630T013144_457822,h31,00:00:00:00:00:1F,0.0,0.001,1.23,0,2026-06-30T01:31:44,0.0,0.0,0.0,1
ip_shuffle,0,-0.05991487559966946,20260630T013144_457822,h20,00:00:00:00:00:14,0.0,0.001,1.2,0,2026-06-30T01:31:44,0.0,0.0,0.0,1
ip_shuffle,0,0.01027024165188084,20260630T013144_457822,h25,00:00:00:00:00:19,0.0,0.001,1.23,1,2026-06-30T01:31:44,0.0,0.0,0.0,1
ip_shuffle,0,-0.09955321805393352,20260630T013144_457822,h10,00:00:00:00:00:0A,0.0,0.001,1.2,0,2026-06-30T01:31:44,0.0,0.0,0.0,1
ip_shuffle,0,-0.07990117818787457,20260630T013144_457822,h30,00:00:00:00:00:1E,0.0,0.001,1.23,0,2026-06-30T01:31:44,0.0,0.0,0.0,1
ip_shuffle,1,-0.0606546003198237,20260630T013144_457822,h15,00:00:00:00:00:0F,0.0,0.001,1.2,0,2026-06-30T01:31:44,0.0,0.0,0.0,1
ip_shuffle,1,-0.09798793365315703,20260630T013144_457822,h12,00:00:00:00:00:0C,0.0,0.001,1.2,0,2026-06-30T01:31:44,0.0,0.0,0.0,1
ip_shuffle,0,0.012424966248073738,20260630T013144_457822,h17,00:00:00:00:00:11,0.0,0.001,1.2,1,2026-06-30T01:31:44,0.0,0.0,0.0,1
ip_shuffle,0,-0.08685957506094633,20260630T013144_457822,h39,00:00:00:00:00:27,0.0,0.001,1.23,0,2026-06-30T01:31:44,0.0,0.0,0.0,1
ip_shuffle,1,-0.049932062115949236,20260630T013144_457822,h14,00:00:00:00:00:0E,0.0,0.001,1.2,0,2026-06-30T01:31:44,0.0,0.0,0.0,1
ip_shuffle,0,-0.04805964627393411,20260630T013144_457822,h38,00:00:00:00:00:26,0.0,0.001,1.23,0,2026-06-30T01:31:44,0.0,0.0,0.0,1
ip_shuffle,0,-0.11125915354718235,20260630T013144_457822,h18,00:00:00:00:00:12,0.0,0.001,1.2,0,2026-06-30T01:31:44,0.0,0.0,0.0,1
ip_shuffle,1,-0.11631028507929131,20260630T013144_457822,h13,00:00:00:00:00:0D,0.0,0.001,1.2,0,2026-06-30T01:31:44,0.0,0.0,0.0,1
ip_shuffle,0,-0.022850520181690967,20260630T013144_457822,h36,00:00:00:00:00:24,0.0,0.001,1.23,0,2026-06-30T01:31:44,0.0,0.0,0.0,1
ip_shuffle,0,-0.04613337913723084,20260630T013144_457822,h11,00:00:00:00:00:0B,0.0,0.001,1.2,0,2026-06-30T01:31:44,0.0,0.0,0.0,1
ip_shuffle,1,0.010085124400330547,20260630T013144_457822,h16,00:00:00:00:00:10,0.0,0.001,1.2,0,2026-06-30T01:31:44,0.0,0.0,0.0,1
ip_shuffle,0,-0.05993137812296637,20260630T013144_457822,h21,00:00:00:00:00:15,0.0,0.001,1.2,0,2026-06-30T01:31:44,0.0,0.0,0.0,1
ip_shuffle,0,-0.11388156139676639,20260630T013144_457822,h3,00:00:00:00:00:03,0.0,0.001,1.2,0,2026-06-30T01:31:44,0.0,0.0,0.23,1
ip_shuffle,0,-0.018061677928362885,20260630T013144_457822,h22,00:00:00:00:00:16,0.0,0.001,1.23,0,2026-06-30T01:31:44,0.0,0.0,0.0,1
ip_shuffle,0,-0.10138682725360704,20260630T013144_457822,h37,00:00:00:00:00:25,0.0,0.001,1.23,0,2026-06-30T01:31:44,0.0,0.0,0.0,1
ip_shuffle,0,0.03199048689308198,20260630T013144_457822,h34,00:00:00:00:00:22,0.0,0.001,1.23,1,2026-06-30T01:31:44,0.0,0.0,0.0,1
ip_shuffle,0,-0.07302156380757033,20260630T013144_457822,h7,00:00:00:00:00:07,0.0,0.001,1.2,0,2026-06-30T01:31:44,0.0,0.0,0.0,1
ip_shuffle,0,-0.12403328686283385,20260630T013144_457822,h33,00:00:00:00:00:21,0.0,0.001,1.23,0,2026-06-30T01:31:44,0.0,0.0,0.0,1
ip_shuffle,0,-0.10346243271693109,20260630T013144_457822,h9,00:00:00:00:00:09,0.0,0.001,1.2,0,2026-06-30T01:31:44,0.0,0.0,0.0,1
ip_shuffle,0,-0.051891128908914994,20260630T013144_457822,h35,00:00:00:00:00:23,0.0,0.001,1.23,0,2026-06-30T01:31:44,0.0,0.0,0.0,1
ip_shuffle,0,0.009890217824077702,20260630T013144_457822,h6,00:00:00:00:00:06,0.0,0.001,1.17,0,2026-06-30T01:31:44,0.0,0.0,0.13,1
ip_shuffle,0,-0.033192357406667,20260630T013144_457822,h5,00:00:00:00:00:05,0.0,0.001,1.17,0,2026-06-30T01:31:44,0.0,0.0,0.2,1
ip_shuffle,0,-0.09820680042903228,20260630T013144_457822,h28,00:00:00:00:00:1C,0.0,0.001,1.23,0,2026-06-30T01:31:44,0.0,0.0,0.0,1
ip_shuffle,0,-0.09449888839508494,20260630T013144_457822,h4,00:00:00:00:00:04,0.0,0.001,1.2,0,2026-06-30T01:31:44,0.0,0.0,0.23,1
ip_shuffle,0,-0.13041380265676716,20260630T013144_457822,h29,00:00:00:00:00:1D,0.0,0.001,1.36,0,2026-06-30T01:31:44,0.0,0.0,0.13,1
ip_shuffle,0,-0.10904876697899217,20260630T013144_457822,h24,00:00:00:00:00:18,0.0,0.001,1.23,0,2026-06-30T01:31:44,0.0,0.0,0.0,1
ip_shuffle,1,,20260630T013144_457822,h1,00:00:00:00:00:01,0.0,0.002,2.16,0,2026-06-30T01:31:44,0.0,0.001,0.97,0
ip_shuffle,0,-0.008607220562455581,20260630T013144_457822,h32,00:00:00:00:00:20,0.0,0.001,1.23,0,2026-06-30T01:31:44,0.0,0.0,0.0,1
ip_shuffle,0,-0.1090549735782886,20260630T013144_457822,h26,00:00:00:00:00:1A,0.0,0.001,1.23,0,2026-06-30T01:31:44,0.0,0.0,0.0,1
ip_shuffle,0,-0.13175367591771087,20260630T013144_457822,h23,00:00:00:00:00:17,0.0,0.001,1.53,0,2026-06-30T01:31:44,0.0,0.0,0.33,1
ip_shuffle,0,-0.09612185003669572,20260630T013144_457822,h27,00:00:00:00:00:1B,0.0,0.001,1.23,0,2026-06-30T01:31:44,0.0,0.0,0.0,1
ip_shuffle,0,-0.06836097592752835,20260630T013144_457822,h2,00:00:00:00:00:02,0.0,0.001,1.2,0,2026-06-30T01:31:44,0.0,0.0,0.23,1
ip_shuffle,0,-0.10873331578007397,20260630T013144_457822,h8,00:00:00:00:00:08,0.0,0.001,1.2,0,2026-06-30T01:31:44,0.0,0.0,0.0,1
ip_shuffle,0,-0.07275628527975324,20260630T013255_394967,h19,00:00:00:00:00:13,0.0,0.001,1.6,0,2026-06-30T01:32:55,0.0,0.0,0.0,1
ip_shuffle,0,-0.019786488022823484,20260630T013255_394967,h31,00:00:00:00:00:1F,0.0,0.001,1.6,0,2026-06-30T01:32:55,0.0,0.0,0.23,1
ip_shuffle,0,-0.07275628527975324,20260630T013255_394967,h20,00:00:00:00:00:14,0.0,0.001,1.6,0,2026-06-30T01:32:55,0.0,0.0,0.0,1
ip_shuffle,0,-0.12705054562189497,20260630T013255_394967,h25,00:00:00:00:00:19,0.0,0.001,1.6,0,2026-06-30T01:32:55,0.0,0.0,0.0,1
ip_shuffle,0,-0.10023526169379521,20260630T013255_394967,h10,00:00:00:00:00:0A,0.0,0.001,1.6,0,2026-06-30T01:32:55,0.0,0.0,0.0,1
ip_shuffle,0,-0.05615904019954038,20260630T013255_394967,h30,00:00:00:00:00:1E,0.0,0.001,1.6,0,2026-06-30T01:32:55,0.0,0.0,0.23,1
ip_shuffle,0,-0.0507416738480157,20260630T013255_394967,h15,00:00:00:00:00:0F,0.0,0.001,1.6,0,2026-06-30T01:32:55,0.0,0.0,0.0,1
ip_shuffle,0,-0.0834352616937952,20260630T013255_394967,h12,00:00:00:00:00:0C,0.0,0.001,1.6,0,2026-06-30T01:32:55,0.0,0.0,0.0,1
ip_shuffle,0,-0.12437089308443061,20260630T013255_394967,h17,00:00:00:00:00:11,0.0,0.001,1.6,0,2026-06-30T01:32:55,0.0,0.0,0.0,1
ip_shuffle,1,-0.1003311294655444,20260630T013255_394967,h39,00:00:00:00:00:27,0.0,0.001,1.6,0,2026-06-30T01:32:55,0.0,0.0,0.0,1
ip_shuffle,0,-0.07673853687295182,20260630T013255_394967,h14,00:00:00:00:00:0E,0.0,0.001,1.6,0,2026-06-30T01:32:55,0.0,0.0,0.0,1
ip_shuffle,1,-0.03976853151846266,20260630T013255_394967,h38,00:00:00:00:00:26,0.0,0.001,1.6,0,2026-06-30T01:32:55,0.0,0.0,0.0,1
ip_shuffle,0,-0.09379787216901259,20260630T013255_394967,h18,00:00:00:00:00:12,0.0,0.001,1.6,0,2026-06-30T01:32:55,0.0,0.0,0.0,1
ip_shuffle,0,-0.10538512802171894,20260630T013255_394967,h13,00:00:00:00:00:0D,0.0,0.001,1.6,0,2026-06-30T01:32:55,0.0,0.0,0.0,1
ip_shuffle,1,-0.011159657338089574,20260630T013255_394967,h36,00:00:00:00:00:24,0.0,0.001,1.6,0,2026-06-30T01:32:55,0.0,0.0,0.1,1
ip_shuffle,0,-0.046277113534926625,20260630T013255_394967,h11,00:00:00:00:00:0B,0.0,0.001,1.6,0,2026-06-30T01:32:55,0.0,0.0,0.0,1
ip_shuffle,0,0.009763876919973824,20260630T013255_394967,h16,00:00:00:00:00:10,0.0,0.001,1.6,1,2026-06-30T01:32:55,0.0,0.0,0.0,1
ip_shuffle,0,-0.07275628527975324,20260630T013255_394967,h21,00:00:00:00:00:15,0.0,0.001,1.6,0,2026-06-30T01:32:55,0.0,0.0,0.0,1
ip_shuffle,0,-0.10292298462699112,20260630T013255_394967,h3,00:00:00:00:00:03,0.0,0.001,1.6,0,2026-06-30T01:32:55,0.0,0.0,0.0,1
ip_shuffle,0,-0.005314986988332687,20260630T013255_394967,h22,00:00:00:00:00:16,0.0,0.001,1.6,0,2026-06-30T01:32:55,0.0,0.0,0.0,1
ip_shuffle,1,-0.07889199724679719,20260630T013255_394967,h37,00:00:00:00:00:25,0.0,0.001,1.6,0,2026-06-30T01:32:55,0.0,0.0,0.0,1
ip_shuffle,1,-0.1191392205446801,20260630T013255_394967,h34,00:00:00:00:00:22,0.0,0.001,1.6,0,2026-06-30T01:32:55,0.0,0.0,0.23,1
ip_shuffle,0,-0.06748689928337352,20260630T013255_394967,h7,00:00:00:00:00:07,0.0,0.001,1.6,0,2026-06-30T01:32:55,0.0,0.0,0.0,1
ip_shuffle,1,-0.10496149208644626,20260630T013255_394967,h33,00:00:00:00:00:21,0.0,0.001,1.6,0,2026-06-30T01:32:55,0.0,0.0,0.23,1
ip_shuffle,0,-0.10482023261670684,20260630T013255_394967,h9,00:00:00:00:00:09,0.0,0.001,1.6,0,2026-06-30T01:32:55,0.0,0.0,0.0,1
ip_shuffle,1,-0.034171853591560525,20260630T013255_394967,h35,00:00:00:00:00:23,0.0,0.001,1.56,0,2026-06-30T01:32:55,0.0,0.0,0.2,1
ip_shuffle,0,-0.002725436156325367,20260630T013255_394967,h6,00:00:00:00:00:06,0.0,0.001,1.6,0,2026-06-30T01:32:55,0.0,0.0,0.0,1
ip_shuffle,0,-0.07671624158163567,20260630T013255_394967,h5,00:00:00:00:00:05,0.0,0.001,1.6,0,2026-06-30T01:32:55,0.0,0.0,0.0,1
ip_shuffle,0,-0.08346764160901386,20260630T013255_394967,h28,00:00:00:00:00:1C,0.0,0.001,1.6,0,2026-06-30T01:32:55,0.0,0.0,0.23,1
ip_shuffle,0,-0.09033150551489559,20260630T013255_394967,h4,00:00:00:00:00:04,0.0,0.001,1.6,0,2026-06-30T01:32:55,0.0,0.0,0.0,1
ip_shuffle,0,-0.11957656088388746,20260630T013255_394967,h29,00:00:00:00:00:1D,0.0,0.001,1.6,0,2026-06-30T01:32:55,0.0,0.0,0.23,1
ip_shuffle,0,-0.09952582351520509,20260630T013255_394967,h24,00:00:00:00:00:18,0.0,0.001,1.6,0,2026-06-30T01:32:55,0.0,0.0,0.0,1
ip_shuffle,1,,20260630T013255_394967,h1,00:00:00:00:00:01,0.0,0.002,2.8,0,2026-06-30T01:32:55,0.0,0.001,0.93,0
ip_shuffle,0,0.016796494777654963,20260630T013255_394967,h32,00:00:00:00:00:20,0.0,0.001,1.6,1,2026-06-30T01:32:55,0.0,0.0,0.23,1
ip_shuffle,0,-0.1028855837617638,20260630T013255_394967,h26,00:00:00:00:00:1A,0.0,0.001,1.63,0,2026-06-30T01:32:55,0.0,0.0,0.03,1
ip_shuffle,0,-0.12977120834549702,20260630T013255_394967,h23,00:00:00:00:00:17,0.0,0.001,1.6,0,2026-06-30T01:32:55,0.0,0.0,0.0,1
ip_shuffle,0,-0.08077894295175307,20260630T013255_394967,h27,00:00:00:00:00:1B,0.0,0.001,1.6,0,2026-06-30T01:32:55,0.0,0.0,0.2,1
ip_shuffle,0,-0.0705319865146386,20260630T013255_394967,h2,00:00:00:00:00:02,0.0,0.001,1.6,0,2026-06-30T01:32:55,0.0,0.0,0.0,1
ip_shuffle,0,-0.08997321718959586,20260630T013255_394967,h8,00:00:00:00:00:08,0.0,0.001,1.6,0,2026-06-30T01:32:55,0.0,0.0,0.0,1
ip_shuffle,0,-0.07268743200965118,20260630T013359_986861,h19,00:00:00:00:00:13,0.0,0.001,0.93,0,2026-06-30T01:33:59,0.0,0.0,0.0,1
ip_shuffle,0,-0.035123757000354944,20260630T013359_986861,h31,00:00:00:00:00:1F,0.0,0.001,1.0,0,2026-06-30T01:33:59,0.0,0.0,0.0,1
ip_shuffle,0,-0.07268743200965118,20260630T013359_986861,h20,00:00:00:00:00:14,0.0,0.001,0.93,0,2026-06-30T01:33:59,0.0,0.0,0.0,1
ip_shuffle,0,-0.11261197700478587,20260630T013359_986861,h25,00:00:00:00:00:19,0.0,0.001,1.0,0,2026-06-30T01:33:59,0.0,0.0,0.0,1
ip_shuffle,0,-0.09566606845194649,20260630T013359_986861,h10,00:00:00:00:00:0A,0.0,0.001,0.9,0,2026-06-30T01:33:59,0.0,0.0,0.0,1
ip_shuffle,0,-0.05816883804491728,20260630T013359_986861,h30,00:00:00:00:00:1E,0.0,0.001,1.0,0,2026-06-30T01:33:59,0.0,0.0,0.0,1
ip_shuffle,0,-0.040676890903933116,20260630T013359_986861,h15,00:00:00:00:00:0F,0.0,0.001,0.9,0,2026-06-30T01:33:59,0.0,0.0,0.0,1
ip_shuffle,0,-0.07699940178527981,20260630T013359_986861,h12,00:00:00:00:00:0C,0.0,0.001,0.9,0,2026-06-30T01:33:59,0.0,0.0,0.0,1
ip_shuffle,0,-0.13183792229513427,20260630T013359_986861,h16,00:00:00:00:00:10,0.0,0.001,0.93,0,2026-06-30T01:33:59,0.0,0.0,0.0,1
ip_shuffle,0,-0.09446248439118682,20260630T013359_986861,h39,00:00:00:00:00:27,0.0,0.001,0.93,0,2026-06-30T01:33:59,0.0,0.0,0.0,1
ip_shuffle,0,-0.06749952142822385,20260630T013359_986861,h14,00:00:00:00:00:0E,0.0,0.001,0.9,0,2026-06-30T01:33:59,0.0,0.0,0.0,1
ip_shuffle,0,-0.03136033343197486,20260630T013359_986861,h38,00:00:00:00:00:26,0.0,0.001,0.93,0,2026-06-30T01:33:59,0.0,0.0,0.0,1
ip_shuffle,0,-0.07789457330641016,20260630T013359_986861,h18,00:00:00:00:00:12,0.0,0.001,0.93,0,2026-06-30T01:33:59,0.0,0.0,0.0,1
ip_shuffle,0,-0.09634958124969586,20260630T013359_986861,h13,00:00:00:00:00:0D,0.0,0.001,0.9,0,2026-06-30T01:33:59,0.0,0.0,0.0,1
ip_shuffle,0,0.0006118289687753187,20260630T013359_986861,h36,00:00:00:00:00:24,0.0,0.001,0.93,1,2026-06-30T01:33:59,0.0,0.0,0.0,1
ip_shuffle,0,-0.04630987460176367,20260630T013359_986861,h11,00:00:00:00:00:0B,0.0,0.001,0.9,0,2026-06-30T01:33:59,0.0,0.0,0.0,1
ip_shuffle,0,-0.10724020150771857,20260630T013359_986861,h17,00:00:00:00:00:11,0.0,0.001,0.93,0,2026-06-30T01:33:59,0.0,0.0,0.0,1
ip_shuffle,0,-0.07268743200965118,20260630T013359_986861,h21,00:00:00:00:00:15,0.0,0.001,0.93,0,2026-06-30T01:33:59,0.0,0.0,0.0,1
ip_shuffle,0,-0.09533979019267556,20260630T013359_986861,h3,00:00:00:00:00:03,0.0,0.001,0.9,0,2026-06-30T01:33:59,0.0,0.0,0.23,1
ip_shuffle,0,-0.005365899600075996,20260630T013359_986861,h22,00:00:00:00:00:16,0.0,0.001,1.0,0,2026-06-30T01:33:59,0.0,0.0,0.0,1
ip_shuffle,0,-0.058092501030101926,20260630T013359_986861,h37,00:00:00:00:00:25,0.0,0.001,0.93,0,2026-06-30T01:33:59,0.0,0.0,0.0,1
ip_shuffle,0,-0.09678884310764355,20260630T013359_986861,h34,00:00:00:00:00:22,0.0,0.001,0.93,0,2026-06-30T01:33:59,0.0,0.0,0.0,1
ip_shuffle,1,-0.05812622855201746,20260630T013359_986861,h7,00:00:00:00:00:07,0.0,0.001,0.9,0,2026-06-30T01:33:59,0.0,0.0,0.0,1
ip_shuffle,0,-0.08669896390094214,20260630T013359_986861,h33,00:00:00:00:00:21,0.0,0.001,1.0,0,2026-06-30T01:33:59,0.0,0.0,0.0,1
ip_shuffle,1,-0.10024946160675183,20260630T013359_986861,h9,00:00:00:00:00:09,0.0,0.001,0.9,0,2026-06-30T01:33:59,0.0,0.0,0.0,1
ip_shuffle,0,-0.012148661469145644,20260630T013359_986861,h35,00:00:00:00:00:23,0.0,0.001,0.93,0,2026-06-30T01:33:59,0.0,0.0,0.0,1
ip_shuffle,1,-0.0002958132781756273,20260630T013359_986861,h6,00:00:00:00:00:06,0.0,0.001,0.9,0,2026-06-30T01:33:59,0.0,0.0,0.0,1
ip_shuffle,1,-0.06741382906612153,20260630T013359_986861,h5,00:00:00:00:00:05,0.0,0.001,0.9,0,2026-06-30T01:33:59,0.0,0.0,0.0,1
ip_shuffle,0,-0.07187758583146649,20260630T013359_986861,h28,00:00:00:00:00:1C,0.0,0.001,1.0,0,2026-06-30T01:33:59,0.0,0.0,0.0,1
ip_shuffle,0,-0.07674168372040206,20260630T013359_986861,h4,00:00:00:00:00:04,0.0,0.001,0.9,0,2026-06-30T01:33:59,0.0,0.0,0.2,1
ip_shuffle,0,-0.10862186054599923,20260630T013359_986861,h29,00:00:00:00:00:1D,0.0,0.001,1.0,0,2026-06-30T01:33:59,0.0,0.0,0.0,1
ip_shuffle,0,-0.08904349359819277,20260630T013359_986861,h24,00:00:00:00:00:18,0.0,0.001,1.0,0,2026-06-30T01:33:59,0.0,0.0,0.0,1
ip_shuffle,1,,20260630T013359_986861,h1,00:00:00:00:00:01,0.0,0.001,1.33,0,2026-06-30T01:33:59,0.0,0.0,0.3,0
ip_shuffle,0,-0.09324133094276274,20260630T013359_986861,h26,00:00:00:00:00:1A,0.0,0.001,1.0,0,2026-06-30T01:33:59,0.0,0.0,0.0,1
ip_shuffle,0,-0.12028156647444872,20260630T013359_986861,h32,00:00:00:00:00:20,0.0,0.001,1.0,0,2026-06-30T01:33:59,0.0,0.0,0.0,1
ip_shuffle,0,-0.12389498310810873,20260630T013359_986861,h23,00:00:00:00:00:17,0.0,0.001,1.03,0,2026-06-30T01:33:59,0.0,0.0,0.0,1
ip_shuffle,0,-0.06861575915659918,20260630T013359_986861,h27,00:00:00:00:00:1B,0.0,0.001,1.03,0,2026-06-30T01:33:59,0.0,0.0,0.0,1
ip_shuffle,0,-0.06409928214233576,20260630T013359_986861,h2,00:00:00:00:00:02,0.0,0.001,0.9,0,2026-06-30T01:33:59,0.0,0.0,0.23,1
ip_shuffle,1,-0.07281477519296295,20260630T013359_986861,h8,00:00:00:00:00:08,0.0,0.001,0.9,0,2026-06-30T01:33:59,0.0,0.0,0.0,1
ip_shuffle,0,-0.002654682129920316,20260630T013457_804438,h19,00:00:00:00:00:13,0.0,0.001,1.36,0,2026-06-30T01:34:57,0.0,0.0,0.23,1
ip_shuffle,0,-0.03527540995747111,20260630T013457_804438,h31,00:00:00:00:00:1F,0.0,0.001,1.3,0,2026-06-30T01:34:57,0.0,0.0,0.0,1
ip_shuffle,0,-0.002730385408965641,20260630T013457_804438,h20,00:00:00:00:00:14,0.0,0.001,1.33,0,2026-06-30T01:34:57,0.0,0.0,0.2,1
ip_shuffle,1,-0.09815128878229082,20260630T013457_804438,h25,00:00:00:00:00:19,0.0,0.001,1.3,0,2026-06-30T01:34:57,0.0,0.0,0.0,1
ip_shuffle,0,-0.09096815020944102,20260630T013457_804438,h10,00:00:00:00:00:0A,0.0,0.001,1.36,0,2026-06-30T01:34:57,0.0,0.0,0.0,1
ip_shuffle,0,-0.04156251333801915,20260630T013457_804438,h30,00:00:00:00:00:1E,0.0,0.001,1.3,0,2026-06-30T01:34:57,0.0,0.0,0.0,1
ip_shuffle,0,-0.032645398054582345,20260630T013457_804438,h15,00:00:00:00:00:0F,0.0,0.001,1.36,0,2026-06-30T01:34:57,0.0,0.0,0.27,1
ip_shuffle,0,-0.12283774246397255,20260630T013457_804438,h36,00:00:00:00:00:24,0.0,0.001,1.36,0,2026-06-30T01:34:57,0.0,0.0,0.0,1
ip_shuffle,0,-0.12216907635859298,20260630T013457_804438,h16,00:00:00:00:00:10,0.0,0.001,1.36,0,2026-06-30T01:34:57,0.0,0.0,0.23,1
ip_shuffle,0,-0.08858171788904626,20260630T013457_804438,h39,00:00:00:00:00:27,0.0,0.001,1.36,0,2026-06-30T01:34:57,0.0,0.0,0.0,1
ip_shuffle,0,-0.05814560759132793,20260630T013457_804438,h14,00:00:00:00:00:0E,0.0,0.001,1.4,0,2026-06-30T01:34:57,0.0,0.0,0.03,1
ip_shuffle,0,-0.022886375975553458,20260630T013457_804438,h38,00:00:00:00:00:26,0.0,0.001,1.36,0,2026-06-30T01:34:57,0.0,0.0,0.0,1
ip_shuffle,0,-0.06668395864804746,20260630T013457_804438,h18,00:00:00:00:00:12,0.0,0.001,1.36,0,2026-06-30T01:34:57,0.0,0.0,0.23,1
ip_shuffle,0,-0.06741623045535103,20260630T013457_804438,h13,00:00:00:00:00:0D,0.0,0.001,1.36,0,2026-06-30T01:34:57,0.0,0.0,0.0,1
ip_shuffle,0,-0.03963481687610766,20260630T013457_804438,h12,00:00:00:00:00:0C,0.0,0.001,1.36,0,2026-06-30T01:34:57,0.0,0.0,0.0,1
ip_shuffle,0,0.036162887420705864,20260630T013457_804438,h11,00:00:00:00:00:0B,0.0,0.001,1.36,1,2026-06-30T01:34:57,0.0,0.0,0.0,1
ip_shuffle,0,-0.09567617326335348,20260630T013457_804438,h17,00:00:00:00:00:11,0.0,0.001,1.36,0,2026-06-30T01:34:57,0.0,0.0,0.23,1
ip_shuffle,1,-0.002730385408965641,20260630T013457_804438,h21,00:00:00:00:00:15,0.0,0.001,1.33,0,2026-06-30T01:34:57,0.0,0.0,0.2,1
ip_shuffle,0,-0.09627670164843213,20260630T013457_804438,h3,00:00:00:00:00:03,0.0,0.001,1.36,0,2026-06-30T01:34:57,0.0,0.0,0.0,1
ip_shuffle,1,0.0644576149535929,20260630T013457_804438,h22,00:00:00:00:00:16,0.0,0.001,1.33,1,2026-06-30T01:34:57,0.0,0.0,0.03,1
ip_shuffle,0,-0.04651901834794997,20260630T013457_804438,h37,00:00:00:00:00:25,0.0,0.001,1.36,0,2026-06-30T01:34:57,0.0,0.0,0.0,1
ip_shuffle,0,-0.07440029989765887,20260630T013457_804438,h34,00:00:00:00:00:22,0.0,0.001,1.36,0,2026-06-30T01:34:57,0.0,0.0,0.0,1
ip_shuffle,0,-0.0488952880691888,20260630T013457_804438,h7,00:00:00:00:00:07,0.0,0.001,1.36,0,2026-06-30T01:34:57,0.0,0.0,0.0,1
ip_shuffle,0,-0.06847212514721132,20260630T013457_804438,h33,00:00:00:00:00:21,0.0,0.001,1.3,0,2026-06-30T01:34:57,0.0,0.0,0.0,1
ip_shuffle,0,-0.09556195473585546,20260630T013457_804438,h9,00:00:00:00:00:09,0.0,0.001,1.36,0,2026-06-30T01:34:57,0.0,0.0,0.0,1
ip_shuffle,0,0.00633097724473608,20260630T013457_804438,h35,00:00:00:00:00:23,0.0,0.001,1.36,1,2026-06-30T01:34:57,0.0,0.0,0.0,1
ip_shuffle,0,-0.0025929321037831965,20260630T013457_804438,h6,00:00:00:00:00:06,0.0,0.001,1.36,0,2026-06-30T01:34:57,0.0,0.0,0.0,1
ip_shuffle,0,-0.058137234305264865,20260630T013457_804438,h5,00:00:00:00:00:05,0.0,0.001,1.36,0,2026-06-30T01:34:57,0.0,0.0,0.0,1
ip_shuffle,0,-0.09781721140638246,20260630T013457_804438,h28,00:00:00:00:00:1C,0.0,0.001,1.3,0,2026-06-30T01:34:57,0.0,0.0,0.0,1
ip_shuffle,0,-0.06069140327372334,20260630T013457_804438,h4,00:00:00:00:00:04,0.0,0.001,1.36,0,2026-06-30T01:34:57,0.0,0.0,0.0,1
ip_shuffle,0,-0.09770243044642468,20260630T013457_804438,h29,00:00:00:00:00:1D,0.0,0.001,1.3,0,2026-06-30T01:34:57,0.0,0.0,0.0,1
ip_shuffle,1,-0.07856657186536403,20260630T013457_804438,h24,00:00:00:00:00:18,0.0,0.001,1.3,0,2026-06-30T01:34:57,0.0,0.0,0.0,1
ip_shuffle,1,,20260630T013457_804438,h1,00:00:00:00:00:01,0.0,0.002,2.23,0,2026-06-30T01:34:57,0.0,0.0,0.67,0
ip_shuffle,1,-0.08357237891952408,20260630T013457_804438,h26,00:00:00:00:00:1A,0.0,0.001,1.3,0,2026-06-30T01:34:57,0.0,0.0,0.0,1
ip_shuffle,0,-0.09908522279381704,20260630T013457_804438,h32,00:00:00:00:00:20,0.0,0.001,1.3,0,2026-06-30T01:34:57,0.0,0.0,0.03,1
ip_shuffle,1,-0.09944030948166843,20260630T013457_804438,h23,00:00:00:00:00:17,0.0,0.001,1.3,0,2026-06-30T01:34:57,0.0,0.0,0.0,1
ip_shuffle,0,-0.05658056413842048,20260630T013457_804438,h27,00:00:00:00:00:1B,0.0,0.001,1.3,0,2026-06-30T01:34:57,0.0,0.0,0.0,1
ip_shuffle,0,-0.05751387448994541,20260630T013457_804438,h2,00:00:00:00:00:02,0.0,0.001,1.36,0,2026-06-30T01:34:57,0.0,0.0,0.0,1
ip_shuffle,0,-0.07887497887646694,20260630T013457_804438,h8,00:00:00:00:00:08,0.0,0.001,1.36,0,2026-06-30T01:34:57,0.0,0.0,0.0,1
ip_shuffle,0,-0.002713243869699844,20260630T013609_156892,h19,00:00:00:00:00:13,0.0,0.001,1.39,0,2026-06-30T01:36:09,0.0,0.0,0.0,1
ip_shuffle,0,0.02755142399459995,20260630T013609_156892,h31,00:00:00:00:00:1F,0.0,0.001,1.43,1,2026-06-30T01:36:09,0.0,0.0,0.07,1
ip_shuffle,0,-0.0026876328541375616,20260630T013609_156892,h20,00:00:00:00:00:14,0.0,0.001,1.39,0,2026-06-30T01:36:09,0.0,0.0,0.0,1
ip_shuffle,0,-0.08993812798509587,20260630T013609_156892,h25,00:00:00:00:00:19,0.0,0.001,1.36,0,2026-06-30T01:36:09,0.0,0.0,0.0,1
ip_shuffle,0,-0.08642961751587469,20260630T013609_156892,h10,00:00:00:00:00:0A,0.0,0.001,1.39,0,2026-06-30T01:36:09,0.0,0.0,0.0,1
ip_shuffle,0,0.0056737976303418425,20260630T013609_156892,h30,00:00:00:00:00:1E,0.0,0.001,1.36,1,2026-06-30T01:36:09,0.0,0.0,0.0,1
ip_shuffle,0,-0.02450773864129248,20260630T013609_156892,h15,00:00:00:00:00:0F,0.0,0.001,1.39,0,2026-06-30T01:36:09,0.0,0.0,0.0,1
ip_shuffle,0,-0.10664770133910488,20260630T013609_156892,h36,00:00:00:00:00:24,0.0,0.001,1.36,0,2026-06-30T01:36:09,0.0,0.0,0.23,1
ip_shuffle,0,-0.11297280565372785,20260630T013609_156892,h16,00:00:00:00:00:10,0.0,0.001,1.39,0,2026-06-30T01:36:09,0.0,0.0,0.0,1
ip_shuffle,0,-0.03597838496693263,20260630T013609_156892,h39,00:00:00:00:00:27,0.0,0.001,1.36,0,2026-06-30T01:36:09,0.0,0.0,0.23,1
ip_shuffle,0,-0.04894134792989557,20260630T013609_156892,h14,00:00:00:00:00:0E,0.0,0.001,1.39,0,2026-06-30T01:36:09,0.0,0.0,0.03,1
ip_shuffle,0,0.013671311438489986,20260630T013609_156892,h38,00:00:00:00:00:26,0.0,0.001,1.36,1,2026-06-30T01:36:09,0.0,0.0,0.23,1
ip_shuffle,0,-0.0611979739991655,20260630T013609_156892,h18,00:00:00:00:00:12,0.0,0.001,1.39,0,2026-06-30T01:36:09,0.0,0.0,0.0,1
ip_shuffle,0,-0.058197213136906026,20260630T013609_156892,h13,00:00:00:00:00:0D,0.0,0.001,1.39,0,2026-06-30T01:36:09,0.0,0.0,0.0,1
ip_shuffle,0,-0.030429617515874682,20260630T013609_156892,h12,00:00:00:00:00:0C,0.0,0.001,1.39,0,2026-06-30T01:36:09,0.0,0.0,0.0,1
ip_shuffle,0,-0.12661916778005455,20260630T013609_156892,h11,00:00:00:00:00:0B,0.0,0.001,1.39,0,2026-06-30T01:36:09,0.0,0.0,0.0,1
ip_shuffle,0,-0.08671360432201289,20260630T013609_156892,h17,00:00:00:00:00:11,0.0,0.001,1.39,0,2026-06-30T01:36:09,0.0,0.0,0.0,1
ip_shuffle,0,-0.0026876328541375616,20260630T013609_156892,h21,00:00:00:00:00:15,0.0,0.001,1.39,0,2026-06-30T01:36:09,0.0,0.0,0.0,1
ip_shuffle,0,-0.08985307834391645,20260630T013609_156892,h3,00:00:00:00:00:03,0.0,0.001,1.39,0,2026-06-30T01:36:09,0.0,0.0,0.0,1
ip_shuffle,0,-0.12448415611039476,20260630T013609_156892,h22,00:00:00:00:00:16,0.0,0.001,1.36,0,2026-06-30T01:36:09,0.0,0.0,0.0,1
ip_shuffle,0,-0.03607648598875601,20260630T013609_156892,h37,00:00:00:00:00:25,0.0,0.001,1.36,0,2026-06-30T01:36:09,0.0,0.0,0.23,1
ip_shuffle,0,-0.05773617584435588,20260630T013609_156892,h34,00:00:00:00:00:22,0.0,0.001,1.36,0,2026-06-30T01:36:09,0.0,0.0,0.23,1
ip_shuffle,0,-0.03969787354294335,20260630T013609_156892,h7,00:00:00:00:00:07,0.0,0.001,1.39,0,2026-06-30T01:36:09,0.0,0.0,0.0,1
ip_shuffle,0,-0.051592238894884096,20260630T013609_156892,h33,00:00:00:00:00:21,0.0,0.001,1.36,0,2026-06-30T01:36:09,0.0,0.0,0.23,1
ip_shuffle,0,-0.09101881605621848,20260630T013609_156892,h9,00:00:00:00:00:09,0.0,0.001,1.39,0,2026-06-30T01:36:09,0.0,0.0,0.0,1
ip_shuffle,0,-0.12073313260432725,20260630T013609_156892,h35,00:00:00:00:00:23,0.0,0.001,1.49,0,2026-06-30T01:36:09,0.0,0.0,0.36,1
ip_shuffle,0,-0.0026620218948433805,20260630T013609_156892,h6,00:00:00:00:00:06,0.0,0.001,1.39,0,2026-06-30T01:36:09,0.0,0.0,0.0,1
ip_shuffle,0,-0.04892427399454069,20260630T013609_156892,h5,00:00:00:00:00:05,0.0,0.001,1.39,0,2026-06-30T01:36:09,0.0,0.0,0.0,1
ip_shuffle,0,-0.07874416791494745,20260630T013609_156892,h28,00:00:00:00:00:1C,0.0,0.001,1.36,0,2026-06-30T01:36:09,0.0,0.0,0.0,1
ip_shuffle,0,-0.05192041635414106,20260630T013609_156892,h4,00:00:00:00:00:04,0.0,0.001,1.39,0,2026-06-30T01:36:09,0.0,0.0,0.0,1
ip_shuffle,0,-0.09279999700448058,20260630T013609_156892,h29,00:00:00:00:00:1D,0.0,0.001,1.36,0,2026-06-30T01:36:09,0.0,0.0,0.0,1
ip_shuffle,0,-0.07006154794719627,20260630T013609_156892,h24,00:00:00:00:00:18,0.0,0.001,1.36,0,2026-06-30T01:36:09,0.0,0.0,0.0,1
ip_shuffle,1,,20260630T013609_156892,h1,00:00:00:00:00:01,0.0,0.002,2.75,0,2026-06-30T01:36:09,0.0,0.001,0.99,0
ip_shuffle,0,-0.07006851206174279,20260630T013609_156892,h26,00:00:00:00:00:1A,0.0,0.001,1.36,0,2026-06-30T01:36:09,0.0,0.0,0.0,1
ip_shuffle,0,-0.07307257848406878,20260630T013609_156892,h32,00:00:00:00:00:20,0.0,0.001,1.43,0,2026-06-30T01:36:09,0.0,0.0,0.13,1
ip_shuffle,0,-0.09036006018407208,20260630T013609_156892,h23,00:00:00:00:00:17,0.0,0.001,1.36,0,2026-06-30T01:36:09,0.0,0.0,0.0,1
ip_shuffle,0,-0.05635780373440917,20260630T013609_156892,h27,00:00:00:00:00:1B,0.0,0.001,1.36,0,2026-06-30T01:36:09,0.0,0.0,0.0,1
ip_shuffle,1,-0.051117887101853804,20260630T013609_156892,h2,00:00:00:00:00:02,0.0,0.001,1.39,0,2026-06-30T01:36:09,0.0,0.0,0.0,1
ip_shuffle,0,-0.0749653748776449,20260630T013609_156892,h8,00:00:00:00:00:08,0.0,0.001,1.39,0,2026-06-30T01:36:09,0.0,0.0,0.0,1
ip_shuffle,1,-0.0027634715025367518,20260630T013720_721186,h19,00:00:00:00:00:13,0.0,0.001,1.3,0,2026-06-30T01:37:20,0.0,0.0,0.23,1
ip_shuffle,0,-0.1294826789971818,20260630T013720_721186,h31,00:00:00:00:00:1F,0.0,0.001,1.36,0,2026-06-30T01:37:20,0.0,0.0,0.03,1
ip_shuffle,1,-0.002548041596592887,20260630T013720_721186,h20,00:00:00:00:00:14,0.0,0.001,1.33,0,2026-06-30T01:37:20,0.0,0.0,0.03,1
ip_shuffle,0,-0.08631978805063753,20260630T013720_721186,h25,00:00:00:00:00:19,0.0,0.001,1.36,0,2026-06-30T01:37:20,0.0,0.0,0.0,1
ip_shuffle,0,-0.002469548104205771,20260630T013720_721186,h10,00:00:00:00:00:0A,0.0,0.001,1.63,0,2026-06-30T01:37:20,0.0,0.0,0.0,1
ip_shuffle,0,-0.11398472681538194,20260630T013720_721186,h30,00:00:00:00:00:1E,0.0,0.001,1.36,0,2026-06-30T01:37:20,0.0,0.0,0.0,1
ip_shuffle,0,-0.06567596440273375,20260630T013720_721186,h15,00:00:00:00:00:0F,0.0,0.001,1.63,0,2026-06-30T01:37:20,0.0,0.0,0.23,1
ip_shuffle,0,-0.08921512559287484,20260630T013720_721186,h36,00:00:00:00:00:24,0.0,0.001,1.36,0,2026-06-30T01:37:20,0.0,0.0,0.0,1
ip_shuffle,1,-0.11093190551835357,20260630T013720_721186,h16,00:00:00:00:00:10,0.0,0.001,1.33,0,2026-06-30T01:37:20,0.0,0.0,0.23,1
ip_shuffle,0,-0.025425458568294215,20260630T013720_721186,h39,00:00:00:00:00:27,0.0,0.001,1.36,0,2026-06-30T01:37:20,0.0,0.0,0.0,1
ip_shuffle,0,-0.03151482985787574,20260630T013720_721186,h14,00:00:00:00:00:0E,0.0,0.001,1.63,0,2026-06-30T01:37:20,0.0,0.0,0.23,1
ip_shuffle,0,-0.1234850587477417,20260630T013720_721186,h38,00:00:00:00:00:26,0.0,0.001,1.36,0,2026-06-30T01:37:20,0.0,0.0,0.0,1
ip_shuffle,1,-0.08325374756851416,20260630T013720_721186,h18,00:00:00:00:00:12,0.0,0.001,1.33,0,2026-06-30T01:37:20,0.0,0.0,0.23,1
ip_shuffle,0,-0.034593665550745514,20260630T013720_721186,h13,00:00:00:00:00:0D,0.0,0.001,1.66,0,2026-06-30T01:37:20,0.0,0.0,0.13,1
ip_shuffle,0,-0.0025360497884528155,20260630T013720_721186,h12,00:00:00:00:00:0C,0.0,0.001,1.66,0,2026-06-30T01:37:20,0.0,0.0,0.03,1
ip_shuffle,0,-0.11166369533036627,20260630T013720_721186,h11,00:00:00:00:00:0B,0.0,0.001,1.63,0,2026-06-30T01:37:20,0.0,0.0,0.03,1
ip_shuffle,1,-0.07301310135712061,20260630T013720_721186,h17,00:00:00:00:00:11,0.0,0.001,1.33,0,2026-06-30T01:37:20,0.0,0.0,0.27,1
ip_shuffle,1,-0.0025310864528607924,20260630T013720_721186,h21,00:00:00:00:00:15,0.0,0.001,1.33,0,2026-06-30T01:37:20,0.0,0.0,0.0,1
ip_shuffle,0,-0.05034953491951211,20260630T013720_721186,h3,00:00:00:00:00:03,0.0,0.001,1.63,0,2026-06-30T01:37:20,0.0,0.0,0.0,1
ip_shuffle,1,-0.10747114065423893,20260630T013720_721186,h22,00:00:00:00:00:16,0.0,0.001,1.36,0,2026-06-30T01:37:20,0.0,0.0,0.0,1
ip_shuffle,0,-0.06395692361645026,20260630T013720_721186,h37,00:00:00:00:00:25,0.0,0.001,1.4,0,2026-06-30T01:37:20,0.0,0.0,0.0,1
ip_shuffle,0,-0.03678697863816602,20260630T013720_721186,h34,00:00:00:00:00:22,0.0,0.001,1.36,0,2026-06-30T01:37:20,0.0,0.0,0.03,1
ip_shuffle,0,-0.07752953116486504,20260630T013720_721186,h7,00:00:00:00:00:07,0.0,0.001,1.63,0,2026-06-30T01:37:20,0.0,0.0,0.0,1
ip_shuffle,0,-0.033585925472148184,20260630T013720_721186,h33,00:00:00:00:00:21,0.0,0.001,1.36,0,2026-06-30T01:37:20,0.0,0.0,0.0,1
ip_shuffle,0,-0.0775161780267735,20260630T013720_721186,h9,00:00:00:00:00:09,0.0,0.001,1.63,0,2026-06-30T01:37:20,0.0,0.0,0.0,1
ip_shuffle,0,-0.09996515733749997,20260630T013720_721186,h35,00:00:00:00:00:23,0.0,0.001,1.36,0,2026-06-30T01:37:20,0.0,0.0,0.0,1
ip_shuffle,0,-0.06151131443777985,20260630T013720_721186,h6,00:00:00:00:00:06,0.0,0.001,1.63,0,2026-06-30T01:37:20,0.0,0.0,0.03,1
ip_shuffle,0,-0.03149605726795773,20260630T013720_721186,h5,00:00:00:00:00:05,0.0,0.001,1.63,0,2026-06-30T01:37:20,0.0,0.0,0.0,1
ip_shuffle,0,-0.07073511529379316,20260630T013720_721186,h28,00:00:00:00:00:1C,0.0,0.001,1.36,0,2026-06-30T01:37:20,0.0,0.0,0.0,1
ip_shuffle,0,-0.04845115482141868,20260630T013720_721186,h4,00:00:00:00:00:04,0.0,0.001,1.63,0,2026-06-30T01:37:20,0.0,0.0,0.0,1
ip_shuffle,0,-0.08302498619121296,20260630T013720_721186,h29,00:00:00:00:00:1D,0.0,0.001,1.36,0,2026-06-30T01:37:20,0.0,0.0,0.0,1
ip_shuffle,0,-0.09363152434772717,20260630T013720_721186,h24,00:00:00:00:00:18,0.0,0.001,1.36,0,2026-06-30T01:37:20,0.0,0.0,0.0,1
ip_shuffle,1,,20260630T013720_721186,h1,00:00:00:00:00:01,0.0,0.002,2.39,0,2026-06-30T01:37:20,0.0,0.0,0.76,0
ip_shuffle,0,-0.09364033537626712,20260630T013720_721186,h26,00:00:00:00:00:1A,0.0,0.001,1.36,0,2026-06-30T01:37:20,0.0,0.0,0.0,1
ip_shuffle,0,-0.05024117807126938,20260630T013720_721186,h32,00:00:00:00:00:20,0.0,0.001,1.36,0,2026-06-30T01:37:20,0.0,0.0,0.0,1
ip_shuffle,0,-0.08016546555790319,20260630T013720_721186,h23,00:00:00:00:00:17,0.0,0.001,1.36,0,2026-06-30T01:37:20,0.0,0.0,0.03,1
ip_shuffle,0,-0.0875504604361833,20260630T013720_721186,h27,00:00:00:00:00:1B,0.0,0.001,1.36,0,2026-06-30T01:37:20,0.0,0.0,0.0,1
ip_shuffle,0,0.004817441800813171,20260630T013720_721186,h2,00:00:00:00:00:02,0.0,0.001,1.63,1,2026-06-30T01:37:20,0.0,0.0,0.0,1
ip_shuffle,0,-0.10417610384895121,20260630T013720_721186,h8,00:00:00:00:00:08,0.0,0.001,1.63,0,2026-06-30T01:37:20,0.0,0.0,0.0,1
ip_shuffle,0,0.02311286450661046,20260630T013818_464381,h19,00:00:00:00:00:13,0.0,0.001,1.7,1,2026-06-30T01:38:18,0.0,0.0,0.03,1
ip_shuffle,0,-0.11838335265086287,20260630T013818_464381,h31,00:00:00:00:00:1F,0.0,0.001,1.6,0,2026-06-30T01:38:18,0.0,0.0,0.0,1
ip_shuffle,0,0.008146139730160179,20260630T013818_464381,h20,00:00:00:00:00:14,0.0,0.001,1.66,1,2026-06-30T01:38:18,0.0,0.0,0.2,1
ip_shuffle,0,-0.06494804097061962,20260630T013818_464381,h25,00:00:00:00:00:19,0.0,0.001,1.6,0,2026-06-30T01:38:18,0.0,0.0,0.23,1
ip_shuffle,0,-0.0010530160903388652,20260630T013818_464381,h10,00:00:00:00:00:0A,0.0,0.001,1.6,0,2026-06-30T01:38:18,0.0,0.0,0.0,1
ip_shuffle,0,-0.08661598524560443,20260630T013818_464381,h30,00:00:00:00:00:1E,0.0,0.001,1.6,0,2026-06-30T01:38:18,0.0,0.0,0.0,1
ip_shuffle,0,-0.06911919238481189,20260630T013818_464381,h15,00:00:00:00:00:0F,0.0,0.001,1.6,0,2026-06-30T01:38:18,0.0,0.0,0.0,1
ip_shuffle,1,-0.08402702474623161,20260630T013818_464381,h36,00:00:00:00:00:24,0.0,0.001,1.66,0,2026-06-30T01:38:18,0.0,0.0,0.03,1
ip_shuffle,0,-0.10309265138075527,20260630T013818_464381,h16,00:00:00:00:00:10,0.0,0.001,1.66,0,2026-06-30T01:38:18,0.0,0.0,0.0,1
ip_shuffle,1,-0.006160909262467096,20260630T013818_464381,h39,00:00:00:00:00:27,0.0,0.001,1.66,0,2026-06-30T01:38:18,0.0,0.0,0.0,1
ip_shuffle,0,-0.030180649547948413,20260630T013818_464381,h14,00:00:00:00:00:0E,0.0,0.001,1.6,0,2026-06-30T01:38:18,0.0,0.0,0.0,1
ip_shuffle,1,-0.10587090106734451,20260630T013818_464381,h38,00:00:00:00:00:26,0.0,0.001,1.66,0,2026-06-30T01:38:18,0.0,0.0,0.0,1
ip_shuffle,0,-0.06917019739846848,20260630T013818_464381,h18,00:00:00:00:00:12,0.0,0.001,1.66,0,2026-06-30T01:38:18,0.0,0.0,0.0,1
ip_shuffle,0,-0.031197790069187978,20260630T013818_464381,h13,00:00:00:00:00:0D,0.0,0.001,1.6,0,2026-06-30T01:38:18,0.0,0.0,0.0,1
ip_shuffle,0,-0.0010530160903388652,20260630T013818_464381,h12,00:00:00:00:00:0C,0.0,0.001,1.63,0,2026-06-30T01:38:18,0.0,0.0,0.0,1
ip_shuffle,0,-0.097537560891696,20260630T013818_464381,h11,00:00:00:00:00:0B,0.0,0.001,1.6,0,2026-06-30T01:38:18,0.0,0.0,0.0,1
ip_shuffle,0,-0.06007410606558587,20260630T013818_464381,h17,00:00:00:00:00:11,0.0,0.001,1.66,0,2026-06-30T01:38:18,0.0,0.0,0.0,1
ip_shuffle,0,0.008146139730160179,20260630T013818_464381,h21,00:00:00:00:00:15,0.0,0.001,1.66,1,2026-06-30T01:38:18,0.0,0.0,0.23,1
ip_shuffle,0,-0.046865724896336794,20260630T013818_464381,h3,00:00:00:00:00:03,0.0,0.001,1.6,0,2026-06-30T01:38:18,0.0,0.0,0.03,1
ip_shuffle,0,-0.09047215964200239,20260630T013818_464381,h22,00:00:00:00:00:16,0.0,0.001,1.6,0,2026-06-30T01:38:18,0.0,0.0,0.23,1
ip_shuffle,1,-0.04706657094718662,20260630T013818_464381,h37,00:00:00:00:00:25,0.0,0.001,1.66,0,2026-06-30T01:38:18,0.0,0.0,0.0,1
ip_shuffle,0,-0.04485275031259399,20260630T013818_464381,h34,00:00:00:00:00:22,0.0,0.001,1.66,0,2026-06-30T01:38:18,0.0,0.0,0.0,1
ip_shuffle,0,-0.08158515713665329,20260630T013818_464381,h7,00:00:00:00:00:07,0.0,0.001,1.6,0,2026-06-30T01:38:18,0.0,0.0,0.0,1
ip_shuffle,0,-0.020185158297746378,20260630T013818_464381,h33,00:00:00:00:00:21,0.0,0.001,1.63,0,2026-06-30T01:38:18,0.0,0.0,0.0,1
ip_shuffle,0,-0.08157070367694412,20260630T013818_464381,h9,00:00:00:00:00:09,0.0,0.001,1.6,0,2026-06-30T01:38:18,0.0,0.0,0.0,1
ip_shuffle,1,-0.08071320576923117,20260630T013818_464381,h35,00:00:00:00:00:23,0.0,0.001,1.66,0,2026-06-30T01:38:18,0.0,0.0,0.0,1
ip_shuffle,0,-0.07233970876212847,20260630T013818_464381,h6,00:00:00:00:00:06,0.0,0.001,1.6,0,2026-06-30T01:38:18,0.0,0.0,0.0,1
ip_shuffle,0,-0.0301584257795115,20260630T013818_464381,h5,00:00:00:00:00:05,0.0,0.001,1.6,0,2026-06-30T01:38:18,0.0,0.0,0.0,1
ip_shuffle,0,-0.041798943808553826,20260630T013818_464381,h28,00:00:00:00:00:1C,0.0,0.001,1.56,0,2026-06-30T01:38:18,0.0,0.0,0.2,1
ip_shuffle,0,-0.04708391546658827,20260630T013818_464381,h4,00:00:00:00:00:04,0.0,0.001,1.6,0,2026-06-30T01:38:18,0.0,0.0,0.0,1
ip_shuffle,0,-0.07145196910486329,20260630T013818_464381,h29,00:00:00:00:00:1D,0.0,0.001,1.56,0,2026-06-30T01:38:18,0.0,0.0,0.13,1
ip_shuffle,0,-0.09377893999317606,20260630T013818_464381,h24,00:00:00:00:00:18,0.0,0.001,1.6,0,2026-06-30T01:38:18,0.0,0.0,0.23,1
ip_shuffle,1,,20260630T013818_464381,h1,00:00:00:00:00:01,0.0,0.002,3.23,0,2026-06-30T01:38:18,0.0,0.001,1.3,0
ip_shuffle,0,-0.07698882841102075,20260630T013818_464381,h26,00:00:00:00:00:1A,0.0,0.001,1.6,0,2026-06-30T01:38:18,0.0,0.0,0.23,1
ip_shuffle,0,-0.03033090889866806,20260630T013818_464381,h32,00:00:00:00:00:20,0.0,0.001,1.6,0,2026-06-30T01:38:18,0.0,0.0,0.0,1
ip_shuffle,0,-0.0746700140641263,20260630T013818_464381,h23,00:00:00:00:00:17,0.0,0.001,1.6,0,2026-06-30T01:38:18,0.0,0.0,0.23,1
ip_shuffle,0,-0.041754413414752264,20260630T013818_464381,h27,00:00:00:00:00:1B,0.0,0.001,1.6,0,2026-06-30T01:38:18,0.0,0.0,0.23,1
ip_shuffle,0,-0.12782151595777141,20260630T013818_464381,h2,00:00:00:00:00:02,0.0,0.001,1.86,0,2026-06-30T01:38:18,0.0,0.0,0.33,1
ip_shuffle,0,-0.10462043303196561,20260630T013818_464381,h8,00:00:00:00:00:08,0.0,0.001,1.6,0,2026-06-30T01:38:18,0.0,0.0,0.0,1
ip_shuffle,0,0.016752156479425767,20260630T013900_414898,h19,00:00:00:00:00:13,0.0,0.001,1.1,1,2026-06-30T01:39:00,0.0,0.0,0.33,1
ip_shuffle,0,-0.1183515892332487,20260630T013900_414898,h31,00:00:00:00:00:1F,0.0,0.001,0.8,0,2026-06-30T01:39:00,0.0,0.0,0.0,1
ip_shuffle,0,0.001742493040458426,20260630T013900_414898,h20,00:00:00:00:00:14,0.0,0.001,1.13,1,2026-06-30T01:39:00,0.0,0.0,0.33,1
ip_shuffle,0,-0.06494143886355419,20260630T013900_414898,h25,00:00:00:00:00:19,0.0,0.001,0.8,0,2026-06-30T01:39:00,0.0,0.0,0.0,1
ip_shuffle,0,-0.0010479123941056212,20260630T013900_414898,h10,00:00:00:00:00:0A,0.0,0.001,0.93,0,2026-06-30T01:39:00,0.0,0.0,0.0,1
ip_shuffle,0,-0.08662816452707284,20260630T013900_414898,h30,00:00:00:00:00:1E,0.0,0.001,0.8,0,2026-06-30T01:39:00,0.0,0.0,0.0,1
ip_shuffle,0,-0.06911333216249353,20260630T013900_414898,h15,00:00:00:00:00:0F,0.0,0.001,0.93,0,2026-06-30T01:39:00,0.0,0.0,0.0,1
ip_shuffle,0,-0.08407379115778651,20260630T013900_414898,h36,00:00:00:00:00:24,0.0,0.001,0.8,0,2026-06-30T01:39:00,0.0,0.0,0.0,1
ip_shuffle,0,-0.10775684845996344,20260630T013900_414898,h16,00:00:00:00:00:10,0.0,0.001,0.83,0,2026-06-30T01:39:00,0.0,0.0,0.0,1
ip_shuffle,0,-0.006289627784141494,20260630T013900_414898,h39,00:00:00:00:00:27,0.0,0.001,0.83,0,2026-06-30T01:39:00,0.0,0.0,0.1,1
ip_shuffle,0,-0.030174367212053008,20260630T013900_414898,h14,00:00:00:00:00:0E,0.0,0.001,0.93,0,2026-06-30T01:39:00,0.0,0.0,0.0,1
ip_shuffle,0,-0.10309458151877929,20260630T013900_414898,h38,00:00:00:00:00:26,0.0,0.001,0.83,0,2026-06-30T01:39:00,0.0,0.0,0.03,1
ip_shuffle,0,-0.06917597091075815,20260630T013900_414898,h18,00:00:00:00:00:12,0.0,0.001,0.83,0,2026-06-30T01:39:00,0.0,0.0,0.0,1
ip_shuffle,0,-0.031112364797326264,20260630T013900_414898,h13,00:00:00:00:00:0D,0.0,0.001,0.97,0,2026-06-30T01:39:00,0.0,0.0,0.0,1
ip_shuffle,0,-0.0010479123941056212,20260630T013900_414898,h12,00:00:00:00:00:0C,0.0,0.001,0.93,0,2026-06-30T01:39:00,0.0,0.0,0.0,1
ip_shuffle,0,-0.09753930531691318,20260630T013900_414898,h11,00:00:00:00:00:0B,0.0,0.001,0.93,0,2026-06-30T01:39:00,0.0,0.0,0.0,1
ip_shuffle,0,-0.06007858630878407,20260630T013900_414898,h17,00:00:00:00:00:11,0.0,0.001,0.83,0,2026-06-30T01:39:00,0.0,0.0,0.0,1
ip_shuffle,0,0.001757421995490338,20260630T013900_414898,h21,00:00:00:00:00:15,0.0,0.001,1.13,1,2026-06-30T01:39:00,0.0,0.0,0.33,1
ip_shuffle,1,-0.04111485910697904,20260630T013900_414898,h3,00:00:00:00:00:03,0.0,0.001,0.93,0,2026-06-30T01:39:00,0.0,0.0,0.03,1
ip_shuffle,0,-0.09047039074970648,20260630T013900_414898,h22,00:00:00:00:00:16,0.0,0.001,0.8,0,2026-06-30T01:39:00,0.0,0.0,0.0,1
ip_shuffle,0,-0.009819061751289215,20260630T013900_414898,h37,00:00:00:00:00:25,0.0,0.001,0.8,0,2026-06-30T01:39:00,0.0,0.0,0.0,1
ip_shuffle,0,-0.047133765267384026,20260630T013900_414898,h34,00:00:00:00:00:22,0.0,0.001,1.07,0,2026-06-30T01:39:00,0.0,0.0,0.43,1
ip_shuffle,0,-0.08148206287212481,20260630T013900_414898,h7,00:00:00:00:00:07,0.0,0.001,0.93,0,2026-06-30T01:39:00,0.0,0.0,0.0,1
ip_shuffle,0,-0.017225744652792474,20260630T013900_414898,h33,00:00:00:00:00:21,0.0,0.001,0.8,0,2026-06-30T01:39:00,0.0,0.0,0.0,1
ip_shuffle,0,-0.08146761539454067,20260630T013900_414898,h9,00:00:00:00:00:09,0.0,0.001,0.97,0,2026-06-30T01:39:00,0.0,0.0,0.0,1
ip_shuffle,0,-0.0807753655584631,20260630T013900_414898,h35,00:00:00:00:00:23,0.0,0.001,0.8,0,2026-06-30T01:39:00,0.0,0.0,0.0,1
ip_shuffle,1,-0.07217627019394728,20260630T013900_414898,h6,00:00:00:00:00:06,0.0,0.001,0.93,0,2026-06-30T01:39:00,0.0,0.0,0.0,1
ip_shuffle,1,-0.029996508532311672,20260630T013900_414898,h5,00:00:00:00:00:05,0.0,0.001,0.93,0,2026-06-30T01:39:00,0.0,0.0,0.0,1
ip_shuffle,0,-0.0417321446471655,20260630T013900_414898,h28,00:00:00:00:00:1C,0.0,0.001,0.8,0,2026-06-30T01:39:00,0.0,0.0,0.0,1
ip_shuffle,1,-0.03928433657933496,20260630T013900_414898,h4,00:00:00:00:00:04,0.0,0.001,0.93,0,2026-06-30T01:39:00,0.0,0.0,0.0,1
ip_shuffle,0,-0.07171430889465841,20260630T013900_414898,h29,00:00:00:00:00:1D,0.0,0.001,0.8,0,2026-06-30T01:39:00,0.0,0.0,0.0,1
ip_shuffle,0,-0.09375888750477279,20260630T013900_414898,h24,00:00:00:00:00:18,0.0,0.001,0.8,0,2026-06-30T01:39:00,0.0,0.0,0.0,1
ip_shuffle,1,,20260630T013900_414898,h1,00:00:00:00:00:01,0.0,0.002,2.03,0,2026-06-30T01:39:00,0.0,0.001,1.07,0
ip_shuffle,0,-0.07696877280948135,20260630T013900_414898,h26,00:00:00:00:00:1A,0.0,0.001,0.8,0,2026-06-30T01:39:00,0.0,0.0,0.0,1
ip_shuffle,0,-0.030318234457907656,20260630T013900_414898,h32,00:00:00:00:00:20,0.0,0.001,0.8,0,2026-06-30T01:39:00,0.0,0.0,0.0,1
ip_shuffle,0,-0.07167018909723692,20260630T013900_414898,h23,00:00:00:00:00:17,0.0,0.001,0.8,0,2026-06-30T01:39:00,0.0,0.0,0.0,1
ip_shuffle,0,-0.0417321446471655,20260630T013900_414898,h27,00:00:00:00:00:1B,0.0,0.001,0.8,0,2026-06-30T01:39:00,0.0,0.0,0.0,1
ip_shuffle,0,-0.1268933933733414,20260630T013900_414898,h2,00:00:00:00:00:02,0.0,0.001,0.9,0,2026-06-30T01:39:00,0.0,0.0,0.2,1
ip_shuffle,0,-0.10462513669586468,20260630T013900_414898,h8,00:00:00:00:00:08,0.0,0.001,0.93,0,2026-06-30T01:39:00,0.0,0.0,0.03,1
ip_shuffle,0,-0.12827634366030352,20260630T014012_003795,h19,00:00:00:00:00:13,0.0,0.001,1.93,0,2026-06-30T01:40:12,0.0,0.0,0.23,1
ip_shuffle,0,-0.11297182358754224,20260630T014012_003795,h31,00:00:00:00:00:1F,0.0,0.001,1.73,0,2026-06-30T01:40:12,0.0,0.0,0.0,1
ip_shuffle,0,-0.12409519016687706,20260630T014012_003795,h20,00:00:00:00:00:14,0.0,0.001,2.2,0,2026-06-30T01:40:12,0.0,0.0,0.57,1
ip_shuffle,1,-0.0957315957728331,20260630T014012_003795,h25,00:00:00:00:00:19,0.0,0.001,1.7,0,2026-06-30T01:40:12,0.0,0.0,0.0,1
ip_shuffle,0,-0.0008571929603780615,20260630T014012_003795,h10,00:00:00:00:00:0A,0.0,0.001,1.63,0,2026-06-30T01:40:12,0.0,0.0,0.0,1
ip_shuffle,0,-0.06923187131815217,20260630T014012_003795,h30,00:00:00:00:00:1E,0.0,0.001,1.7,0,2026-06-30T01:40:12,0.0,0.0,0.0,1
ip_shuffle,0,-0.07373510019797441,20260630T014012_003795,h15,00:00:00:00:00:0F,0.0,0.001,1.63,0,2026-06-30T01:40:12,0.0,0.0,0.23,1
ip_shuffle,0,-0.0832030758288898,20260630T014012_003795,h36,00:00:00:00:00:24,0.0,0.001,1.63,0,2026-06-30T01:40:12,0.0,0.0,0.0,1
ip_shuffle,0,-0.07909844541123538,20260630T014012_003795,h16,00:00:00:00:00:10,0.0,0.001,1.93,0,2026-06-30T01:40:12,0.0,0.0,0.23,1
ip_shuffle,0,-0.003290072430287394,20260630T014012_003795,h39,00:00:00:00:00:27,0.0,0.001,1.66,0,2026-06-30T01:40:12,0.0,0.0,0.0,1
ip_shuffle,0,-0.08032946790326807,20260630T014012_003795,h14,00:00:00:00:00:0E,0.0,0.001,1.63,0,2026-06-30T01:40:12,0.0,0.0,0.23,1
ip_shuffle,0,-0.09256925158904195,20260630T014012_003795,h38,00:00:00:00:00:26,0.0,0.001,1.63,0,2026-06-30T01:40:12,0.0,0.0,0.0,1
ip_shuffle,0,-0.027566238609027197,20260630T014012_003795,h18,00:00:00:00:00:12,0.0,0.001,1.93,0,2026-06-30T01:40:12,0.0,0.0,0.23,1
ip_shuffle,0,-0.028956432450860006,20260630T014012_003795,h13,00:00:00:00:00:0D,0.0,0.001,1.63,0,2026-06-30T01:40:12,0.0,0.0,0.23,1
ip_shuffle,0,-0.0008571929603780615,20260630T014012_003795,h12,00:00:00:00:00:0C,0.0,0.001,1.63,0,2026-06-30T01:40:12,0.0,0.0,0.13,1
ip_shuffle,0,-0.09382117096933634,20260630T014012_003795,h11,00:00:00:00:00:0B,0.0,0.001,1.66,0,2026-06-30T01:40:12,0.0,0.0,0.03,1
ip_shuffle,0,-0.060638895975241885,20260630T014012_003795,h17,00:00:00:00:00:11,0.0,0.001,1.93,0,2026-06-30T01:40:12,0.0,0.0,0.23,1
ip_shuffle,0,-0.12828889807958424,20260630T014012_003795,h21,00:00:00:00:00:15,0.0,0.001,1.93,0,2026-06-30T01:40:12,0.0,0.0,0.2,1
ip_shuffle,0,-0.0383738031260812,20260630T014012_003795,h3,00:00:00:00:00:03,0.0,0.001,1.63,0,2026-06-30T01:40:12,0.0,0.0,0.0,1
ip_shuffle,0,-0.09542748080943046,20260630T014012_003795,h22,00:00:00:00:00:16,0.0,0.001,1.7,0,2026-06-30T01:40:12,0.0,0.0,0.0,1
ip_shuffle,0,0.0008627482610871762,20260630T014012_003795,h37,00:00:00:00:00:25,0.0,0.001,1.63,1,2026-06-30T01:40:12,0.0,0.0,0.0,1
ip_shuffle,0,-0.027898436986422526,20260630T014012_003795,h34,00:00:00:00:00:22,0.0,0.001,1.63,0,2026-06-30T01:40:12,0.0,0.0,0.0,1
ip_shuffle,0,-0.04942936668673657,20260630T014012_003795,h7,00:00:00:00:00:07,0.0,0.001,1.63,0,2026-06-30T01:40:12,0.0,0.0,0.0,1
ip_shuffle,0,-0.004604519675117158,20260630T014012_003795,h33,00:00:00:00:00:21,0.0,0.001,1.7,0,2026-06-30T01:40:12,0.0,0.0,0.0,1
ip_shuffle,0,-0.01021427054413973,20260630T014012_003795,h9,00:00:00:00:00:09,0.0,0.001,1.63,0,2026-06-30T01:40:12,0.0,0.0,0.0,1
ip_shuffle,0,-0.06791910714529004,20260630T014012_003795,h35,00:00:00:00:00:23,0.0,0.001,1.63,0,2026-06-30T01:40:12,0.0,0.0,0.0,1
ip_shuffle,0,-0.07093479325144945,20260630T014012_003795,h6,00:00:00:00:00:06,0.0,0.001,1.63,0,2026-06-30T01:40:12,0.0,0.0,0.0,1
ip_shuffle,0,-0.019662801236601413,20260630T014012_003795,h5,00:00:00:00:00:05,0.0,0.001,1.63,0,2026-06-30T01:40:12,0.0,0.0,0.0,1
ip_shuffle,1,-0.03881239746950249,20260630T014012_003795,h28,00:00:00:00:00:1C,0.0,0.001,1.7,0,2026-06-30T01:40:12,0.0,0.0,0.0,1
ip_shuffle,0,-0.03127562226053697,20260630T014012_003795,h4,00:00:00:00:00:04,0.0,0.001,1.63,0,2026-06-30T01:40:12,0.0,0.0,0.0,1
ip_shuffle,0,-0.0668617895881616,20260630T014012_003795,h29,00:00:00:00:00:1D,0.0,0.001,1.7,0,2026-06-30T01:40:12,0.0,0.0,0.0,1
ip_shuffle,1,-0.09477242011447085,20260630T014012_003795,h24,00:00:00:00:00:18,0.0,0.001,1.7,0,2026-06-30T01:40:12,0.0,0.0,0.0,1
ip_shuffle,1,,20260630T014012_003795,h1,00:00:00:00:00:01,0.0,0.002,2.9,0,2026-06-30T01:40:12,0.0,0.001,1.03,0
ip_shuffle,1,-0.07608642857667167,20260630T014012_003795,h26,00:00:00:00:00:1A,0.0,0.001,1.7,0,2026-06-30T01:40:12,0.0,0.0,0.0,1
ip_shuffle,0,-0.018040567503438465,20260630T014012_003795,h32,00:00:00:00:00:20,0.0,0.001,1.7,0,2026-06-30T01:40:12,0.0,0.0,0.0,1
ip_shuffle,1,-0.10409382928732833,20260630T014012_003795,h23,00:00:00:00:00:17,0.0,0.001,1.7,0,2026-06-30T01:40:12,0.0,0.0,0.0,1
ip_shuffle,1,-0.03880052230371145,20260630T014012_003795,h27,00:00:00:00:00:1B,0.0,0.001,1.7,0,2026-06-30T01:40:12,0.0,0.0,0.0,1
ip_shuffle,0,-0.1176960154595025,20260630T014012_003795,h2,00:00:00:00:00:02,0.0,0.001,1.63,0,2026-06-30T01:40:12,0.0,0.0,0.0,1
ip_shuffle,0,-0.057160875950869675,20260630T014012_003795,h8,00:00:00:00:00:08,0.0,0.001,1.63,0,2026-06-30T01:40:12,0.0,0.0,0.0,1
ip_shuffle,0,-0.11505140346156507,20260630T014109_630870,h19,00:00:00:00:00:13,0.0,0.001,1.36,0,2026-06-30T01:41:09,0.0,0.0,0.13,1
ip_shuffle,0,-0.09938001263408117,20260630T014109_630870,h31,00:00:00:00:00:1F,0.0,0.001,1.43,0,2026-06-30T01:41:09,0.0,0.0,0.17,1
ip_shuffle,0,-0.10669004456569932,20260630T014109_630870,h20,00:00:00:00:00:14,0.0,0.001,1.2,0,2026-06-30T01:41:09,0.0,0.0,0.0,1
ip_shuffle,0,-0.08924496442612156,20260630T014109_630870,h25,00:00:00:00:00:19,0.0,0.001,1.3,0,2026-06-30T01:41:09,0.0,0.0,0.0,1
ip_shuffle,0,-0.0013003154789058002,20260630T014109_630870,h10,00:00:00:00:00:0A,0.0,0.001,1.2,0,2026-06-30T01:41:09,0.0,0.0,0.0,1
ip_shuffle,0,-0.048814003034723524,20260630T014109_630870,h30,00:00:00:00:00:1E,0.0,0.001,1.3,0,2026-06-30T01:41:09,0.0,0.0,0.23,1
ip_shuffle,0,-0.07417735191219274,20260630T014109_630870,h15,00:00:00:00:00:0F,0.0,0.001,1.2,0,2026-06-30T01:41:09,0.0,0.0,0.0,1
ip_shuffle,0,-0.07145650067828507,20260630T014109_630870,h36,00:00:00:00:00:24,0.0,0.001,1.36,0,2026-06-30T01:41:09,0.0,0.0,0.23,1
ip_shuffle,0,-0.06607574432513123,20260630T014109_630870,h16,00:00:00:00:00:10,0.0,0.001,1.2,0,2026-06-30T01:41:09,0.0,0.0,0.03,1
ip_shuffle,0,0.004661999211122425,20260630T014109_630870,h39,00:00:00:00:00:27,0.0,0.001,1.36,1,2026-06-30T01:41:09,0.0,0.0,0.27,1
ip_shuffle,0,-0.0760377829797275,20260630T014109_630870,h14,00:00:00:00:00:0E,0.0,0.001,1.2,0,2026-06-30T01:41:09,0.0,0.0,0.0,1
ip_shuffle,0,-0.07622050372592147,20260630T014109_630870,h38,00:00:00:00:00:26,0.0,0.001,1.36,0,2026-06-30T01:41:09,0.0,0.0,0.23,1
ip_shuffle,0,-0.0150843966549494,20260630T014109_630870,h18,00:00:00:00:00:12,0.0,0.001,1.2,0,2026-06-30T01:41:09,0.0,0.0,0.0,1
ip_shuffle,0,-0.01996179627286368,20260630T014109_630870,h13,00:00:00:00:00:0D,0.0,0.001,1.2,0,2026-06-30T01:41:09,0.0,0.0,0.0,1
ip_shuffle,0,-0.0013164854158228545,20260630T014109_630870,h12,00:00:00:00:00:0C,0.0,0.001,1.2,0,2026-06-30T01:41:09,0.0,0.0,0.03,1
ip_shuffle,0,-0.08198625570413509,20260630T014109_630870,h11,00:00:00:00:00:0B,0.0,0.001,1.2,0,2026-06-30T01:41:09,0.0,0.0,0.0,1
ip_shuffle,0,-0.049228894223365474,20260630T014109_630870,h17,00:00:00:00:00:11,0.0,0.001,1.2,0,2026-06-30T01:41:09,0.0,0.0,0.0,1
ip_shuffle,0,-0.11511051125470789,20260630T014109_630870,h21,00:00:00:00:00:15,0.0,0.001,1.2,0,2026-06-30T01:41:09,0.0,0.0,0.0,1
ip_shuffle,0,-0.02935318833265825,20260630T014109_630870,h3,00:00:00:00:00:03,0.0,0.001,1.2,0,2026-06-30T01:41:09,0.0,0.0,0.0,1
ip_shuffle,0,-0.09318738229267397,20260630T014109_630870,h22,00:00:00:00:00:16,0.0,0.001,1.3,0,2026-06-30T01:41:09,0.0,0.0,0.0,1
ip_shuffle,0,-0.12527462550702995,20260630T014109_630870,h37,00:00:00:00:00:25,0.0,0.001,1.63,0,2026-06-30T01:41:09,0.0,0.0,0.27,1
ip_shuffle,0,-0.011368950770728803,20260630T014109_630870,h34,00:00:00:00:00:22,0.0,0.001,1.5,0,2026-06-30T01:41:09,0.0,0.0,0.17,1
ip_shuffle,0,-0.043295953393657105,20260630T014109_630870,h7,00:00:00:00:00:07,0.0,0.001,1.2,0,2026-06-30T01:41:09,0.0,0.0,0.0,1
ip_shuffle,0,-0.02947612655547001,20260630T014109_630870,h33,00:00:00:00:00:21,0.0,0.001,1.3,0,2026-06-30T01:41:09,0.0,0.0,0.23,1
ip_shuffle,0,-0.0012797839567642022,20260630T014109_630870,h9,00:00:00:00:00:09,0.0,0.001,1.2,0,2026-06-30T01:41:09,0.0,0.0,0.0,1
ip_shuffle,0,-0.06347629202333145,20260630T014109_630870,h35,00:00:00:00:00:23,0.0,0.001,1.4,0,2026-06-30T01:41:09,0.0,0.0,0.23,1
ip_shuffle,0,-0.07137808177259329,20260630T014109_630870,h6,00:00:00:00:00:06,0.0,0.001,1.2,0,2026-06-30T01:41:09,0.0,0.0,0.0,1
ip_shuffle,0,-0.010719542987753738,20260630T014109_630870,h5,00:00:00:00:00:05,0.0,0.001,1.2,0,2026-06-30T01:41:09,0.0,0.0,0.03,1
ip_shuffle,0,-0.029468168740626646,20260630T014109_630870,h28,00:00:00:00:00:1C,0.0,0.001,1.33,0,2026-06-30T01:41:09,0.0,0.0,0.03,1
ip_shuffle,0,-0.022473546261730912,20260630T014109_630870,h4,00:00:00:00:00:04,0.0,0.001,1.2,0,2026-06-30T01:41:09,0.0,0.0,0.0,1
ip_shuffle,0,-0.05751569924862536,20260630T014109_630870,h29,00:00:00:00:00:1D,0.0,0.001,1.33,0,2026-06-30T01:41:09,0.0,0.0,0.1,1
ip_shuffle,0,-0.09017079779744655,20260630T014109_630870,h24,00:00:00:00:00:18,0.0,0.001,1.3,0,2026-06-30T01:41:09,0.0,0.0,0.0,1
ip_shuffle,0,,20260630T014109_630870,h1,00:00:00:00:00:01,0.0,0.002,2.53,0,2026-06-30T01:41:09,0.0,0.001,1.0,0
ip_shuffle,0,-0.06964932608591717,20260630T014109_630870,h26,00:00:00:00:00:1A,0.0,0.001,1.3,0,2026-06-30T01:41:09,0.0,0.0,0.0,1
ip_shuffle,0,-0.030225581034243998,20260630T014109_630870,h32,00:00:00:00:00:20,0.0,0.001,1.4,0,2026-06-30T01:41:09,0.0,0.0,0.33,1
ip_shuffle,0,-0.09947612655546999,20260630T014109_630870,h23,00:00:00:00:00:17,0.0,0.001,1.3,0,2026-06-30T01:41:09,0.0,0.0,0.0,1
ip_shuffle,0,-0.029468168740626646,20260630T014109_630870,h27,00:00:00:00:00:1B,0.0,0.001,1.3,0,2026-06-30T01:41:09,0.0,0.0,0.03,1
ip_shuffle,0,-0.10585738090683686,20260630T014109_630870,h2,00:00:00:00:00:02,0.0,0.001,1.2,0,2026-06-30T01:41:09,0.0,0.0,0.0,1
ip_shuffle,0,-0.04808538784839553,20260630T014109_630870,h8,00:00:00:00:00:08,0.0,0.001,1.2,0,2026-06-30T01:41:09,0.0,0.0,0.0,1
ip_shuffle,1,-0.10178386212596184,20260630T014207_547234,h19,00:00:00:00:00:13,0.0,0.001,1.6,0,2026-06-30T01:42:07,0.0,0.0,0.0,1
ip_shuffle,0,-0.08887030144273482,20260630T014207_547234,h31,00:00:00:00:00:1F,0.0,0.001,1.6,0,2026-06-30T01:42:07,0.0,0.0,0.0,1
ip_shuffle,0,-0.08928367729592467,20260630T014207_547234,h20,00:00:00:00:00:14,0.0,0.001,1.6,0,2026-06-30T01:42:07,0.0,0.0,0.0,1
ip_shuffle,0,-0.0827195459579467,20260630T014207_547234,h25,00:00:00:00:00:19,0.0,0.001,1.6,0,2026-06-30T01:42:07,0.0,0.0,0.0,1
ip_shuffle,0,-0.000922635462255128,20260630T014207_547234,h10,00:00:00:00:00:0A,0.0,0.001,1.6,0,2026-06-30T01:42:07,0.0,0.0,0.23,1
ip_shuffle,0,-0.021047436949827344,20260630T014207_547234,h30,00:00:00:00:00:1E,0.0,0.001,1.6,0,2026-06-30T01:42:07,0.0,0.0,0.0,1
ip_shuffle,1,-0.07379914965947948,20260630T014207_547234,h15,00:00:00:00:00:0F,0.0,0.001,1.6,0,2026-06-30T01:42:07,0.0,0.0,0.0,1
ip_shuffle,0,-0.07759549985173518,20260630T014207_547234,h36,00:00:00:00:00:24,0.0,0.001,1.6,0,2026-06-30T01:42:07,0.0,0.0,0.0,1
ip_shuffle,1,-0.05518402234035813,20260630T014207_547234,h16,00:00:00:00:00:10,0.0,0.001,1.6,0,2026-06-30T01:42:07,0.0,0.0,0.0,1
ip_shuffle,0,-0.13103093393765713,20260630T014207_547234,h39,00:00:00:00:00:27,0.0,0.001,1.7,0,2026-06-30T01:42:07,0.0,0.0,0.1,1
ip_shuffle,1,-0.0707286038410599,20260630T014207_547234,h14,00:00:00:00:00:0E,0.0,0.001,1.6,0,2026-06-30T01:42:07,0.0,0.0,0.0,1
ip_shuffle,0,-0.059926815869660616,20260630T014207_547234,h38,00:00:00:00:00:26,0.0,0.001,1.63,0,2026-06-30T01:42:07,0.0,0.0,0.0,1
ip_shuffle,1,-0.0022374365988648004,20260630T014207_547234,h18,00:00:00:00:00:12,0.0,0.001,1.63,0,2026-06-30T01:42:07,0.0,0.0,0.0,1
ip_shuffle,0,-0.010306495660358322,20260630T014207_547234,h13,00:00:00:00:00:0D,0.0,0.001,1.56,0,2026-06-30T01:42:07,0.0,0.0,0.17,1
ip_shuffle,0,0.0012102695517538786,20260630T014207_547234,h12,00:00:00:00:00:0C,0.0,0.001,1.56,1,2026-06-30T01:42:07,0.0,0.0,0.2,1
ip_shuffle,0,-0.0700616102802193,20260630T014207_547234,h11,00:00:00:00:00:0B,0.0,0.001,1.6,0,2026-06-30T01:42:07,0.0,0.0,0.23,1
ip_shuffle,1,-0.037563269242793296,20260630T014207_547234,h17,00:00:00:00:00:11,0.0,0.001,1.6,0,2026-06-30T01:42:07,0.0,0.0,0.0,1
ip_shuffle,0,-0.10185579831807565,20260630T014207_547234,h21,00:00:00:00:00:15,0.0,0.001,1.6,0,2026-06-30T01:42:07,0.0,0.0,0.0,1
ip_shuffle,0,-0.01776145363544586,20260630T014207_547234,h3,00:00:00:00:00:03,0.0,0.001,1.63,0,2026-06-30T01:42:07,0.0,0.0,0.03,1
ip_shuffle,0,-0.08362345750602534,20260630T014207_547234,h22,00:00:00:00:00:16,0.0,0.001,1.6,0,2026-06-30T01:42:07,0.0,0.0,0.0,1
ip_shuffle,0,-0.10905349718675389,20260630T014207_547234,h37,00:00:00:00:00:25,0.0,0.001,1.6,0,2026-06-30T01:42:07,0.0,0.0,0.03,1
ip_shuffle,0,0.0047595200592544795,20260630T014207_547234,h34,00:00:00:00:00:22,0.0,0.001,1.6,1,2026-06-30T01:42:07,0.0,0.0,0.0,1
ip_shuffle,0,-0.04291832815305692,20260630T014207_547234,h7,00:00:00:00:00:07,0.0,0.001,1.6,0,2026-06-30T01:42:07,0.0,0.0,0.23,1
ip_shuffle,0,-0.017036322082568875,20260630T014207_547234,h33,00:00:00:00:00:21,0.0,0.001,1.6,0,2026-06-30T01:42:07,0.0,0.0,0.0,1
ip_shuffle,0,-0.003778588891520468,20260630T014207_547234,h9,00:00:00:00:00:09,0.0,0.001,1.6,0,2026-06-30T01:42:07,0.0,0.0,0.27,1
ip_shuffle,0,-0.04788442888366111,20260630T014207_547234,h35,00:00:00:00:00:23,0.0,0.001,1.6,0,2026-06-30T01:42:07,0.0,0.0,0.03,1
ip_shuffle,0,-0.07100022542884406,20260630T014207_547234,h6,00:00:00:00:00:06,0.0,0.001,1.6,0,2026-06-30T01:42:07,0.0,0.0,0.23,1
ip_shuffle,0,-0.07100022542884406,20260630T014207_547234,h5,00:00:00:00:00:05,0.0,0.001,1.6,0,2026-06-30T01:42:07,0.0,0.0,0.23,1
ip_shuffle,0,-0.020212645322834205,20260630T014207_547234,h28,00:00:00:00:00:1C,0.0,0.001,1.6,0,2026-06-30T01:42:07,0.0,0.0,0.0,1
ip_shuffle,0,-0.01303677679845705,20260630T014207_547234,h4,00:00:00:00:00:04,0.0,0.001,1.6,0,2026-06-30T01:42:07,0.0,0.0,0.13,1
ip_shuffle,0,-0.048191246899329215,20260630T014207_547234,h29,00:00:00:00:00:1D,0.0,0.001,1.6,0,2026-06-30T01:42:07,0.0,0.0,0.0,1
ip_shuffle,0,-0.08552606127726228,20260630T014207_547234,h24,00:00:00:00:00:18,0.0,0.001,1.6,0,2026-06-30T01:42:07,0.0,0.0,0.0,1
ip_shuffle,1,,20260630T014207_547234,h1,00:00:00:00:00:01,0.0,0.002,2.86,0,2026-06-30T01:42:07,0.0,0.001,0.9,0
ip_shuffle,0,-0.06311311612059614,20260630T014207_547234,h26,00:00:00:00:00:1A,0.0,0.001,1.6,0,2026-06-30T01:42:07,0.0,0.0,0.0,1
ip_shuffle,0,-0.014337235488211447,20260630T014207_547234,h32,00:00:00:00:00:20,0.0,0.001,1.6,0,2026-06-30T01:42:07,0.0,0.0,0.0,1
ip_shuffle,0,-0.09485505106438524,20260630T014207_547234,h23,00:00:00:00:00:17,0.0,0.001,1.6,0,2026-06-30T01:42:07,0.0,0.0,0.0,1
ip_shuffle,0,-0.02019489971703413,20260630T014207_547234,h27,00:00:00:00:00:1B,0.0,0.001,1.6,0,2026-06-30T01:42:07,0.0,0.0,0.0,1
ip_shuffle,0,-0.0939140244519744,20260630T014207_547234,h2,00:00:00:00:00:02,0.0,0.001,1.6,0,2026-06-30T01:42:07,0.0,0.0,0.0,1
ip_shuffle,0,-0.038466831981152305,20260630T014207_547234,h8,00:00:00:00:00:08,0.0,0.001,1.6,0,2026-06-30T01:42:07,0.0,0.0,0.23,1
ip_shuffle,0,-0.0872171693477814,20260630T014312_072193,h19,00:00:00:00:00:13,0.0,0.001,1.56,0,2026-06-30T01:43:12,0.0,0.0,0.0,1
ip_shuffle,0,-0.07511989898133223,20260630T014312_072193,h31,00:00:00:00:00:1F,0.0,0.001,1.6,0,2026-06-30T01:43:12,0.0,0.0,0.03,1
ip_shuffle,0,-0.07186950960665851,20260630T014312_072193,h20,00:00:00:00:00:14,0.0,0.001,1.6,0,2026-06-30T01:43:12,0.0,0.0,0.0,1
ip_shuffle,0,-0.08866267665843486,20260630T014312_072193,h25,00:00:00:00:00:19,0.0,0.001,1.56,0,2026-06-30T01:43:12,0.0,0.0,0.23,1
ip_shuffle,0,0.008386392895496003,20260630T014312_072193,h10,00:00:00:00:00:0A,0.0,0.001,1.56,0,2026-06-30T01:43:12,0.0,0.0,0.03,1
ip_shuffle,0,0.0047991231155762315,20260630T014312_072193,h30,00:00:00:00:00:1E,0.0,0.001,1.53,0,2026-06-30T01:43:12,0.0,0.0,0.2,1
ip_shuffle,0,-0.06159745514940147,20260630T014312_072193,h15,00:00:00:00:00:0F,0.0,0.001,1.56,0,2026-06-30T01:43:12,0.0,0.0,0.0,1
ip_shuffle,0,-0.12891610431720102,20260630T014312_072193,h12,00:00:00:00:00:0C,0.0,0.001,1.7,0,2026-06-30T01:43:12,0.0,0.0,0.13,1
ip_shuffle,0,-0.041305849438456735,20260630T014312_072193,h16,00:00:00:00:00:10,0.0,0.001,1.56,0,2026-06-30T01:43:12,0.0,0.0,0.0,1
ip_shuffle,1,-0.11932351629347382,20260630T014312_072193,h39,00:00:00:00:00:27,0.0,0.001,1.6,0,2026-06-30T01:43:12,0.0,0.0,0.07,1
ip_shuffle,0,-0.061594504655491586,20260630T014312_072193,h14,00:00:00:00:00:0E,0.0,0.001,1.56,0,2026-06-30T01:43:12,0.0,0.0,0.0,1
ip_shuffle,1,-0.04131954440006108,20260630T014312_072193,h38,00:00:00:00:00:26,0.0,0.001,1.56,0,2026-06-30T01:43:12,0.0,0.0,0.0,1
ip_shuffle,0,0.008877021282880093,20260630T014312_072193,h18,00:00:00:00:00:12,0.0,0.001,1.56,0,2026-06-30T01:43:12,0.0,0.0,0.0,1
ip_shuffle,0,0.008416262601161434,20260630T014312_072193,h13,00:00:00:00:00:0D,0.0,0.001,1.56,0,2026-06-30T01:43:12,0.0,0.0,0.0,1
ip_shuffle,1,-0.06351531211776328,20260630T014312_072193,h36,00:00:00:00:00:24,0.0,0.001,1.56,0,2026-06-30T01:43:12,0.0,0.0,0.0,1
ip_shuffle,0,-0.07637910961613528,20260630T014312_072193,h11,00:00:00:00:00:0B,0.0,0.001,1.56,0,2026-06-30T01:43:12,0.0,0.0,0.0,1
ip_shuffle,0,-0.03196536296157658,20260630T014312_072193,h17,00:00:00:00:00:11,0.0,0.001,1.56,0,2026-06-30T01:43:12,0.0,0.0,0.0,1
ip_shuffle,0,-0.08730980085000535,20260630T014312_072193,h21,00:00:00:00:00:15,0.0,0.001,1.56,0,2026-06-30T01:43:12,0.0,0.0,0.0,1
ip_shuffle,0,0.00045846506451871494,20260630T014312_072193,h3,00:00:00:00:00:03,0.0,0.001,1.56,0,2026-06-30T01:43:12,0.0,0.0,0.0,1
ip_shuffle,0,-0.07183966172366782,20260630T014312_072193,h22,00:00:00:00:00:16,0.0,0.001,1.56,0,2026-06-30T01:43:12,0.0,0.0,0.23,1
ip_shuffle,1,-0.09109360415848006,20260630T014312_072193,h37,00:00:00:00:00:25,0.0,0.001,1.56,0,2026-06-30T01:43:12,0.0,0.0,0.0,1
ip_shuffle,0,-0.12217428352990069,20260630T014312_072193,h34,00:00:00:00:00:22,0.0,0.001,1.6,0,2026-06-30T01:43:12,0.0,0.0,0.0,1
ip_shuffle,0,0.05180818765155301,20260630T014312_072193,h7,00:00:00:00:00:07,0.0,0.001,1.56,1,2026-06-30T01:43:12,0.0,0.0,0.0,1
ip_shuffle,0,0.05355197335066986,20260630T014312_072193,h33,00:00:00:00:00:21,0.0,0.001,1.56,1,2026-06-30T01:43:12,0.0,0.0,0.0,1
ip_shuffle,0,0.005547827881603268,20260630T014312_072193,h9,00:00:00:00:00:09,0.0,0.001,1.56,0,2026-06-30T01:43:12,0.0,0.0,0.0,1
ip_shuffle,0,-0.03195937372833246,20260630T014312_072193,h35,00:00:00:00:00:23,0.0,0.001,1.56,0,2026-06-30T01:43:12,0.0,0.0,0.0,1
ip_shuffle,0,-0.061594504655491586,20260630T014312_072193,h6,00:00:00:00:00:06,0.0,0.001,1.56,0,2026-06-30T01:43:12,0.0,0.0,0.0,1
ip_shuffle,0,-0.06167091474070727,20260630T014312_072193,h5,00:00:00:00:00:05,0.0,0.001,1.56,0,2026-06-30T01:43:12,0.0,0.0,0.0,1
ip_shuffle,0,-0.0022122444728269464,20260630T014312_072193,h28,00:00:00:00:00:1C,0.0,0.001,1.56,0,2026-06-30T01:43:12,0.0,0.0,0.23,1
ip_shuffle,0,0.005471072291194701,20260630T014312_072193,h4,00:00:00:00:00:04,0.0,0.001,1.56,0,2026-06-30T01:43:12,0.0,0.0,0.0,1
ip_shuffle,0,-0.0320477634368285,20260630T014312_072193,h29,00:00:00:00:00:1D,0.0,0.001,1.56,0,2026-06-30T01:43:12,0.0,0.0,0.23,1
ip_shuffle,0,-0.07281147965596532,20260630T014312_072193,h24,00:00:00:00:00:18,0.0,0.001,1.56,0,2026-06-30T01:43:12,0.0,0.0,0.23,1
ip_shuffle,1,,20260630T014312_072193,h1,00:00:00:00:00:01,0.0,0.002,2.93,0,2026-06-30T01:43:12,0.0,0.001,1.1,0
ip_shuffle,0,-0.0485308003439545,20260630T014312_072193,h26,00:00:00:00:00:1A,0.0,0.001,1.56,0,2026-06-30T01:43:12,0.0,0.0,0.23,1
ip_shuffle,0,0.049171040139041416,20260630T014312_072193,h32,00:00:00:00:00:20,0.0,0.001,1.6,1,2026-06-30T01:43:12,0.0,0.0,0.03,1
ip_shuffle,0,-0.032045610990945037,20260630T014312_072193,h23,00:00:00:00:00:17,0.0,0.001,1.56,0,2026-06-30T01:43:12,0.0,0.0,0.23,1
ip_shuffle,0,-0.002194413988475502,20260630T014312_072193,h27,00:00:00:00:00:1B,0.0,0.001,1.56,0,2026-06-30T01:43:12,0.0,0.0,0.23,1
ip_shuffle,0,-0.07990493283878679,20260630T014312_072193,h2,00:00:00:00:00:02,0.0,0.001,1.56,0,2026-06-30T01:43:12,0.0,0.0,0.0,1
ip_shuffle,0,-0.02163673179256581,20260630T014312_072193,h8,00:00:00:00:00:08,0.0,0.001,1.56,0,2026-06-30T01:43:12,0.0,0.0,0.0,1
ip_shuffle,0,-0.07360291884808631,20260630T014423_095920,h19,00:00:00:00:00:13,0.0,0.001,1.56,0,2026-06-30T01:44:23,0.0,0.0,0.0,1
ip_shuffle,0,-0.06547370829049497,20260630T014423_095920,h31,00:00:00:00:00:1F,0.0,0.001,1.56,0,2026-06-30T01:44:23,0.0,0.0,0.0,1
ip_shuffle,0,-0.054462878046506555,20260630T014423_095920,h20,00:00:00:00:00:14,0.0,0.001,1.56,0,2026-06-30T01:44:23,0.0,0.0,0.0,1
ip_shuffle,0,-0.08289259831874554,20260630T014423_095920,h25,00:00:00:00:00:19,0.0,0.001,1.56,0,2026-06-30T01:44:23,0.0,0.0,0.0,1
ip_shuffle,0,-0.012673379505923649,20260630T014423_095920,h10,00:00:00:00:00:0A,0.0,0.001,1.56,0,2026-06-30T01:44:23,0.0,0.0,0.23,1
ip_shuffle,0,0.0010740839622900566,20260630T014423_095920,h30,00:00:00:00:00:1E,0.0,0.001,1.56,0,2026-06-30T01:44:23,0.0,0.0,0.0,1
ip_shuffle,1,0.008177823524941397,20260630T014423_095920,h15,00:00:00:00:00:0F,0.0,0.001,1.53,0,2026-06-30T01:44:23,0.0,0.0,0.2,1
ip_shuffle,1,-0.11632683850252544,20260630T014423_095920,h12,00:00:00:00:00:0C,0.0,0.001,1.56,0,2026-06-30T01:44:23,0.0,0.0,0.23,1
ip_shuffle,1,-0.011540621780233906,20260630T014423_095920,h16,00:00:00:00:00:10,0.0,0.001,1.56,0,2026-06-30T01:44:23,0.0,0.0,0.1,1
ip_shuffle,0,-0.10822430577924208,20260630T014423_095920,h39,00:00:00:00:00:27,0.0,0.001,1.5,0,2026-06-30T01:44:23,0.0,0.0,0.0,1
ip_shuffle,1,-0.008449968894856386,20260630T014423_095920,h14,00:00:00:00:00:0E,0.0,0.001,1.66,0,2026-06-30T01:44:23,0.0,0.0,0.13,1
ip_shuffle,0,-0.05110597897195995,20260630T014423_095920,h38,00:00:00:00:00:26,0.0,0.001,1.5,0,2026-06-30T01:44:23,0.0,0.0,0.0,1
ip_shuffle,0,0.02140663713996549,20260630T014423_095920,h18,00:00:00:00:00:12,0.0,0.001,1.56,1,2026-06-30T01:44:23,0.0,0.0,0.0,1
ip_shuffle,1,0.008385010475787824,20260630T014423_095920,h13,00:00:00:00:00:0D,0.0,0.001,1.56,0,2026-06-30T01:44:23,0.0,0.0,0.23,1
ip_shuffle,0,-0.05373432014957771,20260630T014423_095920,h36,00:00:00:00:00:24,0.0,0.001,1.5,0,2026-06-30T01:44:23,0.0,0.0,0.0,1
ip_shuffle,1,-0.06707748253496915,20260630T014423_095920,h11,00:00:00:00:00:0B,0.0,0.001,1.56,0,2026-06-30T01:44:23,0.0,0.0,0.23,1
ip_shuffle,1,-0.02101358418577655,20260630T014423_095920,h17,00:00:00:00:00:11,0.0,0.001,1.56,0,2026-06-30T01:44:23,0.0,0.0,0.0,1
ip_shuffle,0,-0.07376761494310133,20260630T014423_095920,h21,00:00:00:00:00:15,0.0,0.001,1.56,0,2026-06-30T01:44:23,0.0,0.0,0.03,1
ip_shuffle,0,0.008403031157736579,20260630T014423_095920,h3,00:00:00:00:00:03,0.0,0.001,1.56,0,2026-06-30T01:44:23,0.0,0.0,0.0,1
ip_shuffle,0,-0.061512538610390244,20260630T014423_095920,h22,00:00:00:00:00:16,0.0,0.001,1.56,0,2026-06-30T01:44:23,0.0,0.0,0.0,1
ip_shuffle,0,-0.07420799196489167,20260630T014423_095920,h37,00:00:00:00:00:25,0.0,0.001,1.5,0,2026-06-30T01:44:23,0.0,0.0,0.0,1
ip_shuffle,0,-0.10279327967442521,20260630T014423_095920,h34,00:00:00:00:00:22,0.0,0.001,1.6,0,2026-06-30T01:44:23,0.0,0.0,0.13,1
ip_shuffle,0,-0.12401701214897612,20260630T014423_095920,h33,00:00:00:00:00:21,0.0,0.001,1.56,0,2026-06-30T01:44:23,0.0,0.0,0.0,1
ip_shuffle,1,-0.12856196884680465,20260630T014423_095920,h7,00:00:00:00:00:07,0.0,0.001,1.76,0,2026-06-30T01:44:23,0.0,0.0,0.27,1
ip_shuffle,0,-0.036454895426428297,20260630T014423_095920,h9,00:00:00:00:00:09,0.0,0.001,1.56,0,2026-06-30T01:44:23,0.0,0.0,0.23,1
ip_shuffle,0,-0.026546897741610592,20260630T014423_095920,h35,00:00:00:00:00:23,0.0,0.001,1.5,0,2026-06-30T01:44:23,0.0,0.0,0.0,1
ip_shuffle,0,-0.06159696884226343,20260630T014423_095920,h6,00:00:00:00:00:06,0.0,0.001,1.56,0,2026-06-30T01:44:23,0.0,0.0,0.23,1
ip_shuffle,0,0.008403031157736579,20260630T014423_095920,h5,00:00:00:00:00:05,0.0,0.001,1.63,1,2026-06-30T01:44:23,0.0,0.0,0.1,1
ip_shuffle,0,0.008364825922329233,20260630T014423_095920,h28,00:00:00:00:00:1C,0.0,0.001,1.56,0,2026-06-30T01:44:23,0.0,0.0,0.0,1
ip_shuffle,0,0.0054875374810741395,20260630T014423_095920,h4,00:00:00:00:00:04,0.0,0.001,1.6,0,2026-06-30T01:44:23,0.0,0.0,0.03,1
ip_shuffle,0,-0.02154701103972853,20260630T014423_095920,h29,00:00:00:00:00:1D,0.0,0.001,1.6,0,2026-06-30T01:44:23,0.0,0.0,0.03,1
ip_shuffle,0,-0.0668703505939384,20260630T014423_095920,h24,00:00:00:00:00:18,0.0,0.001,1.56,0,2026-06-30T01:44:23,0.0,0.0,0.0,1
ip_shuffle,1,,20260630T014423_095920,h1,00:00:00:00:00:01,0.0,0.002,2.96,0,2026-06-30T01:44:23,0.0,0.001,1.1,0
ip_shuffle,0,-0.040704114126390134,20260630T014423_095920,h26,00:00:00:00:00:1A,0.0,0.001,1.6,0,2026-06-30T01:44:23,0.0,0.0,0.0,1
ip_shuffle,0,-0.12042342831988496,20260630T014423_095920,h32,00:00:00:00:00:20,0.0,0.001,1.56,0,2026-06-30T01:44:23,0.0,0.0,0.0,1
ip_shuffle,0,-0.021577575073810737,20260630T014423_095920,h23,00:00:00:00:00:17,0.0,0.001,1.56,0,2026-06-30T01:44:23,0.0,0.0,0.0,1
ip_shuffle,0,0.008403031157736579,20260630T014423_095920,h27,00:00:00:00:00:1B,0.0,0.001,1.56,1,2026-06-30T01:44:23,0.0,0.0,0.0,1
ip_shuffle,0,-0.06755630510122969,20260630T014423_095920,h2,00:00:00:00:00:02,0.0,0.001,1.56,0,2026-06-30T01:44:23,0.0,0.0,0.0,1
ip_shuffle,0,-0.04805026223846716,20260630T014423_095920,h8,00:00:00:00:00:08,0.0,0.001,1.56,0,2026-06-30T01:44:23,0.0,0.0,0.23,1
ip_shuffle,0,-0.06960701930217336,20260630T014534_063361,h19,00:00:00:00:00:13,0.0,0.001,1.63,0,2026-06-30T01:45:34,0.0,0.0,0.13,1
ip_shuffle,0,-0.062416099451353124,20260630T014534_063361,h31,00:00:00:00:00:1F,0.0,0.001,1.59,0,2026-06-30T01:45:34,0.0,0.0,0.23,1
ip_shuffle,0,-0.05051662299228628,20260630T014534_063361,h20,00:00:00:00:00:14,0.0,0.001,1.5,0,2026-06-30T01:45:34,0.0,0.0,0.0,1
ip_shuffle,0,-0.023449439038905243,20260630T014534_063361,h25,00:00:00:00:00:19,0.0,0.001,1.53,0,2026-06-30T01:45:34,0.0,0.0,0.03,1
ip_shuffle,0,-0.015511783568036813,20260630T014534_063361,h10,00:00:00:00:00:0A,0.0,0.001,1.5,0,2026-06-30T01:45:34,0.0,0.0,0.0,1
ip_shuffle,0,0.020090627866917593,20260630T014534_063361,h30,00:00:00:00:00:1E,0.0,0.001,1.5,1,2026-06-30T01:45:34,0.0,0.0,0.23,1
ip_shuffle,0,0.014396293379282998,20260630T014534_063361,h15,00:00:00:00:00:0F,0.0,0.001,1.5,0,2026-06-30T01:45:34,0.0,0.0,0.0,1
ip_shuffle,0,-0.10814154418650423,20260630T014534_063361,h12,00:00:00:00:00:0C,0.0,0.001,1.5,0,2026-06-30T01:45:34,0.0,0.0,0.0,1
ip_shuffle,0,-0.005780290012630668,20260630T014534_063361,h16,00:00:00:00:00:10,0.0,0.001,1.5,0,2026-06-30T01:45:34,0.0,0.0,0.0,1
ip_shuffle,1,-0.09955721648479945,20260630T014534_063361,h39,00:00:00:00:00:27,0.0,0.001,1.56,0,2026-06-30T01:45:34,0.0,0.0,0.0,1
ip_shuffle,0,-0.001764136743440975,20260630T014534_063361,h14,00:00:00:00:00:0E,0.0,0.001,1.5,0,2026-06-30T01:45:34,0.0,0.0,0.0,1
ip_shuffle,1,-0.04301679879872214,20260630T014534_063361,h38,00:00:00:00:00:26,0.0,0.001,1.56,0,2026-06-30T01:45:34,0.0,0.0,0.0,1
ip_shuffle,0,-0.12637742295933999,20260630T014534_063361,h18,00:00:00:00:00:12,0.0,0.001,1.59,0,2026-06-30T01:45:34,0.0,0.0,0.13,1
ip_shuffle,0,0.005548760653388302,20260630T014534_063361,h13,00:00:00:00:00:0D,0.0,0.001,1.5,0,2026-06-30T01:45:34,0.0,0.0,0.0,1
ip_shuffle,1,-0.03600401436632393,20260630T014534_063361,h36,00:00:00:00:00:24,0.0,0.001,1.56,0,2026-06-30T01:45:34,0.0,0.0,0.0,1
ip_shuffle,0,-0.05327787656782239,20260630T014534_063361,h11,00:00:00:00:00:0B,0.0,0.001,1.5,0,2026-06-30T01:45:34,0.0,0.0,0.0,1
ip_shuffle,0,-0.04948269610603222,20260630T014534_063361,h17,00:00:00:00:00:11,0.0,0.001,1.5,0,2026-06-30T01:45:34,0.0,0.0,0.0,1
ip_shuffle,0,-0.0698305709117547,20260630T014534_063361,h21,00:00:00:00:00:15,0.0,0.001,1.5,0,2026-06-30T01:45:34,0.0,0.0,0.0,1
ip_shuffle,0,-0.00114491043837478,20260630T014534_063361,h3,00:00:00:00:00:03,0.0,0.001,1.5,0,2026-06-30T01:45:34,0.0,0.0,0.0,1
ip_shuffle,0,-0.06304364897331063,20260630T014534_063361,h22,00:00:00:00:00:16,0.0,0.001,1.5,0,2026-06-30T01:45:34,0.0,0.0,0.0,1
ip_shuffle,1,-0.077038439045862,20260630T014534_063361,h37,00:00:00:00:00:25,0.0,0.001,1.56,0,2026-06-30T01:45:34,0.0,0.0,0.0,1
ip_shuffle,0,-0.08874570690564543,20260630T014534_063361,h34,00:00:00:00:00:22,0.0,0.001,1.63,0,2026-06-30T01:45:34,0.0,0.0,0.1,1
ip_shuffle,0,-0.10894364678418805,20260630T014534_063361,h33,00:00:00:00:00:21,0.0,0.001,1.5,0,2026-06-30T01:45:34,0.0,0.0,0.23,1
ip_shuffle,0,-0.11889776576895773,20260630T014534_063361,h7,00:00:00:00:00:07,0.0,0.001,1.5,0,2026-06-30T01:45:34,0.0,0.0,0.0,1
ip_shuffle,0,-0.03923533047330624,20260630T014534_063361,h9,00:00:00:00:00:09,0.0,0.001,1.5,0,2026-06-30T01:45:34,0.0,0.0,0.0,1
ip_shuffle,0,0.024377781518110625,20260630T014534_063361,h35,00:00:00:00:00:23,0.0,0.001,1.56,1,2026-06-30T01:45:34,0.0,0.0,0.03,1
ip_shuffle,0,-0.07114491043837477,20260630T014534_063361,h6,00:00:00:00:00:06,0.0,0.001,1.5,0,2026-06-30T01:45:34,0.0,0.0,0.0,1
ip_shuffle,0,-0.12855394182564303,20260630T014534_063361,h5,00:00:00:00:00:05,0.0,0.001,1.5,0,2026-06-30T01:45:34,0.0,0.0,0.0,1
ip_shuffle,0,-0.014984729099876637,20260630T014534_063361,h28,00:00:00:00:00:1C,0.0,0.001,1.5,0,2026-06-30T01:45:34,0.0,0.0,0.23,1
ip_shuffle,0,0.0499386183544267,20260630T014534_063361,h4,00:00:00:00:00:04,0.0,0.001,1.5,1,2026-06-30T01:45:34,0.0,0.0,0.0,1
ip_shuffle,0,-0.013628227227993894,20260630T014534_063361,h29,00:00:00:00:00:1D,0.0,0.001,1.5,0,2026-06-30T01:45:34,0.0,0.0,0.23,1
ip_shuffle,0,0.0060474584489081384,20260630T014534_063361,h24,00:00:00:00:00:18,0.0,0.001,1.5,0,2026-06-30T01:45:34,0.0,0.0,0.0,1
ip_shuffle,1,,20260630T014534_063361,h1,00:00:00:00:00:01,0.0,0.002,3.06,0,2026-06-30T01:45:34,0.0,0.001,1.1,0
ip_shuffle,0,0.006079648248280112,20260630T014534_063361,h26,00:00:00:00:00:1A,0.0,0.001,1.5,0,2026-06-30T01:45:34,0.0,0.0,0.2,1
ip_shuffle,0,-0.10015256656359289,20260630T014534_063361,h32,00:00:00:00:00:20,0.0,0.001,1.56,0,2026-06-30T01:45:34,0.0,0.0,0.43,1
ip_shuffle,0,-0.013654654843488961,20260630T014534_063361,h23,00:00:00:00:00:17,0.0,0.001,1.5,0,2026-06-30T01:45:34,0.0,0.0,0.0,1
ip_shuffle,0,-0.1258212081188632,20260630T014534_063361,h27,00:00:00:00:00:1B,0.0,0.001,1.56,0,2026-06-30T01:45:34,0.0,0.0,0.13,1
ip_shuffle,0,-0.0773336927939325,20260630T014534_063361,h2,00:00:00:00:00:02,0.0,0.001,1.5,0,2026-06-30T01:45:34,0.0,0.0,0.0,1
ip_shuffle,0,-0.043510997996834375,20260630T014534_063361,h8,00:00:00:00:00:08,0.0,0.001,1.5,0,2026-06-30T01:45:34,0.0,0.0,0.0,1
ip_shuffle,0,-0.05772631005109981,20260630T014644_847695,h19,00:00:00:00:00:13,0.0,0.001,1.3,0,2026-06-30T01:46:44,0.0,0.0,0.0,1
ip_shuffle,0,-0.05256130894799883,20260630T014644_847695,h31,00:00:00:00:00:1F,0.0,0.001,1.33,0,2026-06-30T01:46:44,0.0,0.0,0.0,1
ip_shuffle,0,-0.035496167980539645,20260630T014644_847695,h20,00:00:00:00:00:14,0.0,0.001,1.3,0,2026-06-30T01:46:44,0.0,0.0,0.0,1
ip_shuffle,0,-0.013590877125960993,20260630T014644_847695,h25,00:00:00:00:00:19,0.0,0.001,1.33,0,2026-06-30T01:46:44,0.0,0.0,0.0,1
ip_shuffle,0,-0.015470979649516464,20260630T014644_847695,h10,00:00:00:00:00:0A,0.0,0.001,1.3,0,2026-06-30T01:46:44,0.0,0.0,0.0,1
ip_shuffle,0,-0.12127124796394298,20260630T014644_847695,h30,00:00:00:00:00:1E,0.0,0.001,1.56,0,2026-06-30T01:46:44,0.0,0.0,0.23,1
ip_shuffle,1,0.014435270000958123,20260630T014644_847695,h15,00:00:00:00:00:0F,0.0,0.001,1.3,1,2026-06-30T01:46:44,0.0,0.0,0.0,1
ip_shuffle,1,-0.09701255633755564,20260630T014644_847695,h12,00:00:00:00:00:0C,0.0,0.001,1.3,0,2026-06-30T01:46:44,0.0,0.0,0.0,1
ip_shuffle,1,0.006623434063455419,20260630T014644_847695,h16,00:00:00:00:00:10,0.0,0.001,1.3,1,2026-06-30T01:46:44,0.0,0.0,0.0,1
ip_shuffle,0,-0.09356434644810965,20260630T014644_847695,h39,00:00:00:00:00:27,0.0,0.001,1.33,0,2026-06-30T01:46:44,0.0,0.0,0.0,1
ip_shuffle,1,-0.0017279552588771452,20260630T014644_847695,h14,00:00:00:00:00:0E,0.0,0.001,1.3,0,2026-06-30T01:46:44,0.0,0.0,0.0,1
ip_shuffle,0,-0.047194635446115574,20260630T014644_847695,h38,00:00:00:00:00:26,0.0,0.001,1.33,0,2026-06-30T01:46:44,0.0,0.0,0.0,1
ip_shuffle,1,-0.11124557447875186,20260630T014644_847695,h18,00:00:00:00:00:12,0.0,0.001,1.3,0,2026-06-30T01:46:44,0.0,0.0,0.0,1
ip_shuffle,1,0.005523767155105858,20260630T014644_847695,h13,00:00:00:00:00:0D,0.0,0.001,1.3,0,2026-06-30T01:46:44,0.0,0.0,0.0,1
ip_shuffle,0,-0.009673383545740821,20260630T014644_847695,h36,00:00:00:00:00:24,0.0,0.001,1.33,0,2026-06-30T01:46:44,0.0,0.0,0.0,1
ip_shuffle,0,-0.04344821839518834,20260630T014644_847695,h11,00:00:00:00:00:0B,0.0,0.001,1.3,0,2026-06-30T01:46:44,0.0,0.0,0.0,1
ip_shuffle,1,-0.04174354143398622,20260630T014644_847695,h17,00:00:00:00:00:11,0.0,0.001,1.3,0,2026-06-30T01:46:44,0.0,0.0,0.0,1
ip_shuffle,0,-0.05505036617546637,20260630T014644_847695,h21,00:00:00:00:00:15,0.0,0.001,1.3,0,2026-06-30T01:46:44,0.0,0.0,0.0,1
ip_shuffle,0,-0.1287073285160351,20260630T014644_847695,h4,00:00:00:00:00:04,0.0,0.001,1.36,0,2026-06-30T01:46:44,0.0,0.0,0.13,1
ip_shuffle,0,-0.05431049720310008,20260630T014644_847695,h22,00:00:00:00:00:16,0.0,0.001,1.33,0,2026-06-30T01:46:44,0.0,0.0,0.0,1
ip_shuffle,0,-0.06384481904524147,20260630T014644_847695,h37,00:00:00:00:00:25,0.0,0.001,1.33,0,2026-06-30T01:46:44,0.0,0.0,0.0,1
ip_shuffle,0,-0.07100876067575912,20260630T014644_847695,h34,00:00:00:00:00:22,0.0,0.001,1.46,0,2026-06-30T01:46:44,0.0,0.0,0.13,1
ip_shuffle,0,-0.09264326592725625,20260630T014644_847695,h33,00:00:00:00:00:21,0.0,0.001,1.33,0,2026-06-30T01:46:44,0.0,0.0,0.0,1
ip_shuffle,1,-0.10757373703465609,20260630T014644_847695,h7,00:00:00:00:00:07,0.0,0.001,1.43,0,2026-06-30T01:46:44,0.0,0.0,0.17,1
ip_shuffle,0,0.0026069400862313297,20260630T014644_847695,h9,00:00:00:00:00:09,0.0,0.001,1.26,0,2026-06-30T01:46:44,0.0,0.0,0.13,1
ip_shuffle,0,-0.124410138123452,20260630T014644_847695,h35,00:00:00:00:00:23,0.0,0.001,1.33,0,2026-06-30T01:46:44,0.0,0.0,0.0,1
ip_shuffle,0,-0.0012249879509933503,20260630T014644_847695,h6,00:00:00:00:00:06,0.0,0.001,1.3,0,2026-06-30T01:46:44,0.0,0.0,0.23,1
ip_shuffle,0,-0.11561019884408676,20260630T014644_847695,h5,00:00:00:00:00:05,0.0,0.001,1.36,0,2026-06-30T01:46:44,0.0,0.0,0.33,1
ip_shuffle,0,-0.01499407380257975,20260630T014644_847695,h28,00:00:00:00:00:1C,0.0,0.001,1.33,0,2026-06-30T01:46:44,0.0,0.0,0.0,1
ip_shuffle,0,-0.001274921183764599,20260630T014644_847695,h3,00:00:00:00:00:03,0.0,0.001,1.3,0,2026-06-30T01:46:44,0.0,0.0,0.23,1
ip_shuffle,0,-0.003766410164175643,20260630T014644_847695,h29,00:00:00:00:00:1D,0.0,0.001,1.33,0,2026-06-30T01:46:44,0.0,0.0,0.0,1
ip_shuffle,0,0.006084310927285563,20260630T014644_847695,h24,00:00:00:00:00:18,0.0,0.001,1.33,0,2026-06-30T01:46:44,0.0,0.0,0.0,1
ip_shuffle,1,,20260630T014644_847695,h1,00:00:00:00:00:01,0.0,0.002,2.5,0,2026-06-30T01:46:44,0.0,0.001,1.0,0
ip_shuffle,0,0.00610389318447932,20260630T014644_847695,h26,00:00:00:00:00:1A,0.0,0.001,1.33,1,2026-06-30T01:46:44,0.0,0.0,0.0,1
ip_shuffle,0,-0.07945582732852446,20260630T014644_847695,h32,00:00:00:00:00:20,0.0,0.001,1.33,0,2026-06-30T01:46:44,0.0,0.0,0.0,1
ip_shuffle,0,-0.0037977564755674875,20260630T014644_847695,h23,00:00:00:00:00:17,0.0,0.001,1.33,0,2026-06-30T01:46:44,0.0,0.0,0.0,1
ip_shuffle,0,-0.1101432956657977,20260630T014644_847695,h27,00:00:00:00:00:1B,0.0,0.001,1.33,0,2026-06-30T01:46:44,0.0,0.0,0.0,1
ip_shuffle,0,-0.08305990909392418,20260630T014644_847695,h2,00:00:00:00:00:02,0.0,0.001,1.3,0,2026-06-30T01:46:44,0.0,0.0,0.23,1
ip_shuffle,0,0.005373971332788996,20260630T014644_847695,h8,00:00:00:00:00:08,0.0,0.001,1.26,0,2026-06-30T01:46:44,0.0,0.0,0.2,1
ip_shuffle,0,-0.06277272856338247,20260630T014755_787734,h19,00:00:00:00:00:13,0.0,0.001,1.6,0,2026-06-30T01:47:55,0.0,0.0,0.13,1
ip_shuffle,0,-0.08954513103903457,20260630T014755_787734,h31,00:00:00:00:00:1F,0.0,0.001,1.43,0,2026-06-30T01:47:55,0.0,0.0,0.23,1
ip_shuffle,0,-0.10039013264025634,20260630T014755_787734,h20,00:00:00:00:00:14,0.0,0.001,1.46,0,2026-06-30T01:47:55,0.0,0.0,0.0,1
ip_shuffle,0,-0.0038716338039646025,20260630T014755_787734,h25,00:00:00:00:00:19,0.0,0.001,1.43,0,2026-06-30T01:47:55,0.0,0.0,0.0,1
ip_shuffle,0,-0.03650051021424475,20260630T014755_787734,h10,00:00:00:00:00:0A,0.0,0.001,1.46,0,2026-06-30T01:47:55,0.0,0.0,0.0,1
ip_shuffle,0,-0.10108023155398801,20260630T014755_787734,h30,00:00:00:00:00:1E,0.0,0.001,1.43,0,2026-06-30T01:47:55,0.0,0.0,0.2,1
ip_shuffle,0,-0.13209338123956268,20260630T014755_787734,h15,00:00:00:00:00:0F,0.0,0.001,1.46,0,2026-06-30T01:47:55,0.0,0.0,0.0,1
ip_shuffle,0,-0.0929066434985554,20260630T014755_787734,h12,00:00:00:00:00:0C,0.0,0.001,1.46,0,2026-06-30T01:47:55,0.0,0.0,0.0,1
ip_shuffle,0,-0.12958957378457783,20260630T014755_787734,h16,00:00:00:00:00:10,0.0,0.001,1.46,0,2026-06-30T01:47:55,0.0,0.0,0.0,1
ip_shuffle,1,-0.07850880766314343,20260630T014755_787734,h39,00:00:00:00:00:27,0.0,0.001,1.4,0,2026-06-30T01:47:55,0.0,0.0,0.2,1
ip_shuffle,0,-0.0015174113503328146,20260630T014755_787734,h14,00:00:00:00:00:0E,0.0,0.001,1.46,0,2026-06-30T01:47:55,0.0,0.0,0.0,1
ip_shuffle,1,-0.008869794241178397,20260630T014755_787734,h38,00:00:00:00:00:26,0.0,0.001,1.43,0,2026-06-30T01:47:55,0.0,0.0,0.23,1
ip_shuffle,0,-0.0878041110663042,20260630T014755_787734,h18,00:00:00:00:00:12,0.0,0.001,1.46,0,2026-06-30T01:47:55,0.0,0.0,0.0,1
ip_shuffle,0,0.005494231672725891,20260630T014755_787734,h13,00:00:00:00:00:0D,0.0,0.001,1.46,0,2026-06-30T01:47:55,0.0,0.0,0.0,1
ip_shuffle,1,-0.009138800534662345,20260630T014755_787734,h36,00:00:00:00:00:24,0.0,0.001,1.43,0,2026-06-30T01:47:55,0.0,0.0,0.23,1
ip_shuffle,0,-0.064488804715355,20260630T014755_787734,h11,00:00:00:00:00:0B,0.0,0.001,1.46,0,2026-06-30T01:47:55,0.0,0.0,0.0,1
ip_shuffle,0,-0.021469254812988073,20260630T014755_787734,h17,00:00:00:00:00:11,0.0,0.001,1.46,0,2026-06-30T01:47:55,0.0,0.0,0.0,1
ip_shuffle,0,-0.10039854576334856,20260630T014755_787734,h21,00:00:00:00:00:15,0.0,0.001,1.46,0,2026-06-30T01:47:55,0.0,0.0,0.0,1
ip_shuffle,0,-0.11591218383311853,20260630T014755_787734,h4,00:00:00:00:00:04,0.0,0.001,1.46,0,2026-06-30T01:47:55,0.0,0.0,0.0,1
ip_shuffle,0,-0.05082135071652061,20260630T014755_787734,h22,00:00:00:00:00:16,0.0,0.001,1.43,0,2026-06-30T01:47:55,0.0,0.0,0.0,1
ip_shuffle,1,-0.031331521757574976,20260630T014755_787734,h37,00:00:00:00:00:25,0.0,0.001,1.53,0,2026-06-30T01:47:55,0.0,0.0,0.1,1
ip_shuffle,0,-0.05555392793992392,20260630T014755_787734,h34,00:00:00:00:00:22,0.0,0.001,1.56,0,2026-06-30T01:47:55,0.0,0.0,0.17,1
ip_shuffle,0,-0.07642133083455936,20260630T014755_787734,h33,00:00:00:00:00:21,0.0,0.001,1.43,0,2026-06-30T01:47:55,0.0,0.0,0.23,1
ip_shuffle,0,-0.09622528892927631,20260630T014755_787734,h7,00:00:00:00:00:07,0.0,0.001,1.46,0,2026-06-30T01:47:55,0.0,0.0,0.0,1
ip_shuffle,0,0.002706765373429426,20260630T014755_787734,h9,00:00:00:00:00:09,0.0,0.001,1.46,0,2026-06-30T01:47:55,0.0,0.0,0.0,1
ip_shuffle,0,-0.10735161208619816,20260630T014755_787734,h35,00:00:00:00:00:23,0.0,0.001,1.43,0,2026-06-30T01:47:55,0.0,0.0,0.23,1
ip_shuffle,0,-0.0011276819059864995,20260630T014755_787734,h6,00:00:00:00:00:06,0.0,0.001,1.46,0,2026-06-30T01:47:55,0.0,0.0,0.0,1
ip_shuffle,0,-0.10265961462138581,20260630T014755_787734,h5,00:00:00:00:00:05,0.0,0.001,1.46,0,2026-06-30T01:47:55,0.0,0.0,0.0,1
ip_shuffle,0,0.005926766985295678,20260630T014755_787734,h28,00:00:00:00:00:1C,0.0,0.001,1.43,1,2026-06-30T01:47:55,0.0,0.0,0.0,1
ip_shuffle,0,-0.0011934909613830202,20260630T014755_787734,h3,00:00:00:00:00:03,0.0,0.001,1.46,0,2026-06-30T01:47:55,0.0,0.0,0.0,1
ip_shuffle,0,0.005939981992128973,20260630T014755_787734,h29,00:00:00:00:00:1D,0.0,0.001,1.46,1,2026-06-30T01:47:55,0.0,0.0,0.03,1
ip_shuffle,0,0.00595573338562308,20260630T014755_787734,h24,00:00:00:00:00:18,0.0,0.001,1.43,1,2026-06-30T01:47:55,0.0,0.0,0.0,1
ip_shuffle,1,,20260630T014755_787734,h1,00:00:00:00:00:01,0.0,0.002,2.83,0,2026-06-30T01:47:55,0.0,0.001,1.06,0
ip_shuffle,0,-0.05883922388252698,20260630T014755_787734,h32,00:00:00:00:00:20,0.0,0.001,1.43,0,2026-06-30T01:47:55,0.0,0.0,0.23,1
ip_shuffle,0,-0.13263388551773672,20260630T014755_787734,h26,00:00:00:00:00:1A,0.0,0.001,1.43,0,2026-06-30T01:47:55,0.0,0.0,0.0,1
ip_shuffle,0,0.0059096656577113105,20260630T014755_787734,h23,00:00:00:00:00:17,0.0,0.001,1.43,0,2026-06-30T01:47:55,0.0,0.0,0.0,1
ip_shuffle,0,-0.08606607032737557,20260630T014755_787734,h27,00:00:00:00:00:1B,0.0,0.001,1.43,0,2026-06-30T01:47:55,0.0,0.0,0.0,1
ip_shuffle,0,-0.0757920018818495,20260630T014755_787734,h2,00:00:00:00:00:02,0.0,0.001,1.46,0,2026-06-30T01:47:55,0.0,0.0,0.0,1
ip_shuffle,0,0.005515266297243193,20260630T014755_787734,h8,00:00:00:00:00:08,0.0,0.001,1.46,0,2026-06-30T01:47:55,0.0,0.0,0.0,1
ip_shuffle,1,-0.0530689355319435,20260630T014906_520818,h19,00:00:00:00:00:13,0.0,0.001,1.53,0,2026-06-30T01:49:06,0.0,0.0,0.0,1
ip_shuffle,0,-0.08439333552353155,20260630T014906_520818,h31,00:00:00:00:00:1F,0.0,0.001,1.53,0,2026-06-30T01:49:06,0.0,0.0,0.0,1
ip_shuffle,0,-0.09527148854858393,20260630T014906_520818,h20,00:00:00:00:00:14,0.0,0.001,1.53,0,2026-06-30T01:49:06,0.0,0.0,0.0,1
ip_shuffle,0,0.0060238928764323185,20260630T014906_520818,h25,00:00:00:00:00:19,0.0,0.001,1.53,1,2026-06-30T01:49:06,0.0,0.0,0.0,1
ip_shuffle,0,0.0053452702442020605,20260630T014906_520818,h10,00:00:00:00:00:0A,0.0,0.001,1.53,0,2026-06-30T01:49:06,0.0,0.0,0.23,1
ip_shuffle,0,-0.08083328796425518,20260630T014906_520818,h30,00:00:00:00:00:1E,0.0,0.001,1.53,0,2026-06-30T01:49:06,0.0,0.0,0.0,1
ip_shuffle,1,-0.12269063075287004,20260630T014906_520818,h15,00:00:00:00:00:0F,0.0,0.001,1.53,0,2026-06-30T01:49:06,0.0,0.0,0.0,1
ip_shuffle,0,-0.07485693536495476,20260630T014906_520818,h12,00:00:00:00:00:0C,0.0,0.001,1.5,0,2026-06-30T01:49:06,0.0,0.0,0.2,1
ip_shuffle,1,-0.11768327659004287,20260630T014906_520818,h16,00:00:00:00:00:10,0.0,0.001,1.53,0,2026-06-30T01:49:06,0.0,0.0,0.0,1
ip_shuffle,0,-0.06666842545934724,20260630T014906_520818,h39,00:00:00:00:00:27,0.0,0.001,1.53,0,2026-06-30T01:49:06,0.0,0.0,0.0,1
ip_shuffle,1,-0.001613249907128883,20260630T014906_520818,h14,00:00:00:00:00:0E,0.0,0.001,1.53,0,2026-06-30T01:49:06,0.0,0.0,0.0,1
ip_shuffle,0,0.004532499620734376,20260630T014906_520818,h38,00:00:00:00:00:26,0.0,0.001,1.53,0,2026-06-30T01:49:06,0.0,0.0,0.0,1
ip_shuffle,1,-0.06992464185458418,20260630T014906_520818,h18,00:00:00:00:00:12,0.0,0.001,1.53,0,2026-06-30T01:49:06,0.0,0.0,0.0,1
ip_shuffle,1,0.005445024857505393,20260630T014906_520818,h13,00:00:00:00:00:0D,0.0,0.001,1.53,1,2026-06-30T01:49:06,0.0,0.0,0.03,1
ip_shuffle,0,0.0020559221164133668,20260630T014906_520818,h36,00:00:00:00:00:24,0.0,0.001,1.53,0,2026-06-30T01:49:06,0.0,0.0,0.0,1
ip_shuffle,0,-0.024011190152918888,20260630T014906_520818,h11,00:00:00:00:00:0B,0.0,0.001,1.53,0,2026-06-30T01:49:06,0.0,0.0,0.23,1
ip_shuffle,1,-0.012919482422227124,20260630T014906_520818,h17,00:00:00:00:00:11,0.0,0.001,1.53,0,2026-06-30T01:49:06,0.0,0.0,0.0,1
ip_shuffle,0,-0.09532037453257647,20260630T014906_520818,h21,00:00:00:00:00:15,0.0,0.001,1.53,0,2026-06-30T01:49:06,0.0,0.0,0.0,1
ip_shuffle,0,-0.10729002812154573,20260630T014906_520818,h4,00:00:00:00:00:04,0.0,0.001,1.66,0,2026-06-30T01:49:06,0.0,0.0,0.17,1
ip_shuffle,0,-0.04252417033035863,20260630T014906_520818,h22,00:00:00:00:00:16,0.0,0.001,1.53,0,2026-06-30T01:49:06,0.0,0.0,0.0,1
ip_shuffle,0,-0.008905313499911693,20260630T014906_520818,h37,00:00:00:00:00:25,0.0,0.001,1.53,0,2026-06-30T01:49:06,0.0,0.0,0.0,1
ip_shuffle,0,-0.03834251764705485,20260630T014906_520818,h34,00:00:00:00:00:22,0.0,0.001,1.66,0,2026-06-30T01:49:06,0.0,0.0,0.13,1
ip_shuffle,0,-0.060081953954099585,20260630T014906_520818,h33,00:00:00:00:00:21,0.0,0.001,1.53,0,2026-06-30T01:49:06,0.0,0.0,0.0,1
ip_shuffle,1,-0.08486965657544296,20260630T014906_520818,h7,00:00:00:00:00:07,0.0,0.001,1.66,0,2026-06-30T01:49:06,0.0,0.0,0.17,1
ip_shuffle,0,0.0025585677997810863,20260630T014906_520818,h9,00:00:00:00:00:09,0.0,0.001,1.53,0,2026-06-30T01:49:06,0.0,0.0,0.23,1
ip_shuffle,0,-0.09025658852331561,20260630T014906_520818,h35,00:00:00:00:00:23,0.0,0.001,1.53,0,2026-06-30T01:49:06,0.0,0.0,0.0,1
ip_shuffle,0,-0.0012808575539770273,20260630T014906_520818,h6,00:00:00:00:00:06,0.0,0.001,1.53,0,2026-06-30T01:49:06,0.0,0.0,0.23,1
ip_shuffle,0,-0.08971745944799939,20260630T014906_520818,h5,00:00:00:00:00:05,0.0,0.001,1.63,0,2026-06-30T01:49:06,0.0,0.0,0.33,1
ip_shuffle,0,-0.13226881877374314,20260630T014906_520818,h28,00:00:00:00:00:1C,0.0,0.001,1.53,0,2026-06-30T01:49:06,0.0,0.0,0.0,1
ip_shuffle,0,-0.04319097863032881,20260630T014906_520818,h3,00:00:00:00:00:03,0.0,0.001,1.53,0,2026-06-30T01:49:06,0.0,0.0,0.23,1
ip_shuffle,0,-0.13303161413208597,20260630T014906_520818,h29,00:00:00:00:00:1D,0.0,0.001,1.53,0,2026-06-30T01:49:06,0.0,0.0,0.0,1
ip_shuffle,0,-0.1320929061010185,20260630T014906_520818,h24,00:00:00:00:00:18,0.0,0.001,1.53,0,2026-06-30T01:49:06,0.0,0.0,0.0,1
ip_shuffle,1,,20260630T014906_520818,h1,00:00:00:00:00:01,0.0,0.002,2.96,0,2026-06-30T01:49:06,0.0,0.001,1.06,0
ip_shuffle,0,-0.038157256566265105,20260630T014906_520818,h32,00:00:00:00:00:20,0.0,0.001,1.53,0,2026-06-30T01:49:06,0.0,0.0,0.0,1
ip_shuffle,0,-0.12375923430381544,20260630T014906_520818,h26,00:00:00:00:00:1A,0.0,0.001,1.53,0,2026-06-30T01:49:06,0.0,0.0,0.0,1
ip_shuffle,0,0.005974614554372482,20260630T014906_520818,h23,00:00:00:00:00:17,0.0,0.001,1.53,1,2026-06-30T01:49:06,0.0,0.0,0.0,1
ip_shuffle,0,-0.06757929283037618,20260630T014906_520818,h27,00:00:00:00:00:1B,0.0,0.001,1.53,0,2026-06-30T01:49:06,0.0,0.0,0.0,1
ip_shuffle,0,-0.0479500110398082,20260630T014906_520818,h2,00:00:00:00:00:02,0.0,0.001,1.53,0,2026-06-30T01:49:06,0.0,0.0,0.13,1
ip_shuffle,0,0.0053610123088513595,20260630T014906_520818,h8,00:00:00:00:00:08,0.0,0.001,1.53,0,2026-06-30T01:49:06,0.0,0.0,0.23,1
ip_shuffle,0,-0.04322422932877153,20260630T015017_204727,h19,00:00:00:00:00:13,0.0,0.001,1.53,0,2026-06-30T01:50:17,0.0,0.0,0.0,1
ip_shuffle,0,-0.02331513421578721,20260630T015017_204727,h31,00:00:00:00:00:1F,0.0,0.001,1.5,0,2026-06-30T01:50:17,0.0,0.0,0.23,1
ip_shuffle,0,-0.05744873831887064,20260630T015017_204727,h20,00:00:00:00:00:14,0.0,0.001,1.53,0,2026-06-30T01:50:17,0.0,0.0,0.0,1
ip_shuffle,0,-0.13144187609674607,20260630T015017_204727,h25,00:00:00:00:00:19,0.0,0.001,1.46,0,2026-06-30T01:50:17,0.0,0.0,0.2,1
ip_shuffle,0,0.005495503637414828,20260630T015017_204727,h10,00:00:00:00:00:0A,0.0,0.001,1.53,0,2026-06-30T01:50:17,0.0,0.0,0.0,1
ip_shuffle,0,-0.06064879162127257,20260630T015017_204727,h30,00:00:00:00:00:1E,0.0,0.001,1.5,0,2026-06-30T01:50:17,0.0,0.0,0.23,1
ip_shuffle,0,-0.11325830084396073,20260630T015017_204727,h15,00:00:00:00:00:0F,0.0,0.001,1.53,0,2026-06-30T01:50:17,0.0,0.0,0.0,1
ip_shuffle,0,-0.07281943448784814,20260630T015017_204727,h12,00:00:00:00:00:0C,0.0,0.001,1.53,0,2026-06-30T01:50:17,0.0,0.0,0.0,1
ip_shuffle,0,-0.11139335803315947,20260630T015017_204727,h16,00:00:00:00:00:10,0.0,0.001,1.53,0,2026-06-30T01:50:17,0.0,0.0,0.0,1
ip_shuffle,1,-0.056043543237522225,20260630T015017_204727,h39,00:00:00:00:00:27,0.0,0.001,1.5,0,2026-06-30T01:50:17,0.0,0.0,0.0,1
ip_shuffle,0,-0.04335887091914263,20260630T015017_204727,h14,00:00:00:00:00:0E,0.0,0.001,1.53,0,2026-06-30T01:50:17,0.0,0.0,0.0,1
ip_shuffle,0,0.017759885383877683,20260630T015017_204727,h38,00:00:00:00:00:26,0.0,0.001,1.5,1,2026-06-30T01:50:17,0.0,0.0,0.0,1
ip_shuffle,0,-0.05205325445592296,20260630T015017_204727,h18,00:00:00:00:00:12,0.0,0.001,1.63,0,2026-06-30T01:50:17,0.0,0.0,0.1,1
ip_shuffle,0,-0.1310844897654881,20260630T015017_204727,h13,00:00:00:00:00:0D,0.0,0.001,1.83,0,2026-06-30T01:50:17,0.0,0.0,0.33,1
ip_shuffle,0,0.013088384799709168,20260630T015017_204727,h36,00:00:00:00:00:24,0.0,0.001,1.5,1,2026-06-30T01:50:17,0.0,0.0,0.0,1
ip_shuffle,0,-0.014090227999212668,20260630T015017_204727,h11,00:00:00:00:00:0B,0.0,0.001,1.53,0,2026-06-30T01:50:17,0.0,0.0,0.0,1
ip_shuffle,0,-0.012651717372974991,20260630T015017_204727,h17,00:00:00:00:00:11,0.0,0.001,1.53,0,2026-06-30T01:50:17,0.0,0.0,0.0,1
ip_shuffle,0,-0.04350299757505678,20260630T015017_204727,h21,00:00:00:00:00:15,0.0,0.001,1.53,0,2026-06-30T01:50:17,0.0,0.0,0.0,1
ip_shuffle,0,-0.09588967767600787,20260630T015017_204727,h4,00:00:00:00:00:04,0.0,0.001,1.53,0,2026-06-30T01:50:17,0.0,0.0,0.0,1
ip_shuffle,0,-0.016195712298693016,20260630T015017_204727,h22,00:00:00:00:00:16,0.0,0.001,1.5,0,2026-06-30T01:50:17,0.0,0.0,0.0,1
ip_shuffle,0,0.007675467561776894,20260630T015017_204727,h37,00:00:00:00:00:25,0.0,0.001,1.5,1,2026-06-30T01:50:17,0.0,0.0,0.0,1
ip_shuffle,0,-0.03690583398999231,20260630T015017_204727,h34,00:00:00:00:00:22,0.0,0.001,1.53,0,2026-06-30T01:50:17,0.0,0.0,0.03,1
ip_shuffle,0,-0.04386810664398262,20260630T015017_204727,h33,00:00:00:00:00:21,0.0,0.001,1.46,0,2026-06-30T01:50:17,0.0,0.0,0.2,1
ip_shuffle,0,-0.08489725155616057,20260630T015017_204727,h7,00:00:00:00:00:07,0.0,0.001,1.53,0,2026-06-30T01:50:17,0.0,0.0,0.0,1
ip_shuffle,0,0.005511275385523845,20260630T015017_204727,h9,00:00:00:00:00:09,0.0,0.001,1.53,0,2026-06-30T01:50:17,0.0,0.0,0.0,1
ip_shuffle,0,-0.07317733798628709,20260630T015017_204727,h35,00:00:00:00:00:23,0.0,0.001,1.5,0,2026-06-30T01:50:17,0.0,0.0,0.0,1
ip_shuffle,0,-0.0011854556030727326,20260630T015017_204727,h6,00:00:00:00:00:06,0.0,0.001,1.53,0,2026-06-30T01:50:17,0.0,0.0,0.0,1
ip_shuffle,0,-0.07675430521154643,20260630T015017_204727,h5,00:00:00:00:00:05,0.0,0.001,1.53,0,2026-06-30T01:50:17,0.0,0.0,0.0,1
ip_shuffle,0,-0.12305506145310736,20260630T015017_204727,h28,00:00:00:00:00:1C,0.0,0.001,1.5,0,2026-06-30T01:50:17,0.0,0.0,0.23,1
ip_shuffle,0,-0.04318545560307273,20260630T015017_204727,h3,00:00:00:00:00:03,0.0,0.001,1.53,0,2026-06-30T01:50:17,0.0,0.0,0.0,1
ip_shuffle,0,-0.12458104455532674,20260630T015017_204727,h29,00:00:00:00:00:1D,0.0,0.001,1.5,0,2026-06-30T01:50:17,0.0,0.0,0.23,1
ip_shuffle,0,-0.12270364145914824,20260630T015017_204727,h24,00:00:00:00:00:18,0.0,0.001,1.5,0,2026-06-30T01:50:17,0.0,0.0,0.2,1
ip_shuffle,1,,20260630T015017_204727,h1,00:00:00:00:00:01,0.0,0.002,3.26,0,2026-06-30T01:50:17,0.0,0.001,1.36,0
ip_shuffle,0,-0.017539426827084592,20260630T015017_204727,h32,00:00:00:00:00:20,0.0,0.001,1.5,0,2026-06-30T01:50:17,0.0,0.0,0.23,1
ip_shuffle,0,-0.1177207753581603,20260630T015017_204727,h26,00:00:00:00:00:1A,0.0,0.001,1.5,0,2026-06-30T01:50:17,0.0,0.0,0.23,1
ip_shuffle,0,-0.1317307280435372,20260630T015017_204727,h23,00:00:00:00:00:17,0.0,0.001,1.56,0,2026-06-30T01:50:17,0.0,0.0,0.07,1
ip_shuffle,0,-0.04911515912595869,20260630T015017_204727,h27,00:00:00:00:00:1B,0.0,0.001,1.63,0,2026-06-30T01:50:17,0.0,0.0,0.17,1
ip_shuffle,0,-0.03856653727955278,20260630T015017_204727,h2,00:00:00:00:00:02,0.0,0.001,1.53,0,2026-06-30T01:50:17,0.0,0.0,0.0,1
ip_shuffle,0,0.005511275385523845,20260630T015017_204727,h8,00:00:00:00:00:08,0.0,0.001,1.53,0,2026-06-30T01:50:17,0.0,0.0,0.0,1
ip_shuffle,1,-0.03335075144276724,20260630T015127_978780,h19,00:00:00:00:00:13,0.0,0.001,1.46,0,2026-06-30T01:51:27,0.0,0.0,0.0,1
ip_shuffle,0,-0.013994892101257095,20260630T015127_978780,h31,00:00:00:00:00:1F,0.0,0.001,1.46,0,2026-06-30T01:51:27,0.0,0.0,0.0,1
ip_shuffle,1,-0.04908348376287994,20260630T015127_978780,h20,00:00:00:00:00:14,0.0,0.001,1.46,0,2026-06-30T01:51:27,0.0,0.0,0.0,1
ip_shuffle,0,-0.12141768366827338,20260630T015127_978780,h25,00:00:00:00:00:19,0.0,0.001,1.46,0,2026-06-30T01:51:27,0.0,0.0,0.0,1
ip_shuffle,0,0.005401637515443508,20260630T015127_978780,h10,00:00:00:00:00:0A,0.0,0.001,1.46,1,2026-06-30T01:51:27,0.0,0.0,0.23,1
ip_shuffle,0,-0.04522241263446314,20260630T015127_978780,h30,00:00:00:00:00:1E,0.0,0.001,1.46,0,2026-06-30T01:51:27,0.0,0.0,0.0,1
ip_shuffle,1,-0.10383645935597002,20260630T015127_978780,h15,00:00:00:00:00:0F,0.0,0.001,1.53,0,2026-06-30T01:51:27,0.0,0.0,0.3,1
ip_shuffle,0,-0.13182887316130293,20260630T015127_978780,h36,00:00:00:00:00:24,0.0,0.001,1.46,0,2026-06-30T01:51:27,0.0,0.0,0.0,1
ip_shuffle,1,-0.09389192679713262,20260630T015127_978780,h16,00:00:00:00:00:10,0.0,0.001,1.43,0,2026-06-30T01:51:27,0.0,0.0,0.2,1
ip_shuffle,0,-0.0454041954825187,20260630T015127_978780,h39,00:00:00:00:00:27,0.0,0.001,1.46,0,2026-06-30T01:51:27,0.0,0.0,0.0,1
ip_shuffle,1,0.005622103978244308,20260630T015127_978780,h14,00:00:00:00:00:0E,0.0,0.001,1.6,1,2026-06-30T01:51:27,0.0,0.0,0.17,1
ip_shuffle,0,-0.12883828738476896,20260630T015127_978780,h38,00:00:00:00:00:26,0.0,0.001,1.46,0,2026-06-30T01:51:27,0.0,0.0,0.0,1
ip_shuffle,1,-0.03400199382228024,20260630T015127_978780,h18,00:00:00:00:00:12,0.0,0.001,1.46,0,2026-06-30T01:51:27,0.0,0.0,0.1,1
ip_shuffle,1,-0.12067497759745723,20260630T015127_978780,h13,00:00:00:00:00:0D,0.0,0.001,1.46,0,2026-06-30T01:51:27,0.0,0.0,0.23,1
ip_shuffle,0,-0.06315245999176346,20260630T015127_978780,h12,00:00:00:00:00:0C,0.0,0.001,1.46,0,2026-06-30T01:51:27,0.0,0.0,0.23,1
ip_shuffle,0,-0.004391804985586056,20260630T015127_978780,h11,00:00:00:00:00:0B,0.0,0.001,1.46,0,2026-06-30T01:51:27,0.0,0.0,0.23,1
ip_shuffle,1,-0.012527303731154543,20260630T015127_978780,h17,00:00:00:00:00:11,0.0,0.001,1.53,0,2026-06-30T01:51:27,0.0,0.0,0.1,1
ip_shuffle,0,-0.03369505460247489,20260630T015127_978780,h21,00:00:00:00:00:15,0.0,0.001,1.46,0,2026-06-30T01:51:27,0.0,0.0,0.0,1
ip_shuffle,0,-0.0773184008859416,20260630T015127_978780,h4,00:00:00:00:00:04,0.0,0.001,1.46,0,2026-06-30T01:51:27,0.0,0.0,0.0,1
ip_shuffle,0,-0.0069468763807771505,20260630T015127_978780,h22,00:00:00:00:00:16,0.0,0.001,1.46,0,2026-06-30T01:51:27,0.0,0.0,0.0,1
ip_shuffle,0,-0.12620005735221634,20260630T015127_978780,h37,00:00:00:00:00:25,0.0,0.001,1.46,0,2026-06-30T01:51:27,0.0,0.0,0.0,1
ip_shuffle,0,-0.02193449827391572,20260630T015127_978780,h34,00:00:00:00:00:22,0.0,0.001,1.53,0,2026-06-30T01:51:27,0.0,0.0,0.07,1
ip_shuffle,0,-0.018462223800614366,20260630T015127_978780,h33,00:00:00:00:00:21,0.0,0.001,1.46,0,2026-06-30T01:51:27,0.0,0.0,0.0,1
ip_shuffle,1,-0.07360886080609098,20260630T015127_978780,h7,00:00:00:00:00:07,0.0,0.001,1.66,0,2026-06-30T01:51:27,0.0,0.0,0.23,1
ip_shuffle,0,-0.01559836248455651,20260630T015127_978780,h9,00:00:00:00:00:09,0.0,0.001,1.46,0,2026-06-30T01:51:27,0.0,0.0,0.23,1
ip_shuffle,0,-0.07012670215873569,20260630T015127_978780,h35,00:00:00:00:00:23,0.0,0.001,1.46,0,2026-06-30T01:51:27,0.0,0.0,0.0,1
ip_shuffle,0,-0.0013026160556897926,20260630T015127_978780,h6,00:00:00:00:00:06,0.0,0.001,1.5,0,2026-06-30T01:51:27,0.0,0.0,0.03,1
ip_shuffle,0,-0.06367862453173137,20260630T015127_978780,h5,00:00:00:00:00:05,0.0,0.001,1.46,0,2026-06-30T01:51:27,0.0,0.0,0.0,1
ip_shuffle,0,-0.11390624385945754,20260630T015127_978780,h28,00:00:00:00:00:1C,0.0,0.001,1.46,0,2026-06-30T01:51:27,0.0,0.0,0.0,1
ip_shuffle,0,-0.022196706402440758,20260630T015127_978780,h3,00:00:00:00:00:03,0.0,0.001,1.46,0,2026-06-30T01:51:27,0.0,0.0,0.0,1
ip_shuffle,0,-0.11619386931918822,20260630T015127_978780,h29,00:00:00:00:00:1D,0.0,0.001,1.46,0,2026-06-30T01:51:27,0.0,0.0,0.0,1
ip_shuffle,0,-0.11759103621345393,20260630T015127_978780,h24,00:00:00:00:00:18,0.0,0.001,1.46,0,2026-06-30T01:51:27,0.0,0.0,0.0,1
ip_shuffle,1,,20260630T015127_978780,h1,00:00:00:00:00:01,0.0,0.002,2.93,0,2026-06-30T01:51:27,0.0,0.001,1.13,0
ip_shuffle,0,0.002728521844545473,20260630T015127_978780,h32,00:00:00:00:00:20,0.0,0.001,1.46,0,2026-06-30T01:51:27,0.0,0.0,0.0,1
ip_shuffle,0,-0.10987526532739085,20260630T015127_978780,h26,00:00:00:00:00:1A,0.0,0.001,1.46,0,2026-06-30T01:51:27,0.0,0.0,0.0,1
ip_shuffle,0,-0.12200840782098965,20260630T015127_978780,h23,00:00:00:00:00:17,0.0,0.001,1.46,0,2026-06-30T01:51:27,0.0,0.0,0.0,1
ip_shuffle,0,-0.030628730767278498,20260630T015127_978780,h27,00:00:00:00:00:1B,0.0,0.001,1.46,0,2026-06-30T01:51:27,0.0,0.0,0.0,1
ip_shuffle,0,-0.02925736512195258,20260630T015127_978780,h2,00:00:00:00:00:02,0.0,0.001,1.46,0,2026-06-30T01:51:27,0.0,0.0,0.0,1
ip_shuffle,0,0.005401637515443508,20260630T015127_978780,h8,00:00:00:00:00:08,0.0,0.001,1.46,1,2026-06-30T01:51:27,0.0,0.0,0.23,1
