action,benefit,cost,current_option,cycle_id,dst,hop_count,latency_penalty,link_monitor,link_usage,p_route,pair,path,rank,route_exposure,score,selected,selection_reason,src,timestamp
ip_shuffle,0.014430428571428571,0.05,0,20260617T220708_703150,h33,,,0.027330357142857142,0.021864285714285715,0.024050714285714286,h15-h33,"of:0000000000000003:1 -> of:000000000000000b:5, of:000000000000000b:3 -> of:000000000000000d:2, of:000000000000000d:4 -> of:0000000000000006:1",1,1.0,-0.03556957142857143,0,not_selected_ip_shuffle_won,h15,2026-06-17T22:07:08
ip_shuffle,0.014430428571428571,0.05,0,20260617T220708_703150,h39,,,0.027330357142857142,0.021864285714285715,0.024050714285714286,h2-h39,"of:0000000000000002:1 -> of:000000000000000b:4, of:000000000000000b:3 -> of:000000000000000d:2, of:000000000000000d:5 -> of:0000000000000007:1",2,1.0,-0.03556957142857143,0,not_selected_ip_shuffle_won,h2,2026-06-17T22:07:08
route_mutation,0.6,0.05,0,20260617T220738_898378,h33,,,1.0,1.0,1.0,h15-h33,"of:0000000000000003:1 -> of:000000000000000b:5, of:000000000000000b:3 -> of:000000000000000d:2, of:000000000000000d:4 -> of:0000000000000006:1",1,1.0,0.5499999999999999,1,selected,h15,2026-06-17T22:07:38
route_mutation,0.6,0.05,0,20260617T220738_898378,h39,,,1.0,1.0,1.0,h2-h39,"of:0000000000000002:1 -> of:000000000000000b:4, of:000000000000000b:3 -> of:000000000000000d:2, of:000000000000000d:5 -> of:0000000000000007:1",2,1.0,0.5499999999999999,1,selected,h2,2026-06-17T22:07:38
route_mutation,0.04956085714285714,0.05,4,20260617T220809_175707,h39,,,1.0,0.8476928571428571,0.9086157142857143,h2-h39,"of:0000000000000002:1 -> of:000000000000000b:4, of:000000000000000b:1 -> of:0000000000000001:1, of:0000000000000001:3 -> of:000000000000000d:1, of:000000000000000d:5 -> of:0000000000000007:1",1,0.09090909090909091,-0.00043914285714286017,0,not_selected_non_positive_score,h2,2026-06-17T22:08:09
route_mutation,0.049529298701298706,0.05,6,20260617T220809_175707,h33,,,1.0,0.8467285714285715,0.9080371428571429,h15-h33,"of:0000000000000003:2 -> of:0000000000000008:3, of:0000000000000008:1 -> of:000000000000000b:6, of:000000000000000b:2 -> of:000000000000000c:2, of:000000000000000c:3 -> of:000000000000000d:3, of:000000000000000d:4 -> of:0000000000000006:1",2,0.09090909090909091,-0.0004707012987012968,0,not_selected_non_positive_score,h15,2026-06-17T22:08:09
route_mutation,0.04978012987012987,0.05,4,20260617T220839_413293,h39,,,1.0,0.8543928571428572,0.9126357142857143,h2-h39,"of:0000000000000002:1 -> of:000000000000000b:4, of:000000000000000b:1 -> of:0000000000000001:1, of:0000000000000001:3 -> of:000000000000000d:1, of:000000000000000d:5 -> of:0000000000000007:1",1,0.09090909090909091,-0.0002198701298701325,0,not_selected_non_positive_score,h2,2026-06-17T22:08:39
route_mutation,0.04977522077922077,0.05,6,20260617T220839_413293,h33,,,1.0,0.8542428571428572,0.9125457142857143,h15-h33,"of:0000000000000003:2 -> of:0000000000000008:3, of:0000000000000008:1 -> of:000000000000000b:6, of:000000000000000b:2 -> of:000000000000000c:2, of:000000000000000c:3 -> of:000000000000000d:3, of:000000000000000d:4 -> of:0000000000000006:1",2,0.09090909090909091,-0.00022477922077922957,0,not_selected_non_positive_score,h15,2026-06-17T22:08:39
route_mutation,0.5499291428571429,0.05,0,20260617T220909_662306,h2,,,1.0,0.8609142857142857,0.9165485714285715,h1-h2,"of:0000000000000002:1 -> of:000000000000000b:4, of:000000000000000b:1 -> of:0000000000000001:1",1,1.0,0.4999291428571429,1,selected,h1,2026-06-17T22:09:09
route_mutation,0.5499291428571429,0.05,0,20260617T220909_662306,h3,,,1.0,0.8609142857142857,0.9165485714285715,h1-h3,"of:0000000000000002:1 -> of:000000000000000b:4, of:000000000000000b:1 -> of:0000000000000001:1",2,1.0,0.4999291428571429,1,selected,h1,2026-06-17T22:09:09
route_mutation,0.5499291428571429,0.05,0,20260617T220909_662306,h4,,,1.0,0.8609142857142857,0.9165485714285715,h1-h4,"of:0000000000000002:1 -> of:000000000000000b:4, of:000000000000000b:1 -> of:0000000000000001:1",3,1.0,0.4999291428571429,1,selected,h1,2026-06-17T22:09:09
route_mutation,0.5499291428571429,0.05,0,20260617T220909_662306,h5,,,1.0,0.8609142857142857,0.9165485714285715,h1-h5,"of:0000000000000002:1 -> of:000000000000000b:4, of:000000000000000b:1 -> of:0000000000000001:1",4,1.0,0.4999291428571429,1,selected,h1,2026-06-17T22:09:09
route_mutation,0.5499291428571429,0.05,0,20260617T220909_662306,h6,,,1.0,0.8609142857142857,0.9165485714285715,h1-h6,"of:0000000000000002:1 -> of:000000000000000b:4, of:000000000000000b:1 -> of:0000000000000001:1",5,1.0,0.4999291428571429,1,selected,h1,2026-06-17T22:09:09
route_mutation,0.5499291428571429,0.05,0,20260617T220909_662306,h7,,,1.0,0.8609142857142857,0.9165485714285715,h1-h7,"of:0000000000000002:1 -> of:000000000000000b:4, of:000000000000000b:1 -> of:0000000000000001:1",6,1.0,0.4999291428571429,1,selected,h1,2026-06-17T22:09:09
route_mutation,0.5499291428571429,0.05,0,20260617T220909_662306,h8,,,1.0,0.8609142857142857,0.9165485714285715,h1-h8,"of:0000000000000002:1 -> of:000000000000000b:4, of:000000000000000b:1 -> of:0000000000000001:1",7,1.0,0.4999291428571429,1,selected,h1,2026-06-17T22:09:09
route_mutation,0.549906,0.05,0,20260617T220909_662306,h28,,,1.0,0.86085,0.91651,h1-h28,"of:0000000000000006:1 -> of:000000000000000d:4, of:000000000000000d:1 -> of:0000000000000001:3",8,1.0,0.499906,1,selected,h1,2026-06-17T22:09:09
route_mutation,0.549906,0.05,0,20260617T220909_662306,h29,,,1.0,0.86085,0.91651,h1-h29,"of:0000000000000006:1 -> of:000000000000000d:4, of:000000000000000d:1 -> of:0000000000000001:3",9,1.0,0.499906,1,selected,h1,2026-06-17T22:09:09
route_mutation,0.549906,0.05,0,20260617T220909_662306,h30,,,1.0,0.86085,0.91651,h1-h30,"of:0000000000000006:1 -> of:000000000000000d:4, of:000000000000000d:1 -> of:0000000000000001:3",10,1.0,0.499906,1,selected,h1,2026-06-17T22:09:09
route_mutation,0.549906,0.05,0,20260617T220909_662306,h31,,,1.0,0.86085,0.91651,h1-h31,"of:0000000000000006:1 -> of:000000000000000d:4, of:000000000000000d:1 -> of:0000000000000001:3",11,1.0,0.499906,0,not_selected_lower_rank_or_budget,h1,2026-06-17T22:09:09
route_mutation,0.54987,0.05,0,20260617T220909_662306,h10,,,1.0,0.86075,0.91645,h1-h10,"of:0000000000000003:1 -> of:000000000000000b:5, of:000000000000000b:1 -> of:0000000000000001:1",12,1.0,0.49987,0,not_selected_lower_rank_or_budget,h1,2026-06-17T22:09:09
route_mutation,0.54987,0.05,0,20260617T220909_662306,h11,,,1.0,0.86075,0.91645,h1-h11,"of:0000000000000003:1 -> of:000000000000000b:5, of:000000000000000b:1 -> of:0000000000000001:1",13,1.0,0.49987,0,not_selected_lower_rank_or_budget,h1,2026-06-17T22:09:09
route_mutation,0.54987,0.05,0,20260617T220909_662306,h12,,,1.0,0.86075,0.91645,h1-h12,"of:0000000000000003:1 -> of:000000000000000b:5, of:000000000000000b:1 -> of:0000000000000001:1",14,1.0,0.49987,0,not_selected_lower_rank_or_budget,h1,2026-06-17T22:09:09
route_mutation,0.54987,0.05,0,20260617T220909_662306,h13,,,1.0,0.86075,0.91645,h1-h13,"of:0000000000000003:1 -> of:000000000000000b:5, of:000000000000000b:1 -> of:0000000000000001:1",15,1.0,0.49987,0,not_selected_lower_rank_or_budget,h1,2026-06-17T22:09:09
route_mutation,0.54987,0.05,0,20260617T220909_662306,h14,,,1.0,0.86075,0.91645,h1-h14,"of:0000000000000003:1 -> of:000000000000000b:5, of:000000000000000b:1 -> of:0000000000000001:1",16,1.0,0.49987,0,not_selected_lower_rank_or_budget,h1,2026-06-17T22:09:09
route_mutation,0.54987,0.05,0,20260617T220909_662306,h15,,,1.0,0.86075,0.91645,h1-h15,"of:0000000000000003:1 -> of:000000000000000b:5, of:000000000000000b:1 -> of:0000000000000001:1",17,1.0,0.49987,0,not_selected_lower_rank_or_budget,h1,2026-06-17T22:09:09
route_mutation,0.54987,0.05,0,20260617T220909_662306,h9,,,1.0,0.86075,0.91645,h1-h9,"of:0000000000000003:1 -> of:000000000000000b:5, of:000000000000000b:1 -> of:0000000000000001:1",18,1.0,0.49987,0,not_selected_lower_rank_or_budget,h1,2026-06-17T22:09:09
route_mutation,0.04999636363636363,0.05,4,20260617T220909_662306,h39,,,1.0,0.861,0.9166,h2-h39,"of:0000000000000002:1 -> of:000000000000000b:4, of:000000000000000b:1 -> of:0000000000000001:1, of:0000000000000001:3 -> of:000000000000000d:1, of:000000000000000d:5 -> of:0000000000000007:1",19,0.09090909090909091,-3.6363636363723195e-06,0,not_selected_non_positive_score,h2,2026-06-17T22:09:09
route_mutation,0.04999145454545455,0.05,6,20260617T220909_662306,h33,,,1.0,0.86085,0.91651,h15-h33,"of:0000000000000003:2 -> of:0000000000000008:3, of:0000000000000008:1 -> of:000000000000000b:6, of:000000000000000b:2 -> of:000000000000000c:2, of:000000000000000c:3 -> of:000000000000000d:3, of:000000000000000d:4 -> of:0000000000000006:1",20,0.09090909090909091,-8.545454545455522e-06,0,not_selected_non_positive_score,h15,2026-06-17T22:09:09
route_mutation,0.0012634285714285718,0.05,0,20260617T220909_662306,h16,,,0.002392857142857143,0.0019142857142857145,0.0021057142857142863,h1-h16,"of:0000000000000004:1 -> of:000000000000000c:4, of:000000000000000c:1 -> of:0000000000000001:2",21,1.0,-0.04873657142857143,0,not_selected_non_positive_score,h1,2026-06-17T22:09:09
route_mutation,0.0012634285714285718,0.05,0,20260617T220909_662306,h17,,,0.002392857142857143,0.0019142857142857145,0.0021057142857142863,h1-h17,"of:0000000000000004:1 -> of:000000000000000c:4, of:000000000000000c:1 -> of:0000000000000001:2",22,1.0,-0.04873657142857143,0,not_selected_non_positive_score,h1,2026-06-17T22:09:09
route_mutation,0.0012634285714285718,0.05,0,20260617T220909_662306,h18,,,0.002392857142857143,0.0019142857142857145,0.0021057142857142863,h1-h18,"of:0000000000000004:1 -> of:000000000000000c:4, of:000000000000000c:1 -> of:0000000000000001:2",23,1.0,-0.04873657142857143,0,not_selected_non_positive_score,h1,2026-06-17T22:09:09
route_mutation,0.0012634285714285718,0.05,0,20260617T220909_662306,h19,,,0.002392857142857143,0.0019142857142857145,0.0021057142857142863,h1-h19,"of:0000000000000004:1 -> of:000000000000000c:4, of:000000000000000c:1 -> of:0000000000000001:2",24,1.0,-0.04873657142857143,0,not_selected_non_positive_score,h1,2026-06-17T22:09:09
route_mutation,0.0012634285714285718,0.05,0,20260617T220909_662306,h20,,,0.002392857142857143,0.0019142857142857145,0.0021057142857142863,h1-h20,"of:0000000000000004:1 -> of:000000000000000c:4, of:000000000000000c:1 -> of:0000000000000001:2",25,1.0,-0.04873657142857143,0,not_selected_non_positive_score,h1,2026-06-17T22:09:09
route_mutation,0.0012634285714285718,0.05,0,20260617T220909_662306,h21,,,0.002392857142857143,0.0019142857142857145,0.0021057142857142863,h1-h21,"of:0000000000000004:1 -> of:000000000000000c:4, of:000000000000000c:1 -> of:0000000000000001:2",26,1.0,-0.04873657142857143,0,not_selected_non_positive_score,h1,2026-06-17T22:09:09
route_mutation,0.0012634285714285718,0.05,0,20260617T220909_662306,h22,,,0.002392857142857143,0.0019142857142857145,0.0021057142857142863,h1-h22,"of:0000000000000005:1 -> of:000000000000000c:5, of:000000000000000c:1 -> of:0000000000000001:2",27,1.0,-0.04873657142857143,0,not_selected_non_positive_score,h1,2026-06-17T22:09:09
route_mutation,0.0012634285714285718,0.05,0,20260617T220909_662306,h23,,,0.002392857142857143,0.0019142857142857145,0.0021057142857142863,h1-h23,"of:0000000000000005:1 -> of:000000000000000c:5, of:000000000000000c:1 -> of:0000000000000001:2",28,1.0,-0.04873657142857143,0,not_selected_non_positive_score,h1,2026-06-17T22:09:09
route_mutation,0.0012634285714285718,0.05,0,20260617T220909_662306,h24,,,0.002392857142857143,0.0019142857142857145,0.0021057142857142863,h1-h24,"of:0000000000000005:1 -> of:000000000000000c:5, of:000000000000000c:1 -> of:0000000000000001:2",29,1.0,-0.04873657142857143,0,not_selected_non_positive_score,h1,2026-06-17T22:09:09
route_mutation,0.0012634285714285718,0.05,0,20260617T220909_662306,h25,,,0.002392857142857143,0.0019142857142857145,0.0021057142857142863,h1-h25,"of:0000000000000005:1 -> of:000000000000000c:5, of:000000000000000c:1 -> of:0000000000000001:2",30,1.0,-0.04873657142857143,0,not_selected_non_positive_score,h1,2026-06-17T22:09:09
route_mutation,0.0012634285714285718,0.05,0,20260617T220909_662306,h26,,,0.002392857142857143,0.0019142857142857145,0.0021057142857142863,h1-h26,"of:0000000000000005:1 -> of:000000000000000c:5, of:000000000000000c:1 -> of:0000000000000001:2",31,1.0,-0.04873657142857143,0,not_selected_non_positive_score,h1,2026-06-17T22:09:09
route_mutation,0.0012634285714285718,0.05,0,20260617T220909_662306,h27,,,0.002392857142857143,0.0019142857142857145,0.0021057142857142863,h1-h27,"of:0000000000000005:1 -> of:000000000000000c:5, of:000000000000000c:1 -> of:0000000000000001:2",32,1.0,-0.04873657142857143,0,not_selected_non_positive_score,h1,2026-06-17T22:09:09
route_mutation,0.6,0.05,0,20260617T220940_058546,h28,,,1.0,1.0,1.0,h4-h28,"of:0000000000000002:1 -> of:000000000000000b:4, of:000000000000000b:3 -> of:000000000000000d:2, of:000000000000000d:4 -> of:0000000000000006:1",1,1.0,0.5499999999999999,0,not_selected_lower_rank_or_budget,h4,2026-06-17T22:09:40
route_mutation,0.6,0.05,0,20260617T220940_058546,h30,,,1.0,1.0,1.0,h4-h30,"of:0000000000000002:1 -> of:000000000000000b:4, of:000000000000000b:3 -> of:000000000000000d:2, of:000000000000000d:4 -> of:0000000000000006:1",2,1.0,0.5499999999999999,1,selected,h4,2026-06-17T22:09:40
route_mutation,0.6,0.05,0,20260617T220940_058546,h31,,,1.0,1.0,1.0,h4-h31,"of:0000000000000002:1 -> of:000000000000000b:4, of:000000000000000b:3 -> of:000000000000000d:2, of:000000000000000d:4 -> of:0000000000000006:1",3,1.0,0.5499999999999999,0,not_selected_lower_rank_or_budget,h4,2026-06-17T22:09:40
route_mutation,0.6,0.05,0,20260617T220940_058546,h32,,,1.0,1.0,1.0,h4-h32,"of:0000000000000002:1 -> of:000000000000000b:4, of:000000000000000b:3 -> of:000000000000000d:2, of:000000000000000d:4 -> of:0000000000000006:1",4,1.0,0.5499999999999999,0,not_selected_lower_rank_or_budget,h4,2026-06-17T22:09:40
route_mutation,0.6,0.05,0,20260617T220940_058546,h33,,,1.0,1.0,1.0,h4-h33,"of:0000000000000002:1 -> of:000000000000000b:4, of:000000000000000b:3 -> of:000000000000000d:2, of:000000000000000d:4 -> of:0000000000000006:1",5,1.0,0.5499999999999999,0,not_selected_lower_rank_or_budget,h4,2026-06-17T22:09:40
route_mutation,0.6,0.05,0,20260617T220940_058546,h34,,,1.0,1.0,1.0,h4-h34,"of:0000000000000002:1 -> of:000000000000000b:4, of:000000000000000b:3 -> of:000000000000000d:2, of:000000000000000d:5 -> of:0000000000000007:1",6,1.0,0.5499999999999999,0,not_selected_lower_rank_or_budget,h4,2026-06-17T22:09:40
route_mutation,0.6,0.05,0,20260617T220940_058546,h35,,,1.0,1.0,1.0,h4-h35,"of:0000000000000002:1 -> of:000000000000000b:4, of:000000000000000b:3 -> of:000000000000000d:2, of:000000000000000d:5 -> of:0000000000000007:1",7,1.0,0.5499999999999999,0,not_selected_lower_rank_or_budget,h4,2026-06-17T22:09:40
route_mutation,0.6,0.05,0,20260617T220940_058546,h36,,,1.0,1.0,1.0,h4-h36,"of:0000000000000002:1 -> of:000000000000000b:4, of:000000000000000b:3 -> of:000000000000000d:2, of:000000000000000d:5 -> of:0000000000000007:1",8,1.0,0.5499999999999999,0,not_selected_lower_rank_or_budget,h4,2026-06-17T22:09:40
route_mutation,0.6,0.05,0,20260617T220940_058546,h37,,,1.0,1.0,1.0,h4-h37,"of:0000000000000002:1 -> of:000000000000000b:4, of:000000000000000b:3 -> of:000000000000000d:2, of:000000000000000d:5 -> of:0000000000000007:1",9,1.0,0.5499999999999999,0,not_selected_lower_rank_or_budget,h4,2026-06-17T22:09:40
route_mutation,0.6,0.05,0,20260617T220940_058546,h39,,,1.0,1.0,1.0,h4-h39,"of:0000000000000002:1 -> of:000000000000000b:4, of:000000000000000b:3 -> of:000000000000000d:2, of:000000000000000d:5 -> of:0000000000000007:1",10,1.0,0.5499999999999999,0,not_selected_lower_rank_or_budget,h4,2026-06-17T22:09:40
route_mutation,0.6,0.05,0,20260617T220940_058546,h28,,,1.0,1.0,1.0,h5-h28,"of:0000000000000002:1 -> of:000000000000000b:4, of:000000000000000b:3 -> of:000000000000000d:2, of:000000000000000d:4 -> of:0000000000000006:1",11,1.0,0.5499999999999999,1,selected,h5,2026-06-17T22:09:40
route_mutation,0.6,0.05,0,20260617T220940_058546,h30,,,1.0,1.0,1.0,h5-h30,"of:0000000000000002:1 -> of:000000000000000b:4, of:000000000000000b:3 -> of:000000000000000d:2, of:000000000000000d:4 -> of:0000000000000006:1",12,1.0,0.5499999999999999,1,selected,h5,2026-06-17T22:09:40
route_mutation,0.6,0.05,0,20260617T220940_058546,h31,,,1.0,1.0,1.0,h5-h31,"of:0000000000000002:1 -> of:000000000000000b:4, of:000000000000000b:3 -> of:000000000000000d:2, of:000000000000000d:4 -> of:0000000000000006:1",13,1.0,0.5499999999999999,1,selected,h5,2026-06-17T22:09:40
route_mutation,0.6,0.05,0,20260617T220940_058546,h32,,,1.0,1.0,1.0,h5-h32,"of:0000000000000002:1 -> of:000000000000000b:4, of:000000000000000b:3 -> of:000000000000000d:2, of:000000000000000d:4 -> of:0000000000000006:1",14,1.0,0.5499999999999999,1,selected,h5,2026-06-17T22:09:40
route_mutation,0.6,0.05,0,20260617T220940_058546,h33,,,1.0,1.0,1.0,h5-h33,"of:0000000000000002:1 -> of:000000000000000b:4, of:000000000000000b:3 -> of:000000000000000d:2, of:000000000000000d:4 -> of:0000000000000006:1",15,1.0,0.5499999999999999,1,selected,h5,2026-06-17T22:09:40
route_mutation,0.6,0.05,0,20260617T220940_058546,h34,,,1.0,1.0,1.0,h5-h34,"of:0000000000000002:1 -> of:000000000000000b:4, of:000000000000000b:3 -> of:000000000000000d:2, of:000000000000000d:5 -> of:0000000000000007:1",16,1.0,0.5499999999999999,1,selected,h5,2026-06-17T22:09:40
route_mutation,0.6,0.05,0,20260617T220940_058546,h35,,,1.0,1.0,1.0,h5-h35,"of:0000000000000002:1 -> of:000000000000000b:4, of:000000000000000b:3 -> of:000000000000000d:2, of:000000000000000d:5 -> of:0000000000000007:1",17,1.0,0.5499999999999999,1,selected,h5,2026-06-17T22:09:40
route_mutation,0.6,0.05,0,20260617T220940_058546,h36,,,1.0,1.0,1.0,h5-h36,"of:0000000000000002:1 -> of:000000000000000b:4, of:000000000000000b:3 -> of:000000000000000d:2, of:000000000000000d:5 -> of:0000000000000007:1",18,1.0,0.5499999999999999,1,selected,h5,2026-06-17T22:09:40
route_mutation,0.6,0.05,0,20260617T220940_058546,h39,,,1.0,1.0,1.0,h5-h39,"of:0000000000000002:1 -> of:000000000000000b:4, of:000000000000000b:3 -> of:000000000000000d:2, of:000000000000000d:5 -> of:0000000000000007:1",19,1.0,0.5499999999999999,1,selected,h5,2026-06-17T22:09:40
route_mutation,0.5541257142857143,0.05,0,20260617T220940_058546,h20,,,1.0,0.8725714285714287,0.9235428571428572,h4-h20,"of:0000000000000002:1 -> of:000000000000000b:4, of:000000000000000b:2 -> of:000000000000000c:2, of:000000000000000c:4 -> of:0000000000000004:1",20,1.0,0.5041257142857143,0,not_selected_lower_rank_or_budget,h4,2026-06-17T22:09:40
route_mutation,0.5541257142857143,0.05,0,20260617T220940_058546,h21,,,1.0,0.8725714285714287,0.9235428571428572,h4-h21,"of:0000000000000002:1 -> of:000000000000000b:4, of:000000000000000b:2 -> of:000000000000000c:2, of:000000000000000c:4 -> of:0000000000000004:1",21,1.0,0.5041257142857143,0,not_selected_lower_rank_or_budget,h4,2026-06-17T22:09:40
route_mutation,0.5541257142857143,0.05,0,20260617T220940_058546,h22,,,1.0,0.8725714285714287,0.9235428571428572,h4-h22,"of:0000000000000002:1 -> of:000000000000000b:4, of:000000000000000b:2 -> of:000000000000000c:2, of:000000000000000c:5 -> of:0000000000000005:1",22,1.0,0.5041257142857143,0,not_selected_lower_rank_or_budget,h4,2026-06-17T22:09:40
route_mutation,0.5541257142857143,0.05,0,20260617T220940_058546,h23,,,1.0,0.8725714285714287,0.9235428571428572,h4-h23,"of:0000000000000002:1 -> of:000000000000000b:4, of:000000000000000b:2 -> of:000000000000000c:2, of:000000000000000c:5 -> of:0000000000000005:1",23,1.0,0.5041257142857143,0,not_selected_lower_rank_or_budget,h4,2026-06-17T22:09:40
route_mutation,0.5541257142857143,0.05,0,20260617T220940_058546,h24,,,1.0,0.8725714285714287,0.9235428571428572,h4-h24,"of:0000000000000002:1 -> of:000000000000000b:4, of:000000000000000b:2 -> of:000000000000000c:2, of:000000000000000c:5 -> of:0000000000000005:1",24,1.0,0.5041257142857143,0,not_selected_lower_rank_or_budget,h4,2026-06-17T22:09:40
route_mutation,0.5541257142857143,0.05,0,20260617T220940_058546,h25,,,1.0,0.8725714285714287,0.9235428571428572,h4-h25,"of:0000000000000002:1 -> of:000000000000000b:4, of:000000000000000b:2 -> of:000000000000000c:2, of:000000000000000c:5 -> of:0000000000000005:1",25,1.0,0.5041257142857143,0,not_selected_lower_rank_or_budget,h4,2026-06-17T22:09:40
route_mutation,0.5541257142857143,0.05,0,20260617T220940_058546,h26,,,1.0,0.8725714285714287,0.9235428571428572,h4-h26,"of:0000000000000002:1 -> of:000000000000000b:4, of:000000000000000b:2 -> of:000000000000000c:2, of:000000000000000c:5 -> of:0000000000000005:1",26,1.0,0.5041257142857143,0,not_selected_lower_rank_or_budget,h4,2026-06-17T22:09:40
route_mutation,0.5541257142857143,0.05,0,20260617T220940_058546,h27,,,1.0,0.8725714285714287,0.9235428571428572,h4-h27,"of:0000000000000002:1 -> of:000000000000000b:4, of:000000000000000b:2 -> of:000000000000000c:2, of:000000000000000c:5 -> of:0000000000000005:1",27,1.0,0.5041257142857143,0,not_selected_lower_rank_or_budget,h4,2026-06-17T22:09:40
route_mutation,0.5541257142857143,0.05,0,20260617T220940_058546,h10,,,1.0,0.8725714285714287,0.9235428571428572,h5-h10,"of:0000000000000002:1 -> of:000000000000000b:4, of:000000000000000b:5 -> of:0000000000000003:1",28,1.0,0.5041257142857143,0,not_selected_lower_rank_or_budget,h5,2026-06-17T22:09:40
route_mutation,0.5541257142857143,0.05,0,20260617T220940_058546,h11,,,1.0,0.8725714285714287,0.9235428571428572,h5-h11,"of:0000000000000002:1 -> of:000000000000000b:4, of:000000000000000b:5 -> of:0000000000000003:1",29,1.0,0.5041257142857143,0,not_selected_lower_rank_or_budget,h5,2026-06-17T22:09:40
route_mutation,0.5541257142857143,0.05,0,20260617T220940_058546,h12,,,1.0,0.8725714285714287,0.9235428571428572,h5-h12,"of:0000000000000002:1 -> of:000000000000000b:4, of:000000000000000b:5 -> of:0000000000000003:1",30,1.0,0.5041257142857143,0,not_selected_lower_rank_or_budget,h5,2026-06-17T22:09:40
route_mutation,0.5541257142857143,0.05,0,20260617T220940_058546,h13,,,1.0,0.8725714285714287,0.9235428571428572,h5-h13,"of:0000000000000002:1 -> of:000000000000000b:4, of:000000000000000b:5 -> of:0000000000000003:1",31,1.0,0.5041257142857143,0,not_selected_lower_rank_or_budget,h5,2026-06-17T22:09:40
route_mutation,0.5541257142857143,0.05,0,20260617T220940_058546,h14,,,1.0,0.8725714285714287,0.9235428571428572,h5-h14,"of:0000000000000002:1 -> of:000000000000000b:4, of:000000000000000b:5 -> of:0000000000000003:1",32,1.0,0.5041257142857143,0,not_selected_lower_rank_or_budget,h5,2026-06-17T22:09:40
route_mutation,0.5541257142857143,0.05,0,20260617T220940_058546,h15,,,1.0,0.8725714285714287,0.9235428571428572,h5-h15,"of:0000000000000002:1 -> of:000000000000000b:4, of:000000000000000b:5 -> of:0000000000000003:1",33,1.0,0.5041257142857143,0,not_selected_lower_rank_or_budget,h5,2026-06-17T22:09:40
route_mutation,0.5541257142857143,0.05,0,20260617T220940_058546,h16,,,1.0,0.8725714285714287,0.9235428571428572,h5-h16,"of:0000000000000002:1 -> of:000000000000000b:4, of:000000000000000b:2 -> of:000000000000000c:2, of:000000000000000c:4 -> of:0000000000000004:1",34,1.0,0.5041257142857143,0,not_selected_lower_rank_or_budget,h5,2026-06-17T22:09:40
route_mutation,0.5541257142857143,0.05,0,20260617T220940_058546,h17,,,1.0,0.8725714285714287,0.9235428571428572,h5-h17,"of:0000000000000002:1 -> of:000000000000000b:4, of:000000000000000b:2 -> of:000000000000000c:2, of:000000000000000c:4 -> of:0000000000000004:1",35,1.0,0.5041257142857143,0,not_selected_lower_rank_or_budget,h5,2026-06-17T22:09:40
route_mutation,0.5541257142857143,0.05,0,20260617T220940_058546,h18,,,1.0,0.8725714285714287,0.9235428571428572,h5-h18,"of:0000000000000002:1 -> of:000000000000000b:4, of:000000000000000b:2 -> of:000000000000000c:2, of:000000000000000c:4 -> of:0000000000000004:1",36,1.0,0.5041257142857143,0,not_selected_lower_rank_or_budget,h5,2026-06-17T22:09:40
route_mutation,0.5541257142857143,0.05,0,20260617T220940_058546,h19,,,1.0,0.8725714285714287,0.9235428571428572,h5-h19,"of:0000000000000002:1 -> of:000000000000000b:4, of:000000000000000b:2 -> of:000000000000000c:2, of:000000000000000c:4 -> of:0000000000000004:1",37,1.0,0.5041257142857143,0,not_selected_lower_rank_or_budget,h5,2026-06-17T22:09:40
route_mutation,0.5541257142857143,0.05,0,20260617T220940_058546,h20,,,1.0,0.8725714285714287,0.9235428571428572,h5-h20,"of:0000000000000002:1 -> of:000000000000000b:4, of:000000000000000b:2 -> of:000000000000000c:2, of:000000000000000c:4 -> of:0000000000000004:1",38,1.0,0.5041257142857143,0,not_selected_lower_rank_or_budget,h5,2026-06-17T22:09:40
route_mutation,0.5541257142857143,0.05,0,20260617T220940_058546,h21,,,1.0,0.8725714285714287,0.9235428571428572,h5-h21,"of:0000000000000002:1 -> of:000000000000000b:4, of:000000000000000b:2 -> of:000000000000000c:2, of:000000000000000c:4 -> of:0000000000000004:1",39,1.0,0.5041257142857143,0,not_selected_lower_rank_or_budget,h5,2026-06-17T22:09:40
route_mutation,0.5541257142857143,0.05,0,20260617T220940_058546,h22,,,1.0,0.8725714285714287,0.9235428571428572,h5-h22,"of:0000000000000002:1 -> of:000000000000000b:4, of:000000000000000b:2 -> of:000000000000000c:2, of:000000000000000c:5 -> of:0000000000000005:1",40,1.0,0.5041257142857143,0,not_selected_lower_rank_or_budget,h5,2026-06-17T22:09:40
route_mutation,0.5541257142857143,0.05,0,20260617T220940_058546,h23,,,1.0,0.8725714285714287,0.9235428571428572,h5-h23,"of:0000000000000002:1 -> of:000000000000000b:4, of:000000000000000b:2 -> of:000000000000000c:2, of:000000000000000c:5 -> of:0000000000000005:1",41,1.0,0.5041257142857143,0,not_selected_lower_rank_or_budget,h5,2026-06-17T22:09:40
route_mutation,0.5541257142857143,0.05,0,20260617T220940_058546,h24,,,1.0,0.8725714285714287,0.9235428571428572,h5-h24,"of:0000000000000002:1 -> of:000000000000000b:4, of:000000000000000b:2 -> of:000000000000000c:2, of:000000000000000c:5 -> of:0000000000000005:1",42,1.0,0.5041257142857143,0,not_selected_lower_rank_or_budget,h5,2026-06-17T22:09:40
route_mutation,0.5541257142857143,0.05,0,20260617T220940_058546,h25,,,1.0,0.8725714285714287,0.9235428571428572,h5-h25,"of:0000000000000002:1 -> of:000000000000000b:4, of:000000000000000b:2 -> of:000000000000000c:2, of:000000000000000c:5 -> of:0000000000000005:1",43,1.0,0.5041257142857143,0,not_selected_lower_rank_or_budget,h5,2026-06-17T22:09:40
route_mutation,0.5541257142857143,0.05,0,20260617T220940_058546,h26,,,1.0,0.8725714285714287,0.9235428571428572,h5-h26,"of:0000000000000002:1 -> of:000000000000000b:4, of:000000000000000b:2 -> of:000000000000000c:2, of:000000000000000c:5 -> of:0000000000000005:1",44,1.0,0.5041257142857143,0,not_selected_lower_rank_or_budget,h5,2026-06-17T22:09:40
route_mutation,0.5541257142857143,0.05,0,20260617T220940_058546,h27,,,1.0,0.8725714285714287,0.9235428571428572,h5-h27,"of:0000000000000002:1 -> of:000000000000000b:4, of:000000000000000b:2 -> of:000000000000000c:2, of:000000000000000c:5 -> of:0000000000000005:1",45,1.0,0.5041257142857143,0,not_selected_lower_rank_or_budget,h5,2026-06-17T22:09:40
route_mutation,0.5541257142857143,0.05,0,20260617T220940_058546,h9,,,1.0,0.8725714285714287,0.9235428571428572,h5-h9,"of:0000000000000002:1 -> of:000000000000000b:4, of:000000000000000b:5 -> of:0000000000000003:1",46,1.0,0.5041257142857143,0,not_selected_lower_rank_or_budget,h5,2026-06-17T22:09:40
route_mutation,0.25,0.05,0,20260617T220940_058546,h29,,,1.0,1.0,1.0,h4-h29,"of:0000000000000002:1 -> of:000000000000000b:4, of:000000000000000b:3 -> of:000000000000000d:2, of:000000000000000d:4 -> of:0000000000000006:1",47,0.4166666666666667,0.2,0,not_selected_lower_rank_or_budget,h4,2026-06-17T22:09:40
route_mutation,0.25,0.05,0,20260617T220940_058546,h29,,,1.0,1.0,1.0,h5-h29,"of:0000000000000002:1 -> of:000000000000000b:4, of:000000000000000b:3 -> of:000000000000000d:2, of:000000000000000d:4 -> of:0000000000000006:1",48,0.4166666666666667,0.2,0,not_selected_lower_rank_or_budget,h5,2026-06-17T22:09:40
route_mutation,0.09999999999999999,0.05,0,20260617T220940_058546,h38,,,1.0,1.0,1.0,h4-h38,"of:0000000000000002:1 -> of:000000000000000b:4, of:000000000000000b:3 -> of:000000000000000d:2, of:000000000000000d:5 -> of:0000000000000007:1",49,0.16666666666666666,0.04999999999999999,0,not_selected_lower_rank_or_budget,h4,2026-06-17T22:09:40
route_mutation,0.09999999999999999,0.05,0,20260617T220940_058546,h37,,,1.0,1.0,1.0,h5-h37,"of:0000000000000002:1 -> of:000000000000000b:4, of:000000000000000b:3 -> of:000000000000000d:2, of:000000000000000d:5 -> of:0000000000000007:1",50,0.16666666666666666,0.04999999999999999,0,not_selected_lower_rank_or_budget,h5,2026-06-17T22:09:40
route_mutation,0.09999999999999999,0.05,0,20260617T220940_058546,h38,,,1.0,1.0,1.0,h5-h38,"of:0000000000000002:1 -> of:000000000000000b:4, of:000000000000000b:3 -> of:000000000000000d:2, of:000000000000000d:5 -> of:0000000000000007:1",51,0.16666666666666666,0.04999999999999999,0,not_selected_lower_rank_or_budget,h5,2026-06-17T22:09:40
route_mutation,0.049999999999999996,0.05,3,20260617T220940_058546,h5,,,1.0,1.0,1.0,h1-h5,"of:0000000000000002:1 -> of:000000000000000b:4, of:000000000000000b:3 -> of:000000000000000d:2, of:000000000000000d:1 -> of:0000000000000001:3",52,0.08333333333333333,-6.938893903907228e-18,0,not_selected_non_positive_score,h1,2026-06-17T22:09:40
route_mutation,0.049999999999999996,0.05,0,20260617T220940_058546,h33,,,1.0,1.0,1.0,h15-h33,"of:0000000000000003:1 -> of:000000000000000b:5, of:000000000000000b:3 -> of:000000000000000d:2, of:000000000000000d:4 -> of:0000000000000006:1",53,0.08333333333333333,-6.938893903907228e-18,0,not_selected_non_positive_score,h15,2026-06-17T22:09:40
route_mutation,0.049999999999999996,0.05,0,20260617T220940_058546,h39,,,1.0,1.0,1.0,h2-h39,"of:0000000000000002:1 -> of:000000000000000b:4, of:000000000000000b:3 -> of:000000000000000d:2, of:000000000000000d:5 -> of:0000000000000007:1",54,0.08333333333333333,-6.938893903907228e-18,0,not_selected_non_positive_score,h2,2026-06-17T22:09:40
route_mutation,0.0,0.05,0,20260617T220940_058546,h40,,,1.0,1.0,1.0,h4-h40,"of:0000000000000002:1 -> of:000000000000000b:4, of:000000000000000b:3 -> of:000000000000000d:2, of:000000000000000d:5 -> of:0000000000000007:1",55,0.0,-0.05,0,not_selected_non_positive_score,h4,2026-06-17T22:09:40
route_mutation,0.5556171428571428,0.05,0,20260617T221012_760035,h24,,,1.0,0.8767142857142858,0.9260285714285714,h6-h24,"of:0000000000000002:1 -> of:000000000000000b:4, of:000000000000000b:2 -> of:000000000000000c:2, of:000000000000000c:5 -> of:0000000000000005:1",1,1.0,0.5056171428571428,1,selected,h6,2026-06-17T22:10:12
route_mutation,0.5556171428571428,0.05,0,20260617T221012_760035,h25,,,1.0,0.8767142857142858,0.9260285714285714,h6-h25,"of:0000000000000002:1 -> of:000000000000000b:4, of:000000000000000b:2 -> of:000000000000000c:2, of:000000000000000c:5 -> of:0000000000000005:1",2,1.0,0.5056171428571428,1,selected,h6,2026-06-17T22:10:12
route_mutation,0.5556171428571428,0.05,0,20260617T221012_760035,h26,,,1.0,0.8767142857142858,0.9260285714285714,h6-h26,"of:0000000000000002:1 -> of:000000000000000b:4, of:000000000000000b:2 -> of:000000000000000c:2, of:000000000000000c:5 -> of:0000000000000005:1",3,1.0,0.5056171428571428,1,selected,h6,2026-06-17T22:10:12
route_mutation,0.09230769230769231,0.05,0,20260617T221012_760035,h33,,,1.0,1.0,1.0,h15-h33,"of:0000000000000003:1 -> of:000000000000000b:5, of:000000000000000b:3 -> of:000000000000000d:2, of:000000000000000d:4 -> of:0000000000000006:1",4,0.15384615384615385,0.04230769230769231,1,selected,h15,2026-06-17T22:10:12
route_mutation,0.09230769230769231,0.05,0,20260617T221012_760035,h39,,,1.0,1.0,1.0,h2-h39,"of:0000000000000002:1 -> of:000000000000000b:4, of:000000000000000b:3 -> of:000000000000000d:2, of:000000000000000d:5 -> of:0000000000000007:1",5,0.15384615384615385,0.04230769230769231,1,selected,h2,2026-06-17T22:10:12
route_mutation,0.6,0.05,0,20260617T221043_746175,h30,,,1.0,1.0,1.0,h6-h30,"of:0000000000000002:1 -> of:000000000000000b:4, of:000000000000000b:3 -> of:000000000000000d:2, of:000000000000000d:4 -> of:0000000000000006:1",1,1.0,0.5499999999999999,1,selected,h6,2026-06-17T22:10:43
route_mutation,0.6,0.05,0,20260617T221043_746175,h31,,,1.0,1.0,1.0,h6-h31,"of:0000000000000002:1 -> of:000000000000000b:4, of:000000000000000b:3 -> of:000000000000000d:2, of:000000000000000d:4 -> of:0000000000000006:1",2,1.0,0.5499999999999999,1,selected,h6,2026-06-17T22:10:43
route_mutation,0.04285714285714285,0.05,7,20260617T221043_746175,h39,,,1.0,1.0,1.0,h2-h39,"of:0000000000000002:2 -> of:0000000000000008:2, of:0000000000000008:1 -> of:000000000000000b:6, of:000000000000000b:3 -> of:000000000000000d:2, of:000000000000000d:6 -> of:000000000000000a:1, of:000000000000000a:3 -> of:0000000000000007:2",3,0.07142857142857142,-0.007142857142857152,0,not_selected_non_positive_score,h2,2026-06-17T22:10:43
route_mutation,0.039771244897959177,0.05,4,20260617T221043_746175,h33,,,1.0,0.8799928571428571,0.9279957142857143,h15-h33,"of:0000000000000003:1 -> of:000000000000000b:5, of:000000000000000b:1 -> of:0000000000000001:1, of:0000000000000001:3 -> of:000000000000000d:1, of:000000000000000d:4 -> of:0000000000000006:1",4,0.07142857142857142,-0.010228755102040826,0,not_selected_non_positive_score,h15,2026-06-17T22:10:43
route_mutation,0.6,0.05,0,20260617T221114_877586,h34,,,1.0,1.0,1.0,h6-h34,"of:0000000000000002:1 -> of:000000000000000b:4, of:000000000000000b:3 -> of:000000000000000d:2, of:000000000000000d:5 -> of:0000000000000007:1",1,1.0,0.5499999999999999,1,selected,h6,2026-06-17T22:11:14
route_mutation,0.6,0.05,0,20260617T221114_877586,h35,,,1.0,1.0,1.0,h6-h35,"of:0000000000000002:1 -> of:000000000000000b:4, of:000000000000000b:3 -> of:000000000000000d:2, of:000000000000000d:5 -> of:0000000000000007:1",2,1.0,0.5499999999999999,1,selected,h6,2026-06-17T22:11:14
route_mutation,0.6,0.05,0,20260617T221114_877586,h36,,,1.0,1.0,1.0,h6-h36,"of:0000000000000002:1 -> of:000000000000000b:4, of:000000000000000b:3 -> of:000000000000000d:2, of:000000000000000d:5 -> of:0000000000000007:1",3,1.0,0.5499999999999999,1,selected,h6,2026-06-17T22:11:14
route_mutation,0.19999999999999998,0.05,0,20260617T221114_877586,h37,,,1.0,1.0,1.0,h6-h37,"of:0000000000000002:1 -> of:000000000000000b:4, of:000000000000000b:3 -> of:000000000000000d:2, of:000000000000000d:5 -> of:0000000000000007:1",4,0.3333333333333333,0.14999999999999997,1,selected,h6,2026-06-17T22:11:14
route_mutation,0.04,0.05,0,20260617T221114_877586,h33,,,1.0,1.0,1.0,h15-h33,"of:0000000000000003:1 -> of:000000000000000b:5, of:000000000000000b:3 -> of:000000000000000d:2, of:000000000000000d:4 -> of:0000000000000006:1",5,0.06666666666666667,-0.010000000000000002,0,not_selected_non_positive_score,h15,2026-06-17T22:11:14
route_mutation,0.04,0.05,0,20260617T221114_877586,h39,,,1.0,1.0,1.0,h2-h39,"of:0000000000000002:1 -> of:000000000000000b:4, of:000000000000000b:3 -> of:000000000000000d:2, of:000000000000000d:5 -> of:0000000000000007:1",6,0.06666666666666667,-0.010000000000000002,0,not_selected_non_positive_score,h2,2026-06-17T22:11:14
route_mutation,0.6,0.05,0,20260617T221146_792968,h38,,,1.0,1.0,1.0,h7-h38,"of:0000000000000002:1 -> of:000000000000000b:4, of:000000000000000b:3 -> of:000000000000000d:2, of:000000000000000d:5 -> of:0000000000000007:1",1,1.0,0.5499999999999999,1,selected,h7,2026-06-17T22:11:46
route_mutation,0.6,0.05,0,20260617T221146_792968,h39,,,1.0,1.0,1.0,h7-h39,"of:0000000000000002:1 -> of:000000000000000b:4, of:000000000000000b:3 -> of:000000000000000d:2, of:000000000000000d:5 -> of:0000000000000007:1",2,1.0,0.5499999999999999,1,selected,h7,2026-06-17T22:11:46
route_mutation,0.5579854285714286,0.05,0,20260617T221146_792968,h10,,,1.0,0.8832928571428572,0.9299757142857143,h7-h10,"of:0000000000000002:1 -> of:000000000000000b:4, of:000000000000000b:5 -> of:0000000000000003:1",3,1.0,0.5079854285714286,1,selected,h7,2026-06-17T22:11:46
route_mutation,0.08,0.05,0,20260617T221146_792968,h33,,,1.0,1.0,1.0,h15-h33,"of:0000000000000003:1 -> of:000000000000000b:5, of:000000000000000b:3 -> of:000000000000000d:2, of:000000000000000d:4 -> of:0000000000000006:1",4,0.13333333333333333,0.03,1,selected,h15,2026-06-17T22:11:46
route_mutation,0.08,0.05,0,20260617T221146_792968,h39,,,1.0,1.0,1.0,h2-h39,"of:0000000000000002:1 -> of:000000000000000b:4, of:000000000000000b:3 -> of:000000000000000d:2, of:000000000000000d:5 -> of:0000000000000007:1",5,0.13333333333333333,0.03,1,selected,h2,2026-06-17T22:11:46
route_mutation,0.6,0.05,0,20260617T221217_353371,h31,,,1.0,1.0,1.0,h8-h31,"of:0000000000000002:1 -> of:000000000000000b:4, of:000000000000000b:3 -> of:000000000000000d:2, of:000000000000000d:4 -> of:0000000000000006:1",1,1.0,0.5499999999999999,0,not_selected_lower_rank_or_budget,h8,2026-06-17T22:12:17
route_mutation,0.6,0.05,0,20260617T221217_353371,h33,,,1.0,1.0,1.0,h8-h33,"of:0000000000000002:1 -> of:000000000000000b:4, of:000000000000000b:3 -> of:000000000000000d:2, of:000000000000000d:4 -> of:0000000000000006:1",2,1.0,0.5499999999999999,1,selected,h8,2026-06-17T22:12:17
route_mutation,0.6,0.05,0,20260617T221217_353371,h34,,,1.0,1.0,1.0,h8-h34,"of:0000000000000002:1 -> of:000000000000000b:4, of:000000000000000b:3 -> of:000000000000000d:2, of:000000000000000d:5 -> of:0000000000000007:1",3,1.0,0.5499999999999999,1,selected,h8,2026-06-17T22:12:17
route_mutation,0.6,0.05,0,20260617T221217_353371,h36,,,1.0,1.0,1.0,h8-h36,"of:0000000000000002:1 -> of:000000000000000b:4, of:000000000000000b:3 -> of:000000000000000d:2, of:000000000000000d:5 -> of:0000000000000007:1",4,1.0,0.5499999999999999,1,selected,h8,2026-06-17T22:12:17
route_mutation,0.6,0.05,0,20260617T221217_353371,h37,,,1.0,1.0,1.0,h8-h37,"of:0000000000000002:1 -> of:000000000000000b:4, of:000000000000000b:3 -> of:000000000000000d:2, of:000000000000000d:5 -> of:0000000000000007:1",5,1.0,0.5499999999999999,1,selected,h8,2026-06-17T22:12:17
route_mutation,0.6,0.05,0,20260617T221217_353371,h38,,,1.0,1.0,1.0,h8-h38,"of:0000000000000002:1 -> of:000000000000000b:4, of:000000000000000b:3 -> of:000000000000000d:2, of:000000000000000d:5 -> of:0000000000000007:1",6,1.0,0.5499999999999999,1,selected,h8,2026-06-17T22:12:17
route_mutation,0.6,0.05,0,20260617T221217_353371,h39,,,1.0,1.0,1.0,h8-h39,"of:0000000000000002:1 -> of:000000000000000b:4, of:000000000000000b:3 -> of:000000000000000d:2, of:000000000000000d:5 -> of:0000000000000007:1",7,1.0,0.5499999999999999,1,selected,h8,2026-06-17T22:12:17
route_mutation,0.6,0.05,0,20260617T221217_353371,h28,,,1.0,1.0,1.0,h9-h28,"of:0000000000000003:1 -> of:000000000000000b:5, of:000000000000000b:3 -> of:000000000000000d:2, of:000000000000000d:4 -> of:0000000000000006:1",8,1.0,0.5499999999999999,1,selected,h9,2026-06-17T22:12:17
route_mutation,0.6,0.05,0,20260617T221217_353371,h29,,,1.0,1.0,1.0,h9-h29,"of:0000000000000003:1 -> of:000000000000000b:5, of:000000000000000b:3 -> of:000000000000000d:2, of:000000000000000d:4 -> of:0000000000000006:1",9,1.0,0.5499999999999999,1,selected,h9,2026-06-17T22:12:17
route_mutation,0.6,0.05,0,20260617T221217_353371,h30,,,1.0,1.0,1.0,h9-h30,"of:0000000000000003:1 -> of:000000000000000b:5, of:000000000000000b:3 -> of:000000000000000d:2, of:000000000000000d:4 -> of:0000000000000006:1",10,1.0,0.5499999999999999,1,selected,h9,2026-06-17T22:12:17
route_mutation,0.6,0.05,0,20260617T221217_353371,h32,,,1.0,1.0,1.0,h9-h32,"of:0000000000000003:1 -> of:000000000000000b:5, of:000000000000000b:3 -> of:000000000000000d:2, of:000000000000000d:4 -> of:0000000000000006:1",11,1.0,0.5499999999999999,1,selected,h9,2026-06-17T22:12:17
route_mutation,0.6,0.05,0,20260617T221217_353371,h33,,,1.0,1.0,1.0,h9-h33,"of:0000000000000003:1 -> of:000000000000000b:5, of:000000000000000b:3 -> of:000000000000000d:2, of:000000000000000d:4 -> of:0000000000000006:1",12,1.0,0.5499999999999999,0,not_selected_lower_rank_or_budget,h9,2026-06-17T22:12:17
route_mutation,0.6,0.05,0,20260617T221217_353371,h34,,,1.0,1.0,1.0,h9-h34,"of:0000000000000003:1 -> of:000000000000000b:5, of:000000000000000b:3 -> of:000000000000000d:2, of:000000000000000d:5 -> of:0000000000000007:1",13,1.0,0.5499999999999999,0,not_selected_lower_rank_or_budget,h9,2026-06-17T22:12:17
route_mutation,0.6,0.05,0,20260617T221217_353371,h36,,,1.0,1.0,1.0,h9-h36,"of:0000000000000003:1 -> of:000000000000000b:5, of:000000000000000b:3 -> of:000000000000000d:2, of:000000000000000d:5 -> of:0000000000000007:1",14,1.0,0.5499999999999999,0,not_selected_lower_rank_or_budget,h9,2026-06-17T22:12:17
route_mutation,0.6,0.05,0,20260617T221217_353371,h37,,,1.0,1.0,1.0,h9-h37,"of:0000000000000003:1 -> of:000000000000000b:5, of:000000000000000b:3 -> of:000000000000000d:2, of:000000000000000d:5 -> of:0000000000000007:1",15,1.0,0.5499999999999999,0,not_selected_lower_rank_or_budget,h9,2026-06-17T22:12:17
route_mutation,0.6,0.05,0,20260617T221217_353371,h38,,,1.0,1.0,1.0,h9-h38,"of:0000000000000003:1 -> of:000000000000000b:5, of:000000000000000b:3 -> of:000000000000000d:2, of:000000000000000d:5 -> of:0000000000000007:1",16,1.0,0.5499999999999999,0,not_selected_lower_rank_or_budget,h9,2026-06-17T22:12:17
route_mutation,0.6,0.05,0,20260617T221217_353371,h39,,,1.0,1.0,1.0,h9-h39,"of:0000000000000003:1 -> of:000000000000000b:5, of:000000000000000b:3 -> of:000000000000000d:2, of:000000000000000d:5 -> of:0000000000000007:1",17,1.0,0.5499999999999999,0,not_selected_lower_rank_or_budget,h9,2026-06-17T22:12:17
route_mutation,0.5587002857142858,0.05,0,20260617T221217_353371,h10,,,1.0,0.8852785714285716,0.931167142857143,h2-h10,"of:0000000000000002:1 -> of:000000000000000b:4, of:000000000000000b:5 -> of:0000000000000003:1",18,1.0,0.5087002857142857,0,not_selected_lower_rank_or_budget,h2,2026-06-17T22:12:17
route_mutation,0.5587002857142858,0.05,0,20260617T221217_353371,h9,,,1.0,0.8852785714285716,0.931167142857143,h2-h9,"of:0000000000000002:1 -> of:000000000000000b:4, of:000000000000000b:5 -> of:0000000000000003:1",19,1.0,0.5087002857142857,0,not_selected_lower_rank_or_budget,h2,2026-06-17T22:12:17
route_mutation,0.5587002857142858,0.05,0,20260617T221217_353371,h10,,,1.0,0.8852785714285716,0.931167142857143,h3-h10,"of:0000000000000002:1 -> of:000000000000000b:4, of:000000000000000b:5 -> of:0000000000000003:1",20,1.0,0.5087002857142857,0,not_selected_lower_rank_or_budget,h3,2026-06-17T22:12:17
route_mutation,0.5587002857142858,0.05,0,20260617T221217_353371,h9,,,1.0,0.8852785714285716,0.931167142857143,h3-h9,"of:0000000000000002:1 -> of:000000000000000b:4, of:000000000000000b:5 -> of:0000000000000003:1",21,1.0,0.5087002857142857,0,not_selected_lower_rank_or_budget,h3,2026-06-17T22:12:17
route_mutation,0.5587002857142858,0.05,0,20260617T221217_353371,h10,,,1.0,0.8852785714285716,0.931167142857143,h4-h10,"of:0000000000000002:1 -> of:000000000000000b:4, of:000000000000000b:5 -> of:0000000000000003:1",22,1.0,0.5087002857142857,0,not_selected_lower_rank_or_budget,h4,2026-06-17T22:12:17
route_mutation,0.5587002857142858,0.05,0,20260617T221217_353371,h9,,,1.0,0.8852785714285716,0.931167142857143,h4-h9,"of:0000000000000002:1 -> of:000000000000000b:4, of:000000000000000b:5 -> of:0000000000000003:1",23,1.0,0.5087002857142857,0,not_selected_lower_rank_or_budget,h4,2026-06-17T22:12:17
route_mutation,0.5587002857142858,0.05,0,20260617T221217_353371,h10,,,1.0,0.8852785714285716,0.931167142857143,h5-h10,"of:0000000000000002:1 -> of:000000000000000b:4, of:000000000000000b:5 -> of:0000000000000003:1",24,1.0,0.5087002857142857,0,not_selected_lower_rank_or_budget,h5,2026-06-17T22:12:17
route_mutation,0.5587002857142858,0.05,0,20260617T221217_353371,h9,,,1.0,0.8852785714285716,0.931167142857143,h5-h9,"of:0000000000000002:1 -> of:000000000000000b:4, of:000000000000000b:5 -> of:0000000000000003:1",25,1.0,0.5087002857142857,0,not_selected_lower_rank_or_budget,h5,2026-06-17T22:12:17
route_mutation,0.5587002857142858,0.05,0,20260617T221217_353371,h10,,,1.0,0.8852785714285716,0.931167142857143,h6-h10,"of:0000000000000002:1 -> of:000000000000000b:4, of:000000000000000b:5 -> of:0000000000000003:1",26,1.0,0.5087002857142857,0,not_selected_lower_rank_or_budget,h6,2026-06-17T22:12:17
route_mutation,0.5587002857142858,0.05,0,20260617T221217_353371,h9,,,1.0,0.8852785714285716,0.931167142857143,h6-h9,"of:0000000000000002:1 -> of:000000000000000b:4, of:000000000000000b:5 -> of:0000000000000003:1",27,1.0,0.5087002857142857,0,not_selected_lower_rank_or_budget,h6,2026-06-17T22:12:17
route_mutation,0.5587002857142858,0.05,0,20260617T221217_353371,h9,,,1.0,0.8852785714285716,0.931167142857143,h7-h9,"of:0000000000000002:1 -> of:000000000000000b:4, of:000000000000000b:5 -> of:0000000000000003:1",28,1.0,0.5087002857142857,0,not_selected_lower_rank_or_budget,h7,2026-06-17T22:12:17
route_mutation,0.5587002857142858,0.05,0,20260617T221217_353371,h10,,,1.0,0.8852785714285716,0.931167142857143,h8-h10,"of:0000000000000002:1 -> of:000000000000000b:4, of:000000000000000b:5 -> of:0000000000000003:1",29,1.0,0.5087002857142857,0,not_selected_lower_rank_or_budget,h8,2026-06-17T22:12:17
route_mutation,0.5587002857142858,0.05,0,20260617T221217_353371,h9,,,1.0,0.8852785714285716,0.931167142857143,h8-h9,"of:0000000000000002:1 -> of:000000000000000b:4, of:000000000000000b:5 -> of:0000000000000003:1",30,1.0,0.5087002857142857,0,not_selected_lower_rank_or_budget,h8,2026-06-17T22:12:17
route_mutation,0.5580677142857143,0.05,0,20260617T221217_353371,h10,,,1.0,0.8835214285714287,0.9301128571428572,h1-h10,"of:0000000000000003:1 -> of:000000000000000b:5, of:000000000000000b:1 -> of:0000000000000001:1",31,1.0,0.5080677142857143,0,not_selected_lower_rank_or_budget,h1,2026-06-17T22:12:17
route_mutation,0.5580677142857143,0.05,0,20260617T221217_353371,h9,,,1.0,0.8835214285714287,0.9301128571428572,h1-h9,"of:0000000000000003:1 -> of:000000000000000b:5, of:000000000000000b:1 -> of:0000000000000001:1",32,1.0,0.5080677142857143,0,not_selected_lower_rank_or_budget,h1,2026-06-17T22:12:17
route_mutation,0.5580677142857143,0.05,0,20260617T221217_353371,h16,,,1.0,0.8835214285714287,0.9301128571428572,h10-h16,"of:0000000000000003:1 -> of:000000000000000b:5, of:000000000000000b:2 -> of:000000000000000c:2, of:000000000000000c:4 -> of:0000000000000004:1",33,1.0,0.5080677142857143,0,not_selected_lower_rank_or_budget,h10,2026-06-17T22:12:17
route_mutation,0.5580677142857143,0.05,0,20260617T221217_353371,h17,,,1.0,0.8835214285714287,0.9301128571428572,h10-h17,"of:0000000000000003:1 -> of:000000000000000b:5, of:000000000000000b:2 -> of:000000000000000c:2, of:000000000000000c:4 -> of:0000000000000004:1",34,1.0,0.5080677142857143,0,not_selected_lower_rank_or_budget,h10,2026-06-17T22:12:17
route_mutation,0.5580677142857143,0.05,0,20260617T221217_353371,h18,,,1.0,0.8835214285714287,0.9301128571428572,h10-h18,"of:0000000000000003:1 -> of:000000000000000b:5, of:000000000000000b:2 -> of:000000000000000c:2, of:000000000000000c:4 -> of:0000000000000004:1",35,1.0,0.5080677142857143,0,not_selected_lower_rank_or_budget,h10,2026-06-17T22:12:17
route_mutation,0.5580677142857143,0.05,0,20260617T221217_353371,h19,,,1.0,0.8835214285714287,0.9301128571428572,h10-h19,"of:0000000000000003:1 -> of:000000000000000b:5, of:000000000000000b:2 -> of:000000000000000c:2, of:000000000000000c:4 -> of:0000000000000004:1",36,1.0,0.5080677142857143,0,not_selected_lower_rank_or_budget,h10,2026-06-17T22:12:17
route_mutation,0.5580677142857143,0.05,0,20260617T221217_353371,h20,,,1.0,0.8835214285714287,0.9301128571428572,h10-h20,"of:0000000000000003:1 -> of:000000000000000b:5, of:000000000000000b:2 -> of:000000000000000c:2, of:000000000000000c:4 -> of:0000000000000004:1",37,1.0,0.5080677142857143,0,not_selected_lower_rank_or_budget,h10,2026-06-17T22:12:17
route_mutation,0.5580677142857143,0.05,0,20260617T221217_353371,h21,,,1.0,0.8835214285714287,0.9301128571428572,h10-h21,"of:0000000000000003:1 -> of:000000000000000b:5, of:000000000000000b:2 -> of:000000000000000c:2, of:000000000000000c:4 -> of:0000000000000004:1",38,1.0,0.5080677142857143,0,not_selected_lower_rank_or_budget,h10,2026-06-17T22:12:17
route_mutation,0.5580677142857143,0.05,0,20260617T221217_353371,h22,,,1.0,0.8835214285714287,0.9301128571428572,h10-h22,"of:0000000000000003:1 -> of:000000000000000b:5, of:000000000000000b:2 -> of:000000000000000c:2, of:000000000000000c:5 -> of:0000000000000005:1",39,1.0,0.5080677142857143,0,not_selected_lower_rank_or_budget,h10,2026-06-17T22:12:17
route_mutation,0.5580677142857143,0.05,0,20260617T221217_353371,h23,,,1.0,0.8835214285714287,0.9301128571428572,h10-h23,"of:0000000000000003:1 -> of:000000000000000b:5, of:000000000000000b:2 -> of:000000000000000c:2, of:000000000000000c:5 -> of:0000000000000005:1",40,1.0,0.5080677142857143,0,not_selected_lower_rank_or_budget,h10,2026-06-17T22:12:17
route_mutation,0.5580677142857143,0.05,0,20260617T221217_353371,h24,,,1.0,0.8835214285714287,0.9301128571428572,h10-h24,"of:0000000000000003:1 -> of:000000000000000b:5, of:000000000000000b:2 -> of:000000000000000c:2, of:000000000000000c:5 -> of:0000000000000005:1",41,1.0,0.5080677142857143,0,not_selected_lower_rank_or_budget,h10,2026-06-17T22:12:17
route_mutation,0.5580677142857143,0.05,0,20260617T221217_353371,h25,,,1.0,0.8835214285714287,0.9301128571428572,h10-h25,"of:0000000000000003:1 -> of:000000000000000b:5, of:000000000000000b:2 -> of:000000000000000c:2, of:000000000000000c:5 -> of:0000000000000005:1",42,1.0,0.5080677142857143,0,not_selected_lower_rank_or_budget,h10,2026-06-17T22:12:17
route_mutation,0.5580677142857143,0.05,0,20260617T221217_353371,h26,,,1.0,0.8835214285714287,0.9301128571428572,h10-h26,"of:0000000000000003:1 -> of:000000000000000b:5, of:000000000000000b:2 -> of:000000000000000c:2, of:000000000000000c:5 -> of:0000000000000005:1",43,1.0,0.5080677142857143,0,not_selected_lower_rank_or_budget,h10,2026-06-17T22:12:17
route_mutation,0.5580677142857143,0.05,0,20260617T221217_353371,h27,,,1.0,0.8835214285714287,0.9301128571428572,h10-h27,"of:0000000000000003:1 -> of:000000000000000b:5, of:000000000000000b:2 -> of:000000000000000c:2, of:000000000000000c:5 -> of:0000000000000005:1",44,1.0,0.5080677142857143,0,not_selected_lower_rank_or_budget,h10,2026-06-17T22:12:17
route_mutation,0.5580677142857143,0.05,0,20260617T221217_353371,h16,,,1.0,0.8835214285714287,0.9301128571428572,h9-h16,"of:0000000000000003:1 -> of:000000000000000b:5, of:000000000000000b:2 -> of:000000000000000c:2, of:000000000000000c:4 -> of:0000000000000004:1",45,1.0,0.5080677142857143,0,not_selected_lower_rank_or_budget,h9,2026-06-17T22:12:17
route_mutation,0.5580677142857143,0.05,0,20260617T221217_353371,h17,,,1.0,0.8835214285714287,0.9301128571428572,h9-h17,"of:0000000000000003:1 -> of:000000000000000b:5, of:000000000000000b:2 -> of:000000000000000c:2, of:000000000000000c:4 -> of:0000000000000004:1",46,1.0,0.5080677142857143,0,not_selected_lower_rank_or_budget,h9,2026-06-17T22:12:17
route_mutation,0.5580677142857143,0.05,0,20260617T221217_353371,h18,,,1.0,0.8835214285714287,0.9301128571428572,h9-h18,"of:0000000000000003:1 -> of:000000000000000b:5, of:000000000000000b:2 -> of:000000000000000c:2, of:000000000000000c:4 -> of:0000000000000004:1",47,1.0,0.5080677142857143,0,not_selected_lower_rank_or_budget,h9,2026-06-17T22:12:17
route_mutation,0.5580677142857143,0.05,0,20260617T221217_353371,h19,,,1.0,0.8835214285714287,0.9301128571428572,h9-h19,"of:0000000000000003:1 -> of:000000000000000b:5, of:000000000000000b:2 -> of:000000000000000c:2, of:000000000000000c:4 -> of:0000000000000004:1",48,1.0,0.5080677142857143,0,not_selected_lower_rank_or_budget,h9,2026-06-17T22:12:17
route_mutation,0.5580677142857143,0.05,0,20260617T221217_353371,h20,,,1.0,0.8835214285714287,0.9301128571428572,h9-h20,"of:0000000000000003:1 -> of:000000000000000b:5, of:000000000000000b:2 -> of:000000000000000c:2, of:000000000000000c:4 -> of:0000000000000004:1",49,1.0,0.5080677142857143,0,not_selected_lower_rank_or_budget,h9,2026-06-17T22:12:17
route_mutation,0.5580677142857143,0.05,0,20260617T221217_353371,h21,,,1.0,0.8835214285714287,0.9301128571428572,h9-h21,"of:0000000000000003:1 -> of:000000000000000b:5, of:000000000000000b:2 -> of:000000000000000c:2, of:000000000000000c:4 -> of:0000000000000004:1",50,1.0,0.5080677142857143,0,not_selected_lower_rank_or_budget,h9,2026-06-17T22:12:17
route_mutation,0.5580677142857143,0.05,0,20260617T221217_353371,h22,,,1.0,0.8835214285714287,0.9301128571428572,h9-h22,"of:0000000000000003:1 -> of:000000000000000b:5, of:000000000000000b:2 -> of:000000000000000c:2, of:000000000000000c:5 -> of:0000000000000005:1",51,1.0,0.5080677142857143,0,not_selected_lower_rank_or_budget,h9,2026-06-17T22:12:17
route_mutation,0.5580677142857143,0.05,0,20260617T221217_353371,h23,,,1.0,0.8835214285714287,0.9301128571428572,h9-h23,"of:0000000000000003:1 -> of:000000000000000b:5, of:000000000000000b:2 -> of:000000000000000c:2, of:000000000000000c:5 -> of:0000000000000005:1",52,1.0,0.5080677142857143,0,not_selected_lower_rank_or_budget,h9,2026-06-17T22:12:17
route_mutation,0.5580677142857143,0.05,0,20260617T221217_353371,h24,,,1.0,0.8835214285714287,0.9301128571428572,h9-h24,"of:0000000000000003:1 -> of:000000000000000b:5, of:000000000000000b:2 -> of:000000000000000c:2, of:000000000000000c:5 -> of:0000000000000005:1",53,1.0,0.5080677142857143,0,not_selected_lower_rank_or_budget,h9,2026-06-17T22:12:17
route_mutation,0.5580677142857143,0.05,0,20260617T221217_353371,h25,,,1.0,0.8835214285714287,0.9301128571428572,h9-h25,"of:0000000000000003:1 -> of:000000000000000b:5, of:000000000000000b:2 -> of:000000000000000c:2, of:000000000000000c:5 -> of:0000000000000005:1",54,1.0,0.5080677142857143,0,not_selected_lower_rank_or_budget,h9,2026-06-17T22:12:17
route_mutation,0.5580677142857143,0.05,0,20260617T221217_353371,h26,,,1.0,0.8835214285714287,0.9301128571428572,h9-h26,"of:0000000000000003:1 -> of:000000000000000b:5, of:000000000000000b:2 -> of:000000000000000c:2, of:000000000000000c:5 -> of:0000000000000005:1",55,1.0,0.5080677142857143,0,not_selected_lower_rank_or_budget,h9,2026-06-17T22:12:17
route_mutation,0.5580677142857143,0.05,0,20260617T221217_353371,h27,,,1.0,0.8835214285714287,0.9301128571428572,h9-h27,"of:0000000000000003:1 -> of:000000000000000b:5, of:000000000000000b:2 -> of:000000000000000c:2, of:000000000000000c:5 -> of:0000000000000005:1",56,1.0,0.5080677142857143,0,not_selected_lower_rank_or_budget,h9,2026-06-17T22:12:17
route_mutation,0.36,0.05,0,20260617T221217_353371,h32,,,1.0,1.0,1.0,h8-h32,"of:0000000000000002:1 -> of:000000000000000b:4, of:000000000000000b:3 -> of:000000000000000d:2, of:000000000000000d:4 -> of:0000000000000006:1",57,0.6,0.31,0,not_selected_lower_rank_or_budget,h8,2026-06-17T22:12:17
route_mutation,0.36,0.05,0,20260617T221217_353371,h31,,,1.0,1.0,1.0,h9-h31,"of:0000000000000003:1 -> of:000000000000000b:5, of:000000000000000b:3 -> of:000000000000000d:2, of:000000000000000d:4 -> of:0000000000000006:1",58,0.6,0.31,0,not_selected_lower_rank_or_budget,h9,2026-06-17T22:12:17
route_mutation,0.32,0.05,0,20260617T221217_353371,h35,,,1.0,1.0,1.0,h8-h35,"of:0000000000000002:1 -> of:000000000000000b:4, of:000000000000000b:3 -> of:000000000000000d:2, of:000000000000000d:5 -> of:0000000000000007:1",59,0.5333333333333333,0.27,0,not_selected_lower_rank_or_budget,h8,2026-06-17T22:12:17
route_mutation,0.32,0.05,0,20260617T221217_353371,h35,,,1.0,1.0,1.0,h9-h35,"of:0000000000000003:1 -> of:000000000000000b:5, of:000000000000000b:3 -> of:000000000000000d:2, of:000000000000000d:5 -> of:0000000000000007:1",60,0.5333333333333333,0.27,0,not_selected_lower_rank_or_budget,h9,2026-06-17T22:12:17
route_mutation,0.04,0.05,1,20260617T221217_353371,h39,,,1.0,1.0,1.0,h2-h39,"of:0000000000000002:2 -> of:0000000000000008:2, of:0000000000000008:1 -> of:000000000000000b:6, of:000000000000000b:3 -> of:000000000000000d:2, of:000000000000000d:5 -> of:0000000000000007:1",61,0.06666666666666667,-0.010000000000000002,0,not_selected_non_positive_score,h2,2026-06-17T22:12:17
route_mutation,0.03742942857142857,0.05,2,20260617T221217_353371,h33,,,1.0,0.8928928571428572,0.9357357142857143,h15-h33,"of:0000000000000003:1 -> of:000000000000000b:5, of:000000000000000b:2 -> of:000000000000000c:2, of:000000000000000c:3 -> of:000000000000000d:3, of:000000000000000d:4 -> of:0000000000000006:1",62,0.06666666666666667,-0.012570571428571431,0,not_selected_non_positive_score,h15,2026-06-17T22:12:17
route_mutation,0.029503571428571424,0.05,1,20260617T221217_353371,h10,,,0.8381696428571428,0.6705357142857142,0.7375892857142856,h7-h10,"of:0000000000000002:2 -> of:0000000000000008:2, of:0000000000000008:3 -> of:0000000000000003:2",63,0.06666666666666667,-0.02049642857142858,0,not_selected_non_positive_score,h7,2026-06-17T22:12:17
route_mutation,0.0,0.05,0,20260617T221217_353371,h40,,,1.0,1.0,1.0,h8-h40,"of:0000000000000002:1 -> of:000000000000000b:4, of:000000000000000b:3 -> of:000000000000000d:2, of:000000000000000d:5 -> of:0000000000000007:1",64,0.0,-0.05,0,not_selected_non_positive_score,h8,2026-06-17T22:12:17
route_mutation,0.0,0.05,0,20260617T221217_353371,h40,,,1.0,1.0,1.0,h9-h40,"of:0000000000000003:1 -> of:000000000000000b:5, of:000000000000000b:3 -> of:000000000000000d:2, of:000000000000000d:5 -> of:0000000000000007:1",65,0.0,-0.05,0,not_selected_non_positive_score,h9,2026-06-17T22:12:17
route_mutation,0.6,0.05,0,20260617T221247_783009,h28,,,1.0,1.0,1.0,h12-h28,"of:0000000000000003:1 -> of:000000000000000b:5, of:000000000000000b:3 -> of:000000000000000d:2, of:000000000000000d:4 -> of:0000000000000006:1",1,1.0,0.5499999999999999,1,selected,h12,2026-06-17T22:12:47
route_mutation,0.6,0.05,0,20260617T221247_783009,h29,,,1.0,1.0,1.0,h12-h29,"of:0000000000000003:1 -> of:000000000000000b:5, of:000000000000000b:3 -> of:000000000000000d:2, of:000000000000000d:4 -> of:0000000000000006:1",2,1.0,0.5499999999999999,1,selected,h12,2026-06-17T22:12:47
route_mutation,0.6,0.05,0,20260617T221247_783009,h30,,,1.0,1.0,1.0,h12-h30,"of:0000000000000003:1 -> of:000000000000000b:5, of:000000000000000b:3 -> of:000000000000000d:2, of:000000000000000d:4 -> of:0000000000000006:1",3,1.0,0.5499999999999999,1,selected,h12,2026-06-17T22:12:47
route_mutation,0.6,0.05,0,20260617T221247_783009,h32,,,1.0,1.0,1.0,h12-h32,"of:0000000000000003:1 -> of:000000000000000b:5, of:000000000000000b:3 -> of:000000000000000d:2, of:000000000000000d:4 -> of:0000000000000006:1",4,1.0,0.5499999999999999,0,not_selected_lower_rank_or_budget,h12,2026-06-17T22:12:47
route_mutation,0.6,0.05,0,20260617T221247_783009,h33,,,1.0,1.0,1.0,h12-h33,"of:0000000000000003:1 -> of:000000000000000b:5, of:000000000000000b:3 -> of:000000000000000d:2, of:000000000000000d:4 -> of:0000000000000006:1",5,1.0,0.5499999999999999,0,not_selected_lower_rank_or_budget,h12,2026-06-17T22:12:47
route_mutation,0.6,0.05,0,20260617T221247_783009,h34,,,1.0,1.0,1.0,h12-h34,"of:0000000000000003:1 -> of:000000000000000b:5, of:000000000000000b:3 -> of:000000000000000d:2, of:000000000000000d:5 -> of:0000000000000007:1",6,1.0,0.5499999999999999,0,not_selected_lower_rank_or_budget,h12,2026-06-17T22:12:47
route_mutation,0.6,0.05,0,20260617T221247_783009,h36,,,1.0,1.0,1.0,h12-h36,"of:0000000000000003:1 -> of:000000000000000b:5, of:000000000000000b:3 -> of:000000000000000d:2, of:000000000000000d:5 -> of:0000000000000007:1",7,1.0,0.5499999999999999,0,not_selected_lower_rank_or_budget,h12,2026-06-17T22:12:47
route_mutation,0.6,0.05,0,20260617T221247_783009,h38,,,1.0,1.0,1.0,h12-h38,"of:0000000000000003:1 -> of:000000000000000b:5, of:000000000000000b:3 -> of:000000000000000d:2, of:000000000000000d:5 -> of:0000000000000007:1",8,1.0,0.5499999999999999,0,not_selected_lower_rank_or_budget,h12,2026-06-17T22:12:47
route_mutation,0.6,0.05,0,20260617T221247_783009,h39,,,1.0,1.0,1.0,h12-h39,"of:0000000000000003:1 -> of:000000000000000b:5, of:000000000000000b:3 -> of:000000000000000d:2, of:000000000000000d:5 -> of:0000000000000007:1",9,1.0,0.5499999999999999,0,not_selected_lower_rank_or_budget,h12,2026-06-17T22:12:47
route_mutation,0.6,0.05,0,20260617T221247_783009,h28,,,1.0,1.0,1.0,h13-h28,"of:0000000000000003:1 -> of:000000000000000b:5, of:000000000000000b:3 -> of:000000000000000d:2, of:000000000000000d:4 -> of:0000000000000006:1",10,1.0,0.5499999999999999,0,not_selected_lower_rank_or_budget,h13,2026-06-17T22:12:47
route_mutation,0.6,0.05,0,20260617T221247_783009,h29,,,1.0,1.0,1.0,h13-h29,"of:0000000000000003:1 -> of:000000000000000b:5, of:000000000000000b:3 -> of:000000000000000d:2, of:000000000000000d:4 -> of:0000000000000006:1",11,1.0,0.5499999999999999,1,selected,h13,2026-06-17T22:12:47
route_mutation,0.6,0.05,0,20260617T221247_783009,h30,,,1.0,1.0,1.0,h13-h30,"of:0000000000000003:1 -> of:000000000000000b:5, of:000000000000000b:3 -> of:000000000000000d:2, of:000000000000000d:4 -> of:0000000000000006:1",12,1.0,0.5499999999999999,1,selected,h13,2026-06-17T22:12:47
route_mutation,0.6,0.05,0,20260617T221247_783009,h33,,,1.0,1.0,1.0,h13-h33,"of:0000000000000003:1 -> of:000000000000000b:5, of:000000000000000b:3 -> of:000000000000000d:2, of:000000000000000d:4 -> of:0000000000000006:1",13,1.0,0.5499999999999999,1,selected,h13,2026-06-17T22:12:47
route_mutation,0.6,0.05,0,20260617T221247_783009,h36,,,1.0,1.0,1.0,h13-h36,"of:0000000000000003:1 -> of:000000000000000b:5, of:000000000000000b:3 -> of:000000000000000d:2, of:000000000000000d:5 -> of:0000000000000007:1",14,1.0,0.5499999999999999,1,selected,h13,2026-06-17T22:12:47
route_mutation,0.6,0.05,0,20260617T221247_783009,h37,,,1.0,1.0,1.0,h13-h37,"of:0000000000000003:1 -> of:000000000000000b:5, of:000000000000000b:3 -> of:000000000000000d:2, of:000000000000000d:5 -> of:0000000000000007:1",15,1.0,0.5499999999999999,1,selected,h13,2026-06-17T22:12:47
route_mutation,0.6,0.05,0,20260617T221247_783009,h38,,,1.0,1.0,1.0,h13-h38,"of:0000000000000003:1 -> of:000000000000000b:5, of:000000000000000b:3 -> of:000000000000000d:2, of:000000000000000d:5 -> of:0000000000000007:1",16,1.0,0.5499999999999999,1,selected,h13,2026-06-17T22:12:47
route_mutation,0.6,0.05,0,20260617T221247_783009,h39,,,1.0,1.0,1.0,h13-h39,"of:0000000000000003:1 -> of:000000000000000b:5, of:000000000000000b:3 -> of:000000000000000d:2, of:000000000000000d:5 -> of:0000000000000007:1",17,1.0,0.5499999999999999,1,selected,h13,2026-06-17T22:12:47
route_mutation,0.558708,0.05,0,20260617T221247_783009,h13,,,1.0,0.8853000000000001,0.93118,h2-h13,"of:0000000000000002:1 -> of:000000000000000b:4, of:000000000000000b:5 -> of:0000000000000003:1",18,1.0,0.5087079999999999,0,not_selected_lower_rank_or_budget,h2,2026-06-17T22:12:47
route_mutation,0.558708,0.05,0,20260617T221247_783009,h14,,,1.0,0.8853000000000001,0.93118,h2-h14,"of:0000000000000002:1 -> of:000000000000000b:4, of:000000000000000b:5 -> of:0000000000000003:1",19,1.0,0.5087079999999999,0,not_selected_lower_rank_or_budget,h2,2026-06-17T22:12:47
route_mutation,0.558708,0.05,0,20260617T221247_783009,h13,,,1.0,0.8853000000000001,0.93118,h3-h13,"of:0000000000000002:1 -> of:000000000000000b:4, of:000000000000000b:5 -> of:0000000000000003:1",20,1.0,0.5087079999999999,0,not_selected_lower_rank_or_budget,h3,2026-06-17T22:12:47
route_mutation,0.558708,0.05,0,20260617T221247_783009,h14,,,1.0,0.8853000000000001,0.93118,h3-h14,"of:0000000000000002:1 -> of:000000000000000b:4, of:000000000000000b:5 -> of:0000000000000003:1",21,1.0,0.5087079999999999,0,not_selected_lower_rank_or_budget,h3,2026-06-17T22:12:47
route_mutation,0.558708,0.05,0,20260617T221247_783009,h13,,,1.0,0.8853000000000001,0.93118,h4-h13,"of:0000000000000002:1 -> of:000000000000000b:4, of:000000000000000b:5 -> of:0000000000000003:1",22,1.0,0.5087079999999999,0,not_selected_lower_rank_or_budget,h4,2026-06-17T22:12:47
route_mutation,0.558708,0.05,0,20260617T221247_783009,h14,,,1.0,0.8853000000000001,0.93118,h4-h14,"of:0000000000000002:1 -> of:000000000000000b:4, of:000000000000000b:5 -> of:0000000000000003:1",23,1.0,0.5087079999999999,0,not_selected_lower_rank_or_budget,h4,2026-06-17T22:12:47
route_mutation,0.558708,0.05,0,20260617T221247_783009,h13,,,1.0,0.8853000000000001,0.93118,h5-h13,"of:0000000000000002:1 -> of:000000000000000b:4, of:000000000000000b:5 -> of:0000000000000003:1",24,1.0,0.5087079999999999,0,not_selected_lower_rank_or_budget,h5,2026-06-17T22:12:47
route_mutation,0.558708,0.05,0,20260617T221247_783009,h14,,,1.0,0.8853000000000001,0.93118,h5-h14,"of:0000000000000002:1 -> of:000000000000000b:4, of:000000000000000b:5 -> of:0000000000000003:1",25,1.0,0.5087079999999999,0,not_selected_lower_rank_or_budget,h5,2026-06-17T22:12:47
route_mutation,0.558708,0.05,0,20260617T221247_783009,h13,,,1.0,0.8853000000000001,0.93118,h6-h13,"of:0000000000000002:1 -> of:000000000000000b:4, of:000000000000000b:5 -> of:0000000000000003:1",26,1.0,0.5087079999999999,0,not_selected_lower_rank_or_budget,h6,2026-06-17T22:12:47
route_mutation,0.558708,0.05,0,20260617T221247_783009,h14,,,1.0,0.8853000000000001,0.93118,h6-h14,"of:0000000000000002:1 -> of:000000000000000b:4, of:000000000000000b:5 -> of:0000000000000003:1",27,1.0,0.5087079999999999,0,not_selected_lower_rank_or_budget,h6,2026-06-17T22:12:47
route_mutation,0.558708,0.05,0,20260617T221247_783009,h13,,,1.0,0.8853000000000001,0.93118,h7-h13,"of:0000000000000002:1 -> of:000000000000000b:4, of:000000000000000b:5 -> of:0000000000000003:1",28,1.0,0.5087079999999999,0,not_selected_lower_rank_or_budget,h7,2026-06-17T22:12:47
route_mutation,0.558708,0.05,0,20260617T221247_783009,h14,,,1.0,0.8853000000000001,0.93118,h7-h14,"of:0000000000000002:1 -> of:000000000000000b:4, of:000000000000000b:5 -> of:0000000000000003:1",29,1.0,0.5087079999999999,0,not_selected_lower_rank_or_budget,h7,2026-06-17T22:12:47
route_mutation,0.558708,0.05,0,20260617T221247_783009,h13,,,1.0,0.8853000000000001,0.93118,h8-h13,"of:0000000000000002:1 -> of:000000000000000b:4, of:000000000000000b:5 -> of:0000000000000003:1",30,1.0,0.5087079999999999,0,not_selected_lower_rank_or_budget,h8,2026-06-17T22:12:47
route_mutation,0.558708,0.05,0,20260617T221247_783009,h14,,,1.0,0.8853000000000001,0.93118,h8-h14,"of:0000000000000002:1 -> of:000000000000000b:4, of:000000000000000b:5 -> of:0000000000000003:1",31,1.0,0.5087079999999999,0,not_selected_lower_rank_or_budget,h8,2026-06-17T22:12:47
route_mutation,0.5580831428571429,0.05,0,20260617T221247_783009,h13,,,1.0,0.8835642857142858,0.9301385714285715,h1-h13,"of:0000000000000003:1 -> of:000000000000000b:5, of:000000000000000b:1 -> of:0000000000000001:1",32,1.0,0.5080831428571428,0,not_selected_lower_rank_or_budget,h1,2026-06-17T22:12:47
route_mutation,0.5580831428571429,0.05,0,20260617T221247_783009,h14,,,1.0,0.8835642857142858,0.9301385714285715,h1-h14,"of:0000000000000003:1 -> of:000000000000000b:5, of:000000000000000b:1 -> of:0000000000000001:1",33,1.0,0.5080831428571428,0,not_selected_lower_rank_or_budget,h1,2026-06-17T22:12:47
route_mutation,0.5580831428571429,0.05,0,20260617T221247_783009,h16,,,1.0,0.8835642857142858,0.9301385714285715,h12-h16,"of:0000000000000003:1 -> of:000000000000000b:5, of:000000000000000b:2 -> of:000000000000000c:2, of:000000000000000c:4 -> of:0000000000000004:1",34,1.0,0.5080831428571428,0,not_selected_lower_rank_or_budget,h12,2026-06-17T22:12:47
route_mutation,0.5580831428571429,0.05,0,20260617T221247_783009,h17,,,1.0,0.8835642857142858,0.9301385714285715,h12-h17,"of:0000000000000003:1 -> of:000000000000000b:5, of:000000000000000b:2 -> of:000000000000000c:2, of:000000000000000c:4 -> of:0000000000000004:1",35,1.0,0.5080831428571428,0,not_selected_lower_rank_or_budget,h12,2026-06-17T22:12:47
route_mutation,0.5580831428571429,0.05,0,20260617T221247_783009,h18,,,1.0,0.8835642857142858,0.9301385714285715,h12-h18,"of:0000000000000003:1 -> of:000000000000000b:5, of:000000000000000b:2 -> of:000000000000000c:2, of:000000000000000c:4 -> of:0000000000000004:1",36,1.0,0.5080831428571428,0,not_selected_lower_rank_or_budget,h12,2026-06-17T22:12:47
route_mutation,0.5580831428571429,0.05,0,20260617T221247_783009,h19,,,1.0,0.8835642857142858,0.9301385714285715,h12-h19,"of:0000000000000003:1 -> of:000000000000000b:5, of:000000000000000b:2 -> of:000000000000000c:2, of:000000000000000c:4 -> of:0000000000000004:1",37,1.0,0.5080831428571428,0,not_selected_lower_rank_or_budget,h12,2026-06-17T22:12:47
route_mutation,0.5580831428571429,0.05,0,20260617T221247_783009,h20,,,1.0,0.8835642857142858,0.9301385714285715,h12-h20,"of:0000000000000003:1 -> of:000000000000000b:5, of:000000000000000b:2 -> of:000000000000000c:2, of:000000000000000c:4 -> of:0000000000000004:1",38,1.0,0.5080831428571428,0,not_selected_lower_rank_or_budget,h12,2026-06-17T22:12:47
route_mutation,0.5580831428571429,0.05,0,20260617T221247_783009,h21,,,1.0,0.8835642857142858,0.9301385714285715,h12-h21,"of:0000000000000003:1 -> of:000000000000000b:5, of:000000000000000b:2 -> of:000000000000000c:2, of:000000000000000c:4 -> of:0000000000000004:1",39,1.0,0.5080831428571428,0,not_selected_lower_rank_or_budget,h12,2026-06-17T22:12:47
route_mutation,0.5580831428571429,0.05,0,20260617T221247_783009,h22,,,1.0,0.8835642857142858,0.9301385714285715,h12-h22,"of:0000000000000003:1 -> of:000000000000000b:5, of:000000000000000b:2 -> of:000000000000000c:2, of:000000000000000c:5 -> of:0000000000000005:1",40,1.0,0.5080831428571428,0,not_selected_lower_rank_or_budget,h12,2026-06-17T22:12:47
route_mutation,0.5580831428571429,0.05,0,20260617T221247_783009,h23,,,1.0,0.8835642857142858,0.9301385714285715,h12-h23,"of:0000000000000003:1 -> of:000000000000000b:5, of:000000000000000b:2 -> of:000000000000000c:2, of:000000000000000c:5 -> of:0000000000000005:1",41,1.0,0.5080831428571428,0,not_selected_lower_rank_or_budget,h12,2026-06-17T22:12:47
route_mutation,0.5580831428571429,0.05,0,20260617T221247_783009,h24,,,1.0,0.8835642857142858,0.9301385714285715,h12-h24,"of:0000000000000003:1 -> of:000000000000000b:5, of:000000000000000b:2 -> of:000000000000000c:2, of:000000000000000c:5 -> of:0000000000000005:1",42,1.0,0.5080831428571428,0,not_selected_lower_rank_or_budget,h12,2026-06-17T22:12:47
route_mutation,0.5580831428571429,0.05,0,20260617T221247_783009,h25,,,1.0,0.8835642857142858,0.9301385714285715,h12-h25,"of:0000000000000003:1 -> of:000000000000000b:5, of:000000000000000b:2 -> of:000000000000000c:2, of:000000000000000c:5 -> of:0000000000000005:1",43,1.0,0.5080831428571428,0,not_selected_lower_rank_or_budget,h12,2026-06-17T22:12:47
route_mutation,0.5580831428571429,0.05,0,20260617T221247_783009,h26,,,1.0,0.8835642857142858,0.9301385714285715,h12-h26,"of:0000000000000003:1 -> of:000000000000000b:5, of:000000000000000b:2 -> of:000000000000000c:2, of:000000000000000c:5 -> of:0000000000000005:1",44,1.0,0.5080831428571428,0,not_selected_lower_rank_or_budget,h12,2026-06-17T22:12:47
route_mutation,0.5580831428571429,0.05,0,20260617T221247_783009,h27,,,1.0,0.8835642857142858,0.9301385714285715,h12-h27,"of:0000000000000003:1 -> of:000000000000000b:5, of:000000000000000b:2 -> of:000000000000000c:2, of:000000000000000c:5 -> of:0000000000000005:1",45,1.0,0.5080831428571428,0,not_selected_lower_rank_or_budget,h12,2026-06-17T22:12:47
route_mutation,0.5580831428571429,0.05,0,20260617T221247_783009,h16,,,1.0,0.8835642857142858,0.9301385714285715,h13-h16,"of:0000000000000003:1 -> of:000000000000000b:5, of:000000000000000b:2 -> of:000000000000000c:2, of:000000000000000c:4 -> of:0000000000000004:1",46,1.0,0.5080831428571428,0,not_selected_lower_rank_or_budget,h13,2026-06-17T22:12:47
route_mutation,0.5580831428571429,0.05,0,20260617T221247_783009,h17,,,1.0,0.8835642857142858,0.9301385714285715,h13-h17,"of:0000000000000003:1 -> of:000000000000000b:5, of:000000000000000b:2 -> of:000000000000000c:2, of:000000000000000c:4 -> of:0000000000000004:1",47,1.0,0.5080831428571428,0,not_selected_lower_rank_or_budget,h13,2026-06-17T22:12:47
route_mutation,0.5580831428571429,0.05,0,20260617T221247_783009,h18,,,1.0,0.8835642857142858,0.9301385714285715,h13-h18,"of:0000000000000003:1 -> of:000000000000000b:5, of:000000000000000b:2 -> of:000000000000000c:2, of:000000000000000c:4 -> of:0000000000000004:1",48,1.0,0.5080831428571428,0,not_selected_lower_rank_or_budget,h13,2026-06-17T22:12:47
route_mutation,0.5580831428571429,0.05,0,20260617T221247_783009,h19,,,1.0,0.8835642857142858,0.9301385714285715,h13-h19,"of:0000000000000003:1 -> of:000000000000000b:5, of:000000000000000b:2 -> of:000000000000000c:2, of:000000000000000c:4 -> of:0000000000000004:1",49,1.0,0.5080831428571428,0,not_selected_lower_rank_or_budget,h13,2026-06-17T22:12:47
route_mutation,0.5580831428571429,0.05,0,20260617T221247_783009,h20,,,1.0,0.8835642857142858,0.9301385714285715,h13-h20,"of:0000000000000003:1 -> of:000000000000000b:5, of:000000000000000b:2 -> of:000000000000000c:2, of:000000000000000c:4 -> of:0000000000000004:1",50,1.0,0.5080831428571428,0,not_selected_lower_rank_or_budget,h13,2026-06-17T22:12:47
route_mutation,0.5580831428571429,0.05,0,20260617T221247_783009,h21,,,1.0,0.8835642857142858,0.9301385714285715,h13-h21,"of:0000000000000003:1 -> of:000000000000000b:5, of:000000000000000b:2 -> of:000000000000000c:2, of:000000000000000c:4 -> of:0000000000000004:1",51,1.0,0.5080831428571428,0,not_selected_lower_rank_or_budget,h13,2026-06-17T22:12:47
route_mutation,0.5580831428571429,0.05,0,20260617T221247_783009,h22,,,1.0,0.8835642857142858,0.9301385714285715,h13-h22,"of:0000000000000003:1 -> of:000000000000000b:5, of:000000000000000b:2 -> of:000000000000000c:2, of:000000000000000c:5 -> of:0000000000000005:1",52,1.0,0.5080831428571428,0,not_selected_lower_rank_or_budget,h13,2026-06-17T22:12:47
route_mutation,0.5580831428571429,0.05,0,20260617T221247_783009,h23,,,1.0,0.8835642857142858,0.9301385714285715,h13-h23,"of:0000000000000003:1 -> of:000000000000000b:5, of:000000000000000b:2 -> of:000000000000000c:2, of:000000000000000c:5 -> of:0000000000000005:1",53,1.0,0.5080831428571428,0,not_selected_lower_rank_or_budget,h13,2026-06-17T22:12:47
route_mutation,0.5580831428571429,0.05,0,20260617T221247_783009,h24,,,1.0,0.8835642857142858,0.9301385714285715,h13-h24,"of:0000000000000003:1 -> of:000000000000000b:5, of:000000000000000b:2 -> of:000000000000000c:2, of:000000000000000c:5 -> of:0000000000000005:1",54,1.0,0.5080831428571428,0,not_selected_lower_rank_or_budget,h13,2026-06-17T22:12:47
route_mutation,0.5580831428571429,0.05,0,20260617T221247_783009,h25,,,1.0,0.8835642857142858,0.9301385714285715,h13-h25,"of:0000000000000003:1 -> of:000000000000000b:5, of:000000000000000b:2 -> of:000000000000000c:2, of:000000000000000c:5 -> of:0000000000000005:1",55,1.0,0.5080831428571428,0,not_selected_lower_rank_or_budget,h13,2026-06-17T22:12:47
route_mutation,0.5580831428571429,0.05,0,20260617T221247_783009,h26,,,1.0,0.8835642857142858,0.9301385714285715,h13-h26,"of:0000000000000003:1 -> of:000000000000000b:5, of:000000000000000b:2 -> of:000000000000000c:2, of:000000000000000c:5 -> of:0000000000000005:1",56,1.0,0.5080831428571428,0,not_selected_lower_rank_or_budget,h13,2026-06-17T22:12:47
route_mutation,0.5580831428571429,0.05,0,20260617T221247_783009,h27,,,1.0,0.8835642857142858,0.9301385714285715,h13-h27,"of:0000000000000003:1 -> of:000000000000000b:5, of:000000000000000b:2 -> of:000000000000000c:2, of:000000000000000c:5 -> of:0000000000000005:1",57,1.0,0.5080831428571428,0,not_selected_lower_rank_or_budget,h13,2026-06-17T22:12:47
route_mutation,0.5580831428571429,0.05,0,20260617T221247_783009,h16,,,1.0,0.8835642857142858,0.9301385714285715,h14-h16,"of:0000000000000003:1 -> of:000000000000000b:5, of:000000000000000b:2 -> of:000000000000000c:2, of:000000000000000c:4 -> of:0000000000000004:1",58,1.0,0.5080831428571428,0,not_selected_lower_rank_or_budget,h14,2026-06-17T22:12:47
route_mutation,0.5580831428571429,0.05,0,20260617T221247_783009,h17,,,1.0,0.8835642857142858,0.9301385714285715,h14-h17,"of:0000000000000003:1 -> of:000000000000000b:5, of:000000000000000b:2 -> of:000000000000000c:2, of:000000000000000c:4 -> of:0000000000000004:1",59,1.0,0.5080831428571428,0,not_selected_lower_rank_or_budget,h14,2026-06-17T22:12:47
route_mutation,0.5580831428571429,0.05,0,20260617T221247_783009,h18,,,1.0,0.8835642857142858,0.9301385714285715,h14-h18,"of:0000000000000003:1 -> of:000000000000000b:5, of:000000000000000b:2 -> of:000000000000000c:2, of:000000000000000c:4 -> of:0000000000000004:1",60,1.0,0.5080831428571428,0,not_selected_lower_rank_or_budget,h14,2026-06-17T22:12:47
route_mutation,0.5580831428571429,0.05,0,20260617T221247_783009,h19,,,1.0,0.8835642857142858,0.9301385714285715,h14-h19,"of:0000000000000003:1 -> of:000000000000000b:5, of:000000000000000b:2 -> of:000000000000000c:2, of:000000000000000c:4 -> of:0000000000000004:1",61,1.0,0.5080831428571428,0,not_selected_lower_rank_or_budget,h14,2026-06-17T22:12:47
route_mutation,0.5580831428571429,0.05,0,20260617T221247_783009,h20,,,1.0,0.8835642857142858,0.9301385714285715,h14-h20,"of:0000000000000003:1 -> of:000000000000000b:5, of:000000000000000b:2 -> of:000000000000000c:2, of:000000000000000c:4 -> of:0000000000000004:1",62,1.0,0.5080831428571428,0,not_selected_lower_rank_or_budget,h14,2026-06-17T22:12:47
route_mutation,0.5580831428571429,0.05,0,20260617T221247_783009,h21,,,1.0,0.8835642857142858,0.9301385714285715,h14-h21,"of:0000000000000003:1 -> of:000000000000000b:5, of:000000000000000b:2 -> of:000000000000000c:2, of:000000000000000c:4 -> of:0000000000000004:1",63,1.0,0.5080831428571428,0,not_selected_lower_rank_or_budget,h14,2026-06-17T22:12:47
route_mutation,0.39999999999999997,0.05,0,20260617T221247_783009,h31,,,1.0,1.0,1.0,h12-h31,"of:0000000000000003:1 -> of:000000000000000b:5, of:000000000000000b:3 -> of:000000000000000d:2, of:000000000000000d:4 -> of:0000000000000006:1",64,0.6666666666666666,0.35,0,not_selected_lower_rank_or_budget,h12,2026-06-17T22:12:47
route_mutation,0.39999999999999997,0.05,0,20260617T221247_783009,h31,,,1.0,1.0,1.0,h13-h31,"of:0000000000000003:1 -> of:000000000000000b:5, of:000000000000000b:3 -> of:000000000000000d:2, of:000000000000000d:4 -> of:0000000000000006:1",65,0.6666666666666666,0.35,0,not_selected_lower_rank_or_budget,h13,2026-06-17T22:12:47
route_mutation,0.39999999999999997,0.05,0,20260617T221247_783009,h32,,,1.0,1.0,1.0,h13-h32,"of:0000000000000003:1 -> of:000000000000000b:5, of:000000000000000b:3 -> of:000000000000000d:2, of:000000000000000d:4 -> of:0000000000000006:1",66,0.6666666666666666,0.35,0,not_selected_lower_rank_or_budget,h13,2026-06-17T22:12:47
route_mutation,0.36,0.05,0,20260617T221247_783009,h35,,,1.0,1.0,1.0,h12-h35,"of:0000000000000003:1 -> of:000000000000000b:5, of:000000000000000b:3 -> of:000000000000000d:2, of:000000000000000d:5 -> of:0000000000000007:1",67,0.6,0.31,0,not_selected_lower_rank_or_budget,h12,2026-06-17T22:12:47
route_mutation,0.36,0.05,0,20260617T221247_783009,h34,,,1.0,1.0,1.0,h13-h34,"of:0000000000000003:1 -> of:000000000000000b:5, of:000000000000000b:3 -> of:000000000000000d:2, of:000000000000000d:5 -> of:0000000000000007:1",68,0.6,0.31,0,not_selected_lower_rank_or_budget,h13,2026-06-17T22:12:47
route_mutation,0.36,0.05,0,20260617T221247_783009,h35,,,1.0,1.0,1.0,h13-h35,"of:0000000000000003:1 -> of:000000000000000b:5, of:000000000000000b:3 -> of:000000000000000d:2, of:000000000000000d:5 -> of:0000000000000007:1",69,0.6,0.31,0,not_selected_lower_rank_or_budget,h13,2026-06-17T22:12:47
route_mutation,0.32,0.05,0,20260617T221247_783009,h37,,,1.0,1.0,1.0,h12-h37,"of:0000000000000003:1 -> of:000000000000000b:5, of:000000000000000b:3 -> of:000000000000000d:2, of:000000000000000d:5 -> of:0000000000000007:1",70,0.5333333333333333,0.27,0,not_selected_lower_rank_or_budget,h12,2026-06-17T22:12:47
route_mutation,0.0,0.05,0,20260617T221247_783009,h40,,,1.0,1.0,1.0,h12-h40,"of:0000000000000003:1 -> of:000000000000000b:5, of:000000000000000b:3 -> of:000000000000000d:2, of:000000000000000d:5 -> of:0000000000000007:1",71,0.0,-0.05,0,not_selected_non_positive_score,h12,2026-06-17T22:12:47
route_mutation,0.0,0.05,0,20260617T221247_783009,h40,,,1.0,1.0,1.0,h13-h40,"of:0000000000000003:1 -> of:000000000000000b:5, of:000000000000000b:3 -> of:000000000000000d:2, of:000000000000000d:5 -> of:0000000000000007:1",72,0.0,-0.05,0,not_selected_non_positive_score,h13,2026-06-17T22:12:47
route_mutation,0.5602176,0.05,0,20260617T221318_149883,h31,,,1.0,0.8894933333333334,0.933696,h16-h31,"of:0000000000000004:1 -> of:000000000000000c:4, of:000000000000000c:3 -> of:000000000000000d:3, of:000000000000000d:4 -> of:0000000000000006:1",1,1.0,0.5102175999999999,1,selected,h16,2026-06-17T22:13:18
route_mutation,0.5602176,0.05,0,20260617T221318_149883,h32,,,1.0,0.8894933333333334,0.933696,h16-h32,"of:0000000000000004:1 -> of:000000000000000c:4, of:000000000000000c:3 -> of:000000000000000d:3, of:000000000000000d:4 -> of:0000000000000006:1",2,1.0,0.5102175999999999,1,selected,h16,2026-06-17T22:13:18
route_mutation,0.5602176,0.05,0,20260617T221318_149883,h33,,,1.0,0.8894933333333334,0.933696,h16-h33,"of:0000000000000004:1 -> of:000000000000000c:4, of:000000000000000c:3 -> of:000000000000000d:3, of:000000000000000d:4 -> of:0000000000000006:1",3,1.0,0.5102175999999999,1,selected,h16,2026-06-17T22:13:18
route_mutation,0.5602176,0.05,0,20260617T221318_149883,h28,,,1.0,0.8894933333333334,0.933696,h17-h28,"of:0000000000000004:1 -> of:000000000000000c:4, of:000000000000000c:3 -> of:000000000000000d:3, of:000000000000000d:4 -> of:0000000000000006:1",4,1.0,0.5102175999999999,1,selected,h17,2026-06-17T22:13:18
route_mutation,0.5602176,0.05,0,20260617T221318_149883,h29,,,1.0,0.8894933333333334,0.933696,h17-h29,"of:0000000000000004:1 -> of:000000000000000c:4, of:000000000000000c:3 -> of:000000000000000d:3, of:000000000000000d:4 -> of:0000000000000006:1",5,1.0,0.5102175999999999,1,selected,h17,2026-06-17T22:13:18
route_mutation,0.5602176,0.05,0,20260617T221318_149883,h30,,,1.0,0.8894933333333334,0.933696,h17-h30,"of:0000000000000004:1 -> of:000000000000000c:4, of:000000000000000c:3 -> of:000000000000000d:3, of:000000000000000d:4 -> of:0000000000000006:1",6,1.0,0.5102175999999999,1,selected,h17,2026-06-17T22:13:18
route_mutation,0.5602176,0.05,0,20260617T221318_149883,h31,,,1.0,0.8894933333333334,0.933696,h17-h31,"of:0000000000000004:1 -> of:000000000000000c:4, of:000000000000000c:3 -> of:000000000000000d:3, of:000000000000000d:4 -> of:0000000000000006:1",7,1.0,0.5102175999999999,1,selected,h17,2026-06-17T22:13:18
route_mutation,0.5602176,0.05,0,20260617T221318_149883,h32,,,1.0,0.8894933333333334,0.933696,h17-h32,"of:0000000000000004:1 -> of:000000000000000c:4, of:000000000000000c:3 -> of:000000000000000d:3, of:000000000000000d:4 -> of:0000000000000006:1",8,1.0,0.5102175999999999,1,selected,h17,2026-06-17T22:13:18
route_mutation,0.5602176,0.05,0,20260617T221318_149883,h33,,,1.0,0.8894933333333334,0.933696,h17-h33,"of:0000000000000004:1 -> of:000000000000000c:4, of:000000000000000c:3 -> of:000000000000000d:3, of:000000000000000d:4 -> of:0000000000000006:1",9,1.0,0.5102175999999999,1,selected,h17,2026-06-17T22:13:18
route_mutation,0.5576208,0.05,0,20260617T221318_149883,h17,,,1.0,0.8822800000000002,0.9293680000000001,h2-h17,"of:0000000000000002:1 -> of:000000000000000b:4, of:000000000000000b:2 -> of:000000000000000c:2, of:000000000000000c:4 -> of:0000000000000004:1",10,1.0,0.5076208,1,selected,h2,2026-06-17T22:13:18
route_mutation,0.5576208,0.05,0,20260617T221318_149883,h18,,,1.0,0.8822800000000002,0.9293680000000001,h2-h18,"of:0000000000000002:1 -> of:000000000000000b:4, of:000000000000000b:2 -> of:000000000000000c:2, of:000000000000000c:4 -> of:0000000000000004:1",11,1.0,0.5076208,0,not_selected_lower_rank_or_budget,h2,2026-06-17T22:13:18
route_mutation,0.5576208,0.05,0,20260617T221318_149883,h17,,,1.0,0.8822800000000002,0.9293680000000001,h3-h17,"of:0000000000000002:1 -> of:000000000000000b:4, of:000000000000000b:2 -> of:000000000000000c:2, of:000000000000000c:4 -> of:0000000000000004:1",12,1.0,0.5076208,0,not_selected_lower_rank_or_budget,h3,2026-06-17T22:13:18
route_mutation,0.5576208,0.05,0,20260617T221318_149883,h18,,,1.0,0.8822800000000002,0.9293680000000001,h3-h18,"of:0000000000000002:1 -> of:000000000000000b:4, of:000000000000000b:2 -> of:000000000000000c:2, of:000000000000000c:4 -> of:0000000000000004:1",13,1.0,0.5076208,0,not_selected_lower_rank_or_budget,h3,2026-06-17T22:13:18
route_mutation,0.5576208,0.05,0,20260617T221318_149883,h17,,,1.0,0.8822800000000002,0.9293680000000001,h4-h17,"of:0000000000000002:1 -> of:000000000000000b:4, of:000000000000000b:2 -> of:000000000000000c:2, of:000000000000000c:4 -> of:0000000000000004:1",14,1.0,0.5076208,0,not_selected_lower_rank_or_budget,h4,2026-06-17T22:13:18
route_mutation,0.5576208,0.05,0,20260617T221318_149883,h18,,,1.0,0.8822800000000002,0.9293680000000001,h4-h18,"of:0000000000000002:1 -> of:000000000000000b:4, of:000000000000000b:2 -> of:000000000000000c:2, of:000000000000000c:4 -> of:0000000000000004:1",15,1.0,0.5076208,0,not_selected_lower_rank_or_budget,h4,2026-06-17T22:13:18
route_mutation,0.5576208,0.05,0,20260617T221318_149883,h17,,,1.0,0.8822800000000002,0.9293680000000001,h5-h17,"of:0000000000000002:1 -> of:000000000000000b:4, of:000000000000000b:2 -> of:000000000000000c:2, of:000000000000000c:4 -> of:0000000000000004:1",16,1.0,0.5076208,0,not_selected_lower_rank_or_budget,h5,2026-06-17T22:13:18
route_mutation,0.5576208,0.05,0,20260617T221318_149883,h18,,,1.0,0.8822800000000002,0.9293680000000001,h5-h18,"of:0000000000000002:1 -> of:000000000000000b:4, of:000000000000000b:2 -> of:000000000000000c:2, of:000000000000000c:4 -> of:0000000000000004:1",17,1.0,0.5076208,0,not_selected_lower_rank_or_budget,h5,2026-06-17T22:13:18
route_mutation,0.5576208,0.05,0,20260617T221318_149883,h17,,,1.0,0.8822800000000002,0.9293680000000001,h6-h17,"of:0000000000000002:1 -> of:000000000000000b:4, of:000000000000000b:2 -> of:000000000000000c:2, of:000000000000000c:4 -> of:0000000000000004:1",18,1.0,0.5076208,0,not_selected_lower_rank_or_budget,h6,2026-06-17T22:13:18
route_mutation,0.5576208,0.05,0,20260617T221318_149883,h18,,,1.0,0.8822800000000002,0.9293680000000001,h6-h18,"of:0000000000000002:1 -> of:000000000000000b:4, of:000000000000000b:2 -> of:000000000000000c:2, of:000000000000000c:4 -> of:0000000000000004:1",19,1.0,0.5076208,0,not_selected_lower_rank_or_budget,h6,2026-06-17T22:13:18
route_mutation,0.5576208,0.05,0,20260617T221318_149883,h17,,,1.0,0.8822800000000002,0.9293680000000001,h7-h17,"of:0000000000000002:1 -> of:000000000000000b:4, of:000000000000000b:2 -> of:000000000000000c:2, of:000000000000000c:4 -> of:0000000000000004:1",20,1.0,0.5076208,0,not_selected_lower_rank_or_budget,h7,2026-06-17T22:13:18
route_mutation,0.5576208,0.05,0,20260617T221318_149883,h18,,,1.0,0.8822800000000002,0.9293680000000001,h7-h18,"of:0000000000000002:1 -> of:000000000000000b:4, of:000000000000000b:2 -> of:000000000000000c:2, of:000000000000000c:4 -> of:0000000000000004:1",21,1.0,0.5076208,0,not_selected_lower_rank_or_budget,h7,2026-06-17T22:13:18
route_mutation,0.5576208,0.05,0,20260617T221318_149883,h17,,,1.0,0.8822800000000002,0.9293680000000001,h8-h17,"of:0000000000000002:1 -> of:000000000000000b:4, of:000000000000000b:2 -> of:000000000000000c:2, of:000000000000000c:4 -> of:0000000000000004:1",22,1.0,0.5076208,0,not_selected_lower_rank_or_budget,h8,2026-06-17T22:13:18
route_mutation,0.5576208,0.05,0,20260617T221318_149883,h18,,,1.0,0.8822800000000002,0.9293680000000001,h8-h18,"of:0000000000000002:1 -> of:000000000000000b:4, of:000000000000000b:2 -> of:000000000000000c:2, of:000000000000000c:4 -> of:0000000000000004:1",23,1.0,0.5076208,0,not_selected_lower_rank_or_budget,h8,2026-06-17T22:13:18
route_mutation,0.5569416,0.05,0,20260617T221318_149883,h17,,,1.0,0.8803933333333334,0.9282360000000001,h10-h17,"of:0000000000000003:1 -> of:000000000000000b:5, of:000000000000000b:2 -> of:000000000000000c:2, of:000000000000000c:4 -> of:0000000000000004:1",24,1.0,0.5069416,0,not_selected_lower_rank_or_budget,h10,2026-06-17T22:13:18
route_mutation,0.5569416,0.05,0,20260617T221318_149883,h17,,,1.0,0.8803933333333334,0.9282360000000001,h11-h17,"of:0000000000000003:1 -> of:000000000000000b:5, of:000000000000000b:2 -> of:000000000000000c:2, of:000000000000000c:4 -> of:0000000000000004:1",25,1.0,0.5069416,0,not_selected_lower_rank_or_budget,h11,2026-06-17T22:13:18
route_mutation,0.5569416,0.05,0,20260617T221318_149883,h17,,,1.0,0.8803933333333334,0.9282360000000001,h12-h17,"of:0000000000000003:1 -> of:000000000000000b:5, of:000000000000000b:2 -> of:000000000000000c:2, of:000000000000000c:4 -> of:0000000000000004:1",26,1.0,0.5069416,0,not_selected_lower_rank_or_budget,h12,2026-06-17T22:13:18
route_mutation,0.5569416,0.05,0,20260617T221318_149883,h17,,,1.0,0.8803933333333334,0.9282360000000001,h13-h17,"of:0000000000000003:1 -> of:000000000000000b:5, of:000000000000000b:2 -> of:000000000000000c:2, of:000000000000000c:4 -> of:0000000000000004:1",27,1.0,0.5069416,0,not_selected_lower_rank_or_budget,h13,2026-06-17T22:13:18
route_mutation,0.5569416,0.05,0,20260617T221318_149883,h17,,,1.0,0.8803933333333334,0.9282360000000001,h14-h17,"of:0000000000000003:1 -> of:000000000000000b:5, of:000000000000000b:2 -> of:000000000000000c:2, of:000000000000000c:4 -> of:0000000000000004:1",28,1.0,0.5069416,0,not_selected_lower_rank_or_budget,h14,2026-06-17T22:13:18
route_mutation,0.5569416,0.05,0,20260617T221318_149883,h16,,,1.0,0.8803933333333334,0.9282360000000001,h15-h16,"of:0000000000000003:1 -> of:000000000000000b:5, of:000000000000000b:2 -> of:000000000000000c:2, of:000000000000000c:4 -> of:0000000000000004:1",29,1.0,0.5069416,0,not_selected_lower_rank_or_budget,h15,2026-06-17T22:13:18
route_mutation,0.5569416,0.05,0,20260617T221318_149883,h17,,,1.0,0.8803933333333334,0.9282360000000001,h15-h17,"of:0000000000000003:1 -> of:000000000000000b:5, of:000000000000000b:2 -> of:000000000000000c:2, of:000000000000000c:4 -> of:0000000000000004:1",30,1.0,0.5069416,0,not_selected_lower_rank_or_budget,h15,2026-06-17T22:13:18
route_mutation,0.5569416,0.05,0,20260617T221318_149883,h17,,,1.0,0.8803933333333334,0.9282360000000001,h9-h17,"of:0000000000000003:1 -> of:000000000000000b:5, of:000000000000000b:2 -> of:000000000000000c:2, of:000000000000000c:4 -> of:0000000000000004:1",31,1.0,0.5069416,0,not_selected_lower_rank_or_budget,h9,2026-06-17T22:13:18
route_mutation,0.5568648,0.05,0,20260617T221318_149883,h35,,,1.0,0.8801800000000001,0.928108,h16-h35,"of:0000000000000004:1 -> of:000000000000000c:4, of:000000000000000c:3 -> of:000000000000000d:3, of:000000000000000d:5 -> of:0000000000000007:1",32,1.0,0.5068648,0,not_selected_lower_rank_or_budget,h16,2026-06-17T22:13:18
route_mutation,0.5568648,0.05,0,20260617T221318_149883,h36,,,1.0,0.8801800000000001,0.928108,h16-h36,"of:0000000000000004:1 -> of:000000000000000c:4, of:000000000000000c:3 -> of:000000000000000d:3, of:000000000000000d:5 -> of:0000000000000007:1",33,1.0,0.5068648,0,not_selected_lower_rank_or_budget,h16,2026-06-17T22:13:18
route_mutation,0.5568648,0.05,0,20260617T221318_149883,h37,,,1.0,0.8801800000000001,0.928108,h16-h37,"of:0000000000000004:1 -> of:000000000000000c:4, of:000000000000000c:3 -> of:000000000000000d:3, of:000000000000000d:5 -> of:0000000000000007:1",34,1.0,0.5068648,0,not_selected_lower_rank_or_budget,h16,2026-06-17T22:13:18
route_mutation,0.5568648,0.05,0,20260617T221318_149883,h38,,,1.0,0.8801800000000001,0.928108,h16-h38,"of:0000000000000004:1 -> of:000000000000000c:4, of:000000000000000c:3 -> of:000000000000000d:3, of:000000000000000d:5 -> of:0000000000000007:1",35,1.0,0.5068648,0,not_selected_lower_rank_or_budget,h16,2026-06-17T22:13:18
route_mutation,0.5568648,0.05,0,20260617T221318_149883,h39,,,1.0,0.8801800000000001,0.928108,h16-h39,"of:0000000000000004:1 -> of:000000000000000c:4, of:000000000000000c:3 -> of:000000000000000d:3, of:000000000000000d:5 -> of:0000000000000007:1",36,1.0,0.5068648,0,not_selected_lower_rank_or_budget,h16,2026-06-17T22:13:18
route_mutation,0.5568648,0.05,0,20260617T221318_149883,h34,,,1.0,0.8801800000000001,0.928108,h17-h34,"of:0000000000000004:1 -> of:000000000000000c:4, of:000000000000000c:3 -> of:000000000000000d:3, of:000000000000000d:5 -> of:0000000000000007:1",37,1.0,0.5068648,0,not_selected_lower_rank_or_budget,h17,2026-06-17T22:13:18
route_mutation,0.5568648,0.05,0,20260617T221318_149883,h35,,,1.0,0.8801800000000001,0.928108,h17-h35,"of:0000000000000004:1 -> of:000000000000000c:4, of:000000000000000c:3 -> of:000000000000000d:3, of:000000000000000d:5 -> of:0000000000000007:1",38,1.0,0.5068648,0,not_selected_lower_rank_or_budget,h17,2026-06-17T22:13:18
route_mutation,0.5568648,0.05,0,20260617T221318_149883,h36,,,1.0,0.8801800000000001,0.928108,h17-h36,"of:0000000000000004:1 -> of:000000000000000c:4, of:000000000000000c:3 -> of:000000000000000d:3, of:000000000000000d:5 -> of:0000000000000007:1",39,1.0,0.5068648,0,not_selected_lower_rank_or_budget,h17,2026-06-17T22:13:18
route_mutation,0.5568648,0.05,0,20260617T221318_149883,h37,,,1.0,0.8801800000000001,0.928108,h17-h37,"of:0000000000000004:1 -> of:000000000000000c:4, of:000000000000000c:3 -> of:000000000000000d:3, of:000000000000000d:5 -> of:0000000000000007:1",40,1.0,0.5068648,0,not_selected_lower_rank_or_budget,h17,2026-06-17T22:13:18
route_mutation,0.5568648,0.05,0,20260617T221318_149883,h38,,,1.0,0.8801800000000001,0.928108,h17-h38,"of:0000000000000004:1 -> of:000000000000000c:4, of:000000000000000c:3 -> of:000000000000000d:3, of:000000000000000d:5 -> of:0000000000000007:1",41,1.0,0.5068648,0,not_selected_lower_rank_or_budget,h17,2026-06-17T22:13:18
route_mutation,0.5568648,0.05,0,20260617T221318_149883,h39,,,1.0,0.8801800000000001,0.928108,h17-h39,"of:0000000000000004:1 -> of:000000000000000c:4, of:000000000000000c:3 -> of:000000000000000d:3, of:000000000000000d:5 -> of:0000000000000007:1",42,1.0,0.5068648,0,not_selected_lower_rank_or_budget,h17,2026-06-17T22:13:18
route_mutation,0.3712432,0.05,0,20260617T221318_149883,h34,,,1.0,0.8801800000000001,0.928108,h16-h34,"of:0000000000000004:1 -> of:000000000000000c:4, of:000000000000000c:3 -> of:000000000000000d:3, of:000000000000000d:5 -> of:0000000000000007:1",43,0.6666666666666666,0.3212432,0,not_selected_lower_rank_or_budget,h16,2026-06-17T22:13:18
route_mutation,0.23236400000000001,0.05,0,20260617T221318_149883,h17,,,0.4400833333333333,0.3520666666666667,0.38727333333333336,h1-h17,"of:0000000000000004:1 -> of:000000000000000c:4, of:000000000000000c:1 -> of:0000000000000001:2",44,1.0,0.18236400000000003,0,not_selected_lower_rank_or_budget,h1,2026-06-17T22:13:18
route_mutation,0.23236400000000001,0.05,0,20260617T221318_149883,h18,,,0.4400833333333333,0.3520666666666667,0.38727333333333336,h1-h18,"of:0000000000000004:1 -> of:000000000000000c:4, of:000000000000000c:1 -> of:0000000000000001:2",45,1.0,0.18236400000000003,0,not_selected_lower_rank_or_budget,h1,2026-06-17T22:13:18
route_mutation,0.0018832000000000002,0.05,0,20260617T221318_149883,h22,,,0.0035666666666666668,0.0028533333333333336,0.003138666666666667,h17-h22,"of:0000000000000004:2 -> of:0000000000000009:2, of:0000000000000009:3 -> of:0000000000000005:2",46,1.0,-0.0481168,0,not_selected_non_positive_score,h17,2026-06-17T22:13:18
route_mutation,0.0018832000000000002,0.05,0,20260617T221318_149883,h23,,,0.0035666666666666668,0.0028533333333333336,0.003138666666666667,h17-h23,"of:0000000000000004:2 -> of:0000000000000009:2, of:0000000000000009:3 -> of:0000000000000005:2",47,1.0,-0.0481168,0,not_selected_non_positive_score,h17,2026-06-17T22:13:18
route_mutation,0.0018832000000000002,0.05,0,20260617T221318_149883,h24,,,0.0035666666666666668,0.0028533333333333336,0.003138666666666667,h17-h24,"of:0000000000000004:2 -> of:0000000000000009:2, of:0000000000000009:3 -> of:0000000000000005:2",48,1.0,-0.0481168,0,not_selected_non_positive_score,h17,2026-06-17T22:13:18
route_mutation,0.0018832000000000002,0.05,0,20260617T221318_149883,h25,,,0.0035666666666666668,0.0028533333333333336,0.003138666666666667,h17-h25,"of:0000000000000004:2 -> of:0000000000000009:2, of:0000000000000009:3 -> of:0000000000000005:2",49,1.0,-0.0481168,0,not_selected_non_positive_score,h17,2026-06-17T22:13:18
route_mutation,0.0018832000000000002,0.05,0,20260617T221318_149883,h26,,,0.0035666666666666668,0.0028533333333333336,0.003138666666666667,h17-h26,"of:0000000000000004:2 -> of:0000000000000009:2, of:0000000000000009:3 -> of:0000000000000005:2",50,1.0,-0.0481168,0,not_selected_non_positive_score,h17,2026-06-17T22:13:18
route_mutation,0.0018832000000000002,0.05,0,20260617T221318_149883,h27,,,0.0035666666666666668,0.0028533333333333336,0.003138666666666667,h17-h27,"of:0000000000000004:2 -> of:0000000000000009:2, of:0000000000000009:3 -> of:0000000000000005:2",51,1.0,-0.0481168,0,not_selected_non_positive_score,h17,2026-06-17T22:13:18
route_mutation,0.0,0.05,0,20260617T221318_149883,h40,,,1.0,0.8801800000000001,0.928108,h16-h40,"of:0000000000000004:1 -> of:000000000000000c:4, of:000000000000000c:3 -> of:000000000000000d:3, of:000000000000000d:5 -> of:0000000000000007:1",52,0.0,-0.05,0,not_selected_non_positive_score,h16,2026-06-17T22:13:18
route_mutation,0.0,0.05,0,20260617T221318_149883,h40,,,1.0,0.8801800000000001,0.928108,h17-h40,"of:0000000000000004:1 -> of:000000000000000c:4, of:000000000000000c:3 -> of:000000000000000d:3, of:000000000000000d:5 -> of:0000000000000007:1",53,0.0,-0.05,0,not_selected_non_positive_score,h17,2026-06-17T22:13:18
route_mutation,0.5602248,0.05,0,20260617T221348_561439,h31,,,1.0,0.8895133333333334,0.933708,h19-h31,"of:0000000000000004:1 -> of:000000000000000c:4, of:000000000000000c:3 -> of:000000000000000d:3, of:000000000000000d:4 -> of:0000000000000006:1",1,1.0,0.5102247999999999,1,selected,h19,2026-06-17T22:13:48
route_mutation,0.5602248,0.05,0,20260617T221348_561439,h32,,,1.0,0.8895133333333334,0.933708,h19-h32,"of:0000000000000004:1 -> of:000000000000000c:4, of:000000000000000c:3 -> of:000000000000000d:3, of:000000000000000d:4 -> of:0000000000000006:1",2,1.0,0.5102247999999999,0,not_selected_lower_rank_or_budget,h19,2026-06-17T22:13:48
route_mutation,0.5602248,0.05,0,20260617T221348_561439,h33,,,1.0,0.8895133333333334,0.933708,h19-h33,"of:0000000000000004:1 -> of:000000000000000c:4, of:000000000000000c:3 -> of:000000000000000d:3, of:000000000000000d:4 -> of:0000000000000006:1",3,1.0,0.5102247999999999,1,selected,h19,2026-06-17T22:13:48
route_mutation,0.5602248,0.05,0,20260617T221348_561439,h28,,,1.0,0.8895133333333334,0.933708,h20-h28,"of:0000000000000004:1 -> of:000000000000000c:4, of:000000000000000c:3 -> of:000000000000000d:3, of:000000000000000d:4 -> of:0000000000000006:1",4,1.0,0.5102247999999999,1,selected,h20,2026-06-17T22:13:48
route_mutation,0.5602248,0.05,0,20260617T221348_561439,h29,,,1.0,0.8895133333333334,0.933708,h20-h29,"of:0000000000000004:1 -> of:000000000000000c:4, of:000000000000000c:3 -> of:000000000000000d:3, of:000000000000000d:4 -> of:0000000000000006:1",5,1.0,0.5102247999999999,1,selected,h20,2026-06-17T22:13:48
route_mutation,0.5602248,0.05,0,20260617T221348_561439,h30,,,1.0,0.8895133333333334,0.933708,h20-h30,"of:0000000000000004:1 -> of:000000000000000c:4, of:000000000000000c:3 -> of:000000000000000d:3, of:000000000000000d:4 -> of:0000000000000006:1",6,1.0,0.5102247999999999,1,selected,h20,2026-06-17T22:13:48
route_mutation,0.5602248,0.05,0,20260617T221348_561439,h31,,,1.0,0.8895133333333334,0.933708,h20-h31,"of:0000000000000004:1 -> of:000000000000000c:4, of:000000000000000c:3 -> of:000000000000000d:3, of:000000000000000d:4 -> of:0000000000000006:1",7,1.0,0.5102247999999999,1,selected,h20,2026-06-17T22:13:48
route_mutation,0.5602248,0.05,0,20260617T221348_561439,h32,,,1.0,0.8895133333333334,0.933708,h20-h32,"of:0000000000000004:1 -> of:000000000000000c:4, of:000000000000000c:3 -> of:000000000000000d:3, of:000000000000000d:4 -> of:0000000000000006:1",8,1.0,0.5102247999999999,1,selected,h20,2026-06-17T22:13:48
route_mutation,0.5602248,0.05,0,20260617T221348_561439,h33,,,1.0,0.8895133333333334,0.933708,h20-h33,"of:0000000000000004:1 -> of:000000000000000c:4, of:000000000000000c:3 -> of:000000000000000d:3, of:000000000000000d:4 -> of:0000000000000006:1",9,1.0,0.5102247999999999,1,selected,h20,2026-06-17T22:13:48
route_mutation,0.5602248,0.05,0,20260617T221348_561439,h28,,,1.0,0.8895133333333334,0.933708,h21-h28,"of:0000000000000004:1 -> of:000000000000000c:4, of:000000000000000c:3 -> of:000000000000000d:3, of:000000000000000d:4 -> of:0000000000000006:1",10,1.0,0.5102247999999999,1,selected,h21,2026-06-17T22:13:48
route_mutation,0.5602248,0.05,0,20260617T221348_561439,h29,,,1.0,0.8895133333333334,0.933708,h21-h29,"of:0000000000000004:1 -> of:000000000000000c:4, of:000000000000000c:3 -> of:000000000000000d:3, of:000000000000000d:4 -> of:0000000000000006:1",11,1.0,0.5102247999999999,0,not_selected_lower_rank_or_budget,h21,2026-06-17T22:13:48
route_mutation,0.5602248,0.05,0,20260617T221348_561439,h30,,,1.0,0.8895133333333334,0.933708,h21-h30,"of:0000000000000004:1 -> of:000000000000000c:4, of:000000000000000c:3 -> of:000000000000000d:3, of:000000000000000d:4 -> of:0000000000000006:1",12,1.0,0.5102247999999999,0,not_selected_lower_rank_or_budget,h21,2026-06-17T22:13:48
route_mutation,0.5602248,0.05,0,20260617T221348_561439,h31,,,1.0,0.8895133333333334,0.933708,h21-h31,"of:0000000000000004:1 -> of:000000000000000c:4, of:000000000000000c:3 -> of:000000000000000d:3, of:000000000000000d:4 -> of:0000000000000006:1",13,1.0,0.5102247999999999,0,not_selected_lower_rank_or_budget,h21,2026-06-17T22:13:48
route_mutation,0.5602248,0.05,0,20260617T221348_561439,h32,,,1.0,0.8895133333333334,0.933708,h21-h32,"of:0000000000000004:1 -> of:000000000000000c:4, of:000000000000000c:3 -> of:000000000000000d:3, of:000000000000000d:4 -> of:0000000000000006:1",14,1.0,0.5102247999999999,1,selected,h21,2026-06-17T22:13:48
route_mutation,0.557628,0.05,0,20260617T221348_561439,h20,,,1.0,0.8823000000000001,0.9293800000000001,h2-h20,"of:0000000000000002:1 -> of:000000000000000b:4, of:000000000000000b:2 -> of:000000000000000c:2, of:000000000000000c:4 -> of:0000000000000004:1",15,1.0,0.507628,0,not_selected_lower_rank_or_budget,h2,2026-06-17T22:13:48
route_mutation,0.557628,0.05,0,20260617T221348_561439,h21,,,1.0,0.8823000000000001,0.9293800000000001,h2-h21,"of:0000000000000002:1 -> of:000000000000000b:4, of:000000000000000b:2 -> of:000000000000000c:2, of:000000000000000c:4 -> of:0000000000000004:1",16,1.0,0.507628,0,not_selected_lower_rank_or_budget,h2,2026-06-17T22:13:48
route_mutation,0.557628,0.05,0,20260617T221348_561439,h22,,,1.0,0.8823000000000001,0.9293800000000001,h2-h22,"of:0000000000000002:1 -> of:000000000000000b:4, of:000000000000000b:2 -> of:000000000000000c:2, of:000000000000000c:5 -> of:0000000000000005:1",17,1.0,0.507628,0,not_selected_lower_rank_or_budget,h2,2026-06-17T22:13:48
route_mutation,0.557628,0.05,0,20260617T221348_561439,h20,,,1.0,0.8823000000000001,0.9293800000000001,h3-h20,"of:0000000000000002:1 -> of:000000000000000b:4, of:000000000000000b:2 -> of:000000000000000c:2, of:000000000000000c:4 -> of:0000000000000004:1",18,1.0,0.507628,0,not_selected_lower_rank_or_budget,h3,2026-06-17T22:13:48
route_mutation,0.557628,0.05,0,20260617T221348_561439,h21,,,1.0,0.8823000000000001,0.9293800000000001,h3-h21,"of:0000000000000002:1 -> of:000000000000000b:4, of:000000000000000b:2 -> of:000000000000000c:2, of:000000000000000c:4 -> of:0000000000000004:1",19,1.0,0.507628,0,not_selected_lower_rank_or_budget,h3,2026-06-17T22:13:48
route_mutation,0.557628,0.05,0,20260617T221348_561439,h22,,,1.0,0.8823000000000001,0.9293800000000001,h3-h22,"of:0000000000000002:1 -> of:000000000000000b:4, of:000000000000000b:2 -> of:000000000000000c:2, of:000000000000000c:5 -> of:0000000000000005:1",20,1.0,0.507628,0,not_selected_lower_rank_or_budget,h3,2026-06-17T22:13:48
route_mutation,0.557628,0.05,0,20260617T221348_561439,h20,,,1.0,0.8823000000000001,0.9293800000000001,h4-h20,"of:0000000000000002:1 -> of:000000000000000b:4, of:000000000000000b:2 -> of:000000000000000c:2, of:000000000000000c:4 -> of:0000000000000004:1",21,1.0,0.507628,0,not_selected_lower_rank_or_budget,h4,2026-06-17T22:13:48
route_mutation,0.557628,0.05,0,20260617T221348_561439,h21,,,1.0,0.8823000000000001,0.9293800000000001,h4-h21,"of:0000000000000002:1 -> of:000000000000000b:4, of:000000000000000b:2 -> of:000000000000000c:2, of:000000000000000c:4 -> of:0000000000000004:1",22,1.0,0.507628,0,not_selected_lower_rank_or_budget,h4,2026-06-17T22:13:48
route_mutation,0.557628,0.05,0,20260617T221348_561439,h22,,,1.0,0.8823000000000001,0.9293800000000001,h4-h22,"of:0000000000000002:1 -> of:000000000000000b:4, of:000000000000000b:2 -> of:000000000000000c:2, of:000000000000000c:5 -> of:0000000000000005:1",23,1.0,0.507628,0,not_selected_lower_rank_or_budget,h4,2026-06-17T22:13:48
route_mutation,0.557628,0.05,0,20260617T221348_561439,h20,,,1.0,0.8823000000000001,0.9293800000000001,h5-h20,"of:0000000000000002:1 -> of:000000000000000b:4, of:000000000000000b:2 -> of:000000000000000c:2, of:000000000000000c:4 -> of:0000000000000004:1",24,1.0,0.507628,0,not_selected_lower_rank_or_budget,h5,2026-06-17T22:13:48
route_mutation,0.557628,0.05,0,20260617T221348_561439,h21,,,1.0,0.8823000000000001,0.9293800000000001,h5-h21,"of:0000000000000002:1 -> of:000000000000000b:4, of:000000000000000b:2 -> of:000000000000000c:2, of:000000000000000c:4 -> of:0000000000000004:1",25,1.0,0.507628,0,not_selected_lower_rank_or_budget,h5,2026-06-17T22:13:48
route_mutation,0.557628,0.05,0,20260617T221348_561439,h22,,,1.0,0.8823000000000001,0.9293800000000001,h5-h22,"of:0000000000000002:1 -> of:000000000000000b:4, of:000000000000000b:2 -> of:000000000000000c:2, of:000000000000000c:5 -> of:0000000000000005:1",26,1.0,0.507628,0,not_selected_lower_rank_or_budget,h5,2026-06-17T22:13:48
route_mutation,0.557628,0.05,0,20260617T221348_561439,h20,,,1.0,0.8823000000000001,0.9293800000000001,h6-h20,"of:0000000000000002:1 -> of:000000000000000b:4, of:000000000000000b:2 -> of:000000000000000c:2, of:000000000000000c:4 -> of:0000000000000004:1",27,1.0,0.507628,0,not_selected_lower_rank_or_budget,h6,2026-06-17T22:13:48
route_mutation,0.557628,0.05,0,20260617T221348_561439,h21,,,1.0,0.8823000000000001,0.9293800000000001,h6-h21,"of:0000000000000002:1 -> of:000000000000000b:4, of:000000000000000b:2 -> of:000000000000000c:2, of:000000000000000c:4 -> of:0000000000000004:1",28,1.0,0.507628,0,not_selected_lower_rank_or_budget,h6,2026-06-17T22:13:48
route_mutation,0.557628,0.05,0,20260617T221348_561439,h22,,,1.0,0.8823000000000001,0.9293800000000001,h6-h22,"of:0000000000000002:1 -> of:000000000000000b:4, of:000000000000000b:2 -> of:000000000000000c:2, of:000000000000000c:5 -> of:0000000000000005:1",29,1.0,0.507628,0,not_selected_lower_rank_or_budget,h6,2026-06-17T22:13:48
route_mutation,0.557628,0.05,0,20260617T221348_561439,h20,,,1.0,0.8823000000000001,0.9293800000000001,h7-h20,"of:0000000000000002:1 -> of:000000000000000b:4, of:000000000000000b:2 -> of:000000000000000c:2, of:000000000000000c:4 -> of:0000000000000004:1",30,1.0,0.507628,0,not_selected_lower_rank_or_budget,h7,2026-06-17T22:13:48
route_mutation,0.557628,0.05,0,20260617T221348_561439,h21,,,1.0,0.8823000000000001,0.9293800000000001,h7-h21,"of:0000000000000002:1 -> of:000000000000000b:4, of:000000000000000b:2 -> of:000000000000000c:2, of:000000000000000c:4 -> of:0000000000000004:1",31,1.0,0.507628,0,not_selected_lower_rank_or_budget,h7,2026-06-17T22:13:48
route_mutation,0.557628,0.05,0,20260617T221348_561439,h22,,,1.0,0.8823000000000001,0.9293800000000001,h7-h22,"of:0000000000000002:1 -> of:000000000000000b:4, of:000000000000000b:2 -> of:000000000000000c:2, of:000000000000000c:5 -> of:0000000000000005:1",32,1.0,0.507628,0,not_selected_lower_rank_or_budget,h7,2026-06-17T22:13:48
route_mutation,0.557628,0.05,0,20260617T221348_561439,h20,,,1.0,0.8823000000000001,0.9293800000000001,h8-h20,"of:0000000000000002:1 -> of:000000000000000b:4, of:000000000000000b:2 -> of:000000000000000c:2, of:000000000000000c:4 -> of:0000000000000004:1",33,1.0,0.507628,0,not_selected_lower_rank_or_budget,h8,2026-06-17T22:13:48
route_mutation,0.557628,0.05,0,20260617T221348_561439,h21,,,1.0,0.8823000000000001,0.9293800000000001,h8-h21,"of:0000000000000002:1 -> of:000000000000000b:4, of:000000000000000b:2 -> of:000000000000000c:2, of:000000000000000c:4 -> of:0000000000000004:1",34,1.0,0.507628,0,not_selected_lower_rank_or_budget,h8,2026-06-17T22:13:48
route_mutation,0.557628,0.05,0,20260617T221348_561439,h22,,,1.0,0.8823000000000001,0.9293800000000001,h8-h22,"of:0000000000000002:1 -> of:000000000000000b:4, of:000000000000000b:2 -> of:000000000000000c:2, of:000000000000000c:5 -> of:0000000000000005:1",35,1.0,0.507628,0,not_selected_lower_rank_or_budget,h8,2026-06-17T22:13:48
route_mutation,0.5569488,0.05,0,20260617T221348_561439,h20,,,1.0,0.8804133333333334,0.9282480000000001,h10-h20,"of:0000000000000003:1 -> of:000000000000000b:5, of:000000000000000b:2 -> of:000000000000000c:2, of:000000000000000c:4 -> of:0000000000000004:1",36,1.0,0.5069488,0,not_selected_lower_rank_or_budget,h10,2026-06-17T22:13:48
route_mutation,0.5569488,0.05,0,20260617T221348_561439,h21,,,1.0,0.8804133333333334,0.9282480000000001,h10-h21,"of:0000000000000003:1 -> of:000000000000000b:5, of:000000000000000b:2 -> of:000000000000000c:2, of:000000000000000c:4 -> of:0000000000000004:1",37,1.0,0.5069488,0,not_selected_lower_rank_or_budget,h10,2026-06-17T22:13:48
route_mutation,0.5569488,0.05,0,20260617T221348_561439,h20,,,1.0,0.8804133333333334,0.9282480000000001,h11-h20,"of:0000000000000003:1 -> of:000000000000000b:5, of:000000000000000b:2 -> of:000000000000000c:2, of:000000000000000c:4 -> of:0000000000000004:1",38,1.0,0.5069488,0,not_selected_lower_rank_or_budget,h11,2026-06-17T22:13:48
route_mutation,0.5569488,0.05,0,20260617T221348_561439,h21,,,1.0,0.8804133333333334,0.9282480000000001,h11-h21,"of:0000000000000003:1 -> of:000000000000000b:5, of:000000000000000b:2 -> of:000000000000000c:2, of:000000000000000c:4 -> of:0000000000000004:1",39,1.0,0.5069488,0,not_selected_lower_rank_or_budget,h11,2026-06-17T22:13:48
route_mutation,0.5569488,0.05,0,20260617T221348_561439,h20,,,1.0,0.8804133333333334,0.9282480000000001,h12-h20,"of:0000000000000003:1 -> of:000000000000000b:5, of:000000000000000b:2 -> of:000000000000000c:2, of:000000000000000c:4 -> of:0000000000000004:1",40,1.0,0.5069488,0,not_selected_lower_rank_or_budget,h12,2026-06-17T22:13:48
route_mutation,0.5569488,0.05,0,20260617T221348_561439,h21,,,1.0,0.8804133333333334,0.9282480000000001,h12-h21,"of:0000000000000003:1 -> of:000000000000000b:5, of:000000000000000b:2 -> of:000000000000000c:2, of:000000000000000c:4 -> of:0000000000000004:1",41,1.0,0.5069488,0,not_selected_lower_rank_or_budget,h12,2026-06-17T22:13:48
route_mutation,0.5569488,0.05,0,20260617T221348_561439,h20,,,1.0,0.8804133333333334,0.9282480000000001,h13-h20,"of:0000000000000003:1 -> of:000000000000000b:5, of:000000000000000b:2 -> of:000000000000000c:2, of:000000000000000c:4 -> of:0000000000000004:1",42,1.0,0.5069488,0,not_selected_lower_rank_or_budget,h13,2026-06-17T22:13:48
route_mutation,0.5569488,0.05,0,20260617T221348_561439,h21,,,1.0,0.8804133333333334,0.9282480000000001,h13-h21,"of:0000000000000003:1 -> of:000000000000000b:5, of:000000000000000b:2 -> of:000000000000000c:2, of:000000000000000c:4 -> of:0000000000000004:1",43,1.0,0.5069488,0,not_selected_lower_rank_or_budget,h13,2026-06-17T22:13:48
route_mutation,0.5569488,0.05,0,20260617T221348_561439,h20,,,1.0,0.8804133333333334,0.9282480000000001,h14-h20,"of:0000000000000003:1 -> of:000000000000000b:5, of:000000000000000b:2 -> of:000000000000000c:2, of:000000000000000c:4 -> of:0000000000000004:1",44,1.0,0.5069488,0,not_selected_lower_rank_or_budget,h14,2026-06-17T22:13:48
route_mutation,0.5569488,0.05,0,20260617T221348_561439,h21,,,1.0,0.8804133333333334,0.9282480000000001,h14-h21,"of:0000000000000003:1 -> of:000000000000000b:5, of:000000000000000b:2 -> of:000000000000000c:2, of:000000000000000c:4 -> of:0000000000000004:1",45,1.0,0.5069488,0,not_selected_lower_rank_or_budget,h14,2026-06-17T22:13:48
route_mutation,0.5569488,0.05,0,20260617T221348_561439,h20,,,1.0,0.8804133333333334,0.9282480000000001,h15-h20,"of:0000000000000003:1 -> of:000000000000000b:5, of:000000000000000b:2 -> of:000000000000000c:2, of:000000000000000c:4 -> of:0000000000000004:1",46,1.0,0.5069488,0,not_selected_lower_rank_or_budget,h15,2026-06-17T22:13:48
route_mutation,0.5569488,0.05,0,20260617T221348_561439,h21,,,1.0,0.8804133333333334,0.9282480000000001,h15-h21,"of:0000000000000003:1 -> of:000000000000000b:5, of:000000000000000b:2 -> of:000000000000000c:2, of:000000000000000c:4 -> of:0000000000000004:1",47,1.0,0.5069488,0,not_selected_lower_rank_or_budget,h15,2026-06-17T22:13:48
route_mutation,0.5569488,0.05,0,20260617T221348_561439,h20,,,1.0,0.8804133333333334,0.9282480000000001,h9-h20,"of:0000000000000003:1 -> of:000000000000000b:5, of:000000000000000b:2 -> of:000000000000000c:2, of:000000000000000c:4 -> of:0000000000000004:1",48,1.0,0.5069488,0,not_selected_lower_rank_or_budget,h9,2026-06-17T22:13:48
route_mutation,0.5569488,0.05,0,20260617T221348_561439,h21,,,1.0,0.8804133333333334,0.9282480000000001,h9-h21,"of:0000000000000003:1 -> of:000000000000000b:5, of:000000000000000b:2 -> of:000000000000000c:2, of:000000000000000c:4 -> of:0000000000000004:1",49,1.0,0.5069488,0,not_selected_lower_rank_or_budget,h9,2026-06-17T22:13:48
route_mutation,0.556872,0.05,0,20260617T221348_561439,h34,,,1.0,0.8802000000000001,0.9281200000000001,h19-h34,"of:0000000000000004:1 -> of:000000000000000c:4, of:000000000000000c:3 -> of:000000000000000d:3, of:000000000000000d:5 -> of:0000000000000007:1",50,1.0,0.506872,0,not_selected_lower_rank_or_budget,h19,2026-06-17T22:13:48
route_mutation,0.556872,0.05,0,20260617T221348_561439,h35,,,1.0,0.8802000000000001,0.9281200000000001,h19-h35,"of:0000000000000004:1 -> of:000000000000000c:4, of:000000000000000c:3 -> of:000000000000000d:3, of:000000000000000d:5 -> of:0000000000000007:1",51,1.0,0.506872,0,not_selected_lower_rank_or_budget,h19,2026-06-17T22:13:48
route_mutation,0.556872,0.05,0,20260617T221348_561439,h36,,,1.0,0.8802000000000001,0.9281200000000001,h19-h36,"of:0000000000000004:1 -> of:000000000000000c:4, of:000000000000000c:3 -> of:000000000000000d:3, of:000000000000000d:5 -> of:0000000000000007:1",52,1.0,0.506872,0,not_selected_lower_rank_or_budget,h19,2026-06-17T22:13:48
route_mutation,0.556872,0.05,0,20260617T221348_561439,h37,,,1.0,0.8802000000000001,0.9281200000000001,h19-h37,"of:0000000000000004:1 -> of:000000000000000c:4, of:000000000000000c:3 -> of:000000000000000d:3, of:000000000000000d:5 -> of:0000000000000007:1",53,1.0,0.506872,0,not_selected_lower_rank_or_budget,h19,2026-06-17T22:13:48
route_mutation,0.556872,0.05,0,20260617T221348_561439,h38,,,1.0,0.8802000000000001,0.9281200000000001,h19-h38,"of:0000000000000004:1 -> of:000000000000000c:4, of:000000000000000c:3 -> of:000000000000000d:3, of:000000000000000d:5 -> of:0000000000000007:1",54,1.0,0.506872,0,not_selected_lower_rank_or_budget,h19,2026-06-17T22:13:48
route_mutation,0.556872,0.05,0,20260617T221348_561439,h39,,,1.0,0.8802000000000001,0.9281200000000001,h19-h39,"of:0000000000000004:1 -> of:000000000000000c:4, of:000000000000000c:3 -> of:000000000000000d:3, of:000000000000000d:5 -> of:0000000000000007:1",55,1.0,0.506872,0,not_selected_lower_rank_or_budget,h19,2026-06-17T22:13:48
route_mutation,0.556872,0.05,0,20260617T221348_561439,h34,,,1.0,0.8802000000000001,0.9281200000000001,h20-h34,"of:0000000000000004:1 -> of:000000000000000c:4, of:000000000000000c:3 -> of:000000000000000d:3, of:000000000000000d:5 -> of:0000000000000007:1",56,1.0,0.506872,0,not_selected_lower_rank_or_budget,h20,2026-06-17T22:13:48
route_mutation,0.556872,0.05,0,20260617T221348_561439,h35,,,1.0,0.8802000000000001,0.9281200000000001,h20-h35,"of:0000000000000004:1 -> of:000000000000000c:4, of:000000000000000c:3 -> of:000000000000000d:3, of:000000000000000d:5 -> of:0000000000000007:1",57,1.0,0.506872,0,not_selected_lower_rank_or_budget,h20,2026-06-17T22:13:48
route_mutation,0.556872,0.05,0,20260617T221348_561439,h36,,,1.0,0.8802000000000001,0.9281200000000001,h20-h36,"of:0000000000000004:1 -> of:000000000000000c:4, of:000000000000000c:3 -> of:000000000000000d:3, of:000000000000000d:5 -> of:0000000000000007:1",58,1.0,0.506872,0,not_selected_lower_rank_or_budget,h20,2026-06-17T22:13:48
route_mutation,0.556872,0.05,0,20260617T221348_561439,h37,,,1.0,0.8802000000000001,0.9281200000000001,h20-h37,"of:0000000000000004:1 -> of:000000000000000c:4, of:000000000000000c:3 -> of:000000000000000d:3, of:000000000000000d:5 -> of:0000000000000007:1",59,1.0,0.506872,0,not_selected_lower_rank_or_budget,h20,2026-06-17T22:13:48
route_mutation,0.556872,0.05,0,20260617T221348_561439,h38,,,1.0,0.8802000000000001,0.9281200000000001,h20-h38,"of:0000000000000004:1 -> of:000000000000000c:4, of:000000000000000c:3 -> of:000000000000000d:3, of:000000000000000d:5 -> of:0000000000000007:1",60,1.0,0.506872,0,not_selected_lower_rank_or_budget,h20,2026-06-17T22:13:48
route_mutation,0.556872,0.05,0,20260617T221348_561439,h39,,,1.0,0.8802000000000001,0.9281200000000001,h20-h39,"of:0000000000000004:1 -> of:000000000000000c:4, of:000000000000000c:3 -> of:000000000000000d:3, of:000000000000000d:5 -> of:0000000000000007:1",61,1.0,0.506872,0,not_selected_lower_rank_or_budget,h20,2026-06-17T22:13:48
route_mutation,0.556872,0.05,0,20260617T221348_561439,h34,,,1.0,0.8802000000000001,0.9281200000000001,h21-h34,"of:0000000000000004:1 -> of:000000000000000c:4, of:000000000000000c:3 -> of:000000000000000d:3, of:000000000000000d:5 -> of:0000000000000007:1",62,1.0,0.506872,0,not_selected_lower_rank_or_budget,h21,2026-06-17T22:13:48
route_mutation,0.23237279999999996,0.05,0,20260617T221348_561439,h20,,,0.4401,0.35208,0.38728799999999997,h1-h20,"of:0000000000000004:1 -> of:000000000000000c:4, of:000000000000000c:1 -> of:0000000000000001:2",63,1.0,0.18237279999999995,0,not_selected_lower_rank_or_budget,h1,2026-06-17T22:13:48
route_mutation,0.23237279999999996,0.05,0,20260617T221348_561439,h21,,,0.4401,0.35208,0.38728799999999997,h1-h21,"of:0000000000000004:1 -> of:000000000000000c:4, of:000000000000000c:1 -> of:0000000000000001:2",64,1.0,0.18237279999999995,0,not_selected_lower_rank_or_budget,h1,2026-06-17T22:13:48
route_mutation,0.0018964,0.05,0,20260617T221348_561439,h22,,,0.003591666666666667,0.0028733333333333336,0.0031606666666666667,h20-h22,"of:0000000000000004:2 -> of:0000000000000009:2, of:0000000000000009:3 -> of:0000000000000005:2",65,1.0,-0.0481036,0,not_selected_non_positive_score,h20,2026-06-17T22:13:48
route_mutation,0.0018964,0.05,0,20260617T221348_561439,h23,,,0.003591666666666667,0.0028733333333333336,0.0031606666666666667,h20-h23,"of:0000000000000004:2 -> of:0000000000000009:2, of:0000000000000009:3 -> of:0000000000000005:2",66,1.0,-0.0481036,0,not_selected_non_positive_score,h20,2026-06-17T22:13:48
route_mutation,0.0018964,0.05,0,20260617T221348_561439,h24,,,0.003591666666666667,0.0028733333333333336,0.0031606666666666667,h20-h24,"of:0000000000000004:2 -> of:0000000000000009:2, of:0000000000000009:3 -> of:0000000000000005:2",67,1.0,-0.0481036,0,not_selected_non_positive_score,h20,2026-06-17T22:13:48
route_mutation,0.0018964,0.05,0,20260617T221348_561439,h25,,,0.003591666666666667,0.0028733333333333336,0.0031606666666666667,h20-h25,"of:0000000000000004:2 -> of:0000000000000009:2, of:0000000000000009:3 -> of:0000000000000005:2",68,1.0,-0.0481036,0,not_selected_non_positive_score,h20,2026-06-17T22:13:48
route_mutation,0.0018964,0.05,0,20260617T221348_561439,h26,,,0.003591666666666667,0.0028733333333333336,0.0031606666666666667,h20-h26,"of:0000000000000004:2 -> of:0000000000000009:2, of:0000000000000009:3 -> of:0000000000000005:2",69,1.0,-0.0481036,0,not_selected_non_positive_score,h20,2026-06-17T22:13:48
route_mutation,0.0018964,0.05,0,20260617T221348_561439,h27,,,0.003591666666666667,0.0028733333333333336,0.0031606666666666667,h20-h27,"of:0000000000000004:2 -> of:0000000000000009:2, of:0000000000000009:3 -> of:0000000000000005:2",70,1.0,-0.0481036,0,not_selected_non_positive_score,h20,2026-06-17T22:13:48
route_mutation,0.0018964,0.05,0,20260617T221348_561439,h22,,,0.003591666666666667,0.0028733333333333336,0.0031606666666666667,h21-h22,"of:0000000000000004:2 -> of:0000000000000009:2, of:0000000000000009:3 -> of:0000000000000005:2",71,1.0,-0.0481036,0,not_selected_non_positive_score,h21,2026-06-17T22:13:48
route_mutation,0.0018964,0.05,0,20260617T221348_561439,h23,,,0.003591666666666667,0.0028733333333333336,0.0031606666666666667,h21-h23,"of:0000000000000004:2 -> of:0000000000000009:2, of:0000000000000009:3 -> of:0000000000000005:2",72,1.0,-0.0481036,0,not_selected_non_positive_score,h21,2026-06-17T22:13:48
route_mutation,0.0018964,0.05,0,20260617T221348_561439,h24,,,0.003591666666666667,0.0028733333333333336,0.0031606666666666667,h21-h24,"of:0000000000000004:2 -> of:0000000000000009:2, of:0000000000000009:3 -> of:0000000000000005:2",73,1.0,-0.0481036,0,not_selected_non_positive_score,h21,2026-06-17T22:13:48
route_mutation,0.0018964,0.05,0,20260617T221348_561439,h25,,,0.003591666666666667,0.0028733333333333336,0.0031606666666666667,h21-h25,"of:0000000000000004:2 -> of:0000000000000009:2, of:0000000000000009:3 -> of:0000000000000005:2",74,1.0,-0.0481036,0,not_selected_non_positive_score,h21,2026-06-17T22:13:48
route_mutation,0.0018964,0.05,0,20260617T221348_561439,h26,,,0.003591666666666667,0.0028733333333333336,0.0031606666666666667,h21-h26,"of:0000000000000004:2 -> of:0000000000000009:2, of:0000000000000009:3 -> of:0000000000000005:2",75,1.0,-0.0481036,0,not_selected_non_positive_score,h21,2026-06-17T22:13:48
route_mutation,0.0018964,0.05,0,20260617T221348_561439,h27,,,0.003591666666666667,0.0028733333333333336,0.0031606666666666667,h21-h27,"of:0000000000000004:2 -> of:0000000000000009:2, of:0000000000000009:3 -> of:0000000000000005:2",76,1.0,-0.0481036,0,not_selected_non_positive_score,h21,2026-06-17T22:13:48
route_mutation,0.0,0.05,0,20260617T221348_561439,h40,,,1.0,0.8802000000000001,0.9281200000000001,h19-h40,"of:0000000000000004:1 -> of:000000000000000c:4, of:000000000000000c:3 -> of:000000000000000d:3, of:000000000000000d:5 -> of:0000000000000007:1",77,0.0,-0.05,0,not_selected_non_positive_score,h19,2026-06-17T22:13:48
route_mutation,0.0,0.05,0,20260617T221348_561439,h40,,,1.0,0.8802000000000001,0.9281200000000001,h20-h40,"of:0000000000000004:1 -> of:000000000000000c:4, of:000000000000000c:3 -> of:000000000000000d:3, of:000000000000000d:5 -> of:0000000000000007:1",78,0.0,-0.05,0,not_selected_non_positive_score,h20,2026-06-17T22:13:48
route_mutation,0.5602272,0.05,0,20260617T221418_915944,h28,,,1.0,0.8895200000000001,0.9337120000000001,h24-h28,"of:0000000000000005:1 -> of:000000000000000c:5, of:000000000000000c:3 -> of:000000000000000d:3, of:000000000000000d:4 -> of:0000000000000006:1",1,1.0,0.5102272,1,selected,h24,2026-06-17T22:14:18
route_mutation,0.5602272,0.05,0,20260617T221418_915944,h29,,,1.0,0.8895200000000001,0.9337120000000001,h24-h29,"of:0000000000000005:1 -> of:000000000000000c:5, of:000000000000000c:3 -> of:000000000000000d:3, of:000000000000000d:4 -> of:0000000000000006:1",2,1.0,0.5102272,1,selected,h24,2026-06-17T22:14:18
route_mutation,0.5602272,0.05,0,20260617T221418_915944,h30,,,1.0,0.8895200000000001,0.9337120000000001,h24-h30,"of:0000000000000005:1 -> of:000000000000000c:5, of:000000000000000c:3 -> of:000000000000000d:3, of:000000000000000d:4 -> of:0000000000000006:1",3,1.0,0.5102272,1,selected,h24,2026-06-17T22:14:18
route_mutation,0.5602272,0.05,0,20260617T221418_915944,h31,,,1.0,0.8895200000000001,0.9337120000000001,h24-h31,"of:0000000000000005:1 -> of:000000000000000c:5, of:000000000000000c:3 -> of:000000000000000d:3, of:000000000000000d:4 -> of:0000000000000006:1",4,1.0,0.5102272,1,selected,h24,2026-06-17T22:14:18
route_mutation,0.5602272,0.05,0,20260617T221418_915944,h32,,,1.0,0.8895200000000001,0.9337120000000001,h24-h32,"of:0000000000000005:1 -> of:000000000000000c:5, of:000000000000000c:3 -> of:000000000000000d:3, of:000000000000000d:4 -> of:0000000000000006:1",5,1.0,0.5102272,1,selected,h24,2026-06-17T22:14:18
route_mutation,0.5602272,0.05,0,20260617T221418_915944,h33,,,1.0,0.8895200000000001,0.9337120000000001,h24-h33,"of:0000000000000005:1 -> of:000000000000000c:5, of:000000000000000c:3 -> of:000000000000000d:3, of:000000000000000d:4 -> of:0000000000000006:1",6,1.0,0.5102272,1,selected,h24,2026-06-17T22:14:18
route_mutation,0.5602272,0.05,0,20260617T221418_915944,h28,,,1.0,0.8895200000000001,0.9337120000000001,h25-h28,"of:0000000000000005:1 -> of:000000000000000c:5, of:000000000000000c:3 -> of:000000000000000d:3, of:000000000000000d:4 -> of:0000000000000006:1",7,1.0,0.5102272,1,selected,h25,2026-06-17T22:14:18
route_mutation,0.5602272,0.05,0,20260617T221418_915944,h29,,,1.0,0.8895200000000001,0.9337120000000001,h25-h29,"of:0000000000000005:1 -> of:000000000000000c:5, of:000000000000000c:3 -> of:000000000000000d:3, of:000000000000000d:4 -> of:0000000000000006:1",8,1.0,0.5102272,1,selected,h25,2026-06-17T22:14:18
route_mutation,0.5602272,0.05,0,20260617T221418_915944,h30,,,1.0,0.8895200000000001,0.9337120000000001,h25-h30,"of:0000000000000005:1 -> of:000000000000000c:5, of:000000000000000c:3 -> of:000000000000000d:3, of:000000000000000d:4 -> of:0000000000000006:1",9,1.0,0.5102272,1,selected,h25,2026-06-17T22:14:18
route_mutation,0.5602272,0.05,0,20260617T221418_915944,h31,,,1.0,0.8895200000000001,0.9337120000000001,h25-h31,"of:0000000000000005:1 -> of:000000000000000c:5, of:000000000000000c:3 -> of:000000000000000d:3, of:000000000000000d:4 -> of:0000000000000006:1",10,1.0,0.5102272,1,selected,h25,2026-06-17T22:14:18
route_mutation,0.5576304000000001,0.05,0,20260617T221418_915944,h25,,,1.0,0.8823066666666668,0.9293840000000001,h2-h25,"of:0000000000000002:1 -> of:000000000000000b:4, of:000000000000000b:2 -> of:000000000000000c:2, of:000000000000000c:5 -> of:0000000000000005:1",11,1.0,0.5076304,0,not_selected_lower_rank_or_budget,h2,2026-06-17T22:14:18
route_mutation,0.5576304000000001,0.05,0,20260617T221418_915944,h25,,,1.0,0.8823066666666668,0.9293840000000001,h3-h25,"of:0000000000000002:1 -> of:000000000000000b:4, of:000000000000000b:2 -> of:000000000000000c:2, of:000000000000000c:5 -> of:0000000000000005:1",12,1.0,0.5076304,0,not_selected_lower_rank_or_budget,h3,2026-06-17T22:14:18
route_mutation,0.5576304000000001,0.05,0,20260617T221418_915944,h25,,,1.0,0.8823066666666668,0.9293840000000001,h4-h25,"of:0000000000000002:1 -> of:000000000000000b:4, of:000000000000000b:2 -> of:000000000000000c:2, of:000000000000000c:5 -> of:0000000000000005:1",13,1.0,0.5076304,0,not_selected_lower_rank_or_budget,h4,2026-06-17T22:14:18
route_mutation,0.5576304000000001,0.05,0,20260617T221418_915944,h25,,,1.0,0.8823066666666668,0.9293840000000001,h5-h25,"of:0000000000000002:1 -> of:000000000000000b:4, of:000000000000000b:2 -> of:000000000000000c:2, of:000000000000000c:5 -> of:0000000000000005:1",14,1.0,0.5076304,0,not_selected_lower_rank_or_budget,h5,2026-06-17T22:14:18
route_mutation,0.5576304000000001,0.05,0,20260617T221418_915944,h25,,,1.0,0.8823066666666668,0.9293840000000001,h7-h25,"of:0000000000000002:1 -> of:000000000000000b:4, of:000000000000000b:2 -> of:000000000000000c:2, of:000000000000000c:5 -> of:0000000000000005:1",15,1.0,0.5076304,0,not_selected_lower_rank_or_budget,h7,2026-06-17T22:14:18
route_mutation,0.5576304000000001,0.05,0,20260617T221418_915944,h25,,,1.0,0.8823066666666668,0.9293840000000001,h8-h25,"of:0000000000000002:1 -> of:000000000000000b:4, of:000000000000000b:2 -> of:000000000000000c:2, of:000000000000000c:5 -> of:0000000000000005:1",16,1.0,0.5076304,0,not_selected_lower_rank_or_budget,h8,2026-06-17T22:14:18
route_mutation,0.5569512,0.05,0,20260617T221418_915944,h25,,,1.0,0.8804200000000001,0.9282520000000001,h10-h25,"of:0000000000000003:1 -> of:000000000000000b:5, of:000000000000000b:2 -> of:000000000000000c:2, of:000000000000000c:5 -> of:0000000000000005:1",17,1.0,0.5069511999999999,0,not_selected_lower_rank_or_budget,h10,2026-06-17T22:14:18
route_mutation,0.5569512,0.05,0,20260617T221418_915944,h25,,,1.0,0.8804200000000001,0.9282520000000001,h11-h25,"of:0000000000000003:1 -> of:000000000000000b:5, of:000000000000000b:2 -> of:000000000000000c:2, of:000000000000000c:5 -> of:0000000000000005:1",18,1.0,0.5069511999999999,0,not_selected_lower_rank_or_budget,h11,2026-06-17T22:14:18
route_mutation,0.5569512,0.05,0,20260617T221418_915944,h25,,,1.0,0.8804200000000001,0.9282520000000001,h12-h25,"of:0000000000000003:1 -> of:000000000000000b:5, of:000000000000000b:2 -> of:000000000000000c:2, of:000000000000000c:5 -> of:0000000000000005:1",19,1.0,0.5069511999999999,0,not_selected_lower_rank_or_budget,h12,2026-06-17T22:14:18
route_mutation,0.5569512,0.05,0,20260617T221418_915944,h25,,,1.0,0.8804200000000001,0.9282520000000001,h13-h25,"of:0000000000000003:1 -> of:000000000000000b:5, of:000000000000000b:2 -> of:000000000000000c:2, of:000000000000000c:5 -> of:0000000000000005:1",20,1.0,0.5069511999999999,0,not_selected_lower_rank_or_budget,h13,2026-06-17T22:14:18
route_mutation,0.5569512,0.05,0,20260617T221418_915944,h25,,,1.0,0.8804200000000001,0.9282520000000001,h14-h25,"of:0000000000000003:1 -> of:000000000000000b:5, of:000000000000000b:2 -> of:000000000000000c:2, of:000000000000000c:5 -> of:0000000000000005:1",21,1.0,0.5069511999999999,0,not_selected_lower_rank_or_budget,h14,2026-06-17T22:14:18
route_mutation,0.5569512,0.05,0,20260617T221418_915944,h25,,,1.0,0.8804200000000001,0.9282520000000001,h15-h25,"of:0000000000000003:1 -> of:000000000000000b:5, of:000000000000000b:2 -> of:000000000000000c:2, of:000000000000000c:5 -> of:0000000000000005:1",22,1.0,0.5069511999999999,0,not_selected_lower_rank_or_budget,h15,2026-06-17T22:14:18
route_mutation,0.5569512,0.05,0,20260617T221418_915944,h25,,,1.0,0.8804200000000001,0.9282520000000001,h9-h25,"of:0000000000000003:1 -> of:000000000000000b:5, of:000000000000000b:2 -> of:000000000000000c:2, of:000000000000000c:5 -> of:0000000000000005:1",23,1.0,0.5069511999999999,0,not_selected_lower_rank_or_budget,h9,2026-06-17T22:14:18
route_mutation,0.5568744,0.05,0,20260617T221418_915944,h34,,,1.0,0.8802066666666667,0.9281240000000001,h24-h34,"of:0000000000000005:1 -> of:000000000000000c:5, of:000000000000000c:3 -> of:000000000000000d:3, of:000000000000000d:5 -> of:0000000000000007:1",24,1.0,0.5068744,0,not_selected_lower_rank_or_budget,h24,2026-06-17T22:14:18
route_mutation,0.5568744,0.05,0,20260617T221418_915944,h35,,,1.0,0.8802066666666667,0.9281240000000001,h24-h35,"of:0000000000000005:1 -> of:000000000000000c:5, of:000000000000000c:3 -> of:000000000000000d:3, of:000000000000000d:5 -> of:0000000000000007:1",25,1.0,0.5068744,0,not_selected_lower_rank_or_budget,h24,2026-06-17T22:14:18
route_mutation,0.5568744,0.05,0,20260617T221418_915944,h36,,,1.0,0.8802066666666667,0.9281240000000001,h24-h36,"of:0000000000000005:1 -> of:000000000000000c:5, of:000000000000000c:3 -> of:000000000000000d:3, of:000000000000000d:5 -> of:0000000000000007:1",26,1.0,0.5068744,0,not_selected_lower_rank_or_budget,h24,2026-06-17T22:14:18
route_mutation,0.5568744,0.05,0,20260617T221418_915944,h37,,,1.0,0.8802066666666667,0.9281240000000001,h24-h37,"of:0000000000000005:1 -> of:000000000000000c:5, of:000000000000000c:3 -> of:000000000000000d:3, of:000000000000000d:5 -> of:0000000000000007:1",27,1.0,0.5068744,0,not_selected_lower_rank_or_budget,h24,2026-06-17T22:14:18
route_mutation,0.5568744,0.05,0,20260617T221418_915944,h38,,,1.0,0.8802066666666667,0.9281240000000001,h24-h38,"of:0000000000000005:1 -> of:000000000000000c:5, of:000000000000000c:3 -> of:000000000000000d:3, of:000000000000000d:5 -> of:0000000000000007:1",28,1.0,0.5068744,0,not_selected_lower_rank_or_budget,h24,2026-06-17T22:14:18
route_mutation,0.5568744,0.05,0,20260617T221418_915944,h39,,,1.0,0.8802066666666667,0.9281240000000001,h24-h39,"of:0000000000000005:1 -> of:000000000000000c:5, of:000000000000000c:3 -> of:000000000000000d:3, of:000000000000000d:5 -> of:0000000000000007:1",29,1.0,0.5068744,0,not_selected_lower_rank_or_budget,h24,2026-06-17T22:14:18
route_mutation,0.26022752,0.05,0,20260617T221418_915944,h25,,,1.0,0.8823066666666668,0.9293840000000001,h6-h25,"of:0000000000000002:1 -> of:000000000000000b:4, of:000000000000000b:2 -> of:000000000000000c:2, of:000000000000000c:5 -> of:0000000000000005:1",30,0.4666666666666667,0.21022752,0,not_selected_lower_rank_or_budget,h6,2026-06-17T22:14:18
route_mutation,0.23237279999999996,0.05,0,20260617T221418_915944,h25,,,0.4401,0.35208,0.38728799999999997,h1-h25,"of:0000000000000005:1 -> of:000000000000000c:5, of:000000000000000c:1 -> of:0000000000000001:2",31,1.0,0.18237279999999995,0,not_selected_lower_rank_or_budget,h1,2026-06-17T22:14:18
route_mutation,0.0019008,0.05,0,20260617T221418_915944,h25,,,0.0036,0.00288,0.0031680000000000002,h16-h25,"of:0000000000000004:2 -> of:0000000000000009:2, of:0000000000000009:3 -> of:0000000000000005:2",32,1.0,-0.0480992,0,not_selected_non_positive_score,h16,2026-06-17T22:14:18
route_mutation,0.0019008,0.05,0,20260617T221418_915944,h25,,,0.0036,0.00288,0.0031680000000000002,h17-h25,"of:0000000000000004:2 -> of:0000000000000009:2, of:0000000000000009:3 -> of:0000000000000005:2",33,1.0,-0.0480992,0,not_selected_non_positive_score,h17,2026-06-17T22:14:18
route_mutation,0.0019008,0.05,0,20260617T221418_915944,h25,,,0.0036,0.00288,0.0031680000000000002,h18-h25,"of:0000000000000004:2 -> of:0000000000000009:2, of:0000000000000009:3 -> of:0000000000000005:2",34,1.0,-0.0480992,0,not_selected_non_positive_score,h18,2026-06-17T22:14:18
route_mutation,0.0019008,0.05,0,20260617T221418_915944,h25,,,0.0036,0.00288,0.0031680000000000002,h19-h25,"of:0000000000000004:2 -> of:0000000000000009:2, of:0000000000000009:3 -> of:0000000000000005:2",35,1.0,-0.0480992,0,not_selected_non_positive_score,h19,2026-06-17T22:14:18
route_mutation,0.0019008,0.05,0,20260617T221418_915944,h25,,,0.0036,0.00288,0.0031680000000000002,h20-h25,"of:0000000000000004:2 -> of:0000000000000009:2, of:0000000000000009:3 -> of:0000000000000005:2",36,1.0,-0.0480992,0,not_selected_non_positive_score,h20,2026-06-17T22:14:18
route_mutation,0.0019008,0.05,0,20260617T221418_915944,h25,,,0.0036,0.00288,0.0031680000000000002,h21-h25,"of:0000000000000004:2 -> of:0000000000000009:2, of:0000000000000009:3 -> of:0000000000000005:2",37,1.0,-0.0480992,0,not_selected_non_positive_score,h21,2026-06-17T22:14:18
route_mutation,0.0,0.05,0,20260617T221418_915944,h40,,,1.0,0.8802066666666667,0.9281240000000001,h24-h40,"of:0000000000000005:1 -> of:000000000000000c:5, of:000000000000000c:3 -> of:000000000000000d:3, of:000000000000000d:5 -> of:0000000000000007:1",38,0.0,-0.05,0,not_selected_non_positive_score,h24,2026-06-17T22:14:18
route_mutation,0.6,0.05,0,20260617T221449_275547,h28,,,1.0,1.0,1.0,h10-h28,"of:0000000000000003:1 -> of:000000000000000b:5, of:000000000000000b:3 -> of:000000000000000d:2, of:000000000000000d:4 -> of:0000000000000006:1",1,1.0,0.5499999999999999,1,selected,h10,2026-06-17T22:14:49
route_mutation,0.6,0.05,0,20260617T221449_275547,h29,,,1.0,1.0,1.0,h10-h29,"of:0000000000000003:1 -> of:000000000000000b:5, of:000000000000000b:3 -> of:000000000000000d:2, of:000000000000000d:4 -> of:0000000000000006:1",2,1.0,0.5499999999999999,0,not_selected_lower_rank_or_budget,h10,2026-06-17T22:14:49
route_mutation,0.6,0.05,0,20260617T221449_275547,h28,,,1.0,1.0,1.0,h11-h28,"of:0000000000000003:1 -> of:000000000000000b:5, of:000000000000000b:3 -> of:000000000000000d:2, of:000000000000000d:4 -> of:0000000000000006:1",3,1.0,0.5499999999999999,1,selected,h11,2026-06-17T22:14:49
route_mutation,0.6,0.05,0,20260617T221449_275547,h29,,,1.0,1.0,1.0,h11-h29,"of:0000000000000003:1 -> of:000000000000000b:5, of:000000000000000b:3 -> of:000000000000000d:2, of:000000000000000d:4 -> of:0000000000000006:1",4,1.0,0.5499999999999999,1,selected,h11,2026-06-17T22:14:49
route_mutation,0.6,0.05,0,20260617T221449_275547,h28,,,1.0,1.0,1.0,h13-h28,"of:0000000000000003:1 -> of:000000000000000b:5, of:000000000000000b:3 -> of:000000000000000d:2, of:000000000000000d:4 -> of:0000000000000006:1",5,1.0,0.5499999999999999,1,selected,h13,2026-06-17T22:14:49
route_mutation,0.6,0.05,0,20260617T221449_275547,h28,,,1.0,1.0,1.0,h14-h28,"of:0000000000000003:1 -> of:000000000000000b:5, of:000000000000000b:3 -> of:000000000000000d:2, of:000000000000000d:4 -> of:0000000000000006:1",6,1.0,0.5499999999999999,1,selected,h14,2026-06-17T22:14:49
route_mutation,0.6,0.05,0,20260617T221449_275547,h29,,,1.0,1.0,1.0,h14-h29,"of:0000000000000003:1 -> of:000000000000000b:5, of:000000000000000b:3 -> of:000000000000000d:2, of:000000000000000d:4 -> of:0000000000000006:1",7,1.0,0.5499999999999999,1,selected,h14,2026-06-17T22:14:49
route_mutation,0.6,0.05,0,20260617T221449_275547,h28,,,1.0,1.0,1.0,h15-h28,"of:0000000000000003:1 -> of:000000000000000b:5, of:000000000000000b:3 -> of:000000000000000d:2, of:000000000000000d:4 -> of:0000000000000006:1",8,1.0,0.5499999999999999,1,selected,h15,2026-06-17T22:14:49
route_mutation,0.6,0.05,0,20260617T221449_275547,h29,,,1.0,1.0,1.0,h15-h29,"of:0000000000000003:1 -> of:000000000000000b:5, of:000000000000000b:3 -> of:000000000000000d:2, of:000000000000000d:4 -> of:0000000000000006:1",9,1.0,0.5499999999999999,1,selected,h15,2026-06-17T22:14:49
route_mutation,0.6,0.05,0,20260617T221449_275547,h29,,,1.0,1.0,1.0,h2-h29,"of:0000000000000002:1 -> of:000000000000000b:4, of:000000000000000b:3 -> of:000000000000000d:2, of:000000000000000d:4 -> of:0000000000000006:1",10,1.0,0.5499999999999999,1,selected,h2,2026-06-17T22:14:49
route_mutation,0.6,0.05,0,20260617T221449_275547,h29,,,1.0,1.0,1.0,h3-h29,"of:0000000000000002:1 -> of:000000000000000b:4, of:000000000000000b:3 -> of:000000000000000d:2, of:000000000000000d:4 -> of:0000000000000006:1",11,1.0,0.5499999999999999,0,not_selected_lower_rank_or_budget,h3,2026-06-17T22:14:49
route_mutation,0.6,0.05,0,20260617T221449_275547,h29,,,1.0,1.0,1.0,h4-h29,"of:0000000000000002:1 -> of:000000000000000b:4, of:000000000000000b:3 -> of:000000000000000d:2, of:000000000000000d:4 -> of:0000000000000006:1",12,1.0,0.5499999999999999,0,not_selected_lower_rank_or_budget,h4,2026-06-17T22:14:49
route_mutation,0.6,0.05,0,20260617T221449_275547,h29,,,1.0,1.0,1.0,h5-h29,"of:0000000000000002:1 -> of:000000000000000b:4, of:000000000000000b:3 -> of:000000000000000d:2, of:000000000000000d:4 -> of:0000000000000006:1",13,1.0,0.5499999999999999,0,not_selected_lower_rank_or_budget,h5,2026-06-17T22:14:49
route_mutation,0.6,0.05,0,20260617T221449_275547,h29,,,1.0,1.0,1.0,h6-h29,"of:0000000000000002:1 -> of:000000000000000b:4, of:000000000000000b:3 -> of:000000000000000d:2, of:000000000000000d:4 -> of:0000000000000006:1",14,1.0,0.5499999999999999,0,not_selected_lower_rank_or_budget,h6,2026-06-17T22:14:49
route_mutation,0.6,0.05,0,20260617T221449_275547,h29,,,1.0,1.0,1.0,h7-h29,"of:0000000000000002:1 -> of:000000000000000b:4, of:000000000000000b:3 -> of:000000000000000d:2, of:000000000000000d:4 -> of:0000000000000006:1",15,1.0,0.5499999999999999,0,not_selected_lower_rank_or_budget,h7,2026-06-17T22:14:49
route_mutation,0.6,0.05,0,20260617T221449_275547,h28,,,1.0,1.0,1.0,h8-h28,"of:0000000000000002:1 -> of:000000000000000b:4, of:000000000000000b:3 -> of:000000000000000d:2, of:000000000000000d:4 -> of:0000000000000006:1",16,1.0,0.5499999999999999,0,not_selected_lower_rank_or_budget,h8,2026-06-17T22:14:49
route_mutation,0.6,0.05,0,20260617T221449_275547,h29,,,1.0,1.0,1.0,h8-h29,"of:0000000000000002:1 -> of:000000000000000b:4, of:000000000000000b:3 -> of:000000000000000d:2, of:000000000000000d:4 -> of:0000000000000006:1",17,1.0,0.5499999999999999,1,selected,h8,2026-06-17T22:14:49
route_mutation,0.5602296,0.05,0,20260617T221449_275547,h28,,,1.0,0.8895266666666667,0.933716,h16-h28,"of:0000000000000004:1 -> of:000000000000000c:4, of:000000000000000c:3 -> of:000000000000000d:3, of:000000000000000d:4 -> of:0000000000000006:1",18,1.0,0.5102296,0,not_selected_lower_rank_or_budget,h16,2026-06-17T22:14:49
route_mutation,0.5602296,0.05,0,20260617T221449_275547,h29,,,1.0,0.8895266666666667,0.933716,h16-h29,"of:0000000000000004:1 -> of:000000000000000c:4, of:000000000000000c:3 -> of:000000000000000d:3, of:000000000000000d:4 -> of:0000000000000006:1",19,1.0,0.5102296,0,not_selected_lower_rank_or_budget,h16,2026-06-17T22:14:49
route_mutation,0.5602296,0.05,0,20260617T221449_275547,h28,,,1.0,0.8895266666666667,0.933716,h18-h28,"of:0000000000000004:1 -> of:000000000000000c:4, of:000000000000000c:3 -> of:000000000000000d:3, of:000000000000000d:4 -> of:0000000000000006:1",20,1.0,0.5102296,0,not_selected_lower_rank_or_budget,h18,2026-06-17T22:14:49
route_mutation,0.5602296,0.05,0,20260617T221449_275547,h29,,,1.0,0.8895266666666667,0.933716,h18-h29,"of:0000000000000004:1 -> of:000000000000000c:4, of:000000000000000c:3 -> of:000000000000000d:3, of:000000000000000d:4 -> of:0000000000000006:1",21,1.0,0.5102296,0,not_selected_lower_rank_or_budget,h18,2026-06-17T22:14:49
route_mutation,0.5602296,0.05,0,20260617T221449_275547,h28,,,1.0,0.8895266666666667,0.933716,h19-h28,"of:0000000000000004:1 -> of:000000000000000c:4, of:000000000000000c:3 -> of:000000000000000d:3, of:000000000000000d:4 -> of:0000000000000006:1",22,1.0,0.5102296,0,not_selected_lower_rank_or_budget,h19,2026-06-17T22:14:49
route_mutation,0.5602296,0.05,0,20260617T221449_275547,h29,,,1.0,0.8895266666666667,0.933716,h19-h29,"of:0000000000000004:1 -> of:000000000000000c:4, of:000000000000000c:3 -> of:000000000000000d:3, of:000000000000000d:4 -> of:0000000000000006:1",23,1.0,0.5102296,0,not_selected_lower_rank_or_budget,h19,2026-06-17T22:14:49
route_mutation,0.5602296,0.05,0,20260617T221449_275547,h29,,,1.0,0.8895266666666667,0.933716,h21-h29,"of:0000000000000004:1 -> of:000000000000000c:4, of:000000000000000c:3 -> of:000000000000000d:3, of:000000000000000d:4 -> of:0000000000000006:1",24,1.0,0.5102296,0,not_selected_lower_rank_or_budget,h21,2026-06-17T22:14:49
route_mutation,0.5602296,0.05,0,20260617T221449_275547,h28,,,1.0,0.8895266666666667,0.933716,h22-h28,"of:0000000000000005:1 -> of:000000000000000c:5, of:000000000000000c:3 -> of:000000000000000d:3, of:000000000000000d:4 -> of:0000000000000006:1",25,1.0,0.5102296,0,not_selected_lower_rank_or_budget,h22,2026-06-17T22:14:49
route_mutation,0.5602296,0.05,0,20260617T221449_275547,h29,,,1.0,0.8895266666666667,0.933716,h22-h29,"of:0000000000000005:1 -> of:000000000000000c:5, of:000000000000000c:3 -> of:000000000000000d:3, of:000000000000000d:4 -> of:0000000000000006:1",26,1.0,0.5102296,0,not_selected_lower_rank_or_budget,h22,2026-06-17T22:14:49
route_mutation,0.5602296,0.05,0,20260617T221449_275547,h28,,,1.0,0.8895266666666667,0.933716,h23-h28,"of:0000000000000005:1 -> of:000000000000000c:5, of:000000000000000c:3 -> of:000000000000000d:3, of:000000000000000d:4 -> of:0000000000000006:1",27,1.0,0.5102296,0,not_selected_lower_rank_or_budget,h23,2026-06-17T22:14:49
route_mutation,0.5602296,0.05,0,20260617T221449_275547,h29,,,1.0,0.8895266666666667,0.933716,h23-h29,"of:0000000000000005:1 -> of:000000000000000c:5, of:000000000000000c:3 -> of:000000000000000d:3, of:000000000000000d:4 -> of:0000000000000006:1",28,1.0,0.5102296,0,not_selected_lower_rank_or_budget,h23,2026-06-17T22:14:49
route_mutation,0.5602296,0.05,0,20260617T221449_275547,h28,,,1.0,0.8895266666666667,0.933716,h26-h28,"of:0000000000000005:1 -> of:000000000000000c:5, of:000000000000000c:3 -> of:000000000000000d:3, of:000000000000000d:4 -> of:0000000000000006:1",29,1.0,0.5102296,0,not_selected_lower_rank_or_budget,h26,2026-06-17T22:14:49
route_mutation,0.5602296,0.05,0,20260617T221449_275547,h29,,,1.0,0.8895266666666667,0.933716,h26-h29,"of:0000000000000005:1 -> of:000000000000000c:5, of:000000000000000c:3 -> of:000000000000000d:3, of:000000000000000d:4 -> of:0000000000000006:1",30,1.0,0.5102296,0,not_selected_lower_rank_or_budget,h26,2026-06-17T22:14:49
route_mutation,0.5602296,0.05,0,20260617T221449_275547,h28,,,1.0,0.8895266666666667,0.933716,h27-h28,"of:0000000000000005:1 -> of:000000000000000c:5, of:000000000000000c:3 -> of:000000000000000d:3, of:000000000000000d:4 -> of:0000000000000006:1",31,1.0,0.5102296,0,not_selected_lower_rank_or_budget,h27,2026-06-17T22:14:49
route_mutation,0.5602296,0.05,0,20260617T221449_275547,h29,,,1.0,0.8895266666666667,0.933716,h27-h29,"of:0000000000000005:1 -> of:000000000000000c:5, of:000000000000000c:3 -> of:000000000000000d:3, of:000000000000000d:4 -> of:0000000000000006:1",32,1.0,0.5102296,0,not_selected_lower_rank_or_budget,h27,2026-06-17T22:14:49
route_mutation,0.5602296,0.05,0,20260617T221449_275547,h31,,,1.0,0.8895266666666667,0.933716,h27-h31,"of:0000000000000005:1 -> of:000000000000000c:5, of:000000000000000c:3 -> of:000000000000000d:3, of:000000000000000d:4 -> of:0000000000000006:1",33,1.0,0.5102296,0,not_selected_lower_rank_or_budget,h27,2026-06-17T22:14:49
route_mutation,0.5602296,0.05,0,20260617T221449_275547,h32,,,1.0,0.8895266666666667,0.933716,h27-h32,"of:0000000000000005:1 -> of:000000000000000c:5, of:000000000000000c:3 -> of:000000000000000d:3, of:000000000000000d:4 -> of:0000000000000006:1",34,1.0,0.5102296,0,not_selected_lower_rank_or_budget,h27,2026-06-17T22:14:49
route_mutation,0.5602296,0.05,0,20260617T221449_275547,h33,,,1.0,0.8895266666666667,0.933716,h27-h33,"of:0000000000000005:1 -> of:000000000000000c:5, of:000000000000000c:3 -> of:000000000000000d:3, of:000000000000000d:4 -> of:0000000000000006:1",35,1.0,0.5102296,0,not_selected_lower_rank_or_budget,h27,2026-06-17T22:14:49
route_mutation,0.5602296,0.05,0,20260617T221449_275547,h34,,,1.0,0.8895266666666667,0.933716,h28-h34,"of:0000000000000006:1 -> of:000000000000000d:4, of:000000000000000d:5 -> of:0000000000000007:1",36,1.0,0.5102296,0,not_selected_lower_rank_or_budget,h28,2026-06-17T22:14:49
route_mutation,0.5602296,0.05,0,20260617T221449_275547,h35,,,1.0,0.8895266666666667,0.933716,h28-h35,"of:0000000000000006:1 -> of:000000000000000d:4, of:000000000000000d:5 -> of:0000000000000007:1",37,1.0,0.5102296,0,not_selected_lower_rank_or_budget,h28,2026-06-17T22:14:49
route_mutation,0.5602296,0.05,0,20260617T221449_275547,h36,,,1.0,0.8895266666666667,0.933716,h28-h36,"of:0000000000000006:1 -> of:000000000000000d:4, of:000000000000000d:5 -> of:0000000000000007:1",38,1.0,0.5102296,0,not_selected_lower_rank_or_budget,h28,2026-06-17T22:14:49
route_mutation,0.5602296,0.05,0,20260617T221449_275547,h37,,,1.0,0.8895266666666667,0.933716,h28-h37,"of:0000000000000006:1 -> of:000000000000000d:4, of:000000000000000d:5 -> of:0000000000000007:1",39,1.0,0.5102296,0,not_selected_lower_rank_or_budget,h28,2026-06-17T22:14:49
route_mutation,0.5602296,0.05,0,20260617T221449_275547,h38,,,1.0,0.8895266666666667,0.933716,h28-h38,"of:0000000000000006:1 -> of:000000000000000d:4, of:000000000000000d:5 -> of:0000000000000007:1",40,1.0,0.5102296,0,not_selected_lower_rank_or_budget,h28,2026-06-17T22:14:49
route_mutation,0.5602296,0.05,0,20260617T221449_275547,h39,,,1.0,0.8895266666666667,0.933716,h28-h39,"of:0000000000000006:1 -> of:000000000000000d:4, of:000000000000000d:5 -> of:0000000000000007:1",41,1.0,0.5102296,0,not_selected_lower_rank_or_budget,h28,2026-06-17T22:14:49
route_mutation,0.5568768000000001,0.05,0,20260617T221449_275547,h34,,,1.0,0.8802133333333334,0.9281280000000001,h27-h34,"of:0000000000000005:1 -> of:000000000000000c:5, of:000000000000000c:3 -> of:000000000000000d:3, of:000000000000000d:5 -> of:0000000000000007:1",42,1.0,0.5068768,0,not_selected_lower_rank_or_budget,h27,2026-06-17T22:14:49
route_mutation,0.5568768000000001,0.05,0,20260617T221449_275547,h35,,,1.0,0.8802133333333334,0.9281280000000001,h27-h35,"of:0000000000000005:1 -> of:000000000000000c:5, of:000000000000000c:3 -> of:000000000000000d:3, of:000000000000000d:5 -> of:0000000000000007:1",43,1.0,0.5068768,0,not_selected_lower_rank_or_budget,h27,2026-06-17T22:14:49
route_mutation,0.5568768000000001,0.05,0,20260617T221449_275547,h36,,,1.0,0.8802133333333334,0.9281280000000001,h27-h36,"of:0000000000000005:1 -> of:000000000000000c:5, of:000000000000000c:3 -> of:000000000000000d:3, of:000000000000000d:5 -> of:0000000000000007:1",44,1.0,0.5068768,0,not_selected_lower_rank_or_budget,h27,2026-06-17T22:14:49
route_mutation,0.5568768000000001,0.05,0,20260617T221449_275547,h37,,,1.0,0.8802133333333334,0.9281280000000001,h27-h37,"of:0000000000000005:1 -> of:000000000000000c:5, of:000000000000000c:3 -> of:000000000000000d:3, of:000000000000000d:5 -> of:0000000000000007:1",45,1.0,0.5068768,0,not_selected_lower_rank_or_budget,h27,2026-06-17T22:14:49
route_mutation,0.5568768000000001,0.05,0,20260617T221449_275547,h38,,,1.0,0.8802133333333334,0.9281280000000001,h27-h38,"of:0000000000000005:1 -> of:000000000000000c:5, of:000000000000000c:3 -> of:000000000000000d:3, of:000000000000000d:5 -> of:0000000000000007:1",46,1.0,0.5068768,0,not_selected_lower_rank_or_budget,h27,2026-06-17T22:14:49
route_mutation,0.5568768000000001,0.05,0,20260617T221449_275547,h39,,,1.0,0.8802133333333334,0.9281280000000001,h27-h39,"of:0000000000000005:1 -> of:000000000000000c:5, of:000000000000000c:3 -> of:000000000000000d:3, of:000000000000000d:5 -> of:0000000000000007:1",47,1.0,0.5068768,0,not_selected_lower_rank_or_budget,h27,2026-06-17T22:14:49
route_mutation,0.3734864,0.05,0,20260617T221449_275547,h29,,,1.0,0.8895266666666667,0.933716,h1-h29,"of:0000000000000006:1 -> of:000000000000000d:4, of:000000000000000d:1 -> of:0000000000000001:3",48,0.6666666666666666,0.3234864,0,not_selected_lower_rank_or_budget,h1,2026-06-17T22:14:49
route_mutation,0.16,0.05,0,20260617T221449_275547,h28,,,1.0,1.0,1.0,h9-h28,"of:0000000000000003:1 -> of:000000000000000b:5, of:000000000000000b:3 -> of:000000000000000d:2, of:000000000000000d:4 -> of:0000000000000006:1",49,0.26666666666666666,0.11,0,not_selected_lower_rank_or_budget,h9,2026-06-17T22:14:49
route_mutation,0.16,0.05,0,20260617T221449_275547,h29,,,1.0,1.0,1.0,h9-h29,"of:0000000000000003:1 -> of:000000000000000b:5, of:000000000000000b:3 -> of:000000000000000d:2, of:000000000000000d:4 -> of:0000000000000006:1",50,0.26666666666666666,0.11,0,not_selected_lower_rank_or_budget,h9,2026-06-17T22:14:49
route_mutation,0.12,0.05,0,20260617T221449_275547,h28,,,1.0,1.0,1.0,h12-h28,"of:0000000000000003:1 -> of:000000000000000b:5, of:000000000000000b:3 -> of:000000000000000d:2, of:000000000000000d:4 -> of:0000000000000006:1",51,0.2,0.06999999999999999,0,not_selected_lower_rank_or_budget,h12,2026-06-17T22:14:49
route_mutation,0.12,0.05,0,20260617T221449_275547,h29,,,1.0,1.0,1.0,h12-h29,"of:0000000000000003:1 -> of:000000000000000b:5, of:000000000000000b:3 -> of:000000000000000d:2, of:000000000000000d:4 -> of:0000000000000006:1",52,0.2,0.06999999999999999,0,not_selected_lower_rank_or_budget,h12,2026-06-17T22:14:49
route_mutation,0.12,0.05,0,20260617T221449_275547,h29,,,1.0,1.0,1.0,h13-h29,"of:0000000000000003:1 -> of:000000000000000b:5, of:000000000000000b:3 -> of:000000000000000d:2, of:000000000000000d:4 -> of:0000000000000006:1",53,0.2,0.06999999999999999,0,not_selected_lower_rank_or_budget,h13,2026-06-17T22:14:49
route_mutation,0.07469727999999999,0.05,0,20260617T221449_275547,h28,,,1.0,0.8895266666666667,0.933716,h17-h28,"of:0000000000000004:1 -> of:000000000000000c:4, of:000000000000000c:3 -> of:000000000000000d:3, of:000000000000000d:4 -> of:0000000000000006:1",54,0.13333333333333333,0.024697279999999988,0,not_selected_lower_rank_or_budget,h17,2026-06-17T22:14:49
route_mutation,0.07469727999999999,0.05,0,20260617T221449_275547,h29,,,1.0,0.8895266666666667,0.933716,h17-h29,"of:0000000000000004:1 -> of:000000000000000c:4, of:000000000000000c:3 -> of:000000000000000d:3, of:000000000000000d:4 -> of:0000000000000006:1",55,0.13333333333333333,0.024697279999999988,0,not_selected_lower_rank_or_budget,h17,2026-06-17T22:14:49
route_mutation,0.037348639999999995,0.05,0,20260617T221449_275547,h28,,,1.0,0.8895266666666667,0.933716,h20-h28,"of:0000000000000004:1 -> of:000000000000000c:4, of:000000000000000c:3 -> of:000000000000000d:3, of:000000000000000d:4 -> of:0000000000000006:1",56,0.06666666666666667,-0.012651360000000007,0,not_selected_non_positive_score,h20,2026-06-17T22:14:49
route_mutation,0.037348639999999995,0.05,0,20260617T221449_275547,h29,,,1.0,0.8895266666666667,0.933716,h20-h29,"of:0000000000000004:1 -> of:000000000000000c:4, of:000000000000000c:3 -> of:000000000000000d:3, of:000000000000000d:4 -> of:0000000000000006:1",57,0.06666666666666667,-0.012651360000000007,0,not_selected_non_positive_score,h20,2026-06-17T22:14:49
route_mutation,0.037348639999999995,0.05,0,20260617T221449_275547,h28,,,1.0,0.8895266666666667,0.933716,h21-h28,"of:0000000000000004:1 -> of:000000000000000c:4, of:000000000000000c:3 -> of:000000000000000d:3, of:000000000000000d:4 -> of:0000000000000006:1",58,0.06666666666666667,-0.012651360000000007,0,not_selected_non_positive_score,h21,2026-06-17T22:14:49
route_mutation,0.037348639999999995,0.05,4,20260617T221449_275547,h28,,,1.0,0.8895266666666667,0.933716,h24-h28,"of:0000000000000005:1 -> of:000000000000000c:5, of:000000000000000c:1 -> of:0000000000000001:2, of:0000000000000001:3 -> of:000000000000000d:1, of:000000000000000d:4 -> of:0000000000000006:1",59,0.06666666666666667,-0.012651360000000007,0,not_selected_non_positive_score,h24,2026-06-17T22:14:49
route_mutation,0.037348639999999995,0.05,4,20260617T221449_275547,h29,,,1.0,0.8895266666666667,0.933716,h24-h29,"of:0000000000000005:1 -> of:000000000000000c:5, of:000000000000000c:1 -> of:0000000000000001:2, of:0000000000000001:3 -> of:000000000000000d:1, of:000000000000000d:4 -> of:0000000000000006:1",60,0.06666666666666667,-0.012651360000000007,0,not_selected_non_positive_score,h24,2026-06-17T22:14:49
route_mutation,0.037348639999999995,0.05,4,20260617T221449_275547,h28,,,1.0,0.8895266666666667,0.933716,h25-h28,"of:0000000000000005:1 -> of:000000000000000c:5, of:000000000000000c:1 -> of:0000000000000001:2, of:0000000000000001:3 -> of:000000000000000d:1, of:000000000000000d:4 -> of:0000000000000006:1",61,0.06666666666666667,-0.012651360000000007,0,not_selected_non_positive_score,h25,2026-06-17T22:14:49
route_mutation,0.037348639999999995,0.05,4,20260617T221449_275547,h29,,,1.0,0.8895266666666667,0.933716,h25-h29,"of:0000000000000005:1 -> of:000000000000000c:5, of:000000000000000c:1 -> of:0000000000000001:2, of:0000000000000001:3 -> of:000000000000000d:1, of:000000000000000d:4 -> of:0000000000000006:1",62,0.06666666666666667,-0.012651360000000007,0,not_selected_non_positive_score,h25,2026-06-17T22:14:49
route_mutation,0.0,0.05,0,20260617T221449_275547,h40,,,1.0,0.8802133333333334,0.9281280000000001,h27-h40,"of:0000000000000005:1 -> of:000000000000000c:5, of:000000000000000c:3 -> of:000000000000000d:3, of:000000000000000d:5 -> of:0000000000000007:1",63,0.0,-0.05,0,not_selected_non_positive_score,h27,2026-06-17T22:14:49
route_mutation,0.0,0.05,0,20260617T221449_275547,h40,,,1.0,0.8895266666666667,0.933716,h28-h40,"of:0000000000000006:1 -> of:000000000000000d:4, of:000000000000000d:5 -> of:0000000000000007:1",64,0.0,-0.05,0,not_selected_non_positive_score,h28,2026-06-17T22:14:49
